Name,Term,ES,NES,NOM p-val,FDR q-val,FWER p-val,Tag %,Gene %,Lead_genes
prerank,RHO GTPases Activate PAKs R-HSA-5627123,-0.7124740908514262,-1.9710056220967016,1.000000e-03,9.661487e-02,7.900000e-02,7/15,10.58%,LIMK1;PKN1;CDC42;ARHGEF7;PKN2;MYL6;CALM1
prerank,Cargo Trafficking To Periciliary Membrane R-HSA-5620920,0.5210044868089705,1.8915122525710695,1.000000e-03,2.899322e-01,2.200000e-01,14/33,18.82%,ARF4;RAB11A;TCP1;ARL13B;CCT3;PTGES2;BBS2;PDE6D;CCT8;CCT4;EXOC1;PRKD2;CCT2;BBS9
prerank,SRP-dependent Cotranslational Protein Targeting To Membrane R-HSA-1799339,-0.5632785109721183,-1.860365176937651,1.724138e-03,2.443135e-01,2.870000e-01,11/28,14.28%,RPN2;SEC61G;SRP72;DDOST;SRP19;SSR4;SEC61B;SRP54;SRP68;SPCS2;RSL24D1
prerank,COPII-mediated Vesicle Transport R-HSA-204005,-0.4791911335800852,-1.8013942538175405,5.145798e-03,3.227899e-01,4.730000e-01,16/52,12.23%,RAB1A;TFG;NAPG;TRAPPC10;STX5;SEC24C;PPP6R1;TRAPPC2L;TRAPPC6A;SEC24B;CSNK1D;TBC1D20;TMED2;SEC24A;SEC13;TRAPPC5
prerank,mRNA 3-End Processing R-HSA-72187,-0.4697167702041883,-1.8008353909129777,1.000000e-03,2.429253e-01,4.750000e-01,18/56,12.36%,U2AF2;RBM8A;ALYREF;MAGOH;WDR33;RNPS1;CPSF7;SLU7;SARNP;THOC7;SRSF9;DDX39A;PABPN1;NCBP1;NUDT21;SRSF5;CPSF6;SRSF2
prerank,Semaphorin Interactions R-HSA-373755,-0.5176165045618604,-1.798305674662382,1.000000e-03,2.007812e-01,4.870000e-01,12/38,14.00%,LIMK1;PKN1;FARP2;ARHGEF7;RHOC;PLXNA4;RNMT;PKN2;MYL6;PLXNA3;TYROBP;CD72
prerank,EPH-Ephrin Signaling R-HSA-2682334,-0.4705541537686664,-1.7404501485604527,1.697793e-03,3.164970e-01,6.980000e-01,13/51,9.58%,LIMK1;NCK2;PKN1;CDC42;GIT1;ARHGEF7;CLTB;YES1;PKN2;EPHA4;APH1A;ARPC2;MYL6
prerank,HIV Elongation Arrest And Recovery R-HSA-167287,-0.5119186732624542,-1.7375285118581116,3.448276e-03,2.793740e-01,7.050000e-01,13/32,18.23%,ELOA;POLR2C;POLR2D;POLR2G;ELOB;ELL;CCNT1;POLR2E;NELFCD;CCNT2;POLR2J;NELFA;CDK9
prerank,Respiratory Electron Transport R-HSA-611105,-0.41260150954533126,-1.7300408898407273,1.000000e-03,2.654133e-01,7.390000e-01,33/90,18.51%,NDUFB7;NDUFA1;NDUFC2;COX7B;UQCRFS1;NDUFA13;UQCR11;COX5B;NDUFB6;NDUFB8;NDUFA12;SDHB;COQ10B;COX6A1;COX19;NDUFB1;SURF1;UQCRQ;NDUFA10;NDUFS6;NDUFB11;LRPPRC;NDUFA9;COX8A;NDUFS3;SDHA;COA1;NDUFV1;COX16;NDUFB9;UQCRC1;NDUFA5;NDUFS8
prerank,Pausing And Recovery Of Tat-mediated HIV Elongation R-HSA-167238,-0.511293236717367,-1.7202359177604953,8.576329e-03,2.612180e-01,7.660000e-01,12/30,18.23%,ELOA;POLR2C;POLR2D;POLR2G;ELOB;ELL;CCNT1;POLR2E;NELFCD;POLR2J;NELFA;CDK9
prerank,Interleukin-12 Family Signaling R-HSA-447115,0.45393605898774775,1.7126920095698468,4.504505e-03,8.727550e-01,7.520000e-01,12/41,7.89%,HNRNPF;S100A9;STAT3;STAT4;SOD1;CAPZA1;TCP1;IFNG;IL27RA;HNRNPA2B1;RALA;RAP1B
prerank,TP53 Regulates Transcription Of Cell Death Genes R-HSA-5633008,-0.5192546340812438,-1.7124276789327728,7.434944e-03,2.567512e-01,8.050000e-01,7/28,9.63%,BCL6;RABGGTA;CREBBP;FASN;BBC3;TRIAP1;PIDD1
prerank,CD28 Co-Stimulation R-HSA-389356,-0.5123146984359904,-1.703329205391292,6.980803e-03,2.569330e-01,8.230000e-01,11/28,14.59%,MAP3K8;PKN1;CDC42;AKT1;ARHGEF7;YES1;PKN2;PIK3R1;MAPKAP1;LYN;MLST8
prerank,Collagen Formation R-HSA-1474290,-0.543863518512277,-1.7032959754745323,1.291513e-02,2.357070e-01,8.240000e-01,10/21,21.44%,PPIB;P4HB;CTSS;CD151;P3H1;PCOLCE;COL6A2;PLOD1;PLEC;COL18A1
prerank,mRNA Splicing - Major Pathway R-HSA-72163,-0.3685953650470973,-1.6948427296302295,1.000000e-03,2.359419e-01,8.460000e-01,54/177,17.98%,SF3B6;U2AF2;RBM8A;ALYREF;MAGOH;SRSF10;CRNKL1;RBM5;WDR33;SNRNP27;CWC25;PHF5A;EFTUD2;U2SURP;RNPS1;SNW1;SYF2;CPSF7;BUD31;CWC15;SLU7;SNRPB2;PTBP1;TRA2B;POLR2C;SMNDC1;HNRNPH1;POLR2D;SRSF9;POLR2G;PQBP1;CTNNBL1;HNRNPL;PABPN1;NCBP1;TFIP11;SNRPC;NUDT21;SRSF5;CPSF6;SRSF2;POLR2E;CDC5L;PCBP1;SF3A2;HNRNPM;PPIH;CPSF1;SRRM2;POLR2J;SNU13;SRRM1;HNRNPUL1;SF3B2
prerank,Gene And Protein Expression By JAK-STAT Signaling After Interleukin-12 Stimulation R-HSA-8950505,0.476597950258535,1.6916272220586777,6.535948e-03,7.145461e-01,8.140000e-01,10/30,7.89%,HNRNPF;S100A9;STAT4;SOD1;CAPZA1;TCP1;IFNG;HNRNPA2B1;RALA;RAP1B
prerank,RNA Polymerase II Transcription Termination R-HSA-73856,-0.4256180980128959,-1.6804105438399068,3.412969e-03,2.551807e-01,8.770000e-01,18/64,12.36%,U2AF2;RBM8A;ALYREF;MAGOH;WDR33;RNPS1;CPSF7;SLU7;SARNP;THOC7;SRSF9;DDX39A;PABPN1;NCBP1;NUDT21;SRSF5;CPSF6;SRSF2
prerank,Nonhomologous End-Joining (NHEJ) R-HSA-5693571,0.44774203193703155,1.6766278571557427,1.173709e-02,6.098719e-01,8.430000e-01,17/40,22.82%,XRCC5;TDP2;H2BC15;PRKDC;XRCC6;TDP1;HERC2;MDC1;LRIF1;MRE11;POLM;RNF8;POLL;H2BC9;ATM;H2BC12;NSD2
prerank,Formation Of HIV Elongation Complex In Absence Of HIV Tat R-HSA-167152,-0.4541681886101579,-1.6731802520120032,4.975124e-03,2.553446e-01,8.920000e-01,17/44,18.23%,ELOA;ERCC3;POLR2C;POLR2D;POLR2G;ELOB;NCBP1;MNAT1;ELL;CCNT1;POLR2E;CDK7;NELFCD;CCNT2;POLR2J;NELFA;CDK9
prerank,mRNA Splicing R-HSA-72172,-0.3607586680261937,-1.672747706298269,1.000000e-03,2.404961e-01,8.920000e-01,56/185,17.98%,SF3B6;U2AF2;RBM8A;ALYREF;MAGOH;SRSF10;CRNKL1;RBM5;WDR33;SNRNP27;CWC25;PHF5A;EFTUD2;U2SURP;RNPS1;SNW1;SYF2;CPSF7;BUD31;CWC15;SLU7;SNRPB2;PTBP1;TRA2B;POLR2C;SMNDC1;HNRNPH1;POLR2D;SRSF9;POLR2G;PQBP1;CTNNBL1;HNRNPL;PABPN1;NCBP1;TFIP11;SNRPC;NUDT21;SRSF5;CPSF6;ZCRB1;SRSF2;POLR2E;SNRNP25;CDC5L;PCBP1;SF3A2;HNRNPM;PPIH;CPSF1;SRRM2;POLR2J;SNU13;SRRM1;HNRNPUL1;SF3B2
prerank,G0 And Early G1 R-HSA-1538133,0.5745848504441353,1.6717793423200917,1.716738e-02,5.095368e-01,8.520000e-01,5/16,7.46%,HDAC1;RBL2;RBBP4;MAX;E2F4
prerank,Formation Of Tubulin Folding Intermediates By CCT/TriC R-HSA-389960,0.5734324206182313,1.6706255258088207,1.818182e-02,4.279951e-01,8.530000e-01,10/16,17.76%,TUBA1A;TCP1;CCT3;CCT6A;CCT8;CCT7;TUBB;CCT4;TUBA1C;CCT2
prerank,Complex I Biogenesis R-HSA-6799198,-0.4465022601078467,-1.6693795369548192,3.407155e-03,2.340575e-01,8.950000e-01,18/51,18.51%,NDUFB7;NDUFA1;NDUFC2;NDUFA13;NDUFB6;NDUFB8;NDUFA12;NDUFB1;NDUFA10;NDUFS6;NDUFB11;NDUFA9;NDUFS3;COA1;NDUFV1;NDUFB9;NDUFA5;NDUFS8
prerank,Collagen Biosynthesis And Modifying Enzymes R-HSA-1650814,-0.5658666842889644,-1.6544687882988578,1.883239e-02,2.551718e-01,9.280000e-01,7/16,21.44%,PPIB;P4HB;P3H1;PCOLCE;COL6A2;PLOD1;COL18A1
prerank,Mitochondrial Protein Import R-HSA-1268020,-0.42294935226347674,-1.6541885893314234,3.442341e-03,2.422678e-01,9.280000e-01,24/62,21.64%,GFER;GRPEL2;TIMM17A;ATP5MC1;TIMM8B;TIMM23;BCS1L;MTX1;FXN;CS;NDUFB8;TOMM22;COX19;GRPEL1;CHCHD5;TIMM8A;TIMM22;TOMM5;TOMM40;TIMM21;PMPCA;IDH3G;CHCHD2;VDAC1
prerank,Signaling By FGFR2 IIIa TM R-HSA-8851708,-0.5722383316519029,-1.6480805059501507,1.423488e-02,2.314103e-01,9.330000e-01,6/16,17.00%,POLR2C;POLR2D;POLR2G;NCBP1;POLR2E;POLR2J
prerank,FGFR2 Mutant Receptor Activation R-HSA-1839126,-0.5722383316519029,-1.6480805059501507,1.423488e-02,2.314103e-01,9.330000e-01,6/16,17.00%,POLR2C;POLR2D;POLR2G;NCBP1;POLR2E;POLR2J
prerank,Formation Of HIV-1 Elongation Complex Containing HIV-1 Tat R-HSA-167200,-0.4514966878371103,-1.6435256268114817,8.333333e-03,2.309873e-01,9.420000e-01,16/42,18.23%,ELOA;ERCC3;POLR2C;POLR2D;POLR2G;ELOB;NCBP1;MNAT1;ELL;CCNT1;POLR2E;CDK7;NELFCD;POLR2J;NELFA;CDK9
prerank,VEGFR2 Mediated Vascular Permeability R-HSA-5218920,-0.5425265968094783,-1.6352986225661252,1.296296e-02,2.394368e-01,9.570000e-01,8/20,14.59%,PKN1;AKT1;ARHGEF7;PKN2;CALM1;MAPKAP1;VAV3;MLST8
prerank,RHOJ GTPase Cycle R-HSA-9013409,-0.4598140182907351,-1.6329594096212896,5.102041e-03,2.337173e-01,9.590000e-01,16/38,16.50%,PKN1;CDC42;GIT1;LAMTOR1;ARHGEF7;ARHGAP21;PREX1;CPNE8;PKN2;ARHGAP26;PIK3R1;ARHGAP5;WIPF2;TRIO;OPHN1;VANGL1
prerank,Signaling By FGFR3 R-HSA-5654741,-0.5185360091161119,-1.6316613041657733,1.630435e-02,2.269006e-01,9.630000e-01,8/24,9.14%,NRAS;GALNT3;SPRY2;PPP2CA;PPP2CB;PIK3R1;MKNK1;UBB
prerank,NR1H2 And NR1H3-mediated Signaling R-HSA-9024446,-0.5006157984381477,-1.6316261370195557,1.441441e-02,2.183018e-01,9.630000e-01,9/28,15.80%,FASN;NCOA1;MYLIP;TNRC6A;AGO4;ARL4C;AGO2;SREBF1;TBL1X
prerank,"Respiratory Electron Transport, ATP Synthesis By Chemiosmotic Coupling, Heat Production By Uncoupling Proteins R-HSA-163200",-0.376144130949955,-1.6225080058894914,1.602564e-03,2.276557e-01,9.730000e-01,36/108,18.51%,ATP5MC1;NDUFB7;NDUFA1;NDUFC2;COX7B;UQCRFS1;NDUFA13;UQCR11;COX5B;NDUFB6;NDUFB8;NDUFA12;SDHB;COQ10B;COX6A1;COX19;NDUFB1;ATP5ME;SURF1;UQCRQ;NDUFA10;NDUFS6;NDUFB11;LRPPRC;NDUFA9;COX8A;NDUFS3;SDHA;COA1;DMAC2L;NDUFV1;COX16;NDUFB9;UQCRC1;NDUFA5;NDUFS8
prerank,"Antigen Presentation: Folding, Assembly, Peptide Loading Of Class I MHC R-HSA-983170",-0.5040118208459422,-1.6186007888320788,1.604278e-02,2.280127e-01,9.760000e-01,14/25,25.94%,SEC24C;CALR;SEC24B;BECN1;PDIA3;SEC24A;SEC13;TAPBP;ATG14;HSPA5;HLA-F;HLA-B;HLA-E;ERAP1
prerank,Signaling By FGFR R-HSA-190236,-0.43428178969610226,-1.6185906553774954,8.532423e-03,2.201502e-01,9.760000e-01,19/50,18.49%,NRAS;GALNT3;SPRY2;PPP2CA;PTBP1;POLR2C;HNRNPH1;POLR2D;POLR2G;PPP2CB;NCBP1;PIK3R1;MKNK1;UBB;POLR2E;HNRNPM;BRAF;POLR2J;SHC1
prerank,Extracellular Matrix Organization R-HSA-1474244,-0.3948548698287258,-1.6144508616486277,6.622517e-03,2.209186e-01,9.790000e-01,30/79,22.27%,CAPN15;PPIB;TGFB1;FURIN;TIMP1;CTSD;CAPN12;ITGAE;NCAM1;CASP3;PRKCA;P4HB;ITGAM;CTSS;CASK;ITGAD;CD151;LMNB2;CAPN2;P3H1;ICAM3;PCOLCE;COL6A2;ITGAL;PLOD1;PLEC;SPARC;ADAMTS1;COL18A1;ICAM1
prerank,Association Of TriC/CCT With Target Proteins During Biosynthesis R-HSA-390471,0.4544007790156956,1.6073254279260984,1.170960e-02,6.164530e-01,9.490000e-01,15/30,22.56%,USP11;STAT3;TCP1;CCT3;LONP2;CCT6A;DCAF7;WRAP53;FBXO4;CCT8;CCT7;CCT4;CCT2;TP53;NOP56
prerank,Downregulation Of TGF-beta Receptor Signaling R-HSA-2173788,0.4846969227517127,1.5928282362742858,2.702703e-02,6.023700e-01,9.580000e-01,10/22,18.91%,UCHL5;TGFBR2;XPO1;PPP1CB;MTMR4;SMAD3;SRFBP1;PPP1R15A;PPP1CC;UBC
prerank,Costimulation By CD28 Family R-HSA-388841,-0.42390515606735146,-1.5761894300540986,6.956522e-03,2.969376e-01,9.940000e-01,16/49,14.82%,MAP3K8;PKN1;CDC42;AKT1;HLA-DRB5;ARHGEF7;PPP2CA;YES1;PPP2CB;PKN2;CD3D;PIK3R1;MAPKAP1;LYN;MLST8;HLA-DRB1
prerank,Processing Of Capped Intron-Containing Pre-mRNA R-HSA-72203,-0.3290709371871782,-1.5734127807281488,1.000000e-03,2.948072e-01,9.950000e-01,67/235,18.71%,SF3B6;U2AF2;RBM8A;ALYREF;MAGOH;SRSF10;CRNKL1;RBM5;WDR33;SNRNP27;CWC25;PHF5A;EFTUD2;U2SURP;RNPS1;SNW1;SYF2;CPSF7;BUD31;CWC15;SLU7;SNRPB2;PTBP1;TRA2B;SARNP;POLR2C;SMNDC1;NUP54;HNRNPH1;POLR2D;THOC7;SRSF9;POLR2G;PQBP1;DDX39A;CTNNBL1;HNRNPL;PABPN1;NUP133;NCBP1;TFIP11;SNRPC;SEH1L;NUDT21;SRSF5;SEC13;CPSF6;ZCRB1;SRSF2;POLR2E;SNRNP25;CDC5L;PCBP1;SF3A2;NXT1;HNRNPM;PPIH;CPSF1;SRRM2;POLR2J;POM121;SNU13;SRRM1;HNRNPUL1;SF3B2;ZRSR2;METTL3
prerank,Signaling By ROBO Receptors R-HSA-376176,-0.3695459035724279,-1.5729161598476087,5.033557e-03,2.866813e-01,9.950000e-01,34/98,20.98%,NCK2;PKN1;RBM8A;CDC42;MAGOH;ARHGEF7;RNPS1;SOS2;PSMF1;MYO9B;PSMD6;PSMB6;ELOB;PKN2;PRKCA;ZSWIM8;NCBP1;PRKAR2A;UBB;PSME4;USP33;RSL24D1;PSMA1;PSME2;PSMB3;EVL;PSME1;PSMD9;PFN1;ROBO3;ETF1;PSMC2;PSMD7;PSMC3
prerank,CD209 (DC-SIGN) Signaling R-HSA-5621575,-0.5586802178011085,-1.5708461640196807,4.681648e-02,2.825936e-01,9.950000e-01,10/16,18.89%,PKN1;NRAS;ARHGEF7;CREBBP;PKN2;PRKCA;NFKB1;LYN;ICAM3;RELB
prerank,G Alpha (Z) Signaling Events R-HSA-418597,-0.5080056542463787,-1.5669749669356634,1.989150e-02,2.820393e-01,9.970000e-01,9/22,16.32%,GNAS;GNB1;ADCY7;GNGT2;PRKCA;PRKCB;RGS16;ADCY9;GNAI2
prerank,RHOV GTPase Cycle R-HSA-9013424,-0.4646697766011568,-1.5653516439865967,2.925046e-02,2.778449e-01,9.970000e-01,8/31,9.06%,NCK2;PKN1;CDC42;GIT1;ARHGEF7;PKN2;PIK3R1;TPM3
prerank,Signaling By FGFR2 R-HSA-5654738,-0.4236697477472715,-1.5617963185816357,1.381693e-02,2.782592e-01,9.980000e-01,18/48,18.49%,NRAS;SPRY2;PPP2CA;PTBP1;POLR2C;HNRNPH1;POLR2D;POLR2G;PPP2CB;NCBP1;PIK3R1;MKNK1;UBB;POLR2E;HNRNPM;BRAF;POLR2J;SHC1
prerank,Regulation Of Necroptotic Cell Death R-HSA-5675482,-0.482015556734266,-1.5613092899777836,2.797203e-02,2.721640e-01,9.980000e-01,9/26,18.59%,FLOT1;FASN;BIRC2;UBB;MLKL;CDC37;RIPK3;BIRC3;OGT
prerank,E3 Ubiquitin Ligases Ubiquitinate Target Proteins R-HSA-8866654,0.3993634152651229,1.5585478997026823,9.975062e-03,6.977344e-01,9.800000e-01,30/47,33.26%,UBE2D2;SHPRH;RRAGA;PAF1;H2BC15;PRKDC;RNF20;CTR9;UBE2B;VCP;CDC73;PEX14;SELENOS;UBC;LEO1;RAD18;H2BC9;H2BC12;UBE2J2;HLTF;TMEM129;UBE2V2;UBE2E1;PEX2;H2BC11;UBA52;PEX5;UBE2A;UBE2L3;UBE2D3
prerank,Nuclear Events Stimulated By ALK Signaling In Cancer R-HSA-9725371,0.527216744356623,1.5504702416227194,3.921569e-02,6.656606e-01,9.830000e-01,6/15,13.64%,STAT3;STAT5A;MECP2;CLTC;NPM1;RBX1
prerank,Abortive Elongation Of HIV-1 Transcript In Absence Of Tat R-HSA-167242,-0.4897060635636834,-1.5503621554312133,3.614458e-02,2.895314e-01,9.990000e-01,9/23,21.31%,POLR2C;POLR2D;POLR2G;NCBP1;POLR2E;NELFCD;POLR2J;NELFA;NELFB
prerank,RHOG GTPase Cycle R-HSA-9013408,-0.40993235135547507,-1.5455745206010332,8.620690e-03,2.932872e-01,9.990000e-01,19/50,17.91%,ARHGDIA;CDC42;STX5;LAMTOR1;ARHGAP21;PREX1;PKN2;PIK3R1;ARHGAP5;PGRMC2;HSPE1;NDUFS3;TRIO;VAV3;DOCK2;OPHN1;VANGL1;VRK2;NDUFA5
prerank,Interleukin-12 Signaling R-HSA-9020591,0.42409293964005207,1.5433914249416083,2.288330e-02,6.345772e-01,9.850000e-01,10/36,7.89%,HNRNPF;S100A9;STAT4;SOD1;CAPZA1;TCP1;IFNG;HNRNPA2B1;RALA;RAP1B
prerank,Ca2+ Pathway R-HSA-4086398,-0.4406949114922382,-1.5369588469326865,2.203390e-02,3.066378e-01,1.000000e+00,14/36,18.93%,NRAS;TCF7;GNB1;GNGT2;PRKCA;TNRC6A;AGO4;AGO2;CALM1;NFATC1;PDE6G;PLCB1;PLCB2;PDE6B
prerank,Post NMDA Receptor Activation Events R-HSA-438064,-0.4591382281111314,-1.5282948782888415,3.102190e-02,3.207540e-01,1.000000e+00,9/27,13.10%,NRAS;GIT1;ARHGEF7;PRKAG1;KPNA2;PRKCA;PRKAR2A;CALM1;PRKAG2
prerank,mRNA Capping R-HSA-72086,-0.45966670113055896,-1.5279365756493404,3.490401e-02,3.139919e-01,1.000000e+00,10/29,17.00%,ERCC3;POLR2C;POLR2D;POLR2G;RNMT;NCBP1;MNAT1;POLR2E;CDK7;POLR2J
prerank,Degradation Of Extracellular Matrix R-HSA-1474228,-0.47260889729401456,-1.5267183589333035,2.309059e-02,3.095310e-01,1.000000e+00,7/28,10.39%,CAPN15;FURIN;TIMP1;CTSD;CAPN12;CASP3;CTSS
prerank,Negative Regulation Of FGFR4 Signaling R-HSA-5654733,-0.5507542624977529,-1.5242714841977743,5.576208e-02,2.949719e-01,1.000000e+00,6/15,15.18%,SPRY2;PPP2CA;PPP2CB;MKNK1;UBB;BRAF
prerank,Negative Regulation Of FGFR2 Signaling R-HSA-5654727,-0.5507542624977529,-1.5242714841977743,5.576208e-02,2.949719e-01,1.000000e+00,6/15,15.18%,SPRY2;PPP2CA;PPP2CB;MKNK1;UBB;BRAF
prerank,Negative Regulation Of FGFR3 Signaling R-HSA-5654732,-0.5507542624977529,-1.5242714841977743,5.576208e-02,2.949719e-01,1.000000e+00,6/15,15.18%,SPRY2;PPP2CA;PPP2CB;MKNK1;UBB;BRAF
prerank,Sema4D In Semaphorin Signaling R-HSA-400685,-0.5386001232421751,-1.5204534368583167,4.078014e-02,2.979421e-01,1.000000e+00,4/16,9.58%,LIMK1;RHOC;RNMT;MYL6
prerank,EPHB-mediated Forward Signaling R-HSA-3928662,-0.4832108212211296,-1.5130864008060039,4.737733e-02,3.090633e-01,1.000000e+00,6/23,13.18%,LIMK1;PKN1;CDC42;YES1;ARPC2;LYN
prerank,Signaling By FGFR2 In Disease R-HSA-5655253,-0.4652774797268166,-1.5114571613372165,4.114490e-02,3.065023e-01,1.000000e+00,8/25,17.00%,NRAS;POLR2C;POLR2D;POLR2G;NCBP1;PIK3R1;POLR2E;POLR2J
prerank,Macroautophagy R-HSA-1632852,-0.3585722139337936,-1.511140513435495,1.543210e-02,3.013199e-01,1.000000e+00,30/101,14.95%,MAP1LC3B;WDR45B;LAMTOR1;CSNK2B;ULK1;CHMP4B;LAMTOR4;DYNLL2;PRKAG1;ATG7;CHMP2B;TOMM22;GABARAPL1;ATG4D;DYNC1LI1;BECN1;UBB;DYNC1LI2;CSNK2A2;WIPI1;LAMTOR5;ATG4B;PGAM5;USP30;PRKAG2;TOMM5;PINK1;MLST8;CHMP2A;ATG14
prerank,"BMAL1:CLOCK,NPAS2 Activates Circadian Gene Expression R-HSA-1368108",-0.52259243504938,-1.5109033417771554,4.275093e-02,2.960165e-01,1.000000e+00,6/16,15.80%,CREBBP;NCOA1;CARM1;BMAL1;NOCT;TBL1X
prerank,RHOQ GTPase Cycle R-HSA-9013406,-0.4226781738528419,-1.507075413215627,3.045685e-02,2.987078e-01,1.000000e+00,12/39,9.31%,PKN1;CDC42;GIT1;LAMTOR1;ARHGEF7;ARHGAP21;PREX1;CPNE8;RHOQ;PKN2;ARHGAP26;ARHGAP5
prerank,G-protein Beta:Gamma Signaling R-HSA-397795,-0.4942642015418534,-1.506372722522263,4.521739e-02,2.946363e-01,1.000000e+00,5/20,5.86%,PKN1;CDC42;AKT1;GNB1;GNGT2
prerank,Cilium Assembly R-HSA-5617833,0.31332119044253137,1.5061682270519057,1.000000e-03,7.522317e-01,9.950000e-01,40/138,17.76%,CEP57;TUBA1A;CKAP5;ARF4;TRIP11;CEP250;RAB11A;TCP1;ARL13B;CCT3;KIF3B;HAUS1;CNTRL;IFT57;HAUS4;PTGES2;CEP290;SEPTIN2;BBS2;PDE6D;DYNLL1;PCNT;HDAC6;CCT8;SCLT1;TMEM216;TUBB;CCT4;IFT27;CEP78;DYNC2I1;EXOC1;CEP162;CDK5RAP2;SFI1;CEP89;PRKD2;PAFAH1B1;DYNC2H1;CCT2
prerank,Activation Of NMDA Receptors And Postsynaptic Events R-HSA-442755,-0.44246170970013304,-1.5059397574770896,3.417266e-02,2.901475e-01,1.000000e+00,10/30,13.10%,NRAS;GIT1;ARHGEF7;PRKAG1;KPNA2;PRKCA;PRKAR2A;CALM1;CASK;PRKAG2
prerank,RHO GTPases Activate ROCKs R-HSA-5627117,-0.5423235022368172,-1.5031195153044987,4.512635e-02,2.912922e-01,1.000000e+00,4/16,9.58%,LIMK1;PKN1;RHOC;MYL6
prerank,Class B/2 (Secretin Family Receptors) R-HSA-373080,-0.5122107847170287,-1.4982041259467267,3.169014e-02,2.960401e-01,1.000000e+00,6/18,15.70%,GNAS;GNB1;VIPR2;GNGT2;PTRH2;PTCH2
prerank,Signaling By FGFR4 R-HSA-5654743,-0.47789886430298223,-1.4855149450363807,4.059041e-02,3.200200e-01,1.000000e+00,7/23,9.14%,NRAS;SPRY2;PPP2CA;PPP2CB;PIK3R1;MKNK1;UBB
prerank,CDC42 GTPase Cycle R-HSA-9013148,-0.3540031881807767,-1.4826023591362865,7.911392e-03,3.214849e-01,1.000000e+00,19/88,10.33%,ARHGAP4;PKN1;ARHGDIA;CDC42;GIT1;LAMTOR1;ARHGEF7;PLEKHG2;ARHGAP21;PREX1;CPNE8;GNA13;MYO9B;PKN2;ARHGAP26;PIK3R1;ARHGAP5;ARHGAP9;WIPF2
prerank,Transcription Of HIV Genome R-HSA-167172,-0.37359603854336393,-1.4819071177774044,1.495017e-02,3.178666e-01,1.000000e+00,22/66,18.23%,ELOA;TAF11;TAF10;ERCC3;POLR2C;POLR2D;POLR2G;ELOB;RNMT;TAF15;NCBP1;MNAT1;ELL;TAF4;CCNT1;POLR2E;CDK7;NELFCD;CCNT2;POLR2J;NELFA;CDK9
prerank,Platelet Aggregation (Plug Formation) R-HSA-76009,0.48219039313704065,1.4716890897489858,5.947137e-02,8.838412e-01,9.970000e-01,8/18,18.65%,RASGRP1;RASGRP2;CRK;APBB1IP;RAP1B;PTPN1;CSK;RAP1A
prerank,Transport Of Mature mRNA Derived From An Intron-Containing Transcript R-HSA-159236,-0.3695977387546976,-1.4702649609101837,1.906412e-02,3.399452e-01,1.000000e+00,17/71,12.36%,U2AF2;RBM8A;ALYREF;MAGOH;RNPS1;SLU7;SARNP;NUP54;THOC7;SRSF9;DDX39A;NUP133;NCBP1;SEH1L;SRSF5;SEC13;SRSF2
prerank,Autophagy R-HSA-9612973,-0.3432016713999679,-1.4697222671273262,1.946108e-02,3.356086e-01,1.000000e+00,32/111,14.95%,MAP1LC3B;WDR45B;LAMTOR1;VPS37B;CSNK2B;ULK1;CHMP4B;LAMTOR4;DYNLL2;PRKAG1;ATG7;CHMP2B;TOMM22;GABARAPL1;ATG4D;DYNC1LI1;BECN1;UBB;DYNC1LI2;CSNK2A2;WIPI1;UBAP1;LAMTOR5;ATG4B;PGAM5;USP30;PRKAG2;TOMM5;PINK1;MLST8;CHMP2A;ATG14
prerank,Integrin Signaling R-HSA-354192,0.5035127912571542,1.4691742531426453,6.516854e-02,8.344153e-01,9.970000e-01,8/16,18.65%,RASGRP1;RASGRP2;CRK;APBB1IP;RAP1B;PTPN1;CSK;RAP1A
prerank,RAB Geranylgeranylation R-HSA-8873719,-0.4200655263749593,-1.4636096278410624,4.006969e-02,3.461460e-01,1.000000e+00,14/37,22.12%,RAB5C;RAB1A;RABGGTA;RAB14;RAB2A;PTP4A2;RABGGTB;RAB22A;RAB4A;RAB30;RAB21;RAB18;RAB27B;RAB40B
prerank,Signaling By FGFR1 R-HSA-5654736,-0.4625828489652888,-1.4601748644637884,4.981550e-02,3.488408e-01,1.000000e+00,7/24,9.14%,NRAS;SPRY2;PPP2CA;PPP2CB;PIK3R1;MKNK1;UBB
prerank,Negative Regulation Of FGFR1 Signaling R-HSA-5654726,-0.5210138514186808,-1.4588838977391303,6.378987e-02,3.468226e-01,1.000000e+00,6/16,15.18%,SPRY2;PPP2CA;PPP2CB;MKNK1;UBB;BRAF
prerank,G Alpha (12/13) Signaling Events R-HSA-416482,-0.42632203627084697,-1.454603658669505,4.317789e-02,3.515287e-01,1.000000e+00,13/35,16.49%,GNB1;ARHGEF7;PLEKHG2;RHOC;PREX1;SOS2;GNA13;GNGT2;TRIO;VAV3;ARHGEF1;GNA12;ARHGEF10
prerank,RIP-mediated NFkB Activation Via ZBP1 R-HSA-1810476,-0.5086271849381447,-1.453561451106453,6.666667e-02,3.489506e-01,1.000000e+00,5/16,15.05%,ZBP1;NFKBIB;NFKB1;IKBKB;RIPK3
prerank,VxPx Cargo-Targeting To Cilium R-HSA-5620916,0.49809768943901733,1.4521603761624822,7.234043e-02,8.670352e-01,9.980000e-01,5/15,17.37%,ARF4;RAB11A;PTGES2;EXOC1;PRKD2
prerank,DARPP-32 Events R-HSA-180024,0.4544406618307826,1.449065086642007,7.095344e-02,8.302267e-01,9.990000e-01,5/20,1.89%,PPP3CB;PRKACB;PRKAR1A;PPP3CC;PPP2R5D
prerank,Beta-catenin Independent WNT Signaling R-HSA-3858494,-0.33483965845019403,-1.4488190436046111,1.889764e-02,3.550221e-01,1.000000e+00,37/105,22.76%,NRAS;TCF7;RYK;GNB1;CLTB;PSMF1;GNGT2;PSMD6;PSMB6;PRKCA;TNRC6A;AGO4;UBB;AGO2;PSME4;CALM1;PRKCB;NFATC1;PDE6G;PSMA1;PSME2;PLCB1;PSMB3;PSME1;SMURF1;PLCB2;PSMD9;PFN1;AP2A1;PDE6B;PSMC2;PSMD7;PSMC3;AP2M1;ARRB2;ITPR3;AP2A2
prerank,Neurotransmitter Release Cycle R-HSA-112310,0.494348264640107,1.4430286885566643,7.709251e-02,8.126156e-01,9.990000e-01,8/16,16.31%,ARL6IP5;SLC1A7;LIN7B;HSPA8;ABAT;PPFIA1;VAMP2;SH2D3C
prerank,G2/M DNA Damage Checkpoint R-HSA-69473,0.36215828529592387,1.440906670658935,4.347826e-02,7.778954e-01,9.990000e-01,20/52,22.82%,H2BC15;RPA3;RFC5;RFC4;YWHAZ;YWHAB;YWHAH;HERC2;MDC1;RAD17;ATRIP;YWHAQ;MRE11;RNF8;REXO2;H2BC9;TP53;ATM;H2BC12;NSD2
prerank,NR1H3 And NR1H2 Regulate Gene Expression Linked To Cholesterol Transport And Efflux R-HSA-9029569,-0.455886411765085,-1.4380385069262243,5.234657e-02,3.762717e-01,1.000000e+00,12/24,31.84%,NCOA1;TNRC6A;AGO4;ARL4C;AGO2;TBL1X;GPS2;NR1H3;EP300;NCOR1;NCOR2;TNRC6C
prerank,RNA Pol II CTD Phosphorylation And Interaction With CE R-HSA-77075,-0.44162733927172027,-1.4374850271487654,6.968641e-02,3.720545e-01,1.000000e+00,9/27,17.00%,ERCC3;POLR2C;POLR2D;POLR2G;RNMT;MNAT1;POLR2E;CDK7;POLR2J
prerank,Diseases Associated With O-glycosylation Of Proteins R-HSA-3906995,-0.49133350377819324,-1.4370809081499833,7.218310e-02,3.676902e-01,1.000000e+00,5/17,10.62%,GALNT3;NOTCH1;POMT1;LFNG;ADAMTS10
prerank,Transport Of Mature Transcript To Cytoplasm R-HSA-72202,-0.3528573079999851,-1.433560667989286,1.533220e-02,3.717451e-01,1.000000e+00,18/80,12.36%,U2AF2;RBM8A;ALYREF;MAGOH;WDR33;RNPS1;SLU7;SARNP;NUP54;THOC7;SRSF9;DDX39A;NUP133;NCBP1;SEH1L;SRSF5;SEC13;SRSF2
prerank,Chondroitin Sulfate/Dermatan Sulfate Metabolism R-HSA-1793185,-0.45623068754663765,-1.4313357187900815,7.076350e-02,3.719923e-01,1.000000e+00,10/23,24.09%,CHST7;CHSY1;UST;B3GALT6;IDS;XYLT1;B3GAT3;CHST11;DSE;B4GALT7
prerank,Iron Uptake And Transport R-HSA-917937,-0.41388065508794786,-1.4311057527985815,4.895105e-02,3.676107e-01,1.000000e+00,10/37,13.47%,FTL;FTH1;TCIRG1;ATP6V1H;ACO1;CAND1;ATP6V0C;UBB;FBXL5;ATP6V1G1
prerank,Glycosaminoglycan Metabolism R-HSA-1630316,-0.3734896943493792,-1.4285004922360105,4.123711e-02,3.689874e-01,1.000000e+00,21/56,24.09%,CHST7;CHSY1;B3GNT7;B3GNT2;SLC35D2;B4GALT4;UST;B3GALT6;SLC9A1;IDS;EXT1;XYLT1;HS6ST1;B3GAT3;PAPSS1;B4GALT1;NAGLU;CHORDC1;CHST11;DSE;B4GALT7
prerank,ER To Golgi Anterograde Transport R-HSA-199977,-0.33362149069492497,-1.4266448339612365,2.843602e-02,3.688812e-01,1.000000e+00,23/107,12.23%,RAB1A;TFG;NAPG;TRAPPC10;STX5;SEC24C;PPP6R1;DCTN4;TRAPPC2L;TRAPPC6A;DYNLL2;SEC24B;CSNK1D;COG3;DCTN3;TBC1D20;TMED2;DYNC1LI1;DYNC1LI2;CAPZA2;SEC24A;SEC13;TRAPPC5
prerank,Citric Acid (TCA) Cycle And Respiratory Electron Transport R-HSA-1428517,-0.3183452781495663,-1.4265395155700324,9.389671e-03,3.643501e-01,1.000000e+00,40/146,18.51%,ATP5MC1;NDUFB7;NDUFA1;NDUFC2;CS;COX7B;UQCRFS1;NDUFA13;UQCR11;COX5B;NDUFB6;NDUFB8;NDUFA12;SDHB;COQ10B;COX6A1;COX19;NDUFB1;ATP5ME;SURF1;UQCRQ;NDUFA10;NDUFS6;NDUFB11;LRPPRC;NDUFA9;DLST;COX8A;LDHA;NDUFS3;SDHA;COA1;IDH2;DMAC2L;NDUFV1;COX16;NDUFB9;UQCRC1;NDUFA5;NDUFS8
prerank,Resolution Of AP Sites Via Multiple-Nucleotide Patch Replacement Pathway R-HSA-110373,0.4307481020690321,1.4244672942676841,5.530973e-02,8.217488e-01,1.000000e+00,5/22,11.57%,RPA3;RFC5;RFC4;PARP1;PARG
prerank,Keratan Sulfate/Keratin Metabolism R-HSA-1638074,-0.4887610517344443,-1.423791976830001,7.850467e-02,3.658010e-01,1.000000e+00,4/18,5.72%,B3GNT7;B3GNT2;SLC35D2;B4GALT4
prerank,Post-translational Modification: Synthesis Of GPI-anchored Proteins R-HSA-163125,-0.4258811150295313,-1.4207810275793784,6.238859e-02,3.686069e-01,1.000000e+00,6/30,8.95%,PIGT;MDGA1;PIGH;PIGS;LY6E;GPAA1
prerank,Nonsense Mediated Decay (NMD) Enhanced By Exon Junction Complex (EJC) R-HSA-975957,-0.4177509185289665,-1.4203644061397676,6.715064e-02,3.647905e-01,1.000000e+00,6/32,8.13%,RBM8A;MAGOH;RNPS1;DCP1A;PPP2CA;NCBP1
prerank,Axon Guidance R-HSA-422475,-0.2983925032813515,-1.4161370285449333,1.361573e-02,3.710905e-01,1.000000e+00,59/229,18.65%,LIMK1;NCK2;PKN1;RBM8A;CDC42;MAGOH;NRAS;GIT1;FARP2;IRS2;CSNK2B;MAP2K2;ARHGEF7;RNPS1;CLTB;RHOC;SOS2;PSMF1;PLXNA4;MYO9B;YES1;PSMD6;PSMB6;ELOB;RNMT;NCAM1;PKN2;PRKCA;ZSWIM8;NCBP1;EPHA4;APH1A;ARPC2;PIK3R1;PRKAR2A;UBB;MYL6;PLXNA3;PSME4;CSNK2A2;USP33;TYROBP;LYN;CD72;RSL24D1;TRIO;VAV3;PSMA1;PSME2;PSMB3;EVL;PSME1;PSMD9;COL6A2;PFN1;AP2A1;SHC1;ROBO3;ETF1
prerank,G Alpha (S) Signaling Events R-HSA-418555,-0.3942923491031545,-1.415818315985387,5.084746e-02,3.674182e-01,1.000000e+00,16/43,18.50%,GRK2;PDE4D;GNAS;GNB1;VIPR2;GRK6;ADCY7;GNGT2;PRKCA;PRKAR2A;PTRH2;ADCY9;GNAI2;ARRB1;SHC1;PDE4A
prerank,Class I Peroxisomal Membrane Protein Import R-HSA-9603798,0.46041398086913443,1.4109489683496816,8.705357e-02,8.482840e-01,1.000000e+00,10/18,35.67%,ACBD5;PEX3;PXMP4;PEX14;PEX19;PEX16;ABCD3;PEX2;ABCD2;ALDH3A2
prerank,Estrogen-dependent Gene Expression R-HSA-9018519,-0.33683081301950996,-1.4098246085611135,2.247191e-02,3.777493e-01,1.000000e+00,23/91,13.14%,H2AJ;CREBBP;H2AX;GATA3;POLR2C;JUND;NCOA1;CTSD;POLR2D;POLR2G;KPNA2;H3-3B;CARM1;AXIN1;TNRC6A;AGO4;H2AZ1;PMEPA1;AGO2;SMC3;CCNT1;POLR2E;CHD1
prerank,Signaling By ALK Fusions And Activated Point Mutants R-HSA-9725370,0.3599688817015839,1.407227290313439,5.164319e-02,8.250770e-01,1.000000e+00,14/46,13.88%,PRKAR1A;STAT3;GCC2;VCL;PLCG1;STAT5A;STRN;MECP2;CLTC;CARS1;PIK3CA;NPM1;RBX1;PPM1B
prerank,Miscellaneous Transport And Binding Events R-HSA-5223345,0.48702001853190663,1.4039053839877305,8.515284e-02,8.030959e-01,1.000000e+00,11/16,25.71%,ADD3;LRRC8D;ADD1;NIPA1;BPNT1;MMGT1;NIPA2;SLC66A1;MRS2;ANKH;NIPAL3
prerank,TGF-beta Receptor Signaling Activates SMADs R-HSA-2173789,0.38288640637775906,1.4031909755209966,5.936073e-02,7.714864e-01,1.000000e+00,6/32,5.13%,UCHL5;TGFBR2;XPO1;PPP1CB;MTMR4;LTBP4
prerank,Initiation Of Nuclear Envelope (NE) Reformation R-HSA-2995383,0.47106746310874187,1.4014896119441307,6.823028e-02,7.471952e-01,1.000000e+00,4/16,10.21%,KPNB1;LBR;TMPO;VRK1
prerank,MHC Class II Antigen Presentation R-HSA-2132295,-0.3625374179996743,-1.395210461690611,5.772496e-02,4.106396e-01,1.000000e+00,16/61,14.82%,SEC24C;DCTN4;HLA-DRB5;DYNLL2;SEC24B;CTSD;DCTN3;DYNC1LI1;AP1S1;DYNC1LI2;CTSS;CAPZA2;SEC24A;SEC13;KIF22;HLA-DRB1
prerank,Apoptotic Execution Phase R-HSA-75153,0.3798498553937326,1.393959622090041,5.720824e-02,7.528769e-01,1.000000e+00,8/36,6.93%,SPTAN1;KPNB1;FNTA;H1-2;PRKCQ;H1-3;H1-4;ADD1
prerank,Interactions Of Rev With Host Cellular Proteins R-HSA-177243,0.3787907267679136,1.3916639724198103,6.345733e-02,7.347462e-01,1.000000e+00,11/36,17.04%,KPNB1;XPO1;NUP62;NUP50;RAN;NUP37;NPM1;NUP58;NUP188;RANBP1;NUP85
prerank,Regulation Of Expression Of SLITs And ROBOs R-HSA-9010553,-0.33837156025892656,-1.3889404844608608,4.545455e-02,4.222573e-01,1.000000e+00,23/73,20.98%,RBM8A;MAGOH;RNPS1;PSMF1;PSMD6;PSMB6;ELOB;ZSWIM8;NCBP1;UBB;PSME4;USP33;RSL24D1;PSMA1;PSME2;PSMB3;PSME1;PSMD9;ROBO3;ETF1;PSMC2;PSMD7;PSMC3
prerank,Prefoldin Mediated Transfer Of Substrate To CCT/TriC R-HSA-389957,0.43823042345738494,1.3877215567782994,7.441860e-02,7.241260e-01,1.000000e+00,11/21,17.76%,TUBA1A;TCP1;CCT3;CCT6A;PFDN6;CCT8;CCT7;TUBB;CCT4;TUBA1C;CCT2
prerank,Metabolism Of Cofactors R-HSA-8978934,-0.4929751985114216,-1.3876237172111914,1.111111e-01,4.207692e-01,1.000000e+00,5/15,10.58%,AKT1;PTS;GCH1;PDSS1;CALM1
prerank,Death Receptor Signaling R-HSA-73887,-0.3308796423517365,-1.3837106785234266,2.336449e-02,4.262210e-01,1.000000e+00,28/97,17.46%,ARHGDIA;ARHGEF7;PLEKHG2;PREX1;SOS2;FASN;GNA13;BAD;OTULIN;BIRC2;USP4;CASP3;APH1A;UBB;NFKB1;YWHAE;IKBKB;IRAK1;USP25;MADD;TRIO;VAV3;ARHGEF1;NSMAF;RIPK2;ARHGEF10;TRAF1;BIRC3
prerank,Cooperation Of Prefoldin And TriC/CCT In Actin And Tubulin Folding R-HSA-389958,0.4312783762440259,1.3831792133763243,6.896552e-02,7.189436e-01,1.000000e+00,11/22,17.76%,TUBA1A;TCP1;CCT3;CCT6A;PFDN6;CCT8;CCT7;TUBB;CCT4;TUBA1C;CCT2
prerank,RAF Activation R-HSA-5673000,0.4036628094090873,1.3805394937490862,8.843537e-02,7.052577e-01,1.000000e+00,7/27,6.83%,PPP2R5A;ARAF;PPP2R5D;MAP2K1;PPP1CB;PPP2R5C;YWHAB
prerank,Nervous System Development R-HSA-9675108,-0.28993044057123496,-1.3792890810734257,1.369863e-02,4.336690e-01,1.000000e+00,59/239,18.65%,LIMK1;NCK2;PKN1;RBM8A;CDC42;MAGOH;NRAS;GIT1;FARP2;IRS2;CSNK2B;MAP2K2;ARHGEF7;RNPS1;CLTB;RHOC;SOS2;PSMF1;PLXNA4;MYO9B;YES1;PSMD6;PSMB6;ELOB;RNMT;NCAM1;PKN2;PRKCA;ZSWIM8;NCBP1;EPHA4;APH1A;ARPC2;PIK3R1;PRKAR2A;UBB;MYL6;PLXNA3;PSME4;CSNK2A2;USP33;TYROBP;LYN;CD72;RSL24D1;TRIO;VAV3;PSMA1;PSME2;PSMB3;EVL;PSME1;PSMD9;COL6A2;PFN1;AP2A1;SHC1;ROBO3;ETF1
prerank,Thrombin Signaling Thru Proteinase Activated Receptors (PARs) R-HSA-456926,-0.47595586755641534,-1.379084617626633,9.803922e-02,4.293453e-01,1.000000e+00,6/17,17.06%,GNB1;GNA13;GNGT2;GNAQ;GNA12;ARRB1
prerank,RHOU GTPase Cycle R-HSA-9013420,-0.3936804563807036,-1.375785189896004,7.944732e-02,4.338908e-01,1.000000e+00,8/34,8.79%,NCK2;PKN1;CDC42;GIT1;ARHGEF7;STAM;PKN2;PIK3R1
prerank,Transport To Golgi And Subsequent Modification R-HSA-948021,-0.3144467219241697,-1.3756515379755592,2.896341e-02,4.295499e-01,1.000000e+00,26/126,12.23%,RAB1A;TFG;NAPG;TRAPPC10;STX5;SEC24C;PPP6R1;DCTN4;TRAPPC2L;TRAPPC6A;DYNLL2;SEC24B;CSNK1D;COG3;B4GALT4;DCTN3;MGAT4B;TBC1D20;TMED2;DYNC1LI1;DYNC1LI2;CAPZA2;SEC24A;SEC13;MAN2A2;TRAPPC5
prerank,DNA Double-Strand Break Repair R-HSA-5693532,0.2993493717127017,1.3717031199830352,3.814714e-02,7.198432e-01,1.000000e+00,33/110,20.89%,XRCC5;TDP2;H2BC15;SMARCA5;PRKDC;BAZ1B;RPA3;XRCC6;PPP4C;RFC5;PPP4R2;POLK;RFC4;TDP1;HERC2;MDC1;PARP1;RAD52;KDM4B;RAD17;GEN1;ATRIP;LRIF1;UBC;MRE11;TIMELESS;POLM;RNF8;POLL;RAD51C;H2BC9;TP53;ATM
prerank,NGF-stimulated Transcription R-HSA-9031628,-0.46954238264491654,-1.3708665533302313,1.020036e-01,4.376880e-01,1.000000e+00,4/18,5.61%,EGR1;MEF2D;JUND;ID2
prerank,Platelet Sensitization By LDL R-HSA-432142,0.4786014488934003,1.3680162373678892,1.127660e-01,7.122739e-01,1.000000e+00,4/15,6.50%,MAPK14;PPP2R5A;PPP2R5D;PPP2R5C
prerank,Signaling By ERBB4 R-HSA-1236394,-0.4064214618075495,-1.3672240385853651,9.059233e-02,4.432630e-01,1.000000e+00,6/32,9.14%,MXD4;ADAP1;NRAS;APH1A;PIK3R1;UBB
prerank,Integration Of Energy Metabolism R-HSA-163685,-0.36535475366045095,-1.3651938699863342,8.056042e-02,4.440882e-01,1.000000e+00,17/50,17.12%,GNAS;GNB1;PPP2CA;SLC2A1;FASN;ADCY7;GNGT2;PPP2CB;PRKCA;GNAQ;PRKAR2A;PRKAG2;TKT;PLCB1;ADCY9;GNAI2;PLCB2
prerank,RNA Polymerase I Transcription Termination R-HSA-73863,0.395534726510022,1.3649616126071273,9.692671e-02,7.027738e-01,1.000000e+00,10/28,19.87%,UBTF;TBP;GTF2H1;GTF2H3;POLR1H;GTF2H5;CCNH;POLR1D;TAF1B;POLR1E
prerank,Neurotransmitter Receptors And Postsynaptic Signal Transmission R-HSA-112314,-0.35041153476151277,-1.3629135959735512,5.546218e-02,4.456909e-01,1.000000e+00,19/62,18.28%,NRAS;GIT1;GNB1;ARHGEF7;PRKAG1;ADCY7;GNGT2;KPNA2;PRKCA;PRKAR2A;CALM1;PRKCB;CASK;PRKAG2;PLCB1;ADCY9;GNAI2;PLCB2;AP2A1
prerank,Intrinsic Pathway For Apoptosis R-HSA-109606,0.34896544823167336,1.3627996411595205,5.673759e-02,6.903147e-01,1.000000e+00,14/48,10.02%,PPP3CC;CYCS;STAT3;APIP;GZMB;GSDMD;YWHAZ;YWHAB;BCL2L1;YWHAH;CDKN2A;AKT3;CARD8;PPP3R1
prerank,GPCR Downstream Signaling R-HSA-388396,-0.2953102721958636,-1.3580715102156182,2.409639e-02,4.540274e-01,1.000000e+00,48/178,17.12%,PKN1;CDC42;XCL1;NRAS;GRK2;AKT1;PDE4D;GNAS;DGKQ;GNB1;ARHGEF7;PLEKHG2;RHOC;VIPR2;PREX1;GRK6;SOS2;PPP2CA;GPR183;GNA13;ADCY7;HEBP1;GNGT2;XCL2;PPP2CB;KPNA2;PRKCA;GNAQ;PIK3R1;PRKAR2A;CCL4;CALM1;PRKCB;RGS16;CCL5;PTRH2;TRIO;VAV3;PLCB1;ARHGEF1;GNA12;ADCY9;LTB4R;RIPK2;GNAI2;ARHGEF10;ARRB1;PLCB2
prerank,Golgi Associated Vesicle Biogenesis R-HSA-432722,-0.3749703027146083,-1.3578104895092524,6.980803e-02,4.500909e-01,1.000000e+00,15/42,24.27%,RAB5C;FTL;FTH1;IGF2R;NECAP1;AP1S1;GAK;AP4B1;TGOLN2;ARRB1;SNX9;AP1G1;AP3B1;DNM2;SH3D19
prerank,PIWI-interacting RNA (piRNA) Biogenesis R-HSA-5601884,-0.4754715227862274,-1.356290136827445,1.101243e-01,4.498722e-01,1.000000e+00,6/16,19.06%,POLR2C;POLR2D;POLR2G;POLR2E;POLR2J;TDRKH
prerank,Formation Of Early Elongation Complex R-HSA-113418,-0.3951858476285571,-1.3561127664483836,9.899329e-02,4.457543e-01,1.000000e+00,11/33,18.14%,ERCC3;POLR2C;POLR2D;POLR2G;NCBP1;MNAT1;POLR2E;CDK7;NELFCD;POLR2J;NELFA
prerank,Platelet Homeostasis R-HSA-418346,0.355125494432316,1.353522261758486,7.373272e-02,7.086954e-01,1.000000e+00,9/42,7.76%,MAPK14;PPP2R5A;PAFAH2;PPP2R5D;STIM1;ATP2B4;PPP2R5C;ATP2A3;GNG10
prerank,G-protein Mediated Events R-HSA-112040,-0.41537117661249623,-1.3533013068052338,9.719626e-02,4.490704e-01,1.000000e+00,13/27,22.62%,GRK2;ADCY7;KPNA2;PRKCA;GNAQ;PRKAR2A;CALM1;PLCB1;ADCY9;GNAI2;PLCB2;PRKX;ITPR3
prerank,Transcriptional Regulation By TP53 R-HSA-3700989,-0.2772695330577678,-1.3426697987290772,1.430615e-02,4.747180e-01,1.000000e+00,74/285,18.23%,ELOA;GATAD2A;BRD7;BCL6;AKT1;TAF11;RABGGTA;TAF10;LAMTOR1;CSNK2B;LAMTOR4;DDIT4;CREBBP;ERCC3;PPP2CA;PIP4K2A;POLR2C;FASN;COX7B;BBC3;PRKAG1;POLR2D;COX5B;ING3;PRDX5;POLR2G;ELOB;HIPK1;COX6A1;RHNO1;KMT5A;COX19;PPP2CB;TRIAP1;CNOT1;TAF15;CARM1;PCBP4;USP7;TNRC6A;AGO4;SURF1;UBB;MNAT1;PIDD1;SESN3;AGO2;ELL;YWHAE;CSNK2A2;TAF4;LAMTOR5;MDM4;CCNT1;LRPPRC;POLR2E;BRD1;MAPKAP1;PRKAG2;COX8A;CDK7;MLST8;RAD9A;NELFCD;TFDP2;CCNT2;RABGGTB;COX16;PHF20;POLR2J;CNOT8;JMY;NELFA;CDK9
prerank,RHOC GTPase Cycle R-HSA-9013106,-0.3631802584492637,-1.341156549947449,7.859532e-02,4.747672e-01,1.000000e+00,16/49,16.50%,PKN1;ARHGDIA;STX5;ARHGAP21;RHOC;PREX1;FLOT1;MYO9B;PKN2;ARHGAP26;PIK3R1;ARHGAP5;ARHGEF1;OPHN1;ARHGEF10;VANGL1
prerank,Neurexins And Neuroligins R-HSA-6794361,0.4646808028928497,1.340941587113439,1.255411e-01,7.402266e-01,1.000000e+00,7/15,19.58%,EPB41;LIN7B;SHARPIN;SIPA1L1;PDLIM5;APBA3;DLGAP4
prerank,Pre-NOTCH Expression And Processing R-HSA-1912422,-0.34964124315798684,-1.3381376297275132,8.571429e-02,4.783196e-01,1.000000e+00,15/57,11.83%,H2AJ;SNW1;CREBBP;H2AX;FURIN;RFNG;NOTCH1;TMED2;H3-3B;TNRC6A;AGO4;LFNG;H2AZ1;AGO2;SEL1L
prerank,KSRP (KHSRP) Binds And Destabilizes mRNA R-HSA-450604,0.45425431639266034,1.3379030464426909,1.476510e-01,7.333302e-01,1.000000e+00,8/16,21.52%,MAPK14;YWHAZ;PARN;EXOSC2;EXOSC3;EXOSC8;KHSRP;DIS3
prerank,RNA Polymerase I Transcription Initiation R-HSA-73762,0.3470808381034082,1.336411440936704,7.901235e-02,7.209809e-01,1.000000e+00,15/44,19.87%,HDAC1;UBTF;RBBP4;TBP;GTF2H1;GTF2H3;POLR1H;GTF2H5;KAT2A;EHMT2;CCNH;POLR1D;MTA2;TAF1B;POLR1E
prerank,RIPK1-mediated Regulated Necrosis R-HSA-5213460,-0.40741144066097634,-1.3354302336842256,1.005291e-01,4.820065e-01,1.000000e+00,9/28,18.59%,FLOT1;FASN;BIRC2;UBB;MLKL;CDC37;RIPK3;BIRC3;OGT
prerank,P75 NTR Receptor-Mediated Signaling R-HSA-193704,-0.3520509684758812,-1.332238548623191,8.818636e-02,4.871145e-01,1.000000e+00,19/58,16.49%,ARHGDIA;ARHGEF7;PLEKHG2;PREX1;SOS2;GNA13;BAD;CASP3;APH1A;UBB;NFKB1;YWHAE;IKBKB;IRAK1;TRIO;VAV3;ARHGEF1;RIPK2;ARHGEF10
prerank,DNA Strand Elongation R-HSA-69190,0.40140050899939583,1.3317640016169945,1.000000e-01,7.202036e-01,1.000000e+00,4/24,5.99%,RPA3;MCM3;RFC5;RFC4
prerank,FCERI Mediated Ca+2 Mobilization R-HSA-2871809,0.3949390435575407,1.3298387604015873,9.740260e-02,7.095178e-01,1.000000e+00,9/25,20.32%,PPP3CB;NFATC2;GRAP2;PLCG1;PPP3R1;AHCYL1;LCP2;NFATC3;SPNS1
prerank,RAC1 GTPase Cycle R-HSA-9013149,-0.30670552073875934,-1.3251564101083937,5.312500e-02,5.042056e-01,1.000000e+00,21/108,10.33%,ARHGAP4;PKN1;ARHGDIA;CDC42;GIT1;FARP2;LAMTOR1;ARHGEF7;PLEKHG2;ARHGAP21;PREX1;NISCH;SOS2;GNA13;MYO9B;PKN2;ARHGAP26;PIK3R1;ARHGAP5;ARHGAP9;WIPF2
prerank,Signaling By GPCR R-HSA-372790,-0.2864565650991138,-1.3249827589909262,2.971768e-02,4.999812e-01,1.000000e+00,49/187,17.12%,PKN1;CDC42;XCL1;NRAS;GRK2;AKT1;PDE4D;GNAS;DGKQ;GNB1;ARHGEF7;PLEKHG2;RHOC;VIPR2;PREX1;GRK6;SOS2;PPP2CA;GPR183;GNA13;ADCY7;HEBP1;GNGT2;XCL2;PPP2CB;KPNA2;PRKCA;GNAQ;PIK3R1;PRKAR2A;CCL4;CALM1;PRKCB;RGS16;CCL5;PTRH2;TRIO;VAV3;PLCB1;ARHGEF1;PTCH2;GNA12;ADCY9;LTB4R;RIPK2;GNAI2;ARHGEF10;ARRB1;PLCB2
prerank,Mitophagy R-HSA-5205647,-0.4172965651978078,-1.3231683925732596,1.292517e-01,5.008632e-01,1.000000e+00,10/25,17.18%,MAP1LC3B;CSNK2B;ULK1;TOMM22;UBB;CSNK2A2;PGAM5;TOMM5;PINK1;TOMM40
prerank,Deadenylation Of mRNA R-HSA-429947,0.40996053168069746,1.3198026759426533,1.224944e-01,7.334312e-01,1.000000e+00,8/23,15.77%,CNOT7;EIF4B;CNOT3;PARN;PABPC1;TUT7;EIF4A2;EIF4G1
prerank,GPER1 Signaling R-HSA-9634597,-0.43473711635061457,-1.319650511761661,1.349810e-01,5.060997e-01,1.000000e+00,9/21,18.49%,GNAS;GNB1;ADCY7;GNGT2;PRKCA;PRKAR2A;ADCY9;GNAI2;SHC1
prerank,RAC2 GTPase Cycle R-HSA-9013404,-0.3393409320519635,-1.3172760714355602,8.000000e-02,5.083739e-01,1.000000e+00,18/57,17.45%,PKN1;ARHGDIA;CDC42;GIT1;LAMTOR1;ARHGAP21;MTX1;PREX1;PKN2;ARHGAP26;PIK3R1;PGRMC2;TRIO;VAV3;DOCK2;OPHN1;VANGL1;VRK2
prerank,PLC Beta Mediated Events R-HSA-112043,-0.4174110620137546,-1.3162990822623741,1.268657e-01,5.065352e-01,1.000000e+00,12/24,22.62%,GRK2;ADCY7;KPNA2;PRKCA;GNAQ;PRKAR2A;CALM1;PLCB1;ADCY9;PLCB2;PRKX;ITPR3
prerank,Lagging Strand Synthesis R-HSA-69186,0.43756069195067,1.315982692443716,1.252900e-01,7.303247e-01,1.000000e+00,3/17,5.99%,RPA3;RFC5;RFC4
prerank,Nuclear Events (Kinase And Transcription Factor Activation) R-HSA-198725,-0.39420076499599244,-1.3152004806645985,1.181658e-01,5.050467e-01,1.000000e+00,7/31,7.23%,MAPKAPK2;EGR1;MEF2D;PPP2CA;JUND;ID2;PPP2CB
prerank,GABA Receptor Activation R-HSA-977443,-0.47187888461082794,-1.3139923037467869,1.423358e-01,5.041643e-01,1.000000e+00,5/15,16.32%,GNB1;ADCY7;GNGT2;ADCY9;GNAI2
prerank,Deadenylation-dependent mRNA Decay R-HSA-429914,0.32801700933127126,1.3133287642094802,6.297229e-02,7.237839e-01,1.000000e+00,14/54,13.35%,CNOT7;DCP1B;EIF4B;CNOT3;LSM5;PARN;EXOSC2;EXOSC3;XRN1;PABPC1;TUT7;EXOSC8;LSM2;EIF4A2
prerank,Cell Recruitment (Pro-Inflammatory Response) R-HSA-9664424,-0.43938952634753226,-1.3121186520653363,1.580882e-01,5.054990e-01,1.000000e+00,6/18,20.34%,PSTPIP1;P2RX4;NFKB1;IL18;C3AR1;P2RX7
prerank,TP53 Regulates Metabolic Genes R-HSA-5628897,-0.32794247371956725,-1.311277936366993,7.107438e-02,5.032374e-01,1.000000e+00,21/75,14.59%,AKT1;LAMTOR1;LAMTOR4;DDIT4;COX7B;PRKAG1;COX5B;PRDX5;COX6A1;COX19;TNRC6A;AGO4;SURF1;SESN3;AGO2;YWHAE;LAMTOR5;LRPPRC;PRKAG2;COX8A;MLST8
prerank,Nuclear Signaling By ERBB4 R-HSA-1251985,-0.4440726929784966,-1.3106622047425307,1.440972e-01,5.008330e-01,1.000000e+00,3/18,8.61%,MXD4;ADAP1;APH1A
prerank,Protein-protein Interactions At Synapses R-HSA-6794362,0.3948842321775967,1.3077031446242637,1.123596e-01,7.287325e-01,1.000000e+00,10/23,19.58%,EPB41;LIN7B;SHARPIN;SIPA1L1;PPFIA1;IL1RAP;PDLIM5;APBA3;DLG1;DLGAP4
prerank,Apoptosis R-HSA-109581,0.2728011760284095,1.3022754280942026,3.943662e-02,7.351659e-01,1.000000e+00,29/143,10.72%,SPTAN1;KPNB1;FNTA;PPP3CC;CYCS;H1-2;PRKCQ;STAT3;PSMD2;APIP;GZMB;H1-3;PSMB2;H1-4;PSMD11;MAGED1;GSDMD;YWHAZ;YWHAB;BCL2L1;ADD1;DAPK2;YWHAH;CDKN2A;AKT3;CARD8;PPP3R1;RIPK1;PSMD10
prerank,EGFR Downregulation R-HSA-182971,-0.44665055636042483,-1.2981915322441693,1.549296e-01,5.348415e-01,1.000000e+00,5/18,9.14%,CDC42;ARHGEF7;SPRY2;STAM;UBB
prerank,Developmental Biology R-HSA-1266738,-0.25734037258492237,-1.2973193616559817,2.606310e-02,5.328781e-01,1.000000e+00,68/417,11.00%,LIMK1;NCK2;PKN1;RBM8A;CDC42;MAGOH;H2AJ;NRAS;MED10;AKT1;GIT1;FARP2;TCF7;IRS2;KRT81;KRT86;CSNK2B;MAP2K2;ARHGEF7;RNPS1;TGFB1;SNW1;CLTB;RHOC;CREBBP;H2AX;MEF2D;SOS2;FURIN;POLR2C;PSMF1;TRIM33;PLXNA4;NCOA1;MED30;MYO9B;POLR2D;YES1;PSMD6;PSMB6;POLR2G;ELOB;RNMT;NCAM1;PKN2;NOTCH1;PRKCA;MED13L;ZSWIM8;H3-3B;CARM1;NCBP1;EPHA4;HHEX;APH1A;ARPC2;PIK3R1;PRKAR2A;UBB;SPAG9;MYL6;H2AZ1;PLXNA3;NFKB1;PSME4;CSNK2A2;USP33;MED4
prerank,NEP/NS2 Interacts With Cellular Export Machinery R-HSA-168333,0.3611579822774769,1.2968185435969752,1.346578e-01,7.420084e-01,1.000000e+00,10/34,17.04%,XPO1;NUP62;NUP50;PBRM1;RAN;NUP37;GNL3;NUP58;NUP188;NUP85
prerank,Circadian Clock R-HSA-400253,-0.35083439474359557,-1.2943960629744806,1.153184e-01,5.368270e-01,1.000000e+00,16/51,20.58%,CREBBP;MEF2D;NCOA1;CSNK1D;CRTC2;PER1;CARM1;UBB;BMAL1;NOCT;NFIL3;SREBF1;TBL1X;CSNK1E;SKP1;PER2
prerank,Processing Of Intronless Pre-mRNAs R-HSA-77595,-0.42855440571827763,-1.293406663505869,1.490909e-01,5.356665e-01,1.000000e+00,8/19,19.33%,WDR33;CPSF7;PABPN1;NCBP1;NUDT21;CPSF6;CPSF1;PAPOLA
prerank,Export Of Viral Ribonucleoproteins From Nucleus R-HSA-168274,0.35667293028593916,1.2920001172421025,1.324503e-01,7.463851e-01,1.000000e+00,10/35,17.04%,XPO1;NUP62;NUP50;PBRM1;RAN;NUP37;GNL3;NUP58;NUP188;NUP85
prerank,Formation Of RNA Pol II Elongation Complex R-HSA-112382,-0.33794018497046024,-1.2901340142146605,1.028192e-01,5.409496e-01,1.000000e+00,18/57,18.23%,ELOA;ERCC3;POLR2C;POLR2D;POLR2G;ELOB;NCBP1;MNAT1;ELL;CCNT1;POLR2E;CDK7;NELFCD;CCNT2;RTF1;POLR2J;NELFA;CDK9
prerank,Recruitment And ATM-mediated Phosphorylation Of Repair And Signal Proteins At DNA Double Strand Breaks R-HSA-5693565,0.3386302319673326,1.289942770754972,1.170960e-01,7.387776e-01,1.000000e+00,24/43,31.86%,H2BC15;SMARCA5;BAZ1B;HERC2;MDC1;KDM4B;UBC;MRE11;RNF8;H2BC9;TP53;ATM;H2BC12;NSD2;MAPK8;UBE2V2;H2BC11;APBB1;UBA52;RAD50;PPP5C;KDM4A;BARD1;ABRAXAS1
prerank,tRNA Aminoacylation R-HSA-379724,0.34862567314822457,1.2887864501933222,1.111111e-01,7.278593e-01,1.000000e+00,12/40,19.76%,DARS1;SARS1;QARS1;RARS2;EPRS1;CARS1;FARSA;PPA2;AARS1;IARS2;WARS2;MARS2
prerank,Smooth Muscle Contraction R-HSA-445355,-0.42737164113274545,-1.286764862561052,1.688073e-01,5.470655e-01,1.000000e+00,7/22,15.08%,PKN1;PKN2;TPM3;MYL6;CALM1;SORBS3;ANXA6
prerank,O-linked Glycosylation Of Mucins R-HSA-913709,-0.4081671622813965,-1.2867370855916058,1.415771e-01,5.427352e-01,1.000000e+00,4/22,4.68%,GALNT10;B3GNT7;GALNT3;B3GNT2
prerank,Inhibition Of DNA Recombination At Telomere R-HSA-9670095,-0.3665983669512332,-1.284450152745046,1.527273e-01,5.454334e-01,1.000000e+00,9/36,12.68%,H2AJ;TERF1;H2AX;POLR2C;POLR2D;POLR2G;H3-3B;H2AZ1;POLR2E
prerank,RAB GEFs Exchange GTP For GDP On RABs R-HSA-8876198,-0.32443792348981065,-1.283468041198572,1.069692e-01,5.440550e-01,1.000000e+00,9/68,3.94%,RAB5C;RAB1A;TRAPPC10;AKT1;ULK1;TRAPPC2L;TRAPPC6A;RAB14;RIN3
prerank,Transcriptional Regulation By MECP2 R-HSA-8986944,0.34305517668085156,1.2830026729644632,1.090047e-01,7.361382e-01,1.000000e+00,10/37,15.09%,PTPN4;HDAC1;LBR;FKBP5;SLC2A3;DGCR8;MECP2;PTPN1;CREB1;PTEN
prerank,Diseases Associated With TLR Signaling Cascade R-HSA-5602358,0.4213284913147587,1.2819903829018384,1.517857e-01,7.259124e-01,1.000000e+00,3/18,7.93%,S100A8;S100A9;IRAK4
prerank,Dual Incision In GG-NER R-HSA-5696400,0.34803498289360163,1.2808002730590877,1.401425e-01,7.163361e-01,1.000000e+00,10/37,13.64%,RPA3;RFC5;GTF2H1;DDB2;POLK;RFC4;GTF2H3;PARP1;GTF2H5;RBX1
prerank,ESR-mediated Signaling R-HSA-8939211,-0.288325443891688,-1.2805418903408756,6.250000e-02,5.484361e-01,1.000000e+00,29/131,13.14%,H2AJ;NRAS;AKT1;GNB1;CREBBP;H2AX;GATA3;POLR2C;JUND;NCOA1;CTSD;POLR2D;GNGT2;POLR2G;KPNA2;H3-3B;CARM1;AXIN1;TNRC6A;AGO4;PIK3R1;H2AZ1;PMEPA1;AGO2;SMC3;CALM1;CCNT1;POLR2E;CHD1
prerank,Late Phase Of HIV Life Cycle R-HSA-162599,-0.2918577404016919,-1.280013028162552,7.378336e-02,5.459802e-01,1.000000e+00,35/124,18.23%,ELOA;TAF11;TAF10;VPS37B;CHMP4B;FURIN;ERCC3;POLR2C;NUP54;CHMP2B;POLR2D;POLR2G;ELOB;RNMT;TAF15;NUP133;NCBP1;UBB;MNAT1;SEH1L;ELL;TAF4;UBAP1;SEC13;CCNT1;POLR2E;CDK7;CHMP2A;VPS4A;NELFCD;CCNT2;POLR2J;POM121;NELFA;CDK9
prerank,FGFR2 Alternative Splicing R-HSA-6803529,-0.4082804054347054,-1.2790534830486222,1.574240e-01,5.444824e-01,1.000000e+00,9/23,17.00%,PTBP1;POLR2C;HNRNPH1;POLR2D;POLR2G;NCBP1;POLR2E;HNRNPM;POLR2J
prerank,Signaling To ERKs R-HSA-187687,0.37823073373584504,1.27900777433669,1.380952e-01,7.095990e-01,1.000000e+00,7/26,6.83%,MAPK14;RALGDS;MAP2K1;BCL11B;CRK;RALA;YWHAB
prerank,Activated PKN1 Stimulates Transcription Of Androgen Receptor Regulated KLK2 And KLK3 R-HSA-5625886,-0.41159407927373537,-1.2790021888868273,1.477273e-01,5.404424e-01,1.000000e+00,5/22,9.64%,PKN1;H2AJ;H2AX;H3-3B;H2AZ1
prerank,Signaling By Cytosolic FGFR1 Fusion Mutants R-HSA-1839117,0.43678983215907613,1.2784948865975185,1.406250e-01,6.983794e-01,1.000000e+00,6/16,14.90%,STAT3;FGFR1OP2;STAT5A;CNTRL;PIK3CA;TRIM24
prerank,Endosomal Sorting Complex Required For Transport (ESCRT) R-HSA-917729,-0.40545757091699147,-1.2778263496793751,1.563574e-01,5.397704e-01,1.000000e+00,9/25,16.56%,VPS37B;CHMP4B;STAM;CHMP2B;UBB;UBAP1;CHMP2A;VPS4A;SNF8
prerank,Signaling By ALK R-HSA-201556,0.40645860527659355,1.2747334038719687,1.486200e-01,6.999885e-01,1.000000e+00,5/19,12.60%,HDAC1;STAT3;PLCG1;HIF1A;PIK3CA
prerank,Regulated Necrosis R-HSA-5218859,-0.34811582931641877,-1.2739614048720755,1.157895e-01,5.473995e-01,1.000000e+00,17/46,19.55%,CHMP4B;FLOT1;FASN;CHMP2B;BIRC2;CASP3;UBB;CASP4;MLKL;CDC37;CHMP2A;RIPK3;IL18;IRF1;BIRC3;OGT;BAK1
prerank,MAP3K8 (TPL2)-dependent MAPK1/3 Activation R-HSA-5684264,-0.4585201927440593,-1.271737006337775,1.779026e-01,5.500670e-01,1.000000e+00,5/15,10.97%,MAP3K8;TNIP2;UBB;NFKB1;IKBKB
prerank,Interleukin-17 Signaling R-HSA-448424,-0.34425764414805027,-1.2716626881014452,1.206030e-01,5.461900e-01,1.000000e+00,12/50,13.03%,MAP3K8;MAPKAPK2;MAP2K3;PPP2CA;TNIP2;MAPK9;MAP2K7;PPP2CB;UBB;NFKB1;IKBKB;IRAK1
prerank,MAP Kinase Activation R-HSA-450294,-0.3467858280753501,-1.2692054139261455,1.279070e-01,5.498627e-01,1.000000e+00,12/48,13.03%,MAP3K8;MAPKAPK2;MAP2K3;PPP2CA;TNIP2;MAPK9;MAP2K7;PPP2CB;UBB;NFKB1;IKBKB;IRAK1
prerank,trans-Golgi Network Vesicle Budding R-HSA-199992,-0.33316416083781253,-1.2686756582795962,1.421233e-01,5.475418e-01,1.000000e+00,18/54,24.27%,RAB5C;FTL;FTH1;IGF2R;CLTB;NECAP1;AP1S1;GAK;AP4B1;TGOLN2;CHMP2A;ARRB1;SNX9;AP1G1;AP3B1;M6PR;DNM2;SH3D19
prerank,Signaling By Nuclear Receptors R-HSA-9006931,-0.27588721094598856,-1.2635477513949018,7.239819e-02,5.591038e-01,1.000000e+00,44/164,19.59%,H2AJ;NRAS;AKT1;GNB1;CREBBP;H2AX;GATA3;POLR2C;FASN;JUND;NCOA1;CTSD;POLR2D;GNGT2;POLR2G;MYLIP;KPNA2;H3-3B;CARM1;AXIN1;DHRS3;TNRC6A;AGO4;PIK3R1;ARL4C;H2AZ1;PMEPA1;AGO2;SMC3;CALM1;CCNT1;POLR2E;CHD1;SREBF1;RDH10;TBL1X;GNAI2;USF1;POLR2J;CDK9;SHC1;IGF1R;AREG;POU2F1
prerank,Transcriptional Regulation By RUNX1 R-HSA-8878171,-0.27905647118997945,-1.2619771772572452,7.619048e-02,5.598702e-01,1.000000e+00,42/150,20.98%,CBX4;ARID1B;LGALS3;H2AJ;CSNK2B;CREBBP;H2AX;ZFPM1;GATA3;PSMF1;KMT2B;PHC2;YAF2;PSMD6;PSMB6;H3-3B;AXIN1;TNRC6A;AGO4;UBB;PCGF5;MNAT1;H2AZ1;AGO2;PSME4;PRKCB;CSNK2A2;ELF2;KMT2E;CDK7;PSMA1;PSME2;PSMB3;PSME1;PSMD9;ARID1A;HIPK2;KMT2C;ELOF1;PSMC2;PSMD7;PSMC3
prerank,Early SARS-CoV-2 Infection Events R-HSA-9772572,-0.4336257578417767,-1.2612147122719979,1.698440e-01,5.582997e-01,1.000000e+00,7/17,14.70%,MAP1LC3B;CHMP4B;FURIN;CHMP2B;BECN1;ZCRB1;CHMP2A
prerank,Heparan Sulfate/Heparin (HS-GAG) Metabolism R-HSA-1638091,-0.4322246642644627,-1.2608404653476755,1.638418e-01,5.554576e-01,1.000000e+00,9/18,24.09%,SLC35D2;B3GALT6;IDS;EXT1;XYLT1;HS6ST1;B3GAT3;NAGLU;B4GALT7
prerank,Positive Epigenetic Regulation Of rRNA Expression R-HSA-5250913,0.31164786218813695,1.2578339722112726,9.808612e-02,7.551453e-01,1.000000e+00,18/59,20.64%,HDAC1;H2BC15;RBBP4;SMARCA5;BAZ1B;TBP;H2AC6;CBX3;DEK;POLR1H;KAT2A;H2AC4;EHMT2;POLR1D;MTA2;TAF1B;POLR1E;H2BC9
prerank,N-glycan Antennae Elongation In medial/trans-Golgi R-HSA-975576,-0.4433989905301914,-1.2562618752186967,1.778584e-01,5.652842e-01,1.000000e+00,7/16,22.70%,B4GALT4;MGAT4B;MAN2A2;MGAT4A;CHST10;B4GALT1;ST8SIA6
prerank,"Cell Death Signaling Via NRAGE, NRIF And NADE R-HSA-204998",-0.3501870934711798,-1.2561570866484435,1.341060e-01,5.616295e-01,1.000000e+00,14/41,16.49%,ARHGEF7;PLEKHG2;PREX1;SOS2;GNA13;BAD;CASP3;APH1A;UBB;YWHAE;TRIO;VAV3;ARHGEF1;ARHGEF10
prerank,RUNX1 Interacts With Co-Factors Whose Precise Effect On RUNX1 Targets Is Not Known R-HSA-8939243,-0.37425612236138556,-1.254535215283968,1.769759e-01,5.628516e-01,1.000000e+00,7/30,10.87%,CBX4;ARID1B;CSNK2B;PHC2;YAF2;PCGF5;CSNK2A2
prerank,Signaling By Non-Receptor Tyrosine Kinases R-HSA-9006927,0.3654918102753349,1.2532254468407962,1.558753e-01,7.592757e-01,1.000000e+00,6/27,6.95%,STAT3;KHDRBS1;CRK;CDKN1B;ERBB2;HIF1A
prerank,EPH-ephrin Mediated Repulsion Of Cells R-HSA-3928665,-0.4069544847590453,-1.2529412008304317,1.646655e-01,5.637149e-01,1.000000e+00,9/21,22.76%,CLTB;YES1;EPHA4;APH1A;LYN;VAV3;AP2A1;AP2M1;AP2A2
prerank,HSF1 Activation R-HSA-3371511,0.3795537566401237,1.2516610099868888,1.524664e-01,7.517238e-01,1.000000e+00,8/23,16.16%,HSPH1;RPA3;PTGES3;EEF1A1;VCP;FKBP4;HDAC6;MRPL18
prerank,ZBP1(DAI) Mediated Induction Of Type I IFNs R-HSA-1606322,-0.4200573698739055,-1.2498433042258668,1.722913e-01,5.696252e-01,1.000000e+00,5/18,15.05%,ZBP1;NFKBIB;NFKB1;IKBKB;RIPK3
prerank,Cellular Response To Starvation R-HSA-9711097,-0.31988699032441226,-1.2476689455046113,1.239804e-01,5.727121e-01,1.000000e+00,21/63,22.79%,ATF4;TCIRG1;LAMTOR1;ATP6V1H;LAMTOR4;CEBPG;FNIP1;ATP6V0C;SEH1L;SEC13;LAMTOR5;ATP6V1G1;ITFG2;RSL24D1;MLST8;CASTOR2;RHEB;FLCN;ASNS;LAMTOR3;SZT2
prerank,PCNA-Dependent Long Patch Base Excision Repair R-HSA-5651801,0.409308669969997,1.2473494189554848,1.739130e-01,7.551586e-01,1.000000e+00,3/18,5.99%,RPA3;RFC5;RFC4
prerank,Signaling By WNT R-HSA-195721,-0.2679581287266889,-1.2450286407351454,6.938160e-02,5.770118e-01,1.000000e+00,61/193,22.76%,CSNK1G2;CTBP1;RUNX3;H2AJ;NRAS;AKT1;TCF7;RYK;CSNK2B;GNB1;CLTB;CREBBP;H2AX;PPP2CA;PSMF1;CUL3;GNGT2;PSMD6;PSMB6;PPP2CB;PRKCA;H3-3B;AXIN1;TLE4;TNRC6A;AGO4;UBB;H2AZ1;AGO2;PSME4;CALM1;FRAT2;PRKCB;CSNK2A2;TLE5;NFATC1;PDE6G;PSMA1;PSME2;PLCB1;PSMB3;VPS26A;CSNK1E;PSME1;SMURF1;PLCB2;PSMD9;PFN1;AP2A1;PDE6B;SOX4;SKP1;ZRANB1;PSMC2;PSMD7;PSMC3;CTBP2;AP2M1;ARRB2;ITPR3;AP2A2
prerank,Apoptotic Factor-Mediated Response R-HSA-111471,0.41894585818664465,1.2448861775698694,1.826087e-01,7.527176e-01,1.000000e+00,5/17,8.66%,CYCS;APIP;GSDMD;CDKN2A;CARD8
prerank,Activation Of NF-kappaB In B Cells R-HSA-1169091,-0.3168107956545618,-1.241783309365034,1.428571e-01,5.836176e-01,1.000000e+00,22/63,23.64%,CARD11;PSMF1;PSMD6;PSMB6;NFKBIB;UBB;NFKB1;PSME4;PRKCB;IKBKB;REL;PSMA1;PSME2;PSMB3;PSME1;PSMD9;SKP1;PSMC2;PSMD7;PSMC3;NFKBIE;PSMD3
prerank,RHO GTPases Activate PKNs R-HSA-5625740,-0.3443829454236319,-1.2414102546456658,1.757469e-01,5.807772e-01,1.000000e+00,9/42,10.70%,PKN1;H2AJ;RHOC;H2AX;PKN2;H3-3B;MYL6;H2AZ1;YWHAE
prerank,Heme Signaling R-HSA-9707616,-0.37118558069580526,-1.2385726141798854,1.488616e-01,5.860169e-01,1.000000e+00,9/30,16.45%,CREBBP;MEF2D;NCOA1;CRTC2;CARM1;BMAL1;TBL1X;NFE2L2;MAFK
prerank,E2F Mediated Regulation Of DNA Replication R-HSA-113510,-0.448997457057171,-1.2372095978249877,2.241681e-01,5.862487e-01,1.000000e+00,4/15,15.89%,PPP2CA;PPP2CB;ORC4;TFDP2
prerank,Regulation Of TNFR1 Signaling R-HSA-5357905,-0.36531638063372124,-1.2369681454631567,1.632302e-01,5.830943e-01,1.000000e+00,9/32,17.46%,OTULIN;BIRC2;USP4;UBB;IKBKB;USP25;MADD;TRAF1;BIRC3
prerank,Asparagine N-linked Glycosylation R-HSA-446203,-0.26263503973725577,-1.2309970725262322,7.374631e-02,5.982830e-01,1.000000e+00,38/220,12.23%,RAB1A;TFG;NAPG;TRAPPC10;STX5;ST6GALNAC6;SEC24C;MAGT1;RPN2;PPP6R1;MARCHF6;DCTN4;TRAPPC2L;TRAPPC6A;DYNLL2;CALR;SEC24B;CSNK1D;COG3;B4GALT4;DDOST;DCTN3;MGAT4B;TBC1D20;TMED2;DYNC1LI1;DERL1;UAP1;UBB;DYNC1LI2;PDIA3;MVD;CAPZA2;SEC24A;SEC13;SEL1L;MAN2A2;TRAPPC5
prerank,Signaling By VEGF R-HSA-194138,-0.313824011835203,-1.2292567701368606,1.542461e-01,6.003172e-01,1.000000e+00,16/66,14.59%,NCK2;PKN1;MAPKAPK2;CDC42;NRAS;AKT1;ARHGEF7;VEGFB;PKN2;PRKCA;PIK3R1;CALM1;PRKCB;MAPKAP1;VAV3;MLST8
prerank,Biological Oxidations R-HSA-211859,0.2907135320755958,1.2288660754595335,1.253264e-01,8.059776e-01,1.000000e+00,17/70,18.27%,MIA3;CNDP2;MAT2B;UGP2;ACSS1;SLC26A2;GCLM;PTGES3;CYB5B;CYB5R3;ABHD14B;FDXR;AKR1A1;ADH5;MTR;BPNT1;TPST2
prerank,Signaling By ERBB2 R-HSA-1227986,-0.35743694372411866,-1.228591875693674,1.807432e-01,5.986473e-01,1.000000e+00,9/35,13.54%,NRAS;AKT1;MATK;YES1;PRKCA;PIK3R1;UBB;CUL5;CDC37
prerank,Pre-NOTCH Transcription And Translation R-HSA-1912408,-0.3380395722099893,-1.2263316198936698,1.731123e-01,6.022434e-01,1.000000e+00,10/43,10.01%,H2AJ;SNW1;CREBBP;H2AX;NOTCH1;H3-3B;TNRC6A;AGO4;H2AZ1;AGO2
prerank,Cytosolic tRNA Aminoacylation R-HSA-379716,0.37911218631486426,1.2261114297235602,1.820225e-01,8.032270e-01,1.000000e+00,7/24,16.80%,DARS1;SARS1;QARS1;EPRS1;CARS1;FARSA;AARS1
prerank,Negative Regulation Of MAPK Pathway R-HSA-5675221,-0.3602048499747086,-1.2246343099329215,1.696113e-01,6.038572e-01,1.000000e+00,8/34,9.14%,PTPN7;DUSP12;NRAS;DUSP2;MAP2K2;PPP2CA;PPP2CB;UBB
prerank,Rab Regulation Of Trafficking R-HSA-9007101,-0.2922585374348723,-1.2243720281053068,1.198738e-01,6.008244e-01,1.000000e+00,19/96,14.29%,RAB5C;RAB1A;TRAPPC10;MAP1LC3B;AKT1;ULK1;TRAPPC2L;TRAPPC6A;RAB14;RIN3;TBC1D20;YWHAE;OPTN;HPS1;TRAPPC5;ARF6;DENND2B;MADD;TBC1D10A
prerank,G1/S-Specific Transcription R-HSA-69205,0.41834022065962423,1.2241273613631685,2.123142e-01,7.984109e-01,1.000000e+00,4/17,7.46%,HDAC1;RBL2;RBBP4;E2F4
prerank,Signaling By Receptor Tyrosine Kinases R-HSA-9006934,-0.2536839467966431,-1.2240812309614801,7.649513e-02,5.980057e-01,1.000000e+00,57/275,15.18%,MXD4;ADAP1;NCK2;PKN1;MAPKAPK2;CDC42;TCIRG1;NRAS;AKT1;IRS2;GALNT3;ATP6V1H;MAP2K2;ARHGEF7;EGR1;VEGFB;RAPGEF1;SPRY2;MEF2D;STAM;FURIN;PPP2CA;PTBP1;POLR2C;JUND;HNRNPH1;MATK;POLR2D;YES1;ID2;POLR2G;PTPRJ;RNMT;PPP2CB;ATP6V0C;PKN2;PRKCA;NCBP1;APH1A;PIK3R1;MKNK1;UBB;CUL5;CALM1;PRKCB;SOCS1;POLR2E;MAPKAP1;LYN;ARF6;ATP6V1G1;CDC37;VAV3;MLST8;HNRNPM;LMNB2;BRAF
prerank,Drug ADME R-HSA-9748784,-0.37830718455633544,-1.223492048182235,2.014388e-01,5.962352e-01,1.000000e+00,11/25,23.75%,NUDT15;NT5C2;GUK1;GSTP1;VAV3;TPMT;GGT7;SLC16A1;ADAL;HPRT1;ABCB1
prerank,G Beta:Gamma Signaling Thru PI3Kgamma R-HSA-392451,-0.43451792043801774,-1.2222146409268484,2.045455e-01,5.961387e-01,1.000000e+00,3/15,5.86%,AKT1;GNB1;GNGT2
prerank,Gap-filling DNA Repair Synthesis And Ligation In GG-NER R-HSA-5696397,0.38923411717310824,1.2191429196445507,1.919643e-01,8.059306e-01,1.000000e+00,4/20,5.99%,RPA3;RFC5;POLK;RFC4
prerank,IRE1alpha Activates Chaperones R-HSA-381070,-0.33878397422083467,-1.2177021350769932,1.747899e-01,6.059553e-01,1.000000e+00,13/42,20.62%,HDGF;MYDGF;TATDN2;ERN1;DNAJB11;GSK3A;TSPYL2;WIPI1;DNAJC3;PDIA6;SHC1;HSPA5;HYOU1
prerank,Vasopressin Regulates Renal Water Homeostasis Via Aquaporins R-HSA-432040,-0.4101637590916721,-1.2176701141791286,2.196429e-01,5.986497e-01,1.000000e+00,6/18,9.03%,GNAS;GNB1;ADCY7;GNGT2;PRKCA;PRKAR2A
prerank,Aquaporin-mediated Transport R-HSA-445717,-0.4101637590916721,-1.2176701141791286,2.196429e-01,5.986497e-01,1.000000e+00,6/18,9.03%,GNAS;GNB1;ADCY7;GNGT2;PRKCA;PRKAR2A
prerank,Kinesins R-HSA-983189,0.4015735698526917,1.2168467385355928,1.965066e-01,8.023323e-01,1.000000e+00,3/17,7.02%,KIF2A;KIF3B;KIF21A
prerank,Muscle Contraction R-HSA-397014,-0.3234497673922673,-1.2164896043490203,1.603448e-01,5.983919e-01,1.000000e+00,22/56,24.47%,PKN1;VIM;HIPK1;PKN2;PRKCA;ASPH;TPM3;MYL6;CALM1;SORBS3;FXYD7;ANXA6;RANGRF;HIPK2;CACNB1;ORAI1;ATP1B3;ITPR3;ATP2B1;DMPK;GUCY1A1;ATP1B1
prerank,Amino Acids Regulate mTORC1 R-HSA-9639288,-0.33259526113065147,-1.2159403300432783,1.723549e-01,5.965354e-01,1.000000e+00,17/46,22.79%,TCIRG1;LAMTOR1;ATP6V1H;LAMTOR4;FNIP1;ATP6V0C;SEH1L;SEC13;LAMTOR5;ATP6V1G1;ITFG2;MLST8;CASTOR2;RHEB;FLCN;LAMTOR3;SZT2
prerank,Activation Of ATR In Response To Replication Stress R-HSA-176187,0.369468243544555,1.2144061450036512,2.075472e-01,8.001972e-01,1.000000e+00,6/24,14.46%,RPA3;MCM3;RFC5;RFC4;RAD17;ATRIP
prerank,Diseases Associated With N-glycosylation Of Proteins R-HSA-3781860,0.391626086161501,1.2138666400561757,2.049550e-01,7.903911e-01,1.000000e+00,7/17,20.11%,ALG13;CTSA;ALG6;DPAGT1;ALG3;GLB1;ALG1
prerank,Activation Of Kainate Receptors Upon Glutamate Binding R-HSA-451326,-0.44052464081448156,-1.2124349544203292,2.099448e-01,6.041005e-01,1.000000e+00,5/15,17.12%,GNB1;GNGT2;CALM1;PLCB1;PLCB2
prerank,Opioid Signaling R-HSA-111885,-0.32714467165350286,-1.2121775909986308,1.572650e-01,6.012811e-01,1.000000e+00,20/50,22.62%,GRK2;PDE4D;GNB1;PPP2CA;ADCY7;GNGT2;PPP2CB;KPNA2;PRKCA;GNAQ;PRKAR2A;CALM1;PLCB1;ADCY9;GNAI2;PLCB2;PDE4A;PRKX;PDE4B;ITPR3
prerank,Regulation Of TP53 Activity Thru Acetylation R-HSA-6804758,-0.3786349481055201,-1.2112317680337967,2.028219e-01,6.006105e-01,1.000000e+00,5/27,5.63%,GATAD2A;BRD7;AKT1;PIP4K2A;ING3
prerank,Class I MHC Mediated Antigen Processing And Presentation R-HSA-983169,-0.24943880487797526,-1.2106986654835021,7.596685e-02,5.986403e-01,1.000000e+00,101/287,27.30%,FBXO44;SEC24C;ZNRF2;UBE2M;RNF7;UBOX5;CALR;FBXW7;ANAPC11;PSMF1;FBXL12;SEC61G;SEC24B;UBR1;ATG7;MIB2;UBE2Q1;CUL3;PSMD6;PSMB6;MYLIP;ELOB;FBXO9;BTBD6;RNF115;UBE2G2;FBXL18;RNF19B;BECN1;SEC61B;FBXO31;UBB;ARIH2;MEX3C;RNF130;PSME4;PDIA3;CTSS;CUL5;IKBKB;FBXL5;SEC24A;SEC13;TAPBP;UBA1;SOCS1;UBA6;UBE2S;FBXO11;TPP2;RBBP6;ASB6;PSMA1;PSME2;DTX3L;KLHL2;DCAF1;ATG14;PSMB3;HECTD1;HERC5;PSME1;SMURF1;PSMD9;FBXL20;UBE2J1;HSPA5;RNF138;SKP1;PJA1;PSMC2;AREL1;PSMD7;PSMC3;RNF19A;RNF6;HLA-F;FBXW8;UBE2L6;ANAPC5;HLA-B;HERC4;PSMD3;UBE2Z;UBE2O;RNF114;ZBTB16;VAMP3;UBE2V1;BTBD1;SMURF2;HLA-E;ERAP1;TRIM21;RNF126;MKRN1;UBE2D1;FBXO32;CUL1;CDC34;UBE2Q2
prerank,Cytoprotection By HMOX1 R-HSA-9707564,-0.3233149808408307,-1.210639827742052,1.649306e-01,5.952626e-01,1.000000e+00,16/48,19.91%,CREBBP;COX7B;NCOA1;COX5B;COX6A1;COX19;CARM1;SURF1;LRPPRC;COX8A;TBL1X;NFE2L2;MAFK;COX16;HM13;COX5A
prerank,Sialic Acid Metabolism R-HSA-4085001,0.38991620938112753,1.2095539965978528,2.045977e-01,7.963199e-01,1.000000e+00,8/18,25.33%,ST8SIA4;ST6GAL1;CTSA;CMAS;ST3GAL1;GLB1;ST3GAL5;ST3GAL2
prerank,Transcriptional Regulation By RUNX2 R-HSA-8878166,-0.2927294845926298,-1.2092013083782263,1.552588e-01,5.962106e-01,1.000000e+00,26/83,23.64%,LGALS3;AKT1;HIVEP3;FBXW7;PSMF1;YES1;PSMD6;PSMB6;UBB;PSME4;MAF;PSMA1;PSME2;PSMB3;PSME1;SMURF1;PPM1D;PSMD9;AREG;SKP1;PSMC2;PSMD7;PSMC3;RUNX2;ABL1;PSMD3
prerank,Regulation Of mRNA Stability By Proteins That Bind AU-rich Elements R-HSA-450531,0.2773188655878601,1.2067458298836913,1.442543e-01,7.969405e-01,1.000000e+00,19/81,13.00%,MAPK14;XPO1;ZFP36L1;PSMD2;HSPB1;PSMB2;PSMD11;YWHAZ;HNRNPD;YWHAB;PARN;EXOSC2;PSMD10;EXOSC3;XRN1;PABPC1;HSPA8;PSMD4;EXOSC8
prerank,TNFR2 Non-Canonical NF-kB Pathway R-HSA-5668541,-0.29627661726870874,-1.2045865474850896,1.586777e-01,6.071293e-01,1.000000e+00,22/76,20.98%,UBE2M;PSMF1;LTA;CD70;PSMD6;BIRC2;PSMB6;TNFRSF9;UBB;TNFRSF11A;PSME4;PSMA1;PSME2;PSMB3;PSME1;PSMD9;BIRC3;RELB;SKP1;PSMC2;PSMD7;PSMC3
prerank,Protein Methylation R-HSA-8876725,0.4146294119355783,1.2036097831559853,2.182628e-01,7.979229e-01,1.000000e+00,9/15,28.00%,EEF1A1;EEF2;VCPKMT;VCP;HSPA8;CAMKMT;METTL22;EEF1AKMT2;EEF2KMT
prerank,Presynaptic Phase Of Homologous DNA Pairing And Strand Exchange R-HSA-5693616,0.35776420064321024,1.2003892111410306,2.054795e-01,7.995776e-01,1.000000e+00,8/26,20.89%,RPA3;RFC5;RFC4;RAD17;ATRIP;MRE11;RAD51C;ATM
prerank,CaM Pathway R-HSA-111997,-0.4202178258634443,-1.1996238457470916,2.249071e-01,6.199502e-01,1.000000e+00,7/16,15.81%,GRK2;ADCY7;KPNA2;PRKCA;PRKAR2A;CALM1;ADCY9
prerank,Effects Of PIP2 Hydrolysis R-HSA-114508,0.390992090970567,1.1972496723663033,2.201646e-01,8.014119e-01,1.000000e+00,3/19,3.09%,RASGRP1;PRKCQ;RASGRP2
prerank,Diseases Of DNA Repair R-HSA-9675135,0.32736280915264904,1.1969605868936688,2.064965e-01,7.912791e-01,1.000000e+00,10/35,20.89%,RPA3;RFC5;RFC4;PMS2;MSH3;RAD17;ATRIP;MRE11;RAD51C;ATM
prerank,RHOD GTPase Cycle R-HSA-9013405,0.3262148710976276,1.1961685516551084,2.304147e-01,7.837281e-01,1.000000e+00,8/36,8.89%,ADD3;LBR;SLC4A7;TMPO;DIAPH1;LMAN1;ARHGAP1;ARHGAP17
prerank,Selective Autophagy R-HSA-9663891,-0.3202740834996488,-1.1953987475727421,1.926910e-01,6.300454e-01,1.000000e+00,15/53,14.27%,MAP1LC3B;CSNK2B;ULK1;DYNLL2;PRKAG1;TOMM22;DYNC1LI1;UBB;DYNC1LI2;CSNK2A2;PGAM5;USP30;PRKAG2;TOMM5;PINK1
prerank,Ca-dependent Events R-HSA-111996,-0.41168481026752074,-1.1951405376147506,2.174721e-01,6.272383e-01,1.000000e+00,6/17,10.58%,GRK2;ADCY7;KPNA2;PRKCA;PRKAR2A;CALM1
prerank,Intraflagellar Transport R-HSA-5620924,0.34819045192297576,1.1945762498324972,2.132701e-01,7.790428e-01,1.000000e+00,8/25,21.57%,TRIP11;KIF3B;IFT57;DYNLL1;IFT27;DYNC2I1;DYNC2H1;IFT88
prerank,Regulation Of RUNX1 Expression And Activity R-HSA-8934593,-0.4194624042829886,-1.1937453774175437,2.379249e-01,6.282553e-01,1.000000e+00,3/15,10.01%,TNRC6A;AGO4;AGO2
prerank,FOXO-mediated Transcription Of Cell Death Genes R-HSA-9614657,-0.421686598656829,-1.192632285901,2.182836e-01,6.283260e-01,1.000000e+00,9/16,29.21%,BCL6;CREBBP;BBC3;PINK1;NFYA;EP300;DDIT3;FOXO3;FOXO4
prerank,RNA Polymerase II Pre-transcription Events R-HSA-674695,-0.2939243202958184,-1.1924700018863208,1.702479e-01,6.252391e-01,1.000000e+00,22/77,18.23%,ELOA;TAF11;TAF10;ERCC3;POLR2C;POLR2D;POLR2G;ELOB;TAF15;NCBP1;MNAT1;ELL;TAF4;CCNT1;POLR2E;CDK7;NELFCD;CCNT2;RTF1;POLR2J;NELFA;CDK9
prerank,Chaperonin-mediated Protein Folding R-HSA-390466,0.29152781349140505,1.1919057691344863,1.547912e-01,7.794526e-01,1.000000e+00,18/56,17.76%,USP11;TUBA1A;STAT3;TCP1;CCT3;LONP2;CCT6A;GNG10;PFDN6;DCAF7;WRAP53;FBXO4;CCT8;CCT7;TUBB;CCT4;TUBA1C;CCT2
prerank,Neddylation R-HSA-8951664,-0.2579152324895655,-1.1913089334226163,1.223565e-01,6.255554e-01,1.000000e+00,50/184,21.61%,FBXO44;COMMD5;UBE2M;RNF7;COMMD7;FBXW7;PSMF1;FBXL12;CUL3;UCHL3;PSMD6;CAND1;PSMB6;ELOB;DDA1;COPS8;COPS3;FBXO9;BTBD6;COMMD9;FBXL18;FBXO31;UBB;TULP4;PSME4;CUL5;FBXL5;SPSB3;FBXO11;ASB6;PSMA1;PSME2;DCAF5;KLHL2;PSMB3;DCAF8;NFE2L2;PSME1;PSMD9;DDB1;FBXL20;ANKRD9;COPS4;SKP1;PSMC2;PSMD7;PSMC3;NPLOC4;COMMD4;WSB2
prerank,PCP/CE Pathway R-HSA-4086400,-0.29480421451003774,-1.1892780147743103,1.644295e-01,6.282804e-01,1.000000e+00,24/70,23.64%,RYK;CLTB;PSMF1;PSMD6;PSMB6;PRKCA;UBB;PSME4;PRKCB;PSMA1;PSME2;PSMB3;PSME1;SMURF1;PSMD9;PFN1;AP2A1;PSMC2;PSMD7;PSMC3;AP2M1;ARRB2;AP2A2;PSMD3
prerank,Signaling By High-Kinase Activity BRAF Mutants R-HSA-6802948,0.37798703384102145,1.1880099531403705,2.276786e-01,7.846342e-01,1.000000e+00,6/22,7.89%,ARAF;MAP2K1;VCL;APBB1IP;YWHAB;RAP1B
prerank,Post-translational Protein Phosphorylation R-HSA-8957275,-0.3415357840967577,-1.1877729623445359,2.320534e-01,6.292329e-01,1.000000e+00,12/35,18.04%,LGALS1;TIMP1;IGFBP4;QSOX1;P4HB;CALU;TGOLN2;DNAJC3;MGAT4A;LMNB2;SHISA5;PDIA6
prerank,MyD88 Cascade Initiated On Plasma Membrane R-HSA-975871,-0.2984700944035654,-1.1853768808268117,1.765677e-01,6.333906e-01,1.000000e+00,14/72,11.22%,MAP3K8;MAPKAPK2;MAP2K3;PPP2CA;TNIP2;MAPK9;MAP2K7;NFKBIB;PPP2CB;N4BP1;UBB;NFKB1;IKBKB;USP18
prerank,Oxidative Stress Induced Senescence R-HSA-2559580,-0.2978038445062346,-1.1851637277859604,1.736931e-01,6.307123e-01,1.000000e+00,14/71,9.64%,MAPKAPK2;CBX4;H2AJ;MAP2K3;H2AX;CDKN2D;MAPK9;PHC2;MAP2K7;H3-3B;TNRC6A;AGO4;UBB;H2AZ1
prerank,TRAF6 Mediated Induction Of NFkB And MAP Kinases Upon TLR7/8 Or 9 Activation R-HSA-975138,-0.2948286380006892,-1.1820835923299389,1.807818e-01,6.367359e-01,1.000000e+00,14/74,11.22%,MAP3K8;MAPKAPK2;MAP2K3;PPP2CA;TNIP2;MAPK9;MAP2K7;NFKBIB;PPP2CB;N4BP1;UBB;NFKB1;IKBKB;USP18
prerank,Visual Phototransduction R-HSA-2187338,-0.3679459441489629,-1.1815895251154627,2.314647e-01,6.349029e-01,1.000000e+00,10/25,14.58%,RNF7;GNB1;C1D;METAP2;PRKCA;LRP8;DHRS3;CALM1;PDE6G;RDH10
prerank,KEAP1-NFE2L2 Pathway R-HSA-9755511,-0.2809409457049639,-1.1815385177490794,1.760905e-01,6.316745e-01,1.000000e+00,38/90,28.98%,ATF4;MAP1LC3B;AKT1;CSNK2B;CREBBP;PSMF1;CUL3;PSMD6;PSMB6;NOTCH1;UBB;PSME4;CSNK2A2;PSMA1;PSME2;TKT;PSMB3;NFE2L2;MAFK;PSME1;PSMD9;SKP1;PSMC2;PSMD7;PSMC3;NPLOC4;PSMD3;TALDO1;MUL1;TRIM21;GSR;SRXN1;CUL1;HMOX1;GSK3B;PSMD8;EP300;PSMC1
prerank,HIV Life Cycle R-HSA-162587,-0.26357370827631116,-1.1779079641992374,1.430793e-01,6.403459e-01,1.000000e+00,36/135,18.23%,ELOA;TAF11;TAF10;VPS37B;CHMP4B;FURIN;ERCC3;POLR2C;NUP54;CHMP2B;POLR2D;POLR2G;ELOB;RNMT;TAF15;NUP133;NCBP1;UBB;MNAT1;SEH1L;ELL;TAF4;UBAP1;SEC13;CCNT1;POLR2E;CDK7;CHMP2A;VPS4A;NELFCD;KPNA1;CCNT2;POLR2J;POM121;NELFA;CDK9
prerank,Toll Like Receptor 7/8 (TLR7/8) Cascade R-HSA-168181,-0.29214320885567774,-1.1777198188905476,1.857835e-01,6.342455e-01,1.000000e+00,14/75,11.22%,MAP3K8;MAPKAPK2;MAP2K3;PPP2CA;TNIP2;MAPK9;MAP2K7;NFKBIB;PPP2CB;N4BP1;UBB;NFKB1;IKBKB;USP18
prerank,MyD88 Dependent Cascade Initiated On Endosome R-HSA-975155,-0.29214320885567774,-1.1777198188905476,1.857835e-01,6.342455e-01,1.000000e+00,14/75,11.22%,MAP3K8;MAPKAPK2;MAP2K3;PPP2CA;TNIP2;MAPK9;MAP2K7;NFKBIB;PPP2CB;N4BP1;UBB;NFKB1;IKBKB;USP18
prerank,RORA Activates Gene Expression R-HSA-1368082,-0.41879370937930166,-1.1772512641083306,2.402957e-01,6.322867e-01,1.000000e+00,5/15,15.80%,CREBBP;NCOA1;CARM1;SREBF1;TBL1X
prerank,Protein Localization R-HSA-9609507,-0.2641961358644186,-1.1769891777059656,1.522763e-01,6.298194e-01,1.000000e+00,26/139,14.20%,GFER;GRPEL2;STX5;TIMM17A;ATP5MC1;TIMM8B;TIMM23;BCS1L;MTX1;FXN;CS;SEC61G;NDUFB8;TOMM22;COX19;SEC61B;UBB;MPV17;GRPEL1;CHCHD5;TIMM8A;TIMM22;GET4;ACOX1;ACAA1;TOMM5
prerank,Chaperone Mediated Autophagy R-HSA-9613829,0.40594171786868366,1.1768223276805463,2.566372e-01,8.179378e-01,1.000000e+00,8/15,24.39%,EEF1A1;ARL13B;HSPA8;PCNT;HDAC6;UBC;IFT88;PLIN2
prerank,DNA Double Strand Break Response R-HSA-5693606,0.3082933026389873,1.1763292940865828,2.195704e-01,8.093587e-01,1.000000e+00,24/44,31.86%,H2BC15;SMARCA5;BAZ1B;HERC2;MDC1;KDM4B;UBC;MRE11;RNF8;H2BC9;TP53;ATM;H2BC12;NSD2;MAPK8;UBE2V2;H2BC11;APBB1;UBA52;RAD50;PPP5C;KDM4A;BARD1;ABRAXAS1
prerank,mRNA Splicing - Minor Pathway R-HSA-72165,-0.3125139016769123,-1.1760033034309088,2.037351e-01,6.294658e-01,1.000000e+00,13/49,18.61%,SF3B6;EFTUD2;POLR2C;POLR2D;POLR2G;NCBP1;ZCRB1;SRSF2;POLR2E;SNRNP25;POLR2J;SF3B2;ZRSR2
prerank,Glucagon-like Peptide-1 (GLP1) Regulates Insulin Secretion R-HSA-381676,-0.388108790173036,-1.1750709640983645,2.599278e-01,6.290583e-01,1.000000e+00,5/20,9.03%,GNAS;GNB1;GNGT2;PRKCA;PRKAR2A
prerank,Activation Of BAD And Translocation To Mitochondria R-HSA-111447,0.40136157320920957,1.1747028242021613,2.529274e-01,8.059936e-01,1.000000e+00,6/15,10.02%,PPP3CC;YWHAZ;YWHAB;YWHAH;AKT3;PPP3R1
prerank,Nuclear Import Of Rev Protein R-HSA-180746,0.32776956198538,1.1731039757296973,2.181425e-01,8.021316e-01,1.000000e+00,9/33,17.04%,KPNB1;NUP62;NUP50;RAN;NUP37;NPM1;NUP58;NUP188;NUP85
prerank,VEGFA-VEGFR2 Pathway R-HSA-4420097,-0.30069829447851715,-1.1699342392355208,2.185315e-01,6.420613e-01,1.000000e+00,15/64,14.59%,NCK2;PKN1;MAPKAPK2;CDC42;NRAS;AKT1;ARHGEF7;PKN2;PRKCA;PIK3R1;CALM1;PRKCB;MAPKAP1;VAV3;MLST8
prerank,Programmed Cell Death R-HSA-5357801,0.23944833067235904,1.1693064537754891,1.304348e-01,8.071829e-01,1.000000e+00,31/167,10.72%,SPTAN1;KPNB1;FNTA;PPP3CC;IRF2;CYCS;H1-2;PRKCQ;STAT3;PSMD2;APIP;GZMB;H1-3;PSMB2;H1-4;PSMD11;MAGED1;GSDMD;YWHAZ;YWHAB;BCL2L1;ADD1;DAPK2;YWHAH;CDKN2A;AKT3;CARD8;RRM1;PPP3R1;RIPK1;PSMD10
prerank,RAC3 GTPase Cycle R-HSA-9013423,-0.30470592956432774,-1.167406269920989,2.272727e-01,6.464853e-01,1.000000e+00,16/58,17.45%,PKN1;CDC42;GIT1;LAMTOR1;ARHGAP21;RAPGEF1;PREX1;PKN2;ARHGAP26;PIK3R1;ARHGAP5;PGRMC2;TRIO;OPHN1;VANGL1;VRK2
prerank,"mRNA Activation Upon Binding Of Cap-Binding Complex And eIFs, Subsequent Binding To 43S R-HSA-72662",0.351007347488559,1.1672272147097031,2.376682e-01,7.958291e-01,1.000000e+00,11/25,21.29%,EIF3A;EIF2S1;EIF4B;EIF3E;EIF3L;PABPC1;EIF4A2;EIF4G1;EIF3K;EIF2S2;EIF3H
prerank,Translation Initiation Complex Formation R-HSA-72649,0.351007347488559,1.1672272147097031,2.376682e-01,7.958291e-01,1.000000e+00,11/25,21.29%,EIF3A;EIF2S1;EIF4B;EIF3E;EIF3L;PABPC1;EIF4A2;EIF4G1;EIF3K;EIF2S2;EIF3H
prerank,Mitochondrial Biogenesis R-HSA-1592230,-0.2859631124299136,-1.1666596802188947,1.872910e-01,6.453626e-01,1.000000e+00,18/73,17.26%,ATP5MC1;MTX1;CREBBP;MEF2D;PPRC1;NCOA1;PRKAG1;APOOL;HCFC1;CRTC2;CARM1;ATP5ME;CALM1;PRKAG2;IDH2;TBL1X;DMAC2L;CHCHD6
prerank,Neutrophil Degranulation R-HSA-6798695,0.22050058737109493,1.166541537781486,6.779661e-02,7.891424e-01,1.000000e+00,81/310,18.65%,MAPK14;SPTAN1;KPNB1;ENPP4;XRCC5;S100A8;ARHGAP45;APEH;PTPRC;S100A9;NIT2;NCKAP1L;STK10;SCAMP1;RAB10;MLEC;CD47;XRCC6;PSMD2;CXCR2;VCL;EEF1A1;DIAPH1;PSMD11;KCNAB2;STOM;GHDC;VAT1;COPB1;GSDMD;PIKFYVE;HGSNAT;UNC13D;PRDX4;CPNE3;IMPDH2;PSEN1;SLC2A3;STING1;GDI2;PGM1;SLCO4C1;RAP1B;EEF2;LPCAT1;HMOX2;CTSA;CD53;TMBIM1;TRAPPC1;VCP;CTSC;PTGES2;CEP290;SLC44A2;CAP1;HSPA8;CYB5R3;DYNLL1;GYG1;PKM;BIN2;CCT8;ADAM10;OSTF1;TUBB;PPBP;PSMD13;TSPAN14;SERPINB6;GAA;HUWE1;PSMA5;CD59;ACTR2;GLB1;CCT2;CXCR1;PRCP;SNAP23;RAP1A
prerank,Glycogen Metabolism R-HSA-8982491,0.4019027008488986,1.1663060383856814,2.563559e-01,7.810119e-01,1.000000e+00,9/15,24.84%,UGP2;PHKB;PGM1;GYG1;GAA;UBC;PYGB;AGL;GYS1
prerank,HIV Transcription Initiation R-HSA-167161,-0.3190938342944198,-1.1643664779140868,2.439446e-01,6.490654e-01,1.000000e+00,11/44,13.52%,TAF11;TAF10;ERCC3;POLR2C;POLR2D;POLR2G;TAF15;MNAT1;TAF4;POLR2E;CDK7
prerank,Signaling By EGFR In Cancer R-HSA-1643713,-0.40952804734838977,-1.1636918850183098,2.556391e-01,6.479859e-01,1.000000e+00,6/16,19.05%,NRAS;PIK3R1;UBB;CDC37;SHC1;AREG
prerank,NRAGE Signals Death Thru JNK R-HSA-193648,-0.36049683174592645,-1.1635312047089603,2.409639e-01,6.452431e-01,1.000000e+00,10/26,16.49%,ARHGEF7;PLEKHG2;PREX1;SOS2;GNA13;BAD;TRIO;VAV3;ARHGEF1;ARHGEF10
prerank,Intracellular Signaling By Second Messengers R-HSA-9006925,-0.2488191133085606,-1.1634565884086523,1.447761e-01,6.422779e-01,1.000000e+00,58/212,21.20%,GATAD2A;ATN1;CBX4;GRK2;AKT1;IRS2;LAMTOR1;PHLPP2;CSNK2B;EGR1;LAMTOR4;IER3;PPP2CA;PIP4K2A;PSMF1;ADCY7;BAD;PHC2;PSMD6;PSMB6;RNMT;GSK3A;PPP2CB;KPNA2;PRKCA;USP7;TNRC6A;AGO4;PIK3R1;PRKAR2A;UBB;AGO2;PSME4;CALM1;CSNK2A2;LAMTOR5;MAPKAP1;IRAK1;PSMA1;PSME2;MLST8;PSMB3;TRAT1;ADCY9;MAF1;PSME1;PSMD9;AREG;VAPA;PRKX;EED;MTA1;PSMC2;PIP4K2C;PSMD7;PSMC3;RHEB;SNAI1
prerank,SUMOylation Of Transcription Cofactors R-HSA-3899300,-0.3262400406149272,-1.1628475647889482,2.355009e-01,6.410272e-01,1.000000e+00,14/38,22.43%,CTBP1;CBX4;CREBBP;NCOA1;ING3;PHC2;SUMO1;TOPORS;PIAS1;ZNF350;UBE2I;HIPK2;TRIM28;PARK7
prerank,TP53 Regulates Transcription Of DNA Repair Genes R-HSA-6796648,-0.30126087630367204,-1.1622580064004147,2.176080e-01,6.398055e-01,1.000000e+00,18/58,21.31%,ELOA;ERCC3;POLR2C;POLR2D;POLR2G;ELOB;MNAT1;ELL;CCNT1;POLR2E;CDK7;NELFCD;CCNT2;POLR2J;NELFA;CDK9;CDK12;NELFB
prerank,Protein Folding R-HSA-391251,0.28238346359389327,1.1602027193039048,1.868421e-01,7.953624e-01,1.000000e+00,19/61,17.76%,USP11;TUBA1A;STAT3;TCP1;CCT3;LONP2;CCT6A;TBCA;GNG10;PFDN6;DCAF7;WRAP53;FBXO4;CCT8;CCT7;TUBB;CCT4;TUBA1C;CCT2
prerank,Processing Of DNA Double-Strand Break Ends R-HSA-5693607,0.2905353923567283,1.1587275272126492,2.068966e-01,7.921956e-01,1.000000e+00,25/56,31.86%,H2BC15;RPA3;PPP4C;RFC5;PPP4R2;RFC4;HERC2;MDC1;RAD17;ATRIP;UBC;MRE11;TIMELESS;RNF8;H2BC9;ATM;H2BC12;NSD2;BLM;UBE2V2;H2BC11;UBA52;RAD50;BARD1;ABRAXAS1
prerank,Regulation Of IGF Transport And Uptake By IGFBPs R-HSA-381426,-0.32769851721137183,-1.15865326981787,2.554257e-01,6.479285e-01,1.000000e+00,12/37,18.04%,LGALS1;TIMP1;IGFBP4;QSOX1;P4HB;CALU;TGOLN2;DNAJC3;MGAT4A;LMNB2;SHISA5;PDIA6
prerank,Signaling By EGFR R-HSA-177929,-0.34129370100030443,-1.1579956756687921,2.368897e-01,6.466304e-01,1.000000e+00,7/33,9.14%,CDC42;NRAS;ARHGEF7;SPRY2;STAM;PIK3R1;UBB
prerank,Signaling By CSF3 (G-CSF) R-HSA-9674555,-0.36912201032584513,-1.1576973017184478,2.454874e-01,6.443971e-01,1.000000e+00,9/24,18.49%,RNF7;NRAS;ELOB;UBB;CUL5;SOCS1;LYN;TYK2;SHC1
prerank,TCF Dependent Signaling In Response To WNT R-HSA-201681,-0.26318803736500074,-1.1570909657266961,1.808176e-01,6.431126e-01,1.000000e+00,24/131,10.87%,CSNK1G2;CTBP1;RUNX3;H2AJ;AKT1;TCF7;RYK;CSNK2B;CREBBP;H2AX;PPP2CA;PSMF1;CUL3;PSMD6;PSMB6;PPP2CB;H3-3B;AXIN1;TLE4;UBB;H2AZ1;PSME4;FRAT2;CSNK2A2
prerank,Phase I - Functionalization Of Compounds R-HSA-211945,0.33938276754005325,1.1570078028260034,2.340909e-01,7.898116e-01,1.000000e+00,7/27,15.50%,MIA3;ACSS1;PTGES3;CYB5B;CYB5R3;FDXR;ADH5
prerank,FGFR1 Mutant Receptor Activation R-HSA-1839124,0.38042649932541595,1.156983761831332,2.645012e-01,7.810607e-01,1.000000e+00,6/19,14.90%,STAT3;FGFR1OP2;STAT5A;CNTRL;PIK3CA;TRIM24
prerank,Transport Of Ribonucleoproteins Into Host Nucleus R-HSA-168271,0.3207261214083064,1.1558975437056056,2.328160e-01,7.766932e-01,1.000000e+00,9/34,17.04%,KPNB1;NUP62;NUP50;PBRM1;NUP37;GNL3;NUP58;NUP188;NUP85
prerank,Transcriptional Activation Of Mitochondrial Biogenesis R-HSA-2151201,-0.32261519802754773,-1.1552123507354335,2.169982e-01,6.460412e-01,1.000000e+00,10/40,15.80%,CREBBP;MEF2D;PPRC1;NCOA1;HCFC1;CRTC2;CARM1;CALM1;IDH2;TBL1X
prerank,Budding And Maturation Of HIV Virion R-HSA-162588,-0.3776245889364689,-1.1548815091003846,2.462687e-01,6.439870e-01,1.000000e+00,7/21,14.73%,VPS37B;CHMP4B;CHMP2B;UBB;UBAP1;CHMP2A;VPS4A
prerank,Role Of Nef In HIV-1 Replication And Disease Pathogenesis R-HSA-164952,-0.37989981330943245,-1.1545576504646105,2.436116e-01,6.417878e-01,1.000000e+00,8/20,22.76%,ATP6V1H;PKN2;AP1S1;DOCK2;AP2A1;AP2M1;AP1G1;AP2A2
prerank,Transcriptional Regulation By E2F6 R-HSA-8953750,0.3360392664631035,1.1537561296941121,2.607656e-01,7.767224e-01,1.000000e+00,8/28,16.17%,RBBP4;MAX;SUZ12;CBX3;EHMT1;PHC3;TFDP1;EHMT2
prerank,Mitotic Prophase R-HSA-68875,-0.2794571737320176,-1.1492899884598042,2.094595e-01,6.554211e-01,1.000000e+00,19/91,13.80%,RAB1A;H2AJ;GORASP2;H2AX;PPP2CA;NUP54;KMT5A;PPP2CB;PRKCA;H3-3B;NUP133;H2AZ1;RAB2A;SEH1L;MCPH1;PRKCB;SEC13;LPIN1;PPP2R2D
prerank,Rev-mediated Nuclear Export Of HIV RNA R-HSA-165054,0.317272393390148,1.1489020667204553,2.511013e-01,7.866831e-01,1.000000e+00,9/34,17.04%,XPO1;NUP62;NUP50;RAN;NUP37;NUP58;NUP188;RANBP1;NUP85
prerank,C-type Lectin Receptors (CLRs) R-HSA-5621481,-0.2695792118880717,-1.1486654078989054,1.816694e-01,6.544674e-01,1.000000e+00,29/105,20.98%,PKN1;UBE2M;NRAS;CARD11;ARHGEF7;CREBBP;PSMF1;PSMD6;PSMB6;PKN2;PRKCA;UBB;NFKB1;PSME4;CALM1;IKBKB;NFATC1;LYN;PSMA1;PSME2;PSMB3;PSME1;PSMD9;ICAM3;RELB;SKP1;PSMC2;PSMD7;PSMC3
prerank,PTEN Regulation R-HSA-6807070,-0.2638660904757615,-1.1484550933682625,1.978193e-01,6.519985e-01,1.000000e+00,35/122,21.20%,GATAD2A;ATN1;CBX4;AKT1;LAMTOR1;CSNK2B;EGR1;LAMTOR4;PSMF1;PHC2;PSMD6;PSMB6;USP7;TNRC6A;AGO4;UBB;AGO2;PSME4;CSNK2A2;LAMTOR5;PSMA1;PSME2;MLST8;PSMB3;MAF1;PSME1;PSMD9;VAPA;EED;MTA1;PSMC2;PSMD7;PSMC3;RHEB;SNAI1
prerank,HIV Infection R-HSA-162906,-0.24486065127247203,-1.1465383401043325,1.597542e-01,6.553398e-01,1.000000e+00,52/206,18.28%,ELOA;TAF11;TAF10;VPS37B;ATP6V1H;CHMP4B;FURIN;ERCC3;POLR2C;PSMF1;NUP54;CHMP2B;POLR2D;PSMD6;PSMB6;POLR2G;ELOB;RNMT;PKN2;TAF15;NUP133;NCBP1;AP1S1;UBB;MNAT1;SEH1L;ELL;PSME4;CUL5;TAF4;UBAP1;SEC13;CCNT1;POLR2E;SLC25A5;CDK7;PSMA1;PSME2;CHMP2A;VPS4A;NELFCD;PSMB3;DOCK2;KPNA1;CCNT2;PSME1;POLR2J;POM121;PSMD9;NELFA;CDK9;AP2A1
prerank,RNA Polymerase I Transcription R-HSA-73864,0.2787790763428762,1.1457501502032787,2.325000e-01,7.816083e-01,1.000000e+00,20/64,20.64%,HDAC1;UBTF;H2BC15;RBBP4;TBP;GTF2H1;GTF2H3;H2AC6;CBX3;POLR1H;GTF2H5;KAT2A;H2AC4;EHMT2;CCNH;POLR1D;MTA2;TAF1B;POLR1E;H2BC9
prerank,RNA Polymerase I Promoter Clearance R-HSA-73854,0.2787790763428762,1.1457501502032787,2.325000e-01,7.816083e-01,1.000000e+00,20/64,20.64%,HDAC1;UBTF;H2BC15;RBBP4;TBP;GTF2H1;GTF2H3;H2AC6;CBX3;POLR1H;GTF2H5;KAT2A;H2AC4;EHMT2;CCNH;POLR1D;MTA2;TAF1B;POLR1E;H2BC9
prerank,G Alpha (I) Signaling Events R-HSA-418594,-0.279144952828678,-1.1456372949382072,2.321145e-01,6.550642e-01,1.000000e+00,28/81,22.62%,GRK2;PDE4D;GNAS;GNB1;PPP2CA;GPR183;ADCY7;HEBP1;GNGT2;PPP2CB;KPNA2;PRKCA;GNAQ;PRKAR2A;CCL4;CALM1;RGS16;CCL5;PLCB1;ADCY9;GNAI2;PLCB2;PDE4A;C3AR1;PRKX;CXCR3;PDE4B;ITPR3
prerank,Organelle Biogenesis And Maintenance R-HSA-1852241,0.22451207332794637,1.1450327325086969,1.188119e-01,7.760412e-01,1.000000e+00,66/211,24.11%,CEP57;MAPK14;TUBA1A;CKAP5;ARF4;ATP5PO;TRIP11;CYCS;CEP250;RAB11A;TCP1;ARL13B;CCT3;KIF3B;IMMT;HAUS1;CNTRL;IFT57;HAUS4;PTGES2;CEP290;SEPTIN2;BBS2;PDE6D;DYNLL1;PCNT;HDAC6;CCT8;SCLT1;ATP5PD;TMEM216;CREB1;TUBB;ALAS1;CCT4;IFT27;CEP78;DYNC2I1;EXOC1;CEP162;CDK5RAP2;SFI1;PPARA;CEP89;PRKD2;PAFAH1B1;DYNC2H1;CCT2;BBS9;NCOA6;DNAJC11;TCTN3;SSBP1;ATP5MC3;GLUD1;SIRT5;IFT88;MTERF1;ATP5PF;PCM1;CEP76;CHD9;TFB1M;ODF2;GABPA;TMEM67
prerank,Hemostasis R-HSA-109582,0.21819240627723224,1.144896050240599,1.083916e-01,7.684065e-01,1.000000e+00,40/292,7.89%,MAPK14;PPP2R5A;PRKACB;HDAC1;KIF2A;PRKAR1A;PAFAH2;FAM3C;RASGRP1;S100A9;IRF2;ITGA4;PRKCQ;PPP2R5D;TMX3;PIK3CG;PLEK;SOD1;STIM1;EHD1;ENDOD1;RASGRP2;CD47;CAPZA1;CRK;VCL;KIF3B;APBB1IP;PIKFYVE;SELPLG;GLG1;YWHAZ;ATP2B4;PLCG1;PPP2R5C;KIF21A;ATP2A3;DOCK10;GNG10;RAP1B
prerank,Metabolism Of Porphyrins R-HSA-189445,0.38485649054409643,1.1433470947648312,2.835821e-01,7.662275e-01,1.000000e+00,6/16,27.29%,HMOX2;ALAS1;UROD;COX10;ALAD;FECH
prerank,Cellular Response To Chemical Stress R-HSA-9711123,-0.25382882554479486,-1.1427430119453321,1.895735e-01,6.609273e-01,1.000000e+00,59/149,28.98%,ATF4;MAP1LC3B;AKT1;CSNK2B;CREBBP;COX7B;PSMF1;NCOA1;COX5B;CUL3;PRDX5;PSMD6;PSMB6;COX6A1;COX19;NOTCH1;CARM1;SURF1;UBB;P4HB;PSME4;CSNK2A2;LRPPRC;COX8A;GSTP1;PSMA1;PSME2;TKT;PSMB3;TBL1X;NFE2L2;MAFK;COX16;PSME1;PSMD9;HM13;COX5A;SKP1;PSMC2;PSMD7;PSMC3;NPLOC4;PSMD3;ATOX1;TALDO1;MUL1;TRIM21;GSR;COX6C;SRXN1;CUL1;HMOX1;GSK3B;SCO1;PSMD8;EP300;NCOR1;COX20;PSMC1
prerank,Transcriptional Regulation By Small RNAs R-HSA-5578749,-0.2940819491792061,-1.1421380672430064,2.456140e-01,6.597646e-01,1.000000e+00,14/63,12.68%,H2AJ;H2AX;POLR2C;NUP54;POLR2D;POLR2G;H3-3B;NUP133;TNRC6A;H2AZ1;AGO2;SEH1L;SEC13;POLR2E
prerank,O-linked Glycosylation R-HSA-5173105,-0.3280710616237486,-1.141986880974883,2.491409e-01,6.572820e-01,1.000000e+00,6/35,10.62%,GALNT10;B3GNT7;GALNT3;B3GNT2;POMT1;ADAMTS10
prerank,"Signaling By Rho GTPases, Miro GTPases And RHOBTB3 R-HSA-9716542",0.20831634761550918,1.1411562903587198,5.833333e-02,7.667409e-01,1.000000e+00,71/437,11.28%,MAPK14;ARHGEF3;PPP2R5A;SPTAN1;XPO1;ARHGAP25;TAGAP;ARHGAP30;S100A8;KIF2A;CKAP5;ADD3;LBR;ARHGAP45;H2BC15;SLC4A7;S100A9;STK38;TMOD3;NCKAP1L;PPP2R5D;ARHGEF2;SLK;STK10;TMPO;PLEKHG3;RNF20;ACTR3;ERBIN;ARHGEF6;PPP1CB;DIAPH1;ARL13B;ARMCX3;CDC42EP3;STOM;CDKN1B;NDEL1;ANKRD26;YWHAZ;LMAN1;CCT6A;PPP2R5C;CYFIP2;YWHAB;ARHGAP1;STIP1;GIT2;YWHAH;FNBP1;MYO6;DOCK10;RHOT1;H2AC6;ARHGAP15;ZWILCH;ACBD5;BUB3;HMOX2;NUP37;ARHGAP17;NCK1;ARAP3;LRRC41;LCK;VCP;CLTC;AKAP13;DBT;LIN7B;MFN1
prerank,COPI-independent Golgi-to-ER Retrograde Traffic R-HSA-6811436,-0.3452535007251509,-1.1408849989843999,2.956522e-01,6.577768e-01,1.000000e+00,9/31,21.06%,DCTN4;DYNLL2;DCTN3;DYNC1LI1;DYNC1LI2;CAPZA2;RAB18;PLA2G6;GALNT1
prerank,MAP2K And MAPK Activation R-HSA-5674135,0.3471190783583656,1.136508211060898,2.631579e-01,7.758505e-01,1.000000e+00,6/25,7.89%,ARAF;MAP2K1;VCL;APBB1IP;YWHAB;RAP1B
prerank,Generation Of Second Messenger Molecules R-HSA-202433,-0.36298362228497105,-1.1345761462228308,3.069853e-01,6.742149e-01,1.000000e+00,5/24,7.61%,PKN1;HLA-DRB5;ARHGEF7;PKN2;CD3D
prerank,Termination Of Translesion DNA Synthesis R-HSA-5656169,0.32674951011867837,1.133959800646546,2.708333e-01,7.774831e-01,1.000000e+00,9/26,20.78%,RPA3;RFC5;POLK;RFC4;USP32;REV1;UBC;POLI;UBA7
prerank,Disassembly Of Destruction Complex And Recruitment Of AXIN To Membrane R-HSA-4641262,-0.3779814607503603,-1.1328076568745042,2.765957e-01,6.770562e-01,1.000000e+00,5/19,10.78%,CSNK1G2;PPP2CA;PPP2CB;AXIN1;FRAT2
prerank,DNA Repair R-HSA-73894,0.2182568602336602,1.1324596966194773,1.366667e-01,7.749741e-01,1.000000e+00,68/256,20.89%,XRCC5;TDP2;H2BC15;COPS5;SMARCA5;PRKDC;BAZ1B;RPA3;XRCC6;COPS7A;RNF111;PPP4C;INO80D;RFC5;PPP4R2;GTF2H1;DDB2;POLK;RFC4;GTF2H3;ZNF830;TDP1;UBE2B;REV3L;H2AC6;HERC2;INO80B;RAD23B;DCLRE1A;FAAP20;USP32;PMS2;MDC1;PARP1;RAD52;RUVBL1;VCP;KDM4B;ERCC8;PARG;REV1;MSH3;GTF2H5;RAD17;RBX1;GEN1;ATRIP;ASCC1;FAN1;FANCF;POLR2I;H2AC4;LRIF1;CCNH;UBC;MRE11;TIMELESS;POLM;RNF8;POLI;POLL;RAD51C;LRIG1;RAD18;H2BC9;UBA7;TP53;ATM
prerank,Citric Acid Cycle (TCA Cycle) R-HSA-71403,-0.37944058451845414,-1.1309863933519904,2.990654e-01,6.797864e-01,1.000000e+00,7/18,22.00%,CS;SDHB;DLST;SDHA;IDH2;IDH3G;IDH3B
prerank,Signaling By Retinoic Acid R-HSA-5362517,0.35646836128933224,1.1273659864527992,3.075221e-01,7.861632e-01,1.000000e+00,8/19,27.55%,RDH11;RDH14;PDK2;CPT1A;AKR1C3;RXRB;RARA;PDK3
prerank,Signaling By RAF1 Mutants R-HSA-9656223,0.342839269386606,1.1273468141267093,2.995495e-01,7.786126e-01,1.000000e+00,6/25,7.89%,ARAF;MAP2K1;VCL;APBB1IP;YWHAB;RAP1B
prerank,Regulation Of Insulin Secretion R-HSA-422356,-0.33106400235144984,-1.1268250734682181,2.877960e-01,6.897953e-01,1.000000e+00,13/32,23.94%,GNAS;GNB1;SLC2A1;GNGT2;PRKCA;GNAQ;PRKAR2A;PLCB1;GNAI2;PLCB2;ACSL3;ITPR3;STX1A
prerank,Defective Homologous Recombination Repair (HRR) Due To BRCA2 Loss Of Function R-HSA-9701190,0.33467214416158736,1.1245177565432891,2.870588e-01,7.822040e-01,1.000000e+00,8/26,20.89%,RPA3;RFC5;RFC4;RAD17;ATRIP;MRE11;RAD51C;ATM
prerank,EML4 And NUDC In Mitotic Spindle Formation R-HSA-9648025,0.27195042196780356,1.1227999127388724,2.398922e-01,7.808807e-01,1.000000e+00,12/68,8.52%,PPP2R5A;XPO1;KIF2A;CKAP5;PPP2R5D;NEK9;NDEL1;NEK7;PPP2R5C;ZWILCH;BUB3;NUP37
prerank,RHOA GTPase Cycle R-HSA-8980692,-0.2679953561140274,-1.1217266065926936,2.480253e-01,7.029266e-01,1.000000e+00,24/92,16.50%,ARHGAP4;PKN1;ARHGDIA;STX5;ARHGEF7;ARHGAP21;PREX1;FLOT1;MYO9B;ARHGAP11A;PKN2;ARHGAP26;PIK3R1;ARHGAP5;ARHGAP9;PGRMC2;FAF2;TRIO;VAV3;ARHGEF1;DOCK2;OPHN1;ARHGEF10;VANGL1
prerank,Synthesis Of PIPs At Early Endosome Membrane R-HSA-1660516,0.38771344039937083,1.1206754262097953,2.979215e-01,7.809540e-01,1.000000e+00,3/15,5.88%,MTMR4;PIKFYVE;PI4K2B
prerank,MAPK6/MAPK4 Signaling R-HSA-5687128,-0.2751513714184243,-1.1195164009201053,2.629816e-01,7.071953e-01,1.000000e+00,19/74,17.24%,PKN1;CDC42;ARHGEF7;PSMF1;PSMD6;PSMB6;PKN2;PRKCA;TNRC6A;AGO4;UBB;AGO2;PSME4;CDC14A;PSMA1;PSME2;PSMB3;PSME1;PSMD9
prerank,RNA Polymerase III Chain Elongation R-HSA-73780,-0.38987582421860034,-1.1183055089076257,2.996390e-01,7.081142e-01,1.000000e+00,6/16,25.39%,CRCP;POLR3F;POLR2E;POLR3C;POLR3H;POLR2F
prerank,mTORC1-mediated Signaling R-HSA-166208,0.3482650946389531,1.118159650604104,3.000000e-01,7.827639e-01,1.000000e+00,9/20,20.14%,RRAGA;EIF4B;YWHAB;EEF2K;AKT1S1;SLC38A9;EIF4G1;RRAGB;MTOR
prerank,Toll Like Receptor 9 (TLR9) Cascade R-HSA-168138,-0.27648011316485765,-1.118043523901822,2.601626e-01,7.058458e-01,1.000000e+00,14/79,11.22%,MAP3K8;MAPKAPK2;MAP2K3;PPP2CA;TNIP2;MAPK9;MAP2K7;NFKBIB;PPP2CB;N4BP1;UBB;NFKB1;IKBKB;USP18
prerank,"Formation Of Ternary Complex, And Subsequently, 43S Complex R-HSA-72695",0.36222832358952667,1.117947725141112,3.116883e-01,7.763222e-01,1.000000e+00,7/18,21.29%,EIF3A;EIF2S1;EIF3E;EIF3L;EIF3K;EIF2S2;EIF3H
prerank,Phase II - Conjugation Of Compounds R-HSA-156580,0.29386059608402854,1.1177243213597223,2.688679e-01,7.700065e-01,1.000000e+00,5/40,2.74%,CNDP2;MAT2B;UGP2;SLC26A2;GCLM
prerank,Interleukin-4 And Interleukin-13 Signaling R-HSA-6785807,-0.2930959791019011,-1.117266075279155,2.692308e-01,7.053438e-01,1.000000e+00,10/54,12.04%,BCL6;VIM;AKT1;TGFB1;GATA3;TIMP1;IL4R;PIK3R1;ITGAM;SOCS1
prerank,Homologous DNA Pairing And Strand Exchange R-HSA-5693579,0.3299180683448197,1.1168393363865314,3.051643e-01,7.661724e-01,1.000000e+00,8/27,20.89%,RPA3;RFC5;RFC4;RAD17;ATRIP;MRE11;RAD51C;ATM
prerank,Impaired BRCA2 Binding To RAD51 R-HSA-9709570,0.3484585502011094,1.1164749796728366,3.130631e-01,7.604960e-01,1.000000e+00,8/22,24.89%,RPA3;RFC5;RFC4;RAD17;ATRIP;MRE11;ATM;BLM
prerank,Uptake And Actions Of Bacterial Toxins R-HSA-5339562,-0.3850508575539605,-1.1163645583999522,3.175182e-01,7.050849e-01,1.000000e+00,5/16,10.58%,MAP2K2;MAP2K3;FURIN;MAP2K7;CALM1
prerank,tRNA Processing R-HSA-72306,0.25176976737413276,1.1162733009702666,2.401130e-01,7.544455e-01,1.000000e+00,36/93,28.32%,NUP62;NUP50;TRNT1;THADA;RTCB;TYW1;RAN;NSUN2;NUP37;ALKBH8;EPRS1;CDKAL1;TYW5;ZBTB8OS;RPP38;NUP58;POP7;TYW3;ELAC2;NUP188;RPP21;NUP85;TRMT13;TRMT6;CTU2;GTPBP3;TSEN15;NUP42;FTSJ1;OSGEP;CPSF4;ADAT1;NUP107;TSEN34;NUP93;RPP30
prerank,RAF-independent MAPK1/3 Activation R-HSA-112409,-0.3902177668988977,-1.115520555167604,3.168498e-01,7.049253e-01,1.000000e+00,3/17,2.57%,DUSP12;DUSP2;MAP2K2
prerank,Synthesis Of Active Ubiquitin: Roles Of E1 And E2 Enzymes R-HSA-8866652,-0.34214929229542496,-1.1151697076851523,2.984014e-01,7.029806e-01,1.000000e+00,8/27,12.39%,OTULIN;UCHL3;USP7;UBE2G2;UBB;UBA1;UBA6;UBE2S
prerank,COPI-mediated Anterograde Transport R-HSA-6807878,-0.28632662609965537,-1.11493461736205,2.593801e-01,7.007354e-01,1.000000e+00,11/66,10.98%,RAB1A;NAPG;STX5;DCTN4;DYNLL2;COG3;DCTN3;TMED2;DYNC1LI1;DYNC1LI2;CAPZA2
prerank,tRNA Processing In Nucleus R-HSA-6784531,0.28538300628220487,1.114058639559078,2.636816e-01,7.550175e-01,1.000000e+00,14/51,17.04%,NUP62;NUP50;TRNT1;RTCB;RAN;NUP37;ZBTB8OS;RPP38;NUP58;POP7;ELAC2;NUP188;RPP21;NUP85
prerank,CD28 Dependent PI3K/Akt Signaling R-HSA-389357,-0.3745680948432994,-1.1138436085294323,3.045045e-01,7.011949e-01,1.000000e+00,5/19,14.59%,MAP3K8;AKT1;PIK3R1;MAPKAP1;MLST8
prerank,Nef-mediated Downmodulation Of Cell Surface Receptors By Recruitment To Clathrin Adapters R-HSA-164938,-0.39727808967903855,-1.1137283461841303,3.234266e-01,6.985096e-01,1.000000e+00,6/15,22.76%,ATP6V1H;AP1S1;AP2A1;AP2M1;AP1G1;AP2A2
prerank,Transcriptional Regulation By RUNX3 R-HSA-8878159,-0.2719778400943913,-1.1095842942408622,2.462562e-01,7.082338e-01,1.000000e+00,22/77,20.98%,RUNX3;NRAS;TCF7;TGFB1;SNW1;CREBBP;PSMF1;BRD2;PSMD6;PSMB6;NOTCH1;UBB;PSMA1;PSME2;PSMB3;PSME1;SMURF1;PSMD9;ITGAL;PSMC2;PSMD7;PSMC3
prerank,Condensation Of Prophase Chromosomes R-HSA-2299718,-0.34116998303093393,-1.1083978648281898,2.990654e-01,7.089863e-01,1.000000e+00,6/27,10.59%,H2AJ;H2AX;KMT5A;H3-3B;H2AZ1;MCPH1
prerank,RHOF GTPase Cycle R-HSA-9035034,0.3311271249144484,1.1068664728477522,2.832930e-01,7.737382e-01,1.000000e+00,5/25,6.97%,ADD3;SLC4A7;TMPO;DIAPH1;ARHGAP1
prerank,G Alpha (Q) Signaling Events R-HSA-416476,-0.27419705631024194,-1.1056604911493526,2.682927e-01,7.147627e-01,1.000000e+00,16/72,17.12%,XCL1;NRAS;GRK2;DGKQ;GNB1;GNGT2;XCL2;PRKCA;GNAQ;PIK3R1;RGS16;TRIO;PLCB1;LTB4R;RIPK2;PLCB2
prerank,Anchoring Of Basal Body To Plasma Membrane R-HSA-5620912,0.2536872698368956,1.1053933527397375,2.299465e-01,7.724198e-01,1.000000e+00,21/81,17.44%,CEP57;TUBA1A;CKAP5;CEP250;RAB11A;HAUS1;CNTRL;HAUS4;CEP290;SEPTIN2;DYNLL1;PCNT;SCLT1;TMEM216;TUBB;CEP78;CEP162;CDK5RAP2;SFI1;CEP89;PAFAH1B1
prerank,Protein Ubiquitination R-HSA-8852135,0.26530046396857604,1.1032113368992034,2.979275e-01,7.731719e-01,1.000000e+00,22/65,23.28%,UBE2D2;SHPRH;RRAGA;PAF1;H2BC15;PRKDC;RNF20;UBE2H;CTR9;UBE2B;VCP;CDC73;UBE2R2;PEX14;SELENOS;UBC;LEO1;RAD18;H2BC9;H2BC12;UBE2J2;HLTF
prerank,Paradoxical Activation Of RAF Signaling By Kinase Inactive BRAF R-HSA-6802955,0.3283753794683763,1.1026494742382964,3.013699e-01,7.684853e-01,1.000000e+00,6/28,7.89%,ARAF;MAP2K1;VCL;APBB1IP;YWHAB;RAP1B
prerank,B-WICH Complex Positively Regulates rRNA Expression R-HSA-5250924,0.28959033241006976,1.10125351801559,2.946636e-01,7.666146e-01,1.000000e+00,14/45,22.49%,H2BC15;SMARCA5;BAZ1B;TBP;H2AC6;DEK;POLR1H;KAT2A;H2AC4;POLR1D;TAF1B;POLR1E;H2BC9;H2BC12
prerank,PIP3 Activates AKT Signaling R-HSA-1257604,-0.23788787464629224,-1.098969964608025,2.533532e-01,7.335823e-01,1.000000e+00,50/191,21.20%,GATAD2A;ATN1;CBX4;AKT1;IRS2;LAMTOR1;PHLPP2;CSNK2B;EGR1;LAMTOR4;IER3;PPP2CA;PIP4K2A;PSMF1;BAD;PHC2;PSMD6;PSMB6;RNMT;GSK3A;PPP2CB;USP7;TNRC6A;AGO4;PIK3R1;UBB;AGO2;PSME4;CSNK2A2;LAMTOR5;MAPKAP1;IRAK1;PSMA1;PSME2;MLST8;PSMB3;TRAT1;MAF1;PSME1;PSMD9;AREG;VAPA;EED;MTA1;PSMC2;PIP4K2C;PSMD7;PSMC3;RHEB;SNAI1
prerank,RAF/MAP Kinase Cascade R-HSA-5673001,0.22654325020992927,1.0981441571203534,2.372881e-01,7.712535e-01,1.000000e+00,40/156,18.97%,PPP2R5A;SPTAN1;FNTA;RALGDS;ARAF;RASGRP1;PRKCQ;PPP2R5D;MAP2K1;PSMD2;DUSP16;VCL;PPP1CB;IL5RA;PSMB2;PSMD11;APBB1IP;ERBB2;PPP2R5C;YWHAB;BCL2L1;RAP1B;PSMD10;PEA15;PIK3CA;PSMD4;PDE6D;RBX1;ABHD17C;ABHD17B;PSMD13;PSMA5;CSK;PPP1CC;RASA3;RGL2;RAP1A;PIK3R2;UBC;DLG1
prerank,Cellular Response To Heat Stress R-HSA-3371556,0.2536455035875419,1.0980311286306712,2.456576e-01,7.653688e-01,1.000000e+00,20/83,17.04%,HSPA4;NUP62;ST13;NUP50;HIKESHI;HSPH1;RPA3;PTGES3;EEF1A1;NUP37;VCP;FKBP4;HSPA8;HDAC6;NUP58;AKT1S1;NUP188;MRPL18;CCAR2;NUP85
prerank,Glucose Metabolism R-HSA-70326,0.26189345833784655,1.0978765628260247,2.727273e-01,7.595743e-01,1.000000e+00,14/68,13.74%,PRKACB;PCNX4;NUP62;NUP50;PPP2R5D;MDH1;HOOK2;NUP37;PFKP;MAP4K2;SLC25A13;GNPDA2;PKM;NUP58
prerank,Translesion Synthesis By POLH R-HSA-110320,0.3680885758305278,1.0968949701877593,3.037694e-01,7.565077e-01,1.000000e+00,4/16,10.63%,RPA3;RFC5;RFC4;VCP
prerank,MAPK Family Signaling Cascades R-HSA-5683057,0.2192546231924026,1.0955500835042913,2.097701e-01,7.545493e-01,1.000000e+00,26/188,6.86%,PPP2R5A;SPTAN1;FNTA;PRKACB;XPO1;RALGDS;ARAF;RASGRP1;PRKCQ;PPP2R5D;MAP2K1;JUN;PSMD2;HSPB1;DUSP16;VCL;PPP1CB;IL5RA;PSMB2;PSMD11;APBB1IP;CDC42EP3;ERBB2;PPP2R5C;YWHAB;BCL2L1
prerank,Epigenetic Regulation Of Gene Expression R-HSA-212165,0.24335393434594077,1.0947385070783078,2.439678e-01,7.512251e-01,1.000000e+00,27/97,21.08%,HDAC1;UBTF;H2BC15;RBBP4;SMARCA5;BAZ1B;TBP;SUZ12;GTF2H1;GTF2H3;H2AC6;CBX3;DEK;POLR1H;PHF19;GTF2H5;AEBP2;KAT2A;H2AC4;EHMT2;CCNH;POLR1D;MTA2;TAF1B;POLR1E;H2BC9;SIN3B
prerank,Defective Intrinsic Pathway For Apoptosis R-HSA-9734009,0.3648967800650856,1.0940099532333745,3.196544e-01,7.477781e-01,1.000000e+00,9/18,29.32%,JUN;CDKN2A;PRDX2;CDC25B;TP53;CAPN1;BCL2L11;CDK5;PRDX1
prerank,HCMV Early Events R-HSA-9609690,0.2541812497743658,1.09373971085278,2.896725e-01,7.427826e-01,1.000000e+00,17/75,17.04%,NUP62;H2BC15;NUP50;RBBP4;DUT;DAXX;SUZ12;H2AC6;NUP37;RRM1;H2AC11;DYNLL1;NUP58;CREB1;NUP188;H2AC4;NUP85
prerank,MyD88:MAL(TIRAP) Cascade Initiated On Plasma Membrane R-HSA-166058,-0.2693579554234597,-1.0936503225453456,2.987013e-01,7.481283e-01,1.000000e+00,16/79,13.03%,MAP3K8;MAPKAPK2;MAP2K3;PPP2CA;TNIP2;MAPK9;MAP2K7;NFKBIB;PPP2CB;N4BP1;UBB;NFKB1;IKBKB;USP18;SOCS1;IRAK1
prerank,Transport Of Inorganic Cations/Anions And Amino Acids/Oligopeptides R-HSA-425393,0.2857204734816653,1.0928770918434023,2.922705e-01,7.397560e-01,1.000000e+00,8/40,9.62%,SLC20A1;SLC4A7;SLC26A2;SLC1A7;SLC26A11;SLC25A22;SLC12A6;SLC4A2
prerank,Cardiac Conduction R-HSA-5576891,-0.31759857456680035,-1.0917816939161566,3.102190e-01,7.508852e-01,1.000000e+00,14/33,24.47%,HIPK1;PRKCA;ASPH;CALM1;FXYD7;RANGRF;HIPK2;CACNB1;ORAI1;ATP1B3;ITPR3;ATP2B1;DMPK;ATP1B1
prerank,Antigen Processing: Ubiquitination And Proteasome Degradation R-HSA-983168,-0.22985988659945436,-1.0909001158168288,2.368794e-01,7.505652e-01,1.000000e+00,82/240,27.30%,FBXO44;ZNRF2;UBE2M;RNF7;UBOX5;FBXW7;ANAPC11;PSMF1;FBXL12;UBR1;ATG7;MIB2;UBE2Q1;CUL3;PSMD6;PSMB6;MYLIP;ELOB;FBXO9;BTBD6;RNF115;UBE2G2;FBXL18;RNF19B;FBXO31;UBB;ARIH2;MEX3C;RNF130;PSME4;CUL5;FBXL5;UBA1;SOCS1;UBA6;UBE2S;FBXO11;TPP2;RBBP6;ASB6;PSMA1;PSME2;DTX3L;KLHL2;DCAF1;PSMB3;HECTD1;HERC5;PSME1;SMURF1;PSMD9;FBXL20;UBE2J1;RNF138;SKP1;PJA1;PSMC2;AREL1;PSMD7;PSMC3;RNF19A;RNF6;FBXW8;UBE2L6;ANAPC5;HERC4;PSMD3;UBE2Z;UBE2O;RNF114;ZBTB16;UBE2V1;BTBD1;SMURF2;TRIM21;RNF126;MKRN1;UBE2D1;FBXO32;CUL1;CDC34;UBE2Q2
prerank,TNF Signaling R-HSA-75893,-0.30473851453196,-1.0908318546894833,2.966667e-01,7.476858e-01,1.000000e+00,10/41,17.46%,OTULIN;BIRC2;USP4;UBB;IKBKB;USP25;MADD;NSMAF;TRAF1;BIRC3
prerank,Global Genome Nucleotide Excision Repair (GG-NER) R-HSA-5696399,0.25423912473161553,1.0901055712967478,2.900000e-01,7.431097e-01,1.000000e+00,15/76,9.71%,COPS5;RPA3;COPS7A;RNF111;INO80D;RFC5;GTF2H1;DDB2;POLK;RFC4;GTF2H3;INO80B;RAD23B;PARP1;RUVBL1
prerank,SARS-CoV-2-host Interactions R-HSA-9705683,0.23287853495416483,1.0898025344321054,2.677165e-01,7.382534e-01,1.000000e+00,30/133,17.06%,G3BP1;NUP62;TRIM4;NUP50;VPS33A;SEC23A;TOMM70;YWHAZ;YWHAB;YWHAH;STING1;AKT3;IFNAR1;CNBP;NUP37;IFNAR2;SIKE1;IRF3;NUP58;PATJ;RIGI;G3BP2;YWHAQ;VPS16;PALS1;SNRPE;NUP188;PIK3R4;NUP85;UVRAG
prerank,Arachidonic Acid Metabolism R-HSA-2142753,0.3687304324391369,1.088939759689303,3.454106e-01,7.357150e-01,1.000000e+00,8/17,25.99%,PTGES3;PTGDS;HPGD;PTGES2;AKR1C3;GPX4;ALOX5AP;PTGS1
prerank,RHOB GTPase Cycle R-HSA-9013026,-0.30261872803283185,-1.0882341748445896,3.199330e-01,7.532876e-01,1.000000e+00,13/41,16.50%,PKN1;ARHGAP21;PREX1;FLOT1;MYO9B;PKN2;ARHGAP26;PIK3R1;ARHGAP5;ARHGEF1;OPHN1;ARHGEF10;VANGL1
prerank,ADORA2B Mediated Anti-Inflammatory Cytokine Production R-HSA-9660821,-0.3209328253090523,-1.0879764770352194,3.503401e-01,7.511154e-01,1.000000e+00,10/32,16.32%,GNAS;GNB1;VIPR2;ADCY7;GNGT2;PRKCA;PRKAR2A;PTRH2;ADCY9;GNAI2
prerank,FCERI Mediated MAPK Activation R-HSA-2871796,-0.3423569269895266,-1.0846048875503282,3.495495e-01,7.592833e-01,1.000000e+00,7/25,14.38%,PKN1;NRAS;MAPK9;MAP2K7;PKN2;LYN;VAV3
prerank,Constitutive Signaling By Ligand-Responsive EGFR Cancer Variants R-HSA-1236382,-0.3879213516046295,-1.0842191451065817,3.440454e-01,7.575938e-01,1.000000e+00,5/15,18.49%,NRAS;PIK3R1;UBB;CDC37;SHC1
prerank,DNA Damage Bypass R-HSA-73893,0.2763354926695868,1.0838988306131465,3.080569e-01,7.471272e-01,1.000000e+00,14/41,20.78%,RPA3;RFC5;POLK;RFC4;UBE2B;REV3L;USP32;VCP;REV1;RBX1;UBC;POLI;RAD18;UBA7
prerank,Signaling By TGF-beta Receptor Complex R-HSA-170834,0.2534431868580202,1.0830266754986235,3.139241e-01,7.443039e-01,1.000000e+00,21/71,22.92%,UCHL5;TGFBR2;XPO1;HDAC1;PPP1CB;RNF111;MTMR4;LTBP4;E2F4;PARP1;TFDP1;YBX1;SMAD3;SRFBP1;PPP1R15A;PPP1CC;UBC;RNASEH2A;PPM1A;ARHGEF18;CCNC
prerank,Stimuli-sensing Channels R-HSA-2672351,-0.3202195772941669,-1.0827870838381088,3.192982e-01,7.591594e-01,1.000000e+00,11/30,24.55%,SLC9B2;CLCN6;TRPM7;ASPH;UBB;CALM1;BEST1;CLCN7;TRPM2;ANO8;TRPC4AP
prerank,TBC/RABGAPs R-HSA-8854214,-0.30744987020946046,-1.082660548777866,3.383085e-01,7.565220e-01,1.000000e+00,7/39,14.29%,RAB5C;MAP1LC3B;ULK1;TBC1D20;OPTN;ARF6;TBC1D10A
prerank,NOTCH3 Activation And Transmission Of Signal To Nucleus R-HSA-9013507,-0.3860550304629765,-1.0821045289419449,3.668430e-01,7.554910e-01,1.000000e+00,4/15,9.14%,MIB2;TACC3;APH1A;UBB
prerank,ROS And RNS Production In Phagocytes R-HSA-1222556,-0.369970329226612,-1.0815425852078562,3.545455e-01,7.542275e-01,1.000000e+00,5/18,14.68%,TCIRG1;ATP6V1H;ATP6V0C;ATP6V1G1;HVCN1
prerank,Transmission Across Chemical Synapses R-HSA-112315,-0.2633573274225187,-1.0813574096328122,2.996689e-01,7.517925e-01,1.000000e+00,22/80,20.41%,NRAS;GIT1;GNB1;ARHGEF7;PRKAG1;ADCY7;GNGT2;KPNA2;PRKCA;TSPOAP1;PRKAR2A;CALM1;PRKCB;CASK;PRKAG2;PLCB1;ADCY9;GNAI2;PLCB2;AP2A1;CACNB1;PRKX
prerank,DNA Damage/Telomere Stress Induced Senescence R-HSA-2559586,0.289340797857121,1.080552683107471,3.083900e-01,7.470588e-01,1.000000e+00,16/40,22.49%,H2BC15;H1-2;H1-3;H1-4;CDKN1B;ASF1A;H2AC6;EP400;H2AC4;MRE11;H2BC9;RB1;TP53;ATM;HMGA1;H2BC12
prerank,Regulation Of RUNX2 Expression And Activity R-HSA-8939902,-0.27573586910866765,-1.0786318949426354,3.305369e-01,7.576328e-01,1.000000e+00,28/60,33.26%,HIVEP3;FBXW7;PSMF1;PSMD6;PSMB6;UBB;PSME4;PSMA1;PSME2;PSMB3;PSME1;SMURF1;PSMD9;SKP1;PSMC2;PSMD7;PSMC3;RUNX2;PSMD3;CUL1;GSK3B;PSMD8;PSMC1;CBFB;PSMD14;PSMC5;WWP1;SEM1
prerank,Regulation Of TP53 Activity R-HSA-5633007,-0.24934563825291192,-1.0772769149794965,3.150242e-01,7.589053e-01,1.000000e+00,25/119,14.62%,GATAD2A;BRD7;AKT1;TAF11;TAF10;CSNK2B;PPP2CA;PIP4K2A;PRKAG1;ING3;HIPK1;RHNO1;KMT5A;PPP2CB;TAF15;USP7;UBB;CSNK2A2;TAF4;MDM4;BRD1;MAPKAP1;PRKAG2;MLST8;RAD9A
prerank,Inactivation Of CSF3 (G-CSF) Signaling R-HSA-9705462,-0.35939721517652823,-1.0763024718039655,3.441441e-01,7.592109e-01,1.000000e+00,7/20,15.48%,RNF7;ELOB;UBB;CUL5;SOCS1;LYN;TYK2
prerank,Signaling By TGFB Family Members R-HSA-9006936,0.2454926320029194,1.076016490839324,3.230769e-01,7.568250e-01,1.000000e+00,22/77,22.92%,UCHL5;TGFBR2;XPO1;HDAC1;PPP1CB;RNF111;MTMR4;LTBP4;BMPR1A;E2F4;PARP1;TFDP1;YBX1;SMAD3;SRFBP1;PPP1R15A;PPP1CC;UBC;RNASEH2A;PPM1A;ARHGEF18;CCNC
prerank,Sensory Perception R-HSA-9709957,-0.28228628734338046,-1.074579308693582,3.282313e-01,7.617876e-01,1.000000e+00,24/59,23.94%,TWF1;RNF7;GNB1;C1D;METAP2;PRKCA;LRP8;DHRS3;WHRN;CALM1;CAPZA2;CASK;TWF2;PDE6G;RDH10;PLCB2;TRIOBP;PDE6B;CTBP2;ITPR3;ATP2B1;GSN;KIF20B;STX1A
prerank,Packaging Of Telomere Ends R-HSA-171306,-0.34300009097213624,-1.0743415391533053,3.607477e-01,7.594621e-01,1.000000e+00,4/21,9.64%,H2AJ;TERF1;H2AX;H2AZ1
prerank,Signaling By FGFR1 In Disease R-HSA-5655302,0.3240934933150879,1.0736780322178736,3.519814e-01,7.589767e-01,1.000000e+00,7/25,14.90%,STAT3;PLCG1;FGFR1OP2;STAT5A;CNTRL;PIK3CA;TRIM24
prerank,MicroRNA (miRNA) Biogenesis R-HSA-203927,-0.3406844586542257,-1.0715190626299522,3.411552e-01,7.655531e-01,1.000000e+00,7/24,17.00%,POLR2C;POLR2D;POLR2G;AGO4;AGO2;POLR2E;POLR2J
prerank,Role Of GTSE1 In G2/M Progression After G2 Checkpoint R-HSA-8852276,-0.28717136473417976,-1.0711858783526729,3.475936e-01,7.636805e-01,1.000000e+00,14/49,20.98%,MAPRE1;PSMF1;PSMD6;PSMB6;UBB;PSME4;PSMA1;PSME2;PSMB3;PSME1;PSMD9;PSMC2;PSMD7;PSMC3
prerank,Signaling By Rho GTPases R-HSA-194315,-0.21115393022477147,-1.0709632045450574,2.587131e-01,7.614350e-01,1.000000e+00,61/424,10.83%,ARHGAP4;MAPRE1;LIMK1;NCK2;PKN1;ARHGDIA;CDC42;TWF1;STX5;CENPP;H2AJ;VIM;GIT1;FARP2;LAMTOR1;ARHGEF7;PLEKHG2;ARHGAP21;RAPGEF1;MTX1;CPSF7;RHOC;DYNLL2;PREX1;H2AX;FLOT1;NISCH;STAM;SOS2;CPNE8;PPP2CA;TRA2B;GNA13;MYO9B;CUL3;ARHGAP11A;RHOQ;PPP2CB;PKN2;SEMA4F;PRKCA;H3-3B;DYNC1LI1;NSFL1C;NUP133;ARHGAP26;CENPT;ARPC2;PIK3R1;TPM3;DYNC1LI2;ARHGAP5;MYL6;H2AZ1;ARHGAP9;BLTP3B;SEH1L;WIPF2;CALM1;YWHAE;PRKCB
prerank,Signaling By NOTCH3 R-HSA-9012852,-0.3296840826871324,-1.0702270953700008,3.806228e-01,7.609305e-01,1.000000e+00,7/29,9.14%,SNW1;CREBBP;MIB2;TACC3;NOTCH1;APH1A;UBB
prerank,MAPK1/MAPK3 Signaling R-HSA-5684996,0.2207750094668992,1.0701910596926554,2.908587e-01,7.653916e-01,1.000000e+00,40/159,18.97%,PPP2R5A;SPTAN1;FNTA;RALGDS;ARAF;RASGRP1;PRKCQ;PPP2R5D;MAP2K1;PSMD2;DUSP16;VCL;PPP1CB;IL5RA;PSMB2;PSMD11;APBB1IP;ERBB2;PPP2R5C;YWHAB;BCL2L1;RAP1B;PSMD10;PEA15;PIK3CA;PSMD4;PDE6D;RBX1;ABHD17C;ABHD17B;PSMD13;PSMA5;CSK;PPP1CC;RASA3;RGL2;RAP1A;PIK3R2;UBC;DLG1
prerank,Downregulation Of ERBB2 Signaling R-HSA-8863795,-0.37019185439600494,-1.0696247051428571,3.743409e-01,7.600113e-01,1.000000e+00,5/18,13.54%,AKT1;MATK;UBB;CUL5;CDC37
prerank,Regulation Of Actin Dynamics For Phagocytic Cup Formation R-HSA-2029482,-0.29415578250626834,-1.0694319269569748,3.493761e-01,7.577759e-01,1.000000e+00,6/43,10.33%,LIMK1;PKN1;CDC42;MYO9B;ARPC2;WIPF2
prerank,Resolution Of Abasic Sites (AP Sites) R-HSA-73933,0.2936820776195385,1.0692968427302894,3.349169e-01,7.628651e-01,1.000000e+00,5/34,11.57%,RPA3;RFC5;RFC4;PARP1;PARG
prerank,Class A/1 (Rhodopsin-like Receptors) R-HSA-373076,0.26776663444952836,1.069068561731768,3.306667e-01,7.582191e-01,1.000000e+00,14/48,19.96%,PTGER2;ADRB2;CXCR2;S1PR4;GPR65;CX3CR1;S1PR1;MC1R;F2R;PPBP;NMUR1;CXCR1;GPR132;GPR68
prerank,Toll Like Receptor 3 (TLR3) Cascade R-HSA-168164,-0.2601668578525055,-1.0680134904141299,3.402556e-01,7.593681e-01,1.000000e+00,20/82,17.78%,MAP3K8;MAPKAPK2;MAP2K3;PPP2CA;TNIP2;MAPK9;MAP2K7;BIRC2;NFKBIB;PPP2CB;N4BP1;UBB;NFKB1;IKBKB;USP18;IRAK1;RIPK3;RIPK2;BIRC3;DUSP6
prerank,Downstream Signaling Events Of B Cell Receptor (BCR) R-HSA-1168372,-0.26295693845180185,-1.0678604611291727,3.282313e-01,7.569579e-01,1.000000e+00,23/75,20.98%,NRAS;CARD11;PSMF1;PSMD6;PSMB6;NFKBIB;UBB;NFKB1;PSME4;CALM1;PRKCB;IKBKB;NFATC1;REL;PSMA1;PSME2;PSMB3;PSME1;PSMD9;SKP1;PSMC2;PSMD7;PSMC3
prerank,RHO GTPase Effectors R-HSA-195258,-0.23144910135299945,-1.0671964307184307,3.136364e-01,7.562318e-01,1.000000e+00,29/184,11.53%,MAPRE1;LIMK1;PKN1;CDC42;CENPP;H2AJ;ARHGEF7;RHOC;DYNLL2;H2AX;PPP2CA;RHOQ;PPP2CB;PKN2;PRKCA;H3-3B;DYNC1LI1;NUP133;CENPT;ARPC2;DYNC1LI2;MYL6;H2AZ1;SEH1L;WIPF2;CALM1;YWHAE;PRKCB;SEC13
prerank,NIK To Noncanonical NF-kB Signaling R-HSA-5676590,-0.2797830725640318,-1.0670127499574467,3.257443e-01,7.539689e-01,1.000000e+00,16/55,20.98%,UBE2M;PSMF1;PSMD6;PSMB6;UBB;PSME4;PSMA1;PSME2;PSMB3;PSME1;PSMD9;RELB;SKP1;PSMC2;PSMD7;PSMC3
prerank,Regulation Of TP53 Degradation R-HSA-6804757,-0.31901283529239405,-1.0665542573064908,3.484321e-01,7.527000e-01,1.000000e+00,9/29,16.88%,AKT1;PPP2CA;PPP2CB;USP7;UBB;MDM4;MAPKAP1;MLST8;PHF20
prerank,RHO GTPase Cycle R-HSA-9012999,-0.21861666738517233,-1.065765311350718,3.131313e-01,7.524472e-01,1.000000e+00,40/283,10.33%,ARHGAP4;NCK2;PKN1;ARHGDIA;CDC42;TWF1;STX5;VIM;GIT1;FARP2;LAMTOR1;ARHGEF7;PLEKHG2;ARHGAP21;RAPGEF1;MTX1;CPSF7;RHOC;PREX1;FLOT1;NISCH;STAM;SOS2;CPNE8;TRA2B;GNA13;MYO9B;CUL3;ARHGAP11A;RHOQ;PKN2;SEMA4F;NSFL1C;ARHGAP26;PIK3R1;TPM3;ARHGAP5;ARHGAP9;BLTP3B;WIPF2
prerank,Activation Of Gene Expression By SREBF (SREBP) R-HSA-2426168,-0.30920394183136896,-1.0654948784162952,3.713299e-01,7.504020e-01,1.000000e+00,13/35,25.09%,CREBBP;FASN;NCOA1;CARM1;MVD;SREBF1;TBL1X;PMVK;IDI1;SC5D;NFYA;CYP51A1;HMGCR
prerank,Cytokine Signaling In Immune System R-HSA-1280215,-0.2089330711490022,-1.0654782201254214,2.675676e-01,7.476702e-01,1.000000e+00,95/457,17.46%,MAP3K8;PTPN7;MAPKAPK2;CDC42;UBE2M;RNF7;BCL6;VIM;NRAS;AKT1;IRS2;HLA-DRB5;AURKAIP1;IFNGR1;MX2;EGR1;TGFB1;MAP2K3;RAPGEF1;SOS2;PPP2CA;GATA3;TNIP2;MAPK9;PSMF1;NUP54;TIMP1;YES1;LTA;MAP2K7;CD70;PSMD6;BIRC2;PSMB6;LGALS9;ELOB;NFKBIB;PTPRJ;STX3;NCAM1;EIF4A1;PPP2CB;KPNA2;CASP3;PKN2;TNFRSF9;PRKCA;NUP133;IFNLR1;IL4R;PIK3R1;IFI6;N4BP1;UBB;TNFRSF11A;CCL4;P4HB;NFKB1;SEH1L;SUMO1;ITGAM;PSME4;ISG15;IL15RA;CUL5;IFIT2;IKBKB;USP18;SEC13;SOCS1;CCL5;IRAK1;OAS1;LYN;SLA2;TRIM25;PSMA1;PSME2;HLA-DRB1;PSMB3;BST2;TYK2;EIF4E2;KPNA1;RIPK2;IL21R;HERC5;IL18;PSME1;POM121;PIAS1;PSMD9;IRF1;IL2RB;BIRC3
prerank,Regulation Of Beta-Cell Development R-HSA-186712,-0.3803357284536315,-1.0650760149424334,3.666062e-01,7.462666e-01,1.000000e+00,4/16,7.45%,AKT1;SNW1;CREBBP;NOTCH1
prerank,Translocation Of SLC2A4 (GLUT4) To Plasma Membrane R-HSA-1445148,0.2756952251794447,1.0637189156559046,3.421687e-01,7.701990e-01,1.000000e+00,14/45,19.86%,LNPEP;RAB10;RAB11A;KIF3B;YWHAZ;RALA;YWHAB;YWHAH;STXBP3;YWHAQ;VAMP2;EXOC1;SNAP23;REXO2
prerank,M Phase R-HSA-68886,-0.21739614119967393,-1.063559876664177,2.984441e-01,7.480860e-01,1.000000e+00,64/303,17.45%,MAPRE1;RAB1A;CENPP;H2AJ;GORASP2;ANAPC15;CSNK2B;CHMP4B;DYNLL2;H2AX;PPP2CA;ANAPC11;OFD1;PSMF1;NUP54;CSNK1D;FBXO5;TUBB4B;CHMP2B;PSMD6;PSMB6;DCTN3;CEP70;KMT5A;PPP2CB;PRKCA;H3-3B;DYNC1LI1;CEP152;NUP133;CENPT;MZT1;UBB;DYNC1LI2;H2AZ1;PMEPA1;RAB2A;SEH1L;SUMO1;PSME4;SMC3;MCPH1;YWHAE;PRKCB;CSNK2A2;SEC13;UBE2S;LPIN1;PPP2R2D;HAUS2;PSMA1;PSME2;CHMP2A;VPS4A;PSMB3;SGO2;CENPH;TUBA4A;CEP131;CSNK1E;PSME1;POM121;PSMD9;VRK2
prerank,RND3 GTPase Cycle R-HSA-9696264,-0.34454238412517846,-1.0625211870768496,3.736842e-01,7.482998e-01,1.000000e+00,5/23,9.31%,ARHGAP21;NISCH;SEMA4F;PIK3R1;ARHGAP5
prerank,Nuclear Pore Complex (NPC) Disassembly R-HSA-3301854,0.29857884666893575,1.0623728091936744,3.611111e-01,7.694915e-01,1.000000e+00,8/32,17.04%,NUP62;NUP50;NEK9;NEK7;NUP37;NUP58;NUP188;NUP85
prerank,Interconversion Of Nucleotide Di- And Triphosphates R-HSA-499943,0.3285170172357018,1.0623524762292211,3.712446e-01,7.640821e-01,1.000000e+00,11/22,27.30%,DUT;RRM1;AK5;AK6;AK9;NME4;CMPK1;DCTD;TXNRD1;GLRX;DCTPP1
prerank,Negative Regulation Of NOTCH4 Signaling R-HSA-9604323,-0.28223104439550106,-1.0620176573090003,3.533569e-01,7.471330e-01,1.000000e+00,16/51,20.98%,AKT1;FBXW7;PSMF1;PSMD6;PSMB6;TACC3;UBB;PSMA1;PSME2;PSMB3;PSME1;PSMD9;SKP1;PSMC2;PSMD7;PSMC3
prerank,Cleavage Of Damaged Purine R-HSA-110331,-0.32894768206263647,-1.061666064892903,3.698113e-01,7.455654e-01,1.000000e+00,4/24,9.64%,H2AJ;TERF1;H2AX;H2AZ1
prerank,Ub-specific Processing Proteases R-HSA-5689880,0.22005857381332095,1.0612705714123796,2.890173e-01,7.621300e-01,1.000000e+00,35/158,17.34%,USP11;USP28;H2BC15;RNF146;MAT2B;ADRB2;PSMD2;USP22;USP34;PSMB2;PSMD11;TOMM70;DDB2;HIF1A;SNX3;RHOT1;H2AC6;USP32;TRRAP;USP14;RUVBL1;USP19;RIPK1;H2AC11;PSMD10;KEAP1;PSMD4;KAT2A;USP37;RIGI;PTEN;PSMD13;H2AC4;PSMA5;SMAD3
prerank,Deubiquitination R-HSA-5688426,0.20851437299962827,1.060076169254734,2.829582e-01,7.608259e-01,1.000000e+00,35/222,11.05%,USP11;UCHL5;TGFBR2;USP28;H2BC15;RNF146;TRIM4;TNIP1;MAT2B;ADRB2;PSMD2;USP22;USP34;PSMB2;PSMD11;INO80D;TOMM70;DDB2;STAMBP;HIF1A;SNX3;RHOT1;H2AC6;INO80B;RAD23B;USP32;TRRAP;USP14;RUVBL1;USP19;RIPK1;H2AC11;VCP;PSMD10;KEAP1
prerank,Intra-Golgi Traffic R-HSA-6811438,0.2969482146940493,1.0593597624009996,3.621495e-01,7.579197e-01,1.000000e+00,7/35,11.21%,CYTH1;CYTH2;MAN1A1;TRIP11;BET1L;COG7;CYTH4
prerank,RHOH GTPase Cycle R-HSA-9013407,-0.31786970998437974,-1.0588961260617562,3.892989e-01,7.513265e-01,1.000000e+00,5/30,7.86%,PKN1;ARHGDIA;LAMTOR1;PKN2;NSFL1C
prerank,Dectin-1 Mediated Noncanonical NF-kB Signaling R-HSA-5607761,-0.2768923153371763,-1.0584916018856168,3.380282e-01,7.500005e-01,1.000000e+00,16/56,20.98%,UBE2M;PSMF1;PSMD6;PSMB6;UBB;PSME4;PSMA1;PSME2;PSMB3;PSME1;PSMD9;RELB;SKP1;PSMC2;PSMD7;PSMC3
prerank,Unfolded Protein Response (UPR) R-HSA-381119,-0.2610006589754131,-1.0578776878567633,3.414239e-01,7.493576e-01,1.000000e+00,21/77,22.69%,ATF4;HDGF;MYDGF;CEBPG;CALR;TATDN2;ERN1;DNAJB11;GSK3A;CREBRF;TSPYL2;WIPI1;DNAJC3;PDIA6;SHC1;HSPA5;HYOU1;NFYA;EXOSC1;ASNS;EXOSC6
prerank,XBP1(S) Activates Chaperone Genes R-HSA-381038,-0.29914849122472226,-1.0568258402913007,3.680556e-01,7.499536e-01,1.000000e+00,11/40,20.62%,HDGF;MYDGF;TATDN2;DNAJB11;GSK3A;TSPYL2;WIPI1;DNAJC3;PDIA6;SHC1;HYOU1
prerank,MyD88-independent TLR4 Cascade R-HSA-166166,-0.2560722968497998,-1.0563094916002667,3.627760e-01,7.487503e-01,1.000000e+00,20/83,17.78%,MAP3K8;MAPKAPK2;MAP2K3;PPP2CA;TNIP2;MAPK9;MAP2K7;BIRC2;NFKBIB;PPP2CB;N4BP1;UBB;NFKB1;IKBKB;USP18;IRAK1;RIPK3;RIPK2;BIRC3;DUSP6
prerank,Retrograde Transport At Trans-Golgi-Network R-HSA-6811440,-0.29153065834397596,-1.0554221121354317,3.788927e-01,7.488287e-01,1.000000e+00,8/43,13.25%,NAPG;VPS53;IGF2R;COG3;SYS1;VTI1A;VPS54;TGOLN2
prerank,L13a-mediated Translational Silencing Of Ceruloplasmin Expression R-HSA-156827,0.31109124836172075,1.054917836522111,3.724138e-01,7.669051e-01,1.000000e+00,11/28,21.29%,EIF3A;EIF2S1;EIF4B;EIF3E;EIF3L;PABPC1;EIF4A2;EIF4G1;EIF3K;EIF2S2;EIF3H
prerank,Glutathione Conjugation R-HSA-156590,0.3516829504960459,1.0541005167657627,4.030172e-01,7.642750e-01,1.000000e+00,2/16,2.74%,CNDP2;GCLM
prerank,Extension Of Telomeres R-HSA-180786,0.2744282971471992,1.053361440784113,3.795620e-01,7.611172e-01,1.000000e+00,23/43,37.80%,RPA3;RFC5;RFC4;RUVBL1;WRAP53;GAR1;SHQ1;LRIG1;DKC1;PPP6R3;NOP10;BLM;POLD3;POLA2;PIF1;STN1;TINF2;TERF2IP;CTC1;CHTF18;ACD;CDK2;RUVBL2
prerank,Translesion Synthesis By Y Family DNA Polymerases Bypasses Lesions On DNA Template R-HSA-110313,0.28524908011129885,1.0520139019697043,3.701923e-01,7.604751e-01,1.000000e+00,11/33,20.78%,RPA3;RFC5;POLK;RFC4;REV3L;USP32;VCP;REV1;UBC;POLI;UBA7
prerank,Regulation Of TP53 Expression And Degradation R-HSA-6806003,-0.3137271431919373,-1.0519025977823102,3.674912e-01,7.570240e-01,1.000000e+00,9/30,16.88%,AKT1;PPP2CA;PPP2CB;USP7;UBB;MDM4;MAPKAP1;MLST8;PHF20
prerank,Signaling By Insulin Receptor R-HSA-74752,-0.293035893844535,-1.0511273721793861,3.712785e-01,7.567456e-01,1.000000e+00,6/40,8.79%,TCIRG1;NRAS;IRS2;ATP6V1H;ATP6V0C;PIK3R1
prerank,Signaling By Erythropoietin R-HSA-9006335,-0.33242915106082616,-1.0493023149768368,4.010508e-01,7.594868e-01,1.000000e+00,5/23,13.18%,NRAS;IRS2;RAPGEF1;PIK3R1;LYN
prerank,RAS Processing R-HSA-9648002,0.37040054631792346,1.0451303542256913,4.013304e-01,7.779953e-01,1.000000e+00,8/15,21.70%,FNTA;PRKCQ;BCL2L1;PDE6D;ABHD17C;ABHD17B;LYPLA1;GOLGA7
prerank,Signaling By Hedgehog R-HSA-5358351,-0.24867527849646337,-1.0442600256035515,3.798701e-01,7.725631e-01,1.000000e+00,28/96,20.98%,GRK2;GNAS;OFD1;PSMF1;ADCY7;CUL3;PSMD6;PSMB6;PRKCA;PRKAR2A;UBB;P4HB;PSME4;SEL1L;SPOPL;PSMA1;PSME2;PSMB3;PTCH2;ADCY9;PSME1;SMURF1;ARRB1;PSMD9;SKP1;PSMC2;PSMD7;PSMC3
prerank,Calnexin/calreticulin Cycle R-HSA-901042,-0.3283559712237187,-1.041905455167278,3.989637e-01,7.773922e-01,1.000000e+00,6/24,16.33%,MARCHF6;CALR;UBB;PDIA3;SEL1L;RNF103
prerank,Degradation Of Beta-Catenin By Destruction Complex R-HSA-195253,-0.25811525126670437,-1.0416481001861246,3.745819e-01,7.755244e-01,1.000000e+00,24/76,21.72%,CTBP1;TCF7;PPP2CA;PSMF1;PSMD6;PSMB6;PPP2CB;AXIN1;TLE4;UBB;PSME4;FRAT2;TLE5;PSMA1;PSME2;PSMB3;PSME1;PSMD9;SKP1;ZRANB1;PSMC2;PSMD7;PSMC3;CTBP2
prerank,Signaling By Interleukins R-HSA-449147,-0.21364945896645499,-1.0412681167050657,3.560058e-01,7.741146e-01,1.000000e+00,43/281,11.22%,MAP3K8;PTPN7;MAPKAPK2;CDC42;BCL6;VIM;AKT1;IRS2;AURKAIP1;TGFB1;MAP2K3;RAPGEF1;SOS2;PPP2CA;GATA3;TNIP2;MAPK9;PSMF1;TIMP1;YES1;MAP2K7;PSMD6;PSMB6;LGALS9;NFKBIB;STX3;PPP2CB;CASP3;PKN2;PRKCA;IFNLR1;IL4R;PIK3R1;N4BP1;UBB;CCL4;P4HB;NFKB1;ITGAM;PSME4;IL15RA;IKBKB;USP18
prerank,Signaling By NTRKs R-HSA-166520,-0.25619211737273384,-1.038677205863326,4.026403e-01,7.796206e-01,1.000000e+00,13/77,8.79%,MAPKAPK2;NRAS;IRS2;MAP2K2;EGR1;RAPGEF1;MEF2D;FURIN;PPP2CA;JUND;ID2;PPP2CB;PIK3R1
prerank,Regulation Of RAS By GAPs R-HSA-5658442,-0.27066464245187283,-1.0382098317769615,3.886986e-01,7.782371e-01,1.000000e+00,16/56,20.98%,NRAS;PSMF1;CUL3;PSMD6;PSMB6;UBB;PSME4;PSMA1;PSME2;PSMB3;PSME1;PSMD9;RASA4;PSMC2;PSMD7;PSMC3
prerank,Downstream TCR Signaling R-HSA-202424,-0.24932578172643105,-1.036977043346344,3.976311e-01,7.795514e-01,1.000000e+00,34/85,29.20%,CARD11;HLA-DRB5;PSMF1;PSMD6;PSMB6;CD3D;PIK3R1;UBB;NFKB1;PSME4;IKBKB;PSMA1;PSME2;HLA-DRB1;PSMB3;TRAT1;RIPK2;PSME1;PSMD9;SKP1;PSMC2;PSMD7;PSMC3;PSMD3;HLA-DQA2;UBE2V1;PIK3CB;UBE2D1;CUL1;CDC34;PSMD8;UBE2N;PSMC1;BCL10
prerank,Formation Of beta-catenin:TCF Transactivating Complex R-HSA-201722,-0.2891081118438637,-1.0357218038393368,3.897059e-01,7.807078e-01,1.000000e+00,8/42,9.64%,RUNX3;H2AJ;TCF7;CREBBP;H2AX;H3-3B;TLE4;H2AZ1
prerank,Regulation Of Cholesterol Biosynthesis By SREBP (SREBF) R-HSA-1655829,-0.2804743043105285,-1.0357165268106776,3.955857e-01,7.780456e-01,1.000000e+00,13/48,17.36%,SEC24C;CREBBP;FASN;SEC24B;NCOA1;CARM1;MVD;SEC24A;SREBF1;INSIG1;TBL1X;PMVK;IDI1
prerank,Vesicle-mediated Transport R-HSA-5653656,-0.20406265351205183,-1.0357090378041822,3.386034e-01,7.754167e-01,1.000000e+00,68/437,13.30%,RAB5C;RAB1A;FTL;TFG;NAPG;TRAPPC10;STX5;MAP1LC3B;VPS53;FTH1;SEC24C;IGF2R;GRK2;AKT1;GOLIM4;PPP6R1;VPS37B;DCTN4;ULK1;TRAPPC2L;CHMP4B;TRAPPC6A;RAB14;CLTB;DYNLL2;CALR;STAM;C1D;RIN3;SEC24B;PRKAG1;CSNK1D;CHMP2B;COG3;NECAP1;SURF4;DCTN3;RHOQ;SYS1;COPS8;COPS3;BNIP1;TBC1D20;TMED2;CD3D;DYNC1LI1;AP1S1;ARPC2;UBB;DYNC1LI2;GAK;VTI1A;CALM1;YWHAE;AP4B1;CAPZA2;OPTN;HPS1;SEC24A;UBAP1;SEC13;MAN2A2;TRAPPC5;VPS54;PRKAG2;ARF6;TGOLN2;DENND2B
prerank,Gene Silencing By RNA R-HSA-211000,-0.2530322099474026,-1.0345848029416862,3.904924e-01,7.762769e-01,1.000000e+00,16/81,12.68%,H2AJ;H2AX;POLR2C;NUP54;TSN;POLR2D;POLR2G;H3-3B;NUP133;TNRC6A;AGO4;H2AZ1;AGO2;SEH1L;SEC13;POLR2E
prerank,Branched-chain Amino Acid Catabolism R-HSA-70895,0.32911023501091724,1.034437553249424,4.026549e-01,8.086543e-01,1.000000e+00,11/19,27.61%,PPM1K;ACADSB;DBT;HIBADH;BCKDHB;HIBCH;ALDH6A1;ACAD8;AUH;BCKDK;SLC25A44
prerank,Cargo Concentration In ER R-HSA-5694530,0.32287950522149284,1.0327563156959632,4.298441e-01,8.088465e-01,1.000000e+00,6/20,10.85%,MIA3;PREB;CNIH1;SEC23A;LMAN1;CTSC
prerank,RNA Polymerase I Promoter Escape R-HSA-73772,0.2700610583755921,1.03073897770706,3.975904e-01,8.102707e-01,1.000000e+00,15/46,20.64%,UBTF;H2BC15;TBP;GTF2H1;GTF2H3;H2AC6;CBX3;POLR1H;GTF2H5;H2AC4;CCNH;POLR1D;TAF1B;POLR1E;H2BC9
prerank,Response Of Mtb To Phagocytosis R-HSA-9637690,0.33198592838642865,1.0302660907316752,4.172494e-01,8.066433e-01,1.000000e+00,3/19,3.64%,KPNB1;TRIM27;DUSP16
prerank,Metabolism Of Vitamins And Cofactors R-HSA-196854,-0.24668267553253534,-1.030264497035332,3.957307e-01,7.868362e-01,1.000000e+00,16/94,12.17%,NADSYN1;AKT1;PTS;GCH1;C1D;SLC25A32;SLC2A1;FASN;FPGS;LRP8;PDSS1;CALM1;PARP6;RFK;CD38;PANK2
prerank,Anti-inflammatory Response Favoring Leishmania Infection R-HSA-9662851,-0.2724020952598152,-1.0279392086400927,4.201954e-01,7.914225e-01,1.000000e+00,14/53,16.32%,GNAS;GNB1;VIPR2;FURIN;ADCY7;YES1;GNGT2;PRKCA;PRKAR2A;CALM1;LYN;PTRH2;ADCY9;GNAI2
prerank,SCF-beta-TrCP Mediated Degradation Of Emi1 R-HSA-174113,-0.2720151340376144,-1.0246884645896694,4.323374e-01,7.990217e-01,1.000000e+00,15/50,20.98%,PSMF1;FBXO5;PSMD6;PSMB6;UBB;PSME4;PSMA1;PSME2;PSMB3;PSME1;PSMD9;SKP1;PSMC2;PSMD7;PSMC3
prerank,Activation Of BH3-only Proteins R-HSA-114452,0.30023144905822546,1.0242807242875096,4.192825e-01,8.214671e-01,1.000000e+00,13/26,23.97%,PPP3CC;YWHAZ;YWHAB;YWHAH;AKT3;PPP3R1;DYNLL1;YWHAQ;TFDP1;REXO2;TP53;BCL2L11;MAPK8
prerank,Membrane Trafficking R-HSA-199991,-0.20253901229040994,-1.0242209614865827,3.728362e-01,7.977565e-01,1.000000e+00,71/427,14.73%,RAB5C;RAB1A;FTL;TFG;NAPG;TRAPPC10;STX5;MAP1LC3B;VPS53;FTH1;SEC24C;IGF2R;GRK2;AKT1;GOLIM4;PPP6R1;VPS37B;DCTN4;ULK1;TRAPPC2L;CHMP4B;TRAPPC6A;RAB14;CLTB;DYNLL2;STAM;RIN3;SEC24B;PRKAG1;CSNK1D;CHMP2B;COG3;NECAP1;SURF4;DCTN3;RHOQ;SYS1;COPS8;COPS3;BNIP1;TBC1D20;TMED2;CD3D;DYNC1LI1;AP1S1;ARPC2;UBB;DYNC1LI2;GAK;VTI1A;CALM1;YWHAE;AP4B1;CAPZA2;OPTN;HPS1;SEC24A;UBAP1;SEC13;MAN2A2;TRAPPC5;VPS54;PRKAG2;ARF6;TGOLN2;DENND2B;MADD;TBC1D10A;KIF22;CHMP2A;VPS4A
prerank,Signaling By B Cell Receptor (BCR) R-HSA-983705,-0.2433806300627091,-1.0227524020802825,4.141914e-01,7.997682e-01,1.000000e+00,29/96,22.62%,NRAS;CARD11;PSMF1;CD79B;PSMD6;PSMB6;NFKBIB;PIK3R1;UBB;NFKB1;PSME4;CALM1;PRKCB;IKBKB;NFATC1;LYN;REL;PSMA1;PSME2;PSMB3;PSME1;PSMD9;SKP1;PSMC2;PSMD7;PSMC3;ORAI1;NFKBIE;ITPR3
prerank,DAG And IP3 Signaling R-HSA-1489509,-0.33089711197720106,-1.021596737660907,4.511971e-01,8.009854e-01,1.000000e+00,6/22,10.58%,GRK2;ADCY7;KPNA2;PRKCA;PRKAR2A;CALM1
prerank,Signaling By NTRK1 (TRKA) R-HSA-187037,-0.2558363445765965,-1.0213852636620837,4.274062e-01,7.989663e-01,1.000000e+00,12/70,8.79%,MAPKAPK2;NRAS;IRS2;MAP2K2;EGR1;RAPGEF1;MEF2D;PPP2CA;JUND;ID2;PPP2CB;PIK3R1
prerank,Vif-mediated Degradation Of APOBEC3G R-HSA-180585,-0.2721658382745848,-1.021359410475213,4.477352e-01,7.964383e-01,1.000000e+00,15/50,20.98%,PSMF1;PSMD6;PSMB6;ELOB;UBB;PSME4;CUL5;PSMA1;PSME2;PSMB3;PSME1;PSMD9;PSMC2;PSMD7;PSMC3
prerank,Diseases Of Programmed Cell Death R-HSA-9645723,0.26286367556439233,1.020676512418116,3.887531e-01,8.284539e-01,1.000000e+00,20/51,29.32%,H2BC15;RBBP4;JUN;SUZ12;CDKN2A;H2AC6;PRDX2;CDC25B;RIPK1;H2AC4;FADD;H2BC9;TP53;CAPN1;H2BC12;BCL2L11;CDK5;POLA2;H2BC11;PRDX1
prerank,Metabolism Of Steroids R-HSA-8957322,-0.24726030063762175,-1.020139567815019,4.144737e-01,7.975226e-01,1.000000e+00,21/85,18.10%,SEC24C;CREBBP;FASN;SEC24B;NCOA1;OSBPL7;CARM1;TSPOAP1;STARD4;MVD;SEC24A;STARD3;NSDHL;SREBF1;TSPO;INSIG1;TBL1X;PMVK;IDI1;UBE2I;OSBPL9
prerank,Processing Of Capped Intronless Pre-mRNA R-HSA-75067,-0.3092456043974901,-1.0195704839688347,4.329710e-01,7.966562e-01,1.000000e+00,9/27,21.71%,WDR33;CPSF7;PABPN1;NCBP1;NUDT21;CPSF6;CPSF1;PAPOLA;SLBP
prerank,Infection With Mycobacterium Tuberculosis R-HSA-9635486,0.3232721735661868,1.0194652757806917,4.238876e-01,8.273102e-01,1.000000e+00,3/20,3.64%,KPNB1;TRIM27;DUSP16
prerank,Transcriptional Regulation Of Granulopoiesis R-HSA-9616222,0.2795178268592299,1.0182502668450313,4.444444e-01,8.262779e-01,1.000000e+00,12/35,22.99%,H2BC15;STAT3;FLI1;GFI1;H2AC6;DEK;CREB1;H2AC4;TFDP1;H2BC9;H2BC12;RARA
prerank,Major Pathway Of rRNA Processing In Nucleolus And Cytosol R-HSA-6791226,-0.24095094363540756,-1.0180612173871344,4.138486e-01,7.986975e-01,1.000000e+00,25/96,23.52%,DDX52;KRR1;NOL12;BYSL;C1D;UTP3;EXOSC10;CSNK1D;ISG20L2;PDCD11;RIOK3;LTV1;WDR36;RSL24D1;PNO1;BUD23;SENP3;CSNK1E;SNU13;UTP11;EXOSC1;RPP14;EXOSC6;WDR43;XRN2
prerank,Metabolism Of Carbohydrates R-HSA-71387,-0.22265793335773806,-1.0177571875563056,4.407583e-01,7.969656e-01,1.000000e+00,33/171,15.29%,CHST7;CHSY1;MAN2C1;ST6GALNAC6;B3GNT7;PPP2CA;SLC2A1;B3GNT2;NUP54;PGP;SLC35D2;B4GALT4;PFKFB3;SHPK;FBP1;PPP2CB;PRKCA;ENO3;NUP133;UBB;UST;SEH1L;CALM1;B3GALT6;SLC9A1;SEC13;IDS;PHKG2;EXT1;XYLT1;HS6ST1;TKT;B3GAT3
prerank,Insulin Receptor Recycling R-HSA-77387,-0.35638744511434395,-1.0175813592166627,4.225865e-01,7.949014e-01,1.000000e+00,4/16,13.47%,TCIRG1;ATP6V1H;ATP6V0C;ATP6V1G1
prerank,Inflammasomes R-HSA-622312,-0.35703492451642527,-1.01608242462861,4.285714e-01,7.967806e-01,1.000000e+00,4/16,21.63%,PSTPIP1;NFKB1;P2RX7;NLRP1
prerank,Cellular Senescence R-HSA-2559583,-0.23288809037115052,-1.0146396571172505,4.303406e-01,7.986585e-01,1.000000e+00,23/123,12.39%,MAPKAPK2;CBX4;H2AJ;TERF1;ANAPC15;MAP2K3;H2AX;CDKN2D;ANAPC11;MAPK9;PHC2;MAP2K7;H3-3B;TNRC6A;AGO4;UBB;UBN1;H2AZ1;NFKB1;H1-5;MDM4;HIRA;UBE2S
prerank,Mitotic Anaphase R-HSA-68882,0.20455322369640835,1.0132374237555788,4.094708e-01,8.378790e-01,1.000000e+00,39/181,17.44%,TUBA1A;PPP2R5A;KPNB1;XPO1;KIF2A;CKAP5;LBR;NUP62;PPP2R5D;TMPO;PSMD2;PSMB2;PSMD11;ANAPC10;HDAC8;NDEL1;PPP2R5C;CDC26;RAN;ZWILCH;BUB3;NUP37;VRK1;PSMD10;PSMD4;SMC1A;DYNLL1;CC2D1B;ZW10;NUP58;TAOK1;TUBB;PSMD13;NUP188;CDC16;TUBA1C;NUP85;PSMA5;PAFAH1B1
prerank,CTLA4 Inhibitory Signaling R-HSA-389513,0.33572215432181596,1.0131195102105268,4.466667e-01,8.329124e-01,1.000000e+00,5/17,10.38%,PPP2R5A;PPP2R5D;PPP2R5C;AKT3;LCK
prerank,Fcgamma Receptor (FCGR) Dependent Phagocytosis R-HSA-2029480,-0.2561770620596358,-1.0131011034147717,4.276316e-01,8.006603e-01,1.000000e+00,10/63,14.38%,LIMK1;PKN1;CDC42;MYO9B;YES1;ARPC2;PIK3R1;WIPF2;LYN;VAV3
prerank,HSP90 Chaperone Cycle For Steroid Hormone Receptors (SHR) In Presence Of Ligand R-HSA-3371497,0.28331563652954406,1.0113951307105546,4.285714e-01,8.335550e-01,1.000000e+00,8/33,12.95%,DNAJA2;FKBP5;PTGES3;CAPZA1;STIP1;FKBP4;HSPA8;DYNLL1
prerank,Interleukin-37 Signaling R-HSA-9008059,0.3405404182817242,1.0112732113602017,4.561798e-01,8.288029e-01,1.000000e+00,5/16,17.41%,PTPN4;STAT3;SIGIRR;SMAD3;PTPN23
prerank,RUNX1 Regulates Transcription Of Genes Involved In Differentiation Of HSCs R-HSA-8939236,-0.2473010551204827,-1.0109330595371777,4.152824e-01,8.047740e-01,1.000000e+00,20/73,20.98%,H2AJ;H2AX;GATA3;PSMF1;PSMD6;PSMB6;H3-3B;UBB;MNAT1;H2AZ1;PSME4;CDK7;PSMA1;PSME2;PSMB3;PSME1;PSMD9;PSMC2;PSMD7;PSMC3
prerank,Factors Involved In Megakaryocyte Development And Platelet Production R-HSA-983231,0.23931160601836457,1.0104683567178478,4.376731e-01,8.264314e-01,1.000000e+00,10/71,7.59%,PRKACB;HDAC1;KIF2A;PRKAR1A;IRF2;EHD1;CAPZA1;KIF3B;KIF21A;DOCK10
prerank,Regulation Of Signaling By CBL R-HSA-912631,-0.34852516279506485,-1.0100073532604241,4.421416e-01,8.050670e-01,1.000000e+00,4/16,13.18%,RAPGEF1;YES1;PIK3R1;LYN
prerank,Regulation Of PTEN Gene Transcription R-HSA-8943724,-0.27407958100729884,-1.0099630460280706,4.611570e-01,8.026439e-01,1.000000e+00,7/50,5.70%,GATAD2A;ATN1;CBX4;LAMTOR1;EGR1;LAMTOR4;PHC2
prerank,Chromatin Modifying Enzymes R-HSA-3247509,-0.21650668083362123,-1.0089852306529938,4.073507e-01,8.028710e-01,1.000000e+00,50/203,20.52%,JMJD6;GATAD2A;ARID1B;TADA1;H2AJ;TAF10;KANSL2;CREBBP;H2AX;SAP18;NCOA1;ING3;KMT2B;HCFC1;TADA2B;EPC1;KMT5A;MSL2;CARM1;ELP5;H2AZ1;NFKB1;SAP30L;KDM7A;YEATS2;BRD1;TAF6L;KMT2E;KAT7;SETD6;TBL1X;PHF21A;SUV39H1;ELP6;PHF20;H2AC25;ELP2;HMG20B;BRWD1;SUPT7L;OGT;ARID1A;PHF2;KDM6A;MBIP;ATXN7;KMT2C;DOT1L;EED;MTA1
prerank,Cell Junction Organization R-HSA-446728,0.30544987029416004,1.0083543381718338,4.498834e-01,8.283983e-01,1.000000e+00,7/25,15.81%,ARHGEF6;CADM1;ILK;PATJ;VASP;ITGA6;PALS1
prerank,Insertion Of Tail-Anchored Proteins Into Endoplasmic Reticulum Membrane R-HSA-9609523,-0.33132923513697715,-1.0075204754374578,4.347079e-01,8.047079e-01,1.000000e+00,7/20,20.11%,STX5;SEC61G;SEC61B;GET4;BAG6;VAPA;CAMLG
prerank,Cell Cycle Checkpoints R-HSA-69620,0.20191834707263795,1.0070884463311005,4.644970e-01,8.276199e-01,1.000000e+00,49/197,20.89%,PPP2R5A;XPO1;KIF2A;CKAP5;H2BC15;PPP2R5D;RPA3;PSMD2;PSMB2;MCM3;PSMD11;ANAPC10;RFC5;CDKN1B;NDEL1;RFC4;YWHAZ;PPP2R5C;YWHAB;CDC26;YWHAH;CDKN2A;ZWILCH;HERC2;BUB3;NUP37;MDC1;PSMD10;PSMD4;DYNLL1;RAD17;ZW10;TAOK1;ATRIP;YWHAQ;PSMD13;CDC16;NUP85;PSMA5;PAFAH1B1;PPP1CC;UBC;MRE11;RNF8;REXO2;H2BC9;PSMB5;TP53;ATM
prerank,Regulation Of RUNX3 Expression And Activity R-HSA-8941858,-0.2660200714608968,-1.005891669903077,4.446367e-01,8.071376e-01,1.000000e+00,15/52,20.98%,RUNX3;TGFB1;PSMF1;PSMD6;PSMB6;UBB;PSMA1;PSME2;PSMB3;PSME1;SMURF1;PSMD9;PSMC2;PSMD7;PSMC3
prerank,Synthesis Of PA R-HSA-1483166,0.3220185992493526,1.004694365055909,4.344828e-01,8.306727e-01,1.000000e+00,7/20,24.09%,GPAT4;AGPAT1;LPCAT1;MIGA1;GPD2;LPCAT4;GPAT2
prerank,DNA Methylation R-HSA-5334118,-0.331594361701704,-1.0035343557990022,4.465291e-01,8.114857e-01,1.000000e+00,4/19,9.64%,H2AJ;H2AX;H3-3B;H2AZ1
prerank,Sealing Of Nuclear Envelope (NE) By ESCRT-III R-HSA-9668328,-0.34475946343933406,-1.003005536908615,4.438202e-01,8.104809e-01,1.000000e+00,7/18,18.46%,CHMP4B;TUBB4B;CHMP2B;CHMP2A;VPS4A;TUBA4A;TUBB2A
prerank,Response Of EIF2AK4 (GCN2) To Amino Acid Deficiency R-HSA-9633012,-0.34756292285956975,-1.0028802970884643,4.472272e-01,8.083162e-01,1.000000e+00,2/17,3.01%,ATF4;CEBPG
prerank,Regulation Of Activated PAK-2p34 By Proteasome Mediated Degradation R-HSA-211733,-0.2701833587106157,-1.0028494538895842,4.658494e-01,8.058943e-01,1.000000e+00,14/46,20.98%,PSMF1;PSMD6;PSMB6;PKN2;UBB;PSME4;PSMA1;PSME2;PSMB3;PSME1;PSMD9;PSMC2;PSMD7;PSMC3
prerank,Ribosomal Scanning And Start Codon Recognition R-HSA-72702,0.30098029690164796,1.0012991724364577,4.400922e-01,8.368864e-01,1.000000e+00,10/25,21.29%,EIF3A;EIF2S1;EIF4B;EIF3E;EIF3L;EIF4A2;EIF4G1;EIF3K;EIF2S2;EIF3H
prerank,Influenza Infection R-HSA-168255,-0.2503477418408712,-0.9980341302333346,4.518389e-01,8.172773e-01,1.000000e+00,19/73,17.08%,TGFB1;CALR;POLR2C;NUP54;POLR2D;POLR2G;KPNA2;PABPN1;NUP133;SEH1L;ISG15;SEC13;GRSF1;POLR2E;DNAJC3;RSL24D1;KPNA1;POLR2J;POM121
prerank,TP53 Regulates Transcription Of Cell Cycle Genes R-HSA-6791312,0.2857208851138407,0.9980310519665292,4.571429e-01,8.428183e-01,1.000000e+00,9/32,20.85%,CNOT7;RBL2;CDKN1B;CNOT3;E2F4;NPM1;TFDP1;REXO2;TP53
prerank,Role Of Phospholipids In Phagocytosis R-HSA-2029485,0.3264039499116139,0.9977281829153489,4.250559e-01,8.388380e-01,1.000000e+00,5/18,18.89%,PLCG1;AHCYL1;PIK3CA;CD247;PIK3R2
prerank,Signaling By FGFR In Disease R-HSA-1226099,-0.27597064179522857,-0.9975927095940441,4.478632e-01,8.160118e-01,1.000000e+00,8/41,12.68%,NRAS;POLR2C;POLR2D;POLR2G;NCBP1;PIK3R1;CPSF6;POLR2E
prerank,tRNA Modification In Nucleus And Cytosol R-HSA-6782315,0.27194509948723666,0.996622881907416,4.414634e-01,8.374807e-01,1.000000e+00,14/36,26.92%,THADA;TYW1;NSUN2;ALKBH8;EPRS1;CDKAL1;TYW5;TYW3;TRMT13;TRMT6;CTU2;FTSJ1;OSGEP;ADAT1
prerank,Transferrin Endocytosis And Recycling R-HSA-917977,-0.3387745202275053,-0.9957239805771456,4.646098e-01,8.192993e-01,1.000000e+00,4/18,13.47%,TCIRG1;ATP6V1H;ATP6V0C;ATP6V1G1
prerank,Nuclear Events Mediated By NFE2L2 R-HSA-9759194,-0.24803737361145922,-0.995665737461963,4.522613e-01,8.169420e-01,1.000000e+00,29/70,28.98%,ATF4;CREBBP;PSMF1;PSMD6;PSMB6;NOTCH1;UBB;PSMA1;PSME2;TKT;PSMB3;NFE2L2;MAFK;PSME1;PSMD9;SKP1;PSMC2;PSMD7;PSMC3;PSMD3;TALDO1;GSR;SRXN1;CUL1;HMOX1;GSK3B;PSMD8;EP300;PSMC1
prerank,Late SARS-CoV-2 Infection Events R-HSA-9772573,-0.2647962926369148,-0.9940009110853235,4.432810e-01,8.195811e-01,1.000000e+00,10/48,13.85%,MAGT1;RPN2;DDOST;MGAT4B;GSK3A;UBB;SUMO1;PARP6;ZDHHC3;MGAT4A
prerank,Mitotic Metaphase And Anaphase R-HSA-2555396,0.20029580299820768,0.9927568093648237,4.494382e-01,8.452186e-01,1.000000e+00,39/182,17.44%,TUBA1A;PPP2R5A;KPNB1;XPO1;KIF2A;CKAP5;LBR;NUP62;PPP2R5D;TMPO;PSMD2;PSMB2;PSMD11;ANAPC10;HDAC8;NDEL1;PPP2R5C;CDC26;RAN;ZWILCH;BUB3;NUP37;VRK1;PSMD10;PSMD4;SMC1A;DYNLL1;CC2D1B;ZW10;NUP58;TAOK1;TUBB;PSMD13;NUP188;CDC16;TUBA1C;NUP85;PSMA5;PAFAH1B1
prerank,HDR Thru Single Strand Annealing (SSA) R-HSA-5685938,0.3026985258587237,0.9920737432304473,4.441860e-01,8.423717e-01,1.000000e+00,12/25,31.72%,RPA3;RFC5;RFC4;RAD52;RAD17;ATRIP;MRE11;ATM;BLM;ERCC4;RAD50;BARD1
prerank,Glycerophospholipid Biosynthesis R-HSA-1483206,0.2362488674525521,0.9914173114505901,4.641910e-01,8.399020e-01,1.000000e+00,19/72,18.84%,ABHD3;CDIPT;GPAT4;HADHA;PNPLA2;CPNE3;AGPAT1;TAFAZZIN;CEPT1;LPCAT1;LPCAT3;MIGA1;SLC44A2;CRLS1;SELENOI;SH2D3C;LPIN2;GPD2;ABHD4
prerank,Leishmania Infection R-HSA-9658195,-0.23049630070188873,-0.9910499997656942,4.840764e-01,8.257025e-01,1.000000e+00,23/110,16.81%,PSTPIP1;CDC42;GNAS;GNB1;VIPR2;FURIN;ADCY7;MYO9B;YES1;GNGT2;P2RX4;PRKCA;ARPC2;PRKAR2A;NFKB1;WIPF2;CALM1;LYN;PTRH2;VAV3;ADCY9;GNAI2;IL18
prerank,NoRC Negatively Regulates rRNA Expression R-HSA-427413,0.24264767645111135,0.9898844726938612,4.845361e-01,8.402213e-01,1.000000e+00,18/60,22.49%,HDAC1;UBTF;H2BC15;SMARCA5;TBP;GTF2H1;GTF2H3;H2AC6;POLR1H;GTF2H5;H2AC4;CCNH;POLR1D;TAF1B;POLR1E;H2BC9;SIN3B;H2BC12
prerank,GPCR Ligand Binding R-HSA-500792,-0.2526372209083631,-0.9888832128362685,4.773083e-01,8.298405e-01,1.000000e+00,14/66,16.28%,XCL1;GNAS;GNB1;VIPR2;GPR183;HEBP1;GNGT2;XCL2;CCL4;CCL5;PTRH2;PTCH2;LTB4R;RIPK2
prerank,Mitochondrial tRNA Aminoacylation R-HSA-379726,0.31661219766570137,0.9884599872953379,4.657837e-01,8.399881e-01,1.000000e+00,6/19,19.76%,QARS1;RARS2;PPA2;IARS2;WARS2;MARS2
prerank,NCAM Signaling For Neurite Out-Growth R-HSA-375165,0.3205893541383921,0.9876994901418956,4.618834e-01,8.377385e-01,1.000000e+00,2/18,0.57%,SPTAN1;ST8SIA4
prerank,TNFR1-induced NFkappaB Signaling Pathway R-HSA-5357956,-0.3077999822111629,-0.9876050244104342,4.680484e-01,8.313463e-01,1.000000e+00,6/25,17.46%,BIRC2;USP4;IKBKB;USP25;TRAF1;BIRC3
prerank,ER-Phagosome Pathway R-HSA-1236974,-0.24409861670174365,-0.9869101059375175,4.878472e-01,8.310843e-01,1.000000e+00,24/73,25.79%,CALR;PSMF1;SEC61G;PSMD6;PSMB6;SEC61B;UBB;PSME4;PDIA3;IKBKB;TAPBP;PSMA1;PSME2;PSMB3;PSME1;PSMD9;PSMC2;PSMD7;PSMC3;HLA-F;HLA-B;PSMD3;VAMP3;HLA-E
prerank,Nuclear Envelope Breakdown R-HSA-2980766,0.2574379444265827,0.9863131564945632,4.724221e-01,8.373731e-01,1.000000e+00,11/47,17.12%,NUP62;NUP50;TMPO;NEK9;NEK7;NUP37;VRK1;NUP58;NUP188;NUP85;LPIN2
prerank,Transport Of Mature mRNA Derived From An Intronless Transcript R-HSA-159231,-0.2757789867477047,-0.9862527095633125,4.678261e-01,8.304975e-01,1.000000e+00,9/41,17.08%,ALYREF;WDR33;NUP54;NUP133;NCBP1;SEH1L;SEC13;CPSF1;POM121
prerank,Formation Of TC-NER Pre-Incision Complex R-HSA-6781823,-0.26602881544662643,-0.9846612481935205,4.675768e-01,8.326083e-01,1.000000e+00,11/50,13.52%,ERCC3;POLR2C;POLR2D;POLR2G;COPS8;COPS3;USP7;UBB;MNAT1;POLR2E;CDK7
prerank,TCR Signaling R-HSA-202403,-0.22973239030458997,-0.9836248494250749,5.116667e-01,8.332113e-01,1.000000e+00,24/105,17.24%,PKN1;CARD11;HLA-DRB5;ARHGEF7;PSMF1;PSMD6;PSMB6;PTPRJ;PKN2;CD3D;PIK3R1;UBB;NFKB1;PSME4;IKBKB;PSMA1;PSME2;HLA-DRB1;PSMB3;TRAT1;EVL;RIPK2;PSME1;PSMD9
prerank,Meiotic Synapsis R-HSA-1221632,-0.2753779214414296,-0.9832896964609709,4.632353e-01,8.316596e-01,1.000000e+00,7/39,12.41%,H2AJ;TERF1;H2AX;H2AZ1;PMEPA1;SMC3;SUN1
prerank,Nucleotide Catabolism R-HSA-8956319,-0.32787123275372865,-0.9830377935429457,4.857143e-01,8.299044e-01,1.000000e+00,6/19,19.73%,UPP1;NUDT15;NT5C2;NUDT1;ITPA;NT5M
prerank,Energy Dependent Regulation Of mTOR By LKB1-AMPK R-HSA-380972,-0.3042043923348582,-0.9814478605558012,4.735915e-01,8.319951e-01,1.000000e+00,11/26,25.52%,LAMTOR1;LAMTOR4;PRKAG1;LAMTOR5;PRKAG2;MLST8;RHEB;LAMTOR3;TSC1;CAB39L;PRKAA1
prerank,Notch-HLH Transcription Pathway R-HSA-350054,0.2972243569908223,0.9793605048377324,4.988764e-01,8.552452e-01,1.000000e+00,6/23,13.54%,HDAC1;MAML1;HDAC8;HDAC5;KAT2A;HDAC6
prerank,Diseases Of Signal Transduction By Growth Factor Receptors And Second Messengers R-HSA-5663202,0.18652289363174607,0.9788440126432078,5.214286e-01,8.521832e-01,1.000000e+00,60/306,15.73%,TGFBR2;PPP2R5A;HDAC1;MAML1;PRKAR1A;TRIP11;ARAF;STAT3;PPP2R5D;MAP2K1;GCC2;PSMD2;ERBIN;DUSP16;VCL;PPP1CB;PSMB2;PSMD11;APBB1IP;HDAC8;CDKN1B;FAM114A2;ERBB2;PLCG1;PPP2R5C;YWHAB;BCL2L1;FGFR1OP2;PSEN1;STAT5A;STRN;RAP1B;HDAC5;AKT3;MECP2;PORCN;CNTRL;LCK;VCP;PSMD10;CLTC;SYVN1;CARS1;PIK3CA;PSMD4;NPM1;KAT2A;BIN2;HDAC6;RBX1;ADAM10;PPM1B;CREB1;TRIM24;AGGF1;PTEN;SND1;AKT1S1;POLR2I;PSMD13
prerank,Synthesis Of IP3 And IP4 In Cytosol R-HSA-1855204,-0.34949772094012166,-0.9773283834521552,5.074349e-01,8.416519e-01,1.000000e+00,7/15,22.21%,ITPK1;PLCH2;CALM1;PLCB1;PLCB2;ITPKC;SYNJ1
prerank,Detoxification Of Reactive Oxygen Species R-HSA-3299685,0.3183589684873655,0.9770604388073246,5.251641e-01,8.531505e-01,1.000000e+00,5/19,14.31%,CYCS;SOD1;PRDX2;NUDT2;PRDX3
prerank,Potential Therapeutics For SARS R-HSA-9679191,0.2310108613488569,0.9769072675870974,5.052910e-01,8.488851e-01,1.000000e+00,17/75,15.29%,FNTA;HDAC1;ITGA4;RBBP4;ATP1A3;PTGES3;IMPDH2;IFNAR1;S1PR1;NCK1;RIPK1;KEAP1;IFNAR2;FKBP4;RBX1;TUBB;ARID4A
prerank,Golgi-to-ER Retrograde Transport R-HSA-8856688,-0.24035277082938575,-0.9736737448164458,4.942339e-01,8.498774e-01,1.000000e+00,22/82,23.87%,RAB1A;NAPG;DCTN4;DYNLL2;SURF4;DCTN3;BNIP1;TMED2;DYNC1LI1;DYNC1LI2;CAPZA2;KIF22;RINT1;RAB18;ARF3;COPZ1;PLA2G6;KIF1B;GALNT1;TMED9;KIF20B;UBE2Z
prerank,G2/M Checkpoints R-HSA-69481,0.21249818330084833,0.9718673322315867,4.900000e-01,8.605918e-01,1.000000e+00,28/110,20.89%,H2BC15;RPA3;PSMD2;PSMB2;MCM3;PSMD11;RFC5;RFC4;YWHAZ;YWHAB;YWHAH;HERC2;MDC1;PSMD10;PSMD4;RAD17;ATRIP;YWHAQ;PSMD13;PSMA5;UBC;MRE11;RNF8;REXO2;H2BC9;PSMB5;TP53;ATM
prerank,RHO GTPases Activate Formins R-HSA-5663220,-0.23780982028012887,-0.9710677587372631,5.427632e-01,8.552778e-01,1.000000e+00,13/83,11.53%,MAPRE1;CDC42;CENPP;RHOC;DYNLL2;PPP2CA;PPP2CB;DYNC1LI1;NUP133;CENPT;DYNC1LI2;SEH1L;SEC13
prerank,Unattached Kinetochores Signal Amplification Via A MAD2 Inhibitory Signal R-HSA-141444,0.2378733963862022,0.9701490726701474,5.322997e-01,8.614876e-01,1.000000e+00,16/64,18.16%,PPP2R5A;XPO1;KIF2A;CKAP5;PPP2R5D;NDEL1;PPP2R5C;ZWILCH;BUB3;NUP37;DYNLL1;ZW10;TAOK1;NUP85;PAFAH1B1;PPP1CC
prerank,Mitotic Prometaphase R-HSA-68877,-0.2183729807272625,-0.9697903653208089,5.538462e-01,8.565090e-01,1.000000e+00,24/146,11.53%,MAPRE1;CENPP;CSNK2B;DYNLL2;PPP2CA;OFD1;CSNK1D;TUBB4B;DCTN3;CEP70;PPP2CB;PRKCA;DYNC1LI1;CEP152;NUP133;CENPT;MZT1;DYNC1LI2;PMEPA1;SEH1L;SMC3;YWHAE;CSNK2A2;SEC13
prerank,Butyrate Response Factor 1 Binds And Destabilizes mRNA R-HSA-450385,-0.34098007065537006,-0.9697621340041013,4.928058e-01,8.540911e-01,1.000000e+00,3/17,3.49%,MAPKAPK2;AKT1;DCP1A
prerank,SARS-CoV-1 Infection R-HSA-9678108,-0.2702714173092826,-0.9693727355803619,5.051195e-01,8.528044e-01,1.000000e+00,10/41,14.70%,MAP1LC3B;CHMP4B;CHMP2B;GSK3A;BECN1;UBB;SUMO1;PARP6;ZCRB1;CHMP2A
prerank,HCMV Infection R-HSA-9609646,0.2144553943455959,0.9685359096520816,5.142119e-01,8.619995e-01,1.000000e+00,21/96,17.24%,NUP62;H2BC15;NUP50;RBBP4;MVB12A;DUT;DAXX;SUZ12;H2AC6;NUP37;HNRNPK;RRM1;CHMP1A;H2AC11;DYNLL1;NUP58;CREB1;NUP188;H2AC4;NUP85;VPS37A
prerank,L1CAM Interactions R-HSA-373760,-0.280075446466059,-0.9683495495207878,5.026643e-01,8.534086e-01,1.000000e+00,12/35,26.67%,PKN1;CSNK2B;MAP2K2;NCAM1;CSNK2A2;AP2A1;AP2M1;RANBP9;AP2A2;DNM2;ITGA2B;FGFR1
prerank,Ion Homeostasis R-HSA-5578775,0.30168905676440727,0.968281197047693,5.010846e-01,8.581601e-01,1.000000e+00,5/23,10.10%,STIM1;ATP1A3;ATP2B4;ATP2A3;AHCYL1
prerank,Apoptotic Cleavage Of Cellular Proteins R-HSA-111465,0.2920335175479901,0.9676349981551596,4.911894e-01,8.555500e-01,1.000000e+00,4/24,6.93%,SPTAN1;FNTA;PRKCQ;ADD1
prerank,FBXL7 Down-Regulates AURKA During Mitotic Entry And In Early Mitosis R-HSA-8854050,-0.2596509724328674,-0.9672183046873978,5.213523e-01,8.543136e-01,1.000000e+00,15/49,20.98%,PSMF1;PSMD6;PSMB6;FBXL18;UBB;PSME4;PSMA1;PSME2;PSMB3;PSME1;PSMD9;SKP1;PSMC2;PSMD7;PSMC3
prerank,Sensory Processing Of Sound By Inner Hair Cells Of Cochlea R-HSA-9662360,0.2858415329568208,0.966089443240202,5.180723e-01,8.558720e-01,1.000000e+00,4/27,6.26%,SPTAN1;RIPOR2;CAPZA1;ATP2B4
prerank,Deactivation Of Beta-Catenin Transactivating Complex R-HSA-3769402,-0.2911568987230958,-0.9660657132830984,4.836489e-01,8.551875e-01,1.000000e+00,5/29,9.14%,CTBP1;AKT1;TCF7;TLE4;UBB
prerank,AURKA Activation By TPX2 R-HSA-8854518,0.23361484866741747,0.9658876775241646,5.013055e-01,8.473335e-01,1.000000e+00,15/62,17.44%,CEP57;TUBA1A;CKAP5;CEP250;HAUS1;CNTRL;HAUS4;CEP290;DYNLL1;PCNT;TUBB;CEP78;CDK5RAP2;SFI1;PAFAH1B1
prerank,Loss Of Nlp From Mitotic Centrosomes R-HSA-380259,0.23361484866741747,0.9658876775241646,5.013055e-01,8.473335e-01,1.000000e+00,15/62,17.44%,CEP57;TUBA1A;CKAP5;CEP250;HAUS1;CNTRL;HAUS4;CEP290;DYNLL1;PCNT;TUBB;CEP78;CDK5RAP2;SFI1;PAFAH1B1
prerank,"Cell Cycle, Mitotic R-HSA-69278",-0.19237525990988083,-0.9650706512823497,5.753053e-01,8.557924e-01,1.000000e+00,79/400,17.45%,MAPRE1;RAB1A;CENPP;H2AJ;AKT1;GORASP2;ANAPC15;CSNK2B;CHMP4B;DYNLL2;H2AX;CDKN2D;PPP2CA;ANAPC11;OFD1;PSMF1;NUP54;CSNK1D;FBXO5;TUBB4B;CHMP2B;PSMD6;PSMB6;DCTN3;CEP70;KMT5A;PPP2CB;ESCO1;PRKCA;H3-3B;DYNC1LI1;CEP152;NUP133;CENPT;FBXL18;MZT1;ORC4;UBB;DYNC1LI2;DBF4;MNAT1;H2AZ1;PMEPA1;RAB2A;SEH1L;SUMO1;PSME4;SMC3;MCPH1;YWHAE;PRKCB;CSNK2A2;OPTN;SEC13;CKS1B;UBE2S;LPIN1;LYN;CDC14A;CDK7;PPP2R2D;HAUS2;GMNN;PSMA1;PSME2;CHMP2A;VPS4A;TYMS;PSMB3;SGO2;TFDP2;CENPH;TUBA4A;CEP131;CSNK1E;PSME1;POM121;PSMD9;VRK2
prerank,Cleavage Of Damaged Pyrimidine R-HSA-110329,-0.2848465107773266,-0.9639896116608592,5.018382e-01,8.565478e-01,1.000000e+00,4/29,9.64%,H2AJ;TERF1;H2AX;H2AZ1
prerank,RUNX1 Regulates Genes Involved In Megakaryocyte Differentiation And Platelet Function R-HSA-8936459,-0.25525872664623206,-0.963002935142049,5.238095e-01,8.570333e-01,1.000000e+00,8/51,9.64%,H2AJ;H2AX;ZFPM1;KMT2B;H3-3B;TNRC6A;AGO4;H2AZ1
prerank,Cooperation Of PDCL (PhLP1) And TRiC/CCT In G-protein Beta Folding R-HSA-6814122,-0.32514545148819224,-0.9623791384264,5.034602e-01,8.565491e-01,1.000000e+00,5/20,10.87%,CSNK2B;GNB1;GNGT2;GNAQ;CSNK2A2
prerank,Signaling By MET R-HSA-6806834,-0.27368128958345384,-0.9605614114906051,5.076661e-01,8.592146e-01,1.000000e+00,11/38,18.49%,NRAS;RAPGEF1;STAM;PTPRJ;RNMT;PIK3R1;UBB;ARF6;LMNB2;RAB4A;SHC1
prerank,DNA Damage Recognition In GG-NER R-HSA-5696394,0.2643764909367124,0.9591818415332467,5.563380e-01,8.641076e-01,1.000000e+00,8/35,9.71%,COPS5;COPS7A;INO80D;DDB2;INO80B;RAD23B;PARP1;RUVBL1
prerank,Diseases Of Glycosylation R-HSA-3781865,-0.24962051636869947,-0.9587066950368313,5.133779e-01,8.624646e-01,1.000000e+00,17/58,24.32%,CHSY1;GALNT3;NOTCH1;POMT1;LFNG;ADAMTS10;B3GALT6;EXT1;ALG12;DPM1;B3GAT3;NUS1;ALG9;ADAMTS1;B4GALT1;B4GALT7;MAN1B1
prerank,SUMO E3 Ligases SUMOylate Target Proteins R-HSA-3108232,0.20144150763945237,0.9585586751911157,5.642458e-01,8.616907e-01,1.000000e+00,19/137,9.59%,HDAC1;TRIM27;NUP62;NUP50;NSMCE3;SMC6;MBD1;DAXX;SUZ12;DDX17;DDX5;CDKN2A;HERC2;NUP37;HNRNPK;MDC1;PARP1;PHC3;RAD52
prerank,Signaling By NOTCH4 R-HSA-9013694,-0.23760903052699175,-0.9577181787812463,5.406302e-01,8.629087e-01,1.000000e+00,20/72,20.98%,AKT1;SNW1;CREBBP;FBXW7;PSMF1;PSMD6;PSMB6;TACC3;NOTCH1;APH1A;UBB;PSMA1;PSME2;PSMB3;PSME1;PSMD9;SKP1;PSMC2;PSMD7;PSMC3
prerank,Homology Directed Repair R-HSA-5693538,0.21937045190566096,0.9568613968755841,5.349462e-01,8.623704e-01,1.000000e+00,23/85,22.82%,H2BC15;RPA3;PPP4C;RFC5;PPP4R2;POLK;RFC4;HERC2;MDC1;PARP1;RAD52;RAD17;GEN1;ATRIP;UBC;MRE11;TIMELESS;RNF8;RAD51C;H2BC9;ATM;H2BC12;NSD2
prerank,rRNA Processing In Nucleus And Cytosol R-HSA-8868773,-0.22328849691653996,-0.9557350003305094,5.487421e-01,8.663095e-01,1.000000e+00,26/106,23.52%,DDX52;KRR1;NOL12;BYSL;C1D;UTP3;EXOSC10;CSNK1D;ISG20L2;PDCD11;RIOK3;LTV1;WDR36;RSL24D1;PNO1;BUD23;SENP3;CSNK1E;TRMT112;SNU13;UTP11;EXOSC1;RPP14;EXOSC6;WDR43;XRN2
prerank,Translation R-HSA-72766,0.19204915022533875,0.9545981675308017,5.905045e-01,8.647556e-01,1.000000e+00,51/196,21.44%,MRPS7;EIF3A;APEH;DARS1;MRPS35;EEF1A1;MRPL49;MRPS33;EIF2S1;MTFMT;MRPL3;EIF4B;SARS1;EIF3E;EEF2;EIF3L;MRPL34;MRPL15;QARS1;RARS2;MRPS18C;EEF1B2;EPRS1;MRPL41;CARS1;PABPC1;MRRF;EIF4A2;MRPL20;FARSA;RPN1;SPCS1;PPA2;MTIF3;EIF4G1;MRPL18;AARS1;MRPS34;IARS2;EIF3K;MRPS18B;MRPL17;WARS2;MRPS14;OXA1L;MARS2;MRPL36;EIF2S2;MRPL53;EIF3H;GSPT1
prerank,Transport Of Mature mRNAs Derived From Intronless Transcripts R-HSA-159234,-0.2659381196322624,-0.954270725466925,5.313589e-01,8.682471e-01,1.000000e+00,9/42,17.08%,ALYREF;WDR33;NUP54;NUP133;NCBP1;SEH1L;SEC13;CPSF1;POM121
prerank,Regulation Of HSF1-mediated Heat Shock Response R-HSA-3371453,0.22695638364684007,0.9526172945845072,5.097087e-01,8.662358e-01,1.000000e+00,15/69,17.04%,HSPA4;NUP62;ST13;NUP50;HIKESHI;HSPH1;RPA3;NUP37;FKBP4;HSPA8;NUP58;NUP188;MRPL18;CCAR2;NUP85
prerank,TAK1-dependent IKK And NF-kappa-B Activation R-HSA-445989,-0.27523185229327696,-0.9524780696824762,5.464286e-01,8.708733e-01,1.000000e+00,8/36,16.28%,NFKBIB;N4BP1;UBB;NFKB1;IKBKB;USP18;IRAK1;RIPK2
prerank,"Base-Excision Repair, AP Site Formation R-HSA-73929",-0.2769702375250719,-0.951393448574469,5.238971e-01,8.714139e-01,1.000000e+00,4/31,9.64%,H2AJ;TERF1;H2AX;H2AZ1
prerank,Interferon Gamma Signaling R-HSA-877300,0.22873297685303626,0.9513736382464103,5.577396e-01,8.656180e-01,1.000000e+00,10/62,12.80%,GBP5;IRF2;TRIM22;BCL11B;IFNG;TRIM35;GBP4;IRF3;PTPN1;TRIM38
prerank,Antigen processing-Cross Presentation R-HSA-1236975,-0.23254977296129692,-0.9512868275123628,5.659722e-01,8.692406e-01,1.000000e+00,23/77,23.64%,CALR;PSMF1;SEC61G;PSMD6;PSMB6;SEC61B;UBB;PSME4;PDIA3;CTSS;IKBKB;TAPBP;PSMA1;PSME2;PSMB3;PSME1;PSMD9;PSMC2;PSMD7;PSMC3;HLA-F;HLA-B;PSMD3
prerank,"Plasma Lipoprotein Assembly, Remodeling, And Clearance R-HSA-174824",-0.2757085572519365,-0.9509345571301481,5.430108e-01,8.679723e-01,1.000000e+00,7/33,11.18%,FURIN;MYLIP;NPC2;PRKCA;UBB;P4HB;APOBR
prerank,Influenza Viral RNA Transcription And Replication R-HSA-168273,-0.253335640651921,-0.9507630849709268,5.440415e-01,8.660534e-01,1.000000e+00,13/55,17.08%,POLR2C;NUP54;POLR2D;POLR2G;NUP133;SEH1L;SEC13;GRSF1;POLR2E;DNAJC3;RSL24D1;POLR2J;POM121
prerank,Telomere Extension By Telomerase R-HSA-171319,-0.31223653460014805,-0.9498102106262054,5.543672e-01,8.664992e-01,1.000000e+00,2/20,1.67%,TERF1;RTEL1
prerank,Signaling By PDGF R-HSA-186797,-0.28435040321630967,-0.9494549265379635,5.405405e-01,8.650547e-01,1.000000e+00,4/30,3.70%,NCK2;NRAS;RAPGEF1;FURIN
prerank,Negative Regulation Of PI3K/AKT Network R-HSA-199418,-0.2463308960013726,-0.948467520827714,5.358362e-01,8.653409e-01,1.000000e+00,9/57,8.79%,AKT1;IRS2;PHLPP2;IER3;PPP2CA;PIP4K2A;RNMT;PPP2CB;PIK3R1
prerank,TP53 Regulates Transcription Of Additional Cell Cycle Genes With Uncertain Roles In P53 Pathway R-HSA-6804115,0.31595126656351513,0.9475580626281946,5.194805e-01,8.731213e-01,1.000000e+00,3/17,13.05%,CNOT7;CNOT3;NPM1
prerank,Regulation Of Apoptosis R-HSA-169911,-0.2528918854756045,-0.946526346214121,5.629371e-01,8.684356e-01,1.000000e+00,14/49,20.98%,PSMF1;PSMD6;PSMB6;PKN2;UBB;PSME4;PSMA1;PSME2;PSMB3;PSME1;PSMD9;PSMC2;PSMD7;PSMC3
prerank,Intra-Golgi And Retrograde Golgi-to-ER Traffic R-HSA-6811442,-0.214967766709134,-0.9465165305184604,5.673534e-01,8.660738e-01,1.000000e+00,38/142,23.87%,RAB1A;NAPG;STX5;VPS53;IGF2R;GOLIM4;DCTN4;DYNLL2;COG3;SURF4;DCTN3;SYS1;BNIP1;TMED2;DYNC1LI1;DYNC1LI2;VTI1A;CAPZA2;MAN2A2;VPS54;TGOLN2;KIF22;RINT1;RAB30;RAB18;ARF3;COPZ1;PLA2G6;KIF1B;GALNT1;SNAP29;PLIN3;TMED9;TMF1;M6PR;NAA38;KIF20B;UBE2Z
prerank,Negative Regulation Of MET Activity R-HSA-6807004,-0.3291141238933029,-0.9456352531528162,5.250000e-01,8.661657e-01,1.000000e+00,4/18,9.14%,STAM;PTPRJ;RNMT;UBB
prerank,Signaling By NOTCH R-HSA-157118,-0.20745976162433707,-0.9455708942453152,6.109375e-01,8.639417e-01,1.000000e+00,34/156,17.24%,H2AJ;AKT1;SNW1;CREBBP;H2AX;FBXW7;FURIN;PSMF1;MIB2;PSMD6;PSMB6;RFNG;TACC3;NOTCH1;TMED2;H3-3B;TLE4;APH1A;TNRC6A;AGO4;UBB;LFNG;H2AZ1;AGO2;HDAC9;SEL1L;PSMA1;PSME2;PSMB3;TBL1X;TFDP2;PSME1;ARRB1;PSMD9
prerank,Resolution Of Sister Chromatid Cohesion R-HSA-2500257,-0.2369147460966909,-0.9454578536948608,5.497553e-01,8.619574e-01,1.000000e+00,13/73,11.53%,MAPRE1;CENPP;DYNLL2;PPP2CA;PPP2CB;DYNC1LI1;NUP133;CENPT;DYNC1LI2;PMEPA1;SEH1L;SMC3;SEC13
prerank,Mitotic Spindle Checkpoint R-HSA-69618,-0.23345491978538666,-0.9453075594257974,5.605816e-01,8.600294e-01,1.000000e+00,14/80,12.39%,MAPRE1;CENPP;ANAPC15;DYNLL2;PPP2CA;ANAPC11;PPP2CB;DYNC1LI1;NUP133;CENPT;DYNC1LI2;SEH1L;SEC13;UBE2S
prerank,Signaling By WNT In Cancer R-HSA-4791275,-0.3182257956989377,-0.9449027730419743,5.180505e-01,8.588904e-01,1.000000e+00,4/19,8.19%,CTBP1;PPP2CA;PPP2CB;AXIN1
prerank,Neuronal System R-HSA-112316,0.21085687644990572,0.9446791038370957,5.546667e-01,8.774083e-01,1.000000e+00,26/100,19.58%,PRKACB;PRKAR1A;ARL6IP5;EPB41;KCNA3;SLC1A7;KCNAB2;NPTN;MYO6;GNG10;NCALD;LIN7B;SHARPIN;HSPA8;PICK1;ABAT;SIPA1L1;PPFIA1;IL1RAP;CREB1;VAMP2;SH2D3C;PDLIM5;APBA3;DLG1;DLGAP4
prerank,Fc Epsilon Receptor (FCERI) Signaling R-HSA-2454202,0.20657770937401485,0.9441645105631824,5.849057e-01,8.747352e-01,1.000000e+00,12/116,4.31%,PPP3CB;UBE2D2;MAP2K4;RASGRP1;PRKCQ;RASGRP2;JUN;PSMD2;NFATC2;PSMB2;PSMD11;GRAP2
prerank,Vpu Mediated Degradation Of CD4 R-HSA-180534,-0.2538828445067422,-0.9439138535662247,5.754386e-01,8.590577e-01,1.000000e+00,14/47,20.98%,PSMF1;PSMD6;PSMB6;UBB;PSME4;PSMA1;PSME2;PSMB3;PSME1;PSMD9;SKP1;PSMC2;PSMD7;PSMC3
prerank,Activated TAK1 Mediates P38 MAPK Activation R-HSA-450302,-0.32850171957622776,-0.943094038636319,5.508021e-01,8.590229e-01,1.000000e+00,4/17,16.28%,MAPKAPK2;MAP2K3;IRAK1;RIPK2
prerank,Beta-catenin Phosphorylation Cascade R-HSA-196299,0.33473465242872646,0.9416507215963252,5.245902e-01,8.779035e-01,1.000000e+00,3/15,6.50%,PPP2R5A;PPP2R5D;PPP2R5C
prerank,Interferon Signaling R-HSA-913531,0.19564485309157018,0.9405996920688323,6.424581e-01,8.766564e-01,1.000000e+00,29/152,15.95%,KPNB1;GBP5;NUP62;KPNA3;IRF2;NUP50;TRIM22;BCL11B;IFNG;TRIM35;ISG20;PLCG1;GBP4;IFNAR1;ARIH1;NUP37;IFIT5;IFNAR2;IRF3;PTPN1;TRIM38;GNL3;EIF4A2;NUP58;PPM1B;RIGI;ABCE1;EIF4G1;NUP188
prerank,Hedgehog On State R-HSA-5632684,-0.23838677079327544,-0.9404692313822199,5.598007e-01,8.643135e-01,1.000000e+00,21/66,23.64%,GRK2;PSMF1;CUL3;PSMD6;PSMB6;UBB;PSME4;SPOPL;PSMA1;PSME2;PSMB3;PTCH2;PSME1;SMURF1;ARRB1;PSMD9;PSMC2;PSMD7;PSMC3;ARRB2;PSMD3
prerank,Negative Epigenetic Regulation Of rRNA Expression R-HSA-5250941,0.2296162338034439,0.9396359890663308,5.590551e-01,8.752824e-01,1.000000e+00,17/63,21.08%,HDAC1;UBTF;H2BC15;SMARCA5;TBP;GTF2H1;GTF2H3;H2AC6;POLR1H;GTF2H5;H2AC4;CCNH;POLR1D;TAF1B;POLR1E;H2BC9;SIN3B
prerank,Transport Of SLBP Independent Mature mRNA R-HSA-159227,-0.27789826013977553,-0.9386817012032286,5.594796e-01,8.670113e-01,1.000000e+00,6/34,11.53%,ALYREF;NUP54;NUP133;NCBP1;SEH1L;SEC13
prerank,Transport Of Small Molecules R-HSA-382551,-0.18899588513395835,-0.9385353241308056,6.361111e-01,8.651156e-01,1.000000e+00,91/336,24.55%,FTL;SLC15A4;SLC22A5;FTH1;TCIRG1;MAGT1;GNAS;ATP6V1H;ACO1;GNB1;FURIN;SLC2A1;SLC9B2;PSMF1;SLC25A26;ADCY7;SLC35D2;MCUB;GNGT2;PSMD6;CAND1;PSMB6;MYLIP;NPC2;CLCN6;ATP6V0C;TRPM7;PRKCA;DERL1;ASPH;SLC7A5;PRKAR2A;UBB;ATP8A1;P4HB;PSME4;CALM1;SLC9A1;FBXL5;APOBR;FXYD7;SLC38A5;SEL1L;ABCA5;SLC25A5;ABCA3;ATP6V1G1;PSMA1;PSME2;SLC3A2;PSMB3;LRRC8C;ABCA7;ADCY9;BEST1;PSME1;PSMD9;PMPCA;SLC9A3;AP2A1;CLCN7;SLC27A1;TRPM2;CYB5R4;SKP1;PSMC2;PHB1;MICU3;PSMD7;SLC5A6;PSMC3;SLC2A8;SLC4A4;VDAC1;AP2M1;STOML2;SLC1A4;ATP1B3;SLC16A1;AP2A2;ATP11C;ATP2B1;ANO8;PSMD3;ABCB1;ATP8B4;ABCB7;MAIP1;ATP1B1;PARL;TRPC4AP
prerank,MAPK Targets/ Nuclear Events Mediated By MAP Kinases R-HSA-450282,-0.321522759680673,-0.9381074801751043,5.398551e-01,8.639931e-01,1.000000e+00,4/18,7.23%,MAPKAPK2;PPP2CA;MAPK9;PPP2CB
prerank,APC/C-mediated Degradation Of Cell Cycle Proteins R-HSA-174143,-0.23426807921666978,-0.9373643884363949,5.887231e-01,8.637621e-01,1.000000e+00,19/72,20.98%,ANAPC15;ANAPC11;PSMF1;FBXO5;PSMD6;PSMB6;UBB;PSME4;UBE2S;CDC14A;PSMA1;PSME2;PSMB3;PSME1;PSMD9;SKP1;PSMC2;PSMD7;PSMC3
prerank,Regulation Of APC/C Activators Between G1/S And Early Anaphase R-HSA-176408,-0.2356190650171816,-0.9355322533519685,5.880399e-01,8.665685e-01,1.000000e+00,20/68,23.64%,ANAPC15;ANAPC11;PSMF1;FBXO5;PSMD6;PSMB6;UBB;PSME4;UBE2S;PSMA1;PSME2;PSMB3;PSME1;PSMD9;SKP1;PSMC2;PSMD7;PSMC3;ANAPC5;PSMD3
prerank,Nuclear Envelope (NE) Reassembly R-HSA-2995410,0.23468085327460436,0.9342102987924372,5.895692e-01,8.876442e-01,1.000000e+00,14/59,17.04%,TUBA1A;KPNB1;LBR;NUP62;TMPO;RAN;NUP37;VRK1;CC2D1B;NUP58;TUBB;NUP188;TUBA1C;NUP85
prerank,Constitutive Signaling By AKT1 E17K In Cancer R-HSA-5674400,-0.2974619345342325,-0.9335412665357609,5.460637e-01,8.701082e-01,1.000000e+00,5/23,14.59%,AKT1;BAD;GSK3A;MAPKAP1;MLST8
prerank,Biosynthesis Of N-glycan Precursor (Dolichol LLO) And Transfer To Protein R-HSA-446193,0.22842610519790102,0.9303417438013549,6.150000e-01,8.950755e-01,1.000000e+00,21/58,29.83%,ST8SIA4;ST6GAL1;ALG13;CTSA;CMAS;ALG6;DPAGT1;ST3GAL1;ALG3;GLB1;ALG1;GMDS;PGM3;DOLPP1;FCSK;ST3GAL5;ST3GAL2;SLC35C1;FPGT;ST3GAL3;ALG11
prerank,Signaling By BRAF And RAF1 Fusions R-HSA-6802952,-0.25425872229426755,-0.9299206686202908,6.045296e-01,8.777422e-01,1.000000e+00,18/46,26.02%,QKI;NRAS;MAP2K2;ATG7;CLCN6;AGTRAP;KDM7A;CALM1;MPRIP;BRAF;ARRB1;TRAK1;PAPSS1;ARRB2;AP3B1;AGK;ITGA2B;LMNA
prerank,Phospholipid Metabolism R-HSA-1483257,0.19385697603353957,0.9287762192733853,6.515581e-01,8.956047e-01,1.000000e+00,33/137,19.34%,PIK3CG;MTMR4;ABHD3;CDIPT;GPAT4;PIKFYVE;HADHA;PI4K2B;PNPLA2;CPNE3;PIP5K1A;AGPAT1;TAFAZZIN;CEPT1;LPCAT1;LPCAT3;MIGA1;MTMR6;SLC44A2;PIK3CA;CRLS1;PTEN;SELENOI;SH2D3C;GDPD5;PIK3R4;LPIN2;TNFAIP8;GDPD1;GPD2;ABHD4;PIK3R2;SACM1L
prerank,Assembly Of ORC Complex At Origin Of Replication R-HSA-68616,-0.2951627550199363,-0.9280100379499288,5.616698e-01,8.806917e-01,1.000000e+00,5/23,9.64%,H2AJ;H2AX;H3-3B;ORC4;H2AZ1
prerank,Separation Of Sister Chromatids R-HSA-2467813,-0.21120343191227475,-0.9278996728568834,6.250000e-01,8.786897e-01,1.000000e+00,28/135,17.24%,MAPRE1;CENPP;ANAPC15;DYNLL2;PPP2CA;ANAPC11;PSMF1;PSMD6;PSMB6;PPP2CB;DYNC1LI1;NUP133;CENPT;UBB;DYNC1LI2;PMEPA1;SEH1L;PSME4;SMC3;SEC13;UBE2S;PSMA1;PSME2;PSMB3;SGO2;CENPH;PSME1;PSMD9
prerank,Regulation Of NF-kappa B Signaling R-HSA-9758274,-0.3285111771118735,-0.9273473536544018,5.583942e-01,8.779049e-01,1.000000e+00,4/17,11.22%,N4BP1;UBB;IKBKB;USP18
prerank,Glycolysis R-HSA-70171,0.2310517224801244,0.9264716954908746,5.994962e-01,8.983082e-01,1.000000e+00,13/56,17.04%,PRKACB;NUP62;NUP50;PPP2R5D;HOOK2;NUP37;PFKP;MAP4K2;GNPDA2;PKM;NUP58;NUP188;NUP85
prerank,Switching Of Origins To A Post-Replicative State R-HSA-69052,-0.2292088344207691,-0.9261155808540281,6.006601e-01,8.790110e-01,1.000000e+00,22/77,23.64%,ANAPC15;ANAPC11;PSMF1;PSMD6;PSMB6;ORC4;UBB;PSME4;UBE2S;GMNN;PSMA1;PSME2;PSMB3;PSME1;PSMD9;SKP1;PSMC2;PSMD7;PSMC3;MCM4;ANAPC5;PSMD3
prerank,Cellular Response To Hypoxia R-HSA-1234174,0.2254620055142172,0.9260466431882283,6.211765e-01,8.951797e-01,1.000000e+00,15/63,18.91%,MIA3;UBE2D2;PSMD2;PSMB2;PSMD11;EGLN1;CITED2;HIF1A;PSMD10;PSMD4;RBX1;PSMD13;PSMA5;LIMD1;UBC
prerank,Hedgehog Off State R-HSA-5610787,-0.2288619110415277,-0.925059747650199,5.953177e-01,8.795691e-01,1.000000e+00,20/74,20.98%,GNAS;OFD1;PSMF1;ADCY7;PSMD6;PSMB6;PRKCA;PRKAR2A;UBB;PSME4;PSMA1;PSME2;PSMB3;ADCY9;PSME1;PSMD9;SKP1;PSMC2;PSMD7;PSMC3
prerank,SARS-CoV-2 Infection R-HSA-9694516,-0.1992305665453553,-0.9239887644773972,6.437500e-01,8.801965e-01,1.000000e+00,35/193,15.48%,MAP1LC3B;SEC24C;MAGT1;RPN2;AKT1;CHMP4B;CREBBP;FURIN;SEC24B;NUP54;CHMP2B;DDOST;MGAT4B;GSK3A;KPNA2;NUP133;BECN1;UBB;SEH1L;SUMO1;ISG15;YWHAE;IKBKB;PARP6;SEC24A;VPS39;SEC13;ZCRB1;IRAK1;ZDHHC3;MGAT4A;TRIM25;CHMP2A;ATG14;TYK2
prerank,ABC Transporter Disorders R-HSA-5619084,-0.23780991078794128,-0.9236633714114642,6.247818e-01,8.789429e-01,1.000000e+00,16/58,20.98%,PSMF1;PSMD6;PSMB6;DERL1;UBB;PSME4;SEL1L;ABCA3;PSMA1;PSME2;PSMB3;PSME1;PSMD9;PSMC2;PSMD7;PSMC3
prerank,Toll-like Receptor Cascades R-HSA-168898,0.2022756722266721,0.9233466889627543,6.904110e-01,8.989177e-01,1.000000e+00,15/109,10.06%,PTPN4;MAPK14;UBE2D2;MAP2K4;S100A8;S100A9;PPP2R5D;MAP2K1;JUN;GSDMD;SARM1;IRAK4;LRRC14;USP14;RIPK1
prerank,Recognition Of DNA Damage By PCNA-containing Replication Complex R-HSA-110314,0.27424551571385314,0.9223378963469268,5.768322e-01,8.976337e-01,1.000000e+00,10/25,29.50%,RPA3;RFC5;RFC4;UBE2B;RBX1;UBC;RAD18;CUL4A;POLD3;UBA52
prerank,Ion Transport By P-type ATPases R-HSA-936837,0.26911592690519454,0.9215981701550671,5.653153e-01,8.955126e-01,1.000000e+00,5/28,12.14%,ATP10D;ATP1A3;ATP2B4;ATP2A3;CUTC
prerank,Sensory Processing Of Sound R-HSA-9659379,0.26616375333333486,0.9209552732191743,5.778302e-01,8.930114e-01,1.000000e+00,4/29,6.26%,SPTAN1;RIPOR2;CAPZA1;ATP2B4
prerank,SARS-CoV-2 Activates/Modulates Innate And Adaptive Immune Responses R-HSA-9705671,0.2061891300105903,0.9206975020773357,6.563307e-01,8.896526e-01,1.000000e+00,19/94,17.04%,G3BP1;NUP62;TRIM4;NUP50;SEC23A;TOMM70;STING1;IFNAR1;CNBP;NUP37;IFNAR2;SIKE1;IRF3;NUP58;RIGI;G3BP2;NUP188;PIK3R4;NUP85
prerank,p53-Dependent G1 DNA Damage Response R-HSA-69563,-0.24071898623094806,-0.9200822335432635,6.331570e-01,8.864390e-01,1.000000e+00,16/55,20.98%,PSMF1;PSMD6;PSMB6;PCBP4;UBB;PSME4;MDM4;PSMA1;PSME2;PSMB3;PHF20;PSME1;PSMD9;PSMC2;PSMD7;PSMC3
prerank,Stabilization Of P53 R-HSA-69541,-0.24120002013453554,-0.9200646149083905,6.175439e-01,8.841857e-01,1.000000e+00,15/52,20.98%,PSMF1;PSMD6;PSMB6;UBB;PSME4;MDM4;PSMA1;PSME2;PSMB3;PHF20;PSME1;PSMD9;PSMC2;PSMD7;PSMC3
prerank,FOXO-mediated Transcription R-HSA-9614085,0.23071388478732038,0.919516627330644,5.794621e-01,8.888534e-01,1.000000e+00,8/48,9.51%,HDAC1;RBL2;CDKN1B;CITED2;YWHAZ;YWHAB;AKT3;MAP4K2
prerank,HDR Thru Homologous Recombination (HRR) Or Single Strand Annealing (SSA) R-HSA-5693567,0.2121961197507295,0.919105446803119,6.266319e-01,8.858010e-01,1.000000e+00,22/81,22.82%,H2BC15;RPA3;PPP4C;RFC5;PPP4R2;POLK;RFC4;HERC2;MDC1;RAD52;RAD17;GEN1;ATRIP;UBC;MRE11;TIMELESS;RNF8;RAD51C;H2BC9;ATM;H2BC12;NSD2
prerank,Peptide Ligand-Binding Receptors R-HSA-375276,-0.28338352882702345,-0.9184297776053552,5.863309e-01,8.862803e-01,1.000000e+00,8/26,21.92%,XCL1;HEBP1;XCL2;CCL4;CCL5;RIPK2;C3AR1;CXCR3
prerank,Cell Cycle R-HSA-1640170,-0.17984410764221145,-0.917442650918446,7.589404e-01,8.866198e-01,1.000000e+00,93/498,17.45%,MAPRE1;RAB1A;CENPP;H2AJ;TERF1;AKT1;RTEL1;GORASP2;ANAPC15;CSNK2B;CHMP4B;DYNLL2;H2AX;CDKN2D;PPP2CA;ANAPC11;OFD1;POLR2C;PSMF1;NUP54;CSNK1D;FBXO5;TUBB4B;CHMP2B;POLR2D;PSMD6;PSMB6;POLR2G;DCTN3;CEP70;RHNO1;KMT5A;PPP2CB;ESCO1;PRKCA;H3-3B;PCBP4;DYNC1LI1;CEP152;NUP133;CENPT;FBXL18;MZT1;ORC4;UBB;DYNC1LI2;DBF4;MNAT1;H2AZ1;PMEPA1;RAB2A;SEH1L;SUMO1;PSME4;SMC3;MCPH1;YWHAE;PRKCB;CSNK2A2;OPTN;SEC13;MDM4;CKS1B;UBE2S;SUN1;LPIN1;POLR2E;LYN;CDC14A;CDK7;PPP2R2D;HAUS2;GMNN;PSMA1;PSME2;RAD9A;CHMP2A;VPS4A;TYMS;PSMB3;SGO2;TFDP2;CLSPN;CENPH;TUBA4A;CEP131;CSNK1E;PHF20;PSME1;POLR2J;POM121;PSMD9;VRK2
prerank,Synthesis Of PC R-HSA-1483191,-0.32179487532341616,-0.9174265711449794,5.729730e-01,8.843891e-01,1.000000e+00,7/17,19.99%,CSNK2B;CHKB;CSNK2A2;LPIN1;PEMT;CHPT1;PCYT1A
prerank,G1/S DNA Damage Checkpoints R-HSA-69615,-0.23911469860248227,-0.9169538532355538,6.370107e-01,8.833854e-01,1.000000e+00,16/56,20.98%,PSMF1;PSMD6;PSMB6;PCBP4;UBB;PSME4;MDM4;PSMA1;PSME2;PSMB3;PHF20;PSME1;PSMD9;PSMC2;PSMD7;PSMC3
prerank,IRS-mediated Signaling R-HSA-112399,-0.29687087712613247,-0.91694052494617,5.827338e-01,8.811687e-01,1.000000e+00,3/21,8.79%,NRAS;IRS2;PIK3R1
prerank,SUMOylation R-HSA-2990846,0.19380357095380873,0.9166080178961787,6.875000e-01,8.888094e-01,1.000000e+00,19/143,9.59%,HDAC1;TRIM27;NUP62;NUP50;NSMCE3;SMC6;MBD1;DAXX;SUZ12;DDX17;DDX5;CDKN2A;HERC2;NUP37;HNRNPK;MDC1;PARP1;PHC3;RAD52
prerank,Interleukin-1 Signaling R-HSA-9020702,-0.21738983675153045,-0.9161966283313261,6.435484e-01,8.811561e-01,1.000000e+00,23/96,20.98%,MAP3K8;TNIP2;PSMF1;PSMD6;PSMB6;NFKBIB;N4BP1;UBB;NFKB1;PSME4;IKBKB;USP18;IRAK1;PSMA1;PSME2;PSMB3;RIPK2;PSME1;PSMD9;SKP1;PSMC2;PSMD7;PSMC3
prerank,SARS-CoV Infections R-HSA-9679506,-0.1907712854716686,-0.9160211387787042,6.931983e-01,8.793706e-01,1.000000e+00,53/259,18.28%,GATAD2A;MAP1LC3B;SEC24C;MAGT1;RPN2;AKT1;CHMP4B;IFNGR1;CREBBP;FURIN;SAP18;CRBN;SEC24B;NUP54;CD79B;ZBP1;CHMP2B;CUL3;DDOST;MGAT4B;GSK3A;KPNA2;NUP133;BECN1;BRD4;UBB;SEH1L;SUMO1;SAP30L;ISG15;YWHAE;IKBKB;PARP6;SEC24A;VPS39;SEC13;FXYD7;ZCRB1;IRAK1;ZDHHC3;MGAT4A;TRIM25;CHMP2A;ATG14;TYK2;NFE2L2;PHF21A;RIPK2;POM121;UBE2I;HMG20B;GEMIN4;AP2A1
prerank,Degradation Of DVL R-HSA-4641258,-0.24136301630268323,-0.9147169146480388,6.161790e-01,8.806671e-01,1.000000e+00,14/50,20.98%,PSMF1;CUL3;PSMD6;PSMB6;UBB;PSME4;PSMA1;PSME2;PSMB3;PSME1;PSMD9;PSMC2;PSMD7;PSMC3
prerank,rRNA Processing R-HSA-72312,-0.21114576971840449,-0.9143137125759376,6.583072e-01,8.794892e-01,1.000000e+00,21/116,17.62%,DDX52;KRR1;NOL12;BYSL;C1D;UTP3;EXOSC10;CSNK1D;HSD17B10;ISG20L2;PDCD11;RIOK3;LTV1;WDR36;RSL24D1;PNO1;BUD23;SENP3;CSNK1E;TRMT112;SNU13
prerank,Transport Of SLBP Dependant Mature mRNA R-HSA-159230,-0.26716291477551185,-0.9138000186131879,6.202532e-01,8.786249e-01,1.000000e+00,6/35,11.53%,ALYREF;NUP54;NUP133;NCBP1;SEH1L;SEC13
prerank,Ion Channel Transport R-HSA-983712,-0.22779837925589316,-0.9137318626329274,6.138280e-01,8.765987e-01,1.000000e+00,22/72,24.55%,TCIRG1;ATP6V1H;SLC9B2;CLCN6;ATP6V0C;TRPM7;ASPH;UBB;ATP8A1;CALM1;FXYD7;ATP6V1G1;BEST1;CLCN7;TRPM2;ATP1B3;ATP11C;ATP2B1;ANO8;ATP8B4;ATP1B1;TRPC4AP
prerank,Senescence-Associated Secretory Phenotype (SASP) R-HSA-2559582,-0.23901331970776746,-0.9128137054463175,5.953566e-01,8.767146e-01,1.000000e+00,10/56,12.39%,H2AJ;ANAPC15;H2AX;CDKN2D;ANAPC11;H3-3B;UBB;H2AZ1;NFKB1;UBE2S
prerank,Conversion From APC/C:Cdc20 To APC/C:Cdh1 In Late Anaphase R-HSA-176407,-0.31069713470002697,-0.911820966400123,6.042032e-01,8.771603e-01,1.000000e+00,4/18,13.40%,ANAPC15;ANAPC11;UBE2S;CDC14A
prerank,Nicotinate Metabolism R-HSA-196807,-0.32580875317519997,-0.9117209157808284,5.865922e-01,8.752775e-01,1.000000e+00,3/16,11.88%,NADSYN1;PARP6;CD38
prerank,Hedgehog Ligand Biogenesis R-HSA-5358346,-0.23879455154838009,-0.911228494282095,6.161616e-01,8.743405e-01,1.000000e+00,15/53,20.98%,PSMF1;PSMD6;PSMB6;UBB;P4HB;PSME4;SEL1L;PSMA1;PSME2;PSMB3;PSME1;PSMD9;PSMC2;PSMD7;PSMC3
prerank,Sensory Processing Of Sound By Outer Hair Cells Of Cochlea R-HSA-9662361,0.28695313172221054,0.9111523829196067,5.860465e-01,9.001911e-01,1.000000e+00,3/20,6.26%,SPTAN1;RIPOR2;ATP2B4
prerank,Platelet Calcium Homeostasis R-HSA-418360,0.31970414487214,0.9110430138553719,5.444915e-01,8.962794e-01,1.000000e+00,3/15,7.39%,STIM1;ATP2B4;ATP2A3
prerank,"PI5P, PP2A And IER3 Regulate PI3K/AKT Signaling R-HSA-6811558",-0.24243574440685078,-0.9103526657757257,6.213425e-01,8.743892e-01,1.000000e+00,8/51,8.79%,AKT1;IRS2;IER3;PPP2CA;PIP4K2A;RNMT;PPP2CB;PIK3R1
prerank,Downstream Signal Transduction R-HSA-186763,-0.29371417404722283,-0.9094840321340669,5.878004e-01,8.744789e-01,1.000000e+00,4/22,8.79%,NCK2;NRAS;RAPGEF1;PIK3R1
prerank,Metabolism Of Lipids R-HSA-556833,0.16632634463799903,0.9090364427853077,8.837209e-01,8.975813e-01,1.000000e+00,105/430,22.29%,KPNB1;PRKACB;MIA3;LBR;THRAP3;SMPD1;PIK3CG;STARD3NL;MED31;PTGES3;CERK;ELOVL6;SEC23A;PPP1CB;MTMR4;ABHD3;CDIPT;GPAT4;PIKFYVE;HADHA;PI4K2B;PNPLA2;MED28;CPNE3;PIP5K1A;AGPAT1;RAN;HACD2;TAFAZZIN;FAM120B;KDSR;CEPT1;PTGDS;LPCAT1;ACBD5;CTSA;ACSL4;HADH;CROT;SMPD3;LPCAT3;HMGCS1;ARSG;ACADM;MCAT;HPGD;PTGES2;MIGA1;FAR1;MTMR6;SLC44A2;PHYH;PIK3CA;FDPS;PRKD3;HSD17B12;INSIG2;GBA2;CRLS1;FDXR;BDH2;SMPD4;ALAS1;VAPB;PTEN;SELENOI;SH2D3C;GDPD5;PIK3R4;LPIN2;PPM1L;PPARA;AACS;PRKD2;CPT1A;GLB1;TNFAIP8;FDFT1;DHRS7B;PPP1CC;ACAA2;MED7;MMUT;AKR1C3;GDPD1;GPD2;ABHD4;NCOA6;PIK3R2;SACM1L;RXRB;MED16;SGPL1;GGPS1;ARV1;GLIPR1;SIN3B;PIK3R3;RORA;PITPNM1;SPTSSB;MED24;LPCAT4;MED25;CPTP
prerank,Listeria Monocytogenes Entry Into Host Cells R-HSA-8876384,-0.32165616579749934,-0.9085096480634715,5.630397e-01,8.749027e-01,1.000000e+00,3/15,9.14%,STAM;RNMT;UBB
prerank,Ubiquitin Mediated Degradation Of Phosphorylated Cdc25A R-HSA-69601,-0.24426262259964546,-0.9080645434377974,6.214789e-01,8.739157e-01,1.000000e+00,13/46,20.98%,PSMF1;PSMD6;PSMB6;UBB;PSME4;PSMA1;PSME2;PSMB3;PSME1;PSMD9;PSMC2;PSMD7;PSMC3
prerank,Defective CFTR Causes Cystic Fibrosis R-HSA-5678895,-0.23504527051801155,-0.9079045402408598,6.451613e-01,8.721669e-01,1.000000e+00,15/54,20.98%,PSMF1;PSMD6;PSMB6;DERL1;UBB;PSME4;SEL1L;PSMA1;PSME2;PSMB3;PSME1;PSMD9;PSMC2;PSMD7;PSMC3
prerank,Interleukin-2 Family Signaling R-HSA-451927,0.25706298633034647,0.9075652416883857,5.915179e-01,8.973714e-01,1.000000e+00,7/32,12.60%,STAT3;STAT4;IL5RA;STAT5A;HAVCR2;LCK;PIK3CA
prerank,Caspase Activation Via Extrinsic Apoptotic Signaling Pathway R-HSA-5357769,-0.31866673341186863,-0.906757220709576,5.816876e-01,8.730668e-01,1.000000e+00,3/17,7.35%,FASN;DAPK3;CASP3
prerank,Cyclin D Associated Events In G1 R-HSA-69231,-0.266051090537669,-0.9066391504212858,6.125212e-01,8.712743e-01,1.000000e+00,9/35,15.89%,CDKN2D;PPP2CA;PPP2CB;UBB;MNAT1;CKS1B;LYN;CDK7;TFDP2
prerank,HDACs Deacetylate Histones R-HSA-3214815,0.23272969952943634,0.9061819812430464,6.365796e-01,8.973535e-01,1.000000e+00,13/48,22.49%,HDAC1;H2BC15;RBBP4;HDAC8;H2AC6;H2AC11;ARID4A;H2AC4;MTA2;H2BC9;BRMS1L;REST;H2BC12
prerank,Transcriptional Regulation Of White Adipocyte Differentiation R-HSA-381340,-0.2347267950883546,-0.905022504869428,6.460177e-01,8.732608e-01,1.000000e+00,12/63,15.80%,MED10;TGFB1;CREBBP;NCOA1;MED30;MED13L;CARM1;NFKB1;MED4;MED19;SREBF1;TBL1X
prerank,Cyclin A:Cdk2-associated Events At S Phase Entry R-HSA-69656,0.21381711500720763,0.9036331270796174,6.921182e-01,9.002112e-01,1.000000e+00,19/72,20.82%,RBL2;RBBP4;MAX;PSMD2;PSMB2;PSMD11;CDKN1B;E2F4;AKT3;CDC25B;PSMD10;PSMD4;PSMD13;TFDP1;PSMA5;CCNH;UBC;PSMB5;RB1
prerank,Response To Elevated Platelet Cytosolic Ca2+ R-HSA-76005,-0.2302090011308424,-0.9028697227223417,6.518883e-01,8.765536e-01,1.000000e+00,20/67,22.15%,CD63;TGFB1;VEGFB;TIMP1;APOOL;ACTN4;PRKCA;QSOX1;CALU;CALM1;PRKCB;CTSW;SRGN;TUBA4A;PFN1;HSPA5;SPARC;LAMP2;RAB27B;CHID1
prerank,Activated NOTCH1 Transmits Signal To Nucleus R-HSA-2122948,-0.30396119386304943,-0.9024663045526116,6.086957e-01,8.753883e-01,1.000000e+00,4/19,9.14%,MIB2;NOTCH1;APH1A;UBB
prerank,CDK-mediated Phosphorylation And Removal Of Cdc6 R-HSA-69017,-0.22942071051531343,-0.9005798311991613,6.511628e-01,8.778802e-01,1.000000e+00,18/63,23.64%,ANAPC15;ANAPC11;PSMF1;PSMD6;PSMB6;UBB;PSME4;UBE2S;PSMA1;PSME2;PSMB3;PSME1;PSMD9;PSMC2;PSMD7;PSMC3;ANAPC5;PSMD3
prerank,Clathrin-mediated Endocytosis R-HSA-8856828,-0.21607771439465673,-0.9003326211930086,6.666667e-01,8.763874e-01,1.000000e+00,28/91,24.01%,RAB5C;IGF2R;GRK2;CLTB;STAM;NECAP1;COPS8;COPS3;CD3D;ARPC2;UBB;GAK;ARF6;TGOLN2;ARRB1;AP2A1;AREG;COPS4;EPN1;SLC2A8;AP2M1;WASL;SNX9;SYNJ1;ARRB2;AP2A2;M6PR;DNM2
prerank,Pyroptosis R-HSA-5620971,0.3016459520296834,0.9001911764719207,5.968468e-01,9.053253e-01,1.000000e+00,4/18,5.43%,IRF2;CYCS;GZMB;GSDMD
prerank,FLT3 Signaling In Disease R-HSA-9682385,0.2800650393201332,0.898639684269903,6.306306e-01,9.053978e-01,1.000000e+00,10/22,29.50%,TRIP11;BCL2L1;STAT5A;PIK3CA;UBC;GOLGB1;PTPN11;FLT3LG;ZMYM2;UBA52
prerank,Deregulated CDK5 Triggers Neurodegenerative Pathways In Alzheimers Disease Models R-HSA-8862803,0.31328711794417363,0.8985733595083516,6.158798e-01,9.014603e-01,1.000000e+00,7/15,29.32%,JUN;PRDX2;CDC25B;CAPN1;BCL2L11;CDK5;PRDX1
prerank,NS1 Mediated Effects On Host Pathways R-HSA-168276,0.2412943624229925,0.8983988303379973,6.293706e-01,8.979410e-01,1.000000e+00,4/40,1.68%,KPNB1;NUP62;KPNA3;NUP50
prerank,Immunoregulatory Interactions Between A Lymphoid And A non-Lymphoid Cell R-HSA-198933,-0.23150792258496292,-0.8981493532019696,6.626298e-01,8.797961e-01,1.000000e+00,23/58,25.87%,CD81;MICB;CD3D;CD96;LAIR2;NPDC1;HCST;TYROBP;KIR3DL2;ICAM3;ITGAL;NCR1;ICAM1;HLA-F;CRTAM;LAIR1;HLA-B;SH2D1B;IFITM1;KLRF1;ITGB2;HLA-E;CD160
prerank,HATs Acetylate Histones R-HSA-3214847,-0.2159940821221097,-0.8979261611106473,6.625000e-01,8.782124e-01,1.000000e+00,23/90,20.18%,TADA1;TAF10;KANSL2;CREBBP;NCOA1;ING3;HCFC1;TADA2B;EPC1;MSL2;ELP5;YEATS2;BRD1;TAF6L;KAT7;ELP6;PHF20;H2AC25;ELP2;SUPT7L;OGT;MBIP;ATXN7
prerank,Oncogene Induced Senescence R-HSA-2559585,-0.27434168733584635,-0.895530936300507,6.400709e-01,8.821862e-01,1.000000e+00,8/27,21.27%,CDKN2D;TNRC6A;AGO4;UBB;MDM4;TFDP2;ETF1;ID1
prerank,Transcriptional Regulation By VENTX R-HSA-8853884,-0.2636557466248918,-0.8939367319408544,6.552901e-01,8.840741e-01,1.000000e+00,6/33,12.39%,ANAPC15;ANAPC11;TNRC6A;AGO4;NFKB1;UBE2S
prerank,Regulation Of Ornithine Decarboxylase (ODC) R-HSA-350562,-0.2406906437763002,-0.8921435759886515,6.554770e-01,8.863029e-01,1.000000e+00,13/46,20.98%,PSMF1;PSMD6;PSMB6;PSME4;PSMA1;PSME2;AZIN1;PSMB3;PSME1;PSMD9;PSMC2;PSMD7;PSMC3
prerank,Toll Like Receptor 4 (TLR4) Cascade R-HSA-166016,-0.21008165233298243,-0.8915792687256625,7.055118e-01,8.856337e-01,1.000000e+00,18/100,13.03%,MAP3K8;MAPKAPK2;MAP2K3;PPP2CA;TNIP2;MAPK9;MAP2K7;BIRC2;NFKBIB;PPP2CB;N4BP1;UBB;NFKB1;ITGAM;IKBKB;USP18;SOCS1;IRAK1
prerank,Diseases Of Carbohydrate Metabolism R-HSA-5663084,0.2824968959103469,0.8915582208108273,6.294643e-01,9.124833e-01,1.000000e+00,10/21,29.50%,HGSNAT;GYG1;GAA;GLB1;UBC;GYS1;RPIA;GNS;ARSB;UBA52
prerank,SUMOylation Of DNA Damage Response And Repair Proteins R-HSA-3108214,0.210607999705068,0.8911199942546351,6.932668e-01,9.095285e-01,1.000000e+00,11/71,9.59%,NUP62;NUP50;NSMCE3;SMC6;CDKN2A;HERC2;NUP37;MDC1;PARP1;PHC3;RAD52
prerank,Gluconeogenesis R-HSA-70263,0.28572443269644276,0.8893795889612326,6.158798e-01,9.102354e-01,1.000000e+00,7/19,28.85%,PCNX4;MDH1;SLC25A13;ENO2;ALDOC;TPI1;PCK2
prerank,Nucleotide Excision Repair R-HSA-5696398,0.1930444145910618,0.8893045912134704,7.092732e-01,9.064676e-01,1.000000e+00,16/101,9.71%,COPS5;RPA3;COPS7A;RNF111;INO80D;RFC5;GTF2H1;DDB2;POLK;RFC4;GTF2H3;ZNF830;INO80B;RAD23B;PARP1;RUVBL1
prerank,Asymmetric Localization Of PCP Proteins R-HSA-4608870,-0.23571741757332437,-0.8886363443373242,6.706690e-01,8.905914e-01,1.000000e+00,14/50,20.98%,PSMF1;PSMD6;PSMB6;UBB;PSME4;PSMA1;PSME2;PSMB3;PSME1;SMURF1;PSMD9;PSMC2;PSMD7;PSMC3
prerank,Defective TPR May Confer Susceptibility Towards Thyroid Papillary Carcinoma (TPC) R-HSA-5619107,0.2507042899821501,0.8885257727458884,6.441441e-01,9.044642e-01,1.000000e+00,7/31,17.04%,NUP62;NUP50;NUP37;MAP4K2;NUP58;NUP188;NUP85
prerank,Signaling By NOTCH2 R-HSA-1980145,0.2859306465139718,0.8873820147540339,6.697248e-01,9.034971e-01,1.000000e+00,6/20,18.91%,MAML1;GZMB;PSEN1;ADAM10;CREB1;UBC
prerank,APC/C:Cdc20 Mediated Degradation Of Securin R-HSA-174154,-0.2270106403018841,-0.8873564296009063,6.538462e-01,8.917152e-01,1.000000e+00,18/62,23.64%,ANAPC15;ANAPC11;PSMF1;PSMD6;PSMB6;UBB;PSME4;UBE2S;PSMA1;PSME2;PSMB3;PSME1;PSMD9;PSMC2;PSMD7;PSMC3;ANAPC5;PSMD3
prerank,Metabolism Of Nucleotides R-HSA-15869,0.2125260525104158,0.8854074079302785,6.882494e-01,9.048169e-01,1.000000e+00,20/64,24.66%,DCK;ADK;DPYD;DUT;NUDT5;IMPDH2;RRM1;AK5;ADSL;GMPR2;AK6;ADSS2;NUDT18;PFAS;AK9;NME4;CMPK1;DCTD;GMPS;TXNRD1
prerank,Assembly Of Pre-Replicative Complex R-HSA-68867,-0.2104315957896183,-0.8841364121913914,7.147595e-01,8.974779e-01,1.000000e+00,19/91,17.24%,H2AJ;ANAPC15;H2AX;ANAPC11;PSMF1;PSMD6;PSMB6;H3-3B;ORC4;UBB;H2AZ1;UBE2S;GMNN;PSMA1;PSME2;PSMB3;KPNA1;PSME1;PSMD9
prerank,Host Interactions Of HIV Factors R-HSA-162909,-0.20066832910302967,-0.8840874541819977,7.004754e-01,8.954502e-01,1.000000e+00,33/117,22.76%,ATP6V1H;PSMF1;NUP54;PSMD6;PSMB6;ELOB;PKN2;NUP133;AP1S1;UBB;SEH1L;PSME4;CUL5;SEC13;CCNT1;SLC25A5;PSMA1;PSME2;PSMB3;DOCK2;KPNA1;PSME1;POM121;PSMD9;CDK9;AP2A1;SKP1;PSMC2;PSMD7;PSMC3;AP2M1;AP1G1;AP2A2
prerank,RHOBTB GTPase Cycle R-HSA-9706574,-0.26363064572028266,-0.8832167116340448,6.343154e-01,8.955356e-01,1.000000e+00,5/32,5.81%,TWF1;VIM;CPSF7;TRA2B;CUL3
prerank,PINK1-PRKN Mediated Mitophagy R-HSA-5205685,-0.2947955226424211,-0.8815711549331918,6.385965e-01,8.973827e-01,1.000000e+00,6/20,17.18%,MAP1LC3B;TOMM22;UBB;TOMM5;PINK1;TOMM40
prerank,Chromosome Maintenance R-HSA-73886,-0.21088747206755584,-0.8813745781585197,7.105691e-01,8.958247e-01,1.000000e+00,11/89,9.64%,CENPP;H2AJ;TERF1;RTEL1;H2AX;POLR2C;POLR2D;POLR2G;H3-3B;CENPT;H2AZ1
prerank,Telomere Maintenance R-HSA-157579,-0.21700798690209278,-0.8804967966726537,6.894309e-01,8.958022e-01,1.000000e+00,9/73,9.64%,H2AJ;TERF1;RTEL1;H2AX;POLR2C;POLR2D;POLR2G;H3-3B;H2AZ1
prerank,ISG15 Antiviral Mechanism R-HSA-1169408,0.21050511326201907,0.8802092876414684,7.004831e-01,9.142781e-01,1.000000e+00,20/68,21.96%,KPNB1;NUP62;KPNA3;NUP50;PLCG1;ARIH1;NUP37;IRF3;GNL3;EIF4A2;NUP58;PPM1B;RIGI;EIF4G1;NUP188;NUP85;UBC;EIF4G3;UBA7;NUP42
prerank,Nucleotide Salvage R-HSA-8956321,-0.31631931520164447,-0.8799019875815378,5.920304e-01,8.951559e-01,1.000000e+00,7/15,24.97%,UPP1;TK2;UCK1;ADA;ADAL;HPRT1;UCKL1
prerank,HCMV Late Events R-HSA-9610379,0.2066772857685186,0.8795802333050665,7.482353e-01,9.118238e-01,1.000000e+00,19/71,22.49%,NUP62;H2BC15;NUP50;MVB12A;H2AC6;NUP37;HNRNPK;RRM1;CHMP1A;H2AC11;NUP58;NUP188;H2AC4;NUP85;VPS37A;H2BC9;NUP42;CHMP7;H2BC12
prerank,APC/C:Cdc20 Mediated Degradation Of Cyclin B R-HSA-174048,-0.29388362121815126,-0.8795334271346423,6.396552e-01,8.939832e-01,1.000000e+00,4/19,12.39%,ANAPC15;ANAPC11;UBB;UBE2S
prerank,Signaling By ERBB2 In Cancer R-HSA-1227990,0.2995727129195823,0.8784640523997773,6.255411e-01,9.106930e-01,1.000000e+00,4/15,12.60%,ERBIN;ERBB2;PLCG1;PIK3CA
prerank,Oncogenic MAPK Signaling R-HSA-6802957,0.2168699074712904,0.8775460662445622,7.036145e-01,9.090082e-01,1.000000e+00,9/56,7.89%,ARAF;MAP2K1;DUSP16;VCL;PPP1CB;APBB1IP;FAM114A2;YWHAB;RAP1B
prerank,RNA Polymerase I Promoter Opening R-HSA-73728,-0.28430212544490513,-0.8760602771996645,6.217228e-01,9.002933e-01,1.000000e+00,4/20,9.64%,H2AJ;H2AX;H3-3B;H2AZ1
prerank,Glycosphingolipid Metabolism R-HSA-1660662,-0.27084054245088757,-0.8757157491852062,6.792793e-01,8.990499e-01,1.000000e+00,5/25,13.84%,GLTP;ESYT2;SUMF2;ARSD;ARSA
prerank,mRNA Decay By 3 To 5 Exoribonuclease R-HSA-429958,0.2959578083324178,0.8751238958740322,6.484018e-01,9.109420e-01,1.000000e+00,5/16,26.35%,EXOSC2;EXOSC3;EXOSC8;DIS3;EXOSC5
prerank,Cross-presentation Of Soluble Exogenous Antigens (Endosomes) R-HSA-1236978,-0.24123794439929516,-0.8751201548193698,6.837456e-01,8.983841e-01,1.000000e+00,12/42,20.98%,PSMF1;PSMD6;PSMB6;PSME4;PSMA1;PSME2;PSMB3;PSME1;PSMD9;PSMC2;PSMD7;PSMC3
prerank,Netrin-1 Signaling R-HSA-373752,0.27526808231931493,0.8744585747933215,6.544276e-01,9.088479e-01,1.000000e+00,5/21,12.03%,MAPK14;PRKCQ;PLCG1;NCK1;NEO1
prerank,Ubiquitin-dependent Degradation Of Cyclin D R-HSA-75815,-0.23587815998018846,-0.8733422035400188,6.843972e-01,9.004747e-01,1.000000e+00,13/47,20.98%,PSMF1;PSMD6;PSMB6;UBB;PSME4;PSMA1;PSME2;PSMB3;PSME1;PSMD9;PSMC2;PSMD7;PSMC3
prerank,Regulation Of TP53 Activity Thru Phosphorylation R-HSA-6804756,-0.22296387500074322,-0.8730815434489171,6.938776e-01,8.990506e-01,1.000000e+00,13/64,14.62%,TAF11;TAF10;CSNK2B;PRKAG1;HIPK1;RHNO1;TAF15;UBB;CSNK2A2;TAF4;MDM4;PRKAG2;RAD9A
prerank,G2/M Transition R-HSA-69275,-0.19286489093003717,-0.8725474524323754,7.575301e-01,8.982417e-01,1.000000e+00,30/153,17.24%,MAPRE1;PPP2CA;OFD1;PSMF1;CSNK1D;TUBB4B;PSMD6;PSMB6;DCTN3;CEP70;PPP2CB;PRKCA;CEP152;FBXL18;MZT1;UBB;MNAT1;PSME4;YWHAE;OPTN;CDK7;HAUS2;PSMA1;PSME2;PSMB3;TUBA4A;CEP131;CSNK1E;PSME1;PSMD9
prerank,Diseases Of Mitotic Cell Cycle R-HSA-9675126,0.2466495904094258,0.8720336642111156,6.959799e-01,9.109372e-01,1.000000e+00,12/30,28.57%,DAXX;ANAPC10;CDKN1B;CDC26;ATRX;TFDP1;CDC16;RB1;CCND3;UBE2E1;ANAPC7;CCND2
prerank,Signaling By NOTCH1 R-HSA-1980143,0.21700565884520492,0.8717656866117667,6.771084e-01,9.076886e-01,1.000000e+00,16/55,18.91%,HDAC1;MAML1;HDAC8;PSEN1;HIF1A;HDAC5;TLE3;KAT2A;HDAC6;RBX1;ADAM10;ITCH;TLE1;DTX2;HEY2;UBC
prerank,"Nucleotide-binding Domain, Leucine Rich Repeat Containing NLR Signaling Pathways R-HSA-168643",-0.24577818853458613,-0.8716686788762199,6.728499e-01,8.982725e-01,1.000000e+00,14/43,28.91%,PSTPIP1;BIRC2;NFKB1;IKBKB;CASP4;IRAK1;RIPK2;BIRC3;P2RX7;NLRP1;UBE2V1;HMOX1;CYLD;UBE2N
prerank,RHOBTB2 GTPase Cycle R-HSA-9013418,0.268080544682808,0.8708249011572203,6.521739e-01,9.062674e-01,1.000000e+00,7/22,17.76%,STK38;TMOD3;CCT6A;MYO6;CCT7;RBMX;CCT2
prerank,IGF1R Signaling Cascade R-HSA-2428924,-0.27562824419723086,-0.8695078222717686,6.739130e-01,8.992698e-01,1.000000e+00,8/23,27.14%,NRAS;IRS2;PIK3R1;SHC1;IGF1R;PIK3CB;FGFR1;GRB2
prerank,Signaling By Type 1 Insulin-like Growth Factor 1 Receptor (IGF1R) R-HSA-2404192,-0.27562824419723086,-0.8695078222717686,6.739130e-01,8.992698e-01,1.000000e+00,8/23,27.14%,NRAS;IRS2;PIK3R1;SHC1;IGF1R;PIK3CB;FGFR1;GRB2
prerank,IRS-related Events Triggered By IGF1R R-HSA-2428928,-0.27692175050464174,-0.8666083923677425,6.832740e-01,9.040557e-01,1.000000e+00,3/22,8.79%,NRAS;IRS2;PIK3R1
prerank,FCGR3A-mediated IL10 Synthesis R-HSA-9664323,-0.2845614854638317,-0.8653568962031973,6.593002e-01,9.050502e-01,1.000000e+00,7/22,15.81%,ADCY7;YES1;PRKCA;PRKAR2A;CALM1;LYN;ADCY9
prerank,Extra-nuclear Estrogen Signaling R-HSA-9009391,-0.2395003454738857,-0.8646359293427373,7.097315e-01,9.046859e-01,1.000000e+00,10/41,19.05%,NRAS;AKT1;GNB1;GNGT2;PIK3R1;CALM1;GNAI2;SHC1;IGF1R;AREG
prerank,Signaling By SCF-KIT R-HSA-1433557,-0.2626658109481077,-0.8645355797509248,6.714801e-01,9.028693e-01,1.000000e+00,6/28,13.18%,NRAS;YES1;PRKCA;PIK3R1;SOCS1;LYN
prerank,Mitotic G2-G2/M Phases R-HSA-453274,-0.1908916379273743,-0.8645107702263642,7.858220e-01,9.008759e-01,1.000000e+00,30/154,17.24%,MAPRE1;PPP2CA;OFD1;PSMF1;CSNK1D;TUBB4B;PSMD6;PSMB6;DCTN3;CEP70;PPP2CB;PRKCA;CEP152;FBXL18;MZT1;UBB;MNAT1;PSME4;YWHAE;OPTN;CDK7;HAUS2;PSMA1;PSME2;PSMB3;TUBA4A;CEP131;CSNK1E;PSME1;PSMD9
prerank,UCH Proteinases R-HSA-5689603,-0.20882014128634985,-0.8639643002398009,7.307061e-01,9.000867e-01,1.000000e+00,24/85,20.98%,INO80E;TGFB1;PSMF1;UCHL3;PSMD6;PSMB6;HCFC1;UBB;FOXK1;PSME4;PSMA1;PSME2;PSMB3;FOXK2;PSME1;H2AC25;PSMD9;ASXL1;OGT;NFRKB;INO80C;PSMC2;PSMD7;PSMC3
prerank,Mitotic G1 Phase And G1/S Transition R-HSA-453279,-0.20067556500791808,-0.8637477414982465,7.688604e-01,8.984969e-01,1.000000e+00,32/115,23.64%,AKT1;CDKN2D;PPP2CA;PSMF1;FBXO5;PSMD6;PSMB6;PPP2CB;ORC4;UBB;DBF4;MNAT1;CKS1B;LYN;CDK7;GMNN;PSMA1;PSME2;TYMS;PSMB3;TFDP2;PSME1;PSMD9;SKP1;PSMC2;PSMD7;PSMC3;MCM4;ABL1;PCNA;WEE1;PSMD3
prerank,RHOBTB1 GTPase Cycle R-HSA-9013422,-0.28773359051099456,-0.8621785981428782,6.490909e-01,8.999724e-01,1.000000e+00,4/21,5.81%,VIM;CPSF7;TRA2B;CUL3
prerank,Postmitotic Nuclear Pore Complex (NPC) Reformation R-HSA-9615933,0.25675318126664565,0.8613392231877711,7.145833e-01,9.250710e-01,1.000000e+00,7/27,17.04%,KPNB1;NUP62;RAN;NUP37;NUP58;NUP188;NUP85
prerank,Recruitment Of NuMA To Mitotic Centrosomes R-HSA-380320,-0.21502332250066042,-0.8612430137458719,7.163695e-01,9.001003e-01,1.000000e+00,14/73,16.84%,MAPRE1;OFD1;CSNK1D;TUBB4B;DCTN3;CEP70;PRKCA;CEP152;MZT1;YWHAE;HAUS2;TUBA4A;CEP131;CSNK1E
prerank,Lysosome Vesicle Biogenesis R-HSA-432720,-0.2702236345077009,-0.8612324507057926,6.788321e-01,8.981277e-01,1.000000e+00,8/24,24.01%,CLTB;AP1S1;AP4B1;CHMP2A;ARRB1;AP1G1;M6PR;DNM2
prerank,Cargo Recognition For Clathrin-Mediated Endocytosis R-HSA-8856825,-0.22012111027817513,-0.8606028928786972,7.300509e-01,8.976323e-01,1.000000e+00,20/64,23.37%,IGF2R;GRK2;CLTB;STAM;NECAP1;COPS8;COPS3;CD3D;UBB;TGOLN2;ARRB1;AP2A1;AREG;COPS4;EPN1;SLC2A8;AP2M1;ARRB2;AP2A2;M6PR
prerank,Antiviral Mechanism By IFN-stimulated Genes R-HSA-1169410,0.20115362479727525,0.8605584779769118,7.425000e-01,9.230107e-01,1.000000e+00,21/76,21.96%,KPNB1;NUP62;KPNA3;NUP50;PLCG1;ARIH1;NUP37;IRF3;GNL3;EIF4A2;NUP58;PPM1B;RIGI;ABCE1;EIF4G1;NUP188;NUP85;UBC;EIF4G3;UBA7;NUP42
prerank,Mitochondrial Translation Initiation R-HSA-5368286,0.1965582541602043,0.8600725262788028,7.868020e-01,9.202725e-01,1.000000e+00,20/81,20.77%,MRPS7;MRPS35;MRPL49;MRPS33;MTFMT;MRPL3;MRPL34;MRPL15;MRPS18C;MRPL41;MRPL20;MTIF3;MRPL18;MRPS34;MRPS18B;MRPL17;MRPS14;OXA1L;MRPL36;MRPL53
prerank,Degradation Of AXIN R-HSA-4641257,-0.2264578147224251,-0.8595351549590138,6.883562e-01,8.980994e-01,1.000000e+00,14/50,20.98%,PSMF1;PSMD6;PSMB6;AXIN1;UBB;PSME4;PSMA1;PSME2;PSMB3;PSME1;PSMD9;PSMC2;PSMD7;PSMC3
prerank,Fatty Acid Metabolism R-HSA-8978868,0.19078109776084293,0.8585735155218557,7.756757e-01,9.198282e-01,1.000000e+00,19/94,18.25%,PTGES3;ELOVL6;HADHA;HACD2;PTGDS;ACBD5;ACSL4;HADH;CROT;ACADM;MCAT;HPGD;PTGES2;PHYH;HSD17B12;CPT1A;ACAA2;MMUT;AKR1C3
prerank,RNA Polymerase II Transcribes snRNA Genes R-HSA-6807505,-0.2116039247445092,-0.8576508787625063,7.553719e-01,9.005447e-01,1.000000e+00,17/71,20.66%,TAF11;POLR2C;PHAX;POLR2D;POLR2G;NCBP1;ELL;CCNT1;POLR2E;CDK7;CCNT2;POLR2J;CDK9;INTS1;INTS6;POU2F1;SNAPC5
prerank,GTP Hydrolysis And Joining Of 60S Ribosomal Subunit R-HSA-72706,0.251319393556681,0.8573777487382442,7.169374e-01,9.188714e-01,1.000000e+00,10/29,21.29%,EIF3A;EIF2S1;EIF4B;EIF3E;EIF3L;EIF4A2;EIF4G1;EIF3K;EIF2S2;EIF3H
prerank,Pyruvate Metabolism And Citric Acid (TCA) Cycle R-HSA-71406,-0.24122644290442624,-0.8566761568325305,6.929982e-01,9.006944e-01,1.000000e+00,16/41,33.02%,CS;SDHB;DLST;LDHA;SDHA;IDH2;IDH3G;VDAC1;IDH3B;SLC16A1;PDP2;SUCLG1;MPC1;LDLR;MPC2;SDHD
prerank,PKMTs Methylate Histone Lysines R-HSA-3214841,0.23009618609772792,0.8566731359610763,7.357631e-01,9.166735e-01,1.000000e+00,8/40,12.69%,RBBP4;SUZ12;SETDB2;ASH1L;EHMT1;DPY30;SMYD3;AEBP2
prerank,APC/C:Cdh1 Mediated Degradation Of Cdc20 And APC/C:Cdh1 Targets In Late Mitosis/Early G1 R-HSA-174178,-0.21780987226759507,-0.8553192572549935,7.458472e-01,9.016727e-01,1.000000e+00,18/65,23.64%,ANAPC15;ANAPC11;PSMF1;PSMD6;PSMB6;UBB;PSME4;UBE2S;PSMA1;PSME2;PSMB3;PSME1;PSMD9;PSMC2;PSMD7;PSMC3;ANAPC5;PSMD3
prerank,RNA Polymerase III Transcription Initiation From Type 2 Promoter R-HSA-76066,-0.26377152223382677,-0.8549221551368568,6.637168e-01,9.005282e-01,1.000000e+00,6/25,15.17%,CRCP;POLR3F;POLR2E;POLR3C;GTF3C5;GTF3C4
prerank,Sphingolipid Metabolism R-HSA-428157,-0.2262321647741879,-0.8546410076588314,7.323232e-01,8.991792e-01,1.000000e+00,11/52,19.50%,GLTP;CSNK1G2;ESYT2;SUMF2;ARSD;CERS6;ARSA;CERS2;SPTLC1;GALC;VAPA
prerank,APC:Cdc20 Mediated Degradation Of Cell Cycle Proteins Before Cycle Checkpoint Satisfied R-HSA-179419,-0.2203676006010274,-0.8545261385585027,7.372881e-01,8.955073e-01,1.000000e+00,18/62,23.64%,ANAPC15;ANAPC11;PSMF1;PSMD6;PSMB6;UBB;PSME4;UBE2S;PSMA1;PSME2;PSMB3;PSME1;PSMD9;PSMC2;PSMD7;PSMC3;ANAPC5;PSMD3
prerank,Cdc20:Phospho-APC/C Mediated Degradation Of Cyclin A R-HSA-174184,-0.2203676006010274,-0.8545261385585027,7.372881e-01,8.955073e-01,1.000000e+00,18/62,23.64%,ANAPC15;ANAPC11;PSMF1;PSMD6;PSMB6;UBB;PSME4;UBE2S;PSMA1;PSME2;PSMB3;PSME1;PSMD9;PSMC2;PSMD7;PSMC3;ANAPC5;PSMD3
prerank,Viral Messenger RNA Synthesis R-HSA-168325,-0.2360979155162729,-0.8536055335203625,7.150350e-01,8.956080e-01,1.000000e+00,10/46,17.08%,POLR2C;NUP54;POLR2D;POLR2G;NUP133;SEH1L;SEC13;POLR2E;POLR2J;POM121
prerank,Mitochondrial Translation R-HSA-5368287,0.19353679656509623,0.8519415984607516,8.037634e-01,9.238499e-01,1.000000e+00,21/87,20.77%,MRPS7;MRPS35;MRPL49;MRPS33;MTFMT;MRPL3;MRPL34;MRPL15;MRPS18C;MRPL41;MRRF;MRPL20;MTIF3;MRPL18;MRPS34;MRPS18B;MRPL17;MRPS14;OXA1L;MRPL36;MRPL53
prerank,AUF1 (hnRNP D0) Binds And Destabilizes mRNA R-HSA-450408,0.21660940576295637,0.8514016774786215,7.257683e-01,9.213177e-01,1.000000e+00,14/51,20.67%,PSMD2;HSPB1;PSMB2;PSMD11;HNRNPD;PSMD10;PABPC1;HSPA8;PSMD4;PSMD13;EIF4G1;PSMA5;UBC;PSMB5
prerank,Transcription-Coupled Nucleotide Excision Repair (TC-NER) R-HSA-6781827,-0.21441714049400531,-0.851383936438185,7.318718e-01,8.984386e-01,1.000000e+00,13/71,13.52%,ERCC3;POLR2C;ERCC1;POLR2D;POLR2G;COPS8;COPS3;USP7;UBB;MNAT1;ELL;POLR2E;CDK7
prerank,Formation Of Incision Complex In GG-NER R-HSA-5696395,-0.2363302728273889,-0.8498704432713715,6.996466e-01,8.997683e-01,1.000000e+00,11/41,17.97%,RAD23A;ERCC3;ERCC1;UBB;MNAT1;SUMO1;CDK7;CHD1L;PIAS1;UBE2I;DDB1
prerank,RNA Polymerase III Transcription Termination R-HSA-73980,-0.28407326304931757,-0.8489328406834815,6.605839e-01,8.998158e-01,1.000000e+00,4/18,14.13%,CRCP;POLR3F;POLR2E;POLR3C
prerank,DNA Replication Pre-Initiation R-HSA-69002,-0.1978221722767378,-0.8487794523562705,7.934959e-01,8.982633e-01,1.000000e+00,20/104,17.24%,H2AJ;ANAPC15;H2AX;ANAPC11;PSMF1;PSMD6;PSMB6;H3-3B;ORC4;UBB;DBF4;H2AZ1;UBE2S;GMNN;PSMA1;PSME2;PSMB3;KPNA1;PSME1;PSMD9
prerank,Metabolism Of Polyamines R-HSA-351202,-0.22548915166005398,-0.8479411163806096,7.234043e-01,8.981224e-01,1.000000e+00,13/49,20.98%,PSMF1;PSMD6;PSMB6;PSME4;PSMA1;PSME2;AZIN1;PSMB3;PSME1;PSMD9;PSMC2;PSMD7;PSMC3
prerank,Autodegradation Of Cdh1 By Cdh1:APC/C R-HSA-174084,-0.2172677572440481,-0.84739139179555,7.550336e-01,8.974734e-01,1.000000e+00,17/61,23.64%,ANAPC15;ANAPC11;PSMF1;PSMD6;PSMB6;UBB;UBE2S;PSMA1;PSME2;PSMB3;PSME1;PSMD9;PSMC2;PSMD7;PSMC3;ANAPC5;PSMD3
prerank,Hh Mutants Abrogate Ligand Secretion R-HSA-5387390,-0.22237122484325456,-0.8467517868878635,7.580920e-01,8.950400e-01,1.000000e+00,14/51,20.98%,PSMF1;PSMD6;PSMB6;UBB;PSME4;SEL1L;PSMA1;PSME2;PSMB3;PSME1;PSMD9;PSMC2;PSMD7;PSMC3
prerank,Hh Mutants Are Degraded By ERAD R-HSA-5362768,-0.22237122484325456,-0.8467517868878635,7.580920e-01,8.950400e-01,1.000000e+00,14/51,20.98%,PSMF1;PSMD6;PSMB6;UBB;PSME4;SEL1L;PSMA1;PSME2;PSMB3;PSME1;PSMD9;PSMC2;PSMD7;PSMC3
prerank,TRAF6 Mediated IRF7 Activation R-HSA-933541,0.2969208541061878,0.8466652746011551,6.423841e-01,9.275723e-01,1.000000e+00,4/15,14.55%,TRIM4;SIKE1;IRF3;RIGI
prerank,Cyclin E Associated Events During G1/S Transition R-HSA-69202,0.20073457594024469,0.8447297648972077,8.034398e-01,9.280294e-01,1.000000e+00,18/70,20.82%,RBL2;RBBP4;MAX;PSMD2;PSMB2;PSMD11;CDKN1B;E2F4;AKT3;PSMD10;PSMD4;PSMD13;TFDP1;PSMA5;CCNH;UBC;PSMB5;RB1
prerank,Orc1 Removal From Chromatin R-HSA-68949,-0.21977641775820678,-0.8445002281985479,7.578397e-01,8.979445e-01,1.000000e+00,17/59,23.64%,PSMF1;PSMD6;PSMB6;ORC4;UBB;PSME4;PSMA1;PSME2;PSMB3;PSME1;PSMD9;SKP1;PSMC2;PSMD7;PSMC3;MCM4;PSMD3
prerank,Platelet Degranulation R-HSA-114608,-0.21768021683545685,-0.8437868414794251,7.462932e-01,8.974814e-01,1.000000e+00,18/63,22.15%,CD63;TGFB1;VEGFB;TIMP1;APOOL;ACTN4;QSOX1;CALU;CALM1;CTSW;SRGN;TUBA4A;PFN1;HSPA5;SPARC;LAMP2;RAB27B;CHID1
prerank,NOTCH1 Intracellular Domain Regulates Transcription R-HSA-2122947,0.22491356512066474,0.8427398933607263,7.352941e-01,9.289460e-01,1.000000e+00,12/40,18.91%,HDAC1;MAML1;HDAC8;HIF1A;HDAC5;TLE3;KAT2A;HDAC6;RBX1;TLE1;HEY2;UBC
prerank,Autodegradation Of E3 Ubiquitin Ligase COP1 R-HSA-349425,-0.22619486820570517,-0.8418470848702803,7.339286e-01,8.995910e-01,1.000000e+00,13/48,20.98%,PSMF1;PSMD6;PSMB6;UBB;PSME4;PSMA1;PSME2;PSMB3;PSME1;PSMD9;PSMC2;PSMD7;PSMC3
prerank,CLEC7A (Dectin-1) Signaling R-HSA-5607764,-0.2012105631465809,-0.8418278413918383,7.909699e-01,8.977164e-01,1.000000e+00,31/90,29.20%,UBE2M;CARD11;PSMF1;PSMD6;PSMB6;UBB;NFKB1;PSME4;CALM1;IKBKB;NFATC1;PSMA1;PSME2;PSMB3;PSME1;PSMD9;RELB;SKP1;PSMC2;PSMD7;PSMC3;ITPR3;PSMD3;UBE2V1;UBE2D1;CUL1;CDC34;PSMD8;UBE2N;PSMC1;BCL10
prerank,N-glycan Trimming In ER And Calnexin/Calreticulin Cycle R-HSA-532668,-0.24585678728149285,-0.841570883467696,7.386935e-01,8.963485e-01,1.000000e+00,6/33,11.83%,MARCHF6;CALR;DERL1;UBB;PDIA3;SEL1L
prerank,Fatty acyl-CoA Biosynthesis R-HSA-75105,0.2649003981337282,0.8413064220433529,7.139535e-01,9.283702e-01,1.000000e+00,4/22,13.03%,ELOVL6;HACD2;ACSL4;HSD17B12
prerank,Insulin Receptor Signaling Cascade R-HSA-74751,-0.2628147796239608,-0.8411944192180623,6.987522e-01,8.952729e-01,1.000000e+00,3/24,8.79%,NRAS;IRS2;PIK3R1
prerank,FCERI Mediated NF-kB Activation R-HSA-2871837,0.19782594207783705,0.8409930508555719,8.138958e-01,9.252967e-01,1.000000e+00,7/73,4.29%,UBE2D2;RASGRP1;PRKCQ;RASGRP2;PSMD2;PSMB2;PSMD11
prerank,Centrosome Maturation R-HSA-380287,-0.2097262804435629,-0.840458888473021,7.688525e-01,8.947688e-01,1.000000e+00,14/74,16.84%,MAPRE1;OFD1;CSNK1D;TUBB4B;DCTN3;CEP70;PRKCA;CEP152;MZT1;YWHAE;HAUS2;TUBA4A;CEP131;CSNK1E
prerank,RMTs Methylate Histone Arginines R-HSA-3214858,-0.23348645240647387,-0.8403582534914206,7.258883e-01,8.930744e-01,1.000000e+00,5/40,9.64%,ARID1B;H2AJ;H2AX;CARM1;H2AZ1
prerank,G1/S Transition R-HSA-69206,-0.19854696919924555,-0.8389504555305759,8.068740e-01,8.940095e-01,1.000000e+00,29/103,23.64%,AKT1;PPP2CA;PSMF1;FBXO5;PSMD6;PSMB6;PPP2CB;ORC4;UBB;DBF4;MNAT1;CKS1B;CDK7;GMNN;PSMA1;PSME2;TYMS;PSMB3;TFDP2;PSME1;PSMD9;SKP1;PSMC2;PSMD7;PSMC3;MCM4;PCNA;WEE1;PSMD3
prerank,APC/C:Cdc20 Mediated Degradation Of Mitotic Proteins R-HSA-176409,-0.21456149560636165,-0.8381794711606008,7.642140e-01,8.918928e-01,1.000000e+00,18/63,23.64%,ANAPC15;ANAPC11;PSMF1;PSMD6;PSMB6;UBB;PSME4;UBE2S;PSMA1;PSME2;PSMB3;PSME1;PSMD9;PSMC2;PSMD7;PSMC3;ANAPC5;PSMD3
prerank,Activation Of APC/C And APC/C:Cdc20 Mediated Degradation Of Mitotic Proteins R-HSA-176814,-0.21456149560636165,-0.8381794711606008,7.642140e-01,8.918928e-01,1.000000e+00,18/63,23.64%,ANAPC15;ANAPC11;PSMF1;PSMD6;PSMB6;UBB;PSME4;UBE2S;PSMA1;PSME2;PSMB3;PSME1;PSMD9;PSMC2;PSMD7;PSMC3;ANAPC5;PSMD3
prerank,Cristae Formation R-HSA-8949613,-0.2501127303624643,-0.8380732839439593,7.042254e-01,8.902557e-01,1.000000e+00,4/29,7.93%,ATP5MC1;MTX1;APOOL;ATP5ME
prerank,SCF(Skp2)-mediated Degradation Of P27/P21 R-HSA-187577,-0.22177660796753926,-0.8368241290449153,7.534722e-01,8.909436e-01,1.000000e+00,14/51,20.98%,PSMF1;PSMD6;PSMB6;UBB;CKS1B;PSMA1;PSME2;PSMB3;PSME1;PSMD9;SKP1;PSMC2;PSMD7;PSMC3
prerank,JNK (c-Jun Kinases) Phosphorylation And Activation Mediated By Activated Human TAK1 R-HSA-450321,-0.2994293420258921,-0.8363578557106672,6.987296e-01,8.899987e-01,1.000000e+00,4/16,16.28%,MAPK9;MAP2K7;IRAK1;RIPK2
prerank,Synthesis Of PIPs At Plasma Membrane R-HSA-1660499,-0.23366252660992673,-0.8348423069520846,7.290210e-01,8.912326e-01,1.000000e+00,16/41,28.49%,INPP5K;RAB14;PIP4K2A;PIK3R1;PI4K2A;PIK3C2B;RAB4A;MTMR1;PIP4K2C;SYNJ1;MTMR3;PLEKHA2;PIK3CB;INPP4B;RAB5A;INPPL1
prerank,Plasma Lipoprotein Clearance R-HSA-8964043,-0.26947797419354297,-0.8333483906831844,7.169460e-01,8.923028e-01,1.000000e+00,7/21,22.76%,MYLIP;NPC2;UBB;APOBR;AP2A1;AP2M1;AP2A2
prerank,Regulation Of PLK1 Activity At G2/M Transition R-HSA-2565942,-0.20730315255815998,-0.8325257403137701,7.806041e-01,8.920103e-01,1.000000e+00,15/75,16.84%,MAPRE1;OFD1;CSNK1D;TUBB4B;DCTN3;CEP70;PRKCA;CEP152;UBB;YWHAE;OPTN;HAUS2;TUBA4A;CEP131;CSNK1E
prerank,PRC2 Methylates Histones And DNA R-HSA-212300,-0.2481694066275985,-0.8321764821471707,7.477314e-01,8.908031e-01,1.000000e+00,5/29,9.64%,H2AJ;MTF2;H2AX;H3-3B;H2AZ1
prerank,GSK3B And BTRC:CUL1-mediated-degradation Of NFE2L2 R-HSA-9762114,-0.22169507438337835,-0.8315490351948842,7.723292e-01,8.901812e-01,1.000000e+00,14/50,20.98%,PSMF1;PSMD6;PSMB6;UBB;PSMA1;PSME2;PSMB3;NFE2L2;PSME1;PSMD9;SKP1;PSMC2;PSMD7;PSMC3
prerank,Telomere C-strand (Lagging Strand) Synthesis R-HSA-174417,0.24180821594302745,0.8300430257085126,7.500000e-01,9.441146e-01,1.000000e+00,13/29,36.05%,RPA3;RFC5;RFC4;LRIG1;BLM;POLD3;POLA2;STN1;TINF2;TERF2IP;CTC1;CHTF18;ACD
prerank,Cell-Cell Communication R-HSA-1500931,0.21620356700516455,0.8283604570397716,7.668269e-01,9.436323e-01,1.000000e+00,11/47,15.81%,SPTAN1;CD47;ARHGEF6;CADM1;NCK1;ILK;PIK3CA;PATJ;VASP;ITGA6;PALS1
prerank,Disorders Of Transmembrane Transporters R-HSA-5619115,-0.19216033804760593,-0.827950889654872,8.358209e-01,8.954154e-01,1.000000e+00,21/110,17.24%,SLC22A5;SLC2A1;PSMF1;NUP54;PSMD6;PSMB6;DERL1;NUP133;UBB;SEH1L;PSME4;SEC13;SEL1L;ABCA3;PSMA1;PSME2;SLC3A2;PSMB3;PSME1;POM121;PSMD9
prerank,RNA Polymerase III Transcription Initiation From Type 1 Promoter R-HSA-76061,-0.2542959832878229,-0.8271421385399057,7.088608e-01,8.953169e-01,1.000000e+00,6/26,15.17%,CRCP;POLR3F;POLR2E;POLR3C;GTF3C5;GTF3C4
prerank,Cytosolic Sensors Of Pathogen-Associated DNA R-HSA-1834949,-0.21381511797166125,-0.8271124782290906,7.558140e-01,8.935337e-01,1.000000e+00,11/57,15.05%,CREBBP;CRCP;ZBP1;NFKBIB;UBB;POLR3F;NFKB1;IKBKB;POLR2E;POLR3C;RIPK3
prerank,RHO GTPases Activate WASPs And WAVEs R-HSA-5663213,0.24536667020969674,0.8256565695032312,7.619048e-01,9.454410e-01,1.000000e+00,8/26,24.04%,NCKAP1L;ACTR3;CYFIP2;NCK1;WASF2;ACTR2;BRK1;ARPC1A
prerank,Integrin Cell Surface Interactions R-HSA-216083,0.24399556572372322,0.8245828253188096,7.256637e-01,9.438809e-01,1.000000e+00,3/26,5.21%,ITGA4;CD47;ICAM2
prerank,Peroxisomal Protein Import R-HSA-9033241,0.21661689667598577,0.8242305637885001,8.033981e-01,9.408726e-01,1.000000e+00,17/44,33.26%,UBE2D2;LONP2;ZFAND6;CROT;PHYH;PEX14;UBC;TYSND1;MLYCD;ECI2;ZNF260;PEX2;UBA52;PEX5;IDH1;AMACR;UBE2D3
prerank,Aggrephagy R-HSA-9646399,-0.27186666753964256,-0.8240890262285046,7.186964e-01,8.976004e-01,1.000000e+00,4/19,9.22%,DYNLL2;DYNC1LI1;UBB;DYNC1LI2
prerank,Metal Ion SLC Transporters R-HSA-425410,0.27936441998130623,0.8238705498466837,7.104623e-01,9.379499e-01,1.000000e+00,15/15,72.11%,SLC39A6;SLC30A6;SLC39A3;SLC11A2;SLC39A10;SLC30A1;SLC30A7;SLC39A14;SLC39A1;SLC41A1;SLC39A8;SLC30A5;SLC39A4;SLC39A7;SLC31A1
prerank,S Phase R-HSA-69242,0.17665692016881807,0.8234517076940973,8.895349e-01,9.350856e-01,1.000000e+00,16/131,8.50%,RBL2;RBBP4;MAX;RPA3;PSMD2;PSMB2;MCM3;PSMD11;ANAPC10;RFC5;CDKN1B;RFC4;CDC26;E2F4;AKT3;CDC25B
prerank,"TICAM1, RIP1-mediated IKK Complex Recruitment R-HSA-168927",-0.2761463450289696,-0.8230101533864794,7.366548e-01,8.978441e-01,1.000000e+00,8/18,28.91%,BIRC2;UBB;IKBKB;RIPK3;BIRC3;UBE2V1;UBE2D1;UBE2N
prerank,Carboxyterminal Post-Translational Modifications Of Tubulin R-HSA-8955332,0.2607947559173721,0.8223400968013221,7.465753e-01,9.337194e-01,1.000000e+00,5/18,21.99%,TUBA1A;TUBB;TUBA1C;TTLL1;TPGS2
prerank,SUMOylation Of Ubiquitinylation Proteins R-HSA-3232142,0.21968276074540205,0.8204708874305181,7.878104e-01,9.335749e-01,1.000000e+00,3/38,1.68%,TRIM27;NUP62;NUP50
prerank,Meiosis R-HSA-1500620,-0.21222449173912844,-0.8204249359976382,7.960993e-01,9.008404e-01,1.000000e+00,8/55,12.41%,H2AJ;TERF1;H2AX;H3-3B;H2AZ1;PMEPA1;SMC3;SUN1
prerank,Regulation Of PTEN Stability And Activity R-HSA-8948751,-0.21201893527076307,-0.8195593192988209,8.107639e-01,9.006147e-01,1.000000e+00,16/61,20.98%,AKT1;CSNK2B;PSMF1;PSMD6;PSMB6;UBB;PSME4;CSNK2A2;PSMA1;PSME2;PSMB3;PSME1;PSMD9;PSMC2;PSMD7;PSMC3
prerank,Transcriptional Regulation By AP-2 (TFAP2) Family Of Transcription Factors R-HSA-8864260,0.2782968465816921,0.8177414915052231,7.238307e-01,9.351382e-01,1.000000e+00,4/16,13.05%,CITED2;ERBB2;DEK;NPM1
prerank,Late Endosomal Microautophagy R-HSA-9615710,-0.26497237262151807,-0.8175655519002882,7.326203e-01,9.024267e-01,1.000000e+00,6/23,14.70%,VPS37B;CHMP4B;CHMP2B;UBB;UBAP1;CHMP2A
prerank,Constitutive Signaling By NOTCH1 HD+PEST Domain Mutants R-HSA-2894862,-0.22398455571879916,-0.8169838620421089,7.744755e-01,9.016311e-01,1.000000e+00,8/45,10.99%,SNW1;CREBBP;FBXW7;MIB2;NOTCH1;APH1A;UBB;HDAC9
prerank,SIRT1 Negatively Regulates rRNA Expression R-HSA-427359,-0.2523862339607564,-0.8152102397493921,7.457944e-01,9.030732e-01,1.000000e+00,4/25,9.64%,H2AJ;H2AX;H3-3B;H2AZ1
prerank,ERCC6 (CSB) And EHMT2 (G9a) Positively Regulate rRNA Expression R-HSA-427389,-0.23975822930245944,-0.8147243553182266,7.670980e-01,9.021231e-01,1.000000e+00,5/32,9.64%,GATAD2A;H2AJ;H2AX;H3-3B;H2AZ1
prerank,mRNA Decay By 5 To 3 Exoribonuclease R-HSA-430039,0.27811130214579843,0.8147137295676629,7.378855e-01,9.372617e-01,1.000000e+00,4/15,13.01%,DCP1B;LSM5;XRN1;LSM2
prerank,Inositol Phosphate Metabolism R-HSA-1483249,-0.24126189614300791,-0.8143869820767392,7.683824e-01,9.008825e-01,1.000000e+00,9/32,23.40%,INPP5A;ITPK1;PLCH2;CALM1;PLCB1;PLCB2;ITPKC;SYNJ1;NUDT11
prerank,Oxygen-dependent Proline Hydroxylation Of Hypoxia-inducible Factor Alpha R-HSA-1234176,0.20050393018705742,0.8133141864162797,7.943925e-01,9.361768e-01,1.000000e+00,13/57,18.91%,UBE2D2;PSMD2;PSMB2;PSMD11;EGLN1;HIF1A;PSMD10;PSMD4;RBX1;PSMD13;PSMA5;LIMD1;UBC
prerank,"Platelet Activation, Signaling And Aggregation R-HSA-76002",-0.18238870635280283,-0.8131273617446277,8.789238e-01,9.014984e-01,1.000000e+00,37/144,22.62%,CDC42;CD63;AKT1;DGKQ;GNB1;TGFB1;VEGFB;GNA13;TIMP1;GNGT2;APOOL;ACTN4;PRKCA;GNAQ;QSOX1;PIK3R1;CALU;CALM1;PRKCB;CTSW;LYN;VAV3;SRGN;GNA12;GNAI2;TUBA4A;ARRB1;PFN1;SHC1;HSPA5;SPARC;LAMP2;RAB27B;CHID1;DGKZ;ARRB2;ITPR3
prerank,Degradation Of GLI1 By Proteasome R-HSA-5610780,-0.2111165656123323,-0.8119492969641012,8.106312e-01,9.018054e-01,1.000000e+00,15/54,20.98%,PSMF1;PSMD6;PSMB6;PRKCA;UBB;PSME4;PSMA1;PSME2;PSMB3;PSME1;PSMD9;SKP1;PSMC2;PSMD7;PSMC3
prerank,Deposition Of New CENPA-containing Nucleosomes At Centromere R-HSA-606279,-0.23232110704123912,-0.8110384981501294,7.950530e-01,9.015792e-01,1.000000e+00,5/32,9.64%,CENPP;H2AJ;H2AX;CENPT;H2AZ1
prerank,Interferon Alpha/Beta Signaling R-HSA-909733,-0.21528756053884038,-0.8105903846574333,7.982906e-01,9.006083e-01,1.000000e+00,18/54,25.84%,MX2;EGR1;IFI6;ISG15;IFIT2;USP18;SOCS1;OAS1;BST2;TYK2;KPNA1;IRF1;MX1;HLA-F;HLA-B;IFITM1;HLA-E;IFI35
prerank,SUMOylation Of RNA Binding Proteins R-HSA-4570464,-0.224345323846836,-0.8102809616479235,7.720207e-01,8.993367e-01,1.000000e+00,7/42,11.53%,CBX4;NUP54;PHC2;NUP133;SEH1L;SUMO1;SEC13
prerank,Degradation Of GLI2 By Proteasome R-HSA-5610783,-0.21098669041197013,-0.8023400801659886,8.045375e-01,9.096025e-01,1.000000e+00,15/54,20.98%,PSMF1;PSMD6;PSMB6;PRKCA;UBB;PSME4;PSMA1;PSME2;PSMB3;PSME1;PSMD9;SKP1;PSMC2;PSMD7;PSMC3
prerank,GLI3 Is Processed To GLI3R By Proteasome R-HSA-5610785,-0.21098669041197013,-0.8023400801659886,8.045375e-01,9.096025e-01,1.000000e+00,15/54,20.98%,PSMF1;PSMD6;PSMB6;PRKCA;UBB;PSME4;PSMA1;PSME2;PSMB3;PSME1;PSMD9;SKP1;PSMC2;PSMD7;PSMC3
prerank,FLT3 Signaling R-HSA-9607240,-0.24212130881291177,-0.8022530511972014,7.894737e-01,9.079695e-01,1.000000e+00,5/31,9.14%,NRAS;AKT1;PTPRJ;PIK3R1;UBB
prerank,"Tristetraprolin (TTP, ZFP36) Binds And Destabilizes mRNA R-HSA-450513",-0.28107752947455045,-0.8021155392864155,7.347670e-01,9.064218e-01,1.000000e+00,2/17,3.49%,MAPKAPK2;DCP1A
prerank,Regulation Of MECP2 Expression And Activity R-HSA-9022692,-0.24756876797119753,-0.8020952586007554,7.597865e-01,9.046659e-01,1.000000e+00,12/26,31.84%,PRKCA;TNRC6A;AGO4;AGO2;CALM1;TBL1X;HIPK2;GPS2;CAMK4;NCOR1;NCOR2;TNRC6C
prerank,Ovarian Tumor Domain Proteases R-HSA-5689896,-0.23652841814812223,-0.7978918510156617,7.737882e-01,9.101996e-01,1.000000e+00,8/31,16.59%,TNIP3;TNIP2;UBB;VCPIP1;TRIM25;OTUB1;RIPK2;YOD1
prerank,Cell Surface Interactions At Vascular Wall R-HSA-202733,0.19635019855018768,0.7973606610890467,8.545035e-01,9.607107e-01,1.000000e+00,13/63,15.28%,S100A9;ITGA4;CD47;SELPLG;GLG1;PLCG1;CD48;LCK;PICK1;PIK3CA;SLC16A3;CD2;ITGA6
prerank,APC-Cdc20 Mediated Degradation Of Nek2A R-HSA-179409,-0.2622849094736302,-0.7947274513562487,7.633851e-01,9.136474e-01,1.000000e+00,4/20,12.39%,ANAPC15;ANAPC11;UBB;UBE2S
prerank,Mitochondrial Translation Termination R-HSA-5419276,0.18018316394548842,0.7943341026084059,8.917526e-01,9.622215e-01,1.000000e+00,19/81,20.77%,MRPS7;MRPS35;MRPL49;MRPS33;MRPL3;MRPL34;MRPL15;MRPS18C;MRPL41;MRRF;MRPL20;MRPL18;MRPS34;MRPS18B;MRPL17;MRPS14;OXA1L;MRPL36;MRPL53
prerank,Mitochondrial Translation Elongation R-HSA-5389840,-0.19334965184423875,-0.7932699094448187,8.828383e-01,9.142065e-01,1.000000e+00,13/81,15.61%,MRPL54;AURKAIP1;MRPL44;MRPS11;MRPL38;TSFM;MRPL55;MRPS24;MRPL33;MRPS22;MRPS21;MRPL9;MRPS36
prerank,Vpr-mediated Nuclear Import Of PICs R-HSA-180910,0.22451429422368846,0.7895570164674807,7.926267e-01,9.664944e-01,1.000000e+00,9/33,22.41%,NUP62;NUP50;NUP37;PSIP1;NUP58;NUP188;NUP85;NUP42;HMGA1
prerank,SUMOylation Of Intracellular Receptors R-HSA-4090294,-0.2686582184274408,-0.7867846755266609,7.531532e-01,9.227822e-01,1.000000e+00,9/18,35.61%,SUMO1;PIAS1;UBE2I;AREG;NR4A2;NR1H3;PIAS4;PIAS3;HDAC4
prerank,Defective Pyroptosis R-HSA-9710421,0.23173893002366508,0.7867359240189953,8.091954e-01,9.675623e-01,1.000000e+00,4/28,8.06%,H2BC15;RBBP4;SUZ12;H2AC6
prerank,Amyloid Fiber Formation R-HSA-977225,-0.22217691189280522,-0.7836511152745929,8.304196e-01,9.259147e-01,1.000000e+00,6/38,9.64%,H2AX;FURIN;H3-3B;APH1A;UBB;H2AZ1
prerank,Activation Of HOX Genes During Differentiation R-HSA-5619507,-0.20097196569890766,-0.7833847406894838,8.569052e-01,9.245260e-01,1.000000e+00,8/62,9.64%,H2AJ;CREBBP;H2AX;POLR2C;POLR2D;POLR2G;H3-3B;H2AZ1
prerank,Dual Incision In TC-NER R-HSA-6782135,-0.20509806665367683,-0.7830106289410088,8.551724e-01,9.233022e-01,1.000000e+00,10/60,13.52%,ERCC3;POLR2C;ERCC1;POLR2D;POLR2G;USP7;UBB;MNAT1;POLR2E;CDK7
prerank,DNA Replication R-HSA-69306,-0.1785677265445329,-0.7820832506809184,9.320695e-01,9.229010e-01,1.000000e+00,30/120,23.64%,H2AJ;ANAPC15;H2AX;ANAPC11;PSMF1;PSMD6;PSMB6;H3-3B;ORC4;UBB;DBF4;H2AZ1;PSME4;UBE2S;GMNN;PSMA1;PSME2;PSMB3;KPNA1;PSME1;PSMD9;GINS4;SKP1;PSMC2;PSMD7;PSMC3;MCM4;PCNA;ANAPC5;PSMD3
prerank,Phosphorylation Of APC/C R-HSA-176412,-0.2741705110885274,-0.7810620915526227,7.775832e-01,9.227118e-01,1.000000e+00,3/16,12.39%,ANAPC15;ANAPC11;UBE2S
prerank,Activation Of Pre-Replicative Complex R-HSA-68962,0.23700999045782192,0.7780471517020419,8.136364e-01,9.777382e-01,1.000000e+00,2/23,4.16%,RPA3;MCM3
prerank,Fanconi Anemia Pathway R-HSA-6783310,0.22958378159497614,0.7779969165886955,8.164706e-01,9.741702e-01,1.000000e+00,15/27,35.89%,RPA3;DCLRE1A;FAAP20;ATRIP;FAN1;FANCF;UBC;FANCI;FANCG;UBA52;FAAP100;ERCC4;FANCA;CENPX;FANCC
prerank,Signaling By KIT In Disease R-HSA-9669938,-0.2687842169327076,-0.7773143436715972,7.868561e-01,9.266310e-01,1.000000e+00,4/17,13.18%,NRAS;YES1;PIK3R1;LYN
prerank,SLC-mediated Transmembrane Transport R-HSA-425407,0.17404021652722818,0.7768101186155358,9.215116e-01,9.724313e-01,1.000000e+00,14/96,12.91%,SLC20A1;SLC4A7;SLC26A2;SLC1A7;SLC26A11;SLC2A3;SLC25A22;SLCO4C1;SLC12A6;SLC4A2;SLC39A6;SLC44A2;SLC36A1;SLC16A3
prerank,Meiotic Recombination R-HSA-912446,0.21893324919426105,0.7767135955237511,8.290598e-01,9.690334e-01,1.000000e+00,14/32,30.98%,H2BC15;RPA3;H2AC6;H2AC4;MRE11;RAD51C;H2BC9;ATM;H2BC12;MLH3;BLM;H2BC11;RAD50;H3C13
prerank,ATF4 Activates Genes In Response To Endoplasmic Reticulum Stress R-HSA-380994,-0.2453732078320541,-0.7765646602044883,7.638640e-01,9.259048e-01,1.000000e+00,2/24,3.01%,ATF4;CEBPG
prerank,Interleukin-1 Family Signaling R-HSA-446652,-0.17857531093001994,-0.7762413061183847,9.277689e-01,9.245748e-01,1.000000e+00,26/116,20.98%,MAP3K8;PTPN7;TNIP2;PSMF1;PSMD6;PSMB6;NFKBIB;N4BP1;UBB;NFKB1;PSME4;IKBKB;USP18;IRAK1;PSMA1;PSME2;PSMB3;RIPK2;IL18;PSME1;PSMD9;SKP1;PSMC2;PSMD7;PTPN9;PSMC3
prerank,DAP12 Interactions R-HSA-2172127,-0.24203967656747133,-0.7750277636441255,8.178571e-01,9.245075e-01,1.000000e+00,14/26,31.54%,NRAS;PIK3R1;KLRC2;TYROBP;VAV3;SHC1;HLA-B;HLA-E;PIK3CB;GRB2;HLA-C;FYN;HRAS;B2M
prerank,Formation Of A Pool Of Free 40S Subunits R-HSA-72689,0.25879828765425195,0.7748852373663133,7.954545e-01,9.680939e-01,1.000000e+00,3/18,8.24%,EIF3A;EIF3E;EIF3L
prerank,Signaling By FLT3 Fusion Proteins R-HSA-9703465,0.26813188945517513,0.7744130897267131,7.953586e-01,9.651963e-01,1.000000e+00,3/15,12.60%,TRIP11;STAT5A;PIK3CA
prerank,Metabolism Of Amino Acids And Derivatives R-HSA-71291,0.15807406782503908,0.7730171699910411,9.657143e-01,9.636936e-01,1.000000e+00,47/159,27.96%,ALDH9A1;DARS1;PSMD2;APIP;PSMB2;PSMD11;SERINC3;PPM1K;SARS1;ACADSB;KYAT3;QARS1;SLC25A13;PSMD10;DBT;EPRS1;CARNMT1;PSMD4;DHTKD1;HIBADH;PSMD13;MTR;PSMA5;PHYKPL;BCKDHB;QDPR;OAT;ALDH18A1;PSMB5;GLUD1;RIDA;OAZ1;HIBCH;EEFSEC;TXNRD1;SHMT1;IARS1;DIDO1;ALDH6A1;ACAD8;CARNS1;TSTD1;PSME3;AUH;BCKDK;SLC25A44;SEPHS2
prerank,FCGR3A-mediated Phagocytosis R-HSA-9664422,-0.2135918742098909,-0.7719578803010839,8.391003e-01,9.270892e-01,1.000000e+00,7/41,14.38%,CDC42;MYO9B;YES1;ARPC2;WIPF2;LYN;VAV3
prerank,RNA Polymerase III Transcription Initiation From Type 3 Promoter R-HSA-76071,-0.2376029459229383,-0.7700147423675028,8.257042e-01,9.280981e-01,1.000000e+00,8/26,21.26%,CRCP;POLR3F;POLR2E;POLR3C;BRF2;POU2F1;SNAPC5;POLR3H
prerank,MTOR Signaling R-HSA-165159,-0.22254460354674233,-0.7696353631701125,8.546713e-01,9.269225e-01,1.000000e+00,7/35,14.59%,AKT1;LAMTOR1;LAMTOR4;PRKAG1;LAMTOR5;PRKAG2;MLST8
prerank,TRAF6 Mediated NF-kB Activation R-HSA-933542,-0.25730314961282963,-0.7693566694849057,8.003597e-01,9.255250e-01,1.000000e+00,4/20,14.22%,NFKBIB;NFKB1;IKBKB;TRIM25
prerank,rRNA Modification In Nucleus And Cytosol R-HSA-6790901,-0.2027738321310456,-0.7677248798521675,8.620690e-01,9.260392e-01,1.000000e+00,20/54,32.49%,DDX52;KRR1;UTP3;PDCD11;WDR36;PNO1;BUD23;TRMT112;SNU13;UTP11;WDR43;UTP18;NOP58;NOC4L;RRP36;NOL6;UTP4;DDX47;UTP15;FCF1
prerank,Negative Regulators Of DDX58/IFIH1 Signaling R-HSA-936440,0.2160665080574647,0.7670439229096249,8.419689e-01,9.689243e-01,1.000000e+00,9/33,23.29%,UBE2D2;TRIM4;ATG5;IRF3;ITCH;RIGI;UBC;UBA7;RNF135
prerank,Gap-filling DNA Repair Synthesis And Ligation In TC-NER R-HSA-6782210,0.184401232106337,0.7664712322820303,8.959811e-01,9.661984e-01,1.000000e+00,14/58,20.59%,RPA3;RFC5;GTF2H1;POLK;RFC4;GTF2H3;ZNF830;ERCC8;GTF2H5;RBX1;POLR2I;CCNH;UBC;LRIG1
prerank,Selenoamino Acid Metabolism R-HSA-2408522,0.23172946728897978,0.7659046790733106,8.299320e-01,9.634800e-01,1.000000e+00,4/26,11.61%,DARS1;SARS1;QARS1;EPRS1
prerank,PI3K/AKT Signaling In Cancer R-HSA-2219528,-0.20379259613943942,-0.7650472259917881,8.774834e-01,9.277168e-01,1.000000e+00,18/52,29.21%,AKT1;IRS2;BAD;RNMT;GSK3A;PIK3R1;MAPKAP1;MLST8;TRAT1;AREG;PRR5;RHOG;PIK3CB;FGFR1;GRB2;GSK3B;FOXO3;FOXO4
prerank,DAP12 Signaling R-HSA-2424491,0.2273411166620209,0.7634741773315398,8.385650e-01,9.634230e-01,1.000000e+00,8/24,20.32%,GRAP2;PLCG1;KLRD1;LCK;PIK3CA;LCP2;PIK3R2;SPNS1
prerank,"Gamma Carboxylation, Hypusine Formation And Arylsulfatase Activation R-HSA-163841",-0.23561375866702514,-0.7600900986040664,8.170515e-01,9.327154e-01,1.000000e+00,7/26,21.19%,FURIN;TPST1;SUMF2;ARSD;ARSA;DNAJC24;DPH3
prerank,Cap-dependent Translation Initiation R-HSA-72737,-0.22121765329846008,-0.7599962599486689,8.371681e-01,9.310866e-01,1.000000e+00,8/35,15.57%,EIF4H;EIF3B;EIF2B1;EIF4A1;EIF5;RSL24D1;EIF3J;EIF3I
prerank,HDR Thru Homologous Recombination (HRR) R-HSA-5685942,0.19675540304479966,0.7584109452268768,9.029126e-01,9.666599e-01,1.000000e+00,11/46,20.89%,RPA3;RFC5;POLK;RFC4;RAD17;GEN1;ATRIP;UBC;MRE11;RAD51C;ATM
prerank,RUNX2 Regulates Bone Development R-HSA-8941326,-0.2693503833233952,-0.7582714982274087,8.018349e-01,9.316871e-01,1.000000e+00,5/16,22.72%,YES1;MAF;AREG;RUNX2;ABL1
prerank,COPI-dependent Golgi-to-ER Retrograde Traffic R-HSA-6811434,-0.20240917173206285,-0.7578403281032409,8.576329e-01,9.304574e-01,1.000000e+00,5/51,7.53%,RAB1A;NAPG;SURF4;BNIP1;TMED2
prerank,Regulation Of Lipid Metabolism By PPARalpha R-HSA-400206,0.17389313576787835,0.7555568593440215,9.465649e-01,9.668055e-01,1.000000e+00,26/82,25.46%,MIA3;THRAP3;MED31;MED28;FAM120B;HMGCS1;ACADM;ALAS1;PPARA;CPT1A;FDFT1;MED7;NCOA6;RXRB;MED16;GLIPR1;SIN3B;RORA;MED24;MED25;CHD9;CCNC;NCOA3;PLIN2;TXNRD1;NFYC
prerank,RNA Polymerase III Transcription Initiation R-HSA-76046,-0.22003893494710955,-0.7542687689458019,8.353765e-01,9.332904e-01,1.000000e+00,10/34,21.26%,CRCP;POLR3F;POLR2E;POLR3C;GTF3C5;GTF3C4;BRF2;POU2F1;SNAPC5;POLR3H
prerank,SUMOylation Of SUMOylation Proteins R-HSA-4085377,-0.22124779473614492,-0.7516393696785001,8.419118e-01,9.348501e-01,1.000000e+00,8/34,17.94%,NUP54;NUP133;SEH1L;SUMO1;TOPORS;SEC13;POM121;UBE2I
prerank,ABC-family Proteins Mediated Transport R-HSA-382556,0.1777806557618251,0.7492775655683286,9.280206e-01,9.710986e-01,1.000000e+00,20/76,20.67%,PSMD2;PSMB2;PSMD11;EIF2S1;ABCC10;PEX3;VCP;PSMD10;PSMD4;PSMD13;ABCA2;ABCB10;PSMA5;ABCB8;RNF185;UBC;PEX19;ERLEC1;EIF2S2;PSMB5
prerank,Reproduction R-HSA-1474165,-0.1921321840872596,-0.748079018582183,9.118166e-01,9.374042e-01,1.000000e+00,9/59,14.68%,H2AJ;TERF1;H2AX;H3-3B;H2AZ1;PMEPA1;SMC3;SUN1;HVCN1
prerank,SMAD2/SMAD3:SMAD4 Heterotrimer Regulates Transcription R-HSA-2173796,0.21513507583796318,0.7477422959077941,8.486239e-01,9.694891e-01,1.000000e+00,9/30,22.92%,HDAC1;RNF111;E2F4;TFDP1;YBX1;SMAD3;UBC;RNASEH2A;CCNC
prerank,SUMOylation Of Chromatin Organization Proteins R-HSA-4551638,0.19167964756594888,0.7469423954080533,9.114219e-01,9.670160e-01,1.000000e+00,6/49,9.44%,HDAC1;NUP62;NUP50;SUZ12;NUP37;PHC3
prerank,HDMs Demethylate Histones R-HSA-3214842,-0.23973610030229578,-0.7461624741282399,8.170290e-01,9.381097e-01,1.000000e+00,8/21,30.87%,JMJD6;KDM7A;PHF2;KDM6A;PHF8;KDM6B;KDM2A;KDM2B
prerank,Peptide Hormone Metabolism R-HSA-2980736,-0.22378802055559804,-0.745034181328368,8.707361e-01,9.377850e-01,1.000000e+00,12/33,33.59%,GNB1;CTSD;SPCS2;MYO5A;STX1A;ATP6AP2;SPCS3;POMC;GZMH;EXOC6;TCF7L2;ERO1B
prerank,"Glutamate Binding, Activation Of AMPA Receptors And Synaptic Plasticity R-HSA-399721",-0.2609702714025364,-0.7431263655297364,8.348624e-01,9.383444e-01,1.000000e+00,5/16,22.76%,PRKCA;PRKCB;AP2A1;AP2M1;AP2A2
prerank,Synthesis Of Substrates In N-glycan Biosythesis R-HSA-446219,0.19094206805445768,0.7409065957808045,8.869779e-01,9.703911e-01,1.000000e+00,14/46,27.43%,ST8SIA4;ST6GAL1;CTSA;CMAS;ST3GAL1;GLB1;GMDS;PGM3;DOLPP1;FCSK;ST3GAL5;ST3GAL2;SLC35C1;FPGT
prerank,Base Excision Repair R-HSA-73884,0.18330773182734264,0.7403695663195746,9.061033e-01,9.676159e-01,1.000000e+00,7/55,11.57%,H2BC15;RPA3;RFC5;RFC4;H2AC6;PARP1;PARG
prerank,"FOXO-mediated Transcription Of Oxidative Stress, Metabolic And Neuronal Genes R-HSA-9615017",0.240462225418286,0.7362179594753827,8.410138e-01,9.689921e-01,1.000000e+00,2/17,9.51%,HDAC1;MAP4K2
prerank,Aberrant Regulation Of Mitotic Exit In Cancer Due To RB1 Defects R-HSA-9687136,-0.24736270778465985,-0.7346972431529905,8.415673e-01,9.462131e-01,1.000000e+00,3/19,12.39%,ANAPC15;ANAPC11;UBE2S
prerank,Synthesis Of DNA R-HSA-69239,-0.172408000153169,-0.7298833692161756,9.486781e-01,9.498577e-01,1.000000e+00,24/98,23.64%,ANAPC15;ANAPC11;PSMF1;PSMD6;PSMB6;ORC4;UBB;PSME4;UBE2S;GMNN;PSMA1;PSME2;PSMB3;PSME1;PSMD9;GINS4;SKP1;PSMC2;PSMD7;PSMC3;MCM4;PCNA;ANAPC5;PSMD3
prerank,PPARA Activates Gene Expression R-HSA-1989781,0.16806196824086406,0.7233971850139613,9.616368e-01,9.792108e-01,1.000000e+00,25/80,25.46%,MIA3;THRAP3;MED31;MED28;FAM120B;HMGCS1;ACADM;ALAS1;PPARA;CPT1A;FDFT1;MED7;NCOA6;RXRB;MED16;GLIPR1;RORA;MED24;MED25;CHD9;CCNC;NCOA3;PLIN2;TXNRD1;NFYC
prerank,Regulation Of TP53 Activity Thru Methylation R-HSA-6804760,0.25259816674560254,0.7222849950275179,8.283898e-01,9.768813e-01,1.000000e+00,7/15,22.81%,EHMT1;PRMT5;EHMT2;UBC;TP53;ATM;TTC5
prerank,Interactions Of Vpr With Host Cellular Proteins R-HSA-176033,0.20236357027194163,0.7208613640368718,8.922018e-01,9.751071e-01,1.000000e+00,9/35,22.41%,NUP62;NUP50;NUP37;PSIP1;NUP58;NUP188;NUP85;NUP42;HMGA1
prerank,ER Quality Control Compartment (ERQC) R-HSA-901032,-0.24424710272935324,-0.7196913391101694,8.409506e-01,9.588234e-01,1.000000e+00,4/19,16.33%,MARCHF6;UBB;SEL1L;RNF103
prerank,Signaling By PDGFR In Disease R-HSA-9671555,0.24199440807276235,0.7159916030977168,8.421053e-01,9.766333e-01,1.000000e+00,5/16,18.89%,STAT3;STRN;PIK3CA;BIN2;PIK3R2
prerank,Metabolism Of Water-Soluble Vitamins And Cofactors R-HSA-196849,-0.18067686986147047,-0.7152886367042426,9.389831e-01,9.613310e-01,1.000000e+00,9/70,12.17%,NADSYN1;SLC25A32;SLC2A1;FASN;FPGS;PARP6;RFK;CD38;PANK2
prerank,Mitochondrial Fatty Acid Beta-Oxidation R-HSA-77289,0.20511241229275262,0.7108151859824346,9.004525e-01,9.780998e-01,1.000000e+00,6/27,18.23%,HADHA;HADH;ACADM;MCAT;ACAA2;MMUT
prerank,Metabolism Of Non-Coding RNA R-HSA-194441,0.18370509154170234,0.7081103741842818,9.393258e-01,9.771850e-01,1.000000e+00,9/50,17.04%,NUP62;NUP50;NUP37;CLNS1A;NUP58;PRMT5;SNRPE;NUP188;NUP85
prerank,DDX58/IFIH1-mediated Induction Of Interferon-Alpha/Beta R-HSA-168928,0.17111579539849978,0.7072438720003363,9.462916e-01,9.747180e-01,1.000000e+00,13/60,20.78%,UBE2D2;TRIM4;TOMM70;ATG5;RIPK1;SIKE1;IRF3;ITCH;RIGI;UBC;FADD;NKIRAS2;UBA7
prerank,Antigen Activates B Cell Receptor Leading To Second Messenger Generation R-HSA-983695,-0.22938043210870188,-0.7060361982842706,8.817006e-01,9.684127e-01,1.000000e+00,4/22,13.18%,CD79B;PIK3R1;CALM1;LYN
prerank,Resolution Of D-loop Structures Thru Synthesis-Dependent Strand Annealing (SDSA) R-HSA-5693554,-0.24711343182334192,-0.7015748258183164,8.856624e-01,9.706173e-01,1.000000e+00,1/15,1.67%,RTEL1
prerank,Inactivation Of APC/C Via Direct Inhibition Of APC/C Complex R-HSA-141430,-0.24000420067171413,-0.6978450551087891,8.782609e-01,9.721279e-01,1.000000e+00,2/17,4.01%,ANAPC15;ANAPC11
prerank,Cholesterol Biosynthesis R-HSA-191273,-0.22025867687407338,-0.6974973769776168,8.656195e-01,9.706254e-01,1.000000e+00,11/24,30.45%,MVD;NSDHL;SREBF1;PMVK;IDI1;SC5D;CYP51A1;SH3D19;HMGCR;TM7SF2;MSMO1
prerank,GPVI-mediated Activation Cascade R-HSA-114604,0.20173561666784895,0.6972750073588039,9.014085e-01,9.798925e-01,1.000000e+00,9/26,26.05%,PIK3CG;LCK;PIK3CA;LCP2;PIK3R2;SPNS1;PIK3R3;PTPN6;PTPN11
prerank,Growth Hormone Receptor Signaling R-HSA-982772,0.23697999571670525,0.6953912542895458,8.801743e-01,9.780670e-01,1.000000e+00,3/16,12.34%,STAT3;STAT5A;PTPN1
prerank,NOD1/2 Signaling Pathway R-HSA-168638,-0.2117678002356802,-0.6886230479458184,9.027304e-01,9.764484e-01,1.000000e+00,6/28,17.46%,BIRC2;IKBKB;CASP4;IRAK1;RIPK2;BIRC3
prerank,"Interleukin-3, Interleukin-5 And GM-CSF Signaling R-HSA-512988",-0.2020560348785356,-0.6881823489333261,9.216028e-01,9.750308e-01,1.000000e+00,7/32,18.49%,RAPGEF1;YES1;PRKCA;PIK3R1;LYN;IL2RB;SHC1
prerank,Insulin Processing R-HSA-264876,0.2308331601911488,0.6879567483446878,8.901602e-01,9.805115e-01,1.000000e+00,18/18,76.96%,VAMP2;EXOC1;SLC30A6;EXOC2;EXOC4;EXOC5;SLC30A7;ERO1A;EXOC3;EXOC8;EXOC7;RAB27A;SLC30A5;KIF5B;ERO1B;EXOC6;STX1A;MYO5A
prerank,IKK Complex Recruitment Mediated By RIP1 R-HSA-937041,-0.22668560092851509,-0.6853352060666084,8.815081e-01,9.754665e-01,1.000000e+00,5/19,17.46%,BIRC2;UBB;IKBKB;RIPK3;BIRC3
prerank,RET Signaling R-HSA-8853659,-0.2262490356752811,-0.6828297962658119,9.074074e-01,9.757206e-01,1.000000e+00,3/19,8.79%,IRS2;PRKCA;PIK3R1
prerank,Removal Of Flap Intermediate From C-strand R-HSA-174437,-0.24246054322504806,-0.6819683653656688,8.864028e-01,9.745442e-01,1.000000e+00,1/16,1.58%,TERF1
prerank,PERK Regulates Gene Expression R-HSA-381042,0.19417110216066916,0.6798833725805336,9.237668e-01,9.829481e-01,1.000000e+00,11/29,26.35%,EIF2S1;PARN;EXOSC2;EXOSC3;EXOSC8;KHSRP;EIF2S2;EIF2AK3;DIS3;NFYC;EXOSC5
prerank,RND2 GTPase Cycle R-HSA-9696270,-0.20727817119574532,-0.6777876473172688,9.033392e-01,9.759498e-01,1.000000e+00,4/28,9.93%,NISCH;PIK3R1;ARHGAP5;BLTP3B
prerank,Attenuation Phase R-HSA-3371568,-0.22359583243287506,-0.6744043648279641,9.013283e-01,9.766040e-01,1.000000e+00,4/20,12.90%,CREBBP;DNAJB6;UBB;DEDD2
prerank,Processing Of SMDT1 R-HSA-8949664,0.22638978132642185,0.6713266291105171,8.922018e-01,9.853289e-01,1.000000e+00,3/16,10.93%,PHB2;YME1L1;MICU1
prerank,Diseases Of Metabolism R-HSA-5668914,-0.15764802303533487,-0.6712030675896862,9.840764e-01,9.770068e-01,1.000000e+00,28/111,25.16%,CHSY1;GALNT3;NOTCH1;UBB;POMT1;LFNG;ADAMTS10;B3GALT6;IDS;EXT1;ABCA3;ALG12;DPM1;B3GAT3;TPMT;NUS1;ALG9;ADAMTS1;B4GALT1;NAGLU;ADA;CYP2U1;HPRT1;PCCA;B4GALT7;MAN1B1;TALDO1;MTRR
prerank,Interleukin Receptor SHC Signaling R-HSA-912526,0.2190856447204732,0.6687467274600173,9.107551e-01,9.836308e-01,1.000000e+00,6/18,24.82%,IL5RA;PIK3CA;PIK3R2;PIK3R3;PTPN6;INPP5D
prerank,PI Metabolism R-HSA-1483255,-0.1704226702834608,-0.6675935774785232,9.770115e-01,9.775726e-01,1.000000e+00,20/66,27.20%,INPP5K;RAB14;PIP4K2A;INPP5E;PIK3R1;PI4K2A;PIK3C2B;MTMR12;RAB4A;MTMR1;ARF3;PIP4K2C;SYNJ1;VAC14;MTMR3;PLEKHA2;PNPLA6;PIK3CB;INPP4B;RAB5A
prerank,HSF1-dependent Transactivation R-HSA-3371571,-0.20460290103286927,-0.6602556586193067,9.244604e-01,9.804713e-01,1.000000e+00,7/26,21.59%,CREBBP;DNAJB6;UBB;DEDD2;MLST8;HSBP1;HSPA2
prerank,SLC Transporter Disorders R-HSA-5619102,0.16566911625079186,0.6559621048517633,9.807692e-01,9.879199e-01,1.000000e+00,6/52,9.53%,NUP62;NUP50;SLC26A2;NUP37;MAP4K2;SLC12A6
prerank,Resolution Of D-loop Structures Thru Holliday Junction Intermediates R-HSA-5693568,0.20408496365280235,0.6498043116626355,9.395248e-01,9.880298e-01,1.000000e+00,7/19,31.72%,GEN1;MRE11;RAD51C;ATM;BLM;RAD50;BARD1
prerank,"Transport Of Bile Salts And Organic Acids, Metal Ions And Amine Compounds R-HSA-425366",-0.19495861679843085,-0.6483959199199616,9.469320e-01,9.854209e-01,1.000000e+00,1/30,0.52%,SLC22A5
prerank,Sphingolipid De Novo Biosynthesis R-HSA-1660661,-0.19832777128330936,-0.6479490979373127,9.411765e-01,9.838930e-01,1.000000e+00,5/27,19.50%,CSNK1G2;CERS6;CERS2;SPTLC1;VAPA
prerank,RNA Polymerase III Abortive And Retractive Initiation R-HSA-749476,-0.18437753887252192,-0.6437526892187893,9.598604e-01,9.842194e-01,1.000000e+00,10/36,21.26%,CRCP;POLR3F;POLR2E;POLR3C;GTF3C5;GTF3C4;BRF2;POU2F1;SNAPC5;POLR3H
prerank,Aberrant Regulation Of Mitotic Cell Cycle Due To RB1 Defects R-HSA-9687139,0.18042729115904266,0.6348507634990818,9.516908e-01,9.921338e-01,1.000000e+00,10/28,28.57%,ANAPC10;CDKN1B;CDC26;TFDP1;CDC16;RB1;CCND3;UBE2E1;ANAPC7;CCND2
prerank,Mitochondrial Calcium Ion Transport R-HSA-8949215,-0.20854765090542032,-0.6337578074735041,9.343972e-01,9.875524e-01,1.000000e+00,8/20,24.50%,MCUB;PMPCA;PHB1;MICU3;VDAC1;STOML2;MAIP1;PARL
prerank,RND1 GTPase Cycle R-HSA-9696273,0.19818995637840137,0.6317253764768971,9.457014e-01,9.903189e-01,1.000000e+00,7/21,30.32%,ANKRD26;STIP1;RBMX;PIK3R2;LEMD3;RRAS2;WDR6
prerank,Formation Of ATP By Chemiosmotic Coupling R-HSA-163210,-0.22078235562019882,-0.6311942446566895,9.390018e-01,9.869986e-01,1.000000e+00,2/16,7.93%,ATP5MC1;ATP5ME
prerank,Peroxisomal Lipid Metabolism R-HSA-390918,0.20128330056393803,0.629839465046725,9.311164e-01,9.879338e-01,1.000000e+00,3/20,11.98%,ACBD5;CROT;PHYH
prerank,Glyoxylate Metabolism And Glycine Degradation R-HSA-389661,0.20446408874012106,0.6189705459954937,9.489559e-01,9.889648e-01,1.000000e+00,3/17,18.87%,DBT;DHTKD1;BCKDHB
prerank,Transcriptional Activity Of SMAD2/SMAD3:SMAD4 Heterotrimer R-HSA-2173793,-0.16995156961892066,-0.6131687838297738,9.814503e-01,9.926744e-01,1.000000e+00,9/43,18.62%,SNW1;FURIN;TRIM33;UBB;CCNT1;TFDP2;CCNT2;CDK9;SKIL
prerank,Interleukin-7 Signaling R-HSA-1266695,-0.211774523492769,-0.6107800788439909,9.476636e-01,9.918150e-01,1.000000e+00,3/18,12.04%,IRS2;PIK3R1;SOCS1
prerank,Processive Synthesis On C-strand Of Telomere R-HSA-174414,-0.2076365821640572,-0.6053085321797133,9.564460e-01,9.920298e-01,1.000000e+00,1/18,1.58%,TERF1
prerank,Constitutive Signaling By Aberrant PI3K In Cancer R-HSA-2219530,-0.18175912243533202,-0.5996727510804264,9.736842e-01,9.920942e-01,1.000000e+00,9/28,27.14%,IRS2;RNMT;PIK3R1;TRAT1;AREG;RHOG;PIK3CB;FGFR1;GRB2
prerank,Polymerase Switching On C-strand Of Telomere R-HSA-174411,0.18636392952757325,0.5987205892668778,9.708520e-01,9.926048e-01,1.000000e+00,2/22,5.99%,RFC5;RFC4
prerank,PI3K Cascade R-HSA-109704,-0.2023792443258211,-0.5986406458971588,9.528986e-01,9.906331e-01,1.000000e+00,2/18,8.79%,IRS2;PIK3R1
prerank,SUMOylation Of DNA Replication Proteins R-HSA-4615885,-0.16923597125555662,-0.5984527937248808,9.657040e-01,9.889574e-01,1.000000e+00,12/39,29.02%,NUP54;NUP133;SEH1L;SUMO1;SEC13;POM121;UBE2I;PCNA;TPR;NUP98;NUP210;NUP205
prerank,Downregulation Of SMAD2/3:SMAD4 Transcriptional Activity R-HSA-2173795,0.17476562945255883,0.5955591426801875,9.743590e-01,9.903262e-01,1.000000e+00,3/26,9.39%,HDAC1;RNF111;PARP1
prerank,Sulfur Amino Acid Metabolism R-HSA-1614635,-0.20771796915012775,-0.5889370076701363,9.426386e-01,9.900395e-01,1.000000e+00,1/15,2.40%,MPST
prerank,Translation Of Structural Proteins R-HSA-9683701,0.17589443138635358,0.5834859130838767,9.815668e-01,9.905215e-01,1.000000e+00,4/25,11.62%,ST6GAL1;PARP4;PARP10;ST3GAL1
prerank,"Transport Of Vitamins, Nucleosides, And Related Molecules R-HSA-425397",-0.18631663108440494,-0.5620076596177861,9.692586e-01,9.949458e-01,1.000000e+00,8/21,32.64%,SLC35D2;SLC25A5;SLC27A1;SLC5A6;SLCO3A1;ARL2BP;SLC35D1;SLC33A1
prerank,Metalloprotease DUBs R-HSA-5689901,-0.1724994211127888,-0.5592816211498945,9.836364e-01,9.936910e-01,1.000000e+00,10/27,31.17%,STAM;UBB;H2AC25;UIMC1;BABAM2;H2AC14;KAT2B;EP300;PSMD14;STAMBPL1
prerank,Nuclear Receptor Transcription Pathway R-HSA-383280,-0.1722811395300478,-0.5564251875920162,9.930915e-01,9.925322e-01,1.000000e+00,26/26,82.83%,NR1D2;AREG;NRBP1;NR4A2;NR1H3;NCOR1;NRBF2;NCOR2;ESR2;NR4A3;ESRRA;NR3C1;MBD4;PPARD;NR2C1;THRA;RARG;NR1D1;NR4A1;NR2C2;NR1H2;RARA;NR2C2AP;RORA;RXRB;PPARA
prerank,Synthesis Of Glycosylphosphatidylinositol (GPI) R-HSA-162710,-0.19742088092154464,-0.5465207468380572,9.738806e-01,9.925735e-01,1.000000e+00,1/15,3.83%,PIGH
prerank,Resolution Of D-Loop Structures R-HSA-5693537,-0.17806546075381907,-0.543195849397839,9.833333e-01,9.912945e-01,1.000000e+00,1/20,1.67%,RTEL1
prerank,Pyruvate Metabolism R-HSA-70268,0.16100469501232845,0.5302805765860122,9.931193e-01,9.966653e-01,1.000000e+00,5/21,27.55%,GLO1;SLC16A3;PDK2;PDPR;PDK3
prerank,SARS-CoV-2 Modulates Host Translation Machinery R-HSA-9754678,0.18091182885034818,0.5089169879395951,9.920000e-01,9.956567e-01,1.000000e+00,15/15,81.94%,SNRPE;SNRPD3;SNRPD2;GEMIN5;SNRPG;GEMIN6;GEMIN8;GEMIN7;GEMIN2;FAU;DDX20;SMN1;SNRPB;SNRPF;GEMIN4
