Name,Term,ES,NES,NOM p-val,FDR q-val,FWER p-val,Tag %,Gene %,Lead_genes
prerank,Regulation Of Lymphocyte Differentiation (GO:0045619),0.7327599481210504,2.1311609625474204,1.000000e-03,2.517780e-02,2.400000e-02,7/15,6.05%,ZFP36L1;NCKAP1L;TBX21;PRKDC;IKZF3;XRCC6;ZNF683
prerank,Regulation Of Peptidyl-Threonine Phosphorylation (GO:0010799),-0.6974394549798613,-2.0450842602493293,1.000000e-03,9.765556e-02,8.000000e-02,10/18,16.28%,INPP5K;DGKQ;CALM3;TGFB1;SPRY2;AXIN1;CALM1;DMTN;PRKAG2;RIPK2
prerank,Regulation Of Vasculature Development (GO:1901342),0.6532073649876174,1.9176865306539255,1.000000e-03,2.750908e-01,4.140000e-01,7/16,11.54%,ETS1;PDCD10;PIK3CG;KRIT1;EGLN1;ERBB2;HTATIP2
prerank,Positive Regulation Of Telomere Maintenance Via Telomerase (GO:0032212),0.5514487396030978,1.9132125665325634,1.000000e-03,1.911648e-01,4.280000e-01,17/28,23.64%,XRCC5;TNIP1;PRKCQ;TCP1;CCT3;NEK7;CCT6A;PARN;MAP3K4;FBXO4;CCT8;CCT7;CCT4;CCT2;ATM;CTNNB1;HMBOX1
prerank,Mitochondrial ATP Synthesis Coupled Electron Transport (GO:0042775),-0.48687641204291765,-1.8999458014790707,1.000000e-03,3.685710e-01,4.530000e-01,29/65,18.51%,NDUFB7;NDUFA1;NDUFC2;COX7B;UQCRFS1;UQCR11;COX5B;NDUFB6;NDUFB8;NDUFA12;SDHB;NDUFA4;COX6A1;NDUFB1;UQCRQ;SDHAF2;NDUFA10;NDUFS6;UQCC3;NDUFA9;COX8A;NDUFS3;SDHA;COX7A2;NDUFV1;NDUFB9;UQCRC1;NDUFA5;NDUFS8
prerank,Aerobic Electron Transport Chain (GO:0019646),-0.48589479981617517,-1.888215484028169,1.000000e-03,2.894665e-01,5.050000e-01,28/63,18.51%,NDUFB7;NDUFA1;NDUFC2;COX7B;UQCRFS1;UQCR11;COX5B;NDUFB6;NDUFB8;SDHB;NDUFA4;COX6A1;NDUFB1;UQCRQ;SDHAF2;NDUFA10;NDUFS6;UQCC3;NDUFA9;COX8A;NDUFS3;SDHA;COX7A2;NDUFV1;NDUFB9;UQCRC1;NDUFA5;NDUFS8
prerank,Regulation Of Cardiac Muscle Contraction (GO:0055117),-0.6679902925118372,-1.88408465038247,1.869159e-03,2.270754e-01,5.190000e-01,8/16,10.76%,RGS2;PDE4D;CALM3;ZC3H12A;P2RX4;PRKACA;CALM1;SLC9A1
prerank,"Regulation Of mRNA Splicing, Via Spliceosome (GO:0048024)",-0.48000605738512875,-1.8762160206965868,1.000000e-03,1.963612e-01,5.410000e-01,23/71,9.16%,U2AF2;RBM8A;RBM3;JMJD6;MAGOH;SRSF10;RBM5;QKI;RBM38;RNPS1;SNW1;RBM39;PTBP1;TRA2B;SAP18;CIRBP;SFSWAP;SRSF9;DAZAP1;HNRNPL;PCBP4;NCBP1;LARP7
prerank,Positive Regulation Of Establishment Of Protein Localization (GO:1904951),0.6471236324195663,1.872694280949781,2.092050e-03,2.277659e-01,5.830000e-01,8/15,15.23%,TCP1;CCT3;CEP120;CCT6A;WRAP53;CCT8;CCT7;CCT4
prerank,Positive Regulation Of Telomere Maintenance Via Telomere Lengthening (GO:1904358),0.5151999726730405,1.8669291737583436,1.000000e-03,1.939623e-01,6.060000e-01,19/31,23.64%,XRCC5;TNIP1;PRKCQ;TCP1;CCT3;HNRNPA2B1;NEK7;CCT6A;PARN;MAP3K4;DHX36;FBXO4;CCT8;CCT7;CCT4;CCT2;ATM;CTNNB1;HMBOX1
prerank,Positive Regulation Of DNA Biosynthetic Process (GO:2000573),0.4790362919433652,1.846826224071738,1.000000e-03,2.056187e-01,6.840000e-01,23/47,23.64%,XRCC5;TNIP1;PRKCQ;PTGES3;TCP1;CCT3;RFC5;NEK7;RFC4;CCT6A;PARN;MAP3K4;WRAP53;FBXO4;CCT8;CCT7;CCT4;PRKD2;CCT2;ATM;CTNNB1;DKC1;HMBOX1
prerank,Cellular Respiration (GO:0045333),-0.45692402291960316,-1.840555237000294,1.712329e-03,2.509643e-01,7.090000e-01,32/80,18.51%,NDUFB7;NDUFA1;NDUFC2;COX7B;UQCRFS1;NDUFA13;UQCR11;COX5B;NDUFB6;NDUFB8;NDUFA12;SDHB;ME3;NDUFA4;COX6A1;NDUFB1;SURF1;UQCRQ;NDUFA10;NDUFS6;CHCHD5;NDUFB11;NDUFA9;COX8A;NDUFS3;SDHA;COX7A2;NDUFV1;NDUFB9;UQCRC1;NDUFA5;NDUFS8
prerank,Positive Regulation Of Erythrocyte Differentiation (GO:0045648),0.5900610350434858,1.8386685424044762,2.188184e-03,1.914312e-01,7.100000e-01,8/19,8.48%,MAPK14;ETS1;NCKAP1L;STAT3;PRKDC;FAM210B;HIF1A;ARNT
prerank,Negative Regulation Of RNA Splicing (GO:0033119),-0.6301767425381485,-1.7972127019322564,5.444646e-03,3.454697e-01,8.410000e-01,8/15,7.80%,U2AF2;SRSF10;RNPS1;PTBP1;SAP18;SFSWAP;SRSF9;PCBP4
prerank,"Regulation Of Nuclear-Transcribed mRNA Catabolic Process, Deadenylation-Dependent Decay (GO:1900151)",0.5822272466324689,1.790648593346944,6.849315e-03,2.698454e-01,8.670000e-01,9/19,16.91%,CNOT7;ZFP36L1;TOB1;HNRNPD;CSDE1;DHX36;PABPC1;SYNCRIP;YBX1
prerank,Positive Regulation Of Telomerase Activity (GO:0051973),0.5364138572028789,1.7902242546755385,2.288330e-03,2.411059e-01,8.690000e-01,14/25,23.64%,XRCC5;TNIP1;PRKCQ;PTGES3;TCP1;NEK7;PARN;MAP3K4;WRAP53;CCT4;CCT2;CTNNB1;DKC1;HMBOX1
prerank,Regulation Of Organelle Organization (GO:0033043),0.4129865482589729,1.787970307863422,1.000000e-03,2.214714e-01,8.750000e-01,19/78,9.71%,UCHL5;GOLPH3;S100A8;PREB;S100A9;PDCD10;SLC30A9;DIAPH1;TECPR1;INO80D;PAK2;LMAN1;ATG5;TBC1D25;RHOT1;INO80B;CLEC16A;VPS35;RUVBL1
prerank,Positive Regulation Of Transcription By RNA Polymerase III (GO:0045945),0.5988386159137857,1.774931847073077,6.681514e-03,2.250743e-01,8.970000e-01,10/15,28.49%,ZNF143;SMARCA5;ZC3H8;BAZ1B;DEK;ICE2;MTOR;DDX21;ICE1;ERCC6
prerank,Receptor Signaling Pathway Via STAT (GO:0097696),0.5648937167465115,1.7629065057229494,4.424779e-03,2.307188e-01,9.140000e-01,9/20,14.64%,STAT3;STAT4;IFNG;STAMBP;CTR9;STAT5A;IFNAR1;IFNAR2;STAT6
prerank,Regulation Of Autophagy Of Mitochondrion (GO:1903146),-0.6062743913003454,-1.7606237752727774,5.703422e-03,4.394500e-01,9.240000e-01,10/16,23.12%,FBXW7;GSK3A;CSNK2A2;SREBF1;PINK1;USP36;HTRA2;VDAC1;PARK7;HTT
prerank,Establishment Of Protein Localization To Extracellular Region (GO:0035592),0.5267154283916394,1.7605701713167325,1.357466e-02,2.172751e-01,9.150000e-01,7/24,11.73%,GOLPH3;MIA3;PREB;PRF1;GSDMD;TVP23B;TMEM167A
prerank,Receptor Signaling Pathway Via JAK-STAT (GO:0007259),0.541823315764277,1.7490994704778298,2.118644e-03,2.239359e-01,9.340000e-01,9/22,14.64%,STAT3;STAT4;IFNG;STAMBP;CTR9;STAT5A;IFNAR1;IFNAR2;STAT6
prerank,TOR Signaling (GO:0031929),-0.5560426694963491,-1.748000381990967,7.130125e-03,4.475588e-01,9.440000e-01,13/23,23.02%,CARD11;LAMTOR1;LAMTOR4;GATA3;FNIP1;LAMTOR5;TIPRL;MAPKAP1;PINK1;MLST8;FLCN;LAMTOR3;PRR5
prerank,Regulation Of Lipid Metabolic Process (GO:0019216),-0.5346541905135433,-1.7431980774008453,6.884682e-03,4.221240e-01,9.530000e-01,11/27,15.50%,IRS2;ID2;NPC2;LACTB;EDF1;PANK2;NR1D2;PRKAG2;OPA3;CERS2;ABCA7
prerank,Positive Regulation Of Myeloid Cell Differentiation (GO:0045639),0.530201471006111,1.7358081110615102,2.237136e-03,2.349306e-01,9.460000e-01,8/23,8.48%,MAPK14;ETS1;NCKAP1L;STAT3;PRKDC;FAM210B;HIF1A;ARNT
prerank,Regulation Of Telomerase RNA Localization To Cajal Body (GO:1904872),0.5765885264772567,1.7273943027608665,6.369427e-03,2.371492e-01,9.580000e-01,12/17,24.67%,TNIP1;TCP1;CCT3;CCT6A;PARN;RUVBL1;CCT8;CCT7;CCT4;SHQ1;DKC1;NOP10
prerank,"Mitochondrial Electron Transport, NADH To Ubiquinone (GO:0006120)",-0.5057405414101523,-1.7218116277570137,3.636364e-03,4.663220e-01,9.740000e-01,14/34,18.51%,NDUFB7;NDUFC2;NDUFB6;NDUFB8;NDUFA4;NDUFB1;NDUFA10;NDUFS6;NDUFA9;NDUFS3;NDUFV1;NDUFB9;NDUFA5;NDUFS8
prerank,Positive Regulation Of Stress Fiber Assembly (GO:0051496),-0.557305530491613,-1.7199838985409324,1.073345e-02,4.361248e-01,9.750000e-01,9/21,16.49%,LIMK1;CDC42;RHOC;RAC1;SORBS3;S100A10;TESK1;EVL;ARHGEF10
prerank,Regulation Of Telomerase Activity (GO:0051972),0.47328200126087255,1.7162185820698657,1.631702e-02,2.467315e-01,9.740000e-01,22/34,30.50%,XRCC5;TNIP1;PRKCQ;PTGES3;TCP1;PARP4;NEK7;PARN;MAP3K4;WRAP53;CCT4;CCT2;TP53;ATM;CTNNB1;DKC1;HMBOX1;MEN1;MYC;PIF1;NVL;ERCC4
prerank,Autophagosome Assembly (GO:0000045),-0.4572835031356016,-1.7145719271912823,3.294893e-03,4.234164e-01,9.860000e-01,14/55,12.07%,RAB1A;MAP1LC3B;WDR45B;ULK1;EMC6;ATG7;GABARAPL1;ATG2A;ATG4D;NSFL1C;BECN1;PACS2;WIPI1;ATG4B
prerank,Regulation Of Lamellipodium Assembly (GO:0010591),-0.5437764492450328,-1.7100574899740923,3.663004e-03,4.099733e-01,9.890000e-01,9/22,12.76%,CDC42;TWF1;CARMIL2;RAC1;AUTS2;ARPC2;PIK3R1;DMTN;TWF2
prerank,Positive Regulation Of RNA Splicing (GO:0033120),-0.529301962003407,-1.7050940782475927,1.308411e-02,4.014028e-01,9.920000e-01,10/29,8.79%,U2AF2;RBM3;ZPR1;SNW1;ERN1;TRA2B;CIRBP;DAZAP1;NCBP1;PIK3R1
prerank,Regulation Of Epithelial To Mesenchymal Transition (GO:0010717),-0.5025807972718431,-1.698591649909988,8.726003e-03,3.996790e-01,9.950000e-01,10/31,9.82%,MAD2L2;TGFB1;SPRY2;PPP2CA;GATA3;GLIPR2;LDLRAD4;EPHA4;MCRIP1;SDHAF2
prerank,Proton Motive Force-Driven ATP Synthesis (GO:0015986),-0.44067243448008636,-1.6965938790731352,8.650519e-03,3.846307e-01,9.950000e-01,22/58,18.51%,ATP5MC1;NDUFB7;NDUFA1;NDUFC2;NDUFA13;NDUFB6;NDUFB8;NDUFA12;SDHB;NDUFB1;ATP5ME;NDUFA10;NDUFS6;NDUFB11;NDUFA9;NDUFS3;SDHA;VPS9D1;NDUFV1;NDUFB9;NDUFA5;NDUFS8
prerank,Regulation Of mRNA Catabolic Process (GO:0061013),-0.4671592878056646,-1.692963894620289,5.244755e-03,3.772048e-01,9.970000e-01,11/42,7.80%,RBM8A;MAPKAPK2;MAGOH;YTHDF2;VIM;YTHDF3;ZC3H12A;YTHDF1;CNOT1;PRKCA;PCBP4
prerank,Rho Protein Signal Transduction (GO:0007266),-0.5057243766850877,-1.6829956774154513,7.220217e-03,3.902906e-01,9.970000e-01,10/30,15.78%,ARHGAP4;LIMK1;ARHGDIA;CDC42;GNA13;MYO9B;ARHGAP5;CFL1;ARHGEF1;GNA12
prerank,Protein Export From Nucleus (GO:0006611),0.5061087455583003,1.6792912847062547,2.064220e-02,3.202658e-01,9.880000e-01,8/25,8.22%,STRADA;XPO1;STYX;DUSP16;DESI1;RAN;RANBP3;CSE1L
prerank,Proton Motive Force-Driven Mitochondrial ATP Synthesis (GO:0042776),-0.44586651429612995,-1.6783596121058164,1.562500e-02,3.868945e-01,9.970000e-01,20/52,18.51%,NDUFB7;NDUFA1;NDUFC2;NDUFA13;NDUFB6;NDUFB8;NDUFA12;SDHB;NDUFB1;ATP5ME;NDUFA10;NDUFS6;NDUFB11;NDUFA9;NDUFS3;SDHA;NDUFV1;NDUFB9;NDUFA5;NDUFS8
prerank,mRNA Processing (GO:0006397),-0.3573091349629472,-1.6755707522745475,1.000000e-03,3.775215e-01,9.970000e-01,51/197,16.26%,SF3B6;U2AF2;RBM8A;FRG1;ALYREF;MAGOH;SRSF10;CRNKL1;RBM5;PRPF18;SNRNP27;CWC25;PHF5A;EFTUD2;RNPS1;SNW1;SYF2;CPSF7;BUD31;CWC15;SLU7;SNRPB2;ERN1;TRA2B;PIN1;RAMAC;HEXIM1;HNRNPH1;SRSF9;PRKACA;DDX39A;CTNNBL1;RNMT;NCBP1;TFIP11;SNRPD1;DHX8;NUDT21;SRSF5;ALKBH5;CPSF6;SRSF2;FBXO11;CDC5L;SF3A2;HNRNPM;KIN;PRPF4B;PPIH;SNIP1;SRRM2
prerank,Regulation Of Cytoplasmic Translation (GO:2000765),0.5547188202549702,1.6747813208606344,1.620370e-02,3.153360e-01,9.900000e-01,7/16,16.91%,HNRNPD;CSDE1;DHX36;PABPC1;PKM;SYNCRIP;YBX1
prerank,Positive Regulation Of Viral Life Cycle (GO:1903902),-0.5842618660294343,-1.657148373078261,2.010969e-02,4.261811e-01,9.990000e-01,8/16,14.82%,VPS37B;FURIN;LGALS1;LGALS9;KPNA2;P4HB;VPS4A;HLA-DRB1
prerank,Regulation Of RNA Splicing (GO:0043484),-0.3997917133440064,-1.6504396595143036,1.000000e-03,4.319398e-01,9.990000e-01,28/86,13.08%,U2AF2;JMJD6;SRSF10;ZPR1;CLK3;QKI;TAF10;CCNL2;RBM38;RBM39;PTBP1;ERN1;TRA2B;CLK1;ZNF326;HNRNPH1;PQBP1;TADA2B;FAM50A;MCM2;HNRNPL;PIK3R1;LARP7;CLK4;GRSF1;ZC3H10;TAF6L;RBM12
prerank,Protein Heterooligomerization (GO:0051291),-0.5840394392775011,-1.6477868071091186,9.293680e-03,4.227803e-01,9.990000e-01,8/15,27.74%,TMEM120A;CPSF7;NUDT21;CPSF6;PKD2;HSD17B8;CBR4;ZNF777
prerank,Positive Regulation Of Substrate Adhesion-Dependent Cell Spreading (GO:1900026),-0.5361187282900024,-1.6474472696376197,9.259259e-03,4.067091e-01,9.990000e-01,9/21,17.32%,CDC42;ARHGEF7;CALR;RAC1;P4HB;DMTN;S100A10;TESK1;TRIOBP
prerank,Autophagosome Organization (GO:1905037),-0.4364249709307083,-1.6443926110745646,9.708738e-03,4.009209e-01,9.990000e-01,12/51,11.13%,RAB1A;MAP1LC3B;WDR45B;ULK1;EMC6;ATG7;GABARAPL1;ATG2A;NSFL1C;BECN1;PACS2;WIPI1
prerank,Negative Regulation Of Protein Ubiquitination (GO:0031397),-0.4585999138418137,-1.6433082768551401,7.005254e-03,3.900000e-01,9.990000e-01,21/41,22.52%,LIMK1;U2AF2;AKT1;SPRY2;FBXO5;USP4;N4BP1;SUMO1;ISG15;SPOPL;DTX3L;GTPBP4;ARRB1;BAG5;OGT;SOX4;CAMLG;PER2;GNL3L;PARK7;ARRB2
prerank,fatty-acyl-CoA Biosynthetic Process (GO:0046949),0.5684252468186608,1.62426883805907,2.309469e-02,4.500765e-01,1.000000e+00,5/15,13.03%,ELOVL6;HACD2;ACSL4;ACAT1;HSD17B12
prerank,Negative Regulation Of T Cell Activation (GO:0050868),0.512896864034743,1.6176570356269326,2.050114e-02,4.519127e-01,1.000000e+00,8/20,13.73%,LAX1;RIPOR2;NCKAP1L;PAG1;FCGR2B;HAVCR2;GLMN;LAPTM5
prerank,protein-DNA Complex Organization (GO:0071824),0.4204454346183146,1.6164696771255416,9.925558e-03,4.351860e-01,1.000000e+00,12/43,9.79%,HDAC1;HMG20A;GATAD1;HDAC8;SUPT4H1;PARP10;HDAC5;CBX3;EHMT1;PHF19;ATRX;HMGN4
prerank,Regulation Of Chromosome Organization (GO:0033044),0.4346182182542522,1.609216216082525,7.025761e-03,4.400642e-01,1.000000e+00,10/38,9.71%,UCHL5;XRCC5;NSMCE3;SMC6;INO80D;HDAC8;HNRNPD;INO80B;SMG1;RUVBL1
prerank,Cytoplasmic Microtubule Organization (GO:0031122),0.42612690912572365,1.6063121477989275,4.662005e-03,4.310533e-01,1.000000e+00,8/37,8.54%,CCDC88C;KPNB1;KATNA1;SLAIN2;RAB11A;MBD1;HOOK2;SLAIN1
prerank,Regulation Of Protein Autophosphorylation (GO:0031952),-0.5516149591567865,-1.6062981005034878,2.226345e-02,5.140042e-01,1.000000e+00,8/18,18.24%,RAP2C;CALM3;MVP;CALM1;TAOK2;TESK1;DDX3X;ENG
prerank,Positive Regulation Of Cell-Matrix Adhesion (GO:0001954),-0.5346982587510786,-1.605878086415068,2.577320e-02,4.979818e-01,1.000000e+00,11/18,30.78%,RAC1;ENC1;PTPRJ;S100A10;GFUS;CIB1;TSC1;PLEKHA2;GSK3B;PTK2B;EFEMP2
prerank,Protein Secretion (GO:0009306),0.4358151918272003,1.6058780826419974,7.042254e-03,4.150048e-01,1.000000e+00,10/36,14.23%,GOLPH3;MIA3;PREB;PRF1;GSDMD;TVP23B;PORCN;PCSK5;TMEM167A;KLRG1
prerank,Sprouting Angiogenesis (GO:0002040),-0.5616356316886039,-1.6045095550898327,2.276708e-02,4.865277e-01,1.000000e+00,5/16,5.47%,JMJD6;AKT1;TGFB1;VEGFB;OTULIN
prerank,DNA Repair-Dependent Chromatin Remodeling (GO:0140861),0.5459970165988286,1.602881404981463,4.195804e-02,4.085834e-01,1.000000e+00,4/15,8.26%,HDGFL2;HPF1;ASF1A;UBR5
prerank,Negative Regulation Of Protein Polymerization (GO:0032272),-0.5566878878590829,-1.6028117398711086,2.177858e-02,4.780820e-01,1.000000e+00,7/17,23.95%,MAPRE1;TWF1;SSH1;TWF2;PFN1;TBCD;STMN1
prerank,Establishment Of Endothelial Barrier (GO:0061028),-0.5481630121983729,-1.5979838657240224,2.462121e-02,4.823712e-01,1.000000e+00,4/18,3.02%,RAB1A;RAP2C;PDE4D;RAPGEF1
prerank,Macromolecule Biosynthetic Process (GO:0009059),0.3634108773045713,1.5965151291517408,5.050505e-03,4.133787e-01,1.000000e+00,30/85,22.28%,GOLPH3;MRPS7;DARS1;TNIP1;COPS5;EEF1A1;MRPS33;MRPL3;SRBD1;SARS1;EEF2;MRPL34;MRPS18C;EEF1B2;EEF2K;MRPL41;MRRF;ALAS1;EIF4G1;MRPL18;EXT2;MRPS18B;MRPS14;MRPL36;EIF4EBP2;POLL;MRPL27;GSPT1;EIF5A2;MRPL51
prerank,Regulation Of Erythrocyte Differentiation (GO:0045646),0.4790736278922892,1.5934264971967083,1.573034e-02,4.076406e-01,1.000000e+00,9/26,8.48%,MAPK14;ETS1;ZFP36L1;NCKAP1L;STAT3;PRKDC;FAM210B;HIF1A;ARNT
prerank,Regulation Of Receptor Internalization (GO:0002090),-0.5322328607716452,-1.5832862841678468,2.952030e-02,5.253799e-01,1.000000e+00,5/19,3.94%,ANKRD13D;ARF1;CD63;FLOT1;RIN3
prerank,Telomere Organization (GO:0032200),0.39122896557900977,1.582717826151043,4.866180e-03,4.278940e-01,1.000000e+00,13/54,9.77%,UCHL5;XRCC5;PRKDC;RPA3;XRCC6;PTGES3;EZH1;INO80D;RPA2;INO80B;PARP1;RUVBL1;ATRX
prerank,Regulation Of G Protein-Coupled Receptor Signaling Pathway (GO:0008277),-0.45288202877468264,-1.5789118126043833,2.426343e-02,5.286433e-01,1.000000e+00,12/33,14.86%,RGS2;DYNLT1;GIT1;PPP1R9B;DGKQ;GRK6;USP33;RGS16;CCL5;ZDHHC3;PDE6G;PLCB1
prerank,Aerobic Respiration (GO:0009060),-0.41412181498290856,-1.5762261192732532,7.005254e-03,5.243698e-01,1.000000e+00,22/57,19.77%,NDUFB7;NDUFA1;NDUFC2;NDUFA13;NDUFB6;NDUFB8;NDUFA12;SDHB;ME3;NDUFB1;SURF1;NDUFA10;NDUFS6;NDUFB11;NDUFA9;NDUFS3;NDUFV1;NDUFB9;UQCRC1;NDUFA5;NDUFS8;TEFM
prerank,Response To Tumor Necrosis Factor (GO:0034612),-0.4169202186113237,-1.5686247414019339,5.110733e-03,5.424142e-01,1.000000e+00,14/53,12.52%,SLC22A5;INPP5K;XCL1;AKT1;ZC3H12A;GCH1;GATA3;MAP2K7;XCL2;CASP3;TNFRSF11A;CCL4;IKBKB;CCL5
prerank,Mitochondrial Respiratory Chain Complex I Assembly (GO:0032981),-0.41616293654585823,-1.5682949852590307,1.715266e-02,5.155241e-01,1.000000e+00,17/53,18.51%,NDUFB7;NDUFA1;BCS1L;NDUFC2;NDUFA13;NDUFB6;NDUFB8;NDUFB1;NDUFA10;NDUFB11;NDUFA9;NDUFS3;COA1;NDUFB9;TIMM21;NDUFA5;NDUFS8
prerank,NADH Dehydrogenase Complex Assembly (GO:0010257),-0.41616293654585823,-1.5682949852590307,1.715266e-02,5.155241e-01,1.000000e+00,17/53,18.51%,NDUFB7;NDUFA1;BCS1L;NDUFC2;NDUFA13;NDUFB6;NDUFB8;NDUFB1;NDUFA10;NDUFB11;NDUFA9;NDUFS3;COA1;NDUFB9;TIMM21;NDUFA5;NDUFS8
prerank,SCF-dependent Proteasomal Ubiquitin-Dependent Protein Catabolic Process (GO:0031146),-0.46272758186963925,-1.567273558696287,2.772964e-02,5.065057e-01,1.000000e+00,9/31,11.15%,FBXO44;FBXW7;FBXL12;FBXO9;FBXL18;FBXO31;CUL5;FBXL6;FBXL5
prerank,Mitochondrial Respiratory Chain Complex Assembly (GO:0033108),-0.37623580801107415,-1.5656976713782305,8.250825e-03,5.001172e-01,1.000000e+00,25/89,18.51%,NDUFB7;NDUFA1;BCS1L;PET100;NDUFC2;UQCRFS1;NDUFA13;NDUFB6;NDUFB8;COX19;NDUFB1;SURF1;SDHAF2;NDUFA10;FASTKD3;UQCC3;NDUFB11;NDUFA9;NDUFS3;COA1;COX16;NDUFB9;TIMM21;NDUFA5;NDUFS8
prerank,Regulation Of Protein Tyrosine Kinase Activity (GO:0061097),-0.5408953756874216,-1.5643725180127788,3.068592e-02,4.933488e-01,1.000000e+00,8/17,18.49%,NCK2;RAP2C;EPHA4;MVP;LRP8;DLG3;UNC119;SHC1
prerank,Mismatch Repair (GO:0006298),0.4758824157398441,1.5634417384931112,2.742616e-02,4.709492e-01,1.000000e+00,16/23,37.11%,RPA3;RPA2;PMS2;LIG1;MSH3;PMS1;RNASEH2A;MLH3;XPC;POLD3;MSH2;RPA1;MCM8;MSH6;MLH1;RNASEH2B
prerank,RNA Transport (GO:0050658),0.44397957450634107,1.5616844268109478,2.797203e-02,4.611719e-01,1.000000e+00,7/30,9.35%,TGFBR2;KPNB1;CKAP5;NUP62;ZFP36L1;HNRNPA2B1;ATXN2
prerank,Establishment Of Protein Localization To Organelle (GO:0072594),0.377950852359709,1.5586364859003008,7.334963e-03,4.568139e-01,1.000000e+00,22/69,17.04%,KPNB1;PPP1R10;NUP62;KPNA3;STK4;NUP50;HIKESHI;STAT3;IL10RA;PHB2;RAB11A;RALA;RAN;EIF4ENIF1;CSE1L;IPO9;IPO8;HK1;IPO5;NUP188;APPL1;NUP85
prerank,Positive Regulation Of Double-Strand Break Repair Via Homologous Recombination (GO:1905168),0.4259428186534681,1.5547706521444826,1.421801e-02,4.550937e-01,1.000000e+00,20/33,30.60%,HDGFL2;MORF4L2;BRD8;PARP1;TRRAP;RUVBL1;EP400;WRAP53;HELQ;ACTR2;TIMELESS;MORF4L1;MRGBP;ARID2;ACTL6A;VPS72;ERCC6;EPC2;DMAP1;MRNIP
prerank,Glycosaminoglycan Biosynthetic Process (GO:0006024),-0.45390235507997945,-1.552247034666544,1.454545e-02,5.277050e-01,1.000000e+00,11/34,15.29%,CHST7;CHSY1;B3GNT7;B3GNT2;SLC35D2;B4GALT4;UST;B3GALT6;EXT1;XYLT1;B3GAT3
prerank,Peroxisomal Membrane Transport (GO:0015919),0.5419834532609308,1.5487550278289364,3.821656e-02,4.603314e-01,1.000000e+00,12/15,32.29%,PEX3;RAB8B;PEX14;PEX19;PEX16;TRIM37;ABCD3;PEX2;PEX5;PEX1;ABCD4;ABCD2
prerank,Vesicle Coating (GO:0006901),-0.47864811377149347,-1.5459358176169502,2.645503e-02,5.410250e-01,1.000000e+00,8/28,7.53%,TRAPPC10;AP3D1;TMED10;TRAPPC2L;TRAPPC6A;CSNK1D;CUL3;TMED2
prerank,Positive Regulation Of Lamellipodium Organization (GO:1902745),-0.5036537804393865,-1.5458676023284028,3.327172e-02,5.289915e-01,1.000000e+00,8/20,12.76%,CDC42;ARHGEF7;CARMIL2;RAC1;AUTS2;ARPC2;PIK3R1;TWF2
prerank,Regulation Of Centriole Replication (GO:0046599),0.532121767126302,1.5433497383880477,3.112033e-02,4.650300e-01,1.000000e+00,10/15,31.93%,NUP62;NPM1;SPICE1;KAT2A;CDK5RAP2;CEP76;TRIM37;MDM1;PLK2;RBM14
prerank,Positive Regulation Of Leukocyte Chemotaxis (GO:0002690),-0.53009326759534,-1.540041667382105,3.284672e-02,5.392173e-01,1.000000e+00,6/17,14.35%,XCL1;VEGFB;CALR;LGALS9;CCL5;ZNF580
prerank,Peptide Biosynthetic Process (GO:0043043),0.37109414205584845,1.5383477059345199,9.685230e-03,4.693899e-01,1.000000e+00,23/62,22.28%,MRPS7;DARS1;TNIP1;COPS5;EEF1A1;MRPS33;MRPL3;SRBD1;SARS1;MRPL34;MRPS18C;PCSK5;MRPL41;MRRF;EIF4G1;MRPL18;MRPS18B;MRPS14;MRPL36;EIF4EBP2;MRPL27;GSPT1;MRPL51
prerank,RNA Biosynthetic Process (GO:0032774),0.45404328460867655,1.536531505093548,2.758621e-02,4.623491e-01,1.000000e+00,11/25,21.63%,TAF7;ZFP36L1;SMARCA5;TBP;SETX;TCEA2;PRMT5;TAF12;TAF5;NCOA6;MTERF1
prerank,Regulation Of Signal Transduction (GO:0009966),-0.3585163689538114,-1.5351112134516522,4.807692e-03,5.475377e-01,1.000000e+00,24/107,13.38%,RGS2;NCK2;DYNLT1;ZFAND2B;CD63;GIT1;DGKQ;BRAP;SNW1;CREBBP;GRK6;PPP2CA;GATA3;TIMP1;RFNG;NCAM1;IGFBP4;LFNG;TSPYL2;SUMO1;USP33;RGS16;IRAK1;ZDHHC3
prerank,Nuclear-Transcribed mRNA poly(A) Tail Shortening (GO:0000289),0.5263139611246508,1.5333492103824005,3.966597e-02,4.598262e-01,1.000000e+00,5/16,12.90%,CNOT7;CNOT3;PARN;PAN2;TUT7
prerank,Positive Regulation Of Telomere Maintenance (GO:0032206),0.3870789236319224,1.5329771386150417,2.168675e-02,4.492552e-01,1.000000e+00,13/47,10.35%,UCHL5;PPP1R10;TNIP1;PRKCQ;INO80D;HNRNPA2B1;NEK7;HNRNPD;MAP3K4;INO80B;RUVBL1;ATRX;DHX36
prerank,Modulation By Host Of Viral Process (GO:0044788),-0.5522072215649543,-1.5313000492774498,4.553734e-02,5.500526e-01,1.000000e+00,6/15,13.79%,CDC42;PPIB;IGF2R;FASN;CFL1;PAIP1
prerank,Positive Regulation Of Phosphate Metabolic Process (GO:0045937),0.5129368786176959,1.525852184326324,4.899777e-02,4.575133e-01,1.000000e+00,7/16,15.28%,NCKAP1L;PTGES3;IFNG;PSEN1;GLMN;ILK;ITGA6
prerank,GPI Anchor Biosynthetic Process (GO:0006506),-0.48169807199924836,-1.5232530249484015,4.720280e-02,5.710575e-01,1.000000e+00,5/24,8.95%,MPPE1;PIGT;PIGH;PIGS;GPAA1
prerank,Regulation Of Macrophage Activation (GO:0043030),-0.5494881242062408,-1.522101036492034,3.697183e-02,5.640750e-01,1.000000e+00,4/15,7.13%,ZC3H12A;TNIP2;SHPK;KARS1
prerank,Positive Regulation Of Cell-Substrate Adhesion (GO:0010811),-0.44318550696151693,-1.5220385265682022,2.329749e-02,5.532135e-01,1.000000e+00,16/35,28.92%,CDC42;ARHGEF7;CALR;RAC1;ENC1;P4HB;DMTN;S100A10;TESK1;TRIOBP;CIB1;ABL1;PLEKHA2;GSK3B;RELL2;PTK2B
prerank,Regulation Of Substrate Adhesion-Dependent Cell Spreading (GO:1900024),-0.46154223146964113,-1.5205915020663954,2.209945e-02,5.473488e-01,1.000000e+00,10/29,17.32%,CDC42;ARHGEF7;CALR;RAC1;ACTN4;P4HB;DMTN;S100A10;TESK1;TRIOBP
prerank,Negative Regulation Of Protein Modification By Small Protein Conjugation Or Removal (GO:1903321),-0.42455629873935863,-1.516434870310797,3.880071e-02,5.539873e-01,1.000000e+00,18/40,22.52%,U2AF2;AKT1;SPRY2;USP4;N4BP1;SUMO1;ISG15;SPOPL;GTPBP4;ARRB1;BAG5;OGT;SOX4;CAMLG;PER2;GNL3L;PARK7;ARRB2
prerank,"Nuclear-Transcribed mRNA Catabolic Process, Deadenylation-Dependent Decay (GO:0000288)",0.4208124509432054,1.5150664543395564,2.771363e-02,4.801295e-01,1.000000e+00,10/34,13.00%,CNOT7;DCP1B;PATL2;CNOT3;PARN;PAN2;EXOSC2;EXOSC3;TUT7;EXOSC8
prerank,Protein Targeting (GO:0006605),-0.35973692973318044,-1.5127174686524254,4.958678e-03,5.578393e-01,1.000000e+00,24/95,15.41%,ZDHHC18;AP3D1;TIMM17A;ZFAND2B;TIMM8B;VPS37B;TIMM23;SEC61G;ZDHHC14;TOMM22;ZFAND2A;SRP54;AP4B1;SPCS2;ZDHHC24;GIPC1;ZDHHC3;CDC37;TAOK2;GOLGA7B;TOMM5;YIF1B;TSPO;MICALL1
prerank,Positive Regulation Of Actin Filament Bundle Assembly (GO:0032233),-0.473389886855038,-1.509337800252051,4.403670e-02,5.607319e-01,1.000000e+00,11/24,21.07%,LIMK1;CDC42;RHOC;RAC1;SORBS3;S100A10;TESK1;EVL;ARHGEF10;PFN1;PAK1
prerank,Homotypic Cell-Cell Adhesion (GO:0034109),0.4529846120927206,1.5089668093519537,3.879310e-02,4.765999e-01,1.000000e+00,7/23,12.05%,PIK3CG;PLEK;HSPB1;VCL;MYL12A;STXBP3;ILK
prerank,Platelet Aggregation (GO:0070527),0.4529846120927206,1.5089668093519537,3.879310e-02,4.765999e-01,1.000000e+00,7/23,12.05%,PIK3CG;PLEK;HSPB1;VCL;MYL12A;STXBP3;ILK
prerank,Vesicle Cargo Loading (GO:0035459),-0.5082493742476851,-1.505645704438369,3.776978e-02,5.660395e-01,1.000000e+00,9/18,11.53%,RAB1A;SEC24C;TMED10;SEC24B;KIF13A;TBC1D20;TMED2;SEC24A;SEC13
prerank,Positive Regulation Of Ras Protein Signal Transduction (GO:0046579),0.4455423766477513,1.5029583896794014,2.843602e-02,4.852449e-01,1.000000e+00,10/27,14.83%,ARHGEF3;RASGRP1;PIK3CG;ADGRG1;GPR174;GPR65;MAPRE2;AKAP13;NTRK1;F2R
prerank,Regulation Of Cell Cycle Process (GO:0010564),-0.3660841807263051,-1.5016833034564803,1.842546e-02,5.714200e-01,1.000000e+00,20/85,11.46%,CDC42;YTHDF2;BRD7;ARID1B;GIT1;CALM3;CCNL2;PIN1;RAB11FIP4;FBXO5;KIF13A;MKI67;DAPK3;MCM2;BCL7B;BCL7C;BECN1;DBF4;CALM1;ATF5
prerank,Brain Development (GO:0007420),0.34740016329084616,1.5001324755346301,1.799486e-02,4.841805e-01,1.000000e+00,29/75,21.94%,TGFBR2;PBX3;UGP2;VPS51;RBBP4;CDK5RAP3;ADGRG1;JHY;GIT2;CX3CR1;TMX2;QARS1;KDM4B;RTN4;BBS2;POMK;UBE3A;SPEF2;PTCH1;PTEN;EOMES;CDK5RAP2;PAFAH1B1;ZNF335;NCOA6;MAP1S;SPATA5;PITPNM1;NIPBL
prerank,Cellular Response To Peptide (GO:1901653),0.4224865542763508,1.498727816167498,3.935185e-02,4.782363e-01,1.000000e+00,9/30,9.08%,ZFP36L1;SNX6;ITGA4;ADRB2;ARHGEF2;CHMP5;ATP1A3;PSEN1;FCGR2B
prerank,Positive Regulation Of Lamellipodium Assembly (GO:0010592),-0.5140427654300213,-1.4980566454846105,4.735883e-02,5.760407e-01,1.000000e+00,7/16,12.76%,CDC42;CARMIL2;RAC1;AUTS2;ARPC2;PIK3R1;TWF2
prerank,Sulfur Compound Biosynthetic Process (GO:0044272),-0.4133046267242141,-1.497880313692687,2.268761e-02,5.667245e-01,1.000000e+00,12/41,15.29%,CHST7;CHSY1;B3GNT7;MPST;B3GNT2;SLC35D2;B4GALT4;UST;EXT1;XYLT1;GSTP1;B3GAT3
prerank,Regulation Of Cytokinesis (GO:0032465),-0.4036787716617641,-1.4966666139528917,3.368794e-02,5.617642e-01,1.000000e+00,15/47,15.58%,CDC42;GIT1;CALM3;PIN1;RAB11FIP4;KIF13A;CUL3;PKN2;BECN1;CALM1;GIPC1;CDC14A;RAB11FIP3;VPS4A;PDXP
prerank,RNA Destabilization (GO:0050779),-0.5193028601115258,-1.490256790503269,7.454545e-02,5.788629e-01,1.000000e+00,3/16,4.32%,YTHDF2;YTHDF3;YTHDF1
prerank,Regulation Of Glucose Import (GO:0046324),-0.5114777723157677,-1.4886342949049454,6.106870e-02,5.759492e-01,1.000000e+00,6/17,13.10%,AKT1;IRS2;RHOQ;GSK3A;PIK3R1;PRKAG2
prerank,Regulation Of Receptor-Mediated Endocytosis (GO:0048259),-0.495799977309089,-1.487359891888137,5.037313e-02,5.722318e-01,1.000000e+00,7/20,18.87%,ARF1;FLOT1;RAC1;TNK2;ARF6;MKLN1;RAB21
prerank,Import Into Nucleus (GO:0051170),0.3634342609051376,1.4873169303251357,1.598174e-02,5.055004e-01,1.000000e+00,19/64,17.04%,KPNB1;PPP1R10;NUP62;KPNA3;STK4;NUP50;HIKESHI;STAT3;PHB2;RAN;EIF4ENIF1;CSE1L;IPO9;IPO8;HTATIP2;IPO5;NUP188;APPL1;NUP85
prerank,Regulation Of DNA Binding (GO:0051101),-0.4549708352795692,-1.4835938557549573,4.092527e-02,5.778995e-01,1.000000e+00,11/28,20.46%,NME1;CSNK2B;TGFB1;CEBPG;SUMO3;SUMO1;ILRUN;EDF1;TXN;RSF1;DOT1L
prerank,RNA Processing (GO:0006396),-0.325941819114616,-1.4824436443763618,4.477612e-03,5.731685e-01,1.000000e+00,50/167,18.71%,DNTTIP2;U2AF2;RBM8A;RBM3;MAGOH;TENT4B;RBM5;ADARB1;PRPF18;PPP1R9B;AKAP8L;RNPS1;RBM39;SLU7;PPP2CA;EXOSC10;RP9;HNRNPH1;SRSF9;PRKACA;FASTKD5;DUSP11;HNRNPL;PABPN1;NCBP1;TFIP11;SNRPD1;DHX8;NUDT21;FASTKD3;SRSF5;ALKBH5;CPSF6;ZCRB1;SRSF2;LSM1;FBXO11;SNRNP25;DEDD2;SF3A2;KIN;PRPF4B;FASTKD2;SRRM1;HNRNPUL1;DDX54;SF3B2;NRDE2;ZRSR2;METTL3
prerank,Cellular Response To Nutrient Levels (GO:0031669),-0.387723673828513,-1.4758571050076257,1.986755e-02,5.898428e-01,1.000000e+00,25/57,26.24%,MAP1LC3B;WDR45B;ULK1;STK24;CREBBP;PRKAG1;ATG7;FNIP1;FADS1;USP33;WIPI1;TFEB;MAPKAP1;PRKAG2;SREBF1;MLST8;ATG14;JMY;LAMP2;FLCN;TSC1;PRR5;KLF10;PRKAA1;RIPOR1
prerank,poly(A)+ mRNA Export From Nucleus (GO:0016973),-0.5045038638766823,-1.4757713125096072,5.272727e-02,5.813831e-01,1.000000e+00,5/17,8.24%,DDX19B;SARNP;PABPN1;NUP133;HHEX
prerank,Mitochondrion Disassembly (GO:0061726),-0.4482732947196681,-1.47488339712698,4.852686e-02,5.761223e-01,1.000000e+00,10/29,14.27%,MAP1LC3B;WDR45B;ATG7;GABARAPL1;FUNDC2;ATG2A;BECN1;WIPI1;USP30;PINK1
prerank,Negative Regulation Of Cation Channel Activity (GO:2001258),0.5028100438889067,1.4717304173911174,5.970149e-02,5.475200e-01,1.000000e+00,4/15,10.02%,PPP3CB;PPP3CC;UBQLN1;PPP3R1
prerank,Protein Processing (GO:0016485),-0.3832030745237684,-1.4711479964224559,2.597403e-02,5.829376e-01,1.000000e+00,19/58,18.59%,SDE2;FXN;CPD;RCE1;FURIN;METAP2;APH1A;TMEM208;PIDD1;CTSS;SPCS2;CASP4;SRGN;PCSK7;HTRA2;CLN3;XPNPEP3;HM13;OGT
prerank,Response To Nutrient Levels (GO:0031667),-0.5148069716063766,-1.4711404204575458,6.204380e-02,5.745653e-01,1.000000e+00,6/17,14.59%,ULK1;CREBBP;PRKAG1;MAPKAP1;PRKAG2;MLST8
prerank,Positive Regulation Of RNA Metabolic Process (GO:0051254),-0.44050125595797457,-1.46922291062048,4.593640e-02,5.747877e-01,1.000000e+00,7/30,11.97%,U2AF2;ZPR1;SUPV3L1;ERN1;PIK3R1;NFKB1;GRSF1
prerank,DNA-templated Transcription Elongation (GO:0006354),0.4344924092561568,1.467705766638396,5.603448e-02,5.505432e-01,1.000000e+00,12/24,23.01%,ELP4;PBRM1;TCEA2;CTR9;SUPT4H1;SRCAP;SUPT16H;CDC73;PCID2;POLR1E;LEO1;SUPT6H
prerank,Regulation Of mRNA Stability (GO:0043488),-0.3829831571213186,-1.4666975160496625,2.833333e-02,5.766751e-01,1.000000e+00,16/59,13.79%,MAPKAPK2;YTHDF2;VIM;YTHDF3;RBM38;TENT5A;YTHDF1;CIRBP;TENT5C;FASTKD5;PRKCA;TAF15;PCBP4;FASTKD3;NOCT;PAIP1
prerank,"Regulation Of Alternative mRNA Splicing, Via Spliceosome (GO:0000381)",-0.43089363348857035,-1.465558204898771,4.482759e-02,5.735368e-01,1.000000e+00,9/36,7.51%,RBM8A;MAGOH;RBM5;RBM38;RNPS1;PTBP1;TRA2B;SAP18;HNRNPL
prerank,Protein Targeting To ER (GO:0045047),-0.4752737362466503,-1.4648855280868402,5.820106e-02,5.684132e-01,1.000000e+00,8/23,13.31%,ZFAND2B;CHMP4A;SEC61G;SRP72;ZFAND2A;SRP54;SPCS2;GET4
prerank,Purine-Containing Compound Biosynthetic Process (GO:0072522),0.49872667727262193,1.462438002413489,6.359649e-02,5.573060e-01,1.000000e+00,8/16,24.88%,SLC4A7;PRPSAP2;ADSL;PRPS2;PFAS;SHMT2;GMPS;SHMT1
prerank,Regulation Of Release Of Sequestered Calcium Ion Into Cytosol (GO:0051279),-0.48423976433883376,-1.4618402965908388,6.603774e-02,5.728076e-01,1.000000e+00,5/20,10.58%,XCL1;PDE4D;CALM3;PRKACA;CALM1
prerank,Negative Regulation Of Stem Cell Population Maintenance (GO:1902455),0.4831359414732923,1.4613427778370942,5.301205e-02,5.503461e-01,1.000000e+00,3/17,2.10%,HDAC1;ZNF706;RBBP4
prerank,COPII-coated Vesicle Budding (GO:0090114),-0.42169198357435195,-1.4580958215636066,5.782313e-02,5.792410e-01,1.000000e+00,13/35,12.23%,RAB1A;SEC24C;TMED10;TRAPPC2L;TRAPPC6A;SEC24B;CSNK1D;CUL3;TBC1D20;TMED2;SEC24A;SEC13;TRAPPC5
prerank,Regulation Of Stress Fiber Assembly (GO:0051492),-0.40784026854426575,-1.456723205094545,3.819444e-02,5.774223e-01,1.000000e+00,17/42,24.72%,LIMK1;CDC42;INPP5K;RHOC;RAC1;PIK3R1;SLC9A1;SORBS3;S100A10;TESK1;EVL;ARHGEF10;PFN1;PAK1;TSC1;STMN1;ARAP1
prerank,mRNA Export From Nucleus (GO:0006406),-0.3803453983212937,-1.4563939492235223,1.946903e-02,5.711507e-01,1.000000e+00,13/57,11.91%,RBM8A;ALYREF;DDX19B;MAGOH;SARNP;THOC7;DDX39A;PABPN1;NUP133;NCBP1;HHEX;NCBP3;ALKBH5
prerank,Negative Regulation Of Cell Differentiation (GO:0045596),-0.34527086375805516,-1.4549746335227913,1.809211e-02,5.691593e-01,1.000000e+00,23/97,12.94%,YTHDF2;CRIM1;MAD2L2;TGFB1;SPRY2;CALR;PPP2CA;PTBP1;GATA3;ID2;LDLRAD4;BCL7B;TENT5C;BCL7C;NOTCH1;TRIB2;EPHA4;BMAL1;SDHAF2;HDAC9;ABCA5;NOCT;BRD9
prerank,Response To Amyloid-Beta (GO:1904645),0.49484650510436745,1.4536945887781254,5.504587e-02,5.564101e-01,1.000000e+00,7/16,13.23%,SNX6;ITGA4;ADRB2;ATP1A3;PSEN1;FCGR2B;NTRK1
prerank,Cellular Response To Amyloid-Beta (GO:1904646),0.49484650510436745,1.4536945887781254,5.504587e-02,5.564101e-01,1.000000e+00,7/16,13.23%,SNX6;ITGA4;ADRB2;ATP1A3;PSEN1;FCGR2B;NTRK1
prerank,Positive Regulation Of Cell Division (GO:0051781),-0.5083176387275183,-1.4536540927169865,8.655617e-02,5.665936e-01,1.000000e+00,5/16,13.40%,CDC42;CUL3;PKN2;GIPC1;CDC14A
prerank,Protein Insertion Into Mitochondrial Membrane (GO:0051204),-0.44200461304931143,-1.450838039810151,3.525046e-02,5.696443e-01,1.000000e+00,10/27,17.51%,TIMM8B;MTX1;NDUFA13;TOMM22;MOAP1;TIMM8A;TIMM22;TOMM5;TOMM40;ROMO1
prerank,Cilium Assembly (GO:0060271),0.30783680822115067,1.4493902842589446,1.400560e-02,5.613717e-01,1.000000e+00,52/128,27.89%,CILK1;ARF4;CEP250;EHD1;CCDC66;ACTR3;WDR54;MBD1;ARL13B;KIF3B;JHY;E2F4;NUDCD3;RILPL2;IFT57;CEP290;SEPTIN2;CEP20;WDPCP;BBS2;DYNLL1;PCNT;HDAC6;SCLT1;NME8;KIAA0586;TMEM216;IFT27;TBC1D31;DYNC2I1;CEP162;NPHP3;CEP89;PTPN23;DYNC2H1;RAB8B;ACTR2;BBS9;TCTN3;CEP126;IFT88;SEPTIN7;ATP6V1D;CFAP298;TMEM67;CPLANE1;CCDC65;IQCB1;TMEM250;TOGARAM1;RP2;TXNDC15
prerank,Protein Targeting To Mitochondrion (GO:0006626),-0.37918762997143174,-1.4452531617530195,2.802102e-02,5.840147e-01,1.000000e+00,17/55,18.17%,GRPEL2;TIMM17A;TIMM8B;TIMM23;MTX1;NDUFA13;TOMM22;GRPEL1;TIMM23B;TIMM8A;TIMM22;TOMM5;TSPO;TOMM40;ROMO1;TIMM21;PMPCA
prerank,Oxidative Phosphorylation (GO:0006119),-0.3743505862229682,-1.444824790958427,3.645833e-02,5.786726e-01,1.000000e+00,22/60,19.77%,NDUFB7;NDUFA1;NDUFC2;NDUFA13;NDUFB6;NDUFB8;NDUFA12;SDHB;NDUFB1;ATP5ME;NDUFA10;NDUFS6;NDUFB11;NDUFA9;NDUFS3;SDHA;NDUFV1;NDUFB9;UQCRC1;NDUFA5;NDUFS8;TEFM
prerank,"RNA Splicing, Via Transesterification Reactions With Bulged Adenosine As Nucleophile (GO:0000377)",-0.31649329550223,-1.4447089181284891,4.629630e-03,5.720548e-01,1.000000e+00,43/168,18.71%,SF3B6;U2AF2;RBM8A;FRG1;MAGOH;SRSF10;CRNKL1;RBM5;SNRNP27;CWC25;PHF5A;EFTUD2;RNPS1;SNW1;SYF2;BUD31;CWC15;SLU7;SNRPB2;TRA2B;PIN1;HNRNPH1;SRSF9;DDX39A;CTNNBL1;NCBP1;TFIP11;SNRPD1;DHX8;SRSF5;SRSF2;CDC5L;SF3A2;HNRNPM;PRPF4B;PPIH;SNIP1;SRRM2;SNU13;SRRM1;SF3B2;ZRSR2;METTL3
prerank,Positive Regulation Of Cytokinesis (GO:0032467),-0.5094878430775398,-1.4439059787390713,8.426966e-02,5.684448e-01,1.000000e+00,5/16,13.40%,CDC42;CUL3;PKN2;GIPC1;CDC14A
prerank,Response To Retinoic Acid (GO:0032526),-0.4711650500490164,-1.441903401162818,7.020548e-02,5.687988e-01,1.000000e+00,10/21,18.77%,SNW1;CDKN2D;NDUFA13;POLR2D;MICB;TWF2;LYN;HTRA2;ASXL1;TESC
prerank,Regulation Of Mitotic Metaphase/Anaphase Transition (GO:0030071),-0.4248244819113792,-1.4412701748522596,6.633499e-02,5.643583e-01,1.000000e+00,8/33,7.25%,BRD7;ARID1B;ANAPC15;ANAPC11;FBXO5;CUL3;BCL7B;BCL7C
prerank,Negative Regulation Of Kinase Activity (GO:0033673),0.38502744201910455,1.4411976759138034,5.188679e-02,5.795303e-01,1.000000e+00,10/40,9.07%,PPP2R5A;TAF7;TRIM27;PTPRC;HSPB1;CDKN1B;PAK2;GSKIP;TARBP2;QARS1
prerank,Transcription Initiation At RNA Polymerase II Promoter (GO:0006367),-0.3713415125810186,-1.4407216048864404,2.380952e-02,5.602612e-01,1.000000e+00,15/60,13.52%,MAZ;ELOA;MED10;TAF11;TAF10;ERCC3;MED30;POLR2D;POLR2G;ELOB;TAF4;MED4;TAF6L;MED19;CDK7
prerank,Carbohydrate Derivative Biosynthetic Process (GO:1901137),0.456867694193118,1.4398310087018684,5.922551e-02,5.736276e-01,1.000000e+00,4/20,9.95%,GOLPH3;TNIP1;RRM1;ALG6
prerank,Response To Cytokine (GO:0034097),-0.35610154779726677,-1.435420136774737,2.306425e-02,5.733446e-01,1.000000e+00,26/74,24.66%,SLC22A5;MAPKAPK2;MX2;GCH1;TIMP1;MAP2K7;DDOST;LGALS9;CASP3;PRKCA;IFNLR1;TNFRSF11A;NFKB1;ISG15;TLE5;IRAK1;REL;BST2;CDK9;RELB;PLSCR1;EIF2AK2;MX1;IFITM1;IKBKE;JAK3
prerank,Regulation Of Cell Morphogenesis (GO:0022604),-0.4799656911561389,-1.4319379689175789,6.629834e-02,5.805769e-01,1.000000e+00,9/19,26.01%,PDZD8;ZMYM3;CAMSAP1;CFL1;STRIP1;SPARC;ZRANB1;SH3D19;NTNG2
prerank,Protein Lipidation (GO:0006497),-0.3859047386683051,-1.4305757812762878,4.280822e-02,5.790263e-01,1.000000e+00,10/49,14.89%,MPPE1;ZDHHC18;WDR45B;PIGH;ATG7;SELENOK;ZDHHC14;WIPI1;ZDHHC3;DPM1
prerank,Transcription Elongation By RNA Polymerase II (GO:0006368),0.4232747558298877,1.4264087085306485,7.226107e-02,6.144267e-01,1.000000e+00,13/26,23.01%,ELP4;PBRM1;CTR9;SUPT4H1;IWS1;SRCAP;POLR2I;SUPT16H;CDC73;PCID2;LEO1;SART3;SUPT6H
prerank,Regulation Of Peptide Hormone Secretion (GO:0090276),0.464119833374574,1.4221062915532674,8.993576e-02,6.207630e-01,1.000000e+00,6/18,12.54%,PPP3CB;IFNG;HADHA;SLC25A22;UQCC2;PICK1
prerank,Regulation Of Cyclin-Dependent Protein Serine/Threonine Kinase Activity (GO:0000079),-0.38676334301680376,-1.42174882234035,5.564648e-02,6.058268e-01,1.000000e+00,17/45,17.30%,BCCIP;AKT1;CDKN2D;HEXIM1;SERTAD1;HHEX;LATS1;MNAT1;CDK5RAP1;CCNT1;PKD2;CDK7;CDC37;CCNT2;GTPBP4;HERC5;LATS2
prerank,Establishment Of Protein Localization To Membrane (GO:0090150),-0.4033772733986824,-1.420991495980887,5.993151e-02,6.020837e-01,1.000000e+00,13/41,15.84%,ZDHHC18;GORASP2;VPS37B;ZDHHC14;RFTN1;ZDHHC24;ZDHHC3;TAOK2;GOLGA7B;YIF1B;BRAF;MICALL1;RAB11B
prerank,Mitochondrial Cytochrome C Oxidase Assembly (GO:0033617),-0.4585330821606671,-1.4203011812833999,6.877323e-02,5.981953e-01,1.000000e+00,10/22,28.60%,PET100;COX19;SURF1;FASTKD3;COA1;COX16;TIMM21;STMP1;SCO1;COX20
prerank,Modulation By Host Of Symbiont Process (GO:0051851),-0.4262160474215601,-1.4200937723161517,4.873646e-02,5.927364e-01,1.000000e+00,10/31,13.14%,SAP30BP;CDC42;INPP5K;TAF11;SNW1;FASN;CCL4;CCNT1;CCL5;CHD1
prerank,Autophagy Of Nucleus (GO:0044804),-0.5063673616486355,-1.4182674907729445,8.378871e-02,5.940685e-01,1.000000e+00,5/15,11.13%,WDR45B;ULK1;ATG7;ATG2A;WIPI1
prerank,Double-Strand Break Repair Via Nonhomologous End Joining (GO:0006303),0.38111241041768235,1.4180432666725944,4.128440e-02,6.259995e-01,1.000000e+00,14/37,22.42%,XRCC5;PRKDC;XRCC6;CYREN;DCLRE1A;ERCC8;HELQ;UVRAG;MRE11;POLM;RNF8;POLL;ATM;SMARCAL1
prerank,Positive Regulation Of Lymphocyte Activation (GO:0051251),0.4361067679837837,1.4171096991185572,8.158508e-02,6.188144e-01,1.000000e+00,7/22,10.38%,NCKAP1L;PRKCQ;PRKDC;CD47;XRCC6;FCHO1;LCK
prerank,Regulation Of Macromolecule Metabolic Process (GO:0060255),0.32320195588616163,1.4165153009398486,1.639344e-02,6.107031e-01,1.000000e+00,17/84,6.95%,HMG20A;TRIM4;PTPRC;ZFP36L1;BMI1;TOB2;TOB1;MTMR4;COQ7;DAXX;NPAT;MARF1;UBAP2;ZNF683;HNRNPD;PSEN1;HIF1A
prerank,Positive Regulation Of Glucose Transmembrane Transport (GO:0010828),-0.5042620549484964,-1.4144766265735143,7.575758e-02,6.023515e-01,1.000000e+00,5/15,15.18%,AKT1;IRS2;RHOQ;PIK3R1;BRAF
prerank,Regulation Of Defense Response (GO:0031347),-0.36936319534466155,-1.4144136709626203,4.761905e-02,5.963690e-01,1.000000e+00,20/55,22.43%,XCL1;BCL6;BIRC2;SHPK;SBNO2;LRP8;N4BP1;BRD4;USP18;CASP4;NR1D2;SETD6;NLRP2;NFE2L2;HERC5;IRF1;BIRC3;AREL1;NLRP1;PARK7
prerank,Intrinsic Apoptotic Signaling Pathway In Response To Endoplasmic Reticulum Stress (GO:0070059),-0.46012170275568853,-1.4144025365078419,7.420495e-02,5.903372e-01,1.000000e+00,7/21,19.55%,ATF4;ERN1;BBC3;SELENOK;CASP4;BAG6;BAK1
prerank,Post-Translational Protein Modification (GO:0043687),-0.4046328634810569,-1.4136193452898393,5.526770e-02,5.872592e-01,1.000000e+00,10/38,14.69%,PKN1;UBE2M;RNF7;UCHL3;ESCO1;PRKCA;PRKCB;PARP6;PARP12;DCAF1
prerank,Regulation Of Cell Motility (GO:2000145),-0.37653807593605804,-1.4124658624025157,5.405405e-02,5.854818e-01,1.000000e+00,11/56,9.67%,PKN1;AKT1;LDB1;TGFB1;RAC1;GATA3;PIN1;PLXNA4;DAPK3;PKN2;PLXNA3
prerank,Cilium Organization (GO:0044782),0.3003829663266088,1.4124328171204186,5.847953e-03,6.162846e-01,1.000000e+00,53/133,27.89%,CILK1;ARF4;CEP250;EHD1;CCDC66;ACTR3;WDR54;MBD1;ARL13B;KIF3B;NUDCD3;RILPL2;IFT57;CEP290;SEPTIN2;CEP20;WDPCP;BBS2;PCNT;HDAC6;SCLT1;NME8;KIAA0586;TMEM216;IQCG;ARMC2;IFT27;CEP78;TBC1D31;DYNC2I1;CEP162;NPHP3;CEP89;PTPN23;DYNC2H1;RAB8B;ACTR2;BBS9;TCTN3;CEP126;IFT88;SEPTIN7;ATP6V1D;CFAP298;CCDC32;TMEM67;CPLANE1;CCDC65;IQCB1;TMEM250;TOGARAM1;RP2;TXNDC15
prerank,Establishment Of Protein Localization To Mitochondrion (GO:0072655),-0.39363912506803134,-1.4108276463883989,5.087719e-02,5.859021e-01,1.000000e+00,14/40,17.66%,GRPEL2;TIMM17A;AKT1;TIMM8B;TIMM23;TOMM22;GRPEL1;TIMM23B;TOMM5;PINK1;TSPO;TOMM40;ROMO1;TIMM21
prerank,Negative Regulation Of Transferase Activity (GO:0051348),-0.4303039411063513,-1.4089127012830058,7.093426e-02,5.869422e-01,1.000000e+00,6/28,6.75%,LIMK1;INPP5K;TERF1;IRS2;FBXO5;GSK3A
prerank,Actin Filament Polymerization (GO:0030041),-0.48609776103329116,-1.4082405370499282,7.334526e-02,5.835478e-01,1.000000e+00,5/17,3.67%,PSTPIP1;CORO7;TTC17;PREX1;RAC1
prerank,Canonical Wnt Signaling Pathway (GO:0060070),-0.4679225297079248,-1.4071191819906086,7.972270e-02,5.815816e-01,1.000000e+00,9/21,27.37%,TCF7;RYK;GATA3;FRAT2;FZD3;CSNK1E;NR4A2;RAB5A;GSK3B
prerank,Regulation Of Amyloid-Beta Formation (GO:1902003),-0.44601570745185737,-1.4063276657966384,5.545287e-02,5.789829e-01,1.000000e+00,6/24,8.15%,TMED10;IFNGR1;PIN1;GSK3A;CASP3;EPHA4
prerank,Small GTPase Mediated Signal Transduction (GO:0007264),0.3389705538931885,1.4060994677554106,3.631961e-02,6.300815e-01,1.000000e+00,12/66,7.79%,CCDC88C;G3BP1;ARHGAP30;RALGDS;RASGRP1;KRAS;KRIT1;RASGRP2;GRAP2;RALA;ARHGAP1;CDKN2A
prerank,Telomere Maintenance (GO:0000723),0.3452164578969692,1.405196115470553,4.950495e-02,6.233254e-01,1.000000e+00,12/56,9.71%,UCHL5;XRCC5;SMC6;PRKDC;RPA3;XRCC6;PTGES3;INO80D;RPA2;INO80B;PARP1;RUVBL1
prerank,Regulation Of MAPK Cascade (GO:0043408),0.31889341104777863,1.4028773349743757,2.487562e-02,6.223866e-01,1.000000e+00,18/89,6.11%,PTPRC;RASGRP1;STK4;ADRB2;TNIK;PHB2;LBH;MAP2K1;SOD1;STYX;APIP;NBR1;DUSP16;WDR54;GRAP2;ERBB2;PAK2;YWHAZ
prerank,Negative Regulation Of Calcium Ion Transmembrane Transporter Activity (GO:1901020),0.4564635841283724,1.4026699571877297,9.051724e-02,6.137478e-01,1.000000e+00,5/18,10.02%,PPP3CB;PPP3CC;THADA;UBQLN1;PPP3R1
prerank,Protein Import Into Nucleus (GO:0006606),0.34520146915498057,1.402511339082711,2.696078e-02,6.051580e-01,1.000000e+00,18/64,17.04%,KPNB1;PPP1R10;NUP62;KPNA3;STK4;NUP50;HIKESHI;STAT3;PHB2;RAN;EIF4ENIF1;CSE1L;IPO9;IPO8;IPO5;NUP188;APPL1;NUP85
prerank,NIK/NF-kappaB Signaling (GO:0038061),-0.44255484047521815,-1.401906771010635,7.857143e-02,5.896185e-01,1.000000e+00,8/25,18.89%,CREBBP;BIRC2;COPS8;NFKB1;IRAK1;REL;BIRC3;RELB
prerank,Regulation Of mRNA Processing (GO:0050684),-0.4088647372975759,-1.3989990233353575,6.099815e-02,5.946675e-01,1.000000e+00,13/31,19.43%,RBM8A;JMJD6;MAGOH;SRSF10;QKI;RBM39;NCBP1;LARP7;SLTM;SRRM1;CDK9;PAPOLA;CDK11B
prerank,Activation Of Cysteine-Type Endopeptidase Activity Involved In Apoptotic Process (GO:0006919),0.34994278576062265,1.3982949805900364,4.390244e-02,6.115079e-01,1.000000e+00,20/49,22.63%,S100A8;S100A9;CYCS;FAM162A;ANP32B;ATP2A3;CARD8;LCK;IFT57;VCP;DYNLL1;RACK1;LAPTM5;BCL2L13;F2R;SMAD3;CRADD;CASP8AP2;EIF2AK3;CASP2
prerank,Plasma Membrane Bounded Cell Projection Assembly (GO:0120031),0.28840248054361345,1.3974160847026849,5.540166e-03,6.052268e-01,1.000000e+00,56/155,24.11%,GOLPH3;CILK1;ARF4;TNIK;CEP250;EHD1;CCDC66;ACTR3;ARHGEF6;VCL;WDR54;MBD1;ARL13B;KIF3B;PIP5K1A;NUDCD3;RAP1B;S1PR1;RILPL2;IFT57;CEP290;SEPTIN2;CEP20;WDPCP;BBS2;PCNT;HDAC6;SCLT1;NME8;KIAA0586;TMEM216;IFT27;TBC1D31;FGD3;DYNC2I1;CEP162;MTSS1;NPHP3;CEP89;PTPN23;DYNC2H1;RAB8B;ACTR2;RAP1A;BBS9;EZR;TCTN3;CEP126;WHAMM;IFT88;SEPTIN7;ATP6V1D;ANO6;RAPGEF6;CFAP298;TMEM67
prerank,Transmembrane Receptor Protein Tyrosine Kinase Signaling Pathway (GO:0007169),-0.3269804242712998,-1.397257154133323,2.141680e-02,5.954228e-01,1.000000e+00,22/105,9.02%,MAPKAPK2;AKT1;RYK;IRS2;GALNT3;ARHGEF7;RAB14;VEGFB;RAPGEF1;DDIT4;RAC1;YES1;ALKAL2;RHOQ;PTPRJ;GSK3A;CASP3;EPHA4;MVP;SAMD10;PIK3R1;ZFYVE27
prerank,Regulation Of Cell-Substrate Adhesion (GO:0010810),-0.4591128401329077,-1.3966495335831115,6.871609e-02,5.919640e-01,1.000000e+00,8/21,28.85%,RAC1;NOTCH1;DMTN;TBCD;MINK1;TSC1;PIK3CB;RELL2
prerank,Positive Regulation Of Dephosphorylation (GO:0035306),-0.44602501120140203,-1.3963258340585318,7.635009e-02,5.876230e-01,1.000000e+00,11/23,21.46%,NSMF;CALM3;TGFB1;PTBP1;PIN1;PTPA;CALM1;RIPK3;PPP1R16B;CNEP1R1;CAMTA1
prerank,Recombinational Repair (GO:0000725),0.32680360853109985,1.3949223563677884,3.875969e-02,6.054395e-01,1.000000e+00,30/73,31.83%,RECQL;XRCC5;AP5S1;NSMCE3;SMC6;RPA3;XRCC6;PPP4C;RPA2;REV3L;RAD52;GEN1;HELQ;MRE11;SLF1;MORF4L1;POLL;RAD51C;SFR1;NUCKS1;BLM;YY1;SFPQ;SAMHD1;NSMCE2;RPA1;ERCC4;EID3;NSMCE1;ZMYND8
prerank,Embryonic Organ Development (GO:0048568),-0.4325683693677694,-1.3942982094747889,7.917384e-02,5.898687e-01,1.000000e+00,9/25,12.64%,ATF4;TGFB1;ZFPM1;ERCC3;GATA3;POLR2D;PBX4;TFEB;PKD2
prerank,mRNA Transport (GO:0051028),-0.37127499234994954,-1.3940835485095067,5.175601e-02,5.853052e-01,1.000000e+00,12/51,11.91%,RBM8A;ALYREF;DDX19B;MAGOH;SARNP;THOC7;DDX39A;NUP133;NCBP1;HHEX;NCBP3;ALKBH5
prerank,Response To Type II Interferon (GO:0034341),-0.3974694454778481,-1.3914282165561631,5.096661e-02,5.896318e-01,1.000000e+00,11/36,15.30%,SLC22A5;XCL1;GCH1;DAPK3;LGALS9;XCL2;GAPDH;CCL4;CALM1;CCL5;BST2
prerank,"Nuclear-Transcribed mRNA Catabolic Process, Nonsense-Mediated Decay (GO:0000184)",-0.42430570773908494,-1.3904124964782858,8.070175e-02,5.885309e-01,1.000000e+00,5/28,8.13%,RBM8A;MAGOH;ZC3H12A;RNPS1;NCBP1
prerank,Organophosphate Biosynthetic Process (GO:0090407),0.4258534752671711,1.3899569282580488,8.779443e-02,6.141965e-01,1.000000e+00,6/22,10.57%,DCK;TPK1;PIP5K1A;LPCAT1;GPHN;ITPKB
prerank,Regulation Of Autophagosome Maturation (GO:1901096),0.4748737500206791,1.3897828308527111,9.977827e-02,6.064042e-01,1.000000e+00,7/15,17.77%,TECPR1;ATG5;TBC1D25;CLEC16A;RUBCN;UVRAG;CALCOCO2
prerank,Regulation Of Osteoblast Differentiation (GO:0045667),-0.4158313753785521,-1.3882010994994467,8.141593e-02,5.914758e-01,1.000000e+00,8/29,12.74%,ATF4;CRIM1;TENT5A;FBXO5;PRKACA;NOTCH1;HDAC9;NOCT
prerank,Response To Interleukin-1 (GO:0070555),-0.3930684036923967,-1.386497458126038,5.643739e-02,5.926229e-01,1.000000e+00,11/37,13.03%,XCL1;ZC3H12A;LGALS9;XCL2;PRKCA;TNFRSF11A;CCL4;NFKB1;TLE5;CCL5;IRAK1
prerank,Regulation Of RNA Metabolic Process (GO:0051252),-0.34652250211758756,-1.3864022440362833,4.792332e-02,5.879347e-01,1.000000e+00,24/74,16.97%,YTHDF2;CLK3;TAF10;CCNL2;RBM38;PTBP1;TRA2B;CLK1;ZNF326;HNRNPH1;PQBP1;TADA2B;FAM50A;MCM2;HNRNPL;CLK4;GRSF1;ZC3H10;TAF6L;RBM12;OAS1;PTBP2;USP36;MBNL3
prerank,Extracellular Matrix Organization (GO:0030198),-0.4028015151951056,-1.3836699972403168,7.583774e-02,5.934528e-01,1.000000e+00,7/35,10.62%,MMP23B;TGFB1;FLOT1;FURIN;QSOX1;CTSS;ADAMTS10
prerank,Positive Regulation Of ERK1 And ERK2 Cascade (GO:0070374),-0.36095335732414485,-1.3811002825994287,5.369128e-02,5.973869e-01,1.000000e+00,25/60,22.52%,XCL1;TGFB1;SPRY2;FBXW7;GPR183;GLIPR2;MAP2K7;ALKAL2;LGALS9;XCL2;NOTCH1;PRKCA;TNFRSF11A;CCL4;CCL5;PRXL2C;DENND2B;HLA-DRB1;BRAF;ARRB1;SHC1;PHB1;ICAM1;CIB1;ARRB2
prerank,Peroxisome Organization (GO:0007031),0.44113643817155157,1.3804524455732563,1.101124e-01,6.316294e-01,1.000000e+00,11/20,32.29%,LONP2;PEX3;PEX14;PEX19;PEX16;ABCD3;PEX2;MFF;PEX1;ABCD4;ABCD2
prerank,Regulation Of Actin Filament Bundle Assembly (GO:0032231),-0.501435092061536,-1.3788718513705867,1.026616e-01,6.000041e-01,1.000000e+00,4/15,10.76%,LIMK1;CDC42;RAC1;SLC9A1
prerank,Intracellular Steroid Hormone Receptor Signaling Pathway (GO:0030518),0.4096806002418037,1.3775616242530162,1.090487e-01,6.335909e-01,1.000000e+00,8/26,12.38%,CALCOCO1;DAXX;DDX17;RNF14;WBP2;DDX5;UBR5;UBE3A
prerank,Chemokine-Mediated Signaling Pathway (GO:0070098),-0.49109353001499495,-1.3773260285222404,9.788868e-02,6.010073e-01,1.000000e+00,9/16,28.96%,XCL1;XCL2;CCL4;CCL5;LYN;STK39;CIB1;PTK2B;SH2B3
prerank,Protein K11-linked Ubiquitination (GO:0070979),0.40670456354801765,1.3771090043250598,8.064516e-02,6.268962e-01,1.000000e+00,5/24,7.94%,UBE2D4;UBE2H;ANAPC10;CDC26;UBE2B
prerank,Lysosomal Lumen Acidification (GO:0007042),-0.49334190582423604,-1.376018419149913,1.043643e-01,6.005825e-01,1.000000e+00,4/16,7.33%,TCIRG1;ATP6V1H;RNASEK;ATP6V0C
prerank,Fc Receptor Mediated Stimulatory Signaling Pathway (GO:0002431),-0.48787488882789254,-1.3757472492110754,1.038251e-01,5.967242e-01,1.000000e+00,6/16,21.07%,LIMK1;YES1;LYN;VAV3;PLA2G6;PAK1
prerank,Cellular Response To Tumor Necrosis Factor (GO:0071356),-0.34544924406640115,-1.3752994795771831,5.008078e-02,5.935209e-01,1.000000e+00,17/64,17.46%,INPP5K;XCL1;AKT1;ZC3H12A;COMMD7;GATA3;EIF5A;BIRC2;ACTN4;XCL2;TNFRSF11A;CCL4;IKBKB;CCL5;NFE2L2;TRAF1;BIRC3
prerank,Regulation Of Mitotic Cell Cycle Phase Transition (GO:1901990),-0.35477060576746866,-1.3735593168919653,5.351171e-02,5.952663e-01,1.000000e+00,17/60,18.83%,BRD7;ARID1B;PPP1R9B;CDKN2D;ERCC3;PPP2CA;ID2;CUL3;BCL7B;BCL7C;MNAT1;CDC14A;CDK7;PSME2;PSME1;DDB1;ARID1A
prerank,Regulation Of Blood Vessel Endothelial Cell Migration (GO:0043535),0.37766706618852725,1.3734134577012092,7.834101e-02,6.310278e-01,1.000000e+00,9/32,8.58%,MAPK14;ETS1;HSPB1;ATP2B4;PLCG1;HIF1A;STAT5A;AKT3;MECP2
prerank,Cellular Response To Interleukin-1 (GO:0071347),-0.3967786879538281,-1.3733697694498272,5.944056e-02,5.912086e-01,1.000000e+00,11/36,14.86%,XCL1;ZC3H12A;EGR1;TNIP2;XCL2;CCL4;NFKB1;IKBKB;CCL5;IRAK1;PLCB1
prerank,Regulation Of Cation Channel Activity (GO:2001257),-0.4928596251269554,-1.3731249519757032,9.778598e-02,5.873389e-01,1.000000e+00,4/15,10.58%,PDE4D;PRKACA;CTSS;CALM1
prerank,Cellular Response To Osmotic Stress (GO:0071470),0.44707428539681543,1.3726638164974665,9.662921e-02,6.254364e-01,1.000000e+00,7/18,20.14%,ZFP36L1;ARHGEF2;LRRC8D;ZFAND1;RCSD1;SERPINB6;MTOR
prerank,Regulation Of Telomere Maintenance Via Telomerase (GO:0032210),0.3504866918877955,1.3723228982065359,6.265060e-02,6.186733e-01,1.000000e+00,20/44,24.93%,XRCC5;TNIP1;PRKCQ;TCP1;CCT3;NEK7;CCT6A;PARN;MAP3K4;XRN1;FBXO4;CCT8;CCT7;CCT4;CCT2;ATM;CTNNB1;HMBOX1;NAT10;TENM1
prerank,Negative Regulation Of Telomere Maintenance Via Telomerase (GO:0032211),-0.478581708925298,-1.3716716486580138,9.660107e-02,5.877627e-01,1.000000e+00,3/16,4.48%,TENT4B;TERF1;EXOSC10
prerank,Negative Regulation Of Cell Growth (GO:0030308),-0.34020663213641694,-1.3705231723431677,4.817276e-02,5.870322e-01,1.000000e+00,25/72,22.09%,BCL6;PPP1R9B;ULK1;SERTAD2;TGFB1;CDKN2D;PPP2CA;NDUFA13;SERTAD3;PTPRJ;NAIF1;GSK3A;FBP1;CGRRF1;TSPYL2;NDUFS3;OSGIN2;RTN4R;BST2;SIPA1;DDX3X;ST20;PHB1;RNF6;FLCN
prerank,Negative Regulation Of Signal Transduction By P53 Class Mediator (GO:1901797),0.4635477010653248,1.3696106743445275,1.048035e-01,6.209698e-01,1.000000e+00,4/15,10.72%,ARMC10;RFFL;MARCHF7;PSMD10
prerank,Regulation Of Primary Metabolic Process (GO:0080090),-0.42547820404856695,-1.3676522079912916,8.952703e-02,5.930253e-01,1.000000e+00,8/26,15.19%,IRS2;SSH1;ID2;LACTB;EDF1;NR1D2;OPA3;CERS2
prerank,Response To Transforming Growth Factor Beta (GO:0071559),-0.4670288112416964,-1.3675432664103373,9.908257e-02,5.888350e-01,1.000000e+00,3/18,2.86%,XCL1;RUNX3;TGFB1
prerank,Negative Regulation Of Response To Endoplasmic Reticulum Stress (GO:1903573),0.43574416392620585,1.3671265610557595,8.314607e-02,6.218451e-01,1.000000e+00,8/19,18.56%,TMBIM6;BCL2L1;LPCAT3;SYVN1;PTPN1;RACK1;CREB3;SELENOS
prerank,Regulation Of DNA Damage Checkpoint (GO:2000001),0.4661035326549609,1.3664953603390477,1.108597e-01,6.162748e-01,1.000000e+00,8/15,31.72%,RPA2;TELO2;CCAR2;ETAA1;TTI1;THOC5;TTI2;BARD1
prerank,Cellular Response To Fibroblast Growth Factor Stimulus (GO:0044344),0.44082986736353647,1.3659718206486868,9.523810e-02,6.106925e-01,1.000000e+00,4/19,3.72%,CEP57;ZFP36L1;CHURC1;SETX
prerank,Neuron Differentiation (GO:0030182),-0.3634399623575344,-1.3658669031440231,7.770270e-02,5.903245e-01,1.000000e+00,15/50,16.04%,RUNX3;BCCIP;RYK;LDB1;DDIT4;ERCC3;PIN1;ID2;MYEF2;CASP3;IER2;PBX4;FZD3;HS6ST1;OPHN1
prerank,"mRNA Splicing, Via Spliceosome (GO:0000398)",-0.2922968712109078,-1.3652263597706653,2.121212e-02,5.879782e-01,1.000000e+00,47/197,18.71%,SF3B6;U2AF2;RBM8A;FRG1;MAGOH;SRSF10;CRNKL1;SDE2;RBM5;SNRNP27;CWC25;PHF5A;EFTUD2;RNPS1;SNW1;SYF2;BUD31;CWC15;SLU7;SNRPB2;TRA2B;PIN1;HNRNPH1;SRSF9;PQBP1;DDX39A;CTNNBL1;NCBP1;TFIP11;SNRPD1;DHX8;DDX1;SRSF5;SRSF2;CDC5L;SF3A2;HNRNPM;PRPF4B;PPIH;SNIP1;SRRM2;SNU13;SRRM1;SF3B2;GEMIN4;ZRSR2;METTL3
prerank,Autophagy Of Mitochondrion (GO:0000422),-0.38322601849356164,-1.3649346233862083,8.156607e-02,5.845620e-01,1.000000e+00,13/40,14.95%,MAP1LC3B;WDR45B;ATG7;GABARAPL1;FUNDC2;ATG2A;ATG4D;BECN1;WIPI1;ATG4B;USP30;PINK1;ATG14
prerank,Regulation Of Fibroblast Migration (GO:0010762),-0.46384011220398014,-1.3647184169949964,1.066908e-01,5.810486e-01,1.000000e+00,6/16,18.16%,ARHGEF7;TGFB1;RAC1;DMTN;GNA12;CLN3
prerank,Negative Regulation Of Cellular Component Organization (GO:0051129),-0.36778191927719167,-1.3638113467040367,6.007067e-02,5.798492e-01,1.000000e+00,9/47,9.05%,CDC42;LGALS3;RTEL1;ULK1;CARMIL2;SPRY2;DNAJB6;TFIP11;RIOK3
prerank,Regulation Of Intracellular Protein Transport (GO:0033157),0.3828965717886135,1.3629172127119584,9.882353e-02,6.142777e-01,1.000000e+00,11/32,15.55%,PDCD10;GCC2;MBD1;UHMK1;NDEL1;ZFAND1;CEP290;PTPN1;PCNT;PRR5L;VAMP2
prerank,Regulation Of Tumor Necrosis Factor-Mediated Signaling Pathway (GO:0010803),-0.4014562866157676,-1.3620073575036558,8.726003e-02,5.819937e-01,1.000000e+00,9/34,13.86%,MAPKAPK2;ULK1;MIB2;OTULIN;HIPK1;PPP2CB;IKBKB;CASP4;GSTP1
prerank,Cytokine-Mediated Signaling Pathway (GO:0019221),-0.3144189916105001,-1.3615344524969386,2.852615e-02,5.793438e-01,1.000000e+00,31/116,17.46%,XCL1;AKT1;CSNK2B;COMMD7;EGR1;TNIP2;EIF5A;BIRC2;PRKACA;PTPRJ;ACTN4;XCL2;LRP8;IL4R;TNFRSF11A;CCL4;P4HB;IL15RA;IKBKB;SOCS1;CCL5;IRAK1;OAS1;LYN;PLCB1;TYK2;IL21R;IL18;TRAF1;IL2RB;BIRC3
prerank,Glutamine Family Amino Acid Metabolic Process (GO:0009064),0.43709402487685395,1.3600394270849114,1.143498e-01,6.169005e-01,1.000000e+00,7/18,24.37%,NIT2;GCLM;MTHFS;ADSL;ALDH18A1;GLUD1;ALDH5A1
prerank,Regulation Of Cysteine-Type Endopeptidase Activity Involved In Apoptotic Process (GO:0043281),-0.37129690603926224,-1.354173178394297,8.116883e-02,6.005662e-01,1.000000e+00,13/49,18.01%,AKT1;CDKN2D;NDUFA13;CTSD;DNAJB6;BAD;FNIP1;TRIAP1;IFI6;LAMTOR5;NLRP2;DDX3X;HTRA2
prerank,Fat Cell Differentiation (GO:0045444),-0.3959221225580144,-1.3540193470567392,9.090909e-02,5.967265e-01,1.000000e+00,19/34,33.20%,CTBP1;METRNL;TMEM120A;SUMO1;ATF5;SLC39A13;SDF4;PER2;CTBP2;NR4A2;MED1;ERAP1;OSBPL11;EP300;ZNF516;CEBPA;ZBTB7A;AKT2;TCF7L2
prerank,Phosphatidylinositol 3-Kinase Signaling (GO:0014065),0.42240925813241353,1.3537603606417317,9.513742e-02,6.318805e-01,1.000000e+00,8/20,18.89%,PIK3CD;ZFP36L1;STAT3;PIK3CG;ERBB2;PIK3CA;PTEN;PIK3R2
prerank,Chordate Embryonic Development (GO:0043009),-0.4371297854912712,-1.353726090585043,1.061151e-01,5.935295e-01,1.000000e+00,7/22,13.20%,TGFB1;GATA3;POLR2D;DEAF1;ZNF358;PKD2;XYLT1
prerank,Regulation Of Cardiac Muscle Hypertrophy (GO:0010611),-0.48282167958167355,-1.3535214503212192,1.107011e-01,5.900374e-01,1.000000e+00,5/15,10.76%,RGS2;P2RX4;NOTCH1;PRKCA;SLC9A1
prerank,Organonitrogen Compound Biosynthetic Process (GO:1901566),0.329597329225847,1.3535111832930944,4.914005e-02,6.254873e-01,1.000000e+00,19/62,17.37%,GOLPH3;TNIP1;ELOVL6;ABHD3;GPAT4;TYW1;HACD2;KDSR;GPHN;LPCAT3;PCSK5;SLC44A2;TYW5;PRKD3;AKR1A1;ALAS1;TYW3;PPM1L;PRKD2
prerank,Positive Regulation Of Tumor Necrosis Factor Production (GO:0032760),0.3557023964066765,1.3534048240601428,7.263923e-02,6.186408e-01,1.000000e+00,12/47,14.55%,PTPRC;RASGRP1;STAT3;ARHGEF2;HSPB1;IFNG;PSEN1;RIPK1;HAVCR2;DDT;CD2;RIGI
prerank,Establishment Of Vesicle Localization (GO:0051650),0.45984079863788185,1.3513705669626848,1.101512e-01,6.188907e-01,1.000000e+00,3/15,2.99%,COPS5;RAB11A;SPG11
prerank,Protein Polymerization (GO:0051258),-0.3991699683559062,-1.3512340393312097,1.095652e-01,5.938051e-01,1.000000e+00,7/32,4.40%,PSTPIP1;CHMP4A;CORO7;TTC17;PREX1;RAC1;PIN1
prerank,Regulation Of BMP Signaling Pathway (GO:0030510),-0.4146980335328775,-1.3493795566201119,8.703072e-02,5.960110e-01,1.000000e+00,13/28,26.95%,CRIM1;RNF165;TRIM33;NOTCH1;SMURF1;ENG;SKIL;HIPK2;SORL1;RBPJ;UBE2O;SMURF2;UBE2D1
prerank,Ubiquitin-Dependent Protein Catabolic Process Via The Multivesicular Body Sorting Pathway (GO:0043162),-0.41894975146828833,-1.3458779072594722,1.093750e-01,6.044723e-01,1.000000e+00,10/28,16.56%,CHMP4A;VPS37B;PLAA;STAM;CHMP2B;RNF115;UBAP1;CHMP2A;VPS4A;SNF8
prerank,Positive Regulation Of Amyloid Precursor Protein Catabolic Process (GO:1902993),-0.48207220680738694,-1.3455118511675124,1.113173e-01,6.015764e-01,1.000000e+00,5/15,13.18%,IFNGR1;GSK3A;CASP3;EPHA4;LYN
prerank,Positive Regulation Of Transcription By RNA Polymerase I (GO:0045943),0.3807125566937954,1.3431876010412893,7.092199e-02,6.410543e-01,1.000000e+00,7/30,8.70%,UBTF;WDR75;SMARCA5;BAZ1B;PIH1D1;ERBB2;DEK
prerank,Regulation Of Stress-Activated MAPK Cascade (GO:0032872),0.37828754922212526,1.3429916275186315,1.000000e-01,6.347293e-01,1.000000e+00,12/33,20.01%,ARL6IP5;RASGRP1;PDCD10;COPS5;MAP2K1;NBR1;QARS1;TAOK1;FAS;TAOK3;TIRAP;KLHDC10
prerank,mRNA Destabilization (GO:0061157),-0.38856535228231515,-1.3398635270560835,9.756098e-02,6.174780e-01,1.000000e+00,7/36,10.01%,YTHDF2;YTHDF3;ZC3H12A;YTHDF1;CNOT1;AGO4;AGO2
prerank,Regulation Of Heart Contraction (GO:0008016),-0.44330371407195146,-1.339189342321097,1.042048e-01,6.156756e-01,1.000000e+00,6/20,10.58%,PDE4D;CALM3;P2RX4;PRKACA;GSK3A;CALM1
prerank,Regulation Of Cell Differentiation (GO:0045595),-0.3114072001715736,-1.337490639381962,5.331179e-02,6.173153e-01,1.000000e+00,24/111,12.94%,ATF4;GATAD2A;BRD7;ARID1B;RUNX3;TGFB1;ZNF268;PPP2CA;PTBP1;GATA3;MBD3;ID2;BIRC2;PRKACA;BCL7B;TENT5C;BCL7C;MCRIP1;CDK5RAP1;FADS1;TRPS1;MOSMO;NR1D2;BRD9
prerank,Generation Of Neurons (GO:0048699),-0.35738259633979097,-1.3374084126716752,8.045977e-02,6.134169e-01,1.000000e+00,11/50,10.04%,RUNX3;RYK;LDB1;MDGA1;DDIT4;RAC1;PIN1;MYEF2;CASP3;AUTS2;IER2
prerank,Regulation Of Cell Development (GO:0060284),-0.405864285171484,-1.3357275282550398,9.625668e-02,6.152794e-01,1.000000e+00,7/28,13.41%,YTHDF2;AKT1;BMAL1;HDAC9;HES6;BRD1;S100A10
prerank,Positive Regulation Of Tumor Necrosis Factor Superfamily Cytokine Production (GO:1903557),0.3488815122840237,1.3338819934273967,7.598039e-02,6.596953e-01,1.000000e+00,12/48,14.55%,PTPRC;RASGRP1;STAT3;ARHGEF2;HSPB1;IFNG;PSEN1;RIPK1;HAVCR2;DDT;CD2;RIGI
prerank,Regulation Of Plasma Membrane Bounded Cell Projection Assembly (GO:0120032),-0.3646674522629144,-1.3307487240406168,9.747899e-02,6.291447e-01,1.000000e+00,10/47,14.29%,CDC42;TWF1;RAC1;P2RX4;TBC1D2B;TBC1D20;DMTN;TWF2;ARF6;TBC1D10A
prerank,Mitotic Nuclear Division (GO:0140014),0.3816173770970652,1.329575499920084,9.216590e-02,6.683064e-01,1.000000e+00,8/31,13.66%,NSL1;NUP62;KIF3B;KLHL22;NDEL1;RAN;SMC1A;ZW10
prerank,Protein Deacylation (GO:0035601),0.4263648597900641,1.3276677427528922,1.286031e-01,6.681192e-01,1.000000e+00,7/19,21.38%,HDAC1;HDAC6;ABHD17C;ABHD17B;LYPLAL1;LYPLA1;SIRT5
prerank,Protein Stabilization (GO:0050821),-0.2918799029924327,-1.3263524485107292,4.510109e-02,6.414355e-01,1.000000e+00,53/153,22.53%,NAPG;PPIB;PDCL3;CALR;FLOT1;FBXW7;TNIP2;PIN1;PFDN1;COG3;HYPK;HCFC1;PFDN2;EPHA4;USP7;GNAQ;PIK3R1;PFDN4;GAPDH;SUMO1;PYURF;H1-5;USP33;URI1;MDM4;SEL1L;POLR2E;TYROBP;BAG3;CDK7;CDC37;RABL3;PINK1;ZNF207;LAMP1;BAG1;TBL1X;USP36;GTPBP4;P3H1;BAG6;BAG5;PFN1;TESC;RAB21;SOX4;CAMLG;LAMP2;PHB1;GLMP;PARK7;ATP1B3;TSC1
prerank,Positive Regulation Of Protein Targeting To Mitochondrion (GO:1903955),-0.40963268749724013,-1.3257163679107076,1.182994e-01,6.394114e-01,1.000000e+00,11/25,26.66%,FBXW7;PIN1;GSK3A;ARIH2;CSNK2A2;PINK1;USP36;HTRA2;PDCD5;VPS11;SAE1
prerank,Negative Regulation Of Protein Phosphorylation (GO:0001933),-0.32032996935940683,-1.3249304233434986,7.553366e-02,6.383076e-01,1.000000e+00,22/88,14.95%,NCK2;INPP5K;AKT1;PDE4D;DGKQ;CALM3;ZC3H12A;TGFB1;SPRY2;LDLRAD4;TRIB2;MVP;GNAQ;PMEPA1;CALM1;DMTN;PRKAG2;LYN;DNAJC3;GSTP1;TESK1;ATG14
prerank,"Positive Regulation Of mRNA Splicing, Via Spliceosome (GO:0048026)",-0.4707674195179325,-1.3246408172852078,1.468401e-01,6.352054e-01,1.000000e+00,6/17,8.13%,RBM3;SNW1;TRA2B;CIRBP;DAZAP1;NCBP1
prerank,Positive Regulation Of Proteasomal Protein Catabolic Process (GO:1901800),-0.33514002398576415,-1.3230331225083594,8.557047e-02,6.370117e-01,1.000000e+00,20/66,21.00%,RAD23A;FBXW7;CSNK1D;ELOB;DDA1;GSK3A;OSBPL7;TRIB2;AXIN1;RNF19B;ARIH2;SUMO1;TMEM259;HECTD1;CSNK1E;PIAS1;BAG6;PSMC2;PSMC3;RNF19A
prerank,protein-DNA Complex Assembly (GO:0065004),0.35259327490641834,1.3227570587275594,9.027778e-02,6.800189e-01,1.000000e+00,18/41,21.72%,H2BC15;NAP1L4;RBBP4;SMARCA5;CHAF1B;DAXX;ASF1A;HAT1;ATRX;NAP1L1;GTF2H5;NPM1;SUPT16H;BAZ1A;SSRP1;H2BC9;SART3;NASP
prerank,Protein Palmitoylation (GO:0018345),-0.42593471547593453,-1.3222519679635536,1.282051e-01,6.357181e-01,1.000000e+00,6/21,14.08%,ZDHHC18;SELENOK;ZDHHC14;ZDHHC24;ZDHHC3;GOLGA7B
prerank,Endoplasmic Reticulum To Golgi Vesicle-Mediated Transport (GO:0006888),-0.3090947671856062,-1.3218719136864825,6.331169e-02,6.330407e-01,1.000000e+00,23/100,14.57%,RAB1A;MPPE1;TFG;TRAPPC10;STX5;SEC24C;TMED10;TRAPPC2L;TRAPPC6A;SEC24B;COG3;CUL3;TBC1D20;TMED2;RAB2A;VTI1A;TMED4;SEC24A;SEC13;TRAPPC5;TMED1;STEEP1;YIF1B
prerank,Regulation Of Glucose Metabolic Process (GO:0010906),-0.4349958400940386,-1.3216942634156466,1.234991e-01,6.297799e-01,1.000000e+00,7/20,18.59%,AKT1;DGKQ;IRS2;FBP1;FOXK1;FOXK2;OGT
prerank,DNA Metabolic Process (GO:0006259),0.25739163028317047,1.321384716790337,1.294498e-02,6.782203e-01,1.000000e+00,44/235,13.22%,UCHL5;RECQL;XRCC5;NSMCE3;SMARCA5;PRKDC;HPF1;RPA3;XRCC6;RBMS1;PTGES3;DUT;MCM3;ISG20;INO80D;RFC5;PARP4;GTF2H1;DDB2;RFC4;ASF1A;RAN;RPA2;GTF2H3;TDP1;UBE2B;CNBP;INO80B;PARP1;TRRAP;RAD52;RUVBL1;RRM1;ATRX;VCP;LIG1;PARG;EP400;NAP1L1;REV1;MSH3;SMC1A;NPM1;RAD17
prerank,Regulation Of Ubiquitin-Protein Transferase Activity (GO:0051438),-0.4192831769647617,-1.318238864728537,1.197053e-01,6.381363e-01,1.000000e+00,9/24,17.77%,LIMK1;FBXW7;PIN1;FBXO5;AXIN1;TOPORS;PINK1;DTX3L;BAG5
prerank,Actin Polymerization Or Depolymerization (GO:0008154),-0.38886823793360403,-1.3172729938262706,1.118761e-01,6.377622e-01,1.000000e+00,9/32,12.76%,PSTPIP1;TWF1;CORO7;TTC17;PREX1;RAC1;MICAL3;CFL1;TWF2
prerank,Protein Insertion Into ER Membrane (GO:0045048),-0.40368377951461654,-1.316232904419381,1.205036e-01,6.377213e-01,1.000000e+00,11/27,21.45%,RAB5IF;WDR83OS;EMC6;EMC7;EMC10;GET4;NOMO1;NOMO2;TRAM2;CAMLG;TRAM1
prerank,Regulation Of Actin Cytoskeleton Organization (GO:0032956),-0.34668810170013753,-1.316093798760718,8.585859e-02,6.343129e-01,1.000000e+00,13/55,15.30%,ARHGDIA;CDC42;TWF1;CARMIL2;RAC1;DAPK3;RHOQ;DMTN;TWF2;TAOK2;TESK1;MLST8;BST2
prerank,Histone H2A Acetylation (GO:0043968),0.4186219882216126,1.3155479378850579,1.342593e-01,6.928364e-01,1.000000e+00,13/20,30.46%,MSL3;MORF4L2;BRD8;TRRAP;RUVBL1;EP400;MORF4L1;MRGBP;ACTL6A;NAA40;VPS72;EPC2;DMAP1
prerank,Transcription By RNA Polymerase III (GO:0006383),0.378106019155416,1.3142281677710277,1.002227e-01,6.905870e-01,1.000000e+00,16/27,34.17%,IVNS1ABP;ZFP36L1;ZC3H8;TBP;GTF3C2;ICE2;SNAPC3;GTF3C6;POLR3K;ICE1;GTF3C3;ZNF345;RO60;GTF3C1;GTF3A;SNAPC1
prerank,Protein Import Into Mitochondrial Matrix (GO:0030150),-0.4506885339207488,-1.3142236191663919,1.356239e-01,6.373735e-01,1.000000e+00,8/17,17.66%,GRPEL2;TIMM17A;TIMM23;GRPEL1;TIMM23B;TOMM40;ROMO1;TIMM21
prerank,tRNA Aminoacylation For Protein Translation (GO:0006418),0.370670284216406,1.3136630219592937,9.976798e-02,6.857478e-01,1.000000e+00,11/33,19.76%,DARS1;SARS1;QARS1;RARS2;EPRS1;CARS1;FARSA;IARS2;WARS2;TARS3;MARS2
prerank,Positive Regulation Of Notch Signaling Pathway (GO:0045747),0.4541720722130849,1.3123881088657818,1.488372e-01,6.832858e-01,1.000000e+00,5/15,17.74%,STAT3;PDCD10;TSPAN5;TSPAN14;EPN2
prerank,Regulation Of Protein-Containing Complex Disassembly (GO:0043244),0.4357742486549249,1.3115757977177411,1.330377e-01,6.793903e-01,1.000000e+00,6/16,13.54%,TECPR1;ATG5;BNIP3;TBC1D25;CLEC16A;HDAC6
prerank,Positive Regulation Of DNA Recombination (GO:0045911),0.33473945099006985,1.3114246338204891,7.311321e-02,6.731438e-01,1.000000e+00,22/44,30.60%,HDGFL2;HMCES;MORF4L2;BRD8;PARP1;TRRAP;RUVBL1;EP400;WRAP53;HELQ;ACTR2;TIMELESS;MORF4L1;MRGBP;ARID2;ACTL6A;KMT5C;VPS72;ERCC6;EPC2;DMAP1;MRNIP
prerank,Positive Regulation Of Epithelial Cell Proliferation (GO:0050679),-0.36299097175042633,-1.3109853535349405,1.151832e-01,6.452111e-01,1.000000e+00,9/41,9.34%,NME1;NRAS;AKT1;MYDGF;VEGFB;PDCL3;BAD;PRKCA;EMC10
prerank,Nuclear Export (GO:0051168),0.3345519928405826,1.310788127993458,8.816705e-02,6.690859e-01,1.000000e+00,8/44,8.22%,STRADA;XPO1;NUP62;CDKN1B;DESI1;RAN;RANBP3;CSE1L
prerank,Regulation Of Focal Adhesion Assembly (GO:0051893),-0.39237264810151584,-1.3101324422663976,1.114923e-01,6.444349e-01,1.000000e+00,8/32,13.41%,LDB1;RAC1;DAPK3;DUSP22;PTPRJ;SLC9A1;DMTN;S100A10
prerank,Organic Substance Transport (GO:0071702),0.30347633796514134,1.3101205254617336,7.989691e-02,6.649438e-01,1.000000e+00,25/78,22.60%,MIA3;ARL6IP5;HIKESHI;SCAMP1;TAP1;SNX18;SCAMP2;PSEN1;ATP2A3;CHMP1A;CEP290;PICK1;MFSD12;TPT1;VAMP2;NMUR1;ABCA2;SLC50A1;ARRDC3;SNX4;CD320;SLC29A3;SCAMP4;DENND10;NME4
prerank,Protein K63-linked Deubiquitination (GO:0070536),-0.40670703348963055,-1.3090043190940992,1.189189e-01,6.446867e-01,1.000000e+00,14/25,32.37%,USP33;OTUD4;USP25;YOD1;UIMC1;MPND;ZRANB1;BABAM2;CYLD;SPATA2;PSMD14;STAMBPL1;OTUD5;TNFAIP3
prerank,miRNA Processing (GO:0035196),0.3842010671219406,1.3074259009693248,1.261905e-01,6.680097e-01,1.000000e+00,11/29,21.30%,DDX5;HNRNPA2B1;DGCR8;TARBP2;BCDIN3D;TUT7;SPOUT1;SMAD3;DROSHA;ZC3H7A;PUM1
prerank,Regulation Of Transcription By RNA Polymerase III (GO:0006359),0.3896472215815076,1.306026220357279,1.379310e-01,6.665235e-01,1.000000e+00,14/24,30.61%,ZNF143;SMARCA5;ZC3H8;BAZ1B;DEK;DHX36;ICE2;MTOR;DDX21;ZNF76;TENM1;ICE1;ERCC6;ZNF345
prerank,Maturation Of SSU-rRNA (GO:0030490),-0.3897547396204709,-1.303998004358242,1.168142e-01,6.592014e-01,1.000000e+00,7/31,17.93%,DDX52;UTP3;NGDN;MRPS11;RIOK3;SNU13;TSR2
prerank,Regulation Of Cytokine-Mediated Signaling Pathway (GO:0001959),-0.38584496830841675,-1.3009609181959896,1.358025e-01,6.664729e-01,1.000000e+00,13/30,23.66%,MAPKAPK2;ULK1;MIB2;OTULIN;HIPK1;IKBKB;IRAK1;CDC37;VRK2;AGPAT2;PTPN2;TRIM44;IKBKE
prerank,Intracellular Protein Transmembrane Transport (GO:0065002),-0.3599482928157468,-1.3002546720804335,1.018998e-01,6.651914e-01,1.000000e+00,14/42,20.62%,GRPEL2;TIMM17A;ZFAND2B;TIMM23;SEC61G;SEC61B;SRP54;GRPEL1;TIMM23B;TOMM40;ROMO1;TIMM21;HSPA5;HYOU1
prerank,Proteolysis (GO:0006508),-0.2931118880461033,-1.2996266701966923,6.562500e-02,6.637415e-01,1.000000e+00,37/132,18.59%,CAPN15;SDE2;RNPEPL1;MMP23B;CPD;FURIN;CTSD;CAPN12;METAP2;ATG4D;CASP3;LRP8;PEPD;APH1A;LACTB;TPP1;CTSS;ADAMTS10;FBXL6;CTSW;ATG4B;CASP4;USP25;DPP3;SRGN;TBL1X;PCSK7;CAPN2;ADAM28;DPP9;PCOLCE;HTRA2;CLN3;NPEPL1;XPNPEP3;HM13;OGT
prerank,Cellular Response To Ketone (GO:1901655),0.42581671171145175,1.2995434302961744,1.529933e-01,6.841377e-01,1.000000e+00,12/19,35.02%,GOLPH3;PTGER2;CREB1;AKR1C3;ROCK2;SPHK2;PCK2;TRERF1;KLF9;MAP4K1;MSN;LARP1
prerank,tRNA Aminoacylation (GO:0043039),0.4151504593985501,1.2994323822581464,1.261261e-01,6.782581e-01,1.000000e+00,10/20,32.48%,QARS1;RARS2;EPRS1;IARS2;WARS2;MARS2;IARS1;VARS1;GATC;HARS2
prerank,Positive Regulation Of Phosphatidylinositol 3-Kinase Signaling (GO:0014068),-0.4054721695832675,-1.2993120941137053,1.400709e-01,6.611795e-01,1.000000e+00,11/24,28.99%,MAZ;MYDGF;BECN1;HCST;CCL5;IL18;IGF1R;PDGFD;FGFR1;SEMA4D;HCLS1
prerank,Nervous System Development (GO:0007399),-0.2878169350522513,-1.2969583122950485,5.076923e-02,6.659008e-01,1.000000e+00,38/151,19.26%,LIMK1;ATN1;CRIM1;RYK;PTS;LDB1;MDGA1;TGFB1;SLC2A1;COX7B;ENC1;MYLIP;NINJ2;ATXN10;SEMA4F;BTBD6;ARHGAP26;GMFB;ADNP2;TPP1;STMN3;TIMM8A;ZNF358;PKD2;GDF11;GSTP1;SDHA;MARCKSL1;BTBD2;EVL;OPHN1;RNF103;AHI1;TRAK1;UNC119;UTP11;JARID2;SOX4
prerank,Endosomal Transport (GO:0016197),0.2730063115991202,1.2961516718475412,5.420054e-02,6.841437e-01,1.000000e+00,51/142,26.43%,TRIM27;AP5S1;SNX6;VPS51;WASHC5;RAB10;EHD1;GCC2;SNX18;WASHC3;SNX27;PIKFYVE;SNX5;ARHGAP1;EPS15;SNX3;CLEC16A;SNX17;VPS35;BLOC1S1;RGP1;CHMP1A;BET1L;CLTC;SNX1;NSG1;DPY30;TMEM87B;ERC1;RCSD1;VPS16;BLTP1;PTPN23;SNX4;RAB29;ITSN2;EIPR1;PREPL;VTI1B;DENND10;AP5B1;TBC1D10C;EPS15L1;TBC1D10B;STX6;RAB6A;VPS4B;GOSR1;HGS;SQSTM1;BLOC1S2
prerank,Protein Dephosphorylation (GO:0006470),0.29840709165454227,1.2959879209173313,7.792208e-02,6.785174e-01,1.000000e+00,25/85,18.16%,PPP3CB;PPP2R5A;PPP3CC;PTPRC;PPP2R5D;DUSP16;PPP1CB;MTMR4;CTDSP2;DUSP18;UBLCP1;PPM1K;PPP2R5C;CTDSP1;NCK1;PTPRM;PPP3R1;MTMR6;PTPN1;DUSP1;PPM1B;PTEN;PPM1L;PPP1R15A;PPP1CC
prerank,mRNA Transcription By RNA Polymerase II (GO:0042789),-0.37953860023692226,-1.2954414678065853,1.225225e-01,6.677840e-01,1.000000e+00,9/31,13.41%,ATF4;TAF11;TAF10;ZBTB1;NCOA1;NCBP1;NCBP3;TAF4;S100A10
prerank,Positive Regulation Of Cell Cycle (GO:0045787),-0.37959111974494875,-1.2934176353477247,1.234568e-01,6.714177e-01,1.000000e+00,9/32,13.98%,ZPR1;AKT1;RAD23A;CALR;HCFC1;PKN2;PRKCA;PKD2;CCDC57
prerank,Maturation Of LSU-rRNA (GO:0000470),0.43338335869628825,1.2916798726350238,1.348315e-01,6.880830e-01,1.000000e+00,4/17,17.58%,DDX18;NSA2;PES1;RBM34
prerank,Negative Regulation Of Cell Cycle (GO:0045786),-0.3539586128275091,-1.2907893892989624,1.207207e-01,6.771936e-01,1.000000e+00,14/47,18.01%,RUNX3;HECA;TGFB1;GATA3;HEXIM1;HHEX;LATS1;CDK5RAP1;TSPYL2;GMNN;SUV39H1;SIPA1;LATS2;HTRA2
prerank,Positive Regulation Of Proteolysis (GO:0045862),-0.3742716567481177,-1.2904647476095767,1.339286e-01,6.744746e-01,1.000000e+00,13/36,24.27%,ZC3H12A;AURKAIP1;FURIN;NDUFA13;BAD;ASPH;CTSS;PINK1;TBC1D10A;OGT;BAK1;SNX9;SH3D19
prerank,RNA Export From Nucleus (GO:0006405),-0.3346466784740787,-1.2896771235405349,1.045045e-01,6.736339e-01,1.000000e+00,12/58,11.91%,RBM8A;ALYREF;DDX19B;MAGOH;SARNP;THOC7;DDX39A;NUP133;NCBP1;HHEX;NCBP3;ALKBH5
prerank,Cellular Response To Glucose Stimulus (GO:0071333),-0.43018414867171284,-1.2889889109260344,1.613475e-01,6.724991e-01,1.000000e+00,10/19,27.90%,ERN1;TRA2B;PRKACA;SELENOT;RAB11B;IGF1R;SOX4;ZNF236;PRKAA1;RAB11FIP2
prerank,Regulation Of Peptidyl-Tyrosine Phosphorylation (GO:0050730),-0.3668593525267834,-1.2889125129556285,1.333333e-01,6.690447e-01,1.000000e+00,9/37,11.96%,RAP2C;DGKQ;CD81;TGFB1;PDCL3;PTPRJ;LRP8;DMTN;TNK2
prerank,Protein Autoubiquitination (GO:0051865),0.3305906249629564,1.288711940983923,1.153846e-01,6.924189e-01,1.000000e+00,17/49,20.60%,UBE2D2;RNF146;NFX1;DDB2;UBE2B;MARCHF7;ERCC8;KLHL24;UBE3A;OBI1;ITCH;RNF10;RNFT1;RNF185;LRSAM1;RNF8;RAD18
prerank,Nucleosome Assembly (GO:0006334),0.34595534426277536,1.2876865404102713,1.113636e-01,6.901165e-01,1.000000e+00,17/39,21.72%,H2BC15;NAP1L4;RBBP4;SMARCA5;CHAF1B;DAXX;ASF1A;HAT1;ATRX;NAP1L1;NPM1;SUPT16H;BAZ1A;SSRP1;H2BC9;SART3;NASP
prerank,Negative Regulation Of Neuron Apoptotic Process (GO:0043524),0.3755246507420469,1.286767405549582,1.081081e-01,6.872772e-01,1.000000e+00,8/28,14.83%,SNX6;SOD1;IL27RA;HIF1A;CX3CR1;NTRK1;RASA1;F2R
prerank,Nucleosome Organization (GO:0034728),0.31909883345729395,1.285958337938972,9.839817e-02,6.843323e-01,1.000000e+00,22/57,23.01%,H2BC15;NAP1L4;RBBP4;SMARCA5;SMARCC2;CHAF1B;DAXX;ASF1A;HAT1;ATRX;SMARCC1;NAP1L1;NPM1;SUPT16H;BAZ1A;SSRP1;H2BC9;ARID2;SART3;NASP;HMGA1;SUPT6H
prerank,Cholesterol Transport (GO:0030301),-0.4165046739741635,-1.2857573437387704,1.663480e-01,6.764404e-01,1.000000e+00,6/22,15.50%,NPC2;STARD4;STARD3;ABCA5;VPS4A;ABCA7
prerank,ERBB Signaling Pathway (GO:0038127),-0.4137884400865517,-1.2856335080352983,1.757246e-01,6.732260e-01,1.000000e+00,8/23,19.05%,NCK2;AKT1;TGFB1;MVP;CUL5;BRAF;SHC1;AREG
prerank,Response To Unfolded Protein (GO:0006986),0.35555524195612476,1.2833252491509393,1.369193e-01,6.880229e-01,1.000000e+00,6/34,4.02%,HSPA4;TM7SF3;HSPH1;TMBIM6;HSPB1;DAXX
prerank,Regulation Of Response To External Stimulus (GO:0032101),-0.3287693789683585,-1.283197667843678,9.075630e-02,6.781217e-01,1.000000e+00,19/66,17.46%,XCL1;BCL6;STK24;BIRC2;P2RX4;SHPK;SBNO2;LRP8;N4BP1;BRD4;USP18;CASP4;NR1D2;SETD6;NLRP2;NFE2L2;HERC5;IRF1;BIRC3
prerank,Axon Guidance (GO:0007411),-0.367265195357256,-1.2827237469372395,1.294719e-01,6.759887e-01,1.000000e+00,12/40,16.04%,RYK;RNF165;RAC1;PLXNA4;NCAM1;NOTCH1;SEMA4F;EPHA4;PLXNA3;USP33;TRIO;OPHN1
prerank,Microtubule Bundle Formation (GO:0001578),0.4302608730665747,1.2773431835145777,1.582569e-01,7.040700e-01,1.000000e+00,11/17,33.59%,CCDC66;JHY;CDK5RAP2;MAP1S;SPAST;TOGARAM1;NUMA1;CLIP1;CCSER2;LRRC43;SPAG16
prerank,mRNA Metabolic Process (GO:0016071),-0.31706390346685426,-1.2758252737823912,1.041667e-01,6.973187e-01,1.000000e+00,19/71,14.97%,U2AF2;YTHDF2;PRPF18;AKAP8L;ERN1;SRSF9;PRKACA;NCBP1;AGO4;NUDT21;SRSF5;HNRNPAB;ALKBH5;CPSF6;SRSF2;FBXO11;ATXN2L;SF3A2;KIN
prerank,Proteoglycan Biosynthetic Process (GO:0030166),-0.4225054133958831,-1.274282009948173,1.557971e-01,6.993117e-01,1.000000e+00,9/20,24.09%,FAM20B;SLC35D2;EXT1;XYLT1;B3GAT3;CHST10;CHST11;CANT1;B4GALT7
prerank,protein-DNA Complex Disassembly (GO:0032986),0.4439474582916966,1.274241751641282,1.655773e-01,7.096729e-01,1.000000e+00,6/15,22.41%,SMARCC2;SMARCC1;SUPT16H;SSRP1;ARID2;HMGA1
prerank,Regulation Of Peptidyl-Serine Phosphorylation (GO:0033135),-0.33993907682428126,-1.2724387491448006,1.171477e-01,7.024732e-01,1.000000e+00,14/49,16.28%,NCK2;INPP5K;MAD2L2;AKT1;PDE4D;TGFB1;SPRY2;FNIP1;AXIN1;LATS1;DMTN;PINK1;BRAF;RIPK2
prerank,Regulation Of Protein Localization To Nucleus (GO:1900180),-0.3601697415942635,-1.271218782259211,1.385135e-01,7.035067e-01,1.000000e+00,13/37,17.30%,TGFB1;BYSL;CREBBP;PIN1;SUMO3;LATS1;ILRUN;LAMTOR5;KAT7;TESK1;DTX3L;TYK2;LATS2
prerank,Positive Regulation Of Protein Dephosphorylation (GO:0035307),-0.38414140813896525,-1.2677821556383555,1.722222e-01,7.123605e-01,1.000000e+00,11/28,21.46%,NSMF;CALM3;TGFB1;PTBP1;PIN1;PTPA;CALM1;GNA12;PPP1R16B;CNEP1R1;CAMTA1
prerank,Protein Modification Process (GO:0036211),-0.2487781576050104,-1.2676384041731967,1.874163e-02,7.091477e-01,1.000000e+00,108/469,17.47%,LIMK1;CSNK1G2;PKN1;PTPN7;CTBP1;SIK3;MAPKAPK2;PIGT;DUSP12;CLK3;UBE2M;RUNX3;RNF7;RPN2;GRK2;AKT1;TAF11;WDR45B;RABGGTA;RYK;TAF10;GMFG;CSNK2B;ULK1;TGFB1;STK24;GRK6;RCE1;ILKAP;PPP2CA;PIGH;ERN1;MAPK9;BRD2;PFDN1;PRKAG1;FAM20B;CSNK1D;ATG7;SSH1;YES1;COG3;UCHL3;PRKACA;METAP2;DAPK3;DDOST;MGAT4B;HIPK1;PTAR1;PTPRJ;GSK3A;COPS8;ATG4D;MKNK2;PPP2CB;PKN2;DUSP11;PRKCA;TRIB2;PIGS;EPHA4;BECN1;LATS1;GPAA1;MKNK1;UST;GMFB;SDHAF2;HCST;PRKCB;CSNK2A2;TAF4;IKBKB;WIPI1;PIM3;CCNT1;MAN2A2;ATG4B;UBE2S;CDK16;FBXO11;IRAK1;PRKAG2;LYN;KAT7;USP25;MGAT4A;TAOK2;MSRA;PINK1;DCAF1;ATG14;RIPK3;BRAF;ABCA7;PRPF4B;PDXP;RABGGTB;ATR;CSNK1E;PPM1D;P3H1;STK39;LATS2;TRIOBP;VRK2;ALG5
prerank,Anaphase-Promoting Complex-Dependent Catabolic Process (GO:0031145),-0.4322504931153832,-1.2675402949099372,1.700680e-01,7.058589e-01,1.000000e+00,5/17,12.39%,ANAPC15;ANAPC11;CUL3;FBXO31;UBE2S
prerank,Protein Modification By Small Protein Conjugation (GO:0032446),-0.2634540080535185,-1.267370263912221,4.335260e-02,7.028436e-01,1.000000e+00,95/263,27.24%,ZNF598;SDE2;CBX4;UBE2M;RNF7;BRAP;MARCHF6;RNF181;FBXW7;ANAPC11;ENC1;CRBN;TRIM33;UBR1;URM1;ATG7;MIB2;OTULIN;CUL3;UCHL3;CAND1;MYLIP;COPS8;SUMO3;BSPRY;COPS3;MSL2;FBXO9;ZMIZ1;ZSWIM8;MARCHF3;RNF115;USP7;NSMCE4A;UBB;ARIH2;ZNF451;VCPIP1;SUMO1;ISG15;CUL5;TOPORS;HDAC9;FBXL5;MDM4;UBA1;UBA6;FBXO11;UFC1;RBBP6;PINK1;KLHL2;COPS7B;CHFR;NFE2L2;UFM1;RNF103;HERC5;SMURF1;ARRB1;PIAS1;UBE2I;DDB1;ARRDC1;RNF138;ANKRD9;PCNP;COPS4;SKP1;AREL1;TRIM28;RNF6;ARRB2;FBXW8;UBE2L6;HERC4;TRIM44;STX1A;SMC5;TRPC4AP;SLF2;MARCHF2;MUL1;SMURF2;VPS11;WWP2;TRIM21;FBXO45;DCUN1D2;SAE1;RNF126;MKRN1;FBXO32;CUL1;CDC34
prerank,Regulation Of Protein Dephosphorylation (GO:0035304),-0.370749740591936,-1.2638200523386232,1.520572e-01,7.122815e-01,1.000000e+00,15/34,23.12%,NSMF;PPP6R1;CALM3;TGFB1;PTBP1;PIN1;PPP6R2;PTPA;CALM1;TIPRL;PPP1R16B;CNEP1R1;CAMTA1;TSC1;HTT
prerank,Negative Regulation Of Autophagy (GO:0010507),0.3285385245030424,1.2628389187698446,1.259080e-01,7.469651e-01,1.000000e+00,21/44,31.48%,TRIM27;RRAGA;STAT3;IL10RA;KLHL22;MCL1;CTSA;RUBCN;PIK3CA;EIF4G1;RRAGB;EIF4G3;MTOR;CPTP;PTPN22;BCL2;EIF4G2;WDR6;TBC1D14;KDM4A;MTMR9
prerank,Negative Regulation Of G1/S Transition Of Mitotic Cell Cycle (GO:2000134),0.4189013016243394,1.2625433940643296,1.780220e-01,7.416912e-01,1.000000e+00,9/17,20.82%,RBL2;CRLF3;PRMT2;CDK2AP2;JADE1;PTEN;CDC73;DLG1;RB1
prerank,Sister Chromatid Segregation (GO:0000819),0.39915716502587245,1.2616136391549972,1.797235e-01,7.390928e-01,1.000000e+00,9/21,29.00%,NSL1;KLHL22;RAN;SMC1A;ZW10;RB1;NDC80;CENPK;NCAPG2
prerank,Cellular Response To Type II Interferon (GO:0071346),-0.37397255566162063,-1.260916785131104,1.388401e-01,7.196248e-01,1.000000e+00,11/31,17.29%,XCL1;IFNGR1;DAPK3;LGALS9;XCL2;GAPDH;CCL4;CALM1;CCL5;TYK2;IRF1
prerank,Negative Regulation Of BMP Signaling Pathway (GO:0030514),-0.4517864029305825,-1.2605858756688293,1.795332e-01,7.171319e-01,1.000000e+00,9/17,26.95%,CRIM1;TRIM33;NOTCH1;SMURF1;SKIL;HIPK2;SORL1;SMURF2;UBE2D1
prerank,tRNA Processing (GO:0008033),0.3347581150768622,1.2586316330912015,1.301205e-01,7.449300e-01,1.000000e+00,15/45,18.03%,TRNT1;RTCB;SARS1;SSB;METTL2B;DTWD1;NSUN2;ZBTB8OS;FAM98A;METTL6;POP7;ELAC1;ELAC2;RPP21;ANKRD16
prerank,Double-Strand Break Repair Via Homologous Recombination (GO:0000724),0.28606689244089006,1.258465294071375,8.031088e-02,7.395578e-01,1.000000e+00,32/85,31.83%,RECQL;AP5S1;NSMCE3;SMC6;RPA3;MCM3;PPP4C;RPA2;REV3L;RAD52;ATRX;GEN1;HELQ;MRE11;SLF1;MORF4L1;POLL;RAD51C;NIPBL;SFR1;NUCKS1;BLM;YY1;SFPQ;SAMHD1;NSMCE2;MCM6;RPA1;ERCC4;EID3;NSMCE1;ZMYND8
prerank,Ras Protein Signal Transduction (GO:0007265),-0.30013545712241374,-1.2569184275011578,1.030405e-01,7.277554e-01,1.000000e+00,13/89,4.95%,ARHGAP4;LIMK1;ARHGDIA;RAP2C;NRAS;FARP2;BRAP;GNB1;RAPGEF1;SOS2;RAC1;GNA13;MYO9B
prerank,Inorganic Anion Transmembrane Transport (GO:0098661),0.3913556680975464,1.256231535110648,1.557018e-01,7.423699e-01,1.000000e+00,5/21,11.92%,SLC20A1;SLC26A2;SLC1A7;SLC12A6;CLCN3
prerank,Protein Transport (GO:0015031),0.24448155597985458,1.2558861033743873,4.276316e-02,7.376238e-01,1.000000e+00,53/236,15.55%,GOLPH3;TLK1;MIA3;ARL6IP5;ARF4;PREB;SNX6;HIKESHI;IL10RA;ARHGEF2;SCAMP1;RAB10;STX2;EHD1;PRF1;GCC2;VPS33A;SNX18;DNAJC19;KIF3B;SNX27;GSDMD;USO1;ARCN1;TVP23B;SCAMP2;ARHGAP1;YWHAH;MYO6;SLC10A7;HERC2;CTSA;STXBP3;SNX17;VPS35;CHMP1A;COG7;CLTC;SNX1;CEP290;ARFIP1;TMEM167A;SNX8;BBS2;BLZF1;PICK1;NPM1;HDAC6;LAPTM5;RAB28;IFT27;COPB2;VAMP2
prerank,Interstrand Cross-Link Repair (GO:0036297),0.3750888477062338,1.2547062537150522,1.701149e-01,7.364003e-01,1.000000e+00,15/24,35.89%,DCLRE1A;FAAP20;VCP;FANCF;ERCC6L2;RNF8;NUCKS1;FANCI;FANCG;FAAP100;ERCC4;FANCA;MCM8;CENPX;FANCC
prerank,Regulation Of Phosphatase Activity (GO:0010921),-0.44931243110139335,-1.2541950124352474,1.928571e-01,7.341031e-01,1.000000e+00,8/15,23.12%,PPP6R1;PPP6R2;PTPA;URI1;TIPRL;RIPK3;TSC1;HTT
prerank,Regulation Of Reactive Oxygen Species Metabolic Process (GO:2000377),0.3593729247447963,1.2530667059666902,1.480638e-01,7.365506e-01,1.000000e+00,7/31,12.10%,TGFBR2;MAPK14;ARF4;COQ7;PIKFYVE;RIPK1;STK17A
prerank,Double-Strand Break Repair (GO:0006302),0.2641712885712095,1.2518683121348761,6.233062e-02,7.351859e-01,1.000000e+00,36/132,23.87%,RECQL;XRCC5;TDP2;AP5S1;NSMCE3;SMC6;PRKDC;HPF1;RPA3;XRCC6;SETX;PPP4C;CYREN;RPA2;TDP1;REV3L;DCLRE1A;PARP1;RAD52;VCP;GEN1;HELQ;MRE11;SLF1;POLM;MORF4L1;RNF8;MRPL36;POLL;RAD51C;ATM;SMARCAL1;SFR1;NSD2;SMARCAD1;NUCKS1
prerank,Negative Regulation Of Macromolecule Metabolic Process (GO:0010605),0.27554371848892667,1.2514802567776788,7.812500e-02,7.309358e-01,1.000000e+00,21/99,11.01%,CNOT7;HDAC1;PRKAR1A;STAT3;PDCD10;RBL2;DIP2A;DAXX;IFNG;CITED2;AP1AR;ATP2B4;PSEN1;HIF1A;BMPR1A;SETDB2;PARP10;MECP2;CHMP1A;HAVCR2;NDFIP1
prerank,Positive Regulation Of Transcription Elongation By RNA Polymerase II (GO:0032968),-0.34670165586701546,-1.2513076521127386,1.490468e-01,7.416746e-01,1.000000e+00,14/41,21.52%,MED10;PWWP2B;MED30;NCBP1;ELL;EAPP;MED4;CCNT1;MED19;CDK9;MED17;CDK12;TCERG1;MED6
prerank,Granulocyte Chemotaxis (GO:0071621),0.3649969689486903,1.2497324701142227,1.651584e-01,7.316381e-01,1.000000e+00,7/29,5.44%,S100A8;PIK3CD;S100A9;NCKAP1L;PIK3CG;CXCR2;PIKFYVE
prerank,RNA Splicing (GO:0008380),-0.29897823388752676,-1.249429067665942,1.086262e-01,7.449229e-01,1.000000e+00,25/92,20.30%,RBM8A;MAGOH;SRSF10;PRPF18;PPP1R9B;RNPS1;SLU7;PPP2CA;TRA2B;SMNDC1;RP9;NCBP1;SNRPD1;DHX8;ZCRB1;SRSF2;LSM1;SNRNP25;PRPF4B;SRRM1;SF3B2;NRDE2;ZRSR2;CDK12;TCERG1
prerank,Cellular Component Assembly (GO:0022607),-0.2835823452292656,-1.2493314875824546,1.023622e-01,7.416034e-01,1.000000e+00,23/124,11.85%,NAPG;CDC42;YTHDF2;YTHDF3;GORASP2;CSNK2B;TGFB1;CREBBP;BBLN;SLC2A1;YTHDF1;ELOB;AXIN1;QSOX1;BECN1;GPAA1;ZFYVE27;VCPIP1;MNAT1;CAPZA2;TAPBP;MDM4;DMTN
prerank,Energy Derivation By Oxidation Of Organic Compounds (GO:0015980),-0.37516299759248295,-1.248823033538187,1.640489e-01,7.398555e-01,1.000000e+00,11/29,19.91%,COX7B;UQCR11;COX5B;NDUFA4;COX6A1;UQCRQ;CHCHD5;COX8A;COX7A2;UQCRC1;COX5A
prerank,Protein Homotetramerization (GO:0051289),0.3702841713095767,1.248414583518214,1.490385e-01,7.310744e-01,1.000000e+00,4/26,3.33%,ALDH9A1;GBP5;CRYZ;APIP
prerank,Chromatin Organization (GO:0006325),0.24406483396492196,1.2478091406857554,5.572755e-02,7.275723e-01,1.000000e+00,46/215,14.01%,UCHL5;HDAC1;HDGFL2;HMG20A;H2BC15;NAP1L4;RBBP4;GATAD1;BMI1;SMARCA5;BAZ1B;PBRM1;EZH1;SMARCC2;CHAF1B;HCFC2;DAXX;INO80D;PIH1D1;HDAC8;ZNF274;NUDT5;ASF1A;ANP32B;SUPT4H1;PARP10;HDAC5;CBX3;HAT1;INO80B;DEK;EHMT1;PHF19;RUVBL1;ATRX;HMGN4;IWS1;GET1;PSIP1;KDM4B;SMARCC1;NAP1L1;NPM1;KAT2A;KDM5A;BCOR
prerank,Response To Estrogen (GO:0043627),0.406535824658671,1.2473543783169705,1.801802e-01,7.237205e-01,1.000000e+00,7/18,22.99%,SERPINB9;WBP2;CITED2;TRIM24;ASH2L;SFR1;RARA
prerank,Regulation Of Cell Migration (GO:0030334),-0.2684319738808727,-1.247010329995597,8.108108e-02,7.430854e-01,1.000000e+00,53/191,23.59%,ARHGAP4;MAZ;CDC42;RAP2C;ADARB1;AKT1;YTHDF3;LDB1;TGFB1;STK24;ZNF268;RHOC;CARMIL2;SPRY2;RAC1;PLXNA4;DUSP22;LDLRAD4;PTPRJ;ACTN4;NOTCH1;SEMA4F;PRKCA;EPHA4;ELP5;SPAG9;PLXNA3;SAP30L;CCL5;CD151;BST2;GNA12;GTPBP4;ELP6;UBE2I;PODN;CLN3;ENG;OGT;IGF1R;HSPA5;PRKX;MINK1;PAK1;SNAI1;TMSB10;BRMS1;FLCN;CIB1;SORL1;TCAF1;ULK4;IFITM1
prerank,Golgi To Vacuole Transport (GO:0006896),-0.45060791182084853,-1.2452788500347982,1.930147e-01,7.461035e-01,1.000000e+00,8/15,22.49%,AP3D1;GAK;VTI1A;VPS54;LAMP1;EHD3;CLN3;AP1G1
prerank,Regulation Of Cell Cycle (GO:0051726),-0.2645831049343131,-1.2443000256447538,6.787330e-02,7.461878e-01,1.000000e+00,55/212,20.58%,CTBP1;GADD45B;ZPR1;YY1AP1;BRD7;ADARB1;RUNX3;PPP1R9B;INO80E;ANAPC15;CCNL2;MX2;TGFB1;ZNF268;RAD23A;CALR;GATA3;ANAPC11;JUND;HBP1;FBXO5;ING3;BIRC2;PRKACA;DAPK3;HCFC1;EPC1;MCM2;BMAL1;TSPYL2;YWHAE;GADD45G;PIM3;CKS1B;YEATS2;PKD2;KAT7;ZBTB49;CDK7;GMNN;SUV39H1;SIPA1;RNF40;IRF1;BIRC3;HTRA2;CDK9;FIGNL1;METTL3;HIPK2;NFRKB;CDK11B;MBIP;INO80C;PER2
prerank,Regulation Of Epithelial Cell Migration (GO:0010632),0.38189375213092136,1.2419044615305008,1.681416e-01,7.390747e-01,1.000000e+00,7/23,17.41%,RAB11A;IFNG;PLCG1;HIF1A;RTN4;HDAC6;PTPN23
prerank,Positive Regulation Of MAPK Cascade (GO:0043410),-0.2926222045126912,-1.2418650664613096,1.015873e-01,7.520926e-01,1.000000e+00,27/107,15.18%,XCL1;RYK;LAMTOR1;CD81;MYDGF;AVPI1;TGFB1;SPRY2;FBXW7;GPR183;GLIPR2;ZNF622;MAP2K7;ALKAL2;LGALS9;PTPRJ;XCL2;NOTCH1;PRKCA;CCL4;CCL5;PRXL2C;IRAK1;DENND2B;TAOK2;HLA-DRB1;BRAF
prerank,DNA-templated Transcription Initiation (GO:0006352),-0.32752364789106936,-1.2415867229856112,1.563025e-01,7.493825e-01,1.000000e+00,10/53,7.49%,MAZ;ELOA;TAF11;TAF10;ERCC3;CRCP;POLR2D;POLR2G;ELOB;RRN3
prerank,Positive Regulation Of Protein Catabolic Process (GO:0045732),-0.3209601625046738,-1.2407693540285578,1.513605e-01,7.488592e-01,1.000000e+00,10/60,8.19%,STX5;CD81;FBXW7;FURIN;TIPARP;NDUFA13;ATG7;GSK3A;OSBPL7;AXIN1
prerank,Negative Regulation Of Multicellular Organismal Process (GO:0051241),-0.292119230897039,-1.240411514986474,1.114551e-01,7.467332e-01,1.000000e+00,20/103,10.99%,RGS2;ATF4;CHSY1;MAD2L2;IFNGR1;SPRY2;CALR;PPP2CA;GATA3;PLCL2;TIMP1;LDLRAD4;GSK3A;NOTCH1;EPHA4;N4BP1;BMAL1;SDHAF2;SAP30L;HDAC9
prerank,Positive Regulation Of T Cell Migration (GO:2000406),-0.44260732574241524,-1.2398203112314727,1.837456e-01,7.452974e-01,1.000000e+00,4/15,17.27%,XCL1;XCL2;CCL5;STK39
prerank,Second-Messenger-Mediated Signaling (GO:0019932),-0.3744116832203982,-1.239228505337027,1.910714e-01,7.440445e-01,1.000000e+00,8/29,17.23%,INPP5A;PPP1R9B;PPP2CA;P2RX4;DHX8;LAT2;RCAN1;MCTP2
prerank,Cellular Response To Virus (GO:0098586),-0.37367254466029876,-1.2392115713328111,1.663653e-01,7.406042e-01,1.000000e+00,12/31,17.58%,ZC3H12A;IFNGR1;EIF5A;LGALS9;LGALS8;IFNLR1;IFI6;RIOK3;CCL5;OAS1;TYK2;DDX3X
prerank,Negative Regulation Of Cell Cycle G1/S Phase Transition (GO:1902807),0.402832089696818,1.239132893748219,1.791045e-01,7.440047e-01,1.000000e+00,9/18,20.82%,RBL2;CRLF3;PRMT2;CDK2AP2;JADE1;PTEN;CDC73;DLG1;RB1
prerank,Cellular Response To Organic Cyclic Compound (GO:0071407),-0.3128214539740017,-1.2386009050388391,1.390728e-01,7.393505e-01,1.000000e+00,20/71,16.81%,INPP5K;ZC3H12A;GNB1;EGR1;TGFB1;RAPGEF1;TIPARP;SSH1;P2RX4;CASP3;RIOK3;H2AZ1;DHX8;URI1;DMTN;CCL5;PKD2;INSIG1;PDXP;IL18
prerank,Regulation Of Protein Modification Process (GO:0031399),-0.37237022315178303,-1.2379992258244121,1.808511e-01,7.381724e-01,1.000000e+00,12/30,19.66%,PPIB;ULK1;PPP2CA;PIN1;ATG7;FNIP1;SOCS1;LYN;RABL3;ATG14;PPP1R16B;RB1CC1
prerank,Positive Regulation Of Interleukin-12 Production (GO:0032735),0.4232258439683705,1.2379576047430425,1.897810e-01,7.428798e-01,1.000000e+00,6/15,19.11%,MAPK14;IFNG;LAPTM5;LTB;IL16;TIRAP
prerank,Cellular Response To Chemokine (GO:1990869),-0.4108636894946866,-1.2363880154625335,1.856867e-01,7.407463e-01,1.000000e+00,6/20,17.27%,XCL1;ZC3H12A;XCL2;CCL4;CCL5;STK39
prerank,COPII Vesicle Coating (GO:0048208),-0.41344261467055177,-1.235102707125199,1.954225e-01,7.387727e-01,1.000000e+00,6/19,12.23%,TMED10;TRAPPC2L;TRAPPC6A;CUL3;TMED2;TRAPPC5
prerank,"Vesicle Targeting, Rough ER To cis-Golgi (GO:0048207)",-0.41344261467055177,-1.235102707125199,1.954225e-01,7.387727e-01,1.000000e+00,6/19,12.23%,TMED10;TRAPPC2L;TRAPPC6A;CUL3;TMED2;TRAPPC5
prerank,Regulation Of Translational Initiation (GO:0006446),-0.33152134186420484,-1.2348156572481412,1.516184e-01,7.364531e-01,1.000000e+00,14/52,13.79%,NCK2;YTHDF2;YTHDF3;EIF4H;EIF3B;YTHDF1;POLR2G;NCBP1;EIF1;DDX1;EIF5;CCL5;DNAJC3;PAIP1
prerank,Positive Regulation Of mRNA Processing (GO:0050685),-0.40839614812998004,-1.234673121210883,2.046679e-01,7.335986e-01,1.000000e+00,6/21,8.13%,RBM3;SNW1;TRA2B;CIRBP;DAZAP1;NCBP1
prerank,Positive Regulation Of Establishment Of Protein Localization To Mitochondrion (GO:1903749),-0.37037531458062767,-1.2341910218438847,1.727941e-01,7.321160e-01,1.000000e+00,9/28,18.01%,FBXW7;PIN1;BBC3;GSK3A;ARIH2;CSNK2A2;PINK1;USP36;HTRA2
prerank,Negative Regulation Of Cell-Cell Adhesion (GO:0022408),-0.4343008546235117,-1.2338831887340735,2.000000e-01,7.299531e-01,1.000000e+00,4/17,7.45%,MAD2L2;AKT1;TGFB1;NOTCH1
prerank,Cellular Response To Lipopolysaccharide (GO:0071222),-0.31183402154977513,-1.2336667531564556,1.444992e-01,7.274265e-01,1.000000e+00,16/67,13.86%,VIM;GIT1;ZC3H12A;TGFB1;PLAA;TNIP3;TNIP2;NFKBIB;SHPK;PABPN1;SBNO2;NFKB1;CCL5;IRAK1;LYN;GSTP1
prerank,Metal Ion Transport (GO:0030001),-0.35024630423880254,-1.232949004967184,1.607143e-01,7.268391e-01,1.000000e+00,10/37,15.12%,MAGT1;CNNM4;SLC9B2;SELENOK;TRPM7;SLC23A2;NDUFA9;CCL5;PKD2;SLC3A2
prerank,Neutrophil Chemotaxis (GO:0030593),0.37444357675817236,1.232925686338475,1.756757e-01,7.561431e-01,1.000000e+00,7/26,5.44%,S100A8;PIK3CD;S100A9;NCKAP1L;PIK3CG;CXCR2;PIKFYVE
prerank,Neutrophil Migration (GO:1990266),0.3670439938545953,1.2317295254211365,1.738149e-01,7.550345e-01,1.000000e+00,8/28,7.93%,S100A8;PIK3CD;S100A9;NCKAP1L;PIK3CG;CXCR2;PIKFYVE;IRAK4
prerank,Sensory Perception Of Light Stimulus (GO:0050953),-0.3757683557246829,-1.231552631528418,1.742287e-01,7.288024e-01,1.000000e+00,12/28,21.44%,RABGGTA;DHRS3;WHRN;RGS16;OPA3;RDH10;BEST1;RABGGTB;ARRB1;UNC119;ATXN7;COL18A1
prerank,Maturation Of 5.8S rRNA (GO:0000460),0.41807742319009733,1.2296105594593707,2.008639e-01,7.574491e-01,1.000000e+00,5/16,15.30%,PRKDC;NSA2;PES1;NOL9;MPHOSPH6
prerank,MAPK Cascade (GO:0000165),-0.31742355597901684,-1.2292382258379366,1.371901e-01,7.338424e-01,1.000000e+00,19/62,17.78%,PTPN7;MAPKAPK2;NRAS;BRAP;MAP2K2;TGFB1;MAP2K3;RCE1;MAP2K7;LGALS9;KARS1;PABPN1;YWHAE;IKBKB;CCL5;TAOK2;BRAF;IL18;DUSP6
prerank,Regulation Of Axon Extension (GO:0030516),-0.44253092383069514,-1.228857998948856,1.776557e-01,7.319939e-01,1.000000e+00,7/15,27.37%,LIMK1;ZFYVE27;TWF2;RTN4R;RNF6;DNM2;GSK3B
prerank,Fatty Acid Oxidation (GO:0019395),0.32701418079895256,1.2287496115035308,1.445783e-01,7.551797e-01,1.000000e+00,18/40,28.12%,ECHDC2;ECHDC1;HADHA;CROT;ACADM;MCAT;ACAT1;PHYH;BDH2;ADH5;ACAA2;ADIPOR2;ECI2;ABCD3;MTLN;SCP2;AUH;PEX2
prerank,Negative Regulation Of Programmed Cell Death (GO:0043069),0.23821460560672522,1.2278840450763777,4.276316e-02,7.531160e-01,1.000000e+00,49/226,14.51%,SERPINB9;GOLPH3;HDAC1;TM7SF3;NUP62;ARF4;ARAF;NCKAP1L;PDCD10;COPS5;PHB2;FCMR;PRKDC;TMBIM6;APIP;HSPB1;SETX;CITED2;ERBB2;PAK2;YWHAZ;PIM1;MCL1;ATG5;BCL2L1;BNIP3;PSEN1;HIGD2A;ZFAND6;YME1L1;ZNF830;GLO1;PRDX2;HNRNPK;HIPK3;RIPK1;PSMD10;NAA35;HTATIP2;CD27;NPM1;NTRK1;LAPTM5;RASA1;DNAJA3;TPT1;ITCH;PRDX3;TSC22D1
prerank,Positive Regulation Of Apoptotic Process (GO:0043065),-0.27077128176067805,-1.2277164544692445,1.004710e-01,7.330712e-01,1.000000e+00,53/162,25.49%,ATF4;GADD45B;RBM5;BCL6;ZC3H12A;ARHGEF7;RNPS1;ZNF268;ERCC3;LGALS1;SAP18;DIABLO;ATG7;CTSD;BAD;ZNF622;DAPK3;CTNNBL1;CASP3;CARM1;LATS1;PTPA;PIDD1;MAP3K10;CTSS;IFIT2;GADD45G;TLE5;MOAP1;PTRH2;BCLAF1;LATS2;DDX3X;DUSP6;HTRA2;JMY;UTP11;SOX4;SAV1;BAK1;KLF11;BRMS1;FLCN;ING5;HTT;BOK;UBE2Z;DNM2;SRPK2;GZMA;PDCD5;PRR7;SIK1
prerank,Regulation Of Transcription By RNA Polymerase I (GO:0006356),0.3547991530827328,1.2273318924438004,1.771845e-01,7.497787e-01,1.000000e+00,6/27,8.70%,UBTF;WDR75;SMARCA5;BAZ1B;ERBB2;DEK
prerank,Regulation Of Pathway-Restricted SMAD Protein Phosphorylation (GO:0060393),-0.41705265726229995,-1.2269491676297377,1.977186e-01,7.328220e-01,1.000000e+00,6/17,12.73%,CSNK2B;TGFB1;PIN1;LDLRAD4;PMEPA1;GDF11
prerank,Regulation Of Phosphoprotein Phosphatase Activity (GO:0043666),-0.37366848237457795,-1.2266206143564446,1.960073e-01,7.307911e-01,1.000000e+00,16/29,29.52%,PPP6R1;CALM3;CSNK2B;PPP6R2;PTPA;CALM1;TIPRL;GNA12;TSC1;HTT;STYXL1;PPP1R12A;GSK3B;BOD1;HSP90B1;CALM2
prerank,Regulation Of Tumor Necrosis Factor Production (GO:0032680),0.29042076079320595,1.2261932557491444,1.321696e-01,7.487277e-01,1.000000e+00,27/72,26.22%,TRIM27;PTPRC;RASGRP1;STAT3;ARHGEF2;CD47;HSPB1;IFNG;PSEN1;CX3CR1;RIPK1;HAVCR2;DDT;MC1R;CD2;RIGI;SELENOS;TIRAP;FADD;FOXP1;RARA;PTPN6;ELF4;FCGR3A;PTPN11;PTPN22;SPN
prerank,Positive Regulation Of Protein Metabolic Process (GO:0051247),-0.2789641509623089,-1.2245034431638568,1.116208e-01,7.352610e-01,1.000000e+00,20/133,8.19%,RAB1A;RBM3;STX5;VIM;AKT1;YTHDF3;LDB1;AURKAIP1;TGFB1;TIPARP;YTHDF1;NDUFA13;ATG7;CIRBP;BAD;LARP1B;GSK3A;BCL3;ASPH;AXIN1
prerank,Regulation Of G0 To G1 Transition (GO:0070316),-0.3929528050248534,-1.2244506168022602,2.252252e-01,7.323008e-01,1.000000e+00,5/23,7.25%,BRD7;ARID1B;RHNO1;BCL7B;BCL7C
prerank,Protein Alkylation (GO:0008213),0.3947388439650962,1.2241615276097932,1.928251e-01,7.506519e-01,1.000000e+00,10/19,28.27%,PRMT2;VCPKMT;FAM98A;LCMT1;CAMKMT;GSPT1;METTL22;EEF1AKMT2;EEF2KMT;PCMT1
prerank,Skeletal System Development (GO:0001501),-0.33237865601279626,-1.224099041259798,1.756522e-01,7.305112e-01,1.000000e+00,12/44,17.21%,BPNT2;PPIB;GNAS;POLR2D;ANKRD11;TRPS1;DEAF1;GDF11;EXT1;XYLT1;RFLNB;P3H1
prerank,Response To Glucose (GO:0009749),-0.3695776040220329,-1.222129515895245,1.747088e-01,7.348976e-01,1.000000e+00,6/28,9.01%,IRS2;ERN1;TRA2B;EIF2B1;PRKACA;SELENOT
prerank,"Alternative mRNA Splicing, Via Spliceosome (GO:0000380)",0.4181875637134519,1.2219367000666461,2.004310e-01,7.535467e-01,1.000000e+00,4/15,4.85%,RBM17;SRSF1;DDX17;DDX5
prerank,Positive Regulation Of Interleukin-6 Production (GO:0032755),0.3387304485887583,1.2207952936601634,1.666667e-01,7.525815e-01,1.000000e+00,18/34,37.30%,STAT3;ARHGEF2;IFNG;RIGI;F2R;IL16;TIRAP;PTPN11;XBP1;SPHK2;MAPK13;CYBA;AKIRIN2;TNF;MAVS;HMGB1;HSPD1;PLCG2
prerank,Negative Regulation Of Protein Kinase Activity (GO:0006469),0.30494141350222664,1.220656084778899,1.470588e-01,7.478420e-01,1.000000e+00,13/53,13.05%,TAF7;TRIM27;PTPRC;HSPB1;CDK5RAP3;IFNG;CDKN1B;PAK2;GSKIP;TARBP2;QARS1;PTPN1;NPM1
prerank,Macroautophagy (GO:0016236),-0.3004255063997705,-1.219619294058264,1.388013e-01,7.408172e-01,1.000000e+00,24/89,16.59%,MAP1LC3B;TCIRG1;CHMP4A;VPS37B;ULK1;TGFB1;CALR;PLAA;STAM;PIP4K2A;ATG7;CHMP2B;GABARAPL1;BECN1;VTI1A;ILRUN;VPS39;ATG4B;PGAM5;CHMP2A;VPS4A;ATG14;SNF8;YOD1
prerank,Glycerophospholipid Metabolic Process (GO:0006650),0.3507804821571336,1.2191210657824825,1.809524e-01,7.482673e-01,1.000000e+00,12/30,24.45%,PLEK;ABHD3;PLCG1;PIP5K1A;FAR1;SMPD4;PAFAH1B1;GDPD1;HDHD5;PIGV;ABHD6;PRDX6
prerank,Regulation Of Actin Nucleation (GO:0051125),0.4110939851895916,1.2165772726422521,2.564655e-01,7.525428e-01,1.000000e+00,5/17,13.59%,WASHC5;WASHC3;ARFIP1;PICK1;CORO1B
prerank,Chaperone-Mediated Protein Complex Assembly (GO:0051131),0.4160371912276617,1.2162132696075763,2.071269e-01,7.488628e-01,1.000000e+00,5/15,17.76%,HSPA4;PTGES3;PFDN6;PSMG1;CCT2
prerank,Negative Regulation Of DNA Biosynthetic Process (GO:2000279),-0.40423989489644274,-1.215842225096134,1.885099e-01,7.513155e-01,1.000000e+00,3/20,4.48%,TENT4B;TERF1;EXOSC10
prerank,Adenylate Cyclase-Activating G Protein-Coupled Receptor Signaling Pathway (GO:0007189),-0.38709281888041613,-1.2158065460120622,2.014260e-01,7.482788e-01,1.000000e+00,6/23,8.39%,GNAS;GNB1;GNA13;ADCY7;GNAQ;ADGRL1
prerank,Regulation Of Mitotic Cell Cycle (GO:0007346),-0.2943757113748837,-1.2147754424221604,1.383333e-01,7.487724e-01,1.000000e+00,28/80,23.63%,BRD7;HECA;ANAPC15;ZNF268;ERCC3;ANAPC11;PIN1;FBXO5;MKI67;DAPK3;PKN2;PRKCA;YWHAE;PIM3;CKS1B;CCDC57;GMNN;PDXP;RNF40;DDB1;CDK9;CDK11B;BTG3;ASNS;ANAPC5;GBF1;THAP1;KIF20B
prerank,Positive Regulation Of Cellular Metabolic Process (GO:0031325),0.3433117796761852,1.2140984254219185,1.857798e-01,7.514051e-01,1.000000e+00,6/32,10.06%,TGFBR2;MAPK14;GHITM;IFNG;IFNAR1;RIPK1
prerank,Negative Regulation Of Response To Stimulus (GO:0048585),-0.3665359952522449,-1.2138068057607034,1.968641e-01,7.490632e-01,1.000000e+00,7/30,13.18%,RTEL1;BRAP;EPHA4;TLE5;PIM3;CASK;LYN
prerank,Actomyosin Structure Organization (GO:0031032),0.3605500270118424,1.2111520945193268,1.925926e-01,7.570694e-01,1.000000e+00,4/27,3.43%,TMOD3;PDCD10;FLII;EPB41
prerank,Regulation Of Type II Interferon Production (GO:0032649),-0.3243580357918396,-1.2108122220157882,1.828859e-01,7.566010e-01,1.000000e+00,14/50,16.81%,XCL1;PDE4D;MYDGF;ZC3H12A;CEBPG;ZFPM1;LGALS9;SLC7A5;ISG15;CD244;HLA-DRB1;RIPK3;TYK2;IL18
prerank,Vacuolar Transport (GO:0007034),-0.3494021595855693,-1.2106744254534592,1.745201e-01,7.539516e-01,1.000000e+00,9/38,14.70%,AP3D1;VPS53;IGF2R;VPS37B;CHMP2B;BECN1;VTI1A;VPS54;CHMP2A
prerank,Ribosomal Small Subunit Biogenesis (GO:0042274),-0.31608726940507254,-1.210354476083411,1.612903e-01,7.521391e-01,1.000000e+00,14/57,18.99%,DNTTIP2;DDX52;KRR1;UTP3;EXOSC10;NGDN;MRPS11;RIOK3;LTV1;WDR36;METTL17;PNO1;SNU13;UTP11
prerank,Nucleic Acid-Templated Transcription (GO:0097659),-0.3623709748273135,-1.2102785779341954,1.876106e-01,7.493088e-01,1.000000e+00,6/29,10.80%,RNPS1;EPC1;NFKBIB;TCEANC2;PTMA;TOPORS
prerank,Regulation Of Angiogenesis (GO:0045765),0.27998742889221734,1.2100497668011398,1.352041e-01,7.561807e-01,1.000000e+00,17/79,11.54%,ETS1;PIK3CD;PDCD10;PIK3CG;STIM1;KRIT1;HSPB1;EGLN1;ERBB2;ATP2B4;PLCG1;SARS1;HIF1A;MECP2;PTPRM;ATF2;HTATIP2
prerank,Negative Regulation Of Proteolysis Involved In Protein Catabolic Process (GO:1903051),-0.44409548214881556,-1.2100290171835903,2.330961e-01,7.471153e-01,1.000000e+00,6/15,19.02%,PDCL3;PSMF1;EPHA4;CSNK2A2;OPHN1;HIPK2
prerank,Positive Regulation Of Natural Killer Cell Mediated Cytotoxicity (GO:0045954),0.4202944577723958,1.2097233127772877,2.103093e-01,7.523415e-01,1.000000e+00,5/15,10.55%,RASGRP1;CD226;CADM1;KLRD1;SLAMF6
prerank,Transport Across Blood-Brain Barrier (GO:0150104),-0.35906056183969304,-1.2095240615546057,1.845878e-01,7.458695e-01,1.000000e+00,13/32,25.63%,SLC22A5;SLC2A1;SLC7A5;ATP8A1;SLC38A5;FABP5;SLC27A1;SLC5A6;SLC4A4;SLC1A4;SLC16A1;ABCB1;SLCO3A1
prerank,Phospholipase C-activating G Protein-Coupled Receptor Signaling Pathway (GO:0007200),0.40926135187300905,1.2093490632804746,2.377778e-01,7.488125e-01,1.000000e+00,6/15,15.83%,CXCR2;GPR174;GPR65;CX3CR1;F2R;NMUR1
prerank,Positive Regulation Of Cellular Component Biogenesis (GO:0044089),-0.31555379949819906,-1.2092204722519697,1.821306e-01,7.439223e-01,1.000000e+00,27/58,29.95%,LIMK1;LGALS3;TGFB1;RHOC;FLOT1;STAM;USP16;ERCC1;FNIP1;PRKCA;SUMO1;CHMP2A;VPS4A;SNF8;PFN1;WARS1;BAK1;GNL3L;PARK7;SLF2;TPR;BID;GSK3B;FNIP2;SPIDR;BAX;FAF1
prerank,Positive Regulation Of Blood Vessel Endothelial Cell Migration (GO:0043536),0.35375712995610475,1.208548325489415,1.828194e-01,7.467309e-01,1.000000e+00,7/27,8.02%,MAPK14;ETS1;HSPB1;PLCG1;HIF1A;STAT5A;AKT3
prerank,Positive Regulation Of Vasculature Development (GO:1904018),-0.351466029695906,-1.20838407107206,1.780105e-01,7.441295e-01,1.000000e+00,9/34,10.83%,MYDGF;ZC3H12A;VEGFB;PDCL3;HIPK1;PRKCA;EMC10;AGO2;PRKCB
prerank,Non-Motile Cilium Assembly (GO:1905515),0.38300962022193324,1.207937840516466,2.026432e-01,7.440961e-01,1.000000e+00,12/18,35.51%,CEP250;MBD1;ARL13B;IFT57;TMEM216;CEP89;IFT88;TOGARAM1;BBS4;TMEM80;C2CD3;TBC1D32
prerank,Positive Regulation Of Cell Motility (GO:2000147),-0.2905316537960331,-1.2074094934707273,1.449511e-01,7.446199e-01,1.000000e+00,14/90,9.39%,MAZ;CDC42;TGFB1;ZNF268;RHOC;CARMIL2;SPRY2;ACTN4;NOTCH1;SEMA4F;PRKCA;EPHA4;ELP5;SPAG9
prerank,Negative Regulation Of Telomere Maintenance Via Telomere Lengthening (GO:1904357),-0.38772086179691834,-1.2064987724528118,1.961131e-01,7.450089e-01,1.000000e+00,3/21,4.48%,TENT4B;TERF1;EXOSC10
prerank,Circulatory System Development (GO:0072359),0.30349167006855604,1.2062432687889353,1.528822e-01,7.452130e-01,1.000000e+00,18/54,18.86%,TGFBR2;SMYD4;CDKN1B;TCF25;CITED2;TAFAZZIN;PCSK5;AKAP13;ZDHHC16;PIK3CA;KAT2A;HEG1;BCOR;PTEN;PDLIM1;PDLIM5;HEY2;NCOA6
prerank,Memory (GO:0007613),0.37772023612163785,1.2055002380117565,2.204545e-01,7.429104e-01,1.000000e+00,7/21,20.15%,PPP3CB;PSEN1;KAT2A;PJA2;CAMK2N1;RGS14;EIF4EBP2
prerank,Inositol Lipid-Mediated Signaling (GO:0048017),-0.41605631265302834,-1.2049694766617758,2.273567e-01,7.474907e-01,1.000000e+00,6/17,18.85%,INPP5A;PLCH2;PLCB1;PLCB2;OGT;IGF1R
prerank,Negative Regulation Of Gene Expression (GO:0010629),0.2382462432644569,1.2041501433818451,7.361963e-02,7.428126e-01,1.000000e+00,44/203,13.86%,CNOT7;HDAC1;PPP1R11;TRIM27;PRKAR1A;STAT3;PDCD10;RBL2;TIA1;BMI1;TMBIM6;DIP2A;GZMB;TOB1;DAXX;PATL2;IFNG;CAPRIN1;CITED2;LSM5;ATP2B4;PSEN1;HIF1A;BMPR1A;NPTN;EIF4ENIF1;SETDB2;PARP10;ASB1;MECP2;FCGR2B;CREBZF;PHF19;CHMP1A;HAVCR2;DHX36;BTN2A2;NDFIP1;EPRS1;PABPC1;LSM2;RACK1;TASOR;ADAM10
prerank,Respiratory Chain Complex IV Assembly (GO:0008535),-0.3731842054261758,-1.2038821924385399,1.934307e-01,7.482684e-01,1.000000e+00,8/26,21.55%,PET100;COX19;SURF1;FASTKD3;COA1;COX16;TIMM21;STMP1
prerank,"Maturation Of SSU-rRNA From Tricistronic rRNA Transcript (SSU-rRNA, 5.8S rRNA, LSU-rRNA) (GO:0000462)",-0.38824428995722504,-1.2037673151998975,2.379182e-01,7.456470e-01,1.000000e+00,9/23,32.02%,UTP3;NGDN;MRPS11;TSR2;WDR43;RRS1;RRP36;UTP4;NOL10
prerank,Positive Regulation Of Amide Metabolic Process (GO:0034250),-0.30638917060596105,-1.2032342253784176,1.699029e-01,7.445424e-01,1.000000e+00,12/65,10.01%,RBM3;VIM;YTHDF3;IFNGR1;YTHDF1;CIRBP;LARP1B;GSK3A;CASP3;BCL3;EPHA4;AGO2
prerank,Positive Regulation Of Catalytic Activity (GO:0043085),0.34658974769815265,1.2025973456661487,1.943128e-01,7.437243e-01,1.000000e+00,5/31,6.94%,MAPK14;XRCC5;SOD1;YWHAB;PSEN1
prerank,Neuron Migration (GO:0001764),-0.40802152381135237,-1.2023682129223834,2.234234e-01,7.449531e-01,1.000000e+00,4/19,8.10%,MDGA1;DDIT4;RAC1;AUTS2
prerank,Negative Regulation Of Cellular Catabolic Process (GO:0031330),0.31790690129391186,1.2017557742114515,1.943128e-01,7.421862e-01,1.000000e+00,21/42,31.48%,TRIM27;RRAGA;STAT3;IL10RA;KLHL22;ATP2B4;MCL1;RUBCN;EIF4G1;RRAGB;EIF4G3;MTOR;CPTP;PTPN22;BCL2;EIF4G2;MTMR2;WDR6;TBC1D14;KDM4A;MTMR9
prerank,Intrinsic Apoptotic Signaling Pathway (GO:0097193),-0.2993349095023041,-1.201262844670408,1.769481e-01,7.461377e-01,1.000000e+00,22/77,19.55%,ATF4;STK24;ERN1;BBC3;DIABLO;BAD;SELENOK;ZNF622;CUL3;CRIP1;CASP3;IFI6;CUL5;TOPORS;MOAP1;CASP4;BAG6;DDX3X;HTRA2;JMY;HIPK2;BAK1
prerank,Regulation Of DNA Strand Elongation (GO:0060382),0.3937516009911009,1.19982424046338,2.363636e-01,7.447138e-01,1.000000e+00,4/16,9.71%,UCHL5;INO80D;INO80B;RUVBL1
prerank,Response To Interferon-Beta (GO:0035456),-0.38782279060854374,-1.1994375545486755,2.090090e-01,7.497509e-01,1.000000e+00,15/22,34.50%,NDUFA13;UBE2G2;CALM1;OAS1;BST2;IRF1;HTRA2;PLSCR1;IFITM1;IKBKE;CDC34;PNPT1;SHFL;UBE2K;IFITM3
prerank,Organelle Transport Along Microtubule (GO:0072384),-0.35510415989757516,-1.1993574627157557,2.168459e-01,7.471175e-01,1.000000e+00,9/32,18.16%,RAB1A;CDC42;ARHGAP21;UBB;LRPPRC;KXD1;BORCS5;TRAK1;CLN3
prerank,Positive Regulation Of Intracellular Transport (GO:0032388),0.34446888245072377,1.1989118739817617,1.968326e-01,7.435890e-01,1.000000e+00,16/30,30.17%,PDCD10;EHD1;MBD1;ZFAND1;CEP290;PCNT;PRR5L;VAMP2;RAB29;EIPR1;OAZ1;STX18;TENM1;ICE1;NUMA1;BCAS3
prerank,Positive Regulation Of Protein Kinase B Signaling (GO:0051897),-0.32770003827608274,-1.198839773430502,1.777379e-01,7.458775e-01,1.000000e+00,14/44,22.43%,MAZ;MYDGF;TGFB1;SPRY2;GATA3;P2RX4;PTPRJ;PINK1;IL18;ENG;TXN;IGF1R;PHB1;PARK7
prerank,Establishment Of Mitotic Spindle Orientation (GO:0000132),-0.41127175531420734,-1.1988123692182417,2.361360e-01,7.430679e-01,1.000000e+00,3/18,7.86%,MAPRE1;DYNLT1;NSFL1C
prerank,Regulation Of Immune Response (GO:0050776),-0.3200167900546801,-1.1979793577061706,1.595925e-01,7.435031e-01,1.000000e+00,13/48,19.16%,BCL6;BIRC2;LRP8;N4BP1;LYN;SLA2;HLA-DRB1;RIPK3;NFE2L2;IRF1;BIRC3;GPR108;PLSCR1
prerank,Modulation Of Chemical Synaptic Transmission (GO:0050804),-0.3436336431170232,-1.196467874907182,1.826401e-01,7.458292e-01,1.000000e+00,10/34,18.16%,TPRG1L;LRP8;NPTXR;CASK;BCR;TRIO;USP46;OPHN1;MCTP2;CLN3
prerank,Mitophagy (GO:0000423),-0.42719570095733556,-1.1949465310456615,2.288732e-01,7.485357e-01,1.000000e+00,7/15,18.59%,MAP1LC3B;ATG4D;BECN1;ATG4B;PINK1;ATG14;OGT
prerank,Establishment Of Protein Localization To Endoplasmic Reticulum (GO:0072599),-0.4288913507745298,-1.1945961618268517,2.165138e-01,7.469251e-01,1.000000e+00,5/15,11.07%,ZFAND2B;SEC61G;ZFAND2A;SRP54;SPCS2
prerank,RNA Methylation (GO:0001510),0.3022267195930443,1.1932735666347656,1.637280e-01,7.588537e-01,1.000000e+00,16/58,17.93%,ZC3H13;THADA;THUMPD3;METTL2B;MRM2;NSUN2;HENMT1;BCDIN3D;METTL5;METTL6;FBL;TYW3;SNRPE;TRMT13;TRMT6;RBM15
prerank,Regulation Of T Cell Proliferation (GO:0042129),-0.35585792768729174,-1.1929209040848952,2.212066e-01,7.502777e-01,1.000000e+00,8/30,15.48%,NCK2;LGALS3;MYDGF;CD70;CCL5;HLA-DRB1;RIPK3;TYK2
prerank,Chromatin Remodeling (GO:0006338),0.23749090280201085,1.1922119971678047,6.666667e-02,7.580468e-01,1.000000e+00,39/191,14.01%,UCHL5;HDAC1;HDGFL2;RBBP4;GATAD1;BMI1;SMARCA5;HPF1;BAZ1B;HP1BP3;PBRM1;EZH1;SMARCC2;HCFC2;DAXX;INO80D;PIH1D1;ZNF274;NUDT5;ASF1A;SETDB2;HDAC5;CBX3;UBR5;INO80B;DEK;RUVBL1;ATRX;IWS1;GET1;GLMN;PSIP1;KDM4B;SMARCC1;NPM1;KAT2A;KDM5A;HDAC6;BCOR
prerank,Membrane Fusion (GO:0061025),-0.39892886939166883,-1.1921666686125845,2.238532e-01,7.500489e-01,1.000000e+00,10/21,25.18%,NAPG;STX3;NSFL1C;NAPA;STX11;RABIF;VAPA;SNAP29;UBXN2A;VAMP3
prerank,Positive Regulation Of Gene Expression (GO:0010628),-0.2505185733087767,-1.1914966518575414,9.985316e-02,7.495128e-01,1.000000e+00,36/238,10.01%,MAZ;U2AF2;RBM3;ATF4;ZPR1;TENT4B;BRD7;ARID1B;VIM;AKT1;YTHDF3;DGKQ;ZC3H12A;MAP2K2;IFNGR1;EGR1;TGFB1;SPRY2;PDCL3;FLOT1;ERN1;MAPK9;YTHDF1;PRKAG1;CIRBP;ID2;LARP1B;HCFC1;LGALS9;GSK3A;NOTCH1;BCL3;PIK3R1;GAPDH;TTN;AGO2
prerank,Positive Regulation Of Nervous System Development (GO:0051962),0.40821623929302714,1.1914207493363702,2.217295e-01,7.563789e-01,1.000000e+00,6/16,19.53%,IFNG;CX3CR1;NAP1L1;IL1RAP;ZNF335;RGS14
prerank,Regulation Of T Cell Activation (GO:0050863),0.32857577395742016,1.1913154458371247,1.876430e-01,7.522796e-01,1.000000e+00,10/35,14.05%,LAX1;PRKCQ;TBX21;CD47;FCHO1;PAG1;LCK;KAT2A;LAPTM5;CD2
prerank,Organic Hydroxy Compound Biosynthetic Process (GO:1901617),-0.3896790421193359,-1.1904341931142013,2.370370e-01,7.505440e-01,1.000000e+00,8/20,25.09%,HSD17B10;OSBPL7;PRKAG2;PMVK;OSBPL9;PER2;PARK7;HMGCR
prerank,Positive Regulation Of Signal Transduction (GO:0009967),0.2612776826199502,1.1904232453698214,1.474531e-01,7.510101e-01,1.000000e+00,31/108,18.92%,UCHL5;PTPRC;KLF2;STAT3;PDCD10;CD226;PIH1D1;CITED2;TSPAN5;SNX5;TRIM39;SPRING1;AGPAT1;HIF1A;NPTN;ARNT;SPIN1;VPS35;IL7R;ILK;MBD5;PTEN;ASXL2;TSPAN14;CDC73;FAS;PRKD2;EPN2;ULK3;ZBTB7B;CRADD
prerank,Regulation Of Protein Targeting To Mitochondrion (GO:1903214),-0.35771227766341834,-1.190393293280901,2.236599e-01,7.478667e-01,1.000000e+00,13/30,27.47%,FBXW7;PIN1;GSK3A;ARIH2;CSNK2A2;SREBF1;PINK1;USP36;HTRA2;PARL;VPS11;SAE1;BAG4
prerank,Negative Regulation Of Mitotic Cell Cycle Phase Transition (GO:1901991),0.3637276898815905,1.190016969123188,2.086022e-01,7.480781e-01,1.000000e+00,11/23,20.82%,ZFP36L1;RBL2;CRLF3;PRMT2;CDK2AP2;JADE1;PTEN;CDC73;DLG1;GPR132;RB1
prerank,Regulation Of Telomere Maintenance (GO:0032204),0.3244462528450433,1.1884813553055351,1.895735e-01,7.491027e-01,1.000000e+00,10/38,13.10%,PPP1R10;XRCC5;NSMCE3;SMC6;HDAC8;HNRNPD;SMG1;ATRX;DHX36;GNL3
prerank,Muscle Cell Differentiation (GO:0042692),0.40695055211571585,1.1883387283475384,2.466667e-01,7.451964e-01,1.000000e+00,6/16,25.41%,HDGFL2;GLMN;HEY2;RORA;MRTFA;MTLN
prerank,Cellular Response To Organic Substance (GO:0071310),-0.35003973023209933,-1.1881454491030707,2.117864e-01,7.532416e-01,1.000000e+00,5/31,4.62%,ZNF16;INPP5K;TGFB1;TIPARP;NCOA1
prerank,Positive Regulation Of Leukocyte Cell-Cell Adhesion (GO:1903039),0.3531747236866093,1.1856564844663329,2.533937e-01,7.508667e-01,1.000000e+00,5/26,10.38%,ETS1;PRKCQ;CD47;FCHO1;LCK
prerank,Regulation Of Protein Transport (GO:0051223),0.3644171472311049,1.1839844979246514,2.435345e-01,7.526497e-01,1.000000e+00,6/22,12.48%,NDEL1;SNX3;RHBDF2;NDFIP1;PTPN1;HSPA8
prerank,Calcium Ion Homeostasis (GO:0055074),0.3456834480329649,1.1831404390613431,2.172897e-01,7.513735e-01,1.000000e+00,8/27,14.99%,STIM1;ATP2B4;NPTN;ATP2A3;SLC10A7;TPT1;RMDN3;VAPB
prerank,Regulation Of Protein-Containing Complex Assembly (GO:0043254),-0.28724661559357134,-1.1826524413916482,1.746293e-01,7.696274e-01,1.000000e+00,35/80,29.95%,CDC42;LGALS3;FARP2;ULK1;TGFB1;RHOC;FNIP1;HCFC1;TFIP11;LATS1;RIOK3;SUMO1;SEPTIN9;NAPA;VPS39;PINK1;DDX3X;WARS1;HSPA5;BAK1;EIF2AK2;GNL3L;SORL1;PARK7;GSN;SLF2;VPS11;BID;GSK3B;VPS18;FNIP2;EP300;SPIDR;BAX;FAF1
prerank,Phosphorylation (GO:0016310),-0.24394042331025304,-1.182516868796675,9.899570e-02,7.672475e-01,1.000000e+00,55/282,13.18%,LIMK1;CSNK1G2;PKN1;CTBP1;SIK3;MAPKAPK2;CLK3;RUNX3;GRK2;AKT1;TAF11;RYK;DGKQ;TAF10;GMFG;CSNK2B;ULK1;TGFB1;STK24;GRK6;ERN1;MAPK9;BRD2;PRKAG1;FAM20B;CSNK1D;PRKACA;DAPK3;HIPK1;GSK3A;COPS8;SHPK;MKNK2;PKN2;PRKCA;TRIB2;EPHA4;BECN1;LATS1;MKNK1;GMFB;HCST;PRKCB;CSNK2A2;TAF4;IKBKB;PIM3;CCNT1;TNK2;PANK2;CDK16;MAPKAP1;IRAK1;PRKAG2;LYN
prerank,Positive Regulation Of T Cell Activation (GO:0050870),-0.30695498529629567,-1.1806516880426041,1.986301e-01,7.712282e-01,1.000000e+00,10/60,7.46%,NCK2;BRD7;ARID1B;CD81;HLA-DRB5;GATA3;ZBTB1;CD70;LGALS9;ZMIZ1
prerank,Regulation Of Protein Kinase B Signaling (GO:0051896),-0.295941609605607,-1.1802835170751527,1.861252e-01,7.696899e-01,1.000000e+00,9/66,6.67%,MAZ;INPP5K;MYDGF;TGFB1;SPRY2;PPP2CA;GATA3;P2RX4;PTPRJ
prerank,ncRNA-mediated Post-Transcriptional Gene Silencing (GO:0035194),-0.4126486136795946,-1.1797614680769541,2.362637e-01,7.687476e-01,1.000000e+00,4/15,8.69%,HELZ;CNOT1;NCBP1;TNRC6A
prerank,Positive Regulation Of Response To Biotic Stimulus (GO:0002833),-0.378253409942214,-1.1795362420864999,2.402957e-01,7.667659e-01,1.000000e+00,6/20,14.13%,SLC15A4;PRKCA;RIOK3;POLR3F;CCL5;POLR3C
prerank,Heterochromatin Organization (GO:0070828),0.33754793560410323,1.1795153691408111,1.957547e-01,7.599007e-01,1.000000e+00,7/29,8.26%,SMARCA5;HP1BP3;EZH1;SETDB2;HDAC5;CBX3;UBR5
prerank,Protein Localization (GO:0008104),-0.24680672299209988,-1.1793481314615417,1.191489e-01,7.645542e-01,1.000000e+00,42/245,13.83%,RAB5C;MAPRE1;RAB1A;NAPG;ARF1;GRPEL2;STX5;AP3D1;TIMM17A;TMED10;WDR45B;LAMTOR1;CD81;TIMM23;ULK1;RAB14;SLU7;ERCC3;NBEAL2;ARL5B;KIF13A;COG3;STX3;ATG4D;USP4;TMED2;HHEX;PACS2;ARL4C;SUMO1;SEPTIN9;GRPEL1;NAPA;TMED4;AP4B1;WIPI1;SEC13;ATG4B;TMED1;ARF6;STX11;RABL3
prerank,Protein K48-linked Ubiquitination (GO:0070936),0.28485738927659504,1.178693939594688,1.464020e-01,7.583753e-01,1.000000e+00,17/58,17.97%,UBE2D4;UBE2D2;RNF146;MYCBP2;TTC3;UBE2H;TRIM65;RFFL;UBE2B;UBR5;SYVN1;UBE3A;RBX1;ITCH;FBXO38;HACE1;UBE2R2
prerank,Positive Regulation Of Type II Interferon Production (GO:0032729),-0.34223758151751005,-1.1786104559946646,2.153025e-01,7.644663e-01,1.000000e+00,13/34,22.63%,PDE4D;MYDGF;CEBPG;ZFPM1;LGALS9;SLC7A5;ISG15;CD244;TYK2;IL18;TXK;PDE4B;CRTAM
prerank,Protein Localization To Nucleus (GO:0034504),0.2657383608769355,1.1767441540190169,1.731266e-01,7.613611e-01,1.000000e+00,15/102,9.00%,KPNB1;PPP1R10;NUP62;KPNA3;STK4;CHCHD10;NUP50;HIKESHI;STAT3;PHB2;PIKFYVE;RAN;EIF4ENIF1;CSE1L;IPO9
prerank,tRNA Modification (GO:0006400),0.28755689248855676,1.176656135516997,1.903614e-01,7.574191e-01,1.000000e+00,18/60,18.03%,THADA;TYW1;SARS1;THUMPD3;SSB;METTL2B;DTWD1;NSUN2;OSGEPL1;ALKBH8;BCDIN3D;CDKAL1;TYW5;METTL6;TYW3;TRMT13;TRMT6;ANKRD16
prerank,Negative Regulation Of Protein-Containing Complex Assembly (GO:0031333),-0.33797166510325444,-1.1757898013435597,2.031250e-01,7.720100e-01,1.000000e+00,11/36,22.43%,CDC42;ULK1;LDLRAD4;TFIP11;RIOK3;PMEPA1;DDX3X;HSPA5;NLRC3;SORL1;PARK7
prerank,Positive Regulation Of Protein Kinase Activity (GO:0045860),0.2734304814491904,1.1752096752713674,1.875000e-01,7.584546e-01,1.000000e+00,11/73,5.07%,TGFBR2;STRADA;XRCC5;PTPRC;PDCD10;ADRB2;MAP2K1;XRCC6;DAXX;IFNG;PIH1D1
prerank,Porphyrin-Containing Compound Biosynthetic Process (GO:0006779),-0.40328451616581984,-1.1742023638409786,2.567050e-01,7.750272e-01,1.000000e+00,3/17,6.46%,SLC25A38;FXN;RSAD1
prerank,Negative Regulation Of Type II Interferon Production (GO:0032689),-0.4258410075923697,-1.173145925131821,2.786885e-01,7.760995e-01,1.000000e+00,3/15,6.35%,XCL1;ZC3H12A;LGALS9
prerank,Regulation Of Small GTPase Mediated Signal Transduction (GO:0051056),0.28181136323904676,1.172552064352655,1.799486e-01,7.638147e-01,1.000000e+00,8/58,2.24%,ARHGEF3;ARHGAP25;TAGAP;ARHGAP30;ARHGAP45;NUP62;ARHGEF2;PLEKHG3
prerank,Protein Quality Control For Misfolded Or Incompletely Synthesized Proteins (GO:0006515),0.3445389398297186,1.171604450941455,2.376471e-01,7.627581e-01,1.000000e+00,10/25,24.51%,ANKZF1;YME1L1;VCP;FBXL17;UGGT1;HDAC6;RNF185;OMA1;RNF5;TOR1A
prerank,Cellular Response To Oxygen-Containing Compound (GO:1901701),-0.2529371483473828,-1.1715508648224113,1.475177e-01,7.791631e-01,1.000000e+00,39/189,15.58%,ZNF16;INPP5K;NSMF;VIM;AKT1;GIT1;LAMTOR1;ZC3H12A;GNB1;EGR1;LAMTOR4;RAPGEF1;SNW1;PLAA;TNIP3;CPNE8;TNIP2;MAPK9;ADCY7;NDUFA13;SSH1;PRDX5;P2RX4;NFKBIB;SHPK;PABPN1;SBNO2;H2AZ1;MPV17;NFKB1;LAMTOR5;DMTN;PKD2;TWF2;LYN;GSTP1;BRAF;INSIG1;PDXP
prerank,O-glycan Processing (GO:0016266),-0.3571478871438518,-1.1715408113169874,2.409012e-01,7.764276e-01,1.000000e+00,4/27,4.68%,GALNT10;B3GNT7;GALNT3;B3GNT2
prerank,RNA Metabolic Process (GO:0016070),-0.28002752196136727,-1.1714888037321887,1.709677e-01,7.738456e-01,1.000000e+00,17/94,10.01%,DNTTIP2;RBM3;RBM5;ADARB1;ZC3H12A;SUPV3L1;RBM39;EXOSC10;HNRNPH1;DUSP11;HNRNPL;PABPN1;NCBP1;TFIP11;AGO4;DHX8;AGO2
prerank,Cytoskeleton Organization (GO:0007010),-0.30572878822731664,-1.1714421871565492,2.105263e-01,7.712633e-01,1.000000e+00,21/60,24.27%,ARHGAP4;ARHGAP21;RAC1;PPP2R3C;MICAL3;PDZD8;ZMYM3;CAMSAP1;CFL1;DMTN;MAPKAP1;MLST8;STRIP1;SIPA1;BRWD1;ZRANB1;RANBP9;PRR5;PRPF40A;RHOG;SH3D19
prerank,Regulation Of Metaphase/Anaphase Transition Of Cell Cycle (GO:1902099),-0.3874198166666603,-1.170625724724877,2.603978e-01,7.713280e-01,1.000000e+00,4/21,7.25%,BRD7;ARID1B;BCL7B;BCL7C
prerank,Regulation Of Fat Cell Differentiation (GO:0045598),-0.3258077029349459,-1.1697993443274712,2.126538e-01,7.713665e-01,1.000000e+00,9/41,14.34%,AKT1;ZC3H12A;TGFB1;ID2;CARM1;TRIB2;BMAL1;NOCT;TRIO
prerank,Regulation Of Nervous System Development (GO:0051960),-0.3953421093374787,-1.1690835511460247,2.544484e-01,7.711294e-01,1.000000e+00,5/19,13.41%,YTHDF2;ZPR1;BMAL1;HES6;S100A10
prerank,mRNA 3'-End Processing (GO:0031124),-0.3310518442562435,-1.168037149365901,2.157895e-01,7.718964e-01,1.000000e+00,8/35,12.02%,TENT4B;WDR33;CPSF7;HEXIM1;NCBP1;NUDT21;GRSF1;CPSF6
prerank,Golgi Organization (GO:0007030),-0.2783395457467303,-1.167007312298859,1.748366e-01,7.730117e-01,1.000000e+00,22/99,13.69%,RAB1A;CDC42;STX5;TMED10;GORASP2;ARHGEF7;ARHGAP21;CSNK1D;COG3;SURF4;TBC1D20;TMED2;NSFL1C;GAK;VCPIP1;RAB2A;VTI1A;TMED4;OPTN;TMED1;PI4K2A;GOLGA8N
prerank,DNA Repair (GO:0006281),0.22498386549544672,1.1667739376255253,1.107784e-01,7.758595e-01,1.000000e+00,60/240,21.09%,RECQL;XRCC5;TDP2;NSMCE3;SLC30A9;SMARCA5;PRKDC;HPF1;RPA3;XRCC6;SETX;RFC5;PARP4;GTF2H1;DDB2;RFC4;ASF1A;RPA2;GTF2H3;TDP1;UBE2B;RAD23B;DCLRE1A;FAAP20;PMS2;PARP1;TRRAP;RAD52;RRM1;ATRX;VCP;LIG1;ERCC8;EP400;MSH3;GTF2H5;SMC1A;NPM1;RAD17;MC1R;ATRIP;ASCC1;FANCF;PMS1;HUWE1;UVRAG;ERCC6L2;REXO4;MRE11;TIMELESS;RNF8;POLI;MRPL36;POLL;RAD51C;RAD18;PRIMPOL;TP53;ATM;RNASEH2A
prerank,Negative Regulation Of TOR Signaling (GO:0032007),-0.325229796276626,-1.1665462026923554,2.431444e-01,7.720555e-01,1.000000e+00,13/40,22.79%,DDIT4;UBR1;FNIP1;GSK3A;BMAL1;SESN3;SEH1L;SEC13;ITFG2;CASTOR2;FLCN;TSC1;SZT2
prerank,Neuron Projection Development (GO:0031175),-0.28432448960125156,-1.16631777759266,1.825525e-01,7.702587e-01,1.000000e+00,31/87,24.46%,CDC42;ZPR1;PPP1R9B;RYK;ULK1;PQBP1;STX3;ATXN10;EPHA4;WHRN;ZFYVE27;UBB;PLXNA3;CAMSAP1;STMN3;CDK16;LYN;FRY;TRIO;MICALL1;OPHN1;VAPA;MINK1;PAK1;WASL;MARK2;MAP4;KIF20B;STMN1;DNM2;VPS13B
prerank,Positive Regulation Of B Cell Activation (GO:0050871),-0.34102636121761465,-1.1660272625582242,2.186949e-01,7.687195e-01,1.000000e+00,6/33,5.85%,MAD2L2;IRS2;CD81;TNIP2;GPR183;PPP2R3C
prerank,Positive Regulation Of Inflammatory Response (GO:0050729),0.3027410621990918,1.1660263334221497,1.937046e-01,7.743206e-01,1.000000e+00,15/48,23.05%,ETS1;S100A8;S100A9;TNIP1;CD47;IFNG;GSDMD;RIPK1;DDT;IL16;CAMK2N1;SNX4;NAPEPLD;GPSM3;TNFRSF1A
prerank,Protein Deacetylation (GO:0006476),0.31415265096225975,1.1655911741040987,2.233010e-01,7.717391e-01,1.000000e+00,15/36,27.18%,HDAC1;RBBP4;HDAC8;MSL3;MORF4L2;HDAC5;HDAC6;MTA2;MIER1;MORF4L1;BRMS1L;SIRT5;MIER2;MTA3;HDAC10
prerank,Non-Membrane-Bounded Organelle Assembly (GO:0140694),0.2640826337464666,1.1646292986228104,1.629834e-01,7.708591e-01,1.000000e+00,19/87,13.36%,G3BP1;NUP62;TMOD3;TIA1;FLII;PATL2;EIF2S1;CAPRIN1;NEK7;CSDE1;EIF4ENIF1;E2F4;BSCL2;ATXN2;MAPRE2;HAUS1;HAUS4;NPM1;BIN2
prerank,Peptidyl-Proline Modification (GO:0018208),-0.41053889434224067,-1.164292520075795,2.624521e-01,7.723225e-01,1.000000e+00,4/16,15.72%,PPIB;PIN1;NKTR;PPIH
prerank,Regulation Of Rho Protein Signal Transduction (GO:0035023),0.30735970864644385,1.1635480886798628,2.014563e-01,7.704497e-01,1.000000e+00,12/42,16.72%,ARHGEF3;RIPOR2;PDCD10;ARHGEF2;ADGRG1;GPR174;GPR65;AKAP13;DYNLL1;HEG1;F2R;RALBP1
prerank,Negative Regulation Of Cellular Response To Growth Factor Stimulus (GO:0090288),-0.361246947822881,-1.1633248907538332,2.471358e-01,7.729730e-01,1.000000e+00,12/27,26.95%,CRIM1;SPRY2;TRIM33;NOTCH1;HHEX;CASK;SMURF1;SKIL;HIPK2;SORL1;SMURF2;UBE2D1
prerank,Peptidyl-Threonine Modification (GO:0018210),-0.31277305504307534,-1.1627802109043008,2.000000e-01,7.723332e-01,1.000000e+00,15/49,22.39%,AKT1;GALNT3;CSNK2B;ULK1;HIPK1;GSK3A;PRKCA;MAP3K10;CSNK2A2;STK39;GALNT11;HIPK2;GALNT1;SBK1;MARK2
prerank,Cellular Response To Growth Factor Stimulus (GO:0071363),0.2691535083788533,1.1626175040977453,2.071611e-01,7.697206e-01,1.000000e+00,13/75,6.99%,TGFBR2;MAPK14;HDAC1;SLC4A7;ZFP36L1;EHD1;HSPB1;SETX;EEF1A1;ERBB2;PLCG1;CPNE3;BMPR1A
prerank,Regulation Of Smooth Muscle Cell Proliferation (GO:0048660),0.3496366116481471,1.162155329822527,2.314607e-01,7.671690e-01,1.000000e+00,5/25,4.26%,HDAC1;XRCC5;PRKDC;XRCC6;IFNG
prerank,Negative Regulation Of Growth (GO:0045926),-0.2852351519308753,-1.1617226547525115,1.996753e-01,7.733565e-01,1.000000e+00,18/73,17.58%,BCL6;PPP1R9B;SERTAD2;TGFB1;CDKN2D;PPP2CA;NDUFA13;SERTAD3;PTPRJ;NAIF1;FBP1;CGRRF1;TSPYL2;NDUFS3;OSGIN2;BST2;SIPA1;DDX3X
prerank,Negative Regulation Of Cysteine-Type Endopeptidase Activity Involved In Apoptotic Process (GO:0043154),-0.3582181880190073,-1.1611753206244384,2.542373e-01,7.727163e-01,1.000000e+00,9/27,23.03%,CDKN2D;DNAJB6;FNIP1;TRIAP1;IFI6;LAMTOR5;DDX3X;PARK7;USP47
prerank,Establishment Of Epithelial Cell Polarity (GO:0090162),0.39661074470980195,1.1609162703589184,2.586207e-01,7.673827e-01,1.000000e+00,2/15,0.27%,CYTH1;GOLPH3
prerank,Negative Regulation Of Signal Transduction (GO:0009968),-0.27054298306147134,-1.160882211227815,1.787365e-01,7.711363e-01,1.000000e+00,29/112,18.88%,RGS2;MAZ;YTHDF2;INPP5K;AKT1;BRAP;SPRY2;CALR;FBXW7;GATA3;PIP4K2A;PTPRJ;GSK3A;CNOT1;HHEX;PRKCB;CSNK2A2;OTUD4;MOSMO;SOCS1;CCL5;LYN;SMAD5;PTCH2;ARRB1;ASXL1;METTL3;ARRDC1;GPR108
prerank,Intrinsic Apoptotic Signaling Pathway In Response To DNA Damage By P53 Class Mediator (GO:0042771),-0.4093768006212395,-1.1603648310491745,2.709091e-01,7.703598e-01,1.000000e+00,7/16,20.74%,SNW1;DDIT4;HIPK1;BCL3;BAG6;HIPK2;TMEM109
prerank,Vacuolar Acidification (GO:0007035),-0.375119421605375,-1.1601922877297235,2.406417e-01,7.684260e-01,1.000000e+00,4/22,7.33%,TCIRG1;ATP6V1H;RNASEK;ATP6V0C
prerank,"Maturation Of 5.8S rRNA From Tricistronic rRNA Transcript (SSU-rRNA, 5.8S rRNA, LSU-rRNA) (GO:0000466)",0.3762504824172942,1.1601445751280495,2.638581e-01,7.661512e-01,1.000000e+00,5/18,13.00%,EXOSC2;PES1;EXOSC3;NOL9;EXOSC8
prerank,Protein Targeting To Membrane (GO:0006612),-0.3096378749255492,-1.1598775981473308,2.388060e-01,7.670196e-01,1.000000e+00,13/51,17.48%,ZDHHC18;CHMP4A;VPS37B;ZDHHC14;SRP19;ZDHHC24;GET4;ZDHHC3;TAOK2;GOLGA7B;YIF1B;MICALL1;BAG6
prerank,Negative Regulation Of Cellular Response To Insulin Stimulus (GO:1900077),-0.3993247201651282,-1.1586386844492949,2.681159e-01,7.688914e-01,1.000000e+00,5/17,12.04%,INPP5K;PIP4K2A;GSK3A;PRKCB;SOCS1
prerank,Endomembrane System Organization (GO:0010256),-0.2576033602969097,-1.1564073992630326,1.711146e-01,7.744086e-01,1.000000e+00,45/148,24.46%,RAB1A;CDC42;SYNGR1;AP3D1;TMED10;GORASP2;LAMTOR1;ARHGEF7;ARHGAP21;CSNK1D;CHMP2B;COG3;SURF4;BNIP1;TBC1D20;TMED2;NSFL1C;GAK;RAB2A;TMED4;OPTN;TMED1;TMEM170A;PI4K2A;GOLGA8N;VPS4A;LMNB2;SRGN;PLEKHM2;RAB22A;RAB30;BAG5;LYSMD3;VAPA;NPLOC4;TMED9;FBXW8;DMPK;GBF1;HTT;UBXN2A;ATP8B4;PLEKHJ1;SNX10;VPS13B
prerank,Negative Regulation Of Cell Motility (GO:2000146),-0.2894650611797434,-1.1551440813238765,2.052117e-01,7.761085e-01,1.000000e+00,11/66,10.32%,ARHGAP4;RAP2C;ADARB1;STK24;GATA3;PIN1;DUSP22;LDLRAD4;PTPRJ;EPHA4;SAP30L
prerank,Positive Regulation Of Natural Killer Cell Mediated Immunity (GO:0002717),0.38501277064840983,1.1542736453467828,2.494759e-01,7.829286e-01,1.000000e+00,5/17,10.55%,RASGRP1;CD226;CADM1;KLRD1;SLAMF6
prerank,Response To Metal Ion (GO:0010038),-0.33509669290224436,-1.1540941195835552,2.646048e-01,7.772515e-01,1.000000e+00,7/35,10.58%,CALM3;FXN;PPP2CA;CRIP1;PPP2CB;TTN;CALM1
prerank,Enzyme-Linked Receptor Protein Signaling Pathway (GO:0007167),-0.3315702503101786,-1.1525305105175259,2.337434e-01,7.803046e-01,1.000000e+00,9/34,17.38%,RYK;RAPGEF1;YES1;ALKAL2;SAMD10;CD7;LYN;TRIO;AHI1
prerank,Vascular Transport (GO:0010232),-0.344486046433094,-1.152297607691326,2.359347e-01,7.785129e-01,1.000000e+00,12/31,25.63%,SLC22A5;SLC2A1;SLC7A5;ATP8A1;SLC38A5;SLC27A1;SLC5A6;SLC4A4;SLC1A4;SLC16A1;ABCB1;SLCO3A1
prerank,Negative Regulation Of Proteolysis (GO:0045861),-0.40431353839838047,-1.1521312066451934,2.700730e-01,7.765414e-01,1.000000e+00,8/17,26.29%,AKT1;TIMP1;EPHA4;BAG6;CLN3;DNAJC1;SNX12;TRIM21
prerank,Regulation Of Ubiquitin-Dependent Protein Catabolic Process (GO:2000058),0.3177432239565178,1.1520791904483425,2.429245e-01,7.866897e-01,1.000000e+00,11/33,15.60%,XPO1;UFL1;CDK5RAP3;DESI1;TRIM39;RAD23B;GLMN;UBE3A;LAPTM5;PTEN;L3MBTL3
prerank,Lymphocyte Differentiation (GO:0030098),-0.3150914612786251,-1.150867798501114,2.581756e-01,7.785511e-01,1.000000e+00,22/49,24.66%,CEBPG;GATA3;CD79B;FNIP1;PTPRJ;HHEX;PIK3R1;LFNG;GPR89A;HDAC9;KAT7;SLC25A5;NFIL3;RABL3;DCAF1;TCF3;RELB;SOX4;LMBR1L;PTPN2;GPS2;JAK3
prerank,Positive Regulation Of Interleukin-1 Beta Production (GO:0032731),0.33571008596778124,1.150611357785608,2.454128e-01,7.878221e-01,1.000000e+00,6/27,8.66%,GBP5;STAT3;HSPB1;IFNG;GSDMD;CARD8
prerank,Positive Regulation Of Lymphocyte Proliferation (GO:0050671),-0.3271720213163915,-1.150438547488094,2.576029e-01,7.774146e-01,1.000000e+00,10/37,16.81%,NCK2;IRS2;CD81;GPR183;CD70;CD38;CCL5;VAV3;TYK2;IL18
prerank,Protein Modification By Small Protein Removal (GO:0070646),0.26426527385739723,1.1500072805680308,2.040302e-01,7.858954e-01,1.000000e+00,14/73,9.74%,USP11;UCHL5;USP28;SENP6;COPS5;USP22;COPS7A;USP34;DESI1;STAMBP;USP32;SENP7;USP14;USP19
prerank,Cellular Response To Organonitrogen Compound (GO:0071417),-0.3053340260421464,-1.1498181739639723,2.483660e-01,7.771797e-01,1.000000e+00,14/52,16.20%,INPP5K;NSMF;LAMTOR1;EGR1;LAMTOR4;RAPGEF1;SSH1;P2RX4;DHX8;LAMTOR5;DMTN;PKD2;PDXP;CAPN2
prerank,Nitrogen Compound Transport (GO:0071705),0.26709831257375505,1.1497290214214317,2.000000e-01,7.828838e-01,1.000000e+00,21/77,21.89%,MIA3;ARL6IP5;HIKESHI;SCAMP1;SLC26A2;SNX18;LRRC8D;SLC26A11;SCAMP2;CHMP1A;CEP290;PICK1;SLC36A1;VAMP2;RALBP1;ARRDC3;SNX4;CD320;SLC29A3;SCAMP4;DENND10
prerank,Regulation Of Proteolysis (GO:0030162),-0.32949370759833607,-1.1489461557917624,2.482759e-01,7.777634e-01,1.000000e+00,10/35,19.55%,AURKAIP1;BAD;ASPH;SPOPL;TBC1D10A;BAG6;CLN3;OGT;DNAJC1;BAK1
prerank,Substantia Nigra Development (GO:0021762),-0.3534034216295484,-1.148515404306268,2.599653e-01,7.768154e-01,1.000000e+00,7/27,13.97%,CDC42;CALM3;CHKB;CALM1;YWHAE;MAPKAP1;NDUFS3
prerank,Cellular Response To Glucose Starvation (GO:0042149),-0.3293666050371642,-1.1484755978253167,2.592593e-01,7.744442e-01,1.000000e+00,14/35,25.52%,ATF4;ZC3H12A;TBL2;BECN1;SESN3;ITFG2;ATG14;SUV39H1;HSPA5;PLIN3;SZT2;CPEB4;MTMR3;PRKAA1
prerank,Protein Polyubiquitination (GO:0000209),0.22817255183278548,1.1482425507063574,1.333333e-01,7.841372e-01,1.000000e+00,43/185,18.10%,UBE2D4;UBE2D2;SHPRH;TRIM27;RNF146;TRIM22;MYCBP2;TTC3;LNPEP;RNF20;UBE2H;SPOP;UBE3B;RNF14;TRIM65;ANAPC10;RFFL;DDB2;CDC26;UBE2B;UBR5;ARIH1;THOP1;BLMH;UBE4A;FBXL17;ERCC8;SYVN1;SHARPIN;UBE3A;TRIM38;DZIP3;FBXO4;RBX1;ITCH;CDC16;FBXO38;HACE1;HUWE1;RNF185;UBE2R2;ANKIB1;PPIL2
prerank,Negative Regulation Of Insulin Receptor Signaling Pathway (GO:0046627),-0.4008586768420744,-1.1482137115202695,2.797834e-01,7.728841e-01,1.000000e+00,5/16,12.04%,INPP5K;PIP4K2A;GSK3A;PRKCB;SOCS1
prerank,Positive Regulation Of Ubiquitin-Protein Transferase Activity (GO:0051443),-0.37172756066164,-1.1480389369485715,2.742537e-01,7.709139e-01,1.000000e+00,6/20,14.27%,FBXW7;PIN1;AXIN1;TOPORS;UBE2S;PINK1
prerank,Transport Along Microtubule (GO:0010970),-0.40773638745986457,-1.1477171824603651,2.875226e-01,7.696074e-01,1.000000e+00,5/15,15.56%,CDC42;ARHGAP21;KXD1;BAG3;BORCS5
prerank,Response To Peptide (GO:1901652),0.37511820476026203,1.147565549079486,2.634033e-01,7.824337e-01,1.000000e+00,4/19,7.15%,STAT3;STAT4;ERBIN;STAT5A
prerank,Epidermal Growth Factor Receptor Signaling Pathway (GO:0007173),-0.38454009047031507,-1.1473451818793095,2.654545e-01,7.686106e-01,1.000000e+00,3/19,2.86%,NCK2;AKT1;TGFB1
prerank,Regulation Of Protein Ubiquitination (GO:0031396),-0.27870453076215723,-1.1465300769110105,2.171799e-01,7.688947e-01,1.000000e+00,29/88,22.52%,U2AF2;AKT1;SPRY2;FBXW7;CUL3;BIRC2;GSK3A;USP4;DERL1;AXIN1;N4BP1;UBB;SUMO1;ISG15;FBXO33;SPOPL;PINK1;RIPK2;GTPBP4;ARRB1;BIRC3;BAG5;OGT;SOX4;CAMLG;PER2;GNL3L;PARK7;ARRB2
prerank,Lipid Transport (GO:0006869),-0.3106279985051875,-1.1452006588973804,2.535971e-01,7.709479e-01,1.000000e+00,12/46,20.10%,GLTP;NPC2;TRIAP1;BLTP3B;ABCA5;ABCA3;SLC10A3;CLN3;FABP5;PRELID3B;VAPA;SLC27A1
prerank,Cellular Response To Topologically Incorrect Protein (GO:0035967),0.37988463322545607,1.1450888956146992,2.993348e-01,7.874492e-01,1.000000e+00,5/17,13.54%,TM7SF3;TMBIM6;DAXX;PTPN1;HDAC6
prerank,Regulation Of Organelle Assembly (GO:1902115),0.2874049658529906,1.1450460217118326,2.130751e-01,7.836093e-01,1.000000e+00,18/54,26.51%,TRAPPC12;SENP6;PIKFYVE;ATG5;RABEP2;WDPCP;NPM1;SPICE1;KIF9;EZR;IFT88;CDKL1;CEP76;TBC1D10C;TBC1D10B;STX18;TBC1D22B;TBC1D1
prerank,Regulation Of DNA Recombination (GO:0000018),0.32247019915506736,1.1440923419459006,2.605791e-01,7.831182e-01,1.000000e+00,8/30,12.59%,H1-2;H1-3;H1-4;PPP4C;PPP4R2;RPA2;IL7R;MSH3
prerank,Negative Regulation Of Cysteine-Type Endopeptidase Activity (GO:2000117),-0.3622643920084806,-1.1435959651970544,2.648084e-01,7.740975e-01,1.000000e+00,6/25,11.57%,CDKN2D;DNAJB6;FNIP1;TRIAP1;IFI6;LAMTOR5
prerank,Cytosolic Pattern Recognition Receptor Signaling Pathway (GO:0002753),0.3541257609776137,1.1434006906406795,2.561247e-01,7.818201e-01,1.000000e+00,9/23,24.81%,PHB2;STING1;IRF3;IPO5;ITCH;RIGI;TIFA;RNF135;MAP3K7
prerank,Establishment Of Spindle Orientation (GO:0051294),-0.3703833488456092,-1.1433334735505,2.811388e-01,7.725888e-01,1.000000e+00,3/22,7.86%,MAPRE1;DYNLT1;NSFL1C
prerank,Regulation Of Double-Strand Break Repair Via Homologous Recombination (GO:0010569),0.2764741108506597,1.1432746745590041,2.185792e-01,7.784714e-01,1.000000e+00,27/62,30.60%,HDGFL2;SMCHD1;PPP4C;PPP4R2;MORF4L2;BRD8;RPA2;PARP1;TRRAP;RUVBL1;EP400;WRAP53;HELQ;ACTR2;TIMELESS;MORF4L1;MRGBP;ARID2;ACTL6A;VPS72;UBQLN4;MAGEF1;ERCC6;RADX;EPC2;DMAP1;MRNIP
prerank,Positive Regulation Of Cell Migration (GO:0030335),-0.2646564292060354,-1.1432483837471366,2.193126e-01,7.704438e-01,1.000000e+00,20/123,10.01%,MAZ;CDC42;NSMF;ARHGEF7;TGFB1;ZNF268;RHOC;CARMIL2;SPRY2;PLAA;GLIPR2;FBXO5;ACTN4;NOTCH1;SEMA4F;PRKCA;EPHA4;ELP5;SPAG9;AGO2
prerank,Response To Lipopolysaccharide (GO:0032496),-0.2807525524559875,-1.1430683745147332,2.178060e-01,7.687315e-01,1.000000e+00,18/81,13.86%,MAPKAPK2;VIM;GIT1;ZC3H12A;GCH1;PLAA;TNIP3;TNIP2;LGALS9;NFKBIB;SHPK;PABPN1;SBNO2;TNFRSF11A;NFKB1;NOCT;IRAK1;GSTP1
prerank,Negative Regulation Of Protein Serine/Threonine Kinase Activity (GO:0071901),-0.3121121733395385,-1.1429053689199538,2.538860e-01,7.669455e-01,1.000000e+00,13/46,14.12%,RGS2;INPP5K;AKT1;SPRY2;HEXIM1;PTPRJ;HHEX;LATS1;PRKAR2A;CDK5RAP1;LYN;GSTP1;TESK1
prerank,B Cell Activation (GO:0042113),-0.3072254132386473,-1.142777062646289,2.587646e-01,7.650509e-01,1.000000e+00,16/47,15.63%,CEBPG;GPR183;CD79B;CD70;FNIP1;PTPRJ;HHEX;PIK3R1;LAT2;CTPS1;PRKCB;HDAC9;SLC25A5;RABL3;DCAF1;TCF3
prerank,Selective Autophagy (GO:0061912),-0.30864514404106613,-1.1427666664328797,2.325203e-01,7.627396e-01,1.000000e+00,14/47,15.98%,MAP1LC3B;ULK1;TGFB1;CALR;ATG2A;ATG4D;LGALS8;BECN1;ATG4B;USP30;UFC1;PINK1;ATG14;UFM1
prerank,External Encapsulating Structure Organization (GO:0045229),-0.4145245356137939,-1.1422803621372781,2.867384e-01,7.619805e-01,1.000000e+00,3/15,10.62%,MMP23B;FURIN;ADAMTS10
prerank,Extracellular Structure Organization (GO:0043062),-0.40731593192398063,-1.1420458409212104,2.882562e-01,7.605026e-01,1.000000e+00,3/16,10.62%,MMP23B;FURIN;ADAMTS10
prerank,I-kappaB kinase/NF-kappaB Signaling (GO:0007249),-0.3277263647544051,-1.1419551920424418,2.690972e-01,7.584783e-01,1.000000e+00,11/36,21.96%,CARD11;BIRC2;BCL3;NFKB1;IKBKB;REL;RIPK2;BIRC3;RELB;NLRC3;NFKBIL1
prerank,Positive Regulation Of Protein Modification Process (GO:0031401),-0.2641066428760083,-1.141755552505475,2.266010e-01,7.568385e-01,1.000000e+00,36/119,22.29%,NSMF;AKT1;CALM3;MYDGF;EGR1;TGFB1;VEGFB;FLOT1;RAC1;PTBP1;PIN1;CSNK1D;ATG7;FNIP1;AXIN1;BMAL1;PTPA;CALM1;LYN;TESK1;PINK1;HLA-DRB1;ATG14;SUV39H1;ARRB1;DDX3X;PPP1R16B;ENG;TXN;CNEP1R1;RB1CC1;PAK1;CAMTA1;BRMS1;FLCN;CIB1
prerank,Purine Ribonucleotide Metabolic Process (GO:0009150),0.30462284924564953,1.1415890469166552,2.560386e-01,7.807553e-01,1.000000e+00,16/40,25.45%,GPAT4;RAN;GIMAP7;CROT;MFN1;ACAT1;HSPA8;GMPR2;ABHD14B;ADSS2;BPNT1;TPST2;CLPX;HINT1;MLYCD;NDUFS1
prerank,Regulation Of Interleukin-4 Production (GO:0032673),-0.4085560604879429,-1.1413981032826646,2.807626e-01,7.556941e-01,1.000000e+00,5/15,14.82%,ZFPM1;GATA3;LGALS9;SLC7A5;HLA-DRB1
prerank,Positive Regulation Of Cytokine-Mediated Signaling Pathway (GO:0001961),0.3420770560769465,1.1408206475325962,2.411348e-01,7.796525e-01,1.000000e+00,8/26,19.46%,AGPAT1;GFI1;HIF1A;STING1;RIPK1;LAPTM5;RNF185;FADD
prerank,Negative Regulation Of Cellular Process (GO:0048523),-0.23441858024947818,-1.1406617845918645,1.697575e-01,7.559608e-01,1.000000e+00,81/289,22.53%,NCK2;CTBP1;RBM5;FTH1;NME1;ADARB1;RUNX3;BCL6;PPP1R9B;CHMP4A;CSNK2B;ULK1;SERTAD2;TGFB1;ZNF268;CDKN2D;PPP2CA;GATA3;APOBEC3H;PIN1;PLXNA4;NDUFA13;CHMP2B;SERTAD3;PTPRJ;NAIF1;COPS8;FBP1;BCL7B;TENT5C;BCL7C;NOTCH1;EPHA4;IFNLR1;CGRRF1;DLG3;PLXNA3;TSPYL2;ATF5;MDM4;PKD2;BRD9;LYN;ZBTB49;NDUFS3;GMNN;CHMP2A;VPS4A;OSGIN2;ANXA6;BST2;SUV39H1;SIPA1;GTPBP4;THAP12;PPM1D;P3H1;IRF1;DDX3X;TXNDC12;HTRA2;PODN;BICRA;TESC;ST20;WARS1;SOX4;SAV1;RB1CC1;KLF11;BTG3;EIF2AK2;TMEM109;PHB1;ADAMTS1;COL18A1;CTBP2;FLCN;CIB1;PARK7;TSC1
prerank,Golgi To Plasma Membrane Protein Transport (GO:0043001),0.34859342079251915,1.1406045366766335,2.735230e-01,7.766635e-01,1.000000e+00,9/23,24.44%,GOLPH3;RAB10;GCC2;BBS2;BLZF1;VAMP2;PREPL;GOLGA7;GGA2
prerank,Regulation Of Lysosomal Lumen pH (GO:0035751),-0.3850955076649662,-1.1404011974429662,2.703180e-01,7.546114e-01,1.000000e+00,4/19,7.33%,TCIRG1;ATP6V1H;RNASEK;ATP6V0C
prerank,Cellular Response To Lectin (GO:1990858),-0.4003102413829448,-1.1403862448546105,2.881944e-01,7.479144e-01,1.000000e+00,10/16,30.93%,CREBBP;IKBKB;KLRC2;TYROBP;LYN;PAK1;KLRC4;KLRC3;EP300;FYN
prerank,Stimulatory C-type Lectin Receptor Signaling Pathway (GO:0002223),-0.4003102413829448,-1.1403862448546105,2.881944e-01,7.479144e-01,1.000000e+00,10/16,30.93%,CREBBP;IKBKB;KLRC2;TYROBP;LYN;PAK1;KLRC4;KLRC3;EP300;FYN
prerank,Innate Immune Response Activating Cell Surface Receptor Signaling Pathway (GO:0002220),-0.4003102413829448,-1.1403862448546105,2.881944e-01,7.479144e-01,1.000000e+00,10/16,30.93%,CREBBP;IKBKB;KLRC2;TYROBP;LYN;PAK1;KLRC4;KLRC3;EP300;FYN
prerank,Negative Regulation Of Supramolecular Fiber Organization (GO:1902904),-0.31536229116334424,-1.140334650527729,2.440273e-01,7.459070e-01,1.000000e+00,12/42,23.95%,MAPRE1;TWF1;PFDN1;SSH1;PFDN2;PFDN4;TWF2;PFN1;ATXN7;TBCD;CIB1;STMN1
prerank,Negative Regulation Of Immune Response (GO:0050777),0.2947805657061815,1.1399976070559472,2.765432e-01,7.751069e-01,1.000000e+00,10/47,10.98%,MAPK14;TRIM27;PRKDC;YWHAZ;PLCG1;ATG5;FCGR2B;PARP1;HAVCR2;RHBDF2
prerank,Positive Regulation Of Peptidyl-Tyrosine Phosphorylation (GO:0050731),-0.31259985731105266,-1.1399575536262772,2.600349e-01,7.448558e-01,1.000000e+00,13/47,18.19%,DGKQ;CD81;TGFB1;PTPRJ;EPHA4;LRP8;DLG3;TNK2;CCL5;LYN;RIPK2;IL18;UNC119
prerank,Positive Regulation Of Fat Cell Differentiation (GO:0045600),-0.3484120594346013,-1.1390971858598262,2.640145e-01,7.454495e-01,1.000000e+00,5/28,7.78%,METRNL;AKT1;ZC3H12A;ID2;CARM1
prerank,Regulation Of Cytokine Production Involved In Inflammatory Response (GO:1900015),0.3384102740066259,1.1386091550576527,2.654462e-01,7.762953e-01,1.000000e+00,5/25,6.95%,MAPK14;GBP5;STAT3;CD6;HIF1A
prerank,Positive Regulation Of Phagocytosis (GO:0050766),0.3389329792836884,1.1382465209192953,2.750000e-01,7.738229e-01,1.000000e+00,5/25,9.08%,PTPRC;NCKAP1L;CD47;IFNG;FCGR2B
prerank,Activation Of GTPase Activity (GO:0090630),0.28814403724823345,1.1378539648215682,2.326733e-01,7.715660e-01,1.000000e+00,7/49,7.28%,ARHGAP25;ARHGAP45;RASGRP1;TBCK;PIP5K1A;GPR65;TBC1D25
prerank,Cellular Response To Starvation (GO:0009267),-0.2701964649040244,-1.1375383301271689,2.166124e-01,7.481552e-01,1.000000e+00,30/97,23.57%,ATF4;MAP1LC3B;WDR45B;ZC3H12A;STK24;ATG7;FNIP1;GABARAPL1;TBL2;BECN1;SESN3;FADS1;SEH1L;USP33;WIPI1;TFEB;ITFG2;SREBF1;ATG14;SUV39H1;JMY;HSPA5;LAMP2;EIF2AK2;FLCN;PLIN3;ASNS;SZT2;CPEB4;MTMR3
prerank,Regulation Of Interleukin-12 Production (GO:0032655),0.3388604520521824,1.1373657052073094,2.766990e-01,7.696725e-01,1.000000e+00,16/26,37.30%,MAPK14;CD47;IFNG;LAPTM5;LTB;IL16;TIRAP;FOXP1;MAST2;CMKLR1;HMGB1;IRF5;THBS1;TIGIT;HSPD1;PLCG2
prerank,Regulation Of calcineurin-NFAT Signaling Cascade (GO:0070884),0.361520508811713,1.1367643873348707,2.754630e-01,7.679384e-01,1.000000e+00,4/20,10.02%,PPP3CB;PPP3CC;ATP2B4;PPP3R1
prerank,B Cell Receptor Signaling Pathway (GO:0050853),0.3658649645823867,1.1366646881962845,2.703863e-01,7.646152e-01,1.000000e+00,4/18,3.96%,PIK3CD;PTPRC;NCKAP1L;NFATC2
prerank,Translation (GO:0006412),0.23718631934577264,1.1364092176459626,1.893333e-01,7.619273e-01,1.000000e+00,41/144,22.28%,MRPS7;APEH;DARS1;TNIP1;COPS5;EEF1A1;DAP3;MRPL49;MRPS33;MRPL3;SRBD1;SARS1;EEF2;MRPL34;QARS1;RARS2;MRPS18C;EEF1B2;EEF2K;EPRS1;MRPL41;MRRF;RACK1;MRPL20;ABCE1;EIF4G1;MRPL18;MRPS34;IARS2;MRPS18B;MRPL17;WARS2;MRPS14;MARS2;MRPL36;EIF4EBP2;MRPL27;MRPL53;GSPT1;EIF5A2;MRPL51
prerank,U2-type Prespliceosome Assembly (GO:1903241),-0.3673521392770506,-1.1361013766986945,2.838095e-01,7.506110e-01,1.000000e+00,8/23,20.78%,SF3B6;PHF5A;SNRPB2;SNRPD1;SF3A2;SNIP1;SF3B2;SF3B5
prerank,Regulation Of Intracellular Signal Transduction (GO:1902531),0.23279158877425848,1.135999970096586,1.518625e-01,7.597221e-01,1.000000e+00,25/165,8.66%,ARHGEF3;TAGAP;ARHGAP30;ARHGAP45;ARAF;STK4;ARHGEF2;TNIK;LBH;PLEKHG3;UFL1;HSPB1;TBCK;CRK;WDR54;GRAP2;RFFL;NUAK1;PAK2;PIP5K1A;DAPK2;ARHGAP1;ZFAND6;ARHGAP15;CARD8
prerank,Spliceosomal Complex Assembly (GO:0000245),-0.2952615994419129,-1.1358457112894647,2.628774e-01,7.492852e-01,1.000000e+00,11/55,10.96%,SF3B6;SRSF10;CRNKL1;RBM5;PHF5A;SNRPB2;SRSF9;NCBP1;SNRPD1;DDX1;SRSF5
prerank,Mitochondrial Transport (GO:0006839),-0.3059405476025247,-1.1356287581829376,2.547009e-01,7.478201e-01,1.000000e+00,11/49,14.74%,TIMM17A;TIMM8B;TIMM23;BCS1L;BAD;TOMM22;STARD3;SLC25A5;TOMM5;PINK1;TSPO
prerank,Protein-Containing Complex Assembly (GO:0065003),-0.24190163821109376,-1.1349996205831827,1.805766e-01,7.477402e-01,1.000000e+00,36/213,12.23%,NCK2;RAB5IF;NAPG;FARP2;TMED10;CHMP4A;ZC3H12A;CSNK2B;TRAPPC2L;PSMG2;TRAPPC6A;TGFB1;CREBBP;SLC2A1;CSNK1D;BAD;CUL3;CAND1;ELOB;SRP19;TMED2;AXIN1;CENPT;BECN1;GPAA1;SRP54;GAK;MNAT1;WDCP;SLC9A1;CAPZA2;TAPBP;MDM4;DMTN;CASP4;TRAPPC5
prerank,Regulation Of ERK1 And ERK2 Cascade (GO:0070372),-0.27423462225364864,-1.1344250672933456,2.398042e-01,7.474021e-01,1.000000e+00,32/87,23.28%,XCL1;TGFB1;SPRY2;FBXW7;GPR183;PIN1;GLIPR2;MAP2K7;ALKAL2;LGALS9;XCL2;NOTCH1;PRKCA;EPHA4;CCL4;CCL5;PRXL2C;LYN;DENND2B;GSTP1;HLA-DRB1;BRAF;ARRB1;DUSP6;SHC1;PHB1;RANBP9;FLCN;ICAM1;CIB1;ARRB2;PTPN2
prerank,RNA 3'-End Processing (GO:0031123),-0.3277235072311062,-1.1330237561627456,2.744015e-01,7.499460e-01,1.000000e+00,8/33,12.49%,TENT4B;CPSF7;SUPV3L1;HEXIM1;NCBP1;NUDT21;CPSF6;TOE1
prerank,Regulation Of Myoblast Differentiation (GO:0045661),0.31296743379912884,1.133005675911601,2.471655e-01,7.664591e-01,1.000000e+00,5/32,3.76%,MAPK14;RIPOR2;ZFP36L1;PBRM1;SMARCC2
prerank,Regulation Of Phagocytosis (GO:0050764),0.3257531984580093,1.1313323464376346,2.776524e-01,7.687000e-01,1.000000e+00,7/28,14.68%,PTPRC;CD47;IFNG;SNX3;FCGR2B;RACK1;LETMD1
prerank,Regulation Of Mitotic Nuclear Division (GO:0007088),-0.369800268774951,-1.1310116506932473,2.604736e-01,7.542818e-01,1.000000e+00,5/22,6.12%,AURKAIP1;PIN1;FBXO5;MKI67;DAPK3
prerank,Regulation Of miRNA Transcription (GO:1902893),0.31664076962815374,1.130680941426986,2.774049e-01,7.674094e-01,1.000000e+00,13/31,23.50%,ETS1;STAT3;JUN;DDX5;HIF1A;GNL3;PPARA;SMAD3;NFATC3;TP53;REST;RARA;MRTFA
prerank,Nucleus Organization (GO:0006997),-0.3167982486968352,-1.129772942401414,2.939130e-01,7.561003e-01,1.000000e+00,15/40,26.60%,CHMP4A;NUP54;CHMP2B;NUP133;SEH1L;TMEM170A;CHMP2A;VPS4A;LMNB2;USP36;ATXN7;DMPK;TPR;LMNA;NUP98
prerank,Protein-Containing Complex Organization (GO:0043933),-0.2761730632620677,-1.1295636017419073,2.380952e-01,7.545838e-01,1.000000e+00,16/82,11.85%,NAPG;CSNK2B;CREBBP;SLC2A1;NUP54;ELOB;NUP133;AXIN1;BECN1;GPAA1;MNAT1;SEH1L;CAPZA2;TAPBP;MDM4;DMTN
prerank,mRNA Transcription (GO:0009299),-0.3234717096284846,-1.1289636700400059,2.562724e-01,7.543659e-01,1.000000e+00,9/35,13.41%,ATF4;TAF11;TAF10;ZBTB1;NCOA1;NCBP1;NCBP3;TAF4;S100A10
prerank,Fatty Acid Catabolic Process (GO:0009062),0.2878232064493313,1.1289135157391774,2.475000e-01,7.698906e-01,1.000000e+00,19/48,28.12%,ECHDC2;ECHDC1;ABHD3;HADHA;CROT;ABHD2;ACADM;MCAT;ACAT1;PHYH;BDH2;LPIN2;ACAA2;ECI2;ABCD3;MTLN;SCP2;AUH;PEX2
prerank,Cellular Response To Transforming Growth Factor Beta Stimulus (GO:0071560),0.2879945274281273,1.1287553368934855,2.518337e-01,7.670011e-01,1.000000e+00,5/48,3.15%,TGFBR2;FNTA;ZFP36L1;STAT3;JUN
prerank,"Positive Regulation Of DNA-templated Transcription, Elongation (GO:0032786)",-0.2968210467228666,-1.1285632212495649,2.461800e-01,7.536707e-01,1.000000e+00,17/54,21.52%,MED10;PWWP2B;MED30;NCBP1;BRD4;ELL;EAPP;MED4;CCNT1;KAT7;MED19;CCNT2;CDK9;MED17;CDK12;TCERG1;MED6
prerank,Positive Regulation Of Angiogenesis (GO:0045766),-0.3164409244341388,-1.1284645477618707,2.521151e-01,7.518308e-01,1.000000e+00,10/40,13.74%,MYDGF;ZC3H12A;VEGFB;PDCL3;HIPK1;PRKCA;EMC10;AGO2;PRKCB;JMJD8
prerank,Regulation Of T Cell Differentiation (GO:0045580),-0.32623743073311096,-1.1281982821976906,2.816901e-01,7.505696e-01,1.000000e+00,7/36,7.46%,BRD7;ARID1B;TCF7;CLPTM1;GATA3;ZBTB1;ZMIZ1
prerank,Regulation Of Dendrite Morphogenesis (GO:0048814),0.3961698007831963,1.1270184785091768,2.917595e-01,7.695082e-01,1.000000e+00,4/15,7.25%,TNIK;CAPRIN1;SARM1;YWHAH
prerank,Negative Regulation Of Cell Migration (GO:0030336),-0.2741644285489409,-1.1269375932437298,2.475410e-01,7.523322e-01,1.000000e+00,18/79,18.59%,ARHGAP4;RAP2C;ADARB1;STK24;CALR;RAC1;TIMP1;DUSP22;LDLRAD4;PTPRJ;EPHA4;SAP30L;BST2;EVL;GTPBP4;PODN;ENG;OGT
prerank,Positive Regulation Of Endothelial Cell Migration (GO:0010595),-0.30670511338510875,-1.1261708797474523,2.733447e-01,7.526769e-01,1.000000e+00,10/43,9.34%,AKT1;ZC3H12A;TGFB1;MAP2K3;CALR;RAC1;GATA3;P2RX4;PRKCA;EMC10
prerank,Cellular Response To Molecule Of Bacterial Origin (GO:0071219),-0.2930220749627697,-1.1258532848903284,2.663230e-01,7.516953e-01,1.000000e+00,11/58,10.03%,VIM;GIT1;ZC3H12A;PLAA;TNIP3;TNIP2;NFKBIB;SHPK;PABPN1;SBNO2;NFKB1
prerank,Protein Acylation (GO:0043543),-0.34188936928482366,-1.1258044271982448,2.814815e-01,7.497544e-01,1.000000e+00,16/29,34.52%,ZDHHC18;CREBBP;SELENOK;ZDHHC14;ZDHHC3;ING5;ZDHHC20;ZDHHC7;KAT2B;GTF2B;EP300;ZDHHC13;ZDHHC8;ZDHHC2;NAA80;ZDHHC6
prerank,Regulation Of Proteasomal Protein Catabolic Process (GO:0061136),0.3038157399687783,1.125329701447312,2.737557e-01,7.717226e-01,1.000000e+00,10/39,11.03%,UCHL5;XPO1;ARAF;UFL1;DESI1;RAD23B;USP14;USP19;MARCHF7;GLMN
prerank,Myeloid Leukocyte Differentiation (GO:0002573),-0.32568450753626266,-1.125070994058441,2.864407e-01,7.501445e-01,1.000000e+00,11/33,14.82%,CDC42;FARP2;GATA3;GPR183;LGALS9;SBNO2;TNFRSF11A;SRP54;SOCS1;TYROBP;HLA-DRB1
prerank,Histone Deacetylation (GO:0016575),0.3118789548571058,1.124677077503789,2.635294e-01,7.706239e-01,1.000000e+00,11/32,21.14%,HDAC1;RBBP4;HDAC8;MSL3;MORF4L2;HDAC5;HDAC6;MTA2;MIER1;MORF4L1;BRMS1L
prerank,Negative Regulation Of Protein Catabolic Process (GO:0042177),-0.33683343219725304,-1.1244393485400763,2.859649e-01,7.502282e-01,1.000000e+00,13/33,25.09%,MAD2L2;FURIN;PSMF1;PIN1;TIMP1;MDM4;AZIN1;OPHN1;PHB1;BANP;CYP51A1;SNX12;HMGCR
prerank,Synapse Organization (GO:0050808),0.33208918047709657,1.1239659838787706,2.783505e-01,7.695182e-01,1.000000e+00,10/26,16.01%,CHCHD10;CAST;PSEN1;CX3CR1;GPHN;SPOCK2;PPFIA1;F2R;PTEN;APPL1
prerank,Exocytosis (GO:0006887),0.28367183569487886,1.1232930633262193,2.427885e-01,7.684641e-01,1.000000e+00,7/52,4.37%,MIA3;COPS5;SYTL2;RAB10;STX2;RAB11A;WASHC3
prerank,Organic Anion Transport (GO:0015711),0.30032577654954645,1.1220970896323066,2.649165e-01,7.691476e-01,1.000000e+00,7/38,9.62%,SLC4A7;SLC35C2;LRRC8D;SLC2A3;SLCO4C1;MFSD10;SLC4A2
prerank,Leukocyte Cell-Cell Adhesion (GO:0007159),0.36562447636135265,1.1213614268522187,2.932166e-01,7.684552e-01,1.000000e+00,3/19,3.87%,TNIP1;ITGA4;CERCAM
prerank,Positive Regulation Of Proteasomal Ubiquitin-Dependent Protein Catabolic Process (GO:0032436),-0.28852410670160755,-1.1211381956345052,2.815057e-01,7.585340e-01,1.000000e+00,14/61,17.19%,RAD23A;CSNK1D;ELOB;DDA1;GSK3A;TRIB2;AXIN1;RNF19B;ARIH2;SUMO1;NFE2L2;HECTD1;CSNK1E;PIAS1
prerank,DNA Damage Response (GO:0006974),0.21223551108492583,1.1211150376788923,1.666667e-01,7.658669e-01,1.000000e+00,79/312,20.89%,USP28;MAPK14;RECQL;XRCC5;HDGFL2;SHPRH;GNL1;NSMCE3;SMC6;SMARCA5;PRKDC;HPF1;BAZ1B;RPA3;SETX;NFATC2;RFC5;PARP4;GTF2H1;DDB2;RFC4;ASF1A;MCL1;HMCES;BCL2L1;PSEN1;GTF2H3;TDP1;UBE2B;CBX3;HERC2;UBR5;FAAP20;SMG1;PARP1;TRRAP;RRM1;ATRX;VRK1;ATF2;ALKBH8;VCP;LIG1;ERCC8;ZDHHC16;IRF3;EP400;MSH3;SMC1A;OARD1;NPM1;RAD17;RBX1;TAOK1;ATRIP;FANCF;NEK4;UVRAG;PPP1R15A;TAOK3;CIDEB;REXO4;NCOA6;CRADD;MRE11;ZBTB4;TIMELESS;SLF1;ETAA1;RNF8;POLI;MRPL36;MTOR;RAD51C;RAD18;ASH2L;UBA7;TP53;ATM
prerank,Positive Regulation Of I-kappaB kinase/NF-kappaB Signaling (GO:0043123),-0.25545469184522535,-1.1199962425659287,2.395672e-01,7.601240e-01,1.000000e+00,28/126,16.30%,TFG;CARD11;RHOC;LGALS1;TNIP2;MIB2;BIRC2;TMEM9B;LGALS9;BRD4;GAPDH;DDX1;GPR89A;S100A4;PRKCB;TMED4;IKBKB;LAMTOR5;IRAK1;JMJD8;TRIM25;REL;PINK1;HLA-DRB1;BST2;SHISA5;RIPK2;TRIM58
prerank,Muscle Contraction (GO:0006936),-0.3441335892415276,-1.1197566147004074,2.866779e-01,7.587755e-01,1.000000e+00,6/28,9.65%,SNTB1;PABPN1;ASPH;TPM3;MYL6;TTN
prerank,Negative Regulation Of Catabolic Process (GO:0009895),-0.3144150166989227,-1.1196788465869323,2.687813e-01,7.569224e-01,1.000000e+00,18/41,28.57%,MAD2L2;GIT1;PDCL3;PIN1;FBP1;CSNK2A2;MDM4;AZIN1;HIPK2;PHB1;BANP;FLCN;CYP51A1;SNX12;HMGCR;PRKAA1;ZDHHC7;NCOR1
prerank,Regulation Of Transcription Elongation By RNA Polymerase II (GO:0034243),-0.27921360273321527,-1.119268597924253,2.554257e-01,7.561844e-01,1.000000e+00,25/74,24.96%,MED10;LDB1;PWWP2B;MED30;HEXIM1;NCBP1;LARP7;ELL;EAPP;MED4;CCNT1;MED19;NELFCD;NELFA;CDK9;INTS1;MED17;INTS6;CDK12;TCERG1;NELFB;MED6;WDR43;INTS12;MED1
prerank,Multivesicular Body Organization (GO:0036257),-0.34866567367521684,-1.1191365882774356,2.945326e-01,7.545355e-01,1.000000e+00,8/27,16.56%,CHMP4A;VPS37B;STAM;CHMP2B;UBAP1;CHMP2A;VPS4A;SNF8
prerank,Protein Phosphorylation (GO:0006468),-0.22861907505027265,-1.1189675412037148,1.923602e-01,7.529187e-01,1.000000e+00,54/303,13.18%,LIMK1;CSNK1G2;PKN1;CTBP1;SIK3;MAPKAPK2;CLK3;RUNX3;GRK2;AKT1;TAF11;RYK;DGKQ;TAF10;GMFG;CSNK2B;ULK1;TGFB1;STK24;GRK6;ERN1;CLK1;MAPK9;BRD2;PRKAG1;FAM20B;CSNK1D;PRKACA;DAPK3;HIPK1;GSK3A;COPS8;MKNK2;PKN2;PRKCA;TRIB2;EPHA4;BECN1;LATS1;MKNK1;GMFB;MAP3K10;HCST;PRKCB;CSNK2A2;TAF4;IKBKB;CLK4;PIM3;CCNT1;CDK16;IRAK1;PRKAG2;LYN
prerank,rRNA Modification (GO:0000154),0.3722295332302281,1.1184878426071412,3.114754e-01,7.718657e-01,1.000000e+00,9/16,33.04%,MRM2;METTL5;FBL;TFB1M;DKC1;NAT10;NOP10;ZCCHC4;NSUN3
prerank,Multivesicular Body Assembly (GO:0036258),-0.35315107541151347,-1.1175730193624664,2.915194e-01,7.554136e-01,1.000000e+00,8/26,16.56%,CHMP4A;VPS37B;STAM;CHMP2B;UBAP1;CHMP2A;VPS4A;SNF8
prerank,SMAD Protein Signal Transduction (GO:0060395),-0.39303500063484675,-1.1174624018721502,2.948490e-01,7.537089e-01,1.000000e+00,6/16,22.28%,TGFB1;ZMIZ1;GDF11;SMAD5;HIPK2;RUNX2
prerank,Negative Regulation Of Receptor-Mediated Endocytosis (GO:0048261),-0.3901130997963701,-1.1170850966900656,3.245283e-01,7.527164e-01,1.000000e+00,3/17,3.94%,ANKRD13D;RAC1;RIN3
prerank,Positive Regulation Of Transport (GO:0051050),-0.3386466695193374,-1.1169371487658377,2.989324e-01,7.512014e-01,1.000000e+00,18/28,36.98%,INPP5K;PLAA;FLOT1;GSK3A;CD151;BAK1;BOK;GSK3B;NR1H3;DYNC1H1;CAPN10;KCTD7;AKT2;SYNGR3;CHP1;CEBPB;KMT2A;ACTB
prerank,ATP Metabolic Process (GO:0046034),0.3381234929554091,1.1169252304321404,2.922374e-01,7.740535e-01,1.000000e+00,7/24,12.48%,ATP5PO;NUDT5;NUDT2;PARP1;SLC25A13;PARG;HSPA8
prerank,Erythrocyte Differentiation (GO:0030218),-0.326318886693199,-1.1166654253708146,2.921739e-01,7.500314e-01,1.000000e+00,9/34,13.35%,SLC25A38;CEBPG;ZFPM1;ID2;CASP3;DMTN;KMT2E;LYN;SLC25A5
prerank,Regulation Of Cell Growth (GO:0001558),-0.2526065796667075,-1.1159506480178922,2.317460e-01,7.504371e-01,1.000000e+00,31/144,16.16%,CDC42;BCL6;MAD2L2;AKT1;PPP1R9B;LAMTOR1;SERTAD2;TGFB1;FXN;SUPV3L1;CDKN2D;PPP2CA;NDUFA13;SERTAD3;PTPRJ;NAIF1;FBP1;NUBP1;NCBP1;CGRRF1;TSPYL2;URI1;MAPKAP1;KAT7;NDUFS3;TAOK2;MLST8;OSGIN2;BST2;PTCH2;SIPA1
prerank,Regulation Of Cholesterol Efflux (GO:0010874),-0.3950576312785511,-1.1157195428752222,3.170732e-01,7.491430e-01,1.000000e+00,9/16,31.47%,LAMTOR1;ABCA5;ABCA3;ABCA7;TTC39B;GPS2;NR1H3;NFKBIA;ZDHHC8
prerank,Regulation Of Protein Secretion (GO:0050708),0.28168634763051587,1.1153006324481165,2.804598e-01,7.762547e-01,1.000000e+00,10/50,12.54%,PPP3CB;GOLPH3;IFNG;HADHA;SERGEF;SLC25A22;UQCC2;RHBDF2;ARFIP1;PICK1
prerank,Plasma Membrane Bounded Cell Projection Organization (GO:0120036),-0.28190381689017313,-1.1132499462777805,2.680067e-01,7.550603e-01,1.000000e+00,17/69,16.04%,PPP1R9B;RYK;ULK1;TTC17;RAC1;PQBP1;STX3;ATXN10;ZFYVE27;CAMSAP1;STMN3;CDK16;PKD2;LYN;FRY;MICALL1;OPHN1
prerank,Regulation Of Protein Kinase Activity (GO:0045859),0.26203356871526956,1.1123534776253212,2.526316e-01,7.830228e-01,1.000000e+00,13/70,9.86%,TAF7;XRCC5;TRIM27;PTPRC;SOD1;XRCC6;HSPB1;DAXX;PAK2;GSKIP;TARBP2;QARS1;CACUL1
prerank,Heart Development (GO:0007507),0.27045445822534453,1.111902134377379,2.798982e-01,7.813640e-01,1.000000e+00,19/62,21.94%,TGFBR2;SMYD4;CDKN1B;TCF25;CITED2;TAFAZZIN;PCSK5;AKAP13;ZDHHC16;DYNLL1;KAT2A;HEG1;BCOR;PTEN;PDLIM1;PDLIM5;NCOA6;MEF2A;NIPBL
prerank,tRNA Methylation (GO:0030488),0.31835710508181875,1.1117370915244165,2.892938e-01,7.786308e-01,1.000000e+00,11/31,17.68%,THADA;TRMT1L;THUMPD3;METTL2B;NSUN2;DALRD3;BCDIN3D;METTL6;TYW3;TRMT13;TRMT6
prerank,Positive Regulation Of T Cell Differentiation (GO:0045582),-0.31895582721309945,-1.1117051268347689,3.045872e-01,7.582299e-01,1.000000e+00,11/39,19.26%,BRD7;ARID1B;BCL6;GATA3;ZBTB1;ZMIZ1;NKAP;SOCS1;HLA-DRB1;ARID1A;SOX4
prerank,Stem Cell Differentiation (GO:0048863),0.34554338110857324,1.1116088286176147,2.799145e-01,7.757138e-01,1.000000e+00,9/21,22.96%,PTPRC;UFL1;PSMD11;FBXL17;METTL5;TP53;PUM1;BATF;CTNNB1
prerank,Cellular Response To Hexose Stimulus (GO:0071331),-0.4011699765503193,-1.1111108019878737,3.055062e-01,7.580621e-01,1.000000e+00,7/15,25.52%,ERN1;TRA2B;PRKACA;IGF1R;SOX4;ZNF236;PRKAA1
prerank,Positive Regulation Of Double-Strand Break Repair (GO:2000781),0.2622548530122996,1.1106893407400524,2.584856e-01,7.755636e-01,1.000000e+00,29/69,28.82%,HDGFL2;SMCHD1;PRKDC;PBRM1;SMARCC2;SPIRE1;MORF4L2;BRD8;PARP1;TRRAP;RUVBL1;SMARCC1;EP400;WRAP53;HELQ;ACTR2;TIMELESS;SLF1;MORF4L1;MRGBP;ARID2;ACTL6A;KMT5C;VPS72;UBE2V2;DDX11;SMARCA2;ERCC6;EPC2
prerank,Positive Regulation Of Neutrophil Migration (GO:1902624),0.3802105271338282,1.1106110040602428,3.130435e-01,7.725499e-01,1.000000e+00,3/15,6.96%,RIPOR2;NCKAP1L;DAPK2
prerank,rRNA Catabolic Process (GO:0016075),0.37373145443441813,1.110184898475768,3.242009e-01,7.707421e-01,1.000000e+00,6/17,13.00%,TRIR;EXOSC2;SLFN12;EXOSC3;XRN1;EXOSC8
prerank,Antigen Processing And Presentation Of Exogenous Peptide Antigen (GO:0002478),-0.3895089000226106,-1.109585198318762,3.339587e-01,7.608839e-01,1.000000e+00,9/17,27.43%,HLA-DRB5;CTSD;CTSS;HLA-DRB1;HLA-F;DNM2;HLA-DQA2;HLA-E;GNAO1
prerank,Cellular Response To Hormone Stimulus (GO:0032870),0.30255055586778257,1.1095725195283666,3.118280e-01,7.695568e-01,1.000000e+00,6/37,6.79%,SERPINB9;ZFP36L1;STAT3;ATP1A3;WBP2;BRD8
prerank,Regulation Of Androgen Receptor Signaling Pathway (GO:0060765),0.3436057875338362,1.1084759735224528,2.841880e-01,7.698992e-01,1.000000e+00,4/22,4.85%,HDAC1;RNF14;PRMT2;DDX5
prerank,RNA Phosphodiester Bond Hydrolysis (GO:0090501),0.35481126911721667,1.1084148828109126,2.986425e-01,7.668972e-01,1.000000e+00,6/19,15.20%,TRIR;PCF11;PARN;XRN1;POP7;ELAC1
prerank,Regulation Of Cyclin-Dependent Protein Kinase Activity (GO:1904029),-0.33848818317643736,-1.1081591569063736,3.050847e-01,7.632712e-01,1.000000e+00,10/28,16.68%,BCCIP;CDKN2D;SERTAD1;MNAT1;CCNT1;CDK7;CDC37;CCNT2;GTPBP4;HERC5
prerank,Positive Regulation Of Secretion By Cell (GO:1903532),-0.31145376872620983,-1.1076702581535136,3.060870e-01,7.628809e-01,1.000000e+00,7/36,13.41%,GRK2;TMED10;TGFB1;P2RX4;TTN;ARF6;S100A10
prerank,Dephosphorylation (GO:0016311),0.2568470723499461,1.106847669830869,2.732240e-01,7.687839e-01,1.000000e+00,20/89,15.09%,PPP3CB;PPP2R5A;PPP3CC;PTPRC;PPP2R5D;DUSP16;PPP1CB;MTMR4;CTDSP2;DUSP18;UBLCP1;PPP2R5C;CTDSP1;PTPRM;PPP3R1;MTMR6;PTPN1;PPM1B;FRA10AC1;PTEN
prerank,Negative Regulation Of Metabolic Process (GO:0009892),-0.33802836601555775,-1.1061842304363976,3.116197e-01,7.654162e-01,1.000000e+00,13/29,29.79%,ATF4;PLCL2;NOTCH1;BMAL1;PGAM5;GSTP1;ID1;FLCN;RBPJ;ZDHHC7;NR1H3;DDIT3;IL18R1
prerank,Cellular Response To Cytokine Stimulus (GO:0071345),-0.24687340210587128,-1.105672567039336,2.336449e-01,7.650581e-01,1.000000e+00,35/147,18.23%,INPP5K;XCL1;AKT1;TCF7;ZC3H12A;EGR1;GATA3;NDUFA13;PRKACA;DAPK3;LGALS9;PTPRJ;GSK3A;SHPK;XCL2;SBNO2;LRP8;UBE2G2;IL4R;GAPDH;CCL4;NFKB1;CALM1;IKBKB;SOCS1;CCL5;OAS1;TYK2;NFE2L2;IL21R;STK39;IRF1;IL2RB;HTRA2;CDK9
prerank,Hexose Biosynthetic Process (GO:0019319),-0.3547170337783817,-1.1053140422802479,2.916667e-01,7.641988e-01,1.000000e+00,5/23,7.74%,ATF4;POLR2D;FBP1;CRTC2;ENO3
prerank,rRNA Transcription (GO:0009303),0.38779843626940536,1.1046964403979638,3.484848e-01,7.724082e-01,1.000000e+00,9/15,33.23%,ZFP36L1;SPIN1;GTF3C2;TAF1B;POLR1E;GTF3C6;GTF3C3;GTF3C1;GTF3A
prerank,Negative Regulation Of Protein Metabolic Process (GO:0051248),-0.2602346876070367,-1.103994298674441,2.571429e-01,7.664038e-01,1.000000e+00,33/97,25.24%,MAD2L2;AKT1;CALR;ENC1;PIN1;PFDN1;DAPK3;PFDN2;CNOT1;EPHA4;PFDN4;GAPDH;NFKB1;MDM4;TYMS;AZIN1;DDX6;ZNF540;EIF4E2;BAG6;DDX3X;CLN3;PCIF1;DNAJC1;EIF2AK2;PHB1;BANP;TSC1;PAIP2;CYP51A1;SNX12;HMGCR;IGF2BP2
prerank,Negative Regulation Of Mitotic Cell Cycle (GO:0045930),-0.36157074859119026,-1.1038167018366,3.087121e-01,7.649904e-01,1.000000e+00,7/21,20.48%,BCL6;HECA;AURKAIP1;FZD3;CHFR;BTG3;TOM1L2
prerank,Positive Regulation Of TORC1 Signaling (GO:1904263),0.32851235577663335,1.1033969070288017,3.004484e-01,7.735238e-01,1.000000e+00,9/25,18.53%,RRAGA;PIH1D1;KLHL22;CLEC16A;WDR59;SLC38A9;TELO2;GPR137;RRAGB
prerank,Positive Regulation Of Cysteine-Type Endopeptidase Activity Involved In Apoptotic Process (GO:0043280),0.25354649161484033,1.1033674638990778,2.717678e-01,7.704873e-01,1.000000e+00,24/75,22.63%,S100A8;ARL6IP5;S100A9;CYCS;FAM162A;ANP32B;ATP2A3;CARD8;LCK;IFT57;VCP;DYNLL1;RACK1;LAPTM5;BCL2L13;F2R;FAS;SMAD3;CRADD;CASP8AP2;EIF2AK3;MALT1;REST;CASP2
prerank,Regulation Of DNA Repair (GO:0006282),0.23843835932278834,1.1032324460812977,2.686981e-01,7.678487e-01,1.000000e+00,23/113,11.86%,UCHL5;TAF7;SMCHD1;PBRM1;SMARCC2;USP22;PPP4C;SUPT20H;INO80D;PPP4R2;MORF4L2;BRD8;UBR5;INO80B;DEK;PARP1;TRRAP;RAD52;RUVBL1;PARG;SMARCC1;EP400;WRAP53
prerank,Defense Response To Gram-positive Bacterium (GO:0050830),0.3439312660580406,1.1029457154592692,3.113636e-01,7.657054e-01,1.000000e+00,7/21,23.89%,PPP1R11;GSDMD;GBP4;DROSHA;TIRAP;H2BC12;MR1
prerank,Negative Regulation Of mRNA Catabolic Process (GO:1902373),-0.3459864517522984,-1.1029407376022164,3.378151e-01,7.657772e-01,1.000000e+00,8/25,13.79%,RBM38;TENT5A;CIRBP;TENT5C;TAF15;HNRNPAB;NOCT;PAIP1
prerank,Positive Regulation Of Cell Death (GO:0010942),0.3196493989723459,1.1026374267509151,3.050847e-01,7.636360e-01,1.000000e+00,10/27,24.99%,DAXX;IFNG;BNIP3;RIPK1;HTATIP2;NTRK1;EIF4G1;CIDEB;REST;HBA1
prerank,Cell Junction Organization (GO:0034330),-0.37852727648613715,-1.1026128966439923,3.208556e-01,7.649087e-01,1.000000e+00,3/17,4.40%,CDC42;TGFB1;PIN1
prerank,Regulation Of Kinase Activity (GO:0043549),-0.3248508372685223,-1.1020434525613991,3.137584e-01,7.647175e-01,1.000000e+00,7/35,9.89%,ZNF16;RYK;IRS2;LDB1;ZNF622;TTN;TSPYL2
prerank,Gland Development (GO:0048732),-0.35157866084651773,-1.1006052348477782,3.327172e-01,7.672879e-01,1.000000e+00,6/22,15.05%,GFER;CEBPG;ZBTB1;SRP54;PKD2;RIPK3
prerank,Regulation Of Viral Entry Into Host Cell (GO:0046596),-0.3479232762479807,-1.0998859817483493,3.357664e-01,7.677502e-01,1.000000e+00,8/25,16.30%,FURIN;LGALS1;LGALS9;LY6E;P4HB;TRIM25;HLA-DRB1;TRIM58
prerank,Proteasome-Mediated Ubiquitin-Dependent Protein Catabolic Process (GO:0043161),-0.2276785449956482,-1.0993379848008848,2.256637e-01,7.675991e-01,1.000000e+00,65/267,21.10%,WDR26;FBXO44;ZNF598;ZFAND2B;ZNRF2;MARCHF6;ANAPC15;RAD23A;CALR;PLAA;FBXW7;ANAPC11;FBXL12;CRBN;UBR1;CUL3;PSMD6;BIRC2;PSMB6;ZFAND2A;GSK3A;FBXO9;ZSWIM8;NSFL1C;DERL1;AXIN1;UBE2G2;FBXL18;SEC61B;FBXO31;BMAL1;CUL5;TOPORS;FBXL6;FBXL5;SEL1L;SPSB3;UBE2S;SPOPL;KCTD2;FAF2;TRIM25;PSMA1;PSMB3;TBL1X;NFE2L2;RNF103;HECTD1;YOD1;SMURF1;ARRB1;BAG6;DDB1;FBXL20;UBE2J1;HSPA5;ANKRD9;PCNP;NEMF;SKP1;MTA1;PSMC2;PSMD7;PSMC3;NPLOC4
prerank,Fc-gamma Receptor Signaling Pathway (GO:0038094),-0.3748775950755868,-1.09887993436535,3.350694e-01,7.671103e-01,1.000000e+00,6/18,21.07%,LIMK1;YES1;LYN;VAV3;PLA2G6;PAK1
prerank,Protein K48-linked Deubiquitination (GO:0071108),-0.37925048028617747,-1.0987951025105227,3.475177e-01,7.654293e-01,1.000000e+00,6/17,16.59%,VCPIP1;USP33;OTUD4;USP25;OTUB1;YOD1
prerank,Regulation Of MAP Kinase Activity (GO:0043405),0.2774039745179693,1.0987007904299453,2.882206e-01,7.737211e-01,1.000000e+00,8/48,5.93%,LAX1;RASGRP1;STK38;PDCD10;SMPD1;PIK3CG;CDK5RAP3;ERBB2
prerank,Intracellular Protein Transport (GO:0006886),0.2115864990083861,1.0983569113894538,1.614907e-01,7.717859e-01,1.000000e+00,50/263,13.73%,KPNB1;PPP1R10;TLK1;STRADA;XPO1;NUP62;ARF4;KPNA3;PREB;SNX6;STK4;NUP50;HIKESHI;STAT3;ARHGEF2;PHB2;STX2;EHD1;VPS33A;DNAJC19;MVB12A;SNX27;USO1;DESI1;ARCN1;LMAN1;RAN;YWHAH;EIF4ENIF1;MYO6;RANBP3;HERC2;CSE1L;CTSA;STXBP3;IPO9;SNX17;VPS35;IPO8;COG7;CLTC;SNX1;ARFIP1;SNX8;PICK1;NPM1;FUT10;HDAC6;IPO5;LAPTM5
prerank,Lysosome Localization (GO:0032418),0.31986824437879335,1.0981450764850513,2.991453e-01,7.694150e-01,1.000000e+00,8/30,13.54%,PIK3CD;PIK3CG;VPS33A;NDEL1;BLOC1S1;TMEM106B;FAM98A;HDAC6
prerank,Transforming Growth Factor Beta Receptor Signaling Pathway (GO:0007179),0.2938883778929473,1.0979836974592263,3.012987e-01,7.668994e-01,1.000000e+00,5/39,6.99%,TGFBR2;FNTA;STAT3;JUN;BMPR1A
prerank,Positive Regulation Of Microtubule Polymerization (GO:0031116),-0.3636962351751072,-1.0979437400650338,3.186004e-01,7.662925e-01,1.000000e+00,3/20,3.67%,MAPRE1;GIT1;RAC1
prerank,Positive Regulation Of Nucleic Acid-Templated Transcription (GO:1903508),-0.22008747194625966,-1.0977837773621657,1.956522e-01,7.649206e-01,1.000000e+00,94/353,21.36%,MAZ;ATF4;JMJD6;GATAD2A;INPP5K;ARID1B;RUNX3;MAD2L2;AKT1;HIVEP3;INO80E;TAF10;KANSL2;PHF5A;MAP2K2;EGR1;TGFB1;MAP2K3;CREBBP;GATA3;USP16;NCOA1;MED30;MBD3;ID2;ING3;KMT2B;SERTAD3;MAP2K7;YAF2;HCFC1;TADA2B;EPC1;KARS1;MSL2;NOTCH1;ZMIZ1;TAF15;BCL3;PCBD2;AXIN1;HHEX;BRD4;BMAL1;FOXK1;NFKB1;MBD2;TAF4;IKBKB;MED4;NFATC1;ATF5;PBX4;HNRNPAB;CD38;TFEB;EDF1;DEAF1;NR1D2;TAF6L;ELF2;KMT2E;NFIL3;DTX3L;HLA-DRB1;SMAD5;PLCB1;TCF3;EDRF1;TBL1X;FOXK2;PHF20;PITHD1;PSMD9;IRF1;BICRA;SUPT7L;SHC1;OGT;RSF1;TESC;ARID1A;HIPK2;MED17;SOX4;NFRKB;ATXN7;INO80C;MTA1;SF3B5;PHB1;SNAI1;NFYA;TRIM28
prerank,Regulation Of Interleukin-10 Production (GO:0032653),-0.3577842394897302,-1.0970482845092717,3.298060e-01,7.653553e-01,1.000000e+00,6/22,14.82%,XCL1;LGALS9;TRIB2;ISG15;TYROBP;HLA-DRB1
prerank,Cell-Cell Adhesion Via Plasma-Membrane Adhesion Molecules (GO:0098742),0.3252635646889027,1.0969816475159115,3.167028e-01,7.672088e-01,1.000000e+00,5/25,9.52%,TGFBR2;CD6;NPTN;CADM1;PTPRM
prerank,Regulation Of Transport (GO:0051049),0.3291553848864899,1.0965105781335793,3.169014e-01,7.657612e-01,1.000000e+00,4/24,7.49%,ARL6IP5;RAB11A;EPB41;MYO6
prerank,Negative Regulation Of Response To External Stimulus (GO:0032102),0.2564341501955085,1.0964792064254938,2.701299e-01,7.628455e-01,1.000000e+00,18/74,15.32%,STAT3;IL10RA;PRKDC;CRK;TRIM65;AOAH;YWHAZ;ATG5;ARNT;CARD8;PARP1;VPS35;LPCAT3;SHARPIN;PPM1B;ITCH;PTEN;SIGIRR
prerank,Negative Regulation Of Apoptotic Process (GO:0043066),0.2113801611002429,1.095949957344631,2.077465e-01,7.614813e-01,1.000000e+00,54/262,14.83%,SERPINB9;GOLPH3;HDAC1;NUP62;ARF4;ARAF;SNX6;NCKAP1L;PDCD10;COPS5;PHB2;SOD1;FCMR;PRKDC;TMBIM6;APIP;HSPB1;SETX;IL27RA;CITED2;ERBB2;PAK2;YWHAZ;PIM1;MCL1;BCL2L1;BNIP3;PSEN1;HIGD2A;CX3CR1;ZFAND6;YME1L1;ZNF830;GLO1;PRDX2;HNRNPK;QARS1;HIPK3;TMBIM1;RIPK1;PSMD10;NAA35;HTATIP2;CD27;PIK3CA;NPM1;NTRK1;RASA1;DNAJA3;TPT1;ITCH;PRDX3;TSC22D1;F2R
prerank,Positive Regulation Of Microtubule Polymerization Or Depolymerization (GO:0031112),-0.39066064030278713,-1.094533843759681,3.438078e-01,7.715341e-01,1.000000e+00,2/15,3.67%,MAPRE1;RAC1
prerank,Monoatomic Ion Transport (GO:0006811),0.2980120040539913,1.0943990797289156,2.995050e-01,7.634316e-01,1.000000e+00,8/37,12.72%,SLC20A1;ATP10D;SLC1A7;SLC26A11;SLC25A22;SLC12A6;SLC4A2;SLC36A1
prerank,Positive Regulation Of Cell Growth (GO:0030307),-0.28808078927623243,-1.0942928659841578,2.980456e-01,7.704159e-01,1.000000e+00,13/56,17.58%,LIMK1;CDC42;AKT1;FXN;SUPV3L1;PLAA;NCBP1;ZFYVE27;TWF2;MAPKAP1;MLST8;SMURF1;DDX3X
prerank,"mRNA Cis Splicing, Via Spliceosome (GO:0045292)",-0.38554603304726853,-1.094054198005004,3.209647e-01,7.692796e-01,1.000000e+00,3/16,5.55%,SDE2;CWC15;SFSWAP
prerank,Positive Regulation Of Ubiquitin-Dependent Protein Catabolic Process (GO:2000060),-0.28024997414910147,-1.09339460676023,2.899506e-01,7.694543e-01,1.000000e+00,15/63,17.19%,RAD23A;FBXW7;CSNK1D;ELOB;DDA1;GSK3A;TRIB2;AXIN1;RNF19B;ARIH2;SUMO1;HECTD1;CSNK1E;SMURF1;PIAS1
prerank,Negative Regulation Of Protein Kinase B Signaling (GO:0051898),-0.3577595214609873,-1.0926532663642423,3.406593e-01,7.700141e-01,1.000000e+00,10/22,28.96%,INPP5K;PPP2CA;PTPRJ;FLCN;CIB1;ARRB2;MUL1;PIK3CB;DDIT3;SH2B3
prerank,"Nuclear-Transcribed mRNA Catabolic Process, Exonucleolytic (GO:0000291)",0.36572831908357784,1.0922405334438614,3.439636e-01,7.676853e-01,1.000000e+00,4/17,13.00%,CNOT7;EXOSC2;EXOSC3;EXOSC8
prerank,Positive Regulation Of Defense Response (GO:0031349),0.2671012906542633,1.0920233810708972,2.928571e-01,7.654182e-01,1.000000e+00,17/61,19.85%,ETS1;S100A8;GBP5;S100A9;TNIP1;CD47;IFNG;GSDMD;RIPK1;DDT;IL16;RNF185;CAMK2N1;LRSAM1;TIRAP;FADD;NAPEPLD
prerank,Negative Regulation Of Angiogenesis (GO:0016525),0.2947669483637233,1.0913952086275343,2.874396e-01,7.644755e-01,1.000000e+00,7/36,10.54%,KLF2;KRIT1;ATP2B4;SARS1;MECP2;PTPRM;ATF2
prerank,Inner Mitochondrial Membrane Organization (GO:0007007),-0.32499563167990125,-1.0913945416048825,3.309353e-01,7.722993e-01,1.000000e+00,10/33,17.51%,TIMM8B;MTX1;NDUFA13;APOOL;UQCC3;TIMM8A;MTX3;TIMM22;CHCHD6;ROMO1
prerank,Negative Regulation Of Small Molecule Metabolic Process (GO:0062014),-0.3808162360102053,-1.0911755598928492,3.483755e-01,7.710286e-01,1.000000e+00,4/17,8.30%,GIT1;GSK3A;FBP1;USP7
prerank,Amino Acid Catabolic Process (GO:0009063),0.34097187904056664,1.0905823374804242,3.341014e-01,7.643937e-01,1.000000e+00,11/20,27.61%,BLMH;DBT;CARNMT1;ETFA;BCKDHB;HIBCH;ALDH5A1;ALDH6A1;CARNS1;BCKDK;SLC25A44
prerank,Sensory Organ Development (GO:0007423),-0.38456373411640343,-1.0902374093039144,3.561151e-01,7.720414e-01,1.000000e+00,7/17,19.29%,GATA3;POLR2D;HIPK1;PBX4;AHI1;HIPK2;RAB18
prerank,Positive Regulation Of Smooth Muscle Cell Proliferation (GO:0048661),-0.3496898839136728,-1.0898046400281933,3.327556e-01,7.715756e-01,1.000000e+00,5/23,5.61%,AKT1;TGFB1;MEF2D;ERN1;ID2
prerank,Positive Regulation Of Hydrolase Activity (GO:0051345),-0.2605447188517582,-1.0892270613628166,2.894309e-01,7.714206e-01,1.000000e+00,21/94,15.05%,XCL1;CALM3;ARHGEF7;RAPGEF1;RHOC;PREX1;SOS2;PIN1;NDUFA13;ARHGAP11A;XCL2;TBC1D20;CCL4;CTSS;CALM1;RGS16;CCL5;S100A10;PINK1;RTN4R;RIPK3
prerank,Positive Regulation Of Protein Serine/Threonine Kinase Activity (GO:0071902),0.27641928287734563,1.0891005743378106,3.225806e-01,7.663384e-01,1.000000e+00,9/51,6.26%,RASGRP1;PDCD10;ADRB2;PIK3CG;MAP2K1;IFNG;PIH1D1;ERBB2;ATP2B4
prerank,Visual Perception (GO:0007601),-0.32562953104905223,-1.0883788893577577,3.285714e-01,7.720707e-01,1.000000e+00,12/29,21.44%,RABGGTA;DHRS3;RGS16;CACNA2D4;OPA3;RDH10;BEST1;RABGGTB;ARRB1;UNC119;ATXN7;COL18A1
prerank,Negative Regulation Of Defense Response (GO:0031348),0.258488837696196,1.0880330619497776,3.201970e-01,7.669513e-01,1.000000e+00,21/64,24.34%,STAT3;IL10RA;PRKDC;TRIM65;AOAH;YWHAZ;ATG5;ARNT;PARP1;VPS35;LPCAT3;SHARPIN;PPM1B;ITCH;PPARA;SELENOS;RB1;RORA;TNFRSF1A;ELF4;IFI16
prerank,Proteasomal Protein Catabolic Process (GO:0010498),-0.2368435842132793,-1.0879768456655583,2.595420e-01,7.713734e-01,1.000000e+00,44/184,20.98%,WDR26;FBXO44;ZFAND2B;ZNRF2;MARCHF6;RAD23A;PLAA;FBXW7;ENC1;CRBN;CUL3;PSMD6;BIRC2;PSMB6;ZFAND2A;GSK3A;FBXO9;ZSWIM8;NSFL1C;DERL1;AXIN1;BMAL1;PSME4;TOPORS;SEL1L;SPSB3;SPOPL;KCTD2;PSMA1;PSMB3;TBL1X;NFE2L2;HECTD1;SMURF1;ARRB1;BAG6;DDB1;ANKRD9;PCNP;SKP1;MTA1;PSMC2;PSMD7;PSMC3
prerank,Positive Regulation Of Cellular Biosynthetic Process (GO:0031328),-0.2534752494514984,-1.0877168094022127,3.045526e-01,7.703063e-01,1.000000e+00,27/104,20.10%,RBM3;VIM;AKT1;YTHDF3;IRS2;EGR1;YTHDF1;CIRBP;P2RX4;LARP1B;BCL3;AGO2;STARD4;LPGAT1;GIPC1;CCL5;CD244;PKD2;SREBF1;DDX3X;DDB1;PCIF1;OGT;METTL3;SOX4;CNEP1R1;SLC27A1
prerank,Regulation Of Spindle Organization (GO:0090224),0.37041893249089014,1.0876930027936664,3.274725e-01,7.650811e-01,1.000000e+00,7/15,29.21%,SENP6;NUP62;CLTC;BORA;MAP9;FSD1;NUMA1
prerank,Integrated Stress Response Signaling (GO:0140467),0.3386335413102437,1.0872212988058787,3.233405e-01,7.636454e-01,1.000000e+00,9/21,22.76%,JUN;EIF2S1;CREBZF;JUNB;CREB3;OMA1;EIF2AK3;BATF;GCN1
prerank,Positive Regulation Of Wnt Signaling Pathway (GO:0030177),-0.28522173896664427,-1.0870920069092376,3.256579e-01,7.702638e-01,1.000000e+00,11/56,10.03%,CSNK1G2;TGFB1;PIN1;CRBN;CSNK1D;DAPK3;ATP6V0C;FAM53B;HHEX;BMAL1;NFKB1
prerank,Positive Regulation Of Peptide Hormone Secretion (GO:0090277),-0.38909840939772095,-1.086319128335785,3.574007e-01,7.708104e-01,1.000000e+00,6/15,19.26%,IRS2;BAD;POLR2D;SELENOT;PSMD9;SOX4
prerank,Protein Methylation (GO:0006479),0.32261925840422684,1.086222390255292,3.160271e-01,7.641419e-01,1.000000e+00,14/27,29.48%,PRMT2;VCPKMT;FAM98A;PRMT5;LCMT1;CAMKMT;GSPT1;METTL22;RAB6A;EEF1AKMT2;EEF2KMT;N6AMT1;PCMT1;PRMT7
prerank,Negative Regulation Of Protein Localization To Plasma Membrane (GO:1903077),0.3740513712333896,1.085687661687509,3.480084e-01,7.629764e-01,1.000000e+00,9/15,28.29%,PPP2R5A;BCL2L1;TMBIM1;CLTC;PPFIA1;CSK;GBP1;DAB2;PICALM
prerank,Transmembrane Receptor Protein Serine/Threonine Kinase Signaling Pathway (GO:0007178),0.27064454067870036,1.0853707009051379,3.035714e-01,7.611736e-01,1.000000e+00,7/54,6.99%,TGFBR2;FNTA;STAT3;JUN;RNF111;DDX5;BMPR1A
prerank,RNA Modification (GO:0009451),0.2881086332898078,1.0849283345894014,3.205742e-01,7.596312e-01,1.000000e+00,19/46,25.28%,SARS1;SSB;METTL2B;PARN;MRM2;DTWD1;NSUN2;HENMT1;BCDIN3D;METTL6;AARS1;RBM15;ANKRD16;PUS7L;TFB1M;FTSJ1;NAT10;NOP10;OSGEP
prerank,Protein Deubiquitination (GO:0016579),-0.27251821635434464,-1.0847259129819022,3.145161e-01,7.742773e-01,1.000000e+00,21/68,16.59%,OTULINL;ZC3H12A;USP16;OTULIN;UCHL3;USP4;USP7;JOSD1;VCPIP1;USP33;USP18;USP31;OTUD4;USP30;USP25;OTUD6B;USP46;USP3;OTUB1;USP36;YOD1
prerank,Regulation Of Cytokine Production (GO:0001817),0.247841209441284,1.0844305696257621,2.519280e-01,7.584228e-01,1.000000e+00,19/86,14.94%,MAPK14;PPP1R11;PIK3CD;PTPRC;PIK3CG;SOD1;CD47;IFNG;AGPAT1;NPTN;ASB1;CADM1;FCGR2B;BTN2A2;GLMN;ZBTB2;KAT2A;RIGI;ZBTB20
prerank,Positive Regulation Of Endothelial Cell Proliferation (GO:0001938),-0.322355364780988,-1.08410918168486,3.298429e-01,7.742687e-01,1.000000e+00,7/31,9.34%,NRAS;AKT1;MYDGF;VEGFB;PDCL3;PRKCA;EMC10
prerank,Heme Biosynthetic Process (GO:0006783),-0.38399704846358984,-1.0823157123668838,3.576923e-01,7.780892e-01,1.000000e+00,2/15,3.11%,SLC25A38;FXN
prerank,Blood Vessel Morphogenesis (GO:0048514),0.37254479885310066,1.082040672323048,3.421634e-01,7.633260e-01,1.000000e+00,5/15,18.69%,TGFBR2;GLMN;RASA1;AGGF1;HEY2
prerank,Regulation Of Centrosome Cycle (GO:0046605),-0.3744387978004081,-1.0815312594226536,3.451493e-01,7.787487e-01,1.000000e+00,6/18,16.70%,CHMP4A;CCNL2;CHMP2B;MCM2;CHMP2A;CEP131
prerank,Inflammatory Response (GO:0006954),-0.2563499242208605,-1.0814718514234978,2.958199e-01,7.770518e-01,1.000000e+00,24/91,19.51%,MAPKAPK2;XCL1;TGFB1;RAC1;GATA3;MAPK9;PRDX5;LGALS9;XCL2;TPST1;CD96;CCL4;DHX8;NFKB1;IKBKB;HDAC9;CCL5;REL;LTB4R;RIPK2;IL18;ITGAL;RELB;C3AR1
prerank,Negative Regulation Of Carbohydrate Metabolic Process (GO:0045912),-0.3588141336427585,-1.080776175738114,3.386809e-01,7.774405e-01,1.000000e+00,5/20,8.30%,GIT1;TGFB1;GSK3A;FBP1;USP7
prerank,Response To Gamma Radiation (GO:0010332),0.38295020500841115,1.08058060475292,3.515284e-01,7.651168e-01,1.000000e+00,2/15,3.29%,XRCC5;XRCC6
prerank,Inorganic Cation Import Across Plasma Membrane (GO:0098659),0.3545018502216222,1.0805790849193715,3.078556e-01,7.623073e-01,1.000000e+00,4/18,10.50%,ATP1A3;ATP2B4;SLC12A6;SLC39A6
prerank,Positive Regulation Of Myoblast Differentiation (GO:0045663),0.317592031810238,1.0805640440131936,3.280899e-01,7.595628e-01,1.000000e+00,4/26,3.76%,MAPK14;RIPOR2;PBRM1;SMARCC2
prerank,Regulation Of Endothelial Cell Proliferation (GO:0001936),-0.3059906977389206,-1.080444837401734,3.578595e-01,7.765356e-01,1.000000e+00,7/37,9.34%,NRAS;AKT1;MYDGF;VEGFB;PDCL3;PRKCA;EMC10
prerank,Nuclear Transport (GO:0051169),0.297965918217121,1.0799417472199437,3.372365e-01,7.588224e-01,1.000000e+00,11/37,21.96%,XPO1;NUP62;NUP50;GLE1;NUP37;NPM1;NUP58;NUP188;NUP85;RGS14;NUP42
prerank,Response To Calcium Ion (GO:0051592),0.27874831795525823,1.0798126765338365,3.120729e-01,7.564870e-01,1.000000e+00,9/46,10.58%,SMPD1;STIM1;RASGRP2;ANXA11;CPNE3;ADD1;AHCYL1;ITPKB;SLC25A13
prerank,Response To Organic Cyclic Compound (GO:0014070),0.3210689693046809,1.0797943688493643,3.528139e-01,7.537967e-01,1.000000e+00,7/25,14.91%,ARL6IP5;STAT3;ATF1;STRN3;STING1;CREB1;ALAS1
prerank,Toll-Like Receptor Signaling Pathway (GO:0002224),-0.37141134607092763,-1.0795286024708777,3.373702e-01,7.775115e-01,1.000000e+00,4/17,13.03%,MAPKAPK2;TNIP3;CTSS;IRAK1
prerank,Regulation Of Telomere Maintenance In Response To DNA Damage (GO:1904505),0.36125652731372326,1.0794091868091171,3.566591e-01,7.523143e-01,1.000000e+00,4/15,9.71%,UCHL5;INO80D;INO80B;RUVBL1
prerank,Response To Peptide Hormone (GO:0043434),0.3176058727416107,1.079235399699059,3.110599e-01,7.502086e-01,1.000000e+00,12/29,27.25%,ZFP36L1;STAT3;STAT4;STAT5A;STAT6;CREB1;TCF12;ZBTB7B;ROCK2;XBP1;EIF2B3;STAT1
prerank,BMP Signaling Pathway (GO:0030509),-0.36337680293492636,-1.07907923139713,3.546618e-01,7.751616e-01,1.000000e+00,9/18,29.38%,TGFB1;HIVEP1;SMAD5;FAM83G;SMURF1;ENG;RUNX2;USP15;PDCD4
prerank,Cellular Response To BMP Stimulus (GO:0071773),-0.36337680293492636,-1.07907923139713,3.546618e-01,7.751616e-01,1.000000e+00,9/18,29.38%,TGFB1;HIVEP1;SMAD5;FAM83G;SMURF1;ENG;RUNX2;USP15;PDCD4
prerank,Intrinsic Apoptotic Signaling Pathway In Response To DNA Damage (GO:0008630),-0.30139230720044674,-1.0790463942040196,3.395270e-01,7.734276e-01,1.000000e+00,20/40,30.30%,AEN;SNW1;DDIT4;HIPK1;CRIP1;BCL3;TOPORS;MOAP1;BAG6;HTRA2;HIPK2;BAK1;TMEM109;IKBKE;BOK;HIC1;FNIP2;EP300;BAX;DYRK2
prerank,Positive Regulation Of Transferase Activity (GO:0051347),0.25152455090234926,1.078979418246752,2.846890e-01,7.482951e-01,1.000000e+00,14/74,7.61%,XRCC5;TNIP1;PRKCQ;BMI1;PTGES3;TCP1;RFC5;HNRNPA2B1;ERBB2;NEK7;RFC4;HNRNPD;PARN;MAP3K4
prerank,Regulation Of Natural Killer Cell Mediated Cytotoxicity (GO:0042269),0.3332195944758341,1.0787208349927668,3.234043e-01,7.463786e-01,1.000000e+00,6/23,10.68%,RASGRP1;CD226;CADM1;KLRD1;SLAMF6;KLRC1
prerank,Cellular Response To Salt (GO:1902075),-0.2891261085815573,-1.0781782790998493,3.222037e-01,7.743295e-01,1.000000e+00,15/50,20.35%,ZNF16;PPP1R9B;ZC3H12A;EGR1;CPNE8;ADCY7;SSH1;P2RX4;DMTN;PKD2;BRAF;PDXP;ITPKC;P2RX7;RASA4
prerank,Positive Regulation Of Metabolic Process (GO:0009893),0.2674899138937849,1.0775516347003375,3.012987e-01,7.472899e-01,1.000000e+00,8/53,8.99%,ADRB2;ELOVL6;IFNG;CNOT3;HADHA;FH;BSCL2;EHMT1
prerank,"Retrograde Transport, Endosome To Golgi (GO:0042147)",0.2501278769448432,1.0772343864722618,2.971014e-01,7.456121e-01,1.000000e+00,17/77,14.86%,TRIM27;SNX6;VPS51;GCC2;PIKFYVE;LMAN1;SNX5;SNX3;VPS35;RGP1;BET1L;CLTC;SNX1;SNX8;TMEM87B;ERC1;RCSD1
prerank,Macromolecule Modification (GO:0043412),0.2667128606196492,1.0768719282709418,3.100233e-01,7.440945e-01,1.000000e+00,11/59,9.39%,UBE2D2;ST8SIA4;ARAF;STK38;PRKDC;ST6GAL1;UBL4A;PPP4R2;PARP4;PARN;PARP1
prerank,Regulation Of Phosphorylation (GO:0042325),0.27423097871505697,1.0767245172071551,3.366337e-01,7.419078e-01,1.000000e+00,12/50,15.28%,CCDC88C;NCKAP1L;PTGES3;HSPB1;CDKN1B;PSEN1;CDKN2A;GLMN;ILK;DYNLL1;RAD17;ITGA6
prerank,Microtubule Cytoskeleton Organization Involved In Mitosis (GO:1902850),0.28974727024754876,1.0764175499792066,3.277108e-01,7.403255e-01,1.000000e+00,6/36,8.58%,KPNB1;KIF2A;CKAP5;KIF3B;RAN;MECP2
prerank,Membrane Organization (GO:0061024),-0.2462707320988453,-1.0763458852850418,3.148734e-01,7.781116e-01,1.000000e+00,32/126,24.01%,GLTP;NAPG;SYNGR1;AP3D1;CHMP4A;VPS37B;STAM;CHMP2B;NSFL1C;BLTP3B;NAPA;SH3GLB2;UBAP1;TMEM170A;S100A10;STX11;STEEP1;CHMP2A;VPS4A;LMNB2;RABIF;SNF8;CLN3;VAPA;EXOC6B;SNAP29;AP2M1;WASL;SYNJ1;DMPK;UBXN2A;DNM2
prerank,Nucleocytoplasmic Transport (GO:0006913),0.27932762775336994,1.0761149627708446,3.146341e-01,7.386630e-01,1.000000e+00,14/48,21.96%,XPO1;NUP62;NUP50;CDKN1B;GLE1;NUP37;HTATIP2;NPM1;NUP58;NUP188;NUP85;RGS14;MALT1;NUP42
prerank,Gene Expression (GO:0010467),-0.23109555819427846,-1.0756985140911555,2.652439e-01,7.783073e-01,1.000000e+00,29/189,10.47%,DNTTIP2;RBM8A;RBM3;ALYREF;DDX19B;MAGOH;RBM5;ADARB1;RBM39;FURIN;SARNP;EXOSC10;DNAJB11;MRPS11;HNRNPH1;THOC7;DDX39A;CASP3;DUSP11;HNRNPL;PABPN1;NUP133;NCBP1;HHEX;TFIP11;MRPL55;DHX8;AGO2;NCBP3
prerank,Regulation Of Smoothened Signaling Pathway (GO:0008589),0.32784279120353577,1.0750230425947156,3.510393e-01,7.393091e-01,1.000000e+00,8/24,21.17%,UCHL5;VCP;FBXL17;RACK1;PTCH1;ULK3;TULP3;RORA
prerank,Regulation Of Cellular Component Size (GO:0032535),-0.30701097366273783,-1.0750089832616971,3.276158e-01,7.785687e-01,1.000000e+00,10/37,19.45%,LAMTOR4;RAC1;RIN3;ARHGAP5;LAMTOR5;KXD1;VAV3;BORCS5;RAB22A;RAP1GAP2
prerank,Glycoprotein Metabolic Process (GO:0009100),0.2960164161037969,1.0749140042546979,3.075117e-01,7.371047e-01,1.000000e+00,4/35,1.45%,GOLPH3;ST8SIA4;MAN1A1;TNIP1
prerank,Peptidyl-Serine Phosphorylation (GO:0018105),-0.24949218442268392,-1.0743856003017784,2.986003e-01,7.786292e-01,1.000000e+00,21/118,10.97%,CSNK1G2;PKN1;MAPKAPK2;GRK2;DGKQ;ULK1;MAP2K2;ERN1;MAPK9;CSNK1D;PRKACA;HIPK1;MKNK2;PKN2;PRKCA;LATS1;MKNK1;MAP3K10;PRKCB;CSNK2A2;IKBKB
prerank,Positive Regulation Of Endocytosis (GO:0045807),-0.30480060508823037,-1.0743732558079964,3.454231e-01,7.768253e-01,1.000000e+00,10/37,18.87%,CDC42;CALR;FLOT1;IL15RA;CD151;ABCA7;DOCK2;IL2RB;CLN3;RAB21
prerank,Regulation Of Programmed Cell Death (GO:0043067),0.22897373330661702,1.0740464103222314,2.506964e-01,7.371936e-01,1.000000e+00,39/124,22.26%,TM7SF3;NUP62;IKZF3;MAGED1;ANP32E;TOMM70;DDX42;ANP32B;MORF4L2;BRD8;BNIP3;DAPK2;PRDX2;TRRAP;RUVBL1;RIPK1;IFT57;VCP;RTN4;HTATIP2;IRF3;EP400;RTKN;NTRK1;TPT1;TRIM24;AKT1S1;ETFA;LCMT1;FAS;CIDEB;MORF4L1;MRGBP;OMA1;TP53;ATM;MALT1;REST;ACTL6A
prerank,Regulation Of Histone Acetylation (GO:0035065),0.35815047796782534,1.0739217216152883,3.732719e-01,7.350374e-01,1.000000e+00,4/17,8.70%,SMARCA5;BAZ1B;THAP7;DEK
prerank,Positive Regulation Of Protein Localization To Nucleus (GO:1900182),0.2714297121215395,1.0736137898983988,3.406863e-01,7.334441e-01,1.000000e+00,18/55,18.90%,PPP3CB;TCP1;CDK5RAP3;IFNG;CCT3;CCT6A;RAN;PSEN1;UBR5;NMD3;IPO5;CCT8;CCT7;CCT4;SMAD3;CCT2;PIK3R2;PYHIN1
prerank,Protein Glycosylation (GO:0006486),-0.2558895779007599,-1.0735168399730606,3.028391e-01,7.777459e-01,1.000000e+00,24/92,21.24%,MAGT1;RPN2;GALNT10;B3GNT7;GALNT3;B3GNT2;COG3;DDOST;MGAT4B;POMT1;TET2;B3GALT6;MGAT4A;ALG12;DPM1;ALG5;TRAK1;OGT;GALNT11;PLOD1;ALG9;MGAT1;GALNT1;B4GALT1
prerank,Response To Steroid Hormone (GO:0048545),0.36678134189184075,1.072163501764965,3.868922e-01,7.353234e-01,1.000000e+00,5/16,12.48%,ATP1A3;WBP2;ABHD2;UBE3A;HSPA8
prerank,Negative Regulation Of Nucleic Acid-Templated Transcription (GO:1903507),-0.21973230107115027,-1.0719168601163347,2.585714e-01,7.810266e-01,1.000000e+00,79/293,22.45%,CTBP1;GATAD2A;INPP5K;BRD7;CBX4;XCL1;BCL6;SPINDOC;COMMD7;LDB1;TGFB1;SNW1;CALR;GATA3;SAP18;TRIM33;PSPC1;NDUFA13;HEXIM1;EID1;FOXN3;MBD3;ID2;YAF2;EPC1;KMT5A;PER1;NOTCH1;HNRNPL;BCL3;SBNO2;HHEX;NKAP;BMAL1;FOXK1;ELK3;SUMO1;MAP3K10;MBD2;HDAC9;TLE5;ATF5;ZNF282;MDM4;CD38;MIDEAS;YEATS2;DEAF1;NR1D2;DEDD2;NFIL3;GMNN;PLCB1;BCLAF1;ZBTB21;ZNF540;TFDP2;SUV39H1;ZNF12;FOXK2;IRF1;ZNF350;UIMC1;UBE2I;SHC1;RSF1;POU2F1;EED;MTA1;PER2;GZF1;PHB1;ID1;TRIM28;BRMS1;CTBP2;NACC1;RUNX2;RBPJ
prerank,Positive Regulation Of Organelle Organization (GO:0010638),-0.3325762595051797,-1.0713927682156572,3.723404e-01,7.808366e-01,1.000000e+00,10/26,27.37%,SURF4;PFDN2;PLXNA3;SORBS3;HTRA2;P2RX7;SYNJ1;TMED9;RAB3GAP1;GSK3B
prerank,Negative Regulation Of Protein Localization To Cell Periphery (GO:1904376),0.36701077999086273,1.0709553913411705,3.784355e-01,7.364865e-01,1.000000e+00,5/15,14.07%,PPP2R5A;BCL2L1;TMBIM1;CLTC;PPFIA1
prerank,Negative Regulation Of Binding (GO:0051100),-0.2804156927242024,-1.0707407969335654,3.445946e-01,7.810203e-01,1.000000e+00,22/54,29.96%,AKT1;ZFPM1;PIN1;SUMO3;TFIP11;SUMO1;ILRUN;IFIT2;USP33;TLE5;GTPBP4;CSNK1E;RSF1;GNL3L;SORL1;PARK7;GZMA;BTAF1;GSK3B;LRPAP1;BAX;NFKBIA
prerank,Positive Regulation Of Viral Process (GO:0048524),-0.31595153185976266,-1.070112377293654,3.825043e-01,7.811569e-01,1.000000e+00,11/32,18.75%,ADARB1;RAD23A;KPNA2;PKN2;TBC1D20;TMEM39A;CCL5;PPIH;DDX3X;DDB1;RSF1
prerank,Cardiac Ventricle Morphogenesis (GO:0003208),-0.38671008160963516,-1.0700358082704444,3.752345e-01,7.795760e-01,1.000000e+00,7/15,22.45%,TGFB1;GATA3;GSK3A;NOTCH1;ENG;SOX4;RBPJ
prerank,Positive Regulation Of Intracellular Signal Transduction (GO:1902533),-0.22006036134277235,-1.0687682491206083,2.861314e-01,7.818517e-01,1.000000e+00,64/285,18.85%,MAZ;TFG;CARD11;RYK;LAMTOR1;CD81;MYDGF;AVPI1;CORO7;LAMTOR4;TGFB1;RHOC;SPRY2;GATA3;LGALS1;TNIP2;BBC3;HEXIM1;MIB2;ZNF622;BIRC2;TMEM9B;P2RX4;FNIP1;LGALS9;PTPRJ;BECN1;BRD4;GAPDH;CCL4;SEH1L;DDX1;HCST;GPR89A;S100A4;PRKCB;TMED4;IKBKB;SEC13;LAMTOR5;CCL5;IRAK1;LYN;JMJD8;TAOK2;TRIM25;REL;PINK1;MLST8;HLA-DRB1;BCLAF1;BST2;SHISA5;TRAT1;RIPK2;TRIM58;IL18;BIRC3;DDX3X;ENG;SHC1;TXN;SPATC1L;IGF1R
prerank,Glucose Metabolic Process (GO:0006006),-0.3066061799478277,-1.0686888798679792,3.639515e-01,7.802837e-01,1.000000e+00,6/37,7.74%,ATF4;IRS2;POLR2D;FBP1;CRTC2;ENO3
prerank,Apoptotic Process (GO:0006915),-0.23656605964978245,-1.068420081963479,2.970149e-01,7.792840e-01,1.000000e+00,49/151,25.47%,ATN1;GZMM;AKT1;DDIT4;IER3;ERCC3;PPP2CA;BBC3;DIABLO;BAD;LTA;DAPK3;MCM2;BNIP1;CASP3;IFI6;GAPDH;PIDD1;MAP3K10;IFIT2;CSRNP1;RFK;CASP4;IFI27L1;TAOK2;BCLAF1;RIPK2;IRF1;BAG6;FASTKD2;PDCD2L;OGT;PLSCR1;CDK11B;BAK1;BNIP2;MAGEH1;NLRP1;VDAC1;MX1;YARS1;CIB1;DMPK;IFI27L2;BOK;FEM1B;ZBTB16;GZMA;ITGB2
prerank,Regulation Of Interleukin-17 Production (GO:0032660),0.34635162860042096,1.068309328747074,3.565401e-01,7.420251e-01,1.000000e+00,5/18,10.55%,NCKAP1L;PRKCQ;IFNG;LY9;SLAMF6
prerank,Protein Sumoylation (GO:0016925),-0.30069343389948544,-1.068064180364538,3.681416e-01,7.785821e-01,1.000000e+00,16/39,27.63%,CBX4;SUMO3;ZMIZ1;NSMCE4A;ZNF451;SUMO1;TOPORS;HDAC9;PIAS1;UBE2I;TRIM28;STX1A;SMC5;SLF2;SAE1;UHRF2
prerank,Negative Regulation Of Protein Localization To Nucleus (GO:1900181),-0.3583738582469551,-1.06698791984174,3.544974e-01,7.799499e-01,1.000000e+00,6/18,22.09%,LATS1;SUMO1;ILRUN;UFM1;LATS2;FLCN
prerank,Regulation Of Inflammatory Response (GO:0050727),0.23207731649205376,1.0666358241203862,3.279570e-01,7.445801e-01,1.000000e+00,31/111,21.75%,ETS1;S100A8;S100A9;TNIP1;SNX6;STAT3;IL10RA;UFL1;CD47;IFNG;TRIM65;GSDMD;AOAH;ARNT;VPS35;RIPK1;SEMA7A;LPCAT3;SHARPIN;DDT;LETMD1;VAMP2;PPARA;IL16;CAMK2N1;SELENOS;NAPEPLD;RB1;RORA;FOXP1;GPSM3
prerank,"RNA Splicing, Via Transesterification Reactions (GO:0000375)",-0.3362428126581001,-1.0664351054559553,3.617747e-01,7.798643e-01,1.000000e+00,4/24,4.69%,SRSF10;SLU7;TRA2B;SMNDC1
prerank,Nucleotide-Excision Repair (GO:0006289),0.27276015013003807,1.0662277619983005,3.436807e-01,7.433847e-01,1.000000e+00,20/49,30.50%,SLC30A9;RPA3;RNF111;DDB2;RPA2;GTF2H3;RAD23B;ERCC8;GTF2H5;POLR2I;MRPL36;POLL;TP53;UVSSA;XPC;POLD3;ERCC6;COMMD1;RPA1;ERCC4
prerank,Regulation Of p38MAPK Cascade (GO:1900744),-0.3378271572000013,-1.0649960258597122,3.533698e-01,7.825045e-01,1.000000e+00,9/22,23.14%,GADD45B;ZC3H12A;LGALS9;PER1;GADD45G;RELL1;STK39;MINK1;ULK4
prerank,Oligosaccharide Metabolic Process (GO:0009311),-0.34382182546936907,-1.064547123779434,3.704974e-01,7.820469e-01,1.000000e+00,4/22,9.71%,MAN2C1;ST6GALNAC6;NEU1;NAGA
prerank,Regulation Of RIG-I Signaling Pathway (GO:0039535),-0.38245091593976255,-1.064336758490507,4.018182e-01,7.809261e-01,1.000000e+00,11/16,39.98%,BIRC2;RNF125;BIRC3;NPLOC4;USP15;UFD1;DHX58;SEC14L1;OASL;PUM2;C1QBP
prerank,Regulation Of T Cell Receptor Signaling Pathway (GO:0050856),-0.32362312675666705,-1.0643042956258175,3.750000e-01,7.792510e-01,1.000000e+00,10/27,23.28%,LGALS3;CARD11;CD81;PTPRJ;SLA2;TRAT1;PHPT1;RC3H1;DGKZ;PTPN2
prerank,Peptidyl-Threonine Phosphorylation (GO:0018107),-0.29476566307436475,-1.0641293478724874,3.412564e-01,7.779500e-01,1.000000e+00,8/43,10.87%,AKT1;CSNK2B;ULK1;HIPK1;GSK3A;PRKCA;MAP3K10;CSNK2A2
prerank,Metaphase Plate Congression (GO:0051310),0.300191060128658,1.0641289514917127,3.411765e-01,7.470042e-01,1.000000e+00,5/35,3.05%,TRAPPC12;KPNB1;NUP62;RAB11A;CHMP5
prerank,Regulation Of TOR Signaling (GO:0032006),-0.28318892830058473,-1.0637732543170446,3.539519e-01,7.772943e-01,1.000000e+00,15/55,15.78%,DGKQ;LAMTOR1;LAMTOR4;DDIT4;UBR1;FNIP1;GSK3A;FBXO9;BMAL1;SEH1L;SEC13;LAMTOR5;ITFG2;MLST8;GNA12
prerank,Natural Killer Cell Activation (GO:0030101),0.3338093904376672,1.0637712767689453,3.646789e-01,7.455302e-01,1.000000e+00,6/21,14.05%,PIK3CD;PTPRC;RASGRP1;SNX27;SLAMF7;CD2
prerank,Pyroptosis (GO:0070269),0.3691158806281336,1.063645056327991,3.744395e-01,7.433517e-01,1.000000e+00,3/15,5.43%,APIP;GZMB;GSDMD
prerank,intra-Golgi Vesicle-Mediated Transport (GO:0006891),-0.32056187910788686,-1.0631228442095928,3.670886e-01,7.776163e-01,1.000000e+00,5/30,10.56%,NAPG;TRAPPC10;COG3;VTI1A;NAPA
prerank,Regulation Of Double-Strand Break Repair (GO:2000779),0.2513257850152353,1.0624769807326773,3.234501e-01,7.444920e-01,1.000000e+00,23/71,22.26%,PBRM1;SMARCC2;PPP4C;PPP4R2;SPIRE1;MORF4L2;BRD8;RPA2;UBR5;DEK;TRRAP;RUVBL1;SMARCC1;EP400;WRAP53;ATRIP;ACTR2;TIMELESS;SLF1;MORF4L1;MRGBP;ARID2;ACTL6A
prerank,Activation Of Protein Kinase Activity (GO:0032147),0.28409125041740035,1.0623401075071115,3.501144e-01,7.424369e-01,1.000000e+00,4/39,2.20%,TGFBR2;STRADA;ADRB2;PHB2
prerank,miRNA-mediated Gene Silencing (GO:0035195),-0.33840050526260357,-1.060251912402957,3.784787e-01,7.845920e-01,1.000000e+00,8/23,17.20%,CNOT1;NCBP1;TNRC6A;AGO4;AGO2;DDX6;EIF4E2;CNOT8
prerank,GPI Anchor Metabolic Process (GO:0006505),-0.35420321491109275,-1.0593806912948194,3.631579e-01,7.855666e-01,1.000000e+00,2/20,3.83%,MPPE1;PIGH
prerank,Cellular Response To Interferon-Beta (GO:0035458),-0.37485623639501203,-1.0588793431524026,3.913043e-01,7.853020e-01,1.000000e+00,6/15,18.01%,NDUFA13;UBE2G2;CALM1;OAS1;IRF1;HTRA2
prerank,Positive Regulation Of Protein Localization (GO:1903829),0.2655722708761122,1.0582557560655617,3.479319e-01,7.524686e-01,1.000000e+00,7/58,5.46%,PPP3CB;TRAPPC12;NUP62;TM9SF4;CEP250;CDK5RAP3;CEP120
prerank,Cognition (GO:0050890),-0.3619883487072242,-1.056891690173638,3.910714e-01,7.895026e-01,1.000000e+00,3/17,5.35%,MAGT1;RP9;CHMP2B
prerank,Plasma Membrane Invagination (GO:0099024),0.3541550489152087,1.0564421344202308,3.867277e-01,7.554787e-01,1.000000e+00,5/16,13.36%,ARHGAP25;SNX18;SPIRE1;FCGR2B;BIN2
prerank,Negative Regulation Of DNA Binding (GO:0043392),-0.3607960180020893,-1.0545860384416117,3.967093e-01,7.948231e-01,1.000000e+00,6/18,20.58%,MAD2L2;SUMO3;SUMO1;ILRUN;RSF1;PER2
prerank,Myeloid Cell Differentiation (GO:0030099),-0.3052908784217907,-1.0544637934863945,3.818182e-01,7.934038e-01,1.000000e+00,18/37,32.08%,SLC25A38;ZFPM1;CASP3;TET2;KMT2E;LYN;SLC25A5;MAF;HIPK2;PRKX;PTPN2;SNRK;ZBTB16;HSPA9;HCLS1;CEBPA;ATP5IF1;MPIG6B
prerank,Cellular Response To Amino Acid Stimulus (GO:0071230),-0.3212370546805451,-1.0543257778803528,3.901582e-01,7.921113e-01,1.000000e+00,6/27,11.57%,NSMF;LAMTOR1;LAMTOR4;UBR1;SESN3;LAMTOR5
prerank,Regulation Of Neurogenesis (GO:0050767),-0.3048812199399933,-1.0541529542728802,3.617021e-01,7.909286e-01,1.000000e+00,7/35,13.41%,DYNLT1;YTHDF2;SNW1;NOTCH1;BMAL1;HES6;S100A10
prerank,Regulation Of Innate Immune Response (GO:0045088),-0.26755250300976563,-1.053853303200143,3.454861e-01,7.901180e-01,1.000000e+00,22/64,26.29%,SLC15A4;ZDHHC18;AKT1;BIRC2;LRP8;N4BP1;RIOK3;POLR3F;CCL5;CDC37;POLR3C;NFE2L2;IRF1;BIRC3;PLSCR1;NLRC3;SH2D1B;MUL1;HLA-E;IFI35;ERAP1;TRIM21
prerank,Positive Regulation Of Response To Endoplasmic Reticulum Stress (GO:1905898),-0.3694619174122406,-1.0537071022351834,3.648393e-01,7.888643e-01,1.000000e+00,6/16,19.55%,NCK2;ERN1;PIK3R1;TMEM259;BAG6;BAK1
prerank,"Phagocytosis, Engulfment (GO:0006911)",-0.3700391198241896,-1.0534141801992856,4.028520e-01,7.880411e-01,1.000000e+00,4/15,10.26%,CDC42;RAC1;XKR8;ITGAM
prerank,Positive Regulation Of mRNA Catabolic Process (GO:0061014),-0.29504838598222904,-1.0533251711977856,3.573944e-01,7.866186e-01,1.000000e+00,7/40,8.69%,YTHDF2;YTHDF3;ZC3H12A;YTHDF1;POLR2G;CNOT1;TNRC6A
prerank,Regulation Of Proteolysis Involved In Protein Catabolic Process (GO:1903050),-0.35260130226947256,-1.0531195419422377,3.836127e-01,7.855614e-01,1.000000e+00,8/20,16.92%,NUDT15;PRKACA;EPHA4;LATS1;UBB;PINK1;PSME2;PSME1
prerank,Regulation Of Protein Serine/Threonine Kinase Activity (GO:0071900),-0.2668577086938256,-1.0527929959802311,3.655063e-01,7.848717e-01,1.000000e+00,24/69,23.12%,BCCIP;AKT1;CALM3;MAP2K2;CDKN2D;PPP2CA;SERTAD1;TRIB2;MNAT1;CALM1;CCNT1;CDK7;CDC37;TESK1;CCNT2;GTPBP4;SNF8;HERC5;DDX3X;CDK12;SLC27A1;CIB1;CCNJL;HTT
prerank,Peptidyl-Serine Modification (GO:0018209),-0.24417382851017816,-1.0524071017281227,3.568075e-01,7.843263e-01,1.000000e+00,20/120,10.97%,CSNK1G2;PKN1;MAPKAPK2;GRK2;DGKQ;GALNT3;ULK1;MAPK9;CSNK1D;PRKACA;HIPK1;MKNK2;PKN2;PRKCA;LATS1;MKNK1;MAP3K10;PRKCB;CSNK2A2;IKBKB
prerank,Positive Regulation Of Monoatomic Ion Transport (GO:0043270),-0.3642419168839414,-1.0503879756045265,3.970856e-01,7.887972e-01,1.000000e+00,7/16,23.04%,P2RX4;CCL4;CCL5;CRACR2A;P2RX7;ORAI1;ATP2B1
prerank,Defense Response To Virus (GO:0051607),0.22197903080460255,1.0503454913774894,3.082902e-01,7.723156e-01,1.000000e+00,31/138,19.62%,G3BP1;CNOT7;GBP5;PTPRC;IRF2;PHB2;PRF1;TRIM35;ISG20;SERINC3;BCL2L1;BNIP3;STING1;CARD8;NCK1;IFIT5;SENP7;ZMYND11;IFNAR2;IRF3;DHX15;RIGI;ZNFX1;RAB2B;APOBEC3C;DHX16;ATAD3A;RNF185;TTC4;FADD;APOBEC3D
prerank,Regulation Of Defense Response To Virus (GO:0050688),0.35212275779129365,1.0497767752423448,3.919492e-01,7.715567e-01,1.000000e+00,5/16,15.06%,ATG5;ZMPSTE24;PPM1B;ITCH;ELMOD2
prerank,Negative Regulation Of Protein Tyrosine Kinase Activity (GO:0061099),0.3505578056326841,1.0490413861302192,3.831776e-01,7.714366e-01,1.000000e+00,2/16,1.48%,PTPRC;SNX6
prerank,Regulation Of Protein Polymerization (GO:0032271),-0.3532782949487156,-1.0480087249601455,4.022989e-01,7.942852e-01,1.000000e+00,6/17,22.72%,PLEKHG2;LATS1;CAMSAP1;PFN1;COTL1;ABL1
prerank,Cholesterol Metabolic Process (GO:0008203),0.2820411370249904,1.0476211446473678,3.724605e-01,7.732856e-01,1.000000e+00,11/41,20.79%,LBR;SH2D2A;LSS;SNX17;HMGCS1;INSIG2;GBA2;GLB1;FDFT1;ACAA2;ARV1
prerank,Endocytosis (GO:0006897),-0.24503419339784688,-1.0471636393467816,3.643791e-01,7.950039e-01,1.000000e+00,15/105,10.26%,RAB1A;CSNK1G2;JMJD6;CDC42;IGF2R;ATP6V1H;RNASEK;RIN3;CSNK1D;RHOQ;TBC1D2B;AP1S1;LRP8;GAK;ITGAM
prerank,Endocytic Recycling (GO:0032456),-0.2752485087136661,-1.0460960037115627,3.717728e-01,7.967492e-01,1.000000e+00,14/52,17.68%,VPS53;RAB14;RAB11FIP4;ARL4C;VTI1A;VPS39;ARF6;RAB11FIP3;MICALL1;RAB11B;CCDC93;SNF8;VPS26A;EHD3
prerank,Regulation Of DNA-templated Transcription Elongation (GO:0032784),0.27777882997876147,1.045957506650254,3.860911e-01,7.759855e-01,1.000000e+00,15/41,18.76%,TCEA2;SUPT4H1;INTS14;WDR82;PARP1;ZMYND11;INTS9;SRCAP;HTATSF1;SUPT16H;INTS2;CCAR2;INTS7;SCAF8;ZC3H4
prerank,Membrane Fission (GO:0090148),-0.3065065797345847,-1.045711117833928,3.968804e-01,7.961594e-01,1.000000e+00,8/35,16.56%,CHMP4A;VPS37B;STAM;CHMP2B;UBAP1;CHMP2A;VPS4A;SNF8
prerank,Positive Regulation Of Lymphocyte Differentiation (GO:0045621),-0.3203078464950629,-1.0454160633067213,3.738819e-01,7.953449e-01,1.000000e+00,6/28,7.46%,BRD7;ARID1B;GATA3;ZBTB1;PPP2R3C;ZMIZ1
prerank,Negative Regulation Of MAP Kinase Activity (GO:0043407),0.2982029936397503,1.04499271824521,3.708920e-01,7.764770e-01,1.000000e+00,8/29,13.57%,LAX1;STK38;SMPD1;DUSP16;CDK5RAP3;HIPK3;PTPN1;DUSP1
prerank,Negative Regulation Of Epithelial Cell Proliferation (GO:0050680),-0.31591918834306937,-1.0449720924177481,3.852890e-01,7.950029e-01,1.000000e+00,4/29,3.84%,RUNX3;TGFB1;FBXW7;GATA3
prerank,Regulation Of Filopodium Assembly (GO:0051489),-0.33123623902210403,-1.0421508342194172,3.855634e-01,8.021315e-01,1.000000e+00,9/23,27.20%,CDC42;RHOQ;PIK3R1;DMTN;ARF6;PPP1R16B;WASL;ARAP1;RAB5A
prerank,Telomere Maintenance Via Telomere Lengthening (GO:0010833),0.3370774336026163,1.0420278687408147,3.952484e-01,7.831800e-01,1.000000e+00,12/18,36.52%,PTGES3;WRAP53;TELO2;MRE11;DKC1;NOP10;PIF1;RPA1;RAD50;TERF2IP;CTC1;HSP90AB1
prerank,Positive Regulation Of Calcium Ion Transmembrane Transporter Activity (GO:1901021),0.35940165965644205,1.041352700530056,3.947368e-01,7.827517e-01,1.000000e+00,2/15,1.28%,PPP3CB;PPP3CC
prerank,Positive Regulation Of TOR Signaling (GO:0032008),0.28076931305081776,1.0411939939581338,3.720379e-01,7.807569e-01,1.000000e+00,12/39,18.53%,GOLPH3;RRAGA;NCKAP1L;PIH1D1;KLHL22;CLEC16A;WDR59;PIK3CA;SLC38A9;TELO2;GPR137;RRAGB
prerank,Regulation Of Canonical Wnt Signaling Pathway (GO:0060828),-0.24747396064933574,-1.0410175701815236,3.768116e-01,8.037492e-01,1.000000e+00,19/98,11.11%,CSNK1G2;MAD2L2;TGFB1;PIN1;CSNK1D;OTULIN;DAPK3;GSK3A;IGFBP4;FAM53B;AXIN1;HHEX;GNAQ;TLE4;LATS1;BMAL1;SDHAF2;NFKB1;TLE5
prerank,Kidney Development (GO:0001822),0.3145646879351061,1.0408261799754193,4.009112e-01,7.793738e-01,1.000000e+00,8/23,21.94%,C1GALT1;PCSK5;CEP290;IFT27;NPHP3;HELLS;IFT88;NIPBL
prerank,Positive Regulation Of Macromolecule Biosynthetic Process (GO:0010557),-0.25830345171358493,-1.0406255781727787,3.993453e-01,8.032088e-01,1.000000e+00,12/73,10.03%,RBM3;VIM;AKT1;YTHDF3;IRS2;LDB1;YTHDF1;CIRBP;LARP1B;BCL3;AGO2;NFKB1
prerank,Nuclear Membrane Reassembly (GO:0031468),-0.3344029459222568,-1.0404770117929785,4.057451e-01,8.019676e-01,1.000000e+00,7/22,17.94%,CHMP4A;CHMP2B;NSFL1C;BROX;CHMP2A;VPS4A;UBE2I
prerank,Response To Endoplasmic Reticulum Stress (GO:0034976),-0.24939904096459842,-1.039684121326698,3.699060e-01,8.026697e-01,1.000000e+00,22/87,20.62%,ATF4;GORASP2;MARCHF6;FLOT1;ERN1;BBC3;SELENOK;DERL1;PIK3R1;P4HB;PDIA3;SEL1L;CASP4;TMEM259;UFC1;UFM1;ERP44;BAG6;PDIA6;HSPA5;BAK1;HYOU1
prerank,Regulation Of Transmembrane Receptor Protein Serine/Threonine Kinase Signaling Pathway (GO:0090092),-0.3604641286362551,-1.038251866337917,4.154135e-01,8.053892e-01,1.000000e+00,6/17,21.08%,TGFB1;TRIM33;LATS1;LATS2;ENG;NREP
prerank,Positive Regulation Of Canonical Wnt Signaling Pathway (GO:0090263),-0.28395190755860616,-1.0379502664789306,3.857616e-01,8.046796e-01,1.000000e+00,9/45,10.03%,CSNK1G2;TGFB1;PIN1;CSNK1D;DAPK3;FAM53B;HHEX;BMAL1;NFKB1
prerank,Positive Regulation Of Developmental Process (GO:0051094),-0.2356985265400879,-1.0371427581676609,3.548387e-01,8.055017e-01,1.000000e+00,21/126,14.86%,LLPH;BRD7;ARID1B;MAD2L2;ARHGEF7;ZNF268;DDHD1;NCOA1;FBXO5;MARCHF5;BCL7B;BCL7C;LRP8;ADGRL1;AGO2;SAP30L;CFL1;PGAM5;BRD9;PINK1;PLCB1
prerank,Positive Regulation Of Programmed Cell Death (GO:0043068),-0.2293483111207131,-1.0368922441067097,3.905512e-01,8.045505e-01,1.000000e+00,24/154,10.71%,ATF4;GADD45B;RBM5;BCL6;ARHGEF7;RNPS1;ZNF268;ERCC3;LGALS1;SAP18;DIABLO;ATG7;CTSD;BAD;ZNF622;DAPK3;CTNNBL1;CASP3;LATS1;PTPA;PIDD1;MAP3K10;IFIT2;GADD45G
prerank,B Cell Differentiation (GO:0030183),-0.30195631010851026,-1.0361343327257955,4.027304e-01,8.052069e-01,1.000000e+00,12/35,18.22%,CEBPG;CD79B;FNIP1;PTPRJ;HHEX;PIK3R1;HDAC9;SLC25A5;RABL3;DCAF1;TCF3;IRF2BP2
prerank,Positive Regulation Of Immune Response (GO:0050778),-0.2834637786508989,-1.0353774215811646,3.992806e-01,8.057334e-01,1.000000e+00,10/43,14.82%,SLC15A4;CD81;LGALS9;KARS1;RIOK3;POLR3F;ITGAM;CCL5;POLR3C;HLA-DRB1
prerank,Neuron Development (GO:0048666),-0.260575633939414,-1.0353035454761426,3.839733e-01,8.043151e-01,1.000000e+00,17/75,16.04%,RUNX3;PPP1R9B;RYK;ULK1;PQBP1;STX3;ATXN10;ZFYVE27;CAMSAP1;STMN3;PBX4;CDK16;LYN;FRY;HS6ST1;MICALL1;OPHN1
prerank,Regulated Exocytosis (GO:0045055),0.31607126481866615,1.0350284545999393,3.795309e-01,7.950222e-01,1.000000e+00,3/23,2.53%,PPP3CB;RAB10;PLEK
prerank,Dicarboxylic Acid Metabolic Process (GO:0043648),0.28527582554860514,1.0344454554674898,3.957346e-01,7.943604e-01,1.000000e+00,13/35,24.88%,NIT2;GCLM;ME2;FH;MDH1;MTHFS;PHYH;SDHAF3;ALDH18A1;DHFR;SHMT2;ALDH5A1;SHMT1
prerank,Negative Regulation Of Innate Immune Response (GO:0045824),-0.29008394852499164,-1.0335531247604972,4.135593e-01,8.078649e-01,1.000000e+00,4/38,1.64%,ZDHHC18;YTHDF2;AKT1;YTHDF3
prerank,Monoatomic Anion Transmembrane Transport (GO:0098656),0.3467388531769838,1.033380863062255,3.939394e-01,7.950543e-01,1.000000e+00,4/15,11.92%,SLC1A7;LRRC8D;SLC12A6;CLCN3
prerank,Regulation Of Telomere Capping (GO:1904353),0.3420387111322016,1.0330567824103647,4.083527e-01,7.935846e-01,1.000000e+00,4/18,7.61%,PRKCQ;NEK7;HNRNPD;MAP3K4
prerank,Organelle Organization (GO:0006996),-0.2121462947784429,-1.0315918898219956,3.704225e-01,8.120731e-01,1.000000e+00,49/285,14.73%,ARHGAP4;RAB1A;CDC42;YTHDF2;YTHDF3;TMED10;PYROXD2;GORASP2;CHMP4A;ARHGEF7;TTC17;RAB14;BCS1L;ARHGAP21;MTX1;YTHDF1;SLC25A36;CSNK1D;CHMP2B;COG3;HSD17B10;SURF4;BNIP1;MICAL3;TBC1D20;TMED2;NSFL1C;PDZD8;ZMYM3;CENPT;GAK;RAB2A;CAMSAP1;TMED4;OPTN;CFL1;MTX3;DMTN;TMED1;PKD2;MAPKAP1;AGTPBP1;PI4K2A;GOLGA8N;FAF2;PINK1;MLST8;CHMP2A;VPS4A
prerank,Positive Regulation Of Transmembrane Receptor Protein Serine/Threonine Kinase Signaling Pathway (GO:0090100),-0.29220461707808026,-1.0312125428293482,3.896552e-01,8.115070e-01,1.000000e+00,8/37,12.73%,CSNK2B;TGFB1;SNW1;CREBBP;RNF165;NOTCH1;GIPC1;GDF11
prerank,Ubiquitin-Dependent Protein Catabolic Process (GO:0006511),-0.2119474512139255,-1.030162149646069,3.849432e-01,8.130652e-01,1.000000e+00,78/300,21.10%,WDR26;ZFAND2B;ZNRF2;RNF7;MARCHF6;CHMP4A;VPS37B;RAD23A;PLAA;FBXW7;ANAPC11;PSMF1;CRBN;CHMP2B;CUL3;PSMD6;BIRC2;PSMB6;MYLIP;ZFAND2A;GSK3A;COPS3;FBXO9;ZSWIM8;NSFL1C;AXIN1;RNF115;UBE2G2;RNF125;RNF19B;BMAL1;ARIH2;RNF130;RNF166;TOPORS;USP33;UBAP1;UBA1;SPSB3;UBA6;UBE2S;FBXO11;RBBP6;SPOPL;GET4;KCTD2;TRIM25;PINK1;PSMA1;DTX3L;CHMP2A;VPS4A;PSMB3;CHFR;TBL1X;NFE2L2;HECTD1;RNF40;HERC5;SMURF1;ARRB1;PSMD9;BAG6;UBE2I;DDB1;ARRDC1;NTAN1;ANKRD9;PCNP;SKP1;MTA1;ZRANB1;PSMC2;AREL1;PSMD7;PSMC3;RNF19A;NPLOC4
prerank,Negative Regulation Of Fat Cell Differentiation (GO:0045599),-0.3522859269816323,-1.0300306286019996,4.338920e-01,8.117568e-01,1.000000e+00,7/19,24.25%,TGFB1;TRIB2;BMAL1;TRIO;ASXL1;FLCN;GPS2
prerank,Negative Regulation Of Transcription By RNA Polymerase II (GO:0000122),-0.20361852659797378,-1.029963903715169,3.589744e-01,8.102875e-01,1.000000e+00,106/449,22.09%,MXD4;MAZ;ATF4;CTBP1;GATAD2A;ATN1;MAFF;CBX4;RUNX3;BCL6;MAD2L2;HDGF;LDB1;SNW1;ZNF268;CREBBP;CALR;ZFPM1;GATA3;IKZF5;JUND;TRIM33;ZBTB1;HEXIM1;EID1;MBD3;ID2;FNIP1;HCFC1;EPC1;DUSP22;JAZF1;KMT5A;FBP1;PER1;NOTCH1;CNOT1;HHEX;NKAP;ZNF180;ELK4;LARP7;ZNF451;NFKB1;SAP30L;H1-5;MCPH1;ZBTB5;TRPS1;MBD2;HDAC9;URI1;TLE5;BACH2;MDM4;YEATS2;DEAF1;NR1D2;HIVEP1;BAG3;BCORL1;ZBTB49;SLA2;NFIL3;MAF;DCAF1;LINC-PINT;ZBTB21;TCF3;DRAP1;ZNF778;TBL1X;PHF21A;SUV39H1;ZNF587B;BPTF;RTF1;MAFK;ZNF350;BACH1;UBE2I;IRF2BP2;OGT;ZNF440;SOX4;TAF3;KLF11;CNOT2;ZNF487;TCERG1;HSBP1;EED;MTA1;MAGEH1;SAMD1;PER2;GZF1;PHB1;LRRFIP1;SNAI1;ID1;BRMS1;CTBP2;MNT;NR4A2;FLCN
prerank,Protein Localization To Chromosome (GO:0034502),0.2912269590909718,1.02977757504125,3.968610e-01,8.015344e-01,1.000000e+00,17/31,36.73%,XRCC5;RPA2;PARP1;ATRX;SLF1;RB1;CHMP7;CTCF;MSH2;RPA1;MRNIP;ZMYND8;TINF2;TERF2IP;IFFO1;MCM8;WAPL
prerank,Positive Regulation Of Histone Methylation (GO:0031062),-0.35594524539529365,-1.0295462607760566,4.295900e-01,8.098246e-01,1.000000e+00,5/17,18.59%,KANSL2;HCFC1;SUV39H1;PHF20;OGT
prerank,Negative Regulation Of Signaling (GO:0023057),0.34987638254369113,1.0295266132111724,4.305239e-01,7.998841e-01,1.000000e+00,3/15,12.34%,PPP3CB;AP1AR;PTPN1
prerank,Positive Regulation Of Cation Channel Activity (GO:2001259),0.3337077292436582,1.0278216234438597,4.159664e-01,8.029242e-01,1.000000e+00,2/18,1.28%,PPP3CB;PPP3CC
prerank,Regulation Of Cell Cycle Phase Transition (GO:1901987),-0.37251886697969916,-1.0277075944520144,4.393064e-01,8.138114e-01,1.000000e+00,4/15,9.49%,ZNF16;FBXW7;ERCC3;DBF4
prerank,Regulation Of I-kappaB kinase/NF-kappaB Signaling (GO:0043122),-0.2241895846489822,-1.026728189996351,4.149254e-01,8.150203e-01,1.000000e+00,37/172,17.46%,TFG;CARD11;ZC3H12A;RHOC;TNIP3;LGALS1;TNIP2;MIB2;BIRC2;TMEM9B;LGALS9;PER1;RIOK3;BRD4;GAPDH;PIDD1;DDX1;GPR89A;S100A4;PRKCB;TMED4;IKBKB;OPTN;LAMTOR5;IRAK1;JMJD8;GSTP1;TRIM25;REL;PINK1;HLA-DRB1;BST2;SHISA5;RIPK2;TRIM58;TRAF1;BIRC3
prerank,Fatty Acid Beta-Oxidation (GO:0006635),0.26815238654537843,1.0266950545152314,4.060914e-01,8.041587e-01,1.000000e+00,19/42,32.49%,ECHDC2;ECHDC1;HADHA;CROT;ACADM;MCAT;ACAT1;BDH2;ETFA;ACAA2;ECI2;ABCD3;MTLN;SCP2;AUH;PEX2;ABCD4;ABCD2;AMACR
prerank,Regulation Of Endopeptidase Activity (GO:0052548),-0.315316040433655,-1.0265492630636195,4.085258e-01,8.138777e-01,1.000000e+00,9/30,17.46%,AKT1;FURIN;TIMP1;BIRC2;APH1A;GAPDH;PSME2;PSME1;BIRC3
prerank,Wound Healing (GO:0042060),0.28347873342125796,1.0264679935148096,4.267990e-01,8.024664e-01,1.000000e+00,9/34,18.47%,MIA3;SMPD1;CHMP5;ERBB2;CHMP1A;FUT10;CORO1B;SMAD3;PRCP
prerank,Synaptic Vesicle Recycling (GO:0036465),-0.3297340624445079,-1.0258260939982966,4.130841e-01,8.144443e-01,1.000000e+00,12/22,33.11%,AP3D1;GIT1;OPHN1;AP2M1;SYNJ1;STX1A;DNM2;SYT5;RAB5A;AP3S1;FCHO2;AP2S1
prerank,Negative Regulation Of Phosphorylation (GO:0042326),-0.28512998656575933,-1.0251331708464155,4.290598e-01,8.148400e-01,1.000000e+00,5/44,3.61%,INPP5K;IRS2;ZC3H12A;TGFB1;CDKN2D
prerank,DNA Recombination (GO:0006310),-0.31100879460168285,-1.0247543529275778,4.077329e-01,8.143948e-01,1.000000e+00,5/30,6.56%,RTEL1;SUPV3L1;TSN;ERCC1;RHNO1
prerank,Vesicle Budding From Membrane (GO:0006900),-0.3175583324164847,-1.02455102718402,4.236707e-01,8.133733e-01,1.000000e+00,11/28,21.91%,TRAPPC10;TMED10;CHMP4A;TRAPPC2L;SEC13;TRAPPC5;S100A10;VPS4A;VAPA;AP2M1;WASL
prerank,Regulation Of Cell-Substrate Junction Assembly (GO:0090109),-0.37615016420500413,-1.024497637203094,4.245115e-01,8.118935e-01,1.000000e+00,3/15,10.76%,LDB1;DAPK3;SLC9A1
prerank,Positive Regulation Of Cell Differentiation (GO:0045597),-0.23588776381933718,-1.024444368801255,4.133987e-01,8.104132e-01,1.000000e+00,16/112,10.37%,BRD7;ARID1B;AKT1;ZC3H12A;TGFB1;ZNF268;TENT5A;MAPK9;GLIPR2;FBXO5;ID2;CARM1;BMAL1;NFKB1;XKR8;NUDT21
prerank,Maintenance Of Protein Location In Nucleus (GO:0051457),-0.3463341729026264,-1.0242702259377054,4.323843e-01,8.093129e-01,1.000000e+00,9/18,28.52%,TOPORS;SUN1;SUPT7L;TAF3;SKP1;PARK7;MORC3;SUN2;ARL2BP
prerank,Intracellular pH Reduction (GO:0051452),-0.3355200223759617,-1.024218133978868,4.347826e-01,8.078396e-01,1.000000e+00,5/22,10.67%,TCIRG1;ATP6V1H;RNASEK;ATP6V0C;GPR89A
prerank,Positive Regulation Of Cytokine Production (GO:0001819),0.21028026297908414,1.0230455171703328,3.919753e-01,8.104244e-01,1.000000e+00,35/171,16.01%,G3BP1;MAPK14;TRIM27;PIK3CD;GBP5;PTPRC;RASGRP1;TRAF3IP3;PRKCQ;STAT3;ARHGEF2;PIK3CG;SOD1;CD6;IFNG;CD226;AGPAT1;HIF1A;STING1;CADM1;ARNT;LY9;RIPK1;HAVCR2;SLAMF6;GLMN;IRF3;KAT2A;LAPTM5;CD2;LTB;RIGI;F2R;RAB2B;APPL1
prerank,Negative Regulation Of Apoptotic Signaling Pathway (GO:2001234),-0.2665619670204919,-1.0225387041920626,3.989983e-01,8.110691e-01,1.000000e+00,12/57,14.27%,MAZ;LGALS3;AKT1;FXN;NDUFA13;TRIAP1;CSNK2A2;URI1;SLC25A5;GSTP1;NDUFS3;PINK1
prerank,Vesicle Transport Along Microtubule (GO:0047496),-0.35881714542087284,-1.0223677734550276,4.253076e-01,8.099636e-01,1.000000e+00,2/16,5.06%,RAB1A;KIF13A
prerank,Protein Autophosphorylation (GO:0046777),-0.2426753526700862,-1.0215620848443319,4.037559e-01,8.107006e-01,1.000000e+00,31/97,22.72%,MAPKAPK2;AKT1;ULK1;MAP2K2;STK24;ERN1;DAPK3;MKNK2;EPHA4;MKNK1;MAP3K10;PIM3;IRAK1;LYN;TAOK2;PINK1;RIPK3;ATR;STK39;VRK2;IGF1R;RB1CC1;CDK12;PRKX;EIF2AK2;MINK1;PAK1;TXK;MAP3K3;MARK2;ABL1
prerank,Negative Regulation Of Cell Death (GO:0060548),-0.2863834334674195,-1.0213617009084948,4.359431e-01,8.096358e-01,1.000000e+00,15/40,22.43%,AKT1;CHMP4A;CHMP2B;PEPD;BECN1;PINK1;CHMP2A;VPS4A;DPP9;TXNDC12;HTRA2;AMIGO2;TMEM109;SORL1;PARK7
prerank,Glycosphingolipid Metabolic Process (GO:0006687),-0.3533739963052407,-1.0208133412635123,4.358974e-01,8.096963e-01,1.000000e+00,2/17,1.05%,GLTP;ST6GALNAC6
prerank,Glucose Homeostasis (GO:0042593),-0.2914629602955958,-1.0204741684102907,4.232804e-01,8.090565e-01,1.000000e+00,14/40,23.28%,INPP5K;BAD;POLR2D;CRTC2;PIK3R1;SELENOT;FOXK1;OAS1;USF1;FOXK2;SOX4;CYB5R4;PARK7;PTPN2
prerank,Regulation Of DNA Replication (GO:0006275),-0.2697722415869689,-1.0201070148417728,4.140234e-01,8.085460e-01,1.000000e+00,19/54,23.23%,TERF1;INO80E;CHRAC1;PPP2CA;FBXO5;ESCO1;TSPYL2;SMC3;ATAD5;RBBP6;KAT7;GMNN;GTPBP4;ATR;NFRKB;INO80C;PCNA;ING5;SLFN11
prerank,Renal System Development (GO:0072001),0.3303754374519101,1.0197817549164419,4.239631e-01,8.179907e-01,1.000000e+00,9/19,27.25%,C1GALT1;PCSK5;CEP290;IFT27;NPHP3;HELLS;IFT88;PYGO2;STAT1
prerank,Cellular Response To Ionizing Radiation (GO:0071479),0.27980959735665584,1.0191475174886675,4.131455e-01,8.175110e-01,1.000000e+00,3/36,3.29%,MAPK14;XRCC5;XRCC6
prerank,Adenylate Cyclase-Modulating G Protein-Coupled Receptor Signaling Pathway (GO:0007188),0.2879143824015351,1.0181957975731324,4.366197e-01,8.179296e-01,1.000000e+00,6/32,6.68%,PRKACB;PTGER2;ADRB2;ADGRG1;GPR171;GPR65
prerank,Protein Neddylation (GO:0045116),-0.3326758787869909,-1.0180927110770013,4.355401e-01,8.129787e-01,1.000000e+00,4/20,6.98%,UBE2M;RNF7;COPS8;COPS3
prerank,Response To Molecule Of Bacterial Origin (GO:0002237),0.28376959577638206,1.0180908411717615,4.251208e-01,8.157134e-01,1.000000e+00,8/31,14.83%,S100A8;S100A9;CD6;ERBIN;IFNAR1;FCGR2B;PRDX3;F2R
prerank,Positive Regulation Of Apoptotic Signaling Pathway (GO:2001235),0.26804554455013324,1.018028064094713,4.312796e-01,8.134426e-01,1.000000e+00,12/41,20.85%,S100A8;S100A9;PAK2;TRIM39;RIPK1;LCK;RACK1;LTB;FAS;CRADD;FADD;TP53
prerank,Phagocytosis (GO:0006909),0.2869219119504923,1.017411961190099,4.288991e-01,8.128323e-01,1.000000e+00,6/31,9.08%,ARHGAP25;TM9SF4;MESD;ANXA11;PIP5K1A;FCGR2B
prerank,Regulation Of Amide Metabolic Process (GO:0034248),0.28263927282562856,1.0164718284525096,4.358974e-01,8.132260e-01,1.000000e+00,5/33,4.72%,PGAM1;NOLC1;MTPN;ELP4;EIF2S1
prerank,Positive Regulation Of Protein Phosphorylation (GO:0001934),-0.22235826698858113,-1.0162623882964572,4.215531e-01,8.168616e-01,1.000000e+00,39/169,18.57%,RAP2C;MAD2L2;AKT1;DGKQ;CALM3;CD81;MYDGF;CSNK2B;TGFB1;MAP2K3;VEGFB;SPRY2;FLOT1;RAC1;PIN1;PRKAG1;CSNK1D;FNIP1;PTPRJ;LRP8;AXIN1;LATS1;CALM1;TNK2;GDF11;PRKAG2;LYN;TAOK2;TESK1;PINK1;HLA-DRB1;ATG14;BRAF;RIPK2;ARRB1;DDX3X;ENG;JTB;TXN
prerank,Histone Acetylation (GO:0016573),0.25464773604074514,1.014773197949144,4.398977e-01,8.160346e-01,1.000000e+00,23/55,25.88%,TAF7;USP22;SUPT20H;MSL3;MORF4L2;BRD8;TRRAP;RUVBL1;EP400;KAT2A;TAF12;TAF5;TADA2A;SUPT3H;MORF4L1;MRGBP;TAF5L;ACTL6A;NAA40;TADA3;MAP3K7;VPS72;TAF9
prerank,Protein Localization To Chromatin (GO:0071168),0.31870905053172816,1.0142785930201659,4.365591e-01,8.150569e-01,1.000000e+00,15/22,37.80%,WBP2;PARP1;TASOR;LRWD1;NIPBL;CHMP7;H2BC11;MSH2;MACROH2A1;MRNIP;ZMYND8;MCM8;SGF29;WAPL;RUVBL2
prerank,Cell-Matrix Adhesion (GO:0007160),-0.2846596689340236,-1.014149723362648,4.165232e-01,8.214733e-01,1.000000e+00,12/42,18.81%,CD63;ARHGEF7;RAC1;ITGAE;CD96;ITGAM;BCR;ITGAD;TAOK2;MKLN1;ITGAL;PARVG
prerank,Defense Response To Symbiont (GO:0140546),0.22252993198476015,1.0136371929484773,3.989637e-01,8.145359e-01,1.000000e+00,25/108,19.62%,G3BP1;CNOT7;GBP5;PTPRC;IRF2;PRF1;ISG20;SERINC3;BCL2L1;BNIP3;STING1;CARD8;IFIT5;ZMYND11;IFNAR2;IRF3;DHX15;RIGI;ZNFX1;RAB2B;APOBEC3C;RNF185;TTC4;FADD;APOBEC3D
prerank,Positive Regulation Of Reactive Oxygen Species Metabolic Process (GO:2000379),0.29958636241452846,1.0122106479002995,4.092920e-01,8.166564e-01,1.000000e+00,3/27,2.57%,TGFBR2;MAPK14;SOD1
prerank,Regulation Of Arp2/3 Complex-Mediated Actin Nucleation (GO:0034315),-0.3305959054349533,-1.0108707038784186,4.509434e-01,8.293471e-01,1.000000e+00,4/21,9.45%,ARF1;GMFG;CARMIL2;GMFB
prerank,Positive Regulation Of Protein Secretion (GO:0050714),-0.29360522543816236,-1.0101855270271283,4.413310e-01,8.298046e-01,1.000000e+00,7/33,13.23%,TMED10;IRS2;TGFB1;BAD;POLR2D;TTN;ARF6
prerank,Negative Regulation Of Translation (GO:0017148),-0.24685959409133537,-1.009577901806723,4.322581e-01,8.299685e-01,1.000000e+00,26/82,25.24%,YTHDF2;YTHDF3;CALR;YTHDF1;ENC1;DAPK3;CNOT1;EPHA4;TNRC6A;AGO4;GAPDH;AGO2;TYMS;DDX6;ZNF540;EIF4E2;DDX3X;PCIF1;METTL3;EIF4EBP3;EIF2AK2;TSC1;CPEB4;PAIP2;TPR;IGF2BP2
prerank,Response To Exogenous dsRNA (GO:0043330),-0.36362245199803644,-1.0088688885697874,4.467290e-01,8.304393e-01,1.000000e+00,4/15,15.12%,FLOT1;PQBP1;RFTN1;SLC3A2
prerank,Establishment Of Protein Localization To Plasma Membrane (GO:0061951),0.2955209029459497,1.0081693014250908,4.361233e-01,8.268173e-01,1.000000e+00,10/28,24.44%,GOLPH3;RAB10;GCC2;RILPL2;BBS2;BLZF1;VAMP2;PREPL;GOLGA7;GGA2
prerank,Positive Regulation Of Interferon-Beta Production (GO:0032728),-0.30323134414925135,-1.0079977273988072,4.493783e-01,8.313075e-01,1.000000e+00,9/30,17.58%,FLOT1;RIOK3;POLR3F;ISG15;OAS1;POLR3C;RIPK2;IRF1;DDX3X
prerank,Negative Regulation Of Protein Localization To Membrane (GO:1905476),0.32276714485337044,1.007674688676913,4.399142e-01,8.260550e-01,1.000000e+00,6/19,14.07%,PPP2R5A;GDI1;BCL2L1;TMBIM1;CLTC;PPFIA1
prerank,Regulation Of Type I Interferon Production (GO:0032479),0.25299487527185655,1.0075591574824594,4.486216e-01,8.239635e-01,1.000000e+00,10/52,15.72%,G3BP1;TRIM27;TRAF3IP3;KLHL22;ATG5;STING1;IRF3;RBX1;ITCH;RAB2B
prerank,Hemopoiesis (GO:0030097),-0.26253202245424034,-1.0072262616325918,4.660033e-01,8.320191e-01,1.000000e+00,13/56,14.27%,ATF4;YTHDF2;RUNX3;TGFB1;ZFPM1;GLRX5;HIPK1;MKNK2;ARIH2;TET2;LYN;SBDS;PINK1
prerank,rRNA Methylation (GO:0031167),0.32217978276800996,1.0067204754071266,4.407583e-01,8.242378e-01,1.000000e+00,6/18,22.97%,EMG1;MRM2;METTL5;FBL;NSUN5;TFB1M
prerank,Regulation Of Chromatin Organization (GO:1902275),-0.3198856547505042,-1.005878849607889,4.378378e-01,8.345080e-01,1.000000e+00,7/23,18.59%,KANSL2;MKI67;HCFC1;MSL2;SETD5;PHF20;OGT
prerank,Mitotic Spindle Organization (GO:0007052),0.24289300112630324,1.0046628469142957,4.194373e-01,8.282350e-01,1.000000e+00,16/58,21.50%,KPNB1;KIF2A;CKAP5;RAB11A;KIF3B;RAN;MECP2;VCP;SMC1A;SPICE1;PCNT;RMDN1;MAP1S;CEP126;LSM14A;MAP9
prerank,Negative Regulation Of Blood Vessel Morphogenesis (GO:2000181),0.2864761050234363,1.0044414744606633,4.215686e-01,8.264545e-01,1.000000e+00,6/30,10.54%,KRIT1;ATP2B4;SARS1;MECP2;PTPRM;ATF2
prerank,Negative Regulation Of Epidermal Growth Factor Receptor Signaling Pathway (GO:0042059),-0.35890600736078726,-1.0032845573238889,4.457429e-01,8.404487e-01,1.000000e+00,4/15,12.12%,PTPRJ;MVP;RNF115;ZFYVE28
prerank,Negative Regulation Of Cell Population Proliferation (GO:0008285),-0.21678695493467987,-1.0024323708464602,4.636785e-01,8.413700e-01,1.000000e+00,65/189,27.74%,NCK2;CTBP1;RBM5;FTH1;NME1;ADARB1;RUNX3;CSNK2B;ULK1;TGFB1;ZNF268;CDKN2D;GATA3;POLR2D;PTPRJ;COPS8;NOTCH1;IFNLR1;CGRRF1;DLG3;ATF5;MDM4;PKD2;LYN;ZBTB49;GSTP1;GTPBP4;THAP12;PPM1D;P3H1;IRF1;PODN;TESC;WARS1;SOX4;SAV1;RB1CC1;KLF11;BTG3;EIF2AK2;PER2;PHB1;ADAMTS1;PAK1;NLRC3;COL18A1;CTBP2;FLCN;CIB1;TSC1;ING5;PTPN2;IFITM1;B4GALT7;E2F3;KLF10;PDCD5;IFI35;LMNA;S100A11;MORC3;HMOX1;HSPA1B;KAT2B;ZNF777
prerank,Positive Regulation Of Growth (GO:0045927),-0.27568052000036614,-1.0023610186362841,4.440678e-01,8.399485e-01,1.000000e+00,10/47,14.86%,CDC42;ZPR1;AKT1;FXN;SUPV3L1;NCBP1;RFTN1;MAPKAP1;MLST8;PLCB1
prerank,Intracellular Iron Ion Homeostasis (GO:0006879),-0.29826983662575535,-1.002029081116429,4.586995e-01,8.392952e-01,1.000000e+00,6/31,13.47%,FTL;FTH1;FXN;NUBP1;FBXL5;ATP6V1G1
prerank,Negative Regulation Of Developmental Process (GO:0051093),0.24156482378377025,1.0015441460997974,4.523161e-01,8.332548e-01,1.000000e+00,16/55,23.07%,HDAC1;PHF14;ZNF706;RBBP4;SUZ12;ANP32B;BNIP3;PARP1;SMARCC1;ARID4A;HUWE1;HEY2;OMA1;BRMS1L;ACTL6A;ROCK2
prerank,Protein Transmembrane Import Into Intracellular Organelle (GO:0044743),-0.2991951572796212,-1.0014491905702063,4.473230e-01,8.394097e-01,1.000000e+00,8/29,17.66%,GRPEL2;TIMM17A;TIMM23;GRPEL1;TIMM23B;TOMM40;ROMO1;TIMM21
prerank,Negative Regulation Of Protein Dephosphorylation (GO:0035308),0.3430560343875301,1.001123689416956,4.556075e-01,8.320972e-01,1.000000e+00,3/16,6.83%,PPP1R11;PPP1R8;YWHAB
prerank,Phosphatidylinositol-Mediated Signaling (GO:0048015),0.2736370317048275,1.001033111609088,4.694836e-01,8.299376e-01,1.000000e+00,6/36,6.35%,PIK3CD;ZFP36L1;STAT3;PIK3CG;ERBB2;PLCG1
prerank,Positive Regulation Of Biosynthetic Process (GO:0009891),-0.32346825099658494,-1.0010257193674876,4.450355e-01,8.390441e-01,1.000000e+00,3/22,2.86%,VIM;AKT1;TGFB1
prerank,Negative Regulation Of Inflammatory Response (GO:0050728),0.25152540885288033,1.0002266994011406,4.410256e-01,8.301681e-01,1.000000e+00,19/54,23.96%,MAPK14;STAT3;IL10RA;TRIM65;AOAH;PLCG1;ARNT;VPS35;LPCAT3;RHBDF2;SHARPIN;MKRN2;PPARA;SELENOS;RB1;RORA;TNFRSF1A;PTPN6;ELF4
prerank,Response To UV (GO:0009411),-0.2441325792758425,-0.9992240696052057,4.535433e-01,8.428842e-01,1.000000e+00,12/79,9.04%,ATF4;SDE2;CREBBP;CDKN2D;ERCC3;ZBTB1;CIRBP;MAP2K7;RHNO1;TRIAP1;BCL3;N4BP1
prerank,snRNA 3'-End Processing (GO:0034472),0.3199354592628372,0.9992220310208184,4.652778e-01,8.308431e-01,1.000000e+00,6/20,16.70%,INTS14;INTS9;EXOSC3;EXOSC8;INTS2;INTS7
prerank,Positive Regulation Of Interleukin-1 Production (GO:0032732),0.28268816923578866,0.9984081748600696,4.358974e-01,8.309672e-01,1.000000e+00,6/30,8.66%,GBP5;STAT3;HSPB1;IFNG;GSDMD;CARD8
prerank,Peptide Metabolic Process (GO:0006518),0.2793172431113775,0.9983129770605851,4.305239e-01,8.289057e-01,1.000000e+00,8/30,17.17%,APEH;LNPEP;PSEN1;THOP1;PCSK5;CARNMT1;SPCS1;MIPEP
prerank,DNA Replication (GO:0006260),0.24364900417393892,0.9982772173587119,4.672897e-01,8.266202e-01,1.000000e+00,20/62,30.12%,RPA3;RBMS1;DUT;RFC5;RFC4;RPA2;REV3L;NAP1L1;REV1;BAZ1A;MCMBP;POLL;RNASEH2A;BLM;TBRG1;WRNIP1;POLD3;POLA2;MCM6;RPA1
prerank,Sterol Homeostasis (GO:0055092),-0.29462137899319085,-0.9975454626880468,4.460695e-01,8.462538e-01,1.000000e+00,7/29,16.81%,LAMTOR1;GRAMD1B;NPC2;HDAC9;ABCA5;INSIG1;IL18
prerank,Negative Regulation Of Peptidyl-Tyrosine Phosphorylation (GO:0050732),-0.3272076088692361,-0.9964809169798271,4.462366e-01,8.476046e-01,1.000000e+00,4/20,12.04%,PPP2CA;MVP;DMTN;SOCS1
prerank,Cellular Response To Radiation (GO:0071478),0.2993757552546438,0.9963819933469065,4.630872e-01,8.301166e-01,1.000000e+00,2/24,2.09%,MAPK14;NSMCE3
prerank,Regulation Of Notch Signaling Pathway (GO:0008593),-0.2847003202066753,-0.9962128276972483,4.719864e-01,8.467502e-01,1.000000e+00,10/37,18.82%,YTHDF2;AKT1;FBXW7;RFNG;ZMIZ1;LFNG;ARRB1;GALNT11;METTL3;ARRDC1
prerank,Glycolipid Metabolic Process (GO:0006664),-0.3302502129541112,-0.9960748996065022,4.533107e-01,8.455377e-01,1.000000e+00,2/19,1.05%,GLTP;ST6GALNAC6
prerank,Regulation Of Apoptotic Process (GO:0042981),-0.1979196666318639,-0.9957572044047054,4.736842e-01,8.448518e-01,1.000000e+00,95/420,19.67%,ARHGDIA;ATF4;ZNF16;GADD45B;RBM5;NSMF;CBX4;NME1;BCL6;AKT1;MYDGF;CCNL2;ARHGEF7;EGR1;RNPS1;ARHGAP21;ZNF268;FXN;SUPV3L1;IER3;SPRY2;CALR;ERCC3;LGALS1;SAP18;DIABLO;ATG7;CTSD;BAD;ZNF622;ING3;PRDX5;HYPK;BIRC2;DAPK3;EPC1;CTNNBL1;ACTN4;MCM2;BNIP1;CASP3;TRIAP1;BCL3;AVEN;LRP8;PTMA;LATS1;PIK3R1;IFI6;UBB;PTPA;PIDD1;NFKB1;MAP3K10;IFIT2;GADD45G;PIM3;ATF5;CFL1;MOAP1;CD38;FBXO11;MAPKAP1;BAG3;DNAJC3;RBM25;GSTP1;PINK1;MLST8;SMAD5;BCLAF1;RIPK3;BRAF;BAG1;UFM1;SPTLC1;USP36;LATS2;AHI1;IL2RB;BIRC3;DDX3X;DUSP6;HTRA2;JMY;CLN3;SHC1;FIGNL1;IGF1R;UTP11;HSPA5;SOX4;SAV1;BAK1;KLF11
prerank,Protein O-linked Glycosylation (GO:0006493),-0.26263087037580624,-0.9956821496331666,4.533333e-01,8.434744e-01,1.000000e+00,14/54,22.70%,GALNT10;B3GNT7;GALNT3;B3GNT2;POMT1;TET2;B3GALT6;DPM1;TRAK1;OGT;GALNT11;PLOD1;GALNT1;ST8SIA6
prerank,mRNA Stabilization (GO:0048255),-0.30096261731556995,-0.9953031302483998,4.509151e-01,8.429697e-01,1.000000e+00,8/30,13.79%,MAPKAPK2;RBM38;TENT5A;CIRBP;TENT5C;TAF15;NOCT;PAIP1
prerank,RNA-templated DNA Biosynthetic Process (GO:0006278),0.3336668317891861,0.9952980653934069,4.622222e-01,8.285800e-01,1.000000e+00,11/16,36.52%,PTGES3;WRAP53;TELO2;MRE11;DKC1;NOP10;PIF1;RPA1;RAD50;TERF2IP;HSP90AB1
prerank,Telomere Maintenance Via Telomerase (GO:0007004),0.3336668317891861,0.9952980653934069,4.622222e-01,8.285800e-01,1.000000e+00,11/16,36.52%,PTGES3;WRAP53;TELO2;MRE11;DKC1;NOP10;PIF1;RPA1;RAD50;TERF2IP;HSP90AB1
prerank,Negative Regulation Of Transport (GO:0051051),0.32436290189465683,0.994670817390058,4.466667e-01,8.281282e-01,1.000000e+00,7/19,19.33%,ARL6IP5;SNX3;NDFIP1;RUBCN;PTEN;LRSAM1;PXK
prerank,Positive Regulation Of DNA-templated Transcription Initiation (GO:2000144),0.25810290553485205,0.9943838064057513,4.643735e-01,8.266804e-01,1.000000e+00,9/49,10.35%,TAF7;MED31;JUN;TBP;SETX;GTF2A1;MED28;MDC1;DHX36
prerank,Negative Regulation Of NF-kappaB Transcription Factor Activity (GO:0032088),0.24748032690066024,0.9942908233861756,4.304124e-01,8.246402e-01,1.000000e+00,14/56,14.71%,UFL1;ERBIN;CDK5RAP3;PRMT2;GFI1;PARP10;CDKN2A;LRRC14;COMMD6;CARD8;HAVCR2;PSMD10;ITCH;G3BP2
prerank,Negative Regulation Of Cold-Induced Thermogenesis (GO:0120163),-0.3095169776126698,-0.9938158013944837,4.471831e-01,8.456329e-01,1.000000e+00,11/27,29.79%,ATF4;PLCL2;NOTCH1;BMAL1;PGAM5;ID1;FLCN;RBPJ;NR1H3;DDIT3;IL18R1
prerank,Establishment Of Mitotic Spindle Localization (GO:0040001),-0.33331304266563594,-0.9937978579248912,4.575646e-01,8.440958e-01,1.000000e+00,3/21,7.86%,MAPRE1;DYNLT1;NSFL1C
prerank,Regulation Of Cell Population Proliferation (GO:0042127),-0.20074048482229248,-0.9932536394221321,4.777159e-01,8.441257e-01,1.000000e+00,84/352,21.07%,MAZ;NCK2;CTBP1;ZNF16;RBM5;FTH1;TCIRG1;NME1;ADARB1;BCL6;AKT1;PPP1R9B;IRS2;CD81;CSNK2B;ULK1;TGFB1;ZNF268;FXN;CALR;CDKN2D;GATA3;JUND;PFDN1;FBXO5;TIMP1;MATK;SERTAD1;ID2;CUL3;BIRC2;PTPRJ;COPS8;STX3;BCL7B;BCL7C;NOTCH1;TNFRSF9;EPHA4;HHEX;IFNLR1;IER5;CGRRF1;DLG3;TNFRSF11A;MVD;EAPP;ATF5;MDM4;PKD2;BRD9;LYN;ZBTB49;SLC25A5;TSPO;GNAI2;GTPBP4;THAP12;CEP131;PPM1D;PIAS1;CNOT8;P3H1;IRF1;ROMO1;PODN;ENG;BICRA;SHC1;TESC;TIPIN;IGF1R;AREG;WARS1;SOX4;SAV1;RB1CC1;KLF11;BTG3;DOT1L;EIF2AK2;PHB1;ADAMTS1;PAK1
prerank,Regulation Of Protein Import Into Nucleus (GO:0042306),-0.2977624146178474,-0.9927304537944823,4.783394e-01,8.440628e-01,1.000000e+00,7/30,15.98%,ZPR1;ZC3H12A;TGFB1;PIK3R1;SUMO1;BAG3;UFM1
prerank,Cholesterol Homeostasis (GO:0042632),-0.29650236016724224,-0.9916269991434844,4.583333e-01,8.457563e-01,1.000000e+00,7/28,16.81%,LAMTOR1;GRAMD1B;NPC2;HDAC9;ABCA5;INSIG1;IL18
prerank,T Cell Activation (GO:0042110),0.24570111854317367,0.9907831040018951,4.484412e-01,8.328980e-01,1.000000e+00,13/62,14.05%,PPP3CB;PIK3CD;PTPRC;RASGRP1;PIK3CG;LY9;NCK1;LCK;SLAMF6;SLAMF7;MFAP3;CD247;CD2
prerank,Cellular Response To Epidermal Growth Factor Stimulus (GO:0071364),-0.3320184571965681,-0.990779672787569,4.733840e-01,8.465915e-01,1.000000e+00,3/18,6.44%,ZPR1;INPP5K;DUSP22
prerank,Protein Complex Oligomerization (GO:0051259),-0.2515345824975597,-0.9904525896959726,4.741100e-01,8.460092e-01,1.000000e+00,14/66,15.43%,JMJD6;TMEM120A;CARD11;ZC3H12A;CPSF7;ZBTB1;WDCP;NUDT21;SLC9A1;CPSF6;PKD2;CHMP2A;HLA-DRB1;LRRC8C
prerank,RNA Catabolic Process (GO:0006401),-0.2664012697903009,-0.9896880215148883,4.873524e-01,8.465496e-01,1.000000e+00,7/49,8.74%,YTHDF2;ZPR1;SUPV3L1;ERN1;EXOSC10;NCBP1;AGO4
prerank,Regulation Of Cellular Metabolic Process (GO:0031323),0.2709017354617357,0.9890787415906663,4.779582e-01,8.357029e-01,1.000000e+00,10/35,18.09%,ARF4;PGAM1;COQ7;NUAK1;HIF1A;STK17A;NEK4;PPARA;PDK2;CIDEB
prerank,Carbohydrate Catabolic Process (GO:0016052),-0.3186022717448179,-0.9886599680214031,4.759450e-01,8.479115e-01,1.000000e+00,6/23,13.53%,MAN2C1;NEU1;ENO3;GAPDH;NAGA;LDHA
prerank,Glycerophospholipid Biosynthetic Process (GO:0046474),0.23359574970689329,0.988509236948363,4.588859e-01,8.351774e-01,1.000000e+00,21/74,21.45%,MTMR4;CDIPT;GPAT4;PIKFYVE;PI4K2B;PIP5K1A;AGPAT1;TAMM41;CEPT1;LPCAT1;LPCAT3;FAR1;MTMR6;SLC44A2;PTEN;SELENOI;SFI1;ABHD4;SACM1L;HDHD5;PITPNM1
prerank,protein-RNA Complex Assembly (GO:0022618),-0.2258132335375798,-0.9881602610804369,4.698997e-01,8.477684e-01,1.000000e+00,20/120,12.02%,SRSF10;CRNKL1;RBM5;PRPF18;CPSF7;EIF3B;RAMAC;MRPS11;HEXIM1;POLR2D;SRSF9;NCBP1;AGO4;SNRPD1;AGO2;NUDT21;DDX1;EIF5;SRSF5;CPSF6
prerank,Vesicle-Mediated Transport (GO:0016192),-0.20221005592959482,-0.9881013344366704,4.819945e-01,8.463540e-01,1.000000e+00,82/284,24.73%,RAB5C;RAB1A;CSNK1G2;CDC42;ARF1;STX5;AP3D1;TMED10;CHMP4A;LAMTOR1;ATP6V1H;RAB14;PIP4K2A;RIN3;ARL5B;CSNK1D;KIF13A;CHMP2B;NECAP1;RHOQ;TBC1D2B;STX3;TMED2;AP1S1;LRP8;BECN1;ZFYVE27;SPAG9;RAB2A;SEPTIN9;NAPA;AP4B1;VPS39;CCL5;CDK16;KXD1;ARF6;S100A10;STX11;RAB11FIP3;DTX3L;CHMP2A;VPS4A;ATG14;MICALL1;SNF8;CSNK1E;RAB22A;RAB4A;AHI1;DENND3;EHD3;RAB30;TRAK1;AP2A1;CCZ1;EXOC6B;ARF3;EPN1;KIF1B;HMGXB4;SCRN1;SNAP29;AP5M1;RAB27B;AP2M1;WASL;SNX9;PLIN3;EPG5;AP1G1;AP2A2;AP3B1;MYO5A;STX8;M6PR;DENND1B;STX1A;DNM2;VPS13B;WASHC2A;SGSM3
prerank,Cell Cycle G2/M Phase Transition (GO:0044839),-0.33517359627247045,-0.9879511488523445,4.792793e-01,8.452535e-01,1.000000e+00,11/19,32.13%,AKAP8L;LATS1;AKAP8;CCDC57;PLCB1;WEE1;DNM2;ARPP19;FBXL15;CCNY;TAF2
prerank,Wnt Signaling Pathway (GO:0016055),0.288374454620128,0.9876735331719133,4.598540e-01,8.353998e-01,1.000000e+00,5/27,9.63%,CCDC88C;USP34;STRN;PORCN;VPS35
prerank,Response To Light Stimulus (GO:0009416),-0.2906685431492807,-0.9868673336823345,4.636210e-01,8.468557e-01,1.000000e+00,5/32,6.98%,CDKN2D;ERCC3;CIRBP;MAP2K7;COPS3
prerank,Cellular Response To UV (GO:0034644),-0.2566159697729182,-0.9864449095775919,4.597315e-01,8.464990e-01,1.000000e+00,10/58,9.04%,ATF4;SDE2;CREBBP;ZBTB1;TIMP1;ERCC1;RHNO1;CRIP1;TRIAP1;N4BP1
prerank,Phosphatidylinositol Metabolic Process (GO:0046488),0.25752907854954854,0.9859528995949839,4.579208e-01,8.384678e-01,1.000000e+00,7/45,6.61%,PLEK;MTMR4;CDIPT;PIKFYVE;PI4K2B;PLCG1;PIP5K1A
prerank,Zymogen Activation (GO:0031638),-0.34066550515241967,-0.9858920301098953,4.734982e-01,8.465798e-01,1.000000e+00,7/18,19.55%,FURIN;BAD;ASPH;TBC1D10A;RIPK2;PGK1;BAK1
prerank,Iron-Sulfur Cluster Assembly (GO:0016226),-0.3069755615568223,-0.9854758915680742,4.683099e-01,8.446384e-01,1.000000e+00,6/26,9.86%,FXN;NFU1;GLRX5;NUBP1;NUBP2;ISCA1
prerank,Metallo-Sulfur Cluster Assembly (GO:0031163),-0.3069755615568223,-0.9854758915680742,4.683099e-01,8.446384e-01,1.000000e+00,6/26,9.86%,FXN;NFU1;GLRX5;NUBP1;NUBP2;ISCA1
prerank,Regulation Of Wnt Signaling Pathway (GO:0030111),-0.27639898821127035,-0.9837822285279915,4.790210e-01,8.480010e-01,1.000000e+00,8/40,10.17%,PPP2CA;CRBN;OTULIN;ATP6V0C;FAM53B;HHEX;GNAQ;SUMO1
prerank,Negative Regulation Of Response To Biotic Stimulus (GO:0002832),0.27326037850171325,0.9834560885598537,5.023041e-01,8.437257e-01,1.000000e+00,8/33,15.32%,PRKDC;YWHAZ;ATG5;CARD8;PARP1;PPM1B;ITCH;SIGIRR
prerank,Cellular Response To Metal Ion (GO:0071248),0.2390582711768312,0.9819819836194859,4.974227e-01,8.460563e-01,1.000000e+00,9/57,6.93%,SMPD1;RASGRP2;JUN;DAXX;CDKN1B;NEK7;CPNE3;BNIP3;ADD1
prerank,Cellular Response To Lipid (GO:0071396),-0.23093073336586062,-0.9810153194359258,4.877301e-01,8.545743e-01,1.000000e+00,18/100,13.86%,VIM;GIT1;ZC3H12A;SNW1;PLAA;TNIP3;TNIP2;NDUFA13;NFKBIB;SHPK;PABPN1;SBNO2;H2AZ1;NFKB1;URI1;TWF2;LYN;GSTP1
prerank,Mitotic G1 DNA Damage Checkpoint Signaling (GO:0031571),-0.34904643524250456,-0.9806910914299848,4.778598e-01,8.539071e-01,1.000000e+00,4/16,9.63%,SDE2;TRIAP1;FBXO31;PIDD1
prerank,Positive Regulation Of Cold-Induced Thermogenesis (GO:0120162),0.24575629678702318,0.9805857655249035,4.626866e-01,8.480210e-01,1.000000e+00,7/49,8.99%,ADRB2;ELOVL6;CNOT3;HADHA;FH;BSCL2;EHMT1
prerank,Positive Regulation Of Cell Population Proliferation (GO:0008284),-0.21191609200746228,-0.9805234309649452,5.118694e-01,8.528509e-01,1.000000e+00,51/194,22.74%,MAZ;ZNF16;TCIRG1;NME1;AKT1;IRS2;CD81;TGFB1;ZNF268;FXN;CALR;PFDN1;FBXO5;TIMP1;BAD;MATK;SERTAD1;ID2;CUL3;STX3;BCL7B;BCL7C;NOTCH1;EPHA4;TNFRSF11A;MVD;EAPP;CCL5;BRD9;LYN;SLC25A5;BST2;GNAI2;CEP131;IL18;CNOT8;ROMO1;BICRA;SHC1;TIPIN;IGF1R;AREG;SOX4;DOT1L;PHB1;PAK1;NACC1;CIB1;MAP3K3;RBPJ;CDC123
prerank,Protein Catabolic Process (GO:0030163),-0.24898482954437295,-0.979946624630471,4.848485e-01,8.529153e-01,1.000000e+00,14/68,18.01%,FBXO44;TCIRG1;MARCHF6;CTSD;UCHL3;CASP3;TPP1;CTSS;CTSW;CAPN2;BAG6;DENND3;DDB1;HTRA2
prerank,Response To Organonitrogen Compound (GO:0010243),0.2959991044395091,0.9794112777905373,4.574713e-01,8.491940e-01,1.000000e+00,9/23,22.15%,ATF1;VCP;SYVN1;CCDC47;CREB1;RNF185;ERLEC1;MTOR;RNF5
prerank,Transcription By RNA Polymerase II (GO:0006366),-0.2142510834539276,-0.9788595734750672,5.104790e-01,8.545356e-01,1.000000e+00,49/158,25.39%,MAZ;ATF4;ELOA;TAF11;TAF10;ERCC3;POLR2C;ZBTB1;NCOA1;POLR2D;POLR2G;ELOB;NCBP1;MNAT1;NFKB1;ELL;NCBP3;TAF4;MED4;CCNT1;DEAF1;POLR2E;NOCT;S100A10;CDK7;MAF;DRAP1;CCNT2;RTF1;POLR2J;ELP2;TBPL1;CDK9;MED17;TAF3;CDK12;ELOF1;SNAPC5;NFYA;KLF13;MNT;SUB1;ARRB2;XRN2;GMEB2;CCDC124;E2F3;MED1;POLR2F
prerank,Protein Localization To Golgi Apparatus (GO:0034067),-0.31451357786540723,-0.9787729323332278,4.587814e-01,8.532485e-01,1.000000e+00,6/24,11.09%,TMED10;ARL5B;CSNK1D;SYS1;GAK;OPTN
prerank,Regulation Of Nucleotide-Excision Repair (GO:2000819),-0.32326117278281524,-0.9784193619849613,4.981884e-01,8.527603e-01,1.000000e+00,4/21,7.25%,BRD7;ARID1B;BCL7B;BCL7C
prerank,Regulation Of GTPase Activity (GO:0043087),-0.22683424764059268,-0.9782295564967903,5.169231e-01,8.517763e-01,1.000000e+00,22/113,15.02%,XCL1;ARHGEF7;RAPGEF1;PREX1;SOS2;PIN1;PLXNA4;ARHGAP11A;CHN2;XCL2;TBC1D20;TMED2;EPHA4;ARHGAP9;PLXNA3;CCL4;STMN3;RGS16;CCL5;S100A10;VAV3;RTN4R
prerank,Positive Regulation Of Cell Projection Organization (GO:0031346),-0.2713270173090098,-0.9782080530906965,5.229202e-01,8.502859e-01,1.000000e+00,9/46,13.18%,TWF1;RAPGEF1;CARMIL2;PLXNA4;ALKAL2;PLXNA3;METRN;TWF2;LYN
prerank,Regulation Of Cell Cycle G1/S Phase Transition (GO:1902806),-0.26016935898366533,-0.9774740638908784,4.983165e-01,8.508387e-01,1.000000e+00,9/54,9.60%,BRD7;ARID1B;FBXW7;CDKN2D;PPP2CA;ID2;BCL7B;BCL7C;MNAT1
prerank,Positive Regulation Of Protein Localization To Plasma Membrane (GO:1903078),-0.2905767854856328,-0.9768501998552347,4.849023e-01,8.510866e-01,1.000000e+00,10/31,23.96%,LGALS3;AKT1;STX3;PIK3R1;ARF6;CLN3;RANGRF;PTPN9;CIB1;RHOG
prerank,Regulation Of Telomere Maintenance Via Telomere Lengthening (GO:1904356),0.33659721295774436,0.9764018959605015,4.810924e-01,8.559069e-01,1.000000e+00,4/15,10.35%,TNIP1;HNRNPA2B1;PARP1;DHX36
prerank,Regulation Of Transforming Growth Factor Beta Receptor Signaling Pathway (GO:0017015),-0.24356796932853123,-0.9762818288288999,4.903537e-01,8.511138e-01,1.000000e+00,20/70,22.09%,TGFB1;SNW1;CREBBP;SPRY2;PIN1;TRIM33;LDLRAD4;LATS1;ZNF451;PMEPA1;SAP30L;GIPC1;SMURF1;LATS2;ENG;OGT;HIPK2;NREP;BRMS1;FLCN
prerank,Response To Amino Acid (GO:0043200),-0.3266069087247454,-0.9762521726424191,5.000000e-01,8.496802e-01,1.000000e+00,3/19,2.84%,NSMF;LAMTOR1;LAMTOR4
prerank,Regulation Of Ras Protein Signal Transduction (GO:0046578),-0.26155284484575564,-0.9761852404255329,4.877250e-01,8.483771e-01,1.000000e+00,15/51,20.13%,ARHGDIA;GIT1;SPRY2;MYO9B;FBP1;NOTCH1;MAPKAP1;ARF6;BCR;RABL3;OPHN1;DENND3;OGT;RALGPS1;EPS8L1
prerank,Regulation Of Cell Communication (GO:0010646),0.3028374844681889,0.9758991094080558,4.884211e-01,8.550182e-01,1.000000e+00,4/22,12.34%,NUP62;CRK;ZMYND11;PTPN1
prerank,Stress Granule Assembly (GO:0034063),-0.3220500257769184,-0.9757553448383632,5.273369e-01,8.480671e-01,1.000000e+00,9/20,20.79%,YTHDF2;YTHDF3;YTHDF1;CIRBP;ATXN2L;DDX6;DDX3X;PRRC2C;DAZAP2
prerank,Regulation Of Endoplasmic Reticulum Stress-Induced Intrinsic Apoptotic Signaling Pathway (GO:1902235),0.30944393122646674,0.97545936561531,4.741379e-01,8.540809e-01,1.000000e+00,10/19,26.99%,TMBIM6;NCK1;FCGR2B;SYVN1;PTPN1;CREB3;SELENOS;EIF2AK3;BCL2L11;XBP1
prerank,Positive Regulation Of Endopeptidase Activity (GO:0010950),-0.3456619368531901,-0.9751215344468847,5.125448e-01,8.482953e-01,1.000000e+00,5/16,16.92%,EPHA4;APH1A;LYN;PSME2;PSME1
prerank,Membrane Assembly (GO:0071709),-0.3051678775089977,-0.9742458067375553,4.927798e-01,8.492191e-01,1.000000e+00,7/25,14.73%,CHMP4A;CHMP2B;NSFL1C;RFTN1;S100A10;CHMP2A;VPS4A
prerank,Regulation Of Immunoglobulin Production (GO:0002637),0.3277115076186608,0.9736859833279281,4.683544e-01,8.571658e-01,1.000000e+00,3/16,9.08%,PTPRC;PHB2;FCGR2B
prerank,Maintenance Of Protein Localization In Organelle (GO:0072595),-0.3454695318541343,-0.973474454339573,4.962547e-01,8.498087e-01,1.000000e+00,9/16,30.40%,TOPORS;PINK1;SUPT7L;HSPA5;TAF3;SKP1;MORC3;ARL2BP;KDELR2
prerank,Protein Ubiquitination (GO:0016567),-0.19823059486694727,-0.9734383179468348,5.333333e-01,8.484019e-01,1.000000e+00,98/308,27.24%,ZNF598;SDE2;RNF7;BRAP;UBOX5;MARCHF6;RNF181;FBXW7;ANAPC11;ENC1;CRBN;TRIM33;UBR1;MARCHF5;MIB2;OTULIN;UBE2Q1;CUL3;UCHL3;BIRC2;CAND1;MYLIP;DDA1;BSPRY;MSL2;FBXO9;ZSWIM8;MARCHF3;RNF115;USP7;RNF125;RNF19B;UBB;ARIH2;VCPIP1;RNF166;ISG15;CUL5;TOPORS;FBXL5;MDM4;UBA1;UBA6;UBE2S;FBXO11;TPP2;RBBP6;TRIM25;PINK1;DTX3L;KLHL2;CHFR;NFE2L2;TRIM58;RNF103;HERC5;SMURF1;ARRB1;DDB1;ARRDC1;UBE2J1;RNF138;ANKRD9;FANCL;PCNP;ZNF738;SKP1;AREL1;RNF19A;RC3H1;WSB2;RNF6;ARRB2;FBXW8;UBE2L6;HERC4;TRIM44;UBE2O;TRPC4AP;RNF114;PEX10;MARCHF2;UBE2V1;MUL1;BABAM2;SMURF2;VPS11;WWP2;TRIM21;FBXO45;RNF126;MKRN1;RNF11;UBE2D1;FBXO32;RC3H2;CUL1;CDC34
prerank,Positive Regulation Of Cellular Process (GO:0048522),-0.20244503653898255,-0.9733886726741973,5.324675e-01,8.470463e-01,1.000000e+00,41/264,13.35%,MAZ;ZNF16;CDC42;ZPR1;BRD7;ARID1B;TCIRG1;AKT1;IRS2;CD81;TGFB1;ZNF268;FXN;SUPV3L1;RAD23A;CALR;PFDN1;FBXO5;TIMP1;MATK;SERTAD1;CUL3;HCFC1;PTPRJ;STX3;BCL7B;BCL7C;NOTCH1;PRKCA;NCBP1;EPHA4;IER5;TNFRSF11A;P4HB;MVD;EAPP;CCL5;MAPKAP1;BRD9;LYN;SLC25A5
prerank,RNA-mediated Gene Silencing (GO:0031047),-0.32808880101851345,-0.9718153724906677,5.009311e-01,8.501176e-01,1.000000e+00,4/18,10.01%,HEXIM1;HELZ;AGO4;AGO2
prerank,Positive Regulation Of Mitochondrion Organization (GO:0010822),-0.27001762231176424,-0.9717915990320478,5.181347e-01,8.486993e-01,1.000000e+00,18/42,27.37%,DDHD1;BBC3;BAD;MARCHF5;GSK3A;MOAP1;PGAM5;PINK1;HTRA2;BAK1;PARK7;HTT;PPIF;BOK;MUL1;PDCD5;BID;GSK3B
prerank,Insulin Receptor Signaling Pathway (GO:0008286),-0.3024002910387377,-0.9714790908940304,5.064220e-01,8.480633e-01,1.000000e+00,12/27,32.77%,IRS2;RHOQ;GSK3A;PIK3R1;SHC1;IGF1R;PTPN2;GRB2;GSK3B;FOXO4;AP3S1;AKT2
prerank,Protein Depolymerization (GO:0051261),-0.3304899190025724,-0.9711631451367377,4.937163e-01,8.474791e-01,1.000000e+00,8/17,24.17%,TWF1;MICAL3;STMN3;TWF2;VPS4A;GSN;STMN1;DSTN
prerank,Epithelium Development (GO:0060429),0.2541382696741307,0.9708758545904578,5.107399e-01,8.634344e-01,1.000000e+00,11/40,21.01%,PDCD10;KRIT1;VCL;PIH1D1;TAGLN2;WDPCP;PTCH1;BDH2;CPT1A;TIMELESS;ALDOC
prerank,Phospholipid Translocation (GO:0045332),-0.3193759555828816,-0.9701092984980327,4.869888e-01,8.490449e-01,1.000000e+00,8/20,23.81%,TRIAP1;ATP8A1;ABCA7;PLSCR1;P2RX7;ATP11C;ABCB1;ATP8B4
prerank,Regulation Of Ruffle Assembly (GO:1900027),-0.34474792229108886,-0.9699088619608556,5.113636e-01,8.481239e-01,1.000000e+00,5/15,20.13%,CARMIL2;P2RX4;EVL;PFN1;EPS8L1
prerank,Positive Regulation Of Protein Binding (GO:0032092),0.26710403753201883,0.9689338976805066,4.886364e-01,8.667628e-01,1.000000e+00,8/36,10.51%,STK4;EPB41;AKTIP;RAN;ADD1;PSEN1;STING1;NMD3
prerank,Fatty Acid Biosynthetic Process (GO:0006633),0.27192119686807,0.9678431325550847,5.000000e-01,8.676235e-01,1.000000e+00,10/31,27.20%,ELOVL6;ABHD3;HACD2;ABHD2;MCAT;GPX4;MLYCD;ABCD3;XBP1;ACACA
prerank,Negative Regulation Of MAPK Cascade (GO:0043409),0.2360179182862881,0.9678147574684768,5.412844e-01,8.653729e-01,1.000000e+00,16/55,19.53%,LAX1;PTPRC;TNIP1;STK38;SMPD1;DUSP16;CDK5RAP3;QARS1;PSMD10;PTPN1;DUSP1;PTEN;PIK3R2;DLG1;EZR;RGS14
prerank,Positive Regulation Of Viral Genome Replication (GO:0045070),-0.31237878966588145,-0.9677250188917428,4.858657e-01,8.526357e-01,1.000000e+00,8/23,17.97%,ADARB1;RAD23A;PKN2;TMEM39A;CCL5;PPIH;DDX3X;DDB1
prerank,Endosome Transport Via Multivesicular Body Sorting Pathway (GO:0032509),0.3178486585150195,0.9666618063786152,4.792627e-01,8.665510e-01,1.000000e+00,12/19,32.56%,CHMP5;MVB12A;TMEM50A;VCP;LEPROT;DENND10;CHMP7;VPS4B;TMEM50B;CHMP6;LEPROTL1;CHMP1B
prerank,Regulation Of Endothelial Cell Migration (GO:0010594),-0.2800837604144783,-0.9650239672362129,5.025997e-01,8.587754e-01,1.000000e+00,7/36,9.34%,AKT1;ZC3H12A;CALR;RAC1;GATA3;PRKCA;EMC10
prerank,Protein Monoubiquitination (GO:0006513),0.26249549952412743,0.9646054522590782,5.181818e-01,8.706429e-01,1.000000e+00,12/36,20.60%,RNF20;KLHL22;FAAP20;MARCHF7;OBI1;RBX1;ITCH;RNF10;FANCF;HUWE1;UBE2R2;RAD18
prerank,Positive Regulation Of JUN Kinase Activity (GO:0043507),-0.32259469815879005,-0.9634817233779854,5.183246e-01,8.617417e-01,1.000000e+00,4/19,10.29%,ERN1;MAP2K7;TNFRSF11A;MAP3K10
prerank,Regulation Of Centrosome Duplication (GO:0010824),0.29134302950616925,0.9630177399838094,5.273973e-01,8.730524e-01,1.000000e+00,13/24,32.56%,CHMP5;CEP120;CHMP1A;NPM1;SPICE1;GEN1;CEP76;TMEM67;NAT10;VPS4B;PDCD6IP;PLK2;CHMP1B
prerank,Positive Regulation Of miRNA Metabolic Process (GO:2000630),-0.2966867956842653,-0.962973697337079,5.079929e-01,8.617569e-01,1.000000e+00,6/27,10.03%,ZC3H12A;EGR1;TGFB1;GATA3;ZSWIM8;NFKB1
prerank,Protein N-linked Glycosylation Via Asparagine (GO:0018279),-0.32111769836271903,-0.9627817841369906,5.106383e-01,8.607801e-01,1.000000e+00,7/19,20.38%,MAGT1;RPN2;DDOST;DPM1;NUDT14;UBE2J1;MGAT1
prerank,Positive Regulation Of Macromolecule Metabolic Process (GO:0010604),-0.2157257911161703,-0.9622237676467431,5.286822e-01,8.608368e-01,1.000000e+00,19/151,7.45%,MAZ;ATF4;ZPR1;AKT1;DGKQ;ZC3H12A;MAP2K2;IFNGR1;EGR1;TGFB1;SPRY2;PDCL3;MAPK9;PRKAG1;ID2;HCFC1;LGALS9;GSK3A;NOTCH1
prerank,Negative Regulation Of Cytoskeleton Organization (GO:0051494),-0.3322782276457696,-0.9621136935023622,5.170557e-01,8.596350e-01,1.000000e+00,4/17,18.11%,TWF1;SSH1;TWF2;PFN1
prerank,tRNA Metabolic Process (GO:0006399),0.319798906661562,0.9618577053587957,5.208333e-01,8.742528e-01,1.000000e+00,5/17,16.22%,ZFP36L1;SSB;POP7;ELAC2;RPP21
prerank,Stress-Activated MAPK Cascade (GO:0051403),0.2677400256001687,0.9612734578375317,4.861461e-01,8.736712e-01,1.000000e+00,4/33,4.02%,MAPK14;MAP2K4;ZFP36L1;DAXX
prerank,Regulation Of Actin Filament-Based Process (GO:0032970),-0.26444203868231764,-0.9602558213997281,5.273632e-01,8.635268e-01,1.000000e+00,10/43,15.30%,CDC42;RAC1;DAPK3;RHOQ;DMTN;TWF2;TAOK2;TESK1;MLST8;BST2
prerank,Positive Regulation Of Supramolecular Fiber Organization (GO:1902905),-0.2620476272423769,-0.9602552515341491,4.909091e-01,8.620449e-01,1.000000e+00,4/47,3.67%,MAPRE1;LIMK1;NCK2;RAC1
prerank,Positive Regulation Of B Cell Proliferation (GO:0030890),-0.3302047397703114,-0.9600025173197058,4.893993e-01,8.612075e-01,1.000000e+00,5/17,14.38%,IRS2;CD81;GPR183;CD38;VAV3
prerank,Water-Soluble Vitamin Metabolic Process (GO:0006767),-0.29525583033312774,-0.9599992076432207,5.261194e-01,8.597418e-01,1.000000e+00,8/29,18.73%,SLC25A32;SLC2A1;FPGS;RFK;SLC23A2;PANK2;SLC19A2;MTHFD2L
prerank,Regulation Of Protein Binding (GO:0043393),0.2245526962827463,0.9598537802511349,5.109489e-01,8.757566e-01,1.000000e+00,12/77,7.97%,STK4;STYX;TMBIM6;EPB41;CRK;AKTIP;MITD1;RAN;ADD1;PSEN1;STING1;HDAC5
prerank,Mitotic Metaphase Plate Congression (GO:0007080),-0.28144797086481954,-0.9595382899813396,5.114236e-01,8.595215e-01,1.000000e+00,9/36,14.73%,MAPRE1;CHMP4A;CHMP2B;CUL3;BECN1;SEH1L;KIF22;CHMP2A;VPS4A
prerank,mRNA Methylation (GO:0080009),0.33135524265867744,0.9594364887763139,5.087336e-01,8.747991e-01,1.000000e+00,2/15,8.41%,ZC3H13;NSUN2
prerank,Response To Amino Acid Starvation (GO:1990928),0.2608222179660916,0.9591656937862636,5.283447e-01,8.732979e-01,1.000000e+00,12/36,23.97%,RRAGA;EIF2S1;WDR59;KICS2;DEPDC5;SH3GLB1;FAS;RRAGB;MTOR;EIF2AK3;GCN1;MAPK8
prerank,RNA Stabilization (GO:0043489),0.28568802982561675,0.9590954930013196,5.011236e-01,8.712133e-01,1.000000e+00,8/25,12.35%,TNIP1;THRAP3;ZCCHC17;EIF4ENIF1;PARN;NSUN2;DHX36;PABPC1
prerank,Mitotic DNA Damage Checkpoint Signaling (GO:0044773),0.2573617535422715,0.9586913359841536,5.478261e-01,8.701822e-01,1.000000e+00,13/40,20.89%,PRKDC;CDK5RAP3;TRIM39;RPA2;ZNF830;MDC1;ATF2;RAD17;TAOK1;TAOK3;MRE11;TP53;ATM
prerank,Cellular Defense Response (GO:0006968),-0.30329463167271176,-0.9585791125822589,5.206463e-01,8.607766e-01,1.000000e+00,8/24,15.67%,TCIRG1;GNLY;LSP1;BECN1;KLRC2;TYROBP;KIR3DL2;TRAT1
prerank,Regulation Of Protein Neddylation (GO:2000434),0.32161548185305044,0.9580641846047352,4.779736e-01,8.697449e-01,1.000000e+00,4/15,11.77%,COPS5;COPS7A;HIF1A;DCUN1D1
prerank,Regulation Of Calcium Ion Transport (GO:0051924),-0.3117631985484581,-0.9576091315315282,5.152603e-01,8.620561e-01,1.000000e+00,6/23,13.37%,INPP5K;P2RX4;CCL4;CCL5;PKD2;CRACR2A
prerank,Regulation Of Double-Strand Break Repair Via Nonhomologous End Joining (GO:2001032),0.2992326845146046,0.9575831085907205,5.160550e-01,8.688131e-01,1.000000e+00,4/19,11.86%,SMCHD1;PRKDC;CYREN;WRAP53
prerank,Positive Regulation Of Immune Effector Process (GO:0002699),-0.34449037041599245,-0.9572889259117094,5.045537e-01,8.615544e-01,1.000000e+00,3/15,6.67%,CD81;LGALS9;PTPRJ
prerank,Regulation Of Insulin Secretion (GO:0050796),0.26190980307379186,0.9571962579036368,5.243902e-01,8.677405e-01,1.000000e+00,7/37,8.91%,PPP3CB;TM7SF3;IFNG;HADHA;SLC25A22;UQCC2;ACSL4
prerank,Regulation Of Defense Response To Virus By Host (GO:0050691),-0.28938374288794455,-0.9570625365896248,5.385996e-01,8.606479e-01,1.000000e+00,5/28,8.38%,ZC3H12A;PQBP1;NT5C2;MICB;IFNLR1
prerank,Regulation Of Cellular Component Organization (GO:0051128),-0.22854985694046967,-0.9570503861341583,5.463744e-01,8.592158e-01,1.000000e+00,20/93,17.82%,MAD2L2;LAMTOR1;CCNL2;RAPGEF1;MKI67;HCFC1;MCM2;NUBP1;LATS1;URI1;ATF5;KAT7;SETD5;TAOK2;PINK1;PTCH2;OPHN1;RAB4A;BAG5;CHPT1
prerank,Cellular Response To Acid Chemical (GO:0071229),-0.3217055061824307,-0.9562442204627937,5.265018e-01,8.599261e-01,1.000000e+00,3/19,2.84%,NSMF;LAMTOR1;LAMTOR4
prerank,Tumor Necrosis Factor-Mediated Signaling Pathway (GO:0033209),-0.28246437628406296,-0.955973709791561,5.216606e-01,8.592912e-01,1.000000e+00,7/31,17.46%,COMMD7;EIF5A;BIRC2;TNFRSF11A;IKBKB;TRAF1;BIRC3
prerank,Golgi Vesicle Transport (GO:0048193),-0.20864986664973342,-0.9551775058724532,5.796875e-01,8.600450e-01,1.000000e+00,26/171,12.32%,RAB1A;MPPE1;TFG;NAPG;TRAPPC10;STX5;SEC24C;TMED10;TRAPPC2L;TRAPPC6A;SEC24B;COG3;CUL3;SURF4;BNIP1;TBC1D20;TMED2;RAB2A;BLTP3B;VTI1A;NAPA;TMED4;SEC24A;TAPBP;TRAPPC5;TMED1
prerank,Lysosome Organization (GO:0007040),0.2690211024519226,0.9550273203805011,5.259434e-01,8.717211e-01,1.000000e+00,10/30,22.87%,VPS33A;SPG11;AKTIP;HOOK2;FHIP1B;TMEM106B;GAA;GNPTAB;MTOR;SNAPIN
prerank,Supramolecular Fiber Organization (GO:0097435),0.20145031222222845,0.9547918613686744,5.647059e-01,8.702165e-01,1.000000e+00,15/130,10.43%,CCDC88C;ARHGAP25;KATNA1;KIF2A;CKAP5;TMOD3;ARHGEF2;SLAIN2;FLII;MBD1;HOOK2;MYO6;SLAIN1;RIPK1;TAGLN2
prerank,Regulation Of Protein Phosphorylation (GO:0001932),-0.2177898895809125,-0.9544446244247625,5.643087e-01,8.606459e-01,1.000000e+00,23/127,14.95%,TWF1;INPP5K;AKT1;MYDGF;ZC3H12A;TGFB1;VEGFB;PDCL3;FLOT1;RAC1;PPP2CA;PIN1;CSNK1D;FNIP1;AXIN1;TTN;TSPYL2;SOCS1;LYN;TESK1;PINK1;HLA-DRB1;ATG14
prerank,Regulation Of Cell Size (GO:0008361),-0.3250059190652422,-0.9542847021883261,5.183824e-01,8.596795e-01,1.000000e+00,5/19,14.38%,LAMTOR4;RAC1;ARHGAP5;LAMTOR5;VAV3
prerank,Positive Regulation Of Protein Localization To Membrane (GO:1905477),-0.25814710766887794,-0.9530439041490759,5.529412e-01,8.614983e-01,1.000000e+00,15/51,25.47%,LGALS3;AKT1;CD81;BBC3;STX3;PIK3R1;ITGAM;ARF6;RANGRF;PTPN9;CIB1;TCAF1;RHOG;PDCD5;ITGB2
prerank,Regulation Of Epithelial Cell Proliferation (GO:0050678),-0.28857408603448087,-0.951492069754957,5.263158e-01,8.644208e-01,1.000000e+00,4/30,5.25%,NME1;RUNX3;TGFB1;BAD
prerank,Negative Regulation Of Transmembrane Receptor Protein Serine/Threonine Kinase Signaling Pathway (GO:0090101),-0.2545933847732827,-0.951259166298485,5.423453e-01,8.636460e-01,1.000000e+00,19/55,26.95%,CRIM1;SPRY2;PIN1;TRIM33;LDLRAD4;NOTCH1;ZNF451;PMEPA1;SAP30L;SMURF1;OGT;SKIL;HIPK2;BRMS1;SORL1;SMURF2;STRAP;FAM89B;UBE2D1
prerank,Mitotic Spindle Assembly (GO:0090307),0.27212376054787346,0.950768800134296,5.117925e-01,8.800592e-01,1.000000e+00,4/30,4.59%,KPNB1;KIF2A;RAB11A;KIF3B
prerank,Regulation Of Cell Division (GO:0051302),-0.2532853912430232,-0.9505755252711267,5.301003e-01,8.641326e-01,1.000000e+00,15/51,23.10%,GIT1;CALM3;PIN1;RAB11FIP4;KIF13A;BECN1;CALM1;YEATS2;RAB11FIP3;PDXP;MBIP;ZFYVE26;FLCN;CIB1;PRPF40A
prerank,Negative Regulation Of Cytokine-Mediated Signaling Pathway (GO:0001960),-0.27876687919137544,-0.9500364671117799,5.294118e-01,8.641012e-01,1.000000e+00,16/34,28.96%,YTHDF2;YTHDF3;PPP2CB;ISG15;USP18;OTUD4;OAS1;GSTP1;METTL3;PTPN2;GPS2;MUL1;NR1H3;RNF113A;CYLD;SH2B3
prerank,rRNA Metabolic Process (GO:0016072),0.23026331387452936,0.9499371850769772,5.501222e-01,8.804468e-01,1.000000e+00,12/66,12.27%,ZFP36L1;TRIR;NOLC1;PIH1D1;EMG1;MRM2;EXOSC2;SPIN1;SLFN12;PES1;EXOSC3;XRN1
prerank,Response To Ionizing Radiation (GO:0010212),0.23200956960227867,0.9495142729380314,5.539906e-01,8.794683e-01,1.000000e+00,4/57,2.72%,USP28;MAPK14;SMPD1;CLK2
prerank,Microtubule Polymerization (GO:0046785),0.2794552372761143,0.9493579060363062,5.717593e-01,8.776747e-01,1.000000e+00,4/27,8.54%,CKAP5;SLAIN2;NDEL1;SLAIN1
prerank,Response To Epidermal Growth Factor (GO:0070849),-0.3049099552273862,-0.9488959622925922,5.442804e-01,8.657821e-01,1.000000e+00,3/21,6.44%,ZPR1;INPP5K;DUSP22
prerank,Cellular Response To Peptide Hormone Stimulus (GO:0071375),-0.2549619593841612,-0.9478198455157415,5.662651e-01,8.673127e-01,1.000000e+00,11/48,16.38%,INPP5K;AKT1;IRS2;RHOQ;GSK3A;PIK3R1;NFKB1;HDAC9;LPIN1;INSIG1;USF1
prerank,'De Novo' Post-Translational Protein Folding (GO:0051084),0.28177869321261884,0.9476546279582546,5.033708e-01,8.803597e-01,1.000000e+00,8/26,20.23%,ST13;PTGES3;SELENOF;UGGT1;HSPA8;SDF2;CCT2;DNAJB4
prerank,Glycosaminoglycan Metabolic Process (GO:0030203),-0.3163388998074768,-0.9473381295461152,5.146520e-01,8.671665e-01,1.000000e+00,7/19,32.01%,IDS;EXT1;XYLT1;B3GAT3;B4GALT7;CLN6;IDUA
prerank,Translational Elongation (GO:0006414),0.25492333115612,0.9464895852962324,5.659472e-01,8.814776e-01,1.000000e+00,13/39,22.76%,ANKZF1;EEF1A1;RNF14;TCF25;MTRFR;EEF2;EEF1B2;EEF2K;RACK1;DROSHA;KLHDC10;EIF5A2;GCN1
prerank,Positive Regulation Of Nucleocytoplasmic Transport (GO:0046824),-0.2724834277938104,-0.9464358336421557,5.364964e-01,8.682117e-01,1.000000e+00,7/35,12.96%,ZPR1;ZC3H12A;TGFB1;PIK3R1;YWHAE;CPSF6;BAG3
prerank,mRNA Splice Site Recognition (GO:0006376),0.2844984449420459,0.9462983004711655,5.369128e-01,8.797282e-01,1.000000e+00,6/22,11.19%,LUC7L2;SRSF1;SETX;CELF2;SF3A3;PSIP1
prerank,Negative Regulation Of Intracellular Protein Transport (GO:0090317),-0.32713258787908184,-0.9461476822798461,5.272727e-01,8.675004e-01,1.000000e+00,5/17,15.98%,INPP5K;SUMO1;DMTN;INSIG1;UFM1
prerank,Secondary Alcohol Biosynthetic Process (GO:1902653),0.2869564483999388,0.9457063103776869,5.537757e-01,8.792042e-01,1.000000e+00,7/23,20.79%,LBR;LSS;HMGCS1;INSIG2;GLB1;FDFT1;ARV1
prerank,Regulation Of Cell-Cell Adhesion (GO:0022407),-0.33173439701294827,-0.9455769520426576,5.567766e-01,8.676924e-01,1.000000e+00,2/16,2.86%,MDGA1;TGFB1
prerank,Positive Regulation Of Cytoskeleton Organization (GO:0051495),-0.2664489881934422,-0.9453409538917041,5.358423e-01,8.669030e-01,1.000000e+00,13/39,23.15%,LIMK1;NCK2;PFDN2;PLXNA3;SORBS3;ARF6;PDXP;EVL;PFN1;P2RX7;SNX9;SASS6;GSN
prerank,Regulation Of Protein Catabolic Process (GO:0042176),-0.23424076865345905,-0.944283884025882,5.847176e-01,8.682474e-01,1.000000e+00,20/86,17.97%,STX5;MAD2L2;FURIN;TIPARP;PIN1;NUDT15;NDUFA13;ATG7;PRKACA;GSK3A;AXIN1;UBB;MDM4;PINK1;PSME2;DCAF1;AZIN1;SNF8;PSME1;DDB1
prerank,Positive Regulation Of Protein Import Into Nucleus (GO:0042307),-0.3006347871640269,-0.943656743017037,5.395948e-01,8.684753e-01,1.000000e+00,4/23,8.79%,ZPR1;ZC3H12A;TGFB1;PIK3R1
prerank,Positive Regulation Of T Cell Mediated Immunity (GO:0002711),-0.30985872188836694,-0.9430385646903726,5.394265e-01,8.687988e-01,1.000000e+00,9/21,29.90%,XCL1;ZBTB1;MICB;HLA-DRB1;HLA-F;HLA-B;HLA-E;IL12RB1;HLA-C
prerank,Cytoplasmic Translation (GO:0002181),-0.3394906774726747,-0.9429157881399373,5.500000e-01,8.676982e-01,1.000000e+00,5/15,18.65%,DRG2;EIF4A1;RWDD1;EIF3I;ETF1
prerank,Positive Regulation Of DNA-binding Transcription Factor Activity (GO:0051091),0.19784482334566456,0.9425168503851328,6.205882e-01,8.864121e-01,1.000000e+00,28/144,17.37%,S100A8;TRIM27;S100A9;TRIM22;PRKCQ;STAT3;COPS5;ARHGEF2;PHB2;MTPN;CX3CR1;STING1;HDAC5;USP14;RIPK1;ATF2;TRIM38;NPM1;NTRK1;ERC1;PRDX3;RIGI;IL1RAP;PTEN;TFDP1;TAF12;SMAD3;PRKD2
prerank,Regulation Of Nitric Oxide Biosynthetic Process (GO:0045428),0.2964367855517774,0.9423202276878536,5.333333e-01,8.847247e-01,1.000000e+00,5/21,7.17%,KLF2;CD47;IFNG;ATP2B4;CX3CR1
prerank,Amino Acid Transmembrane Transport (GO:0003333),0.3013968817062213,0.9421573975661073,5.526932e-01,8.829659e-01,1.000000e+00,7/19,20.31%,SFXN1;SLC25A22;SLC25A13;SLC36A1;MFSD12;SLC38A9;SLC7A6
prerank,Positive Regulation Of Translation (GO:0045727),-0.2319905263834542,-0.9420053546807212,5.707547e-01,8.687700e-01,1.000000e+00,20/83,19.26%,RBM3;YTHDF2;VIM;YTHDF3;USP16;YTHDF1;CIRBP;EIF5A;LARP1B;POLR2G;BCL3;FASTKD3;CCL5;PAIP1;DDX3X;FASTKD2;PCIF1;OGT;METTL3;SOX4
prerank,Cellular Response To Reactive Oxygen Species (GO:0034614),-0.2531726089292264,-0.9413025803587737,5.750422e-01,8.692850e-01,1.000000e+00,11/49,17.51%,AKT1;FXN;OSER1;MAPK9;PRDX5;MPV17;PKD2;ZNF580;RIPK3;NFE2L2;ROMO1
prerank,Epithelial Cell Migration (GO:0010631),-0.31305170499832946,-0.9407661962904234,5.428571e-01,8.692682e-01,1.000000e+00,4/19,14.12%,PKN1;PKN2;GIPC1;TESK1
prerank,Regulation Of NLRP3 Inflammasome Complex Assembly (GO:1900225),0.29866280070290435,0.940134863882848,5.410526e-01,8.868064e-01,1.000000e+00,8/19,26.20%,GBP5;NEK7;CARD8;HSPA8;CSNK1A1;CPTP;MAPK8;PTPN22
prerank,Protein K63-linked Ubiquitination (GO:0070534),0.24116586077054503,0.9394726919862143,5.736961e-01,8.865727e-01,1.000000e+00,5/43,7.94%,UBE2D4;TRIM27;TRIM22;TRIM65;UBE2B
prerank,Axonogenesis (GO:0007409),0.2259192775106743,0.9394386579396756,5.822785e-01,8.844612e-01,1.000000e+00,11/64,15.09%,PPP3CB;PRKCQ;MYCBP2;RAB10;SPG11;CYFIP2;ATL1;SEMA7A;NEO1;VASP;PTEN
prerank,Regulation Of Interleukin-6 Production (GO:0032675),0.23754135404249319,0.9390874821778469,6.134663e-01,8.831857e-01,1.000000e+00,23/51,34.32%,NCKAP1L;STAT3;ARHGEF2;CD47;IFNG;RIGI;F2R;IL16;SELENOS;TIRAP;PTPN6;ELF4;PTPN11;PTPN22;XBP1;SPHK2;MAPK13;CYBA;AKIRIN2;TNF;MAVS;SYT11;HMGB1
prerank,Heart Morphogenesis (GO:0003007),-0.3277928063752372,-0.9375506191588274,5.337838e-01,8.765096e-01,1.000000e+00,4/17,11.65%,ZFPM1;NOTCH1;TTN;MDM4
prerank,Regulation Of Embryonic Development (GO:0045995),0.23820082190318137,0.9374896256518982,5.925926e-01,8.854611e-01,1.000000e+00,17/47,27.87%,UCHL5;INO80D;INO80B;EHMT1;RUVBL1;DHX36;WDPCP;KAT2A;TADA2A;NPHP3;PHLDB2;SEPTIN7;NIPBL;TADA3;YY1;RBM19;NR2C2
prerank,Apical Junction Assembly (GO:0043297),0.3088599720540143,0.9374706546672028,5.548246e-01,8.833079e-01,1.000000e+00,4/18,7.80%,VCL;CHAF1B;PAK2;STRN
prerank,Positive Regulation Of Interleukin-2 Production (GO:0032743),-0.3296226757595341,-0.9373604485908236,5.561404e-01,8.756015e-01,1.000000e+00,2/16,1.74%,PDE4D;CARD11
prerank,Nuclear-Transcribed mRNA Catabolic Process (GO:0000956),-0.23025715555407672,-0.9361888326983729,5.850556e-01,8.772390e-01,1.000000e+00,10/78,8.13%,RBM8A;MAGOH;TENT4B;ZC3H12A;RNPS1;DCP1A;EXOSC10;POLR2G;CNOT1;NCBP1
prerank,Negative Regulation Of Macromolecule Biosynthetic Process (GO:0010558),-0.23665356224217526,-0.9353780782666238,5.714286e-01,8.779859e-01,1.000000e+00,18/67,18.39%,INPP5K;TGFB1;CALR;ENC1;DAPK3;GSK3A;CNOT1;EPHA4;GAPDH;GSTP1;TSPO;TYMS;DDX6;ZNF540;EIF4E2;DDX3X;AP2A1;PCIF1
prerank,Regulation Of Cellular Component Biogenesis (GO:0044087),-0.2951783754492772,-0.9352871822635273,5.315315e-01,8.767829e-01,1.000000e+00,6/24,17.77%,RAPGEF1;HCFC1;NOTCH1;LATS1;PINK1;BAG5
prerank,Macrophage Activation (GO:0042116),-0.3300173285082796,-0.9349112484268947,5.266160e-01,8.763341e-01,1.000000e+00,3/17,10.26%,IFNGR1;SBNO2;ITGAM
prerank,Regulation Of Gluconeogenesis (GO:0006111),-0.3082789813134951,-0.9338795284456611,5.395683e-01,8.777502e-01,1.000000e+00,11/21,31.43%,DGKQ;FBP1;USP7;DDB1;OGT;PTPN2;SIK1;ARPP19;EP300;ZNF692;SIRT6
prerank,Import Into Cell (GO:0098657),0.3044907594793247,0.9324958720159371,5.395349e-01,8.956308e-01,1.000000e+00,3/18,4.48%,IL10RA;SLC1A7;LRRC8D
prerank,Response To Lipid (GO:0033993),-0.25488082855660277,-0.932357564778397,5.631399e-01,8.804683e-01,1.000000e+00,10/50,13.03%,MAPKAPK2;TGFB1;GCH1;CDKN2D;POLR2D;LGALS9;MICB;TNFRSF11A;NOCT;IRAK1
prerank,Regulation Of Microtubule Polymerization (GO:0031113),-0.2998940686100859,-0.9318977252087484,5.543478e-01,8.802417e-01,1.000000e+00,3/23,9.96%,MAPRE1;RAC1;CAMSAP1
prerank,Regulation Of Intracellular Steroid Hormone Receptor Signaling Pathway (GO:0033143),0.2946314456978666,0.931235742789475,5.442177e-01,8.969790e-01,1.000000e+00,4/20,4.85%,UFL1;RNF14;PRMT2;DDX5
prerank,Regulation Of DNA Metabolic Process (GO:0051052),0.20275607026707163,0.9306242588809142,6.465753e-01,8.966370e-01,1.000000e+00,25/112,16.78%,UCHL5;TAF7;XRCC5;NSMCE3;SMC6;SMARCA5;USP22;SUPT20H;INO80D;HDAC8;HNRNPD;INO80B;SMG1;TRRAP;RUVBL1;PARG;IL7R;KAT2A;OBI1;USP37;JADE1;TAF12;EHMT2;TAF5;BAZ1A
prerank,Regulation Of Insulin Receptor Signaling Pathway (GO:0046626),-0.28906111461487793,-0.9305394443021074,5.395948e-01,8.824894e-01,1.000000e+00,9/26,23.28%,INPP5K;PIP4K2A;GSK3A;PRKCB;SOCS1;OGT;PIP4K2C;SORL1;PTPN2
prerank,Regulation Of Cellular Catabolic Process (GO:0031329),0.23336415640591499,0.9304164897054181,5.842956e-01,8.950412e-01,1.000000e+00,15/49,20.89%,HSPB1;MTMR4;LONP2;DAPK2;KEAP1;DCAF12;CISD2;HDAC6;GPR137;PIK3R4;UVRAG;ULK3;PIK3R2;TYSND1;ATM
prerank,Positive Regulation Of NF-kappaB Transcription Factor Activity (GO:0051092),0.20866428947381382,0.930255682192428,6.397849e-01,8.932748e-01,1.000000e+00,16/97,14.65%,S100A8;S100A9;TRIM22;PRKCQ;STAT3;ARHGEF2;MTPN;CX3CR1;USP14;RIPK1;TRIM38;NPM1;NTRK1;ERC1;PRDX3;IL1RAP
prerank,Proton Transmembrane Transport (GO:1902600),-0.27577089997708715,-0.9295060736270767,5.657439e-01,8.838109e-01,1.000000e+00,8/32,16.36%,TCIRG1;ATP6V1H;RNASEK;ATP6V0C;SLC9A1;TMEM175;HVCN1;DMAC2L
prerank,Negative Regulation Of Cellular Metabolic Process (GO:0031324),-0.29051273609534733,-0.9289824885004224,5.613718e-01,8.837712e-01,1.000000e+00,7/26,22.32%,GIT1;FBXO5;FBP1;SREBF1;PINK1;FLCN;MAP3K3
prerank,Positive Regulation Of Protein Targeting To Membrane (GO:0090314),-0.32254616464808433,-0.9284410856634854,5.326279e-01,8.837400e-01,1.000000e+00,11/17,38.05%,ITGAM;CIB1;TCAF1;ITGB2;FIS1;FYN;HRAS;CHP1;MIEF1;ANK3;PRNP
prerank,Phosphate-Containing Compound Metabolic Process (GO:0006796),0.20612273269556516,0.928222848983728,6.214099e-01,8.967543e-01,1.000000e+00,12/104,6.62%,PPP3CB;SLC20A1;PIK3CD;PTPRC;STAT3;PIK3CG;CERK;DUSP16;DUSP18;PAK2;NUDT5;AGPAT1
prerank,Chromosome Organization (GO:0051276),-0.2782079877448633,-0.928056007397452,5.782074e-01,8.833711e-01,1.000000e+00,10/30,20.46%,LDB1;NUP133;HHEX;CENPT;LATS1;H1-5;CENPH;RAE1;H1-10;DOT1L
prerank,Negative Regulation Of Blood Vessel Endothelial Cell Migration (GO:0043537),0.3193377635987715,0.9277459797279468,5.655172e-01,8.958817e-01,1.000000e+00,4/16,8.58%,PDCD10;ATP2B4;HDAC5;MECP2
prerank,Positive Regulation Of Organelle Assembly (GO:1902117),0.23733873282196108,0.9274011474929437,5.815603e-01,8.946344e-01,1.000000e+00,5/46,5.46%,G3BP1;NUP62;SNX18;CAPRIN1;CEP120
prerank,Regulation Of Protein Targeting To Membrane (GO:0090313),-0.30774648326854476,-0.9272898474581515,5.600707e-01,8.840034e-01,1.000000e+00,12/20,35.03%,INPP5K;ITGAM;DMTN;CIB1;TCAF1;ITGB2;FIS1;FYN;HRAS;CHP1;MIEF1;ANK3
prerank,Intracellular Monoatomic Cation Homeostasis (GO:0030003),0.21070226579686613,0.9271675236101449,6.124031e-01,8.931239e-01,1.000000e+00,19/85,15.12%,SLC30A9;SOD1;STIM1;ATP1A3;ISCU;ATP2B4;NPTN;ATP2A3;SLC10A7;LCK;SLC39A6;COX11;NDFIP1;ATP6V1A;TPT1;RMDN3;LETMD1;VAPB;ATP6V0A2
prerank,Endosome To Lysosome Transport (GO:0008333),0.2431138230520761,0.926173294321434,5.976190e-01,8.937047e-01,1.000000e+00,14/40,23.13%,VPS33A;MVB12A;AKTIP;HOOK2;CLEC16A;VCP;FHIP1B;BIN1;UEVLD;VPS16;PXK;VIPAS39;SNAPIN;PLEKHF1
prerank,Monocarboxylic Acid Biosynthetic Process (GO:0072330),-0.2780736585501678,-0.9257492146671819,5.607143e-01,8.864888e-01,1.000000e+00,11/31,27.55%,FASN;HSD17B10;OSBPL7;UST;OSBPL9;PER2;PARK7;DSE;HSD17B8;CBR4;LCP1
prerank,Axonal Transport (GO:0098930),0.268958868133813,0.9253543616846854,5.744186e-01,8.937872e-01,1.000000e+00,12/30,26.43%,SOD1;KIF3B;HIF1A;BLOC1S4;BLOC1S1;HDAC6;PAFAH1B1;SNAPIN;SPAST;AP3M1;DTNBP1;BLOC1S2
prerank,Organelle Fusion (GO:0048284),0.29385721844864077,0.9251458587174012,5.426540e-01,8.922694e-01,1.000000e+00,9/20,29.70%,MCL1;MIGA1;MFN1;EEA1;CIDEB;STX4;CHCHD3;MFF;MFN2
prerank,Fatty Acid Metabolic Process (GO:0006631),0.22426889202838043,0.92483351547753,6.202186e-01,8.910099e-01,1.000000e+00,22/64,28.12%,AOAH;ACADSB;ACBD5;ACSL4;CROT;ACADM;MCAT;HPGD;PHYH;ACAD9;LPIN2;CPT1A;ADIPOR2;SGPL1;GPX4;MLYCD;GPAT2;THEM4;ABCD3;XBP1;ACACA;PEX2
prerank,Regulation Of Neuron Projection Development (GO:0010975),-0.2331583822730797,-0.9246675877662772,5.919732e-01,8.880460e-01,1.000000e+00,22/69,23.14%,TWF1;AKT1;RAPGEF1;YTHDF1;ALKAL2;MYLIP;GSK3A;EPHA4;GAK;EFHC2;CFL1;TWF2;LYN;RTN4R;P3H1;BAG5;PTPN9;PAK1;CIB1;MARK2;STYXL1;ULK4
prerank,Positive Regulation Of Phosphorylation (GO:0042327),-0.21868327260912024,-0.9246238309954948,6.239737e-01,8.867721e-01,1.000000e+00,19/102,14.95%,ZNF16;AKT1;RYK;MYDGF;TGFB1;VEGFB;FLOT1;RAC1;PIN1;CSNK1D;ZNF622;FNIP1;AXIN1;CCL5;LYN;TESK1;PINK1;HLA-DRB1;ATG14
prerank,Negative Regulation Of Cell Projection Organization (GO:0031345),-0.30016587107953074,-0.924263076156789,5.703704e-01,8.864113e-01,1.000000e+00,8/22,22.29%,SPRY2;MYLIP;EPHA4;GAK;RTN4R;BAG5;PTPN9;CIB1
prerank,Cellular Response To Heat (GO:0034605),-0.28157721935595326,-0.9241173636404227,5.794066e-01,8.853743e-01,1.000000e+00,12/29,27.29%,SLU7;PRKACA;IER5;SUMO1;YWHAE;BAG3;HSBP1L1;HTRA2;HSBP1;TPR;HMOX1;HSPA1B
prerank,Regulation Of Anatomical Structure Morphogenesis (GO:0022603),0.2211618062874658,0.9239158243291283,5.899281e-01,8.916193e-01,1.000000e+00,9/65,6.71%,ETS1;PDCD10;TNIK;PIK3CG;KRIT1;EGLN1;ERBB2;PAK2;SARM1
prerank,Lytic Vacuole Organization (GO:0080171),0.2693584482822905,0.9231480194898686,5.539906e-01,8.917528e-01,1.000000e+00,9/26,22.87%,SPG11;AKTIP;HOOK2;FHIP1B;TMEM106B;GAA;GNPTAB;MTOR;SNAPIN
prerank,Positive Regulation Of MAP Kinase Activity (GO:0043406),0.2494704027595963,0.922288521568715,5.714286e-01,8.920326e-01,1.000000e+00,7/35,12.34%,RASGRP1;PDCD10;PIK3CG;ERBB2;MAP3K4;MAP4K2;PTPN1
prerank,Late Endosome To Vacuole Transport Via Multivesicular Body Sorting Pathway (GO:0032511),0.2896604883872034,0.9221537608857746,5.915493e-01,8.902529e-01,1.000000e+00,12/21,31.02%,CHMP5;MVB12A;TMEM50A;VPS37A;PTPN23;LEPROT;CHMP7;TMEM50B;HGS;CHMP6;STAM2;LEPROTL1
prerank,Regulation Of Protein Modification By Small Protein Conjugation Or Removal (GO:1903320),0.2658232094640333,0.9215021854537793,5.795724e-01,8.899280e-01,1.000000e+00,7/27,14.30%,COPS5;COPS7A;DAXX;HIF1A;UBQLN1;DCUN1D1;ITCH
prerank,Organelle Disassembly (GO:1903008),0.23936356342228776,0.9208416850564115,6.227848e-01,8.896797e-01,1.000000e+00,14/45,19.66%,UFL1;PNPLA2;ZFAND1;STING1;DENR;VRK1;VCP;MRRF;HDAC6;KIF9;MTIF3;MCTS1;ULK3;UBA5
prerank,Positive Regulation Of Binding (GO:0051099),-0.24680904187552904,-0.9205031873225434,6.120690e-01,8.935397e-01,1.000000e+00,15/54,22.01%,NME1;CEBPG;FLOT1;PIN1;DERL1;NCBP1;USP33;EDF1;GMNN;DTX3L;RIPK2;TXN;HIPK2;DPH3;SUB1
prerank,Modulation By Host Of Viral Genome Replication (GO:0044827),-0.3157815525928067,-0.9200650246598338,5.484461e-01,8.933020e-01,1.000000e+00,3/18,7.52%,PPIB;ZC3H12A;TBC1D20
prerank,Positive Regulation Of Vacuole Organization (GO:0044090),0.3111108128955239,0.9194696120365855,5.555556e-01,8.914233e-01,1.000000e+00,6/16,20.41%,PPP3CB;SNX18;SH3GLB1;LRSAM1;SNX4;RALB
prerank,Negative Regulation Of Proteasomal Ubiquitin-Dependent Protein Catabolic Process (GO:0032435),0.272077625875586,0.919409263390371,5.924276e-01,8.894815e-01,1.000000e+00,4/26,9.49%,UCHL5;STYX;TRIM39;USP14
prerank,Receptor-Mediated Endocytosis (GO:0006898),-0.23978738566982416,-0.9192824183920476,6.045296e-01,8.938976e-01,1.000000e+00,19/61,24.01%,IGF2R;GRK2;CD81;RNASEK;CLTB;AP1S1;GAK;ITGAM;MICALL1;CLN3;AP2A1;LMBR1L;AP2M1;SNX9;SORL1;ARRB2;AP2A2;M6PR;DNM2
prerank,Negative Regulation Of Protein Secretion (GO:0050709),-0.3251233083367404,-0.9185539480582467,5.559633e-01,8.944172e-01,1.000000e+00,8/16,29.75%,MIDN;RAB11FIP3;PSMD9;DPH3;CYP51A1;HMGCR;NR1H3;RAB11FIP1
prerank,Extrinsic Apoptotic Signaling Pathway (GO:0097191),-0.2501987756866027,-0.9184478087222634,5.993151e-01,8.932952e-01,1.000000e+00,10/52,12.96%,SIVA1;TGFB1;DIABLO;BAD;CD70;HIPK1;GSK3A;MOAP1;DEDD2;BAG3
prerank,Cellular Response To Chemical Stress (GO:0062197),0.21843740730664948,0.918223056373856,6.207729e-01,8.906008e-01,1.000000e+00,23/65,24.49%,STX2;SETX;LRRC8D;EIF2S1;ZFAND1;PRDX2;NUDT2;PARP1;RAD52;KEAP1;PIK3CA;RBX1;PRR5L;PRDX3;SERPINB6;FAS;SELENOS;ERMP1;MTOR;ATM;MAPK8;STX4;SLC25A24
prerank,Regulation Of Cell-Matrix Adhesion (GO:0001952),-0.26625345212376716,-0.9178150953258963,5.809199e-01,8.935762e-01,1.000000e+00,13/36,30.93%,LDB1;ENC1;DAPK3;SLC9A1;CASK;MINK1;CIB1;TSC1;PLEKHA2;PIK3CB;GSK3B;PTK2B;FYN
prerank,Regulation Of B Cell Proliferation (GO:0030888),-0.28767432434897977,-0.9173322099750764,5.716783e-01,8.934436e-01,1.000000e+00,7/24,14.38%,IRS2;CD81;GPR183;CD38;TYROBP;LYN;VAV3
prerank,Response To Insulin (GO:0032868),-0.24901205362342183,-0.9170353292346186,6.164623e-01,8.928288e-01,1.000000e+00,15/49,23.06%,INPP5K;AKT1;IRS2;SLC2A1;RHOQ;GSK3A;PIK3R1;HDAC9;LPIN1;INSIG1;USF1;OGT;SLC27A1;TSC1;MYO5A
prerank,Ribonucleoprotein Complex Biogenesis (GO:0022613),-0.2222183050776546,-0.9165493614529304,6.306914e-01,8.927517e-01,1.000000e+00,16/83,18.99%,DNTTIP2;KRR1;BYSL;UTP3;EXOSC10;NGDN;ZNF622;LTV1;MRTO4;WDR36;RSL24D1;METTL17;PNO1;GTPBP4;SNU13;UTP11
prerank,Positive Regulation Of Chemokine Production (GO:0032722),-0.303521899241882,-0.9165177206918724,5.656028e-01,8.914600e-01,1.000000e+00,8/21,27.55%,EGR1;LGALS9;OAS1;IL18;DDX3X;EIF2AK2;HMOX1;LCP1
prerank,Neuron Projection Guidance (GO:0097485),-0.271753379755216,-0.9164073314850515,5.952381e-01,8.903725e-01,1.000000e+00,9/34,18.64%,RYK;NOTCH1;SEMA4F;EPHA4;PLXNA3;USP33;TRIO;OPHN1;ROBO3
prerank,Regulation Of G1/S Transition Of Mitotic Cell Cycle (GO:2000045),-0.22874269227164462,-0.916244334041043,6.351792e-01,8.893941e-01,1.000000e+00,21/72,23.36%,BRD7;ARID1B;AKT1;CDKN2D;PPP2CA;ID2;BCL7B;BCL7C;MNAT1;PKD2;KMT2E;CDK7;PSME2;PLCB1;PSME1;DDX3X;ARID1A;ADAMTS1;SASS6;SLFN11;WEE1
prerank,Positive Regulation Of Receptor Signaling Pathway Via JAK-STAT (GO:0046427),0.30904331218158676,0.9159185747625533,5.691964e-01,8.947094e-01,1.000000e+00,4/17,14.83%,IL10RA;CRLF3;IL7R;F2R
prerank,Central Nervous System Development (GO:0007417),-0.21209104462285708,-0.9154499536852932,6.555024e-01,8.900141e-01,1.000000e+00,40/115,27.07%,ATN1;ZPR1;GIT1;PTS;MDGA1;DDIT4;SLC2A1;UTP3;COX7B;CDK5RAP1;ITGAM;TPP1;SLC23A2;PBX4;UFC1;PKD2;GSTP1;MARCKSL1;UFM1;BPTF;RNF103;AHI1;BAG6;JARID2;SOX4;RAB18;AMIGO2;MINK1;NR4A2;SYNJ1;SZT2;IER3IP1;GSN;VPS13B;ZBTB16;EIF2B5;RAB3GAP1;PHF8;MSI2;ATP6AP2
prerank,Positive Regulation Of Cell Cycle Process (GO:0090068),-0.23853077703925077,-0.9149624213589376,6.066667e-01,8.899937e-01,1.000000e+00,10/59,13.40%,ZNF16;CDC42;CUL3;RHNO1;PKN2;DYNC1LI1;NSFL1C;DBF4;GIPC1;CDC14A
prerank,Organelle Membrane Fusion (GO:0090174),-0.2996341690154791,-0.9145113324092388,5.745856e-01,8.898051e-01,1.000000e+00,3/21,9.52%,STX5;STX3;VCPIP1
prerank,Negative Regulation Of Protein Localization (GO:1903828),0.26039465702566345,0.9137633022874541,6.004619e-01,8.986962e-01,1.000000e+00,15/31,32.74%,RIPOR2;YWHAZ;GDI2;VCP;BTF3;MTOR;LEPROT;ROCK2;UBXN2B;PICALM;COMMD1;MACROH2A1;GOPC;ANKRD13A;CTNNA1
prerank,"Negative Regulation Of Gene Expression, Epigenetic (GO:0045814)",0.2452704972428834,0.9137032387313643,6.183908e-01,8.967903e-01,1.000000e+00,15/39,23.83%,TRIM27;BMI1;SMARCA5;EZH1;HDAC5;CBX3;CREBZF;PHF19;TASOR;ZNF445;UBR2;HELLS;RB1;MPHOSPH8;TRIM37
prerank,Histone Modification (GO:0016570),0.21503168727161015,0.913246735811323,6.368421e-01,8.960237e-01,1.000000e+00,28/72,26.75%,HDAC1;RBBP4;HDAC8;MSL3;MORF4L2;BRD8;UBE2B;HDAC5;TRRAP;RUVBL1;EP400;HDAC6;JADE1;TAF12;TADA2A;SUPT3H;MTA2;MIER1;MORF4L1;MRGBP;BRMS1L;TAF5L;ACTL6A;MIER2;TADA3;VPS72;TAF9;MTA3
prerank,Positive Regulation Of Innate Immune Response (GO:0045089),-0.28306463819097005,-0.9127985574303056,5.779817e-01,8.929789e-01,1.000000e+00,10/26,25.84%,SLC15A4;RIOK3;POLR3F;CCL5;POLR3C;PLSCR1;SH2D1B;IKBKE;HLA-E;IFI35
prerank,Regulation Of Interleukin-2 Production (GO:0032663),0.2689189944115929,0.9126413449343345,5.838926e-01,8.956032e-01,1.000000e+00,11/28,24.81%,TRIM27;PTPRC;TBX21;HAVCR2;GLMN;LAPTM5;PRKD2;EZR;MALT1;GBP1;MAP3K7
prerank,Rescue Of Stalled Ribosome (GO:0072344),0.27795539471448016,0.912616129333002,5.812357e-01,8.935837e-01,1.000000e+00,4/23,5.63%,ANKZF1;RNF14;TCF25;MTRFR
prerank,Golgi To Plasma Membrane Transport (GO:0006893),0.23943469030381928,0.9114336293339803,5.995624e-01,8.947056e-01,1.000000e+00,14/41,30.91%,GOLPH3;RAB10;GCC2;BBS2;BLZF1;VAMP2;PREPL;GOLGA7;GGA2;EXOC2;VPS35L;COMMD1;GGA3;GOPC
prerank,Mitotic Sister Chromatid Segregation (GO:0000070),-0.22612425056522295,-0.9113867480005161,6.225490e-01,8.952655e-01,1.000000e+00,16/78,14.73%,BCCIP;CHMP4A;AKAP8L;OFD1;CHMP2B;CUL3;KMT5A;BECN1;MZT1;TTN;SEH1L;SMC3;KIF22;ZNF207;CHMP2A;VPS4A
prerank,Organelle Assembly (GO:0070925),-0.19313021350820564,-0.9106395965751295,6.974063e-01,8.957702e-01,1.000000e+00,28/217,11.45%,RAB1A;YTHDF2;MAP1LC3B;AP3D1;YTHDF3;WDR45B;GORASP2;CHMP4A;VPS37B;ULK1;STAM;OFD1;EMC6;YTHDF1;ATG7;CHMP2B;GABARAPL1;ATG2A;NOTCH1;NSFL1C;AP1S1;BECN1;PACS2;DUSP23;IFT74;WIPI1;HPS1;UBAP1
prerank,Protein Tetramerization (GO:0051262),0.24506249256842694,0.9102671814867742,5.971897e-01,8.958159e-01,1.000000e+00,4/37,3.33%,ALDH9A1;GBP5;CRYZ;APIP
prerank,DNA-templated Transcription (GO:0006351),-0.19825446692243476,-0.9094403101561385,6.686567e-01,8.975438e-01,1.000000e+00,47/158,24.49%,ATF4;TAF11;TAF10;SPTY2D1;RNPS1;ERCC3;POLR2C;CRCP;POLR2D;POLR1C;POLR2G;EPC1;NFKBIB;TCEANC2;PTMA;MNAT1;NFKB1;TOPORS;TAF4;MED4;CCNT1;DEAF1;POLR2E;NOCT;CDK7;MAF;GTF3C5;GTF3C4;DRAP1;CCNT2;POLR2J;TBPL1;CDK9;RSF1;TEFM;CDK12;NFYA;POLR3H;KLF13;MNT;NR4A2;TFB2M;ARRB2;THAP1;GMEB2;CCDC124;MLF1
prerank,Glycolytic Process (GO:0006096),0.3162141354455045,0.9084131369053979,6.117381e-01,8.986013e-01,1.000000e+00,6/15,21.01%,PGAM1;PGM1;HK1;PKM;ENO2;ALDOC
prerank,Neuron Projection Extension (GO:1990138),0.29793425967122655,0.9081630318082314,5.680346e-01,8.972451e-01,1.000000e+00,2/18,2.99%,PPP3CB;SPG11
prerank,Cellular Response To Light Stimulus (GO:0071482),-0.24989227060619945,-0.9071282131908333,6.284722e-01,9.022133e-01,1.000000e+00,7/44,9.04%,ATF4;SDE2;CREBBP;ZBTB1;RHNO1;TRIAP1;N4BP1
prerank,Negative Regulation Of Ubiquitin-Dependent Protein Catabolic Process (GO:2000059),-0.27893200591947176,-0.9071077622970124,6.270567e-01,9.008759e-01,1.000000e+00,10/29,22.43%,PDCL3;USP7;N4BP1;CSNK2A2;GIPC1;BAG6;OGT;HIPK2;CAMLG;PARK7
prerank,Positive Regulation Of Peptidyl-Serine Phosphorylation (GO:0033138),-0.25296494594265634,-0.9062954792671135,6.416084e-01,9.015483e-01,1.000000e+00,10/39,16.28%,MAD2L2;AKT1;TGFB1;SPRY2;FNIP1;AXIN1;LATS1;PINK1;BRAF;RIPK2
prerank,Calcium-Mediated Signaling (GO:0019722),0.23865844037688103,0.9060411432826808,6.341463e-01,9.008806e-01,1.000000e+00,6/41,10.02%,PPP3CB;PPP3CC;PTPRC;PLCG1;NCALD;PPP3R1
prerank,Epidermis Development (GO:0008544),0.31095417476040293,0.9059170280419628,5.831382e-01,8.991627e-01,1.000000e+00,3/15,16.91%,HDAC1;KDM5A;YBX1
prerank,Positive Regulation Of Protein Localization To Cell Periphery (GO:1904377),-0.27645861595393184,-0.9056215630219158,6.075269e-01,9.018079e-01,1.000000e+00,9/29,23.96%,LGALS3;AKT1;STX3;PIK3R1;ARF6;RANGRF;PTPN9;CIB1;RHOG
prerank,Negative Regulation Of Ras Protein Signal Transduction (GO:0046580),-0.29989094367169083,-0.9053791486457886,6.160714e-01,9.011124e-01,1.000000e+00,5/21,12.88%,SPRY2;CUL3;FBP1;STMN3;MAPKAP1
prerank,Liver Development (GO:0001889),-0.3246121026853649,-0.904408190217935,5.679702e-01,9.022595e-01,1.000000e+00,2/15,3.01%,GFER;CEBPG
prerank,Monoubiquitinated Histone H2A Deubiquitination (GO:0035522),0.26395309072097783,0.9037545103208308,6.115880e-01,9.007484e-01,1.000000e+00,11/26,25.88%,TAF7;USP22;SUPT20H;TRRAP;KAT2A;TAF12;TAF5;SUPT3H;TAF5L;TADA3;TAF9
prerank,Monoubiquitinated Histone Deubiquitination (GO:0035521),0.26395309072097783,0.9037545103208308,6.115880e-01,9.007484e-01,1.000000e+00,11/26,25.88%,TAF7;USP22;SUPT20H;TRRAP;KAT2A;TAF12;TAF5;SUPT3H;TAF5L;TADA3;TAF9
prerank,Glycolipid Biosynthetic Process (GO:0009247),-0.2833001346719867,-0.9034722695649249,5.944541e-01,9.032153e-01,1.000000e+00,2/27,3.83%,MPPE1;PIGH
prerank,Intracellular Glucose Homeostasis (GO:0001678),-0.2843032664443765,-0.9032377048004051,5.978648e-01,9.024731e-01,1.000000e+00,8/26,19.26%,ERN1;TRA2B;PRKACA;PIK3R1;FOXK1;FOXK2;IGF1R;SOX4
prerank,DNA Integrity Checkpoint Signaling (GO:0031570),-0.26827457284765904,-0.9019017813819069,5.920139e-01,9.045345e-01,1.000000e+00,10/30,20.46%,H2AX;RHNO1;TIPRL;CDC5L;DTX3L;RAD9A;CLSPN;ATR;TIPIN;DOT1L
prerank,Negative Regulation Of Wnt Signaling Pathway (GO:0030178),0.21977683790166017,0.9018845864817325,6.692112e-01,9.035970e-01,1.000000e+00,4/55,1.63%,CCDC88C;HDAC1;VGLL4;STK4
prerank,Microtubule Nucleation (GO:0007020),0.28407453352280737,0.9018013103854172,5.848624e-01,9.017341e-01,1.000000e+00,3/21,8.54%,SLAIN2;NDEL1;SLAIN1
prerank,Chromosome Condensation (GO:0030261),0.29733332361945825,0.9013965351008303,5.820569e-01,9.008058e-01,1.000000e+00,4/18,9.83%,H1-2;H1-3;H1-4;CHMP1A
prerank,Regulation Of Stem Cell Population Maintenance (GO:2000036),0.2320591607763973,0.9010890611054438,6.415584e-01,8.995659e-01,1.000000e+00,5/47,5.41%,ZC3H13;HDAC1;ZNF706;RBBP4;CNOT3
prerank,Negative Regulation Of DNA Recombination (GO:0045910),0.2564096993144829,0.9004960787429156,6.013072e-01,8.991046e-01,1.000000e+00,4/30,4.12%,H1-2;SMCHD1;H1-3;H1-4
prerank,Negative Regulation Of Proteasomal Protein Catabolic Process (GO:1901799),-0.27138486492019953,-0.900187561508286,6.210721e-01,9.076523e-01,1.000000e+00,11/29,22.43%,PSMF1;USP7;N4BP1;GIPC1;USP25;OPHN1;BAG6;BAG5;OGT;CAMLG;PARK7
prerank,Cellular Nitrogen Compound Biosynthetic Process (GO:0044271),-0.31489993117096915,-0.8988801136562992,6.190476e-01,9.096317e-01,1.000000e+00,2/16,2.92%,AKT1;GCH1
prerank,mRNA Catabolic Process (GO:0006402),-0.2568257924552441,-0.8988082748416977,6.431034e-01,9.084422e-01,1.000000e+00,14/39,28.21%,YTHDF2;SUPV3L1;ERN1;EXOSC10;AGO4;MRTO4;METTL3;NBDY;RC3H1;XRN2;UPF1;DCP2;HSPA1B;NUDT16L1
prerank,Cellular Response To Hypoxia (GO:0071456),0.2346948925232514,0.8986065010400613,6.497696e-01,9.020254e-01,1.000000e+00,7/43,9.20%,ZFP36L1;HP1BP3;FAM162A;EGLN1;BNIP3;HIF1A;UBQLN1
prerank,Positive Regulation Of Response To External Stimulus (GO:0032103),0.21677046917627554,0.8984784813825468,6.757426e-01,9.003123e-01,1.000000e+00,8/68,5.43%,ETS1;S100A8;GBP5;S100A9;TNIP1;CD47;IFNG;GSDMD
prerank,Intrinsic Apoptotic Signaling Pathway By P53 Class Mediator (GO:0072332),-0.27616983203358536,-0.8982544249731558,6.216216e-01,9.084814e-01,1.000000e+00,8/27,20.74%,SNW1;DDIT4;HIPK1;BCL3;BAG6;JMY;HIPK2;TMEM109
prerank,Positive Regulation Of Protein Polymerization (GO:0032273),-0.25591395995555083,-0.8980792264575428,6.263736e-01,9.075507e-01,1.000000e+00,3/36,3.67%,MAPRE1;NCK2;RAC1
prerank,Positive Regulation Of Leukocyte Mediated Cytotoxicity (GO:0001912),-0.27413009619145645,-0.897990507183407,6.168224e-01,9.064216e-01,1.000000e+00,16/29,29.90%,XCL1;MICB;ITGAM;KLRC2;TYROBP;HLA-DRB1;LAMP1;HLA-F;CRTAM;HLA-B;HLA-E;CD160;KLRC4;KLRC3;IL12RB1;HLA-C
prerank,Negative Regulation Of Cell Cycle Process (GO:0010948),0.30347718940163493,0.8979497181022398,6.017131e-01,8.996876e-01,1.000000e+00,3/17,3.11%,PPP1R10;SMARCA5;BAZ1B
prerank,Regulation Of Proteasomal Ubiquitin-Dependent Protein Catabolic Process (GO:0032434),0.20419268966612655,0.8975257662796364,6.776650e-01,8.987722e-01,1.000000e+00,15/85,13.64%,UCHL5;XPO1;ARAF;UFL1;RNF14;DESI1;TRIM39;ARIH1;RAD23B;VCP;PSMD10;GLMN;KEAP1;RACK1;RBX1
prerank,Negative Regulation Of Type I Interferon Production (GO:0032480),0.24980576952856953,0.8973843091171055,6.380952e-01,8.971484e-01,1.000000e+00,7/32,14.30%,TRIM27;KLHL22;ATG5;HAVCR2;RBX1;PPM1B;ITCH
prerank,Regulation Of Protein Localization (GO:0032880),-0.2345529571733729,-0.8972155409855291,6.561955e-01,9.070334e-01,1.000000e+00,15/57,16.84%,RAB14;FBXW7;PIN1;CTSD;DNAJB6;SUMO3;VCPIP1;SUMO1;TESK1;TRIM25;VPS4A;RAB11B;TRIM58;PLEKHM2;CSNK1E
prerank,Regulation Of Actin Filament Polymerization (GO:0030833),-0.2509220508041748,-0.8971254411283991,6.411658e-01,9.058756e-01,1.000000e+00,11/40,22.10%,NCK2;TWF1;PLEKHG2;SSH1;LATS1;TWF2;ARF6;EVL;PFN1;COTL1;SNX9
prerank,Aortic Valve Development (GO:0003176),-0.32438716941811163,-0.8969570000101075,6.186292e-01,9.049496e-01,1.000000e+00,4/15,11.17%,TGFB1;GATA3;NOTCH1;NFATC1
prerank,Positive Regulation Of miRNA Transcription (GO:1902895),0.278142089212718,0.8969159663700361,5.995671e-01,8.964644e-01,1.000000e+00,4/22,6.95%,ETS1;STAT3;JUN;HIF1A
prerank,Negative Regulation Of Antigen Receptor-Mediated Signaling Pathway (GO:0050858),-0.29761070016209745,-0.8967091746853513,6.130199e-01,9.042233e-01,1.000000e+00,7/19,24.25%,LGALS3;PTPRJ;SLA2;PHPT1;DGKZ;PTPN2;GPS2
prerank,Anterior/Posterior Pattern Specification (GO:0009952),0.2986420984326674,0.8961745245212326,5.888889e-01,8.963459e-01,1.000000e+00,5/16,18.69%,HOXC5;PCSK5;HOXC4;HOXA9;HEY2
prerank,Fc Receptor Signaling Pathway (GO:0038093),0.2831562345962167,0.896168463742314,6.057692e-01,8.943772e-01,1.000000e+00,5/21,13.32%,MAP2K4;PRKCQ;PLCG1;LCK;CD247
prerank,Actin Filament Organization (GO:0007015),-0.22795484470908328,-0.8960775407471675,6.578947e-01,9.045009e-01,1.000000e+00,22/68,29.41%,CDC42;MAD2L2;PPP1R9B;CARMIL2;RAC1;TPM3;TTN;DMTN;MARCKSL1;EVL;RFLNB;WASL;MYO5A;GSN;RHOG;DSTN;ARPC4;LCP1;CNN2;INPPL1;HCLS1;MYO1F
prerank,Negative Regulation Of Intracellular Signal Transduction (GO:1902532),-0.20065711922653023,-0.8944922469114657,7.099842e-01,9.072392e-01,1.000000e+00,50/140,28.96%,INPP5K;PDE4D;DUSP2;HAPSTR1;ZC3H12A;MAP2K3;DDIT4;TNIP3;PPP2CA;UBR1;NDUFA13;FNIP1;PTPRJ;GSK3A;PER1;RIOK3;BMAL1;HDAC9;URI1;LYN;SLA2;GSTP1;NDUFS3;PINK1;NLRP2;DDX3X;DUSP6;IGF1R;P2RX7;NLRC3;FLCN;CIB1;ARRB2;TSC1;PPIF;PPM1N;NLRX1;TRIM59;USP10;MUL1;PRKAA1;IFI35;DUSP5;PIK3CB;FAM89B;CDC34;DDIT3;ADGRG3;CYLD;SH2B3
prerank,"Retrograde Protein Transport, ER To Cytosol (GO:0030970)",-0.3082830755760787,-0.8944743584013481,6.141304e-01,9.059527e-01,1.000000e+00,6/17,21.10%,DERL1;SEC61B;SEL1L;FAF2;HM13;NPLOC4
prerank,Regulation Of Interleukin-1 Beta Production (GO:0032651),0.24517196591727103,0.8941805218127356,6.342043e-01,8.973413e-01,1.000000e+00,7/38,8.66%,GBP5;STAT3;HSPB1;IFNG;GSDMD;CX3CR1;CARD8
prerank,Regulation Of Epidermal Growth Factor Receptor Signaling Pathway (GO:0042058),0.2610169424855052,0.8941442205185133,6.453089e-01,8.954592e-01,1.000000e+00,5/27,10.98%,NUP62;MVB12A;WDR54;RALA;RHBDF2
prerank,Sphingolipid Metabolic Process (GO:0006665),-0.23642799894334982,-0.8939680220422692,6.470588e-01,9.058132e-01,1.000000e+00,4/53,3.80%,GLTP;CSNK1G2;ST6GALNAC6;PPP2CA
prerank,Positive Regulation Of Receptor-Mediated Endocytosis (GO:0048260),-0.29317035875798764,-0.8937999348434602,6.066434e-01,9.048909e-01,1.000000e+00,5/20,22.52%,CD63;ARRB1;RAB21;WASL;ARRB2
prerank,Regulation Of Cell Adhesion (GO:0030155),0.21170514660322395,0.8937623634094746,7.071960e-01,8.945159e-01,1.000000e+00,8/68,5.93%,CYTH1;MIA3;RIPOR2;PIK3CG;PPP1CB;ADGRG1;NUAK1;ERBB2
prerank,Regulation Of Phosphatidylinositol 3-Kinase Signaling (GO:0014066),-0.2553260256718518,-0.8935751262359195,6.304348e-01,9.040983e-01,1.000000e+00,13/35,28.99%,MAZ;MYDGF;BECN1;HCST;CCL5;IL18;PPP1R16B;IGF1R;NLRC3;PDGFD;FGFR1;SEMA4D;HCLS1
prerank,Negative Regulation Of ERK1 And ERK2 Cascade (GO:0070373),-0.28975676060174493,-0.8932119406939997,6.184971e-01,9.036870e-01,1.000000e+00,10/22,23.28%,SPRY2;PIN1;EPHA4;LYN;GSTP1;DUSP6;PHB1;RANBP9;FLCN;PTPN2
prerank,Regulation Of Macroautophagy (GO:0016241),0.2077316713958555,0.8930681790266723,7.052632e-01,8.942250e-01,1.000000e+00,19/76,17.02%,SNX6;TECPR1;ATG5;SNX5;BNIP3;TBC1D25;STING1;ATP6V0E2;CLEC16A;UBQLN1;VPS35;SCOC;SNX32;PIK3CA;ATP6V1A;HDAC6;ATP6V0A2;SH3GLB1;PIK3R4
prerank,Regulation Of Interferon-Beta Production (GO:0032648),-0.24872771549104727,-0.8925791107227191,6.122449e-01,9.039192e-01,1.000000e+00,12/42,21.29%,FLOT1;RIOK3;POLR3F;ISG15;OAS1;POLR3C;REL;RIPK2;IRF1;DDX3X;RELB;NLRC3
prerank,Cellular Response To Cadmium Ion (GO:0071276),-0.32257776651466896,-0.8917642906079587,6.178571e-01,9.046905e-01,1.000000e+00,3/15,10.17%,AKT1;MAPK9;SUMO1
prerank,ncRNA Processing (GO:0034470),0.20581234414545818,0.891494313619595,7.097561e-01,8.964024e-01,1.000000e+00,33/80,32.37%,NOLC1;PIH1D1;EMG1;SSB;MRM2;INTS14;EXOSC2;INTS9;PES1;EXOSC3;FBL;POP7;RPP21;INTS2;INTS7;DIS3;DDX10;NOP56;DKC1;MTREX;PIN4;EXOSC5;ADAT1;TSEN34;UTP20;NOL8;RPP30;PELP1;NVL;SPPL2B;LYAR;INTS13;EBNA1BP2
prerank,Potassium Ion Transmembrane Transport (GO:0071805),0.2813051216948942,0.8904032830169085,6.236080e-01,8.971918e-01,1.000000e+00,4/21,9.53%,GHITM;ATP1A3;KCNA3;SLC12A6
prerank,Protein Maturation (GO:0051604),0.20680644229283862,0.8893397701712067,7.355372e-01,8.979107e-01,1.000000e+00,16/74,16.04%,NAA20;CIAO2A;GZMB;TSPAN5;LONP2;PSEN1;AASDHPPT;LMF1;CIAO1;PCSK5;NAA35;PTCH1;ADAM10;NAA10;CIAO2B;TSPAN14
prerank,Positive Regulation Of Catabolic Process (GO:0009896),-0.23547723759447303,-0.8893267099108524,6.705882e-01,9.093995e-01,1.000000e+00,7/54,8.19%,STX5;FBXW7;TIPARP;NDUFA13;ATG7;GSK3A;AXIN1
prerank,Positive Regulation Of Cell Adhesion (GO:0045785),-0.2548796001278526,-0.8892060674973481,6.250000e-01,9.083647e-01,1.000000e+00,7/36,12.52%,RAC1;PTPRJ;STX3;PRKCA;EPHA4;P4HB;CCL5
prerank,Positive Regulation Of Phosphatase Activity (GO:0010922),-0.3104039460830481,-0.8888094047805066,6.098901e-01,9.080146e-01,1.000000e+00,5/16,15.78%,CALM3;PTPA;CALM1;RIPK3;GNA12
prerank,Negative Regulation Of Intrinsic Apoptotic Signaling Pathway (GO:2001243),-0.2411803184553406,-0.8881872858588098,6.486486e-01,9.081729e-01,1.000000e+00,16/44,24.06%,AKT1;CDKN2D;NDUFA13;URI1;NDUFS3;PINK1;NFE2L2;DDX3X;TXNDC12;BAG5;HTRA2;HYOU1;SNAI1;PARK7;PPIF;TMEM161A
prerank,Natural Killer Cell Mediated Immunity (GO:0002228),-0.3139283704268544,-0.8877692015016291,5.813953e-01,9.078869e-01,1.000000e+00,6/16,18.46%,CEBPG;TUBB4B;NKG7;KLRC2;PLEKHM2;TUBB2A
prerank,Positive Regulation Of Insulin Secretion (GO:0032024),0.29282730515121064,0.8869091767899608,6.000000e-01,9.022735e-01,1.000000e+00,2/18,0.84%,PPP3CB;TM7SF3
prerank,Nuclear Membrane Organization (GO:0071763),-0.2812069342929035,-0.886690068993336,6.570946e-01,9.092218e-01,1.000000e+00,5/22,14.73%,CHMP4A;CHMP2B;NSFL1C;CHMP2A;VPS4A
prerank,ncRNA Catabolic Process (GO:0034661),-0.27339084906001887,-0.8866496956288442,6.216696e-01,9.080300e-01,1.000000e+00,4/28,4.48%,TENT4B;ZC3H12A;SLFN13;EXOSC10
prerank,Early Endosome To Late Endosome Transport (GO:0045022),0.28946847757572625,0.8865773310961433,5.886364e-01,9.011112e-01,1.000000e+00,6/18,19.33%,HOOK2;FHIP1B;EEA1;PIK3R4;PTPN23;PXK
prerank,Cytosolic Transport (GO:0016482),0.1963656908244832,0.8857483742236132,7.486631e-01,9.011812e-01,1.000000e+00,20/104,14.86%,TRIM27;SNX6;VPS51;GCC2;PIKFYVE;HOOK2;SNX5;EPS15;CCDC91;VPS35;RGP1;BET1L;CLTC;FHIP1B;SNX1;EEA1;TMEM87B;LAPTM5;ERC1;RCSD1
prerank,Intracellular Calcium Ion Homeostasis (GO:0006874),-0.23190701711350384,-0.8857128399389983,6.683007e-01,9.089890e-01,1.000000e+00,19/56,24.47%,CALR;SELENOK;MCUB;PRKACA;PDZD8;PACS2;YWHAE;CCL5;ANXA6;CLN3;TMEM203;BAK1;TRPM2;MICU3;STOML2;ATP2B1;DMPK;MAIP1;ATP1B1
prerank,Ventricular Septum Development (GO:0003281),-0.313833363093768,-0.8854416786167733,6.100179e-01,9.083763e-01,1.000000e+00,6/15,19.26%,ZFPM1;GATA3;NOTCH1;MDM4;HECTD1;SOX4
prerank,Regulation Of Type I Interferon-Mediated Signaling Pathway (GO:0060338),-0.27722628681375533,-0.8848608033874615,6.328671e-01,9.084825e-01,1.000000e+00,10/26,25.27%,YTHDF2;YTHDF3;ISG15;USP18;OAS1;CDC37;METTL3;PTPN2;IKBKE;MUL1
prerank,Positive Regulation Of Pattern Recognition Receptor Signaling Pathway (GO:0062208),-0.27730346980357834,-0.8838835731676953,6.362007e-01,9.095763e-01,1.000000e+00,2/26,3.57%,SLC15A4;FLOT1
prerank,Mitochondrial Fusion (GO:0008053),0.3066609195242219,0.8831930012617675,6.123853e-01,9.056476e-01,1.000000e+00,6/15,29.70%,MCL1;MIGA1;MFN1;CHCHD3;MFF;MFN2
prerank,Negative Regulation Of Cell-Substrate Adhesion (GO:0010812),-0.2922953296059147,-0.8823855348414111,6.070796e-01,9.118746e-01,1.000000e+00,4/19,12.34%,ACTN4;NOTCH1;DMTN;CASK
prerank,Protein Localization To Organelle (GO:0033365),-0.209467375780124,-0.882276152499953,7.483766e-01,9.108345e-01,1.000000e+00,34/101,26.24%,WDR83OS;CALR;DCP1A;CSNK1D;MARCHF5;COG3;SYS1;HHEX;GAK;ISG15;DDX1;YWHAE;TOPORS;OPTN;ARF6;GET4;LAMP1;MICALL1;DDX3X;TRAM2;CNEP1R1;VAPA;CAMLG;PAK1;BANP;TRAM1;SORL1;FAM149B1;GBF1;SNX10;WASHC2A;PRKAA1;LMNA;RIPOR1
prerank,Protein-Containing Complex Disassembly (GO:0032984),0.2157775961103893,0.8810529144315387,7.015707e-01,9.087703e-01,1.000000e+00,18/54,22.62%,APEH;VPS33A;CHMP5;TECPR1;SNX14;UBQLN1;CHMP1A;VCP;HSPA8;VPS16;PIK3R4;UVRAG;PEX14;LIX1L;GSPT1;VTI1B;CHMP7;VIPAS39
prerank,Fc-epsilon Receptor Signaling Pathway (GO:0038095),0.2851318288939162,0.8801214012899052,6.287016e-01,9.090159e-01,1.000000e+00,3/19,6.35%,MAP2K4;PRKCQ;PLCG1
prerank,Cellular Response To Calcium Ion (GO:0071277),0.25349064781756286,0.8795870769397319,6.788793e-01,9.083259e-01,1.000000e+00,5/28,10.57%,SMPD1;RASGRP2;CPNE3;ADD1;ITPKB
prerank,Positive Regulation Of JNK Cascade (GO:0046330),-0.243244426878027,-0.8793122411293286,6.493056e-01,9.166599e-01,1.000000e+00,11/40,20.56%,GADD45B;ZNF622;AXIN1;MAP3K10;GADD45G;TAOK2;PLCB1;TRAF1;HIPK2;MBIP;MINK1
prerank,Positive Regulation Of Stress-Activated MAPK Cascade (GO:0032874),-0.23020026208890315,-0.8786989351305443,6.827586e-01,9.167897e-01,1.000000e+00,15/52,20.56%,GADD45B;ZC3H12A;ZNF622;AXIN1;MAP3K10;GADD45G;TAOK2;RELL1;PLCB1;STK39;TRAF1;HIPK2;MBIP;EIF2AK2;MINK1
prerank,Positive Regulation Of Plasma Membrane Bounded Cell Projection Assembly (GO:0120034),-0.231386332769989,-0.8785697148162687,6.891892e-01,9.157997e-01,1.000000e+00,8/55,8.79%,CDC42;CARMIL2;RAC1;RHOQ;AUTS2;ARPC2;PPP1R35;PIK3R1
prerank,Cholesterol Biosynthetic Process (GO:0006695),0.2646828486366978,0.8783628786120207,6.735632e-01,9.092982e-01,1.000000e+00,7/24,20.79%,LBR;LSS;HMGCS1;INSIG2;GLB1;FDFT1;ARV1
prerank,Regulation Of Glycolytic Process (GO:0006110),-0.26614132880789393,-0.8779496858472304,6.420863e-01,9.159214e-01,1.000000e+00,11/29,22.09%,GIT1;PRKAG1;FBP1;PRXL2C;PRKAG2;JMJD8;MLST8;OGT;P2RX7;SLC4A4;FLCN
prerank,Regulation Of Necroptotic Process (GO:0060544),0.30645019969537857,0.8779130571256497,6.126915e-01,9.084631e-01,1.000000e+00,4/15,14.30%,ARHGEF2;PARP1;RIPK1;ITCH
prerank,Antiviral Innate Immune Response (GO:0140374),0.2443622794996739,0.8764236454723245,6.573427e-01,9.102641e-01,1.000000e+00,9/34,17.46%,PHB2;STING1;CARD8;NCK1;SENP7;DHX15;RIGI;DHX16;ATAD3A
prerank,Regulation Of Cellular Biosynthetic Process (GO:0031326),0.22673714455532507,0.8759309851447394,6.751740e-01,9.095992e-01,1.000000e+00,7/46,9.35%,NOLC1;MTPN;ELP4;CD47;EIF2S1;CX3CR1;ATXN2
prerank,Positive Regulation Of Kinase Activity (GO:0033674),-0.24701333011529686,-0.8754386965589867,6.850000e-01,9.207131e-01,1.000000e+00,13/41,22.94%,ZNF16;RYK;MAP2K3;PRKAG1;ZNF622;AXIN1;PRKAG2;HLA-DRB1;JTB;IGF1R;MMD;SNX9;VAC14
prerank,Anterograde Axonal Transport (GO:0008089),0.2557979713106398,0.8754109920125484,6.879271e-01,9.089450e-01,1.000000e+00,5/28,9.67%,SOD1;HSPB1;KIF3B;BLOC1S4;BLOC1S1
prerank,Regulation Of G2/M Transition Of Mitotic Cell Cycle (GO:0010389),0.2791231688330912,0.8751911047775348,6.393089e-01,9.075388e-01,1.000000e+00,8/19,26.70%,RAB11A;CDC25B;MECP2;RRM1;GPR132;RAD51C;VPS4B;RCC2
prerank,Negative Regulation Of Protein Binding (GO:0032091),0.2262272009856354,0.8748551658604783,7.274939e-01,9.064048e-01,1.000000e+00,6/45,7.39%,ITGA4;ADRB2;STYX;TMBIM6;MITD1;ATP2A3
prerank,T Cell Differentiation (GO:0030217),-0.26308638892422187,-0.8743203182092593,6.636197e-01,9.220710e-01,1.000000e+00,8/31,15.05%,TCF7;TGFB1;GATA3;PIK3R1;LFNG;GPR89A;RABL3;RIPK3
prerank,Protein Localization To Lysosome (GO:0061462),-0.2619530516385906,-0.8742533108917733,6.499133e-01,9.209309e-01,1.000000e+00,10/30,23.37%,CD81;LAMTOR4;BECN1;LAMTOR5;VPS4A;ATG14;GLMP;SORL1;SZT2;M6PR
prerank,Regulation Of Autophagy (GO:0010506),0.17509723925426385,0.8738429000975514,8.217523e-01,9.070265e-01,1.000000e+00,52/185,24.34%,TRIM27;RRAGA;SNX6;TRIM22;STAT3;IL10RA;UFL1;HSPB1;MTMR4;EEF1A1;IFNG;TRIM65;KLHL22;MCL1;SNX5;BNIP3;DAPK2;ATP6V0E2;CTSA;UBQLN1;VPS35;KEAP1;SNX32;RUBCN;DCAF12;CISD2;TRIM38;ATP6V1A;HDAC6;ATP6V0A2;EIF4G1;DEPDC5;SH3GLB1;GPR137;PIK3R4;UVRAG;ULK3;RRAGB;PIK3R2;EIF4G3;MTOR;ATP6V1C1;ATM;CAPN1;CPTP;ATP6V1D;ULK2;TRIM5;PLEKHF1;MAPK8;TRIM23;IFI16
prerank,DNA Duplex Unwinding (GO:0032508),-0.26040921562801217,-0.8737592600766744,6.701209e-01,9.207708e-01,1.000000e+00,5/31,10.43%,RTEL1;SUPV3L1;ERCC3;MCM2;DDX1
prerank,Regulation Of Microtubule-Based Process (GO:0032886),0.26018066748931135,0.8722887637405861,6.734234e-01,9.089098e-01,1.000000e+00,6/26,14.44%,DIAPH1;ERBB2;CDK2AP2;HDAC6;TAOK1;PATJ
prerank,Positive Regulation Of Nitrogen Compound Metabolic Process (GO:0051173),-0.3026092637609831,-0.8720746058939414,6.326531e-01,9.234207e-01,1.000000e+00,4/17,10.03%,AKT1;TGFB1;GATA3;NFKB1
prerank,Nuclear Envelope Organization (GO:0006998),-0.30368576237014294,-0.8716508563029544,6.431227e-01,9.230652e-01,1.000000e+00,5/16,26.02%,TMEM170A;VPS4A;LMNB2;DMPK;LMNA
prerank,Vesicle-Mediated Transport Between Endosomal Compartments (GO:0098927),0.27727666866729583,0.8715410396513593,6.177778e-01,9.088849e-01,1.000000e+00,6/19,19.33%,HOOK2;FHIP1B;EEA1;PIK3R4;PTPN23;PXK
prerank,mRNA Polyadenylation (GO:0006378),-0.2783327293009995,-0.8714485858468181,6.395760e-01,9.222563e-01,1.000000e+00,6/22,19.33%,TENT4B;WDR33;HEXIM1;GRSF1;CPSF1;PAPOLA
prerank,Negative Regulation Of Protein Modification Process (GO:0031400),-0.2378433379238525,-0.8713316257492866,6.955017e-01,9.212356e-01,1.000000e+00,13/48,22.43%,INPP5K;ZC3H12A;TGFB1;CDYL;PTPA;LYN;TSPO;ATG14;P3H1;PPP1R16B;SNTA1;CIB1;PARK7
prerank,Protein Destabilization (GO:0031648),-0.2628098545530244,-0.8708557080659638,6.608392e-01,9.210405e-01,1.000000e+00,12/29,28.95%,CREBBP;RAD23A;CUL3;DERL1;SUMO1;DAZAP2;HTT;GSN;MUL1;TRIM21;EP300;SERF2
prerank,Negative Regulation Of Neuron Death (GO:1901215),0.23572180685804586,0.8706063063914781,7.018349e-01,9.093978e-01,1.000000e+00,8/37,15.77%,SNX6;SOD1;IL27RA;VPS35;NTRK1;RASA1;F2R;EIF4G1
prerank,Establishment Of Protein Localization To Vacuole (GO:0072666),-0.29690318569762175,-0.8705201143794703,6.360424e-01,9.205049e-01,1.000000e+00,4/19,16.56%,VPS37B;STAM;UBAP1;SNF8
prerank,Organophosphate Ester Transport (GO:0015748),-0.2929526828154747,-0.8705078292660076,6.350365e-01,9.192362e-01,1.000000e+00,5/18,22.26%,NPC2;TRIAP1;PRELID3B;VAPA;EPG5
prerank,Regulation Of Stem Cell Differentiation (GO:2000736),-0.26053205972235294,-0.8701090570656507,6.554770e-01,9.188245e-01,1.000000e+00,9/30,21.31%,GATAD2A;YTHDF2;MBD3;NOTCH1;NUDT21;METTL3;EIF2AK2;MTA1;NELFB
prerank,Calcium Ion Transmembrane Import Into Cytosol (GO:0097553),0.2680121245920873,0.8699308764600464,6.210762e-01,9.091828e-01,1.000000e+00,5/22,14.83%,PTPRC;ATP2B4;PLCG1;LCK;F2R
prerank,Cellular Response To Alcohol (GO:0097306),-0.282329763463204,-0.8698383457122411,6.685185e-01,9.181185e-01,1.000000e+00,4/22,7.38%,GNB1;GRAMD1B;ADCY7;OSBPL7
prerank,Positive Regulation Of Cellular Component Organization (GO:0051130),-0.22502876691693352,-0.8689002637090468,6.863406e-01,9.190323e-01,1.000000e+00,25/58,30.52%,LGALS3;TGFB1;RHOC;FLOT1;FNIP1;SURF4;ADGRL1;SUMO1;S100A10;CD151;IGF1R;WARS1;BAK1;GNL3L;TMED9;PARK7;ABCB7;SLF2;BID;GSK3B;FNIP2;SPIDR;BAX;FAF1;DCTN1
prerank,Autophagosome Maturation (GO:0097352),0.23401253194292676,0.8687836065503816,6.979695e-01,9.100102e-01,1.000000e+00,14/38,22.62%,VPS33A;CHMP5;TECPR1;SNX14;UBQLN1;CHMP1A;VCP;VPS16;PIK3R4;UVRAG;LIX1L;VTI1B;CHMP7;VIPAS39
prerank,Membrane Protein Ectodomain Proteolysis (GO:0006509),0.29593696804216435,0.8666358289286131,6.473029e-01,9.131557e-01,1.000000e+00,2/15,6.94%,PRKCQ;PSEN1
prerank,Regulation Of NIK/NF-kappaB Signaling (GO:1901222),-0.23842916813672738,-0.8665872065281945,6.959578e-01,9.233030e-01,1.000000e+00,18/44,29.96%,ZC3H12A;LGALS9;BCL3;HDAC9;IRAK1;NLRP2;DDX3X;EIF2AK2;PHB1;NLRC3;TRIM44;IFI35;NFAT5;EP300;ADGRG3;CYLD;PDCD4;NFKBIA
prerank,Spindle Assembly (GO:0051225),0.2139304325040242,0.8663371626265555,7.093333e-01,9.119416e-01,1.000000e+00,10/56,13.07%,KPNB1;KIF2A;RAB11A;KIF3B;NEK7;MAPRE2;HAUS1;HAUS4;SMC1A;SPICE1
prerank,Heterochromatin Formation (GO:0031507),0.2594740857215773,0.865915049286318,6.462264e-01,9.110344e-01,1.000000e+00,5/25,8.26%,SMARCA5;EZH1;HDAC5;CBX3;UBR5
prerank,Negative Regulation Of DNA Metabolic Process (GO:0051053),-0.2593393257055485,-0.8656366608230402,6.849558e-01,9.243055e-01,1.000000e+00,13/29,27.21%,TERF1;RTEL1;ERCC1;TSPYL2;H1-5;GMNN;GTPBP4;ATR;H1-10;SUB1;SLFN11;S100A11;PDS5A
prerank,post-Golgi Vesicle-Mediated Transport (GO:0006892),-0.23056738364137208,-0.8651535412914859,7.167530e-01,9.241701e-01,1.000000e+00,14/51,24.01%,AP3D1;CORO7;RAB14;SYS1;VTI1A;VPS54;RABIF;CCDC93;AP2A1;EXOC6B;SORL1;MYO5A;GBF1;DNM2
prerank,Negative Regulation Of Mitochondrion Organization (GO:0010823),-0.2688015111542706,-0.8644609888429979,6.684028e-01,9.244485e-01,1.000000e+00,9/23,25.27%,AKT1;FXN;TRIAP1;SLC25A5;PINK1;BAK1;FLCN;PPIF;MUL1
prerank,Regulation Of Translation (GO:0006417),-0.19075290640297946,-0.8636912835104519,7.825444e-01,9.248844e-01,1.000000e+00,41/154,22.53%,RBM3;VIM;YTHDF3;EIF4H;CALR;EIF3B;YTHDF1;ENC1;CIRBP;DAPK3;LARP1B;CNOT1;BCL3;NCBP1;EPHA4;TSFM;GAPDH;ELP5;EIF1;DDX1;EIF5;LRPPRC;PAIP1;TYMS;DDX6;ZNF540;EIF4E2;ELP6;ELP2;DDX3X;PCIF1;OGT;ETF1;METTL3;SOX4;DUS3L;EIF2AK2;EIF5B;RC3H1;BZW1;TSC1
prerank,DNA Synthesis Involved In DNA Repair (GO:0000731),0.27278654037970146,0.862876227805427,6.857143e-01,9.162241e-01,1.000000e+00,8/20,28.38%,PARP10;FAAP20;RRM1;VCP;POLI;PRIMPOL;WRNIP1;POLD3
prerank,Sensory Perception Of Mechanical Stimulus (GO:0050954),-0.2799296897993506,-0.8619971375665778,6.642336e-01,9.273929e-01,1.000000e+00,6/21,17.11%,TIMM8B;P2RX4;WHRN;CDC14A;TBL1X;NDUFB9
prerank,Positive Regulation Of Epithelial To Mesenchymal Transition (GO:0010718),-0.30298435985952343,-0.861737411862398,6.767318e-01,9.267062e-01,1.000000e+00,3/17,7.45%,TGFB1;GLIPR2;NOTCH1
prerank,mRNA Modification (GO:0016556),0.25707596918609804,0.8614902771942902,6.792873e-01,9.175101e-01,1.000000e+00,6/25,23.31%,ZC3H13;NSUN2;TRUB2;TRMT6;PUS7L;DKC1
prerank,RNA Polyadenylation (GO:0043631),-0.27189944852494186,-0.8611236140889513,6.467487e-01,9.268352e-01,1.000000e+00,6/23,19.33%,TENT4B;WDR33;HEXIM1;GRSF1;CPSF1;PAPOLA
prerank,Negative Regulation Of Catalytic Activity (GO:0043086),-0.30172898156763334,-0.8608604206957793,6.478102e-01,9.261571e-01,1.000000e+00,9/16,31.61%,TIMP1;CAND1;NOTCH1;PHPT1;CLN3;GZMA;PPP1R12A;ATP5IF1;PARP9
prerank,Negative Regulation Of TORC1 Signaling (GO:1904262),-0.2818271304445322,-0.8605348582221803,6.741996e-01,9.256102e-01,1.000000e+00,5/20,16.37%,SESN3;SEH1L;SEC13;ITFG2;CASTOR2
prerank,Mitochondrion Organization (GO:0007005),-0.1954185082892405,-0.8601494380057021,7.909774e-01,9.253074e-01,1.000000e+00,23/125,18.30%,RAB5IF;TIMM17A;PYROXD2;TIMM8B;TIMM23;BCS1L;MTX1;SUPV3L1;SLC25A36;HSD17B10;TOMM22;MPV17;IFIT2;MTX3;USP30;AGTPBP1;TOMM5;PINK1;TSPO;COX7A2;TOMM40;TRAK1;MTFP1
prerank,Phosphatidylinositol Phosphate Biosynthetic Process (GO:0046854),0.23550678014001603,0.8568593906333118,7.258065e-01,9.264085e-01,1.000000e+00,11/36,21.13%,PIK3CD;PIK3CG;PI4K2B;SMG1;ITPKB;PIK3CA;PIK3R4;UVRAG;PIK3R2;EFR3A;PIK3R3
prerank,Positive Regulation Of T Cell Proliferation (GO:0042102),0.2520094473289495,0.8567830083533553,6.903766e-01,9.246846e-01,1.000000e+00,3/28,2.64%,PTPRC;NCKAP1L;CD6
prerank,Positive Regulation Of Epithelial Cell Migration (GO:0010634),-0.23248570351200867,-0.8559220519459457,7.094595e-01,9.333885e-01,1.000000e+00,8/46,9.34%,AKT1;ZC3H12A;CALR;RAC1;GATA3;GLIPR2;PRKCA;EMC10
prerank,Phosphatidylcholine Metabolic Process (GO:0046470),0.265766060156148,0.8558660308406804,6.719101e-01,9.249515e-01,1.000000e+00,5/22,11.90%,ABHD3;GPAT4;LPCAT1;LPCAT3;SLC44A2
prerank,Regulation Of Hydrolase Activity (GO:0051336),-0.24841750937240448,-0.8556709663615212,6.954225e-01,9.326920e-01,1.000000e+00,7/34,14.38%,PLXNA4;CHN2;EPHA4;ARHGAP9;PLXNA3;STMN3;VAV3
prerank,Positive Regulation Of Small Molecule Metabolic Process (GO:0062013),-0.2817671561604294,-0.8554384931547194,6.927176e-01,9.319396e-01,1.000000e+00,7/20,21.50%,AKT1;IRS2;STARD4;PRXL2C;MLST8;P2RX7;SLC4A4
prerank,Proteolysis Involved In Protein Catabolic Process (GO:0051603),-0.2234876222619191,-0.8553690841980076,7.135678e-01,9.308238e-01,1.000000e+00,17/57,26.29%,FBXO44;MARCHF6;CHMP4A;UBB;CTSS;ISG15;CTSW;VPS4A;CAPN2;BAG6;DDB1;HM13;ZRANB1;ATE1;PEX10;GZMA;TRIM21
prerank,Sterol Biosynthetic Process (GO:0016126),0.25326456360112176,0.8553675376566965,6.972477e-01,9.241606e-01,1.000000e+00,7/25,20.79%,LBR;LSS;HMGCS1;INSIG2;GLB1;FDFT1;ARV1
prerank,Negative Regulation Of Extrinsic Apoptotic Signaling Pathway (GO:2001237),0.22486604063280274,0.855254037531501,7.296651e-01,9.225262e-01,1.000000e+00,8/43,11.89%,ARHGEF2;RFFL;MCL1;BCL2L1;TMBIM1;ZMYND11;RIPK1;PEA15
prerank,Apoptotic Mitochondrial Changes (GO:0008637),-0.26975697509115815,-0.8552357099722514,6.788686e-01,9.298697e-01,1.000000e+00,5/26,10.57%,BBC3;BAD;NAIF1;IFI6;IFIT2
prerank,DNA-templated DNA Replication (GO:0006261),0.21003093413856735,0.8552134477586777,7.303922e-01,9.207311e-01,1.000000e+00,18/55,30.12%,RECQL;MCM3;RFC5;RFC4;REV3L;RRM1;MCMBP;LRWD1;PRIMPOL;SSBP1;HMGA1;BLM;PURA;WRNIP1;POLD3;POLA2;MCM6;RPA1
prerank,Regulation Of Vascular Associated Smooth Muscle Cell Proliferation (GO:1904705),0.30164573285964763,0.8546119276749502,6.606742e-01,9.201872e-01,1.000000e+00,3/15,6.99%,JUN;CDKN1B;BMPR1A
prerank,Negative Regulation Of Peptidase Activity (GO:0010466),0.29558798935376135,0.8545792461212612,6.919643e-01,9.183738e-01,1.000000e+00,3/15,10.48%,SERPINB9;CST7;SPOCK2
prerank,Regulation Of Cytoskeleton Organization (GO:0051493),-0.21695941723594056,-0.8538897150764242,7.324841e-01,9.315816e-01,1.000000e+00,15/66,16.20%,CDC42;RAC1;DAPK3;RHOQ;PFDN2;PLXNA3;STMN3;SORBS3;DMTN;TWF2;TAOK2;TESK1;MLST8;BST2;CAPN2
prerank,Tail-Anchored Membrane Protein Insertion Into ER Membrane (GO:0071816),-0.29794244904244715,-0.8531224027424185,6.487455e-01,9.320043e-01,1.000000e+00,4/16,13.31%,EMC6;EMC7;EMC10;GET4
prerank,Regulation Of Protein Metabolic Process (GO:0051246),0.20356230942662062,0.8527742873790752,7.581395e-01,9.207233e-01,1.000000e+00,7/63,4.72%,ODC1;KLF2;NOLC1;MTPN;ELP4;SPOP;EIF2S1
prerank,Positive Regulation Of Protein Transport (GO:0051222),0.22423025651361148,0.8524976045752698,7.254902e-01,9.194522e-01,1.000000e+00,12/46,19.82%,GOLPH3;PDCD10;MBD1;ZFAND1;CNST;CEP290;PCNT;RACK1;PRR5L;VAMP2;EZR;RAB29
prerank,Cortical Cytoskeleton Organization (GO:0030865),-0.2817207650954188,-0.8516279123882989,6.660269e-01,9.341380e-01,1.000000e+00,5/20,15.42%,RAC1;PPP2R3C;RHOQ;IKBKB;STRIP1
prerank,Positive Regulation Of Immunoglobulin Production (GO:0002639),-0.2736368032759129,-0.85128046338009,6.697761e-01,9.336294e-01,1.000000e+00,3/24,5.44%,XCL1;MAD2L2;POLR2D
prerank,Negative Regulation Of Transforming Growth Factor Beta Receptor Signaling Pathway (GO:0030512),0.21798552001999255,0.8511235776443421,7.769424e-01,9.206409e-01,1.000000e+00,4/44,3.86%,HDAC1;SNX6;RBBP4;MTMR4
prerank,Regulation Of Response To Biotic Stimulus (GO:0002831),-0.2640808565819714,-0.8508840878126502,6.953405e-01,9.332166e-01,1.000000e+00,7/26,17.46%,BIRC2;LRP8;N4BP1;NFE2L2;HERC5;IRF1;BIRC3
prerank,Positive Regulation Of GTPase Activity (GO:0043547),0.18278575548016956,0.8505218869527628,8.310992e-01,9.200727e-01,1.000000e+00,23/120,16.72%,ARHGAP25;RALGDS;ARHGAP45;RASGRP1;RASGRP2;SNX18;TBCK;NDEL1;ERBB2;PIP5K1A;GPR65;RGS10;TBC1D25;DOCK10;RGP1;MAPRE2;NTRK1;RACK1;SIPA1L1;F2R;ITGA6;TBC1D7;RALBP1
prerank,Protein Exit From Endoplasmic Reticulum (GO:0032527),-0.2714348863122589,-0.849708142052791,6.938053e-01,9.345861e-01,1.000000e+00,9/23,22.24%,SURF4;DERL1;SEC61B;SEC13;SEL1L;FAF2;RANGRF;NPLOC4;TMED9
prerank,Stress-Activated Protein Kinase Signaling Cascade (GO:0031098),-0.2904738071556554,-0.8494629358275294,7.008403e-01,9.338446e-01,1.000000e+00,5/18,14.03%,MAP2K3;MAP2K7;IKBKB;KAT7;TAOK2
prerank,Positive Regulation Of ATP-dependent Activity (GO:0032781),-0.27112499345264296,-0.8487689473715382,6.695353e-01,9.341508e-01,1.000000e+00,8/24,27.75%,DNAJB11;PFN1;DNAJC24;PLSCR1;DNAJC9;ATP1B3;ATP1B1;POT1
prerank,Cortical Actin Cytoskeleton Organization (GO:0030866),0.2931120010475079,0.848748653337953,6.991525e-01,9.221785e-01,1.000000e+00,2/16,2.53%,NCKAP1L;PLEK
prerank,Negative Regulation Of Cellular Biosynthetic Process (GO:0031327),0.19196959612028758,0.848287217873414,8.101983e-01,9.213772e-01,1.000000e+00,28/84,26.53%,TIA1;PLEK;CLK2;GZMB;TOB1;PATL2;CAPRIN1;ATP2B4;GFI1;EIF4ENIF1;DHX36;EPRS1;KAT2A;RACK1;SYNCRIP;YBX1;AKR1C3;KHSRP;EIF2AK3;LSM14A;RIDA;DHFR;ROCK2;NCL;SHMT1;SERBP1;GLA;NHLRC3
prerank,JNK Cascade (GO:0007254),0.2632982181442933,0.8482270440090298,6.859296e-01,9.196709e-01,1.000000e+00,5/21,16.31%,MAP2K4;DAXX;MAP4K2;SH2D3A;SH2D3C
prerank,Cell Junction Assembly (GO:0034329),-0.2695726199470041,-0.8479966235133088,6.961326e-01,9.344705e-01,1.000000e+00,2/23,1.95%,CDC42;RYK
prerank,Positive Regulation Of DNA Metabolic Process (GO:0051054),0.1929766650788532,0.8470706952355451,7.953368e-01,9.203102e-01,1.000000e+00,17/75,19.68%,UCHL5;PPP1R10;SMCHD1;SMARCA5;INO80D;MECP2;INO80B;RUVBL1;ATRX;DHX36;WRAP53;GNL3;BAZ1A;PRKD2;CCDC117;MRE11;RNF8
prerank,Regulation Of Axonogenesis (GO:0050770),-0.29825234852523697,-0.8466013924830361,6.766355e-01,9.362094e-01,1.000000e+00,4/16,10.66%,PLXNA4;EPHA4;PLXNA3;METRN
prerank,Phospholipid Metabolic Process (GO:0006644),0.247337372018381,0.8453753408050253,7.342342e-01,9.220786e-01,1.000000e+00,5/28,10.22%,SMPD1;PIP5K1A;AGPAT1;LPCAT1;SMPD3
prerank,Epithelial Cell Differentiation (GO:0030855),-0.2390934070624289,-0.8447022204193897,7.274336e-01,9.391484e-01,1.000000e+00,14/40,27.60%,LGALS3;AKT1;GATA3;LATS1;TPP1;EDF1;MAF;PGK1;VDAC1;PCNA;ANXA4;KDM6B;GSTK1;ZDHHC7
prerank,Regulation Of Intracellular Estrogen Receptor Signaling Pathway (GO:0033146),0.2820282995550682,0.8445148722971169,6.804598e-01,9.220065e-01,1.000000e+00,3/17,4.60%,STRN3;UFL1;WBP2
prerank,Regulation Of Endothelial Cell Apoptotic Process (GO:2000351),0.2745528091353927,0.8439737144719667,6.586957e-01,9.212636e-01,1.000000e+00,3/19,6.35%,ITGA4;KRIT1;PLCG1
prerank,Blood Circulation (GO:0008015),0.29077034177115857,0.843812162205514,6.864035e-01,9.197687e-01,1.000000e+00,2/15,2.74%,SOD1;GCLM
prerank,Regulation Of Metal Ion Transport (GO:0010959),0.281797052473571,0.8437985888571891,6.971678e-01,9.179714e-01,1.000000e+00,5/17,18.37%,STIM1;EPB41;YWHAH;IL16;SLC30A6
prerank,rRNA Processing (GO:0006364),0.19881257463773352,0.8437368848968148,8.045685e-01,9.162807e-01,1.000000e+00,32/80,32.37%,NOLC1;PRKDC;PIH1D1;EMG1;MRM2;EXOSC2;NSA2;PES1;EXOSC3;NOL9;FBL;MPHOSPH6;SRFBP1;DIS3;DDX10;NOP56;TFB1M;DKC1;MTREX;NAT10;PIN4;EXOSC5;UTP20;NOL8;ERI1;NOL11;PELP1;LSM6;NVL;SPPL2B;LYAR;EBNA1BP2
prerank,Negative Regulation Of Double-Strand Break Repair (GO:2000780),-0.26154389754171636,-0.8435143616072359,7.241993e-01,9.404449e-01,1.000000e+00,5/26,16.39%,MAD2L2;KMT5A;TFIP11;OTUB1;SENP3
prerank,Lipid Translocation (GO:0034204),-0.2944931261604712,-0.8434123492768798,6.598891e-01,9.393840e-01,1.000000e+00,6/16,23.81%,TRIAP1;ATP8A1;ABCA7;ATP11C;ABCB1;ATP8B4
prerank,Positive Regulation Of DNA Repair (GO:0045739),0.19898344003098528,0.8433196629454983,8.027397e-01,9.153820e-01,1.000000e+00,11/68,11.86%,UCHL5;SMCHD1;PBRM1;SMARCC2;INO80D;SPIRE1;INO80B;PARP1;RUVBL1;SMARCC1;WRAP53
prerank,Protein N-linked Glycosylation (GO:0006487),-0.2286621756420236,-0.842674576884138,7.275804e-01,9.396407e-01,1.000000e+00,13/46,21.24%,MAGT1;RPN2;DDOST;MGAT4B;MGAT4A;ALG12;DPM1;NUDT14;ALG5;UBE2J1;ALG9;MGAT1;B4GALT1
prerank,"Negative Regulation Of DNA-templated Transcription, Elongation (GO:0032785)",-0.28724862342717766,-0.8423725366984992,6.809269e-01,9.390799e-01,1.000000e+00,6/18,21.31%,HEXIM1;LARP7;NELFCD;NELFA;TCERG1;NELFB
prerank,RNA Polymerase II Preinitiation Complex Assembly (GO:0051123),-0.2345665413001879,-0.8417200699995021,7.196581e-01,9.391077e-01,1.000000e+00,8/42,13.50%,MED10;TAF11;TAF10;MED30;TAF4;MED4;TAF6L;MED19
prerank,Regulation Of Exocytosis (GO:0017157),0.2452051059406864,0.8414456768042685,7.328605e-01,9.175855e-01,1.000000e+00,6/27,17.57%,UNC13D;RALA;SEPTIN2;VAMP2;RAB2B;RAB8B
prerank,Negative Regulation Of Sequestering Of Calcium Ion (GO:0051283),-0.28093044915845816,-0.8414035100916585,6.906077e-01,9.385039e-01,1.000000e+00,5/20,17.12%,XCL1;PLCH2;PKD2;PLCB1;PLCB2
prerank,Regulation Of Interferon-Alpha Production (GO:0032647),0.27497098996425473,0.8413208299874467,6.964286e-01,9.160429e-01,1.000000e+00,4/18,14.55%,HAVCR2;DHX36;IRF3;RIGI
prerank,Positive Regulation Of Interleukin-8 Production (GO:0032757),-0.25522892564044597,-0.8411438567773687,7.014652e-01,9.377892e-01,1.000000e+00,5/31,14.35%,RAB1A;LGALS9;LAMTOR5;CD244;ZNF580
prerank,Regulation Of Cellular Response To Stress (GO:0080135),-0.20089813336919954,-0.8408588553107542,7.831126e-01,9.372184e-01,1.000000e+00,26/92,21.75%,MAPKAPK2;INO80E;TAF10;HAPSTR1;CREBBP;DNAJB6;TADA2B;KMT5A;TAF4;TAF6L;PINK1;NFE2L2;ATR;UIMC1;CLN3;CDK9;SUPT7L;SOX4;NFRKB;ATXN7;INO80C;SF3B5;USP1;CHCHD2;CHORDC1;POLH
prerank,Positive Regulation Of Cell-Cell Adhesion (GO:0022409),0.2900117629173966,0.8404596797917216,7.029915e-01,9.160203e-01,1.000000e+00,4/16,17.41%,CD47;CITED2;LCK;PTPN23
prerank,Protein Localization To Plasma Membrane (GO:0072659),-0.21004306113359641,-0.8403141680907348,7.849829e-01,9.371095e-01,1.000000e+00,12/71,13.41%,INPP5K;GORASP2;CD81;FLOT1;TMED2;PACS2;ZFYVE27;GAK;IKBKB;TTC7A;ZDHHC3;S100A10
prerank,Protein Acetylation (GO:0006473),0.26118119302901505,0.8401992987607814,7.124183e-01,9.147861e-01,1.000000e+00,5/23,14.09%,NAA20;HAT1;BLOC1S1;NAA35;NAA10
prerank,Modification-Dependent Protein Catabolic Process (GO:0019941),-0.18708087096132278,-0.839214844910368,8.320840e-01,9.382067e-01,1.000000e+00,54/156,27.24%,RNF7;ANAPC11;PSMF1;CUL3;MYLIP;COPS3;UBE2G2;RNF125;RNF19B;UBB;ARIH2;RNF130;RNF166;ISG15;TOPORS;USP33;UBA1;UBA6;UBE2S;FBXO11;RBBP6;GET4;TRIM25;PINK1;DTX3L;CHFR;RNF40;HERC5;SMURF1;ARRB1;PSMD9;BAG6;UBE2I;DDB1;ARRDC1;NTAN1;PSMC2;AREL1;RNF19A;NPLOC4;RC3H1;RNF6;UBE2L6;HERC4;PSMD3;TRPC4AP;RNF114;SMURF2;FBXO45;RNF126;RNF11;UBE2D1;RC3H2;CDC34
prerank,Positive Regulation Of Protein Modification By Small Protein Conjugation Or Removal (GO:1903322),-0.2141637406326465,-0.83885682799886,7.636364e-01,9.376544e-01,1.000000e+00,14/63,17.46%,ZC3H12A;FBXW7;CUL3;BIRC2;GSK3A;DERL1;AXIN1;UBB;SUMO1;FBXO33;PINK1;RIPK2;PIAS1;BIRC3
prerank,Regulation Of Apoptotic Signaling Pathway (GO:2001233),0.239211419633946,0.8387634485331499,7.413395e-01,9.159919e-01,1.000000e+00,10/29,20.82%,TMBIM6;TRIM39;DAPK2;CX3CR1;QARS1;TMBIM1;ETFA;FAS;CRADD;RB1
prerank,Positive Regulation Of Mitochondrial Fission (GO:0090141),0.2800663331984646,0.8377584912694525,6.983373e-01,9.162949e-01,1.000000e+00,4/16,9.63%,RALA;SPIRE1;BNIP3;VPS35
prerank,Cellular Response To Mechanical Stimulus (GO:0071260),0.23307600772927836,0.8369264769832019,7.158837e-01,9.161995e-01,1.000000e+00,11/31,26.23%,MAP2K4;BNIP3;FAS;CRADD;FADD;CASP8AP2;CASP2;TNFRSF1A;TNFSF14;MAPK8;PIEZO1
prerank,Vesicle Cytoskeletal Trafficking (GO:0099518),-0.27501089352138336,-0.8365150938859385,7.223199e-01,9.413359e-01,1.000000e+00,6/21,23.12%,RAB1A;TRAK1;CLN3;WASL;MYO5A;HTT
prerank,Positive Regulation Of Neurogenesis (GO:0050769),0.24633622573783842,0.8362729642005916,7.208738e-01,9.156354e-01,1.000000e+00,10/27,25.64%,IFNG;CAPRIN1;NPTN;CX3CR1;NAP1L1;ZNF335;RGS14;CAPRIN2;CTNNB1;NUMBL
prerank,Positive Regulation Of Protein Ubiquitination (GO:0031398),-0.2129373396506323,-0.835411706585282,7.754098e-01,9.424943e-01,1.000000e+00,11/64,11.49%,FBXW7;PIN1;CUL3;BIRC2;GSK3A;DERL1;AXIN1;UBB;SUMO1;TOPORS;FBXO33
prerank,Histone mRNA Metabolic Process (GO:0008334),-0.27265973327570076,-0.8347124733415024,7.196429e-01,9.427389e-01,1.000000e+00,8/21,27.05%,TENT4B;EXOSC10;NCBP1;LSM1;SLBP;UPF1;MTPAP;DCP2
prerank,Negative Regulation Of Endothelial Cell Migration (GO:0010596),-0.2929579203535819,-0.8339154933409678,6.876122e-01,9.431180e-01,1.000000e+00,3/17,7.45%,CSNK2B;TGFB1;NOTCH1
prerank,Sphingolipid Biosynthetic Process (GO:0030148),0.21947605997450143,0.8327167169887882,7.672209e-01,9.209650e-01,1.000000e+00,16/41,32.66%,SMPD1;ELOVL6;HACD2;KDSR;PRKD3;SMPD4;PPM1L;PRKD2;SGPL1;SPTSSB;ST3GAL5;SPHK2;ORMDL1;ORMDL3;ORMDL2;SGPP1
prerank,Negative Regulation Of Cell Adhesion (GO:0007162),-0.25598928432638757,-0.8319983981903805,7.014134e-01,9.456741e-01,1.000000e+00,8/27,16.44%,TGFB1;PLXNA4;NOTCH1;EPHA4;PLXNA3;DMTN;SIPA1;GTPBP4
prerank,Protein Localization To Cell Periphery (GO:1990778),0.19062186316264768,0.8314401448161837,8.409639e-01,9.218026e-01,1.000000e+00,23/77,23.65%,TNIK;RAB10;EHD1;RAB11A;TSPAN5;PIP5K1A;PSMD10;LIN7B;PTCH1;PALS1;TSPAN14;RAB8B;PPIL2;RAP1A;DLG1;EFR3A;EZR;RAB29;TNFRSF1A;ROCK2;PLEKHF1;RAPGEF6;DENND4C
prerank,Regulation Of Macromolecule Biosynthetic Process (GO:0010556),0.22454031679273315,0.831440045754934,7.444717e-01,9.200249e-01,1.000000e+00,5/40,4.72%,S100A9;NOLC1;MTPN;ELP4;EIF2S1
prerank,Signal Transduction In Response To DNA Damage (GO:0042770),-0.2245616772108266,-0.8309611292045849,7.629758e-01,9.465330e-01,1.000000e+00,12/50,16.67%,MAD2L2;H2AX;RHNO1;TRIAP1;BCL3;MDM4;TIPRL;CDC5L;DTX3L;RAD9A;CLSPN;ATR
prerank,Regulation Of Transferase Activity (GO:0051338),-0.28762780384522363,-0.8305075642578735,6.974170e-01,9.462273e-01,1.000000e+00,2/17,2.62%,SPINDOC;LDB1
prerank,Regulation Of Mitochondrial Membrane Potential (GO:0051881),0.2383007550241845,0.8304956052338727,7.396313e-01,9.201334e-01,1.000000e+00,7/26,15.53%,ARL6IP5;SOD1;BCL2L1;VCP;SPART;PRDX3;PPA2
prerank,Release Of Sequestered Calcium Ion Into Cytosol (GO:0051209),0.25353327061338343,0.8302736171990794,7.397260e-01,9.188911e-01,1.000000e+00,5/24,14.83%,PTPRC;GHITM;PLCG1;LCK;F2R
prerank,Negative Regulation Of Microtubule Polymerization Or Depolymerization (GO:0031111),-0.28038590320537915,-0.8302487063912679,7.178131e-01,9.454527e-01,1.000000e+00,1/18,0.05%,MAPRE1
prerank,Macromolecule Catabolic Process (GO:0009057),0.19991400049718838,0.829250425705083,7.967914e-01,9.191804e-01,1.000000e+00,19/67,22.15%,PPP1R8;MVB12A;ISG20;HNRNPD;EXOSC2;RIPK1;EXOSC3;SLC16A3;EXOSC8;TRIM24;SH3GLB1;PIK3R4;UVRAG;REXO4;LRSAM1;MTOR;RNASEH2A;DIS3;RNF5
prerank,Vesicle Docking (GO:0048278),-0.2882283161745071,-0.828290471483229,7.105263e-01,9.482704e-01,1.000000e+00,6/17,23.94%,STX5;STX3;STX11;CLN3;STX8;STX1A
prerank,Positive Regulation Of Macroautophagy (GO:0016239),-0.2205949207553627,-0.8251960000383635,7.907801e-01,9.533631e-01,1.000000e+00,10/49,16.29%,PIP4K2A;ATG2A;SESN3;OPTN;WIPI1;MOAP1;BAG3;SLC25A5;PINK1;SPTLC1
prerank,Establishment Or Maintenance Of Apical/Basal Cell Polarity (GO:0035088),0.28161893474576377,0.8248560623124568,7.190265e-01,9.259675e-01,1.000000e+00,4/15,18.97%,ERBIN;PATJ;PALS1;DLG1
prerank,Regulation Of Extrinsic Apoptotic Signaling Pathway Via Death Domain Receptors (GO:1902041),0.25954894698236863,0.824669604213413,7.037862e-01,9.245179e-01,1.000000e+00,6/21,19.56%,RFFL;BCL2L1;TMBIM1;PEA15;ETFA;SP100
prerank,Regulation Of Protein Localization To Membrane (GO:1905475),-0.27802184439025013,-0.8245735344862201,7.409524e-01,9.533577e-01,1.000000e+00,10/19,33.08%,CRIPT;VPS4A;CLN3;STX8;GSN;ZDHHC7;FYN;SIRT6;ZDHHC2;AKR1B1
prerank,Positive Regulation Of Cellular Catabolic Process (GO:0031331),-0.19247479093317973,-0.8235480148901817,8.410175e-01,9.542177e-01,1.000000e+00,19/106,14.59%,IRS2;ZC3H12A;ULK1;SUPV3L1;FURIN;BAD;GSK3A;CNOT1;ZSWIM8;BECN1;OPTN;ABHD5;GRSF1;TFEB;CDK16;PHKG2;PRXL2C;DTX3L;MLST8
prerank,Negative Regulation Of Phosphoprotein Phosphatase Activity (GO:0032515),-0.28938476731510493,-0.8224225007846326,7.094340e-01,9.552378e-01,1.000000e+00,4/16,12.65%,LGALS3;PTPA;IKBKB;TIPRL
prerank,Regulation Of Protein Export From Nucleus (GO:0046825),-0.2828236157720699,-0.8207185881744563,7.087199e-01,9.573920e-01,1.000000e+00,7/17,31.43%,YWHAE;FRAT2;BAG3;PARK7;TPR;GSK3B;SIRT6
prerank,Regulation Of Small Molecule Metabolic Process (GO:0062012),-0.25273256417949796,-0.8194067191286932,7.652330e-01,9.588061e-01,1.000000e+00,8/29,18.59%,DGKQ;PRKAG1;FOXK1;PANK2;PRKAG2;JMJD8;FOXK2;OGT
prerank,Mitochondrial Membrane Organization (GO:0007006),0.23446383229563003,0.8185901718994084,7.637232e-01,9.344438e-01,1.000000e+00,5/30,7.45%,GHITM;IMMT;BCL2L1;BNIP3;TAFAZZIN
prerank,Positive Regulation Of Intrinsic Apoptotic Signaling Pathway (GO:2001244),-0.2494452139353919,-0.8171378092076582,7.614504e-01,9.619699e-01,1.000000e+00,5/28,9.14%,NCK2;BBC3;EIF5A;BECN1;UBB
prerank,Regulation Of Vesicle-Mediated Transport (GO:0060627),0.19951950239548497,0.8164898264994039,7.984887e-01,9.366266e-01,1.000000e+00,10/53,19.14%,MAP2K1;RAB11A;RALA;SNX17;BET1L;SEPTIN2;PTPN1;VAMP2;RAB8B;RAB4B
prerank,Protein Homooligomerization (GO:0051260),0.19359565065135664,0.8163015020192869,8.403141e-01,9.351864e-01,1.000000e+00,7/68,5.43%,ALDH9A1;GBP5;CRYZ;EHD1;PRF1;APIP;GSDMD
prerank,Regulation Of Sodium Ion Transport (GO:0002028),-0.28879727424929025,-0.8156064177337918,7.158879e-01,9.636851e-01,1.000000e+00,6/15,25.49%,P2RX4;PER1;RANGRF;P2RX7;SNTA1;SIK1
prerank,Phosphatidic Acid Metabolic Process (GO:0046473),-0.26753407187935435,-0.8151087664138508,7.581818e-01,9.633491e-01,1.000000e+00,8/21,26.05%,DGKQ;ABHD5;SLC27A1;PLA2G6;AGPAT5;AGPAT2;DGKZ;DGKA
prerank,Phospholipid Transport (GO:0015914),-0.23612349006122663,-0.8143346550171414,7.373358e-01,9.635998e-01,1.000000e+00,10/35,23.81%,NPC2;TRIAP1;ATP8A1;ABCA3;ABCA7;PRELID3B;VAPA;ATP11C;ABCB1;ATP8B4
prerank,Protein Localization To Cilium (GO:0061512),0.27944146156515426,0.8140264694146075,7.259101e-01,9.377081e-01,1.000000e+00,7/16,31.61%,EHD1;BBS9;RAB29;TULP3;ATP6V1D;BBS4;INVS
prerank,Positive Regulation Of Actin Filament Polymerization (GO:0030838),-0.26150813197024236,-0.8128934605711057,7.402597e-01,9.651126e-01,1.000000e+00,5/21,18.11%,NCK2;CARMIL2;ARF6;EVL;PFN1
prerank,Calcium Ion Transmembrane Transport (GO:0070588),-0.23450175731575934,-0.8113148649399118,7.842466e-01,9.668980e-01,1.000000e+00,11/35,24.55%,MCUB;P2RX4;TRPM7;PKD2;CACNA2D4;TRPM2;CACNB1;P2RX7;ORAI1;ATP2B1;TRPC4AP
prerank,Regulation Of Cellular Localization (GO:0060341),-0.22559689595111487,-0.8103467530322155,7.946903e-01,9.675104e-01,1.000000e+00,10/42,16.84%,RAB14;FBXW7;DNAJB6;SUMO1;TESK1;TRIM25;VPS4A;TRIM58;PLEKHM2;CSNK1E
prerank,Regulation Of Nucleic Acid-Templated Transcription (GO:1903506),-0.16530961593241877,-0.8101194506082098,9.467787e-01,9.666703e-01,1.000000e+00,61/299,19.94%,ATF4;SRSF10;YY1AP1;RUNX3;TCF7;TAF10;SPTY2D1;MTF2;ZNF268;CREBBP;CALR;PPP2CA;PSPC1;FOXN3;ING3;SERTAD3;YAF2;DAPK3;HCFC1;PQBP1;ACTN4;NOTCH1;ZMIZ1;CARM1;MLLT6;BMAL1;FADS1;ZSCAN26;SAP30L;SSBP2;ATF5;ZNF282;HES6;TFEB;EDF1;YEATS2;NFILZ;NR1D2;BRD1;TAF6L;KAT7;BNC2;NFIL3;ZNF682;NFXL1;ZNF395;ZFPL1;SLC2A4RG;TCF3;BPTF;FOXK2;SPIN4;ZNF350;BACH1;ZNF331;ENG;RSF1;SOX4;CDK11B;MBIP;ZNF273
prerank,Regulation Of Intracellular Transport (GO:0032386),-0.2595010893587267,-0.8100222245131132,7.595819e-01,9.656046e-01,1.000000e+00,9/23,30.68%,MX2;LAMP1;RAB11B;RINT1;YIPF5;LCP1;DYNC1H1;CAPN10;ATP9A
prerank,Endoplasmic Reticulum To Cytosol Transport (GO:1903513),-0.28572440231155816,-0.8091571791901948,7.467167e-01,9.659913e-01,1.000000e+00,4/15,14.06%,DERL1;SEC61B;SEL1L;FAF2
prerank,Positive Regulation Of Antigen Receptor-Mediated Signaling Pathway (GO:0050857),0.2710959857214648,0.8087218154309175,7.248908e-01,9.457906e-01,1.000000e+00,9/16,27.99%,PTPRC;CD226;LCK;PRKD2;RAB29;FOXP1;UXT;TESPA1;PRKCH
prerank,Unsaturated Fatty Acid Metabolic Process (GO:0033559),-0.2818474534584712,-0.8082724281533686,7.184644e-01,9.664149e-01,1.000000e+00,3/16,13.86%,FADS1;ACAA1;GSTP1
prerank,DNA Damage Checkpoint Signaling (GO:0000077),-0.2443776675807426,-0.8071944919835652,7.684022e-01,9.672361e-01,1.000000e+00,8/29,16.67%,H2AX;RHNO1;TIPRL;CDC5L;DTX3L;RAD9A;CLSPN;ATR
prerank,Cellular Response To Decreased Oxygen Levels (GO:0036294),-0.21867131575861148,-0.8067413718988042,8.100173e-01,9.668229e-01,1.000000e+00,14/46,22.82%,TGFB1;BAD;NOTCH1;TBL2;P4HB;MDM4;PINK1;MLST8;SUV39H1;HIPK2;PGK1;HYOU1;TSC1;CPEB4
prerank,"Retrograde Vesicle-Mediated Transport, Golgi To Endoplasmic Reticulum (GO:0006890)",0.20995311183883403,0.8066432467223537,8.179724e-01,9.477557e-01,1.000000e+00,17/43,30.28%,GOLPH3;ARF4;ERGIC2;COG7;PICK1;ZW10;COPB2;UVRAG;NBAS;STX18;COPZ2;RAB6A;COPG2;PITPNB;RER1;LMAN2;TMEM115
prerank,"DNA Damage Response, Signal Transduction By P53 Class Mediator (GO:0030330)",0.25066707907908736,0.8066278403217155,7.539503e-01,9.460062e-01,1.000000e+00,9/23,22.63%,CDKN1B;MYO6;ATRX;CRADD;SP100;TP53;ATM;BATF;CASP2
prerank,Regulation Of Meiotic Cell Cycle (GO:0051445),-0.282092179842797,-0.806314579115925,7.513043e-01,9.663407e-01,1.000000e+00,2/16,4.01%,ANAPC15;ANAPC11
prerank,Positive Regulation Of Neuron Projection Development (GO:0010976),0.22573428980767007,0.8061399641889674,7.965261e-01,9.451238e-01,1.000000e+00,10/34,19.88%,S100A9;SETX;CAPRIN1;NPTN;SNX3;DHX36;NTRK1;ITGA6;RAP1A;CAPRIN2
prerank,Regulation Of Viral Genome Replication (GO:0045069),-0.21216845440411408,-0.8059921850166051,8.164336e-01,9.656619e-01,1.000000e+00,17/53,24.51%,ADARB1;RAD23A;PKN2;TMEM39A;N4BP1;ISG15;CCL5;OAS1;BST2;PPIH;DDX3X;DDB1;PLSCR1;EIF2AK2;MX1;IFITM1;SRPK2
prerank,Purine Nucleotide Metabolic Process (GO:0006163),0.2531837432489951,0.8043148058211059,7.527115e-01,9.465426e-01,1.000000e+00,3/21,5.84%,SLC4A7;PRPSAP2;MDH1
prerank,Vesicle-Mediated Transport To The Plasma Membrane (GO:0098876),-0.20100328340006973,-0.804182141085562,8.311037e-01,9.678324e-01,1.000000e+00,14/69,17.68%,VPS53;RAB14;RAB11FIP4;ARL4C;VTI1A;VPS39;ARF6;RAB11FIP3;MICALL1;RAB11B;CCDC93;SNF8;VPS26A;EHD3
prerank,Negative Regulation Of Double-Strand Break Repair Via Homologous Recombination (GO:2000042),-0.2745656783849114,-0.8039165102105533,7.150735e-01,9.670701e-01,1.000000e+00,2/18,6.90%,MAD2L2;KMT5A
prerank,DNA Methylation (GO:0006306),-0.28211257102956816,-0.8037829338798169,7.468124e-01,9.660992e-01,1.000000e+00,4/16,17.03%,GATAD2A;ZDBF2;KMT2E;PPM1D
prerank,Internal Peptidyl-Lysine Acetylation (GO:0018393),0.22449524769785872,0.8037142443613273,8.019802e-01,9.458305e-01,1.000000e+00,19/35,30.46%,MORF4L2;BRD8;TRRAP;RUVBL1;EP400;KAT2A;TAF12;TADA2A;SUPT3H;MORF4L1;MRGBP;TAF5L;ACTL6A;TADA3;VPS72;TAF9;EPC2;PHF20L1;DMAP1
prerank,Regulation Of Release Of Cytochrome C From Mitochondria (GO:0090199),-0.2439740926362657,-0.803566115715768,7.695035e-01,9.652567e-01,1.000000e+00,6/29,14.27%,FXN;BBC3;BAD;TRIAP1;MOAP1;PINK1
prerank,Regulation Of Cold-Induced Thermogenesis (GO:0120161),-0.1999246235096465,-0.8033098908179448,8.254486e-01,9.645006e-01,1.000000e+00,18/78,22.45%,ATF4;GNAS;PWWP2B;PLCL2;NOTCH1;IL4R;BMAL1;GADD45G;PGAM5;LPIN1;IL18;FABP5;OGT;IGF1R;PER2;ID1;FLCN;RBPJ
prerank,Late Endosome To Vacuole Transport (GO:0045324),0.268509023598253,0.8018457844848531,7.449210e-01,9.474156e-01,1.000000e+00,11/17,32.56%,CHMP5;TMEM50A;CHMP1A;PIK3R4;LEPROT;CHMP7;VPS4B;TMEM50B;CHMP6;LEPROTL1;CHMP1B
prerank,Integrin-Mediated Signaling Pathway (GO:0007229),0.21350096289765813,0.8017332533341337,8.161765e-01,9.458609e-01,1.000000e+00,8/42,15.28%,ITGA4;PLEK;CD47;ERBIN;SEMA7A;ILK;ADAM10;ITGA6
prerank,Actin Cytoskeleton Reorganization (GO:0031532),0.23737842436876347,0.8009203880749111,7.868481e-01,9.455228e-01,1.000000e+00,6/28,13.71%,TNIK;PLEK;PIP5K1A;S1PR1;PTPN1;SIPA1L1
prerank,Gluconeogenesis (GO:0006094),-0.2594742917161128,-0.7998606946294989,7.851986e-01,9.695939e-01,1.000000e+00,4/22,7.74%,POLR2D;FBP1;CRTC2;ENO3
prerank,Very Long-Chain Fatty Acid Metabolic Process (GO:0000038),0.26511346566871524,0.7993448654001981,7.770563e-01,9.465700e-01,1.000000e+00,2/17,7.18%,ELOVL6;HACD2
prerank,Positive Regulation Of Response To Stimulus (GO:0048584),0.20382057587266558,0.7989333323376786,8.421053e-01,9.455490e-01,1.000000e+00,8/49,12.05%,UCHL5;SMCHD1;INO80D;INO80B;FCGR2B;RUVBL1;WRAP53;ILK
prerank,Regulation Of TORC1 Signaling (GO:1903432),0.21181514253201655,0.7985277105825754,7.858824e-01,9.445092e-01,1.000000e+00,11/41,18.53%,RRAGA;PIH1D1;KLHL22;CLEC16A;WDR59;SLC38A9;KICS2;TELO2;DEPDC5;GPR137;RRAGB
prerank,Protein Localization To Membrane (GO:0072657),-0.18644129533058676,-0.7979555018952422,8.841060e-01,9.719003e-01,1.000000e+00,21/105,18.77%,INPP5K;AP3D1;CD81;FLOT1;ARL5B;NUP54;TMED2;PACS2;ZFYVE27;GAK;IKBKB;RFTN1;TTC7A;ZDHHC3;S100A10;BRAF;RAB11B;SMURF1;EHD3;ITGAL;TESC
prerank,Base-Excision Repair (GO:0006284),0.22635227276884415,0.7977355909820711,7.857143e-01,9.440933e-01,1.000000e+00,6/32,20.16%,RPA3;RPA2;LIG1;PARG;HUWE1;POLL
prerank,Response To Hydrogen Peroxide (GO:0042542),0.22414950268092118,0.7971494194095222,7.962085e-01,9.433928e-01,1.000000e+00,7/32,15.49%,SOD1;ANKZF1;SETX;RIPK1;HDAC6;PRDX3;CAT
prerank,Transcription Initiation-Coupled Chromatin Remodeling (GO:0045815),-0.24372684115090526,-0.7963516556833111,7.851711e-01,9.735506e-01,1.000000e+00,2/29,1.10%,BRD7;ARID1B
prerank,Monoatomic Cation Transmembrane Transport (GO:0098655),-0.19253544133165684,-0.7958644964585653,8.504823e-01,9.731578e-01,1.000000e+00,27/87,27.84%,TCIRG1;ATP6V1H;RNASEK;P2RX4;ATP6V0C;TRPM7;SLC9A1;PKD2;CACNA2D4;TMEM175;HVCN1;SLC39A13;DMAC2L;SLC9A3;TRPM2;CACNB1;P2RX7;SLC4A4;ORAI1;SLC39A9;ATP1B3;ATP1B1;TRPC4AP;SLC9A9;ATP6AP2;ATP6V1B2;SLC12A7
prerank,Receptor Metabolic Process (GO:0043112),-0.2854814412919069,-0.7942920536560046,7.185741e-01,9.747838e-01,1.000000e+00,5/15,17.68%,TGFB1;BECN1;RAB11B;SMURF1;EHD3
prerank,Negative Regulation Of DNA-binding Transcription Factor Activity (GO:0043433),-0.18911375340453884,-0.7934164874640991,8.724083e-01,9.751949e-01,1.000000e+00,27/97,23.93%,XCL1;MAD2L2;ZC3H12A;COMMD7;CEBPG;OTULIN;ID2;PPP2CB;BCL3;USP7;SUMO1;MAP3K10;HES6;PKD2;IRAK1;SETD6;NLRP2;ARRB1;TAF3;ID1;NLRC3;BRMS1;NFKBIL1;NFKBIE;ARRB2;PAXIP1;ANXA4
prerank,Endosome Organization (GO:0007032),-0.22256037609980162,-0.7927719950335486,8.178752e-01,9.751329e-01,1.000000e+00,5/41,7.33%,LAMTOR1;ATP6V1H;RNASEK;CHMP2B;ATP6V0C
prerank,G2/M Transition Of Mitotic Cell Cycle (GO:0000086),-0.27236832176917103,-0.7916885526640229,7.500000e-01,9.758816e-01,1.000000e+00,10/18,32.13%,LATS1;CCDC57;PLCB1;BACH1;WEE1;DNM2;ARPP19;FBXL15;CCNY;TAF2
prerank,Cardiac Muscle Tissue Development (GO:0048738),-0.26275310803439145,-0.79086416000637,7.785349e-01,9.761125e-01,1.000000e+00,5/22,14.83%,ZFPM1;POLR2D;NOTCH1;TTN;SMAD5
prerank,Transcription Preinitiation Complex Assembly (GO:0070897),-0.21645323122296592,-0.7904104098253834,8.026981e-01,9.756970e-01,1.000000e+00,8/45,13.50%,MED10;TAF11;TAF10;MED30;TAF4;MED4;TAF6L;MED19
prerank,Regulation Of Mitochondrial Fission (GO:0090140),0.25388983155672806,0.7900911195269268,8.056206e-01,9.536355e-01,1.000000e+00,4/19,9.63%,RALA;SPIRE1;BNIP3;VPS35
prerank,Negative Regulation Of Endopeptidase Activity (GO:0010951),0.2700065528562109,0.788222817235247,7.722343e-01,9.549687e-01,1.000000e+00,5/16,19.05%,SERPINB9;SPOCK2;BIN1;SERPINB6;PCID2
prerank,Post-Transcriptional Regulation Of Gene Expression (GO:0010608),-0.21601176039106457,-0.7878993151488394,8.211806e-01,9.788219e-01,1.000000e+00,12/44,22.53%,RBM3;PER1;ELP5;NUDT21;ZC3H10;ATG14;ELP6;ELP2;PCIF1;DUS3L;RC3H1;TSC1
prerank,Regulation Of Microtubule Cytoskeleton Organization (GO:0070507),-0.2715931667401431,-0.7873706842439403,7.879342e-01,9.785292e-01,1.000000e+00,7/19,28.66%,MAPRE1;STMN3;MARK2;STMN1;PRKAA1;GSK3B;CYLD
prerank,Positive Regulation Of G1/S Transition Of Mitotic Cell Cycle (GO:1900087),-0.2599181578650336,-0.7873199987491285,7.967332e-01,9.773925e-01,1.000000e+00,6/21,22.59%,AKT1;KMT2E;PLCB1;DDX3X;ADAMTS1;SASS6
prerank,Phosphatidylinositol Biosynthetic Process (GO:0006661),0.18566018793094724,0.7861467133869248,8.706199e-01,9.567873e-01,1.000000e+00,19/76,21.67%,PIK3CG;MTMR4;CDIPT;PIKFYVE;PI4K2B;PIP5K1A;SMG1;ITPKB;MTMR6;PIGQ;PIK3CA;PTEN;PIK3R2;EFR3A;SACM1L;PIK3R3;PITPNM1;PIGV;PIGP
prerank,Positive Regulation Of Defense Response To Virus By Host (GO:0002230),0.24961033853498715,0.7860496484269133,7.700893e-01,9.551977e-01,1.000000e+00,3/20,7.35%,TRIM22;TOMM70;STING1
prerank,Mitotic Cytokinetic Process (GO:1902410),-0.2817706840536558,-0.7858507580351852,7.274436e-01,9.786044e-01,1.000000e+00,4/15,14.73%,CHMP4A;CHMP2B;CHMP2A;VPS4A
prerank,Positive Regulation Of Carbohydrate Metabolic Process (GO:0045913),-0.2670749876044015,-0.7857866706396873,7.639640e-01,9.774836e-01,1.000000e+00,7/18,21.50%,IRS2;NFKB1;CD244;PRXL2C;MLST8;P2RX7;SLC4A4
prerank,Positive Regulation Of Myeloid Leukocyte Differentiation (GO:0002763),-0.24479075285417795,-0.7857527220433996,7.853211e-01,9.763262e-01,1.000000e+00,6/25,18.77%,ID2;PRKCA;TNFRSF11A;HLA-DRB1;EEIG1;TESC
prerank,Inorganic Cation Transmembrane Transport (GO:0098662),-0.18923040977802436,-0.7854248320124407,8.672000e-01,9.756849e-01,1.000000e+00,27/88,27.84%,TCIRG1;ATP6V1H;RNASEK;P2RX4;ATP6V0C;TRPM7;SLC9A1;PKD2;CACNA2D4;TMEM175;HVCN1;SLC39A13;DMAC2L;SLC9A3;TRPM2;CACNB1;P2RX7;SLC4A4;ORAI1;SLC39A9;ATP1B3;ATP1B1;TRPC4AP;SLC9A9;ATP6AP2;ATP6V1B2;SLC12A7
prerank,Myeloid Cell Development (GO:0061515),0.25969134777556113,0.7848318220508264,7.704545e-01,9.554653e-01,1.000000e+00,6/16,31.90%,NCKAP1L;ALAS1;FOXP1;EVI2B;NRROS;LYAR
prerank,Regulation Of Bone Mineralization (GO:0030500),0.25243270452830985,0.7845109145807796,7.868132e-01,9.542351e-01,1.000000e+00,7/19,25.48%,NBR1;BMPR1A;S1PR1;BCOR;RXRB;ANO6;ANKH
prerank,Regulation Of Sprouting Angiogenesis (GO:1903670),-0.28032512729319164,-0.7842862333966567,7.450628e-01,9.765189e-01,1.000000e+00,4/15,20.23%,CEMIP2;JMJD8;PPP1R16B;EPN1
prerank,DNA-templated DNA Replication Maintenance Of Fidelity (GO:0045005),-0.2284215182006435,-0.783317054184524,8.067376e-01,9.769330e-01,1.000000e+00,9/32,23.23%,RTEL1;BOD1L1;ATR;EME2;CDK9;TIPIN;MMS22L;PCNA;SLFN11
prerank,Negative Regulation Of Cytokine Production (GO:0001818),-0.1859192635670507,-0.7832369580370477,9.214744e-01,9.758433e-01,1.000000e+00,14/98,10.99%,XCL1;ZC3H12A;ZFPM1;RAC1;ADCY7;CUEDC2;CUL3;LGALS9;BCL3;TRIB2;RNF125;N4BP1;ILRUN;HDAC9
prerank,Inositol Phosphate Metabolic Process (GO:0043647),-0.26531593252225194,-0.7830418427564921,7.866419e-01,9.749727e-01,1.000000e+00,1/18,0.45%,INPP5A
prerank,Eye Development (GO:0001654),-0.2834879188495571,-0.7829902469319273,7.783883e-01,9.738556e-01,1.000000e+00,5/15,19.29%,POLR2D;HIPK1;PBX4;HIPK2;RAB18
prerank,Endoplasmic Reticulum Organization (GO:0007029),-0.21805446114614546,-0.7821092489713679,8.300885e-01,9.741838e-01,1.000000e+00,12/42,21.45%,WDR83OS;BNIP1;GAK;VCPIP1;TMEM170A;GET4;STEEP1;TRAM2;RAB18;VAPA;CAMLG;TRAM1
prerank,Peptidyl-Lysine Methylation (GO:0018022),0.2573917406481291,0.7818743769072551,8.008565e-01,9.568126e-01,1.000000e+00,8/18,28.00%,EHMT1;VCPKMT;SMYD3;EHMT2;ATPSCKMT;METTL18;EEF1AKMT2;EEF2KMT
prerank,Regulation Of Mitochondrial Membrane Permeability (GO:0046902),-0.28448511602242355,-0.7795299278869161,7.981481e-01,9.772539e-01,1.000000e+00,6/15,25.27%,BAD;NAIF1;SLC25A5;BAK1;PPIF;MUL1
prerank,Cell-Cell Junction Assembly (GO:0007043),-0.25460853421616436,-0.7794472900607827,7.989130e-01,9.761705e-01,1.000000e+00,3/21,7.63%,RHOC;PKN2;PRKCA
prerank,Postreplication Repair (GO:0006301),0.2533016120932725,0.778619499751665,7.933333e-01,9.602640e-01,1.000000e+00,7/17,20.69%,PARP10;UBE2B;FAAP20;VCP;POLI;RAD18;PRIMPOL
prerank,Vesicle Fusion (GO:0006906),0.18994238164099317,0.7781855470119173,8.855721e-01,9.591827e-01,1.000000e+00,22/60,27.63%,VPS33A;CHMP5;PIKFYVE;SAMD9;CHMP1A;EEA1;BET1;VAMP2;VPS16;UVRAG;RAB8B;VTI1B;CHMP7;VIPAS39;STX7;STX4;STX6;GOSR1;PIP4K2B;GOSR2;YIPF4;CHMP6
prerank,Ceramide Metabolic Process (GO:0006672),-0.22738310285321736,-0.7773512749116525,8.066202e-01,9.784783e-01,1.000000e+00,6/32,16.29%,ST6GALNAC6;PPP2CA;CERS6;CERS2;NSMAF;SPTLC1
prerank,Cellular Response To Amino Acid Starvation (GO:0034198),0.21273546358411569,0.7769117964874955,8.228438e-01,9.594067e-01,1.000000e+00,12/36,23.97%,RRAGA;EIF2S1;WDR59;KICS2;DEPDC5;SH3GLB1;FAS;RRAGB;MTOR;EIF2AK3;GCN1;MAPK8
prerank,Epigenetic Regulation Of Gene Expression (GO:0040029),0.1869009018400979,0.7744510822701062,8.995215e-01,9.615237e-01,1.000000e+00,26/66,29.48%,TRIM27;BMI1;WBP2;HDAC5;MECP2;CREBZF;PHF19;ATF2;GLMN;DPY30;HDAC6;TASOR;ZNF335;RNF8;ASH2L;TP53;MPHOSPH8;USP21;TRIM37;IFI16;VPS72;SPHK2;N6AMT1;CTCF;MEN1;PRMT7
prerank,Negative Regulation Of Canonical Wnt Signaling Pathway (GO:0090090),-0.20828810148656116,-0.7735206562782145,8.414840e-01,9.834288e-01,1.000000e+00,8/46,11.11%,MAD2L2;GSK3A;IGFBP4;AXIN1;TLE4;LATS1;SDHAF2;TLE5
prerank,Secretory Granule Organization (GO:0033363),-0.25193456487636623,-0.7733637628570782,7.830688e-01,9.824542e-01,1.000000e+00,6/21,22.81%,AP3D1;AP1S1;HPS1;SRGN;AP1G1;AP3B1
prerank,Skeletal System Morphogenesis (GO:0048705),0.26346967302698837,0.7727844106500089,7.594655e-01,9.623077e-01,1.000000e+00,4/15,16.87%,SPEF2;DYNC2I1;HOXC4;HOXA9
prerank,Lysosomal Transport (GO:0007041),-0.18711577830812065,-0.7718943975646995,9.059561e-01,9.835048e-01,1.000000e+00,24/85,23.37%,VPS53;IGF2R;CHMP4A;KIF13A;CHMP2B;BECN1;GAK;VPS39;VPS54;PINK1;DTX3L;CHMP2A;VPS4A;ATG14;LAMP1;DENND3;EHD3;TRAK1;CLN3;HMGXB4;EPG5;SORL1;AP1G1;M6PR
prerank,Anterograde Trans-Synaptic Signaling (GO:0098916),-0.2302573665814925,-0.7711377158416505,8.214905e-01,9.834434e-01,1.000000e+00,7/29,20.56%,SYPL1;DLG3;DHX8;GIPC1;UNC119;CACNB1;MINK1
prerank,Organelle Fission (GO:0048285),0.24864387876188537,0.7709902221515567,8.067633e-01,9.632470e-01,1.000000e+00,5/17,29.34%,WASHC5;PEX19;MTFR1;SLC25A46;MFF
prerank,DNA Replication Initiation (GO:0006270),-0.271942968127586,-0.7706869015845992,7.709091e-01,9.829357e-01,1.000000e+00,2/16,8.92%,MCM2;ORC4
prerank,Purine Ribonucleotide Biosynthetic Process (GO:0009152),0.21935434747621363,0.7706024412739338,8.433180e-01,9.621062e-01,1.000000e+00,7/33,15.02%,ATP5PO;IMPDH2;NUDT2;SLC25A13;AK5;ADSL;ADSS2
prerank,Positive Regulation Of Type I Interferon Production (GO:0032481),-0.20450964429050472,-0.7700103118323649,8.525963e-01,9.828097e-01,1.000000e+00,12/53,17.58%,FLOT1;PQBP1;RIOK3;GAPDH;POLR3F;ISG15;IRAK1;OAS1;POLR3C;RIPK2;IRF1;DDX3X
prerank,Regulation Of Intrinsic Apoptotic Signaling Pathway (GO:2001242),-0.21910371475550533,-0.769226736331643,8.414414e-01,9.828726e-01,1.000000e+00,18/37,31.14%,BBC3;NDUFA13;BECN1;PTPMT1;P4HB;URI1;NDUFS3;PINK1;BCLAF1;DDX3X;STYXL1;PPIF;BOK;BID;DDIT3;CYLD;FIS1;HERPUD1
prerank,snRNA Processing (GO:0016180),0.2582281397674046,0.7681816270820208,7.956044e-01,9.638392e-01,1.000000e+00,4/17,16.70%,INTS14;INTS9;INTS2;INTS7
prerank,Ubiquitin-Dependent ERAD Pathway (GO:0030433),-0.19715578795138666,-0.7672986777936869,8.773748e-01,9.846535e-01,1.000000e+00,14/62,19.22%,FBXO44;MARCHF6;CALR;DERL1;UBE2G2;SEC61B;SEL1L;FAF2;TRIM25;RNF103;YOD1;BAG6;UBE2J1;HSPA5
prerank,Amide Biosynthetic Process (GO:0043604),0.22415964968221397,0.7663328527115651,8.206897e-01,9.648594e-01,1.000000e+00,7/25,22.06%,SMPD1;PCSK5;GLS;SMPD4;GLUD1;PAM;SPTSSB
prerank,Interferon-Mediated Signaling Pathway (GO:0140888),-0.2369801390452932,-0.7647810869102414,8.479428e-01,9.872867e-01,1.000000e+00,7/28,23.66%,IFNGR1;IFNLR1;IRAK1;TYK2;IRF1;IFITM1;IKBKE
prerank,Vesicle Organization (GO:0016050),-0.1909702232397273,-0.7645851532124844,9.067103e-01,9.863936e-01,1.000000e+00,20/72,26.55%,TRAPPC10;STX5;CHMP4A;LAMTOR1;TRAPPC2L;CHMP2B;TRAPPC5;S100A10;PI4K2A;VPS4A;SRGN;RAB22A;AP2M1;WASL;STX8;PLEKHJ1;SNX10;VAMP3;VPS11;PLEKHF2
prerank,Phosphatidylethanolamine Metabolic Process (GO:0046337),-0.2766989235746058,-0.7641677785809127,7.850467e-01,9.858311e-01,1.000000e+00,5/15,20.27%,PCYT2;CHKB;PLAAT2;SLC27A1;PLA2G6
prerank,Myelination (GO:0042552),-0.2658238692484532,-0.7640944916939023,7.885305e-01,9.847353e-01,1.000000e+00,11/17,43.11%,ARHGEF10;EIF2B5;HYCC1;SKI;SBF2;CXCR4;ACER3;B4GALT5;EIF2B2;NF1;MYRF
prerank,Peptidyl-Lysine Modification (GO:0018205),-0.18913155133800075,-0.762232584587675,8.961474e-01,9.863476e-01,1.000000e+00,25/71,28.76%,CBX4;SUMO3;ESCO1;ZMIZ1;NSMCE4A;ZNF451;SUMO1;TOPORS;HDAC9;EEF1AKMT1;SENP3;PIAS1;UBE2I;PLOD1;TRIM28;PARK7;STX1A;SMC5;SLF2;SAE1;KAT2B;UHRF2;RNF113A;EP300;USPL1
prerank,Positive Regulation Of Cysteine-Type Endopeptidase Activity (GO:2001056),-0.21543799297042796,-0.7618542313606744,8.538588e-01,9.857465e-01,1.000000e+00,10/42,19.55%,NDUFA13;CTSD;BAD;ASPH;TBC1D10A;NLRP2;RIPK2;DDX3X;HTRA2;BAK1
prerank,Mitotic Cell Cycle Phase Transition (GO:0044772),-0.19466360467403102,-0.761848114374252,9.037520e-01,9.845607e-01,1.000000e+00,23/67,30.35%,CHMP4A;CUL3;TACC3;LATS1;DBF4;CUL5;UBE2S;PPP2R2D;CCDC57;CHMP2A;PLCB1;LATS2;CCNJL;WEE1;DNM2;E2F3;PHF8;CUL1;CDC34;ARPP19;FBXL15;CCNY;RCC1
prerank,Regulation Of Cellular Senescence (GO:2000772),0.21770405168856966,0.7610769834005578,8.577681e-01,9.706572e-01,1.000000e+00,7/27,24.68%,NUAK1;AKT3;PTEN;NEK4;YBX1;TP53;RSL1D1
prerank,Natural Killer Cell Mediated Cytotoxicity (GO:0042267),-0.2743059479160249,-0.7606076624756717,7.800370e-01,9.852455e-01,1.000000e+00,5/16,18.46%,CEBPG;TUBB4B;NKG7;PLEKHM2;TUBB2A
prerank,Histone H3 Acetylation (GO:0043966),0.2092040790963336,0.7599464361784423,8.584687e-01,9.706090e-01,1.000000e+00,13/34,25.88%,TAF7;USP22;SUPT20H;TRRAP;KAT2A;TAF12;TAF5;TADA2A;SUPT3H;TAF5L;TADA3;MAP3K7;TAF9
prerank,Positive Regulation Of Receptor Signaling Pathway Via STAT (GO:1904894),-0.26559041055041466,-0.7579143512590383,8.186916e-01,9.879008e-01,1.000000e+00,4/17,15.48%,TGFB1;NOTCH1;CCL5;TYK2
prerank,Neutral Amino Acid Transport (GO:0015804),-0.27140518303874683,-0.7574140304426261,8.101761e-01,9.875033e-01,1.000000e+00,8/15,35.07%,SLC7A5;SLC38A5;SLC3A2;SLC1A4;LLGL2;SLC38A2;SLC38A6;SLC38A1
prerank,Negative Regulation Of Stress-Activated MAPK Cascade (GO:0032873),0.23505965454128286,0.756846023700167,8.540305e-01,9.730438e-01,1.000000e+00,7/24,19.27%,QARS1;ZMYND11;DUSP1;ITCH;TAOK3;DLG1;EZR
prerank,Negative Regulation Of Amide Metabolic Process (GO:0034249),0.18078874742293283,0.7561672864007003,9.148936e-01,9.723033e-01,1.000000e+00,17/66,21.35%,TIA1;GZMB;TOB1;PATL2;CAPRIN1;EIF4ENIF1;DHX36;RTN4;EPRS1;RACK1;BIN1;SYNCRIP;YBX1;EIF2AK3;LSM14A;RIDA;DHFR
prerank,Regulation Of Transcription Initiation By RNA Polymerase II (GO:0060260),0.1895331158254418,0.7561625414939138,9.108434e-01,9.705815e-01,1.000000e+00,13/53,20.13%,TAF7;MED31;TBP;GTF2A1;MED28;MDC1;DHX36;TAF12;TAF5;MED7;HEY2;PCID2;MED16
prerank,Negative Regulation Of Cell Junction Assembly (GO:1901889),-0.2716725226190945,-0.7561149113688056,8.092692e-01,9.881758e-01,1.000000e+00,3/15,11.85%,DUSP22;IKBKB;DMTN
prerank,Regulation Of JNK Cascade (GO:0046328),-0.1947086381933058,-0.755851006180114,8.964346e-01,9.873961e-01,1.000000e+00,14/60,20.56%,GADD45B;ZNF622;PER1;AXIN1;MAP3K10;GADD45G;TAOK2;PINK1;PLCB1;TRAF1;IGF1R;HIPK2;MBIP;MINK1
prerank,Negative Regulation Of Macroautophagy (GO:0016242),-0.25840653374679984,-0.7545419802886085,8.102190e-01,9.880154e-01,1.000000e+00,6/18,23.30%,QSOX1;TMEM39A;PINK1;USP36;TSC1;FEZ2
prerank,Regulatory ncRNA Processing (GO:0070918),-0.26504157763851105,-0.7543019815951028,8.014981e-01,9.871646e-01,1.000000e+00,5/17,19.06%,TSN;AGO4;AGO2;SNIP1;TDRKH
prerank,Positive Regulation Of Intracellular Protein Transport (GO:0090316),-0.1765181487306073,-0.7533753715539033,9.417637e-01,9.873357e-01,1.000000e+00,18/103,16.70%,ZPR1;CD81;ZC3H12A;TGFB1;FBXW7;PIN1;BBC3;GSK3A;PIK3R1;ARIH2;ITGAM;YWHAE;CSNK2A2;BAG3;PINK1;B3GAT3;USP36;CEP131
prerank,Steroid Biosynthetic Process (GO:0006694),-0.24221596778698565,-0.7532892205855142,8.268156e-01,9.862639e-01,1.000000e+00,7/22,25.09%,HSD17B10;OSBPL7;PRKAG2;PMVK;OSBPL9;CYP51A1;HMGCR
prerank,Endothelial Cell Migration (GO:0043542),0.2587525671528067,0.7531726633703084,8.073394e-01,9.731276e-01,1.000000e+00,10/16,34.81%,S100A9;PIK3CA;CORO1B;STAT1;MEN1;TNFSF12;MYH9;NR4A1;LPXN;PXN
prerank,Regulation Of Endocytosis (GO:0030100),0.20721880355831648,0.753056027159873,8.634259e-01,9.715956e-01,1.000000e+00,8/37,19.14%,PTPRC;SMPD1;SNX17;RUBCN;PTPN1;LETMD1;LRSAM1;RAB4B
prerank,Positive Regulation Of Protein-Containing Complex Assembly (GO:0031334),-0.19697065563329322,-0.7527749521810585,8.769231e-01,9.858328e-01,1.000000e+00,23/59,29.95%,LGALS3;TERF1;TGFB1;RHOC;PPP2CA;FNIP1;SUMO1;ISG15;ATR;DDX3X;WARS1;BAK1;STMP1;GNL3L;PARK7;SLF2;BID;GSK3B;LCP1;FNIP2;SPIDR;BAX;FAF1
prerank,Histone H3-K4 Methylation (GO:0051568),-0.23886820759953084,-0.7524089522512022,8.139963e-01,9.851518e-01,1.000000e+00,3/25,6.30%,BOD1L1;KMT2B;HCFC1
prerank,Positive Regulation Of Chromosome Organization (GO:2001252),-0.23405035789850717,-0.7520118623839207,8.427788e-01,9.845175e-01,1.000000e+00,2/27,1.67%,TERF1;RTEL1
prerank,Regulation Of Neuron Death (GO:1901214),-0.2219851613549344,-0.7518435452487049,8.388792e-01,9.835718e-01,1.000000e+00,9/33,22.53%,NSMF;EGR1;UBB;ITGAM;TYROBP;HTRA2;SORL1;PARK7;TSC1
prerank,Glycoprotein Biosynthetic Process (GO:0009101),0.19378852745412103,0.7508967851833244,8.853933e-01,9.728253e-01,1.000000e+00,8/47,15.54%,GOLPH3;ST8SIA4;TNIP1;COG7;ST3GAL1;CHST12;FUT10;ALG3
prerank,Calcium Ion Transport (GO:0006816),-0.20883850384392244,-0.7507913492534907,8.701068e-01,9.839310e-01,1.000000e+00,12/45,21.98%,SELENOK;P2RX4;TRPM7;CCL5;PKD2;CRACR2A;CACNA2D4;SLC3A2;TRPM2;CACNB1;P2RX7;ORAI1
prerank,Protein Targeting To Lysosome (GO:0006622),0.22713940924442677,0.7506871055372993,8.283753e-01,9.714130e-01,1.000000e+00,7/24,21.27%,GCC2;HSPA8;LAPTM5;PIK3R4;GNPTAB;PXK;GNPTG
prerank,Regulation Of Exosomal Secretion (GO:1903541),-0.267488520025993,-0.7505948759299501,8.183556e-01,9.830544e-01,1.000000e+00,4/15,16.56%,STAM;CHMP2A;VPS4A;SNF8
prerank,Regulation Of Multicellular Organismal Development (GO:2000026),0.19092680231801573,0.7504093301400921,8.942308e-01,9.700698e-01,1.000000e+00,9/45,16.95%,UCHL5;INO80D;INO80B;EHMT1;RUVBL1;DHX36;KAT2A;BLTP1;TADA2A
prerank,Cellular Response To Oxidative Stress (GO:0034599),0.17173449791470558,0.7503024091373943,9.487805e-01,9.685097e-01,1.000000e+00,21/82,20.89%,STX2;JUN;SETX;EIF2S1;HIF1A;ZFAND1;ARNT;PRDX2;NUDT2;PARP1;RAD52;KEAP1;PRR5L;PRDX3;ERCC6L2;PDK2;PEX14;SELENOS;ERMP1;TP53;ATM
prerank,Mitochondrial RNA Metabolic Process (GO:0000959),-0.24971280504771104,-0.7492113170994545,8.114603e-01,9.838299e-01,1.000000e+00,9/19,31.68%,FASTKD5;FASTKD3;FASTKD2;TEFM;TFB2M;MTERF3;FOXO3;PNPT1;POLRMT
prerank,Zinc Ion Transport (GO:0006829),0.24939665290221844,0.7475155496519429,8.105023e-01,9.704934e-01,1.000000e+00,6/16,32.91%,SLC30A9;SLC39A6;SLC30A6;SLC39A11;SLC39A3;SLC39A10
prerank,Monoubiquitinated Protein Deubiquitination (GO:0035520),-0.22029793470763637,-0.7474330144067526,8.660714e-01,9.850806e-01,1.000000e+00,11/32,23.03%,TAF10;USP16;TADA2B;USP7;TAF4;TAF6L;SUPT7L;ATXN7;SF3B5;USP1;USP47
prerank,Regulation Of Early Endosome To Late Endosome Transport (GO:2000641),0.25137910283243564,0.7473584951513127,8.378378e-01,9.689936e-01,1.000000e+00,8/17,33.10%,MAP2K1;SNX3;PTPN23;EZR;DENND10;DAB2;MTMR2;MSN
prerank,Negative Regulation Of Viral Genome Replication (GO:0045071),-0.20865289401922926,-0.7473014765101461,8.538462e-01,9.840839e-01,1.000000e+00,13/42,24.51%,INPP5K;APOBEC3H;N4BP1;MORC2;ISG15;CCL5;OAS1;BST2;PLSCR1;EIF2AK2;MX1;IFITM1;SRPK2
prerank,Monoatomic Anion Transport (GO:0006820),-0.25158371489049897,-0.7472314602808221,8.333333e-01,9.829951e-01,1.000000e+00,7/19,23.38%,CLCN6;TSPO;LRRC8C;BEST1;CLIC3;VDAC1;ANO8
prerank,Regulation Of Protein Localization To Plasma Membrane (GO:1903076),-0.19678148451624017,-0.7470064243175517,8.952880e-01,9.821472e-01,1.000000e+00,15/54,23.96%,LGALS3;AKT1;TGFB1;RHOQ;STX3;PIK3R1;ARF6;VPS4A;CLN3;RANGRF;PTPN9;AP2M1;CIB1;STX8;RHOG
prerank,Multivesicular Body Sorting Pathway (GO:0071985),-0.2534428140179109,-0.7460502573902074,8.171429e-01,9.822819e-01,1.000000e+00,5/18,16.56%,CHMP4A;CHMP2B;CHMP2A;VPS4A;SNF8
prerank,Sterol Metabolic Process (GO:0016125),-0.23118338323082735,-0.7457374605914816,8.620038e-01,9.815594e-01,1.000000e+00,9/26,30.45%,STARD3;ABCA5;NSDHL;PRKAG2;PMVK;CYP51A1;HMGCR;CLN6;MSMO1
prerank,Regulation Of T Cell Mediated Cytotoxicity (GO:0001914),-0.2529762287114957,-0.7439676140448376,8.367347e-01,9.828040e-01,1.000000e+00,9/18,29.90%,XCL1;MICB;HLA-DRB1;RIPK3;HLA-F;HLA-B;HLA-E;IL12RB1;HLA-C
prerank,Antigen Receptor-Mediated Signaling Pathway (GO:0050851),-0.18341386527678558,-0.7438507172241036,9.251592e-01,9.818022e-01,1.000000e+00,15/81,14.82%,PDE4D;ZC3H12A;GATA3;CD79B;EIF2B1;PTPRJ;CD3D;LAT2;PRKCB;IKBKB;RFTN1;CD38;SLA2;VAV3;HLA-DRB1
prerank,Cellular Response To Hydrogen Peroxide (GO:0070301),-0.23663221536695722,-0.7437536870818671,8.449198e-01,9.807792e-01,1.000000e+00,5/23,15.82%,FXN;OSER1;ZNF580;RIPK3;NFE2L2
prerank,Cytoplasmic Translational Initiation (GO:0002183),-0.22751842174509437,-0.7432842645332058,8.628472e-01,9.802357e-01,1.000000e+00,6/28,15.57%,EIF3B;EIF4A1;NCBP1;EIF5;EIF3J;EIF3I
prerank,Phospholipid Dephosphorylation (GO:0046839),-0.2603340348760961,-0.7432298813783623,8.475499e-01,9.791506e-01,1.000000e+00,5/17,23.57%,INPP5K;PMPCA;MTMR1;SYNJ1;MTMR3
prerank,Long-Chain Fatty Acid Metabolic Process (GO:0001676),0.2133082434814117,0.7430901570013598,8.690745e-01,9.725046e-01,1.000000e+00,13/28,37.31%,ELOVL6;ACSL4;ACAD9;CPT1A;ABHD6;GPX4;ABCD3;SCP2;PNPLA8;GSTM2;SLC27A3;SLC27A4;ELOVL5
prerank,Histone H4 Acetylation (GO:0043967),-0.2143610496476903,-0.7429020392289485,8.144876e-01,9.784147e-01,1.000000e+00,5/36,7.14%,KANSL2;ING3;HCFC1;EPC1;MSL2
prerank,Negative Regulation Of Viral Process (GO:0048525),-0.19840041520951415,-0.7422399148555208,9.048507e-01,9.781669e-01,1.000000e+00,14/48,24.51%,APOBEC3H;HEXIM1;N4BP1;LARP7;ISG15;CCL5;OAS1;BST2;PLSCR1;UBP1;EIF2AK2;MX1;IFITM1;SRPK2
prerank,Pyruvate Metabolic Process (GO:0006090),0.22007284428941665,0.7421575945225913,8.506787e-01,9.720092e-01,1.000000e+00,7/26,21.01%,PGAM1;ME2;PGM1;HK1;PKM;ENO2;ALDOC
prerank,Melanosome Organization (GO:0032438),-0.23376822776331918,-0.7421201453925272,8.372093e-01,9.771763e-01,1.000000e+00,4/25,11.32%,AP3D1;KIF13A;AP1S1;HPS1
prerank,Regulation Of Interleukin-8 Production (GO:0032677),-0.20814401965216214,-0.7418888978612226,8.706294e-01,9.763240e-01,1.000000e+00,7/42,17.06%,RAB1A;LGALS9;BCL3;LAMTOR5;CD244;ZNF580;ARRB1
prerank,Positive Regulation Of Mitotic Cell Cycle Phase Transition (GO:1901992),-0.20843983246047876,-0.7402901472835244,9.000000e-01,9.772935e-01,1.000000e+00,11/41,22.88%,AKT1;ANAPC11;FBXO5;CUL3;BRD4;KMT2E;PLCB1;DDX3X;ADAMTS1;SASS6;ANAPC5
prerank,Release Of Cytochrome C From Mitochondria (GO:0001836),-0.2630350552704803,-0.7401700492960497,8.439716e-01,9.763074e-01,1.000000e+00,7/16,30.19%,BBC3;IFI6;BAK1;BOK;BID;BAX;FIS1
prerank,Monoatomic Cation Homeostasis (GO:0055080),0.2070734934456551,0.7389176890471381,8.916479e-01,9.741812e-01,1.000000e+00,8/30,21.11%,SLC12A6;SLC39A6;COX11;NEO1;CUTC;LETMD1;LETM2;CYBRD1
prerank,Regulation Of Neuron Apoptotic Process (GO:0043523),-0.20372722297216656,-0.7383551140393627,8.719298e-01,9.774811e-01,1.000000e+00,3/44,2.79%,ATF4;NSMF;EGR1
prerank,snRNA Metabolic Process (GO:0016073),0.2290128456429697,0.7376231740055716,8.426966e-01,9.739803e-01,1.000000e+00,5/21,17.00%,INTS14;INTS9;INTS2;INTS7;SNAPC3
prerank,Negative Regulation Of Intracellular Steroid Hormone Receptor Signaling Pathway (GO:0033144),-0.24284060947544298,-0.7374140513942943,8.388889e-01,9.775605e-01,1.000000e+00,12/22,34.00%,CALR;PER1;CNOT1;CNOT2;PHB1;VPS11;SMARCA4;VPS18;NCOR1;NCOR2;ZBTB7A;CRY2
prerank,Nucleobase-Containing Compound Catabolic Process (GO:0034655),0.2020920195709569,0.7370795665135834,8.995327e-01,9.729075e-01,1.000000e+00,10/36,23.79%,PPP1R8;ISG20;HNRNPD;EXOSC2;EXOSC3;EXOSC8;REXO4;RNASEH2A;DIS3;MTREX
prerank,Membrane Lipid Biosynthetic Process (GO:0046467),0.20381062600277097,0.7368834425264618,8.985849e-01,9.714322e-01,1.000000e+00,14/33,32.66%,ELOVL6;HACD2;KDSR;PRKD3;PPM1L;PRKD2;SGPL1;SPTSSB;ST3GAL2;SPHK2;ORMDL1;ORMDL3;ORMDL2;SGPP1
prerank,Mitotic G2/M Transition Checkpoint (GO:0044818),0.20450798779523813,0.7365152010908946,8.984881e-01,9.701817e-01,1.000000e+00,13/35,31.72%,CDK5RAP3;TRIM39;ZNF830;RAD17;TAOK1;TAOK3;MRE11;ATM;BLM;NAE1;RAD50;MRNIP;BARD1
prerank,Negative Regulation Of Neuron Projection Development (GO:0010977),-0.24375506524618698,-0.7354146427786842,8.509434e-01,9.789895e-01,1.000000e+00,7/20,22.29%,MYLIP;EPHA4;GAK;RTN4R;BAG5;PTPN9;CIB1
prerank,Regulation Of Spindle Assembly (GO:0090169),0.22159717852134952,0.7351426360045371,8.637413e-01,9.701391e-01,1.000000e+00,2/24,3.05%,SENP6;CHMP5
prerank,Platelet Dense Granule Organization (GO:0060155),-0.25219717568675803,-0.7348783081929675,8.140794e-01,9.785462e-01,1.000000e+00,3/18,11.32%,AP3D1;AP1S1;HPS1
prerank,Response To Reactive Oxygen Species (GO:0000302),-0.20593989887124337,-0.7346368198677325,9.106529e-01,9.776713e-01,1.000000e+00,7/43,13.86%,AKT1;STK24;MAPK9;PRDX5;MPV17;PKD2;GSTP1
prerank,Positive Regulation Of Cellular Response To Transforming Growth Factor Beta Stimulus (GO:1903846),-0.2544518185204937,-0.7334772079515104,8.422053e-01,9.768551e-01,1.000000e+00,5/17,22.09%,SNW1;CREBBP;GIPC1;HIPK2;FLCN
prerank,Positive Regulation Of Transforming Growth Factor Beta Receptor Signaling Pathway (GO:0030511),-0.2544518185204937,-0.7334772079515104,8.422053e-01,9.768551e-01,1.000000e+00,5/17,22.09%,SNW1;CREBBP;GIPC1;HIPK2;FLCN
prerank,Positive Regulation Of Synaptic Transmission (GO:0050806),0.2270450647812119,0.7334714783910443,8.425721e-01,9.704011e-01,1.000000e+00,10/22,32.71%,NPTN;VAMP2;RGS14;TSHZ3;STX4;SQSTM1;DTNBP1;PLK2;TNF;PRKCZ
prerank,Peptidyl-Tyrosine Modification (GO:0018212),-0.22697669558356648,-0.7333055544977531,8.426573e-01,9.759585e-01,1.000000e+00,5/26,13.18%,CLK1;TPST1;EPHA4;CLK4;LYN
prerank,Ribosome Biogenesis (GO:0042254),-0.16830186173434472,-0.7331853081820278,9.545455e-01,9.750059e-01,1.000000e+00,19/117,17.90%,DNTTIP2;KRR1;MRPL22;BYSL;UTP3;EXOSC10;NGDN;ZNF622;POP4;LTV1;MRTO4;WDR36;SBDS;RSL24D1;METTL17;PNO1;GTPBP4;SNU13;DDX54
prerank,Carboxylic Acid Transmembrane Transport (GO:1905039),-0.2519592887794527,-0.7313986597615784,8.548387e-01,9.760360e-01,1.000000e+00,9/17,35.07%,SLC7A5;SLC23A2;SLC27A1;SLC5A6;SLC16A1;SLC38A10;SLC38A2;SLC38A6;SLC38A1
prerank,Ceramide Biosynthetic Process (GO:0046513),-0.2295143257073049,-0.7307689205384875,8.642202e-01,9.756250e-01,1.000000e+00,5/25,16.29%,ST6GALNAC6;B4GALT4;CERS6;CERS2;SPTLC1
prerank,Plasma Membrane Repair (GO:0001778),-0.26019566664819854,-0.7294351451895175,8.270270e-01,9.761059e-01,1.000000e+00,4/15,14.73%,CHMP4A;CHMP2B;CHMP2A;VPS4A
prerank,DNA Geometric Change (GO:0032392),-0.2340476902452219,-0.7292642558791681,8.578856e-01,9.751840e-01,1.000000e+00,3/23,10.43%,RTEL1;SUPV3L1;DDX1
prerank,L-alpha-amino Acid Transmembrane Transport (GO:1902475),-0.23493035227185216,-0.7285326659542276,8.687050e-01,9.749233e-01,1.000000e+00,5/21,18.16%,SLC25A38;SLC7A5;SLC38A5;SLC3A2;CLN3
prerank,Acylglycerol Metabolic Process (GO:0006639),-0.24420810221426875,-0.7283479069483128,8.404908e-01,9.740349e-01,1.000000e+00,7/19,27.55%,DGKQ;APOBR;SEL1L;GK5;DGKZ;DGKA;LCP1
prerank,Regulation Of Autophagosome Assembly (GO:2000785),-0.21838300961890955,-0.7282083451171247,8.669002e-01,9.730862e-01,1.000000e+00,10/29,27.20%,PIP4K2A;TMEM39A;WIPI1;MOAP1;PINK1;PIP4K2C;FEZ2;MTMR3;RAB3GAP1;RAB5A
prerank,Positive Regulation Of Proteolysis Involved In Protein Catabolic Process (GO:1903052),-0.2355442176048156,-0.7267387869804266,8.169811e-01,9.737039e-01,1.000000e+00,6/23,20.98%,FBXW7;OSBPL7;AXIN1;SMURF1;PSMC2;PSMC3
prerank,Plasma Membrane Organization (GO:0007009),0.18988942245652943,0.7265952535319633,9.049881e-01,9.766768e-01,1.000000e+00,16/46,27.63%,SMPD1;STX2;CHMP5;SNX18;CHMP1A;BIN2;BIN1;ARV1;WHAMM;CHMP7;ANO6;STX4;SERP1;VPS4B;UGCG;CHMP6
prerank,ATP Biosynthetic Process (GO:0006754),-0.23269655081165394,-0.7258769569718071,8.943396e-01,9.736185e-01,1.000000e+00,5/23,16.62%,ATP5MC1;TGFB1;ATP5ME;PRKAG2;VPS9D1
prerank,Negative Regulation Of I-kappaB kinase/NF-kappaB Signaling (GO:0043124),0.19815608085805633,0.7257407346801638,8.834499e-01,9.759668e-01,1.000000e+00,10/35,22.02%,TNIP1;TRIM39;CARD8;ZMYND11;RIPK1;PPM1B;RHOH;TLE1;RORA;PPM1A
prerank,Regulation Of DNA Biosynthetic Process (GO:2000278),0.2363102503282064,0.7253840037261726,8.595388e-01,9.747017e-01,1.000000e+00,5/19,23.64%,PARP4;JADE1;PRKD2;ATM;HMBOX1
prerank,Regulation Of Chemokine Production (GO:0032642),-0.25539482876931713,-0.7251341090781285,8.333333e-01,9.733886e-01,1.000000e+00,6/15,27.55%,EGR1;LGALS9;IL18;EIF2AK2;HMOX1;LCP1
prerank,Positive Regulation Of Multicellular Organismal Process (GO:0051240),-0.15871577993138217,-0.723731833434848,9.802432e-01,9.738450e-01,1.000000e+00,38/173,22.63%,INPP5K;PPIB;GNAS;TGFB1;FLOT1;NCOA1;GLIPR2;BAD;BCL7B;BCL7C;PRKCA;IL4R;GAPDH;TNFRSF11A;AGO2;SAP30L;GADD45G;CFL1;LPIN1;BRD9;PLCB1;ABCA7;IL18;BICRA;FABP5;OGT;ARID1A;IGF1R;SLC27A1;CACNB1;EIF2AK2;PER2;SNAI1;TXK;BRMS1;AGPAT2;SORL1;CRTAM
prerank,Sensory Perception Of Sound (GO:0007605),0.23113262848991808,0.7225338795499419,8.527473e-01,9.761137e-01,1.000000e+00,7/20,23.84%,RIPOR2;SOD1;ZNF354A;SERPINB6;NIPBL;TIMM13;TIMM10
prerank,Phosphatidic Acid Biosynthetic Process (GO:0006654),-0.24086110519916742,-0.7222391814874257,8.797814e-01,9.744256e-01,1.000000e+00,7/20,26.05%,DGKQ;ABHD5;SLC27A1;AGPAT5;AGPAT2;DGKZ;DGKA
prerank,ERAD Pathway (GO:0036503),-0.18108914907034765,-0.7220474330135458,9.416961e-01,9.735532e-01,1.000000e+00,15/72,19.22%,FBXO44;MARCHF6;CALR;DERL1;UBE2G2;SEC61B;SEL1L;GET4;FAF2;TRIM25;RNF103;YOD1;BAG6;UBE2J1;HSPA5
prerank,Neurogenesis (GO:0022008),-0.2344634453027118,-0.7216914025786765,8.579041e-01,9.728351e-01,1.000000e+00,5/22,18.71%,RYK;BTBD6;BTBD2;TRAK1;METTL3
prerank,Cellular Response To Insulin Stimulus (GO:0032869),-0.18560561348263768,-0.7209196481299184,9.344538e-01,9.726039e-01,1.000000e+00,21/61,29.32%,INPP5K;AKT1;IRS2;RHOQ;GSK3A;PIK3R1;HDAC9;LPIN1;INSIG1;USF1;SHC1;IGF1R;SLC27A1;MYO5A;PTPN2;GRB2;GSK3B;ZDHHC7;KAT2B;FOXO4;CAPN10
prerank,Axon Development (GO:0061564),-0.21337132482692467,-0.7208264932688622,8.790614e-01,9.715975e-01,1.000000e+00,2/30,1.95%,ZPR1;RYK
prerank,Positive Regulation Of Neuron Death (GO:1901216),0.22817582796236402,0.7200451605266173,8.729792e-01,9.772030e-01,1.000000e+00,2/19,4.26%,DAXX;IFNG
prerank,Regulation Of Actin Polymerization Or Depolymerization (GO:0008064),-0.23906337647271025,-0.7198442116818891,8.589512e-01,9.715592e-01,1.000000e+00,4/18,20.17%,PLEKHG2;LATS1;PFN1;COTL1
prerank,Mitochondrial Translation (GO:0032543),0.16141928654130422,0.7194685739936727,9.756757e-01,9.761702e-01,1.000000e+00,21/97,20.77%,MRPS7;DAP3;MRPL49;MRPS33;MRPL3;MRPL34;RARS2;MRPS18C;MRPL41;MRPL20;MTIF3;MRPL18;MRPS34;IARS2;MRPS18B;DROSHA;MRPL17;MRPS14;MRPL36;MRPL27;MRPL53
prerank,Potassium Ion Transport (GO:0006813),-0.2504379046649027,-0.7186455772194977,8.181818e-01,9.718398e-01,1.000000e+00,7/15,27.84%,SLC9A1;PKD2;TMEM175;SLC9A3;ATP1B3;SLC9A9;SLC12A7
prerank,Regulation Of Mitochondrion Organization (GO:0010821),-0.20547334168201414,-0.7177499827531268,9.135802e-01,9.717587e-01,1.000000e+00,14/38,28.45%,FBXW7;MARCHF5;GSK3A;CSNK2A2;SREBF1;PINK1;USP36;HTRA2;VDAC1;FLCN;PARL;MUL1;GSK3B;EP300
prerank,"Regulation Of DNA Damage Response, Signal Transduction By P53 Class Mediator (GO:0043516)",-0.23490574192976796,-0.7172525840658336,8.658088e-01,9.712414e-01,1.000000e+00,5/21,21.20%,KMT5A;COPS3;ATR;SOX4;SNAI1
prerank,Regulation Of Histone Deacetylation (GO:0031063),-0.240529954994298,-0.7159759529114893,8.521127e-01,9.715037e-01,1.000000e+00,4/19,19.78%,CTBP1;YEATS2;SUV39H1;MBIP
prerank,Positive Regulation Of Production Of Molecular Mediator Of Immune Response (GO:0002702),-0.23857066242030306,-0.713517724465507,8.676471e-01,9.731057e-01,1.000000e+00,3/20,8.84%,XCL1;POLR2D;SLC7A5
prerank,Epidermal Cell Differentiation (GO:0009913),0.23262423346622266,0.7132809392553826,8.501171e-01,9.809381e-01,1.000000e+00,2/18,6.61%,HDAC1;PIP5K1A
prerank,Mitochondrial Calcium Ion Homeostasis (GO:0051560),-0.2522113369774825,-0.712809646177237,8.623064e-01,9.727478e-01,1.000000e+00,5/16,24.15%,MCUB;PDZD8;ANXA6;MICU3;MAIP1
prerank,Regulation Of Signal Transduction By P53 Class Mediator (GO:1901796),-0.21041853443776165,-0.7124218166705345,8.888889e-01,9.720681e-01,1.000000e+00,4/33,8.30%,HAPSTR1;HEXIM1;KMT5A;USP7
prerank,Negative Regulation Of JNK Cascade (GO:0046329),0.22846279939597303,0.7117496265732288,8.908297e-01,9.807285e-01,1.000000e+00,5/20,17.96%,DUSP16;HIPK3;ZMYND11;ITCH;TAOK3
prerank,Branched-Chain Amino Acid Catabolic Process (GO:0009083),0.23834204538551806,0.7116300895668924,8.856502e-01,9.791684e-01,1.000000e+00,8/16,27.61%,DBT;ACAT1;HIBADH;BCKDHB;HIBCH;ALDH6A1;BCKDK;SLC25A44
prerank,Chaperone Cofactor-Dependent Protein Refolding (GO:0051085),0.223406273646577,0.71153187632805,8.676790e-01,9.776026e-01,1.000000e+00,4/21,13.12%,ST13;PTGES3;HSPA8;SDF2
prerank,Negative Regulation Of Myeloid Cell Differentiation (GO:0045638),0.24777116256864296,0.7104960446641726,8.522727e-01,9.769872e-01,1.000000e+00,4/15,20.45%,ZFP36L1;CTR9;HOXA9;LEO1
prerank,Peptidyl-Threonine Dephosphorylation (GO:0035970),-0.2588541341800118,-0.7097109713267916,8.472727e-01,9.737781e-01,1.000000e+00,6/15,25.96%,PPP2CA;PPP2CB;PGAM5;PPM1D;PPM1N;DUSP5
prerank,Carboxylic Acid Transport (GO:0046942),-0.227870035653307,-0.7084274252538295,8.785579e-01,9.739586e-01,1.000000e+00,6/22,22.55%,SLC7A5;SLC38A5;SLC3A2;SLC16A6;SLC1A4;SLC16A1
prerank,Regulation Of JUN Kinase Activity (GO:0043506),-0.21832003710163314,-0.7058383316377156,8.796610e-01,9.755818e-01,1.000000e+00,5/27,13.86%,ERN1;MAP2K7;TNFRSF11A;MAP3K10;GSTP1
prerank,Negative Regulation Of Endocytosis (GO:0045806),-0.24196819011958187,-0.7055054347605253,8.504673e-01,9.748152e-01,1.000000e+00,5/18,19.16%,LGALS3;RAC1;ARF6;UNC119;PLSCR1
prerank,Regulation Of Activated T Cell Proliferation (GO:0046006),-0.24623390839926135,-0.7047286342253807,8.630849e-01,9.744800e-01,1.000000e+00,8/16,30.39%,LGALS9;RIPK3;IL18;RC3H1;CRTAM;TNFSF9;IL12RB1;TMIGD2
prerank,Regulation Of Receptor Signaling Pathway Via JAK-STAT (GO:0046425),-0.2111105969584327,-0.7028309561963609,9.145907e-01,9.753137e-01,1.000000e+00,13/29,30.89%,NOTCH1;BCL3;CALM1;SOCS1;CCL5;TYK2;DOT1L;PTPN2;GPI;JAK3;EP300;SH2B3;TP53INP2
prerank,Regulation Of Tyrosine Phosphorylation Of STAT Protein (GO:0042509),0.21674055489304309,0.7024074119924986,9.102296e-01,9.830230e-01,1.000000e+00,2/23,4.26%,CNOT7;IFNG
prerank,Presynaptic Endocytosis (GO:0140238),-0.2514021490544017,-0.7016726586830813,8.692308e-01,9.753817e-01,1.000000e+00,10/15,38.13%,OPHN1;AP2M1;SYNJ1;STX1A;DNM2;SYT5;FCHO2;AP2S1;CANX;PIP5K1C
prerank,Monocarboxylic Acid Metabolic Process (GO:0032787),-0.18810488234620376,-0.7013107315699431,9.451827e-01,9.746491e-01,1.000000e+00,15/52,23.47%,FASN;HSD17B10;ME3;PANK2;LDHA;ACAA1;MGAT4A;TSPO;ACBD4;ACSL3;PER2;VDAC1;MECR;DSE;PCCA
prerank,Receptor Internalization (GO:0031623),0.1978187405141768,0.6995367276733387,9.200913e-01,9.840686e-01,1.000000e+00,11/28,28.29%,CXCR2;RALA;CLTC;SNX1;ITCH;CXCR1;RALB;HGS;LDLRAP1;LMBRD1;PICALM
prerank,Plasma Membrane Bounded Cell Projection Morphogenesis (GO:0120039),0.2186291585791159,0.6975388291578623,9.119639e-01,9.841169e-01,1.000000e+00,6/23,19.17%,NCKAP1L;TNIK;SNX1;TAOK3;ZNF335;MAP1S
prerank,Positive Regulation Of Transcription Initiation By RNA Polymerase II (GO:0060261),-0.18707405885447137,-0.696420413983833,9.226804e-01,9.782070e-01,1.000000e+00,7/48,13.50%,MED10;TAF11;TAF10;MED30;TAF4;MED4;MED19
prerank,Positive Regulation Of Extrinsic Apoptotic Signaling Pathway (GO:2001238),0.21893598883342708,0.6963456658708296,9.006928e-01,9.834900e-01,1.000000e+00,4/20,19.46%,PAK2;RIPK1;LTB;FADD
prerank,Negative Regulation Of Cell-Matrix Adhesion (GO:0001953),0.227233003771048,0.6954376541651931,8.840263e-01,9.826458e-01,1.000000e+00,9/17,35.83%,CDKN2A;DYNLL1;RASA1;PTEN;PHLDB2;RCC2;BCAS3;CLASP2;THBS1
prerank,Regulation Of Mitotic Spindle Assembly (GO:1901673),-0.23684302094067583,-0.6937445694852191,8.738739e-01,9.796871e-01,1.000000e+00,2/18,5.35%,CHMP4A;CHMP2B
prerank,Purine Ribonucleoside Triphosphate Metabolic Process (GO:0009205),0.22432151174651133,0.6928033836182519,8.886463e-01,9.833408e-01,1.000000e+00,4/19,12.48%,RAN;GIMAP7;MFN1;HSPA8
prerank,Defense Response To Bacterium (GO:0042742),0.16511921439666272,0.6917425617235353,9.707317e-01,9.825137e-01,1.000000e+00,6/60,9.23%,PPP1R11;S100A8;S100A9;GSDMD;GBP4;GBP3
prerank,Pattern Recognition Receptor Signaling Pathway (GO:0002221),-0.20956122184388187,-0.6905272512369846,9.104730e-01,9.815175e-01,1.000000e+00,4/28,14.22%,MAPKAPK2;CTSS;IRAK1;TRIM25
prerank,Positive Regulation Of Interferon-Alpha Production (GO:0032727),0.23225779437286126,0.6877504425534695,8.901345e-01,9.842187e-01,1.000000e+00,3/16,14.55%,DHX36;IRF3;RIGI
prerank,Neural Tube Closure (GO:0001843),-0.2388546202220458,-0.6866704581259934,8.882682e-01,9.838851e-01,1.000000e+00,2/16,12.55%,TGFB1;DEAF1
prerank,Secondary Alcohol Metabolic Process (GO:1902652),-0.218538855926452,-0.6863682736767138,9.039548e-01,9.830450e-01,1.000000e+00,6/24,22.00%,STARD3;ABCA5;NSDHL;IDH2;IDH3G;IDH3B
prerank,Phospholipid Biosynthetic Process (GO:0008654),-0.2230577981955939,-0.6862734820685912,9.128920e-01,9.820400e-01,1.000000e+00,6/21,21.30%,PCYT2;FADS1;IDI1;CLN3;VAPA;AGPAT5
prerank,Negative Regulation Of Secretion By Cell (GO:1903531),-0.22918755680405267,-0.6859140397313445,8.725314e-01,9.812710e-01,1.000000e+00,6/19,25.18%,NOTCH1;PNKD;DPH3;CYP51A1;HMGCR;VAMP3
prerank,Positive Regulation Of NIK/NF-kappaB Signaling (GO:1901224),-0.2124826779345742,-0.6855881918195637,9.064748e-01,9.804702e-01,1.000000e+00,10/26,29.38%,LGALS9;IRAK1;DDX3X;EIF2AK2;PHB1;TRIM44;IFI35;NFAT5;EP300;PDCD4
prerank,Organonitrogen Compound Catabolic Process (GO:1901565),0.1752924786953761,0.6854349061078863,9.583333e-01,9.845294e-01,1.000000e+00,20/47,33.86%,LNPEP;RIPK1;GNPDA2;SLC16A3;TRIM24;ETFA;GGACT;LRSAM1;MTOR;SGPL1;RIDA;RNF5;CPQ;SQSTM1;BCKDK;ERAP2;PNPLA8;LIPC;NPEPPS;LTA4H
prerank,Regulation Of Cell Death (GO:0010941),-0.20091797170133519,-0.685106194001363,9.283217e-01,9.797820e-01,1.000000e+00,12/32,27.34%,CHMP4A;CHMP2B;CHMP2A;VPS4A;TXNDC12;TMEM109;PHB1;PARK7;TSC1;HSPA1B;TBK1;HBB
prerank,Regulation Of Viral Transcription (GO:0046782),0.24186686894856618,0.6844452958295663,8.859649e-01,9.836951e-01,1.000000e+00,2/15,8.74%,TRIM27;TARBP2
prerank,Regulation Of Secretion By Cell (GO:1903530),0.20260635449948058,0.684203658106784,9.170507e-01,9.822384e-01,1.000000e+00,6/27,17.57%,RALA;RHBDF2;SEPTIN2;ARFIP1;VAMP2;RAB8B
prerank,Regulation Of Neuron Differentiation (GO:0045664),-0.20430651346916207,-0.684110280776681,9.165187e-01,9.795361e-01,1.000000e+00,10/28,26.67%,CALR;ID2;CDK5RAP1;MOSMO;TCF3;MMD;NREP;MED1;CASZ1;FGFR1
prerank,Signal Transduction By P53 Class Mediator (GO:0072331),0.2080304522934096,0.683252993296191,9.154930e-01,9.813936e-01,1.000000e+00,8/25,24.34%,DDX5;MYO6;ATRX;PDK2;TP53;BATF;HINT1;IFI16
prerank,Positive Regulation Of Release Of Cytochrome C From Mitochondria (GO:0090200),-0.22199100739113237,-0.6797470617141315,8.665448e-01,9.820813e-01,1.000000e+00,8/19,29.55%,BBC3;MOAP1;PINK1;BAK1;PPIF;PDCD5;BID;BAX
prerank,Translesion Synthesis (GO:0019985),-0.23249188965368142,-0.6797085336486604,8.863233e-01,9.810390e-01,1.000000e+00,2/18,4.58%,MAD2L2;ZBTB1
prerank,Histone Deubiquitination (GO:0016578),-0.1974445697646266,-0.6775918295939577,9.345133e-01,9.817415e-01,1.000000e+00,10/32,20.78%,TAF10;TADA2B;TAF4;TAF6L;USP3;UIMC1;MPND;SUPT7L;ATXN7;SF3B5
prerank,DNA Modification (GO:0006304),0.22621520565018693,0.6773788522578249,9.049774e-01,9.844813e-01,1.000000e+00,16/16,77.42%,PARP1;EXOSC5;MPG;PARP3;OGG1;NTHL1;EXOSC4;MUTYH;MBD4;PARP2;TDG;NEIL2;SMUG1;NEIL1;EXOSC6;UNG
prerank,Negative Regulation Of Fibroblast Proliferation (GO:0048147),-0.2407418784117187,-0.6760024198087384,8.764479e-01,9.819299e-01,1.000000e+00,1/15,1.14%,FTH1
prerank,Negative Regulation Of Plasma Membrane Bounded Cell Projection Assembly (GO:0120033),0.2260351951084386,0.6754742061546838,8.812095e-01,9.843072e-01,1.000000e+00,4/17,16.65%,GDI2;ODF2L;TCHP;TBC1D7
prerank,Peptidyl-Tyrosine Dephosphorylation (GO:0035335),-0.23661525934289235,-0.6722492434533908,8.941799e-01,9.838130e-01,1.000000e+00,6/16,25.96%,DUSP22;PTPRJ;DUSP6;PTPN9;PTPN2;DUSP5
prerank,Replication Fork Processing (GO:0031297),-0.19778691114171873,-0.6718876455871459,9.275362e-01,9.830199e-01,1.000000e+00,8/33,22.78%,RTEL1;BOD1L1;CARM1;ATR;EME2;CDK9;MMS22L;PCNA
prerank,Cytoskeleton-Dependent Cytokinesis (GO:0061640),-0.17682995924756875,-0.6699425119978265,9.686957e-01,9.834044e-01,1.000000e+00,13/53,24.54%,CHMP4A;RHOC;DCTN3;SEPTIN1;SEPTIN9;CFL1;VPS4A;UNC119;JTB;EXOC6B;SNX9;STMN1;TTC19
prerank,Triglyceride Metabolic Process (GO:0006641),-0.22367375064775963,-0.667180688856664,9.330922e-01,9.843509e-01,1.000000e+00,4/19,12.46%,LPGAT1;APOBR;SEL1L;LPIN1
prerank,Negative Regulation Of Immune System Process (GO:0002683),0.21945721234313362,0.6663221996399088,9.208145e-01,9.891678e-01,1.000000e+00,3/17,9.55%,LRRC14;FCGR2B;TSC22D3
prerank,Lipid Biosynthetic Process (GO:0008610),-0.18742686135088266,-0.6656668486723244,9.468268e-01,9.843310e-01,1.000000e+00,13/38,27.55%,FASN;PCYT2;PDSS1;FADS1;MVD;SREBF1;AGPAT5;HSD17B8;CYP51A1;HMGCR;PRKAA1;CBR4;LCP1
prerank,Regulation Of Monoatomic Ion Transmembrane Transporter Activity (GO:0032412),-0.2293691818225474,-0.6651270943385741,9.116022e-01,9.836400e-01,1.000000e+00,8/17,28.92%,YWHAE;FXYD7;STK39;RANGRF;MINK1;PPIF;WWP2;PTK2B
prerank,Endoplasmic Reticulum Calcium Ion Homeostasis (GO:0032469),0.21648926765485474,0.6607758275979454,9.363208e-01,9.912547e-01,1.000000e+00,3/17,14.14%,THADA;PSEN1;CCDC47
prerank,Regulation Of Cilium Assembly (GO:1902017),0.16645098684278686,0.658455940305849,9.796954e-01,9.911257e-01,1.000000e+00,15/50,27.88%,CEP120;ATG5;GDI2;ODF2L;RABEP2;WDPCP;TCHP;TBC1D7;IFT88;CDKL1;TBC1D10C;TBC1D10B;TBC1D22B;TBC1D1;CDK10
prerank,Epithelial To Mesenchymal Transition (GO:0001837),0.19600381639899747,0.6576087215446592,9.477435e-01,9.900630e-01,1.000000e+00,8/25,23.07%,DDX17;DDX5;HIF1A;TASOR;EOMES;HEY2;CTNNB1;ROCK2
prerank,Cell Morphogenesis Involved In Neuron Differentiation (GO:0048667),-0.1999410733359672,-0.6543573750118423,9.318182e-01,9.899897e-01,1.000000e+00,6/28,20.56%,RYK;CDHR1;TAOK2;OPHN1;TBCD;MINK1
prerank,Negative Regulation Of Intrinsic Apoptotic Signaling Pathway In Response To DNA Damage (GO:1902230),-0.22789018158537755,-0.6538852601083538,9.078261e-01,9.892349e-01,1.000000e+00,2/18,7.36%,CDKN2D;TRIAP1
prerank,Hexose Metabolic Process (GO:0019318),0.1909775562285594,0.652260528766845,9.447115e-01,9.918106e-01,1.000000e+00,7/28,21.01%,PGM1;HK1;GAA;KHSRP;HECTD4;OMA1;ALDOC
prerank,Lipid Droplet Organization (GO:0034389),0.21510527237103771,0.6480618846548893,9.290323e-01,9.926963e-01,1.000000e+00,9/18,38.04%,PNPLA2;BSCL2;SFI1;CIDEB;PLIN2;RNF213;PPID;PPIA;KAT5
prerank,Chemical Synaptic Transmission (GO:0007268),-0.17158431315809253,-0.6472158146644212,9.654577e-01,9.924521e-01,1.000000e+00,12/51,22.20%,SYPL1;TSPOAP1;DLG3;DHX8;SEPTIN9;NAPA;GIPC1;UNC119;CACNB1;MINK1;KIF1B;SLC1A4
prerank,Mitotic G2 DNA Damage Checkpoint Signaling (GO:0007095),0.19955415794473305,0.6426006953424878,9.416667e-01,9.943560e-01,1.000000e+00,7/23,24.89%,CDK5RAP3;TRIM39;TAOK1;TAOK3;MRE11;ATM;BLM
prerank,Positive Regulation Of Exocytosis (GO:0045921),-0.2001436490370633,-0.6414918018203764,9.343972e-01,9.948873e-01,1.000000e+00,5/23,16.56%,STAM;S100A10;CHMP2A;VPS4A;SNF8
prerank,Neuron Projection Morphogenesis (GO:0048812),0.15979352087909127,0.6408610592447942,9.784173e-01,9.936181e-01,1.000000e+00,12/57,20.91%,NCKAP1L;TNIK;RAB10;DIP2A;DOCK10;ATL1;TMEM106B;PTEN;TAOK3;ZNF335;MAP1S;MEF2A
prerank,Mitochondrial Gene Expression (GO:0140053),-0.15003474168013564,-0.6398225007566463,9.933993e-01,9.948482e-01,1.000000e+00,13/101,14.54%,MRPL54;MRPL22;MRPL44;MRPS11;MRPL38;FASTKD5;MRPL55;MRPS24;FASTKD3;MRPL33;MRPS22;MRPS21;MRPL9
prerank,Regulation Of Mitochondrial Translation (GO:0070129),-0.20850032463791202,-0.6392524561577428,9.443447e-01,9.941095e-01,1.000000e+00,6/22,24.22%,TSFM;FASTKD3;LRPPRC;FASTKD2;METTL8;MTG1
prerank,Purine Ribonucleotide Catabolic Process (GO:0009154),0.21209171142140895,0.6378690514826231,9.285714e-01,9.936218e-01,1.000000e+00,5/17,23.88%,SUCLG2;NUDT18;NUDT3;HINT1;MLYCD
prerank,Regulation Of Protein Localization To Cell Surface (GO:2000008),0.20178914816982357,0.637651396817692,9.556075e-01,9.921326e-01,1.000000e+00,10/21,32.45%,TM9SF4;KCNAB2;LEPROT;CTNNB1;STX4;TOR1A;PICALM;COMMD1;GOPC;TNF
prerank,Inorganic Anion Transport (GO:0015698),0.2141703505657077,0.6335609613604201,9.241379e-01,9.926574e-01,1.000000e+00,6/16,29.01%,SLC26A2;SLC26A11;NMUR1;ANO6;PACC1;ANO10
prerank,Extrinsic Apoptotic Signaling Pathway Via Death Domain Receptors (GO:0008625),-0.20278456941151038,-0.6319873391412919,9.480287e-01,9.971671e-01,1.000000e+00,5/23,17.58%,DIABLO;MOAP1;DEDD2;ZDHHC3;DDX3X
prerank,Negative Regulation Of Tumor Necrosis Factor Superfamily Cytokine Production (GO:1903556),-0.2033393099179115,-0.6311049017576543,9.471831e-01,9.955414e-01,1.000000e+00,6/22,21.96%,ZC3H12A;LGALS9;ILRUN;GSTP1;NLRC3;NFKBIL1
prerank,Negative Regulation Of Tumor Necrosis Factor Production (GO:0032720),-0.2033393099179115,-0.6311049017576543,9.471831e-01,9.955414e-01,1.000000e+00,6/22,21.96%,ZC3H12A;LGALS9;ILRUN;GSTP1;NLRC3;NFKBIL1
prerank,T Cell Receptor Signaling Pathway (GO:0050852),-0.16121842436147127,-0.6259476355858098,9.916805e-01,9.972022e-01,1.000000e+00,15/67,22.08%,PDE4D;ZC3H12A;GATA3;EIF2B1;PTPRJ;CD3D;IKBKB;RFTN1;HLA-DRB1;RIPK2;NFKBIZ;TXK;RC3H1;STOML2;PDE4B
prerank,Positive Regulation Of Cytokine Production Involved In Immune Response (GO:0002720),-0.21367594020430414,-0.6253825300092448,9.501779e-01,9.964086e-01,1.000000e+00,2/18,8.84%,XCL1;SLC7A5
prerank,Connective Tissue Development (GO:0061448),-0.2228377523910745,-0.6242477620354961,9.252874e-01,9.959501e-01,1.000000e+00,7/15,30.31%,PGRMC2;SLC39A13;VPS13B;ZBTB16;SPTLC2;ZNF516;CREB3L2
prerank,Protein Targeting To Vacuole (GO:0006623),-0.18801252117975942,-0.623660981393364,9.600694e-01,9.951460e-01,1.000000e+00,7/29,23.37%,VPS37B;BECN1;VPS4A;ATG14;SMURF1;SORL1;M6PR
prerank,Substrate Adhesion-Dependent Cell Spreading (GO:0034446),-0.22331070713453138,-0.6212509432991564,9.344894e-01,9.952633e-01,1.000000e+00,2/15,8.79%,RAC1;PIK3R1
prerank,Positive Regulation Of Cilium Assembly (GO:0045724),-0.20942361975247714,-0.6199701837903026,9.362477e-01,9.948019e-01,1.000000e+00,9/19,36.69%,PPP1R35;SEPTIN9;HTT;WRAP73;GSK3B;ENTR1;MARK4;KCTD17;CCP110
prerank,Mesenchymal Cell Differentiation (GO:0048762),-0.19671593547305502,-0.6193799715343081,9.662732e-01,9.940341e-01,1.000000e+00,9/26,27.37%,TGFB1;NOTCH1;S100A4;HNRNPAB;SNAI1;TRIM28;RBPJ;FGFR1;GSK3B
prerank,Establishment Or Maintenance Of Epithelial Cell Apical/Basal Polarity (GO:0045197),0.17849149475229548,0.6190636831427506,9.720280e-01,9.978278e-01,1.000000e+00,13/28,33.58%,ERBIN;LIN7B;PATJ;PALS1;DLG1;EZR;MYO9A;PDCD6IP;PARD6A;PDZD11;PRKCZ;MSN;WDR1
prerank,Positive Regulation Of Autophagy (GO:0010508),-0.15218987504572085,-0.616958762492912,9.914530e-01,9.941130e-01,1.000000e+00,24/78,30.12%,ZC3H12A;ULK1;BAD;GSK3A;BECN1;SESN3;OPTN;TFEB;CDK16;PINK1;TRIM58;RB1CC1;FLCN;PARK7;HTT;PRKAA1;TRIM21;PIK3CB;GNAI3;TBK1;GSK3B;FOXO3;TP53INP1;CCNY
prerank,Chloride Transport (GO:0006821),0.1855811083874433,0.6167661999126061,9.500000e-01,9.971975e-01,1.000000e+00,7/22,25.53%,SLC1A7;SLC12A6;CLCN3;NMUR1;ANO6;APOL1;PACC1
prerank,Ribosome Assembly (GO:0042255),-0.18344197902591614,-0.616299977541835,9.611307e-01,9.933610e-01,1.000000e+00,8/29,26.38%,MRPL22;MRPS11;SBDS;PPAN;DDX3X;DHX29;RRS1;MTERF3
prerank,Steroid Metabolic Process (GO:0008202),-0.1959635927569573,-0.6137976557795704,9.572193e-01,9.934505e-01,1.000000e+00,4/23,14.74%,HSD17B10;STARD3;ACAA1;TSPO
prerank,Entrainment Of Circadian Clock By Photoperiod (GO:0043153),-0.20467735105528925,-0.6131460275948989,9.561404e-01,9.926449e-01,1.000000e+00,5/20,20.58%,ID2;PER1;PDE6B;MTA1;PER2
prerank,Histone Lysine Methylation (GO:0034968),-0.1854723022114342,-0.6130160337628352,9.733096e-01,9.916537e-01,1.000000e+00,7/30,20.46%,BOD1L1;KMT2B;HCFC1;SUV39H1;KDM6A;KMT2C;DOT1L
prerank,Negative Regulation Of G2/M Transition Of Mitotic Cell Cycle (GO:0010972),-0.19464047542565893,-0.6086457433689805,9.656489e-01,9.924168e-01,1.000000e+00,7/21,28.44%,AVEN;VPS4A;CHFR;UIMC1;USP47;BABAM2;NABP1
prerank,Regulation Of Histone Modification (GO:0031056),0.20036841204086575,0.6071905338002811,9.629630e-01,9.996203e-01,1.000000e+00,6/16,29.74%,HPF1;KAT2A;TADA2A;TADA3;NFYC;ZZZ3
prerank,Nucleic Acid Metabolic Process (GO:0090304),-0.19503884164010327,-0.6055123226132211,9.665493e-01,9.926795e-01,1.000000e+00,7/21,32.94%,KPNA2;DDX1;DDX54;XRN2;TOPBP1;NT5E;PDE12
prerank,Monocarboxylic Acid Transport (GO:0015718),-0.19336731848248473,-0.6049986868360504,9.627660e-01,9.918537e-01,1.000000e+00,6/22,22.55%,SLC16A6;SLC10A3;FABP5;SLC27A1;SLC5A6;SLC16A1
prerank,Amino Acid Transport (GO:0006865),-0.20286115230704493,-0.6044414905437292,9.488636e-01,9.910497e-01,1.000000e+00,8/18,35.07%,SLC7A5;SLC38A5;SLC3A2;SLC1A4;SLC38A10;SLC38A2;SLC38A6;SLC38A1
prerank,Positive Regulation Of Stem Cell Population Maintenance (GO:1902459),0.16361297996211335,0.6040461737398535,9.951456e-01,9.992000e-01,1.000000e+00,2/36,2.10%,HDAC1;RBBP4
prerank,Regulation Of Bone Resorption (GO:0045124),-0.21646779955490264,-0.6032092032092529,9.559859e-01,9.905094e-01,1.000000e+00,2/15,9.24%,PRKCA;TNFRSF11A
prerank,Spliceosomal snRNP Assembly (GO:0000387),-0.17322790533459542,-0.6031535252990731,9.758364e-01,9.894767e-01,1.000000e+00,3/36,9.33%,SRSF10;USP4;SNRPD1
prerank,G1/S Transition Of Mitotic Cell Cycle (GO:0000082),0.16128682445899847,0.6019171365716994,9.851852e-01,9.984232e-01,1.000000e+00,17/42,32.20%,KHDRBS1;NPAT;CDKN1B;GFI1;CACUL1;USP37;TFDP1;GPR132;GSPT1;CCND3;ZNF324;CUL4A;CDK5;CCND2;MYC;PLK2;HINFP
prerank,Photoperiodism (GO:0009648),-0.1968394784032171,-0.5992059895444778,9.584055e-01,9.898608e-01,1.000000e+00,5/21,20.58%,ID2;PER1;PDE6B;MTA1;PER2
prerank,Regulation Of Mitotic Spindle Organization (GO:0060236),0.16729993549565433,0.5953020046564632,9.768519e-01,9.990348e-01,1.000000e+00,12/32,30.63%,NUP62;CHMP5;CHMP1A;CLTC;BORA;MAP9;CHMP7;VPS4B;CHMP6;FSD1;NUMA1;PDCD6IP
prerank,Mitotic Cytokinesis (GO:0000281),0.1571983235957218,0.5914379529642269,9.884527e-01,9.986940e-01,1.000000e+00,6/40,13.93%,SNX18;STAMBP;MITD1;RTKN;CKAP2;RASA1
prerank,Positive Regulation Of Lipid Biosynthetic Process (GO:0046889),-0.19480598856499895,-0.5874572555709137,9.671533e-01,9.929681e-01,1.000000e+00,7/20,27.86%,LPGAT1;SREBF1;MLST8;CNEP1R1;SLC27A1;KAT2B;NR1H3
prerank,Positive Regulation Of Signaling (GO:0023056),-0.2101356211968889,-0.5869658176604545,9.557692e-01,9.920998e-01,1.000000e+00,1/15,3.84%,GATA3
prerank,Notch Signaling Pathway (GO:0007219),-0.20412897918109815,-0.5867271489081453,9.451327e-01,9.911372e-01,1.000000e+00,6/17,22.45%,NOTCH1;APH1A;SORBS2;GALNT11;SNAI1;RBPJ
prerank,Cellular Response To Misfolded Protein (GO:0071218),-0.1986668636751359,-0.5830927751464774,9.589286e-01,9.913116e-01,1.000000e+00,2/17,7.88%,CUL3;DERL1
prerank,Membrane Protein Proteolysis (GO:0033619),0.17684171872634213,0.5809145275513661,9.800885e-01,1.000000e+00,1.000000e+00,2/23,6.94%,PRKCQ;PSEN1
prerank,Muscle Organ Development (GO:0007517),-0.20607420622964506,-0.5803360291893858,9.613357e-01,9.910966e-01,1.000000e+00,1/16,3.45%,MEF2D
prerank,Positive Regulation Of Cell Cycle G1/S Phase Transition (GO:1902808),0.17129283373226042,0.577200857612174,9.711111e-01,9.997416e-01,1.000000e+00,10/27,30.86%,PHB2;RRM1;EIF4G1;TFDP1;CDC73;LSM10;PEX2;PAGR1;CCND2;DDRGK1
prerank,Regulation Of Chromosome Segregation (GO:0051983),-0.20445862092324732,-0.5718780211952486,9.588785e-01,9.924848e-01,1.000000e+00,3/16,14.52%,MKI67;CSNK2A2;ZNF207
prerank,Peptidyl-Tyrosine Phosphorylation (GO:0018108),-0.17046506064423364,-0.5619521574643528,9.821747e-01,9.940745e-01,1.000000e+00,10/30,30.93%,CLK1;EPHA4;CLK4;LYN;IGF1R;ABL1;JAK3;FGFR1;PTK2B;FYN
prerank,Negative Regulation Of Organelle Assembly (GO:1902116),-0.16599823670673253,-0.553534338321383,9.945946e-01,9.949810e-01,1.000000e+00,11/30,29.13%,TMEM39A;TESK1;PINK1;TBC1D30;NBDY;MPHOSPH9;STYXL1;FEZ2;USP10;KAT2B;CEP97
prerank,Cell Cycle G1/S Phase Transition (GO:0044843),0.15284437558431999,0.5488698775022233,9.904762e-01,1.000000e+00,1.000000e+00,13/34,32.20%,KHDRBS1;CDKN1B;CACUL1;USP37;GPR132;GSPT1;CCND3;ZNF324;CUL4A;CCND2;MYC;PLK2;HINFP
prerank,Positive Regulation Of Tyrosine Phosphorylation Of STAT Protein (GO:0042531),-0.18747736307388732,-0.5426180012072932,9.847036e-01,9.962028e-01,1.000000e+00,3/16,16.81%,CCL5;LYN;IL18
prerank,Ribosomal Large Subunit Biogenesis (GO:0042273),0.14706647634578282,0.5420719419132568,9.928741e-01,1.000000e+00,1.000000e+00,16/38,36.74%,NSA2;PES1;NPM1;MRPL20;TMA16;SURF6;SPATA5;NOP16;TRAF7;NVL;MALSU1;EBNA1BP2;GTF3A;BRIX1;NEDD4;NOP53
prerank,Antimicrobial Humoral Response (GO:0019730),-0.18415648532084805,-0.5369777370895383,9.803150e-01,9.962557e-01,1.000000e+00,4/18,20.27%,GNLY;GAPDH;ROMO1;PLA2G6
prerank,Pore Complex Assembly (GO:0046931),-0.1871445125435331,-0.5346769081205645,9.872263e-01,9.955815e-01,1.000000e+00,7/16,31.66%,BAD;TMEM170A;P2RX7;TPR;NUP98;NUP205;FXR1
prerank,Clathrin-Dependent Endocytosis (GO:0072583),-0.18605915890407315,-0.5325391822090363,9.828897e-01,9.948835e-01,1.000000e+00,2/17,9.27%,CLTB;GAK
prerank,Mitotic Cell Cycle Checkpoint Signaling (GO:0007093),0.16653121343105978,0.5155404596458131,9.920160e-01,1.000000e+00,1.000000e+00,2/18,10.90%,CDK5RAP3;ZFYVE19
prerank,Regulation Of Myeloid Cell Differentiation (GO:0045637),0.17717730485000688,0.5146483428627222,9.762470e-01,1.000000e+00,1.000000e+00,4/17,20.45%,CTR9;HOXA9;RBM15;LEO1
prerank,Regulation Of Fibroblast Proliferation (GO:0048145),-0.15703277366098897,-0.5132044015024158,9.944954e-01,9.966717e-01,1.000000e+00,1/26,1.14%,FTH1
prerank,Regulation Of Protein Localization To Cell Periphery (GO:1904375),0.17737716648878377,0.510441244890975,9.843400e-01,1.000000e+00,1.000000e+00,6/16,28.06%,APPL1;VTI1B;GBP1;STX7;LDLRAP1;CDK5
prerank,Regulation Of Catabolic Process (GO:0009894),-0.1690931546586586,-0.5043844767700753,9.871560e-01,9.966191e-01,1.000000e+00,8/19,32.85%,FURIN;LATS1;SNF8;ZDHHC7;PTK2B;FAF1;SIRT6;ZDHHC2
prerank,Regulation Of Extrinsic Apoptotic Signaling Pathway (GO:2001236),0.12951798934758715,0.4976102601252907,9.976247e-01,1.000000e+00,1.000000e+00,8/42,19.56%,PAK2;ZMYND11;RIPK1;LTB;ITGA6;ETFA;FADD;SP100
prerank,Synaptic Vesicle Endocytosis (GO:0048488),-0.1661957254413967,-0.4947766811582839,9.923225e-01,9.965896e-01,1.000000e+00,7/19,25.99%,GAK;OPHN1;AP2M1;SYNJ1;STX1A;DNM2;SYT5
prerank,Regulation Of Osteoclast Differentiation (GO:0045670),0.15682105953675246,0.479050623081539,9.977974e-01,1.000000e+00,1.000000e+00,3/18,20.14%,IFNG;GPR137;MTOR
prerank,Synaptic Vesicle Exocytosis (GO:0016079),-0.17130633242721166,-0.4742749292571083,9.905123e-01,9.971287e-01,1.000000e+00,5/15,25.99%,STX3;STX11;SNAP29;STX1A;SYT5
prerank,Negative Regulation Of Hydrolase Activity (GO:0051346),0.1376508630050206,0.4700490980298251,1.000000e+00,1.000000e+00,1.000000e+00,2/26,7.04%,EGLN1;CST7
prerank,Skin Development (GO:0043588),0.14035584934272705,0.4399861190692172,9.976247e-01,1.000000e+00,1.000000e+00,3/21,18.25%,PIP5K1A;ITGA6;AKR1C3
prerank,Cellular Response To Type I Interferon (GO:0071357),0.1304167099657072,0.4146521509408613,1.000000e+00,9.995800e-01,1.000000e+00,21/21,86.99%,IFNAR1;IFNAR2;SP100;STAT1;MAVS;STAT2;OAS2;MYD88;IFITM2;TBKBP1;TANK;JAK1;TRAF3;IFI27;HDAC4;IFITM3;TBK1;IKBKE;IFITM1;TYK2;IRAK1
prerank,Type I Interferon-Mediated Signaling Pathway (GO:0060337),0.1304167099657072,0.4146521509408613,1.000000e+00,9.995800e-01,1.000000e+00,21/21,86.99%,IFNAR1;IFNAR2;SP100;STAT1;MAVS;STAT2;OAS2;MYD88;IFITM2;TBKBP1;TANK;JAK1;TRAF3;IFI27;HDAC4;IFITM3;TBK1;IKBKE;IFITM1;TYK2;IRAK1
