Name,Term,ES,NES,NOM p-val,FDR q-val,FWER p-val,Tag %,Gene %,Lead_genes
prerank,Cargo Trafficking To Periciliary Membrane R-HSA-5620920,0.5353646259004212,1.8989008152889248,3.831418e-03,2.769297e-01,2.020000e-01,15/33,21.06%,ARF4;TCP1;RAB11A;ARL13B;CCT3;PTGES2;BBS2;CCT4;PDE6D;CCT8;CCT2;PRKD2;EXOC1;BBS9;EXOC2
prerank,SRP-dependent Cotranslational Protein Targeting To Membrane R-HSA-1799339,-0.546443372122488,-1.8821423747248496,2.070393e-03,4.618395e-01,2.860000e-01,11/28,14.70%,RPN2;SEC61G;SRP72;SRP19;SRP68;DDOST;SRP54;SEC61B;SSR4;SPCS2;RSL24D1
prerank,Semaphorin Interactions R-HSA-373755,-0.5080660625950958,-1.8512338024362716,1.000000e-03,3.266541e-01,3.740000e-01,12/38,13.05%,LIMK1;PKN1;FARP2;ARHGEF7;RHOC;PLXNA4;RNMT;PKN2;PLXNA3;TYROBP;MYL6;CD72
prerank,E3 Ubiquitin Ligases Ubiquitinate Target Proteins R-HSA-8866654,0.48264796056083054,1.8324070638628223,1.000000e-03,3.078583e-01,3.820000e-01,29/47,28.48%,UBE2D2;SHPRH;H2BC15;PAF1;RRAGA;PRKDC;RNF20;CTR9;UBE2B;VCP;CDC73;UBC;PEX14;SELENOS;LEO1;UBE2D3;RAD18;UBE2J2;H2BC9;H2BC12;HLTF;UBE2L3;UBE2E1;UBA52;TMEM129;HLA-A;PEX2;UBE2V2;UBE2A
prerank,RHO GTPases Activate PAKs R-HSA-5627123,-0.6322234264823625,-1.8105319278626486,1.000000e-03,3.208680e-01,4.940000e-01,7/15,14.93%,LIMK1;PKN1;CDC42;ARHGEF7;PKN2;MYL6;CALM1
prerank,TP53 Regulates Transcription Of Cell Death Genes R-HSA-5633008,-0.5203182290730022,-1.7791379490728851,2.008032e-03,3.295472e-01,5.970000e-01,7/28,8.86%,BCL6;RABGGTA;CREBBP;FASN;BBC3;TRIAP1;PIDD1
prerank,CD28 Co-Stimulation R-HSA-389356,-0.5108377133141755,-1.763027598830292,2.155172e-03,3.061396e-01,6.550000e-01,11/28,14.03%,MAP3K8;PKN1;CDC42;AKT1;ARHGEF7;YES1;PKN2;PIK3R1;LYN;MAPKAP1;MLST8
prerank,COPII-mediated Vesicle Transport R-HSA-204005,-0.4432146224184969,-1.7407870895628137,2.074689e-03,3.161339e-01,7.200000e-01,15/53,10.76%,RAB1A;TFG;NAPG;TRAPPC10;SEC24C;STX5;PPP6R1;TRAPPC2L;TRAPPC6A;SEC24B;CSNK1D;TBC1D20;SEC24A;TMED2;TRAPPC5
prerank,Formation Of Tubulin Folding Intermediates By CCT/TriC R-HSA-389960,0.5900240930568935,1.7352689760300044,4.040404e-03,5.535422e-01,6.980000e-01,10/16,17.64%,TUBA1A;TCP1;CCT3;CCT6A;CCT4;CCT8;CCT2;CCT7;TUBB;TUBA1C
prerank,Interleukin-12 Family Signaling R-HSA-447115,0.4681674987072286,1.727695844557577,8.213552e-03,4.463231e-01,7.270000e-01,12/41,10.22%,STAT3;HNRNPF;STAT4;S100A9;CAPZA1;TCP1;SOD1;IFNG;HNRNPA2B1;IL27RA;RALA;RAP1B
prerank,G0 And Early G1 R-HSA-1538133,0.5934286248428381,1.698617453289546,1.512287e-02,4.731596e-01,8.080000e-01,5/16,7.47%,HDAC1;RBL2;RBBP4;MAX;E2F4
prerank,mRNA 3-End Processing R-HSA-72187,-0.4258650597118611,-1.6935067547956084,4.175365e-03,4.164521e-01,8.480000e-01,17/56,11.70%,U2AF2;RBM8A;ALYREF;MAGOH;WDR33;SLU7;CPSF7;SARNP;DDX39A;RNPS1;THOC7;NCBP1;SRSF9;PABPN1;NUDT21;SRSF5;SRSF2
prerank,Collagen Formation R-HSA-1474290,-0.5369423461466107,-1.6912012788842368,1.084599e-02,3.712337e-01,8.540000e-01,9/21,19.19%,PPIB;CTSS;CD151;P4HB;PCOLCE;P3H1;COL6A2;PLEC;PLOD1
prerank,EPH-Ephrin Signaling R-HSA-2682334,-0.4396215226387022,-1.6900820841796007,6.036217e-03,3.324403e-01,8.550000e-01,15/51,14.49%,NCK2;LIMK1;PKN1;CDC42;GIT1;ARHGEF7;CLTB;YES1;PKN2;EPHA4;APH1A;LYN;MYL6;ARPC2;VAV3
prerank,Association Of TriC/CCT With Target Proteins During Biosynthesis R-HSA-390471,0.49405337738085203,1.6856376555636574,5.703422e-03,4.463231e-01,8.420000e-01,13/31,15.20%,USP11;STAT3;TCP1;LONP2;CCT3;CCT6A;DCAF7;WRAP53;CCT4;CCT8;CCT2;FBXO4;CCT7
prerank,Nuclear Events Stimulated By ALK Signaling In Cancer R-HSA-9725371,0.5818294971491274,1.6763229953994678,1.380671e-02,4.191332e-01,8.630000e-01,6/15,15.38%,STAT3;CLTC;MECP2;STAT5A;NPM1;RBX1
prerank,Gene And Protein Expression By JAK-STAT Signaling After Interleukin-12 Stimulation R-HSA-8950505,0.4841689516859643,1.67600625266107,1.229508e-02,3.679311e-01,8.630000e-01,10/30,10.22%,HNRNPF;STAT4;S100A9;CAPZA1;TCP1;SOD1;IFNG;HNRNPA2B1;RALA;RAP1B
prerank,Nonhomologous End-Joining (NHEJ) R-HSA-5693571,0.4601801579812097,1.6755962118111412,1.145038e-02,3.275785e-01,8.630000e-01,24/40,33.93%,XRCC5;TDP2;H2BC15;PRKDC;XRCC6;HERC2;TDP1;MDC1;MRE11;ATM;RNF8;POLM;LRIF1;POLL;H2BC9;NSD2;H2BC12;UBE2V2;RAD50;H2BC11;ABRAXAS1;TP53BP1;BARD1;KAT5
prerank,NR1H2 And NR1H3-mediated Signaling R-HSA-9024446,-0.49912917461857814,-1.6568461283831128,8.492569e-03,3.990335e-01,9.120000e-01,9/28,14.71%,FASN;NCOA1;MYLIP;TNRC6A;AGO4;AGO2;ARL4C;SREBF1;TBL1X
prerank,Extracellular Matrix Organization R-HSA-1474244,-0.3825317899245687,-1.6399546611784528,4.106776e-03,4.140201e-01,9.370000e-01,28/80,19.20%,CAPN15;PPIB;FURIN;TGFB1;TIMP1;CAPN12;CTSD;PRKCA;ITGAE;CASP3;NCAM1;CTSS;ITGAM;CASK;ITGAD;LMNB2;CD151;P4HB;PCOLCE;P3H1;CAPN2;COL6A2;PLEC;SPARC;ADAMTS1;ICAM1;PLOD1;ICAM3
prerank,Degradation Of Extracellular Matrix R-HSA-1474228,-0.48149990725136665,-1.6211619256464598,1.467505e-02,4.422893e-01,9.550000e-01,7/28,8.65%,CAPN15;FURIN;TIMP1;CAPN12;CTSD;CASP3;CTSS
prerank,Collagen Biosynthesis And Modifying Enzymes R-HSA-1650814,-0.5528195524278445,-1.6210309310241948,2.036660e-02,4.088336e-01,9.550000e-01,6/16,19.19%,PPIB;P4HB;PCOLCE;P3H1;COL6A2;PLOD1
prerank,VEGFR2 Mediated Vascular Permeability R-HSA-5218920,-0.5167217032594804,-1.6127031082820389,1.724138e-02,4.038278e-01,9.640000e-01,8/20,14.93%,PKN1;AKT1;ARHGEF7;PKN2;MAPKAP1;MLST8;VAV3;CALM1
prerank,CD209 (DC-SIGN) Signaling R-HSA-5621575,-0.5550752786477975,-1.6109962294171358,1.855670e-02,3.825869e-01,9.680000e-01,10/16,19.20%,PKN1;NRAS;CREBBP;ARHGEF7;PRKCA;PKN2;NFKB1;LYN;RELB;ICAM3
prerank,RHOJ GTPase Cycle R-HSA-9013409,-0.4436670092178725,-1.6099148174198792,1.461378e-02,3.613052e-01,9.690000e-01,16/38,15.94%,PKN1;CDC42;GIT1;ARHGAP21;ARHGEF7;CPNE8;LAMTOR1;PREX1;PKN2;ARHGAP5;ARHGAP26;PIK3R1;WIPF2;TRIO;OPHN1;VANGL1
prerank,HIV Elongation Arrest And Recovery R-HSA-167287,-0.4638289067028209,-1.6040149552795546,6.097561e-03,3.559562e-01,9.740000e-01,14/32,22.81%,ELOA;POLR2C;POLR2D;ELOB;POLR2G;ELL;CCNT1;POLR2E;CCNT2;NELFCD;NELFA;POLR2J;CDK9;NELFB
prerank,Costimulation By CD28 Family R-HSA-388841,-0.4164806826522147,-1.6035354615616906,1.290323e-02,3.375251e-01,9.750000e-01,16/49,14.03%,MAP3K8;PKN1;CDC42;AKT1;HLA-DRB5;ARHGEF7;PPP2CA;PPP2CB;YES1;CD3D;PKN2;PIK3R1;LYN;HLA-DRB1;MAPKAP1;MLST8
prerank,Mitochondrial Protein Import R-HSA-1268020,-0.39141090133099904,-1.5946646714940633,6.012024e-03,3.437911e-01,9.780000e-01,21/62,18.69%,GFER;GRPEL2;TIMM17A;ATP5MC1;TIMM23;TIMM8B;BCS1L;MTX1;FXN;CS;COX19;TOMM22;NDUFB8;GRPEL1;TIMM8A;CHCHD5;TIMM22;TIMM21;TOMM5;TOMM40;PMPCA
prerank,Apoptotic Execution Phase R-HSA-75153,0.4443739570804525,1.5855218919277272,1.512287e-02,6.382706e-01,9.730000e-01,8/36,3.52%,SPTAN1;KPNB1;FNTA;H1-2;PRKCQ;H1-4;ADD1;H1-3
prerank,Downregulation Of TGF-beta Receptor Signaling R-HSA-2173788,0.5058911272164476,1.5820193715648057,3.137255e-02,5.972892e-01,9.730000e-01,10/22,18.04%,TGFBR2;UCHL5;XPO1;PPP1CB;MTMR4;PPP1CC;UBC;PPP1R15A;SMAD3;SRFBP1
prerank,RNA Polymerase II Transcription Termination R-HSA-73856,-0.38676468904193007,-1.5784462361707807,1.059322e-02,3.699450e-01,9.840000e-01,17/64,11.70%,U2AF2;RBM8A;ALYREF;MAGOH;WDR33;SLU7;CPSF7;SARNP;DDX39A;RNPS1;THOC7;NCBP1;SRSF9;PABPN1;NUDT21;SRSF5;SRSF2
prerank,Interleukin-12 Signaling R-HSA-9020591,0.4352409708809316,1.578394984226897,2.600000e-02,5.636138e-01,9.750000e-01,10/36,10.22%,HNRNPF;STAT4;S100A9;CAPZA1;TCP1;SOD1;IFNG;HNRNPA2B1;RALA;RAP1B
prerank,Cilium Assembly R-HSA-5617833,0.339883150779218,1.5756461628983394,1.000000e-03,5.342408e-01,9.790000e-01,44/138,20.17%,CEP57;TUBA1A;CKAP5;ARF4;TRIP11;CEP250;TCP1;RAB11A;ARL13B;CCT3;KIF3B;SEPTIN2;CNTRL;PAFAH1B1;IFT57;PCNT;CEP290;HAUS1;CEP78;HAUS4;PTGES2;BBS2;SCLT1;CCT4;PDE6D;HDAC6;CCT8;CCT2;CDK5RAP2;DYNC2I1;SFI1;TMEM216;PRKD2;DYNLL1;PCM1;EXOC1;IFT27;TUBB;CEP162;DYNC2H1;BBS9;CEP89;TCTN3;ODF2
prerank,Class B/2 (Secretin Family Receptors) R-HSA-373080,-0.5129025535466667,-1.5661832984470119,4.219409e-02,3.860936e-01,9.880000e-01,6/18,12.62%,GNAS;GNB1;VIPR2;GNGT2;PTRH2;PTCH2
prerank,Pausing And Recovery Of Tat-mediated HIV Elongation R-HSA-167238,-0.45896668653945033,-1.5531830514143805,2.070393e-02,4.052692e-01,9.930000e-01,13/30,22.81%,ELOA;POLR2C;POLR2D;ELOB;POLR2G;ELL;CCNT1;POLR2E;NELFCD;NELFA;POLR2J;CDK9;NELFB
prerank,mRNA Splicing - Major Pathway R-HSA-72163,-0.32308629923820803,-1.544348663590689,1.000000e-03,4.133548e-01,9.960000e-01,43/177,13.53%,U2AF2;SF3B6;RBM8A;ALYREF;CRNKL1;SRSF10;MAGOH;WDR33;RBM5;SNRNP27;CWC25;PHF5A;SNW1;CWC15;BUD31;U2SURP;SYF2;EFTUD2;TRA2B;SLU7;PTBP1;CPSF7;SNRPB2;HNRNPH1;POLR2C;POLR2D;SMNDC1;RNPS1;PQBP1;HNRNPL;CTNNBL1;NCBP1;TFIP11;POLR2G;SRSF9;PABPN1;NUDT21;SRSF5;SRSF2;SNRPC;CDC5L;PCBP1;CPSF6
prerank,Deadenylation Of mRNA R-HSA-429947,0.4748932971404036,1.5368776021534558,1.930502e-02,6.775737e-01,9.960000e-01,8/23,13.06%,CNOT7;EIF4B;CNOT3;PARN;EIF4A2;TUT7;EIF4G1;PABPC1
prerank,"BMAL1:CLOCK,NPAS2 Activates Circadian Gene Expression R-HSA-1368108",-0.5142839669061722,-1.5341619035789518,5.032823e-02,4.281747e-01,9.980000e-01,6/16,14.71%,CREBBP;NCOA1;CARM1;BMAL1;NOCT;TBL1X
prerank,mRNA Splicing R-HSA-72172,-0.3179476703964227,-1.5323841340710551,2.092050e-03,4.165182e-01,9.980000e-01,45/185,13.53%,U2AF2;SF3B6;RBM8A;ALYREF;CRNKL1;SRSF10;MAGOH;WDR33;RBM5;SNRNP27;CWC25;PHF5A;SNW1;CWC15;BUD31;U2SURP;SYF2;EFTUD2;TRA2B;SLU7;PTBP1;CPSF7;SNRPB2;HNRNPH1;POLR2C;POLR2D;SMNDC1;RNPS1;PQBP1;HNRNPL;CTNNBL1;NCBP1;TFIP11;POLR2G;SRSF9;PABPN1;NUDT21;SRSF5;SNRNP25;SRSF2;SNRPC;CDC5L;PCBP1;ZCRB1;CPSF6
prerank,Signaling By ALK Fusions And Activated Point Mutants R-HSA-9725370,0.40320763917086155,1.5320560908178704,1.923077e-02,6.547976e-01,9.970000e-01,21/46,26.44%,PRKAR1A;STAT3;GCC2;VCL;STRN;PLCG1;CLTC;MECP2;STAT5A;PPM1B;NPM1;PIK3CA;CARS1;RBX1;TPM4;EIF2AK3;SQSTM1;RNF213;RNASEH2A;MSN;MYH9
prerank,VxPx Cargo-Targeting To Cilium R-HSA-5620916,0.5415070223862739,1.530323284259902,4.743083e-02,6.220212e-01,9.970000e-01,6/15,21.06%,ARF4;RAB11A;PTGES2;PRKD2;EXOC1;EXOC2
prerank,Signaling By FGFR3 R-HSA-5654741,-0.4703912395644694,-1.5256094989784306,1.716738e-02,4.208914e-01,9.990000e-01,9/24,15.65%,NRAS;GALNT3;SPRY2;PPP2CA;PPP2CB;MKNK1;PIK3R1;UBB;BRAF
prerank,Ca2+ Pathway R-HSA-4086398,-0.414694398405242,-1.5028118061140585,2.141328e-02,4.776199e-01,9.990000e-01,14/36,17.46%,NRAS;TCF7;GNB1;GNGT2;PRKCA;TNRC6A;AGO4;AGO2;NFATC1;PDE6G;CALM1;PLCB1;PDE6B;PLCB2
prerank,RHOQ GTPase Cycle R-HSA-9013406,-0.4115562464032836,-1.5005980973428368,3.042596e-02,4.676256e-01,9.990000e-01,12/39,8.42%,PKN1;CDC42;GIT1;ARHGAP21;ARHGEF7;CPNE8;LAMTOR1;PREX1;RHOQ;PKN2;ARHGAP5;ARHGAP26
prerank,Miscellaneous Transport And Binding Events R-HSA-5223345,0.5141363364953886,1.4965286965682516,4.789272e-02,7.549931e-01,9.990000e-01,11/16,26.42%,ADD3;ADD1;LRRC8D;NIPA2;NIPA1;MMGT1;BPNT1;SLC66A1;MRS2;NIPAL3;ANKH
prerank,Cooperation Of Prefoldin And TriC/CCT In Actin And Tubulin Folding R-HSA-389958,0.4569535217794251,1.485739248181974,3.800000e-02,7.717869e-01,9.990000e-01,11/22,17.64%,TUBA1A;TCP1;CCT3;CCT6A;PFDN6;CCT4;CCT8;CCT2;CCT7;TUBB;TUBA1C
prerank,Class I Peroxisomal Membrane Protein Import R-HSA-9603798,0.4987798488694127,1.4856148438385952,4.509804e-02,7.316173e-01,9.990000e-01,8/18,26.93%,ACBD5;PEX3;PXMP4;PEX14;PEX19;PEX16;ABCD3;PEX2
prerank,Prefoldin Mediated Transfer Of Substrate To CCT/TriC R-HSA-389957,0.46218804032390254,1.4775415972817645,4.391218e-02,7.361476e-01,9.990000e-01,11/21,17.64%,TUBA1A;TCP1;CCT3;CCT6A;PFDN6;CCT4;CCT8;CCT2;CCT7;TUBB;TUBA1C
prerank,Formation Of HIV Elongation Complex In Absence Of HIV Tat R-HSA-167152,-0.3962268432186198,-1.4775271967351595,2.494802e-02,5.325792e-01,1.000000e+00,17/44,20.97%,ELOA;ERCC3;POLR2C;POLR2D;NCBP1;ELOB;POLR2G;ELL;MNAT1;CCNT1;CDK7;POLR2E;CCNT2;NELFCD;NELFA;POLR2J;CDK9
prerank,EPHB-mediated Forward Signaling R-HSA-3928662,-0.4579045258130074,-1.4769179848562175,4.958678e-02,5.168254e-01,1.000000e+00,6/23,13.15%,LIMK1;PKN1;CDC42;YES1;LYN;ARPC2
prerank,Signaling By FGFR R-HSA-190236,-0.37949524476652663,-1.4742676754781283,2.719665e-02,5.099952e-01,1.000000e+00,13/50,9.17%,NRAS;GALNT3;SPRY2;PPP2CA;PTBP1;HNRNPH1;POLR2C;PPP2CB;POLR2D;NCBP1;MKNK1;PIK3R1;POLR2G
prerank,DARPP-32 Events R-HSA-180024,0.477378901189217,1.4730572667631314,5.333333e-02,7.231622e-01,9.990000e-01,6/20,6.70%,PPP3CB;PRKACB;PRKAR1A;PPP3CC;PPP2R5D;PPP3R1
prerank,Keratan Sulfate/Keratin Metabolism R-HSA-1638074,-0.49117552165718026,-1.4729815037479,4.498978e-02,4.984960e-01,1.000000e+00,4/18,5.70%,B3GNT7;B3GNT2;SLC35D2;B4GALT4
prerank,RNA Polymerase I Transcription Termination R-HSA-73863,0.43847497974749633,1.469066376897064,5.065666e-02,7.111842e-01,9.990000e-01,10/28,19.48%,UBTF;TBP;GTF2H1;GTF2H3;POLR1H;CCNH;GTF2H5;POLR1D;TAF1B;POLR1E
prerank,G-protein Beta:Gamma Signaling R-HSA-397795,-0.4611894539679054,-1.468123370526766,6.432749e-02,5.010833e-01,1.000000e+00,5/20,6.18%,PKN1;CDC42;AKT1;GNB1;GNGT2
prerank,Recruitment And ATM-mediated Phosphorylation Of Repair And Signal Proteins At DNA Double Strand Breaks R-HSA-5693565,0.39403628021682346,1.4654170275566796,4.206501e-02,6.968963e-01,9.990000e-01,26/43,33.93%,H2BC15;SMARCA5;BAZ1B;HERC2;MDC1;KDM4B;UBC;MRE11;ATM;RNF8;MAPK8;TP53;H2BC9;NSD2;H2BC12;UBA52;UBE2V2;APBB1;RAD50;KDM4A;PPP5C;H2BC11;ABRAXAS1;TP53BP1;BARD1;KAT5
prerank,RHO GTPases Activate ROCKs R-HSA-5627117,-0.4971998399042392,-1.4644447453890246,6.365503e-02,4.994030e-01,1.000000e+00,3/16,4.00%,LIMK1;PKN1;RHOC
prerank,Signaling By FGFR2 IIIa TM R-HSA-8851708,-0.4979288617038698,-1.4639156072382367,6.147541e-02,4.735287e-01,1.000000e+00,6/16,19.11%,POLR2C;POLR2D;NCBP1;POLR2G;POLR2E;POLR2J
prerank,FGFR2 Mutant Receptor Activation R-HSA-1839126,-0.4979288617038698,-1.4639156072382367,6.147541e-02,4.735287e-01,1.000000e+00,6/16,19.11%,POLR2C;POLR2D;NCBP1;POLR2G;POLR2E;POLR2J
prerank,KSRP (KHSRP) Binds And Destabilizes mRNA R-HSA-450604,0.5094289364575407,1.4619147159931367,7.128713e-02,6.848697e-01,9.990000e-01,8/16,19.43%,MAPK14;YWHAZ;PARN;EXOSC2;EXOSC3;EXOSC8;DIS3;KHSRP
prerank,Interactions Of Rev With Host Cellular Proteins R-HSA-177243,0.40515692416246857,1.4577790661550125,3.824092e-02,6.777640e-01,1.000000e+00,11/36,17.33%,KPNB1;XPO1;NUP62;NUP50;RAN;NUP37;NPM1;NUP58;RANBP1;NUP188;NUP85
prerank,Intrinsic Pathway For Apoptosis R-HSA-109606,0.38292182679014036,1.4529538269160747,3.024194e-02,6.729985e-01,1.000000e+00,14/48,9.20%,PPP3CC;STAT3;CYCS;YWHAZ;GZMB;APIP;PPP3R1;AKT3;GSDMD;BCL2L1;YWHAH;CDKN2A;CARD8;YWHAB
prerank,Respiratory Electron Transport R-HSA-611105,-0.3381372459473892,-1.4509416137548958,2.092050e-02,5.024989e-01,1.000000e+00,32/90,20.73%,NDUFB7;NDUFA1;NDUFC2;UQCR11;UQCRFS1;COQ10B;NDUFA13;COX7B;SDHB;COX19;NDUFB6;NDUFB1;NDUFA12;NDUFB8;COX5B;COX6A1;SURF1;LRPPRC;UQCRQ;NDUFA10;NDUFB11;NDUFS6;COX8A;COA1;NDUFA9;NDUFS3;SDHA;COX16;UQCRC1;NDUFB9;NDUFA5;NDUFS8
prerank,Chondroitin Sulfate/Dermatan Sulfate Metabolism R-HSA-1793185,-0.4499864963011812,-1.4502364614493255,6.746032e-02,4.913793e-01,1.000000e+00,9/23,21.48%,CHST7;CHSY1;UST;B3GALT6;IDS;XYLT1;B3GAT3;B4GALT7;DSE
prerank,DNA Double-Strand Break Repair R-HSA-5693532,0.3264880384636118,1.4482499714186414,1.111111e-02,6.698900e-01,1.000000e+00,36/110,23.11%,XRCC5;TDP2;H2BC15;SMARCA5;PRKDC;BAZ1B;XRCC6;PPP4R2;RPA3;RFC5;POLK;PPP4C;RFC4;HERC2;TDP1;MDC1;PARP1;KDM4B;RAD52;RAD17;UBC;ATRIP;MRE11;GEN1;ATM;TIMELESS;RNF8;POLM;RAD51C;LRIF1;MAPK8;POLL;TP53;H2BC9;NSD2;H2BC12
prerank,NGF-stimulated Transcription R-HSA-9031628,-0.4746253171266329,-1.4457481163989416,8.176101e-02,4.937779e-01,1.000000e+00,4/18,5.24%,EGR1;MEF2D;JUND;ID2
prerank,"Antigen Presentation: Folding, Assembly, Peptide Loading Of Class I MHC R-HSA-983170",-0.43528556219011943,-1.4453063060844373,5.447471e-02,4.826170e-01,1.000000e+00,13/25,27.58%,SEC24C;CALR;SEC24B;SEC24A;BECN1;SEC13;TAPBP;ATG14;PDIA3;HSPA5;HLA-F;HLA-B;ERAP1
prerank,G2/M DNA Damage Checkpoint R-HSA-69473,0.37898262969259444,1.4432416972559439,4.077670e-02,6.700964e-01,1.000000e+00,28/52,33.93%,H2BC15;YWHAZ;RPA3;RFC5;RFC4;HERC2;MDC1;YWHAH;YWHAB;YWHAQ;RAD17;ATRIP;MRE11;ATM;RNF8;REXO2;TP53;H2BC9;NSD2;H2BC12;BLM;UBE2V2;RAD50;H2BC11;ABRAXAS1;TP53BP1;BARD1;KAT5
prerank,Processing Of Capped Intron-Containing Pre-mRNA R-HSA-72203,-0.29025303521437074,-1.4432210793440445,4.291845e-03,4.778508e-01,1.000000e+00,52/235,13.53%,U2AF2;SF3B6;RBM8A;ALYREF;CRNKL1;SRSF10;MAGOH;WDR33;RBM5;SNRNP27;CWC25;PHF5A;SNW1;CWC15;BUD31;U2SURP;SYF2;EFTUD2;TRA2B;SLU7;PTBP1;CPSF7;SARNP;SNRPB2;NUP54;HNRNPH1;POLR2C;DDX39A;POLR2D;SMNDC1;RNPS1;THOC7;PQBP1;HNRNPL;CTNNBL1;NCBP1;TFIP11;NUP133;SEH1L;POLR2G;SRSF9;PABPN1;NUDT21;SRSF5;SNRNP25;SRSF2;SNRPC;CDC5L;PCBP1;ZCRB1;SEC13;CPSF6
prerank,Deadenylation-dependent mRNA Decay R-HSA-429914,0.3722992017888638,1.4404226622206002,2.480916e-02,6.593939e-01,1.000000e+00,17/54,19.09%,CNOT7;EIF4B;DCP1B;CNOT3;PARN;LSM5;XRN1;EIF4A2;EXOSC2;TUT7;EIF4G1;EXOSC3;PABPC1;EXOSC8;LSM2;DIS3;PAN3
prerank,Formation Of HIV-1 Elongation Complex Containing HIV-1 Tat R-HSA-167200,-0.3902477009201738,-1.434449233704282,3.837953e-02,4.934754e-01,1.000000e+00,16/42,20.97%,ELOA;ERCC3;POLR2C;POLR2D;NCBP1;ELOB;POLR2G;ELL;MNAT1;CCNT1;CDK7;POLR2E;NELFCD;NELFA;POLR2J;CDK9
prerank,G Alpha (Z) Signaling Events R-HSA-418597,-0.45698793265160326,-1.4325252920225031,5.919662e-02,4.885316e-01,1.000000e+00,8/22,13.79%,GNAS;GNB1;ADCY7;GNGT2;PRKCA;PRKCB;RGS16;ADCY9
prerank,Signaling By ROBO Receptors R-HSA-376176,-0.3270519509249546,-1.4318963378601681,1.652893e-02,4.789827e-01,1.000000e+00,30/98,19.31%,NCK2;PKN1;RBM8A;MAGOH;CDC42;ARHGEF7;SOS2;MYO9B;RNPS1;PSMF1;PRKCA;PKN2;PSMD6;NCBP1;ZSWIM8;PSMB6;PRKAR2A;ELOB;PSME4;USP33;UBB;RSL24D1;PSME2;PSMB3;PSMA1;ROBO3;EVL;ETF1;PFN1;PSMD9
prerank,Iron Uptake And Transport R-HSA-917937,-0.3878371090627089,-1.4294961136467537,5.811623e-02,4.761471e-01,1.000000e+00,10/37,14.23%,FTL;FTH1;TCIRG1;ACO1;ATP6V1H;CAND1;ATP6V0C;UBB;FBXL5;ATP6V1G1
prerank,RHOG GTPase Cycle R-HSA-9013408,-0.36602343412922156,-1.421867200861868,4.693878e-02,4.902213e-01,1.000000e+00,18/50,17.21%,ARHGDIA;CDC42;STX5;ARHGAP21;LAMTOR1;PREX1;PKN2;ARHGAP5;PIK3R1;PGRMC2;TRIO;HSPE1;VAV3;OPHN1;NDUFS3;VANGL1;DOCK2;VRK2
prerank,Nuclear Events (Kinase And Transcription Factor Activation) R-HSA-198725,-0.40693007341784126,-1.4210413616092257,5.894309e-02,4.827905e-01,1.000000e+00,7/31,5.24%,MAPKAPK2;EGR1;MEF2D;PPP2CA;JUND;PPP2CB;ID2
prerank,Platelet Sensitization By LDL R-HSA-432142,0.5014243707265933,1.4197717377860806,8.301158e-02,7.329596e-01,1.000000e+00,4/15,4.68%,MAPK14;PPP2R5A;PPP2R5D;PPP2R5C
prerank,Diseases Associated With O-glycosylation Of Proteins R-HSA-3906995,-0.47999604305403726,-1.4182188607751902,7.597536e-02,4.818718e-01,1.000000e+00,5/17,10.64%,GALNT3;NOTCH1;LFNG;POMT1;ADAMTS10
prerank,Negative Regulation Of FGFR4 Signaling R-HSA-5654733,-0.49890383919173226,-1.4175369526813957,8.232932e-02,4.554242e-01,1.000000e+00,6/15,15.65%,SPRY2;PPP2CA;PPP2CB;MKNK1;UBB;BRAF
prerank,Negative Regulation Of FGFR3 Signaling R-HSA-5654732,-0.49890383919173226,-1.4175369526813957,8.232932e-02,4.554242e-01,1.000000e+00,6/15,15.65%,SPRY2;PPP2CA;PPP2CB;MKNK1;UBB;BRAF
prerank,Negative Regulation Of FGFR2 Signaling R-HSA-5654727,-0.49890383919173226,-1.4175369526813957,8.232932e-02,4.554242e-01,1.000000e+00,6/15,15.65%,SPRY2;PPP2CA;PPP2CB;MKNK1;UBB;BRAF
prerank,Glycosaminoglycan Metabolism R-HSA-1630316,-0.3607150168083479,-1.4160803594948828,4.373757e-02,4.509753e-01,1.000000e+00,20/56,23.15%,CHST7;CHSY1;B3GNT7;B3GNT2;SLC35D2;B4GALT4;UST;B3GALT6;SLC9A1;EXT1;IDS;XYLT1;HS6ST1;B3GAT3;PAPSS1;NAGLU;B4GALT7;DSE;CHORDC1;B4GALT1
prerank,RAB Geranylgeranylation R-HSA-8873719,-0.3949335588735392,-1.4140264658770636,4.518664e-02,4.484014e-01,1.000000e+00,13/37,20.63%,RAB1A;RAB5C;RABGGTA;RAB14;RAB2A;RABGGTB;PTP4A2;RAB30;RAB4A;RAB22A;RAB21;RAB40B;RAB18
prerank,Protein Ubiquitination R-HSA-8852135,0.3494557655618966,1.4136707689860395,3.071017e-02,7.386941e-01,1.000000e+00,32/65,28.48%,UBE2D2;SHPRH;H2BC15;PAF1;RRAGA;PRKDC;UBE2H;RNF20;CTR9;UBE2B;VCP;CDC73;UBC;PEX14;UBE2R2;SELENOS;LEO1;UBE2D3;RAD18;UBE2J2;H2BC9;H2BC12;HLTF;UBE2L3;UBE2E1;UBA52;TMEM129;HLA-A;PEX2;UBE2V2;UBE2E3;UBE2A
prerank,Transport Of Mature mRNA Derived From An Intron-Containing Transcript R-HSA-159236,-0.33910180180810673,-1.4121098156482788,4.065041e-02,4.457084e-01,1.000000e+00,18/71,14.61%,U2AF2;RBM8A;ALYREF;MAGOH;SLU7;SARNP;NUP54;DDX39A;RNPS1;THOC7;NCBP1;NUP133;SEH1L;SRSF9;SRSF5;SRSF2;SEC13;NXT1
prerank,Apoptosis R-HSA-109581,0.3072892829438333,1.410464811748791,1.197605e-02,7.320556e-01,1.000000e+00,28/143,9.20%,SPTAN1;KPNB1;FNTA;PPP3CC;STAT3;CYCS;H1-2;PRKCQ;PSMD2;YWHAZ;H1-4;ADD1;H1-3;PSMD11;GZMB;APIP;MAGED1;PSMB2;PPP3R1;AKT3;DAPK2;GSDMD;BCL2L1;RIPK1;YWHAH;CDKN2A;CARD8;YWHAB
prerank,FCERI Mediated Ca+2 Mobilization R-HSA-2871809,0.4406587897553018,1.4099311037819942,6.525912e-02,7.122944e-01,1.000000e+00,9/25,18.36%,PPP3CB;NFATC2;GRAP2;PLCG1;PPP3R1;AHCYL1;NFATC3;LCP2;SPNS1
prerank,CDC42 GTPase Cycle R-HSA-9013148,-0.3259040032408082,-1.4048277489609609,2.739726e-02,4.596207e-01,1.000000e+00,24/88,15.94%,ARHGAP4;PKN1;ARHGDIA;CDC42;GIT1;PLEKHG2;ARHGAP21;ARHGEF7;CPNE8;LAMTOR1;PREX1;GNA13;MYO9B;PKN2;ARHGAP5;ARHGAP26;PIK3R1;WIPF2;ARHGAP9;TRIO;VAV3;OPHN1;ARHGEF10;VANGL1
prerank,Signaling By FGFR2 R-HSA-5654738,-0.3643296178540796,-1.4002454062316418,5.785124e-02,4.647889e-01,1.000000e+00,18/48,20.43%,NRAS;SPRY2;PPP2CA;PTBP1;HNRNPH1;POLR2C;PPP2CB;POLR2D;NCBP1;MKNK1;PIK3R1;POLR2G;UBB;POLR2E;BRAF;POLR2J;SHC1;HNRNPM
prerank,Initiation Of Nuclear Envelope (NE) Reformation R-HSA-2995383,0.490365962059676,1.3993661560507666,1.058824e-01,7.390950e-01,1.000000e+00,4/16,9.42%,KPNB1;LBR;TMPO;VRK1
prerank,MHC Class II Antigen Presentation R-HSA-2132295,-0.34797150252055614,-1.3989453033423818,3.526971e-02,4.605660e-01,1.000000e+00,16/62,15.08%,SEC24C;HLA-DRB5;DCTN4;DYNLL2;SEC24B;CTSD;AP1S1;DYNC1LI1;CTSS;DYNC1LI2;DCTN3;SEC24A;CAPZA2;HLA-DRB1;SEC13;KIF22
prerank,Post NMDA Receptor Activation Events R-HSA-438064,-0.41487317110225624,-1.396684342258257,7.172131e-02,4.589555e-01,1.000000e+00,9/27,14.93%,NRAS;GIT1;ARHGEF7;PRKAG1;PRKCA;KPNA2;PRKAR2A;PRKAG2;CALM1
prerank,Post-translational Modification: Synthesis Of GPI-anchored Proteins R-HSA-163125,-0.4047717860010355,-1.3963882679103516,6.147541e-02,4.520325e-01,1.000000e+00,7/31,13.70%,PIGT;MDGA1;PIGH;LY6E;PIGS;GPAA1;DPM1
prerank,Signaling By Non-Receptor Tyrosine Kinases R-HSA-9006927,0.4195798964700312,1.395935770556194,9.007353e-02,7.340744e-01,1.000000e+00,7/27,8.25%,STAT3;KHDRBS1;CRK;CDKN1B;ERBB2;HIF1A;PTPN1
prerank,RNA Polymerase I Transcription Initiation R-HSA-73762,0.37571460779497057,1.3958172738414252,5.263158e-02,7.142386e-01,1.000000e+00,15/44,19.48%,HDAC1;UBTF;RBBP4;TBP;GTF2H1;GTF2H3;POLR1H;KAT2A;EHMT2;MTA2;CCNH;GTF2H5;POLR1D;TAF1B;POLR1E
prerank,Macroautophagy R-HSA-1632852,-0.3170565154949433,-1.3939767584695675,1.417004e-02,4.506705e-01,1.000000e+00,29/101,15.47%,MAP1LC3B;WDR45B;ULK1;DYNLL2;CSNK2B;LAMTOR1;CHMP4B;LAMTOR4;ATG7;PRKAG1;CHMP2B;GABARAPL1;TOMM22;ATG4D;DYNC1LI1;DYNC1LI2;CSNK2A2;WIPI1;PGAM5;BECN1;USP30;PRKAG2;UBB;PINK1;ATG4B;MLST8;LAMTOR5;ATG14;CHMP2A
prerank,mRNA Capping R-HSA-72086,-0.4015279375004842,-1.3908266765319361,6.903766e-02,4.518884e-01,1.000000e+00,9/29,15.21%,ERCC3;POLR2C;POLR2D;RNMT;NCBP1;POLR2G;MNAT1;CDK7;POLR2E
prerank,NEP/NS2 Interacts With Cellular Export Machinery R-HSA-168333,0.3906601799258876,1.3884682359436384,6.106870e-02,7.305831e-01,1.000000e+00,10/34,17.33%,XPO1;NUP62;NUP50;PBRM1;RAN;NUP37;NUP58;GNL3;NUP188;NUP85
prerank,Integrin Signaling R-HSA-354192,0.493905883410843,1.3881204733467014,9.262760e-02,7.129099e-01,1.000000e+00,8/16,20.61%,RASGRP1;CRK;RASGRP2;APBB1IP;PTPN1;RAP1B;RAP1A;CSK
prerank,Signaling By Cytosolic FGFR1 Fusion Mutants R-HSA-1839117,0.47669757472359586,1.3879373377230766,8.037383e-02,6.952890e-01,1.000000e+00,6/16,13.96%,STAT3;FGFR1OP2;STAT5A;CNTRL;PIK3CA;TRIM24
prerank,Signaling By FGFR4 R-HSA-5654743,-0.43280365393022024,-1.3855006189216768,7.399577e-02,4.597864e-01,1.000000e+00,8/23,15.65%,NRAS;SPRY2;PPP2CA;PPP2CB;MKNK1;PIK3R1;UBB;BRAF
prerank,Neurotransmitter Release Cycle R-HSA-112310,0.4764525225702814,1.382839241526569,9.160305e-02,6.987717e-01,1.000000e+00,8/16,19.20%,ARL6IP5;SLC1A7;VAMP2;LIN7B;PPFIA1;HSPA8;ABAT;SH2D3C
prerank,Resolution Of AP Sites Via Multiple-Nucleotide Patch Replacement Pathway R-HSA-110373,0.4397947019328462,1.3826277261133029,9.176030e-02,6.822855e-01,1.000000e+00,5/22,12.16%,RPA3;RFC5;RFC4;PARP1;PARG
prerank,Complex I Biogenesis R-HSA-6799198,-0.35998108699367865,-1.3805714360278174,6.339468e-02,4.673334e-01,1.000000e+00,17/51,20.73%,NDUFB7;NDUFA1;NDUFC2;NDUFA13;NDUFB6;NDUFB1;NDUFA12;NDUFB8;NDUFA10;NDUFB11;NDUFS6;COA1;NDUFA9;NDUFS3;NDUFB9;NDUFA5;NDUFS8
prerank,RHOV GTPase Cycle R-HSA-9013424,-0.39687423576894865,-1.3795563812179272,8.811475e-02,4.627929e-01,1.000000e+00,8/31,12.03%,NCK2;PKN1;CDC42;GIT1;ARHGEF7;PKN2;PIK3R1;TPM3
prerank,Activation Of NMDA Receptors And Postsynaptic Events R-HSA-442755,-0.4008164154784966,-1.3782923745752824,8.041237e-02,4.591528e-01,1.000000e+00,10/30,14.93%,NRAS;GIT1;ARHGEF7;PRKAG1;PRKCA;KPNA2;PRKAR2A;CASK;PRKAG2;CALM1
prerank,Negative Regulation Of FGFR1 Signaling R-HSA-5654726,-0.47196645655856057,-1.3750423259327842,9.514170e-02,4.615048e-01,1.000000e+00,6/16,15.65%,SPRY2;PPP2CA;PPP2CB;MKNK1;UBB;BRAF
prerank,Export Of Viral Ribonucleoproteins From Nucleus R-HSA-168274,0.3856661901042747,1.3746959639948537,6.407767e-02,7.014555e-01,1.000000e+00,10/35,17.33%,XPO1;NUP62;NUP50;PBRM1;RAN;NUP37;NUP58;GNL3;NUP188;NUP85
prerank,Regulation Of Necroptotic Cell Death R-HSA-5675482,-0.4148793806558278,-1.374367359169961,8.921162e-02,4.564695e-01,1.000000e+00,8/26,16.46%,FASN;FLOT1;BIRC2;MLKL;UBB;RIPK3;BIRC3;CDC37
prerank,Dual Incision In GG-NER R-HSA-5696400,0.387589647887356,1.372925773479096,6.500956e-02,6.932870e-01,1.000000e+00,11/37,15.43%,RPA3;RFC5;POLK;GTF2H1;DDB2;RFC4;GTF2H3;PARP1;UBC;RBX1;GTF2H5
prerank,Transport Of Mature Transcript To Cytoplasm R-HSA-72202,-0.3244252168246638,-1.3726554708144838,4.051173e-02,4.543825e-01,1.000000e+00,17/80,11.70%,U2AF2;RBM8A;ALYREF;MAGOH;WDR33;SLU7;SARNP;NUP54;DDX39A;RNPS1;THOC7;NCBP1;NUP133;SEH1L;SRSF9;SRSF5;SRSF2
prerank,G Alpha (12/13) Signaling Events R-HSA-416482,-0.3775918184970027,-1.370084702288353,8.750000e-02,4.547803e-01,1.000000e+00,12/35,15.39%,GNB1;PLEKHG2;ARHGEF7;PREX1;SOS2;GNA13;RHOC;GNGT2;TRIO;GNA12;VAV3;ARHGEF10
prerank,Regulation Of mRNA Stability By Proteins That Bind AU-rich Elements R-HSA-450531,0.3291573000521616,1.3699065233697034,4.158790e-02,6.902912e-01,1.000000e+00,21/81,14.05%,MAPK14;XPO1;ZFP36L1;PSMD2;YWHAZ;HNRNPD;PSMD11;HSPB1;PSMB2;PARN;XRN1;YWHAB;EXOSC2;PSMD10;EIF4G1;EXOSC3;PABPC1;PSMD4;HSPA8;EXOSC8;UBC
prerank,Abortive Elongation Of HIV-1 Transcript In Absence Of Tat R-HSA-167242,-0.4239878819870233,-1.3690874405685884,9.202454e-02,4.511990e-01,1.000000e+00,9/23,22.81%,POLR2C;POLR2D;NCBP1;POLR2G;POLR2E;NELFCD;NELFA;POLR2J;NELFB
prerank,TGF-beta Receptor Signaling Activates SMADs R-HSA-2173789,0.3962845036707844,1.3680181942782568,9.795918e-02,6.833682e-01,1.000000e+00,11/32,18.04%,TGFBR2;UCHL5;XPO1;PPP1CB;MTMR4;LTBP4;PPP1CC;UBC;PPP1R15A;SMAD3;SRFBP1
prerank,Signaling By FGFR2 In Disease R-HSA-5655253,-0.4153210929537723,-1.3677518542842433,1.008403e-01,4.484447e-01,1.000000e+00,6/25,9.17%,NRAS;POLR2C;POLR2D;NCBP1;PIK3R1;POLR2G
prerank,ER To Golgi Anterograde Transport R-HSA-199977,-0.3067579328355786,-1.3677465784862866,3.080082e-02,4.422455e-01,1.000000e+00,22/108,11.20%,RAB1A;TFG;NAPG;TRAPPC10;SEC24C;STX5;DCTN4;PPP6R1;DYNLL2;TRAPPC2L;TRAPPC6A;SEC24B;CSNK1D;COG3;DYNC1LI1;DYNC1LI2;DCTN3;TBC1D20;SEC24A;TMED2;TRAPPC5;CAPZA2
prerank,Autophagy R-HSA-9612973,-0.3037452038315438,-1.366536049612283,2.952756e-02,4.392281e-01,1.000000e+00,31/111,15.47%,MAP1LC3B;WDR45B;VPS37B;ULK1;DYNLL2;CSNK2B;LAMTOR1;CHMP4B;LAMTOR4;ATG7;PRKAG1;CHMP2B;GABARAPL1;TOMM22;ATG4D;DYNC1LI1;DYNC1LI2;CSNK2A2;WIPI1;PGAM5;BECN1;USP30;PRKAG2;UBAP1;UBB;PINK1;ATG4B;MLST8;LAMTOR5;ATG14;CHMP2A
prerank,Platelet Homeostasis R-HSA-418346,0.3671471508285117,1.3661532593423373,6.500956e-02,6.767875e-01,1.000000e+00,8/42,5.04%,MAPK14;PPP2R5A;PAFAH2;STIM1;PPP2R5D;ATP2B4;PPP2R5C;ATP2A3
prerank,Platelet Aggregation (Plug Formation) R-HSA-76009,0.4755547540608988,1.3659772980413598,1.081081e-01,6.631977e-01,1.000000e+00,6/18,10.22%,RASGRP1;CRK;RASGRP2;APBB1IP;PTPN1;RAP1B
prerank,Signaling By FGFR1 R-HSA-5654736,-0.4171238729481173,-1.3649229196100907,8.750000e-02,4.376003e-01,1.000000e+00,8/24,15.65%,NRAS;SPRY2;PPP2CA;PPP2CB;MKNK1;PIK3R1;UBB;BRAF
prerank,Nuclear Signaling By ERBB4 R-HSA-1251985,-0.4548462317221499,-1.3603819222351652,1.081081e-01,4.445442e-01,1.000000e+00,2/18,0.08%,MXD4;ADAP1
prerank,"Respiratory Electron Transport, ATP Synthesis By Chemiosmotic Coupling, Heat Production By Uncoupling Proteins R-HSA-163200",-0.30697124934275627,-1.3572822015684805,3.239741e-02,4.470835e-01,1.000000e+00,35/108,20.73%,ATP5MC1;NDUFB7;NDUFA1;NDUFC2;UQCR11;UQCRFS1;COQ10B;NDUFA13;COX7B;SDHB;COX19;NDUFB6;NDUFB1;NDUFA12;NDUFB8;COX5B;COX6A1;ATP5ME;SURF1;LRPPRC;UQCRQ;NDUFA10;NDUFB11;NDUFS6;COX8A;COA1;NDUFA9;DMAC2L;NDUFS3;SDHA;COX16;UQCRC1;NDUFB9;NDUFA5;NDUFS8
prerank,Heparan Sulfate/Heparin (HS-GAG) Metabolism R-HSA-1638091,-0.4510123621873936,-1.351312069530295,1.182365e-01,4.573718e-01,1.000000e+00,9/18,20.84%,SLC35D2;B3GALT6;EXT1;IDS;XYLT1;HS6ST1;B3GAT3;NAGLU;B4GALT7
prerank,Nonsense Mediated Decay (NMD) Enhanced By Exon Junction Complex (EJC) R-HSA-975957,-0.387331445372156,-1.3492391477783232,1.068548e-01,4.579416e-01,1.000000e+00,6/32,7.94%,RBM8A;MAGOH;DCP1A;PPP2CA;RNPS1;NCBP1
prerank,RIP-mediated NFkB Activation Via ZBP1 R-HSA-1810476,-0.46382894328020696,-1.3485050637200897,1.209016e-01,4.541291e-01,1.000000e+00,5/16,13.71%,ZBP1;NFKBIB;NFKB1;IKBKB;RIPK3
prerank,Circadian Clock R-HSA-400253,-0.3438896197290283,-1.3458181117387407,7.407407e-02,4.558561e-01,1.000000e+00,14/51,15.95%,CREBBP;MEF2D;NCOA1;CSNK1D;PER1;CARM1;CRTC2;BMAL1;NOCT;NFIL3;UBB;SREBF1;TBL1X;CSNK1E
prerank,DNA Double Strand Break Response R-HSA-5693606,0.3622623753141095,1.345589282769648,7.341270e-02,7.370914e-01,1.000000e+00,26/44,33.93%,H2BC15;SMARCA5;BAZ1B;HERC2;MDC1;KDM4B;UBC;MRE11;ATM;RNF8;MAPK8;TP53;H2BC9;NSD2;H2BC12;UBA52;UBE2V2;APBB1;RAD50;KDM4A;PPP5C;H2BC11;ABRAXAS1;TP53BP1;BARD1;KAT5
prerank,Transcription Of HIV Genome R-HSA-167172,-0.32997455480184923,-1.34546258352334,4.697987e-02,4.512933e-01,1.000000e+00,23/66,20.97%,ELOA;TAF11;TAF10;ERCC3;POLR2C;POLR2D;RNMT;TAF15;NCBP1;ELOB;POLR2G;TAF4;ELL;MNAT1;CCNT1;CDK7;POLR2E;CCNT2;NELFCD;NELFA;POLR2J;TAF3;CDK9
prerank,Neurexins And Neuroligins R-HSA-6794361,0.4789644363583713,1.343882629927293,1.150943e-01,7.299144e-01,1.000000e+00,7/15,20.37%,EPB41;SIPA1L1;LIN7B;SHARPIN;PDLIM5;APBA3;DLGAP4
prerank,Chaperone Mediated Autophagy R-HSA-9613829,0.47422725692165185,1.3407716915233248,1.277014e-01,7.295147e-01,1.000000e+00,9/15,26.35%,EEF1A1;ARL13B;PCNT;HSPA8;HDAC6;UBC;IFT88;PLIN2;UBA52
prerank,G Alpha (S) Signaling Events R-HSA-418555,-0.36496876241154874,-1.3374168843041525,7.010309e-02,4.670611e-01,1.000000e+00,16/43,20.02%,GRK2;PDE4D;GNAS;GNB1;VIPR2;GRK6;ADCY7;GNGT2;PRKCA;PRKAR2A;PTRH2;ADCY9;ARRB1;PDE4A;GNAI2;SHC1
prerank,Transport To Golgi And Subsequent Modification R-HSA-948021,-0.2923802428142599,-1.333080036500475,3.805497e-02,4.739315e-01,1.000000e+00,25/127,11.20%,RAB1A;TFG;NAPG;TRAPPC10;SEC24C;STX5;DCTN4;PPP6R1;DYNLL2;TRAPPC2L;TRAPPC6A;SEC24B;CSNK1D;B4GALT4;MGAT4B;COG3;DYNC1LI1;DYNC1LI2;DCTN3;TBC1D20;SEC24A;TMED2;TRAPPC5;MAN2A2;CAPZA2
prerank,Activation Of BAD And Translocation To Mitochondria R-HSA-111447,0.4681703305777843,1.327750096938428,1.341223e-01,7.734476e-01,1.000000e+00,7/15,12.81%,PPP3CC;YWHAZ;PPP3R1;AKT3;YWHAH;YWHAB;YWHAQ
prerank,Sema4D In Semaphorin Signaling R-HSA-400685,-0.45456540352324437,-1.3265128785270357,1.226216e-01,4.861989e-01,1.000000e+00,4/16,12.82%,LIMK1;RHOC;RNMT;MYL6
prerank,GPCR Downstream Signaling R-HSA-388396,-0.2754422904470223,-1.3212960494326162,2.928870e-02,4.948979e-01,1.000000e+00,44/179,15.53%,PKN1;XCL1;CDC42;NRAS;GRK2;AKT1;PDE4D;GNAS;DGKQ;GNB1;PLEKHG2;VIPR2;ARHGEF7;GRK6;PREX1;SOS2;PPP2CA;GPR183;GNA13;RHOC;HEBP1;PPP2CB;ADCY7;GNGT2;GNAQ;XCL2;PRKCA;KPNA2;CCL5;PRKAR2A;PIK3R1;CCL4;PRKCB;RGS16;PTRH2;TRIO;ADCY9;GNA12;VAV3;LTB4R;CALM1;PLCB1;ARHGEF10;RIPK2
prerank,Axon Guidance R-HSA-422475,-0.2645326297701356,-1.3193537217069824,1.878914e-02,4.949539e-01,1.000000e+00,45/230,13.15%,NCK2;LIMK1;PKN1;RBM8A;MAGOH;CDC42;NRAS;GIT1;FARP2;IRS2;MAP2K2;ARHGEF7;CSNK2B;SOS2;RHOC;PLXNA4;CLTB;MYO9B;YES1;RNPS1;RNMT;PSMF1;PRKCA;PKN2;EPHA4;PSMD6;NCAM1;NCBP1;ZSWIM8;PSMB6;PRKAR2A;PLXNA3;PIK3R1;ELOB;CSNK2A2;PSME4;APH1A;TYROBP;USP33;UBB;LYN;MYL6;TRIO;CD72;ARPC2
prerank,Lagging Strand Synthesis R-HSA-69186,0.4463013448743537,1.3178373196970978,1.230769e-01,8.043076e-01,1.000000e+00,3/17,6.23%,RPA3;RFC5;RFC4
prerank,Transcriptional Regulation By MECP2 R-HSA-8986944,0.3728210901396389,1.3167976223835387,1.148148e-01,7.938544e-01,1.000000e+00,8/37,8.32%,PTPN4;HDAC1;LBR;FKBP5;MECP2;SLC2A3;PTPN1;DGCR8
prerank,Golgi Associated Vesicle Biogenesis R-HSA-432722,-0.351933787944142,-1.309413242746769,8.731809e-02,5.199065e-01,1.000000e+00,8/43,11.05%,RAB5C;FTL;FTH1;IGF2R;NECAP1;AP1S1;GAK;AP4B1
prerank,RNA Pol II CTD Phosphorylation And Interaction With CE R-HSA-77075,-0.3804793738182313,-1.3070789207745648,1.212121e-01,5.214583e-01,1.000000e+00,8/27,15.21%,ERCC3;POLR2C;POLR2D;RNMT;POLR2G;MNAT1;CDK7;POLR2E
prerank,Cell Recruitment (Pro-Inflammatory Response) R-HSA-9664424,-0.4233080702495086,-1.30618060897016,1.442886e-01,5.180579e-01,1.000000e+00,8/19,25.73%,PSTPIP1;P2RX4;NFKB1;IL18;C3AR1;P2RX7;HMOX1;ENTPD5
prerank,Thrombin Signaling Thru Proteinase Activated Receptors (PARs) R-HSA-456926,-0.43789166653302164,-1.3058264488290008,1.366337e-01,5.133187e-01,1.000000e+00,7/17,21.78%,GNB1;GNA13;GNGT2;GNAQ;GNA12;ARRB1;ARRB2
prerank,Positive Epigenetic Regulation Of rRNA Expression R-HSA-5250913,0.32992568080148044,1.305399157268521,1.034483e-01,8.336793e-01,1.000000e+00,17/59,19.48%,HDAC1;H2BC15;SMARCA5;RBBP4;BAZ1B;TBP;DEK;H2AC6;CBX3;POLR1H;KAT2A;EHMT2;MTA2;POLR1D;TAF1B;H2AC4;POLR1E
prerank,Death Receptor Signaling R-HSA-73887,-0.3017223602879284,-1.3035925450180652,5.639913e-02,5.141287e-01,1.000000e+00,27/97,16.36%,ARHGDIA;PLEKHG2;ARHGEF7;PREX1;SOS2;GNA13;FASN;OTULIN;BIRC2;BAD;USP4;CASP3;NFKB1;YWHAE;APH1A;IKBKB;UBB;TRIO;IRAK1;VAV3;MADD;USP25;NSMAF;ARHGEF10;RIPK2;TRAF1;BIRC3
prerank,Apoptotic Factor-Mediated Response R-HSA-111471,0.43815405151994613,1.3007505436476752,1.451292e-01,8.415687e-01,1.000000e+00,5/17,8.93%,CYCS;APIP;GSDMD;CDKN2A;CARD8
prerank,O-linked Glycosylation Of Mucins R-HSA-913709,-0.4029623011101293,-1.2973247707473012,1.307847e-01,5.267907e-01,1.000000e+00,4/22,4.23%,B3GNT7;GALNT10;GALNT3;B3GNT2
prerank,RAF Activation R-HSA-5673000,0.38461453758442393,1.2965479370069237,1.182171e-01,8.463383e-01,1.000000e+00,6/27,4.68%,PPP2R5A;ARAF;PPP2R5D;MAP2K1;PPP1CB;PPP2R5C
prerank,Protein-protein Interactions At Synapses R-HSA-6794362,0.4055459064941894,1.2960657213754008,1.491713e-01,8.338277e-01,1.000000e+00,10/23,20.37%,EPB41;SIPA1L1;LIN7B;PPFIA1;SHARPIN;IL1RAP;DLG1;PDLIM5;APBA3;DLGAP4
prerank,RHOU GTPase Cycle R-HSA-9013420,-0.36068880216032706,-1.2954631076704834,1.290984e-01,5.263185e-01,1.000000e+00,8/34,8.97%,NCK2;PKN1;CDC42;GIT1;ARHGEF7;STAM;PKN2;PIK3R1
prerank,Glycogen Metabolism R-HSA-8982491,0.4664760525203918,1.2938749709350716,1.414914e-01,8.301164e-01,1.000000e+00,10/15,27.08%,UGP2;PHKB;PGM1;GYG1;UBC;PYGB;GAA;AGL;UBA52;GYS1
prerank,tRNA Aminoacylation R-HSA-379724,0.3545386848469669,1.2928134716889113,1.283525e-01,8.209339e-01,1.000000e+00,12/40,20.74%,DARS1;QARS1;SARS1;RARS2;EPRS1;CARS1;PPA2;FARSA;IARS2;AARS1;WARS2;MARS2
prerank,Integration Of Energy Metabolism R-HSA-163685,-0.3345448360245542,-1.2927869842730393,1.379310e-01,5.287551e-01,1.000000e+00,21/50,22.52%,GNAS;GNB1;PPP2CA;FASN;SLC2A1;PPP2CB;ADCY7;GNGT2;GNAQ;PRKCA;PRKAR2A;TKT;PRKAG2;ADCY9;PLCB1;PLCB2;GNAI2;ITPR3;STX1A;ACSL3;TALDO1
prerank,Nervous System Development R-HSA-9675108,-0.25758923709549925,-1.2923747449115313,2.109705e-02,5.244406e-01,1.000000e+00,45/240,13.15%,NCK2;LIMK1;PKN1;RBM8A;MAGOH;CDC42;NRAS;GIT1;FARP2;IRS2;MAP2K2;ARHGEF7;CSNK2B;SOS2;RHOC;PLXNA4;CLTB;MYO9B;YES1;RNPS1;RNMT;PSMF1;PRKCA;PKN2;EPHA4;PSMD6;NCAM1;NCBP1;ZSWIM8;PSMB6;PRKAR2A;PLXNA3;PIK3R1;ELOB;CSNK2A2;PSME4;APH1A;TYROBP;USP33;UBB;LYN;MYL6;TRIO;CD72;ARPC2
prerank,DNA Strand Elongation R-HSA-69190,0.3961925897453614,1.2912933934318604,1.414538e-01,8.144366e-01,1.000000e+00,4/24,6.23%,RPA3;MCM3;RFC5;RFC4
prerank,Organelle Biogenesis And Maintenance R-HSA-1852241,0.2604239296926083,1.290269737778742,2.811245e-02,8.055782e-01,1.000000e+00,67/211,23.90%,CEP57;MAPK14;TUBA1A;CKAP5;ARF4;CYCS;TRIP11;ATP5PO;CEP250;TCP1;RAB11A;ARL13B;CCT3;KIF3B;IMMT;SEPTIN2;CNTRL;PAFAH1B1;IFT57;PCNT;CEP290;HAUS1;CEP78;HAUS4;PTGES2;BBS2;SCLT1;CCT4;PDE6D;HDAC6;CCT8;CCT2;CDK5RAP2;GLUD1;NCOA6;DYNC2I1;ALAS1;SFI1;CREB1;TMEM216;PRKD2;DYNLL1;PCM1;EXOC1;IFT27;CHD9;PPARA;TUBB;ATP5PD;CEP162;DYNC2H1;BBS9;CEP89;TCTN3;ODF2;DNAJC11;ATP5MC3;SSBP1;EXOC2;CHCHD3;ATP5F1B;IFT88;CEP76;MTERF1;CEP192;SIRT5;GABPA
prerank,Translesion Synthesis By POLH R-HSA-110320,0.4451081885811709,1.2896051115121832,1.619586e-01,7.956088e-01,1.000000e+00,5/16,14.05%,RPA3;RFC5;RFC4;VCP;UBC
prerank,FGFR1 Mutant Receptor Activation R-HSA-1839124,0.42203017262564185,1.289270122064737,1.341912e-01,7.844151e-01,1.000000e+00,6/19,13.96%,STAT3;FGFR1OP2;STAT5A;CNTRL;PIK3CA;TRIM24
prerank,G1/S-Specific Transcription R-HSA-69205,0.44161475532830635,1.2889551838584412,1.779026e-01,7.737199e-01,1.000000e+00,4/17,7.47%,HDAC1;RBL2;RBBP4;E2F4
prerank,Signaling By GPCR R-HSA-372790,-0.2680815564282637,-1.2879277589582374,4.000000e-02,5.320951e-01,1.000000e+00,45/188,15.53%,PKN1;XCL1;CDC42;NRAS;GRK2;AKT1;PDE4D;GNAS;DGKQ;GNB1;PLEKHG2;VIPR2;ARHGEF7;GRK6;PREX1;SOS2;PPP2CA;GPR183;GNA13;RHOC;HEBP1;PPP2CB;ADCY7;GNGT2;GNAQ;XCL2;PRKCA;KPNA2;CCL5;PRKAR2A;PIK3R1;CCL4;PRKCB;RGS16;PTRH2;PTCH2;TRIO;ADCY9;GNA12;VAV3;LTB4R;CALM1;PLCB1;ARHGEF10;RIPK2
prerank,RAB GEFs Exchange GTP For GDP On RABs R-HSA-8876198,-0.3187364291467989,-1.287721845146162,7.954545e-02,5.272495e-01,1.000000e+00,9/68,4.42%,RAB1A;RAB5C;TRAPPC10;AKT1;ULK1;TRAPPC2L;TRAPPC6A;RAB14;RIN3
prerank,N-glycan Antennae Elongation In medial/trans-Golgi R-HSA-975576,-0.4316272584732289,-1.2854117124311513,1.643287e-01,5.289330e-01,1.000000e+00,7/16,23.15%,B4GALT4;MGAT4B;MAN2A2;MGAT4A;CHST10;ST8SIA6;B4GALT1
prerank,NR1H3 And NR1H2 Regulate Gene Expression Linked To Cholesterol Transport And Efflux R-HSA-9029569,-0.3968193143894278,-1.284535143347287,1.392931e-01,5.264063e-01,1.000000e+00,6/24,14.71%,NCOA1;TNRC6A;AGO4;AGO2;ARL4C;TBL1X
prerank,G-protein Mediated Events R-HSA-112040,-0.38905512888030047,-1.2844089554281723,1.461864e-01,5.215841e-01,1.000000e+00,13/27,21.90%,GRK2;ADCY7;GNAQ;PRKCA;KPNA2;PRKAR2A;ADCY9;CALM1;PLCB1;PLCB2;GNAI2;ITPR3;PRKX
prerank,PIWI-interacting RNA (piRNA) Biogenesis R-HSA-5601884,-0.4437377318779284,-1.2801577332750407,1.527495e-01,5.288671e-01,1.000000e+00,6/16,19.11%,POLR2C;POLR2D;POLR2G;POLR2E;TDRKH;POLR2J
prerank,RHOC GTPase Cycle R-HSA-9013106,-0.3277386191379987,-1.2704387419269836,1.188960e-01,5.526644e-01,1.000000e+00,12/49,8.97%,PKN1;ARHGDIA;STX5;ARHGAP21;PREX1;RHOC;FLOT1;MYO9B;PKN2;ARHGAP5;ARHGAP26;PIK3R1
prerank,TP53 Regulates Metabolic Genes R-HSA-5628897,-0.304899481423988,-1.2675287157328552,1.106383e-01,5.557150e-01,1.000000e+00,21/75,14.75%,AKT1;DDIT4;LAMTOR1;LAMTOR4;PRKAG1;COX7B;COX19;PRDX5;COX5B;TNRC6A;AGO4;SESN3;COX6A1;AGO2;SURF1;YWHAE;LRPPRC;PRKAG2;MLST8;LAMTOR5;COX8A
prerank,Programmed Cell Death R-HSA-5357801,0.2677449645233045,1.265986255163817,7.480315e-02,8.677862e-01,1.000000e+00,30/168,9.68%,SPTAN1;KPNB1;FNTA;PPP3CC;STAT3;CYCS;H1-2;PRKCQ;IRF2;PSMD2;YWHAZ;H1-4;ADD1;H1-3;PSMD11;GZMB;APIP;MAGED1;PSMB2;PPP3R1;AKT3;DAPK2;GSDMD;BCL2L1;RIPK1;YWHAH;CDKN2A;CARD8;YWHAB;RRM1
prerank,Interleukin-17 Signaling R-HSA-448424,-0.33478651342624377,-1.265816251064198,1.132075e-01,5.555305e-01,1.000000e+00,14/50,15.89%,MAP3K8;MAPKAPK2;PPP2CA;MAP2K3;MAPK9;TNIP2;PPP2CB;MAP2K7;NFKB1;IKBKB;UBB;IRAK1;RIPK2;DUSP6
prerank,MAP Kinase Activation R-HSA-450294,-0.3371363341683482,-1.265717003247831,1.170431e-01,5.506005e-01,1.000000e+00,14/48,15.89%,MAP3K8;MAPKAPK2;PPP2CA;MAP2K3;MAPK9;TNIP2;PPP2CB;MAP2K7;NFKB1;IKBKB;UBB;IRAK1;RIPK2;DUSP6
prerank,RHOA GTPase Cycle R-HSA-8980692,0.29315799214550947,1.2653637752491451,8.860759e-02,8.576227e-01,1.000000e+00,20/92,10.76%,ARHGEF3;TAGAP;ARHGAP30;LBR;STK10;ARHGAP45;SLK;ERBIN;TMPO;DIAPH1;PLEKHG3;ARHGEF2;AKAP13;LMAN1;STOM;ARHGAP1;ACBD5;PRPF38B;ARAP3;HMOX2
prerank,PCNA-Dependent Long Patch Base Excision Repair R-HSA-5651801,0.42175217039959745,1.2633821068701916,1.647510e-01,8.545377e-01,1.000000e+00,3/18,6.23%,RPA3;RFC5;RFC4
prerank,Metabolism Of Cofactors R-HSA-8978934,-0.4431376639055451,-1.2611837828207693,1.580042e-01,5.584473e-01,1.000000e+00,4/15,8.19%,AKT1;PTS;GCH1;PDSS1
prerank,Transport Of Ribonucleoproteins Into Host Nucleus R-HSA-168271,0.35414225857687776,1.2610639086734705,1.338432e-01,8.531668e-01,1.000000e+00,9/34,17.33%,KPNB1;NUP62;NUP50;PBRM1;NUP37;NUP58;GNL3;NUP188;NUP85
prerank,Kinesins R-HSA-983189,0.4229385811077078,1.2601166990185049,1.766990e-01,8.452569e-01,1.000000e+00,3/17,6.93%,KIF2A;KIF3B;KIF21A
prerank,Estrogen-dependent Gene Expression R-HSA-9018519,-0.29344093914998215,-1.259361268126328,7.214429e-02,5.588914e-01,1.000000e+00,21/91,11.95%,H2AJ;CREBBP;H2AX;GATA3;JUND;NCOA1;POLR2C;POLR2D;CTSD;CARM1;KPNA2;H3-3B;PMEPA1;TNRC6A;AGO4;AXIN1;POLR2G;AGO2;H2AZ1;CCNT1;SMC3
prerank,"Signaling By Rho GTPases, Miro GTPases And RHOBTB3 R-HSA-9716542",0.24101194212047974,1.2589934072283138,1.330798e-02,8.382255e-01,1.000000e+00,92/439,15.34%,SPTAN1;MAPK14;PPP2R5A;ARHGEF3;XPO1;TAGAP;S100A8;CKAP5;ARHGAP25;ARHGAP30;ADD3;KIF2A;H2BC15;LBR;STK10;NCKAP1L;S100A9;ARHGAP45;SLC4A7;SLK;STK38;ERBIN;PPP2R5D;TMPO;TMOD3;DIAPH1;PLEKHG3;ARHGEF2;RNF20;YWHAZ;PPP1CB;ARHGEF6;CYFIP2;ARMCX3;FNBP1;ACTR3;ARL13B;PPP2R5C;AKAP13;NDEL1;LMAN1;GIT2;CDKN1B;STOM;CDC42EP3;ANKRD26;CLTC;DOCK10;ARHGAP1;CCT6A;ACBD5;RHOT1;MYO6;STIP1;ARHGAP15;BUB3;ARHGAP17;YWHAH;H2AC6;ZWILCH;WASF2;YWHAB;VCP;NCK1;PRPF38B;NUP37;PAFAH1B1;GOLGA3;ARAP3;HMOX2;LRRC41;RBMX;ACTR2;MFN1;TAOK1;ITSN2;DBT;LIN7B;LCK;PIK3CA;YWHAQ;TAOK3;PPP1CC;HINT2;IQGAP2;CCT2;GFOD1;RTKN;RBM15;CCT7;VAPB;ZW10
prerank,Nuclear Import Of Rev Protein R-HSA-180746,0.35395375325170836,1.255680387526627,1.344697e-01,8.420614e-01,1.000000e+00,9/33,17.33%,KPNB1;NUP62;NUP50;RAN;NUP37;NPM1;NUP58;NUP188;NUP85
prerank,Pre-NOTCH Expression And Processing R-HSA-1912422,-0.3199904082383644,-1.255323512748417,1.219008e-01,5.665551e-01,1.000000e+00,15/57,12.79%,H2AJ;CREBBP;SNW1;H2AX;FURIN;RFNG;NOTCH1;H3-3B;LFNG;TNRC6A;AGO4;AGO2;TMED2;H2AZ1;SEL1L
prerank,Smooth Muscle Contraction R-HSA-445355,-0.39487930940875915,-1.255172818395898,1.894094e-01,5.618592e-01,1.000000e+00,8/22,18.80%,PKN1;PKN2;SORBS3;TPM3;MYL6;CALM1;ANXA6;GUCY1A1
prerank,Cellular Response To Starvation R-HSA-9711097,-0.3064333404694149,-1.2502858521338645,1.404255e-01,5.712789e-01,1.000000e+00,16/63,15.83%,ATF4;TCIRG1;ATP6V1H;CEBPG;LAMTOR1;LAMTOR4;FNIP1;ATP6V0C;SEH1L;SEC13;MLST8;ATP6V1G1;LAMTOR5;RSL24D1;ITFG2;CASTOR2
prerank,Transcriptional Regulation By TP53 R-HSA-3700989,-0.248185209257813,-1.249541976952261,3.904555e-02,5.684353e-01,1.000000e+00,57/285,12.47%,ELOA;GATAD2A;BRD7;BCL6;AKT1;RABGGTA;TAF11;DDIT4;CREBBP;CSNK2B;TAF10;LAMTOR1;PPP2CA;LAMTOR4;ERCC3;FASN;PIP4K2A;BBC3;PRKAG1;POLR2C;PPP2CB;ING3;POLR2D;RHNO1;KMT5A;HIPK1;CARM1;COX7B;COX19;PRDX5;PCBP4;CNOT1;USP7;TRIAP1;TAF15;COX5B;TNRC6A;AGO4;SESN3;COX6A1;PIDD1;ELOB;POLR2G;CSNK2A2;TAF4;AGO2;SURF1;YWHAE;ELL;MNAT1;LRPPRC;MDM4;PRKAG2;BRD1;CCNT1;UBB;CDK7
prerank,Signaling By ERBB4 R-HSA-1236394,-0.3583533740567324,-1.2473936037281859,1.721133e-01,5.697379e-01,1.000000e+00,6/32,12.26%,MXD4;ADAP1;NRAS;PIK3R1;APH1A;UBB
prerank,PLC Beta Mediated Events R-HSA-112043,-0.38729755968605845,-1.2472596599548136,1.740042e-01,5.651801e-01,1.000000e+00,12/24,21.90%,GRK2;ADCY7;GNAQ;PRKCA;KPNA2;PRKAR2A;ADCY9;CALM1;PLCB1;PLCB2;ITPR3;PRKX
prerank,MAP3K8 (TPL2)-dependent MAPK1/3 Activation R-HSA-5684264,-0.43059071659470205,-1.24352495961593,1.734694e-01,5.720162e-01,1.000000e+00,5/15,12.26%,MAP3K8;TNIP2;NFKB1;IKBKB;UBB
prerank,Signaling By Rho GTPases R-HSA-194315,0.23846220039915936,1.2409797090051435,1.538462e-02,9.008542e-01,1.000000e+00,89/426,15.34%,SPTAN1;MAPK14;PPP2R5A;ARHGEF3;XPO1;TAGAP;S100A8;CKAP5;ARHGAP25;ARHGAP30;ADD3;KIF2A;H2BC15;LBR;STK10;NCKAP1L;S100A9;ARHGAP45;SLC4A7;SLK;STK38;ERBIN;PPP2R5D;TMPO;TMOD3;DIAPH1;PLEKHG3;ARHGEF2;RNF20;YWHAZ;PPP1CB;ARHGEF6;CYFIP2;ARMCX3;FNBP1;ACTR3;ARL13B;PPP2R5C;AKAP13;NDEL1;LMAN1;GIT2;CDKN1B;STOM;CDC42EP3;ANKRD26;CLTC;DOCK10;ARHGAP1;CCT6A;ACBD5;MYO6;STIP1;ARHGAP15;BUB3;ARHGAP17;YWHAH;H2AC6;ZWILCH;WASF2;YWHAB;VCP;NCK1;PRPF38B;NUP37;PAFAH1B1;GOLGA3;ARAP3;HMOX2;RBMX;ACTR2;TAOK1;ITSN2;DBT;LIN7B;LCK;PIK3CA;YWHAQ;TAOK3;PPP1CC;HINT2;IQGAP2;CCT2;GFOD1;RTKN;RBM15;CCT7;VAPB;ZW10
prerank,GPER1 Signaling R-HSA-9634597,-0.3935294811232559,-1.2405871740839263,1.757322e-01,5.760713e-01,1.000000e+00,9/21,20.02%,GNAS;GNB1;ADCY7;GNGT2;PRKCA;PRKAR2A;ADCY9;GNAI2;SHC1
prerank,RAS Processing R-HSA-9648002,0.44738641526287937,1.2400944692551061,1.821705e-01,8.928157e-01,1.000000e+00,8/15,17.58%,FNTA;PRKCQ;BCL2L1;PDE6D;ABHD17B;GOLGA7;ABHD17C;LYPLA1
prerank,Beta-catenin Independent WNT Signaling R-HSA-3858494,-0.27601607307236686,-1.2400892447714553,1.236443e-01,5.725108e-01,1.000000e+00,33/105,21.78%,NRAS;TCF7;RYK;GNB1;CLTB;GNGT2;PSMF1;PRKCA;PSMD6;PSMB6;TNRC6A;AGO4;AGO2;PSME4;NFATC1;PRKCB;UBB;PDE6G;CALM1;PLCB1;PSME2;PSMB3;SMURF1;PSMA1;PDE6B;PLCB2;PFN1;AP2A1;PSMD9;PSME1;ITPR3;AP2A2;ARRB2
prerank,Neurotransmitter Receptors And Postsynaptic Signal Transmission R-HSA-112314,-0.31364564986045446,-1.2390019313787817,1.219512e-01,5.712502e-01,1.000000e+00,21/62,21.90%,NRAS;GIT1;GNB1;ARHGEF7;PRKAG1;ADCY7;GNGT2;PRKCA;KPNA2;PRKAR2A;PRKCB;CASK;PRKAG2;ADCY9;CALM1;PLCB1;PLCB2;AP2A1;GNAI2;AP2A2;PRKX
prerank,Formation Of Early Elongation Complex R-HSA-113418,-0.34632804572321985,-1.2380471554400885,1.516393e-01,5.691908e-01,1.000000e+00,11/33,19.11%,ERCC3;POLR2C;POLR2D;NCBP1;POLR2G;MNAT1;CDK7;POLR2E;NELFCD;NELFA;POLR2J
prerank,Processing Of DNA Double-Strand Break Ends R-HSA-5693607,0.32240824768823434,1.236674850820302,1.571429e-01,8.971730e-01,1.000000e+00,27/56,33.93%,H2BC15;PPP4R2;RPA3;RFC5;PPP4C;RFC4;HERC2;MDC1;RAD17;UBC;ATRIP;MRE11;ATM;TIMELESS;RNF8;H2BC9;NSD2;H2BC12;BLM;UBA52;UBE2V2;RAD50;H2BC11;ABRAXAS1;TP53BP1;BARD1;KAT5
prerank,Negative Regulation Of MAPK Pathway R-HSA-5675221,-0.35219047631073036,-1.235629624173408,1.636364e-01,5.715331e-01,1.000000e+00,7/34,5.22%,PTPN7;DUSP12;NRAS;DUSP2;MAP2K2;PPP2CA;PPP2CB
prerank,tRNA Processing R-HSA-72306,0.2871469597580814,1.2351043823797998,1.013917e-01,8.924813e-01,1.000000e+00,37/93,28.95%,NUP62;NUP50;TRNT1;THADA;RTCB;TYW1;NSUN2;RAN;NUP37;CDKAL1;ALKBH8;EPRS1;TYW5;NUP58;RPP38;POP7;ZBTB8OS;ELAC2;RPP21;TYW3;NUP188;NUP85;TRMT13;TRMT6;NUP42;CTU2;TSEN15;GTPBP3;FTSJ1;OSGEP;NUP107;NUP93;CPSF4;ADAT1;TSEN34;TRMT61B;RPP30
prerank,mTORC1-mediated Signaling R-HSA-166208,0.4015975294759192,1.2349080215192305,2.000000e-01,8.817899e-01,1.000000e+00,9/20,19.70%,RRAGA;EIF4B;YWHAB;EEF2K;EIF4G1;SLC38A9;AKT1S1;MTOR;RRAGB
prerank,Signaling By ALK R-HSA-201556,0.4185434995795577,1.2347255413552736,2.011385e-01,8.712650e-01,1.000000e+00,5/19,12.73%,HDAC1;STAT3;PLCG1;HIF1A;PIK3CA
prerank,Mitophagy R-HSA-5205647,-0.3732943880594507,-1.233825557668482,1.854839e-01,5.722146e-01,1.000000e+00,10/25,18.14%,MAP1LC3B;ULK1;CSNK2B;TOMM22;CSNK2A2;PGAM5;UBB;PINK1;TOMM5;TOMM40
prerank,Gap-filling DNA Repair Synthesis And Ligation In GG-NER R-HSA-5696397,0.3973489277743705,1.2313206151285583,1.760300e-01,8.759314e-01,1.000000e+00,4/20,6.23%,RPA3;RFC5;POLK;RFC4
prerank,Neutrophil Degranulation R-HSA-6798695,0.2420251285738007,1.2303044561779106,2.607076e-02,8.701681e-01,1.000000e+00,87/315,20.30%,SPTAN1;MAPK14;KPNB1;S100A8;ENPP4;XRCC5;STK10;NCKAP1L;S100A9;ARHGAP45;PTPRC;APEH;NIT2;DIAPH1;SCAMP1;PSMD2;RAB10;XRCC6;MLEC;CD47;EEF1A1;PSMD11;VCL;KCNAB2;HGSNAT;CXCR2;PIKFYVE;CPNE3;VAT1;GHDC;COPB1;UNC13D;STOM;EEF2;PRDX4;PSEN1;SLCO4C1;GSDMD;IMPDH2;LPCAT1;PGM1;SLC2A3;GDI2;CTSA;STING1;VCP;RAP1B;CEP290;HMOX2;ADAM10;ACTR2;CD53;SLC44A2;LYZ;TMBIM1;PTGES2;GYG1;HUWE1;TRAPPC1;CAP1;CTSC;BIN2;CYB5R3;IQGAP2;HSPA8;CCT8;PKM;CCT2;PPBP;GOLGA7;DYNLL1;OSTF1;RAP1A;PSMD13;RAB6A;SERPINB6;TUBB;PYGB;GLB1;CD59;TSPAN14;GAA;SNAP23;PRCP;PRKCSH;PSMA5;CAPN1
prerank,Developmental Biology R-HSA-1266738,-0.2308737289978979,-1.2291544443785727,2.494802e-02,5.816401e-01,1.000000e+00,73/418,13.15%,NCK2;LIMK1;PKN1;RBM8A;MAGOH;CDC42;NRAS;GIT1;AKT1;H2AJ;FARP2;IRS2;TCF7;KRT81;MED10;KRT86;MAP2K2;CREBBP;ARHGEF7;CSNK2B;SNW1;H2AX;MEF2D;SOS2;FURIN;TGFB1;RHOC;PLXNA4;CLTB;TRIM33;NCOA1;MYO9B;MED30;POLR2C;YES1;POLR2D;RNPS1;RNMT;PSMF1;CARM1;PRKCA;MED13L;PKN2;EPHA4;NOTCH1;PSMD6;HHEX;NCAM1;H3-3B;NCBP1;ZSWIM8;PSMB6;PRKAR2A;PLXNA3;PIK3R1;SPAG9;ELOB;POLR2G;CSNK2A2;NFKB1;PSME4;APH1A;H2AZ1;TYROBP;USP33;UBB;LYN;SREBF1;MYL6;TRIO;MED4;CD72;ARPC2
prerank,P75 NTR Receptor-Mediated Signaling R-HSA-193704,-0.310440082953679,-1.2283570425433785,1.313559e-01,5.793560e-01,1.000000e+00,18/58,15.53%,ARHGDIA;PLEKHG2;ARHGEF7;PREX1;SOS2;GNA13;BAD;CASP3;NFKB1;YWHAE;APH1A;IKBKB;UBB;TRIO;IRAK1;VAV3;ARHGEF10;RIPK2
prerank,Anchoring Of Basal Body To Plasma Membrane R-HSA-5620912,0.28874519023920914,1.2244872592969687,1.267606e-01,8.864010e-01,1.000000e+00,24/81,20.17%,CEP57;TUBA1A;CKAP5;CEP250;RAB11A;SEPTIN2;CNTRL;PAFAH1B1;PCNT;CEP290;HAUS1;CEP78;HAUS4;SCLT1;CDK5RAP2;SFI1;TMEM216;DYNLL1;PCM1;TUBB;CEP162;CEP89;TCTN3;ODF2
prerank,Presynaptic Phase Of Homologous DNA Pairing And Strand Exchange R-HSA-5693616,0.3730678484719555,1.2230788359290696,1.896208e-01,8.818726e-01,1.000000e+00,8/26,20.53%,RPA3;RFC5;RFC4;RAD17;ATRIP;MRE11;ATM;RAD51C
prerank,RUNX1 Interacts With Co-Factors Whose Precise Effect On RUNX1 Targets Is Not Known R-HSA-8939243,-0.36195477350076294,-1.2229771409421668,1.786448e-01,5.911532e-01,1.000000e+00,7/30,9.31%,CBX4;ARID1B;CSNK2B;PHC2;YAF2;PCGF5;CSNK2A2
prerank,RHOD GTPase Cycle R-HSA-9013405,0.35019944640605727,1.2222034020627723,1.715976e-01,8.748899e-01,1.000000e+00,11/37,15.85%,ADD3;LBR;SLC4A7;TMPO;DIAPH1;LMAN1;ARHGAP1;ARHGAP17;HINT2;VAPB;WHAMM
prerank,Hemostasis R-HSA-109582,0.2412845186435109,1.2205114207123091,5.451128e-02,8.718590e-01,1.000000e+00,67/294,18.36%,MAPK14;PPP2R5A;PRKACB;PRKAR1A;HDAC1;ITGA4;RASGRP1;KIF2A;PAFAH2;S100A9;PRKCQ;FAM3C;STIM1;PIK3CG;PPP2R5D;TMX3;IRF2;CAPZA1;EHD1;YWHAZ;GLG1;ENDOD1;CD47;PLEK;SOD1;CRK;RASGRP2;ANXA5;ATP2B4;VCL;PPP2R5C;PIKFYVE;ATP2A3;KIF3B;PLCG1;DOCK10;APBB1IP;KIF21A;SELPLG;PTPN1;GNG10;AK3;STXBP3;RAP1B;MFN1;TAGLN2;CD48;F2R;LCK;PIK3CA;CAP1;PICK1;SLC16A3;PPBP;AKAP10;ITGA6;INPP5D;KIF9;RAP1A;LCP2;PRKCH;CDC37L1;PPIL2;SERPINB6;VTI1B;CD2;SPNS1
prerank,Sialic Acid Metabolism R-HSA-4085001,0.42053677929220595,1.2193888183417212,1.962422e-01,8.663626e-01,1.000000e+00,5/18,10.34%,ST8SIA4;ST6GAL1;CTSA;CMAS;ST3GAL1
prerank,HSF1 Activation R-HSA-3371511,0.3850091342790711,1.2166823109721856,2.208835e-01,8.682728e-01,1.000000e+00,8/23,17.28%,HSPH1;EEF1A1;PTGES3;RPA3;VCP;FKBP4;HDAC6;MRPL18
prerank,Chaperonin-mediated Protein Folding R-HSA-390466,0.3086339275123016,1.215731958568057,1.682975e-01,8.625918e-01,1.000000e+00,18/57,17.64%,USP11;TUBA1A;STAT3;TCP1;LONP2;CCT3;CCT6A;GNG10;PFDN6;DCAF7;WRAP53;CCT4;CCT8;CCT2;FBXO4;CCT7;TUBB;TUBA1C
prerank,EGFR Downregulation R-HSA-182971,-0.4016242614008281,-1.214406615005816,2.021277e-01,6.138997e-01,1.000000e+00,4/18,3.19%,CDC42;ARHGEF7;SPRY2;STAM
prerank,Cellular Response To Heat Stress R-HSA-3371556,0.28856697361684625,1.214404451497399,1.150097e-01,8.585400e-01,1.000000e+00,22/83,18.28%,HSPA4;NUP62;ST13;NUP50;HSPH1;HIKESHI;EEF1A1;PTGES3;RPA3;VCP;NUP37;FKBP4;NUP58;HSPA8;HDAC6;CCAR2;AKT1S1;NUP188;MRPL18;NUP85;MTOR;ATM
prerank,"mRNA Activation Upon Binding Of Cap-Binding Complex And eIFs, Subsequent Binding To 43S R-HSA-72662",0.37225738322908547,1.2138091597784444,1.960396e-01,8.419736e-01,1.000000e+00,11/25,23.12%,EIF3A;EIF4B;EIF2S1;EIF3L;EIF3E;EIF4A2;EIF4G1;PABPC1;EIF3K;EIF3H;EIF2S2
prerank,Translation Initiation Complex Formation R-HSA-72649,0.37225738322908547,1.2138091597784444,1.960396e-01,8.419736e-01,1.000000e+00,11/25,23.12%,EIF3A;EIF4B;EIF2S1;EIF3L;EIF3E;EIF4A2;EIF4G1;PABPC1;EIF3K;EIF3H;EIF2S2
prerank,Signaling By Retinoic Acid R-HSA-5362517,0.39289198571058936,1.2126000518028242,1.941176e-01,8.381591e-01,1.000000e+00,8/19,24.24%,RDH11;RDH14;CPT1A;PDK2;RXRB;AKR1C3;PDK3;RARA
prerank,RAC1 GTPase Cycle R-HSA-9013149,-0.2756294486862666,-1.2123447754377368,1.092437e-01,6.156205e-01,1.000000e+00,21/109,10.50%,ARHGAP4;PKN1;ARHGDIA;CDC42;GIT1;FARP2;PLEKHG2;ARHGAP21;ARHGEF7;LAMTOR1;PREX1;SOS2;NISCH;GNA13;MYO9B;PKN2;ARHGAP5;ARHGAP26;PIK3R1;WIPF2;ARHGAP9
prerank,Rev-mediated Nuclear Export Of HIV RNA R-HSA-165054,0.34209343485276833,1.2116596696999602,1.676413e-01,8.333303e-01,1.000000e+00,9/34,17.33%,XPO1;NUP62;NUP50;RAN;NUP37;NUP58;RANBP1;NUP188;NUP85
prerank,Diseases Associated With TLR Signaling Cascade R-HSA-5602358,0.41210765069673355,1.211431476246212,2.301887e-01,8.253585e-01,1.000000e+00,3/18,7.71%,S100A8;S100A9;IRAK4
prerank,Protein Methylation R-HSA-8876725,0.4291910476046359,1.2108644439854765,2.161654e-01,8.187656e-01,1.000000e+00,9/15,30.77%,EEF1A1;EEF2;VCPKMT;VCP;HSPA8;CAMKMT;METTL22;EEF1AKMT2;EEF2KMT
prerank,Regulation Of TNFR1 Signaling R-HSA-5357905,-0.3448548578242074,-1.2074402845620145,1.991870e-01,6.260474e-01,1.000000e+00,9/32,16.36%,OTULIN;BIRC2;USP4;IKBKB;UBB;MADD;USP25;TRAF1;BIRC3
prerank,Heme Signaling R-HSA-9707616,-0.351113004318934,-1.2065243565043084,1.875000e-01,6.241580e-01,1.000000e+00,9/30,16.69%,CREBBP;MEF2D;NCOA1;CARM1;CRTC2;BMAL1;TBL1X;MAFK;NFE2L2
prerank,EML4 And NUDC In Mitotic Spindle Formation R-HSA-9648025,0.2961690089471355,1.206201151650597,1.656920e-01,8.291490e-01,1.000000e+00,18/68,17.33%,PPP2R5A;XPO1;CKAP5;KIF2A;NEK9;PPP2R5D;PPP2R5C;NEK7;NDEL1;BUB3;ZWILCH;NUP37;PAFAH1B1;TAOK1;PPP1CC;ZW10;DYNLL1;NUP85
prerank,Translocation Of SLC2A4 (GLUT4) To Plasma Membrane R-HSA-1445148,0.32064698610775894,1.2058302555097782,1.900826e-01,8.220139e-01,1.000000e+00,19/45,26.44%,LNPEP;YWHAZ;RAB10;RAB11A;KIF3B;RALA;YWHAH;YWHAB;STXBP3;VAMP2;YWHAQ;EXOC1;SNAP23;EXOC2;REXO2;STX4;TBC1D1;ASPSCR1;MYH9
prerank,RNA Polymerase I Transcription R-HSA-73864,0.29944920023535776,1.2035928861413627,1.417476e-01,8.143265e-01,1.000000e+00,19/64,19.48%,HDAC1;UBTF;H2BC15;RBBP4;TBP;GTF2H1;GTF2H3;H2AC6;CBX3;POLR1H;KAT2A;EHMT2;MTA2;CCNH;GTF2H5;POLR1D;TAF1B;H2AC4;POLR1E
prerank,RNA Polymerase I Promoter Clearance R-HSA-73854,0.29944920023535776,1.2035928861413627,1.417476e-01,8.143265e-01,1.000000e+00,19/64,19.48%,HDAC1;UBTF;H2BC15;RBBP4;TBP;GTF2H1;GTF2H3;H2AC6;CBX3;POLR1H;KAT2A;EHMT2;MTA2;CCNH;GTF2H5;POLR1D;TAF1B;H2AC4;POLR1E
prerank,Amino Acids Regulate mTORC1 R-HSA-9639288,-0.31163021258608165,-1.201199258435323,1.641469e-01,6.362457e-01,1.000000e+00,13/46,15.83%,TCIRG1;ATP6V1H;LAMTOR1;LAMTOR4;FNIP1;ATP6V0C;SEH1L;SEC13;MLST8;ATP6V1G1;LAMTOR5;ITFG2;CASTOR2
prerank,Regulation Of TP53 Activity Thru Acetylation R-HSA-6804758,-0.35939985998714,-1.2003542855828273,1.920000e-01,6.337683e-01,1.000000e+00,5/27,5.28%,GATAD2A;BRD7;AKT1;PIP4K2A;ING3
prerank,Signaling To ERKs R-HSA-187687,0.35861467762543314,1.1999718271975912,2.370370e-01,8.221563e-01,1.000000e+00,7/26,9.20%,MAPK14;RALGDS;MAP2K1;BCL11B;CRK;RALA;YWHAB
prerank,DNA Repair R-HSA-73894,0.24382343095181655,1.1976934767935727,8.754864e-02,8.231663e-01,1.000000e+00,79/256,25.16%,XRCC5;TDP2;H2BC15;SMARCA5;PRKDC;COPS5;BAZ1B;RNF111;XRCC6;INO80D;PPP4R2;RPA3;COPS7A;RFC5;RAD23B;POLK;GTF2H1;PPP4C;DDB2;RFC4;REV3L;UBE2B;HERC2;TDP1;ZNF830;GTF2H3;MDC1;H2AC6;FAAP20;USP32;PARP1;VCP;PMS2;INO80B;RUVBL1;DCLRE1A;KDM4B;RAD52;REV1;ERCC8;PARG;RAD17;MSH3;POLR2I;UBC;CCNH;ATRIP;RBX1;ASCC1;MRE11;GTF2H5;GEN1;FAN1;FANCF;H2AC4;ATM;YY1;UBA7;TIMELESS;LRIG1;RNF8;POLM;RAD51C;LRIF1;RAD18;MAPK8;POLL;TP53;H2BC9;COPS6;POLI;NSD2;H2BC12;UVSSA;CUL4A;TERF2IP;ACTL6A;FANCI;BLM
prerank,Translesion Synthesis By Y Family DNA Polymerases Bypasses Lesions On DNA Template R-HSA-110313,0.33639662531017717,1.1968433423722398,1.838235e-01,8.183415e-01,1.000000e+00,9/33,14.05%,RPA3;RFC5;POLK;RFC4;REV3L;USP32;VCP;REV1;UBC
prerank,RAF/MAP Kinase Cascade R-HSA-5673001,0.2592523941473396,1.1962645609673552,1.168317e-01,8.126041e-01,1.000000e+00,44/156,20.61%,SPTAN1;PPP2R5A;FNTA;RASGRP1;RALGDS;ARAF;PRKCQ;PPP2R5D;MAP2K1;PSMD2;PPP1CB;PSMD11;VCL;DUSP16;PPP2R5C;IL5RA;PSMB2;ERBB2;APBB1IP;BCL2L1;YWHAB;RAP1B;PSMD10;RASA3;PEA15;PIK3CA;PSMD4;PPP1CC;PDE6D;UBC;ABHD17B;GOLGA7;RBX1;DLG1;RAP1A;ABHD17C;PSMD13;LYPLA1;SPNS1;PTPRA;PIK3R2;PSMA5;RGL2;CSK
prerank,Signaling By TGF-beta Receptor Complex R-HSA-170834,0.28843921516201304,1.1960773715475161,1.490196e-01,8.053372e-01,1.000000e+00,18/71,18.04%,TGFBR2;UCHL5;XPO1;HDAC1;RNF111;PPP1CB;MTMR4;LTBP4;E2F4;PARP1;PPP1CC;UBC;YBX1;PPP1R15A;PPM1A;TFDP1;SMAD3;SRFBP1
prerank,tRNA Processing In Nucleus R-HSA-6784531,0.3105308946148424,1.1951179674533068,1.726755e-01,8.012510e-01,1.000000e+00,21/51,28.95%,NUP62;NUP50;TRNT1;RTCB;RAN;NUP37;NUP58;RPP38;POP7;ZBTB8OS;ELAC2;RPP21;NUP188;NUP85;NUP42;TSEN15;NUP107;NUP93;CPSF4;TSEN34;RPP30
prerank,Protein Folding R-HSA-391251,0.3014415017453793,1.1930602930604428,1.653543e-01,8.018553e-01,1.000000e+00,19/62,17.64%,USP11;TUBA1A;STAT3;TCP1;LONP2;CCT3;CCT6A;GNG10;PFDN6;DCAF7;TBCA;WRAP53;CCT4;CCT8;CCT2;FBXO4;CCT7;TUBB;TUBA1C
prerank,Diseases Of DNA Repair R-HSA-9675135,0.34127456785587396,1.1917715009857808,1.992337e-01,7.993575e-01,1.000000e+00,10/35,20.53%,RPA3;RFC5;RFC4;PMS2;RAD17;MSH3;ATRIP;MRE11;ATM;RAD51C
prerank,Impaired BRCA2 Binding To RAD51 R-HSA-9709570,0.3837342779829233,1.1912307777301747,2.240000e-01,7.939262e-01,1.000000e+00,7/22,18.28%,RPA3;RFC5;RFC4;RAD17;ATRIP;MRE11;ATM
prerank,Signaling By TGFB Family Members R-HSA-9006936,0.28312423582664203,1.188641084818542,1.417166e-01,7.965831e-01,1.000000e+00,19/77,18.04%,TGFBR2;UCHL5;XPO1;HDAC1;RNF111;PPP1CB;MTMR4;LTBP4;BMPR1A;E2F4;PARP1;PPP1CC;UBC;YBX1;PPP1R15A;PPM1A;TFDP1;SMAD3;SRFBP1
prerank,RHO GTPase Cycle R-HSA-9012999,0.23754526170814505,1.1884695791770048,8.608059e-02,7.898506e-01,1.000000e+00,64/285,16.24%,SPTAN1;ARHGEF3;TAGAP;ARHGAP25;ARHGAP30;ADD3;LBR;STK10;NCKAP1L;ARHGAP45;SLC4A7;SLK;STK38;ERBIN;TMPO;TMOD3;DIAPH1;PLEKHG3;ARHGEF2;RNF20;ARHGEF6;CYFIP2;ARMCX3;FNBP1;ARL13B;AKAP13;LMAN1;GIT2;STOM;CDC42EP3;ANKRD26;CLTC;DOCK10;ARHGAP1;CCT6A;ACBD5;MYO6;STIP1;ARHGAP15;ARHGAP17;WASF2;VCP;NCK1;PRPF38B;GOLGA3;ARAP3;HMOX2;RBMX;ITSN2;DBT;LCK;PIK3CA;TAOK3;HINT2;IQGAP2;CCT2;GFOD1;RTKN;RBM15;CCT7;VAPB;WHAMM;MTR;RHOH
prerank,Activated PKN1 Stimulates Transcription Of Androgen Receptor Regulated KLK2 And KLK3 R-HSA-5625886,-0.375214534069418,-1.1882755775318663,2.327416e-01,6.681661e-01,1.000000e+00,5/22,11.44%,PKN1;H2AJ;H2AX;H3-3B;H2AZ1
prerank,ZBP1(DAI) Mediated Induction Of Type I IFNs R-HSA-1606322,-0.39526415325827857,-1.1882610258263233,2.342159e-01,6.630817e-01,1.000000e+00,5/18,13.71%,ZBP1;NFKBIB;NFKB1;IKBKB;RIPK3
prerank,RAC2 GTPase Cycle R-HSA-9013404,-0.2962000042636322,-1.186577671174943,1.987952e-01,6.636373e-01,1.000000e+00,18/58,17.21%,PKN1;ARHGDIA;CDC42;GIT1;ARHGAP21;MTX1;LAMTOR1;PREX1;PKN2;ARHGAP26;PIK3R1;PGRMC2;TRIO;VAV3;OPHN1;VANGL1;DOCK2;VRK2
prerank,Global Genome Nucleotide Excision Repair (GG-NER) R-HSA-5696399,0.287938769727448,1.1860875699727185,1.730038e-01,7.925136e-01,1.000000e+00,19/76,15.43%,COPS5;RNF111;INO80D;RPA3;COPS7A;RFC5;RAD23B;POLK;GTF2H1;DDB2;RFC4;GTF2H3;PARP1;INO80B;RUVBL1;UBC;CCNH;RBX1;GTF2H5
prerank,FOXO-mediated Transcription Of Cell Death Genes R-HSA-9614657,-0.39933335299722605,-1.1807441475553908,2.110874e-01,6.782721e-01,1.000000e+00,9/16,29.74%,BCL6;CREBBP;BBC3;PINK1;NFYA;DDIT3;FOXO4;FOXO3;EP300
prerank,Biological Oxidations R-HSA-211859,0.28572277347552516,1.1802745444264886,1.673004e-01,8.086157e-01,1.000000e+00,15/71,16.25%,MIA3;CNDP2;UGP2;ACSS1;MAT2B;SLC26A2;GCLM;PTGES3;CYB5B;CYB5R3;ABHD14B;AKR1A1;FDXR;MTR;ADH5
prerank,Rab Regulation Of Trafficking R-HSA-9007101,-0.2718986201201544,-1.1797821603673169,1.625709e-01,6.763822e-01,1.000000e+00,19/96,15.04%,RAB1A;RAB5C;TRAPPC10;MAP1LC3B;AKT1;ULK1;TRAPPC2L;TRAPPC6A;RAB14;RIN3;TBC1D20;YWHAE;TRAPPC5;DENND2B;HPS1;OPTN;ARF6;MADD;TBC1D10A
prerank,CD28 Dependent PI3K/Akt Signaling R-HSA-389357,-0.3776317354754711,-1.1787236511368866,2.335456e-01,6.750891e-01,1.000000e+00,5/19,14.03%,MAP3K8;AKT1;PIK3R1;MAPKAP1;MLST8
prerank,Signaling By FGFR1 In Disease R-HSA-5655302,0.3618322115372308,1.1776859662341195,2.456480e-01,8.115075e-01,1.000000e+00,7/25,13.96%,STAT3;FGFR1OP2;PLCG1;STAT5A;CNTRL;PIK3CA;TRIM24
prerank,Cytosolic tRNA Aminoacylation R-HSA-379716,0.3670608522072994,1.1765814373102403,2.638889e-01,8.086038e-01,1.000000e+00,7/24,18.44%,DARS1;QARS1;SARS1;EPRS1;CARS1;FARSA;AARS1
prerank,MAPK1/MAPK3 Signaling R-HSA-5684996,0.25346486990771905,1.1749185740518187,1.347656e-01,8.081685e-01,1.000000e+00,45/159,21.12%,SPTAN1;PPP2R5A;FNTA;RASGRP1;RALGDS;ARAF;PRKCQ;PPP2R5D;MAP2K1;PSMD2;PPP1CB;PSMD11;VCL;DUSP16;PPP2R5C;IL5RA;PSMB2;ERBB2;APBB1IP;BCL2L1;YWHAB;RAP1B;PSMD10;RASA3;PEA15;PIK3CA;PSMD4;PPP1CC;PDE6D;UBC;ABHD17B;GOLGA7;RBX1;DLG1;RAP1A;ABHD17C;PSMD13;LYPLA1;SPNS1;PTPRA;PIK3R2;PSMA5;RGL2;CSK;PTPN11
prerank,CaM Pathway R-HSA-111997,-0.4032330500614154,-1.173615620857261,2.520661e-01,6.883113e-01,1.000000e+00,7/16,14.93%,GRK2;ADCY7;PRKCA;KPNA2;PRKAR2A;ADCY9;CALM1
prerank,Epigenetic Regulation Of Gene Expression R-HSA-212165,0.26822149892021663,1.173051275800654,1.738281e-01,8.086007e-01,1.000000e+00,24/97,18.10%,HDAC1;UBTF;H2BC15;SMARCA5;RBBP4;BAZ1B;TBP;SUZ12;GTF2H1;DEK;GTF2H3;H2AC6;CBX3;AEBP2;PHF19;POLR1H;KAT2A;EHMT2;MTA2;CCNH;GTF2H5;POLR1D;TAF1B;H2AC4
prerank,E2F Mediated Regulation Of DNA Replication R-HSA-113510,-0.41623745246627564,-1.1724277837432482,2.560976e-01,6.870806e-01,1.000000e+00,3/15,8.52%,PPP2CA;PPP2CB;ORC4
prerank,trans-Golgi Network Vesicle Budding R-HSA-199992,-0.30289908559912565,-1.171383493322128,1.923077e-01,6.854789e-01,1.000000e+00,13/56,18.02%,RAB5C;FTL;FTH1;IGF2R;CLTB;NECAP1;AP1S1;GAK;AP4B1;TGOLN2;CHMP2A;ARRB1;SNX9
prerank,Asparagine N-linked Glycosylation R-HSA-446203,-0.23836755691075323,-1.1707240256388662,9.494949e-02,6.827347e-01,1.000000e+00,41/221,13.94%,RAB1A;TFG;NAPG;TRAPPC10;SEC24C;ST6GALNAC6;STX5;MAGT1;MARCHF6;DCTN4;PPP6R1;DYNLL2;TRAPPC2L;TRAPPC6A;RPN2;CALR;SEC24B;CSNK1D;B4GALT4;MGAT4B;COG3;UAP1;DERL1;DYNC1LI1;DYNC1LI2;DCTN3;TBC1D20;SEC24A;TMED2;TRAPPC5;DDOST;MAN2A2;CAPZA2;UBB;MVD;SEL1L;SEC13;NUDT14;DPM1;ALG12;MGAT4A
prerank,Aquaporin-mediated Transport R-HSA-445717,-0.3879583150030988,-1.1696371109868784,2.541667e-01,6.764528e-01,1.000000e+00,6/18,8.62%,GNAS;GNB1;ADCY7;GNGT2;PRKCA;PRKAR2A
prerank,Vasopressin Regulates Renal Water Homeostasis Via Aquaporins R-HSA-432040,-0.3879583150030988,-1.1696371109868784,2.541667e-01,6.764528e-01,1.000000e+00,6/18,8.62%,GNAS;GNB1;ADCY7;GNGT2;PRKCA;PRKAR2A
prerank,Effects Of PIP2 Hydrolysis R-HSA-114508,0.3838526246007285,1.169002765322791,2.480916e-01,8.178549e-01,1.000000e+00,3/19,4.00%,RASGRP1;PRKCQ;RASGRP2
prerank,B-WICH Complex Positively Regulates rRNA Expression R-HSA-5250924,0.3146134954243492,1.1674410127785255,2.066929e-01,8.173676e-01,1.000000e+00,14/45,23.11%,H2BC15;SMARCA5;BAZ1B;TBP;DEK;H2AC6;POLR1H;KAT2A;POLR1D;TAF1B;H2AC4;POLR1E;H2BC9;H2BC12
prerank,Diseases Associated With N-glycosylation Of Proteins R-HSA-3781860,0.3997090998665936,1.1673840829888422,2.575758e-01,8.106662e-01,1.000000e+00,7/17,21.58%,ALG13;CTSA;ALG6;DPAGT1;ALG3;GLB1;ALG1
prerank,SARS-CoV Infections R-HSA-9679506,0.23388662404268126,1.1673526845300075,1.320755e-01,8.039413e-01,1.000000e+00,60/259,17.51%,G3BP1;FNTA;HDAC1;ITGA4;TRIM4;NUP62;NUP50;RBBP4;DDX5;VPS33A;YWHAZ;ATP1A3;SEC23A;ISCU;ST6GAL1;PTGES3;PARP4;TOMM70;SRPK1;AKT3;PARP10;IMPDH2;CNBP;RIPK1;YWHAH;IFNAR1;YWHAB;STING1;VCP;NCK1;SIKE1;NUP37;ST3GAL1;G3BP2;S1PR1;ARID4A;RPN1;IFNAR2;KEAP1;FKBP4;YWHAQ;CSNK1A1;NUP58;MTA2;IRF3;UBC;FUT8;UVRAG;VPS16;GOLGA7;RBX1;REST;PATJ;RIGI;SNRPE;RB1;PIK3R4;NUP188;NUP85;TUBB
prerank,Citric Acid (TCA) Cycle And Respiratory Electron Transport R-HSA-1428517,-0.25047985468680084,-1.1654851561624273,1.559252e-01,6.852469e-01,1.000000e+00,46/146,24.68%,ATP5MC1;NDUFB7;CS;NDUFA1;NDUFC2;UQCR11;UQCRFS1;COQ10B;NDUFA13;COX7B;SDHB;COX19;NDUFB6;NDUFB1;NDUFA12;NDUFB8;COX5B;COX6A1;ATP5ME;SURF1;LRPPRC;UQCRQ;NDUFA10;LDHA;NDUFB11;NDUFS6;COX8A;COA1;NDUFA9;DLST;DMAC2L;NDUFS3;SDHA;IDH2;COX16;UQCRC1;NDUFB9;NDUFA5;NDUFS8;SLC16A1;IDH3G;VDAC1;COX5A;PDP2;NDUFV1;SLC25A14
prerank,Activation Of ATR In Response To Replication Stress R-HSA-176187,0.36085918636137543,1.164601784769249,2.450980e-01,8.080775e-01,1.000000e+00,6/24,15.05%,RPA3;MCM3;RFC5;RFC4;RAD17;ATRIP
prerank,RIPK1-mediated Regulated Necrosis R-HSA-5213460,-0.3459593081470434,-1.163775982300568,2.458333e-01,6.863919e-01,1.000000e+00,8/28,16.46%,FASN;FLOT1;BIRC2;MLKL;UBB;RIPK3;BIRC3;CDC37
prerank,Diseases Of Signal Transduction By Growth Factor Receptors And Second Messengers R-HSA-5663202,0.2299134264391284,1.1603030916233652,1.132075e-01,8.179339e-01,1.000000e+00,72/306,18.14%,TGFBR2;PPP2R5A;MAML1;PRKAR1A;HDAC1;STAT3;TRIP11;ARAF;ERBIN;PPP2R5D;GCC2;MAP2K1;PSMD2;PPP1CB;PSMD11;VCL;DUSP16;PPP2R5C;CDKN1B;HDAC8;PSMB2;STRN;ERBB2;FGFR1OP2;PLCG1;CLTC;FAM114A2;APBB1IP;MECP2;STAT5A;AKT3;PSEN1;HDAC5;BCL2L1;CNTRL;PORCN;YWHAB;VCP;PPM1B;RAP1B;SYVN1;ADAM10;SND1;PSMD10;NPM1;LCK;PIK3CA;PTEN;BIN2;CSNK1A1;KAT2A;CARS1;PSMD4;POLR2I;PPP1CC;TRIM24;HDAC6;UBC;RBX1;CREB1;AGGF1;RAP1A;ZC3HAV1;AKT1S1;PSMD13;GOLGB1;TPM4;MTOR;ERLEC1;CTNNB1;SMAD3;PIK3AP1
prerank,Termination Of Translesion DNA Synthesis R-HSA-5656169,0.3491710369736311,1.1597541060658754,2.334559e-01,8.133841e-01,1.000000e+00,7/26,14.05%,RPA3;RFC5;POLK;RFC4;USP32;REV1;UBC
prerank,Signaling By VEGF R-HSA-194138,-0.2798035865192908,-1.1578295993514522,1.977528e-01,7.017161e-01,1.000000e+00,16/67,14.93%,NCK2;PKN1;MAPKAPK2;CDC42;NRAS;AKT1;VEGFB;ARHGEF7;PRKCA;PKN2;PIK3R1;PRKCB;MAPKAP1;MLST8;VAV3;CALM1
prerank,Cellular Senescence R-HSA-2559583,0.2583586811009534,1.1578083595600182,1.825243e-01,8.147671e-01,1.000000e+00,21/124,9.01%,MAPK14;ETS1;MAP2K4;STAT3;H2BC15;H1-2;RBBP4;TNIK;JUN;H1-4;H1-3;SUZ12;ANAPC10;CDKN1B;EHMT1;ASF1A;PHC3;CDKN2A;H2AC6;CDC26;EP400
prerank,O-linked Glycosylation R-HSA-5173105,-0.3189001624722842,-1.1564452921794566,2.434077e-01,7.014621e-01,1.000000e+00,6/35,10.64%,B3GNT7;GALNT10;GALNT3;B3GNT2;POMT1;ADAMTS10
prerank,GABA Receptor Activation R-HSA-977443,-0.40012158277780235,-1.1546508573499936,2.641129e-01,7.027679e-01,1.000000e+00,5/15,19.67%,GNB1;ADCY7;GNGT2;ADCY9;GNAI2
prerank,Late Phase Of HIV Life Cycle R-HSA-162599,-0.25295045469312316,-1.1542505830258354,1.525424e-01,6.990678e-01,1.000000e+00,33/124,17.88%,ELOA;VPS37B;TAF11;TAF10;CHMP4B;FURIN;ERCC3;NUP54;POLR2C;CHMP2B;POLR2D;RNMT;TAF15;NCBP1;NUP133;SEH1L;ELOB;POLR2G;TAF4;ELL;MNAT1;CCNT1;UBAP1;UBB;CDK7;SEC13;POLR2E;CHMP2A;CCNT2;NELFCD;VPS4A;NELFA;POM121
prerank,Interleukin-4 And Interleukin-13 Signaling R-HSA-6785807,-0.28988702150762585,-1.153424627602418,2.398287e-01,6.970953e-01,1.000000e+00,10/56,11.14%,BCL6;VIM;AKT1;TGFB1;GATA3;TIMP1;IL4R;PIK3R1;SOCS1;ITGAM
prerank,Opioid Signaling R-HSA-111885,-0.3013059975275692,-1.1532085248261117,2.288136e-01,6.930593e-01,1.000000e+00,20/50,21.90%,GRK2;PDE4D;GNB1;PPP2CA;PPP2CB;ADCY7;GNGT2;GNAQ;PRKCA;KPNA2;PRKAR2A;ADCY9;CALM1;PLCB1;PLCB2;PDE4A;GNAI2;PDE4B;ITPR3;PRKX
prerank,Intraflagellar Transport R-HSA-5620924,0.3461233336682865,1.1526572748922,2.545090e-01,8.288007e-01,1.000000e+00,8/25,22.09%,TRIP11;KIF3B;IFT57;DYNC2I1;DYNLL1;IFT27;DYNC2H1;IFT88
prerank,RHOB GTPase Cycle R-HSA-9013026,0.31595719807984246,1.1519135289834062,2.364991e-01,8.250024e-01,1.000000e+00,10/41,9.58%,ARHGEF3;STK10;SLK;ERBIN;DIAPH1;ARHGEF2;AKAP13;STOM;ARHGAP1;PRPF38B
prerank,Mitotic Prophase R-HSA-68875,-0.2662094412227489,-1.1513118416712722,2.069672e-01,6.947932e-01,1.000000e+00,19/91,13.36%,RAB1A;H2AJ;GORASP2;H2AX;PPP2CA;NUP54;PPP2CB;KMT5A;PRKCA;H3-3B;NUP133;SEH1L;MCPH1;PRKCB;RAB2A;H2AZ1;LPIN1;SEC13;PPP2R2D
prerank,Signaling By NTRKs R-HSA-166520,-0.27085131330242174,-1.151143150214526,2.025052e-01,6.907562e-01,1.000000e+00,12/77,5.24%,MAPKAPK2;NRAS;IRS2;EGR1;MAP2K2;RAPGEF1;MEF2D;PPP2CA;FURIN;JUND;PPP2CB;ID2
prerank,Transcriptional Regulation By E2F6 R-HSA-8953750,0.3504089085822213,1.1508167473597042,2.757937e-01,8.223841e-01,1.000000e+00,8/28,17.37%,RBBP4;MAX;SUZ12;EHMT1;PHC3;CBX3;EHMT2;TFDP1
prerank,Ca-dependent Events R-HSA-111996,-0.39162199544262694,-1.1501425414260436,2.765073e-01,6.898108e-01,1.000000e+00,7/17,14.93%,GRK2;ADCY7;PRKCA;KPNA2;PRKAR2A;ADCY9;CALM1
prerank,Homologous DNA Pairing And Strand Exchange R-HSA-5693579,0.34648816848578495,1.1483947354795307,2.705882e-01,8.255928e-01,1.000000e+00,8/27,20.53%,RPA3;RFC5;RFC4;RAD17;ATRIP;MRE11;ATM;RAD51C
prerank,Nuclear Pore Complex (NPC) Disassembly R-HSA-3301854,0.3282443473374732,1.1475512161824248,2.607880e-01,8.225090e-01,1.000000e+00,8/32,17.33%,NUP62;NUP50;NEK9;NEK7;NUP37;NUP58;NUP188;NUP85
prerank,G Beta:Gamma Signaling Thru PI3Kgamma R-HSA-392451,-0.3963173188165445,-1.1465393202614342,2.736626e-01,6.973008e-01,1.000000e+00,3/15,6.18%,AKT1;GNB1;GNGT2
prerank,RORA Activates Gene Expression R-HSA-1368082,-0.40025371838891977,-1.145604220035957,2.860310e-01,6.958265e-01,1.000000e+00,5/15,14.71%,CREBBP;NCOA1;CARM1;SREBF1;TBL1X
prerank,Signaling By NOTCH2 R-HSA-1980145,0.3689491786451146,1.1455468177555548,2.821970e-01,8.236963e-01,1.000000e+00,6/20,15.69%,MAML1;GZMB;PSEN1;ADAM10;UBC;CREB1
prerank,Synthesis Of PIPs At Early Endosome Membrane R-HSA-1660516,0.39848393858469455,1.1438988543456339,2.810078e-01,8.233898e-01,1.000000e+00,3/15,5.81%,MTMR4;PIKFYVE;PI4K2B
prerank,Defective Homologous Recombination Repair (HRR) Due To BRCA2 Loss Of Function R-HSA-9701190,0.3508703000840418,1.1429853263082876,2.681018e-01,8.207895e-01,1.000000e+00,8/26,20.53%,RPA3;RFC5;RFC4;RAD17;ATRIP;MRE11;ATM;RAD51C
prerank,Apoptotic Cleavage Of Cellular Proteins R-HSA-111465,0.3583244575213265,1.1412163836650706,2.716535e-01,8.213888e-01,1.000000e+00,4/24,3.44%,SPTAN1;FNTA;PRKCQ;ADD1
prerank,Ub-specific Processing Proteases R-HSA-5689880,0.24438975875800859,1.140986409633517,1.632270e-01,8.160457e-01,1.000000e+00,31/158,14.84%,USP11;USP28;H2BC15;RNF146;USP22;USP34;MAT2B;PSMD2;ADRB2;PSMD11;TOMM70;PSMB2;DDB2;USP14;RHOT1;HIF1A;SNX3;TRRAP;RIPK1;H2AC6;USP32;USP19;RUVBL1;H2AC11;PSMD10;KEAP1;PTEN;KAT2A;PSMD4;UBC;USP37
prerank,Transcriptional Regulation By RUNX1 R-HSA-8878171,-0.2449980764397066,-1.1390682041797087,1.876289e-01,7.135181e-01,1.000000e+00,33/150,16.21%,LGALS3;CBX4;ARID1B;H2AJ;CREBBP;ZFPM1;CSNK2B;H2AX;GATA3;KMT2B;PHC2;YAF2;PSMF1;PSMD6;H3-3B;PSMB6;TNRC6A;AGO4;AXIN1;PCGF5;CSNK2A2;AGO2;PSME4;PRKCB;MNAT1;H2AZ1;UBB;CDK7;KMT2E;ELF2;PSME2;PSMB3;PSMA1
prerank,SARS-CoV-2-host Interactions R-HSA-9705683,0.24731356861974907,1.137325735876772,2.018519e-01,8.245068e-01,1.000000e+00,30/133,18.21%,G3BP1;TRIM4;NUP62;NUP50;VPS33A;YWHAZ;SEC23A;TOMM70;AKT3;CNBP;YWHAH;IFNAR1;YWHAB;STING1;SIKE1;NUP37;G3BP2;IFNAR2;YWHAQ;NUP58;IRF3;UVRAG;VPS16;PATJ;RIGI;SNRPE;PIK3R4;NUP188;NUP85;PALS1
prerank,Chemokine Receptors Bind Chemokines R-HSA-380108,-0.4032689293300722,-1.1364683652111351,2.865854e-01,7.172324e-01,1.000000e+00,4/15,9.06%,XCL1;XCL2;CCL5;CCL4
prerank,G Alpha (I) Signaling Events R-HSA-418594,-0.2695900516628229,-1.134686086791641,2.573222e-01,7.185942e-01,1.000000e+00,28/82,21.90%,GRK2;PDE4D;GNAS;GNB1;PPP2CA;GPR183;HEBP1;PPP2CB;ADCY7;GNGT2;GNAQ;PRKCA;KPNA2;CCL5;PRKAR2A;CCL4;RGS16;ADCY9;CALM1;PLCB1;C3AR1;PLCB2;PDE4A;CXCR3;GNAI2;PDE4B;ITPR3;PRKX
prerank,Post-translational Protein Phosphorylation R-HSA-8957275,-0.310023331991156,-1.1345670733922637,2.736220e-01,7.145189e-01,1.000000e+00,15/36,22.86%,LGALS1;TIMP1;IGFBP4;QSOX1;CALU;LMNB2;MGAT4A;P4HB;TGOLN2;DNAJC3;SHISA5;ANO8;PDIA6;FUCA2;MFGE8
prerank,Diseases Of Programmed Cell Death R-HSA-9645723,0.2926793652297813,1.1324854764476808,2.557173e-01,8.384094e-01,1.000000e+00,24/51,34.10%,H2BC15;RBBP4;JUN;SUZ12;RIPK1;CDKN2A;H2AC6;CDC25B;PRDX2;H2AC4;CAPN1;TP53;FADD;H2BC9;H2BC12;BCL2L11;DNMT1;H2AZ2;POLA2;CDK5;H2BC11;RBBP7;PRDX1;H3C13
prerank,Signaling By WNT R-HSA-195721,-0.23233077993756024,-1.1304910895168099,1.730769e-01,7.242903e-01,1.000000e+00,51/193,19.50%,CSNK1G2;CTBP1;RUNX3;NRAS;AKT1;H2AJ;TCF7;RYK;GNB1;CREBBP;CSNK2B;H2AX;PPP2CA;CLTB;PPP2CB;CUL3;GNGT2;PSMF1;PRKCA;PSMD6;H3-3B;PSMB6;TNRC6A;AGO4;AXIN1;CSNK2A2;AGO2;TLE4;PSME4;NFATC1;PRKCB;FRAT2;H2AZ1;TLE5;UBB;PDE6G;CALM1;PLCB1;PSME2;PSMB3;CSNK1E;SMURF1;PSMA1;PDE6B;PLCB2;SOX4;PFN1;ZRANB1;AP2A1;PSMD9;VPS26A
prerank,L13a-mediated Translational Silencing Of Ceruloplasmin Expression R-HSA-156827,0.33761806003189687,1.1304853350274437,2.871287e-01,8.402492e-01,1.000000e+00,8/28,13.06%,EIF3A;EIF4B;EIF2S1;EIF3L;EIF3E;EIF4A2;EIF4G1;PABPC1
prerank,Generation Of Second Messenger Molecules R-HSA-202433,-0.3536760249920478,-1.129212421274915,2.958057e-01,7.240505e-01,1.000000e+00,5/24,7.02%,PKN1;HLA-DRB5;ARHGEF7;CD3D;PKN2
prerank,Regulation Of Expression Of SLITs And ROBOs R-HSA-9010553,-0.27120205485941,-1.1290207025448433,2.224532e-01,7.203112e-01,1.000000e+00,20/73,20.21%,RBM8A;MAGOH;RNPS1;PSMF1;PSMD6;NCBP1;ZSWIM8;PSMB6;ELOB;PSME4;USP33;UBB;RSL24D1;PSME2;PSMB3;PSMA1;ROBO3;ETF1;PSMD9;PSME1
prerank,RHO GTPases Activate WASPs And WAVEs R-HSA-5663213,0.34335722029490034,1.1287532869833559,2.896282e-01,8.408444e-01,1.000000e+00,6/26,11.27%,NCKAP1L;CYFIP2;ACTR3;WASF2;NCK1;ACTR2
prerank,Signaling By Nuclear Receptors R-HSA-9006931,-0.23896986724418018,-1.128508580423908,1.856287e-01,7.175468e-01,1.000000e+00,36/165,15.21%,NRAS;AKT1;H2AJ;GNB1;CREBBP;H2AX;GATA3;JUND;FASN;NCOA1;POLR2C;POLR2D;MYLIP;GNGT2;CTSD;CARM1;KPNA2;H3-3B;PMEPA1;TNRC6A;DHRS3;AGO4;AXIN1;PIK3R1;POLR2G;AGO2;H2AZ1;ARL4C;CCNT1;SMC3;SREBF1;RDH10;CHD1;TBL1X;CALM1;POLR2E
prerank,Inhibition Of DNA Recombination At Telomere R-HSA-9670095,-0.31823017132457476,-1.1280953228903545,2.665331e-01,7.144161e-01,1.000000e+00,8/36,11.44%,H2AJ;TERF1;H2AX;POLR2C;POLR2D;H3-3B;POLR2G;H2AZ1
prerank,Mitochondrial Biogenesis R-HSA-1592230,-0.26895783227403625,-1.1280072066868918,2.329897e-01,7.102524e-01,1.000000e+00,17/73,15.99%,ATP5MC1;MTX1;CREBBP;MEF2D;PPRC1;NCOA1;PRKAG1;APOOL;HCFC1;CARM1;CRTC2;ATP5ME;PRKAG2;TBL1X;CALM1;DMAC2L;CHCHD6
prerank,Pre-NOTCH Transcription And Translation R-HSA-1912408,-0.305768388246919,-1.127995657529821,2.619543e-01,7.059733e-01,1.000000e+00,10/43,11.44%,H2AJ;CREBBP;SNW1;H2AX;NOTCH1;H3-3B;TNRC6A;AGO4;AGO2;H2AZ1
prerank,Mitotic Prometaphase R-HSA-68877,0.2441522203437731,1.1274184187784844,2.132505e-01,8.398818e-01,1.000000e+00,33/146,17.51%,CEP57;TUBA1A;PPP2R5A;XPO1;CKAP5;KIF2A;NEK9;PPP2R5D;CEP250;PPP2R5C;NEK7;NDEL1;HDAC8;BUB3;CNTRL;ZWILCH;NUP37;PAFAH1B1;PCNT;CEP290;SMC1A;HAUS1;CEP78;HAUS4;TAOK1;PPP1CC;CDK5RAP2;ZW10;SFI1;DYNLL1;PCM1;NUP85;TUBB
prerank,Selective Autophagy R-HSA-9663891,-0.28690337969490354,-1.1272044409998285,2.520000e-01,7.040400e-01,1.000000e+00,14/53,13.45%,MAP1LC3B;ULK1;DYNLL2;CSNK2B;PRKAG1;TOMM22;DYNC1LI1;DYNC1LI2;CSNK2A2;PGAM5;USP30;PRKAG2;UBB;PINK1
prerank,ISG15 Antiviral Mechanism R-HSA-1169408,0.27298716954680174,1.1268640837303487,2.245681e-01,8.358576e-01,1.000000e+00,21/68,21.04%,KPNB1;KPNA3;NUP62;NUP50;ARIH1;PLCG1;EIF4A2;NUP37;PPM1B;EIF4G1;NUP58;GNL3;IRF3;UBC;RIGI;EIF4G3;NUP188;NUP85;UBA7;EIF4G2;NUP42
prerank,Synthesis Of PA R-HSA-1483166,0.35928783393285835,1.1257775539305628,2.681018e-01,8.341096e-01,1.000000e+00,8/20,27.32%,GPAT4;AGPAT1;LPCAT1;MIGA1;GPD2;PRKCSH;LPCAT4;GPAT2
prerank,DNA Damage Bypass R-HSA-73893,0.3084442255803865,1.1256388860845,2.640449e-01,8.286207e-01,1.000000e+00,15/41,23.96%,RPA3;RFC5;POLK;RFC4;REV3L;UBE2B;USP32;VCP;REV1;UBC;RBX1;UBA7;RAD18;POLI;CUL4A
prerank,Defective Intrinsic Pathway For Apoptosis R-HSA-9734009,0.3769733240963157,1.1239922442797754,2.907662e-01,8.290005e-01,1.000000e+00,7/18,24.08%,JUN;CDKN2A;CDC25B;PRDX2;CAPN1;TP53;BCL2L11
prerank,RAF-independent MAPK1/3 Activation R-HSA-112409,-0.3813999994900115,-1.1232857027400256,3.010309e-01,7.131982e-01,1.000000e+00,3/17,2.27%,DUSP12;DUSP2;MAP2K2
prerank,"Cell Death Signaling Via NRAGE, NRIF And NADE R-HSA-204998",-0.303519959301776,-1.1229251080495462,2.826552e-01,7.100488e-01,1.000000e+00,13/41,15.39%,PLEKHG2;ARHGEF7;PREX1;SOS2;GNA13;BAD;CASP3;YWHAE;APH1A;UBB;TRIO;VAV3;ARHGEF10
prerank,MyD88 Cascade Initiated On Plasma Membrane R-HSA-975871,-0.2747747704479118,-1.1221128428233478,2.372881e-01,7.085428e-01,1.000000e+00,17/72,15.89%,MAP3K8;MAPKAPK2;PPP2CA;MAP2K3;MAPK9;TNIP2;PPP2CB;MAP2K7;NFKBIB;N4BP1;NFKB1;USP18;IKBKB;UBB;IRAK1;RIPK2;DUSP6
prerank,RHOF GTPase Cycle R-HSA-9035034,0.34603545466349916,1.1183371019542467,2.941176e-01,8.451576e-01,1.000000e+00,5/26,6.84%,ADD3;SLC4A7;TMPO;DIAPH1;ARHGAP1
prerank,Mitotic Anaphase R-HSA-68882,0.23269268483759728,1.118335273014804,1.832669e-01,8.392474e-01,1.000000e+00,40/181,17.64%,TUBA1A;PPP2R5A;KPNB1;XPO1;CKAP5;KIF2A;NUP62;LBR;PPP2R5D;TMPO;PSMD2;PSMD11;PPP2R5C;ANAPC10;NDEL1;HDAC8;PSMB2;BUB3;RAN;CDC26;ZWILCH;VRK1;NUP37;PAFAH1B1;SMC1A;TAOK1;PSMD10;CC2D1B;NUP58;PSMD4;PPP1CC;UBC;ZW10;DYNLL1;NUP188;PSMD13;CDC16;NUP85;TUBB;TUBA1C
prerank,ESR-mediated Signaling R-HSA-8939211,-0.24498707079802623,-1.1171755080793095,2.199170e-01,7.206503e-01,1.000000e+00,26/132,11.95%,NRAS;AKT1;H2AJ;GNB1;CREBBP;H2AX;GATA3;JUND;NCOA1;POLR2C;POLR2D;GNGT2;CTSD;CARM1;KPNA2;H3-3B;PMEPA1;TNRC6A;AGO4;AXIN1;PIK3R1;POLR2G;AGO2;H2AZ1;CCNT1;SMC3
prerank,Platelet Calcium Homeostasis R-HSA-418360,0.39741191144365906,1.1169856042173338,3.066667e-01,8.384089e-01,1.000000e+00,3/15,5.04%,STIM1;ATP2B4;ATP2A3
prerank,Deubiquitination R-HSA-5688426,0.23014736875912065,1.1169590054866656,1.847619e-01,8.327121e-01,1.000000e+00,40/222,14.05%,USP11;TGFBR2;UCHL5;USP28;TNIP1;TRIM4;H2BC15;RNF146;USP22;USP34;MAT2B;PSMD2;ADRB2;INO80D;PSMD11;TOMM70;RAD23B;PSMB2;DDB2;STAMBP;USP14;RHOT1;HIF1A;SNX3;TRRAP;RIPK1;H2AC6;USP32;VCP;INO80B;USP19;RUVBL1;H2AC11;MBD5;PSMD10;KEAP1;PTEN;KAT2A;PSMD4;UBC
prerank,Muscle Contraction R-HSA-397014,-0.2845971331357247,-1.114809231876268,2.631579e-01,7.244031e-01,1.000000e+00,20/56,22.45%,PKN1;VIM;HIPK1;ASPH;PRKCA;PKN2;SORBS3;FXYD7;TPM3;MYL6;CALM1;ANXA6;CACNB1;GUCY1A1;HIPK2;ATP2B1;ITPR3;DMPK;ATP1B1;RANGRF
prerank,Processing Of Intronless Pre-mRNAs R-HSA-77595,-0.3680850306998607,-1.1144760210078912,2.945055e-01,7.212374e-01,1.000000e+00,7/19,16.52%,WDR33;CPSF7;NCBP1;PABPN1;NUDT21;CPSF6;CPSF1
prerank,AURKA Activation By TPX2 R-HSA-8854518,0.276684734159624,1.1142983168892926,2.641129e-01,8.317407e-01,1.000000e+00,16/62,17.51%,CEP57;TUBA1A;CKAP5;CEP250;CNTRL;PAFAH1B1;PCNT;CEP290;HAUS1;CEP78;HAUS4;CDK5RAP2;SFI1;DYNLL1;PCM1;TUBB
prerank,Loss Of Nlp From Mitotic Centrosomes R-HSA-380259,0.276684734159624,1.1142983168892926,2.641129e-01,8.317407e-01,1.000000e+00,16/62,17.51%,CEP57;TUBA1A;CKAP5;CEP250;CNTRL;PAFAH1B1;PCNT;CEP290;HAUS1;CEP78;HAUS4;CDK5RAP2;SFI1;DYNLL1;PCM1;TUBB
prerank,TRAF6 Mediated Induction Of NFkB And MAP Kinases Upon TLR7/8 Or 9 Activation R-HSA-975138,-0.2694847057379735,-1.114134257993982,2.421712e-01,7.182481e-01,1.000000e+00,17/74,15.89%,MAP3K8;MAPKAPK2;PPP2CA;MAP2K3;MAPK9;TNIP2;PPP2CB;MAP2K7;NFKBIB;N4BP1;NFKB1;USP18;IKBKB;UBB;IRAK1;RIPK2;DUSP6
prerank,DNA Damage Recognition In GG-NER R-HSA-5696394,0.3195345706189981,1.1134941006975367,2.960152e-01,8.291301e-01,1.000000e+00,16/35,26.57%,COPS5;INO80D;COPS7A;RAD23B;DDB2;PARP1;INO80B;RUVBL1;UBC;RBX1;YY1;COPS6;CUL4A;ACTL6A;UBA52;XPC
prerank,Signaling By Receptor Tyrosine Kinases R-HSA-9006934,-0.22079246227855795,-1.1130928432339693,1.797235e-01,7.175302e-01,1.000000e+00,40/276,9.17%,MXD4;ADAP1;NCK2;PKN1;MAPKAPK2;CDC42;NRAS;AKT1;TCIRG1;IRS2;GALNT3;ATP6V1H;EGR1;MAP2K2;VEGFB;RAPGEF1;ARHGEF7;SPRY2;MEF2D;STAM;PPP2CA;FURIN;PTBP1;JUND;HNRNPH1;POLR2C;PPP2CB;YES1;ID2;POLR2D;RNMT;PTPRJ;PRKCA;PKN2;MATK;NCBP1;ATP6V0C;MKNK1;PIK3R1;POLR2G
prerank,Signaling By ERBB2 R-HSA-1227986,-0.3079927818681909,-1.1116598552747405,2.909483e-01,7.181852e-01,1.000000e+00,8/35,12.26%,NRAS;AKT1;YES1;PRKCA;MATK;PIK3R1;CUL5;UBB
prerank,Signaling By NTRK1 (TRKA) R-HSA-187037,-0.267230193748356,-1.1109138362414392,2.642706e-01,7.166151e-01,1.000000e+00,11/70,5.24%,MAPKAPK2;NRAS;IRS2;EGR1;MAP2K2;RAPGEF1;MEF2D;PPP2CA;JUND;PPP2CB;ID2
prerank,Glucose Metabolism R-HSA-70326,0.27369771256078257,1.1106753907419022,2.647059e-01,8.344168e-01,1.000000e+00,16/68,17.33%,PRKACB;PCNX4;NUP62;NUP50;PPP2R5D;HOOK2;MDH1;PFKP;NUP37;MAP4K2;SLC25A13;GNPDA2;NUP58;PKM;NUP188;NUP85
prerank,Visual Phototransduction R-HSA-2187338,-0.34552825104909457,-1.1105311772766895,2.887029e-01,7.138384e-01,1.000000e+00,11/25,17.22%,RNF7;GNB1;C1D;METAP2;PRKCA;LRP8;DHRS3;PDE6G;RDH10;CALM1;PDE6B
prerank,Activation Of Gene Expression By SREBF (SREBP) R-HSA-2426168,-0.30727968849564385,-1.1093456984312546,2.853982e-01,7.133506e-01,1.000000e+00,11/35,19.60%,CREBBP;FASN;NCOA1;CARM1;MVD;SREBF1;TBL1X;PMVK;IDI1;SC5D;NFYA
prerank,Regulation Of Beta-Cell Development R-HSA-186712,-0.37278245196568205,-1.1075995398641851,3.243802e-01,7.148489e-01,1.000000e+00,4/16,7.18%,AKT1;CREBBP;SNW1;NOTCH1
prerank,"Formation Of Ternary Complex, And Subsequently, 43S Complex R-HSA-72695",0.37040043891553603,1.1073184441641406,3.135755e-01,8.415617e-01,1.000000e+00,7/18,23.12%,EIF3A;EIF2S1;EIF3L;EIF3E;EIF3K;EIF3H;EIF2S2
prerank,MAPK Family Signaling Cascades R-HSA-5683057,0.23311716752080808,1.1071093001541714,2.389210e-01,8.367133e-01,1.000000e+00,50/188,20.61%,SPTAN1;PPP2R5A;XPO1;PRKACB;FNTA;RASGRP1;RALGDS;ARAF;PRKCQ;PPP2R5D;MAP2K1;JUN;PSMD2;PPP1CB;PSMD11;HSPB1;VCL;DUSP16;PPP2R5C;IL5RA;PSMB2;CDC42EP3;ERBB2;APBB1IP;BCL2L1;YWHAB;RAP1B;PSMD10;RASA3;PEA15;PIK3CA;PSMD4;PPP1CC;PDE6D;UBC;ABHD17B;GOLGA7;RBX1;DLG1;RAP1A;ABHD17C;PSMD13;LYPLA1;SPNS1;SEPTIN7;PTPRA;PIK3R2;PSMA5;RGL2;CSK
prerank,DNA Damage/Telomere Stress Induced Senescence R-HSA-2559586,0.3071874017016174,1.1058502607131524,3.379722e-01,8.358040e-01,1.000000e+00,17/40,24.66%,H2BC15;H1-2;H1-4;H1-3;CDKN1B;ASF1A;H2AC6;EP400;MRE11;RB1;H2AC4;ATM;HMGA1;TP53;H2BC9;H2BC12;TERF2IP
prerank,MyD88 Dependent Cascade Initiated On Endosome R-HSA-975155,-0.26656503937918263,-1.1053955520204728,2.500000e-01,7.142793e-01,1.000000e+00,17/75,15.89%,MAP3K8;MAPKAPK2;PPP2CA;MAP2K3;MAPK9;TNIP2;PPP2CB;MAP2K7;NFKBIB;N4BP1;NFKB1;USP18;IKBKB;UBB;IRAK1;RIPK2;DUSP6
prerank,Toll Like Receptor 7/8 (TLR7/8) Cascade R-HSA-168181,-0.26656503937918263,-1.1053955520204728,2.500000e-01,7.142793e-01,1.000000e+00,17/75,15.89%,MAP3K8;MAPKAPK2;PPP2CA;MAP2K3;MAPK9;TNIP2;PPP2CB;MAP2K7;NFKBIB;N4BP1;NFKB1;USP18;IKBKB;UBB;IRAK1;RIPK2;DUSP6
prerank,Intra-Golgi Traffic R-HSA-6811438,0.3091629121882811,1.1043560169148492,3.031496e-01,8.360636e-01,1.000000e+00,4/35,1.22%,CYTH1;CYTH2;MAN1A1;TRIP11
prerank,Regulated Necrosis R-HSA-5218859,-0.29035135966804776,-1.1042203033568416,2.723493e-01,7.142102e-01,1.000000e+00,17/47,21.43%,CHMP4B;FASN;FLOT1;CHMP2B;BIRC2;CASP3;MLKL;UBB;CASP4;RIPK3;IL18;CHMP2A;BIRC3;CDC37;IRF1;OGT;BAK1
prerank,Activation Of BH3-only Proteins R-HSA-114452,0.335521564077196,1.1031891586982798,3.011583e-01,8.349973e-01,1.000000e+00,13/26,24.08%,PPP3CC;YWHAZ;PPP3R1;AKT3;YWHAH;YWHAB;YWHAQ;DYNLL1;TFDP1;MAPK8;REXO2;TP53;BCL2L11
prerank,Sensory Processing Of Sound By Inner Hair Cells Of Cochlea R-HSA-9662360,0.3280532909296072,1.1026498968333331,3.072519e-01,8.317162e-01,1.000000e+00,4/27,4.09%,SPTAN1;RIPOR2;CAPZA1;ATP2B4
prerank,Early SARS-CoV-2 Infection Events R-HSA-9772572,-0.3714441394748721,-1.1020501318864324,3.326613e-01,7.173956e-01,1.000000e+00,7/17,15.47%,MAP1LC3B;CHMP4B;FURIN;CHMP2B;BECN1;ZCRB1;CHMP2A
prerank,Extension Of Telomeres R-HSA-180786,0.29997226746181044,1.1015564159418305,2.885375e-01,8.306183e-01,1.000000e+00,24/43,38.42%,RPA3;RFC5;RFC4;RUVBL1;WRAP53;GAR1;PPP6R3;SHQ1;LRIG1;DKC1;TERF2IP;BLM;NOP10;POLA2;PIF1;POLD3;STN1;CTC1;TINF2;PPP6C;ACD;CHTF18;RUVBL2;CDK2
prerank,HCMV Early Events R-HSA-9609690,0.2658799683592469,1.1012734965257316,2.661597e-01,8.264309e-01,1.000000e+00,17/75,18.10%,NUP62;H2BC15;NUP50;RBBP4;SUZ12;DUT;DAXX;H2AC6;RRM1;NUP37;H2AC11;NUP58;CREB1;DYNLL1;NUP188;NUP85;H2AC4
prerank,SARS-CoV-2 Infection R-HSA-9694516,0.22741653186210906,1.0997500685266193,2.237094e-01,8.270006e-01,1.000000e+00,43/193,17.33%,G3BP1;TRIM4;NUP62;NUP50;DDX5;VPS33A;YWHAZ;SEC23A;ISCU;ST6GAL1;PARP4;TOMM70;SRPK1;AKT3;PARP10;CNBP;YWHAH;IFNAR1;YWHAB;STING1;VCP;SIKE1;NUP37;ST3GAL1;G3BP2;RPN1;IFNAR2;YWHAQ;CSNK1A1;NUP58;IRF3;UBC;FUT8;UVRAG;VPS16;GOLGA7;PATJ;RIGI;SNRPE;RB1;PIK3R4;NUP188;NUP85
prerank,RHO GTPases Activate PKNs R-HSA-5625740,-0.2954523505063996,-1.099294874539366,3.188976e-01,7.225762e-01,1.000000e+00,9/42,12.82%,PKN1;H2AJ;H2AX;RHOC;PKN2;H3-3B;YWHAE;H2AZ1;MYL6
prerank,Mitotic Metaphase And Anaphase R-HSA-2555396,0.22815820424062383,1.0973735399177462,2.202381e-01,8.306215e-01,1.000000e+00,40/182,17.64%,TUBA1A;PPP2R5A;KPNB1;XPO1;CKAP5;KIF2A;NUP62;LBR;PPP2R5D;TMPO;PSMD2;PSMD11;PPP2R5C;ANAPC10;NDEL1;HDAC8;PSMB2;BUB3;RAN;CDC26;ZWILCH;VRK1;NUP37;PAFAH1B1;SMC1A;TAOK1;PSMD10;CC2D1B;NUP58;PSMD4;PPP1CC;UBC;ZW10;DYNLL1;NUP188;PSMD13;CDC16;NUP85;TUBB;TUBA1C
prerank,EPH-ephrin Mediated Repulsion Of Cells R-HSA-3928665,-0.3501231894360648,-1.0972522781954859,3.484252e-01,7.253124e-01,1.000000e+00,8/21,21.72%,CLTB;YES1;EPHA4;APH1A;LYN;VAV3;AP2A1;AP2A2
prerank,Regulation Of IGF Transport And Uptake By IGFBPs R-HSA-381426,-0.2973187638272648,-1.0963201370381424,3.240000e-01,7.245859e-01,1.000000e+00,15/38,22.86%,LGALS1;TIMP1;IGFBP4;QSOX1;CALU;LMNB2;MGAT4A;P4HB;TGOLN2;DNAJC3;SHISA5;ANO8;PDIA6;FUCA2;MFGE8
prerank,Phase I - Functionalization Of Compounds R-HSA-211945,0.3376949241871692,1.0956508676830676,3.384615e-01,8.316218e-01,1.000000e+00,7/28,16.25%,MIA3;ACSS1;PTGES3;CYB5B;CYB5R3;FDXR;ADH5
prerank,RNA Polymerase I Promoter Escape R-HSA-73772,0.2933841284725579,1.0956295563714373,2.884990e-01,8.265333e-01,1.000000e+00,16/46,23.11%,UBTF;H2BC15;TBP;GTF2H1;GTF2H3;H2AC6;CBX3;POLR1H;CCNH;GTF2H5;POLR1D;TAF1B;H2AC4;POLR1E;H2BC9;H2BC12
prerank,Interconversion Of Nucleotide Di- And Triphosphates R-HSA-499943,0.33931093089156444,1.0942819175178695,3.289963e-01,8.264890e-01,1.000000e+00,11/22,29.79%,DUT;RRM1;AK5;AK6;CMPK1;DCTD;TXNRD1;AK9;NME4;GLRX;DCTPP1
prerank,Glucagon-like Peptide-1 (GLP1) Regulates Insulin Secretion R-HSA-381676,-0.3503332205288394,-1.0939016187942638,3.145336e-01,7.286378e-01,1.000000e+00,5/20,8.62%,GNAS;GNB1;GNGT2;PRKCA;PRKAR2A
prerank,VEGFA-VEGFR2 Pathway R-HSA-4420097,-0.26604304473825413,-1.093646619679687,2.926267e-01,7.256071e-01,1.000000e+00,15/65,14.93%,NCK2;PKN1;MAPKAPK2;CDC42;NRAS;AKT1;ARHGEF7;PRKCA;PKN2;PIK3R1;PRKCB;MAPKAP1;MLST8;VAV3;CALM1
prerank,Signaling By High-Kinase Activity BRAF Mutants R-HSA-6802948,0.3423127992996812,1.0913485433343226,3.339658e-01,8.326749e-01,1.000000e+00,6/22,10.22%,ARAF;MAP2K1;VCL;APBB1IP;YWHAB;RAP1B
prerank,Endosomal Sorting Complex Required For Transport (ESCRT) R-HSA-917729,-0.3298074236436316,-1.0911449169432388,3.279352e-01,7.298557e-01,1.000000e+00,9/25,19.42%,VPS37B;STAM;CHMP4B;CHMP2B;UBAP1;UBB;CHMP2A;VPS4A;SNF8
prerank,COPI-mediated Anterograde Transport R-HSA-6807878,-0.2653383139016906,-1.090939290136972,2.658730e-01,7.266068e-01,1.000000e+00,11/66,11.20%,RAB1A;NAPG;STX5;DCTN4;DYNLL2;COG3;DYNC1LI1;DYNC1LI2;DCTN3;TMED2;CAPZA2
prerank,Transcriptional Activation Of Mitochondrial Biogenesis R-HSA-2151201,-0.2962928658785243,-1.090764431287333,2.958963e-01,7.234415e-01,1.000000e+00,7/40,7.51%,CREBBP;MEF2D;PPRC1;NCOA1;HCFC1;CARM1;CRTC2
prerank,ADORA2B Mediated Anti-Inflammatory Cytokine Production R-HSA-9660821,-0.3111485379165194,-1.0900174506195928,3.340292e-01,7.219311e-01,1.000000e+00,9/32,13.79%,GNAS;GNB1;VIPR2;ADCY7;GNGT2;PRKCA;PRKAR2A;PTRH2;ADCY9
prerank,Regulation Of PLK1 Activity At G2/M Transition R-HSA-2565942,0.26179183026441194,1.0886930338972347,2.983871e-01,8.374854e-01,1.000000e+00,18/75,17.51%,CEP57;TUBA1A;CKAP5;CEP250;PPP1CB;CNTRL;PAFAH1B1;PCNT;CEP290;HAUS1;CEP78;HAUS4;UBC;CDK5RAP2;SFI1;DYNLL1;PCM1;TUBB
prerank,Cargo Concentration In ER R-HSA-5694530,0.3482676123406134,1.0875158051074931,3.264925e-01,8.368623e-01,1.000000e+00,5/21,5.08%,MIA3;PREB;SEC23A;CNIH1;LMAN1
prerank,Cell Cycle Checkpoints R-HSA-69620,0.225708554353855,1.0857665104978091,2.591876e-01,8.383736e-01,1.000000e+00,42/197,17.33%,PPP2R5A;XPO1;CKAP5;KIF2A;H2BC15;PPP2R5D;PSMD2;YWHAZ;PSMD11;RPA3;PPP2R5C;ANAPC10;MCM3;NDEL1;RFC5;CDKN1B;PSMB2;RFC4;HERC2;BUB3;MDC1;YWHAH;CDKN2A;CDC26;ZWILCH;YWHAB;NUP37;PAFAH1B1;TAOK1;PSMD10;YWHAQ;RAD17;PSMD4;PPP1CC;UBC;ATRIP;ZW10;MRE11;DYNLL1;PSMD13;CDC16;NUP85
prerank,RNA Polymerase III Chain Elongation R-HSA-73780,-0.37286990329823316,-1.0855892936484073,3.291405e-01,7.322647e-01,1.000000e+00,5/16,19.47%,CRCP;POLR3F;POLR3C;POLR2E;POLR3H
prerank,Antiviral Mechanism By IFN-stimulated Genes R-HSA-1169410,0.25697780410277166,1.0843143614912758,2.765957e-01,8.389265e-01,1.000000e+00,22/76,21.04%,KPNB1;KPNA3;NUP62;NUP50;ARIH1;PLCG1;EIF4A2;NUP37;PPM1B;EIF4G1;NUP58;GNL3;IRF3;UBC;ABCE1;RIGI;EIF4G3;NUP188;NUP85;UBA7;EIF4G2;NUP42
prerank,HDR Thru Single Strand Annealing (SSA) R-HSA-5685938,0.33803411595602595,1.0839386880396413,3.473054e-01,8.353547e-01,1.000000e+00,8/25,18.28%,RPA3;RFC5;RFC4;RAD52;RAD17;ATRIP;MRE11;ATM
prerank,VEGFR2 Mediated Cell Proliferation R-HSA-5218921,-0.37538856400650383,-1.083535814420116,3.406593e-01,7.353229e-01,1.000000e+00,8/15,29.81%,NRAS;PRKCA;PRKCB;CALM1;ITPR3;SPHK1;HRAS;SYNGAP1
prerank,Formation Of RNA Pol II Elongation Complex R-HSA-112382,-0.27128498646494686,-1.082564592765266,3.145161e-01,7.347837e-01,1.000000e+00,17/57,19.11%,ELOA;ERCC3;POLR2C;POLR2D;NCBP1;ELOB;POLR2G;ELL;MNAT1;CCNT1;CDK7;POLR2E;CCNT2;NELFCD;NELFA;RTF1;POLR2J
prerank,Ribosomal Scanning And Start Codon Recognition R-HSA-72702,0.33202534218232754,1.0819632344578456,3.339921e-01,8.374450e-01,1.000000e+00,7/25,12.17%,EIF3A;EIF4B;EIF2S1;EIF3L;EIF3E;EIF4A2;EIF4G1
prerank,Glycerophospholipid Biosynthesis R-HSA-1483206,0.2640666169511039,1.0810535104702135,2.982792e-01,8.359896e-01,1.000000e+00,21/72,20.76%,PNPLA2;GPAT4;ABHD3;CPNE3;HADHA;CDIPT;AGPAT1;LPCAT1;TAFAZZIN;CEPT1;LPCAT3;MIGA1;SLC44A2;SELENOI;CRLS1;LPIN2;ABHD4;GPD2;SH2D3C;PRKCSH;PITPNM1
prerank,Cytoprotection By HMOX1 R-HSA-9707564,-0.27902551623584304,-1.0806098625025091,3.184713e-01,7.372932e-01,1.000000e+00,15/48,20.00%,CREBBP;NCOA1;CARM1;COX7B;COX19;COX5B;COX6A1;SURF1;LRPPRC;TBL1X;COX8A;MAFK;NFE2L2;COX16;HM13
prerank,RHO GTPase Effectors R-HSA-195258,0.2244655887484311,1.0804127295898411,2.509506e-01,8.334103e-01,1.000000e+00,33/184,13.79%,MAPK14;PPP2R5A;XPO1;S100A8;CKAP5;KIF2A;H2BC15;NCKAP1L;S100A9;PPP2R5D;DIAPH1;YWHAZ;PPP1CB;CYFIP2;ACTR3;PPP2R5C;NDEL1;CDKN1B;BUB3;YWHAH;H2AC6;ZWILCH;WASF2;YWHAB;NCK1;NUP37;PAFAH1B1;ACTR2;TAOK1;LIN7B;YWHAQ;PPP1CC;IQGAP2
prerank,Regulation Of Cholesterol Biosynthesis By SREBP (SREBF) R-HSA-1655829,-0.2789238812366884,-1.0783208574798795,3.047210e-01,7.408294e-01,1.000000e+00,15/48,19.60%,SEC24C;CREBBP;FASN;SEC24B;NCOA1;CARM1;SEC24A;MVD;SREBF1;INSIG1;TBL1X;PMVK;IDI1;SC5D;NFYA
prerank,COPI-independent Golgi-to-ER Retrograde Traffic R-HSA-6811436,-0.31184287509802555,-1.0780810019863807,3.270440e-01,7.378210e-01,1.000000e+00,9/31,20.63%,DCTN4;DYNLL2;DYNC1LI1;DYNC1LI2;DCTN3;CAPZA2;GALNT1;PLA2G6;RAB18
prerank,FGFR2 Alternative Splicing R-HSA-6803529,-0.33278032023685794,-1.0780407477615463,3.244898e-01,7.342456e-01,1.000000e+00,6/23,9.17%,PTBP1;HNRNPH1;POLR2C;POLR2D;NCBP1;POLR2G
prerank,Resolution Of Abasic Sites (AP Sites) R-HSA-73933,0.30533086819888744,1.0779613496343539,3.462963e-01,8.373234e-01,1.000000e+00,5/34,12.16%,RPA3;RFC5;RFC4;PARP1;PARG
prerank,Interferon Signaling R-HSA-913531,0.22999720695538142,1.0775933694113011,2.471042e-01,8.338366e-01,1.000000e+00,33/152,17.33%,KPNB1;KPNA3;NUP62;GBP5;NUP50;TRIM22;IRF2;BCL11B;IFNG;ISG20;TRIM35;ARIH1;PLCG1;GBP4;PTPN1;IFNAR1;EIF4A2;IFIT5;NUP37;PPM1B;TRIM38;EIF4G1;IFNAR2;NUP58;GNL3;IRF3;UBC;ABCE1;SP100;RIGI;EIF4G3;NUP188;NUP85
prerank,Regulation Of Insulin Secretion R-HSA-422356,-0.3068514526305485,-1.077415986552889,3.459916e-01,7.325469e-01,1.000000e+00,13/32,22.16%,GNAS;GNB1;SLC2A1;GNGT2;GNAQ;PRKCA;PRKAR2A;PLCB1;PLCB2;GNAI2;ITPR3;STX1A;ACSL3
prerank,Arachidonic Acid Metabolism R-HSA-2142753,0.3633020886917234,1.0772889635799865,3.479053e-01,8.302750e-01,1.000000e+00,8/17,27.21%,PTGES3;PTGDS;HPGD;PTGES2;AKR1C3;GPX4;ALOX5AP;PTGS1
prerank,Class I MHC Mediated Antigen Processing And Presentation R-HSA-983169,-0.2117367025167961,-1.0771804416293742,2.613391e-01,7.296822e-01,1.000000e+00,61/287,16.49%,FBXO44;SEC24C;ZNRF2;UBE2M;RNF7;UBOX5;FBXW7;CALR;FBXL12;UBR1;SEC24B;ATG7;UBE2Q1;CUL3;MYLIP;ANAPC11;SEC61G;PSMF1;PSMD6;BTBD6;RNF19B;RNF130;MIB2;FBXL18;PSMB6;CTSS;FBXO31;MEX3C;ELOB;FBXO9;UBE2G2;ARIH2;PSME4;SEC24A;RNF115;CUL5;BECN1;SOCS1;SEC61B;FBXO11;UBE2S;IKBKB;UBB;TPP2;UBA6;FBXL5;UBA1;ASB6;SEC13;TAPBP;DCAF1;RBBP6;KLHL2;DTX3L;PSME2;ATG14;PSMB3;SMURF1;PSMA1;HERC5;PDIA3
prerank,Interleukin-37 Signaling R-HSA-9008059,0.3747900365488048,1.075768245748409,3.682171e-01,8.308978e-01,1.000000e+00,6/16,21.12%,PTPN4;STAT3;PTPN23;SIGIRR;SMAD3;PTPN11
prerank,Phase II - Conjugation Of Compounds R-HSA-156580,0.2914126492075917,1.0757534794313923,3.466934e-01,8.262417e-01,1.000000e+00,5/40,3.18%,CNDP2;UGP2;MAT2B;SLC26A2;GCLM
prerank,Disassembly Of Destruction Complex And Recruitment Of AXIN To Membrane R-HSA-4641262,-0.3499894336715139,-1.0717881246116632,3.577236e-01,7.433294e-01,1.000000e+00,5/19,10.92%,CSNK1G2;PPP2CA;PPP2CB;AXIN1;FRAT2
prerank,Influenza Infection R-HSA-168255,0.2588108942764521,1.0704020157771479,3.154876e-01,8.407895e-01,1.000000e+00,14/73,13.54%,KPNB1;XPO1;KPNA3;NUP62;NUP50;PBRM1;CLTC;RAN;PARP1;NUP37;IPO5;NUP58;GNL3;POLR2I
prerank,Metabolism Of Porphyrins R-HSA-189445,0.36988455597464953,1.0699104878384367,3.810445e-01,8.377714e-01,1.000000e+00,6/16,28.01%,HMOX2;UROD;ALAS1;COX10;ALAD;FECH
prerank,Oxidative Stress Induced Senescence R-HSA-2559580,-0.26647447969707005,-1.0686085862025863,3.326446e-01,7.502087e-01,1.000000e+00,15/71,12.26%,MAPKAPK2;CBX4;H2AJ;H2AX;MAP2K3;MAPK9;CDKN2D;PHC2;MAP2K7;H3-3B;TNRC6A;AGO4;H2AZ1;MDM4;UBB
prerank,ROS And RNS Production In Phagocytes R-HSA-1222556,-0.35215019695659866,-1.0682732227071026,3.878924e-01,7.476348e-01,1.000000e+00,5/18,14.23%,TCIRG1;ATP6V1H;ATP6V0C;HVCN1;ATP6V1G1
prerank,Cyclin A:Cdk2-associated Events At S Phase Entry R-HSA-69656,0.26291733989584165,1.0678839027356142,3.460076e-01,8.406618e-01,1.000000e+00,17/72,17.37%,RBL2;RBBP4;PSMD2;MAX;PSMD11;CDKN1B;PSMB2;AKT3;E2F4;CDC25B;PSMD10;PSMD4;UBC;CCNH;RB1;PSMD13;TFDP1
prerank,NCAM Signaling For Neurite Out-Growth R-HSA-375165,0.355751969653954,1.0673173392638278,3.632812e-01,8.378894e-01,1.000000e+00,2/18,0.53%,SPTAN1;ST8SIA4
prerank,"Cell Cycle, Mitotic R-HSA-69278",0.2042556833330527,1.0671992266609642,2.774566e-01,8.336335e-01,1.000000e+00,80/400,17.64%,CEP57;TUBA1A;PPP2R5A;KPNB1;XPO1;HDAC1;CKAP5;KIF2A;NUP62;H2BC15;LBR;RBL2;NUP50;RBBP4;NEK9;PPP2R5D;TMPO;CEP250;PSMD2;MAX;PPP1CB;PSMD11;RPA3;PPP2R5C;ANAPC10;MCM3;NEK7;NDEL1;RFC5;CDKN1B;HDAC8;PSMB2;RFC4;USO1;AKT3;E2F4;BUB3;RAN;CDKN2A;H2AC6;CDC26;CNTRL;ZWILCH;CDC25B;VRK1;NUP37;PAFAH1B1;PCNT;PHLDA1;CEP290;SMC1A;HAUS1;CEP78;HAUS4;TAOK1;PSMD10;BLZF1;CC2D1B;NUP58;PSMD4;PPP1CC;UBC;CCNH;NIPBL;CDK5RAP2;ZW10;RBX1;SFI1;DYNLL1;PCM1;LPIN2;LCMT1;RB1;NUP188;PSMD13;CDC16;NUP85;TFDP1;TUBB;TUBA1C
prerank,Activation Of Kainate Receptors Upon Glutamate Binding R-HSA-451326,-0.37402238036246294,-1.0651021189869625,3.627639e-01,7.541129e-01,1.000000e+00,5/15,17.46%,GNB1;GNGT2;CALM1;PLCB1;PLCB2
prerank,Factors Involved In Megakaryocyte Development And Platelet Production R-HSA-983231,0.25855516708718573,1.0649613451416975,3.320611e-01,8.371683e-01,1.000000e+00,10/71,6.93%,PRKACB;PRKAR1A;HDAC1;KIF2A;IRF2;CAPZA1;EHD1;KIF3B;DOCK10;KIF21A
prerank,Ion Homeostasis R-HSA-5578775,0.32945855922014666,1.0642124672976665,3.718690e-01,8.353549e-01,1.000000e+00,5/23,10.84%,STIM1;ATP1A3;ATP2B4;ATP2A3;AHCYL1
prerank,G Alpha (Q) Signaling Events R-HSA-416476,-0.2573128266463545,-1.0640642567773386,3.480084e-01,7.539044e-01,1.000000e+00,15/72,15.53%,XCL1;NRAS;GRK2;DGKQ;GNB1;GNGT2;GNAQ;XCL2;PRKCA;PIK3R1;RGS16;TRIO;LTB4R;PLCB1;RIPK2
prerank,Diseases Of Carbohydrate Metabolism R-HSA-5663084,0.33994213535099804,1.0638901384295383,3.555133e-01,8.318856e-01,1.000000e+00,10/21,29.11%,HGSNAT;GYG1;UBC;GLB1;GAA;RPIA;UBA52;GNS;GYS1;ARSB
prerank,Cooperation Of PDCL (PhLP1) And TRiC/CCT In G-protein Beta Folding R-HSA-6814122,0.34981305178967426,1.0638146146054592,3.737575e-01,8.276204e-01,1.000000e+00,8/20,15.20%,TCP1;CCT3;CCT6A;GNG10;CCT4;CCT8;CCT2;CCT7
prerank,GPCR Ligand Binding R-HSA-500792,-0.2633157746895522,-1.0624964097547378,3.173278e-01,7.555225e-01,1.000000e+00,15/67,16.83%,XCL1;GNAS;GNB1;VIPR2;GPR183;HEBP1;GNGT2;XCL2;CCL5;CCL4;PTRH2;PTCH2;LTB4R;RIPK2;C3AR1
prerank,Unattached Kinetochores Signal Amplification Via A MAD2 Inhibitory Signal R-HSA-141444,0.26574789874479077,1.0612388602885139,3.517382e-01,8.322524e-01,1.000000e+00,16/64,17.33%,PPP2R5A;XPO1;CKAP5;KIF2A;PPP2R5D;PPP2R5C;NDEL1;BUB3;ZWILCH;NUP37;PAFAH1B1;TAOK1;PPP1CC;ZW10;DYNLL1;NUP85
prerank,Intracellular Signaling By Second Messengers R-HSA-9006925,-0.21815535134577432,-1.0607094630797254,2.936170e-01,7.580607e-01,1.000000e+00,33/212,10.13%,ATN1;GATAD2A;CBX4;GRK2;AKT1;IRS2;PHLPP2;EGR1;IER3;CSNK2B;LAMTOR1;PPP2CA;LAMTOR4;PIP4K2A;PHC2;PPP2CB;ADCY7;BAD;RNMT;PSMF1;PRKCA;KPNA2;PSMD6;USP7;PSMB6;GSK3A;TNRC6A;AGO4;PRKAR2A;PIK3R1;CSNK2A2;AGO2;PSME4
prerank,Resolution Of Sister Chromatid Cohesion R-HSA-2500257,0.25633573747774946,1.0585889399528772,3.542510e-01,8.371860e-01,1.000000e+00,18/73,17.33%,PPP2R5A;XPO1;CKAP5;KIF2A;PPP2R5D;PPP2R5C;NDEL1;HDAC8;BUB3;ZWILCH;NUP37;PAFAH1B1;SMC1A;TAOK1;PPP1CC;ZW10;DYNLL1;NUP85
prerank,Signaling By EGFR In Cancer R-HSA-1643713,-0.36083036840135313,-1.0584132701044948,3.791574e-01,7.623415e-01,1.000000e+00,6/16,20.02%,NRAS;PIK3R1;UBB;CDC37;AREG;SHC1
prerank,RAC3 GTPase Cycle R-HSA-9013423,-0.26816357328544904,-1.0582806862556324,3.401222e-01,7.591822e-01,1.000000e+00,11/59,8.97%,PKN1;CDC42;GIT1;ARHGAP21;RAPGEF1;LAMTOR1;PREX1;PKN2;ARHGAP5;ARHGAP26;PIK3R1
prerank,TNF Signaling R-HSA-75893,-0.28505952030766635,-1.058055579330295,3.575884e-01,7.562722e-01,1.000000e+00,10/41,16.36%,OTULIN;BIRC2;USP4;IKBKB;UBB;MADD;USP25;NSMAF;TRAF1;BIRC3
prerank,G2/M Checkpoints R-HSA-69481,0.2402974049795412,1.0573920186816368,3.378378e-01,8.369292e-01,1.000000e+00,31/110,23.73%,H2BC15;PSMD2;YWHAZ;PSMD11;RPA3;MCM3;RFC5;PSMB2;RFC4;HERC2;MDC1;YWHAH;YWHAB;PSMD10;YWHAQ;RAD17;PSMD4;UBC;ATRIP;MRE11;PSMD13;ATM;PSMA5;RNF8;REXO2;TP53;H2BC9;NSD2;PSME3;H2BC12;PSMB5
prerank,Nuclear Envelope Breakdown R-HSA-2980766,0.28234305276091953,1.05721772190801,3.502935e-01,8.331758e-01,1.000000e+00,11/47,17.33%,NUP62;NUP50;NEK9;TMPO;NEK7;VRK1;NUP37;NUP58;LPIN2;NUP188;NUP85
prerank,NRAGE Signals Death Thru JNK R-HSA-193648,-0.316587641954957,-1.0569237397607747,3.696581e-01,7.562580e-01,1.000000e+00,9/26,15.39%,PLEKHG2;ARHGEF7;PREX1;SOS2;GNA13;BAD;TRIO;VAV3;ARHGEF10
prerank,Sensory Processing Of Sound R-HSA-9659379,0.30954245710032463,1.0568845580268522,3.702970e-01,8.300578e-01,1.000000e+00,4/29,4.09%,SPTAN1;RIPOR2;CAPZA1;ATP2B4
prerank,SUMOylation Of Transcription Cofactors R-HSA-3899300,-0.29155468496919895,-1.0567012411484271,3.529412e-01,7.535323e-01,1.000000e+00,6/38,5.28%,CTBP1;CBX4;CREBBP;NCOA1;PHC2;ING3
prerank,TCF Dependent Signaling In Response To WNT R-HSA-201681,-0.2315498911378057,-1.056002310284846,3.235294e-01,7.523020e-01,1.000000e+00,24/131,12.26%,CSNK1G2;CTBP1;RUNX3;AKT1;H2AJ;TCF7;RYK;CREBBP;CSNK2B;H2AX;PPP2CA;PPP2CB;CUL3;PSMF1;PSMD6;H3-3B;PSMB6;AXIN1;CSNK2A2;TLE4;PSME4;FRAT2;H2AZ1;UBB
prerank,Regulation Of RUNX1 Expression And Activity R-HSA-8934593,-0.3726267254073422,-1.0553888924983676,3.894737e-01,7.508042e-01,1.000000e+00,3/15,9.50%,TNRC6A;AGO4;AGO2
prerank,Transport Of Inorganic Cations/Anions And Amino Acids/Oligopeptides R-HSA-425393,0.28974565864083773,1.054740705931483,3.505747e-01,8.332106e-01,1.000000e+00,9/40,13.60%,SLC20A1;SLC4A7;SLC26A2;SLC1A7;SLC26A11;SLC25A22;SLC12A6;SLC4A2;SLC36A1
prerank,FCERI Mediated MAPK Activation R-HSA-2871796,-0.32111545652435997,-1.0545360035577325,3.703704e-01,7.501142e-01,1.000000e+00,7/25,14.49%,PKN1;NRAS;MAPK9;MAP2K7;PKN2;LYN;VAV3
prerank,Role Of Phospholipids In Phagocytosis R-HSA-2029485,0.3608026592340881,1.052988099608179,3.925234e-01,8.350021e-01,1.000000e+00,6/18,20.06%,PLCG1;AHCYL1;PIK3CA;CD247;PRKCSH;PIK3R2
prerank,Toll Like Receptor 3 (TLR3) Cascade R-HSA-168164,-0.2514962094615665,-1.0524020000714052,3.384615e-01,7.533186e-01,1.000000e+00,20/82,16.36%,MAP3K8;MAPKAPK2;PPP2CA;MAP2K3;MAPK9;TNIP2;PPP2CB;BIRC2;MAP2K7;NFKBIB;N4BP1;NFKB1;USP18;IKBKB;UBB;IRAK1;RIPK3;RIPK2;DUSP6;BIRC3
prerank,Formation Of Incision Complex In GG-NER R-HSA-5696395,0.2881124144293582,1.0520647766808846,4.011194e-01,8.340484e-01,1.000000e+00,11/41,15.43%,RNF111;RPA3;RAD23B;GTF2H1;DDB2;GTF2H3;PARP1;UBC;CCNH;RBX1;GTF2H5
prerank,Transcriptional Regulation By RUNX2 R-HSA-8878166,-0.2438372215762992,-1.0512122966503623,3.467742e-01,7.537285e-01,1.000000e+00,21/83,21.05%,LGALS3;AKT1;HIVEP3;FBXW7;YES1;PSMF1;PSMD6;PSMB6;PSME4;UBB;MAF;PSME2;PSMB3;SMURF1;PSMA1;PPM1D;AREG;PSMD9;PSME1;RUNX2;ABL1
prerank,Glutathione Conjugation R-HSA-156590,0.35594390601260095,1.0507034188572122,3.836978e-01,8.344485e-01,1.000000e+00,2/16,3.18%,CNDP2;GCLM
prerank,Cell Junction Organization R-HSA-446728,0.3226857594148227,1.0493959778515851,3.808630e-01,8.347030e-01,1.000000e+00,8/26,18.21%,ARHGEF6;CADM1;ILK;ITGA6;PATJ;VASP;CTNNB1;PALS1
prerank,TP53 Regulates Transcription Of Cell Cycle Genes R-HSA-6791312,0.3061400352454932,1.0491767076066236,3.779528e-01,8.311921e-01,1.000000e+00,5/32,7.47%,CNOT7;RBL2;CDKN1B;CNOT3;E2F4
prerank,Branched-chain Amino Acid Catabolism R-HSA-70895,0.34839849971280296,1.049170085297851,3.922330e-01,8.269970e-01,1.000000e+00,14/19,35.77%,PPM1K;ACADSB;DBT;HIBADH;BCKDHB;HIBCH;AUH;ACAD8;ALDH6A1;SLC25A44;BCKDK;IVD;BCAT2;SOAT1
prerank,Response Of EIF2AK4 (GCN2) To Amino Acid Deficiency R-HSA-9633012,-0.34892170761752567,-1.0471553054787375,3.607214e-01,7.632042e-01,1.000000e+00,2/17,2.85%,ATF4;CEBPG
prerank,Metabolism Of Carbohydrates R-HSA-71387,-0.21917330484042985,-1.0452922093134265,3.657505e-01,7.660520e-01,1.000000e+00,31/171,13.51%,CHST7;CHSY1;MAN2C1;ST6GALNAC6;B3GNT7;PPP2CA;SLC2A1;B3GNT2;NUP54;PFKFB3;PGP;SLC35D2;PPP2CB;B4GALT4;FBP1;SHPK;PRKCA;ENO3;UST;NUP133;SEH1L;B3GALT6;SLC9A1;EXT1;TKT;IDS;UBB;XYLT1;HS6ST1;SEC13;PHKG2
prerank,Toll Like Receptor 9 (TLR9) Cascade R-HSA-168138,-0.24893275813895735,-1.0452718859149592,3.584521e-01,7.626762e-01,1.000000e+00,17/79,15.89%,MAP3K8;MAPKAPK2;PPP2CA;MAP2K3;MAPK9;TNIP2;PPP2CB;MAP2K7;NFKBIB;N4BP1;NFKB1;USP18;IKBKB;UBB;IRAK1;RIPK2;DUSP6
prerank,Recognition Of DNA Damage By PCNA-containing Replication Complex R-HSA-110314,0.3235986102037043,1.0444652808245707,3.895131e-01,8.392482e-01,1.000000e+00,9/25,26.35%,RPA3;RFC5;RFC4;UBE2B;UBC;RBX1;RAD18;CUL4A;UBA52
prerank,tRNA Modification In Nucleus And Cytosol R-HSA-6782315,0.2928267038093049,1.0442782803112869,3.772455e-01,8.356286e-01,1.000000e+00,14/36,27.44%,THADA;TYW1;NSUN2;CDKAL1;ALKBH8;EPRS1;TYW5;TYW3;TRMT13;TRMT6;CTU2;FTSJ1;OSGEP;ADAT1
prerank,Cellular Response To Hypoxia R-HSA-1234174,0.2639953505142947,1.0438513241035432,3.896620e-01,8.329588e-01,1.000000e+00,18/63,23.73%,MIA3;UBE2D2;PSMD2;PSMD11;EGLN1;CITED2;PSMB2;HIF1A;PSMD10;PSMD4;UBC;RBX1;PSMD13;LIMD1;PSMA5;UBE2D3;PSME3;PSMB5
prerank,MyD88-independent TLR4 Cascade R-HSA-166166,-0.24576690872239149,-1.0423730197886796,3.510638e-01,7.683156e-01,1.000000e+00,20/83,16.36%,MAP3K8;MAPKAPK2;PPP2CA;MAP2K3;MAPK9;TNIP2;PPP2CB;BIRC2;MAP2K7;NFKBIB;N4BP1;NFKB1;USP18;IKBKB;UBB;IRAK1;RIPK3;RIPK2;DUSP6;BIRC3
prerank,Stimuli-sensing Channels R-HSA-2672351,-0.29826731897195163,-1.0421700199534871,3.995772e-01,7.654505e-01,1.000000e+00,9/30,18.15%,SLC9B2;CLCN6;ASPH;TRPM7;UBB;BEST1;CALM1;CLCN7;TRPM2
prerank,Nucleotide Excision Repair R-HSA-5696398,0.2395248359206668,1.0418105072647332,3.488806e-01,8.360871e-01,1.000000e+00,22/101,15.43%,COPS5;RNF111;INO80D;RPA3;COPS7A;RFC5;RAD23B;POLK;GTF2H1;DDB2;RFC4;ZNF830;GTF2H3;PARP1;INO80B;RUVBL1;ERCC8;POLR2I;UBC;CCNH;RBX1;GTF2H5
prerank,Cell Cycle R-HSA-1640170,0.1957096400513022,1.040896876608169,3.263359e-01,8.350951e-01,1.000000e+00,101/498,18.33%,CEP57;TUBA1A;PPP2R5A;KPNB1;XPO1;HDAC1;CKAP5;KIF2A;NUP62;H2BC15;LBR;RBL2;SMARCA5;NUP50;RBBP4;NEK9;PPP2R5D;TMPO;CEP250;PSMD2;YWHAZ;MAX;PPP1CB;PSMD11;RPA3;PPP2R5C;ANAPC10;MCM3;NEK7;NDEL1;RFC5;CDKN1B;HDAC8;PSMB2;DAXX;RFC4;USO1;HERC2;AKT3;E2F4;ATRX;BUB3;MDC1;RAN;SYNE2;YWHAH;CDKN2A;H2AC6;CDC26;CNTRL;ZWILCH;CDC25B;YWHAB;VRK1;NUP37;RUVBL1;PAFAH1B1;PCNT;PHLDA1;CEP290;SMC1A;HAUS1;CEP78;HAUS4;TAOK1;PSMD10;NPM1;BLZF1;YWHAQ;CC2D1B;WRAP53;RAD17;NUP58;PSMD4;POLR2I;PPP1CC;UBC;CCNH;NIPBL;CDK5RAP2;GAR1;ATRIP;ZW10;RBX1;MRE11;SFI1;DYNLL1;PCM1;LPIN2;LCMT1;RB1;NUP188;PSMD13;CDC16;NUP85;TFDP1;TUBB;TUBA1C;H2AC4;ATM;PPP6R3
prerank,Translation R-HSA-72766,0.2160675873802492,1.0406656993896548,3.371212e-01,8.317267e-01,1.000000e+00,49/196,21.28%,EIF3A;MRPS7;DARS1;APEH;EIF4B;EEF1A1;MRPS35;MRPL49;MTFMT;EIF2S1;MRPL3;MRPS33;QARS1;EEF2;SARS1;EIF3L;EIF3E;EIF4A2;EEF1B2;RARS2;MRPL34;MRPL15;MRPS18C;RPN1;EPRS1;EIF4G1;MRPL41;PABPC1;CARS1;MRRF;PPA2;SPCS1;MRPL20;FARSA;GSPT1;IARS2;MRPL18;MTIF3;EIF3K;AARS1;WARS2;OXA1L;MRPS34;MRPL17;MRPS18B;EIF3H;MARS2;MRPS14;MRPL36
prerank,Infection With Mycobacterium Tuberculosis R-HSA-9635486,0.3346547928659049,1.0400383962221769,4.095238e-01,8.300007e-01,1.000000e+00,3/20,4.56%,KPNB1;TRIM27;DUSP16
prerank,Transcriptional Regulation Of Granulopoiesis R-HSA-9616222,0.2891102791767553,1.0399346004139938,3.900574e-01,8.263651e-01,1.000000e+00,12/35,24.24%,STAT3;H2BC15;FLI1;GFI1;DEK;H2AC6;CREB1;TFDP1;H2AC4;H2BC9;H2BC12;RARA
prerank,Response Of Mtb To Phagocytosis R-HSA-9637690,0.3385458930408215,1.0394461602715224,3.913043e-01,8.238966e-01,1.000000e+00,3/19,4.56%,KPNB1;TRIM27;DUSP16
prerank,Regulation Of Signaling By CBL R-HSA-912631,-0.35907976181552004,-1.0382369586588682,3.935484e-01,7.745261e-01,1.000000e+00,4/16,12.45%,RAPGEF1;YES1;PIK3R1;LYN
prerank,Protein Localization R-HSA-9609507,-0.22295735352422208,-1.0373777576798608,3.833992e-01,7.739500e-01,1.000000e+00,23/139,13.06%,GFER;GRPEL2;TIMM17A;STX5;ATP5MC1;TIMM23;TIMM8B;BCS1L;MTX1;FXN;CS;SEC61G;COX19;TOMM22;NDUFB8;GRPEL1;MPV17;TIMM8A;SEC61B;CHCHD5;UBB;ACOX1;TIMM22
prerank,Neddylation R-HSA-8951664,-0.21628676006701492,-1.0372037836232426,3.642241e-01,7.711864e-01,1.000000e+00,55/184,24.91%,FBXO44;COMMD5;UBE2M;RNF7;FBXW7;FBXL12;COMMD7;UCHL3;CUL3;PSMF1;CAND1;PSMD6;DDA1;BTBD6;COPS3;FBXL18;COPS8;COMMD9;PSMB6;FBXO31;ELOB;FBXO9;TULP4;PSME4;CUL5;FBXO11;UBB;FBXL5;ASB6;SPSB3;KLHL2;PSME2;DCAF8;PSMB3;PSMA1;NFE2L2;DCAF5;ANKRD9;FBXL20;PSMD9;WSB2;DDB1;PSME1;FBXW8;COMMD4;COPS4;DCAF16;NPLOC4;PSMC2;FEM1B;PSMD7;MUL1;UBE2D1;DCUN1D2;PSMC3
prerank,HIV Transcription Initiation R-HSA-167161,-0.2738865767103728,-1.0368620434945515,3.786192e-01,7.688736e-01,1.000000e+00,10/44,12.47%,TAF11;TAF10;ERCC3;POLR2C;POLR2D;TAF15;POLR2G;TAF4;MNAT1;CDK7
prerank,Peptide Ligand-Binding Receptors R-HSA-375276,-0.31529622249152556,-1.0343527222194924,3.835052e-01,7.735807e-01,1.000000e+00,8/27,18.91%,XCL1;HEBP1;XCL2;CCL5;CCL4;RIPK2;C3AR1;CXCR3
prerank,Signaling By Erythropoietin R-HSA-9006335,-0.32407569343723086,-1.0342934945321003,4.142259e-01,7.704048e-01,1.000000e+00,5/23,12.45%,NRAS;IRS2;RAPGEF1;PIK3R1;LYN
prerank,Phospholipid Metabolism R-HSA-1483257,0.22681821780585976,1.0338256523222467,3.598410e-01,8.384758e-01,1.000000e+00,37/137,21.43%,PIK3CG;MTMR4;PNPLA2;GPAT4;PIKFYVE;ABHD3;CPNE3;PI4K2B;HADHA;PIP5K1A;CDIPT;AGPAT1;LPCAT1;TAFAZZIN;CEPT1;MTMR6;LPCAT3;MIGA1;SLC44A2;PIK3CA;PTEN;SELENOI;CRLS1;INPP5D;GDPD5;LPIN2;SACM1L;PIK3R4;ABHD4;GPD2;SH2D3C;PRKCSH;PIK3R2;TNFAIP8;PITPNM1;GDPD1;PIK3R3
prerank,HIV Life Cycle R-HSA-162587,-0.22549169473877584,-1.0331612997149953,3.680710e-01,7.708287e-01,1.000000e+00,34/135,17.88%,ELOA;VPS37B;TAF11;TAF10;CHMP4B;FURIN;ERCC3;NUP54;POLR2C;CHMP2B;POLR2D;RNMT;TAF15;NCBP1;NUP133;SEH1L;ELOB;POLR2G;TAF4;ELL;MNAT1;CCNT1;UBAP1;UBB;CDK7;SEC13;POLR2E;CHMP2A;CCNT2;NELFCD;KPNA1;VPS4A;NELFA;POM121
prerank,Regulation Of HSF1-mediated Heat Shock Response R-HSA-3371453,0.25363956434338064,1.0329240835545876,3.913043e-01,8.375330e-01,1.000000e+00,16/69,18.28%,HSPA4;NUP62;ST13;NUP50;HSPH1;HIKESHI;RPA3;NUP37;FKBP4;NUP58;HSPA8;CCAR2;NUP188;MRPL18;NUP85;ATM
prerank,Membrane Trafficking R-HSA-199991,0.1954317320871944,1.032455354499952,3.382353e-01,8.351239e-01,1.000000e+00,92/429,18.69%,CYTH1;SPTAN1;TRAPPC12;MIA3;CYTH2;MAN1A1;MON1B;ARF4;KIF2A;TRIP11;LNPEP;GDI1;VPS51;PREB;GCC2;COPS5;CAPZA1;YWHAZ;ADRB2;RAB10;RAB11A;SEC23A;CHMP5;CNIH1;SNX18;FNBP1;SH3GL1;ACTR3;COPS7A;MVB12A;TRAPPC6B;EPS15;LMAN1;KIF3B;ARCN1;COPB1;USO1;CLTC;TBC1D25;UBQLN1;KIF21A;FCHO1;RALA;AKT3;SNX5;MYO6;GDI2;YWHAH;GOLGA1;YWHAB;BLOC1S4;STXBP3;PAFAH1B1;NAA35;BET1L;BLOC1S1;ACTR2;COG7;SCOC;VAMP2;ITSN2;PTGES2;CYTH4;TRAPPC1;YWHAQ;IL7R;CTSC;RAB8B;HSPA8;UBC;PUM1;TRAPPC4;ZW10;AP1G2;DENND2D;KIF9;DYNLL1;BET1;EXOC1;BIN1;VPS37A;GAPVD1;DENND4C;RAB6A;COG6;NBAS;GOLGB1;COPB2;TBC1D7;PPP6R3;EPS15L1;CD59
prerank,MAP2K And MAPK Activation R-HSA-5674135,0.3152408196451026,1.0312830234819226,4.054054e-01,8.350942e-01,1.000000e+00,6/25,10.22%,ARAF;MAP2K1;VCL;APBB1IP;YWHAB;RAP1B
prerank,Regulation Of TP53 Activity R-HSA-5633007,-0.22960806777116943,-1.0308568254715589,3.825364e-01,7.747831e-01,1.000000e+00,25/119,14.25%,GATAD2A;BRD7;AKT1;TAF11;CSNK2B;TAF10;PPP2CA;PIP4K2A;PRKAG1;PPP2CB;ING3;RHNO1;KMT5A;HIPK1;USP7;TAF15;CSNK2A2;TAF4;MDM4;PRKAG2;BRD1;UBB;MAPKAP1;MLST8;RAD9A
prerank,NoRC Negatively Regulates rRNA Expression R-HSA-427413,0.25774343392613175,1.0297457087220272,3.769231e-01,8.363276e-01,1.000000e+00,18/60,23.11%,HDAC1;UBTF;H2BC15;SMARCA5;TBP;GTF2H1;GTF2H3;H2AC6;POLR1H;CCNH;GTF2H5;POLR1D;TAF1B;H2AC4;POLR1E;SIN3B;H2BC9;H2BC12
prerank,Potential Therapeutics For SARS R-HSA-9679191,0.2508824430663107,1.0289277873691474,3.980583e-01,8.351927e-01,1.000000e+00,18/75,15.68%,FNTA;HDAC1;ITGA4;RBBP4;ATP1A3;PTGES3;IMPDH2;RIPK1;IFNAR1;NCK1;S1PR1;ARID4A;IFNAR2;KEAP1;FKBP4;MTA2;RBX1;REST
prerank,Signaling By Insulin Receptor R-HSA-74752,-0.2750753782108652,-1.0286538526065523,3.947368e-01,7.784858e-01,1.000000e+00,6/40,8.97%,NRAS;TCIRG1;IRS2;ATP6V1H;ATP6V0C;PIK3R1
prerank,Unfolded Protein Response (UPR) R-HSA-381119,-0.24361540623732184,-1.0280224992154832,4.077869e-01,7.772577e-01,1.000000e+00,12/78,10.70%,ATF4;HDGF;CEBPG;ERN1;MYDGF;TATDN2;CALR;DNAJB11;CREBRF;GSK3A;TSPYL2;WIPI1
prerank,IRE1alpha Activates Chaperones R-HSA-381070,-0.28374971619696787,-1.0279025722054804,4.143167e-01,7.743273e-01,1.000000e+00,8/42,10.70%,HDGF;ERN1;MYDGF;TATDN2;DNAJB11;GSK3A;TSPYL2;WIPI1
prerank,Ion Transport By P-type ATPases R-HSA-936837,0.3078624632244195,1.0274152886774057,3.911290e-01,8.362398e-01,1.000000e+00,4/28,5.04%,ATP10D;ATP1A3;ATP2B4;ATP2A3
prerank,FLT3 Signaling In Disease R-HSA-9682385,0.3274236963640968,1.0269014737246482,4.433781e-01,8.340087e-01,1.000000e+00,10/22,28.44%,TRIP11;STAT5A;BCL2L1;PIK3CA;UBC;GOLGB1;PTPN11;ZMYM2;UBA52;FLT3LG
prerank,Drug ADME R-HSA-9748784,-0.3219496566057216,-1.025568874291152,4.179104e-01,7.784099e-01,1.000000e+00,11/25,26.07%,NUDT15;NT5C2;GUK1;GSTP1;VAV3;TPMT;GGT7;ADAL;SLC16A1;HPRT1;ABCB1
prerank,Regulation Of PTEN Gene Transcription R-HSA-8943724,-0.2683433037207523,-1.025398146720534,4.106090e-01,7.756598e-01,1.000000e+00,7/50,4.87%,ATN1;GATAD2A;CBX4;EGR1;LAMTOR1;LAMTOR4;PHC2
prerank,Fc Epsilon Receptor (FCERI) Signaling R-HSA-2454202,0.2299949767138587,1.0243893309190135,4.192950e-01,8.386811e-01,1.000000e+00,14/116,6.70%,PPP3CB;UBE2D2;MAP2K4;RASGRP1;PRKCQ;JUN;PSMD2;NFATC2;RASGRP2;PSMD11;GRAP2;PSMB2;PLCG1;PPP3R1
prerank,Butyrate Response Factor 1 Binds And Destabilizes mRNA R-HSA-450385,-0.34608014330699355,-1.0234996423992007,4.077079e-01,7.783840e-01,1.000000e+00,3/17,2.44%,MAPKAPK2;AKT1;DCP1A
prerank,Metabolism Of Nucleotides R-HSA-15869,0.250809156120521,1.0231487008329117,4.000000e-01,8.387503e-01,1.000000e+00,20/64,23.41%,DCK;DPYD;ADK;DUT;NUDT5;IMPDH2;RRM1;ADSS2;AK5;ADSL;GMPR2;AK6;NUDT18;CMPK1;DCTD;GMPS;TXNRD1;AK9;PFAS;NME4
prerank,Transmission Across Chemical Synapses R-HSA-112315,-0.24338181471609613,-1.021776675263143,3.941176e-01,7.806211e-01,1.000000e+00,24/80,22.14%,NRAS;GIT1;GNB1;ARHGEF7;PRKAG1;ADCY7;GNGT2;PRKCA;KPNA2;PRKAR2A;TSPOAP1;PRKCB;CASK;PRKAG2;ADCY9;CALM1;PLCB1;PLCB2;CACNB1;AP2A1;GNAI2;AP2A2;PRKX;STX1A
prerank,Recruitment Of NuMA To Mitotic Centrosomes R-HSA-380320,0.2465463466632122,1.0204169836122405,4.276860e-01,8.439411e-01,1.000000e+00,21/73,23.33%,CEP57;TUBA1A;CKAP5;CEP250;CNTRL;PAFAH1B1;PCNT;CEP290;HAUS1;CEP78;HAUS4;CDK5RAP2;SFI1;DYNLL1;PCM1;TUBB;ODF2;NME7;NUMA1;CEP76;CEP192
prerank,TP53 Regulates Transcription Of Additional Cell Cycle Genes With Uncertain Roles In P53 Pathway R-HSA-6804115,0.34665434527013655,1.0202318615117834,4.365385e-01,8.407159e-01,1.000000e+00,3/17,12.36%,CNOT7;CNOT3;NPM1
prerank,Signaling By RAF1 Mutants R-HSA-9656223,0.30993860514436583,1.0190654743121406,4.314115e-01,8.408879e-01,1.000000e+00,6/25,10.22%,ARAF;MAP2K1;VCL;APBB1IP;YWHAB;RAP1B
prerank,Cytokine Signaling In Immune System R-HSA-1280215,-0.19107032468181262,-1.0184755713534122,3.827655e-01,7.883154e-01,1.000000e+00,67/459,11.14%,MAP3K8;PTPN7;MAPKAPK2;CDC42;IFIT2;BCL6;VIM;UBE2M;NRAS;AKT1;RNF7;IRS2;HLA-DRB5;MX2;EGR1;RAPGEF1;IFNGR1;SOS2;PPP2CA;MAP2K3;TGFB1;MAPK9;GATA3;TIMP1;AURKAIP1;NUP54;TNIP2;LTA;STX3;LGALS9;CD70;PPP2CB;YES1;OAS1;BIRC2;TNFRSF9;MAP2K7;PSMF1;PTPRJ;NFKBIB;PRKCA;KPNA2;CCL5;EIF4A1;PKN2;PSMD6;CASP3;IFNLR1;IL4R;NCAM1;NUP133;PSMB6;IFI6;TNFRSF11A;N4BP1;SEH1L;IL15RA;PIK3R1;CCL4;ELOB;NFKB1;PSME4;USP18;ISG15;CUL5;SOCS1;ITGAM
prerank,Beta-catenin Phosphorylation Cascade R-HSA-196299,0.36229702071743247,1.0179402030097262,4.393064e-01,8.408463e-01,1.000000e+00,3/15,4.68%,PPP2R5A;PPP2R5D;PPP2R5C
prerank,Metabolism Of Lipids R-HSA-556833,0.19421551398174622,1.017865996248832,3.867403e-01,8.372827e-01,1.000000e+00,108/434,22.24%,KPNB1;MIA3;PRKACB;LBR;THRAP3;PIK3CG;SMPD1;PPP1CB;MED31;SEC23A;CERK;MTMR4;ELOVL6;STARD3NL;PTGES3;PNPLA2;GPAT4;PIKFYVE;ABHD3;CPNE3;PI4K2B;MED28;HADHA;PIP5K1A;CDIPT;FAM120B;ACBD5;AGPAT1;HACD2;LPCAT1;TAFAZZIN;RAN;CEPT1;PTGDS;CTSA;KDSR;HMGCS1;ACSL4;MTMR6;FAR1;LPCAT3;MIGA1;ARSG;HADH;HPGD;CROT;PRKD3;SMPD3;SLC44A2;PTGES2;ACADM;MCAT;SMPD4;PIK3CA;PTEN;INSIG2;HSD17B12;PHYH;PPP1CC;FDPS;GBA2;CPT1A;SELENOI;BDH2;VAPB;RORA;NCOA6;ALAS1;CRLS1;FDXR;INPP5D;PRKD2;GDPD5;LPIN2;SACM1L;PIK3R4;PPM1L;CHD9;PPARA;GLB1;AACS;ABHD4;RXRB;GPD2;SH2D3C;MMUT;SGPL1;FDFT1;PRKCSH;PIK3R2;MED16;AKR1C3;DHRS7B;TNFAIP8;MED7;MED24;PITPNM1;SIN3B;NR1H2;MED25;ACAA2;GDPD1;PIK3R3;ARV1;GLIPR1;CCNC;GGPS1;TXNRD1
prerank,Vesicle-mediated Transport R-HSA-5653656,0.19166419094785717,1.0158910256764098,4.016736e-01,8.400912e-01,1.000000e+00,93/439,18.69%,CYTH1;SPTAN1;TRAPPC12;MIA3;CYTH2;MAN1A1;MON1B;ARF4;KIF2A;TRIP11;LNPEP;GDI1;VPS51;PREB;GCC2;HSPH1;COPS5;CAPZA1;YWHAZ;ADRB2;RAB10;RAB11A;SEC23A;CHMP5;CNIH1;SNX18;FNBP1;SH3GL1;ACTR3;COPS7A;MVB12A;TRAPPC6B;EPS15;LMAN1;KIF3B;ARCN1;COPB1;USO1;CLTC;TBC1D25;UBQLN1;KIF21A;FCHO1;RALA;AKT3;SNX5;MYO6;GDI2;YWHAH;GOLGA1;YWHAB;BLOC1S4;STXBP3;PAFAH1B1;NAA35;BET1L;BLOC1S1;ACTR2;COG7;SCOC;VAMP2;ITSN2;PTGES2;CYTH4;TRAPPC1;YWHAQ;IL7R;CTSC;RAB8B;HSPA8;UBC;PUM1;TRAPPC4;ZW10;AP1G2;DENND2D;KIF9;DYNLL1;BET1;EXOC1;BIN1;VPS37A;GAPVD1;DENND4C;RAB6A;COG6;NBAS;GOLGB1;COPB2;TBC1D7;PPP6R3;EPS15L1;CD59
prerank,Mitotic Spindle Checkpoint R-HSA-69618,0.24337163915656154,1.0157584229717727,4.323232e-01,8.367892e-01,1.000000e+00,19/80,17.33%,PPP2R5A;XPO1;CKAP5;KIF2A;PPP2R5D;PPP2R5C;ANAPC10;NDEL1;BUB3;CDC26;ZWILCH;NUP37;PAFAH1B1;TAOK1;PPP1CC;ZW10;DYNLL1;CDC16;NUP85
prerank,SUMOylation R-HSA-2990846,0.2213024954787161,1.0151154572883074,3.929961e-01,8.351820e-01,1.000000e+00,29/143,17.38%,HDAC1;NUP62;TRIM27;NSMCE3;NUP50;DDX5;SMC6;SUZ12;MBD1;DDX17;HNRNPK;DAXX;HERC2;PHC3;MDC1;CDKN2A;PARP1;NUP37;RAD52;SMC1A;NPM1;NUP58;ZNF131;SP100;RORA;UBA2;NUP188;NUP85;PPARA
prerank,Nuclear Envelope (NE) Reassembly R-HSA-2995410,0.25298618163010694,1.0151143483620537,4.223108e-01,8.314785e-01,1.000000e+00,14/59,17.64%,TUBA1A;KPNB1;NUP62;LBR;TMPO;RAN;VRK1;NUP37;CC2D1B;NUP58;NUP188;NUP85;TUBB;TUBA1C
prerank,Signaling By EGFR R-HSA-177929,-0.2910342026600253,-1.014394586305465,4.101996e-01,7.981723e-01,1.000000e+00,5/33,3.19%,CDC42;NRAS;ARHGEF7;SPRY2;STAM
prerank,Homology Directed Repair R-HSA-5693538,0.24066320482191222,1.0129824702705874,4.134615e-01,8.347515e-01,1.000000e+00,23/85,23.11%,H2BC15;PPP4R2;RPA3;RFC5;POLK;PPP4C;RFC4;HERC2;MDC1;PARP1;RAD52;RAD17;UBC;ATRIP;MRE11;GEN1;ATM;TIMELESS;RNF8;RAD51C;H2BC9;NSD2;H2BC12
prerank,Synthesis Of PC R-HSA-1483191,-0.3497394394392583,-1.0129474963545795,4.243697e-01,7.994221e-01,1.000000e+00,6/17,12.44%,CSNK2B;CHPT1;CSNK2A2;CHKB;LPIN1;PEMT
prerank,Signaling By Interleukins R-HSA-449147,-0.20068186174422428,-1.012710161820975,4.163265e-01,7.969229e-01,1.000000e+00,45/283,12.45%,MAP3K8;PTPN7;MAPKAPK2;CDC42;BCL6;VIM;AKT1;IRS2;RAPGEF1;SOS2;PPP2CA;MAP2K3;TGFB1;MAPK9;GATA3;TIMP1;AURKAIP1;TNIP2;STX3;LGALS9;PPP2CB;YES1;MAP2K7;PSMF1;NFKBIB;PRKCA;CCL5;PKN2;PSMD6;CASP3;IFNLR1;IL4R;PSMB6;N4BP1;IL15RA;PIK3R1;CCL4;NFKB1;PSME4;USP18;SOCS1;ITGAM;IKBKB;UBB;LYN
prerank,PIP3 Activates AKT Signaling R-HSA-1257604,-0.20938304298437224,-1.0122850878945913,4.142857e-01,7.951110e-01,1.000000e+00,28/191,10.13%,ATN1;GATAD2A;CBX4;AKT1;IRS2;PHLPP2;EGR1;IER3;CSNK2B;LAMTOR1;PPP2CA;LAMTOR4;PIP4K2A;PHC2;PPP2CB;BAD;RNMT;PSMF1;PSMD6;USP7;PSMB6;GSK3A;TNRC6A;AGO4;PIK3R1;CSNK2A2;AGO2;PSME4
prerank,MyD88:MAL(TIRAP) Cascade Initiated On Plasma Membrane R-HSA-166058,-0.24206750801900992,-1.011510095228621,4.071730e-01,7.943617e-01,1.000000e+00,18/79,15.89%,MAP3K8;MAPKAPK2;PPP2CA;MAP2K3;MAPK9;TNIP2;PPP2CB;MAP2K7;NFKBIB;N4BP1;NFKB1;USP18;SOCS1;IKBKB;UBB;IRAK1;RIPK2;DUSP6
prerank,Cellular Response To Chemical Stress R-HSA-9711123,-0.21650316101247816,-1.0112086735022567,4.185022e-01,7.920512e-01,1.000000e+00,32/149,16.69%,ATF4;MAP1LC3B;AKT1;CREBBP;CSNK2B;NCOA1;CUL3;PSMF1;CARM1;COX7B;COX19;PRDX5;NOTCH1;PSMD6;COX5B;PSMB6;COX6A1;CSNK2A2;SURF1;PSME4;LRPPRC;TKT;UBB;GSTP1;P4HB;TBL1X;COX8A;MAFK;PSME2;PSMB3;PSMA1;NFE2L2
prerank,Condensation Of Prophase Chromosomes R-HSA-2299718,-0.3082576229510172,-1.0107485641125018,4.480652e-01,7.904779e-01,1.000000e+00,6/27,11.44%,H2AJ;H2AX;KMT5A;H3-3B;MCPH1;H2AZ1
prerank,Sensory Processing Of Sound By Outer Hair Cells Of Cochlea R-HSA-9662361,0.32334525402949116,1.0105062695314304,4.670433e-01,8.392491e-01,1.000000e+00,3/20,4.09%,SPTAN1;RIPOR2;ATP2B4
prerank,KEAP1-NFE2L2 Pathway R-HSA-9755511,-0.2314992263682086,-1.0100997037929844,4.244306e-01,7.893646e-01,1.000000e+00,32/90,27.01%,ATF4;MAP1LC3B;AKT1;CREBBP;CSNK2B;CUL3;PSMF1;NOTCH1;PSMD6;PSMB6;CSNK2A2;PSME4;TKT;UBB;MAFK;PSME2;PSMB3;PSMA1;NFE2L2;PSMD9;PSME1;TALDO1;NPLOC4;PSMC2;HMOX1;PSMD7;MUL1;PSMC3;TRIM21;GSR;SRXN1;PSMD3
prerank,Cyclin E Associated Events During G1/S Transition R-HSA-69202,0.24972933487824972,1.0083575699150846,4.406130e-01,8.424217e-01,1.000000e+00,16/70,17.37%,RBL2;RBBP4;PSMD2;MAX;PSMD11;CDKN1B;PSMB2;AKT3;E2F4;PSMD10;PSMD4;UBC;CCNH;RB1;PSMD13;TFDP1
prerank,RNA Polymerase II Pre-transcription Events R-HSA-674695,-0.23977940577771378,-1.006372070638836,4.425163e-01,7.977201e-01,1.000000e+00,23/77,20.97%,ELOA;TAF11;TAF10;ERCC3;POLR2C;POLR2D;TAF15;NCBP1;ELOB;POLR2G;TAF4;ELL;MNAT1;CCNT1;CDK7;POLR2E;CCNT2;NELFCD;NELFA;RTF1;POLR2J;TAF3;CDK9
prerank,SUMO E3 Ligases SUMOylate Target Proteins R-HSA-3108232,0.22157900185356658,1.0061545249019663,4.191033e-01,8.459822e-01,1.000000e+00,28/137,17.38%,HDAC1;NUP62;TRIM27;NSMCE3;NUP50;DDX5;SMC6;SUZ12;MBD1;DDX17;HNRNPK;DAXX;HERC2;PHC3;MDC1;CDKN2A;PARP1;NUP37;RAD52;SMC1A;NPM1;NUP58;ZNF131;SP100;RORA;NUP188;NUP85;PPARA
prerank,HCMV Infection R-HSA-9609646,0.23099126410200269,1.0058324267031182,4.307992e-01,8.433508e-01,1.000000e+00,21/96,18.10%,NUP62;H2BC15;NUP50;RBBP4;SUZ12;DUT;MVB12A;HNRNPK;DAXX;H2AC6;RRM1;NUP37;CHMP1A;H2AC11;NUP58;CREB1;DYNLL1;VPS37A;NUP188;NUP85;H2AC4
prerank,RND3 GTPase Cycle R-HSA-9696264,-0.3163965769724745,-1.0041913959577282,4.551282e-01,8.013186e-01,1.000000e+00,5/23,8.97%,ARHGAP21;NISCH;SEMA4F;ARHGAP5;PIK3R1
prerank,Mitochondrial tRNA Aminoacylation R-HSA-379726,0.33810058209379734,1.004142512530896,4.696133e-01,8.451215e-01,1.000000e+00,6/19,20.74%,QARS1;RARS2;PPA2;IARS2;WARS2;MARS2
prerank,Notch-HLH Transcription Pathway R-HSA-350054,0.3159755424201393,1.0036526712686524,4.406780e-01,8.431851e-01,1.000000e+00,6/23,14.02%,MAML1;HDAC1;HDAC8;HDAC5;KAT2A;HDAC6
prerank,G2/M Transition R-HSA-69275,0.216814290800333,1.0034062470700735,4.446602e-01,8.403628e-01,1.000000e+00,31/153,17.51%,CEP57;TUBA1A;XPO1;CKAP5;RBBP4;CEP250;PSMD2;PPP1CB;PSMD11;PSMB2;CNTRL;CDC25B;PAFAH1B1;PCNT;PHLDA1;CEP290;HAUS1;CEP78;HAUS4;PSMD10;PSMD4;UBC;CCNH;CDK5RAP2;RBX1;SFI1;DYNLL1;PCM1;LCMT1;PSMD13;TUBB
prerank,Inflammasomes R-HSA-622312,-0.33843511631067086,-1.003213779244291,4.468938e-01,8.012484e-01,1.000000e+00,5/16,23.81%,PSTPIP1;NFKB1;P2RX7;NLRP1;HMOX1
prerank,TP53 Regulates Transcription Of DNA Repair Genes R-HSA-6796648,-0.25273559991378364,-1.002915241711067,4.589474e-01,7.988567e-01,1.000000e+00,17/58,20.97%,ELOA;ERCC3;POLR2C;POLR2D;ELOB;POLR2G;ELL;MNAT1;CCNT1;CDK7;POLR2E;CCNT2;NELFCD;NELFA;POLR2J;CDK12;CDK9
prerank,Transcriptional Regulation By Small RNAs R-HSA-5578749,-0.24983330878271917,-1.0024441217235074,4.623431e-01,7.971269e-01,1.000000e+00,13/63,13.31%,H2AJ;H2AX;NUP54;POLR2C;POLR2D;H3-3B;NUP133;TNRC6A;SEH1L;POLR2G;AGO2;H2AZ1;SEC13
prerank,Toll-like Receptor Cascades R-HSA-168898,0.2263178441531996,1.0022017925197135,4.658869e-01,8.406309e-01,1.000000e+00,31/109,22.68%,PTPN4;MAPK14;S100A8;UBE2D2;MAP2K4;S100A9;PPP2R5D;MAP2K1;JUN;SARM1;USP14;IRAK4;GSDMD;RIPK1;LRRC14;EEA1;IRF3;UBC;CREB1;SIGIRR;PIK3R4;UBE2D3;MEF2A;MAPK8;PTPN11;TIRAP;TIFA;HMGB1;TP53;FADD;NKIRAS2
prerank,Citric Acid Cycle (TCA Cycle) R-HSA-71403,-0.33918928074596755,-1.0011763736667878,4.562500e-01,7.979099e-01,1.000000e+00,10/18,30.88%,CS;SDHB;DLST;SDHA;IDH2;IDH3G;IDH3B;SDHD;SUCLG1;LDLR
prerank,Paradoxical Activation Of RAF Signaling By Kinase Inactive BRAF R-HSA-6802955,0.29749944888445656,0.9993239787498122,4.584178e-01,8.464407e-01,1.000000e+00,6/28,10.22%,ARAF;MAP2K1;VCL;APBB1IP;YWHAB;RAP1B
prerank,AUF1 (hnRNP D0) Binds And Destabilizes mRNA R-HSA-450408,0.2643988912938674,0.9989225740176483,4.562738e-01,8.441001e-01,1.000000e+00,11/51,14.05%,PSMD2;HNRNPD;PSMD11;HSPB1;PSMB2;PSMD10;EIF4G1;PABPC1;PSMD4;HSPA8;UBC
prerank,Sealing Of Nuclear Envelope (NE) By ESCRT-III R-HSA-9668328,-0.3325883195844953,-0.9984176365649337,4.811133e-01,8.032676e-01,1.000000e+00,7/18,17.23%,CHMP4B;TUBB4B;CHMP2B;CHMP2A;TUBA4A;TUBB2A;VPS4A
prerank,Interleukin-2 Family Signaling R-HSA-451927,0.2898290897800675,0.9981702630308384,4.406780e-01,8.429517e-01,1.000000e+00,10/32,21.43%,STAT3;STAT4;IL5RA;STAT5A;HAVCR2;LCK;PIK3CA;INPP5D;PIK3R2;PIK3R3
prerank,Mitotic G2-G2/M Phases R-HSA-453274,0.21479153855355204,0.9971631598230976,4.625720e-01,8.425527e-01,1.000000e+00,31/154,17.51%,CEP57;TUBA1A;XPO1;CKAP5;RBBP4;CEP250;PSMD2;PPP1CB;PSMD11;PSMB2;CNTRL;CDC25B;PAFAH1B1;PCNT;PHLDA1;CEP290;HAUS1;CEP78;HAUS4;PSMD10;PSMD4;UBC;CCNH;CDK5RAP2;RBX1;SFI1;DYNLL1;PCM1;LCMT1;PSMD13;TUBB
prerank,GTP Hydrolysis And Joining Of 60S Ribosomal Subunit R-HSA-72706,0.293313562898246,0.9971626343499418,4.634615e-01,8.390314e-01,1.000000e+00,7/29,12.17%,EIF3A;EIF4B;EIF2S1;EIF3L;EIF3E;EIF4A2;EIF4G1
prerank,Signaling By NOTCH1 R-HSA-1980143,0.25301368798120377,0.9959190503246926,4.665392e-01,8.396632e-01,1.000000e+00,14/55,15.38%,MAML1;HDAC1;HDAC8;PSEN1;HIF1A;HDAC5;ITCH;ADAM10;KAT2A;TLE3;HDAC6;UBC;TLE1;RBX1
prerank,MTOR Signaling R-HSA-165159,0.28141811688390356,0.9954532735995494,4.683301e-01,8.377626e-01,1.000000e+00,11/35,19.70%,STRADA;RRAGA;EIF4B;YWHAB;EEF2K;EIF4G1;SLC38A9;PPM1A;AKT1S1;MTOR;RRAGB
prerank,Neuronal System R-HSA-112316,0.2292248526530314,0.9950980352105653,4.599237e-01,8.354215e-01,1.000000e+00,27/100,20.64%,PRKACB;PRKAR1A;ARL6IP5;EPB41;KCNA3;KCNAB2;SLC1A7;NPTN;MYO6;NCALD;GNG10;VAMP2;SIPA1L1;LIN7B;PPFIA1;SHARPIN;PICK1;HSPA8;ABAT;CREB1;IL1RAP;DLG1;PDLIM5;SH2D3C;APBA3;DLGAP4;AP2B1
prerank,Toll Like Receptor 4 (TLR4) Cascade R-HSA-166016,0.22862325063204478,0.9943054920148242,4.752852e-01,8.346074e-01,1.000000e+00,14/100,8.96%,PTPN4;MAPK14;S100A8;UBE2D2;MAP2K4;S100A9;PPP2R5D;MAP2K1;JUN;SARM1;USP14;IRAK4;RIPK1;LRRC14
prerank,Gap-filling DNA Repair Synthesis And Ligation In TC-NER R-HSA-6782210,0.25146720722457927,0.9942444366715664,4.671815e-01,8.314287e-01,1.000000e+00,13/58,15.43%,RPA3;RFC5;POLK;GTF2H1;RFC4;ZNF830;GTF2H3;ERCC8;POLR2I;UBC;CCNH;RBX1;GTF2H5
prerank,Interleukin-10 Signaling R-HSA-6783783,-0.33911013525392414,-0.9936533031087109,4.458333e-01,8.151017e-01,1.000000e+00,6/16,18.99%,TIMP1;CCL5;CCL4;IL18;TYK2;ICAM1
prerank,mRNA Decay By 3 To 5 Exoribonuclease R-HSA-429958,0.34665772181117177,0.9930413619627338,4.586466e-01,8.319039e-01,1.000000e+00,4/16,18.81%,EXOSC2;EXOSC3;EXOSC8;DIS3
prerank,Cell Surface Interactions At Vascular Wall R-HSA-202733,0.24754802775010099,0.9924455394134862,4.587332e-01,8.302707e-01,1.000000e+00,18/63,21.20%,ITGA4;S100A9;GLG1;CD47;PLCG1;SELPLG;CD48;LCK;PIK3CA;PICK1;SLC16A3;ITGA6;INPP5D;PPIL2;CD2;PIK3R2;PTPN11;SLC7A6
prerank,M Phase R-HSA-68886,0.1953712186402673,0.9920628084717961,4.707071e-01,8.281730e-01,1.000000e+00,61/303,17.64%,CEP57;TUBA1A;PPP2R5A;KPNB1;XPO1;CKAP5;KIF2A;NUP62;H2BC15;LBR;NUP50;NEK9;PPP2R5D;TMPO;CEP250;PSMD2;PSMD11;PPP2R5C;ANAPC10;NEK7;NDEL1;HDAC8;PSMB2;USO1;BUB3;RAN;H2AC6;CDC26;CNTRL;ZWILCH;VRK1;NUP37;PAFAH1B1;PCNT;CEP290;SMC1A;HAUS1;CEP78;HAUS4;TAOK1;PSMD10;BLZF1;CC2D1B;NUP58;PSMD4;PPP1CC;UBC;NIPBL;CDK5RAP2;ZW10;SFI1;DYNLL1;PCM1;LPIN2;RB1;NUP188;PSMD13;CDC16;NUP85;TUBB;TUBA1C
prerank,SUMOylation Of DNA Damage Response And Repair Proteins R-HSA-3108214,0.24212246886094074,0.9914667911482613,4.959350e-01,8.266141e-01,1.000000e+00,16/71,17.33%,NUP62;NSMCE3;NUP50;SMC6;HERC2;PHC3;MDC1;CDKN2A;PARP1;NUP37;RAD52;SMC1A;NUP58;SP100;NUP188;NUP85
prerank,Regulation Of TP53 Degradation R-HSA-6804757,-0.2889111168021122,-0.9907192611946842,4.387097e-01,8.209914e-01,1.000000e+00,8/29,14.03%,AKT1;PPP2CA;PPP2CB;USP7;MDM4;UBB;MAPKAP1;MLST8
prerank,Signaling By CSF3 (G-CSF) R-HSA-9674555,-0.3058008411766927,-0.9903862267217016,4.769874e-01,8.189430e-01,1.000000e+00,7/24,12.45%,NRAS;RNF7;ELOB;CUL5;SOCS1;UBB;LYN
prerank,HIV Infection R-HSA-162906,-0.20245234027639916,-0.9895135992421641,4.837310e-01,8.186069e-01,1.000000e+00,53/207,20.28%,ELOA;VPS37B;TAF11;ATP6V1H;TAF10;CHMP4B;FURIN;ERCC3;NUP54;POLR2C;CHMP2B;POLR2D;RNMT;PSMF1;PKN2;PSMD6;AP1S1;TAF15;NCBP1;NUP133;PSMB6;SEH1L;ELOB;POLR2G;TAF4;PSME4;ELL;CUL5;MNAT1;CCNT1;UBAP1;UBB;CDK7;SEC13;SLC25A5;POLR2E;PSME2;CHMP2A;PSMB3;PSMA1;DOCK2;CCNT2;NELFCD;KPNA1;VPS4A;NELFA;POM121;POLR2J;AP2A1;PSMD9;XRCC4;PSME1;TAF3
prerank,C-type Lectin Receptors (CLRs) R-HSA-5621481,-0.22137348348237648,-0.9890048968273769,4.555315e-01,8.170304e-01,1.000000e+00,21/106,16.21%,PKN1;UBE2M;NRAS;CARD11;CREBBP;ARHGEF7;PSMF1;PRKCA;PKN2;PSMD6;PSMB6;NFKB1;PSME4;NFATC1;IKBKB;UBB;LYN;CALM1;PSME2;PSMB3;PSMA1
prerank,Negative Epigenetic Regulation Of rRNA Expression R-HSA-5250941,0.24415697179265544,0.9887484468718545,4.598131e-01,8.320694e-01,1.000000e+00,18/63,23.11%,HDAC1;UBTF;H2BC15;SMARCA5;TBP;GTF2H1;GTF2H3;H2AC6;POLR1H;CCNH;GTF2H5;POLR1D;TAF1B;H2AC4;POLR1E;SIN3B;H2BC9;H2BC12
prerank,MAPK6/MAPK4 Signaling R-HSA-5687128,-0.2372335248525516,-0.9882628805641548,4.811715e-01,8.162186e-01,1.000000e+00,17/74,16.21%,PKN1;CDC42;ARHGEF7;PSMF1;PRKCA;PKN2;PSMD6;PSMB6;TNRC6A;AGO4;AGO2;PSME4;CDC14A;UBB;PSME2;PSMB3;PSMA1
prerank,Uptake And Actions Of Bacterial Toxins R-HSA-5339562,-0.3378535291364656,-0.98783434704744,4.383838e-01,8.145746e-01,1.000000e+00,4/16,6.03%,MAP2K2;FURIN;MAP2K3;MAP2K7
prerank,TBC/RABGAPs R-HSA-8854214,-0.2715659347527592,-0.9875863672501835,4.892368e-01,8.122486e-01,1.000000e+00,7/39,15.04%,RAB5C;MAP1LC3B;ULK1;TBC1D20;OPTN;ARF6;TBC1D10A
prerank,Centrosome Maturation R-HSA-380287,0.23667125149118257,0.9870703633896071,4.657258e-01,8.341122e-01,1.000000e+00,16/74,17.51%,CEP57;TUBA1A;CKAP5;CEP250;CNTRL;PAFAH1B1;PCNT;CEP290;HAUS1;CEP78;HAUS4;CDK5RAP2;SFI1;DYNLL1;PCM1;TUBB
prerank,Role Of Nef In HIV-1 Replication And Disease Pathogenesis R-HSA-164952,-0.3143742471207846,-0.9847196642870456,4.796748e-01,8.183284e-01,1.000000e+00,9/21,27.61%,ATP6V1H;PKN2;AP1S1;DOCK2;AP2A1;AP2A2;AP1G1;AP2M1;AP1S2
prerank,Leishmania Infection R-HSA-9658195,0.22369605497268538,0.9843730808073327,5.116732e-01,8.393388e-01,1.000000e+00,18/111,11.27%,MAPK14;PRKACB;PRKAR1A;NCKAP1L;PTGER2;JUN;ADRB2;CYFIP2;CRK;ACTR3;PLCG1;GSDMD;GNG10;WASF2;NCK1;AHCYL1;RHBDF2;ACTR2
prerank,PKMTs Methylate Histone Lysines R-HSA-3214841,0.27147822852444375,0.9838152643961207,5.000000e-01,8.378358e-01,1.000000e+00,14/40,25.88%,RBBP4;SUZ12;ASH1L;EHMT1;SETDB2;AEBP2;SMYD3;EHMT2;DPY30;ATF7IP;ASH2L;NSD2;KMT5C;NSD3
prerank,TNFR2 Non-Canonical NF-kB Pathway R-HSA-5668541,-0.2337039419045849,-0.9825637241253197,5.031056e-01,8.218277e-01,1.000000e+00,18/76,20.21%,UBE2M;LTA;CD70;BIRC2;TNFRSF9;PSMF1;PSMD6;PSMB6;TNFRSF11A;PSME4;UBB;PSME2;PSMB3;PSMA1;BIRC3;RELB;PSMD9;PSME1
prerank,SARS-CoV-2 Activates/Modulates Innate And Adaptive Immune Responses R-HSA-9705671,0.22654623703407634,0.9817643296002658,4.934579e-01,8.410014e-01,1.000000e+00,19/94,17.33%,G3BP1;TRIM4;NUP62;NUP50;SEC23A;TOMM70;CNBP;IFNAR1;STING1;SIKE1;NUP37;G3BP2;IFNAR2;NUP58;IRF3;RIGI;PIK3R4;NUP188;NUP85
prerank,Packaging Of Telomere Ends R-HSA-171306,-0.3204760406448468,-0.9814050027979614,4.880000e-01,8.225813e-01,1.000000e+00,3/21,3.06%,H2AJ;TERF1;H2AX
prerank,Sensory Perception R-HSA-9709957,-0.2497712875213398,-0.9810386103312413,4.818548e-01,8.206200e-01,1.000000e+00,24/59,23.87%,TWF1;RNF7;GNB1;C1D;METAP2;PRKCA;LRP8;WHRN;DHRS3;CAPZA2;CASK;TWF2;PDE6G;RDH10;CALM1;TRIOBP;PDE6B;PLCB2;ATP2B1;ITPR3;GSN;STX1A;KIF20B;CTBP2
prerank,"Platelet Activation, Signaling And Aggregation R-HSA-76002",0.2127871963615636,0.9804473128423209,5.281955e-01,8.420290e-01,1.000000e+00,25/145,12.76%,MAPK14;RASGRP1;PRKCQ;FAM3C;PIK3CG;TMX3;YWHAZ;ENDOD1;PLEK;SOD1;CRK;RASGRP2;ANXA5;VCL;PIKFYVE;APBB1IP;PTPN1;GNG10;STXBP3;RAP1B;TAGLN2;F2R;LCK;PIK3CA;CAP1
prerank,Diseases Of Glycosylation R-HSA-3781865,-0.2449452506910257,-0.980060495912318,4.770833e-01,8.205174e-01,1.000000e+00,15/58,20.84%,CHSY1;GALNT3;NOTCH1;LFNG;POMT1;B3GALT6;ADAMTS10;EXT1;DPM1;ALG12;B3GAT3;ADAMTS1;ALG9;NUS1;B4GALT7
prerank,Transcriptional Regulation By RUNX3 R-HSA-8878159,-0.23145798774852863,-0.9797583419929303,5.129870e-01,8.184175e-01,1.000000e+00,11/77,8.36%,RUNX3;NRAS;TCF7;CREBBP;SNW1;TGFB1;BRD2;PSMF1;NOTCH1;PSMD6;PSMB6
prerank,Synthesis Of Active Ubiquitin: Roles Of E1 And E2 Enzymes R-HSA-8866652,-0.2980764245643989,-0.9794550344559441,4.789030e-01,8.162628e-01,1.000000e+00,8/27,12.75%,OTULIN;UCHL3;USP7;UBE2G2;UBE2S;UBB;UBA6;UBA1
prerank,Regulation Of TP53 Expression And Degradation R-HSA-6806003,-0.2826366064253832,-0.9790294435935823,4.625268e-01,8.145917e-01,1.000000e+00,8/30,14.03%,AKT1;PPP2CA;PPP2CB;USP7;MDM4;UBB;MAPKAP1;MLST8
prerank,NOTCH1 Intracellular Domain Regulates Transcription R-HSA-2122947,0.26793210192389894,0.9786835399515247,4.719101e-01,8.442540e-01,1.000000e+00,11/40,15.38%,MAML1;HDAC1;HDAC8;HIF1A;HDAC5;KAT2A;TLE3;HDAC6;UBC;TLE1;RBX1
prerank,Signaling By PDGF R-HSA-186797,-0.2812332996319972,-0.978233441730745,4.760870e-01,8.141052e-01,1.000000e+00,4/30,3.28%,NCK2;NRAS;RAPGEF1;FURIN
prerank,Anti-inflammatory Response Favoring Leishmania Infection R-HSA-9662851,0.2546671602750165,0.9775002675936555,4.971645e-01,8.448631e-01,1.000000e+00,12/53,15.75%,MAPK14;PRKACB;PRKAR1A;PTGER2;ADRB2;PLCG1;GNG10;AHCYL1;RHBDF2;CD247;CREB1;MC1R
prerank,Biosynthesis Of N-glycan Precursor (Dolichol LLO) And Transfer To Protein R-HSA-446193,0.24491632375066846,0.9770382565372882,4.821092e-01,8.429717e-01,1.000000e+00,21/58,30.94%,ST8SIA4;ALG13;ST6GAL1;CTSA;CMAS;ST3GAL1;ALG6;DPAGT1;ALG3;GLB1;GMDS;ALG1;PGM3;ST3GAL5;FCSK;DOLPP1;ST3GAL2;SLC35C1;ALG11;FPGT;ST3GAL3
prerank,Budding And Maturation Of HIV Virion R-HSA-162588,-0.3076113200851215,-0.9768894143975979,4.855372e-01,8.154015e-01,1.000000e+00,7/21,17.23%,VPS37B;CHMP4B;CHMP2B;UBAP1;UBB;CHMP2A;VPS4A
prerank,Cleavage Of Damaged Purine R-HSA-110331,-0.30761554846736217,-0.9759171927056398,4.789579e-01,8.152548e-01,1.000000e+00,3/24,3.06%,H2AJ;TERF1;H2AX
prerank,Signaling By ERBB2 In Cancer R-HSA-1227990,0.34809936859046076,0.9733752693525868,5.064220e-01,8.506852e-01,1.000000e+00,4/15,12.73%,ERBIN;ERBB2;PLCG1;PIK3CA
prerank,Vpr-mediated Nuclear Import Of PICs R-HSA-180910,0.2740367371891337,0.9731725889518625,4.941860e-01,8.480290e-01,1.000000e+00,11/33,26.70%,NUP62;NUP50;NUP37;PSIP1;NUP58;NUP188;NUP85;NUP42;HMGA1;NUP107;NUP93
prerank,Netrin-1 Signaling R-HSA-373752,0.31429421089683507,0.972980489674888,5.179584e-01,8.453127e-01,1.000000e+00,8/21,21.12%,MAPK14;PRKCQ;PLCG1;NCK1;NEO1;EZR;MAPK8;PTPN11
prerank,NS1 Mediated Effects On Host Pathways R-HSA-168276,0.26559150339462617,0.9712696390985585,5.057915e-01,8.473390e-01,1.000000e+00,9/40,17.33%,KPNB1;KPNA3;NUP62;NUP50;NUP37;NUP58;GNL3;NUP188;NUP85
prerank,Antigen Processing: Ubiquitination And Proteasome Degradation R-HSA-983168,-0.19407596036135938,-0.9710884645758516,5.198330e-01,8.265970e-01,1.000000e+00,48/240,16.31%,FBXO44;ZNRF2;UBE2M;RNF7;UBOX5;FBXW7;FBXL12;UBR1;ATG7;UBE2Q1;CUL3;MYLIP;ANAPC11;PSMF1;PSMD6;BTBD6;RNF19B;RNF130;MIB2;FBXL18;PSMB6;FBXO31;MEX3C;ELOB;FBXO9;UBE2G2;ARIH2;PSME4;RNF115;CUL5;SOCS1;FBXO11;UBE2S;UBB;TPP2;UBA6;FBXL5;UBA1;ASB6;DCAF1;RBBP6;KLHL2;DTX3L;PSME2;PSMB3;SMURF1;PSMA1;HERC5
prerank,MAPK Targets/ Nuclear Events Mediated By MAP Kinases R-HSA-450282,-0.3254153791340388,-0.9707540628032186,5.102041e-01,8.246049e-01,1.000000e+00,4/18,5.22%,MAPKAPK2;PPP2CA;MAPK9;PPP2CB
prerank,Activation Of NF-kappaB In B Cells R-HSA-1169091,-0.23984945245798456,-0.9703149717571914,5.206612e-01,8.229284e-01,1.000000e+00,20/63,24.91%,CARD11;PSMF1;NFKBIB;PSMD6;PSMB6;NFKB1;PSME4;PRKCB;IKBKB;UBB;PSME2;REL;PSMB3;PSMA1;PSMD9;PSME1;NFKBIE;PSMC2;PSMD7;PSMC3
prerank,HDR Thru Homologous Recombination (HRR) Or Single Strand Annealing (SSA) R-HSA-5693567,0.23340952872177972,0.9693130273994757,5.195312e-01,8.500037e-01,1.000000e+00,22/81,23.11%,H2BC15;PPP4R2;RPA3;RFC5;POLK;PPP4C;RFC4;HERC2;MDC1;RAD52;RAD17;UBC;ATRIP;MRE11;GEN1;ATM;TIMELESS;RNF8;RAD51C;H2BC9;NSD2;H2BC12
prerank,RHOBTB2 GTPase Cycle R-HSA-9013418,0.30598776941819694,0.969021871148477,5.028571e-01,8.475750e-01,1.000000e+00,7/23,15.20%,STK38;TMOD3;CCT6A;MYO6;RBMX;CCT2;CCT7
prerank,Detoxification Of Reactive Oxygen Species R-HSA-3299685,0.32104963211230997,0.9669418626527081,5.173077e-01,8.508891e-01,1.000000e+00,4/19,9.80%,CYCS;SOD1;PRDX2;NUDT2
prerank,RHO GTPases Activate Formins R-HSA-5663220,-0.22583555668584687,-0.9665875220851254,5.090543e-01,8.311881e-01,1.000000e+00,12/83,9.22%,MAPRE1;CENPP;CDC42;DYNLL2;PPP2CA;RHOC;PPP2CB;NUP133;DYNC1LI1;SEH1L;CENPT;DYNC1LI2
prerank,RHOH GTPase Cycle R-HSA-9013407,-0.290757961876819,-0.9662622092910271,5.123967e-01,8.291972e-01,1.000000e+00,5/30,8.55%,PKN1;ARHGDIA;LAMTOR1;PKN2;NSFL1C
prerank,Oncogenic MAPK Signaling R-HSA-6802957,0.24546453349401132,0.96606450463083,5.117647e-01,8.504218e-01,1.000000e+00,15/56,16.81%,ARAF;MAP2K1;PPP1CB;VCL;DUSP16;FAM114A2;APBB1IP;YWHAB;RAP1B;SND1;PPP1CC;TRIM24;AGGF1;RAP1A;ZC3HAV1
prerank,Dual Incision In TC-NER R-HSA-6782135,0.24120927006000387,0.964656398562299,5.400763e-01,8.513139e-01,1.000000e+00,13/60,15.43%,RPA3;RFC5;POLK;GTF2H1;RFC4;ZNF830;GTF2H3;ERCC8;POLR2I;UBC;CCNH;RBX1;GTF2H5
prerank,Transport Of Mature mRNA Derived From An Intronless Transcript R-HSA-159231,-0.2588456488840046,-0.961928262640333,5.095137e-01,8.390229e-01,1.000000e+00,6/41,8.84%,ALYREF;WDR33;NUP54;NCBP1;NUP133;SEH1L
prerank,HDACs Deacetylate Histones R-HSA-3214815,0.25382598527164923,0.9617961876262493,5.138889e-01,8.566369e-01,1.000000e+00,13/48,23.11%,HDAC1;H2BC15;RBBP4;HDAC8;H2AC6;H2AC11;ARID4A;MTA2;REST;H2AC4;H2BC9;BRMS1L;H2BC12
prerank,DAG And IP3 Signaling R-HSA-1489509,-0.30158276611715873,-0.9613528968287328,5.181237e-01,8.378487e-01,1.000000e+00,7/22,14.93%,GRK2;ADCY7;PRKCA;KPNA2;PRKAR2A;ADCY9;CALM1
prerank,Cell-Cell Communication R-HSA-1500931,0.2563679291890561,0.9608253707539196,5.241636e-01,8.562599e-01,1.000000e+00,15/48,21.12%,SPTAN1;ARHGEF6;CD47;CADM1;NCK1;PIK3CA;ILK;ITGA6;PATJ;VASP;CTNNB1;PALS1;PIK3R2;SKAP2;PTPN11
prerank,Glycolysis R-HSA-70171,0.2438292388177474,0.9598956419974344,5.188679e-01,8.559211e-01,1.000000e+00,13/56,17.33%,PRKACB;NUP62;NUP50;PPP2R5D;HOOK2;PFKP;NUP37;MAP4K2;GNPDA2;NUP58;PKM;NUP188;NUP85
prerank,Retrograde Transport At Trans-Golgi-Network R-HSA-6811440,-0.2607614286010005,-0.9591189841210758,5.401174e-01,8.416284e-01,1.000000e+00,7/43,11.33%,NAPG;VPS53;IGF2R;COG3;SYS1;VTI1A;VPS54
prerank,PTEN Regulation R-HSA-6807070,-0.21162735553489145,-0.9584958380963768,5.582822e-01,8.404458e-01,1.000000e+00,18/122,10.13%,ATN1;GATAD2A;CBX4;AKT1;EGR1;CSNK2B;LAMTOR1;LAMTOR4;PHC2;PSMF1;PSMD6;USP7;PSMB6;TNRC6A;AGO4;CSNK2A2;AGO2;PSME4
prerank,Constitutive Signaling By Ligand-Responsive EGFR Cancer Variants R-HSA-1236382,-0.3308379283575495,-0.9578471007228724,4.933036e-01,8.393608e-01,1.000000e+00,5/15,20.02%,NRAS;PIK3R1;UBB;CDC37;SHC1
prerank,CTLA4 Inhibitory Signaling R-HSA-389513,0.33286312317635375,0.9575939662639725,5.201613e-01,8.597086e-01,1.000000e+00,5/17,12.55%,PPP2R5A;PPP2R5D;PPP2R5C;AKT3;LCK
prerank,Oxygen-dependent Proline Hydroxylation Of Hypoxia-inducible Factor Alpha R-HSA-1234176,0.24690112065901784,0.957294527226526,5.146199e-01,8.573966e-01,1.000000e+00,16/57,23.73%,UBE2D2;PSMD2;PSMD11;EGLN1;PSMB2;HIF1A;PSMD10;PSMD4;UBC;RBX1;PSMD13;LIMD1;PSMA5;UBE2D3;PSME3;PSMB5
prerank,Postmitotic Nuclear Pore Complex (NPC) Reformation R-HSA-9615933,0.28747649749518045,0.955632363858776,5.468750e-01,8.591776e-01,1.000000e+00,7/27,17.33%,KPNB1;NUP62;RAN;NUP37;NUP58;NUP188;NUP85
prerank,S Phase R-HSA-69242,0.2105957458969247,0.9548817234834028,5.762082e-01,8.581952e-01,1.000000e+00,26/131,17.37%,RBL2;RBBP4;PSMD2;MAX;PSMD11;RPA3;ANAPC10;MCM3;RFC5;CDKN1B;PSMB2;RFC4;AKT3;E2F4;CDC26;CDC25B;SMC1A;PSMD10;PSMD4;UBC;CCNH;RBX1;RB1;PSMD13;CDC16;TFDP1
prerank,Diseases Of Mitotic Cell Cycle R-HSA-9675126,0.2802778656015477,0.951074155114428,5.218254e-01,8.664308e-01,1.000000e+00,11/30,25.89%,ANAPC10;CDKN1B;DAXX;ATRX;CDC26;RB1;CDC16;TFDP1;CCND3;UBE2E1;CCND2
prerank,Negative Regulators Of DDX58/IFIH1 Signaling R-HSA-936440,0.276184262625038,0.9508810492517271,5.338078e-01,8.639687e-01,1.000000e+00,9/33,20.97%,UBE2D2;TRIM4;ATG5;ITCH;IRF3;UBC;RIGI;UBA7;UBE2D3
prerank,Defective TPR May Confer Susceptibility Towards Thyroid Papillary Carcinoma (TPC) R-HSA-5619107,0.27096147130745507,0.9495528844861097,5.507519e-01,8.649967e-01,1.000000e+00,10/31,26.70%,NUP62;NUP50;NUP37;MAP4K2;NUP58;NUP188;NUP85;NUP42;NUP107;NUP93
prerank,Signaling By NOTCH R-HSA-157118,0.20171257996642666,0.9490887428146006,5.890152e-01,8.632173e-01,1.000000e+00,36/156,18.10%,MAML1;HDAC1;H2BC15;JUN;PSMD2;IKZF1;YWHAZ;PSMD11;GZMB;ATP2A3;HDAC8;PSMB2;PSEN1;HIF1A;HDAC5;H2AC6;ITCH;POFUT1;ADAM10;ACTA2;PSMD10;MFNG;KAT2A;PSMD4;TLE3;HDAC6;UBC;YBX1;TLE1;RBX1;CREB1;PSMD13;TFDP1;RAB6A;SMAD3;H2AC4
prerank,Intra-Golgi And Retrograde Golgi-to-ER Traffic R-HSA-6811442,0.20327654855619173,0.947899170961188,5.963855e-01,8.637647e-01,1.000000e+00,28/142,17.90%,CYTH1;CYTH2;MAN1A1;ARF4;KIF2A;TRIP11;VPS51;GCC2;CAPZA1;KIF3B;ARCN1;COPB1;KIF21A;GOLGA1;PAFAH1B1;NAA35;BET1L;COG7;SCOC;PTGES2;CYTH4;ZW10;KIF9;DYNLL1;RAB6A;COG6;NBAS;COPB2
prerank,TNFR1-induced NFkappaB Signaling Pathway R-HSA-5357956,-0.2897670885267334,-0.9477392883260368,5.394456e-01,8.667436e-01,1.000000e+00,6/25,16.36%,BIRC2;USP4;IKBKB;USP25;TRAF1;BIRC3
prerank,Insulin Receptor Recycling R-HSA-77387,-0.32256883759573823,-0.9446734779963661,5.548246e-01,8.728385e-01,1.000000e+00,4/16,14.23%,TCIRG1;ATP6V1H;ATP6V0C;ATP6V1G1
prerank,Transport Of Mature mRNAs Derived From Intronless Transcripts R-HSA-159234,-0.2530798993742655,-0.9437957837988761,5.458422e-01,8.723909e-01,1.000000e+00,6/42,8.84%,ALYREF;WDR33;NUP54;NCBP1;NUP133;SEH1L
prerank,Major Pathway Of rRNA Processing In Nucleolus And Cytosol R-HSA-6791226,-0.2176618337812154,-0.9436491115697618,5.811088e-01,8.698241e-01,1.000000e+00,19/96,17.82%,DDX52;KRR1;BYSL;NOL12;UTP3;C1D;EXOSC10;CSNK1D;ISG20L2;PDCD11;RIOK3;LTV1;WDR36;RSL24D1;SENP3;PNO1;CSNK1E;BUD23;UTP11
prerank,Transcription-Coupled Nucleotide Excision Repair (TC-NER) R-HSA-6781827,0.22865258121776236,0.9425392286677614,5.451197e-01,8.762670e-01,1.000000e+00,15/71,15.43%,COPS5;RPA3;COPS7A;RFC5;POLK;GTF2H1;RFC4;ZNF830;GTF2H3;ERCC8;POLR2I;UBC;CCNH;RBX1;GTF2H5
prerank,Selenoamino Acid Metabolism R-HSA-2408522,0.2880514299384002,0.9401952873400344,5.356455e-01,8.799519e-01,1.000000e+00,9/26,27.85%,DARS1;QARS1;SARS1;EPRS1;TXNRD1;EEFSEC;IARS1;UBA52;SEPHS2
prerank,Transferrin Endocytosis And Recycling R-HSA-917977,-0.307316631300339,-0.9401478762707994,5.336134e-01,8.772949e-01,1.000000e+00,4/18,14.23%,TCIRG1;ATP6V1H;ATP6V0C;ATP6V1G1
prerank,Insulin Processing R-HSA-264876,0.31774380334136754,0.9388729327673659,5.414938e-01,8.807218e-01,1.000000e+00,4/18,21.06%,VAMP2;EXOC1;SLC30A6;EXOC2
prerank,Formation Of beta-catenin:TCF Transactivating Complex R-HSA-201722,-0.25150876823152113,-0.9384976975290754,5.618449e-01,8.791444e-01,1.000000e+00,8/42,11.44%,RUNX3;H2AJ;TCF7;CREBBP;H2AX;H3-3B;TLE4;H2AZ1
prerank,Separation Of Sister Chromatids R-HSA-2467813,0.20633246345051956,0.9376113806232046,5.947047e-01,8.811893e-01,1.000000e+00,28/135,17.33%,PPP2R5A;XPO1;CKAP5;KIF2A;PPP2R5D;PSMD2;PSMD11;PPP2R5C;ANAPC10;NDEL1;HDAC8;PSMB2;BUB3;CDC26;ZWILCH;NUP37;PAFAH1B1;SMC1A;TAOK1;PSMD10;PSMD4;PPP1CC;UBC;ZW10;DYNLL1;PSMD13;CDC16;NUP85
prerank,Metabolism Of Steroids R-HSA-8957322,-0.21700434309619965,-0.9365102945915417,6.236786e-01,8.822945e-01,1.000000e+00,17/85,14.80%,SEC24C;CREBBP;FASN;SEC24B;NCOA1;CARM1;OSBPL7;STARD4;TSPOAP1;SEC24A;MVD;SREBF1;TSPO;STARD3;INSIG1;TBL1X;PMVK
prerank,mRNA Splicing - Minor Pathway R-HSA-72165,-0.2450250284283378,-0.9363232082239397,5.496957e-01,8.799494e-01,1.000000e+00,12/49,19.11%,SF3B6;EFTUD2;POLR2C;POLR2D;NCBP1;POLR2G;SNRNP25;SRSF2;ZCRB1;POLR2E;ZRSR2;POLR2J
prerank,MicroRNA (miRNA) Biogenesis R-HSA-203927,-0.28390664084236605,-0.9354456760138566,5.344130e-01,8.795732e-01,1.000000e+00,5/24,9.50%,POLR2C;POLR2D;AGO4;POLR2G;AGO2
prerank,Conversion From APC/C:Cdc20 To APC/C:Cdh1 In Late Anaphase R-HSA-176407,-0.3095532242979442,-0.9342836122244775,5.401606e-01,8.801007e-01,1.000000e+00,4/18,12.11%,ANAPC15;ANAPC11;UBE2S;CDC14A
prerank,Interferon Gamma Signaling R-HSA-877300,0.23146299924904953,0.9300535455953044,5.847619e-01,9.004578e-01,1.000000e+00,11/62,14.94%,GBP5;TRIM22;IRF2;BCL11B;IFNG;TRIM35;GBP4;PTPN1;TRIM38;IRF3;SP100
prerank,Nephrin Family Interactions R-HSA-373753,-0.3220116756964341,-0.9292832138208202,5.537849e-01,8.919035e-01,1.000000e+00,4/15,11.30%,NCK2;PIK3R1;ACTN4;CASK
prerank,HSP90 Chaperone Cycle For Steroid Hormone Receptors (SHR) In Presence Of Ligand R-HSA-3371497,0.2718094061918317,0.9290840606962424,5.703422e-01,9.001522e-01,1.000000e+00,8/33,16.43%,DNAJA2;CAPZA1;FKBP5;PTGES3;STIP1;FKBP4;HSPA8;DYNLL1
prerank,Cleavage Of Damaged Pyrimidine R-HSA-110329,-0.27721926010461057,-0.9273615476754057,5.549133e-01,8.945468e-01,1.000000e+00,3/29,3.06%,H2AJ;TERF1;H2AX
prerank,Constitutive Signaling By AKT1 E17K In Cancer R-HSA-5674400,-0.2913464074848481,-0.9271905118749059,5.427928e-01,8.919974e-01,1.000000e+00,5/23,14.03%,AKT1;BAD;GSK3A;MAPKAP1;MLST8
prerank,Senescence-Associated Secretory Phenotype (SASP) R-HSA-2559582,0.23646328400336084,0.9271812779811531,5.925197e-01,9.028339e-01,1.000000e+00,9/57,8.62%,STAT3;H2BC15;JUN;ANAPC10;CDKN1B;EHMT1;CDKN2A;H2AC6;CDC26
prerank,HCMV Late Events R-HSA-9610379,0.22125978320275175,0.9263182685383232,6.242661e-01,9.022226e-01,1.000000e+00,15/71,18.10%,NUP62;H2BC15;NUP50;MVB12A;HNRNPK;H2AC6;RRM1;NUP37;CHMP1A;H2AC11;NUP58;VPS37A;NUP188;NUP85;H2AC4
prerank,Calnexin/calreticulin Cycle R-HSA-901042,-0.287028733839323,-0.9259334888918312,5.790554e-01,8.926921e-01,1.000000e+00,6/24,16.49%,MARCHF6;CALR;UBB;SEL1L;RNF103;PDIA3
prerank,Downstream Signal Transduction R-HSA-186763,0.2956301743395355,0.9244373906979064,5.640569e-01,9.045435e-01,1.000000e+00,7/22,12.87%,STAT3;CRK;PLCG1;STAT5A;NCK1;PIK3CA;STAT6
prerank,Nef-mediated Downmodulation Of Cell Surface Receptors By Recruitment To Clathrin Adapters R-HSA-164938,-0.3253508899508148,-0.9242926410660453,5.671642e-01,8.947059e-01,1.000000e+00,7/16,27.61%,ATP6V1H;AP1S1;AP2A1;AP2A2;AP1G1;AP2M1;AP1S2
prerank,FCGR3A-mediated IL10 Synthesis R-HSA-9664323,0.29369823666292943,0.9241787614323789,5.792350e-01,9.021594e-01,1.000000e+00,6/22,15.69%,PRKACB;PRKAR1A;PLCG1;AHCYL1;CD247;CREB1
prerank,Activated TAK1 Mediates P38 MAPK Activation R-HSA-450302,-0.31408166338927246,-0.9231890333275484,5.527426e-01,8.948943e-01,1.000000e+00,4/17,15.53%,MAPKAPK2;MAP2K3;IRAK1;RIPK2
prerank,Regulation Of TP53 Activity Thru Methylation R-HSA-6804760,0.32089594417562767,0.9231505325994483,5.742397e-01,9.019717e-01,1.000000e+00,8/15,26.35%,EHMT1;EHMT2;UBC;PRMT5;ATM;TP53;TTC5;UBA52
prerank,Immunoregulatory Interactions Between A Lymphoid And A non-Lymphoid Cell R-HSA-198933,0.2323495780092786,0.9231105154301932,6.291913e-01,8.989927e-01,1.000000e+00,13/58,15.79%,ITGA4;CD226;KIR2DL3;ICAM2;CLEC2D;KIR3DL1;FCGR2B;KLRC1;KLRD1;SLAMF6;SLAMF7;CD247;KLRG1
prerank,XBP1(S) Activates Chaperone Genes R-HSA-381038,-0.2559701453722959,-0.9223366315158509,5.826271e-01,8.944818e-01,1.000000e+00,7/40,10.70%,HDGF;MYDGF;TATDN2;DNAJB11;GSK3A;TSPYL2;WIPI1
prerank,Insertion Of Tail-Anchored Proteins Into Endoplasmic Reticulum Membrane R-HSA-9609523,-0.29799113683547934,-0.9186235965363325,5.853659e-01,9.021841e-01,1.000000e+00,9/20,24.80%,STX5;SEC61G;SEC61B;GET4;BAG6;CAMLG;STX1A;HMOX1;VAPA
prerank,Cap-dependent Translation Initiation R-HSA-72737,0.26275816786358297,0.9179059126219307,5.976096e-01,9.108355e-01,1.000000e+00,8/35,13.06%,EIF3A;EIF4B;EIF2S1;EIF3L;EIF3E;EIF4A2;EIF4G1;PABPC1
prerank,ABC-family Proteins Mediated Transport R-HSA-382556,0.22277024435987391,0.9167816722914934,6.358595e-01,9.109459e-01,1.000000e+00,24/76,25.01%,PSMD2;PSMD11;PSMB2;EIF2S1;ABCC10;VCP;PEX3;PSMD10;ABCA2;PSMD4;UBC;PSMD13;ABCB10;ERLEC1;ABCB8;RNF185;PEX19;PSMA5;PSME3;EIF2S2;PSMB5;RNF5;ABCD3;ABCC5
prerank,Telomere C-strand (Lagging Strand) Synthesis R-HSA-174417,0.27038398776872796,0.9162303644519079,5.644531e-01,9.094836e-01,1.000000e+00,13/29,36.02%,RPA3;RFC5;RFC4;LRIG1;TERF2IP;BLM;POLA2;POLD3;STN1;CTC1;TINF2;ACD;CHTF18
prerank,Gene Silencing By RNA R-HSA-211000,-0.2157176795336914,-0.9161094605571997,6.557377e-01,9.065191e-01,1.000000e+00,13/81,9.50%,H2AJ;H2AX;NUP54;POLR2C;TSN;POLR2D;H3-3B;NUP133;TNRC6A;AGO4;SEH1L;POLR2G;AGO2
prerank,Deregulated CDK5 Triggers Neurodegenerative Pathways In Alzheimers Disease Models R-HSA-8862803,0.32319722979347354,0.9160631455174202,5.595238e-01,9.068497e-01,1.000000e+00,9/15,38.62%,JUN;CDC25B;PRDX2;CAPN1;BCL2L11;CDK5;PRDX1;GOLGA2;FASLG
prerank,Negative Regulation Of PI3K/AKT Network R-HSA-199418,-0.23329611247119175,-0.915998511262323,6.226804e-01,9.038363e-01,1.000000e+00,9/57,8.97%,AKT1;IRS2;PHLPP2;IER3;PPP2CA;PIP4K2A;PPP2CB;RNMT;PIK3R1
prerank,Transport Of SLBP Independent Mature mRNA R-HSA-159227,-0.25748989642479886,-0.9154749890752732,5.995851e-01,9.022717e-01,1.000000e+00,5/34,8.84%,ALYREF;NUP54;NCBP1;NUP133;SEH1L
prerank,Regulation Of Actin Dynamics For Phagocytic Cup Formation R-HSA-2029482,-0.24519187760196834,-0.9154409761360219,6.305732e-01,8.993755e-01,1.000000e+00,4/43,4.66%,LIMK1;PKN1;CDC42;MYO9B
prerank,Ovarian Tumor Domain Proteases R-HSA-5689896,0.26900140743629264,0.9099150623192921,6.115385e-01,9.211602e-01,1.000000e+00,8/31,16.61%,TNIP1;TRIM4;RIPK1;VCP;PTEN;UBC;RIGI;OTUD3
prerank,"Base-Excision Repair, AP Site Formation R-HSA-73929",-0.26975242801536065,-0.9097422624842245,5.933202e-01,9.126396e-01,1.000000e+00,3/31,3.06%,H2AJ;TERF1;H2AX
prerank,Golgi-to-ER Retrograde Transport R-HSA-8856688,-0.21392278078799096,-0.9086855990921089,6.347992e-01,9.126070e-01,1.000000e+00,11/82,11.20%,RAB1A;NAPG;DCTN4;DYNLL2;SURF4;BNIP1;DYNC1LI1;DYNC1LI2;DCTN3;TMED2;CAPZA2
prerank,L1CAM Interactions R-HSA-373760,-0.2554959415826369,-0.90859951118213,6.336032e-01,9.099002e-01,1.000000e+00,5/35,9.31%,PKN1;MAP2K2;CSNK2B;NCAM1;CSNK2A2
prerank,Interactions Of Vpr With Host Cellular Proteins R-HSA-176033,0.25066343555635395,0.9070610707343789,5.883459e-01,9.256549e-01,1.000000e+00,11/35,26.70%,NUP62;NUP50;NUP37;PSIP1;NUP58;NUP188;NUP85;NUP42;HMGA1;NUP107;NUP93
prerank,PCP/CE Pathway R-HSA-4086400,-0.2168365833250324,-0.906711736758218,6.617954e-01,9.119637e-01,1.000000e+00,22/70,24.91%,RYK;CLTB;PSMF1;PRKCA;PSMD6;PSMB6;PSME4;PRKCB;UBB;PSME2;PSMB3;SMURF1;PSMA1;PFN1;AP2A1;PSMD9;PSME1;AP2A2;ARRB2;PSMC2;PSMD7;PSMC3
prerank,Cardiac Conduction R-HSA-5576891,-0.25789290875571125,-0.9056683390467393,6.155462e-01,9.118760e-01,1.000000e+00,15/33,27.32%,HIPK1;ASPH;PRKCA;FXYD7;CALM1;CACNB1;HIPK2;ATP2B1;ITPR3;DMPK;ATP1B1;RANGRF;ATP1B3;ORAI1;KAT2B
prerank,FOXO-mediated Transcription R-HSA-9614085,0.23830395910702645,0.9045552190251509,6.390533e-01,9.296900e-01,1.000000e+00,9/48,12.81%,HDAC1;RBL2;YWHAZ;CITED2;CDKN1B;AKT3;YWHAB;MAP4K2;YWHAQ
prerank,Platelet Degranulation R-HSA-114608,0.22476276601918815,0.9044095774423465,6.531008e-01,9.270078e-01,1.000000e+00,8/64,5.01%,FAM3C;TMX3;ENDOD1;PLEK;SOD1;ANXA5;VCL;PIKFYVE
prerank,Transcriptional Regulation Of White Adipocyte Differentiation R-HSA-381340,-0.2263316038739793,-0.9036924023225924,6.412371e-01,9.145964e-01,1.000000e+00,12/63,14.71%,MED10;CREBBP;TGFB1;NCOA1;MED30;CARM1;MED13L;NFKB1;SREBF1;MED4;MED19;TBL1X
prerank,RUNX1 Regulates Genes Involved In Megakaryocyte Differentiation And Platelet Function R-HSA-8936459,-0.2318238865008278,-0.9033620844520147,6.208251e-01,9.125822e-01,1.000000e+00,9/51,13.55%,H2AJ;ZFPM1;H2AX;KMT2B;H3-3B;TNRC6A;AGO4;H2AZ1;KMT2E
prerank,Signaling By WNT In Cancer R-HSA-4791275,0.300576410627583,0.9030731064152198,5.842697e-01,9.274530e-01,1.000000e+00,5/19,13.24%,PPP2R5A;PPP2R5D;PPP2R5C;PORCN;CSNK1A1
prerank,Synthesis Of IP3 And IP4 In Cytosol R-HSA-1855204,-0.30991672343285614,-0.8992410323605801,5.941423e-01,9.210607e-01,1.000000e+00,7/15,20.53%,ITPK1;PLCH2;CALM1;PLCB1;PLCB2;ITPKC;SYNJ1
prerank,Gluconeogenesis R-HSA-70263,0.2955164573067103,0.8981355787915051,5.958254e-01,9.376624e-01,1.000000e+00,7/19,30.69%,PCNX4;MDH1;SLC25A13;ENO2;ALDOC;TPI1;PCK2
prerank,Meiotic Synapsis R-HSA-1221632,-0.24861126593917338,-0.8974941814169803,6.158537e-01,9.230357e-01,1.000000e+00,7/39,11.95%,H2AJ;TERF1;H2AX;PMEPA1;SUN1;H2AZ1;SMC3
prerank,PRC2 Methylates Histones And DNA R-HSA-212300,0.26313811095256445,0.8949724086085955,6.285714e-01,9.432954e-01,1.000000e+00,6/29,10.71%,H2BC15;RBBP4;SUZ12;H2AC6;AEBP2;PHF19
prerank,Peroxisomal Protein Import R-HSA-9033241,0.24080398551828916,0.8945721876813723,6.367188e-01,9.413883e-01,1.000000e+00,13/44,26.93%,UBE2D2;LONP2;ZFAND6;CROT;PHYH;UBC;PEX14;UBE2D3;TYSND1;MLYCD;ECI2;UBA52;PEX2
prerank,Signaling By NOTCH3 R-HSA-9012852,-0.2606923940420943,-0.8939959414755588,6.172840e-01,9.298075e-01,1.000000e+00,7/29,12.26%,CREBBP;SNW1;TACC3;NOTCH1;MIB2;APH1A;UBB
prerank,FCGR3A-mediated Phagocytosis R-HSA-9664422,0.24019981017800635,0.8934520910226815,6.118547e-01,9.415069e-01,1.000000e+00,8/41,14.40%,NCKAP1L;CYFIP2;CRK;ACTR3;WASF2;NCK1;ACTR2;CD247
prerank,Regulation Of Lipid Metabolism By PPARalpha R-HSA-400206,0.2131691381903801,0.8930783000259896,6.775432e-01,9.394617e-01,1.000000e+00,24/85,22.24%,MIA3;THRAP3;MED31;MED28;FAM120B;HMGCS1;ACADM;CPT1A;RORA;NCOA6;ALAS1;CHD9;PPARA;RXRB;FDFT1;MED16;MED7;MED24;SIN3B;NR1H2;MED25;GLIPR1;CCNC;TXNRD1
prerank,Transport Of SLBP Dependant Mature mRNA R-HSA-159230,-0.25024444460793005,-0.8926732140131238,6.356108e-01,9.307469e-01,1.000000e+00,5/35,8.84%,ALYREF;NUP54;NCBP1;NUP133;SEH1L
prerank,Metabolism Of Vitamins And Cofactors R-HSA-196854,-0.20321726836880027,-0.8916008643387117,7.119675e-01,9.307644e-01,1.000000e+00,15/94,13.19%,NADSYN1;AKT1;PTS;GCH1;SLC25A32;FASN;SLC2A1;C1D;LRP8;PDSS1;FPGS;PARP6;RFK;PANK2;CD38
prerank,Nucleotide Catabolism R-HSA-8956319,-0.29266690132204887,-0.8902470206755349,6.016771e-01,9.314435e-01,1.000000e+00,6/19,20.76%,UPP1;NUDT15;NT5C2;NUDT1;NT5M;ITPA
prerank,DNA Methylation R-HSA-5334118,-0.2911116354745251,-0.8895920283893783,6.134122e-01,9.302253e-01,1.000000e+00,4/19,11.44%,H2AJ;H2AX;H3-3B;H2AZ1
prerank,Fanconi Anemia Pathway R-HSA-6783310,0.2660652781470783,0.8883541364370661,6.365462e-01,9.491492e-01,1.000000e+00,14/27,34.43%,RPA3;FAAP20;DCLRE1A;UBC;ATRIP;FAN1;FANCF;FANCI;UBA52;FANCG;FAAP100;FANCA;ERCC4;CENPX
prerank,Class A/1 (Rhodopsin-like Receptors) R-HSA-373076,0.23400020205562375,0.8877663049143528,6.447106e-01,9.475744e-01,1.000000e+00,15/49,25.03%,PTGER2;ADRB2;CXCR2;S1PR4;GPR65;CX3CR1;S1PR1;F2R;PPBP;MC1R;NMUR1;CXCR1;GPR132;GPR68;LPAR5
prerank,G1/S Transition R-HSA-69206,0.20602662359673513,0.8876038364401724,7.264151e-01,9.449249e-01,1.000000e+00,12/103,7.47%,HDAC1;RBL2;RBBP4;PSMD2;MAX;PSMD11;RPA3;MCM3;CDKN1B;PSMB2;AKT3;E2F4
prerank,ERCC6 (CSB) And EHMT2 (G9a) Positively Regulate rRNA Expression R-HSA-427389,0.25128380620726676,0.8866476278974039,6.361868e-01,9.444555e-01,1.000000e+00,17/32,34.10%,HDAC1;H2BC15;RBBP4;H2AC6;CBX3;EHMT2;MTA2;H2AC4;H2BC9;H2BC12;ERCC6;MTA3;H2AZ2;GATAD2B;H2BC11;RBBP7;H3C13
prerank,Pyroptosis R-HSA-5620971,0.2880540633746199,0.8856686161425332,6.222664e-01,9.440075e-01,1.000000e+00,4/19,7.79%,CYCS;IRF2;GZMB;GSDMD
prerank,Transcriptional Regulation By AP-2 (TFAP2) Family Of Transcription Factors R-HSA-8864260,0.30860224134361824,0.8853734410403172,6.111111e-01,9.417697e-01,1.000000e+00,5/16,18.52%,CITED2;ERBB2;DEK;NPM1;YY1
prerank,UCH Proteinases R-HSA-5689603,0.2092248881273194,0.8838174549812925,7.165354e-01,9.428113e-01,1.000000e+00,18/85,18.52%,TGFBR2;UCHL5;PSMD2;INO80D;PSMD11;PSMB2;H2AC6;INO80B;RUVBL1;H2AC11;MBD5;PSMD10;PSMD4;UBC;PSMD13;ASXL2;H2AC4;YY1
prerank,IRS-mediated Signaling R-HSA-112399,-0.2802897793665202,-0.8836786130873805,6.519916e-01,9.434998e-01,1.000000e+00,3/21,8.97%,NRAS;IRS2;PIK3R1
prerank,Processing Of Capped Intronless Pre-mRNA R-HSA-75067,-0.26290937874821274,-0.8831799106447009,6.209850e-01,9.418879e-01,1.000000e+00,7/27,16.52%,WDR33;CPSF7;NCBP1;PABPN1;NUDT21;CPSF6;CPSF1
prerank,Signaling By Hedgehog R-HSA-5358351,-0.20210252303566614,-0.8830311029619451,7.212766e-01,9.393908e-01,1.000000e+00,21/96,16.21%,GRK2;GNAS;OFD1;ADCY7;CUL3;PSMF1;PRKCA;PSMD6;PSMB6;PRKAR2A;PSME4;UBB;SPOPL;PTCH2;SEL1L;ADCY9;P4HB;PSME2;PSMB3;SMURF1;PSMA1
prerank,Growth Hormone Receptor Signaling R-HSA-982772,0.3026696422732338,0.8818415979770449,6.607843e-01,9.445843e-01,1.000000e+00,3/16,8.25%,STAT3;STAT5A;PTPN1
prerank,Metabolism Of Amino Acids And Derivatives R-HSA-71291,0.1897517885284299,0.881509203408143,7.902913e-01,9.424877e-01,1.000000e+00,48/159,28.75%,ALDH9A1;DARS1;PSMD2;PSMD11;APIP;SERINC3;PSMB2;PPM1K;QARS1;SARS1;ACADSB;KYAT3;SLC25A13;CARNMT1;PSMD10;EPRS1;DBT;PSMD4;GLUD1;DHTKD1;HIBADH;MTR;PSMD13;OAT;PHYKPL;DIDO1;BCKDHB;QDPR;PSMA5;ALDH18A1;TXNRD1;PSME3;RIDA;EEFSEC;PSMB5;IARS1;OAZ1;HIBCH;SHMT1;UBA52;AUH;ACAD8;TSTD1;SEPHS2;ALDH6A1;CARNS1;SLC25A44;BCKDK
prerank,Caspase Activation Via Extrinsic Apoptotic Signaling Pathway R-HSA-5357769,0.3021137644282944,0.8811009628256201,6.384298e-01,9.405954e-01,1.000000e+00,4/17,12.80%,MAGED1;DAPK2;RIPK1;APPL1
prerank,"Tristetraprolin (TTP, ZFP36) Binds And Destabilizes mRNA R-HSA-450513",-0.2925997839620555,-0.8788361965015518,6.175299e-01,9.472242e-01,1.000000e+00,2/17,2.44%,MAPKAPK2;DCP1A
prerank,Inactivation Of CSF3 (G-CSF) Signaling R-HSA-9705462,-0.2854612511449119,-0.878265468980586,6.417910e-01,9.459307e-01,1.000000e+00,7/20,16.55%,RNF7;ELOB;CUL5;SOCS1;UBB;LYN;TYK2
prerank,Integrin Cell Surface Interactions R-HSA-216083,0.2695431272957291,0.87794303469013,6.617375e-01,9.458721e-01,1.000000e+00,3/26,6.67%,ITGA4;CD47;ICAM2
prerank,FCERI Mediated NF-kB Activation R-HSA-2871837,0.21160514666632946,0.8768959590355152,7.032136e-01,9.455169e-01,1.000000e+00,7/73,5.44%,UBE2D2;RASGRP1;PRKCQ;PSMD2;RASGRP2;PSMD11;PSMB2
prerank,Formation Of TC-NER Pre-Incision Complex R-HSA-6781823,-0.22794558964608916,-0.876290587489528,6.702820e-01,9.478756e-01,1.000000e+00,10/50,12.47%,ERCC3;POLR2C;POLR2D;USP7;COPS3;COPS8;POLR2G;MNAT1;UBB;CDK7
prerank,SMAD2/SMAD3:SMAD4 Heterotrimer Regulates Transcription R-HSA-2173796,0.25598617239663546,0.8753175722588226,6.806084e-01,9.464159e-01,1.000000e+00,13/30,31.22%,HDAC1;RNF111;E2F4;UBC;YBX1;TFDP1;SMAD3;CCNC;RNASEH2A;UBA52;SMAD4;MEN1;MYC
prerank,Translation Of Structural Proteins R-HSA-9683701,0.2704527970996734,0.8742373160636767,6.478599e-01,9.463994e-01,1.000000e+00,13/25,35.05%,ST6GAL1;PARP4;PARP10;ST3GAL1;UBC;PRKCSH;PARP8;UBA52;ST3GAL2;ST3GAL3;MOGS;PARP14;ST6GALNAC4
prerank,Regulation Of TP53 Activity Thru Phosphorylation R-HSA-6804756,0.22038365792772402,0.8740642881092903,6.826923e-01,9.437996e-01,1.000000e+00,16/64,19.49%,MAPK14;TAF7;TBP;RPA3;RFC5;RFC4;NUAK1;RAD17;SUPT16H;UBC;SSRP1;ATRIP;MRE11;TAF5;ATM;TAF12
prerank,Energy Dependent Regulation Of mTOR By LKB1-AMPK R-HSA-380972,-0.2619936747380015,-0.8730497520777433,6.540881e-01,9.532680e-01,1.000000e+00,10/26,23.17%,LAMTOR1;LAMTOR4;PRKAG1;PRKAG2;MLST8;LAMTOR5;TSC1;RHEB;LAMTOR3;CAB39L
prerank,Mitochondrial Translation Initiation R-HSA-5368286,0.206069027900722,0.8721809569798036,7.249071e-01,9.456322e-01,1.000000e+00,25/81,27.91%,MRPS7;MRPS35;MRPL49;MTFMT;MRPL3;MRPS33;MRPL34;MRPL15;MRPS18C;MRPL41;MRPL20;MRPL18;MTIF3;OXA1L;MRPS34;MRPL17;MRPS18B;MRPS14;MRPL36;MRPL53;MRPL4;CHCHD1;MRPL51;MRPS30;MRPS16
prerank,Constitutive Signaling By NOTCH1 HD+PEST Domain Mutants R-HSA-2894862,0.2289147161855651,0.8692204228731579,6.809339e-01,9.503144e-01,1.000000e+00,10/45,15.38%,MAML1;HDAC1;HDAC8;PSEN1;HDAC5;ADAM10;KAT2A;HDAC6;UBC;RBX1
prerank,rRNA Processing In Nucleus And Cytosol R-HSA-8868773,-0.19590549270443391,-0.8687418185659822,7.570281e-01,9.611916e-01,1.000000e+00,26/106,23.78%,DDX52;KRR1;BYSL;NOL12;UTP3;C1D;EXOSC10;CSNK1D;ISG20L2;PDCD11;RIOK3;LTV1;WDR36;RSL24D1;SENP3;PNO1;CSNK1E;BUD23;UTP11;TRMT112;SNU13;RPP14;EXOSC6;EXOSC1;UTP18;WDR43
prerank,"PI5P, PP2A And IER3 Regulate PI3K/AKT Signaling R-HSA-6811558",-0.2292390376788122,-0.868300974604559,7.194861e-01,9.593485e-01,1.000000e+00,8/51,8.97%,AKT1;IRS2;IER3;PPP2CA;PIP4K2A;PPP2CB;RNMT;PIK3R1
prerank,Telomere Extension By Telomerase R-HSA-171319,-0.28180902796623253,-0.8677403059726437,6.534447e-01,9.578619e-01,1.000000e+00,2/20,1.55%,RTEL1;TERF1
prerank,PPARA Activates Gene Expression R-HSA-1989781,0.20830874793320142,0.8660759104890069,7.387914e-01,9.551092e-01,1.000000e+00,23/83,22.24%,MIA3;THRAP3;MED31;MED28;FAM120B;HMGCS1;ACADM;CPT1A;RORA;NCOA6;ALAS1;CHD9;PPARA;RXRB;FDFT1;MED16;MED7;MED24;NR1H2;MED25;GLIPR1;CCNC;TXNRD1
prerank,Downstream Signaling Events Of B Cell Receptor (BCR) R-HSA-1168372,-0.20527287875853575,-0.865080289710059,7.484787e-01,9.616316e-01,1.000000e+00,17/75,16.21%,NRAS;CARD11;PSMF1;NFKBIB;PSMD6;PSMB6;NFKB1;PSME4;NFATC1;PRKCB;IKBKB;UBB;CALM1;PSME2;REL;PSMB3;PSMA1
prerank,Fcgamma Receptor (FCGR) Dependent Phagocytosis R-HSA-2029480,-0.21267024774206794,-0.8648445203371021,7.440347e-01,9.592286e-01,1.000000e+00,10/63,14.49%,LIMK1;PKN1;CDC42;MYO9B;YES1;PIK3R1;WIPF2;LYN;ARPC2;VAV3
prerank,Cytosolic Sensors Of Pathogen-Associated DNA R-HSA-1834949,0.2211746382149684,0.8647959777970894,7.382298e-01,9.553490e-01,1.000000e+00,13/57,17.87%,XRCC5;PRKDC;XRCC6;DHX36;RIPK1;STING1;STAT6;IRF3;UBC;MRE11;POLR1D;DDX41;CTNNB1
prerank,Cyclin D Associated Events In G1 R-HSA-69231,-0.24500068421768623,-0.8615175977312513,6.903766e-01,9.648253e-01,1.000000e+00,8/35,12.47%,PPP2CA;CDKN2D;PPP2CB;CKS1B;MNAT1;UBB;LYN;CDK7
prerank,Signaling By SCF-KIT R-HSA-1433557,-0.2531888615945776,-0.8613627641435276,6.896552e-01,9.623133e-01,1.000000e+00,6/28,12.45%,NRAS;YES1;PRKCA;PIK3R1;SOCS1;LYN
prerank,RHOBTB GTPase Cycle R-HSA-9706574,-0.24994777658103978,-0.8610761586317353,6.985447e-01,9.600716e-01,1.000000e+00,5/33,5.74%,TWF1;VIM;TRA2B;CPSF7;CUL3
prerank,COPI-dependent Golgi-to-ER Retrograde Traffic R-HSA-6811434,0.22021453426543372,0.8609052111537694,7.261411e-01,9.618052e-01,1.000000e+00,11/51,17.90%,ARF4;KIF2A;KIF3B;ARCN1;COPB1;KIF21A;PTGES2;ZW10;KIF9;NBAS;COPB2
prerank,IGF1R Signaling Cascade R-HSA-2428924,-0.2679897256786366,-0.8586978917978915,6.883117e-01,9.601900e-01,1.000000e+00,9/23,27.95%,NRAS;IRS2;PIK3R1;IGF1R;SHC1;FGFR1;PIK3CB;GRB2;HRAS
prerank,Signaling By Type 1 Insulin-like Growth Factor 1 Receptor (IGF1R) R-HSA-2404192,-0.2679897256786366,-0.8586978917978915,6.883117e-01,9.601900e-01,1.000000e+00,9/23,27.95%,NRAS;IRS2;PIK3R1;IGF1R;SHC1;FGFR1;PIK3CB;GRB2;HRAS
prerank,Chromatin Modifying Enzymes R-HSA-3247509,-0.17567083780135967,-0.858136615156846,8.685259e-01,9.586675e-01,1.000000e+00,49/203,20.80%,JMJD6;GATAD2A;ARID1B;TADA1;H2AJ;KANSL2;CREBBP;TAF10;H2AX;NCOA1;KMT2B;SAP18;ING3;TADA2B;HCFC1;KMT5A;EPC1;CARM1;MSL2;NFKB1;KDM7A;ELP5;SAP30L;H2AZ1;BRD1;TAF6L;YEATS2;KMT2E;KAT7;SUV39H1;SETD6;TBL1X;PHF21A;H2AC25;ELP6;ELP2;PHF2;PHF20;MTA1;ARID1A;MBIP;EED;BRWD1;SUPT7L;HMG20B;DOT1L;ATXN7;KDM6A;OGT
prerank,SUMOylation Of Ubiquitinylation Proteins R-HSA-3232142,0.23438679050545083,0.8577245139652748,7.330754e-01,9.663214e-01,1.000000e+00,7/38,17.33%,NUP62;TRIM27;NUP50;NUP37;NUP58;NUP188;NUP85
prerank,TRAF6 Mediated IRF7 Activation R-HSA-933541,0.30359588524305864,0.8556809254882284,6.690265e-01,9.682673e-01,1.000000e+00,4/15,16.03%,TRIM4;SIKE1;IRF3;RIGI
prerank,Nucleotide Salvage R-HSA-8956321,-0.2993200153746344,-0.8545709805700249,6.569507e-01,9.641571e-01,1.000000e+00,7/15,25.00%,UPP1;TK2;UCK1;ADAL;ADA;HPRT1;UCKL1
prerank,Deactivation Of Beta-Catenin Transactivating Complex R-HSA-3769402,-0.25070841803423577,-0.853048933316816,6.958333e-01,9.648818e-01,1.000000e+00,3/29,1.74%,CTBP1;AKT1;TCF7
prerank,HDR Thru Homologous Recombination (HRR) R-HSA-5685942,0.22463728261898996,0.8519584116899729,7.537313e-01,9.737866e-01,1.000000e+00,11/46,20.53%,RPA3;RFC5;POLK;RFC4;RAD17;UBC;ATRIP;MRE11;GEN1;ATM;RAD51C
prerank,Signaling By BRAF And RAF1 Fusions R-HSA-6802952,-0.2246838724232164,-0.8513068514503257,7.408907e-01,9.660107e-01,1.000000e+00,12/46,17.30%,QKI;NRAS;MAP2K2;ATG7;CLCN6;AGTRAP;KDM7A;MPRIP;CALM1;BRAF;TRAK1;ARRB1
prerank,NOTCH3 Activation And Transmission Of Signal To Nucleus R-HSA-9013507,-0.29712553707681144,-0.8512474317666032,6.594059e-01,9.633506e-01,1.000000e+00,4/15,12.26%,TACC3;MIB2;APH1A;UBB
prerank,TAK1-dependent IKK And NF-kappa-B Activation R-HSA-445989,-0.2377564232536788,-0.8495677642438344,7.105832e-01,9.645542e-01,1.000000e+00,8/36,15.53%,NFKBIB;N4BP1;NFKB1;USP18;IKBKB;UBB;IRAK1;RIPK2
prerank,Formation Of A Pool Of Free 40S Subunits R-HSA-72689,0.2856503546088592,0.8493322481420499,6.967985e-01,9.768903e-01,1.000000e+00,5/18,20.50%,EIF3A;EIF3L;EIF3E;EIF3K;EIF3H
prerank,DAP12 Signaling R-HSA-2424491,0.26200526982008343,0.8459007947047269,6.814815e-01,9.820433e-01,1.000000e+00,8/24,20.06%,GRAP2;PLCG1;KLRD1;LCK;PIK3CA;LCP2;SPNS1;PIK3R2
prerank,RHOBTB1 GTPase Cycle R-HSA-9013422,-0.27020010661809657,-0.8449815565762029,6.795132e-01,9.725476e-01,1.000000e+00,4/21,5.74%,VIM;TRA2B;CPSF7;CUL3
prerank,TCR Signaling R-HSA-202403,0.19592074326296005,0.8448995661016906,8.199234e-01,9.812995e-01,1.000000e+00,27/105,20.61%,UBE2D2;PTPRC;PRKCQ;PSMD2;PSMD11;GRAP2;PSMB2;PLCG1;PAG1;NCK1;PSMD10;LCK;PIK3CA;PTEN;PSMD4;UBC;CD247;VASP;INPP5D;LCP2;PSMD13;SPNS1;PTPN22;PIK3R2;PSMA5;MALT1;CSK
prerank,Downregulation Of ERBB2 Signaling R-HSA-8863795,-0.28184117029375005,-0.8407842317431097,6.835443e-01,9.795373e-01,1.000000e+00,5/18,16.46%,AKT1;MATK;CUL5;UBB;CDC37
prerank,"Nucleotide-binding Domain, Leucine Rich Repeat Containing NLR Signaling Pathways R-HSA-168643",-0.2230072023460884,-0.840610891086126,7.367347e-01,9.770335e-01,1.000000e+00,12/43,24.21%,PSTPIP1;BIRC2;NFKB1;IKBKB;CASP4;IRAK1;RIPK2;BIRC3;P2RX7;NLRP1;HMOX1;UBE2V1
prerank,Interleukin-1 Family Signaling R-HSA-446652,0.18991711177835202,0.8404517107847673,8.122530e-01,9.882136e-01,1.000000e+00,31/117,24.06%,PTPN4;MAP2K4;STAT3;MAP2K1;PSMD2;PSMD11;PSMB2;USP14;IRAK4;GSDMD;LRRC14;PSMD10;PSMD4;UBC;RBX1;IL1RAP;PTPN23;SIGIRR;PSMD13;SMAD3;PSMA5;SQSTM1;MAPK8;PTPN11;TIFA;HMGB1;TP53;NKIRAS2;PSME3;PSMB5;MAP3K7
prerank,Hedgehog Off State R-HSA-5610787,0.20704228905944802,0.8397587754344935,7.949219e-01,9.867448e-01,1.000000e+00,20/74,23.73%,PRKACB;PRKAR1A;PSMD2;PSMD11;PSMB2;ITCH;IFT57;PSMD10;CSNK1A1;PSMD4;UBC;PTCH1;RBX1;PSMD13;DYNC2H1;PSMA5;TULP3;IFT88;PSME3;PSMB5
prerank,DDX58/IFIH1-mediated Induction Of Interferon-Alpha/Beta R-HSA-168928,0.21239020755589677,0.8395349819264895,7.609842e-01,9.842988e-01,1.000000e+00,15/60,22.68%,UBE2D2;TRIM4;TOMM70;ATG5;RIPK1;SIKE1;ITCH;IRF3;UBC;RIGI;UBA7;UBE2D3;HMGB1;FADD;NKIRAS2
prerank,Cristae Formation R-HSA-8949613,-0.24523977871222502,-0.839057111138904,7.445545e-01,9.776607e-01,1.000000e+00,6/29,15.99%,ATP5MC1;MTX1;APOOL;ATP5ME;DMAC2L;CHCHD6
prerank,Downregulation Of SMAD2/3:SMAD4 Transcriptional Activity R-HSA-2173795,0.25578935217741744,0.8376612159717169,7.022901e-01,9.852895e-01,1.000000e+00,10/26,27.76%,HDAC1;RNF111;PARP1;UBC;PPM1A;SMAD3;UBE2D3;UBA52;STAT1;SMAD4
prerank,Mitochondrial Translation R-HSA-5368287,0.19562553842495625,0.8361784007289066,8.181818e-01,9.856663e-01,1.000000e+00,26/87,27.91%,MRPS7;MRPS35;MRPL49;MTFMT;MRPL3;MRPS33;MRPL34;MRPL15;MRPS18C;MRPL41;MRRF;MRPL20;MRPL18;MTIF3;OXA1L;MRPS34;MRPL17;MRPS18B;MRPS14;MRPL36;MRPL53;MRPL4;CHCHD1;MRPL51;MRPS30;MRPS16
prerank,Influenza Viral RNA Transcription And Replication R-HSA-168273,0.21321896411105531,0.8360924401967785,7.558140e-01,9.829254e-01,1.000000e+00,11/55,17.33%,NUP62;NUP50;PBRM1;PARP1;NUP37;IPO5;NUP58;GNL3;POLR2I;NUP188;NUP85
prerank,IRS-related Events Triggered By IGF1R R-HSA-2428928,-0.26174502585904313,-0.8345643293664698,7.097458e-01,9.846965e-01,1.000000e+00,3/22,8.97%,NRAS;IRS2;PIK3R1
prerank,Fatty Acid Metabolism R-HSA-8978868,0.1921948194259228,0.834194830725931,8.110517e-01,9.840327e-01,1.000000e+00,16/95,14.64%,ELOVL6;PTGES3;HADHA;ACBD5;HACD2;PTGDS;ACSL4;HADH;HPGD;CROT;PTGES2;ACADM;MCAT;HSD17B12;PHYH;CPT1A
prerank,Host Interactions Of HIV Factors R-HSA-162909,0.18814963225460934,0.8334949600547569,8.727984e-01,9.826221e-01,1.000000e+00,22/118,17.33%,KPNB1;XPO1;NUP62;NUP50;PSMD2;PSMD11;PSMB2;RAN;NUP37;PSIP1;PSMD10;NPM1;LCK;NUP58;PSMD4;UBC;CD247;RBX1;RANBP1;NUP188;PSMD13;NUP85
prerank,Glycosphingolipid Metabolism R-HSA-1660662,-0.25292487126717456,-0.833421601558861,7.241379e-01,9.843519e-01,1.000000e+00,5/25,13.44%,GLTP;ESYT2;ARSD;SUMF2;ARSA
prerank,Meiotic Recombination R-HSA-912446,0.24053017381640013,0.8324514768950059,7.440476e-01,9.819524e-01,1.000000e+00,13/32,29.21%,H2BC15;RPA3;H2AC6;MRE11;H2AC4;ATM;RAD51C;H2BC9;H2BC12;MLH3;BLM;RAD50;H2AZ2
prerank,RNA Polymerase III Abortive And Retractive Initiation R-HSA-749476,0.2373580864469017,0.8322119392597287,7.463235e-01,9.795989e-01,1.000000e+00,15/36,30.39%,ZNF143;TBP;SSB;GTF3C2;BDP1;POLR1D;SNAPC3;NFIA;POLR3A;GTF3C6;POLR3K;GTF3C1;GTF3C3;POLR3E;GTF3A
prerank,Degradation Of Beta-Catenin By Destruction Complex R-HSA-195253,-0.19815120334054834,-0.8313865110071862,8.074534e-01,9.859535e-01,1.000000e+00,16/76,16.21%,CTBP1;TCF7;PPP2CA;PPP2CB;PSMF1;PSMD6;PSMB6;AXIN1;TLE4;PSME4;FRAT2;TLE5;UBB;PSME2;PSMB3;PSMA1
prerank,Transcriptional Regulation By VENTX R-HSA-8853884,-0.2424257196091456,-0.831234418256577,7.654584e-01,9.834401e-01,1.000000e+00,6/33,11.56%,ANAPC15;ANAPC11;TNRC6A;AGO4;NFKB1;UBE2S
prerank,mRNA Decay By 5 To 3 Exoribonuclease R-HSA-430039,0.2905025908716844,0.8309992203123447,7.089844e-01,9.792965e-01,1.000000e+00,4/15,15.11%,DCP1B;LSM5;XRN1;LSM2
prerank,rRNA Processing R-HSA-72312,-0.18492579749072385,-0.8307634558847351,8.481781e-01,9.815824e-01,1.000000e+00,13/116,9.25%,DDX52;KRR1;BYSL;NOL12;UTP3;C1D;EXOSC10;CSNK1D;ISG20L2;PDCD11;HSD17B10;RIOK3;LTV1
prerank,Assembly Of ORC Complex At Origin Of Replication R-HSA-68616,-0.2578237106528423,-0.8285633531922098,7.175732e-01,9.833307e-01,1.000000e+00,5/23,11.44%,H2AJ;H2AX;H3-3B;ORC4;H2AZ1
prerank,Signaling By FLT3 Fusion Proteins R-HSA-9703465,0.29021850723973275,0.8273660112217612,6.977612e-01,9.842716e-01,1.000000e+00,4/15,17.72%,TRIP11;STAT5A;PIK3CA;GOLGB1
prerank,Sphingolipid Metabolism R-HSA-428157,-0.21113637052322715,-0.8269596736527514,7.847826e-01,9.836773e-01,1.000000e+00,3/53,0.57%,CSNK1G2;GLTP;ESYT2
prerank,RUNX1 Regulates Transcription Of Genes Involved In Differentiation Of HSCs R-HSA-8939236,-0.20026460458931766,-0.8265573390330492,8.021739e-01,9.818555e-01,1.000000e+00,15/73,16.21%,H2AJ;H2AX;GATA3;PSMF1;PSMD6;H3-3B;PSMB6;PSME4;MNAT1;H2AZ1;UBB;CDK7;PSME2;PSMB3;PSMA1
prerank,Response To Elevated Platelet Cytosolic Ca2+ R-HSA-76005,0.2022928539471235,0.8256829413161977,7.888676e-01,9.850116e-01,1.000000e+00,8/68,5.01%,FAM3C;TMX3;ENDOD1;PLEK;SOD1;ANXA5;VCL;PIKFYVE
prerank,Carboxyterminal Post-Translational Modifications Of Tubulin R-HSA-8955332,0.27436139341490723,0.8256744691288908,7.332016e-01,9.821593e-01,1.000000e+00,5/18,22.29%,TUBA1A;TUBB;TUBA1C;TTLL1;TPGS2
prerank,Transport Of Small Molecules R-HSA-382551,0.16086767606656568,0.8256141937848912,9.616088e-01,9.794311e-01,1.000000e+00,85/336,23.94%,PRKACB;SLC20A1;PRKAR1A;ADD3;SLC4A7;ATP10D;PSMD2;PHB2;SLC26A2;RAB11A;ATP1A3;ADD1;PSMD11;ATP2B4;YME1L1;LRRC8D;ATP2A3;SLC1A7;PSMB2;EIF2S1;STOM;CLTC;SLC26A11;ABCC10;SLCO4C1;TSC22D3;SLC2A3;SLC25A22;ATP6V0E2;GNG10;LMF1;SLC12A6;VCP;PEX3;SLC39A6;SLC4A2;HMOX2;MICU1;SLC44A2;PCSK5;CUTC;PSMD10;CLCN3;ABCA2;ATP6V1A;ATP6V0A2;PSMD4;SLC36A1;UBC;HDLBP;SLC16A3;NIPA2;NIPA1;IREB2;MMGT1;SLC50A1;PSMD13;ABCB10;ERLEC1;ABCB8;RNF185;SMDT1;PEX19;BPNT1;PSMA5;AP2B1;SLC30A6;SLC66A1;AHCYL2;NR1H2;AFG3L2;SLC7A6;EMB;SLC29A3;ATP8B2;ATP6V1C1;ANO6;CYBRD1;PSME3;EIF2S2;ATP11B;ATP6V1D;PSMB5;RNF5;MRS2
prerank,Signaling By B Cell Receptor (BCR) R-HSA-983705,-0.18881767167819688,-0.8248096635012133,8.562232e-01,9.827021e-01,1.000000e+00,20/96,16.21%,NRAS;CARD11;CD79B;PSMF1;NFKBIB;PSMD6;PSMB6;PIK3R1;NFKB1;PSME4;NFATC1;PRKCB;IKBKB;UBB;LYN;CALM1;PSME2;REL;PSMB3;PSMA1
prerank,Signaling By MET R-HSA-6806834,-0.22800674293509604,-0.8246869995820305,7.744875e-01,9.801840e-01,1.000000e+00,9/38,14.67%,NRAS;RAPGEF1;STAM;RNMT;PTPRJ;PIK3R1;UBB;LMNB2;ARF6
prerank,Amyloid Fiber Formation R-HSA-977225,0.222804857949147,0.8217257763712165,7.709611e-01,9.846096e-01,1.000000e+00,15/40,28.86%,H2BC15;TSPAN5;H2AC6;ADAM10;ITM2B;LYZ;UBC;H2AC4;TSPAN14;GGA2;H2BC9;H2BC12;UBA52;APH1B;GGA3
prerank,"Interleukin-3, Interleukin-5 And GM-CSF Signaling R-HSA-512988",0.23732685053344518,0.8215740380775408,7.597765e-01,9.820792e-01,1.000000e+00,9/32,21.43%,YWHAZ;CRK;IL5RA;STAT5A;PIK3CA;INPP5D;PIK3R2;PTPN11;PIK3R3
prerank,Mitotic G1 Phase And G1/S Transition R-HSA-453279,0.1853393701909675,0.814937138409173,8.854962e-01,9.923177e-01,1.000000e+00,13/115,8.58%,HDAC1;RBL2;RBBP4;PSMD2;MAX;PSMD11;RPA3;MCM3;CDKN1B;PSMB2;AKT3;E2F4;CDKN2A
prerank,Late SARS-CoV-2 Infection Events R-HSA-9772573,-0.21314615802352932,-0.8127716162839868,7.979592e-01,1.000000e+00,1.000000e+00,10/48,14.97%,MAGT1;RPN2;MGAT4B;GSK3A;PARP6;DDOST;UBB;SUMO1;MGAT4A;ZDHHC3
prerank,JNK (c-Jun Kinases) Phosphorylation And Activation Mediated By Activated Human TAK1 R-HSA-450321,-0.2836756844781734,-0.812318568329797,7.046414e-01,9.994631e-01,1.000000e+00,4/16,15.53%,MAPK9;MAP2K7;IRAK1;RIPK2
prerank,Fatty acyl-CoA Biosynthesis R-HSA-75105,0.2569818055122508,0.8118041172921739,7.312030e-01,9.957079e-01,1.000000e+00,4/23,13.35%,ELOVL6;HACD2;ACSL4;HSD17B12
prerank,Regulation Of MECP2 Expression And Activity R-HSA-9022692,0.24918278415725376,0.8111645042495688,7.225326e-01,9.941327e-01,1.000000e+00,3/26,6.87%,HDAC1;LBR;MECP2
prerank,Downstream TCR Signaling R-HSA-202424,-0.1895585383444905,-0.8095552020549099,8.620690e-01,1.000000e+00,1.000000e+00,26/85,24.91%,HLA-DRB5;CARD11;CD3D;PSMF1;PSMD6;PSMB6;PIK3R1;NFKB1;PSME4;IKBKB;UBB;HLA-DRB1;TRAT1;PSME2;RIPK2;PSMB3;PSMA1;PSMD9;PSME1;HLA-DQA2;PSMC2;PIK3CB;UBE2V1;PSMD7;UBE2D1;PSMC3
prerank,Role Of GTSE1 In G2/M Progression After G2 Checkpoint R-HSA-8852276,-0.21003563397104463,-0.8090787538467015,8.309572e-01,1.000000e+00,1.000000e+00,14/49,24.91%,MAPRE1;PSMF1;PSMD6;PSMB6;PSME4;UBB;PSME2;PSMB3;PSMA1;PSMD9;PSME1;PSMC2;PSMD7;PSMC3
prerank,Defective Pyroptosis R-HSA-9710421,0.24064732903045385,0.8089826316257828,7.545639e-01,9.954405e-01,1.000000e+00,4/28,8.59%,H2BC15;RBBP4;SUZ12;H2AC6
prerank,Signaling By FGFR In Disease R-HSA-1226099,0.2204532574474712,0.8086100129038716,7.866419e-01,9.933344e-01,1.000000e+00,8/41,13.96%,STAT3;FGFR1OP2;PLCG1;STAT5A;CNTRL;PIK3CA;POLR2I;TRIM24
prerank,ATF4 Activates Genes In Response To Endoplasmic Reticulum Stress R-HSA-380994,-0.24110150637646113,-0.8080188915081602,7.782516e-01,9.993375e-01,1.000000e+00,2/25,2.85%,ATF4;CEBPG
prerank,Cytochrome P450 - Arranged By Substrate Type R-HSA-211897,0.28409605464100823,0.8052458799346285,7.183365e-01,9.968315e-01,1.000000e+00,1/15,0.32%,MIA3
prerank,Viral Messenger RNA Synthesis R-HSA-168325,0.2110604251893025,0.8051778992230648,8.200758e-01,9.941446e-01,1.000000e+00,9/46,17.33%,NUP62;NUP50;PBRM1;NUP37;NUP58;GNL3;POLR2I;NUP188;NUP85
prerank,Insulin Receptor Signaling Cascade R-HSA-74751,-0.24877850873235033,-0.8050659431087126,7.770833e-01,1.000000e+00,1.000000e+00,3/24,8.97%,NRAS;IRS2;PIK3R1
prerank,Nicotinate Metabolism R-HSA-196807,-0.27630005305917404,-0.804976800672741,7.515152e-01,9.996509e-01,1.000000e+00,3/16,13.19%,NADSYN1;PARP6;CD38
prerank,Regulation Of RUNX2 Expression And Activity R-HSA-8939902,-0.19806134772089834,-0.8037187524670028,8.118609e-01,9.992833e-01,1.000000e+00,17/60,24.91%,HIVEP3;FBXW7;PSMF1;PSMD6;PSMB6;PSME4;UBB;PSME2;PSMB3;SMURF1;PSMA1;PSMD9;PSME1;RUNX2;PSMC2;PSMD7;PSMC3
prerank,Activation Of HOX Genes During Differentiation R-HSA-5619507,0.2026759781500055,0.803673927508903,8.213552e-01,9.939713e-01,1.000000e+00,19/62,25.05%,H2BC15;RBBP4;JUN;SUZ12;H2AC6;PKNOX1;POLR2I;ZNF335;NCOA6;H2AC4;HOXC4;YY1;ASH2L;CTCF;H2BC9;H2BC12;HOXB2;RARA;NCOA3
prerank,SARS-CoV-1 Infection R-HSA-9678108,-0.21651495452423664,-0.8015331369164158,7.773196e-01,1.000000e+00,1.000000e+00,10/41,15.47%,MAP1LC3B;CHMP4B;CHMP2B;GSK3A;PARP6;BECN1;UBB;ZCRB1;SUMO1;CHMP2A
prerank,Mitochondrial Translation Termination R-HSA-5419276,0.189284444474537,0.8007907697985749,8.721805e-01,9.963519e-01,1.000000e+00,24/81,27.91%,MRPS7;MRPS35;MRPL49;MRPL3;MRPS33;MRPL34;MRPL15;MRPS18C;MRPL41;MRRF;MRPL20;MRPL18;OXA1L;MRPS34;MRPL17;MRPS18B;MRPS14;MRPL36;MRPL53;MRPL4;CHCHD1;MRPL51;MRPS30;MRPS16
prerank,Late Endosomal Microautophagy R-HSA-9615710,0.24590070162971508,0.8006890348044209,7.705545e-01,9.937182e-01,1.000000e+00,12/23,28.16%,MVB12A;ARL13B;PCNT;HSPA8;HDAC6;UBC;VPS37A;IFT88;CHMP7;PLIN2;UBA52;CHMP6
prerank,SUMOylation Of Chromatin Organization Proteins R-HSA-4551638,0.20963487292123045,0.8001727876818059,8.400000e-01,9.919579e-01,1.000000e+00,9/49,17.33%,HDAC1;NUP62;NUP50;SUZ12;PHC3;NUP37;NUP58;NUP188;NUP85
prerank,Aggrephagy R-HSA-9646399,0.2660159774244039,0.7994489333032955,7.457306e-01,9.905361e-01,1.000000e+00,6/19,16.43%,ARL13B;VCP;PCNT;HDAC6;UBC;DYNLL1
prerank,Extra-nuclear Estrogen Signaling R-HSA-9009391,0.21777038027055418,0.7989317650105839,8.171429e-01,9.886834e-01,1.000000e+00,6/42,8.63%,XPO1;UHMK1;CDKN1B;STRN;AKT3;GNG10
prerank,DAP12 Interactions R-HSA-2172127,0.24429837052764472,0.7977565946218363,7.633588e-01,9.882012e-01,1.000000e+00,8/26,20.06%,GRAP2;PLCG1;KLRD1;LCK;PIK3CA;LCP2;SPNS1;PIK3R2
prerank,Resolution Of D-loop Structures Thru Holliday Junction Intermediates R-HSA-5693568,0.2564652602691697,0.7955785389926133,7.582418e-01,9.894699e-01,1.000000e+00,8/19,33.93%,MRE11;GEN1;ATM;RAD51C;BLM;RAD50;BARD1;KAT5
prerank,Chromosome Maintenance R-HSA-73886,0.18585842907582714,0.794622552005926,9.027237e-01,9.883590e-01,1.000000e+00,38/89,34.59%,H2BC15;SMARCA5;RBBP4;RPA3;RFC5;DAXX;RFC4;ATRX;H2AC6;RUVBL1;NPM1;WRAP53;POLR2I;GAR1;H2AC4;PPP6R3;SHQ1;LRIG1;H2BC9;H2BC12;DKC1;TERF2IP;BLM;ITGB3BP;NOP10;CENPK;H2AZ2;POLA2;PIF1;H2BC11;POLD3;STN1;CTC1;POLR2B;RBBP7;TINF2;CENPX;PPP6C
prerank,RNA Polymerase III Transcription Termination R-HSA-73980,-0.2642629648056555,-0.7928157058072952,7.620000e-01,1.000000e+00,1.000000e+00,5/18,19.47%,CRCP;POLR3F;POLR3C;POLR2E;POLR3H
prerank,APC/C:Cdc20 Mediated Degradation Of Cyclin B R-HSA-174048,-0.26196557012785404,-0.7926841704036159,7.505241e-01,1.000000e+00,1.000000e+00,4/19,12.26%,ANAPC15;ANAPC11;UBE2S;UBB
prerank,Oncogene Induced Senescence R-HSA-2559585,-0.23788362579623026,-0.7925351123966962,7.905544e-01,1.000000e+00,1.000000e+00,8/27,19.72%,CDKN2D;TNRC6A;AGO4;MDM4;UBB;TFDP2;ETF1;ID1
prerank,GPVI-mediated Activation Cascade R-HSA-114604,0.24220807592696109,0.7917789960257149,7.750000e-01,9.903994e-01,1.000000e+00,8/26,21.43%,PIK3CG;LCK;PIK3CA;LCP2;SPNS1;PIK3R2;PTPN11;PIK3R3
prerank,CLEC7A (Dectin-1) Signaling R-HSA-5607764,0.18370613076737694,0.7896058297739459,9.077758e-01,9.914482e-01,1.000000e+00,12/91,14.05%,PPP3CB;UBE2D2;PSMD2;NFATC2;PSMD11;PSMB2;PPP3R1;AHCYL1;NFATC3;PSMD10;PSMD4;UBC
prerank,Telomere Maintenance R-HSA-157579,0.19024521206000736,0.7878494446201708,8.700787e-01,9.918439e-01,1.000000e+00,30/73,33.35%,H2BC15;RPA3;RFC5;DAXX;RFC4;ATRX;H2AC6;RUVBL1;WRAP53;POLR2I;GAR1;H2AC4;PPP6R3;SHQ1;LRIG1;H2BC9;H2BC12;DKC1;TERF2IP;BLM;NOP10;H2AZ2;POLA2;PIF1;H2BC11;POLD3;STN1;CTC1;POLR2B;TINF2
prerank,Interferon Alpha/Beta Signaling R-HSA-909733,-0.2022433926778072,-0.7858338536117465,8.466258e-01,1.000000e+00,1.000000e+00,13/54,20.25%,IFIT2;MX2;EGR1;OAS1;IFI6;USP18;ISG15;SOCS1;BST2;TYK2;KPNA1;IRF1;MX1
prerank,Phosphorylation Of APC/C R-HSA-176412,-0.26738681981738677,-0.7848119287573783,7.580645e-01,1.000000e+00,1.000000e+00,3/16,11.56%,ANAPC15;ANAPC11;UBE2S
prerank,HATs Acetylate Histones R-HSA-3214847,-0.18075021643591477,-0.7845494918660196,8.842315e-01,1.000000e+00,1.000000e+00,23/90,20.80%,TADA1;KANSL2;CREBBP;TAF10;NCOA1;ING3;TADA2B;HCFC1;EPC1;MSL2;ELP5;BRD1;TAF6L;YEATS2;KAT7;H2AC25;ELP6;ELP2;PHF20;MBIP;SUPT7L;ATXN7;OGT
prerank,Processing Of SMDT1 R-HSA-8949664,0.27074951842026623,0.7821419142502892,7.936508e-01,9.988782e-01,1.000000e+00,6/16,25.11%,PHB2;YME1L1;MICU1;SMDT1;AFG3L2;MICU2
prerank,Clathrin-mediated Endocytosis R-HSA-8856828,0.1803914765618749,0.780013849420843,9.118774e-01,9.996317e-01,1.000000e+00,32/91,28.12%,COPS5;ADRB2;SNX18;FNBP1;SH3GL1;ACTR3;COPS7A;EPS15;CLTC;UBQLN1;FCHO1;ACTR2;VAMP2;ITSN2;IL7R;HSPA8;UBC;BIN1;GAPVD1;EPS15L1;EPN2;HGS;AP2B1;COPS6;ARPC1A;PICALM;UBA52;TOR1A;LDLRAP1;TOR1B;DAB2;DVL2
prerank,Signaling By KIT In Disease R-HSA-9669938,-0.2604325173221399,-0.7797149007742901,7.756813e-01,1.000000e+00,1.000000e+00,4/17,12.45%,NRAS;YES1;PIK3R1;LYN
prerank,PINK1-PRKN Mediated Mitophagy R-HSA-5205685,-0.2538472053424999,-0.7796480038790768,7.932489e-01,1.000000e+00,1.000000e+00,8/20,23.30%,MAP1LC3B;TOMM22;UBB;PINK1;TOMM5;TOMM40;VDAC1;MTERF3
prerank,Regulation Of RAS By GAPs R-HSA-5658442,-0.1960447233949904,-0.7790040865269152,8.866397e-01,1.000000e+00,1.000000e+00,13/56,20.21%,NRAS;CUL3;PSMF1;PSMD6;PSMB6;PSME4;UBB;PSME2;PSMB3;PSMA1;RASA4;PSMD9;PSME1
prerank,Regulation Of PTEN Stability And Activity R-HSA-8948751,0.1995771281373429,0.7769505425577965,8.831683e-01,1.000000e+00,1.000000e+00,12/61,17.26%,TRIM27;RNF146;PSMD2;PSMD11;PSMB2;AKT3;PSMD10;PTEN;PSMD4;UBC;OTUD3;PSMD13
prerank,Regulation Of NF-kappa B Signaling R-HSA-9758274,-0.2617408634117737,-0.7766174575871505,7.780127e-01,1.000000e+00,1.000000e+00,4/17,12.26%,N4BP1;USP18;IKBKB;UBB
prerank,Signaling By NOTCH4 R-HSA-9013694,-0.18597064704496385,-0.7757215736371449,8.933602e-01,1.000000e+00,1.000000e+00,14/72,16.21%,AKT1;CREBBP;FBXW7;SNW1;TACC3;PSMF1;NOTCH1;PSMD6;PSMB6;APH1A;UBB;PSME2;PSMB3;PSMA1
prerank,Ion Channel Transport R-HSA-983712,-0.18593453685126837,-0.7749585243086333,8.971554e-01,1.000000e+00,1.000000e+00,21/72,24.36%,TCIRG1;ATP6V1H;SLC9B2;CLCN6;ASPH;TRPM7;ATP6V0C;ATP8A1;FXYD7;UBB;ATP6V1G1;BEST1;CALM1;CLCN7;TRPM2;ATP2B1;ATP11C;ANO8;ATP1B1;ATP8B4;ATP1B3
prerank,Metabolism Of Non-Coding RNA R-HSA-194441,0.1998429247181301,0.7736085646156338,8.470149e-01,1.000000e+00,1.000000e+00,9/50,17.60%,NUP62;NUP50;NUP37;NUP58;CLNS1A;SNRPE;NUP188;NUP85;PRMT5
prerank,Deposition Of New CENPA-containing Nucleosomes At Centromere R-HSA-606279,0.22587770849358843,0.7734968928796997,8.478702e-01,1.000000e+00,1.000000e+00,6/32,12.36%,H2BC15;SMARCA5;RBBP4;H2AC6;RUVBL1;NPM1
prerank,RND2 GTPase Cycle R-HSA-9696270,0.23418170488612125,0.7733916715070556,8.156313e-01,9.994790e-01,1.000000e+00,5/28,10.89%,FNBP1;ANKRD26;ARHGAP1;GOLGA3;RBMX
prerank,RNA Polymerase II Transcribes snRNA Genes R-HSA-6807505,0.1899395056145627,0.7717465653031819,8.940520e-01,9.992768e-01,1.000000e+00,14/71,18.37%,ZNF143;TBP;ZC3H8;PCF11;GTF2A1;SUPT4H1;INTS14;INTS9;ICE2;POLR2I;INTS2;TAF5;INTS7;SNAPC3
prerank,PI3K/AKT Signaling In Cancer R-HSA-2219528,-0.20007679381923585,-0.7711660939030262,8.738938e-01,1.000000e+00,1.000000e+00,9/52,14.16%,AKT1;IRS2;BAD;RNMT;GSK3A;PIK3R1;MAPKAP1;MLST8;TRAT1
prerank,SIRT1 Negatively Regulates rRNA Expression R-HSA-427359,-0.2338579514461206,-0.768741892369044,8.246347e-01,1.000000e+00,1.000000e+00,5/25,14.10%,H2AJ;H2AX;H3-3B;H2AZ1;SUV39H1
prerank,RET Signaling R-HSA-8853659,0.24556656800593232,0.7634231585678559,8.047445e-01,1.000000e+00,1.000000e+00,6/20,21.43%,PRKACB;PLCG1;PIK3CA;PIK3R2;PTPN11;PIK3R3
prerank,Regulation Of RUNX3 Expression And Activity R-HSA-8941858,-0.19442784610652813,-0.7630007225719027,8.760163e-01,1.000000e+00,1.000000e+00,10/52,16.21%,RUNX3;TGFB1;PSMF1;PSMD6;PSMB6;UBB;PSME2;PSMB3;SMURF1;PSMA1
prerank,Listeria Monocytogenes Entry Into Host Cells R-HSA-8876384,0.2756511073493402,0.7612224844342844,8.107075e-01,1.000000e+00,1.000000e+00,7/15,29.77%,SH3GL1;EPS15;UBC;CTNNB1;HGS;UBA52;STAM2
prerank,Metal Ion SLC Transporters R-HSA-425410,0.26338331147790656,0.7603659632415877,8.058252e-01,1.000000e+00,1.000000e+00,5/15,34.34%,SLC39A6;SLC30A6;SLC39A10;SLC39A3;SLC11A2
prerank,RUNX2 Regulates Bone Development R-HSA-8941326,-0.2636529939535086,-0.760045539983686,7.885010e-01,1.000000e+00,1.000000e+00,5/16,21.05%,YES1;MAF;AREG;RUNX2;ABL1
prerank,Interleukin-1 Signaling R-HSA-9020702,-0.17470167008881113,-0.758751228679163,9.436326e-01,1.000000e+00,1.000000e+00,17/97,16.21%,MAP3K8;TNIP2;PSMF1;NFKBIB;PSMD6;PSMB6;N4BP1;NFKB1;PSME4;USP18;IKBKB;UBB;IRAK1;PSME2;RIPK2;PSMB3;PSMA1
prerank,Hedgehog On State R-HSA-5632684,0.1881377154550379,0.7583195493749723,9.409524e-01,1.000000e+00,1.000000e+00,16/66,20.10%,PSMD2;PSMD11;SPOP;PSMB2;ITCH;PSMD10;CDC73;CSNK1A1;PSMD4;UBC;PTCH1;IQCE;RBX1;PSMD13;ULK3;PSMA5
prerank,Synthesis Of Substrates In N-glycan Biosythesis R-HSA-446219,0.20064479458997053,0.7570112120685873,8.675624e-01,1.000000e+00,1.000000e+00,15/46,30.94%,ST8SIA4;ST6GAL1;CTSA;CMAS;ST3GAL1;GLB1;GMDS;PGM3;ST3GAL5;FCSK;DOLPP1;ST3GAL2;SLC35C1;FPGT;ST3GAL3
prerank,RNA Polymerase I Promoter Opening R-HSA-73728,-0.24655885139246325,-0.7567086777813119,7.933071e-01,1.000000e+00,1.000000e+00,4/20,11.44%,H2AJ;H2AX;H3-3B;H2AZ1
prerank,Interleukin Receptor SHC Signaling R-HSA-912526,0.2515123910177855,0.7563263267255658,8.213628e-01,1.000000e+00,1.000000e+00,6/18,26.10%,IL5RA;PIK3CA;INPP5D;PIK3R2;PIK3R3;PTPN6
prerank,PI Metabolism R-HSA-1483255,0.18451014285211148,0.7546820732477796,9.174853e-01,1.000000e+00,1.000000e+00,16/66,21.43%,PIK3CG;MTMR4;PIKFYVE;PI4K2B;PIP5K1A;MTMR6;PIK3CA;PTEN;INPP5D;GDPD5;SACM1L;PIK3R4;PIK3R2;TNFAIP8;GDPD1;PIK3R3
prerank,"Gamma Carboxylation, Hypusine Formation And Arylsulfatase Activation R-HSA-163841",-0.22473197279073726,-0.7536532119578199,8.463158e-01,1.000000e+00,1.000000e+00,6/26,17.10%,FURIN;TPST1;ARSD;SUMF2;ARSA;DNAJC24
prerank,Negative Regulation Of NOTCH4 Signaling R-HSA-9604323,-0.19423822353929304,-0.7533831272680249,8.900204e-01,1.000000e+00,1.000000e+00,10/51,16.21%,AKT1;FBXW7;TACC3;PSMF1;PSMD6;PSMB6;UBB;PSME2;PSMB3;PSMA1
prerank,Signaling By PDGFR In Disease R-HSA-9671555,0.26109832449965176,0.7531833616609452,8.148820e-01,1.000000e+00,1.000000e+00,4/16,13.18%,STAT3;STRN;PIK3CA;BIN2
prerank,HSF1-dependent Transactivation R-HSA-3371571,0.23264340781919374,0.7526906219553743,8.598485e-01,1.000000e+00,1.000000e+00,7/26,17.81%,HSPH1;PTGES3;FKBP4;HSPA8;AKT1S1;MRPL18;MTOR
prerank,Inositol Phosphate Metabolism R-HSA-1483249,-0.21551039142379558,-0.7520511775361957,8.663883e-01,1.000000e+00,1.000000e+00,10/32,24.28%,INPP5A;ITPK1;PLCH2;CALM1;PLCB1;PLCB2;ITPKC;SYNJ1;NUDT11;INPP4B
prerank,IKK Complex Recruitment Mediated By RIP1 R-HSA-937041,0.2502432626001181,0.7517300950929875,8.079848e-01,1.000000e+00,1.000000e+00,4/19,14.05%,UBE2D2;SARM1;RIPK1;UBC
prerank,Cargo Recognition For Clathrin-Mediated Endocytosis R-HSA-8856825,0.18947477803208415,0.7512487596153753,9.367589e-01,9.992036e-01,1.000000e+00,24/64,28.12%,COPS5;ADRB2;SH3GL1;COPS7A;EPS15;CLTC;UBQLN1;FCHO1;VAMP2;ITSN2;IL7R;UBC;EPS15L1;EPN2;HGS;AP2B1;COPS6;PICALM;UBA52;TOR1A;LDLRAP1;TOR1B;DAB2;DVL2
prerank,N-glycan Trimming In ER And Calnexin/Calreticulin Cycle R-HSA-532668,0.21733114168326773,0.7494015328567535,8.582834e-01,9.990826e-01,1.000000e+00,11/33,26.35%,MLEC;RAD23B;UGGT1;VCP;SYVN1;UBC;RNF185;PRKCSH;RNF5;EDEM3;UBA52
prerank,SLC-mediated Transmembrane Transport R-HSA-425407,0.17226330415389837,0.7438743336080145,9.528487e-01,1.000000e+00,1.000000e+00,20/96,21.46%,SLC20A1;SLC4A7;SLC26A2;SLC1A7;SLC26A11;SLCO4C1;SLC2A3;SLC25A22;SLC12A6;SLC39A6;SLC4A2;SLC44A2;SLC36A1;SLC16A3;SLC50A1;SLC30A6;AHCYL2;SLC7A6;EMB;SLC29A3
prerank,Degradation Of GLI1 By Proteasome R-HSA-5610780,0.19569235309014926,0.7425367297028399,8.956693e-01,1.000000e+00,1.000000e+00,10/54,17.26%,PRKACB;PSMD2;PSMD11;PSMB2;ITCH;PSMD10;PSMD4;UBC;RBX1;PSMD13
prerank,NIK To Noncanonical NF-kB Signaling R-HSA-5676590,-0.1873535932035597,-0.7420188604702685,9.053498e-01,1.000000e+00,1.000000e+00,15/55,24.91%,UBE2M;PSMF1;PSMD6;PSMB6;PSME4;UBB;PSME2;PSMB3;PSMA1;RELB;PSMD9;PSME1;PSMC2;PSMD7;PSMC3
prerank,RMTs Methylate Histone Arginines R-HSA-3214858,-0.20070558608349692,-0.7372296410728798,8.875740e-01,1.000000e+00,1.000000e+00,4/40,6.56%,ARID1B;H2AJ;H2AX;CARM1
prerank,Negative Regulation Of MET Activity R-HSA-6807004,0.25025888532719426,0.7371797276290102,8.424908e-01,1.000000e+00,1.000000e+00,6/18,20.32%,SH3GL1;EPS15;PTPN1;UBC;LRIG1;HGS
prerank,GLI3 Is Processed To GLI3R By Proteasome R-HSA-5610785,0.1932413971101287,0.7367887986440665,9.021526e-01,1.000000e+00,1.000000e+00,10/54,17.26%,PRKACB;PSMD2;PSMD11;PSMB2;PSMD10;CSNK1A1;PSMD4;UBC;RBX1;PSMD13
prerank,Degradation Of GLI2 By Proteasome R-HSA-5610783,0.1932413971101287,0.7367887986440665,9.021526e-01,1.000000e+00,1.000000e+00,10/54,17.26%,PRKACB;PSMD2;PSMD11;PSMB2;PSMD10;CSNK1A1;PSMD4;UBC;RBX1;PSMD13
prerank,Vif-mediated Degradation Of APOBEC3G R-HSA-180585,-0.18858888863653103,-0.7361763770208121,9.288538e-01,1.000000e+00,1.000000e+00,15/50,24.91%,PSMF1;PSMD6;PSMB6;ELOB;PSME4;CUL5;UBB;PSME2;PSMB3;PSMA1;PSMD9;PSME1;PSMC2;PSMD7;PSMC3
prerank,Nuclear Events Mediated By NFE2L2 R-HSA-9759194,-0.17708912570499247,-0.7359141378174764,9.457831e-01,1.000000e+00,1.000000e+00,23/70,27.01%,ATF4;CREBBP;PSMF1;NOTCH1;PSMD6;PSMB6;TKT;UBB;MAFK;PSME2;PSMB3;PSMA1;NFE2L2;PSMD9;PSME1;TALDO1;PSMC2;HMOX1;PSMD7;PSMC3;GSR;SRXN1;PSMD3
prerank,Meiosis R-HSA-1500620,-0.1884810576032297,-0.7356962862964849,9.100000e-01,1.000000e+00,1.000000e+00,8/55,11.95%,H2AJ;TERF1;H2AX;H3-3B;PMEPA1;SUN1;H2AZ1;SMC3
prerank,PERK Regulates Gene Expression R-HSA-381042,0.21441111120512352,0.7352082225606804,8.931298e-01,1.000000e+00,1.000000e+00,12/30,29.14%,EIF2S1;PARN;EXOSC2;EXOSC3;EXOSC8;DIS3;EIF2AK3;KHSRP;EIF2S2;NFYC;EIF2S3;EXOSC5
prerank,"Plasma Lipoprotein Assembly, Remodeling, And Clearance R-HSA-174824",-0.21086676819591096,-0.734768744780894,8.839662e-01,1.000000e+00,1.000000e+00,7/33,14.26%,FURIN;NPC2;MYLIP;PRKCA;APOBR;UBB;P4HB
prerank,Lysosome Vesicle Biogenesis R-HSA-432720,-0.2200699537249804,-0.7283378106994107,8.539554e-01,1.000000e+00,1.000000e+00,11/26,30.25%,CLTB;AP1S1;AP4B1;CHMP2A;ARRB1;AP1G1;M6PR;TXNDC5;AP1S2;AP4M1;DNM2
prerank,DNA Replication R-HSA-69306,0.16152228642423422,0.7264473286139562,9.714286e-01,1.000000e+00,1.000000e+00,12/120,8.62%,KPNB1;H2BC15;PSMD2;PSMD11;RPA3;ANAPC10;MCM3;RFC5;PSMB2;RFC4;H2AC6;CDC26
prerank,Base Excision Repair R-HSA-73884,0.18653054881425737,0.7244585666205516,9.178082e-01,1.000000e+00,1.000000e+00,7/55,12.16%,H2BC15;RPA3;RFC5;RFC4;H2AC6;PARP1;PARG
prerank,Dectin-1 Mediated Noncanonical NF-kB Signaling R-HSA-5607761,-0.18234742942097532,-0.7242434211093809,9.405738e-01,1.000000e+00,1.000000e+00,15/56,24.91%,UBE2M;PSMF1;PSMD6;PSMB6;PSME4;UBB;PSME2;PSMB3;PSMA1;RELB;PSMD9;PSME1;PSMC2;PSMD7;PSMC3
prerank,Mitochondrial Translation Elongation R-HSA-5389840,0.17041847796575152,0.7237326232488355,9.584906e-01,1.000000e+00,1.000000e+00,23/81,27.91%,MRPS7;MRPS35;MRPL49;MRPL3;MRPS33;MRPL34;MRPL15;MRPS18C;MRPL41;MRPL20;MRPL18;OXA1L;MRPS34;MRPL17;MRPS18B;MRPS14;MRPL36;MRPL53;MRPL4;CHCHD1;MRPL51;MRPS30;MRPS16
prerank,Transcriptional Activity Of SMAD2/SMAD3:SMAD4 Heterotrimer R-HSA-2173793,0.19308243044312964,0.7210664414681193,9.017013e-01,1.000000e+00,1.000000e+00,15/43,27.76%,HDAC1;RNF111;E2F4;PARP1;UBC;YBX1;PPM1A;TFDP1;SMAD3;UBE2D3;CCNC;RNASEH2A;UBA52;STAT1;SMAD4
prerank,Disorders Of Transmembrane Transporters R-HSA-5619115,0.1621340374590663,0.7209451959581867,9.810964e-01,1.000000e+00,1.000000e+00,26/110,23.79%,NUP62;NUP50;PSMD2;SLC26A2;PSMD11;PSMB2;SLC12A6;VCP;NUP37;MAP4K2;PSMD10;NUP58;PSMD4;UBC;NUP188;PSMD13;NUP85;ERLEC1;RNF185;PSMA5;LMBRD1;NUP42;SLC29A3;PSME3;PSMB5;RNF5
prerank,Cholesterol Biosynthesis R-HSA-191273,0.2215866709981745,0.7191376149310764,8.735849e-01,1.000000e+00,1.000000e+00,6/24,22.17%,LBR;HMGCS1;FDPS;FDFT1;ARV1;GGPS1
prerank,FLT3 Signaling R-HSA-9607240,0.21270416214239626,0.7183551976788538,8.950276e-01,1.000000e+00,1.000000e+00,7/31,14.05%,GRAP2;CDKN1B;STAT5A;AKT3;LCK;PIK3CA;UBC
prerank,ER-Phagosome Pathway R-HSA-1236974,-0.17303492754402106,-0.7173774548936559,9.637527e-01,1.000000e+00,1.000000e+00,22/73,25.35%,CALR;SEC61G;PSMF1;PSMD6;PSMB6;PSME4;SEC61B;IKBKB;UBB;TAPBP;PSME2;PSMB3;PSMA1;PDIA3;PSMD9;PSME1;PSMC2;VAMP3;PSMD7;PSMC3;HLA-F;HLA-B
prerank,Aberrant Regulation Of Mitotic Exit In Cancer Due To RB1 Defects R-HSA-9687136,-0.23426251585869262,-0.7165195703369032,8.650794e-01,1.000000e+00,1.000000e+00,3/19,11.56%,ANAPC15;ANAPC11;UBE2S
prerank,APC/C-mediated Degradation Of Cell Cycle Proteins R-HSA-174143,-0.17254660191695428,-0.7158108599416867,9.595960e-01,1.000000e+00,1.000000e+00,13/72,16.21%,ANAPC15;FBXO5;ANAPC11;PSMF1;PSMD6;PSMB6;PSME4;UBE2S;CDC14A;UBB;PSME2;PSMB3;PSMA1
prerank,Regulation Of Activated PAK-2p34 By Proteasome Mediated Degradation R-HSA-211733,-0.18678974866223746,-0.7152318136209698,9.407115e-01,1.000000e+00,1.000000e+00,14/46,24.91%,PSMF1;PKN2;PSMD6;PSMB6;PSME4;UBB;PSME2;PSMB3;PSMA1;PSMD9;PSME1;PSMC2;PSMD7;PSMC3
prerank,APC-Cdc20 Mediated Degradation Of Nek2A R-HSA-179409,-0.23045053395473758,-0.7119451906722509,8.536082e-01,1.000000e+00,1.000000e+00,4/20,12.26%,ANAPC15;ANAPC11;UBE2S;UBB
prerank,RNA Polymerase III Transcription Initiation From Type 2 Promoter R-HSA-76066,-0.21861894136484877,-0.7110518869075372,8.869565e-01,1.000000e+00,1.000000e+00,7/25,19.47%,CRCP;POLR3F;POLR3C;POLR2E;GTF3C4;GTF3C5;POLR3H
prerank,RND1 GTPase Cycle R-HSA-9696273,0.23113089539072182,0.7101877055023753,8.538462e-01,1.000000e+00,1.000000e+00,6/21,24.58%,ANKRD26;STIP1;RBMX;PIK3R2;LEMD3;RRAS2
prerank,RNA Polymerase III Transcription Initiation From Type 3 Promoter R-HSA-76071,-0.2150751596061902,-0.7100632418128182,8.806941e-01,1.000000e+00,1.000000e+00,8/26,20.32%,CRCP;POLR3F;POLR3C;POLR2E;POU2F1;BRF2;POLR3H;SNAPC5
prerank,SUMOylation Of RNA Binding Proteins R-HSA-4570464,-0.19250174007877974,-0.7094561465758197,9.282787e-01,1.000000e+00,1.000000e+00,7/42,13.34%,CBX4;NUP54;PHC2;NUP133;SEH1L;SEC13;SUMO1
prerank,Aberrant Regulation Of Mitotic Cell Cycle Due To RB1 Defects R-HSA-9687139,0.21137422839735417,0.7085079286184577,9.096267e-01,1.000000e+00,1.000000e+00,9/28,25.89%,ANAPC10;CDKN1B;CDC26;RB1;CDC16;TFDP1;CCND3;UBE2E1;CCND2
prerank,Hh Mutants Are Degraded By ERAD R-HSA-5362768,0.1898003350326846,0.7079284511816869,9.282787e-01,1.000000e+00,1.000000e+00,13/51,23.73%,PSMD2;PSMD11;PSMB2;VCP;SYVN1;PSMD10;PSMD4;UBC;PSMD13;ERLEC1;PSMA5;PSME3;PSMB5
prerank,Hh Mutants Abrogate Ligand Secretion R-HSA-5387390,0.1898003350326846,0.7079284511816869,9.282787e-01,1.000000e+00,1.000000e+00,13/51,23.73%,PSMD2;PSMD11;PSMB2;VCP;SYVN1;PSMD10;PSMD4;UBC;PSMD13;ERLEC1;PSMA5;PSME3;PSMB5
prerank,Synthesis Of PIPs At Plasma Membrane R-HSA-1660499,-0.1903873491747156,-0.7070372169370085,9.258475e-01,1.000000e+00,1.000000e+00,13/41,24.28%,INPP5K;RAB14;PIP4K2A;PIK3R1;PI4K2A;PIK3C2B;MTMR1;RAB4A;SYNJ1;PIP4K2C;MTMR3;PIK3CB;INPP4B
prerank,Activation Of Pre-Replicative Complex R-HSA-68962,0.2252105846209027,0.7028949226944587,8.958743e-01,1.000000e+00,1.000000e+00,2/23,4.86%,RPA3;MCM3
prerank,APC/C:Cdc20 Mediated Degradation Of Securin R-HSA-174154,-0.17308691575746454,-0.6993089312899419,9.603340e-01,1.000000e+00,1.000000e+00,18/62,24.91%,ANAPC15;ANAPC11;PSMF1;PSMD6;PSMB6;PSME4;UBE2S;UBB;PSME2;PSMB3;PSMA1;PSMD9;PSME1;PSMC2;PSMD7;PTTG1;UBE2D1;PSMC3
prerank,Assembly Of Pre-Replicative Complex R-HSA-68867,-0.1634655354162011,-0.6980712773815736,9.745763e-01,1.000000e+00,1.000000e+00,20/91,20.21%,H2AJ;ANAPC15;H2AX;ANAPC11;PSMF1;PSMD6;H3-3B;PSMB6;ORC4;H2AZ1;UBE2S;UBB;GMNN;PSME2;PSMB3;PSMA1;KPNA1;PSMD9;MCM4;PSME1
prerank,ER Quality Control Compartment (ERQC) R-HSA-901032,-0.2271561238807986,-0.6976623374371468,8.961303e-01,1.000000e+00,1.000000e+00,4/19,15.23%,MARCHF6;UBB;SEL1L;RNF103
prerank,TRAF6 Mediated NF-kB Activation R-HSA-933542,-0.22332074820946868,-0.6962887866008401,8.982301e-01,1.000000e+00,1.000000e+00,4/20,13.43%,NFKBIB;NFKB1;IKBKB;TRIM25
prerank,SLC Transporter Disorders R-HSA-5619102,0.17689119692614722,0.692920625353059,9.553398e-01,1.000000e+00,1.000000e+00,11/52,21.46%,NUP62;NUP50;SLC26A2;SLC12A6;NUP37;MAP4K2;NUP58;NUP188;NUP85;NUP42;SLC29A3
prerank,Regulation Of APC/C Activators Between G1/S And Early Anaphase R-HSA-176408,-0.1689083797126919,-0.689862781960486,9.645833e-01,1.000000e+00,1.000000e+00,12/68,16.21%,ANAPC15;FBXO5;ANAPC11;PSMF1;PSMD6;PSMB6;PSME4;UBE2S;UBB;PSME2;PSMB3;PSMA1
prerank,Antigen processing-Cross Presentation R-HSA-1236975,0.1648841886872642,0.6892905651683937,9.794007e-01,1.000000e+00,1.000000e+00,6/77,5.44%,S100A8;S100A9;LNPEP;PSMD2;PSMD11;PSMB2
prerank,Pyruvate Metabolism R-HSA-70268,0.21927962899362163,0.6882305356204711,8.942486e-01,1.000000e+00,1.000000e+00,5/21,23.40%,GLO1;SLC16A3;PDK2;PDK3;PDPR
prerank,Pyruvate Metabolism And Citric Acid (TCA) Cycle R-HSA-71406,-0.1873692525690203,-0.6879382645528377,9.412998e-01,1.000000e+00,1.000000e+00,15/41,30.88%,CS;SDHB;LDHA;DLST;SDHA;IDH2;SLC16A1;IDH3G;VDAC1;PDP2;IDH3B;SDHD;SUCLG1;MPC1;LDLR
prerank,p53-Dependent G1 DNA Damage Response R-HSA-69563,0.17938203127370633,0.687169872072519,9.675573e-01,1.000000e+00,1.000000e+00,14/55,23.73%,PSMD2;PSMD11;CDKN1B;PSMB2;CDKN2A;PSMD10;PSMD4;UBC;PSMD13;ATM;PSMA5;TP53;PSME3;PSMB5
prerank,G1/S DNA Damage Checkpoints R-HSA-69615,0.17790212317449045,0.6858563444923985,9.638095e-01,1.000000e+00,1.000000e+00,14/56,23.73%,PSMD2;PSMD11;CDKN1B;PSMB2;CDKN2A;PSMD10;PSMD4;UBC;PSMD13;ATM;PSMA5;TP53;PSME3;PSMB5
prerank,Inactivation Of APC/C Via Direct Inhibition Of APC/C Complex R-HSA-141430,-0.22968634435874677,-0.6855112150113318,8.647541e-01,1.000000e+00,1.000000e+00,3/17,11.56%,ANAPC15;ANAPC11;UBE2S
prerank,"TICAM1, RIP1-mediated IKK Complex Recruitment R-HSA-168927",-0.22596990617776713,-0.6824746450000155,8.879837e-01,1.000000e+00,1.000000e+00,5/18,16.36%,BIRC2;IKBKB;UBB;RIPK3;BIRC3
prerank,RNA Polymerase III Transcription Initiation From Type 1 Promoter R-HSA-76061,-0.20661686067821006,-0.6795873235608202,9.137931e-01,1.000000e+00,1.000000e+00,7/26,19.47%,CRCP;POLR3F;POLR3C;POLR2E;GTF3C4;GTF3C5;POLR3H
prerank,DNA Replication Pre-Initiation R-HSA-69002,0.15438201156346587,0.6783024987739306,9.905482e-01,1.000000e+00,1.000000e+00,10/104,8.62%,KPNB1;H2BC15;PSMD2;PSMD11;RPA3;ANAPC10;MCM3;PSMB2;H2AC6;CDC26
prerank,Interleukin-7 Signaling R-HSA-1266695,0.22953704592155455,0.6752110384666802,8.992395e-01,1.000000e+00,1.000000e+00,5/18,21.43%,STAT3;STAT5A;IL7R;PIK3R2;PIK3R3
prerank,Reproduction R-HSA-1474165,-0.17255598109335538,-0.6750764473393384,9.646570e-01,1.000000e+00,1.000000e+00,9/59,14.02%,H2AJ;TERF1;H2AX;H3-3B;PMEPA1;SUN1;H2AZ1;SMC3;HVCN1
prerank,"FOXO-mediated Transcription Of Oxidative Stress, Metabolic And Neuronal Genes R-HSA-9615017",0.23058474694770645,0.6740740692455212,8.757282e-01,1.000000e+00,1.000000e+00,3/17,17.97%,HDAC1;MAP4K2;SMAD3
prerank,SCF-beta-TrCP Mediated Degradation Of Emi1 R-HSA-174113,-0.174440783770885,-0.672701526980594,9.840000e-01,1.000000e+00,1.000000e+00,14/50,24.91%,FBXO5;PSMF1;PSMD6;PSMB6;PSME4;UBB;PSME2;PSMB3;PSMA1;PSMD9;PSME1;PSMC2;PSMD7;PSMC3
prerank,Activated NOTCH1 Transmits Signal To Nucleus R-HSA-2122948,-0.21942697931078448,-0.6713178965805747,9.018036e-01,1.000000e+00,1.000000e+00,5/19,17.30%,NOTCH1;MIB2;APH1A;UBB;ARRB1
prerank,rRNA Modification In Nucleus And Cytosol R-HSA-6790901,-0.17302549330612116,-0.668454491201137,9.725738e-01,1.000000e+00,1.000000e+00,19/54,31.06%,DDX52;KRR1;UTP3;PDCD11;WDR36;PNO1;BUD23;UTP11;TRMT112;SNU13;UTP18;WDR43;NOC4L;NOL6;NOP58;UTP15;RRP36;FCF1;UTP4
prerank,Synthesis Of DNA R-HSA-69239,0.1551796197765275,0.6684406758452984,9.885714e-01,1.000000e+00,1.000000e+00,15/98,17.27%,PSMD2;PSMD11;RPA3;ANAPC10;MCM3;RFC5;PSMB2;RFC4;CDC26;PSMD10;PSMD4;UBC;RBX1;PSMD13;CDC16
prerank,Polymerase Switching On C-strand Of Telomere R-HSA-174411,0.21187625150041325,0.6677472813400566,9.254032e-01,1.000000e+00,1.000000e+00,10/22,36.02%,RFC5;RFC4;TERF2IP;POLA2;POLD3;STN1;CTC1;TINF2;ACD;CHTF18
prerank,NOD1/2 Signaling Pathway R-HSA-168638,-0.1976445249803682,-0.6668407564551861,9.142259e-01,1.000000e+00,1.000000e+00,6/28,16.36%,BIRC2;IKBKB;CASP4;IRAK1;RIPK2;BIRC3
prerank,Defective CFTR Causes Cystic Fibrosis R-HSA-5678895,0.17597213723341396,0.6663784545796695,9.688716e-01,1.000000e+00,1.000000e+00,14/54,23.79%,PSMD2;PSMD11;PSMB2;VCP;PSMD10;PSMD4;UBC;PSMD13;ERLEC1;RNF185;PSMA5;PSME3;PSMB5;RNF5
prerank,RNA Polymerase III Transcription Initiation R-HSA-76046,0.1936746966778826,0.6659496596318352,9.482440e-01,1.000000e+00,1.000000e+00,13/34,30.39%,ZNF143;TBP;GTF3C2;BDP1;POLR1D;SNAPC3;POLR3A;GTF3C6;POLR3K;GTF3C1;GTF3C3;POLR3E;GTF3A
prerank,Resolution Of D-loop Structures Thru Synthesis-Dependent Strand Annealing (SDSA) R-HSA-5693554,-0.22750772396513852,-0.6631199313985745,9.065606e-01,1.000000e+00,1.000000e+00,1/15,1.53%,RTEL1
prerank,Stabilization Of P53 R-HSA-69541,0.17489940268015655,0.6623205358417568,9.613153e-01,1.000000e+00,1.000000e+00,13/52,23.73%,PSMD2;PSMD11;PSMB2;CDKN2A;PSMD10;PSMD4;UBC;PSMD13;ATM;PSMA5;TP53;PSME3;PSMB5
prerank,Removal Of Flap Intermediate From C-strand R-HSA-174437,-0.22968720039019663,-0.6593094156553142,9.004149e-01,1.000000e+00,1.000000e+00,1/16,1.55%,TERF1
prerank,CDK-mediated Phosphorylation And Removal Of Cdc6 R-HSA-69017,-0.16217746850582493,-0.6577479975010128,9.812890e-01,1.000000e+00,1.000000e+00,11/63,16.21%,ANAPC15;ANAPC11;PSMF1;PSMD6;PSMB6;PSME4;UBE2S;UBB;PSME2;PSMB3;PSMA1
prerank,APC/C:Cdh1 Mediated Degradation Of Cdc20 And APC/C:Cdh1 Targets In Late Mitosis/Early G1 R-HSA-174178,-0.1618755182346029,-0.6570587814235637,9.897541e-01,1.000000e+00,1.000000e+00,18/65,24.91%,ANAPC15;ANAPC11;PSMF1;PSMD6;PSMB6;PSME4;UBE2S;UBB;PSME2;PSMB3;PSMA1;PSMD9;PSME1;PSMC2;PSMD7;PTTG1;UBE2D1;PSMC3
prerank,Switching Of Origins To A Post-Replicative State R-HSA-69052,-0.15796804379841745,-0.6564033761539734,9.868996e-01,1.000000e+00,1.000000e+00,16/77,20.21%,ANAPC15;ANAPC11;PSMF1;PSMD6;PSMB6;ORC4;PSME4;UBE2S;UBB;GMNN;PSME2;PSMB3;PSMA1;PSMD9;MCM4;PSME1
prerank,Autodegradation Of E3 Ubiquitin Ligase COP1 R-HSA-349425,0.17496306166185277,0.6557518129046558,9.638783e-01,1.000000e+00,1.000000e+00,12/48,23.73%,PSMD2;PSMD11;PSMB2;PSMD10;PSMD4;UBC;PSMD13;ATM;PSMA5;TP53;PSME3;PSMB5
prerank,Hedgehog Ligand Biogenesis R-HSA-5358346,0.1745541636611265,0.6555857472801162,9.732510e-01,1.000000e+00,1.000000e+00,13/53,23.73%,PSMD2;PSMD11;PSMB2;VCP;SYVN1;PSMD10;PSMD4;UBC;PSMD13;ERLEC1;PSMA5;PSME3;PSMB5
prerank,Diseases Of Metabolism R-HSA-5668914,-0.14596717720085103,-0.6555841753635548,9.979381e-01,1.000000e+00,1.000000e+00,28/111,24.19%,CHSY1;GALNT3;NOTCH1;LFNG;POMT1;B3GALT6;ADAMTS10;EXT1;IDS;UBB;ABCA3;DPM1;ALG12;TPMT;B3GAT3;ADAMTS1;ALG9;NUS1;NAGLU;B4GALT7;CYP2U1;TALDO1;PCCA;ADA;B4GALT1;HPRT1;RFT1;MTRR
prerank,Regulation Of Apoptosis R-HSA-169911,-0.16846977320360612,-0.6544427665065917,9.743590e-01,1.000000e+00,1.000000e+00,14/49,24.91%,PSMF1;PKN2;PSMD6;PSMB6;PSME4;UBB;PSME2;PSMB3;PSMA1;PSMD9;PSME1;PSMC2;PSMD7;PSMC3
prerank,Mitochondrial Calcium Ion Transport R-HSA-8949215,0.21580789703332842,0.6541596608377485,9.461078e-01,1.000000e+00,1.000000e+00,6/20,25.11%,PHB2;YME1L1;MICU1;SMDT1;AFG3L2;MICU2
prerank,ABC Transporter Disorders R-HSA-5619084,0.1702192072234313,0.6537880910676577,9.771863e-01,9.983087e-01,1.000000e+00,15/58,23.79%,PSMD2;PSMD11;PSMB2;VCP;PSMD10;PSMD4;UBC;PSMD13;ERLEC1;RNF185;PSMA5;LMBRD1;PSME3;PSMB5;RNF5
prerank,Constitutive Signaling By Aberrant PI3K In Cancer R-HSA-2219530,0.1964025910086905,0.6518023903713354,9.444444e-01,9.970518e-01,1.000000e+00,8/28,21.43%,STRN;ERBB2;LCK;PIK3CA;PIK3AP1;PIK3R2;PTPN11;PIK3R3
prerank,Attenuation Phase R-HSA-3371568,0.2148917309649664,0.6512658833689927,9.273084e-01,9.949575e-01,1.000000e+00,5/20,17.28%,HSPH1;PTGES3;FKBP4;HSPA8;MRPL18
prerank,Glyoxylate Metabolism And Glycine Degradation R-HSA-389661,0.22243753606737682,0.6498801738117923,9.227799e-01,9.934040e-01,1.000000e+00,3/17,19.71%,DBT;DHTKD1;BCKDHB
prerank,APC/C:Cdc20 Mediated Degradation Of Mitotic Proteins R-HSA-176409,-0.1602625393419912,-0.6493076771881662,9.915789e-01,1.000000e+00,1.000000e+00,18/63,24.91%,ANAPC15;ANAPC11;PSMF1;PSMD6;PSMB6;PSME4;UBE2S;UBB;PSME2;PSMB3;PSMA1;PSMD9;PSME1;PSMC2;PSMD7;PTTG1;UBE2D1;PSMC3
prerank,Activation Of APC/C And APC/C:Cdc20 Mediated Degradation Of Mitotic Proteins R-HSA-176814,-0.1602625393419912,-0.6493076771881662,9.915789e-01,1.000000e+00,1.000000e+00,18/63,24.91%,ANAPC15;ANAPC11;PSMF1;PSMD6;PSMB6;PSME4;UBE2S;UBB;PSME2;PSMB3;PSMA1;PSMD9;PSME1;PSMC2;PSMD7;PTTG1;UBE2D1;PSMC3
prerank,Plasma Lipoprotein Clearance R-HSA-8964043,-0.20760814451863316,-0.640710685041293,9.475891e-01,1.000000e+00,1.000000e+00,8/21,26.18%,NPC2;MYLIP;APOBR;UBB;AP2A1;AP2A2;NR1H3;AP2M1
prerank,"Transport Of Bile Salts And Organic Acids, Metal Ions And Amine Compounds R-HSA-425366",-0.18336005675447037,-0.6391762258856931,9.566116e-01,1.000000e+00,1.000000e+00,1/30,0.51%,SLC22A5
prerank,Nuclear Receptor Transcription Pathway R-HSA-383280,0.1954146741648396,0.6375663441237072,9.678068e-01,9.970650e-01,1.000000e+00,7/26,25.76%,RORA;PPARA;RXRB;NR1H2;NR2C2AP;RARA;NR2C2
prerank,SUMOylation Of SUMOylation Proteins R-HSA-4085377,-0.18196644303730902,-0.6344545212131285,9.739696e-01,1.000000e+00,1.000000e+00,6/34,13.34%,NUP54;NUP133;SEH1L;TOPORS;SEC13;SUMO1
prerank,SUMOylation Of DNA Replication Proteins R-HSA-4615885,0.17164953752945433,0.6305625220722044,9.774859e-01,9.979344e-01,1.000000e+00,6/39,17.33%,NUP62;NUP50;NUP37;NUP58;NUP188;NUP85
prerank,FBXL7 Down-Regulates AURKA During Mitotic Entry And In Early Mitosis R-HSA-8854050,-0.16162040899592783,-0.6231937397719405,9.815951e-01,1.000000e+00,1.000000e+00,14/49,24.91%,PSMF1;PSMD6;FBXL18;PSMB6;PSME4;UBB;PSME2;PSMB3;PSMA1;PSMD9;PSME1;PSMC2;PSMD7;PSMC3
prerank,Metabolism Of Polyamines R-HSA-351202,-0.16139993766386887,-0.6204981013966189,9.860000e-01,1.000000e+00,1.000000e+00,15/49,27.01%,PSMF1;PSMD6;PSMB6;PSME4;AZIN1;PSME2;PSMB3;PSMA1;PSMD9;PSME1;PSMC2;PSMD7;PSMC3;PAOX;PSMD3
prerank,Regulation Of Ornithine Decarboxylase (ODC) R-HSA-350562,-0.1632341308298197,-0.6192039963054199,9.755601e-01,1.000000e+00,1.000000e+00,13/46,24.91%,PSMF1;PSMD6;PSMB6;PSME4;AZIN1;PSME2;PSMB3;PSMA1;PSMD9;PSME1;PSMC2;PSMD7;PSMC3
prerank,Formation Of ATP By Chemiosmotic Coupling R-HSA-163210,-0.20789230256711264,-0.616175433301124,9.216495e-01,1.000000e+00,1.000000e+00,3/16,15.35%,ATP5MC1;ATP5ME;DMAC2L
prerank,Metabolism Of Water-Soluble Vitamins And Cofactors R-HSA-196849,-0.14916998577015855,-0.6151051474602273,9.957447e-01,1.000000e+00,1.000000e+00,9/70,13.19%,NADSYN1;SLC25A32;FASN;SLC2A1;FPGS;PARP6;RFK;PANK2;CD38
prerank,Degradation Of DVL R-HSA-4641258,-0.15880183239043075,-0.613551499455301,9.979210e-01,1.000000e+00,1.000000e+00,14/50,24.91%,CUL3;PSMF1;PSMD6;PSMB6;PSME4;UBB;PSME2;PSMB3;PSMA1;PSMD9;PSME1;PSMC2;PSMD7;PSMC3
prerank,Cdc20:Phospho-APC/C Mediated Degradation Of Cyclin A R-HSA-174184,0.15553264525995492,0.6131553005294539,9.922330e-01,1.000000e+00,1.000000e+00,11/62,17.27%,PSMD2;PSMD11;ANAPC10;PSMB2;BUB3;CDC26;PSMD10;PSMD4;UBC;PSMD13;CDC16
prerank,APC:Cdc20 Mediated Degradation Of Cell Cycle Proteins Before Cycle Checkpoint Satisfied R-HSA-179419,0.15553264525995492,0.6131553005294539,9.922330e-01,1.000000e+00,1.000000e+00,11/62,17.27%,PSMD2;PSMD11;ANAPC10;PSMB2;BUB3;CDC26;PSMD10;PSMD4;UBC;PSMD13;CDC16
prerank,Mitochondrial Fatty Acid Beta-Oxidation R-HSA-77289,0.18474745063196285,0.6098975643220572,9.634369e-01,9.989841e-01,1.000000e+00,6/27,21.16%,HADHA;HADH;ACADM;MCAT;MMUT;ACAA2
prerank,Degradation Of AXIN R-HSA-4641257,0.1625909305867423,0.6092142614265229,9.842209e-01,9.969105e-01,1.000000e+00,7/50,14.05%,RNF146;PSMD2;PSMD11;PSMB2;PSMD10;PSMD4;UBC
prerank,Ubiquitin Mediated Degradation Of Phosphorylated Cdc25A R-HSA-69601,-0.15801602701981338,-0.6037708101614411,9.899800e-01,1.000000e+00,1.000000e+00,13/46,24.91%,PSMF1;PSMD6;PSMB6;PSME4;UBB;PSME2;PSMB3;PSMA1;PSMD9;PSME1;PSMC2;PSMD7;PSMC3
prerank,Peroxisomal Lipid Metabolism R-HSA-390918,0.2001001704574359,0.6015056521230359,9.671180e-01,9.971903e-01,1.000000e+00,3/20,13.64%,ACBD5;CROT;PHYH
prerank,Antigen Activates B Cell Receptor Leading To Second Messenger Generation R-HSA-983695,0.18771713428546324,0.6002397820873714,9.613260e-01,9.952653e-01,1.000000e+00,3/22,10.84%,STIM1;NCK1;AHCYL1
prerank,Cross-presentation Of Soluble Exogenous Antigens (Endosomes) R-HSA-1236978,-0.1615735519074961,-0.6001611559734752,9.918534e-01,1.000000e+00,1.000000e+00,12/42,24.91%,PSMF1;PSMD6;PSMB6;PSME4;PSME2;PSMB3;PSMA1;PSMD9;PSME1;PSMC2;PSMD7;PSMC3
prerank,Sphingolipid De Novo Biosynthesis R-HSA-1660661,-0.17516054643689147,-0.5976004248791952,9.751131e-01,1.000000e+00,1.000000e+00,1/28,0.13%,CSNK1G2
prerank,Asymmetric Localization Of PCP Proteins R-HSA-4608870,-0.15129404722226727,-0.5943388999472455,9.917184e-01,1.000000e+00,1.000000e+00,14/50,24.91%,PSMF1;PSMD6;PSMB6;PSME4;UBB;PSME2;PSMB3;SMURF1;PSMA1;PSMD9;PSME1;PSMC2;PSMD7;PSMC3
prerank,Autodegradation Of Cdh1 By Cdh1:APC/C R-HSA-174084,-0.1474202635768078,-0.5910986486178392,1.000000e+00,1.000000e+00,1.000000e+00,16/61,24.91%,ANAPC15;ANAPC11;PSMF1;PSMD6;PSMB6;UBE2S;UBB;PSME2;PSMB3;PSMA1;PSMD9;PSME1;PSMC2;PSMD7;UBE2D1;PSMC3
prerank,Metalloprotease DUBs R-HSA-5689901,0.1779668139710468,0.5864691391983624,9.801980e-01,9.968848e-01,1.000000e+00,5/27,18.10%,STAMBP;H2AC6;H2AC11;UBC;H2AC4
prerank,Processive Synthesis On C-strand Of Telomere R-HSA-174414,-0.19463667244444116,-0.5829510435974162,9.623431e-01,1.000000e+00,1.000000e+00,1/18,1.55%,TERF1
prerank,SCF(Skp2)-mediated Degradation Of P27/P21 R-HSA-187577,0.15475788336483048,0.5795920116596215,9.882583e-01,9.963122e-01,1.000000e+00,7/51,14.05%,PSMD2;PSMD11;CDKN1B;PSMB2;PSMD10;PSMD4;UBC
prerank,Ubiquitin-dependent Degradation Of Cyclin D R-HSA-75815,-0.15158438270570518,-0.5777638701671101,9.959100e-01,1.000000e+00,1.000000e+00,13/47,24.91%,PSMF1;PSMD6;PSMB6;PSME4;UBB;PSME2;PSMB3;PSMA1;PSMD9;PSME1;PSMC2;PSMD7;PSMC3
prerank,Vpu Mediated Degradation Of CD4 R-HSA-180534,-0.14984655927231122,-0.572563439610817,9.959677e-01,1.000000e+00,1.000000e+00,13/47,24.91%,PSMF1;PSMD6;PSMB6;PSME4;UBB;PSME2;PSMB3;PSMA1;PSMD9;PSME1;PSMC2;PSMD7;PSMC3
prerank,"Glutamate Binding, Activation Of AMPA Receptors And Synaptic Plasticity R-HSA-399721",0.19733981375851264,0.5625082947348718,9.722222e-01,9.976587e-01,1.000000e+00,4/16,20.64%,MYO6;PICK1;DLG1;AP2B1
prerank,PI3K Cascade R-HSA-109704,0.18948020955124642,0.5618452936271617,9.767442e-01,9.955249e-01,1.000000e+00,8/18,31.11%,PIK3CA;PDE3B;PIK3R4;PIK3R2;PTPN11;THEM4;FLT3LG;PIK3C3
prerank,HDMs Demethylate Histones R-HSA-3214842,-0.17727790675283167,-0.5581582525340444,9.853249e-01,1.000000e+00,1.000000e+00,1/21,0.56%,JMJD6
prerank,SUMOylation Of Intracellular Receptors R-HSA-4090294,-0.18762960341591076,-0.5580364939409739,9.744094e-01,1.000000e+00,1.000000e+00,6/18,25.34%,SUMO1;AREG;PIAS1;NR4A2;UBE2I;NR1H3
prerank,GSK3B And BTRC:CUL1-mediated-degradation Of NFE2L2 R-HSA-9762114,0.1490185156119021,0.5564842329206614,9.959514e-01,9.942718e-01,1.000000e+00,11/50,23.73%,PSMD2;PSMD11;PSMB2;PSMD10;PSMD4;UBC;RBX1;PSMD13;PSMA5;PSME3;PSMB5
prerank,Sulfur Amino Acid Metabolism R-HSA-1614635,-0.19199282872756374,-0.5464787659427212,9.708333e-01,1.000000e+00,1.000000e+00,1/15,2.86%,MPST
prerank,Orc1 Removal From Chromatin R-HSA-68949,0.13950044954226365,0.5421952261371786,9.940828e-01,9.941765e-01,1.000000e+00,9/59,17.26%,PSMD2;PSMD11;MCM3;PSMB2;PSMD10;PSMD4;UBC;RBX1;PSMD13
prerank,Peptide Hormone Metabolism R-HSA-2980736,-0.15299633502345789,-0.5348225717060839,9.959350e-01,9.994602e-01,1.000000e+00,2/34,6.46%,GNB1;CTSD
prerank,Resolution Of D-Loop Structures R-HSA-5693537,-0.16996373728673858,-0.5262626701322332,9.849138e-01,9.983306e-01,1.000000e+00,1/20,1.53%,RTEL1
prerank,Synthesis Of Glycosylphosphatidylinositol (GPI) R-HSA-162710,-0.18526040078152323,-0.5242878099468044,9.837067e-01,9.963321e-01,1.000000e+00,1/15,3.70%,PIGH
prerank,SARS-CoV-2 Modulates Host Translation Machinery R-HSA-9754678,0.16728855721393038,0.47781057872613114,9.921105e-01,9.977838e-01,1.000000e+00,15/15,83.30%,SNRPE;SNRPD3;SNRPD2;SNRPG;GEMIN5;GEMIN6;GEMIN7;GEMIN8;FAU;GEMIN2;SNRPB;DDX20;SMN1;SNRPF;GEMIN4
prerank,"Transport Of Vitamins, Nucleosides, And Related Molecules R-HSA-425397",-0.14497766422716263,-0.4572217841242855,1.000000e+00,9.986651e-01,1.000000e+00,8/21,33.10%,SLC35D2;SLC25A5;SLC27A1;SLC5A6;SLCO3A1;SLC35D1;SLC33A1;ARL2BP
