Name,Term,ES,NES,NOM p-val,FDR q-val,FWER p-val,Tag %,Gene %,Lead_genes
prerank,Positive Regulation Of Telomere Maintenance Via Telomerase (GO:0032212),0.6018130782829532,2.047804164881834,1.000000e-03,8.251535e-02,7.300000e-02,16/28,18.28%,XRCC5;TNIP1;PRKCQ;TCP1;NEK7;CCT3;PARN;CCT6A;MAP3K4;CCT4;CCT8;CCT2;FBXO4;CCT7;CTNNB1;ATM
prerank,Regulation Of Vasculature Development (GO:1901342),0.6918259028409411,2.035599253487748,1.000000e-03,4.853844e-02,8.600000e-02,9/16,17.87%,ETS1;PIK3CG;PDCD10;KRIT1;EGLN1;ERBB2;HTATIP2;SP100;CTNNB1
prerank,Regulation Of Lymphocyte Differentiation (GO:0045619),0.7240978845295052,2.024660389674824,1.000000e-03,4.141947e-02,1.070000e-01,7/15,7.26%,NCKAP1L;ZFP36L1;PRKDC;IKZF3;XRCC6;TBX21;ZNF683
prerank,Positive Regulation Of Telomere Maintenance Via Telomere Lengthening (GO:1904358),0.5709119447764499,1.9978929796644371,1.000000e-03,4.392729e-02,1.420000e-01,18/31,18.28%,XRCC5;TNIP1;PRKCQ;TCP1;NEK7;HNRNPA2B1;CCT3;PARN;CCT6A;DHX36;MAP3K4;CCT4;CCT8;CCT2;FBXO4;CCT7;CTNNB1;ATM
prerank,Regulation Of Peptidyl-Threonine Phosphorylation (GO:0010799),-0.6507571074242354,-1.9733620808369534,2.212389e-03,3.578283e-01,2.700000e-01,10/19,15.53%,INPP5K;DGKQ;SPRY2;CALM3;TGFB1;AXIN1;DMTN;PRKAG2;CALM1;RIPK2
prerank,Positive Regulation Of DNA Biosynthetic Process (GO:2000573),0.5178771242975003,1.9453158803080786,1.000000e-03,7.222520e-02,2.760000e-01,21/47,18.28%,XRCC5;TNIP1;PRKCQ;TCP1;PTGES3;NEK7;CCT3;RFC5;PARN;RFC4;CCT6A;MAP3K4;WRAP53;CCT4;CCT8;CCT2;FBXO4;CCT7;PRKD2;CTNNB1;ATM
prerank,Establishment Of Protein Localization To Extracellular Region (GO:0035592),0.5962707930402356,1.9182916207653025,2.016129e-03,8.575124e-02,3.680000e-01,8/24,13.03%,GOLPH3;MIA3;PREB;PRF1;TVP23B;GSDMD;TMEM167A;RAB8B
prerank,"Regulation Of Nuclear-Transcribed mRNA Catabolic Process, Deadenylation-Dependent Decay (GO:1900151)",0.6292949057793792,1.8961487441608715,1.000000e-03,9.596743e-02,4.520000e-01,9/19,14.52%,CNOT7;ZFP36L1;HNRNPD;CSDE1;TOB1;DHX36;SYNCRIP;PABPC1;YBX1
prerank,Positive Regulation Of Erythrocyte Differentiation (GO:0045648),0.6157229127637448,1.8417537840145712,1.893939e-03,1.617544e-01,6.630000e-01,8/19,8.42%,MAPK14;ETS1;STAT3;NCKAP1L;PRKDC;FAM210B;HIF1A;ARNT
prerank,Receptor Signaling Pathway Via STAT (GO:0097696),0.6002172791813879,1.8360222421230128,1.904762e-03,1.539208e-01,6.930000e-01,9/20,12.87%,STAT3;STAT4;IFNG;CTR9;STAMBP;STAT5A;IFNAR1;IFNAR2;STAT6
prerank,Positive Regulation Of Telomerase Activity (GO:0051973),0.5537007246270386,1.8221064177057846,1.000000e-03,1.608564e-01,7.460000e-01,11/25,14.29%,XRCC5;TNIP1;PRKCQ;TCP1;PTGES3;NEK7;PARN;MAP3K4;WRAP53;CCT4;CCT2
prerank,Regulation Of Cardiac Muscle Contraction (GO:0055117),-0.6154136771991848,-1.8144307432301963,2.150538e-03,1.000000e+00,7.960000e-01,8/16,14.93%,RGS2;PDE4D;ZC3H12A;CALM3;PRKACA;P2RX4;SLC9A1;CALM1
prerank,Positive Regulation Of Establishment Of Protein Localization (GO:1904951),0.6480441206531059,1.812487903685495,1.972387e-03,1.618536e-01,7.830000e-01,8/15,15.20%,TCP1;CEP120;CCT3;CCT6A;WRAP53;CCT4;CCT8;CCT7
prerank,Receptor Signaling Pathway Via JAK-STAT (GO:0007259),0.5774949261272483,1.8055799024510677,1.000000e-03,1.599342e-01,8.060000e-01,9/22,12.87%,STAT3;STAT4;IFNG;CTR9;STAMBP;STAT5A;IFNAR1;IFNAR2;STAT6
prerank,Positive Regulation Of Transcription By RNA Polymerase III (GO:0045945),0.6212546451315348,1.7943619162454605,9.398496e-03,1.659268e-01,8.410000e-01,9/15,21.52%,SMARCA5;ZNF143;BAZ1B;ZC3H8;DEK;ICE2;MTOR;DDX21;ICE1
prerank,Regulation Of Organelle Organization (GO:0033043),0.42963503009918813,1.7869653178809422,1.000000e-03,1.679430e-01,8.610000e-01,20/78,11.69%,UCHL5;GOLPH3;S100A8;S100A9;SLC30A9;PREB;DIAPH1;PDCD10;INO80D;PAK2;TECPR1;ATG5;LMAN1;TBC1D25;RHOT1;CLEC16A;INO80B;RUVBL1;VPS35;TAOK1
prerank,"Regulation Of mRNA Splicing, Via Spliceosome (GO:0048024)",-0.43859245349300213,-1.783939907093683,2.159827e-03,9.115857e-01,8.840000e-01,21/71,7.94%,U2AF2;RBM8A;RBM3;JMJD6;SRSF10;MAGOH;QKI;RBM5;RBM38;RBM39;SNW1;TRA2B;PTBP1;SAP18;SFSWAP;CIRBP;RNPS1;DAZAP1;PCBP4;HNRNPL;NCBP1
prerank,Positive Regulation Of Myeloid Cell Differentiation (GO:0045639),0.5609297740713489,1.7642444209948176,3.831418e-03,1.989429e-01,9.170000e-01,8/23,8.42%,MAPK14;ETS1;STAT3;NCKAP1L;PRKDC;FAM210B;HIF1A;ARNT
prerank,Protein Secretion (GO:0009306),0.48932122549270884,1.7421960006036592,8.048290e-03,2.328025e-01,9.620000e-01,11/36,15.79%,GOLPH3;MIA3;PREB;PRF1;TVP23B;GSDMD;PORCN;PCSK5;TMEM167A;RAB8B;KLRG1
prerank,Autophagosome Assembly (GO:0000045),-0.4410607875463922,-1.729686300350877,2.016129e-03,1.000000e+00,9.650000e-01,16/55,16.19%,RAB1A;MAP1LC3B;WDR45B;ULK1;ATG7;EMC6;ATG2A;GABARAPL1;ATG4D;PACS2;NSFL1C;WIPI1;BECN1;ATG4B;ATG14;SMURF1
prerank,Regulation Of Cytoplasmic Translation (GO:2000765),0.5996334654739567,1.7242476546823031,1.169591e-02,2.602231e-01,9.810000e-01,7/16,14.52%,HNRNPD;CSDE1;DHX36;SYNCRIP;PABPC1;PKM;YBX1
prerank,Regulation Of Erythrocyte Differentiation (GO:0045646),0.5101233233756096,1.7233586731794919,9.416196e-03,2.479775e-01,9.840000e-01,9/26,8.42%,MAPK14;ETS1;STAT3;NCKAP1L;ZFP36L1;PRKDC;FAM210B;HIF1A;ARNT
prerank,Regulation Of Autophagy Of Mitochondrion (GO:1903146),-0.5987300442858224,-1.7211835279931023,1.014199e-02,9.893386e-01,9.750000e-01,10/16,24.88%,FBXW7;GSK3A;CSNK2A2;SREBF1;PINK1;USP36;HTRA2;VDAC1;HTT;PARK7
prerank,Positive Regulation Of Substrate Adhesion-Dependent Cell Spreading (GO:1900026),-0.5413451184946055,-1.7203732356020407,1.402806e-02,8.297767e-01,9.750000e-01,9/21,15.67%,CDC42;ARHGEF7;RAC1;CALR;DMTN;S100A10;TESK1;P4HB;TRIOBP
prerank,Positive Regulation Of Stress Fiber Assembly (GO:0051496),-0.5484089861152444,-1.7160869486419514,1.677149e-02,7.390797e-01,9.770000e-01,10/21,18.44%,LIMK1;CDC42;RAC1;RHOC;SORBS3;S100A10;TESK1;ARHGEF10;EVL;PAK1
prerank,Regulation Of Telomerase RNA Localization To Cajal Body (GO:1904872),0.5755985582831159,1.7141599791443072,3.898635e-03,2.538305e-01,9.880000e-01,10/17,19.21%,TNIP1;TCP1;CCT3;PARN;CCT6A;RUVBL1;CCT4;CCT8;CCT7;SHQ1
prerank,Regulation Of mRNA Catabolic Process (GO:0061013),-0.4555612876019682,-1.704474245761698,3.984064e-03,7.164300e-01,9.860000e-01,11/42,7.25%,RBM8A;MAPKAPK2;YTHDF2;MAGOH;VIM;YTHDF3;ZC3H12A;YTHDF1;PRKCA;PCBP4;CNOT1
prerank,Establishment Of Endothelial Barrier (GO:0061028),-0.554680841748977,-1.7012413939970332,1.257862e-02,6.551592e-01,9.880000e-01,4/18,2.58%,RAB1A;RAP2C;PDE4D;RAPGEF1
prerank,Nuclear-Transcribed mRNA poly(A) Tail Shortening (GO:0000289),0.5860325867119683,1.6965755165418335,1.361868e-02,2.850663e-01,9.980000e-01,5/16,10.31%,CNOT7;CNOT3;PARN;PAN2;TUT7
prerank,Positive Regulation Of RNA Splicing (GO:0033120),-0.49391156963949373,-1.6900605663284163,6.329114e-03,6.473908e-01,9.920000e-01,10/29,8.97%,U2AF2;RBM3;ZPR1;SNW1;TRA2B;ERN1;CIRBP;DAZAP1;NCBP1;PIK3R1
prerank,TOR Signaling (GO:0031929),-0.5286596026989054,-1.6838147084321422,1.716738e-02,6.222857e-01,9.930000e-01,13/23,23.11%,CARD11;LAMTOR1;LAMTOR4;GATA3;FNIP1;PINK1;MAPKAP1;MLST8;TIPRL;LAMTOR5;FLCN;PRR5;LAMTOR3
prerank,Establishment Of Protein Localization To Organelle (GO:0072594),0.4136593355410207,1.6796384040761312,1.923077e-03,3.157772e-01,1.000000e+00,20/69,12.80%,KPNB1;PPP1R10;STK4;KPNA3;STAT3;NUP62;NUP50;HIKESHI;IL10RA;PHB2;RAB11A;RALA;EIF4ENIF1;CSE1L;RAN;IPO9;IPO8;HK1;IPO5;APPL1
prerank,Macromolecule Biosynthetic Process (GO:0009059),0.3947182234629238,1.6793729827406727,1.908397e-03,3.022180e-01,1.000000e+00,30/85,21.99%,GOLPH3;MRPS7;TNIP1;DARS1;COPS5;EEF1A1;MRPL3;MRPS33;SRBD1;EEF2;SARS1;EEF1B2;MRPL34;MRPS18C;EEF2K;EIF4G1;MRPL41;EIF4EBP2;MRRF;EXT2;ALAS1;GSPT1;MRPL18;MRPS18B;EIF4G2;MRPL27;MRPS14;MRPL36;EIF5A2;POLL
prerank,Regulation Of Lipid Metabolic Process (GO:0019216),-0.4930399973128521,-1.6736293066280563,3.968254e-03,6.205279e-01,9.940000e-01,11/28,16.44%,IRS2;ID2;NPC2;LACTB;PRKAG2;NR1D2;PANK2;OPA3;ABCA7;EDF1;CERS2
prerank,RNA Transport (GO:0050658),0.4800269371099183,1.6624234012449772,1.084991e-02,3.336912e-01,1.000000e+00,7/30,9.16%,TGFBR2;KPNB1;CKAP5;NUP62;ZFP36L1;HNRNPA2B1;ATXN2
prerank,Protein Export From Nucleus (GO:0006611),0.510771172038156,1.6564304861075598,9.671180e-03,3.355624e-01,1.000000e+00,8/25,8.26%,XPO1;STRADA;STYX;DUSP16;DESI1;RANBP3;CSE1L;RAN
prerank,Autophagosome Organization (GO:1905037),-0.4287003222976797,-1.6555186294846722,1.405622e-02,6.644136e-01,9.980000e-01,12/51,10.96%,RAB1A;MAP1LC3B;WDR45B;ULK1;ATG7;EMC6;ATG2A;GABARAPL1;PACS2;NSFL1C;WIPI1;BECN1
prerank,Regulation Of Telomerase Activity (GO:0051972),0.4739694798068412,1.6543988982751496,1.020408e-02,3.277315e-01,1.000000e+00,22/34,31.76%,XRCC5;TNIP1;PRKCQ;TCP1;PTGES3;PARP4;NEK7;PARN;MAP3K4;WRAP53;CCT4;CCT2;CTNNB1;ATM;TP53;HMBOX1;DKC1;MEN1;NVL;MYC;PIF1;HSP90AB1
prerank,Mitochondrial ATP Synthesis Coupled Electron Transport (GO:0042775),-0.408023095596118,-1.6506350088497963,6.369427e-03,6.416308e-01,9.990000e-01,28/65,20.73%,NDUFB7;NDUFA1;NDUFC2;UQCR11;UQCRFS1;COX7B;SDHB;NDUFB6;NDUFB1;NDUFA12;NDUFB8;COX5B;NDUFA4;SDHAF2;COX6A1;UQCRQ;NDUFA10;UQCC3;NDUFS6;COX8A;NDUFA9;NDUFS3;SDHA;UQCRC1;COX7A2;NDUFB9;NDUFA5;NDUFS8
prerank,Regulation Of RNA Splicing (GO:0043484),-0.38304130670047654,-1.647144637159764,2.028398e-03,6.154234e-01,9.990000e-01,27/86,11.85%,U2AF2;JMJD6;SRSF10;ZPR1;QKI;CLK3;CCNL2;RBM38;RBM39;TAF10;CLK1;TRA2B;ERN1;PTBP1;ZNF326;HNRNPH1;TADA2B;MCM2;PQBP1;FAM50A;HNRNPL;PIK3R1;LARP7;ZC3H10;CLK4;RBM12;TAF6L
prerank,Negative Regulation Of RNA Splicing (GO:0033119),-0.5818105380386556,-1.6462304798968006,1.927195e-02,5.823089e-01,9.990000e-01,9/15,13.74%,U2AF2;SRSF10;PTBP1;SAP18;SFSWAP;RNPS1;PCBP4;SRSF9;PTBP2
prerank,Brain Development (GO:0007420),0.3929223790756907,1.6430173318353334,1.996008e-03,3.477966e-01,1.000000e+00,30/75,21.60%,TGFBR2;PBX3;RBBP4;VPS51;UGP2;CDK5RAP3;GIT2;ADGRG1;JHY;TMX2;QARS1;UBE3A;CX3CR1;RTN4;PAFAH1B1;KDM4B;BBS2;PTEN;POMK;NIPBL;CDK5RAP2;PTCH1;ZNF335;SPEF2;NCOA6;EOMES;SPATA5;PITPNM1;PTPN11;MAP1S
prerank,Regulation Of Lamellipodium Assembly (GO:0010591),-0.5124895982101652,-1.6370134800291267,1.758242e-02,5.921546e-01,9.990000e-01,9/22,13.15%,TWF1;CDC42;CARMIL2;RAC1;AUTS2;PIK3R1;DMTN;TWF2;ARPC2
prerank,Rho Protein Signal Transduction (GO:0007266),-0.48090026555382875,-1.6351894970887735,1.268499e-02,5.684234e-01,9.990000e-01,11/30,18.86%,ARHGAP4;LIMK1;ARHGDIA;CDC42;GNA13;MYO9B;ARHGAP5;CFL1;GNA12;ARHGEF1;EPS8L1
prerank,Aerobic Electron Transport Chain (GO:0019646),-0.4057642104200123,-1.6347816224599663,8.565310e-03,5.405688e-01,9.990000e-01,27/63,20.73%,NDUFB7;NDUFA1;NDUFC2;UQCR11;UQCRFS1;COX7B;SDHB;NDUFB6;NDUFB1;NDUFB8;COX5B;NDUFA4;SDHAF2;COX6A1;UQCRQ;NDUFA10;UQCC3;NDUFS6;COX8A;NDUFA9;NDUFS3;SDHA;UQCRC1;COX7A2;NDUFB9;NDUFA5;NDUFS8
prerank,Negative Regulation Of Cation Channel Activity (GO:2001258),0.571156277612112,1.6339947589912946,1.308411e-02,3.602271e-01,1.000000e+00,4/15,6.70%,PPP3CB;PPP3CC;UBQLN1;PPP3R1
prerank,Regulation Of Protein Autophosphorylation (GO:0031952),-0.5409321413593284,-1.627858294239247,1.446281e-02,5.424141e-01,9.990000e-01,8/18,17.70%,RAP2C;CALM3;MVP;TESK1;TAOK2;CALM1;ENG;DDX3X
prerank,Sprouting Angiogenesis (GO:0002040),-0.548804183553928,-1.623899617109038,2.594810e-02,5.327404e-01,9.990000e-01,5/16,4.96%,JMJD6;AKT1;VEGFB;TGFB1;OTULIN
prerank,Cytoplasmic Microtubule Organization (GO:0031122),0.45495522008376443,1.6193707471988532,5.758157e-03,3.924333e-01,1.000000e+00,8/37,8.09%,CCDC88C;KPNB1;KATNA1;SLAIN2;RAB11A;MBD1;HOOK2;SLAIN1
prerank,Regulation Of Chromosome Organization (GO:0033044),0.4465226259200685,1.6138383654218411,2.103250e-02,3.971114e-01,1.000000e+00,10/38,9.89%,UCHL5;XRCC5;NSMCE3;SMC6;HNRNPD;INO80D;HDAC8;SMG1;INO80B;RUVBL1
prerank,Glycosaminoglycan Biosynthetic Process (GO:0006024),-0.44895678867454036,-1.6122808685024668,8.230453e-03,5.559604e-01,9.990000e-01,10/35,12.58%,CHST7;CHSY1;B3GNT7;B3GNT2;SLC35D2;B4GALT4;UST;B3GALT6;EXT1;XYLT1
prerank,Negative Regulation Of Protein Polymerization (GO:0032272),-0.5506648624544945,-1.6102747919186218,2.547771e-02,5.415174e-01,9.990000e-01,7/17,23.02%,MAPRE1;TWF1;SSH1;TWF2;PFN1;TBCD;STMN1
prerank,Cellular Respiration (GO:0045333),-0.3805005241904259,-1.6052096196228742,6.237006e-03,5.397931e-01,9.990000e-01,31/80,20.73%,NDUFB7;NDUFA1;NDUFC2;UQCR11;UQCRFS1;ME3;NDUFA13;COX7B;SDHB;NDUFB6;NDUFB1;NDUFA12;NDUFB8;COX5B;NDUFA4;COX6A1;SURF1;UQCRQ;NDUFA10;CHCHD5;NDUFB11;NDUFS6;COX8A;NDUFA9;NDUFS3;SDHA;UQCRC1;COX7A2;NDUFB9;NDUFA5;NDUFS8
prerank,Negative Regulation Of Calcium Ion Transmembrane Transporter Activity (GO:1901020),0.5329265921552275,1.6006926190364898,2.083333e-02,4.253909e-01,1.000000e+00,5/18,6.70%,PPP3CB;PPP3CC;THADA;UBQLN1;PPP3R1
prerank,Regulation Of Substrate Adhesion-Dependent Cell Spreading (GO:1900024),-0.4670337701556885,-1.5983240617406214,3.024194e-02,5.460852e-01,9.990000e-01,10/29,15.67%,CDC42;ARHGEF7;RAC1;CALR;ACTN4;DMTN;S100A10;TESK1;P4HB;TRIOBP
prerank,Import Into Nucleus (GO:0051170),0.39805596423946504,1.596402377286823,5.576208e-03,4.266059e-01,1.000000e+00,17/64,12.80%,KPNB1;PPP1R10;STK4;KPNA3;STAT3;NUP62;NUP50;HIKESHI;PHB2;EIF4ENIF1;CSE1L;RAN;IPO9;IPO8;HTATIP2;IPO5;APPL1
prerank,Peptide Biosynthetic Process (GO:0043043),0.39491505368972923,1.5911168498322812,1.886792e-03,4.311730e-01,1.000000e+00,22/62,21.28%,MRPS7;TNIP1;DARS1;COPS5;EEF1A1;MRPL3;MRPS33;SRBD1;SARS1;MRPL34;MRPS18C;PCSK5;EIF4G1;MRPL41;EIF4EBP2;MRRF;GSPT1;MRPL18;MRPS18B;MRPL27;MRPS14;MRPL36
prerank,mRNA Processing (GO:0006397),-0.3284467481691186,-1.5872045948818914,1.000000e-03,5.729933e-01,9.990000e-01,42/197,11.70%,U2AF2;SF3B6;RBM8A;ALYREF;FRG1;CRNKL1;SRSF10;MAGOH;RBM5;PRPF18;SNRNP27;CWC25;PHF5A;SNW1;CWC15;BUD31;SYF2;EFTUD2;TRA2B;ERN1;SLU7;CPSF7;HEXIM1;SNRPB2;HNRNPH1;PRKACA;DDX39A;RAMAC;RNPS1;RNMT;PIN1;CTNNBL1;NCBP1;TFIP11;SRSF9;DHX8;SNRPD1;NUDT21;FBXO11;SRSF5;ALKBH5;SRSF2
prerank,Positive Regulation Of Double-Strand Break Repair Via Homologous Recombination (GO:1905168),0.4483646145356928,1.5710064356196438,1.612903e-02,4.885909e-01,1.000000e+00,19/33,29.38%,HDGFL2;MORF4L2;BRD8;TRRAP;EP400;PARP1;RUVBL1;ACTR2;MORF4L1;WRAP53;HELQ;ARID2;TIMELESS;MRGBP;ACTL6A;EPC2;ERCC6;VPS72;DMAP1
prerank,Vesicle Coating (GO:0006901),-0.47232657177367954,-1.5696189239642648,2.371542e-02,6.284625e-01,9.990000e-01,9/28,10.76%,TRAPPC10;AP3D1;TMED10;TRAPPC2L;TRAPPC6A;CSNK1D;CUL3;TMED2;TRAPPC5
prerank,Regulation Of Epithelial To Mesenchymal Transition (GO:0010717),-0.448155436218076,-1.568953681240273,2.443992e-02,6.098844e-01,9.990000e-01,10/32,10.29%,MAD2L2;SPRY2;PPP2CA;TGFB1;GATA3;GLIPR2;LDLRAD4;EPHA4;SDHAF2;MCRIP1
prerank,SCF-dependent Proteasomal Ubiquitin-Dependent Protein Catabolic Process (GO:0031146),-0.4435204745509564,-1.5682473632711076,1.452282e-02,5.920898e-01,9.990000e-01,9/31,12.60%,FBXO44;FBXW7;FBXL12;FBXL18;FBXO31;FBXO9;CUL5;FBXL6;FBXL5
prerank,Positive Regulation Of Ras Protein Signal Transduction (GO:0046579),0.46943182203262157,1.5677052642338956,2.976190e-02,4.856128e-01,1.000000e+00,10/27,15.25%,ARHGEF3;RASGRP1;PIK3CG;AKAP13;ADGRG1;GPR174;MAPRE2;GPR65;F2R;NTRK1
prerank,Intracellular Steroid Hormone Receptor Signaling Pathway (GO:0030518),0.4779206452895601,1.565222189610676,1.972387e-02,4.804474e-01,1.000000e+00,8/26,8.20%,CALCOCO1;DDX5;DDX17;RNF14;DAXX;WBP2;UBR5;UBE3A
prerank,"Nuclear-Transcribed mRNA Catabolic Process, Deadenylation-Dependent Decay (GO:0000288)",0.4423464170248825,1.5613363662141944,1.338432e-02,4.806384e-01,1.000000e+00,10/34,13.92%,CNOT7;PATL2;DCP1B;CNOT3;PARN;PAN2;EXOSC2;TUT7;EXOSC3;EXOSC8
prerank,Peroxisomal Membrane Transport (GO:0015919),0.5410902396253356,1.560274620251376,3.041825e-02,4.711640e-01,1.000000e+00,12/15,34.07%,PEX3;RAB8B;PEX14;PEX19;PEX16;TRIM37;ABCD3;PEX2;PEX1;ABCD4;PEX5;ABCD2
prerank,Response To Tumor Necrosis Factor (GO:0034612),-0.4015115042548028,-1.5597510777037622,5.859375e-03,6.114705e-01,1.000000e+00,13/55,9.06%,SLC22A5;INPP5K;XCL1;AKT1;ZC3H12A;GCH1;GATA3;MAP2K7;XCL2;CCL5;CASP3;TNFRSF11A;CCL4
prerank,Protein Heterooligomerization (GO:0051291),-0.5549791513905759,-1.559295061931363,3.829787e-02,5.941074e-01,1.000000e+00,8/15,26.10%,TMEM120A;CPSF7;NUDT21;PKD2;CPSF6;HSD17B8;CBR4;ZNF777
prerank,Mismatch Repair (GO:0006298),0.49530881831078993,1.5572449210505799,3.339882e-02,4.695200e-01,1.000000e+00,16/23,38.39%,RPA3;PMS2;RPA2;LIG1;MSH3;PMS1;MLH3;RNASEH2A;RPA1;XPC;MSH2;POLD3;MSH6;MLH1;RNASEH2B;MCM8
prerank,Negative Regulation Of Response To Endoplasmic Reticulum Stress (GO:1903573),0.5058980343349844,1.5563293940308258,3.454894e-02,4.610903e-01,1.000000e+00,9/19,20.91%,TMBIM6;PTPN1;BCL2L1;SYVN1;LPCAT3;RACK1;CREB3;SELENOS;NR1H2
prerank,Negative Regulation Of Protein Ubiquitination (GO:0031397),-0.4224151772106991,-1.5561320622045849,1.694915e-02,5.884316e-01,1.000000e+00,20/41,21.91%,LIMK1;U2AF2;AKT1;SPRY2;FBXO5;USP4;N4BP1;ISG15;SPOPL;SUMO1;DTX3L;GTPBP4;ARRB1;SOX4;BAG5;PER2;OGT;CAMLG;ARRB2;GNL3L
prerank,RNA Biosynthetic Process (GO:0032774),0.4801022971059269,1.5552277408812083,2.333932e-02,4.535675e-01,1.000000e+00,10/25,19.49%,TAF7;ZFP36L1;SMARCA5;SETX;TBP;TCEA2;NCOA6;TAF5;PRMT5;TAF12
prerank,Regulation Of Receptor Internalization (GO:0002090),-0.5001558721904308,-1.546282857485282,4.166667e-02,6.116299e-01,1.000000e+00,5/19,4.42%,ANKRD13D;ARF1;CD63;FLOT1;RIN3
prerank,Regulation Of G Protein-Coupled Receptor Signaling Pathway (GO:0008277),-0.43901555033683215,-1.5448374917691825,1.632653e-02,5.994337e-01,1.000000e+00,12/34,14.97%,RGS2;DYNLT1;GIT1;PPP1R9B;DGKQ;GRK6;CCL5;RGS16;USP33;PDE6G;PLCB1;ZDHHC3
prerank,Cellular Response To Nutrient Levels (GO:0031669),-0.38683838170028895,-1.5443344639453398,1.165049e-02,5.843105e-01,1.000000e+00,24/57,23.63%,MAP1LC3B;WDR45B;ULK1;STK24;CREBBP;ATG7;PRKAG1;FNIP1;FADS1;WIPI1;TFEB;PRKAG2;USP33;SREBF1;MAPKAP1;MLST8;ATG14;JMY;FLCN;LAMP2;PRR5;TSC1;RIPOR1;KLF10
prerank,protein-DNA Complex Organization (GO:0071824),0.4146070492777342,1.5425322685425618,9.920635e-03,4.854081e-01,1.000000e+00,13/43,13.62%,HDAC1;HMG20A;GATAD1;HDAC8;EHMT1;ATRX;HDAC5;PARP10;CBX3;SUPT4H1;PHF19;HMGN4;MTA2
prerank,Negative Regulation Of T Cell Activation (GO:0050868),0.5054567086819156,1.537785286681225,3.428571e-02,4.907930e-01,1.000000e+00,8/20,14.20%,LAX1;NCKAP1L;RIPOR2;PAG1;HAVCR2;FCGR2B;GLMN;LAPTM5
prerank,Transcription Elongation By RNA Polymerase II (GO:0006368),0.4678048551124391,1.5376860669904533,3.088803e-02,4.795598e-01,1.000000e+00,13/26,22.15%,PBRM1;ELP4;CTR9;SUPT4H1;IWS1;SRCAP;CDC73;SUPT16H;POLR2I;SART3;SUPT6H;LEO1;PCID2
prerank,DNA-templated Transcription Elongation (GO:0006354),0.47224719753681377,1.5373788390115584,3.389831e-02,4.698742e-01,1.000000e+00,12/24,22.15%,PBRM1;ELP4;TCEA2;CTR9;SUPT4H1;SRCAP;CDC73;SUPT16H;POLR1E;SUPT6H;LEO1;PCID2
prerank,Regulation Of Cell-Substrate Adhesion (GO:0010810),-0.4891401988008512,-1.5319972292033877,3.853955e-02,6.231346e-01,1.000000e+00,8/21,27.00%,RAC1;NOTCH1;DMTN;MINK1;TBCD;TSC1;PIK3CB;RELL2
prerank,Protein Import Into Nucleus (GO:0006606),0.38325273656077063,1.5310802328418935,1.740812e-02,4.811562e-01,1.000000e+00,16/64,12.80%,KPNB1;PPP1R10;STK4;KPNA3;STAT3;NUP62;NUP50;HIKESHI;PHB2;EIF4ENIF1;CSE1L;RAN;IPO9;IPO8;IPO5;APPL1
prerank,Positive Regulation Of Cell-Substrate Adhesion (GO:0010811),-0.42904872224317764,-1.5266431889911063,2.066116e-02,6.303453e-01,1.000000e+00,10/35,15.67%,CDC42;ARHGEF7;RAC1;ENC1;CALR;DMTN;S100A10;TESK1;P4HB;TRIOBP
prerank,Carbohydrate Derivative Biosynthetic Process (GO:1901137),0.49849184659622114,1.5229099084431836,2.824859e-02,4.995661e-01,1.000000e+00,4/20,10.61%,GOLPH3;TNIP1;RRM1;ALG6
prerank,fatty-acyl-CoA Biosynthetic Process (GO:0046949),0.5356239168286374,1.5222466693633097,4.588910e-02,4.908992e-01,1.000000e+00,5/16,13.35%,ELOVL6;HACD2;ACSL4;ACAT1;HSD17B12
prerank,Positive Regulation Of Leukocyte Chemotaxis (GO:0002690),-0.5227778332354609,-1.521319039023445,5.073996e-02,6.377735e-01,1.000000e+00,5/17,6.92%,XCL1;VEGFB;CALR;LGALS9;CCL5
prerank,GPI Anchor Biosynthetic Process (GO:0006506),-0.4714932333191603,-1.5171150273271106,3.024194e-02,6.405373e-01,1.000000e+00,6/24,13.70%,MPPE1;PIGT;PIGH;PIGS;GPAA1;DPM1
prerank,Positive Regulation Of Telomere Maintenance (GO:0032206),0.4033652692965091,1.5150266319205603,1.992032e-02,5.061346e-01,1.000000e+00,13/47,9.89%,UCHL5;PPP1R10;TNIP1;PRKCQ;HNRNPD;INO80D;NEK7;HNRNPA2B1;DHX36;MAP3K4;ATRX;INO80B;RUVBL1
prerank,Positive Regulation Of Actin Filament Bundle Assembly (GO:0032233),-0.4684118677442433,-1.5128944695245194,5.150215e-02,6.421832e-01,1.000000e+00,11/24,19.23%,LIMK1;CDC42;RAC1;RHOC;SORBS3;S100A10;TESK1;ARHGEF10;EVL;PAK1;PFN1
prerank,Peroxisome Organization (GO:0007031),0.48894126111238134,1.5114111362457876,2.661597e-02,5.081281e-01,1.000000e+00,11/20,34.07%,LONP2;PEX3;PEX14;PEX19;PEX16;ABCD3;MFF;PEX2;PEX1;ABCD4;ABCD2
prerank,Positive Regulation Of Viral Life Cycle (GO:1903902),-0.5110406191831187,-1.5091492163540816,5.656566e-02,6.433465e-01,1.000000e+00,8/16,17.23%,VPS37B;FURIN;LGALS1;LGALS9;KPNA2;HLA-DRB1;P4HB;VPS4A
prerank,Mitochondrion Disassembly (GO:0061726),-0.4466137568983557,-1.5070768853905328,2.811245e-02,6.373341e-01,1.000000e+00,10/29,13.45%,MAP1LC3B;WDR45B;ATG7;ATG2A;GABARAPL1;FUNDC2;WIPI1;BECN1;USP30;PINK1
prerank,DNA Repair-Dependent Chromatin Remodeling (GO:0140861),0.5330836650880539,1.502769090424585,5.009634e-02,5.278264e-01,1.000000e+00,4/15,7.37%,HDGFL2;HPF1;UBR5;ASF1A
prerank,Telomere Organization (GO:0032200),0.3859290069189357,1.5005813271292774,2.385686e-02,5.254334e-01,1.000000e+00,13/54,9.89%,UCHL5;XRCC5;PRKDC;EZH1;XRCC6;INO80D;PTGES3;RPA3;ATRX;PARP1;RPA2;INO80B;RUVBL1
prerank,Protein Autoubiquitination (GO:0051865),0.3984695302659176,1.4967488923735672,2.466793e-02,5.290317e-01,1.000000e+00,20/49,22.84%,UBE2D2;RNF146;NFX1;DDB2;UBE2B;UBE3A;MARCHF7;RNF10;KLHL24;ITCH;ERCC8;OBI1;RNFT1;RNF185;RNF8;UBE2D3;RAD18;TRIM37;LRSAM1;RNF213
prerank,Double-Strand Break Repair Via Nonhomologous End Joining (GO:0006303),0.41981006836292156,1.495200615057793,2.325581e-02,5.245998e-01,1.000000e+00,15/37,24.05%,XRCC5;PRKDC;XRCC6;CYREN;DCLRE1A;ERCC8;UVRAG;HELQ;MRE11;ATM;RNF8;POLM;POLL;HMGB1;SMARCAL1
prerank,Regulation Of Intracellular Protein Transport (GO:0033157),0.43043213594941343,1.4938779984756247,3.036876e-02,5.198107e-01,1.000000e+00,15/32,25.34%,UHMK1;GCC2;PDCD10;MBD1;NDEL1;ZFAND1;PTPN1;PCNT;CEP290;VAMP2;PRR5L;RAB29;ICE1;OAZ1;TENM1
prerank,Regulation Of Glucose Import (GO:0046324),-0.5020235338696233,-1.493438764729224,5.091650e-02,6.808355e-01,1.000000e+00,6/17,11.73%,AKT1;IRS2;RHOQ;GSK3A;PIK3R1;PRKAG2
prerank,Regulation Of Protein Tyrosine Kinase Activity (GO:0061097),-0.5136848861201813,-1.4900293465891357,4.960317e-02,6.806191e-01,1.000000e+00,6/17,10.32%,NCK2;RAP2C;EPHA4;LRP8;DLG3;MVP
prerank,Response To Nutrient Levels (GO:0031667),-0.504366370729936,-1.4886780910553603,5.714286e-02,6.704898e-01,1.000000e+00,6/17,14.03%,ULK1;CREBBP;PRKAG1;PRKAG2;MAPKAP1;MLST8
prerank,Sulfur Compound Biosynthetic Process (GO:0044272),-0.40462543067164136,-1.485130007380148,3.734440e-02,6.709561e-01,1.000000e+00,11/41,13.27%,CHST7;CHSY1;B3GNT7;MPST;B3GNT2;SLC35D2;B4GALT4;UST;EXT1;XYLT1;GSTP1
prerank,Post-Translational Protein Modification (GO:0043687),-0.39694680296915147,-1.4807543167649522,3.067485e-02,6.758565e-01,1.000000e+00,10/38,13.64%,PKN1;UBE2M;RNF7;UCHL3;PRKCA;ESCO1;PRKCB;PARP6;PARP12;DCAF1
prerank,Positive Regulation Of Cytokinesis (GO:0032467),-0.5089249526391186,-1.4770514463457929,6.625259e-02,6.776524e-01,1.000000e+00,5/16,12.11%,CDC42;CUL3;PKN2;GIPC1;CDC14A
prerank,Regulation Of Cell Motility (GO:2000145),-0.37419103121084574,-1.475429324894826,2.464066e-02,6.709149e-01,1.000000e+00,11/56,8.72%,PKN1;AKT1;LDB1;TGFB1;GATA3;RAC1;PLXNA4;DAPK3;PIN1;PKN2;PLXNA3
prerank,Endosomal Transport (GO:0016197),0.3183225124909514,1.4723552487304126,1.035197e-02,5.930162e-01,1.000000e+00,52/142,26.19%,TRIM27;AP5S1;WASHC5;VPS51;GCC2;SNX6;EHD1;RAB10;SNX18;PIKFYVE;EPS15;SNX27;WASHC3;CLTC;ARHGAP1;SNX5;SNX3;CLEC16A;CHMP1A;RGP1;VPS35;SNX17;BET1L;BLOC1S1;ITSN2;SNX1;BLTP1;TMEM87B;NSG1;ERC1;DPY30;VPS16;RCSD1;PTPN23;RAB6A;VTI1B;RAB29;EPS15L1;SNX4;HGS;SQSTM1;EIPR1;DENND10;BLOC1S2;VPS4B;GOSR1;PREPL;TBC1D10B;AP5B1;PICALM;TBC1D10C;STX6
prerank,Negative Regulation Of G1/S Transition Of Mitotic Cell Cycle (GO:2000134),0.4971355463186113,1.472338230103599,6.941839e-02,5.825826e-01,1.000000e+00,9/17,17.05%,RBL2;CRLF3;PRMT2;CDC73;JADE1;PTEN;CDK2AP2;DLG1;RB1
prerank,Negative Regulation Of Protein Modification By Small Protein Conjugation Or Removal (GO:1903321),-0.4036285360442313,-1.4723335168280876,4.928131e-02,6.711498e-01,1.000000e+00,21/40,26.35%,U2AF2;AKT1;SPRY2;USP4;N4BP1;ISG15;SPOPL;SUMO1;GTPBP4;ARRB1;SOX4;BAG5;PER2;OGT;CAMLG;ARRB2;GNL3L;PARK7;HSPA1B;SVBP;TRIM21
prerank,Embryonic Organ Development (GO:0048568),-0.4401029828378618,-1.4706128778431795,4.329897e-02,6.651882e-01,1.000000e+00,9/26,11.34%,ATF4;ZFPM1;TGFB1;ERCC3;GATA3;POLR2D;PBX4;TFEB;PKD2
prerank,Regulation Of Telomere Maintenance Via Telomerase (GO:0032210),0.39342693525825506,1.4703601842021534,3.326810e-02,5.805538e-01,1.000000e+00,17/44,18.28%,XRCC5;TNIP1;PRKCQ;TCP1;NEK7;CCT3;PARN;CCT6A;MAP3K4;XRN1;CCT4;CCT8;CCT2;FBXO4;CCT7;CTNNB1;ATM
prerank,Activation Of Cysteine-Type Endopeptidase Activity Involved In Apoptotic Process (GO:0006919),0.3798735248597882,1.4692933932807868,2.156863e-02,5.749797e-01,1.000000e+00,21/49,24.25%,S100A8;CYCS;S100A9;FAM162A;ATP2A3;ANP32B;CARD8;VCP;IFT57;F2R;LCK;RACK1;LAPTM5;BCL2L13;DYNLL1;SMAD3;EIF2AK3;CRADD;CASP8AP2;PDCD2;CASP2
prerank,Regulation Of Centriole Replication (GO:0046599),0.5159418312369761,1.4691950282016826,6.285714e-02,5.655469e-01,1.000000e+00,10/15,34.80%,NUP62;NPM1;KAT2A;SPICE1;CDK5RAP2;TRIM37;CEP76;RBM14;MDM1;PLK2
prerank,Cellular Response To Vascular Endothelial Growth Factor Stimulus (GO:0035924),-0.5096075348923425,-1.4638721173317093,6.198347e-02,6.807939e-01,1.000000e+00,6/15,7.18%,MAPKAPK2;VEGFB;SPRY2;MAP2K3;ERN1;NOTCH1
prerank,"Regulation Of Alternative mRNA Splicing, Via Spliceosome (GO:0000381)",-0.3991662809574964,-1.462022341023022,4.040404e-02,6.755174e-01,1.000000e+00,9/36,7.17%,RBM8A;MAGOH;RBM5;RBM38;TRA2B;PTBP1;SAP18;RNPS1;HNRNPL
prerank,Positive Regulation Of Cell Division (GO:0051781),-0.4995414754996717,-1.46077340172107,7.302231e-02,6.686031e-01,1.000000e+00,5/16,12.11%,CDC42;CUL3;PKN2;GIPC1;CDC14A
prerank,Cilium Assembly (GO:0060271),0.32071341749505183,1.4574758101934684,3.898635e-03,6.022973e-01,1.000000e+00,40/128,19.67%,ARF4;CILK1;CEP250;EHD1;CCDC66;WDR54;MBD1;ACTR3;ARL13B;KIF3B;JHY;SEPTIN2;E2F4;NUDCD3;IFT57;PCNT;CEP290;RILPL2;ACTR2;WDPCP;CEP20;BBS2;SCLT1;RAB8B;KIAA0586;HDAC6;DYNC2I1;NME8;TMEM216;PTPN23;DYNLL1;IFT27;TBC1D31;NPHP3;CEP162;DYNC2H1;SEPTIN7;BBS9;CEP89;TCTN3
prerank,Positive Regulation Of Phosphate Metabolic Process (GO:0045937),0.5094408348306274,1.4569466372714963,7.297830e-02,5.942060e-01,1.000000e+00,7/16,15.70%,NCKAP1L;PTGES3;IFNG;PSEN1;GLMN;ILK;ITGA6
prerank,Regulation Of Signal Transduction (GO:0009966),-0.3319379430502757,-1.4560511561956797,1.635992e-02,6.767521e-01,1.000000e+00,25/107,14.97%,RGS2;NCK2;DYNLT1;GIT1;DGKQ;ZFAND2B;BRAP;CREBBP;CD63;GRK6;SNW1;PPP2CA;GATA3;TIMP1;RFNG;IGFBP4;NCAM1;LFNG;TSPYL2;RGS16;USP33;SUMO1;IRAK1;PLCB1;ZDHHC3
prerank,Cellular Response To Peptide (GO:1901653),0.4318323399806516,1.4550366629946045,5.522682e-02,5.914957e-01,1.000000e+00,9/30,9.81%,ITGA4;ZFP36L1;SNX6;ARHGEF2;ADRB2;ATP1A3;CHMP5;PSEN1;FCGR2B
prerank,Phosphatidylinositol 3-Kinase Signaling (GO:0014065),0.4736568350190311,1.4548169915260947,5.468750e-02,5.829698e-01,1.000000e+00,7/20,12.78%,PIK3CD;STAT3;ZFP36L1;PIK3CG;ERBB2;PIK3CA;PTEN
prerank,Regulation Of mRNA Stability (GO:0043488),-0.3697658171108218,-1.4514964543882136,3.505155e-02,6.854570e-01,1.000000e+00,15/59,11.63%,MAPKAPK2;YTHDF2;VIM;YTHDF3;RBM38;TENT5A;YTHDF1;CIRBP;FASTKD5;TENT5C;PRKCA;PCBP4;TAF15;FASTKD3;NOCT
prerank,"Mitochondrial Electron Transport, NADH To Ubiquinone (GO:0006120)",-0.410952277880932,-1.4496062131025096,4.693878e-02,6.821334e-01,1.000000e+00,13/34,20.73%,NDUFB7;NDUFC2;NDUFB6;NDUFB1;NDUFB8;NDUFA4;NDUFA10;NDUFS6;NDUFA9;NDUFS3;NDUFB9;NDUFA5;NDUFS8
prerank,Protein Targeting (GO:0006605),-0.3367350653037632,-1.4487605388135998,8.016032e-03,6.741595e-01,1.000000e+00,26/95,18.14%,ZDHHC18;AP3D1;TIMM17A;ZFAND2B;VPS37B;TIMM23;TIMM8B;ZDHHC14;ZFAND2A;SEC61G;TOMM22;SRP54;AP4B1;GIPC1;ZDHHC24;TSPO;GOLGA7B;TAOK2;SPCS2;MICALL1;ZDHHC3;YIF1B;CDC37;TRAK1;TOMM5;TOMM40
prerank,Modulation By Host Of Viral Process (GO:0044788),-0.5246504848411233,-1.4481604452224035,7.692308e-02,6.655470e-01,1.000000e+00,6/15,14.44%,CDC42;IGF2R;PPIB;FASN;CFL1;PAIP1
prerank,protein-DNA Complex Assembly (GO:0065004),0.3971135868462587,1.447878588301002,3.411131e-02,5.995559e-01,1.000000e+00,17/41,18.91%,NAP1L4;H2BC15;SMARCA5;RBBP4;CHAF1B;DAXX;ASF1A;ATRX;HAT1;NAP1L1;NPM1;SUPT16H;SSRP1;GTF2H5;BAZ1A;NASP;SART3
prerank,Proton Motive Force-Driven ATP Synthesis (GO:0015986),-0.3662062965021338,-1.447394072673199,4.184100e-02,6.578919e-01,1.000000e+00,21/58,20.73%,ATP5MC1;NDUFB7;NDUFA1;NDUFC2;NDUFA13;SDHB;NDUFB6;NDUFB1;NDUFA12;NDUFB8;ATP5ME;NDUFA10;NDUFB11;NDUFS6;NDUFA9;VPS9D1;NDUFS3;SDHA;NDUFB9;NDUFA5;NDUFS8
prerank,Positive Regulation Of Intracellular Transport (GO:0032388),0.4207623478467659,1.4456880927619777,5.357143e-02,5.995617e-01,1.000000e+00,15/30,25.34%,PDCD10;EHD1;MBD1;ZFAND1;PCNT;CEP290;VAMP2;PRR5L;RAB29;EIPR1;ICE1;NUMA1;STX18;OAZ1;TENM1
prerank,Regulation Of Blood Vessel Endothelial Cell Migration (GO:0043535),0.40628772260327534,1.4434070257461629,5.524862e-02,5.989938e-01,1.000000e+00,9/32,7.64%,MAPK14;ETS1;HSPB1;ATP2B4;PLCG1;MECP2;STAT5A;AKT3;HIF1A
prerank,Regulation Of Cell Cycle Process (GO:0010564),-0.3420537877294653,-1.4431112169364784,2.282158e-02,6.649754e-01,1.000000e+00,23/85,15.20%,YTHDF2;BRD7;ARID1B;CDC42;GIT1;CCNL2;CALM3;KIF13A;FBXO5;MKI67;RAB11FIP4;MCM2;DAPK3;PIN1;BCL7B;DBF4;BCL7C;ATF5;BECN1;RAB11FIP3;CALM1;ZNF207;PDXP
prerank,Cellular Response To Amyloid-Beta (GO:1904646),0.5075265910160226,1.4416288596375173,6.601942e-02,5.880432e-01,1.000000e+00,7/16,15.25%,ITGA4;SNX6;ADRB2;ATP1A3;PSEN1;FCGR2B;NTRK1
prerank,Response To Amyloid-Beta (GO:1904645),0.5075265910160226,1.4416288596375173,6.601942e-02,5.880432e-01,1.000000e+00,7/16,15.25%,ITGA4;SNX6;ADRB2;ATP1A3;PSEN1;FCGR2B;NTRK1
prerank,Cellular Response To Osmotic Stress (GO:0071470),0.48741463709279903,1.4413344270767487,7.050093e-02,5.804916e-01,1.000000e+00,7/18,17.81%,ZFP36L1;ARHGEF2;LRRC8D;ZFAND1;RCSD1;SERPINB6;MTOR
prerank,Protein Targeting To ER (GO:0045047),-0.4432158071945055,-1.4400972524854816,6.543967e-02,6.671401e-01,1.000000e+00,8/23,14.48%,ZFAND2B;CHMP4A;ZFAND2A;SEC61G;SRP72;SRP54;GET4;SPCS2
prerank,Plasma Membrane Bounded Cell Projection Assembly (GO:0120031),0.3069363548974028,1.4395944579917639,1.893939e-03,5.791884e-01,1.000000e+00,49/155,19.67%,GOLPH3;ARF4;CILK1;TNIK;CEP250;EHD1;ARHGEF6;CCDC66;WDR54;MBD1;VCL;ACTR3;ARL13B;KIF3B;PIP5K1A;SEPTIN2;NUDCD3;IFT57;RAP1B;PCNT;S1PR1;CEP290;RILPL2;ACTR2;WDPCP;CEP20;BBS2;SCLT1;RAB8B;KIAA0586;HDAC6;DYNC2I1;FGD3;WHAMM;NME8;TMEM216;PTPN23;RAP1A;IFT27;TBC1D31;MTSS1;EZR;NPHP3;CEP162;DYNC2H1;SEPTIN7;BBS9;CEP89;TCTN3
prerank,Purine-Containing Compound Biosynthetic Process (GO:0072522),0.5013759868897334,1.4383759092264004,6.678700e-02,5.759120e-01,1.000000e+00,8/16,26.24%,SLC4A7;PRPSAP2;ADSL;PRPS2;GMPS;PFAS;SHMT2;SHMT1
prerank,Positive Regulation Of Lamellipodium Organization (GO:1902745),-0.4625970316112187,-1.433944315202781,6.263499e-02,6.821179e-01,1.000000e+00,8/20,13.15%,CDC42;CARMIL2;ARHGEF7;RAC1;AUTS2;PIK3R1;TWF2;ARPC2
prerank,Regulation Of Cell Morphogenesis (GO:0022604),-0.47070487610442857,-1.4310421169673322,8.403361e-02,6.831253e-01,1.000000e+00,9/19,24.56%,ZMYM3;PDZD8;CAMSAP1;CFL1;STRIP1;SPARC;ZRANB1;SH3D19;NTNG2
prerank,Microtubule Bundle Formation (GO:0001578),0.48155159641482775,1.4305565277002188,8.669355e-02,5.974003e-01,1.000000e+00,9/17,26.36%,CCDC66;JHY;CDK5RAP2;MAP1S;NUMA1;CCSER2;TOGARAM1;CLIP1;SPAST
prerank,Negative Regulation Of Cell Differentiation (GO:0045596),-0.3264625940304421,-1.4287707421583857,1.996008e-02,6.821980e-01,1.000000e+00,24/97,13.47%,YTHDF2;CRIM1;MAD2L2;SPRY2;PPP2CA;TGFB1;PTBP1;GATA3;CALR;ID2;LDLRAD4;TENT5C;TRIB2;EPHA4;NOTCH1;BCL7B;SDHAF2;BCL7C;HDAC9;ABCA5;BMAL1;NOCT;TRIO;BRD9
prerank,Small GTPase Mediated Signal Transduction (GO:0007264),0.35085681479423153,1.4272847826769246,3.838772e-02,6.014644e-01,1.000000e+00,14/66,11.61%,CCDC88C;G3BP1;ARHGAP30;RASGRP1;RALGDS;KRAS;KRIT1;RASGRP2;GRAP2;ARHGAP1;RALA;CDKN2A;G3BP2;NUCB2
prerank,Recombinational Repair (GO:0000725),0.35109734303832324,1.4271030164410965,2.808989e-02,5.941105e-01,1.000000e+00,21/73,21.99%,RECQL;XRCC5;NSMCE3;AP5S1;SMC6;XRCC6;RPA3;PPP4C;REV3L;RPA2;RAD52;MORF4L1;HELQ;MRE11;GEN1;SLF1;YY1;NUCKS1;SFPQ;RAD51C;POLL
prerank,Regulation Of Actin Nucleation (GO:0051125),0.47926315204094927,1.4246164100695256,8.661417e-02,5.954049e-01,1.000000e+00,6/17,16.12%,WASHC5;WASHC3;ARFIP1;PICK1;WHAMM;CORO1B
prerank,Protein Lipidation (GO:0006497),-0.37167925377527233,-1.4206052360488435,4.655870e-02,7.072976e-01,1.000000e+00,10/49,14.97%,ZDHHC18;MPPE1;WDR45B;PIGH;ATG7;ZDHHC14;SELENOK;WIPI1;DPM1;ZDHHC3
prerank,Modulation By Host Of Symbiont Process (GO:0051851),-0.41305318712191297,-1.419859841683159,5.761317e-02,6.996806e-01,1.000000e+00,10/31,13.59%,SAP30BP;INPP5K;CDC42;TAF11;SNW1;FASN;CCL5;CCL4;CCNT1;CHD1
prerank,Negative Regulation Of Cell Cycle G1/S Phase Transition (GO:1902807),0.4802771961646415,1.4194414145080507,7.312253e-02,6.067561e-01,1.000000e+00,9/18,17.05%,RBL2;CRLF3;PRMT2;CDC73;JADE1;PTEN;CDK2AP2;DLG1;RB1
prerank,Regulation Of Tumor Necrosis Factor-Mediated Signaling Pathway (GO:0010803),-0.40186962693573913,-1.416824433957499,5.168986e-02,7.015685e-01,1.000000e+00,9/35,13.27%,MAPKAPK2;ULK1;OTULIN;PPP2CB;HIPK1;MIB2;IKBKB;CASP4;GSTP1
prerank,Proton Motive Force-Driven Mitochondrial ATP Synthesis (GO:0042776),-0.3636989994077685,-1.4153816034077757,6.365503e-02,6.977824e-01,1.000000e+00,19/52,20.73%,NDUFB7;NDUFA1;NDUFC2;NDUFA13;SDHB;NDUFB6;NDUFB1;NDUFA12;NDUFB8;ATP5ME;NDUFA10;NDUFB11;NDUFS6;NDUFA9;NDUFS3;SDHA;NDUFB9;NDUFA5;NDUFS8
prerank,RNA Destabilization (GO:0050779),-0.4943427730512664,-1.4147454187500512,8.264463e-02,6.907456e-01,1.000000e+00,3/16,3.93%,YTHDF2;YTHDF3;YTHDF1
prerank,mRNA Export From Nucleus (GO:0006406),-0.3604862723875342,-1.4138958213671888,3.632479e-02,6.843574e-01,1.000000e+00,13/57,11.55%,RBM8A;ALYREF;DDX19B;MAGOH;SARNP;DDX39A;THOC7;HHEX;NCBP1;NUP133;PABPN1;NCBP3;ALKBH5
prerank,Regulation Of Receptor-Mediated Endocytosis (GO:0048259),-0.45210892353770926,-1.413299470635914,8.167331e-02,6.771153e-01,1.000000e+00,8/20,24.15%,ARF1;RAC1;FLOT1;TNK2;ARF6;MKLN1;RAB21;PIK3CB
prerank,Nucleosome Assembly (GO:0006334),0.39104055658679737,1.4111669632072072,6.049822e-02,6.316049e-01,1.000000e+00,16/39,18.91%,NAP1L4;H2BC15;SMARCA5;RBBP4;CHAF1B;DAXX;ASF1A;ATRX;HAT1;NAP1L1;NPM1;SUPT16H;SSRP1;BAZ1A;NASP;SART3
prerank,Chemokine-Mediated Signaling Pathway (GO:0070098),-0.4795222358789361,-1.4109762145710931,6.237425e-02,6.769935e-01,1.000000e+00,6/17,18.34%,XCL1;XCL2;CCL5;CCL4;LYN;STK39
prerank,Protein Dephosphorylation (GO:0006470),0.3351266230371573,1.4101514524609358,3.345725e-02,6.275149e-01,1.000000e+00,23/85,13.67%,PPP3CB;PPP2R5A;PPP3CC;PTPRC;PPP2R5D;PPP1CB;CTDSP2;MTMR4;DUSP16;PPP2R5C;DUSP18;PPM1K;UBLCP1;PPP3R1;CTDSP1;PTPN1;NCK1;PTPRM;MTMR6;PPM1B;DUSP1;PTEN;PPP1CC
prerank,Fc Receptor Mediated Stimulatory Signaling Pathway (GO:0002431),-0.4878896108381652,-1.4101258277545656,1.004098e-01,6.715517e-01,1.000000e+00,6/16,20.15%,LIMK1;YES1;LYN;VAV3;PAK1;PLA2G6
prerank,Negative Regulation Of Kinase Activity (GO:0033673),0.3863799196001232,1.409264150335464,5.220884e-02,6.228281e-01,1.000000e+00,10/40,9.88%,PPP2R5A;TAF7;TRIM27;PTPRC;HSPB1;PAK2;CDKN1B;QARS1;GSKIP;TARBP2
prerank,Cilium Organization (GO:0044782),0.31043092028221164,1.4092300392395283,9.803922e-03,6.151641e-01,1.000000e+00,53/133,28.28%,ARF4;CILK1;CEP250;EHD1;CCDC66;WDR54;MBD1;ACTR3;ARL13B;KIF3B;SEPTIN2;NUDCD3;IFT57;PCNT;CEP290;RILPL2;CEP78;ACTR2;WDPCP;CEP20;BBS2;SCLT1;RAB8B;KIAA0586;HDAC6;DYNC2I1;NME8;TMEM216;IQCG;PTPN23;ARMC2;IFT27;TBC1D31;NPHP3;CEP162;DYNC2H1;SEPTIN7;BBS9;CEP89;TCTN3;CEP126;CCDC32;IFT88;ATP6V1D;TOGARAM1;CPLANE1;CFAP298;IQCB1;PHIP;TMEM67;SEPTIN6;CCDC65;RP2
prerank,Response To Cytokine (GO:0034097),-0.33657059283728946,-1.4084819996390432,4.322200e-02,6.693899e-01,1.000000e+00,24/76,21.88%,SLC22A5;MAPKAPK2;MX2;GCH1;TIMP1;LGALS9;MAP2K7;PRKCA;CASP3;IFNLR1;TNFRSF11A;NFKB1;ISG15;DDOST;TLE5;IRAK1;REL;BST2;PLSCR1;RELB;MX1;CDK9;EIF2AK2;IKBKE
prerank,Response To Retinoic Acid (GO:0032526),-0.44724525984776653,-1.408253469200252,8.067941e-02,6.614234e-01,1.000000e+00,11/21,22.25%,SNW1;CDKN2D;POLR2D;NDUFA13;MICB;TWF2;LYN;TESC;ASXL1;HTRA2;TMEM161A
prerank,Lysosomal Lumen Acidification (GO:0007042),-0.47986584790572717,-1.4080965081527756,8.722110e-02,6.535432e-01,1.000000e+00,4/17,8.03%,TCIRG1;ATP6V1H;RNASEK;ATP6V0C
prerank,Regulation Of Cytokinesis (GO:0032465),-0.37438111575290167,-1.40391801454197,7.218684e-02,6.624173e-01,1.000000e+00,17/47,19.84%,CDC42;GIT1;CALM3;KIF13A;RAB11FIP4;CUL3;PIN1;PKN2;BECN1;GIPC1;CDC14A;RAB11FIP3;CALM1;PDXP;VPS4A;FLCN;ZFYVE26
prerank,Negative Regulation Of Cellular Component Organization (GO:0051129),-0.364853039214303,-1.4037135766546616,4.980080e-02,6.548155e-01,1.000000e+00,9/47,9.13%,LGALS3;CDC42;RTEL1;ULK1;CARMIL2;SPRY2;DNAJB6;TFIP11;RIOK3
prerank,Regulation Of RNA Metabolic Process (GO:0051252),-0.33298594219342975,-1.4034928775511801,2.549020e-02,6.476100e-01,1.000000e+00,24/74,16.57%,YTHDF2;CLK3;CCNL2;RBM38;TAF10;CLK1;TRA2B;PTBP1;ZNF326;HNRNPH1;TADA2B;OAS1;MCM2;PQBP1;FAM50A;HNRNPL;ZC3H10;CLK4;RBM12;TAF6L;PTBP2;GRSF1;USP36;MBNL3
prerank,Regulation Of Stress Fiber Assembly (GO:0051492),-0.3805586388199104,-1.402649516085272,5.450734e-02,6.428230e-01,1.000000e+00,14/42,19.23%,LIMK1;INPP5K;CDC42;RAC1;RHOC;PIK3R1;SORBS3;SLC9A1;S100A10;TESK1;ARHGEF10;EVL;PAK1;PFN1
prerank,Regulation Of Autophagosome Maturation (GO:1901096),0.4932486813835364,1.4020265118378443,8.467742e-02,6.367404e-01,1.000000e+00,7/15,18.40%,TECPR1;ATG5;TBC1D25;CLEC16A;RUBCN;UVRAG;CALCOCO2
prerank,Extracellular Matrix Organization (GO:0030198),-0.39171321337123893,-1.4014842768513032,7.662083e-02,6.397247e-01,1.000000e+00,7/36,10.64%,MMP23B;FURIN;TGFB1;FLOT1;QSOX1;CTSS;ADAMTS10
prerank,Canonical Wnt Signaling Pathway (GO:0060070),-0.44121981770197954,-1.399078382988893,8.245243e-02,6.415092e-01,1.000000e+00,6/21,15.95%,TCF7;RYK;GATA3;FRAT2;FZD3;CSNK1E
prerank,Regulation Of MAPK Cascade (GO:0043408),0.32430925161523355,1.398752033581567,2.600000e-02,6.418558e-01,1.000000e+00,18/90,6.29%,STK4;RASGRP1;PTPRC;TNIK;LBH;MAP2K1;NBR1;YWHAZ;ADRB2;PHB2;STYX;SOD1;WDR54;APIP;PAK2;DUSP16;GRAP2;ERBB2
prerank,miRNA Processing (GO:0035196),0.4214161100009493,1.398034112832308,7.074570e-02,6.366840e-01,1.000000e+00,11/29,19.32%,DDX5;HNRNPA2B1;DGCR8;TARBP2;TUT7;BCDIN3D;PUM1;ZC3H7A;SMAD3;SPOUT1;DROSHA
prerank,Regulation Of Transcription By RNA Polymerase III (GO:0006359),0.4328283355330454,1.3957523035673602,1.007752e-01,6.376449e-01,1.000000e+00,11/24,21.52%,SMARCA5;ZNF143;BAZ1B;ZC3H8;DHX36;DEK;ICE2;MTOR;DDX21;ZNF76;ICE1
prerank,Negative Regulation Of Autophagy (GO:0010507),0.3723967910435383,1.3949977369724025,5.925926e-02,6.329984e-01,1.000000e+00,15/44,20.11%,STAT3;TRIM27;RRAGA;IL10RA;MCL1;KLHL22;CTSA;RUBCN;EIF4G1;PIK3CA;EIF4G3;MTOR;PTPN22;RRAGB;EIF4G2
prerank,Autophagy Of Nucleus (GO:0044804),-0.4949737753177956,-1.3929321589695314,1.111111e-01,6.563869e-01,1.000000e+00,5/15,10.70%,WDR45B;ULK1;ATG7;ATG2A;WIPI1
prerank,Cellular Response To Chemokine (GO:1990869),-0.4465353760151548,-1.3911984288852786,8.401639e-02,6.553008e-01,1.000000e+00,5/21,9.06%,XCL1;ZC3H12A;XCL2;CCL5;CCL4
prerank,Positive Regulation Of Lymphocyte Activation (GO:0051251),0.43992969198912757,1.3909018159998225,8.413002e-02,6.412492e-01,1.000000e+00,8/22,14.96%,NCKAP1L;PRKCQ;PRKDC;XRCC6;CD47;FCHO1;LCK;ZNF335
prerank,Double-Strand Break Repair (GO:0006302),0.30627696549487443,1.3891380395708814,9.140768e-03,6.404842e-01,1.000000e+00,41/132,25.36%,RECQL;XRCC5;TDP2;NSMCE3;AP5S1;PRKDC;SETX;SMC6;XRCC6;HPF1;RPA3;CYREN;PPP4C;REV3L;TDP1;PARP1;VCP;RPA2;DCLRE1A;RAD52;MORF4L1;HELQ;MRE11;GEN1;SLF1;ATM;YY1;NUCKS1;SFPQ;RNF8;POLM;RAD51C;MRPL36;POLL;HMGB1;NSD2;SMARCAD1;SMARCAL1;SFR1;BLM;RAD21
prerank,Mitochondrial Respiratory Chain Complex Assembly (GO:0033108),-0.3241447551973543,-1.388312046441742,4.684318e-02,6.580530e-01,1.000000e+00,25/89,20.73%,BCS1L;NDUFB7;NDUFA1;PET100;NDUFC2;UQCRFS1;NDUFA13;COX19;NDUFB6;NDUFB1;NDUFB8;SDHAF2;SURF1;FASTKD3;NDUFA10;UQCC3;NDUFB11;COA1;NDUFA9;NDUFS3;TIMM21;COX16;NDUFB9;NDUFA5;NDUFS8
prerank,Histone H2A Acetylation (GO:0043968),0.4477573330390531,1.3854271481682638,1.031746e-01,6.478779e-01,1.000000e+00,13/20,29.38%,MORF4L2;MSL3;BRD8;TRRAP;EP400;RUVBL1;MORF4L1;NAA40;MRGBP;ACTL6A;EPC2;VPS72;DMAP1
prerank,Cellular Response To Virus (GO:0098586),-0.4015741577630081,-1.383979232368314,8.405172e-02,6.671307e-01,1.000000e+00,10/31,9.13%,ZC3H12A;IFNGR1;LGALS9;EIF5A;OAS1;LGALS8;CCL5;IFNLR1;IFI6;RIOK3
prerank,Positive Regulation Of Tumor Necrosis Factor Production (GO:0032760),0.36171701606945816,1.3815577603944822,5.009276e-02,6.555962e-01,1.000000e+00,21/47,30.26%,RASGRP1;STAT3;PTPRC;ARHGEF2;HSPB1;IFNG;PSEN1;RIPK1;HAVCR2;DDT;RIGI;CD2;PTPN11;TIRAP;HMGB1;FADD;FCGR3A;FRMD8;SPN;PLCG2;SPHK2
prerank,Telomere Maintenance (GO:0000723),0.35302530305113733,1.381443169668596,5.200000e-02,6.487972e-01,1.000000e+00,23/56,26.52%,UCHL5;XRCC5;PRKDC;SMC6;XRCC6;INO80D;PTGES3;RPA3;PARP1;RPA2;INO80B;RUVBL1;PTEN;SP100;MRE11;ATM;YY1;TERF2IP;ACTL6A;BLM;TENM1;ZNF827;RPA1
prerank,Maturation Of LSU-rRNA (GO:0000470),0.47095994223155335,1.3812703022916248,9.902913e-02,6.424676e-01,1.000000e+00,4/17,13.21%,DDX18;NSA2;PES1;RBM34
prerank,Nucleosome Organization (GO:0034728),0.3560688097483444,1.3804497059718919,5.430712e-02,6.389030e-01,1.000000e+00,22/57,22.65%,NAP1L4;H2BC15;SMARCA5;RBBP4;SMARCC2;CHAF1B;DAXX;ASF1A;SMARCC1;ATRX;HAT1;NAP1L1;NPM1;SUPT16H;SSRP1;BAZ1A;ARID2;NASP;SART3;SUPT6H;HMGA1;H2BC9
prerank,Regulation Of Protein-Containing Complex Disassembly (GO:0043244),0.48147379077826213,1.3796556513332585,1.065089e-01,6.349454e-01,1.000000e+00,7/16,16.86%,TECPR1;ATG5;TBC1D25;BNIP3;CLEC16A;HDAC6;GSPT1
prerank,Vesicle Cargo Loading (GO:0035459),-0.45898080411347386,-1.378800294435672,9.832636e-02,6.796816e-01,1.000000e+00,9/18,13.31%,RAB1A;SEC24C;TMED10;KIF13A;SEC24B;TBC1D20;SEC24A;TMED2;SEC13
prerank,Regulation Of Macrophage Activation (GO:0043030),-0.47841939665174615,-1.3781103759708808,9.400000e-02,6.750225e-01,1.000000e+00,4/16,6.82%,ZC3H12A;TNIP2;SHPK;KARS1
prerank,COPII-coated Vesicle Budding (GO:0090114),-0.3889536677051174,-1.3780278867310831,7.831325e-02,6.678431e-01,1.000000e+00,12/35,10.76%,RAB1A;SEC24C;TMED10;TRAPPC2L;TRAPPC6A;SEC24B;CSNK1D;CUL3;TBC1D20;SEC24A;TMED2;TRAPPC5
prerank,Organophosphate Biosynthetic Process (GO:0090407),0.43874971745280106,1.376918185121147,8.255159e-02,6.387969e-01,1.000000e+00,6/22,11.14%,DCK;TPK1;PIP5K1A;LPCAT1;GPHN;ITPKB
prerank,Regulation Of Actin Filament Bundle Assembly (GO:0032231),-0.48348966979023733,-1.3765421128880713,1.092784e-01,6.666347e-01,1.000000e+00,4/15,10.48%,LIMK1;CDC42;RAC1;SLC9A1
prerank,Transcription Initiation At RNA Polymerase II Promoter (GO:0006367),-0.34262106609862875,-1.3759165368118424,4.925054e-02,6.617873e-01,1.000000e+00,15/60,14.08%,MAZ;ELOA;MED10;TAF11;TAF10;ERCC3;MED30;POLR2D;ELOB;POLR2G;TAF4;TAF6L;CDK7;MED4;MED19
prerank,Cellular Response To Ketone (GO:1901655),0.44552934822689894,1.3750962971538399,9.411765e-02,6.392666e-01,1.000000e+00,12/20,30.69%,GOLPH3;PTGER2;CREB1;AKR1C3;ROCK2;MSN;TRERF1;KLF9;AHR;SPHK2;MAP4K1;PCK2
prerank,Protein Targeting To Mitochondrion (GO:0006626),-0.35468356169475873,-1.3748719887317546,4.703476e-02,6.584414e-01,1.000000e+00,17/55,18.69%,GRPEL2;TIMM17A;TIMM23;TIMM8B;MTX1;NDUFA13;TOMM22;GRPEL1;TIMM8A;TIMM23B;TSPO;TIMM22;TIMM21;TOMM5;TOMM40;ROMO1;PMPCA
prerank,Regulation Of Cyclin-Dependent Protein Serine/Threonine Kinase Activity (GO:0000079),-0.367944847575387,-1.3732844619730709,5.508475e-02,6.575032e-01,1.000000e+00,17/45,16.85%,AKT1;BCCIP;HEXIM1;CDKN2D;SERTAD1;HHEX;LATS1;CDK5RAP1;MNAT1;PKD2;CCNT1;CDK7;GTPBP4;HERC5;CDC37;CCNT2;LATS2
prerank,Establishment Of Vesicle Localization (GO:0051650),0.4882459079664834,1.3718601302873967,1.125704e-01,6.447624e-01,1.000000e+00,3/15,3.37%,SPG11;COPS5;RAB11A
prerank,tRNA Aminoacylation (GO:0043039),0.4533270210393117,1.3717059014292883,1.006036e-01,6.386057e-01,1.000000e+00,11/20,35.21%,QARS1;RARS2;EPRS1;IARS2;WARS2;MARS2;IARS1;VARS1;GATC;HARS2;NARS1
prerank,Negative Regulation Of Stem Cell Population Maintenance (GO:1902455),0.46202091063070216,1.371203628983864,9.795918e-02,6.340111e-01,1.000000e+00,3/17,2.88%,HDAC1;RBBP4;ZNF706
prerank,Glutamine Family Amino Acid Metabolic Process (GO:0009064),0.4510748377593247,1.370795964406602,1.139489e-01,6.290190e-01,1.000000e+00,7/18,26.22%,NIT2;GCLM;MTHFS;ADSL;GLUD1;ALDH18A1;ALDH5A1
prerank,Regulation Of Osteoblast Differentiation (GO:0045667),-0.4087975376886614,-1.3704463827578948,7.751938e-02,6.613501e-01,1.000000e+00,8/29,11.63%,ATF4;CRIM1;TENT5A;FBXO5;PRKACA;NOTCH1;HDAC9;NOCT
prerank,Regulation Of DNA Damage Checkpoint (GO:2000001),0.48475734972975765,1.3701509712294466,1.117534e-01,6.252334e-01,1.000000e+00,8/15,33.90%,RPA2;CCAR2;TELO2;ETAA1;TTI1;THOC5;TTI2;BARD1
prerank,mRNA Transport (GO:0051028),-0.35605269358190944,-1.3694673638138481,7.526882e-02,6.582636e-01,1.000000e+00,12/51,11.55%,RBM8A;ALYREF;DDX19B;MAGOH;SARNP;DDX39A;THOC7;HHEX;NCBP1;NUP133;NCBP3;ALKBH5
prerank,Aerobic Respiration (GO:0009060),-0.3475452937710644,-1.369372976617255,6.779661e-02,6.518282e-01,1.000000e+00,21/57,20.73%,NDUFB7;NDUFA1;NDUFC2;ME3;NDUFA13;SDHB;NDUFB6;NDUFB1;NDUFA12;NDUFB8;SURF1;NDUFA10;NDUFB11;NDUFS6;NDUFA9;NDUFS3;TEFM;UQCRC1;NDUFB9;NDUFA5;NDUFS8
prerank,Mitochondrial Cytochrome C Oxidase Assembly (GO:0033617),-0.4430489436555598,-1.3684214405562298,9.347826e-02,6.488071e-01,1.000000e+00,9/22,25.42%,PET100;COX19;SURF1;FASTKD3;COA1;TIMM21;COX16;STMP1;SCO1
prerank,Positive Regulation Of ERK1 And ERK2 Cascade (GO:0070374),-0.34102302883914726,-1.3669318068115623,6.324111e-02,6.484824e-01,1.000000e+00,18/60,13.41%,XCL1;SPRY2;FBXW7;GPR183;TGFB1;LGALS9;GLIPR2;MAP2K7;XCL2;PRKCA;CCL5;NOTCH1;TNFRSF11A;CCL4;PRXL2C;DENND2B;HLA-DRB1;ALKAL2
prerank,Positive Regulation Of Glucose Transmembrane Transport (GO:0010828),-0.478496841146462,-1.3667267304638577,1.252525e-01,6.427813e-01,1.000000e+00,5/15,15.65%,AKT1;IRS2;RHOQ;PIK3R1;BRAF
prerank,Regulation Of Macromolecule Metabolic Process (GO:0060255),0.32314858361222265,1.3655182183936883,4.380952e-02,6.372472e-01,1.000000e+00,17/85,7.64%,TRIM4;HMG20A;PTPRC;ZFP36L1;BMI1;HNRNPD;TOB2;TOB1;COQ7;MTMR4;MARF1;NPAT;DAXX;UBAP2;ZNF683;PSEN1;HIF1A
prerank,Chromatin Organization (GO:0006325),0.27833578886194105,1.3653203504345446,1.688555e-02,6.317801e-01,1.000000e+00,64/215,20.31%,UCHL5;HDAC1;HDGFL2;HMG20A;NAP1L4;H2BC15;SMARCA5;RBBP4;SMARCC2;BMI1;PBRM1;GATAD1;BAZ1B;EZH1;INO80D;HCFC2;CHAF1B;PIH1D1;HDAC8;DAXX;ANP32B;ZNF274;EHMT1;ASF1A;SMARCC1;ATRX;DEK;NUDT5;HDAC5;PARP10;HAT1;KDM5A;CBX3;SUPT4H1;INO80B;RUVBL1;PSIP1;IWS1;KDM4B;PHF19;GET1;HMGN4;NAP1L1;NPM1;KAT2A;SUPT16H;BCOR;MTA2;MIER1;SSRP1;REST;BAZ1A;ARID2;RB1;NASP;YY1;TADA2A;KDM5C;SART3;NUCKS1;SMARCA2;SFPQ;LRWD1;DDX21
prerank,Regulation Of mRNA Processing (GO:0050684),-0.3978999625177641,-1.365084767755702,8.984375e-02,6.426248e-01,1.000000e+00,6/31,2.65%,RBM8A;JMJD6;SRSF10;MAGOH;QKI;RBM39
prerank,Positive Regulation Of Lamellipodium Assembly (GO:0010592),-0.46912587163827774,-1.3648464840821009,1.004367e-01,6.371839e-01,1.000000e+00,7/16,13.15%,CDC42;CARMIL2;RAC1;AUTS2;PIK3R1;TWF2;ARPC2
prerank,Non-Membrane-Bounded Organelle Assembly (GO:0140694),0.3197158084538521,1.3647060945714777,4.545455e-02,6.279178e-01,1.000000e+00,21/87,13.18%,G3BP1;NUP62;TIA1;TMOD3;FLII;CSDE1;CAPRIN1;PATL2;NEK7;EIF2S1;MAPRE2;EIF4ENIF1;E2F4;BSCL2;ATXN2;G3BP2;HAUS1;HAUS4;LSM14A;NPM1;BIN2
prerank,Neuron Differentiation (GO:0030182),-0.3566175810583405,-1.3644449063106252,6.680162e-02,6.325495e-01,1.000000e+00,15/50,14.90%,RUNX3;BCCIP;RYK;LDB1;DDIT4;ERCC3;ID2;MYEF2;PIN1;CASP3;IER2;PBX4;FZD3;HS6ST1;OPHN1
prerank,Actin Filament Polymerization (GO:0030041),-0.4583972733791558,-1.3620064959715525,9.746589e-02,6.358968e-01,1.000000e+00,5/17,3.86%,PSTPIP1;CORO7;TTC17;PREX1;RAC1
prerank,Positive Regulation Of DNA Recombination (GO:0045911),0.36519397149173405,1.3616402446503542,6.586826e-02,6.331186e-01,1.000000e+00,21/44,29.38%,HDGFL2;HMCES;MORF4L2;BRD8;TRRAP;EP400;PARP1;RUVBL1;ACTR2;MORF4L1;WRAP53;HELQ;ARID2;TIMELESS;MRGBP;ACTL6A;KMT5C;EPC2;ERCC6;VPS72;DMAP1
prerank,Positive Regulation Of Tumor Necrosis Factor Superfamily Cytokine Production (GO:1903557),0.35528187151238894,1.3612620178302923,6.355140e-02,6.283278e-01,1.000000e+00,21/48,30.26%,RASGRP1;STAT3;PTPRC;ARHGEF2;HSPB1;IFNG;PSEN1;RIPK1;HAVCR2;DDT;RIGI;CD2;PTPN11;TIRAP;HMGB1;FADD;FCGR3A;FRMD8;SPN;PLCG2;SPHK2
prerank,RNA Processing (GO:0006396),-0.28968330946172216,-1.3600356249521033,1.006036e-02,6.371770e-01,1.000000e+00,39/167,13.95%,DNTTIP2;U2AF2;RBM8A;RBM3;TENT4B;MAGOH;RBM5;ADARB1;PRPF18;PPP1R9B;AKAP8L;RBM39;PPP2CA;SLU7;RP9;HNRNPH1;EXOSC10;PRKACA;RNPS1;FASTKD5;HNRNPL;DUSP11;NCBP1;TFIP11;SRSF9;FASTKD3;DHX8;PABPN1;SNRPD1;NUDT21;FBXO11;SRSF5;SNRNP25;ALKBH5;SRSF2;ZCRB1;CPSF6;DEDD2;LSM1
prerank,Negative Regulation Of Transferase Activity (GO:0051348),-0.4059432922036527,-1.3589345897241012,8.316430e-02,6.351253e-01,1.000000e+00,6/28,8.38%,LIMK1;INPP5K;TERF1;IRS2;FBXO5;GSK3A
prerank,NIK/NF-kappaB Signaling (GO:0038061),-0.4170811717743616,-1.3575215936333807,8.936170e-02,6.343649e-01,1.000000e+00,8/25,18.03%,CREBBP;BIRC2;COPS8;NFKB1;IRAK1;REL;BIRC3;RELB
prerank,Positive Regulation Of Cell-Matrix Adhesion (GO:0001954),-0.46129846100318006,-1.3572884682486135,1.010309e-01,6.293505e-01,1.000000e+00,11/18,32.31%,RAC1;ENC1;PTPRJ;S100A10;GFUS;TSC1;CIB1;PLEKHA2;EFEMP2;PTK2B;GSK3B
prerank,Organonitrogen Compound Biosynthetic Process (GO:1901566),0.34372766062406174,1.3570543941925797,6.026365e-02,6.383995e-01,1.000000e+00,19/63,17.19%,GOLPH3;TNIP1;ELOVL6;GPAT4;TYW1;ABHD3;HACD2;KDSR;LPCAT3;GPHN;PRKD3;SLC44A2;PCSK5;TYW5;ALAS1;AKR1A1;PRKD2;TYW3;PPM1L
prerank,Establishment Of Protein Localization To Mitochondrion (GO:0072655),-0.3729004049657637,-1.3545122883518528,6.652807e-02,6.332264e-01,1.000000e+00,14/40,18.28%,GRPEL2;TIMM17A;AKT1;TIMM23;TIMM8B;TOMM22;GRPEL1;TIMM23B;TSPO;PINK1;TIMM21;TOMM5;TOMM40;ROMO1
prerank,"Nuclear-Transcribed mRNA Catabolic Process, Nonsense-Mediated Decay (GO:0000184)",-0.39492962435501,-1.3541096778354238,7.952286e-02,6.288479e-01,1.000000e+00,5/28,7.94%,RBM8A;MAGOH;ZC3H12A;RNPS1;NCBP1
prerank,protein-DNA Complex Disassembly (GO:0032986),0.4817866855823117,1.3539832854981286,1.281071e-01,6.444816e-01,1.000000e+00,8/15,31.22%,SMARCC2;SMARCC1;SUPT16H;SSRP1;ARID2;HMGA1;SET;MYC
prerank,tRNA Aminoacylation For Protein Translation (GO:0006418),0.3812732249209825,1.35375693397018,1.053604e-01,6.394580e-01,1.000000e+00,11/33,20.74%,DARS1;QARS1;SARS1;RARS2;EPRS1;CARS1;TARS3;FARSA;IARS2;WARS2;MARS2
prerank,Response To Type II Interferon (GO:0034341),-0.3790138188447234,-1.353680965566845,8.817635e-02,6.247619e-01,1.000000e+00,11/36,15.79%,SLC22A5;XCL1;GCH1;LGALS9;DAPK3;XCL2;CCL5;CCL4;GAPDH;CALM1;BST2
prerank,Regulation Of DNA Binding (GO:0051101),-0.3996954135338033,-1.3534057915061242,8.913043e-02,6.201044e-01,1.000000e+00,11/29,21.75%,NME1;CEBPG;CSNK2B;TGFB1;SUMO3;ILRUN;SUMO1;EDF1;TXN;DOT1L;RSF1
prerank,Regulation Of Cell Development (GO:0060284),-0.3958409077303753,-1.3514296408811457,7.889546e-02,6.218443e-01,1.000000e+00,7/30,11.76%,YTHDF2;AKT1;HDAC9;BMAL1;HES6;BRD1;S100A10
prerank,Synapse Organization (GO:0050808),0.41677813388348584,1.3501995505586593,1.121857e-01,6.468170e-01,1.000000e+00,12/26,18.29%,CHCHD10;CAST;PSEN1;CX3CR1;SPOCK2;GPHN;F2R;PTEN;APPL1;PPFIA1;REST;RAB29
prerank,Mitochondrial Respiratory Chain Complex I Assembly (GO:0032981),-0.3522094426033725,-1.349950652081541,7.724426e-02,6.161139e-01,1.000000e+00,17/53,20.73%,BCS1L;NDUFB7;NDUFA1;NDUFC2;NDUFA13;NDUFB6;NDUFB1;NDUFB8;NDUFA10;NDUFB11;COA1;NDUFA9;NDUFS3;TIMM21;NDUFB9;NDUFA5;NDUFS8
prerank,NADH Dehydrogenase Complex Assembly (GO:0010257),-0.3522094426033725,-1.349950652081541,7.724426e-02,6.161139e-01,1.000000e+00,17/53,20.73%,BCS1L;NDUFB7;NDUFA1;NDUFC2;NDUFA13;NDUFB6;NDUFB1;NDUFB8;NDUFA10;NDUFB11;COA1;NDUFA9;NDUFS3;TIMM21;NDUFB9;NDUFA5;NDUFS8
prerank,DNA Metabolic Process (GO:0006259),0.2730333593726183,1.3493642133089,5.524862e-03,6.438933e-01,1.000000e+00,74/235,26.57%,UCHL5;RECQL;XRCC5;NSMCE3;SMARCA5;PRKDC;RBMS1;XRCC6;HPF1;INO80D;PTGES3;RPA3;PARP4;DUT;ISG20;MCM3;RFC5;GTF2H1;DDB2;RFC4;UBE2B;TDP1;ASF1A;ATRX;GTF2H3;CNBP;TRRAP;RAN;EP400;PARP1;VCP;RPA2;INO80B;RRM1;RUVBL1;RAD52;LIG1;SMC1A;REV1;NAP1L1;PARG;NPM1;RAD17;MSH3;UVRAG;SP100;ATRIP;MRE11;GEN1;ATM;YY1;REXO4;TIMELESS;LRWD1;RAD51C;TBRG1;RAD18;MRPL36;POLL;HMGB1;POLI;SMARCAD1;HLTF;SMARCAL1;RNASEH2A;TERF2IP;ACTL6A;BLM;RAD21;KMT5C;PURA;ZNF827;RPA1;XPC
prerank,"RNA Splicing, Via Transesterification Reactions With Bulged Adenosine As Nucleophile (GO:0000377)",-0.2838709397539507,-1.3480538084221965,2.263374e-02,6.173365e-01,1.000000e+00,31/168,11.70%,U2AF2;SF3B6;RBM8A;FRG1;CRNKL1;SRSF10;MAGOH;RBM5;SNRNP27;CWC25;PHF5A;SNW1;CWC15;BUD31;SYF2;EFTUD2;TRA2B;SLU7;SNRPB2;HNRNPH1;DDX39A;RNPS1;PIN1;CTNNBL1;NCBP1;TFIP11;SRSF9;DHX8;SNRPD1;SRSF5;SRSF2
prerank,Regulation Of calcineurin-NFAT Signaling Cascade (GO:0070884),0.4326541773898115,1.347920201170928,1.075472e-01,6.432611e-01,1.000000e+00,4/20,6.70%,PPP3CB;PPP3CC;ATP2B4;PPP3R1
prerank,Regulation Of Organelle Assembly (GO:1902115),0.34386550272761396,1.345583294527664,6.012024e-02,6.460380e-01,1.000000e+00,21/54,28.19%,SENP6;TRAPPC12;ATG5;PIKFYVE;RABEP2;WDPCP;NPM1;SPICE1;KIF9;EZR;IFT88;CEP76;CDKL1;STX18;TBC1D10B;TBC1D1;MSN;TBC1D10C;PDCD6IP;TBC1D22B;TBC1D14
prerank,Protein Transport (GO:0015031),0.2709034293592959,1.34481725477643,1.207243e-02,6.430699e-01,1.000000e+00,52/236,14.20%,GOLPH3;MIA3;TLK1;ARF4;ARL6IP5;PREB;GCC2;SCAMP1;SNX6;HIKESHI;ARHGEF2;IL10RA;VPS33A;EHD1;STX2;RAB10;SNX18;PRF1;DNAJC19;KIF3B;ARCN1;SNX27;USO1;CLTC;TVP23B;ARHGAP1;HERC2;MYO6;GSDMD;SCAMP2;SLC10A7;YWHAH;CTSA;STXBP3;CHMP1A;VPS35;SNX17;CEP290;COG7;VAMP2;SNX1;BBS2;NPM1;SNX8;BLZF1;TMEM167A;RAB8B;ARFIP1;PICK1;RAB28;HDAC6;LAPTM5
prerank,Regulation Of Telomere Maintenance (GO:0032204),0.371520151856765,1.3446894408144754,8.928571e-02,6.378888e-01,1.000000e+00,9/38,7.58%,PPP1R10;XRCC5;NSMCE3;SMC6;HNRNPD;HDAC8;SMG1;DHX36;ATRX
prerank,Regulation Of Focal Adhesion Assembly (GO:0051893),-0.38797533727617894,-1.3441696023634995,7.707911e-02,6.249810e-01,1.000000e+00,8/32,11.76%,LDB1;RAC1;PTPRJ;DUSP22;DAPK3;SLC9A1;DMTN;S100A10
prerank,Mitotic Nuclear Division (GO:0140014),0.382167225831289,1.3435644098019999,1.018868e-01,6.366217e-01,1.000000e+00,15/31,31.38%,NSL1;NUP62;NDEL1;KIF3B;KLHL22;RAN;SMC1A;ZW10;CHMP7;SPAST;CLASP2;NDC80;CENPK;WAPL;NCAPG2
prerank,Neutrophil Migration (GO:1990266),0.3942819016472176,1.343210857708073,9.161793e-02,6.322550e-01,1.000000e+00,8/29,7.71%,S100A8;PIK3CD;NCKAP1L;S100A9;PIK3CG;CXCR2;PIKFYVE;IRAK4
prerank,Negative Regulation Of Gene Expression (GO:0010629),0.2747006624588593,1.3421895248238864,2.873563e-02,6.307840e-01,1.000000e+00,49/204,14.52%,CNOT7;PRKAR1A;HDAC1;STAT3;PPP1R11;TRIM27;RBL2;BMI1;TIA1;PDCD10;DIP2A;CAPRIN1;TOB1;GZMB;ATP2B4;IFNG;PATL2;TMBIM6;CITED2;DAXX;MECP2;ASB1;LSM5;DHX36;BMPR1A;EIF4ENIF1;NPTN;PSEN1;HIF1A;CREBZF;PARP10;SETDB2;HAVCR2;FCGR2B;CHMP1A;PHF19;ADAM10;BTN2A2;SYNCRIP;NDFIP1;SND1;TASOR;LSM14A;EPRS1;RACK1;PABPC1;ZNF148;PUM1;YBX1
prerank,mRNA Destabilization (GO:0061157),-0.37809402592061475,-1.340671711135669,9.879032e-02,6.320241e-01,1.000000e+00,7/36,9.50%,YTHDF2;YTHDF3;ZC3H12A;YTHDF1;CNOT1;AGO4;AGO2
prerank,Positive Regulation Of Interleukin-6 Production (GO:0032755),0.3848996663971533,1.339968118244461,7.889908e-02,6.335747e-01,1.000000e+00,18/35,34.95%,STAT3;ARHGEF2;IFNG;F2R;RIGI;IL16;PTPN11;TIRAP;HMGB1;AKIRIN2;MAPK13;PLCG2;SPHK2;XBP1;CYBA;TNF;MAVS;HSPD1
prerank,Neutrophil Chemotaxis (GO:0030593),0.40367529159776017,1.3396739124295864,1.031128e-01,6.293927e-01,1.000000e+00,7/27,5.01%,S100A8;PIK3CD;NCKAP1L;S100A9;PIK3CG;CXCR2;PIKFYVE
prerank,Positive Regulation Of RNA Metabolic Process (GO:0051254),-0.3905764594219938,-1.3392119749634201,1.172708e-01,6.319730e-01,1.000000e+00,6/31,9.53%,U2AF2;ZPR1;SUPV3L1;ERN1;PIK3R1;NFKB1
prerank,Cellular Response To Tumor Necrosis Factor (GO:0071356),-0.3331647069644347,-1.3376578449609733,5.473684e-02,6.323008e-01,1.000000e+00,13/65,9.59%,INPP5K;XCL1;AKT1;ZC3H12A;GATA3;COMMD7;EIF5A;BIRC2;XCL2;CCL5;TNFRSF11A;CCL4;ACTN4
prerank,Cellular Response To Interleukin-1 (GO:0071347),-0.37177365848068256,-1.3375982274965421,1.032389e-01,6.272798e-01,1.000000e+00,11/38,14.94%,XCL1;ZC3H12A;EGR1;TNIP2;XCL2;CCL5;CCL4;NFKB1;IKBKB;IRAK1;PLCB1
prerank,Positive Regulation Of Transcription By RNA Polymerase I (GO:0045943),0.3917221000019177,1.3369619887123674,7.839388e-02,6.345754e-01,1.000000e+00,7/30,7.68%,UBTF;SMARCA5;WDR75;BAZ1B;PIH1D1;ERBB2;DEK
prerank,Fat Cell Differentiation (GO:0045444),-0.37544559973667585,-1.3350872209949773,9.090909e-02,6.312668e-01,1.000000e+00,17/34,29.74%,CTBP1;METRNL;TMEM120A;ATF5;SLC39A13;SUMO1;PER2;NR4A2;CTBP2;SDF4;OSBPL11;CEBPA;ERAP1;MED1;ZNF516;TCF7L2;EP300
prerank,Regulation Of Protein Transport (GO:0051223),0.42410691524282573,1.3347754013530375,1.092437e-01,6.377309e-01,1.000000e+00,7/22,16.96%,NDEL1;SNX3;PTPN1;RHBDF2;NDFIP1;HSPA8;GAPVD1
prerank,Negative Regulation Of Signal Transduction By P53 Class Mediator (GO:1901797),0.47582630933143316,1.3343378069240643,1.135903e-01,6.340314e-01,1.000000e+00,4/15,12.00%,RFFL;ARMC10;MARCHF7;PSMD10
prerank,Regulation Of Cardiac Muscle Hypertrophy (GO:0010611),-0.45504142266472203,-1.334156213154485,1.334702e-01,6.291527e-01,1.000000e+00,5/15,10.48%,RGS2;P2RX4;PRKCA;NOTCH1;SLC9A1
prerank,Response To Peptide (GO:1901652),0.4395907138338044,1.334024079317298,1.213235e-01,6.299658e-01,1.000000e+00,5/19,12.87%,STAT3;STAT4;ERBIN;STAT5A;STAT6
prerank,Regulation Of Stress-Activated MAPK Cascade (GO:0032872),0.3761067239323708,1.333918129080523,9.494949e-02,6.252534e-01,1.000000e+00,9/33,12.89%,RASGRP1;ARL6IP5;PDCD10;COPS5;MAP2K1;NBR1;QARS1;TAOK1;TAOK3
prerank,Regulation Of Release Of Sequestered Calcium Ion Into Cytosol (GO:0051279),-0.43923592100515396,-1.3335432097530402,1.149897e-01,6.259085e-01,1.000000e+00,4/20,5.00%,XCL1;PDE4D;CALM3;PRKACA
prerank,Positive Regulation Of Dephosphorylation (GO:0035306),-0.4183795281636933,-1.3327893903417285,1.252610e-01,6.234916e-01,1.000000e+00,10/23,18.29%,NSMF;CALM3;TGFB1;PTBP1;PIN1;PTPA;RIPK3;CALM1;CNEP1R1;PPP1R16B
prerank,Protein Insertion Into Mitochondrial Membrane (GO:0051204),-0.41104639435012946,-1.3320634856273075,1.096774e-01,6.208676e-01,1.000000e+00,10/27,18.28%,TIMM8B;MTX1;NDUFA13;TOMM22;TIMM8A;MOAP1;TIMM22;TOMM5;TOMM40;ROMO1
prerank,Regulation Of Reactive Oxygen Species Metabolic Process (GO:2000377),0.3932681699356163,1.3316193556688494,9.090909e-02,6.285689e-01,1.000000e+00,7/31,10.69%,TGFBR2;MAPK14;ARF4;COQ7;PIKFYVE;RIPK1;STK17A
prerank,Protein Quality Control For Misfolded Or Incompletely Synthesized Proteins (GO:0006515),0.4079086240254449,1.3313621327110554,1.094050e-01,6.243738e-01,1.000000e+00,11/25,27.80%,ANKZF1;YME1L1;UGGT1;VCP;FBXL17;HDAC6;RNF185;OMA1;RNF5;TOR1A;ZER1
prerank,Negative Regulation Of Cell Growth (GO:0030308),-0.3176883697918437,-1.329850625411981,6.860707e-02,6.232054e-01,1.000000e+00,16/72,10.23%,BCL6;PPP1R9B;ULK1;SERTAD2;PPP2CA;TGFB1;CDKN2D;SERTAD3;NDUFA13;FBP1;NAIF1;PTPRJ;GSK3A;CGRRF1;TSPYL2;RTN4R
prerank,Chromatin Remodeling (GO:0006338),0.27678211933785113,1.3288172835882415,2.339181e-02,6.287907e-01,1.000000e+00,55/191,20.31%,UCHL5;HDAC1;HDGFL2;HP1BP3;SMARCA5;RBBP4;SMARCC2;BMI1;PBRM1;GATAD1;BAZ1B;EZH1;HPF1;INO80D;HCFC2;PIH1D1;DAXX;UBR5;ZNF274;ASF1A;SMARCC1;ATRX;DEK;NUDT5;HDAC5;SETDB2;KDM5A;CBX3;INO80B;RUVBL1;PSIP1;GLMN;IWS1;KDM4B;GET1;NPM1;KAT2A;BCOR;MTA2;MIER1;HDAC6;ZNF335;REST;BAZ1A;ARID2;RB1;YY1;TADA2A;KDM5C;SART3;SUPT6H;SMARCA2;SFPQ;RNF8;DDX21
prerank,Protein Alkylation (GO:0008213),0.4420342022430862,1.3266756352840552,1.285988e-01,6.313941e-01,1.000000e+00,11/19,30.77%,PRMT2;VCPKMT;FAM98A;GSPT1;LCMT1;CAMKMT;METTL22;EEF1AKMT2;PCMT1;SNRPD3;EEF2KMT
prerank,Response To Estrogen (GO:0043627),0.4461308059473552,1.3265286448431808,1.242830e-01,6.269812e-01,1.000000e+00,9/18,28.80%,SERPINB9;CITED2;WBP2;TRIM24;ASH2L;RARA;SFR1;PELP1;BCAS3
prerank,Double-Strand Break Repair Via Homologous Recombination (GO:0000724),0.31516553594142427,1.3258443454206317,5.185185e-02,6.245329e-01,1.000000e+00,36/85,34.81%,RECQL;NSMCE3;AP5S1;SMC6;RPA3;MCM3;PPP4C;REV3L;ATRX;RPA2;RAD52;MORF4L1;NIPBL;HELQ;MRE11;GEN1;SLF1;YY1;NUCKS1;SFPQ;RAD51C;POLL;SFR1;BLM;RAD21;RPA1;MCM6;NSMCE2;SAMHD1;ZMYND8;NSMCE1;ERCC4;EID3;KAT5;FBH1;INTS3
prerank,Protein Processing (GO:0016485),-0.33415699336905413,-1.3257295203001283,7.858546e-02,6.332971e-01,1.000000e+00,19/58,20.80%,SDE2;FXN;CPD;FURIN;RCE1;METAP2;CTSS;PIDD1;TMEM208;APH1A;CASP4;SPCS2;XPNPEP3;CLN3;SRGN;PCSK7;HTRA2;HM13;OGT
prerank,Axon Guidance (GO:0007411),-0.36149261595379134,-1.3245863612998028,9.650924e-02,6.320011e-01,1.000000e+00,13/40,16.97%,RYK;RNF165;RAC1;PLXNA4;SEMA4F;EPHA4;NOTCH1;NCAM1;PLXNA3;USP33;TRIO;OPHN1;ROBO3
prerank,Positive Regulation Of Cell Death (GO:0010942),0.39738386602392795,1.3222312158206895,1.161417e-01,6.326004e-01,1.000000e+00,9/27,18.61%,IFNG;DAXX;BNIP3;RIPK1;EIF4G1;HTATIP2;NTRK1;REST;CIDEB
prerank,Negative Regulation Of Protein Phosphorylation (GO:0001933),-0.3055494916030002,-1.321659900811581,7.414830e-02,6.378085e-01,1.000000e+00,23/88,15.63%,NCK2;INPP5K;AKT1;PDE4D;DGKQ;ZC3H12A;SPRY2;CALM3;TGFB1;LDLRAD4;GNAQ;TRIB2;PMEPA1;MVP;DMTN;PRKAG2;TESK1;LYN;GSTP1;CALM1;ATG14;DNAJC3;WARS1
prerank,Regulation Of Plasma Membrane Bounded Cell Projection Assembly (GO:0120032),-0.34304186723452357,-1.3215212651237425,9.836066e-02,6.334200e-01,1.000000e+00,10/47,15.04%,TWF1;CDC42;RAC1;P2RX4;TBC1D2B;TBC1D20;DMTN;TWF2;ARF6;TBC1D10A
prerank,Granulocyte Chemotaxis (GO:0071621),0.39084117829641474,1.319859563454652,1.142285e-01,6.360816e-01,1.000000e+00,7/30,5.01%,S100A8;PIK3CD;NCKAP1L;S100A9;PIK3CG;CXCR2;PIKFYVE
prerank,Glycerophospholipid Metabolic Process (GO:0006650),0.3890198355684445,1.3187007611124901,9.054326e-02,6.354521e-01,1.000000e+00,12/30,23.37%,PLEK;ABHD3;PIP5K1A;PLCG1;PAFAH1B1;FAR1;SMPD4;GDPD1;PIGV;PRDX6;ABHD6;HDHD5
prerank,Response To Interleukin-1 (GO:0070555),-0.3650502346117067,-1.318685900431661,9.282700e-02,6.385662e-01,1.000000e+00,11/39,13.67%,XCL1;ZC3H12A;LGALS9;XCL2;PRKCA;CCL5;TNFRSF11A;CCL4;NFKB1;TLE5;IRAK1
prerank,Negative Regulation Of Cellular Catabolic Process (GO:0031330),0.36012171361832335,1.3182695989737645,1.007905e-01,6.322603e-01,1.000000e+00,20/42,29.59%,STAT3;TRIM27;RRAGA;IL10RA;ATP2B4;MCL1;KLHL22;RUBCN;EIF4G1;EIF4G3;MTOR;PTPN22;RRAGB;EIF4G2;ROCK1;CPTP;MTMR2;TBC1D14;KDM4A;BCL2
prerank,poly(A)+ mRNA Export From Nucleus (GO:0016973),-0.4431214074030674,-1.3169797478766203,1.239316e-01,6.396110e-01,1.000000e+00,5/17,10.35%,DDX19B;SARNP;HHEX;NUP133;PABPN1
prerank,Regulation Of Defense Response (GO:0031347),-0.3324211048713787,-1.315668189279634,6.160164e-02,6.395321e-01,1.000000e+00,16/56,16.69%,XCL1;BCL6;BIRC2;SHPK;SBNO2;LRP8;BRD4;N4BP1;USP18;NR1D2;CASP4;NLRP2;SETD6;HERC5;BIRC3;NFE2L2
prerank,Glucose Metabolic Process (GO:0006006),-0.3594646370081598,-1.314352226127396,1.006160e-01,6.392176e-01,1.000000e+00,7/37,7.51%,ATF4;IRS2;POLR2D;OAS1;FBP1;ENO3;CRTC2
prerank,Positive Regulation Of Cellular Metabolic Process (GO:0031325),0.37453419619757755,1.3128702523085949,1.132812e-01,6.468412e-01,1.000000e+00,6/33,8.95%,TGFBR2;MAPK14;GHITM;IFNG;RIPK1;IFNAR1
prerank,Transcription By RNA Polymerase III (GO:0006383),0.40978503525058885,1.3120057685045043,1.153846e-01,6.454542e-01,1.000000e+00,14/27,30.39%,IVNS1ABP;ZFP36L1;TBP;ZC3H8;GTF3C2;ICE2;SNAPC3;ICE1;GTF3C6;RO60;POLR3K;GTF3C1;GTF3C3;GTF3A
prerank,Chordate Embryonic Development (GO:0043009),-0.41370457226162494,-1.3115296368122003,1.358025e-01,6.440637e-01,1.000000e+00,7/22,12.58%,TGFB1;GATA3;POLR2D;DEAF1;ZNF358;PKD2;XYLT1
prerank,Positive Regulation Of T Cell Migration (GO:2000406),-0.46022585780812,-1.31109294858407,1.607843e-01,6.408604e-01,1.000000e+00,3/15,6.92%,XCL1;XCL2;CCL5
prerank,Cellular Response To Fibroblast Growth Factor Stimulus (GO:0044344),0.43011331369428674,1.3086519915756538,1.398058e-01,6.524771e-01,1.000000e+00,4/20,4.55%,CEP57;ZFP36L1;SETX;CHURC1
prerank,Cytokine-Mediated Signaling Pathway (GO:0019221),-0.28845624616572374,-1.3076742309368519,4.056795e-02,6.478586e-01,1.000000e+00,30/118,16.70%,XCL1;AKT1;EGR1;CSNK2B;COMMD7;TNIP2;PRKACA;EIF5A;OAS1;BIRC2;PTPRJ;XCL2;CCL5;LRP8;IL4R;TNFRSF11A;IL15RA;CCL4;ACTN4;SOCS1;IKBKB;LYN;IRAK1;P4HB;IL18;PLCB1;TRAF1;BIRC3;TYK2;IL21R
prerank,Regulation Of Peptidyl-Tyrosine Phosphorylation (GO:0050730),-0.3645877572705978,-1.3075815166248994,9.236948e-02,6.435835e-01,1.000000e+00,9/37,11.18%,RAP2C;DGKQ;CD81;TGFB1;PDCL3;PTPRJ;LRP8;TNK2;DMTN
prerank,Regulation Of Peptide Hormone Secretion (GO:0090276),0.43696500561172835,1.3068354684931556,1.290944e-01,6.542419e-01,1.000000e+00,6/19,13.83%,PPP3CB;IFNG;HADHA;SLC25A22;UQCC2;PICK1
prerank,Negative Regulation Of Programmed Cell Death (GO:0043069),0.2629035550071373,1.3065136889255975,3.082852e-02,6.507713e-01,1.000000e+00,53/228,16.67%,SERPINB9;GOLPH3;HDAC1;ARF4;TM7SF3;NUP62;NCKAP1L;ARAF;PRKDC;PDCD10;SETX;COPS5;YWHAZ;PHB2;FCMR;ANXA5;HSPB1;TMBIM6;YME1L1;APIP;PAK2;MCL1;ATG5;CITED2;HNRNPK;ERBB2;ZFAND6;HIGD2A;PSEN1;BNIP3;ZNF830;HIPK3;BCL2L1;PIM1;RIPK1;GLO1;PRDX2;ITCH;NAA35;PSMD10;HTATIP2;NPM1;CD27;LAPTM5;RASA1;API5;TSC22D1;TPT1;NTRK1;MRE11;DNAJA3;CAT;PRDX3
prerank,Organic Substance Transport (GO:0071702),0.31306244101250996,1.3057539479241855,6.641366e-02,6.489936e-01,1.000000e+00,25/78,23.41%,MIA3;ARL6IP5;SCAMP1;HIKESHI;TAP1;SNX18;ATP2A3;PSEN1;SCAMP2;CHMP1A;CEP290;VAMP2;ABCA2;PICK1;MFSD12;TPT1;ARRDC3;SLC50A1;NMUR1;SNX4;SCAMP4;SLC29A3;DENND10;CD320;NME4
prerank,Sister Chromatid Segregation (GO:0000819),0.42031752150358614,1.30529044171205,1.176471e-01,6.461258e-01,1.000000e+00,10/21,31.38%,NSL1;KLHL22;RAN;SMC1A;ZW10;RB1;NDC80;CENPK;WAPL;NCAPG2
prerank,Protein K11-linked Ubiquitination (GO:0070979),0.4109557097663484,1.3050834482974982,1.257367e-01,6.422456e-01,1.000000e+00,11/24,29.58%,UBE2D4;UBE2H;ANAPC10;UBE2B;CDC26;CDC16;UBE2D3;UBE2L3;UBE2E3;UBE2A;ANAPC7
prerank,Nuclear Export (GO:0051168),0.35489890451087325,1.3048462420595242,8.183633e-02,6.385826e-01,1.000000e+00,8/44,8.26%,XPO1;STRADA;NUP62;CDKN1B;DESI1;RANBP3;CSE1L;RAN
prerank,Response To Unfolded Protein (GO:0006986),0.3723318324008,1.3041369404167642,1.332046e-01,6.366423e-01,1.000000e+00,7/34,8.25%,HSPA4;TM7SF3;HSPH1;HSPB1;TMBIM6;DAXX;PTPN1
prerank,Autophagy Of Mitochondrion (GO:0000422),-0.35853396824580347,-1.3028892373516028,8.506224e-02,6.551691e-01,1.000000e+00,13/40,15.44%,MAP1LC3B;WDR45B;ATG7;ATG2A;GABARAPL1;ATG4D;FUNDC2;WIPI1;BECN1;USP30;PINK1;ATG4B;ATG14
prerank,Protein Deacylation (GO:0035601),0.4352515413590324,1.3023767065388605,1.266795e-01,6.385918e-01,1.000000e+00,8/19,25.81%,HDAC1;HDAC6;ABHD17B;ABHD17C;LYPLA1;LYPLAL1;SIRT5;HDAC10
prerank,Protein Localization To Nucleus (GO:0034504),0.2949644232019167,1.299762289204192,6.066176e-02,6.430944e-01,1.000000e+00,16/102,9.60%,KPNB1;PPP1R10;STK4;KPNA3;STAT3;NUP62;NUP50;CHCHD10;HIKESHI;PHB2;PIKFYVE;EIF4ENIF1;CSE1L;RAN;IPO9;IPO8
prerank,Protein Import Into Mitochondrial Matrix (GO:0030150),-0.44233873202230356,-1.299204153813394,1.536842e-01,6.636649e-01,1.000000e+00,8/17,18.28%,GRPEL2;TIMM17A;TIMM23;GRPEL1;TIMM23B;TIMM21;TOMM40;ROMO1
prerank,Regulation Of Amyloid-Beta Formation (GO:1902003),-0.3978801778719488,-1.2989612454719284,1.336117e-01,6.599570e-01,1.000000e+00,6/24,8.38%,IFNGR1;TMED10;PIN1;EPHA4;CASP3;GSK3A
prerank,Regulation Of Axon Extension (GO:0030516),-0.44560019137192797,-1.2976433891699635,1.333333e-01,6.595389e-01,1.000000e+00,4/15,12.04%,LIMK1;ZFYVE27;RTN4R;TWF2
prerank,"Alternative mRNA Splicing, Via Spliceosome (GO:0000380)",0.45830033990944574,1.2969716893071355,1.403846e-01,6.485066e-01,1.000000e+00,4/15,4.25%,RBM17;SRSF1;DDX5;DDX17
prerank,Negative Regulation Of Macromolecule Metabolic Process (GO:0010605),0.29428492136644846,1.2969687471267597,7.899807e-02,6.441248e-01,1.000000e+00,22/100,11.59%,CNOT7;PRKAR1A;HDAC1;STAT3;RBL2;PDCD10;DIP2A;ATP2B4;IFNG;CITED2;DAXX;AP1AR;MECP2;BMPR1A;PSEN1;HIF1A;PARP10;SETDB2;HAVCR2;CHMP1A;ADAM10;NDFIP1
prerank,Intrinsic Apoptotic Signaling Pathway In Response To Endoplasmic Reticulum Stress (GO:0070059),-0.42359815212941027,-1.2964174156131472,1.443966e-01,6.594559e-01,1.000000e+00,4/21,5.85%,ATF4;ERN1;BBC3;SELENOK
prerank,Generation Of Neurons (GO:0048699),-0.3387459636196286,-1.295858579443006,1.017613e-01,6.568495e-01,1.000000e+00,12/50,12.06%,RUNX3;RYK;LDB1;MDGA1;DDIT4;RAC1;MYEF2;PIN1;CASP3;AUTS2;IER2;FZD3
prerank,Protein Polyubiquitination (GO:0000209),0.270874645109265,1.2949575944003917,4.365079e-02,6.465776e-01,1.000000e+00,72/185,29.65%,UBE2D4;UBE2D2;SHPRH;TRIM27;RNF146;MYCBP2;TTC3;LNPEP;TRIM22;UBE2H;RNF20;UBE3B;SPOP;RFFL;ANAPC10;RNF14;TRIM65;UBR5;DDB2;ARIH1;UBE2B;UBE3A;CDC26;THOP1;BLMH;UBE4A;ITCH;FBXL17;SYVN1;TRIM38;ERCC8;HUWE1;DZIP3;SHARPIN;FBXO4;RBX1;ANKIB1;PPIL2;CDC16;FBXO38;CTNNB1;HACE1;RNF185;UBE2R2;RNF8;UBE3C;UBE2D3;MARCHF8;TRIM62;LRSAM1;UBE2J2;RNF213;RNF5;UBE2L3;DCAF15;TRIM5;NHLRC3;KLHL20;UBE2E1;TRAF5;RNF135;TAF1;TMEM129;NPEPPS;RBCK1;UBE2V2;UBE2E3;UBE2A;TRIP12;ANAPC7;BCL2;RNF216
prerank,Regulation Of Primary Metabolic Process (GO:0080090),-0.39113657103407806,-1.2944554037668445,1.466395e-01,6.570333e-01,1.000000e+00,8/26,16.44%,IRS2;ID2;SSH1;LACTB;NR1D2;OPA3;EDF1;CERS2
prerank,Positive Regulation Of Proteolysis (GO:0045862),-0.36015567879267024,-1.2941444637647188,1.069307e-01,6.536019e-01,1.000000e+00,13/37,22.73%,ZC3H12A;FURIN;AURKAIP1;BAD;NDUFA13;ASPH;CTSS;PINK1;TBC1D10A;SNX9;OGT;BAK1;SH3D19
prerank,Regulation Of Spindle Organization (GO:0090224),0.45242479458185625,1.293451826521277,1.557692e-01,6.475481e-01,1.000000e+00,6/15,21.96%,SENP6;NUP62;CLTC;MAP9;NUMA1;BORA
prerank,Homotypic Cell-Cell Adhesion (GO:0034109),0.40040662082439815,1.2925839711133584,1.380000e-01,6.422466e-01,1.000000e+00,6/24,9.40%,PIK3CG;PLEK;HSPB1;VCL;MYL12A;STXBP3
prerank,Platelet Aggregation (GO:0070527),0.40040662082439815,1.2925839711133584,1.380000e-01,6.422466e-01,1.000000e+00,6/24,9.40%,PIK3CG;PLEK;HSPB1;VCL;MYL12A;STXBP3
prerank,Regulation Of Glucose Metabolic Process (GO:0010906),-0.42212935192364426,-1.2925175751223708,1.600877e-01,6.550036e-01,1.000000e+00,5/20,8.66%,AKT1;IRS2;DGKQ;FBP1;FOXK1
prerank,Negative Regulation Of Protein Kinase Activity (GO:0006469),0.33429838233313564,1.29071580553964,1.088296e-01,6.447555e-01,1.000000e+00,12/53,9.88%,TAF7;TRIM27;PTPRC;HSPB1;CDK5RAP3;IFNG;PAK2;CDKN1B;QARS1;PTPN1;GSKIP;TARBP2
prerank,Positive Regulation Of Amyloid Precursor Protein Catabolic Process (GO:1902993),-0.45505116102907184,-1.289732452002147,1.471215e-01,6.599092e-01,1.000000e+00,5/15,12.45%,IFNGR1;EPHA4;CASP3;GSK3A;LYN
prerank,tRNA Processing (GO:0008033),0.3400461729417721,1.2883818631914825,1.208178e-01,6.489400e-01,1.000000e+00,14/45,17.48%,TRNT1;RTCB;SSB;NSUN2;SARS1;METTL2B;DTWD1;FAM98A;POP7;ZBTB8OS;ELAC2;METTL6;RPP21;ELAC1
prerank,"mRNA Splicing, Via Spliceosome (GO:0000398)",-0.26516810523263445,-1.288006111895347,3.757829e-02,6.617521e-01,1.000000e+00,34/197,11.70%,U2AF2;SF3B6;RBM8A;FRG1;CRNKL1;SRSF10;SDE2;MAGOH;RBM5;SNRNP27;CWC25;PHF5A;SNW1;CWC15;BUD31;SYF2;EFTUD2;TRA2B;SLU7;SNRPB2;HNRNPH1;DDX39A;RNPS1;PIN1;PQBP1;CTNNBL1;NCBP1;TFIP11;SRSF9;DDX1;DHX8;SNRPD1;SRSF5;SRSF2
prerank,Establishment Of Protein Localization To Membrane (GO:0090150),-0.357894887385065,-1.2878908671922764,1.148225e-01,6.577247e-01,1.000000e+00,12/41,15.65%,ZDHHC18;VPS37B;GORASP2;ZDHHC14;RFTN1;ZDHHC24;GOLGA7B;TAOK2;MICALL1;ZDHHC3;YIF1B;BRAF
prerank,Regulation Of Epithelial Cell Migration (GO:0010632),0.4072978705481073,1.2848964944775514,1.428571e-01,6.568410e-01,1.000000e+00,13/23,34.70%,RAB11A;IFNG;PLCG1;HIF1A;RTN4;HDAC6;PTPN23;CLASP2;ARSB;PLCG2;BMPR2;CAPN7;RREB1
prerank,Protein K48-linked Ubiquitination (GO:0070936),0.3327179067211176,1.284850888583736,6.704981e-02,6.527798e-01,1.000000e+00,20/58,20.97%,UBE2D4;UBE2D2;RNF146;MYCBP2;TTC3;UBE2H;RFFL;TRIM65;UBR5;UBE2B;UBE3A;ITCH;SYVN1;RBX1;FBXO38;HACE1;UBE2R2;RNF8;UBE3C;UBE2D3
prerank,Negative Regulation Of Multicellular Organismal Process (GO:0051241),-0.2887229689153074,-1.282814731863303,7.186858e-02,6.709417e-01,1.000000e+00,21/105,10.88%,RGS2;ATF4;CHSY1;MAD2L2;IFNGR1;SPRY2;PPP2CA;GATA3;CALR;TIMP1;PLCL2;LDLRAD4;EPHA4;NOTCH1;GSK3A;SDHAF2;N4BP1;HDAC9;BMAL1;SAP30L;PGAM5
prerank,Telomere Maintenance Via Telomere Lengthening (GO:0010833),0.43139795926135577,1.280721469223845,1.607143e-01,6.630722e-01,1.000000e+00,12/18,31.97%,PTGES3;WRAP53;MRE11;TELO2;DKC1;TERF2IP;RPA1;NOP10;RAD50;PIF1;HSP90AB1;CTC1
prerank,Positive Regulation Of Natural Killer Cell Mediated Cytotoxicity (GO:0045954),0.4548325741501369,1.2798710020459731,2.012448e-01,6.616711e-01,1.000000e+00,5/15,11.97%,RASGRP1;CD226;CADM1;KLRD1;SLAMF6
prerank,Endoplasmic Reticulum To Golgi Vesicle-Mediated Transport (GO:0006888),-0.28999332480352963,-1.2787119686417499,7.024793e-02,6.810068e-01,1.000000e+00,22/100,13.62%,RAB1A;TFG;MPPE1;TRAPPC10;SEC24C;STX5;TMED10;TRAPPC2L;TRAPPC6A;SEC24B;CUL3;COG3;TBC1D20;VTI1A;SEC24A;TMED2;TRAPPC5;RAB2A;TMED1;SEC13;STEEP1;TMED4
prerank,Positive Regulation Of Double-Strand Break Repair (GO:2000781),0.3142102005404411,1.2786320522538759,9.306931e-02,6.617041e-01,1.000000e+00,29/69,28.29%,HDGFL2;SMCHD1;PRKDC;SMARCC2;PBRM1;SPIRE1;MORF4L2;SMARCC1;BRD8;TRRAP;EP400;PARP1;RUVBL1;ACTR2;MORF4L1;WRAP53;HELQ;ARID2;SLF1;SMARCA2;TIMELESS;MRGBP;ACTL6A;KMT5C;EPC2;DDX11;ERCC6;UBE2V2;VPS72
prerank,Regulation Of Fibroblast Migration (GO:0010762),-0.4450935105955529,-1.278587815990166,1.663366e-01,6.770266e-01,1.000000e+00,6/16,17.26%,ARHGEF7;TGFB1;RAC1;DMTN;GNA12;CLN3
prerank,Positive Regulation Of ERBB Signaling Pathway (GO:1901186),0.4499334686711374,1.2782637854812144,1.575875e-01,6.587940e-01,1.000000e+00,5/15,21.91%,NUP62;RALA;RTN4;SHKBP1;RALB
prerank,RNA Export From Nucleus (GO:0006405),-0.31931253314018976,-1.2775027212932155,1.113490e-01,6.766504e-01,1.000000e+00,12/58,11.55%,RBM8A;ALYREF;DDX19B;MAGOH;SARNP;DDX39A;THOC7;HHEX;NCBP1;NUP133;NCBP3;ALKBH5
prerank,"Positive Regulation Of mRNA Splicing, Via Spliceosome (GO:0048026)",-0.43187826111221117,-1.2770220247278274,1.645570e-01,6.739192e-01,1.000000e+00,6/17,7.94%,RBM3;SNW1;TRA2B;CIRBP;DAZAP1;NCBP1
prerank,Positive Regulation Of Cell Cycle (GO:0045787),-0.3601257631204198,-1.2766617219181542,1.519507e-01,6.707828e-01,1.000000e+00,9/33,13.52%,ZPR1;AKT1;CALR;RAD23A;HCFC1;PRKCA;PKN2;PKD2;CCDC57
prerank,Nervous System Development (GO:0007399),-0.2760343657320232,-1.2766293924754477,6.493506e-02,6.666678e-01,1.000000e+00,37/152,17.89%,LIMK1;ATN1;CRIM1;RYK;PTS;LDB1;MDGA1;TGFB1;SLC2A1;ENC1;NINJ2;MYLIP;COX7B;SEMA4F;BTBD6;ARHGAP26;ADNP2;GMFB;ATXN10;STMN3;TIMM8A;TPP1;ZNF358;PKD2;GDF11;GSTP1;MARCKSL1;BTBD2;OPHN1;RNF103;AHI1;SDHA;TRAK1;UNC119;SOX4;UTP11;EVL
prerank,Negative Regulation Of Mitotic Cell Cycle Phase Transition (GO:1901991),0.40390705494435986,1.275976466175315,1.560694e-01,6.621729e-01,1.000000e+00,10/23,17.05%,RBL2;ZFP36L1;CRLF3;PRMT2;CDC73;JADE1;PTEN;CDK2AP2;DLG1;RB1
prerank,mRNA Transcription By RNA Polymerase II (GO:0042789),-0.37155814472711873,-1.275927059840886,1.317992e-01,6.650562e-01,1.000000e+00,9/31,11.76%,ATF4;TAF11;TAF10;ZBTB1;NCOA1;NCBP1;TAF4;NCBP3;S100A10
prerank,Negative Regulation Of Angiogenesis (GO:0016525),0.3557881009264667,1.2737796549919036,1.337325e-01,6.657676e-01,1.000000e+00,13/36,23.67%,KLF2;KRIT1;ATP2B4;MECP2;SARS1;ATF2;PTPRM;PDE3B;CTNNB1;EPN2;HGS;ROCK2;ROCK1
prerank,Regulation Of Mitotic Metaphase/Anaphase Transition (GO:0030071),-0.36874520102615393,-1.2726159692041594,1.515789e-01,6.726231e-01,1.000000e+00,8/33,9.16%,BRD7;ARID1B;ANAPC15;FBXO5;CUL3;ANAPC11;BCL7B;BCL7C
prerank,Maturation Of SSU-rRNA (GO:0030490),-0.37015345765412766,-1.2717893862754361,1.457490e-01,6.713020e-01,1.000000e+00,5/31,9.13%,DDX52;UTP3;NGDN;MRPS11;RIOK3
prerank,Ras Protein Signal Transduction (GO:0007265),-0.29368654354840257,-1.2713965521693649,9.586057e-02,6.685076e-01,1.000000e+00,13/89,4.66%,ARHGAP4;LIMK1;ARHGDIA;RAP2C;NRAS;FARP2;BRAP;GNB1;RAPGEF1;SOS2;GNA13;RAC1;MYO9B
prerank,Positive Regulation Of Protein Catabolic Process (GO:0045732),-0.31308525450512953,-1.2710407757567603,9.600000e-02,6.657222e-01,1.000000e+00,10/61,8.61%,STX5;CD81;FBXW7;FURIN;TIPARP;ATG7;NDUFA13;OSBPL7;GSK3A;AXIN1
prerank,Transmembrane Receptor Protein Tyrosine Kinase Signaling Pathway (GO:0007169),-0.28962579512774805,-1.269986295669163,7.949791e-02,6.653162e-01,1.000000e+00,24/105,13.41%,MAPKAPK2;AKT1;IRS2;RYK;GALNT3;VEGFB;DDIT4;RAPGEF1;ARHGEF7;RAB14;RAC1;RHOQ;YES1;PTPRJ;EPHA4;CASP3;SAMD10;GSK3A;PIK3R1;ZFYVE27;MVP;LYN;CD7;ALKAL2
prerank,Negative Regulation Of Response To External Stimulus (GO:0032102),0.3026036071332327,1.269787254550248,9.090909e-02,6.758099e-01,1.000000e+00,21/75,17.38%,STAT3;PRKDC;IL10RA;YWHAZ;CRK;ATG5;AOAH;TRIM65;ARNT;CARD8;PARP1;ITCH;PPM1B;LPCAT3;VPS35;PTEN;SHARPIN;RORA;SIGIRR;RB1;PPARA
prerank,Circulatory System Development (GO:0072359),0.32777991367086584,1.2675516552938892,1.238274e-01,6.798223e-01,1.000000e+00,20/55,21.12%,TGFBR2;TCF25;AKAP13;CITED2;SMYD4;CDKN1B;TAFAZZIN;PCSK5;PIK3CA;PTEN;ZDHHC16;KAT2A;BCOR;HEG1;NCOA6;PDLIM1;PDLIM5;MEF2A;HEY2;PTPN11
prerank,Negative Regulation Of Telomere Maintenance Via Telomerase (GO:0032211),-0.43302294351065806,-1.2671699941348353,1.693878e-01,6.712273e-01,1.000000e+00,3/16,4.91%,TENT4B;TERF1;EXOSC10
prerank,Cellular Response To Organic Substance (GO:0071310),-0.367797992113583,-1.2670614488473686,1.508264e-01,6.675689e-01,1.000000e+00,6/32,6.92%,ZNF16;INPP5K;TIPARP;TGFB1;NCOA1;CCL5
prerank,Defense Response To Gram-positive Bacterium (GO:0050830),0.3961070795002857,1.2654625510017743,1.676301e-01,6.834095e-01,1.000000e+00,9/23,26.83%,PPP1R11;GBP4;GSDMD;LYZ;DROSHA;TIRAP;H2BC12;MR1;HLA-A
prerank,Regulation Of Intracellular Signal Transduction (GO:1902531),0.2685585203640381,1.2652116679307417,6.343284e-02,6.801990e-01,1.000000e+00,46/167,20.56%,ARHGEF3;STK4;TAGAP;ARHGAP30;ARHGAP45;ARAF;TNIK;PLEKHG3;LBH;ARHGEF2;UFL1;TBCK;WDR54;CRK;HSPB1;RFFL;PAK2;GRAP2;AKAP13;PIP5K1A;NUAK1;ZFAND6;ARHGAP1;DAPK2;ARHGAP15;CARD8;PTEN;TAOK3;PJA2;NTRK1;FGD3;PRKD2;DYNLL1;DLG1;TELO2;PRMT5;RALBP1;MTOR;EZR;ATM;ARHGAP19;JPT2;PTPN22;RRAGB;SQSTM1;DIPK2A
prerank,Negative Regulation Of Neuron Apoptotic Process (GO:0043524),0.37119382077797225,1.264982395451314,1.706865e-01,6.770386e-01,1.000000e+00,8/29,15.25%,SNX6;SOD1;IL27RA;HIF1A;CX3CR1;F2R;RASA1;NTRK1
prerank,Actin Polymerization Or Depolymerization (GO:0008154),-0.35585747206888546,-1.2641234696511285,1.310484e-01,6.736365e-01,1.000000e+00,7/33,6.79%,PSTPIP1;TWF1;CORO7;TTC17;PREX1;RAC1;MICAL3
prerank,Protein Palmitoylation (GO:0018345),-0.4008503598465275,-1.2640419311868465,1.690141e-01,6.699214e-01,1.000000e+00,6/21,14.97%,ZDHHC18;ZDHHC14;SELENOK;ZDHHC24;GOLGA7B;ZDHHC3
prerank,Positive Regulation Of Phosphatidylinositol 3-Kinase Signaling (GO:0014068),-0.387816693199529,-1.2627941999992511,1.465863e-01,6.701432e-01,1.000000e+00,7/24,17.31%,MAZ;MYDGF;CCL5;BECN1;HCST;IL18;IGF1R
prerank,Regulation Of Fat Cell Differentiation (GO:0045598),-0.33941645851583,-1.2626407878522412,1.329365e-01,6.666319e-01,1.000000e+00,9/41,12.98%,AKT1;ZC3H12A;TGFB1;ID2;CARM1;TRIB2;BMAL1;NOCT;TRIO
prerank,Histone Deacetylation (GO:0016575),0.3681282221612806,1.2621502163400018,1.398467e-01,6.826527e-01,1.000000e+00,10/32,14.02%,HDAC1;RBBP4;HDAC8;MORF4L2;MSL3;HDAC5;MORF4L1;MTA2;MIER1;HDAC6
prerank,Positive Regulation Of T Cell Activation (GO:0050870),-0.3175550934715859,-1.2616946586036586,1.115789e-01,6.659537e-01,1.000000e+00,11/61,6.92%,NCK2;BRD7;ARID1B;HLA-DRB5;CD81;GATA3;ZBTB1;LGALS9;CD70;ZMIZ1;CCL5
prerank,Regulation Of Actin Cytoskeleton Organization (GO:0032956),-0.3237870763985097,-1.2614531767126345,1.177686e-01,6.628553e-01,1.000000e+00,13/55,15.79%,ARHGDIA;TWF1;CDC42;CARMIL2;RAC1;RHOQ;DAPK3;DMTN;TWF2;TESK1;TAOK2;MLST8;BST2
prerank,Regulation Of Interleukin-4 Production (GO:0032673),-0.43561587279384545,-1.2607767528567375,1.733871e-01,6.614438e-01,1.000000e+00,5/15,12.74%,ZFPM1;GATA3;LGALS9;SLC7A5;HLA-DRB1
prerank,Regulation Of Ubiquitin-Protein Transferase Activity (GO:0051438),-0.388072438013907,-1.2602056381992268,1.670236e-01,6.596219e-01,1.000000e+00,8/24,14.52%,LIMK1;FBXW7;FBXO5;PIN1;AXIN1;TOPORS;PINK1;DTX3L
prerank,Golgi To Plasma Membrane Protein Transport (GO:0043001),0.3929642087301494,1.2580567889299854,1.730382e-01,6.930026e-01,1.000000e+00,7/23,15.18%,GOLPH3;GCC2;RAB10;VAMP2;BBS2;BLZF1;GOLGA7
prerank,Positive Regulation Of Epithelial Cell Proliferation (GO:0050679),-0.3364310256445086,-1.2556563455791927,1.501014e-01,6.714680e-01,1.000000e+00,8/42,6.83%,NME1;NRAS;AKT1;VEGFB;MYDGF;PDCL3;BAD;PRKCA
prerank,Protein Polymerization (GO:0051258),-0.3567575380265243,-1.2556049803555946,1.487280e-01,6.678755e-01,1.000000e+00,13/32,21.61%,PSTPIP1;CORO7;CHMP4A;TTC17;PREX1;RAC1;PIN1;UBE2S;ZNF207;CHMP2A;PSTPIP2;WASL;GSN
prerank,Response To Transforming Growth Factor Beta (GO:0071559),-0.4233313031541114,-1.2555194930498021,1.739962e-01,6.644867e-01,1.000000e+00,3/18,3.40%,XCL1;RUNX3;TGFB1
prerank,Cellular Response To Organic Cyclic Compound (GO:0071407),-0.3023117488109241,-1.2545800810421188,1.073684e-01,6.639979e-01,1.000000e+00,20/73,15.20%,INPP5K;ZC3H12A;EGR1;GNB1;RAPGEF1;TIPARP;TGFB1;P2RX4;SSH1;CCL5;CASP3;RIOK3;DHX8;URI1;DMTN;PKD2;H2AZ1;INSIG1;IL18;PDXP
prerank,Regulation Of Cysteine-Type Endopeptidase Activity Involved In Apoptotic Process (GO:0043281),-0.32803628300482224,-1.253770940524555,1.181435e-01,6.631285e-01,1.000000e+00,9/49,8.37%,AKT1;DNAJB6;CDKN2D;BAD;FNIP1;NDUFA13;CTSD;TRIAP1;IFI6
prerank,Regulation Of Protein Localization To Nucleus (GO:1900180),-0.34012775754132135,-1.253347908516802,1.452632e-01,6.609855e-01,1.000000e+00,13/37,16.85%,BYSL;CREBBP;TGFB1;PIN1;SUMO3;LATS1;ILRUN;TESK1;KAT7;LAMTOR5;DTX3L;TYK2;LATS2
prerank,Maturation Of 5.8S rRNA (GO:0000460),0.43348084995508174,1.2519668053088155,1.687500e-01,7.109968e-01,1.000000e+00,6/16,21.14%,PRKDC;NSA2;PES1;NOL9;MPHOSPH6;MTREX
prerank,Interstrand Cross-Link Repair (GO:0036297),0.38834999373575546,1.251584544254952,1.538462e-01,7.082525e-01,1.000000e+00,17/24,42.04%,FAAP20;VCP;DCLRE1A;ERCC6L2;FANCF;NUCKS1;RNF8;FANCI;FANCG;FAAP100;FANCA;ERCC4;CENPX;MCM8;FANCC;FANCB;MCM9
prerank,Dephosphorylation (GO:0016311),0.29450553988861494,1.2512542568740692,1.130268e-01,7.054441e-01,1.000000e+00,18/89,10.08%,PPP3CB;PPP2R5A;PPP3CC;PTPRC;PPP2R5D;PPP1CB;CTDSP2;MTMR4;DUSP16;PPP2R5C;DUSP18;UBLCP1;PPP3R1;CTDSP1;PTPN1;PTPRM;MTMR6;PPM1B
prerank,Regulation Of Mitotic Cell Cycle Phase Transition (GO:1901990),-0.31440947624329374,-1.2508603243658678,1.172708e-01,6.659764e-01,1.000000e+00,13/60,12.47%,BRD7;ARID1B;PPP1R9B;PPP2CA;ERCC3;CDKN2D;ID2;CUL3;BCL7B;BCL7C;MNAT1;CDC14A;CDK7
prerank,Positive Regulation Of Notch Signaling Pathway (GO:0045747),0.4417870697178319,1.2503676261681114,1.809339e-01,7.045818e-01,1.000000e+00,5/15,20.19%,STAT3;PDCD10;TSPAN5;TSPAN14;EPN2
prerank,Regulation Of Cytokine-Mediated Signaling Pathway (GO:0001959),-0.3605040346522523,-1.250106765090602,1.582150e-01,6.649689e-01,1.000000e+00,14/31,25.17%,MAPKAPK2;ULK1;OTULIN;HIPK1;MIB2;IKBKB;IRAK1;CDC37;VRK2;AGPAT2;IKBKE;SPHK1;PTPN2;TRIM44
prerank,Positive Regulation Of Response To Biotic Stimulus (GO:0002833),-0.38839171804992645,-1.2496981826398526,1.593625e-01,6.627270e-01,1.000000e+00,7/21,17.38%,SLC15A4;PRKCA;CCL5;RIOK3;POLR3F;POLR3C;PLSCR1
prerank,Positive Regulation Of Signal Transduction (GO:0009967),0.2817567001922032,1.249605955722109,8.159393e-02,7.033164e-01,1.000000e+00,32/109,20.19%,UCHL5;STAT3;KLF2;PTPRC;PDCD10;PIH1D1;CITED2;CD226;TSPAN5;SPRING1;TRIM39;AGPAT1;SNX5;NPTN;HIF1A;ARNT;SPIN1;VPS35;MBD5;CDC73;PTEN;IL7R;ILK;PRKD2;ASXL2;FAS;ULK3;TSPAN14;RXRB;ZBTB7B;CRADD;EPN2
prerank,Regulation Of Tumor Necrosis Factor Production (GO:0032680),0.30738576326806566,1.2481898103431974,1.213873e-01,7.044009e-01,1.000000e+00,28/72,26.76%,RASGRP1;STAT3;TRIM27;PTPRC;ARHGEF2;CD47;HSPB1;IFNG;PSEN1;RIPK1;CX3CR1;HAVCR2;DDT;MC1R;RIGI;CD2;PTPN22;SELENOS;PTPN11;TIRAP;FOXP1;HMGB1;FADD;RARA;ELF4;FCGR3A;PTPN6;FRMD8
prerank,Regulation Of Angiogenesis (GO:0045765),0.29378191722572117,1.245705699267593,1.204819e-01,7.093617e-01,1.000000e+00,21/83,16.35%,ETS1;PIK3CD;STIM1;PIK3CG;PDCD10;KRIT1;HSPB1;ATP2B4;EGLN1;ERBB2;PLCG1;MECP2;HIF1A;SARS1;ATF2;PTPRM;HTATIP2;SP100;AGGF1;PDE3B;PRKD2
prerank,Anaphase-Promoting Complex-Dependent Catabolic Process (GO:0031145),-0.42587338278675846,-1.2431812832231042,1.923848e-01,6.819351e-01,1.000000e+00,5/17,11.56%,ANAPC15;CUL3;ANAPC11;FBXO31;UBE2S
prerank,Regulation Of Proteasomal Protein Catabolic Process (GO:0061136),0.34264715676954893,1.2428357743355665,1.723447e-01,7.156924e-01,1.000000e+00,10/39,10.12%,UCHL5;XPO1;ARAF;UFL1;RAD23B;DESI1;USP14;MARCHF7;USP19;GLMN
prerank,MAPK Cascade (GO:0000165),-0.3105112670261025,-1.2424955357341512,1.308017e-01,6.805678e-01,1.000000e+00,19/63,15.89%,PTPN7;MAPKAPK2;NRAS;BRAP;MAP2K2;MAP2K3;TGFB1;RCE1;LGALS9;MAP2K7;KARS1;CCL5;PABPN1;YWHAE;IKBKB;TAOK2;IL18;BRAF;DUSP6
prerank,Adenylate Cyclase-Activating G Protein-Coupled Receptor Signaling Pathway (GO:0007189),-0.390433513146988,-1.2396979335334128,1.860941e-01,6.865999e-01,1.000000e+00,6/23,7.32%,GNAS;GNB1;GNA13;ADCY7;GNAQ;ADGRL1
prerank,Positive Regulation Of Blood Vessel Endothelial Cell Migration (GO:0043536),0.3746567782323244,1.2382298106636422,1.809701e-01,7.285838e-01,1.000000e+00,7/27,7.64%,MAPK14;ETS1;HSPB1;PLCG1;STAT5A;AKT3;HIF1A
prerank,Response To cAMP (GO:0051591),-0.42968786170037465,-1.2378699987163362,1.991342e-01,6.892423e-01,1.000000e+00,5/15,11.34%,INPP5K;DGKQ;RAPGEF1;DMTN;PKD2
prerank,Protein Homotetramerization (GO:0051289),0.383438392867892,1.2366774446065194,1.705566e-01,7.300398e-01,1.000000e+00,5/26,8.98%,ALDH9A1;GBP5;CRYZ;APIP;GLS
prerank,Regulation Of DNA Repair (GO:0006282),0.27611037991592846,1.2353834248680955,8.447937e-02,7.305898e-01,1.000000e+00,34/113,20.29%,UCHL5;TAF7;SMCHD1;SMARCC2;USP22;PBRM1;INO80D;PPP4R2;SUPT20H;PPP4C;UBR5;MORF4L2;SMARCC1;DEK;BRD8;TRRAP;EP400;PARP1;INO80B;RUVBL1;RAD52;PARG;MORF4L1;WRAP53;KAT2A;ATRIP;ARID2;TAF5;YY1;TAF12;CCDC117;SMARCA2;SUPT3H;RNF8
prerank,rRNA Transcription (GO:0009303),0.43881491320972804,1.2352257037827954,2.040816e-01,7.270951e-01,1.000000e+00,9/15,30.39%,ZFP36L1;SPIN1;GTF3C2;TAF1B;POLR1E;GTF3C6;GTF3C1;GTF3C3;GTF3A
prerank,Establishment Of Epithelial Cell Polarity (GO:0090162),0.44081762389162404,1.2343940360184393,2.164751e-01,7.261084e-01,1.000000e+00,2/15,0.21%,CYTH1;GOLPH3
prerank,Negative Regulation Of Type II Interferon Production (GO:0032689),-0.4352261508911935,-1.233130448280086,2.136929e-01,7.020919e-01,1.000000e+00,4/15,12.74%,XCL1;ZC3H12A;LGALS9;HLA-DRB1
prerank,Positive Regulation Of Cellular Component Biogenesis (GO:0044089),-0.3083340822651606,-1.2324993894670606,1.512605e-01,7.008542e-01,1.000000e+00,10/58,6.83%,LIMK1;LGALS3;STAM;TGFB1;USP16;RHOC;FLOT1;ERCC1;FNIP1;PRKCA
prerank,DNA Damage Response (GO:0006974),0.23975004340063355,1.2316784445453521,4.981550e-02,7.324371e-01,1.000000e+00,91/312,24.36%,MAPK14;USP28;RECQL;XRCC5;SHPRH;GNL1;HDGFL2;NSMCE3;SMARCA5;PRKDC;SETX;SMC6;BAZ1B;NFATC2;HPF1;RPA3;PARP4;MCL1;RFC5;HMCES;GTF2H1;SMG1;UBR5;DDB2;RFC4;UBE2B;HERC2;TDP1;ASF1A;PSEN1;ATRX;GTF2H3;TRRAP;BCL2L1;FAAP20;CBX3;ATF2;EP400;PARP1;VCP;VRK1;RRM1;LIG1;ALKBH8;SMC1A;TAOK1;ERCC8;NPM1;TAOK3;ZDHHC16;RAD17;MSH3;IRF3;NIPBL;OARD1;UVRAG;ATRIP;RBX1;MRE11;NCOA6;PPP1R15A;FANCF;NEK4;MTOR;SLF1;ATM;YY1;CIDEB;UBA7;ZBTB4;ZBTB38;CRADD;REXO4;TIMELESS;ETAA1;RNF8;RAD51C;RAD18;MTREX;MRPL36;ASH2L;FOXP1;TP53;POLI;TTC5;HLTF;CUL4A;SMARCAL1;BCL2L11;CASP2;BATF
prerank,Skeletal System Development (GO:0001501),-0.3322107806002459,-1.2314287756990148,1.613546e-01,7.008073e-01,1.000000e+00,12/44,16.33%,BPNT2;GNAS;PPIB;POLR2D;ANKRD11;TRPS1;DEAF1;EXT1;GDF11;XYLT1;RFLNB;P3H1
prerank,Positive Regulation Of Fat Cell Differentiation (GO:0045600),-0.3678315455987982,-1.2305180300118166,1.812081e-01,7.004477e-01,1.000000e+00,5/28,6.56%,METRNL;AKT1;ZC3H12A;ID2;CARM1
prerank,Negative Regulation Of Defense Response (GO:0031348),0.30090904309918753,1.2302424427650227,1.197822e-01,7.338485e-01,1.000000e+00,17/65,17.38%,STAT3;PRKDC;IL10RA;YWHAZ;ATG5;AOAH;TRIM65;ARNT;PARP1;ITCH;PPM1B;LPCAT3;VPS35;SHARPIN;RORA;RB1;PPARA
prerank,Chaperone-Mediated Protein Complex Assembly (GO:0051131),0.4387743504790301,1.2300046994726674,2.222222e-01,7.307003e-01,1.000000e+00,5/15,16.92%,HSPA4;PTGES3;PFDN6;CCT2;PSMG1
prerank,Regulation Of Nervous System Development (GO:0051960),-0.39565260331139873,-1.229736379088918,1.930185e-01,6.996676e-01,1.000000e+00,5/21,11.76%,YTHDF2;ZPR1;BMAL1;HES6;S100A10
prerank,Regulation Of Double-Strand Break Repair Via Homologous Recombination (GO:0010569),0.3090978242160053,1.229120087102739,1.254980e-01,7.299764e-01,1.000000e+00,31/62,34.48%,HDGFL2;SMCHD1;PPP4R2;PPP4C;MORF4L2;BRD8;TRRAP;EP400;PARP1;RPA2;RUVBL1;ACTR2;MORF4L1;WRAP53;HELQ;ARID2;TIMELESS;MRGBP;TERF2IP;ACTL6A;UBQLN4;EPC2;ERCC6;VPS72;DMAP1;MAGEF1;RADX;MRNIP;TP53BP1;KAT5;FBH1
prerank,Positive Regulation Of Inflammatory Response (GO:0050729),0.32414778061938176,1.227880292541091,1.638095e-01,7.305165e-01,1.000000e+00,8/50,8.44%,ETS1;S100A8;TNIP1;S100A9;CD47;IFNG;GSDMD;RIPK1
prerank,Regulation Of Transcription By RNA Polymerase I (GO:0006356),0.36897228029612555,1.2271650831477139,1.623246e-01,7.293210e-01,1.000000e+00,6/27,7.68%,UBTF;SMARCA5;WDR75;BAZ1B;ERBB2;DEK
prerank,Calcium Ion Homeostasis (GO:0055074),0.36520842716108687,1.226576891398696,1.798165e-01,7.276862e-01,1.000000e+00,9/27,19.07%,STIM1;ATP2B4;ATP2A3;NPTN;SLC10A7;RMDN3;TPT1;VAPB;CHERP
prerank,Negative Regulation Of Cell-Cell Adhesion (GO:0022408),-0.4024333504427302,-1.2264206258863393,1.832994e-01,7.074818e-01,1.000000e+00,4/17,7.18%,AKT1;MAD2L2;TGFB1;NOTCH1
prerank,RNA-templated DNA Biosynthetic Process (GO:0006278),0.4289487748029383,1.2244466515606327,2.094862e-01,7.279038e-01,1.000000e+00,11/16,31.76%,PTGES3;WRAP53;MRE11;TELO2;DKC1;TERF2IP;RPA1;NOP10;RAD50;PIF1;HSP90AB1
prerank,Telomere Maintenance Via Telomerase (GO:0007004),0.4289487748029383,1.2244466515606327,2.094862e-01,7.279038e-01,1.000000e+00,11/16,31.76%,PTGES3;WRAP53;MRE11;TELO2;DKC1;TERF2IP;RPA1;NOP10;RAD50;PIF1;HSP90AB1
prerank,Positive Regulation Of Cysteine-Type Endopeptidase Activity Involved In Apoptotic Process (GO:0043280),0.2907327324905222,1.2241724124428657,1.398058e-01,7.251744e-01,1.000000e+00,26/75,24.25%,S100A8;CYCS;S100A9;ARL6IP5;FAM162A;ATP2A3;ANP32B;CARD8;VCP;IFT57;F2R;LCK;RACK1;LAPTM5;BCL2L13;REST;DYNLL1;SMAD3;FAS;EIF2AK3;CRADD;MALT1;CASP8AP2;HMGB1;PDCD2;CASP2
prerank,Heart Development (GO:0007507),0.3086512760258799,1.2232918526230954,1.507634e-01,7.247720e-01,1.000000e+00,18/63,17.75%,TGFBR2;TCF25;AKAP13;CITED2;SMYD4;CDKN1B;TAFAZZIN;PCSK5;PTEN;ZDHHC16;KAT2A;BCOR;HEG1;NIPBL;NCOA6;DYNLL1;PDLIM1;PDLIM5
prerank,Negative Regulation Of Signal Transduction (GO:0009968),-0.270915846645774,-1.2223566160381856,1.046278e-01,7.181496e-01,1.000000e+00,23/114,12.62%,RGS2;MAZ;YTHDF2;INPP5K;AKT1;BRAP;SPRY2;FBXW7;GATA3;PIP4K2A;CALR;PTPRJ;CCL5;CNOT1;HHEX;GSK3A;CSNK2A2;PRKCB;MOSMO;SOCS1;OTUD4;LYN;PTCH2
prerank,DNA-templated Transcription Initiation (GO:0006352),-0.3095679924580752,-1.2208317201796381,1.452632e-01,7.199084e-01,1.000000e+00,11/53,9.41%,MAZ;ELOA;TAF11;TAF10;ERCC3;CRCP;POLR2D;RRN3;ELOB;POLR2G;TAF4
prerank,Inorganic Anion Transmembrane Transport (GO:0098661),0.38922230515519896,1.2206293490237154,1.849817e-01,7.309739e-01,1.000000e+00,5/21,12.51%,SLC20A1;SLC26A2;SLC1A7;SLC12A6;CLCN3
prerank,"Vesicle Targeting, Rough ER To cis-Golgi (GO:0048207)",-0.4027647398015408,-1.2199418807507045,2.120000e-01,7.157823e-01,1.000000e+00,6/19,10.76%,TMED10;TRAPPC2L;TRAPPC6A;CUL3;TMED2;TRAPPC5
prerank,COPII Vesicle Coating (GO:0048208),-0.4027647398015408,-1.2199418807507045,2.120000e-01,7.157823e-01,1.000000e+00,6/19,10.76%,TMED10;TRAPPC2L;TRAPPC6A;CUL3;TMED2;TRAPPC5
prerank,Regulation Of Double-Strand Break Repair (GO:2000779),0.29816220776794916,1.2199196607503453,1.260504e-01,7.297344e-01,1.000000e+00,31/71,29.38%,SMARCC2;PBRM1;PPP4R2;PPP4C;SPIRE1;UBR5;MORF4L2;SMARCC1;DEK;BRD8;TRRAP;EP400;RPA2;RUVBL1;ACTR2;MORF4L1;WRAP53;ATRIP;ARID2;SLF1;SMARCA2;TIMELESS;MRGBP;TERF2IP;ACTL6A;EPC2;DDX11;UBE2V2;VPS72;TRIP12;DMAP1
prerank,Positive Regulation Of MAPK Cascade (GO:0043410),-0.2751483225611324,-1.2172680564159886,1.196078e-01,7.218647e-01,1.000000e+00,26/108,13.67%,XCL1;RYK;CD81;AVPI1;SPRY2;FBXW7;LAMTOR1;GPR183;TGFB1;MYDGF;LGALS9;ZNF622;GLIPR2;MAP2K7;PTPRJ;XCL2;PRKCA;CCL5;NOTCH1;CCL4;PRXL2C;DENND2B;HLA-DRB1;TAOK2;ALKAL2;IRAK1
prerank,Negative Regulation Of Apoptotic Process (GO:0043066),0.2415032112250992,1.217236737698611,6.072106e-02,7.357486e-01,1.000000e+00,64/265,18.08%,SERPINB9;GOLPH3;HDAC1;ARF4;NUP62;NCKAP1L;ARAF;PRKDC;SNX6;PDCD10;SETX;COPS5;YWHAZ;PHB2;FCMR;SOD1;ANXA5;HSPB1;TMBIM6;YME1L1;APIP;PAK2;MCL1;CITED2;HNRNPK;IL27RA;ERBB2;ZFAND6;QARS1;HIGD2A;PSEN1;BNIP3;ZNF830;HIPK3;BCL2L1;PIM1;RIPK1;CX3CR1;GLO1;PRDX2;ITCH;NAA35;TMBIM1;PSMD10;F2R;HTATIP2;NPM1;PIK3CA;CD27;RASA1;API5;TSC22D1;TPT1;TLE1;NTRK1;MRE11;DNAJA3;CAT;PRDX3;PRKCH;RB1;MTOR;CTNNB1;FAS
prerank,Regulation Of Peptidyl-Serine Phosphorylation (GO:0033135),-0.31885188581688745,-1.2170077282121075,1.673913e-01,7.191389e-01,1.000000e+00,14/49,15.65%,NCK2;INPP5K;AKT1;PDE4D;MAD2L2;SPRY2;TGFB1;FNIP1;LATS1;AXIN1;DMTN;PINK1;RIPK2;BRAF
prerank,Regulation Of miRNA Transcription (GO:1902893),0.3533661784433815,1.2151791866030062,1.826923e-01,7.394647e-01,1.000000e+00,13/31,24.24%,ETS1;STAT3;DDX5;JUN;HIF1A;NFATC3;GNL3;REST;PPARA;SMAD3;MRTFA;TP53;RARA
prerank,Golgi To Vacuole Transport (GO:0006896),-0.4295996657525092,-1.2146518745520478,2.151899e-01,7.239011e-01,1.000000e+00,7/15,17.26%,AP3D1;GAK;VTI1A;VPS54;EHD3;LAMP1;CLN3
prerank,Negative Regulation Of Cell Cycle (GO:0045786),-0.32433852897084586,-1.2144845962631017,1.693548e-01,7.208588e-01,1.000000e+00,15/47,20.45%,RUNX3;HECA;TGFB1;GATA3;HEXIM1;HHEX;LATS1;CDK5RAP1;TSPYL2;GMNN;SUV39H1;LATS2;HTRA2;BTG3;SIPA1
prerank,Sensory Perception Of Light Stimulus (GO:0050953),-0.359529185655175,-1.214277260730962,2.016985e-01,7.179845e-01,1.000000e+00,11/28,20.10%,RABGGTA;WHRN;DHRS3;RGS16;OPA3;RDH10;BEST1;RABGGTB;UNC119;ARRB1;ATXN7
prerank,"Nuclear-Transcribed mRNA Catabolic Process, Exonucleolytic (GO:0000291)",0.4161853033094569,1.214167945567818,2.245283e-01,7.393189e-01,1.000000e+00,5/17,18.81%,CNOT7;EXOSC2;EXOSC3;EXOSC8;DIS3
prerank,Actomyosin Structure Organization (GO:0031032),0.3606202606106766,1.214078281269132,1.845018e-01,7.359403e-01,1.000000e+00,4/27,3.24%,TMOD3;EPB41;PDCD10;FLII
prerank,Cellular Response To Glucose Stimulus (GO:0071333),-0.39226833057153515,-1.212260163655597,1.905738e-01,7.211632e-01,1.000000e+00,7/19,18.27%,TRA2B;ERN1;PRKACA;SELENOT;IGF1R;SOX4;RAB11B
prerank,DNA Repair (GO:0006281),0.24689481819808035,1.2119168564780614,5.400372e-02,7.401287e-01,1.000000e+00,100/240,34.48%,RECQL;XRCC5;TDP2;NSMCE3;SLC30A9;SMARCA5;PRKDC;SETX;XRCC6;HPF1;RPA3;PARP4;RFC5;RAD23B;GTF2H1;DDB2;RFC4;UBE2B;TDP1;ASF1A;ATRX;GTF2H3;TRRAP;FAAP20;EP400;PARP1;VCP;PMS2;RPA2;RRM1;DCLRE1A;RAD52;LIG1;SMC1A;ERCC8;NPM1;HUWE1;RAD17;MSH3;UVRAG;ATRIP;ASCC1;MRE11;GTF2H5;MC1R;ERCC6L2;FANCF;PMS1;ATM;NUCKS1;REXO4;TIMELESS;RNF8;RAD51C;RAD18;MRPL36;POLL;TP53;PRIMPOL;POLI;NSD2;HLTF;MLH3;SMARCAL1;RNASEH2A;FANCI;BLM;RAD21;KMT5C;COMMD1;RPA1;XPC;WRNIP1;ERCC6;UBE2V2;UBE2A;APTX;RAD50;ASCC3;FANCG;MEN1;MSH2;FAAP100;ASCC2;PPP5C;POLD3;ZGRF1;TEX264;MACROH2A1;FANCA;ABRAXAS1;ERCC4;HINFP;EID3;MPG;BARD1;KAT5;APEX2;CENPX;FBH1
prerank,Regulation Of DNA Recombination (GO:0000018),0.3489611973213345,1.2100980535491637,1.833648e-01,7.429907e-01,1.000000e+00,13/30,25.16%,H1-2;H1-4;H1-3;PPP4R2;PPP4C;RPA2;IL7R;MSH3;MRE11;SUPT6H;SMARCAD1;TERF2IP;BLM
prerank,Positive Regulation Of Natural Killer Cell Mediated Immunity (GO:0002717),0.41569936749203684,1.2100471853906578,2.364017e-01,7.394663e-01,1.000000e+00,5/17,11.97%,RASGRP1;CD226;CADM1;KLRD1;SLAMF6
prerank,Oxidative Phosphorylation (GO:0006119),-0.30267146005041234,-1.209789129369469,1.659751e-01,7.264135e-01,1.000000e+00,21/60,20.73%,NDUFB7;NDUFA1;NDUFC2;NDUFA13;SDHB;NDUFB6;NDUFB1;NDUFA12;NDUFB8;ATP5ME;NDUFA10;NDUFB11;NDUFS6;NDUFA9;NDUFS3;SDHA;TEFM;UQCRC1;NDUFB9;NDUFA5;NDUFS8
prerank,Ubiquitin-Dependent Protein Catabolic Process Via The Multivesicular Body Sorting Pathway (GO:0043162),-0.35754309571005816,-1.2095827173274494,2.182540e-01,7.235692e-01,1.000000e+00,10/28,19.42%,VPS37B;CHMP4A;STAM;PLAA;CHMP2B;RNF115;UBAP1;CHMP2A;VPS4A;SNF8
prerank,Regulation Of Dendrite Morphogenesis (GO:0048814),0.4142538938801754,1.2093768016647644,2.172285e-01,7.382960e-01,1.000000e+00,4/15,8.49%,TNIK;CAPRIN1;SARM1;YWHAH
prerank,Regulation Of Cell Differentiation (GO:0045595),-0.27195617024895086,-1.2088634292084641,1.111111e-01,7.226047e-01,1.000000e+00,21/111,10.39%,ATF4;GATAD2A;BRD7;ARID1B;RUNX3;PPP2CA;TGFB1;PTBP1;GATA3;MBD3;PRKACA;ID2;BIRC2;TENT5C;BCL7B;FADS1;BCL7C;TRPS1;CDK5RAP1;MCRIP1;MOSMO
prerank,Regulation Of Response To External Stimulus (GO:0032101),-0.29815471116505177,-1.2084935489809856,1.543340e-01,7.204888e-01,1.000000e+00,18/67,16.69%,XCL1;BCL6;STK24;P2RX4;BIRC2;SHPK;SBNO2;LRP8;BRD4;N4BP1;USP18;NR1D2;CASP4;NLRP2;SETD6;HERC5;BIRC3;NFE2L2
prerank,Nitrogen Compound Transport (GO:0071705),0.2886173428765668,1.208045735168766,1.398058e-01,7.393594e-01,1.000000e+00,23/77,23.25%,MIA3;ARL6IP5;SCAMP1;HIKESHI;SLC26A2;SNX18;LRRC8D;SLC26A11;SCAMP2;CHMP1A;CEP290;VAMP2;SLC36A1;PICK1;ARRDC3;RALBP1;SNX4;SCAMP4;SLC29A3;TMEM30A;DENND10;CD320;ATP11B
prerank,Regulation Of Cation Channel Activity (GO:2001257),-0.43501368956559144,-1.2078007368092212,2.163265e-01,7.194195e-01,1.000000e+00,5/15,18.61%,PDE4D;PRKACA;CTSS;CALM1;CACNB1
prerank,Regulation Of DNA Strand Elongation (GO:0060382),0.4140459586590865,1.2068667591714057,2.298387e-01,7.398395e-01,1.000000e+00,6/16,18.93%,UCHL5;INO80D;INO80B;RUVBL1;YY1;NUCKS1
prerank,Regulation Of Small GTPase Mediated Signal Transduction (GO:0051056),0.30387765305600517,1.205941136181989,1.602210e-01,7.398107e-01,1.000000e+00,11/59,7.80%,ARHGEF3;TAGAP;ARHGAP25;ARHGAP30;NUP62;ARHGAP45;PLEKHG3;ARHGEF2;AKAP13;ARHGAP1;ARHGAP15
prerank,Response To Interferon-Beta (GO:0035456),-0.3701542343046844,-1.2040597236833706,2.125506e-01,7.289883e-01,1.000000e+00,14/22,32.72%,OAS1;NDUFA13;UBE2G2;CALM1;BST2;PLSCR1;IRF1;HTRA2;IKBKE;IFITM1;PNPT1;CDC34;IFITM3;SHFL
prerank,O-glycan Processing (GO:0016266),-0.3574652918875195,-1.2040321752437293,1.913978e-01,7.256102e-01,1.000000e+00,4/27,4.23%,B3GNT7;GALNT10;GALNT3;B3GNT2
prerank,Protein Modification Process (GO:0036211),-0.22579794789280852,-1.2032164052592798,3.177966e-02,7.249521e-01,1.000000e+00,92/469,13.94%,LIMK1;CSNK1G2;PTPN7;PKN1;CTBP1;SIK3;MAPKAPK2;PIGT;DUSP12;RUNX3;UBE2M;GRK2;CLK3;AKT1;RNF7;RYK;WDR45B;ULK1;RABGGTA;TAF11;STK24;CSNK2B;TAF10;GRK6;RPN2;PPP2CA;TGFB1;ERN1;GMFG;RCE1;PIGH;MAPK9;FAM20B;BRD2;ATG7;ILKAP;PRKACA;CSNK1D;PRKAG1;PPP2CB;YES1;UCHL3;PFDN1;SSH1;MGAT4B;COG3;PTAR1;HIPK1;PTPRJ;MKNK2;DAPK3;METAP2;PRKCA;PKN2;TRIB2;EPHA4;DUSP11;ATG4D;LATS1;COPS8;UST;MKNK1;GSK3A;SDHAF2;PIGS;GMFB;CSNK2A2;TAF4;PIM3;PRKCB;WIPI1;DDOST;BECN1;MAN2A2;FBXO11;UBE2S;PRKAG2;CCNT1;IKBKB;HCST;GPAA1;CDK16;LYN;TAOK2;MSRA;PINK1;DCAF1;KAT7;IRAK1;RIPK3;ATG4B;MGAT4A
prerank,Positive Regulation Of Calcium Ion Transmembrane Transporter Activity (GO:1901021),0.4301957685232943,1.2027252854286057,2.417154e-01,7.479469e-01,1.000000e+00,3/15,6.70%,PPP3CB;PPP3CC;PPP3R1
prerank,Fatty Acid Oxidation (GO:0019395),0.3331871313146948,1.2025411646069053,1.955307e-01,7.450324e-01,1.000000e+00,18/40,28.84%,ECHDC2;ECHDC1;HADHA;CROT;ACADM;MCAT;ACAT1;PHYH;BDH2;ADIPOR2;ADH5;ACAA2;ABCD3;ECI2;PEX2;AUH;SCP2;MTLN
prerank,RNA Methylation (GO:0001510),0.3045991866429698,1.2022443771585294,1.699605e-01,7.426428e-01,1.000000e+00,19/58,24.96%,ZC3H13;THADA;THUMPD3;NSUN2;METTL2B;MRM2;HENMT1;BCDIN3D;FBL;RBM15;METTL5;METTL6;SNRPE;TYW3;TRMT13;TRMT6;GTPBP3;FTSJ1;TFB1M
prerank,Establishment Of Protein Localization To Plasma Membrane (GO:0061951),0.35585128660405463,1.201987403814934,2.062500e-01,7.398830e-01,1.000000e+00,8/28,15.18%,GOLPH3;GCC2;RAB10;RILPL2;VAMP2;BBS2;BLZF1;GOLGA7
prerank,Regulation Of Protein Dephosphorylation (GO:0035304),-0.3351584680924487,-1.1998194775898583,1.792261e-01,7.335568e-01,1.000000e+00,12/34,18.29%,NSMF;PPP6R1;CALM3;TGFB1;PTBP1;PPP6R2;PIN1;PTPA;TIPRL;CALM1;CNEP1R1;PPP1R16B
prerank,Protein Deacetylation (GO:0006476),0.34018801391152764,1.1991706835988662,1.894531e-01,7.464982e-01,1.000000e+00,10/36,14.02%,HDAC1;RBBP4;HDAC8;MORF4L2;MSL3;HDAC5;MORF4L1;MTA2;MIER1;HDAC6
prerank,Positive Regulation Of Interleukin-12 Production (GO:0032735),0.4226483918958173,1.198277717548392,2.230920e-01,7.460954e-01,1.000000e+00,7/15,22.43%,MAPK14;IFNG;LAPTM5;LTB;IL16;TIRAP;HMGB1
prerank,Negative Regulation Of Response To Stimulus (GO:0048585),-0.3471417538195545,-1.1981177039732105,1.936128e-01,7.357676e-01,1.000000e+00,7/30,12.45%,RTEL1;BRAP;EPHA4;PIM3;CASK;TLE5;LYN
prerank,tRNA Modification (GO:0006400),0.3014188856977128,1.197546661808742,1.734893e-01,7.451630e-01,1.000000e+00,21/60,23.80%,THADA;TYW1;SSB;THUMPD3;NSUN2;SARS1;METTL2B;DTWD1;CDKAL1;ALKBH8;OSGEPL1;BCDIN3D;TYW5;METTL6;TYW3;TRMT13;TRMT6;CTU2;ANKRD16;GTPBP3;FTSJ1
prerank,Translation (GO:0006412),0.2559516420733677,1.1973581374040811,1.143411e-01,7.423387e-01,1.000000e+00,43/144,24.34%,MRPS7;TNIP1;DARS1;APEH;COPS5;EEF1A1;MRPL49;DAP3;MRPL3;MRPS33;SRBD1;QARS1;EEF2;SARS1;EEF1B2;RARS2;MRPL34;MRPS18C;EEF2K;EPRS1;EIF4G1;MRPL41;RACK1;EIF4EBP2;ABCE1;MRRF;MRPL20;GSPT1;IARS2;MRPL18;WARS2;MRPS34;MRPL17;MRPS18B;MARS2;MRPL27;MRPS14;MRPL36;EIF5A2;MRPL53;FTSJ1;MRPL4;IARS1
prerank,Microtubule Cytoskeleton Organization Involved In Mitosis (GO:1902850),0.3323922276601693,1.196507560425731,1.948819e-01,7.417035e-01,1.000000e+00,7/36,10.27%,KPNB1;CKAP5;KIF2A;KIF3B;MECP2;RAN;PCNT
prerank,Memory (GO:0007613),0.38515863120997434,1.195353651791649,2.282828e-01,7.423325e-01,1.000000e+00,7/21,23.48%,PPP3CB;PSEN1;PJA2;KAT2A;EIF4EBP2;CAMK2N1;RGS14
prerank,Positive Regulation Of Protein Kinase Activity (GO:0045860),0.28827917668849046,1.195024596297629,1.768061e-01,7.401642e-01,1.000000e+00,13/73,8.34%,TGFBR2;STRADA;XRCC5;PTPRC;PDCD10;MAP2K1;ADRB2;XRCC6;IFNG;PIH1D1;DAXX;PTPN1;CACUL1
prerank,Intracellular Protein Transmembrane Transport (GO:0065002),-0.320926372321126,-1.1947312682274962,1.956088e-01,7.439859e-01,1.000000e+00,15/42,23.40%,GRPEL2;TIMM17A;ZFAND2B;TIMM23;SEC61G;GRPEL1;TIMM23B;SRP54;SEC61B;TIMM21;TOMM40;ROMO1;HSPA5;HYOU1;PEX10
prerank,Positive Regulation Of Smooth Muscle Cell Proliferation (GO:0048661),-0.37475610016992444,-1.1938553040875914,2.186879e-01,7.437534e-01,1.000000e+00,6/23,6.92%,AKT1;MEF2D;TGFB1;ERN1;ID2;CCL5
prerank,Vacuolar Transport (GO:0007034),-0.3292188971108935,-1.1934562720289725,1.947262e-01,7.416946e-01,1.000000e+00,8/39,11.33%,VPS53;AP3D1;IGF2R;VPS37B;CHMP2B;VTI1A;BECN1;VPS54
prerank,B Cell Receptor Signaling Pathway (GO:0050853),0.3985220828651522,1.1931616544249262,1.991870e-01,7.435688e-01,1.000000e+00,4/18,3.22%,PIK3CD;NCKAP1L;PTPRC;NFATC2
prerank,Positive Regulation Of Protein Metabolic Process (GO:0051247),-0.2598652152440254,-1.1922532080408845,1.313725e-01,7.423587e-01,1.000000e+00,21/135,9.50%,RAB1A;RBM3;STX5;VIM;AKT1;YTHDF3;LDB1;TIPARP;TGFB1;YTHDF1;ATG7;AURKAIP1;LARP1B;BAD;NDUFA13;CIRBP;ASPH;BCL3;GSK3A;AXIN1;AGO2
prerank,"Retrograde Transport, Endosome To Golgi (GO:0042147)",0.28324855697700346,1.191838544286499,1.720430e-01,7.446905e-01,1.000000e+00,20/77,18.29%,TRIM27;VPS51;GCC2;SNX6;PIKFYVE;LMAN1;CLTC;SNX5;SNX3;RGP1;VPS35;BET1L;SNX1;SNX8;TMEM87B;ERC1;RCSD1;RAB6A;VTI1B;RAB29
prerank,Protein Modification By Small Protein Removal (GO:0070646),0.2892361851193697,1.1915415735341712,1.587591e-01,7.424219e-01,1.000000e+00,14/73,9.73%,USP11;UCHL5;SENP6;USP28;USP22;USP34;COPS5;COPS7A;DESI1;STAMBP;USP14;SENP7;USP32;USP19
prerank,Negative Regulation Of Blood Vessel Morphogenesis (GO:2000181),0.34815942768545927,1.1906028465213983,2.148594e-01,7.424053e-01,1.000000e+00,11/30,23.67%,KRIT1;ATP2B4;MECP2;SARS1;ATF2;PTPRM;PDE3B;CTNNB1;HGS;ROCK2;ROCK1
prerank,Non-Motile Cilium Assembly (GO:1905515),0.4005322750643977,1.1896147354703532,2.361905e-01,7.423976e-01,1.000000e+00,8/18,24.69%,CEP250;MBD1;ARL13B;IFT57;TMEM216;CEP89;IFT88;TOGARAM1
prerank,Leukocyte Cell-Cell Adhesion (GO:0007159),0.3888365851527491,1.1895217506297213,2.298387e-01,7.393776e-01,1.000000e+00,3/19,3.91%,ITGA4;TNIP1;CERCAM
prerank,Positive Regulation Of DNA-templated Transcription Initiation (GO:2000144),0.3113535793749148,1.1890017626103602,1.927481e-01,7.380183e-01,1.000000e+00,9/49,8.24%,TAF7;SETX;JUN;TBP;MED31;GTF2A1;MED28;DHX36;MDC1
prerank,Protein Methylation (GO:0006479),0.3632398379415599,1.188836389393963,2.263056e-01,7.353336e-01,1.000000e+00,15/27,31.84%,PRMT2;VCPKMT;FAM98A;GSPT1;LCMT1;RAB6A;PRMT5;CAMKMT;METTL22;EEF1AKMT2;PCMT1;SNRPD3;EEF2KMT;N6AMT1;PRMT7
prerank,Purine Ribonucleotide Metabolic Process (GO:0009150),0.33066286339343726,1.1864494095419529,2.215909e-01,7.406880e-01,1.000000e+00,16/40,25.12%,GPAT4;RAN;GIMAP7;CROT;MFN1;ADSS2;ACAT1;ABHD14B;HSPA8;GMPR2;CLPX;TPST2;BPNT1;HINT1;NDUFS1;MLYCD
prerank,Protein Localization To Chromosome (GO:0034502),0.34515982394713374,1.1853207763785458,2.182836e-01,7.414108e-01,1.000000e+00,17/31,35.11%,XRCC5;ATRX;PARP1;RPA2;RB1;SLF1;CTCF;CHMP7;TERF2IP;RAD21;RPA1;WAPL;MSH2;ZMYND8;MRNIP;TINF2;IFFO1
prerank,Regulation Of Cytokine Production (GO:0001817),0.27610607389603786,1.184886713413324,1.755027e-01,7.397854e-01,1.000000e+00,19/86,13.98%,MAPK14;PIK3CD;PPP1R11;PTPRC;PIK3CG;CD47;SOD1;IFNG;AGPAT1;ASB1;NPTN;CADM1;FCGR2B;GLMN;BTN2A2;ZBTB2;ZBTB20;KAT2A;ZNF131
prerank,Regulation Of Type II Interferon Production (GO:0032649),-0.30601085036084164,-1.1848712306473732,1.960396e-01,7.655991e-01,1.000000e+00,14/51,16.55%,XCL1;PDE4D;ZC3H12A;CEBPG;ZFPM1;MYDGF;LGALS9;SLC7A5;ISG15;HLA-DRB1;RIPK3;CD244;IL18;TYK2
prerank,Lymphocyte Differentiation (GO:0030098),-0.30926297318693424,-1.1848567664585568,1.724138e-01,7.621833e-01,1.000000e+00,16/49,14.58%,CEBPG;GATA3;CD79B;FNIP1;PTPRJ;HHEX;LFNG;PIK3R1;HDAC9;GPR89A;NFIL3;RABL3;DCAF1;KAT7;TCF3;SLC25A5
prerank,Cellular Response To Topologically Incorrect Protein (GO:0035967),0.39389802011836994,1.1836540010947383,2.277992e-01,7.409425e-01,1.000000e+00,5/17,14.02%,TM7SF3;TMBIM6;DAXX;PTPN1;HDAC6
prerank,Macromolecule Modification (GO:0043412),0.29945676751729666,1.183141142310679,1.962810e-01,7.394937e-01,1.000000e+00,12/59,10.34%,ST8SIA4;UBE2D2;ARAF;PRKDC;STK38;PPP4R2;ST6GAL1;PARP4;PARN;UBL4A;PARP1;ST3GAL1
prerank,Metal Ion Transport (GO:0030001),-0.3293785780737341,-1.1827762508261987,1.983640e-01,7.664529e-01,1.000000e+00,12/37,20.56%,MAGT1;CNNM4;SLC9B2;SELENOK;CCL5;TRPM7;SLC23A2;PKD2;NDUFA9;SLC3A2;SLC4A4;SLC5A6
prerank,Positive Regulation Of Protein Dephosphorylation (GO:0035307),-0.3542093107631931,-1.1825019387322304,2.312634e-01,7.640160e-01,1.000000e+00,10/28,18.29%,NSMF;CALM3;TGFB1;PTBP1;PIN1;PTPA;GNA12;CALM1;CNEP1R1;PPP1R16B
prerank,Proteoglycan Biosynthetic Process (GO:0030166),-0.38946164532639854,-1.1815534254577695,2.190669e-01,7.637981e-01,1.000000e+00,9/20,24.62%,FAM20B;SLC35D2;EXT1;XYLT1;B3GAT3;CHST10;B4GALT7;CANT1;CHST11
prerank,Cellular Response To Lipopolysaccharide (GO:0071222),-0.2921179967426633,-1.180852873607219,1.606765e-01,7.628146e-01,1.000000e+00,17/69,14.87%,VIM;GIT1;ZC3H12A;TNIP3;TGFB1;PLAA;TNIP2;SHPK;NFKBIB;CCL5;SBNO2;NFKB1;PABPN1;LYN;GSTP1;IRAK1;IL18
prerank,Negative Regulation Of NF-kappaB Transcription Factor Activity (GO:0032088),0.29872997056439454,1.1784056637517142,2.128440e-01,7.523332e-01,1.000000e+00,14/56,12.00%,ERBIN;UFL1;CDK5RAP3;PRMT2;GFI1;PARP10;CDKN2A;CARD8;LRRC14;HAVCR2;ITCH;G3BP2;COMMD6;PSMD10
prerank,Negative Regulation Of Immune Response (GO:0050777),0.3141007906237112,1.1783754214383741,1.907407e-01,7.492201e-01,1.000000e+00,10/47,11.26%,MAPK14;TRIM27;PRKDC;YWHAZ;ATG5;PLCG1;HAVCR2;PARP1;FCGR2B;RHBDF2
prerank,Organelle Transport Along Microtubule (GO:0072384),-0.33749052411356584,-1.1777876656788953,2.123711e-01,7.704026e-01,1.000000e+00,9/32,17.26%,RAB1A;CDC42;ARHGAP21;LRPPRC;UBB;BORCS5;KXD1;TRAK1;CLN3
prerank,Positive Regulation Of Nervous System Development (GO:0051962),0.40075699542209037,1.177354826601548,2.372549e-01,7.496627e-01,1.000000e+00,7/16,27.06%,IFNG;CX3CR1;NAP1L1;ZNF335;IL1RAP;RGS14;NUMBL
prerank,Regulation Of Interleukin-12 Production (GO:0032655),0.36086749519293904,1.1769539825512616,2.144213e-01,7.478197e-01,1.000000e+00,12/26,30.25%,MAPK14;CD47;IFNG;LAPTM5;LTB;IL16;TIRAP;FOXP1;HMGB1;MAST2;CMKLR1;PLCG2
prerank,Glycoprotein Metabolic Process (GO:0009100),0.32950769910621247,1.17630622125522,2.253259e-01,7.469756e-01,1.000000e+00,6/35,9.55%,GOLPH3;ST8SIA4;MAN1A1;TNIP1;HIF1A;OGA
prerank,Nuclear Transport (GO:0051169),0.3246652777730665,1.1762168140387372,1.973684e-01,7.440984e-01,1.000000e+00,13/37,26.70%,XPO1;NUP62;NUP50;GLE1;NUP37;NPM1;NUP58;NUP188;NUP85;NUP42;RGS14;NUP107;NUP93
prerank,Positive Regulation Of Gene Expression (GO:0010628),-0.23481397836975015,-1.1761864870419296,1.122244e-01,7.726754e-01,1.000000e+00,35/240,9.50%,MAZ;U2AF2;ATF4;RBM3;ZPR1;TENT4B;BRD7;ARID1B;VIM;AKT1;YTHDF3;DGKQ;ZC3H12A;EGR1;MAP2K2;IFNGR1;SPRY2;TGFB1;ERN1;PDCL3;MAPK9;YTHDF1;FLOT1;LARP1B;LGALS9;PRKAG1;ID2;HCFC1;CIRBP;NOTCH1;BCL3;GSK3A;TTN;PIK3R1;AGO2
prerank,Peptidyl-Threonine Modification (GO:0018210),-0.303588300464519,-1.1752244505167027,2.120000e-01,7.727516e-01,1.000000e+00,9/49,9.31%,AKT1;GALNT3;ULK1;CSNK2B;HIPK1;PRKCA;GSK3A;MAP3K10;CSNK2A2
prerank,Positive Regulation Of Interleukin-1 Beta Production (GO:0032731),0.35062223914895596,1.1743632708702045,2.373541e-01,7.473896e-01,1.000000e+00,6/27,8.93%,STAT3;GBP5;HSPB1;IFNG;GSDMD;CARD8
prerank,Regulation Of BMP Signaling Pathway (GO:0030510),-0.3425944568535691,-1.172306361444332,2.241379e-01,7.803318e-01,1.000000e+00,12/28,25.86%,CRIM1;RNF165;TRIM33;NOTCH1;SMURF1;ENG;SKIL;HIPK2;RBPJ;UBE2D1;UBE2O;SORL1
prerank,Positive Regulation Of Peptidyl-Tyrosine Phosphorylation (GO:0050731),-0.3138600542182586,-1.1717091769874943,2.134146e-01,7.791979e-01,1.000000e+00,13/47,16.98%,DGKQ;CD81;TGFB1;PTPRJ;CCL5;EPHA4;LRP8;DLG3;TNK2;LYN;IL18;RIPK2;UNC119
prerank,Positive Regulation Of Amide Metabolic Process (GO:0034250),-0.28866530169968596,-1.171622238291009,1.750973e-01,7.761015e-01,1.000000e+00,12/65,9.50%,RBM3;VIM;YTHDF3;IFNGR1;YTHDF1;LARP1B;CIRBP;EPHA4;CASP3;BCL3;GSK3A;AGO2
prerank,Porphyrin-Containing Compound Biosynthetic Process (GO:0006779),-0.3911220551816833,-1.1712126849985445,2.570281e-01,7.743098e-01,1.000000e+00,4/17,12.87%,SLC25A38;FXN;RSAD1;TSPO
prerank,Ribosomal Small Subunit Biogenesis (GO:0042274),-0.29810712459772987,-1.1711160386277355,2.016461e-01,7.713015e-01,1.000000e+00,12/57,15.22%,DNTTIP2;DDX52;KRR1;UTP3;NGDN;EXOSC10;MRPS11;RIOK3;LTV1;WDR36;METTL17;PNO1
prerank,Stem Cell Differentiation (GO:0048863),0.3809167856685685,1.1704348471176278,2.299465e-01,7.580195e-01,1.000000e+00,9/21,24.36%,PTPRC;UFL1;PSMD11;FBXL17;PUM1;METTL5;CTNNB1;TP53;BATF
prerank,Cholesterol Transport (GO:0030301),-0.37669773079352126,-1.1700800751922478,2.536998e-01,7.719196e-01,1.000000e+00,6/22,17.23%,NPC2;STARD4;ABCA5;STARD3;ABCA7;VPS4A
prerank,Regulation Of Necroptotic Process (GO:0060544),0.4026449720819367,1.1694454335903908,2.665370e-01,7.582801e-01,1.000000e+00,4/15,9.95%,ARHGEF2;RIPK1;PARP1;ITCH
prerank,Regulation Of T Cell Proliferation (GO:0042129),-0.3390962395308016,-1.1694317204074784,2.504970e-01,7.709655e-01,1.000000e+00,8/31,16.55%,NCK2;LGALS3;MYDGF;CD70;CCL5;HLA-DRB1;RIPK3;TYK2
prerank,B Cell Activation (GO:0042113),-0.30504727303411644,-1.1691897349524067,2.069672e-01,7.685962e-01,1.000000e+00,16/47,14.58%,CEBPG;GPR183;CD79B;CD70;FNIP1;PTPRJ;HHEX;PIK3R1;HDAC9;LAT2;PRKCB;CTPS1;RABL3;DCAF1;TCF3;SLC25A5
prerank,Activation Of GTPase Activity (GO:0090630),0.30685721299281854,1.1682718169259783,2.054264e-01,7.592423e-01,1.000000e+00,7/49,7.42%,ARHGAP25;RASGRP1;ARHGAP45;TBCK;PIP5K1A;TBC1D25;GPR65
prerank,Regulation Of Cell Migration (GO:0030334),-0.24170951946178137,-1.168093911657373,1.236897e-01,7.692574e-01,1.000000e+00,27/194,9.80%,ARHGAP4;MAZ;RAP2C;CDC42;ADARB1;AKT1;YTHDF3;LDB1;STK24;CARMIL2;SPRY2;TGFB1;RAC1;RHOC;PLXNA4;LDLRAD4;PTPRJ;DUSP22;SEMA4F;PRKCA;CCL5;EPHA4;NOTCH1;PLXNA3;SPAG9;ACTN4;ELP5
prerank,Negative Regulation Of BMP Signaling Pathway (GO:0030514),-0.3860781891288046,-1.1678515328926924,2.494577e-01,7.668411e-01,1.000000e+00,9/17,27.99%,CRIM1;TRIM33;NOTCH1;SMURF1;SKIL;HIPK2;UBE2D1;SORL1;SMURF2
prerank,Regulation Of Translational Initiation (GO:0006446),-0.3010621249996106,-1.1656404332620522,2.029289e-01,7.719639e-01,1.000000e+00,12/52,10.26%,NCK2;YTHDF2;YTHDF3;EIF4H;EIF3B;YTHDF1;CCL5;NCBP1;POLR2G;DDX1;EIF1;EIF5
prerank,Regulation Of Myoblast Differentiation (GO:0045661),0.3374660966416274,1.1651010626045202,2.449393e-01,7.673303e-01,1.000000e+00,5/32,2.33%,MAPK14;RIPOR2;ZFP36L1;SMARCC2;PBRM1
prerank,Organic Hydroxy Compound Biosynthetic Process (GO:1901617),-0.3755003870079215,-1.1641586913827284,2.366255e-01,7.737681e-01,1.000000e+00,8/20,25.28%,HSD17B10;OSBPL7;PRKAG2;PMVK;OSBPL9;PER2;PARK7;HMGCR
prerank,Lysosome Localization (GO:0032418),0.3392389102643599,1.1640466669414953,2.341270e-01,7.679584e-01,1.000000e+00,8/30,14.11%,PIK3CD;PIK3CG;VPS33A;NDEL1;BLOC1S1;TMEM106B;HDAC6;FAM98A
prerank,Proteolysis (GO:0006508),-0.2520052417031723,-1.1640457429723146,1.785714e-01,7.709146e-01,1.000000e+00,37/133,20.00%,CAPN15;SDE2;RNPEPL1;CPD;MMP23B;FURIN;CAPN12;CTSD;METAP2;LACTB;CASP3;LRP8;ATG4D;CTSS;PEPD;ADAMTS10;TPP1;APH1A;FBXL6;CTSW;CASP4;ATG4B;TBL1X;USP25;DPP3;PCOLCE;ADAM28;NPEPL1;XPNPEP3;CAPN2;CLN3;DPP9;SRGN;PCSK7;ADAMTS1;HTRA2;HM13
prerank,Regulation Of Programmed Cell Death (GO:0043067),0.25699075725883974,1.1636231490975537,1.583166e-01,7.661923e-01,1.000000e+00,34/125,18.61%,TM7SF3;NUP62;IKZF3;ANP32E;TOMM70;MAGED1;DDX42;ANP32B;MORF4L2;DAPK2;BNIP3;BRD8;TRRAP;RIPK1;EP400;RTN4;VCP;PRDX2;RUVBL1;IFT57;HTATIP2;MORF4L1;IRF3;TRIM24;RTKN;TPT1;NTRK1;REST;ETFA;LCMT1;AKT1S1;FAS;ATM;CIDEB
prerank,Positive Regulation Of Transferase Activity (GO:0051347),0.2802797662806743,1.1626923499630828,1.945525e-01,7.664458e-01,1.000000e+00,21/74,16.54%,XRCC5;TNIP1;PRKCQ;BMI1;HNRNPD;TCP1;PTGES3;NEK7;HNRNPA2B1;RFC5;PARN;RFC4;ERBB2;MAP3K4;DCUN1D1;WRAP53;CCT4;CCT2;NTRK1;MRE11;ARRDC3
prerank,Regulation Of Androgen Receptor Signaling Pathway (GO:0060765),0.37294802972585517,1.1615755517909627,2.408478e-01,7.672045e-01,1.000000e+00,4/22,5.43%,HDAC1;DDX5;RNF14;PRMT2
prerank,Hexose Biosynthetic Process (GO:0019319),-0.36248097927750034,-1.1614712559227696,2.405063e-01,7.765364e-01,1.000000e+00,5/23,7.51%,ATF4;POLR2D;FBP1;ENO3;CRTC2
prerank,Regulation Of Rho Protein Signal Transduction (GO:0035023),0.31592829552404356,1.161237255320337,2.270169e-01,7.652223e-01,1.000000e+00,12/42,17.68%,ARHGEF3;RIPOR2;PDCD10;ARHGEF2;AKAP13;ADGRG1;GPR174;GPR65;F2R;HEG1;DYNLL1;RALBP1
prerank,Positive Regulation Of Lymphocyte Proliferation (GO:0050671),-0.32050129845269215,-1.16034576512937,2.260536e-01,7.772551e-01,1.000000e+00,10/38,16.55%,NCK2;IRS2;CD81;GPR183;CD70;CCL5;CD38;VAV3;IL18;TYK2
prerank,Phosphorylation (GO:0016310),-0.2286757691263238,-1.1589086752624174,1.034483e-01,7.790630e-01,1.000000e+00,58/283,14.03%,LIMK1;CSNK1G2;PKN1;CTBP1;SIK3;MAPKAPK2;RUNX3;GRK2;CLK3;AKT1;DGKQ;RYK;ULK1;TAF11;STK24;CSNK2B;TAF10;GRK6;TGFB1;ERN1;GMFG;MAPK9;FAM20B;BRD2;PRKACA;CSNK1D;PRKAG1;SHPK;HIPK1;MKNK2;DAPK3;PRKCA;PKN2;TRIB2;EPHA4;LATS1;COPS8;MKNK1;GSK3A;GMFB;CSNK2A2;TAF4;PIM3;PRKCB;BECN1;TNK2;PRKAG2;CCNT1;IKBKB;HCST;PANK2;CDK16;LYN;TAOK2;PINK1;IRAK1;MAPKAP1;MLST8
prerank,Positive Regulation Of Apoptotic Process (GO:0043065),-0.24677716679382047,-1.1584745268093883,1.632231e-01,7.772998e-01,1.000000e+00,29/163,12.69%,ATF4;GADD45B;RBM5;IFIT2;BCL6;ZC3H12A;ARHGEF7;LGALS1;ERCC3;DIABLO;ATG7;SAP18;ZNF622;BAD;RNPS1;CTSD;CARM1;DAPK3;CTNNBL1;CASP3;LATS1;CTSS;PIDD1;MAP3K10;GADD45G;PTPA;TLE5;PTRH2;MOAP1
prerank,Regulation Of Cell Cycle (GO:0051726),-0.2373426602318172,-1.157275114691123,1.327801e-01,7.781544e-01,1.000000e+00,40/212,14.10%,CTBP1;GADD45B;ZPR1;YY1AP1;BRD7;RUNX3;ADARB1;PPP1R9B;ANAPC15;MX2;CCNL2;INO80E;TGFB1;GATA3;JUND;CALR;HBP1;FBXO5;RAD23A;PRKACA;ING3;BIRC2;ANAPC11;HCFC1;EPC1;MCM2;DAPK3;TSPYL2;GADD45G;PIM3;BMAL1;YWHAE;CKS1B;PKD2;YEATS2;ZBTB49;CDK7;GMNN;KAT7;SUV39H1
prerank,Heterochromatin Organization (GO:0070828),0.34726844231581067,1.1572609858769913,2.582524e-01,7.764382e-01,1.000000e+00,7/29,8.67%,HP1BP3;SMARCA5;EZH1;UBR5;HDAC5;SETDB2;CBX3
prerank,Nucleocytoplasmic Transport (GO:0006913),0.30101683721843236,1.1546103309991365,2.091743e-01,7.827880e-01,1.000000e+00,16/48,26.70%,XPO1;NUP62;NUP50;CDKN1B;GLE1;NUP37;HTATIP2;NPM1;NUP58;NUP188;NUP85;MALT1;NUP42;RGS14;NUP107;NUP93
prerank,Muscle Cell Differentiation (GO:0042692),0.39597749089456363,1.1544524512193428,2.421260e-01,7.801511e-01,1.000000e+00,5/16,21.10%,HDGFL2;GLMN;RORA;MRTFA;HEY2
prerank,Second-Messenger-Mediated Signaling (GO:0019932),-0.33864481613343345,-1.1540752288196912,2.634855e-01,7.864899e-01,1.000000e+00,9/31,19.46%,INPP5A;PPP1R9B;PPP2CA;P2RX4;LAT2;DHX8;RCAN1;GUCY1A1;MCTP2
prerank,Protein Monoubiquitination (GO:0006513),0.33011103596248276,1.1533613687659134,2.544031e-01,7.809757e-01,1.000000e+00,20/36,33.23%,RNF20;KLHL22;MARCHF7;FAAP20;RNF10;ITCH;HUWE1;OBI1;RBX1;FANCF;UBE2R2;UBE2D3;RAD18;TRIM37;PEX2;FANCG;FAAP100;FANCA;KLHL12;MGRN1
prerank,Positive Regulation Of Cation Channel Activity (GO:2001259),0.3894924036882892,1.1533304951647732,3.043478e-01,7.779532e-01,1.000000e+00,3/18,6.70%,PPP3CB;PPP3CC;PPP3R1
prerank,Regulation Of Pathway-Restricted SMAD Protein Phosphorylation (GO:0060393),-0.38835458674072587,-1.1529479014188186,2.749004e-01,7.873589e-01,1.000000e+00,6/17,11.58%,CSNK2B;TGFB1;LDLRAD4;PIN1;PMEPA1;GDF11
prerank,Vacuolar Acidification (GO:0007035),-0.35633187546836104,-1.1527935657980939,2.445328e-01,7.847683e-01,1.000000e+00,4/23,8.03%,TCIRG1;ATP6V1H;RNASEK;ATP6V0C
prerank,Cellular Response To Starvation (GO:0009267),-0.26399512089616983,-1.1526586395835772,1.827309e-01,7.821153e-01,1.000000e+00,32/97,23.63%,ATF4;MAP1LC3B;WDR45B;ZC3H12A;STK24;ATG7;FNIP1;GABARAPL1;TBL2;SESN3;FADS1;SEH1L;WIPI1;TFEB;BECN1;USP33;SREBF1;SUV39H1;ITFG2;ATG14;JMY;FLCN;ASNS;HSPA5;PLIN3;LAMP2;EIF2AK2;SZT2;CPEB4;RIPOR1;MTMR3;KLF10
prerank,Negative Regulation Of Signaling (GO:0023057),0.39208947481481154,1.1525424438573622,2.623274e-01,7.778208e-01,1.000000e+00,3/16,8.25%,PPP3CB;AP1AR;PTPN1
prerank,Negative Regulation Of Protein Serine/Threonine Kinase Activity (GO:0071901),-0.30643810531647364,-1.1520474226918769,2.403259e-01,7.811858e-01,1.000000e+00,13/47,13.27%,RGS2;INPP5K;AKT1;SPRY2;HEXIM1;PTPRJ;HHEX;LATS1;PRKAR2A;CDK5RAP1;TESK1;LYN;GSTP1
prerank,Regulation Of Smooth Muscle Cell Proliferation (GO:0048660),0.35265654789911416,1.1519084060386402,2.447013e-01,7.768338e-01,1.000000e+00,5/25,4.14%,HDAC1;XRCC5;PRKDC;XRCC6;IFNG
prerank,Positive Regulation Of Protein Kinase B Signaling (GO:0051897),-0.3082317035688532,-1.1512069870568786,2.489362e-01,7.809031e-01,1.000000e+00,7/44,6.64%,MAZ;SPRY2;TGFB1;MYDGF;GATA3;P2RX4;PTPRJ
prerank,Positive Regulation Of Protein Serine/Threonine Kinase Activity (GO:0071902),0.2941645215880774,1.1510692004974354,2.133581e-01,7.766533e-01,1.000000e+00,9/52,6.29%,RASGRP1;PIK3CG;PDCD10;MAP2K1;ADRB2;ATP2B4;IFNG;PIH1D1;ERBB2
prerank,Positive Regulation Of Neutrophil Migration (GO:1902624),0.3988573615909812,1.1508820828781183,2.968127e-01,7.742852e-01,1.000000e+00,3/16,7.32%,NCKAP1L;RIPOR2;DAPK2
prerank,rRNA Modification (GO:0000154),0.3960476817735605,1.150677109035381,2.737864e-01,7.719243e-01,1.000000e+00,11/16,39.44%,MRM2;FBL;METTL5;DKC1;TFB1M;NAT10;NOP10;NSUN3;ZCCHC4;TSR3;NSUN4
prerank,Positive Regulation Of Protein Localization (GO:1903829),0.2909647139447812,1.1506314771024149,2.338403e-01,7.690906e-01,1.000000e+00,9/58,9.42%,PPP3CB;TRAPPC12;NUP62;TM9SF4;CEP250;CDK5RAP3;CEP120;RTN4;VRK1
prerank,Protein Localization To Chromatin (GO:0071168),0.36722342982069206,1.150150175434217,2.539062e-01,7.677427e-01,1.000000e+00,16/22,38.39%,WBP2;PARP1;TASOR;NIPBL;LRWD1;CHMP7;RAD21;WAPL;MSH2;ZMYND8;H2BC11;MACROH2A1;MRNIP;SGF29;RUVBL2;MCM8
prerank,Regulation Of Phosphatase Activity (GO:0010921),-0.41072623006537234,-1.149664670020723,2.787524e-01,7.833177e-01,1.000000e+00,6/15,14.35%,PPP6R1;PPP6R2;PTPA;URI1;RIPK3;TIPRL
prerank,"Maturation Of SSU-rRNA From Tricistronic rRNA Transcript (SSU-rRNA, 5.8S rRNA, LSU-rRNA) (GO:0000462)",-0.3573975591606807,-1.148909826805471,2.362525e-01,7.827545e-01,1.000000e+00,3/23,5.33%,UTP3;NGDN;MRPS11
prerank,Regulation Of Ubiquitin-Dependent Protein Catabolic Process (GO:2000058),0.3297007049205325,1.148880930364678,2.500000e-01,7.692424e-01,1.000000e+00,11/33,16.69%,XPO1;UFL1;CDK5RAP3;RAD23B;DESI1;TRIM39;UBE3A;GLMN;PTEN;LAPTM5;L3MBTL3
prerank,Exocytosis (GO:0006887),0.2965317231729749,1.1486087215385319,2.380952e-01,7.672621e-01,1.000000e+00,10/52,12.59%,MIA3;SYTL2;COPS5;STX2;RAB10;RAB11A;WASHC3;SYTL3;VAMP2;TMEM167A
prerank,Regulation Of Lysosomal Lumen pH (GO:0035751),-0.37573858119070447,-1.147121512772858,2.648221e-01,7.861414e-01,1.000000e+00,6/20,17.26%,TCIRG1;ATP6V1H;RNASEK;ATP6V0C;TMEM175;CLN3
prerank,Negative Regulation Of Protein Localization To Plasma Membrane (GO:1903077),0.4052027238550381,1.1470263018152778,2.828096e-01,7.697527e-01,1.000000e+00,9/15,27.70%,PPP2R5A;CLTC;BCL2L1;TMBIM1;PPFIA1;CSK;PICALM;GBP1;DAB2
prerank,Positive Regulation Of Leukocyte Cell-Cell Adhesion (GO:1903039),0.3497964947637322,1.1464857619683877,2.307692e-01,7.687822e-01,1.000000e+00,5/26,12.55%,ETS1;PRKCQ;CD47;FCHO1;LCK
prerank,Neuron Migration (GO:0001764),-0.3768392549231041,-1.1460670688204948,2.877264e-01,7.866555e-01,1.000000e+00,4/19,8.28%,MDGA1;DDIT4;RAC1;AUTS2
prerank,Nucleotide-Excision Repair (GO:0006289),0.3010358949054627,1.14593888151348,2.504604e-01,7.676936e-01,1.000000e+00,18/49,28.11%,SLC30A9;RNF111;RPA3;RAD23B;DDB2;GTF2H3;RPA2;ERCC8;POLR2I;GTF2H5;MRPL36;POLL;TP53;UVSSA;COMMD1;RPA1;XPC;ERCC6
prerank,Nuclear-Transcribed mRNA Catabolic Process (GO:0000956),0.27212934911010545,1.1457288147602702,2.399232e-01,7.655615e-01,1.000000e+00,15/78,10.32%,CNOT7;THRAP3;ZFP36L1;DDX5;CSDE1;PATL2;DCP1B;SMG1;CNOT3;PARN;XRN1;PAN2;EIF3E;TUT7;UPF3B
prerank,Positive Regulation Of mRNA Processing (GO:0050685),-0.36638679422678844,-1.1445415098202103,2.703252e-01,7.890218e-01,1.000000e+00,6/21,7.94%,RBM3;SNW1;TRA2B;CIRBP;DAZAP1;NCBP1
prerank,Cellular Response To Growth Factor Stimulus (GO:0071363),0.27181411955681845,1.1444582701957444,1.980583e-01,7.669440e-01,1.000000e+00,13/77,7.17%,TGFBR2;MAPK14;HDAC1;SLC4A7;ZFP36L1;SETX;EHD1;EEF1A1;HSPB1;CPNE3;ERBB2;PLCG1;BMPR1A
prerank,Intracellular Protein Transport (GO:0006886),0.22798400453679235,1.1435085181317193,1.216730e-01,7.672577e-01,1.000000e+00,52/263,14.61%,KPNB1;TLK1;PPP1R10;STK4;XPO1;STRADA;KPNA3;ARF4;STAT3;NUP62;NUP50;PREB;SNX6;HIKESHI;ARHGEF2;VPS33A;EHD1;STX2;PHB2;DNAJC19;MVB12A;LMAN1;ARCN1;SNX27;DESI1;USO1;CLTC;HERC2;EIF4ENIF1;MYO6;RANBP3;CSE1L;RAN;IPO9;YWHAH;CTSA;STXBP3;IPO8;VPS35;SNX17;COG7;SNX1;NPM1;SNX8;IPO5;APPL1;ARFIP1;PICK1;RAB28;HDAC6;LAPTM5;FUT10
prerank,Regulation Of Neutrophil Chemotaxis (GO:0090022),0.40222799252914,1.142411022965515,2.941176e-01,7.683326e-01,1.000000e+00,3/15,7.32%,NCKAP1L;RIPOR2;DAPK2
prerank,Positive Regulation Of Myoblast Differentiation (GO:0045663),0.347260572376999,1.142025590674276,2.816901e-01,7.668530e-01,1.000000e+00,5/26,7.40%,MAPK14;RIPOR2;SMARCC2;PBRM1;SMARCC1
prerank,Negative Regulation Of Proteolysis (GO:0045861),-0.3775630879678999,-1.1419115040882375,2.904564e-01,7.953293e-01,1.000000e+00,8/18,26.35%,AKT1;TIMP1;EPHA4;CLN3;BAG6;DNAJC1;SNX12;TRIM21
prerank,ERBB Signaling Pathway (GO:0038127),-0.35623858885046017,-1.1407792997021748,2.573222e-01,7.962030e-01,1.000000e+00,8/23,20.02%,NCK2;AKT1;TGFB1;MVP;CUL5;BRAF;AREG;SHC1
prerank,Negative Regulation Of Cell Motility (GO:2000146),-0.27815114622909737,-1.1402054472668204,2.205240e-01,7.952113e-01,1.000000e+00,10/66,7.14%,ARHGAP4;RAP2C;ADARB1;STK24;GATA3;LDLRAD4;PTPRJ;DUSP22;PIN1;EPHA4
prerank,Cytosolic Pattern Recognition Receptor Signaling Pathway (GO:0002753),0.3638626862016239,1.1393848164066638,2.545788e-01,7.732805e-01,1.000000e+00,9/23,25.93%,PHB2;STING1;ITCH;IPO5;IRF3;RIGI;TIFA;MAP3K7;RNF135
prerank,Response To Gamma Radiation (GO:0010332),0.4043619009358346,1.1393682377601506,3.114120e-01,7.704561e-01,1.000000e+00,2/15,3.33%,XRCC5;XRCC6
prerank,Histone Acetylation (GO:0016573),0.2917446521933264,1.1388368156584545,2.372549e-01,7.694471e-01,1.000000e+00,24/55,26.23%,TAF7;USP22;SUPT20H;MORF4L2;MSL3;BRD8;TRRAP;EP400;RUVBL1;MORF4L1;KAT2A;TAF5;TADA2A;TAF12;SUPT3H;NAA40;MRGBP;TAF5L;PHF20L1;MAP3K7;ACTL6A;TADA3;TAF9;EPC2
prerank,Wnt Signaling Pathway (GO:0016055),0.3469457589357671,1.1385757950517377,2.647059e-01,7.674962e-01,1.000000e+00,7/27,13.24%,CCDC88C;USP34;STRN;PORCN;VPS35;PTEN;CSNK1A1
prerank,Regulation Of Inflammatory Response (GO:0050727),0.25445420917049416,1.1384315856284797,1.867925e-01,7.651045e-01,1.000000e+00,32/115,22.00%,ETS1;S100A8;TNIP1;STAT3;S100A9;SNX6;IL10RA;UFL1;CD47;IFNG;AOAH;TRIM65;GSDMD;ARNT;RIPK1;LPCAT3;VPS35;SEMA7A;VAMP2;DDT;SHARPIN;RORA;LETMD1;RB1;PPARA;PIK3AP1;IL16;SELENOS;CAMK2N1;AKNA;NAPEPLD;FOXP1
prerank,Regulation Of Protein Kinase B Signaling (GO:0051896),-0.2811306786660172,-1.1381908153798062,2.385892e-01,7.993634e-01,1.000000e+00,9/66,6.64%,MAZ;INPP5K;SPRY2;PPP2CA;TGFB1;MYDGF;GATA3;P2RX4;PTPRJ
prerank,Myeloid Leukocyte Differentiation (GO:0002573),-0.3240617032780819,-1.1381557422713586,2.630480e-01,7.964476e-01,1.000000e+00,11/33,12.74%,CDC42;FARP2;GPR183;GATA3;LGALS9;SBNO2;TNFRSF11A;SRP54;SOCS1;TYROBP;HLA-DRB1
prerank,tRNA Methylation (GO:0030488),0.3293029735422774,1.1377044382370607,2.594059e-01,7.645938e-01,1.000000e+00,13/31,23.80%,THADA;TRMT1L;THUMPD3;NSUN2;METTL2B;BCDIN3D;DALRD3;METTL6;TYW3;TRMT13;TRMT6;GTPBP3;FTSJ1
prerank,Regulation Of Heart Contraction (GO:0008016),-0.37200988628962134,-1.137607360710227,2.772926e-01,7.953242e-01,1.000000e+00,5/20,8.38%,PDE4D;CALM3;PRKACA;P2RX4;GSK3A
prerank,Membrane Protein Ectodomain Proteolysis (GO:0006509),0.39980940346513155,1.1374315331926126,2.926357e-01,7.627525e-01,1.000000e+00,3/15,10.89%,PRKCQ;PSEN1;RBMX
prerank,Cellular Response To Type II Interferon (GO:0071346),-0.3327383674477572,-1.1374040290893428,2.668067e-01,7.930167e-01,1.000000e+00,11/31,19.02%,XCL1;IFNGR1;LGALS9;DAPK3;XCL2;CCL5;CCL4;GAPDH;CALM1;TYK2;IRF1
prerank,Regulation Of Protein Modification Process (GO:0031399),-0.33646747858172216,-1.1369913052217375,2.467811e-01,7.914757e-01,1.000000e+00,12/30,19.54%,ULK1;PPIB;PPP2CA;ATG7;FNIP1;PIN1;SOCS1;LYN;RABL3;ATG14;PPP1R16B;FLCN
prerank,mRNA Metabolic Process (GO:0016071),-0.2738750619294898,-1.1365785844729193,2.186879e-01,7.898605e-01,1.000000e+00,20/71,17.05%,U2AF2;YTHDF2;PRPF18;AKAP8L;ERN1;PRKACA;NCBP1;AGO4;SRSF9;NUDT21;FBXO11;SRSF5;ALKBH5;SRSF2;HNRNPAB;CPSF6;ATXN2L;KIN;SF3A2;METTL3
prerank,Oligosaccharide Metabolic Process (GO:0009311),-0.3546257710668954,-1.1361546105793285,2.792608e-01,7.883547e-01,1.000000e+00,4/22,8.63%,MAN2C1;ST6GALNAC6;NEU1;NAGA
prerank,Respiratory Chain Complex IV Assembly (GO:0008535),-0.3484479901032872,-1.135391621399907,2.683438e-01,7.881473e-01,1.000000e+00,9/26,25.42%,PET100;COX19;SURF1;FASTKD3;COA1;TIMM21;COX16;STMP1;SCO1
prerank,Positive Regulation Of Phagocytosis (GO:0050766),0.3436831502799924,1.134918221922003,2.737643e-01,7.685394e-01,1.000000e+00,5/26,9.81%,NCKAP1L;PTPRC;CD47;IFNG;FCGR2B
prerank,Negative Regulation Of Response To Biotic Stimulus (GO:0002832),0.32858445137270026,1.1333023744772193,2.598131e-01,7.712951e-01,1.000000e+00,7/33,10.08%,PRKDC;YWHAZ;ATG5;CARD8;PARP1;ITCH;PPM1B
prerank,Response To Metal Ion (GO:0010038),-0.31389406189894087,-1.1331601736168988,2.516411e-01,7.931670e-01,1.000000e+00,9/35,17.38%,FXN;CALM3;PPP2CA;PPP2CB;CRIP1;TTN;HVCN1;CALM1;PLSCR1
prerank,RNA Splicing (GO:0008380),-0.26337677850493135,-1.130388740350989,2.241715e-01,7.999269e-01,1.000000e+00,18/92,13.95%,RBM8A;SRSF10;MAGOH;PRPF18;PPP1R9B;PPP2CA;TRA2B;SLU7;RP9;SMNDC1;RNPS1;NCBP1;DHX8;SNRPD1;SNRNP25;SRSF2;ZCRB1;LSM1
prerank,Negative Regulation Of MAP Kinase Activity (GO:0043407),0.3341483006394978,1.1303835559507298,2.983114e-01,7.785391e-01,1.000000e+00,7/30,8.25%,LAX1;STK38;SMPD1;CDK5RAP3;DUSP16;HIPK3;PTPN1
prerank,rRNA Catabolic Process (GO:0016075),0.382076651003632,1.1301962404354502,2.899628e-01,7.764515e-01,1.000000e+00,7/17,18.81%,TRIR;XRN1;EXOSC2;SLFN12;EXOSC3;EXOSC8;DIS3
prerank,Protein Acylation (GO:0043543),-0.32416684724621403,-1.1299411702511037,2.765531e-01,7.985249e-01,1.000000e+00,14/30,29.74%,ZDHHC18;CREBBP;ZDHHC14;SELENOK;ZDHHC3;ING5;SPHK1;ZDHHC13;ZDHHC20;KAT2B;ZDHHC8;ZDHHC7;GTF2B;EP300
prerank,Kidney Development (GO:0001822),0.35451896788045345,1.1297423501543256,2.653061e-01,7.751762e-01,1.000000e+00,8/23,22.09%,C1GALT1;CEP290;PCSK5;NIPBL;IFT27;NPHP3;HELLS;IFT88
prerank,Phospholipase C-activating G Protein-Coupled Receptor Signaling Pathway (GO:0007200),0.40081769508666376,1.1296919930519718,3.126214e-01,7.725696e-01,1.000000e+00,6/15,17.67%,CXCR2;GPR174;GPR65;CX3CR1;F2R;NMUR1
prerank,Negative Regulation Of Developmental Process (GO:0051093),0.2847125627024336,1.1291623134291724,2.452471e-01,7.715856e-01,1.000000e+00,11/56,12.44%,HDAC1;RBBP4;PHF14;ZNF706;SUZ12;ANP32B;SMARCC1;BNIP3;PARP1;ARID4A;HUWE1
prerank,Protein Stabilization (GO:0050821),-0.2438982681988317,-1.1287969894744876,1.919643e-01,7.993218e-01,1.000000e+00,52/154,22.31%,NAPG;PPIB;FBXW7;PDCL3;CALR;FLOT1;TNIP2;PFDN1;COG3;HCFC1;HYPK;GNAQ;PIN1;EPHA4;USP7;PFDN2;PIK3R1;H1-5;PFDN4;GAPDH;URI1;MDM4;TYROBP;USP33;CDK7;BAG3;PYURF;SEL1L;RABL3;SUMO1;PINK1;TBL1X;ZNF207;POLR2E;GTPBP4;USP36;P3H1;CDC37;TESC;LAMP1;BAG1;SOX4;BAG5;PFN1;BAG6;RAB21;CAMLG;GLMP;LAMP2;PHB1;TSC1;ATP1B1
prerank,Establishment Of Mitotic Spindle Orientation (GO:0000132),-0.3814694318020762,-1.1284250666529176,2.976654e-01,7.976622e-01,1.000000e+00,2/18,0.58%,MAPRE1;DYNLT1
prerank,Transport Across Blood-Brain Barrier (GO:0150104),-0.32280014846233157,-1.1279526529439285,2.681913e-01,7.965229e-01,1.000000e+00,13/32,26.07%,SLC22A5;SLC2A1;SLC7A5;ATP8A1;SLC38A5;FABP5;SLC27A1;SLC4A4;SLC5A6;SLC16A1;SLC1A4;SLCO3A1;ABCB1
prerank,External Encapsulating Structure Organization (GO:0045229),-0.397751696080858,-1.1275988865841473,2.825203e-01,7.947686e-01,1.000000e+00,3/15,10.64%,MMP23B;FURIN;ADAMTS10
prerank,Response To Glucose (GO:0009749),-0.3342514382507574,-1.1272565237551215,2.753623e-01,7.931137e-01,1.000000e+00,8/28,17.75%,IRS2;TRA2B;ERN1;PRKACA;EIF2B1;SELENOT;IGF1R;SOX4
prerank,Protein Modification By Small Protein Conjugation (GO:0032446),-0.22654714732571912,-1.1268343978295319,1.727862e-01,7.916283e-01,1.000000e+00,51/263,14.05%,ZNF598;SDE2;CBX4;UBE2M;RNF7;MARCHF6;BRAP;FBXW7;ENC1;TRIM33;UBR1;RNF181;ATG7;OTULIN;UCHL3;CRBN;CUL3;MYLIP;ANAPC11;BSPRY;ZMIZ1;URM1;MSL2;CAND1;MARCHF3;MIB2;USP7;SUMO3;COPS3;COPS8;ZSWIM8;ZNF451;VCPIP1;FBXO9;HDAC9;ARIH2;RNF115;ISG15;TOPORS;NSMCE4A;CUL5;FBXO11;MDM4;UBB;UBA6;FBXL5;UBA1;SUMO1;PINK1;RBBP6;KLHL2
prerank,Positive Regulation Of Protein Localization To Nucleus (GO:1900182),0.28901870775003485,1.1265020841330664,2.467290e-01,7.779700e-01,1.000000e+00,19/55,21.05%,PPP3CB;TCP1;CDK5RAP3;IFNG;CCT3;UBR5;CCT6A;PSEN1;RAN;NMD3;IPO5;CCT4;CCT8;CCT2;CCT7;SMAD3;EIF2AK3;PIK3R2;PYHIN1
prerank,Inorganic Cation Import Across Plasma Membrane (GO:0098659),0.38350837358605216,1.1260053012343645,2.817460e-01,7.769500e-01,1.000000e+00,4/18,10.47%,ATP1A3;ATP2B4;SLC12A6;SLC39A6
prerank,Regulation Of MAP Kinase Activity (GO:0043405),0.2944457592308216,1.1257167989600998,2.996032e-01,7.751742e-01,1.000000e+00,9/49,8.25%,LAX1;RASGRP1;STK38;PIK3CG;SMPD1;PDCD10;CDK5RAP3;ERBB2;PTPN1
prerank,Positive Regulation Of Translation (GO:0045727),0.26183779893454673,1.125183678875578,2.379032e-01,7.742492e-01,1.000000e+00,23/83,16.26%,KHDRBS1;PRKDC;UHMK1;HNRNPD;CSDE1;SSB;ERBB2;DHX36;EEF2;CNBP;EIF3E;LARP4B;UQCC2;UPF3B;SYNCRIP;NPM1;RPUSD3;PABPC1;PKM;YBX1;TRUB2;METTL5;EIF4G3
prerank,Negative Regulation Of Small Molecule Metabolic Process (GO:0062014),-0.38188343416897647,-1.1248037368259833,3.026316e-01,7.957245e-01,1.000000e+00,4/17,8.38%,GIT1;FBP1;USP7;GSK3A
prerank,Positive Regulation Of Cell Motility (GO:2000147),-0.2618538060764709,-1.1244732611041417,2.307692e-01,7.941623e-01,1.000000e+00,14/93,9.80%,MAZ;CDC42;CARMIL2;SPRY2;TGFB1;RHOC;SEMA4F;PRKCA;CCL5;EPHA4;NOTCH1;SPAG9;ACTN4;ELP5
prerank,Phagocytosis (GO:0006909),0.3229040655747266,1.1241184983815944,2.857143e-01,7.751538e-01,1.000000e+00,8/31,13.25%,ARHGAP25;TM9SF4;MESD;ANXA11;PIP5K1A;FCGR2B;BIN2;BLTP1
prerank,Fatty Acid Catabolic Process (GO:0009062),0.30092724905636425,1.1240640373694484,2.643253e-01,7.726511e-01,1.000000e+00,19/48,28.84%,ECHDC2;ECHDC1;ABHD3;HADHA;ABHD2;CROT;ACADM;MCAT;ACAT1;PHYH;BDH2;LPIN2;ACAA2;ABCD3;ECI2;PEX2;AUH;SCP2;MTLN
prerank,Negative Regulation Of TOR Signaling (GO:0032007),-0.3082880111150409,-1.1227462720412646,2.948718e-01,7.973147e-01,1.000000e+00,13/40,22.18%,DDIT4;UBR1;FNIP1;GSK3A;SESN3;SEH1L;BMAL1;SEC13;ITFG2;CASTOR2;FLCN;SZT2;TSC1
prerank,Regulation Of Transport (GO:0051049),0.3426569854938343,1.1225000476837677,2.810707e-01,7.751606e-01,1.000000e+00,6/24,16.96%,ARL6IP5;EPB41;RAB11A;MYO6;VAMP2;GAPVD1
prerank,Regulation Of Cytokine Production Involved In Inflammatory Response (GO:1900015),0.34281910333577864,1.1220608189236718,3.017408e-01,7.739571e-01,1.000000e+00,5/25,7.64%,MAPK14;STAT3;GBP5;CD6;HIF1A
prerank,Cellular Response To Oxygen-Containing Compound (GO:1901701),-0.2304902055729914,-1.121690919635952,1.644737e-01,7.982750e-01,1.000000e+00,34/192,12.45%,ZNF16;NSMF;INPP5K;VIM;GIT1;AKT1;ZC3H12A;EGR1;GNB1;RAPGEF1;TNIP3;CPNE8;SNW1;LAMTOR1;LAMTOR4;PLAA;MAPK9;TNIP2;ADCY7;P2RX4;SSH1;NDUFA13;SHPK;NFKBIB;PRDX5;SBNO2;NFKB1;PABPN1;MPV17;DMTN;PKD2;H2AZ1;TWF2;LYN
prerank,Intrinsic Apoptotic Signaling Pathway (GO:0097193),-0.26777425897471935,-1.121455608337404,2.398374e-01,7.963190e-01,1.000000e+00,24/77,21.88%,ATF4;STK24;ERN1;DIABLO;BBC3;ZNF622;CUL3;BAD;SELENOK;CRIP1;CASP3;IFI6;TOPORS;CUL5;MOAP1;CASP4;DDX3X;JMY;HIPK2;HTRA2;BAG6;BOK;BAK1;IKBKE
prerank,Positive Regulation Of Catalytic Activity (GO:0043085),0.3261219469382939,1.1205825623131072,2.789784e-01,7.761714e-01,1.000000e+00,16/31,36.81%,MAPK14;XRCC5;SOD1;PSEN1;YWHAB;MSH3;SSBP1;MAPK8;STX4;FDX1;BCAS3;MSH2;ATP7A;SLC5A3;MSH6;PHACTR4
prerank,Protein Targeting To Membrane (GO:0006612),-0.2943099145403725,-1.1199358642643866,2.647658e-01,7.986301e-01,1.000000e+00,12/51,15.02%,ZDHHC18;VPS37B;CHMP4A;ZDHHC14;SRP19;ZDHHC24;GOLGA7B;TAOK2;GET4;MICALL1;ZDHHC3;YIF1B
prerank,Positive Regulation Of T Cell Differentiation (GO:0045582),-0.3123910216457216,-1.119846544354999,2.600000e-01,7.960833e-01,1.000000e+00,9/39,12.74%,BRD7;ARID1B;BCL6;GATA3;ZBTB1;ZMIZ1;NKAP;SOCS1;HLA-DRB1
prerank,Glycerophospholipid Biosynthetic Process (GO:0046474),0.2704400273119031,1.1187930602493508,2.390438e-01,7.796936e-01,1.000000e+00,19/74,16.99%,MTMR4;GPAT4;PIKFYVE;PI4K2B;PIP5K1A;CDIPT;TAMM41;AGPAT1;LPCAT1;CEPT1;MTMR6;FAR1;LPCAT3;SLC44A2;PTEN;SELENOI;SFI1;INPP5D;SACM1L
prerank,Macroautophagy (GO:0016236),-0.26164428786128363,-1.1184220688443223,2.437137e-01,7.983353e-01,1.000000e+00,24/89,17.26%,MAP1LC3B;TCIRG1;VPS37B;ULK1;CHMP4A;STAM;TGFB1;PLAA;PIP4K2A;CALR;ATG7;CHMP2B;GABARAPL1;VTI1A;ILRUN;PGAM5;BECN1;VPS39;ATG4B;ATG14;CHMP2A;YOD1;VPS4A;CLN3
prerank,Positive Regulation Of Transcription Elongation By RNA Polymerase II (GO:0032968),-0.3087528675086312,-1.118337390737303,2.743902e-01,7.957965e-01,1.000000e+00,14/41,22.17%,MED10;PWWP2B;MED30;NCBP1;ELL;EAPP;CCNT1;MED4;MED19;MED17;CDK12;CDK9;MED6;TCERG1
prerank,Protein K63-linked Deubiquitination (GO:0070536),-0.3426998372633289,-1.1181695560081693,2.935010e-01,7.935325e-01,1.000000e+00,14/25,33.93%,OTUD4;USP33;USP25;YOD1;MPND;UIMC1;ZRANB1;CYLD;BABAM2;STAMBPL1;SPATA2;OTUD5;TNFAIP3;PSMD14
prerank,Establishment Of Spindle Orientation (GO:0051294),-0.36065446396234996,-1.1176533260944455,2.895238e-01,7.924165e-01,1.000000e+00,2/22,0.58%,MAPRE1;DYNLT1
prerank,Modulation Of Chemical Synaptic Transmission (GO:0050804),-0.3176418291677785,-1.1169496395069831,2.759336e-01,7.919874e-01,1.000000e+00,10/35,19.46%,TPRG1L;LRP8;NPTXR;CASK;TRIO;BCR;USP46;OPHN1;CLN3;MCTP2
prerank,Positive Regulation Of Endothelial Cell Migration (GO:0010595),0.29982361343314834,1.1165391533310547,2.990291e-01,7.846761e-01,1.000000e+00,9/44,7.64%,MAPK14;ETS1;PIK3CD;PIK3CG;HSPB1;PLCG1;STAT5A;AKT3;HIF1A
prerank,Transmembrane Receptor Protein Serine/Threonine Kinase Signaling Pathway (GO:0007178),0.28319609237160703,1.1164584856384498,2.524462e-01,7.823043e-01,1.000000e+00,6/54,3.10%,TGFBR2;FNTA;STAT3;DDX5;JUN;RNF111
prerank,RNA Metabolic Process (GO:0016070),-0.2563551805877292,-1.1158033469413842,2.462845e-01,7.934374e-01,1.000000e+00,17/94,10.35%,DNTTIP2;RBM3;RBM5;ADARB1;ZC3H12A;RBM39;SUPV3L1;HNRNPH1;EXOSC10;HNRNPL;DUSP11;NCBP1;TFIP11;AGO4;AGO2;DHX8;PABPN1
prerank,Regulation Of Natural Killer Cell Mediated Cytotoxicity (GO:0042269),0.3523326542826381,1.115695347151794,3.038229e-01,7.821994e-01,1.000000e+00,6/23,11.97%,RASGRP1;CD226;CADM1;KLRC1;KLRD1;SLAMF6
prerank,Cytosolic Transport (GO:0016482),0.2527120745196006,1.114890653296945,2.382979e-01,7.821511e-01,1.000000e+00,26/104,18.29%,TRIM27;VPS51;GCC2;SNX6;PIKFYVE;EPS15;HOOK2;CLTC;CCDC91;SNX5;RGP1;VPS35;BET1L;FHIP1B;SNX1;EEA1;TMEM87B;ERC1;LAPTM5;RCSD1;PTPN23;PIK3R4;RAB6A;VTI1B;PXK;RAB29
prerank,Intrinsic Apoptotic Signaling Pathway In Response To DNA Damage By P53 Class Mediator (GO:0042771),-0.3861870684980787,-1.1147597496441182,3.190184e-01,7.941353e-01,1.000000e+00,4/16,7.50%,DDIT4;SNW1;HIPK1;BCL3
prerank,"Maturation Of 5.8S rRNA From Tricistronic rRNA Transcript (SSU-rRNA, 5.8S rRNA, LSU-rRNA) (GO:0000466)",0.37908722686132396,1.1128876361307245,3.286573e-01,7.862835e-01,1.000000e+00,5/18,13.92%,EXOSC2;PES1;NOL9;EXOSC3;EXOSC8
prerank,Extracellular Structure Organization (GO:0043062),-0.38550833111122473,-1.111959728264876,3.075356e-01,8.008769e-01,1.000000e+00,3/16,10.64%,MMP23B;FURIN;ADAMTS10
prerank,Response To Amino Acid Starvation (GO:1990928),0.31526532787169137,1.111810632135616,2.889734e-01,7.870492e-01,1.000000e+00,12/36,21.11%,RRAGA;EIF2S1;WDR59;SH3GLB1;DEPDC5;MTOR;FAS;KICS2;EIF2AK3;RRAGB;GCN1;MAPK8
prerank,Negative Regulation Of Cell Migration (GO:0030336),-0.2662146825452347,-1.1100838791010696,2.568421e-01,8.049179e-01,1.000000e+00,11/79,7.14%,ARHGAP4;RAP2C;ADARB1;STK24;RAC1;CALR;TIMP1;LDLRAD4;PTPRJ;DUSP22;EPHA4
prerank,Response To Peptide Hormone (GO:0043434),0.32997820725617105,1.1098402257976334,3.009174e-01,7.910824e-01,1.000000e+00,10/29,23.67%,STAT3;STAT4;ZFP36L1;STAT5A;STAT6;TCF12;CREB1;ZBTB7B;ROCK2;ROCK1
prerank,Natural Killer Cell Activation (GO:0030101),0.3602147600899211,1.109610402773331,3.160083e-01,7.892868e-01,1.000000e+00,4/21,5.55%,PIK3CD;RASGRP1;PTPRC;SNX27
prerank,Regulation Of Embryonic Development (GO:0045995),0.29590342806038006,1.1093724610007603,2.846154e-01,7.873870e-01,1.000000e+00,14/47,19.74%,UCHL5;INO80D;EHMT1;DHX36;INO80B;RUVBL1;WDPCP;KAT2A;NIPBL;NPHP3;YY1;SEPTIN7;TADA2A;PHLDB2
prerank,Transport Along Microtubule (GO:0010970),-0.39049008223923853,-1.109191846478185,3.268398e-01,8.051243e-01,1.000000e+00,5/15,15.05%,CDC42;ARHGAP21;BAG3;BORCS5;KXD1
prerank,I-kappaB kinase/NF-kappaB Signaling (GO:0007249),-0.3061637232316711,-1.1089081064144153,3.029046e-01,8.034569e-01,1.000000e+00,11/36,20.86%,CARD11;BIRC2;BCL3;NFKB1;IKBKB;REL;RIPK2;BIRC3;RELB;NFKBIL1;NLRC3
prerank,Enzyme-Linked Receptor Protein Signaling Pathway (GO:0007167),-0.3189348138411883,-1.108882715584939,3.078512e-01,8.008188e-01,1.000000e+00,9/34,16.50%,RYK;RAPGEF1;YES1;SAMD10;LYN;CD7;TRIO;ALKAL2;AHI1
prerank,Renal System Development (GO:0072001),0.35825592484579555,1.1083390369000719,3.073852e-01,7.882128e-01,1.000000e+00,9/19,26.99%,C1GALT1;CEP290;PCSK5;IFT27;NPHP3;HELLS;IFT88;STAT1;PYGO2
prerank,Positive Regulation Of Type II Interferon Production (GO:0032729),-0.30879402404344924,-1.1081083784215773,3.001912e-01,8.006629e-01,1.000000e+00,10/35,16.55%,PDE4D;CEBPG;ZFPM1;MYDGF;LGALS9;SLC7A5;ISG15;CD244;IL18;TYK2
prerank,Regulation Of T Cell Differentiation (GO:0045580),-0.31270734630022623,-1.1080594927515128,2.993763e-01,7.981287e-01,1.000000e+00,7/36,6.55%,BRD7;ARID1B;TCF7;GATA3;ZBTB1;CLPTM1;ZMIZ1
prerank,Regulation Of Protein Kinase Activity (GO:0045859),0.27295536851639607,1.1079629134229647,2.736031e-01,7.869347e-01,1.000000e+00,18/70,17.09%,TAF7;XRCC5;TRIM27;PTPRC;XRCC6;SOD1;HSPB1;PAK2;DAXX;QARS1;CACUL1;GSKIP;TARBP2;UVRAG;RAP1A;LCP2;RB1;AKT1S1
prerank,Regulation Of Mitotic Cell Cycle (GO:0007346),-0.2636481736285104,-1.107516295593789,2.765957e-01,7.973232e-01,1.000000e+00,30/81,24.09%,BRD7;HECA;ANAPC15;ERCC3;FBXO5;MKI67;ANAPC11;DAPK3;PIN1;PRKCA;PKN2;PIM3;YWHAE;CKS1B;GMNN;CCDC57;PDXP;RNF40;DDB1;ASNS;BTG3;ZNF268;CDK9;CDK11B;THAP1;KIF20B;CKS2;SPHK1;SIK1;GBF1
prerank,Negative Regulation Of DNA Biosynthetic Process (GO:2000279),-0.3611777163202543,-1.1070288693419215,3.284519e-01,7.962048e-01,1.000000e+00,3/20,4.91%,TENT4B;TERF1;EXOSC10
prerank,ATP Metabolic Process (GO:0046034),0.34090117209561244,1.1066348132558272,3.104762e-01,7.888486e-01,1.000000e+00,10/24,23.84%,ATP5PO;NUDT5;PARP1;NUDT2;SLC25A13;PARG;HSPA8;CLPX;ATP5F1B;NDUFS1
prerank,Gene Expression (GO:0010467),0.2302868974145684,1.1064035986102545,2.241379e-01,7.869657e-01,1.000000e+00,36/189,12.79%,GOLPH3;XPO1;MRPS7;TNIP1;HNRNPF;DARS1;RBM6;SETX;COPS5;RBMS1;HNRNPD;EEF1A1;GZMB;DDX17;CELF2;HNRNPA2B1;FYTTD1;HNRNPK;SMG1;MRPL3;TSPAN5;MRPS33;SRBD1;GLE1;SARS1;ZNF830;LMF1;EXOSC2;THOC2;MRPL34;MRPS18C;SYNCRIP;EIF4G1;MRPL41;NOL9;EXOSC3
prerank,RNA Stabilization (GO:0043489),0.34143366258441327,1.1059198098006229,3.221344e-01,7.859833e-01,1.000000e+00,10/25,16.04%,TNIP1;THRAP3;ZCCHC17;PARN;DHX36;NSUN2;EIF4ENIF1;PABPC1;YBX1;IREB2
prerank,Negative Regulation Of Telomere Maintenance Via Telomere Lengthening (GO:1904357),-0.35164329226156743,-1.105886323175648,3.225152e-01,7.974219e-01,1.000000e+00,3/21,4.91%,TENT4B;TERF1;EXOSC10
prerank,Negative Regulation Of Protein Localization To Cell Periphery (GO:1904376),0.3896687208692212,1.1056592435278747,3.086876e-01,7.842231e-01,1.000000e+00,5/15,13.68%,PPP2R5A;CLTC;BCL2L1;TMBIM1;PPFIA1
prerank,Protein Phosphorylation (GO:0006468),-0.2163600605062097,-1.1052401694712448,1.974522e-01,7.967850e-01,1.000000e+00,57/303,13.71%,LIMK1;CSNK1G2;PKN1;CTBP1;SIK3;MAPKAPK2;RUNX3;GRK2;CLK3;AKT1;DGKQ;RYK;ULK1;TAF11;STK24;CSNK2B;TAF10;GRK6;TGFB1;CLK1;ERN1;GMFG;MAPK9;FAM20B;BRD2;PRKACA;CSNK1D;PRKAG1;HIPK1;MKNK2;DAPK3;PRKCA;PKN2;TRIB2;EPHA4;LATS1;COPS8;MKNK1;GSK3A;GMFB;MAP3K10;CSNK2A2;TAF4;PIM3;PRKCB;BECN1;CLK4;PRKAG2;CCNT1;IKBKB;HCST;CDK16;LYN;TAOK2;PINK1;IRAK1;RIPK3
prerank,Regulation Of Kinase Activity (GO:0043549),-0.313678927988219,-1.1051769563995686,3.035343e-01,7.943503e-01,1.000000e+00,10/35,17.31%,ZNF16;IRS2;RYK;LDB1;ZNF622;TTN;TSPYL2;HLA-DRB1;CCNYL1;IGF1R
prerank,Positive Regulation Of Cytokine Production (GO:0001819),0.23244104602151533,1.1050375790358615,2.346154e-01,7.837571e-01,1.000000e+00,53/173,24.36%,G3BP1;MAPK14;PIK3CD;RASGRP1;STAT3;TRIM27;PTPRC;PRKCQ;GBP5;PIK3CG;TRAF3IP3;ARHGEF2;CD6;SOD1;IFNG;CD226;AGPAT1;HIF1A;ARNT;RIPK1;HAVCR2;CADM1;STING1;GLMN;LY9;SLAMF6;F2R;APPL1;KAT2A;IRF3;LAPTM5;RAB2B;RORA;RIGI;PRKD2;LTB;CD2;ZBTB7B;EIF2AK3;IL16;PTPN22;MALT1;PTPN11;TIRAP;FOXP1;HMGB1;FADD;ROCK2;ZCCHC3;MAP3K7;RARA;IFI16;BATF
prerank,Negative Regulation Of Supramolecular Fiber Organization (GO:1902904),-0.29825958565430943,-1.105020233246886,2.842324e-01,7.922185e-01,1.000000e+00,7/42,12.04%,MAPRE1;TWF1;PFDN1;SSH1;PFDN2;PFDN4;TWF2
prerank,Negative Regulation Of Growth (GO:0045926),-0.2655060678392951,-1.104997044600038,2.634989e-01,7.896686e-01,1.000000e+00,13/73,9.63%,BCL6;PPP1R9B;SERTAD2;PPP2CA;TGFB1;CDKN2D;SERTAD3;NDUFA13;FBP1;NAIF1;PTPRJ;CGRRF1;TSPYL2
prerank,Organelle Fusion (GO:0048284),0.35225166794078056,1.1043254732784709,3.075506e-01,7.836146e-01,1.000000e+00,9/20,29.08%,MCL1;MIGA1;MFN1;EEA1;CIDEB;CHCHD3;STX4;MFF;MFN2
prerank,Positive Regulation Of Protein Binding (GO:0032092),0.31338001964185247,1.10418177589685,3.041825e-01,7.815503e-01,1.000000e+00,8/36,9.63%,STK4;EPB41;ADD1;AKTIP;PSEN1;RAN;STING1;NMD3
prerank,Mitotic Spindle Organization (GO:0007052),0.2771920525030487,1.1035420517030925,3.101504e-01,7.811224e-01,1.000000e+00,13/58,15.92%,KPNB1;CKAP5;KIF2A;RAB11A;KIF3B;MECP2;RAN;VCP;PCNT;SMC1A;LSM14A;SPICE1;RMDN1
prerank,Mitochondrial Fusion (GO:0008053),0.3898621798651756,1.103400779442066,3.210832e-01,7.790762e-01,1.000000e+00,6/15,29.08%,MCL1;MIGA1;MFN1;CHCHD3;MFF;MFN2
prerank,Positive Regulation Of Cell Migration (GO:0030335),-0.24293893502932068,-1.1032534597795558,2.742616e-01,7.928173e-01,1.000000e+00,20/126,9.80%,MAZ;NSMF;CDC42;CARMIL2;ARHGEF7;SPRY2;TGFB1;PLAA;RHOC;FBXO5;GLIPR2;SEMA4F;PRKCA;CCL5;EPHA4;NOTCH1;SPAG9;AGO2;ACTN4;ELP5
prerank,Cellular Component Assembly (GO:0022607),-0.24156648839911682,-1.1032100519542551,2.215569e-01,7.904173e-01,1.000000e+00,22/125,11.91%,NAPG;YTHDF2;CDC42;YTHDF3;GORASP2;CREBBP;CSNK2B;TGFB1;YTHDF1;SLC2A1;BBLN;QSOX1;AXIN1;VCPIP1;ELOB;ZFYVE27;BECN1;MNAT1;DMTN;CAPZA2;MDM4;GPAA1
prerank,Response To Steroid Hormone (GO:0048545),0.381816840294801,1.102762092043486,3.022814e-01,7.788078e-01,1.000000e+00,5/16,13.90%,ATP1A3;WBP2;ABHD2;UBE3A;HSPA8
prerank,Fc-gamma Receptor Signaling Pathway (GO:0038094),-0.3706057792753441,-1.1024609603815978,3.402062e-01,7.904628e-01,1.000000e+00,6/18,20.15%,LIMK1;YES1;LYN;VAV3;PAK1;PLA2G6
prerank,Inositol Lipid-Mediated Signaling (GO:0048017),-0.3756587264812037,-1.1024141621077683,3.054990e-01,7.880593e-01,1.000000e+00,7/17,24.02%,INPP5A;PLCH2;PLCB1;IGF1R;PLCB2;OGT;FGFR1
prerank,Response To Organic Cyclic Compound (GO:0014070),0.33290056692401304,1.1017988580634233,3.169811e-01,7.796356e-01,1.000000e+00,8/26,17.87%,STAT3;ARL6IP5;STRN3;ATF1;STING1;ALAS1;CREB1;CTNNB1
prerank,mRNA Methylation (GO:0080009),0.3773431359357826,1.1014989439284755,3.173653e-01,7.781652e-01,1.000000e+00,2/15,7.19%,ZC3H13;NSUN2
prerank,Cellular Response To Hormone Stimulus (GO:0032870),0.30980471472501153,1.1011431208812033,3.066406e-01,7.768946e-01,1.000000e+00,16/37,29.13%,SERPINB9;STAT3;ZFP36L1;ATP1A3;WBP2;BRD8;HSPA8;TRIM24;AKR1C3;RARA;SFR1;UBE2L3;NCOA3;PELP1;BCAS3;KLF9
prerank,Negative Regulation Of Metabolic Process (GO:0009892),-0.32233950897900815,-1.1007336062406563,3.080169e-01,7.910786e-01,1.000000e+00,9/30,19.95%,ATF4;PLCL2;NOTCH1;BMAL1;PGAM5;GSTP1;FLCN;ID1;RBPJ
prerank,Peptidyl-Threonine Phosphorylation (GO:0018107),-0.29283248915899035,-1.1007092509140806,2.914172e-01,7.885785e-01,1.000000e+00,8/43,9.31%,AKT1;ULK1;CSNK2B;HIPK1;PRKCA;GSK3A;MAP3K10;CSNK2A2
prerank,Negative Regulation Of Innate Immune Response (GO:0045824),-0.3014885340939064,-1.1000716300614886,3.045267e-01,7.882435e-01,1.000000e+00,7/39,10.57%,ZDHHC18;YTHDF2;AKT1;YTHDF3;OAS1;USP18;ISG15
prerank,Cellular Response To Transforming Growth Factor Beta Stimulus (GO:0071560),0.2884403540774725,1.1000661704433592,3.015267e-01,7.781646e-01,1.000000e+00,5/48,2.75%,TGFBR2;FNTA;STAT3;ZFP36L1;JUN
prerank,Regulation Of Cell Growth (GO:0001558),-0.236418987928017,-1.0989361217051692,2.325581e-01,7.895718e-01,1.000000e+00,29/145,14.03%,CDC42;BCL6;AKT1;PPP1R9B;MAD2L2;SERTAD2;FXN;SUPV3L1;LAMTOR1;PPP2CA;TGFB1;CDKN2D;SERTAD3;NDUFA13;FBP1;NAIF1;PTPRJ;NUBP1;NCBP1;CHPT1;CGRRF1;TSPYL2;URI1;PTCH2;TAOK2;OSGIN2;KAT7;MAPKAP1;MLST8
prerank,Response To Calcium Ion (GO:0051592),0.29444145448416714,1.0977429167772739,3.085299e-01,7.833921e-01,1.000000e+00,9/46,11.14%,STIM1;SMPD1;ADD1;RASGRP2;ANXA11;CPNE3;SLC25A13;AHCYL1;ITPKB
prerank,Neuron Projection Development (GO:0031175),-0.25915231837068475,-1.0971723114559928,2.598425e-01,7.928549e-01,1.000000e+00,21/87,14.90%,ZPR1;CDC42;PPP1R9B;RYK;ULK1;STX3;PQBP1;EPHA4;WHRN;CAMSAP1;PLXNA3;ATXN10;ZFYVE27;STMN3;UBB;CDK16;LYN;FRY;TRIO;MICALL1;OPHN1
prerank,Regulation Of Cell Communication (GO:0010646),0.35038717697561717,1.0968996324973799,3.385214e-01,7.836508e-01,1.000000e+00,4/23,9.70%,NUP62;CRK;PTPN1;ZMYND11
prerank,Response To Lipopolysaccharide (GO:0032496),-0.25904850056155315,-1.0966029850037435,2.783964e-01,7.922294e-01,1.000000e+00,18/83,13.67%,MAPKAPK2;VIM;GIT1;ZC3H12A;GCH1;TNIP3;PLAA;TNIP2;LGALS9;SHPK;NFKBIB;SBNO2;TNFRSF11A;NFKB1;PABPN1;NOCT;GSTP1;IRAK1
prerank,Regulation Of Defense Response To Virus (GO:0050688),0.3831263356861787,1.0964654369436666,3.294574e-01,7.826186e-01,1.000000e+00,5/16,16.01%,ATG5;ZMPSTE24;ITCH;PPM1B;ELMOD2
prerank,Negative Regulation Of Cellular Response To Insulin Stimulus (GO:1900077),-0.3722321879626662,-1.0961664357331893,3.257261e-01,7.911054e-01,1.000000e+00,5/18,11.02%,INPP5K;PIP4K2A;GSK3A;PRKCB;SOCS1
prerank,Epidermal Growth Factor Receptor Signaling Pathway (GO:0007173),-0.3613158462042011,-1.0956990604923105,3.291139e-01,7.902242e-01,1.000000e+00,3/19,3.40%,NCK2;AKT1;TGFB1
prerank,Amino Acid Catabolic Process (GO:0009063),0.3559393329365343,1.095330573745464,3.443831e-01,7.839064e-01,1.000000e+00,11/20,28.75%,BLMH;CARNMT1;DBT;ETFA;BCKDHB;HIBCH;ALDH5A1;ALDH6A1;CARNS1;SLC25A44;BCKDK
prerank,Regulation Of Protein Polymerization (GO:0032271),-0.36684019250979205,-1.0948974272473007,3.142857e-01,7.904027e-01,1.000000e+00,6/17,21.05%,PLEKHG2;LATS1;CAMSAP1;COTL1;PFN1;ABL1
prerank,Positive Regulation Of Cytokine-Mediated Signaling Pathway (GO:0001961),0.3323503720092639,1.094388336707045,3.366337e-01,7.845922e-01,1.000000e+00,8/26,22.52%,GFI1;AGPAT1;HIF1A;RIPK1;STING1;LAPTM5;RNF185;FADD
prerank,Cellular Response To Salt (GO:1902075),-0.28006435444234584,-1.0935526581415922,3.161290e-01,7.923855e-01,1.000000e+00,16/50,20.39%,ZNF16;PPP1R9B;ZC3H12A;EGR1;CPNE8;ADCY7;P2RX4;SSH1;DMTN;PKD2;PDXP;BRAF;ITPKC;RASA4;P2RX7;PPIF
prerank,Regulation Of Telomere Capping (GO:1904353),0.3730356991032736,1.0931125980800853,3.494208e-01,7.862296e-01,1.000000e+00,4/18,7.28%,PRKCQ;HNRNPD;NEK7;MAP3K4
prerank,mRNA Transcription (GO:0009299),-0.30964695485447324,-1.0927054053890044,3.233405e-01,7.928771e-01,1.000000e+00,9/35,11.76%,ATF4;TAF11;TAF10;ZBTB1;NCOA1;NCBP1;TAF4;NCBP3;S100A10
prerank,Membrane Fusion (GO:0061025),-0.35155318610873804,-1.092192529207439,3.378906e-01,7.921242e-01,1.000000e+00,10/21,25.95%,NAPG;STX3;NSFL1C;STX11;NAPA;RABIF;SNAP29;VAMP3;VAPA;UBXN2A
prerank,Protein Targeting To Lysosome (GO:0006622),0.3315654352602629,1.0921185907014674,3.199195e-01,7.871287e-01,1.000000e+00,8/24,20.32%,GCC2;HSPA8;LAPTM5;GNPTAB;PIK3R4;PXK;GNPTG;HGS
prerank,Negative Regulation Of Inflammatory Response (GO:0050728),0.2784844132817711,1.0920924489092239,3.133462e-01,7.848053e-01,1.000000e+00,15/56,17.38%,MAPK14;STAT3;IL10RA;AOAH;TRIM65;PLCG1;ARNT;LPCAT3;VPS35;RHBDF2;SHARPIN;MKRN2;RORA;RB1;PPARA
prerank,Transforming Growth Factor Beta Receptor Signaling Pathway (GO:0007179),0.3024739080267771,1.0919915016879311,2.911153e-01,7.828119e-01,1.000000e+00,7/39,12.80%,TGFBR2;FNTA;STAT3;JUN;BMPR1A;HPGD;APPL1
prerank,Cholesterol Metabolic Process (GO:0008203),0.29456086658669445,1.0919399340671112,3.040936e-01,7.805753e-01,1.000000e+00,11/41,21.82%,LBR;SH2D2A;LSS;HMGCS1;SNX17;INSIG2;GBA2;GLB1;FDFT1;ACAA2;ARV1
prerank,Regulation Of Phagocytosis (GO:0050764),0.31826528559179157,1.0916406329509525,3.244782e-01,7.791633e-01,1.000000e+00,7/30,15.53%,PTPRC;CD47;IFNG;SNX3;FCGR2B;RACK1;LETMD1
prerank,ncRNA Catabolic Process (GO:0034661),0.31709022551059984,1.0911109958551237,3.327032e-01,7.785418e-01,1.000000e+00,12/28,21.14%,TRIR;PARN;WDR82;XRN1;EXOSC2;SLFN12;SND1;EXOSC3;ELAC2;DIS3;ZC3H4;MTREX
prerank,Microtubule Polymerization (GO:0046785),0.32149755013269227,1.090329878282758,3.379175e-01,7.786743e-01,1.000000e+00,4/27,8.09%,CKAP5;SLAIN2;NDEL1;SLAIN1
prerank,Positive Regulation Of Vasculature Development (GO:1904018),-0.29598605016660906,-1.0889323058325706,3.126294e-01,8.004668e-01,1.000000e+00,9/38,11.52%,ZC3H12A;VEGFB;MYDGF;PDCL3;HIPK1;PRKCA;AGO2;PRKCB;EMC10
prerank,Regulation Of Interleukin-6 Production (GO:0032675),0.2840448657406865,1.0889054913296972,3.161765e-01,7.807181e-01,1.000000e+00,24/52,33.66%,STAT3;NCKAP1L;ARHGEF2;CD47;IFNG;F2R;RIGI;IL16;PTPN22;SELENOS;PTPN11;TIRAP;HMGB1;ELF4;PTPN6;AKIRIN2;MAPK13;PLCG2;SPHK2;SYT11;XBP1;CYBA;TNF;MAVS
prerank,Erythrocyte Differentiation (GO:0030218),-0.30726548369468,-1.0877796871232153,3.180915e-01,8.020113e-01,1.000000e+00,9/34,14.58%,SLC25A38;CEBPG;ZFPM1;ID2;CASP3;DMTN;LYN;KMT2E;SLC25A5
prerank,Plasma Membrane Bounded Cell Projection Organization (GO:0120036),-0.269003902881115,-1.0873388895094251,2.995951e-01,8.010705e-01,1.000000e+00,17/69,14.90%,PPP1R9B;RYK;ULK1;TTC17;RAC1;STX3;PQBP1;CAMSAP1;ATXN10;ZFYVE27;STMN3;PKD2;CDK16;LYN;FRY;MICALL1;OPHN1
prerank,Regulation Of Autophagy (GO:0010506),0.22631987268283837,1.0860819035083764,2.698113e-01,7.874543e-01,1.000000e+00,59/185,24.80%,STAT3;TRIM27;RRAGA;TRIM22;SNX6;IL10RA;UFL1;EEF1A1;MTMR4;HSPB1;IFNG;MCL1;TRIM65;KLHL22;UBQLN1;DAPK2;SNX5;BNIP3;ATP6V0E2;CTSA;SH3GLB1;VPS35;RUBCN;TRIM38;EIF4G1;CISD2;KEAP1;ATP6V1A;SNX32;ATP6V0A2;DCAF12;HDAC6;UVRAG;EIF4G3;GPR137;PIK3R4;DEPDC5;MTOR;ATM;ULK3;PTPN22;RRAGB;PIK3R2;EIF4G2;CAPN1;SQSTM1;MAPK8;MTDH;ATP6V1C1;HMGB1;ATP6V1D;ROCK1;TRIM23;RMC1;CPTP;IFI16;ULK2;ATG13;TRIM5
prerank,Positive Regulation Of Defense Response (GO:0031349),0.27015599524266254,1.0860382622953006,3.123772e-01,7.852179e-01,1.000000e+00,9/63,8.44%,ETS1;S100A8;TNIP1;S100A9;GBP5;CD47;IFNG;GSDMD;RIPK1
prerank,Regulation Of Telomere Maintenance Via Telomere Lengthening (GO:1904356),0.38025621096398965,1.0859447923310992,3.189493e-01,7.831576e-01,1.000000e+00,4/15,9.14%,TNIP1;HNRNPA2B1;DHX36;PARP1
prerank,Peptidyl-Proline Modification (GO:0018208),-0.3735106086181126,-1.0858847584408995,3.319328e-01,8.034336e-01,1.000000e+00,5/16,20.39%,PPIB;PIN1;NKTR;PPIH;PPIF
prerank,Positive Regulation Of TOR Signaling (GO:0032008),0.302651760583097,1.0857841997307556,3.307692e-01,7.814080e-01,1.000000e+00,11/39,17.16%,GOLPH3;RRAGA;NCKAP1L;PIH1D1;KLHL22;CLEC16A;WDR59;PIK3CA;SLC38A9;GPR137;TELO2
prerank,Regulation Of T Cell Activation (GO:0050863),0.3034782726136321,1.0854048554789943,3.250478e-01,7.803334e-01,1.000000e+00,9/35,14.20%,LAX1;PRKCQ;TBX21;CD47;FCHO1;PAG1;LCK;KAT2A;LAPTM5
prerank,Positive Regulation Of TORC1 Signaling (GO:1904263),0.3400931179178548,1.0848694606875227,3.646833e-01,7.798356e-01,1.000000e+00,9/25,19.70%,RRAGA;PIH1D1;KLHL22;CLEC16A;WDR59;SLC38A9;GPR137;TELO2;RRAGB
prerank,Regulation Of Neurogenesis (GO:0050767),-0.30073947376916493,-1.0847916623374698,2.993890e-01,8.047031e-01,1.000000e+00,7/36,11.76%,DYNLT1;YTHDF2;SNW1;NOTCH1;BMAL1;HES6;S100A10
prerank,mRNA Splice Site Recognition (GO:0006376),0.33940461185683646,1.0847491722115763,3.393939e-01,7.779104e-01,1.000000e+00,6/22,9.93%,LUC7L2;SRSF1;SETX;CELF2;SF3A3;PSIP1
prerank,Negative Regulation Of Insulin Receptor Signaling Pathway (GO:0046627),-0.3748253622137017,-1.084545825800556,3.430353e-01,8.030045e-01,1.000000e+00,5/17,11.02%,INPP5K;PIP4K2A;GSK3A;PRKCB;SOCS1
prerank,Cellular Response To Cytokine Stimulus (GO:0071345),-0.23016394372862384,-1.0843122239359977,2.588727e-01,8.013574e-01,1.000000e+00,26/149,11.88%,INPP5K;XCL1;AKT1;TCF7;ZC3H12A;EGR1;GATA3;PRKACA;LGALS9;OAS1;NDUFA13;SHPK;PTPRJ;DAPK3;XCL2;CCL5;SBNO2;LRP8;IL4R;GSK3A;CCL4;UBE2G2;NFKB1;GAPDH;SOCS1;IKBKB
prerank,Negative Regulation Of Carbohydrate Metabolic Process (GO:0045912),-0.35096513215584485,-1.08414572317163,3.282937e-01,7.994839e-01,1.000000e+00,5/20,8.38%,GIT1;TGFB1;FBP1;USP7;GSK3A
prerank,Positive Regulation Of Lymphocyte Differentiation (GO:0045621),0.32433156168823846,1.0832192678786394,3.358925e-01,7.805296e-01,1.000000e+00,10/28,16.24%,NCKAP1L;PRKDC;SMARCC2;PBRM1;XRCC6;SMARCC1;CD27;ARID2;INPP5D;RHOH
prerank,Protein Insertion Into ER Membrane (GO:0045048),-0.3231723648525463,-1.080958558751887,3.380000e-01,8.077892e-01,1.000000e+00,8/27,17.50%,RAB5IF;EMC6;EMC7;WDR83OS;EMC10;GET4;TRAM2;NOMO2
prerank,Regulation Of Interleukin-10 Production (GO:0032653),-0.3418943089780347,-1.0808656557576368,3.434783e-01,8.056160e-01,1.000000e+00,6/22,12.74%,XCL1;LGALS9;TRIB2;ISG15;TYROBP;HLA-DRB1
prerank,Positive Regulation Of Ubiquitin-Protein Transferase Activity (GO:0051443),-0.35355618563438423,-1.0807099275190684,3.650794e-01,8.036966e-01,1.000000e+00,6/20,13.45%,FBXW7;PIN1;AXIN1;TOPORS;UBE2S;PINK1
prerank,Negative Regulation Of Cellular Response To Growth Factor Stimulus (GO:0090288),-0.32214475291480826,-1.0805574984772859,3.518124e-01,8.017140e-01,1.000000e+00,9/27,19.22%,CRIM1;SPRY2;TRIM33;NOTCH1;HHEX;CASK;SMURF1;SKIL;HIPK2
prerank,Regulation Of Phosphoprotein Phosphatase Activity (GO:0043666),-0.31695407616433835,-1.080033640835192,3.312883e-01,8.010510e-01,1.000000e+00,8/29,14.93%,PPP6R1;CSNK2B;CALM3;PPP6R2;PTPA;GNA12;TIPRL;CALM1
prerank,Regulation Of Centrosome Cycle (GO:0046605),-0.3584794721188784,-1.0798184987816501,3.326403e-01,7.993515e-01,1.000000e+00,6/18,15.47%,CCNL2;CHMP4A;CHMP2B;MCM2;CEP131;CHMP2A
prerank,rRNA Metabolic Process (GO:0016072),0.26766489654525105,1.0789743320137604,3.009901e-01,7.919532e-01,1.000000e+00,27/66,30.53%,ZFP36L1;NOLC1;TRIR;PIH1D1;EMG1;XRN1;MRM2;SPIN1;EXOSC2;SLFN12;PES1;EXOSC3;FBL;DIS3;NOP56;MTREX;DDX10;DKC1;NOL8;PIN4;GTF3C1;PELP1;EXOSC5;UTP20;NVL;GTF3A;LYAR
prerank,Regulation Of Immune Response (GO:0050776),-0.2794855519875461,-1.078600379649447,3.100000e-01,8.008453e-01,1.000000e+00,13/49,20.14%,BCL6;BIRC2;LRP8;N4BP1;LYN;HLA-DRB1;RIPK3;SLA2;BIRC3;NFE2L2;PLSCR1;IRF1;GPR108
prerank,RNA 3'-End Processing (GO:0031123),-0.30604582722883134,-1.0782742193234298,3.346774e-01,7.995321e-01,1.000000e+00,8/33,13.53%,TENT4B;SUPV3L1;CPSF7;HEXIM1;NCBP1;NUDT21;TOE1;CPSF6
prerank,Negative Regulation Of Proteolysis Involved In Protein Catabolic Process (GO:1903051),-0.380496082978226,-1.0775920524059703,3.562232e-01,7.994390e-01,1.000000e+00,6/15,19.22%,PDCL3;PSMF1;EPHA4;CSNK2A2;OPHN1;HIPK2
prerank,Positive Regulation Of Response To Endoplasmic Reticulum Stress (GO:1905898),-0.37535838100844243,-1.077587182463156,3.557484e-01,7.970698e-01,1.000000e+00,7/16,21.43%,NCK2;ERN1;PIK3R1;TMEM259;BAG6;BOK;BAK1
prerank,Negative Regulation Of Receptor-Mediated Endocytosis (GO:0048261),-0.3598290295150814,-1.075784601080116,3.588710e-01,8.003589e-01,1.000000e+00,3/17,4.42%,ANKRD13D;RAC1;RIN3
prerank,Heme Biosynthetic Process (GO:0006783),-0.3728460305662333,-1.0756212537459342,3.593429e-01,7.985120e-01,1.000000e+00,2/15,2.73%,SLC25A38;FXN
prerank,Regulation Of DNA-templated Transcription Elongation (GO:0032784),0.2976582258332454,1.0755199943717855,3.529412e-01,8.011206e-01,1.000000e+00,15/41,20.00%,TCEA2;WDR82;PARP1;SUPT4H1;INTS14;ZMYND11;HTATSF1;SRCAP;INTS9;SCAF8;SUPT16H;CCAR2;INTS2;INTS7;ZC3H4
prerank,Cell-Cell Adhesion Via Plasma-Membrane Adhesion Molecules (GO:0098742),0.3288195938803373,1.0754121428485257,3.365019e-01,7.991471e-01,1.000000e+00,8/25,21.39%,TGFBR2;CD6;NPTN;CADM1;PTPRM;CD164;PALLD;EMB
prerank,Apical Junction Assembly (GO:0043297),0.3520205110803044,1.0753550057511416,3.743017e-01,7.969842e-01,1.000000e+00,4/18,6.27%,VCL;CHAF1B;PAK2;STRN
prerank,Regulation Of G0 To G1 Transition (GO:0070316),-0.3363582090368451,-1.0730953380718686,3.453815e-01,8.042008e-01,1.000000e+00,5/23,9.16%,BRD7;ARID1B;RHNO1;BCL7B;BCL7C
prerank,"Negative Regulation Of Gene Expression, Epigenetic (GO:0045814)",0.291413281361854,1.0726480777311802,3.488372e-01,8.033394e-01,1.000000e+00,16/39,23.24%,TRIM27;SMARCA5;BMI1;EZH1;HDAC5;CREBZF;CBX3;PHF19;TASOR;UBR2;RB1;ZNF445;HELLS;TRIM37;HMGB1;MPHOSPH8
prerank,Cellular Response To Glucose Starvation (GO:0042149),-0.301539289014835,-1.072622431176233,3.478261e-01,8.033484e-01,1.000000e+00,13/35,23.45%,ATF4;ZC3H12A;TBL2;SESN3;BECN1;SUV39H1;ITFG2;ATG14;HSPA5;PLIN3;SZT2;CPEB4;MTMR3
prerank,Golgi Organization (GO:0007030),-0.24553868687296332,-1.0723001643460561,3.099174e-01,8.019794e-01,1.000000e+00,23/99,14.91%,RAB1A;CDC42;STX5;GORASP2;ARHGAP21;ARHGEF7;TMED10;CSNK1D;COG3;SURF4;NSFL1C;VCPIP1;TBC1D20;GAK;VTI1A;TMED2;RAB2A;GOLGA8N;TMED1;TMED4;PI4K2A;OPTN;PLEKHM2
prerank,Positive Regulation Of Immune Response (GO:0050778),-0.28530207837374894,-1.072256128512558,3.582090e-01,7.997615e-01,1.000000e+00,10/43,14.27%,SLC15A4;CD81;LGALS9;KARS1;CCL5;RIOK3;POLR3F;ITGAM;HLA-DRB1;POLR3C
prerank,Organic Anion Transport (GO:0015711),0.30145447100134154,1.072039321519238,3.600000e-01,8.029946e-01,1.000000e+00,7/38,10.48%,SLC4A7;SLC35C2;LRRC8D;SLCO4C1;SLC2A3;MFSD10;SLC4A2
prerank,Regulation Of Type I Interferon Production (GO:0032479),0.28018612742557647,1.0714404252721899,3.387681e-01,8.025929e-01,1.000000e+00,13/52,21.64%,G3BP1;TRIM27;TRAF3IP3;ATG5;KLHL22;STING1;ITCH;IRF3;RAB2B;RBX1;PTPN22;PTPN11;TIRAP
prerank,Regulation Of Translation (GO:0006417),0.23077426277716295,1.0709603386018762,3.034623e-01,8.017739e-01,1.000000e+00,43/154,20.58%,PRKDC;NOLC1;TIA1;MTPN;HNRNPD;ELP4;CSDE1;CAPRIN1;TOB1;EIF4B;GZMB;HSPB1;PATL2;SSB;EIF2S1;ERBB2;DHX36;EEF2;EIF4ENIF1;EIF3E;LARP4B;ATXN2;EIF4A2;UPF3B;SYNCRIP;LSM14A;EPRS1;EIF4G1;NPM1;RACK1;YBX1;METTL5;EIF4G3;GSPT1;NCL;MTOR;BZW2;EIF2AK3;NSUN5;SERBP1;EIF4G2;EIF3H;GCN1
prerank,Cardiac Ventricle Morphogenesis (GO:0003208),-0.3771378783590693,-1.0706323553678914,3.773585e-01,8.026466e-01,1.000000e+00,7/15,19.95%,TGFB1;GATA3;NOTCH1;GSK3A;ENG;SOX4;RBPJ
prerank,Negative Regulation Of Stress-Activated MAPK Cascade (GO:0032873),0.328771142045568,1.0703994747828485,3.690476e-01,8.011632e-01,1.000000e+00,8/24,19.68%,QARS1;ZMYND11;ITCH;DUSP1;TAOK3;DLG1;EZR;PTPN22
prerank,Protein Localization (GO:0008104),-0.2159542958329023,-1.0703386406609592,2.710472e-01,8.012198e-01,1.000000e+00,42/245,14.67%,RAB1A;MAPRE1;RAB5C;NAPG;GRPEL2;AP3D1;TIMM17A;STX5;ARF1;CD81;WDR45B;ULK1;TIMM23;TMED10;RAB14;LAMTOR1;SLU7;ERCC3;ARL5B;KIF13A;NBEAL2;STX3;COG3;USP4;HHEX;ATG4D;PACS2;GRPEL1;TMED2;WIPI1;AP4B1;STX11;ARL4C;SEPTIN9;TMED1;RABL3;SEC13;SUMO1;TMED4;ATG4B;NAPA;ARF6
prerank,Cellular Response To Organonitrogen Compound (GO:0071417),-0.26812076931373907,-1.0700493678513516,3.376344e-01,7.998608e-01,1.000000e+00,11/53,11.34%,NSMF;INPP5K;EGR1;RAPGEF1;LAMTOR1;LAMTOR4;P2RX4;SSH1;DHX8;DMTN;PKD2
prerank,Axonal Transport (GO:0098930),0.3145795300917161,1.0696909122541227,3.686200e-01,8.010706e-01,1.000000e+00,12/30,27.17%,SOD1;KIF3B;HIF1A;BLOC1S4;PAFAH1B1;BLOC1S1;HDAC6;BLOC1S2;AP3M1;SNAPIN;SPAST;DTNBP1
prerank,Mitotic DNA Damage Checkpoint Signaling (GO:0044773),0.2966389531491368,1.0696845504350618,3.313953e-01,7.987985e-01,1.000000e+00,11/40,15.41%,PRKDC;CDK5RAP3;TRIM39;ZNF830;MDC1;ATF2;RPA2;TAOK1;TAOK3;RAD17;MRE11
prerank,Positive Regulation Of Angiogenesis (GO:0045766),-0.2791004828591814,-1.069412663703077,3.522267e-01,7.997132e-01,1.000000e+00,10/44,12.80%,ZC3H12A;VEGFB;MYDGF;PDCL3;HIPK1;PRKCA;AGO2;PRKCB;EMC10;JMJD8
prerank,Regulation Of Centrosome Duplication (GO:0010824),0.32588303749317415,1.0689500000009988,3.409962e-01,7.989538e-01,1.000000e+00,11/24,26.78%,CHMP5;CEP120;CHMP1A;NPM1;SPICE1;GEN1;CEP76;VPS4B;NAT10;PDCD6IP;TMEM67
prerank,Wound Healing (GO:0042060),0.3038477760817964,1.0686707784249434,3.730469e-01,7.975417e-01,1.000000e+00,13/34,28.16%,MIA3;SMPD1;CHMP5;ERBB2;CHMP1A;FUT10;CORO1B;SMAD3;PRCP;VPS4B;CHMP7;MYH9;CHMP6
prerank,Golgi To Plasma Membrane Transport (GO:0006893),0.2888257431426085,1.067521725029369,3.422131e-01,7.989042e-01,1.000000e+00,16/41,32.43%,GOLPH3;GCC2;RAB10;VAMP2;BBS2;BLZF1;GOLGA7;EXOC2;GGA2;PREPL;COMMD1;VPS35L;GGA3;SEC16A;EXOC4;GOPC
prerank,Positive Regulation Of Peptidase Activity (GO:0010952),-0.3840669258628344,-1.0674474638955307,3.540856e-01,8.036647e-01,1.000000e+00,5/15,20.21%,NDUFA13;CTSS;PINK1;PSME2;PSME1
prerank,B Cell Differentiation (GO:0030183),-0.29849814976610406,-1.0672475945605366,3.270042e-01,8.019292e-01,1.000000e+00,11/35,14.58%,CEBPG;CD79B;FNIP1;PTPRJ;HHEX;PIK3R1;HDAC9;RABL3;DCAF1;TCF3;SLC25A5
prerank,ncRNA-mediated Post-Transcriptional Gene Silencing (GO:0035194),-0.3772226207715407,-1.0668580772729996,3.661972e-01,8.008401e-01,1.000000e+00,4/15,8.49%,HELZ;CNOT1;NCBP1;TNRC6A
prerank,Integrated Stress Response Signaling (GO:0140467),0.3439848086805858,1.066761822580428,3.409524e-01,7.991210e-01,1.000000e+00,9/21,24.36%,JUN;EIF2S1;CREBZF;JUNB;CREB3;EIF2AK3;GCN1;OMA1;BATF
prerank,Plasma Membrane Invagination (GO:0099024),0.3731869990727985,1.0663355153759897,3.623762e-01,7.981661e-01,1.000000e+00,5/16,13.18%,ARHGAP25;SNX18;SPIRE1;FCGR2B;BIN2
prerank,Metaphase Plate Congression (GO:0051310),0.30707400067544094,1.0662925626689688,3.645224e-01,7.960713e-01,1.000000e+00,5/35,3.66%,TRAPPC12;KPNB1;NUP62;RAB11A;CHMP5
prerank,Positive Regulation Of Protein Modification Process (GO:0031401),-0.23662985364641612,-1.0660344890996094,3.050505e-01,8.013730e-01,1.000000e+00,32/121,19.54%,NSMF;AKT1;EGR1;VEGFB;CALM3;TGFB1;MYDGF;PTBP1;RAC1;FLOT1;ATG7;CSNK1D;FNIP1;PIN1;AXIN1;BMAL1;PTPA;TESK1;LYN;HLA-DRB1;PINK1;SUV39H1;CALM1;ATG14;ENG;ARRB1;DDX3X;CNEP1R1;PPP1R16B;PAK1;TXN;FLCN
prerank,Regulation Of Interleukin-17 Production (GO:0032660),0.3487596183906674,1.0653666449253891,3.802817e-01,7.969196e-01,1.000000e+00,5/19,11.97%,NCKAP1L;PRKCQ;IFNG;LY9;SLAMF6
prerank,Regulation Of Protein Ubiquitination (GO:0031396),-0.24591662518088642,-1.0653370566231144,3.186583e-01,8.013902e-01,1.000000e+00,29/89,21.91%,U2AF2;AKT1;SPRY2;FBXW7;BIRC2;CUL3;USP4;GSK3A;DERL1;AXIN1;N4BP1;ISG15;FBXO33;UBB;SPOPL;SUMO1;PINK1;RIPK2;GTPBP4;BIRC3;ARRB1;SOX4;BAG5;PER2;OGT;CAMLG;PAXIP1;ARRB2;GNL3L
prerank,Regulation Of Protein Secretion (GO:0050708),0.28286171886099776,1.065139614395833,3.339921e-01,7.953796e-01,1.000000e+00,10/51,13.83%,PPP3CB;GOLPH3;IFNG;HADHA;SERGEF;SLC25A22;UQCC2;RHBDF2;ARFIP1;PICK1
prerank,Cellular Response To Molecule Of Bacterial Origin (GO:0071219),-0.2650423612114724,-1.0637530127968335,3.271222e-01,8.042030e-01,1.000000e+00,11/61,10.35%,VIM;GIT1;ZC3H12A;TNIP3;PLAA;TNIP2;SHPK;NFKBIB;SBNO2;NFKB1;PABPN1
prerank,Regulation Of NLRP3 Inflammasome Complex Assembly (GO:1900225),0.3536917709755585,1.0633019444089509,3.783784e-01,7.988373e-01,1.000000e+00,8/19,24.22%,GBP5;NEK7;CARD8;CSNK1A1;HSPA8;PTPN22;MAPK8;CPTP
prerank,Regulation Of Mitotic Nuclear Division (GO:0007088),-0.32547155315330134,-1.062614928978212,3.877551e-01,8.056278e-01,1.000000e+00,5/23,6.76%,AURKAIP1;FBXO5;MKI67;DAPK3;PIN1
prerank,Regulation Of Apoptotic Process (GO:0042981),0.2030202660887638,1.0625414098429864,2.589641e-01,7.991180e-01,1.000000e+00,90/423,17.09%,SERPINB9;GOLPH3;STK4;HDAC1;ARF4;NUP62;NCKAP1L;ARAF;ARL6IP5;PRKDC;SMPD1;PDCD10;SETX;COPS5;IKZF3;JUN;YWHAZ;PHB2;ANP32E;FCMR;SOD1;ANXA5;HSPB1;TMBIM6;YME1L1;APIP;PAK2;TOMM70;MCL1;MAGED1;FAM162A;DDX42;CITED2;HNRNPK;PRMT2;TRIM35;ANP32B;MORF4L2;ERBB2;ZFAND6;DAPK2;HIGD2A;PSEN1;BNIP3;BRD8;ZNF830;HIPK3;TRRAP;BCL2L1;PIM1;RIPK1;EP400;GLO1;RTN4;VCP;PRDX2;RUVBL1;ITCH;IFT57;PHLDA1;NAA35;STK17A;PSMD10;CALHM2;HTATIP2;NPM1;MORF4L1;RACK1;CD27;IRF3;TRIM24;ANKRD13C;RASA1;API5;RTKN;TSC22D1;TPT1;NTRK1;MRE11;REST;ITGA6;ETFA;DNAJA3;RRP1B;CCAR2;CAT;BIN1;PRDX3;LCMT1;AKT1S1
prerank,Positive Regulation Of Protein Targeting To Mitochondrion (GO:1903955),-0.3249331235123566,-1.062005402466617,3.714286e-01,8.053134e-01,1.000000e+00,11/25,27.29%,FBXW7;PIN1;GSK3A;CSNK2A2;ARIH2;PINK1;USP36;HTRA2;VPS11;PDCD5;SAE1
prerank,Vascular Transport (GO:0010232),-0.3079233989829575,-1.0618447261633597,3.678647e-01,8.035408e-01,1.000000e+00,12/31,26.07%,SLC22A5;SLC2A1;SLC7A5;ATP8A1;SLC38A5;SLC27A1;SLC4A4;SLC5A6;SLC16A1;SLC1A4;SLCO3A1;ABCB1
prerank,Regulation Of Viral Entry Into Host Cell (GO:0046596),-0.3272725618114072,-1.061521891018998,3.772819e-01,8.023588e-01,1.000000e+00,8/25,15.27%,FURIN;LGALS1;LGALS9;LY6E;HLA-DRB1;TRIM25;P4HB;TRIM58
prerank,Nucleic Acid-Templated Transcription (GO:0097659),-0.31102643994097356,-1.0603612356420713,3.584906e-01,8.038708e-01,1.000000e+00,6/29,10.73%,RNPS1;EPC1;NFKBIB;TCEANC2;TOPORS;PTMA
prerank,Positive Regulation Of Biosynthetic Process (GO:0009891),-0.32756662362299005,-1.059883251661575,3.855670e-01,8.032200e-01,1.000000e+00,4/23,6.92%,VIM;AKT1;TGFB1;CCL5
prerank,RNA Modification (GO:0009451),0.2822784558280935,1.05949225145334,3.416667e-01,8.065637e-01,1.000000e+00,19/46,27.99%,SSB;PARN;NSUN2;SARS1;METTL2B;MRM2;DTWD1;HENMT1;BCDIN3D;RBM15;METTL6;AARS1;ANKRD16;PUS7L;FTSJ1;TFB1M;NAT10;OSGEP;NOP10
prerank,Supramolecular Fiber Organization (GO:0097435),0.23161744479712454,1.0593450896926917,3.091977e-01,8.048263e-01,1.000000e+00,15/132,9.27%,CCDC88C;KATNA1;CKAP5;ARHGAP25;KIF2A;SLAIN2;TMOD3;ARHGEF2;FLII;MBD1;HOOK2;MYO6;SLAIN1;RIPK1;KLHL24
prerank,Positive Regulation Of Proteasomal Protein Catabolic Process (GO:1901800),-0.2606192949735042,-1.058580181953767,3.576017e-01,8.052254e-01,1.000000e+00,16/66,17.99%,FBXW7;RAD23A;CSNK1D;TRIB2;DDA1;OSBPL7;RNF19B;GSK3A;AXIN1;ELOB;ARIH2;SUMO1;TMEM259;CSNK1E;HECTD1;PIAS1
prerank,Negative Regulation Of Epithelial Cell Proliferation (GO:0050680),-0.3072467241883783,-1.0576810700774797,3.579767e-01,8.059571e-01,1.000000e+00,4/29,3.83%,RUNX3;FBXW7;TGFB1;GATA3
prerank,Positive Regulation Of Immune Effector Process (GO:0002699),-0.35606910967074823,-1.057437212781761,3.836478e-01,8.045568e-01,1.000000e+00,4/16,12.74%,CD81;LGALS9;PTPRJ;HLA-DRB1
prerank,Phosphatidylinositol-Mediated Signaling (GO:0048015),0.29271023024961007,1.0572960632307982,3.474903e-01,8.094500e-01,1.000000e+00,8/36,12.78%,PIK3CD;STAT3;ZFP36L1;PIK3CG;ERBB2;PLCG1;PIK3CA;PTEN
prerank,Dicarboxylic Acid Metabolic Process (GO:0043648),0.29514398364588634,1.0562410917631826,3.564728e-01,8.105680e-01,1.000000e+00,13/35,26.24%,NIT2;GCLM;ME2;FH;MDH1;MTHFS;PHYH;SDHAF3;ALDH18A1;SHMT2;DHFR;ALDH5A1;SHMT1
prerank,Secondary Alcohol Biosynthetic Process (GO:1902653),0.32850789554058796,1.055944075000796,3.761639e-01,8.092515e-01,1.000000e+00,7/23,21.82%,LBR;LSS;HMGCS1;INSIG2;GLB1;FDFT1;ARV1
prerank,Regulation Of Cholesterol Efflux (GO:0010874),-0.3679319813777352,-1.0554903248849306,3.855932e-01,8.087947e-01,1.000000e+00,9/16,29.54%,LAMTOR1;ABCA5;ABCA3;ABCA7;TTC39B;NR1H3;ZDHHC8;NFKBIA;GPS2
prerank,Positive Regulation Of Metabolic Process (GO:0009893),0.2724097733166946,1.0554641741132478,3.660886e-01,8.086159e-01,1.000000e+00,8/55,8.68%,ADRB2;ELOVL6;IFNG;CNOT3;HADHA;FH;EHMT1;BSCL2
prerank,Negative Regulation Of Cold-Induced Thermogenesis (GO:0120163),-0.3140686058751788,-1.054438255142249,3.773585e-01,8.096918e-01,1.000000e+00,8/27,19.95%,ATF4;PLCL2;NOTCH1;BMAL1;PGAM5;FLCN;ID1;RBPJ
prerank,Negative Regulation Of Protein-Containing Complex Assembly (GO:0031333),-0.2957617713414241,-1.054404008894678,3.614458e-01,8.075610e-01,1.000000e+00,6/36,9.13%,CDC42;ULK1;LDLRAD4;TFIP11;PMEPA1;RIOK3
prerank,Mitochondrial Transport (GO:0006839),-0.27715095940643286,-1.0532845258504775,3.291667e-01,8.089159e-01,1.000000e+00,14/49,21.43%,TIMM17A;TIMM23;TIMM8B;BCS1L;BAD;TOMM22;TSPO;PINK1;STARD3;SLC25A5;TOMM5;TOMM40;PPIF;BAK1
prerank,Positive Regulation Of Hydrolase Activity (GO:0051345),-0.24388740521552982,-1.0531820624861985,3.492723e-01,8.070068e-01,1.000000e+00,26/94,19.93%,XCL1;RAPGEF1;ARHGEF7;CALM3;PREX1;SOS2;RHOC;NDUFA13;PIN1;XCL2;CCL5;CTSS;CCL4;TBC1D20;RTN4R;RGS16;S100A10;PINK1;RIPK3;CALM1;TBC1D30;SNX9;RASGEF1B;FLCN;RALGPS1;DOCK9
prerank,Monoatomic Ion Transport (GO:0006811),0.29766512112672094,1.052924533521821,3.692308e-01,8.145993e-01,1.000000e+00,8/37,13.60%,SLC20A1;ATP10D;SLC1A7;SLC26A11;SLC25A22;SLC12A6;SLC4A2;SLC36A1
prerank,Gland Development (GO:0048732),-0.32999823558523433,-1.0528359399999707,3.745098e-01,8.058843e-01,1.000000e+00,6/22,13.71%,GFER;CEBPG;ZBTB1;SRP54;PKD2;RIPK3
prerank,Regulation Of Smoothened Signaling Pathway (GO:0008589),0.32605809184851026,1.0519385111588015,4.049430e-01,8.154827e-01,1.000000e+00,8/24,21.19%,UCHL5;VCP;FBXL17;RACK1;PTCH1;RORA;ULK3;TULP3
prerank,Regulation Of DNA Metabolic Process (GO:0051052),0.2370365132030734,1.0516003309197948,3.458498e-01,8.144487e-01,1.000000e+00,30/112,20.26%,UCHL5;TAF7;XRCC5;NSMCE3;SMARCA5;USP22;SMC6;HNRNPD;INO80D;SUPT20H;HDAC8;SMG1;TRRAP;INO80B;RUVBL1;PARG;JADE1;IL7R;KAT2A;EHMT2;OBI1;USP37;BAZ1A;TAF5;SLF1;YY1;NUCKS1;ZBTB38;TAF12;SUPT3H
prerank,Establishment Of Protein Localization To Endoplasmic Reticulum (GO:0072599),-0.3705637399820324,-1.0512951259819732,3.860759e-01,8.087558e-01,1.000000e+00,5/15,14.48%,ZFAND2B;ZFAND2A;SEC61G;SRP54;SPCS2
prerank,Adenylate Cyclase-Modulating G Protein-Coupled Receptor Signaling Pathway (GO:0007188),0.3019557731062033,1.0511511930338646,3.819578e-01,8.136302e-01,1.000000e+00,7/32,9.04%,PRKACB;PTGER2;ADRB2;GPR171;ADGRG1;GPR65;WASF2
prerank,Cellular Response To Radiation (GO:0071478),0.3262279584071034,1.0507022107580262,3.811321e-01,8.128867e-01,1.000000e+00,2/24,1.43%,MAPK14;NSMCE3
prerank,Inner Mitochondrial Membrane Organization (GO:0007007),-0.29899355485472545,-1.0487334895731186,3.634497e-01,8.146969e-01,1.000000e+00,10/33,18.28%,TIMM8B;MTX1;APOOL;NDUFA13;TIMM8A;MTX3;UQCC3;TIMM22;CHCHD6;ROMO1
prerank,Innate Immune Response Activating Cell Surface Receptor Signaling Pathway (GO:0002220),-0.3611201726602382,-1.0459220658961852,3.911205e-01,8.175054e-01,1.000000e+00,5/16,12.45%,CREBBP;KLRC2;TYROBP;IKBKB;LYN
prerank,Stimulatory C-type Lectin Receptor Signaling Pathway (GO:0002223),-0.3611201726602382,-1.0459220658961852,3.911205e-01,8.175054e-01,1.000000e+00,5/16,12.45%,CREBBP;KLRC2;TYROBP;IKBKB;LYN
prerank,Cellular Response To Lectin (GO:1990858),-0.3611201726602382,-1.0459220658961852,3.911205e-01,8.175054e-01,1.000000e+00,5/16,12.45%,CREBBP;KLRC2;TYROBP;IKBKB;LYN
prerank,Regulation Of Cell Population Proliferation (GO:0042127),0.2005755150731265,1.045885067872064,3.270677e-01,8.261869e-01,1.000000e+00,60/354,13.48%,TGFBR2;CNOT7;ETS1;DNAJA2;HDAC1;XRCC5;TIAL1;STAT3;STAT4;NUP62;HP1BP3;ZFP36L1;PRKDC;RBBP4;PHF14;PBRM1;KRAS;PDCD10;ARHGEF2;MAP2K1;UFL1;JUN;TOB2;XRCC6;CD47;TOB1;IFNG;PPP2R5C;CXCR2;CDKN1B;ADGRG1;STRN;ERBB2;NUAK1;STAMBP;MECP2;STAT5A;BMPR1A;SMARCC1;CCPG1;CIAO1;CNBP;MARCHF7;CACUL1;CDKN2A;H2AC6;CDC25B;GLMN;ADAM10;GET1;JUNB;NAP1L1;F2R;CDC73;NPM1;PTEN;STAT6;IL7R;TSPAN31;GNL3
prerank,Regulation Of Histone Acetylation (GO:0035065),0.35301915756986546,1.0456550466613048,3.853383e-01,8.247631e-01,1.000000e+00,4/17,8.38%,SMARCA5;BAZ1B;DEK;THAP7
prerank,Regulation Of Exocytosis (GO:0017157),0.3081268761903214,1.0455225533787136,3.621730e-01,8.230432e-01,1.000000e+00,6/27,14.46%,UNC13D;RALA;SEPTIN2;VAMP2;RAB8B;RAB2B
prerank,Apoptotic Mitochondrial Changes (GO:0008637),-0.3149880913601847,-1.045217016246934,3.727088e-01,8.174482e-01,1.000000e+00,5/26,8.37%,IFIT2;BBC3;BAD;NAIF1;IFI6
prerank,Cytoskeleton Organization (GO:0007010),-0.2590631121714708,-1.0449839789274173,4.036281e-01,8.159805e-01,1.000000e+00,19/60,22.73%,ARHGAP4;ARHGAP21;RAC1;MICAL3;ZMYM3;PPP2R3C;PDZD8;CAMSAP1;DMTN;CFL1;MAPKAP1;MLST8;STRIP1;ZRANB1;BRWD1;SIPA1;RANBP9;PRR5;SH3D19
prerank,Early Endosome To Late Endosome Transport (GO:0045022),0.34808727727442235,1.0441603149413694,3.838583e-01,8.252622e-01,1.000000e+00,6/18,18.18%,HOOK2;FHIP1B;EEA1;PTPN23;PIK3R4;PXK
prerank,Positive Regulation Of MAP Kinase Activity (GO:0043406),0.29138870412611817,1.0438992027076608,3.545279e-01,8.238910e-01,1.000000e+00,8/36,12.89%,RASGRP1;PIK3CG;PDCD10;ERBB2;MAP3K4;PTPN1;MAP4K2;TAOK3
prerank,Negative Regulation Of Blood Vessel Endothelial Cell Migration (GO:0043537),0.354852046375513,1.0430413858229952,4.137255e-01,8.245612e-01,1.000000e+00,4/16,7.85%,PDCD10;ATP2B4;MECP2;HDAC5
prerank,Positive Regulation Of B Cell Activation (GO:0050871),-0.29660021642288403,-1.042905827398024,3.716075e-01,8.206449e-01,1.000000e+00,6/33,7.37%,IRS2;CD81;MAD2L2;GPR183;TNIP2;PPP2R3C
prerank,Negative Regulation Of Protein Localization To Membrane (GO:1905476),0.3448093347414968,1.0423298040643145,3.730769e-01,8.245756e-01,1.000000e+00,6/19,13.68%,PPP2R5A;GDI1;CLTC;BCL2L1;TMBIM1;PPFIA1
prerank,Vesicle Transport Along Microtubule (GO:0047496),-0.36186923542245136,-1.0422981347674005,4.084507e-01,8.204539e-01,1.000000e+00,2/16,4.10%,RAB1A;KIF13A
prerank,Regulation Of Telomere Maintenance In Response To DNA Damage (GO:1904505),0.3641690530647586,1.0409909217542193,3.877953e-01,8.265366e-01,1.000000e+00,4/15,9.89%,UCHL5;INO80D;INO80B;RUVBL1
prerank,'De Novo' Post-Translational Protein Folding (GO:0051084),0.32199283835551484,1.040636135008566,4.104628e-01,8.255086e-01,1.000000e+00,7/26,14.93%,ST13;PTGES3;SELENOF;UGGT1;HSPA8;CCT2;SDF2
prerank,Negative Regulation Of Cysteine-Type Endopeptidase Activity (GO:2000117),-0.31137568210821126,-1.0402450848553675,3.975410e-01,8.246834e-01,1.000000e+00,5/26,8.37%,DNAJB6;CDKN2D;FNIP1;TRIAP1;IFI6
prerank,Negative Regulation Of MAPK Cascade (GO:0043409),0.2636289080365237,1.0397498008852535,3.704415e-01,8.262185e-01,1.000000e+00,12/56,12.78%,LAX1;TNIP1;PTPRC;STK38;SMPD1;CDK5RAP3;DUSP16;QARS1;PTPN1;PSMD10;DUSP1;PTEN
prerank,Negative Regulation Of Cellular Biosynthetic Process (GO:0031327),0.24428655780008218,1.039657617553888,3.742455e-01,8.244013e-01,1.000000e+00,29/84,26.24%,TIA1;CLK2;CAPRIN1;PLEK;TOB1;GZMB;ATP2B4;PATL2;GFI1;DHX36;EIF4ENIF1;SYNCRIP;LSM14A;EPRS1;RACK1;KAT2A;YBX1;NCL;EIF2AK3;KHSRP;SERBP1;AKR1C3;RIDA;ROCK2;DHFR;NHLRC3;GLA;WDTC1;SHMT1
prerank,Cellular Response To Hexose Stimulus (GO:0071331),-0.36769049111165214,-1.0395975945048037,4.004376e-01,8.246161e-01,1.000000e+00,5/15,17.75%,TRA2B;ERN1;PRKACA;IGF1R;SOX4
prerank,Phosphatidylinositol Metabolic Process (GO:0046488),0.2746134424114148,1.0392339886868232,3.793774e-01,8.236733e-01,1.000000e+00,11/45,16.99%,PLEK;MTMR4;PIKFYVE;PI4K2B;PIP5K1A;CDIPT;PLCG1;MTMR6;PTEN;INPP5D;SACM1L
prerank,Regulation Of Cell Cycle Phase Transition (GO:1901987),-0.3587880820980562,-1.0389010459601413,4.212860e-01,8.246225e-01,1.000000e+00,4/15,9.00%,ZNF16;FBXW7;ERCC3;DBF4
prerank,GPI Anchor Metabolic Process (GO:0006505),-0.3415484478507904,-1.0388546033138086,4.085366e-01,8.226016e-01,1.000000e+00,2/20,3.70%,MPPE1;PIGH
prerank,Regulation Of ERK1 And ERK2 Cascade (GO:0070372),-0.24543432213057148,-1.038717265144487,3.842887e-01,8.208558e-01,1.000000e+00,21/88,13.41%,XCL1;SPRY2;FBXW7;GPR183;TGFB1;LGALS9;GLIPR2;MAP2K7;PIN1;XCL2;PRKCA;CCL5;EPHA4;NOTCH1;CCL4;PRXL2C;DENND2B;LYN;HLA-DRB1;GSTP1;ALKAL2
prerank,T Cell Activation (GO:0042110),0.2611544032843775,1.0382432518107187,3.963415e-01,8.246378e-01,1.000000e+00,18/62,21.43%,PPP3CB;PIK3CD;RASGRP1;PTPRC;PIK3CG;NCK1;LY9;SLAMF6;MFAP3;LCK;SLAMF7;CD247;RHOH;CD2;RAB29;PTPN22;PIK3R2;PIK3R3
prerank,RNA Phosphodiester Bond Hydrolysis (GO:0090501),0.3485467405566913,1.0376815231324668,4.272031e-01,8.243063e-01,1.000000e+00,6/19,17.48%,TRIR;PCF11;PARN;XRN1;POP7;ELAC1
prerank,Negative Regulation Of Protein Tyrosine Kinase Activity (GO:0061099),0.3502849687923917,1.037508042909648,4.069767e-01,8.227341e-01,1.000000e+00,2/16,2.42%,PTPRC;SNX6
prerank,Visual Perception (GO:0007601),-0.306188890985814,-1.0365334951193912,3.644068e-01,8.257344e-01,1.000000e+00,11/29,20.10%,RABGGTA;DHRS3;RGS16;OPA3;CACNA2D4;RDH10;BEST1;RABGGTB;UNC119;ARRB1;ATXN7
prerank,Negative Regulation Of Neurogenesis (GO:0050768),0.3591539432462215,1.036376667865786,4.310680e-01,8.241426e-01,1.000000e+00,5/15,15.68%,GDI1;MBD1;YWHAH;PTEN;REST
prerank,Mitophagy (GO:0000423),-0.36071799239641456,-1.0357570079245646,4.129464e-01,8.260815e-01,1.000000e+00,6/15,15.44%,MAP1LC3B;ATG4D;BECN1;PINK1;ATG4B;ATG14
prerank,Positive Regulation Of Reactive Oxygen Species Metabolic Process (GO:2000379),0.3110222024993227,1.034777544837305,3.815029e-01,8.272126e-01,1.000000e+00,4/27,8.44%,TGFBR2;MAPK14;SOD1;RIPK1
prerank,Neuron Development (GO:0048666),-0.24913870480912595,-1.0345132883678991,3.867735e-01,8.278786e-01,1.000000e+00,17/75,14.90%,RUNX3;PPP1R9B;RYK;ULK1;STX3;PQBP1;CAMSAP1;ATXN10;ZFYVE27;STMN3;PBX4;CDK16;LYN;FRY;HS6ST1;MICALL1;OPHN1
prerank,Regulation Of Protein-Containing Complex Assembly (GO:0043254),-0.24579097331905933,-1.0338400291564647,3.706721e-01,8.278577e-01,1.000000e+00,29/80,26.25%,LGALS3;CDC42;FARP2;ULK1;TGFB1;RHOC;FNIP1;HCFC1;LATS1;TFIP11;RIOK3;SEPTIN9;VPS39;SUMO1;PINK1;NAPA;WARS1;DDX3X;HSPA5;BAK1;EIF2AK2;GSN;GNL3L;SLF2;BID;PARK7;VPS11;SORL1;FNIP2
prerank,Regulation Of G1/S Transition Of Mitotic Cell Cycle (GO:2000045),0.25059954158500736,1.0334558856853773,3.817829e-01,8.291763e-01,1.000000e+00,20/72,17.37%,RBL2;SMARCC2;PBRM1;CRLF3;CDKN1B;PRMT2;SMARCC1;CDKN2A;RRM1;CDC73;EIF4G1;JADE1;PTEN;APPL1;CDK2AP2;CCNH;ARID2;DLG1;RB1;TFDP1
prerank,Regulation Of Cell-Substrate Junction Assembly (GO:0090109),-0.3649693782793743,-1.0331744609882942,4.131737e-01,8.277409e-01,1.000000e+00,3/15,10.48%,LDB1;DAPK3;SLC9A1
prerank,Regulation Of Amide Metabolic Process (GO:0034248),0.2972395824597323,1.032860763975666,4.119923e-01,8.289768e-01,1.000000e+00,6/33,9.16%,PGAM1;NOLC1;MTPN;ELP4;EIF2S1;ATXN2
prerank,Endocytosis (GO:0006897),-0.23408403063629998,-1.0328256518382466,3.789683e-01,8.267212e-01,1.000000e+00,13/106,7.65%,RAB1A;CSNK1G2;JMJD6;CDC42;IGF2R;ATP6V1H;RNASEK;RIN3;RHOQ;CSNK1D;TBC1D2B;AP1S1;LRP8
prerank,Regulation Of TOR Signaling (GO:0032006),-0.26313886922149876,-1.0326301169747645,3.826638e-01,8.252481e-01,1.000000e+00,15/55,15.31%,DGKQ;DDIT4;LAMTOR1;LAMTOR4;UBR1;FNIP1;GSK3A;SEH1L;FBXO9;BMAL1;SEC13;MLST8;GNA12;LAMTOR5;ITFG2
prerank,Regulation Of p38MAPK Cascade (GO:1900744),-0.31261076602632215,-1.0311099656540028,4.142012e-01,8.278333e-01,1.000000e+00,12/24,27.36%,GADD45B;ZC3H12A;LGALS9;PER1;GADD45G;RELL1;STK39;MINK1;ULK4;SPHK1;RELL2;CYLD
prerank,Regulation Of Protein Modification By Small Protein Conjugation Or Removal (GO:1903320),0.314253109083258,1.0309336833588765,4.068441e-01,8.328228e-01,1.000000e+00,7/27,11.09%,COPS5;COPS7A;DAXX;UBQLN1;HIF1A;ITCH;DCUN1D1
prerank,Positive Regulation Of Microtubule Polymerization (GO:0031116),-0.3364676654349309,-1.0308026275983688,4.113060e-01,8.268000e-01,1.000000e+00,3/20,3.86%,MAPRE1;GIT1;RAC1
prerank,Positive Regulation Of Apoptotic Signaling Pathway (GO:2001235),0.2781668305640445,1.030587834555179,3.991935e-01,8.317210e-01,1.000000e+00,12/42,22.52%,S100A8;S100A9;PAK2;TRIM39;RIPK1;LCK;RACK1;LTB;FAS;CRADD;TP53;FADD
prerank,Intrinsic Apoptotic Signaling Pathway In Response To DNA Damage (GO:0008630),-0.27724472313998916,-1.0305861075919236,4.251969e-01,8.253353e-01,1.000000e+00,14/40,21.88%,AEN;DDIT4;SNW1;CRIP1;HIPK1;BCL3;TOPORS;MOAP1;HIPK2;HTRA2;BAG6;BOK;BAK1;IKBKE
prerank,Regulation Of Phosphorylation (GO:0042325),0.269904314640584,1.0304534910615037,3.891993e-01,8.300666e-01,1.000000e+00,12/50,16.43%,CCDC88C;NCKAP1L;HSPB1;PTGES3;CDKN1B;PSEN1;CDKN2A;GLMN;RAD17;ILK;ITGA6;DYNLL1
prerank,Regulation Of Cellular Catabolic Process (GO:0031329),0.27294309178921716,1.0301360484476647,3.899614e-01,8.290415e-01,1.000000e+00,23/49,31.78%,MTMR4;HSPB1;LONP2;DAPK2;CISD2;KEAP1;DCAF12;HDAC6;UVRAG;GPR137;PIK3R4;ATM;ULK3;PIK3R2;TYSND1;ROCK1;RMC1;IFI16;PIP4K2B;WDR41;DRAM2;PIK3C3;KAT8
prerank,Negative Regulation Of Transport (GO:0051051),0.338513307380041,1.030037983354153,4.250513e-01,8.272769e-01,1.000000e+00,8/19,22.47%,ARL6IP5;SNX3;NDFIP1;RUBCN;PTEN;PXK;NR1H2;LRSAM1
prerank,Regulation Of Canonical Wnt Signaling Pathway (GO:0060828),0.2409151086706636,1.0299751849905712,3.996101e-01,8.253864e-01,1.000000e+00,27/98,19.04%,CCDC88C;STK4;HDAC1;RNF146;USP34;RNF14;UBR5;UBE2B;PSEN1;GSKIP;VCP;RUVBL1;PPM1B;CSNK1G1;JADE1;CSNK1A1;TLE3;ZEB2;ILK;TLE1;RBX1;CCAR2;PPM1A;TMEM9;LIMD1;NPHP3;CAPRIN2
prerank,Protein-Containing Complex Assembly (GO:0065003),-0.21090627796378322,-1.0298683136222504,3.605870e-01,8.254918e-01,1.000000e+00,37/214,13.63%,NCK2;RAB5IF;NAPG;FARP2;ZC3H12A;CHMP4A;CREBBP;TMED10;PSMG2;TRAPPC2L;TRAPPC6A;CSNK2B;TGFB1;SLC2A1;CSNK1D;CUL3;BAD;CAND1;AXIN1;CENPT;ELOB;SRP19;WDCP;GAK;SLC9A1;TMED2;TRAPPC5;BECN1;SRP54;MNAT1;DMTN;CAPZA2;MDM4;GPAA1;CASP4;TAPBP;OTUD6B
prerank,Organelle Disassembly (GO:1903008),0.27303361647749724,1.0294497582614113,4.111969e-01,8.249016e-01,1.000000e+00,14/45,18.74%,UFL1;PNPLA2;ZFAND1;DENR;STING1;VCP;VRK1;HDAC6;MRRF;KIF9;MCTS1;UBA5;MTIF3;ULK3
prerank,tRNA Metabolic Process (GO:0006399),0.34623598678360246,1.0292358162045574,3.910506e-01,8.234754e-01,1.000000e+00,8/17,28.95%,ZFP36L1;SSB;POP7;ELAC2;RPP21;ADAT1;GTF3C1;RPP30
prerank,Cellular Response To Epidermal Growth Factor Stimulus (GO:0071364),0.3402409696543734,1.0286004483611744,4.163498e-01,8.234066e-01,1.000000e+00,4/18,6.44%,ZFP36L1;EEF1A1;ERBB2;PLCG1
prerank,Negative Regulation Of Cysteine-Type Endopeptidase Activity Involved In Apoptotic Process (GO:0043154),-0.30288695223461765,-1.0281836480621604,4.123711e-01,8.286443e-01,1.000000e+00,5/28,8.37%,DNAJB6;CDKN2D;FNIP1;TRIAP1;IFI6
prerank,Positive Regulation Of Cell Growth (GO:0030307),-0.2607554374872364,-1.0264693030857885,3.907563e-01,8.318748e-01,1.000000e+00,11/57,14.03%,LIMK1;CDC42;AKT1;FXN;SUPV3L1;PLAA;NCBP1;ZFYVE27;TWF2;MAPKAP1;MLST8
prerank,DNA Replication (GO:0006260),0.2599869937258713,1.0260937918505966,4.080460e-01,8.291749e-01,1.000000e+00,21/62,31.50%,RBMS1;RPA3;DUT;RFC5;RFC4;REV3L;RPA2;REV1;NAP1L1;BAZ1A;MCMBP;TBRG1;POLL;RNASEH2A;BLM;RPA1;WRNIP1;MCM6;POLA2;SET;POLD3
prerank,Cellular Response To Chemical Stress (GO:0062197),0.2530022846629484,1.026011706260158,4.108818e-01,8.273613e-01,1.000000e+00,21/65,21.11%,SETX;STX2;LRRC8D;EIF2S1;ZFAND1;PARP1;PRDX2;NUDT2;RAD52;KEAP1;PIK3CA;PRR5L;RBX1;PRDX3;SERPINB6;MTOR;FAS;ATM;ERMP1;SELENOS;MAPK8
prerank,Protein Deubiquitination (GO:0016579),0.2530578039409892,1.0259109154475412,3.931947e-01,8.256292e-01,1.000000e+00,11/68,9.73%,USP11;UCHL5;USP28;USP22;USP34;COPS5;DESI1;STAMBP;USP14;USP32;USP19
prerank,Peptidyl-Serine Phosphorylation (GO:0018105),-0.22682948316153093,-1.0254230152639057,3.962264e-01,8.331542e-01,1.000000e+00,20/118,10.28%,CSNK1G2;PKN1;MAPKAPK2;GRK2;DGKQ;ULK1;MAP2K2;ERN1;MAPK9;PRKACA;CSNK1D;HIPK1;MKNK2;PRKCA;PKN2;LATS1;MKNK1;MAP3K10;CSNK2A2;PRKCB
prerank,Endosome Transport Via Multivesicular Body Sorting Pathway (GO:0032509),0.3393708671861759,1.0253020433421525,4.047619e-01,8.255389e-01,1.000000e+00,11/19,30.17%,CHMP5;MVB12A;TMEM50A;VCP;LEPROT;DENND10;VPS4B;CHMP7;TMEM50B;CHMP6;LEPROTL1
prerank,mRNA 3'-End Processing (GO:0031124),-0.28957945897560144,-1.0246356105141212,4.111570e-01,8.334738e-01,1.000000e+00,9/35,16.52%,TENT4B;WDR33;CPSF7;HEXIM1;NCBP1;NUDT21;CPSF6;GRSF1;CPSF1
prerank,Cellular Response To Ionizing Radiation (GO:0071479),0.2867506642887513,1.0240546602076745,4.186916e-01,8.274507e-01,1.000000e+00,3/36,3.33%,MAPK14;XRCC5;XRCC6
prerank,Positive Regulation Of Macromolecule Biosynthetic Process (GO:0010557),-0.2460064720645389,-1.0238163450489073,4.034749e-01,8.339136e-01,1.000000e+00,12/75,9.53%,RBM3;VIM;AKT1;YTHDF3;IRS2;LDB1;YTHDF1;LARP1B;CIRBP;BCL3;AGO2;NFKB1
prerank,Negative Regulation Of Binding (GO:0051100),-0.2605635710303773,-1.0235411553062965,3.979381e-01,8.326584e-01,1.000000e+00,12/54,15.95%,IFIT2;AKT1;ZFPM1;PIN1;SUMO3;TFIP11;ILRUN;TLE5;USP33;SUMO1;GTPBP4;CSNK1E
prerank,Mitotic Spindle Assembly (GO:0090307),0.3031828965216831,1.0234807225267621,4.346979e-01,8.272149e-01,1.000000e+00,7/30,14.22%,KPNB1;KIF2A;RAB11A;KIF3B;SMC1A;LSM14A;SPICE1
prerank,Response To Organonitrogen Compound (GO:0010243),0.32073487479314877,1.0231079002374668,4.296578e-01,8.263012e-01,1.000000e+00,8/23,18.98%,ATF1;VCP;SYVN1;CCDC47;CREB1;MTOR;ERLEC1;RNF185
prerank,Intracellular pH Reduction (GO:0051452),-0.32593868398570414,-1.0228017587436669,4.211618e-01,8.329923e-01,1.000000e+00,5/22,10.68%,TCIRG1;ATP6V1H;RNASEK;ATP6V0C;GPR89A
prerank,Protein Glycosylation (GO:0006486),-0.2324099701048605,-1.0226364994898829,3.851064e-01,8.314834e-01,1.000000e+00,24/92,20.84%,MAGT1;B3GNT7;GALNT10;GALNT3;RPN2;B3GNT2;MGAT4B;COG3;POMT1;B3GALT6;TET2;DDOST;DPM1;ALG12;MGAT4A;TRAK1;ALG5;PLOD1;ALG9;GALNT1;MGAT1;GALNT11;OGT;B4GALT7
prerank,Negative Regulation Of Protein Kinase B Signaling (GO:0051898),-0.32502675707629847,-1.0220803544643287,3.922764e-01,8.312081e-01,1.000000e+00,10/22,27.69%,INPP5K;PPP2CA;PTPRJ;FLCN;ARRB2;PIK3CB;MUL1;CIB1;SH2B3;DDIT3
prerank,Regulation Of Nucleic Acid-Templated Transcription (GO:1903506),0.2014046526103481,1.0219547767755757,3.778195e-01,8.280014e-01,1.000000e+00,104/300,28.54%,STAT3;HMG20A;HP1BP3;ZNF146;PRKCQ;SMARCA5;ZNF143;RBBP4;TRIM22;GPBP1;IRF2;RNF20;SBNO1;NFATC2;HNRNPD;HCFC2;MAGED1;RNF14;ASH1L;ZNF708;DAXX;MSL3;ZNF274;ACTR6;ATRX;HIF1A;CNBP;TRRAP;SPIN2B;THAP7;ATF2;ZNF430;SUPT4H1;ZNF506;SPIN1;RUVBL1;POFUT1;PHF19;MYCBP;SRCAP;JADE1;ZNF398;KAT2A;MIER1;ERC1;YBX1;RORA;ASCC1;REST;BAZ1A;KLRG1;RHOH;RB1;LIMD1;PRMT5;ZNF253;SMAD3;TADA2A;ZBTB4;MZF1;ZFAT;ZBTB38;TAF12;REXO4;SMARCA2;NFIA;SFPQ;SUPT3H;TULP3;ATF7IP;ZNF680;KAT6A;HMGA1;GCFC2;TAF5L;HINT1;TP53;ZNF66;FOXN2;NSD2;ZNF141;ZSCAN21;UBE2L3;TERF2IP;ACTL6A;TADA3;TAF9;NR2C2;HDAC10;NSD3;NFYC;ZNF280D;ATF7IP2;ZNF718;PAK6;KAT6B;ZNF626;SETBP1;ZNF737;CREBL2;DVL2;VPS72;APBB1;ZNF138
prerank,Fatty Acid Beta-Oxidation (GO:0006635),0.2824075343158612,1.0218243228486399,4.266917e-01,8.263765e-01,1.000000e+00,21/42,35.54%,ECHDC2;ECHDC1;HADHA;CROT;ACADM;MCAT;ACAT1;BDH2;ETFA;ACAA2;ABCD3;ECI2;PEX2;AUH;SCP2;MTLN;ACADVL;ABCD4;ABCD2;IVD;AMACR
prerank,Cognition (GO:0050890),-0.34978909162533517,-1.0216425645888259,4.240506e-01,8.305247e-01,1.000000e+00,3/17,5.29%,MAGT1;RP9;CHMP2B
prerank,Response To Molecule Of Bacterial Origin (GO:0002237),0.2976709717735258,1.021638779712407,4.184261e-01,8.249660e-01,1.000000e+00,11/34,22.00%,S100A8;S100A9;ERBIN;CD6;IFNAR1;FCGR2B;F2R;PRDX3;PTPN22;TIRAP;FOXP1
prerank,Negative Regulation Of I-kappaB kinase/NF-kappaB Signaling (GO:0043124),0.2906645505912749,1.0212516598031638,4.360465e-01,8.241827e-01,1.000000e+00,10/35,16.80%,TNIP1;TRIM39;RIPK1;CARD8;ZMYND11;PPM1B;TLE1;RORA;RHOH;PPM1A
prerank,Positive Regulation Of Protein Transport (GO:0051222),0.2714502651793472,1.0210693437715381,3.983573e-01,8.227230e-01,1.000000e+00,12/46,18.29%,GOLPH3;PDCD10;MBD1;ZFAND1;CNST;PCNT;CEP290;VAMP2;RACK1;PRR5L;EZR;RAB29
prerank,Histone Modification (GO:0016570),0.2512410856400952,1.0205456749584234,4.011858e-01,8.223543e-01,1.000000e+00,32/72,29.38%,HDAC1;RBBP4;HDAC8;MORF4L2;MSL3;UBE2B;HDAC5;BRD8;TRRAP;EP400;RUVBL1;JADE1;MORF4L1;MTA2;MIER1;HDAC6;TADA2A;TAF12;SUPT3H;MRGBP;TAF5L;BRMS1L;PHF20L1;ACTL6A;TADA3;MIER2;TAF9;EPC2;MTA3;VPS72;UBE2A;DMAP1
prerank,Positive Regulation Of Stress-Activated MAPK Cascade (GO:0032874),0.2662566936810603,1.0199624909609566,3.940000e-01,8.221495e-01,1.000000e+00,12/54,13.32%,RASGRP1;ARL6IP5;TNIK;PDCD10;MAP3K4;RIPK1;FCGR2B;MAP4K2;TAOK1;TAOK3;CD27;PJA2
prerank,Positive Regulation Of Receptor Signaling Pathway Via JAK-STAT (GO:0046427),0.3407794143480649,1.0199244054341436,4.272031e-01,8.202762e-01,1.000000e+00,4/17,12.97%,IL10RA;CRLF3;F2R;IL7R
prerank,Sensory Organ Development (GO:0007423),-0.3393742282073899,-1.019167323639677,4.312115e-01,8.361469e-01,1.000000e+00,7/17,20.63%,GATA3;POLR2D;HIPK1;PBX4;AHI1;HIPK2;RAB18
prerank,Regulation Of Notch Signaling Pathway (GO:0008593),-0.28473140417086695,-1.0176946140724314,4.174950e-01,8.387647e-01,1.000000e+00,6/37,8.05%,YTHDF2;AKT1;FBXW7;RFNG;ZMIZ1;LFNG
prerank,Pyroptosis (GO:0070269),0.3641384556780489,1.0168348845055593,4.379699e-01,8.280003e-01,1.000000e+00,3/15,7.79%,GZMB;APIP;GSDMD
prerank,Positive Regulation Of Macromolecule Metabolic Process (GO:0010604),0.2166915236624232,1.0160096479868628,4.171429e-01,8.285698e-01,1.000000e+00,47/153,23.67%,MAPK14;ETS1;HDAC1;PIK3CD;STAT3;KLF2;CALCOCO1;MTPN;KRAS;PDCD10;MAP2K1;IFNG;CITED2;UBR5;DHX36;BMPR1A;PSEN1;HIF1A;PTPN1;RIPK1;ATF2;ITCH;VPS35;ACTA2;EIF4G1;FAM98A;LAPTM5;TLE1;RIGI;MTOR;SMAD3;EZR;ATM;RAB29;ZBTB7B;EIF2AK3;PTPN22;HGS;NR1H2;MAPK8;PIK3R3;MAP2K5;TP53;CTCF;UXT;ROCK2;ROCK1
prerank,Heterochromatin Formation (GO:0031507),0.3148267777707104,1.015520575269063,4.377358e-01,8.280984e-01,1.000000e+00,8/25,17.05%,SMARCA5;EZH1;UBR5;HDAC5;CBX3;ZNFX1;UBR2;RB1
prerank,Stress Granule Assembly (GO:0034063),0.3298166567760673,1.0154712669339523,4.592445e-01,8.262682e-01,1.000000e+00,6/20,11.96%,G3BP1;TIA1;CSDE1;EIF2S1;G3BP2;LSM14A
prerank,Regulation Of Endothelial Cell Proliferation (GO:0001936),-0.2774508931904526,-1.0147280838422166,4.191033e-01,8.462921e-01,1.000000e+00,6/37,6.83%,NRAS;AKT1;VEGFB;MYDGF;PDCL3;PRKCA
prerank,Regulation Of Protein Binding (GO:0043393),0.24305498248606103,1.0141645493196416,4.280374e-01,8.283230e-01,1.000000e+00,13/77,9.63%,STK4;EPB41;STYX;ADD1;CRK;TMBIM6;AKTIP;MITD1;PSEN1;HDAC5;RAN;STING1;NMD3
prerank,snRNA 3'-End Processing (GO:0034472),0.33462821447914115,1.0137428285606394,4.280079e-01,8.276497e-01,1.000000e+00,6/20,18.12%,INTS14;INTS9;EXOSC3;EXOSC8;INTS2;INTS7
prerank,Regulation Of Metaphase/Anaphase Transition Of Cell Cycle (GO:1902099),-0.32567001543458873,-1.0136543115769747,4.201681e-01,8.477016e-01,1.000000e+00,4/21,9.16%,BRD7;ARID1B;BCL7B;BCL7C
prerank,Lysosome Organization (GO:0007040),0.2961336694431715,1.013235964656496,4.202627e-01,8.273233e-01,1.000000e+00,9/31,19.02%,SPG11;VPS33A;AKTIP;HOOK2;FHIP1B;TMEM106B;GNPTAB;MTOR;GAA
prerank,Regulation Of Endoplasmic Reticulum Stress-Induced Intrinsic Apoptotic Signaling Pathway (GO:1902235),0.3381383930831692,1.013187201769113,4.446565e-01,8.255238e-01,1.000000e+00,8/19,19.84%,TMBIM6;PTPN1;NCK1;FCGR2B;SYVN1;CREB3;EIF2AK3;SELENOS
prerank,Translational Elongation (GO:0006414),0.28080281490086856,1.012402886422072,4.164990e-01,8.258718e-01,1.000000e+00,13/39,21.75%,ANKZF1;EEF1A1;TCF25;RNF14;MTRFR;EEF2;EEF1B2;EEF2K;RACK1;DROSHA;GCN1;KLHDC10;EIF5A2
prerank,Negative Regulation Of Nucleic Acid-Templated Transcription (GO:1903507),-0.19927629728532115,-1.0119300528170532,4.498934e-01,8.509316e-01,1.000000e+00,59/294,15.66%,CTBP1;GATAD2A;CBX4;BRD7;INPP5K;XCL1;BCL6;SPINDOC;LDB1;SNW1;TGFB1;GATA3;CALR;HEXIM1;COMMD7;TRIM33;PSPC1;FOXN3;MBD3;SAP18;ID2;NDUFA13;KMT5A;EPC1;EID1;YAF2;PER1;HNRNPL;NOTCH1;SBNO2;BCL3;HHEX;FOXK1;NKAP;ELK3;MAP3K10;MBD2;HDAC9;BMAL1;ATF5;DEAF1;ZNF282;TLE5;MDM4;MIDEAS;YEATS2;NFIL3;NR1D2;CD38;GMNN;SUMO1;DEDD2;ZBTB21;SUV39H1;ZNF540;PLCB1;BCLAF1;FOXK2;ZNF12
prerank,Positive Regulation Of Cellular Process (GO:0048522),0.20201385524291351,1.0118931643802982,4.148148e-01,8.254580e-01,1.000000e+00,45/267,13.28%,TGFBR2;CNOT7;S100A8;DNAJA2;HDAC1;HDGFL2;S100A9;ZFP36L1;SMARCC2;MTPN;PBRM1;KRAS;PDCD10;UFL1;CD47;IFNG;CXCR2;CITED2;ADGRG1;KLHL22;ERBB2;STAMBP;MECP2;DHX36;SMARCC1;CCPG1;CIAO1;CNBP;MARCHF7;CACUL1;CST7;RNF10;CDC25B;EXOSC2;FCGR2B;SPOCK2;ADAM10;NAP1L1;PSMD10;F2R;EIF4G1;NPM1;PTEN;IL7R;TSPAN31
prerank,Energy Derivation By Oxidation Of Organic Compounds (GO:0015980),-0.2983737411341607,-1.011788160082492,4.320713e-01,8.492570e-01,1.000000e+00,10/29,19.32%,UQCR11;COX7B;COX5B;NDUFA4;COX6A1;UQCRQ;CHCHD5;COX8A;UQCRC1;COX7A2
prerank,Positive Regulation Of NF-kappaB Transcription Factor Activity (GO:0051092),0.23196245029059454,1.0117708775080252,4.202627e-01,8.238629e-01,1.000000e+00,26/99,24.80%,S100A8;STAT3;S100A9;PRKCQ;TRIM22;MTPN;ARHGEF2;USP14;RIPK1;CX3CR1;TRIM38;NPM1;ERC1;NTRK1;IL1RAP;PRKD2;PRDX3;PRKCH;MALT1;MTDH;TIRAP;TRIM62;TRIM37;MAP3K7;TERF2IP;TRIM5
prerank,"mRNA Cis Splicing, Via Spliceosome (GO:0045292)",-0.35028097973573524,-1.011478964289725,4.547284e-01,8.481540e-01,1.000000e+00,3/16,5.43%,SDE2;CWC15;SFSWAP
prerank,Blood Vessel Morphogenesis (GO:0048514),0.3593266743826576,1.0114329000470232,4.376238e-01,8.229522e-01,1.000000e+00,5/15,21.10%,TGFBR2;GLMN;RASA1;AGGF1;HEY2
prerank,Regulation Of Transcription Elongation By RNA Polymerase II (GO:0034243),-0.24532914915572115,-1.0109186496458675,4.294606e-01,8.479294e-01,1.000000e+00,24/74,23.78%,MED10;LDB1;PWWP2B;HEXIM1;MED30;NCBP1;ELL;LARP7;EAPP;CCNT1;MED4;MED19;NELFCD;NELFA;INTS1;INTS6;MED17;CDK12;CDK9;MED6;TCERG1;NELFB;INTS12;WDR43
prerank,Positive Regulation Of DNA Repair (GO:0045739),0.24470403984313446,1.0108308451491714,4.444444e-01,8.228346e-01,1.000000e+00,18/68,20.29%,UCHL5;SMCHD1;SMARCC2;PBRM1;INO80D;SPIRE1;SMARCC1;PARP1;INO80B;RUVBL1;WRAP53;ARID2;SLF1;YY1;CCDC117;SMARCA2;TIMELESS;RNF8
prerank,Negative Regulation Of Epidermal Growth Factor Receptor Signaling Pathway (GO:0042059),-0.34764544471796577,-1.0105431428864085,4.615385e-01,8.469676e-01,1.000000e+00,4/15,13.10%,PTPRJ;MVP;RNF115;ZFYVE28
prerank,Fatty Acid Metabolic Process (GO:0006631),0.25027878187606883,1.0097798451667355,4.149140e-01,8.240013e-01,1.000000e+00,22/65,27.32%,AOAH;ACBD5;ACADSB;ACSL4;HPGD;CROT;ACADM;MCAT;PHYH;ACAD9;CPT1A;ADIPOR2;LPIN2;SGPL1;ABCD3;GPX4;MLYCD;ACSL1;PEX2;PNPLA8;THEM4;GPAT2
prerank,Cellular Response To Amino Acid Stimulus (GO:0071230),-0.2995263328939819,-1.0093590614431533,4.533898e-01,8.485548e-01,1.000000e+00,7/27,15.83%,NSMF;LAMTOR1;LAMTOR4;UBR1;SESN3;LAMTOR5;CASTOR2
prerank,Regulation Of Cellular Metabolic Process (GO:0031323),0.28875071318871,1.0093569285653252,4.239544e-01,8.234133e-01,1.000000e+00,10/35,18.61%,ARF4;PGAM1;COQ7;NUAK1;HIF1A;STK17A;NEK4;PPARA;PDK2;CIDEB
prerank,Positive Regulation Of Interleukin-1 Production (GO:0032732),0.29412820797931283,1.0092750658749052,4.470588e-01,8.217332e-01,1.000000e+00,6/30,8.93%,STAT3;GBP5;HSPB1;IFNG;GSDMD;CARD8
prerank,Microtubule Nucleation (GO:0007020),0.32007854818091885,1.0088013366579212,4.344423e-01,8.212817e-01,1.000000e+00,3/21,8.09%,SLAIN2;NDEL1;SLAIN1
prerank,DNA Recombination (GO:0006310),-0.29053371266271444,-1.0086481831468102,4.386694e-01,8.485601e-01,1.000000e+00,5/30,5.78%,RTEL1;SUPV3L1;ERCC1;TSN;RHNO1
prerank,Regulation Of Transmembrane Receptor Protein Serine/Threonine Kinase Signaling Pathway (GO:0090092),-0.334302577669561,-1.0076730856645824,4.393305e-01,8.495096e-01,1.000000e+00,5/17,16.85%,TGFB1;TRIM33;LATS1;ENG;LATS2
prerank,Negative Regulation Of Cellular Process (GO:0048523),-0.19799927917629212,-1.007595793062423,4.324853e-01,8.477005e-01,1.000000e+00,69/291,19.74%,NCK2;CTBP1;FTH1;RUNX3;RBM5;ADARB1;NME1;BCL6;PPP1R9B;ULK1;SERTAD2;CHMP4A;CSNK2B;PPP2CA;TGFB1;APOBEC3H;GATA3;PLXNA4;CDKN2D;CHMP2B;SERTAD3;NDUFA13;FBP1;NAIF1;PTPRJ;TENT5C;PIN1;EPHA4;NOTCH1;IFNLR1;COPS8;BCL7B;DLG3;CGRRF1;PLXNA3;BCL7C;TSPYL2;ATF5;PKD2;MDM4;ZBTB49;LYN;GMNN;BRD9;OSGIN2;SUV39H1;CHMP2A;WARS1;BST2;NDUFS3;GTPBP4;P3H1;ANXA6;TESC;PPM1D;PODN;ST20;VPS4A;BICRA;DDX3X;SOX4;SAV1;THAP12;ADAMTS1;IRF1;KLF11;HTRA2;FLCN;TXNDC12
prerank,Positive Regulation Of DNA-binding Transcription Factor Activity (GO:0051091),0.21902458906426836,1.0073571780494486,4.269663e-01,8.239445e-01,1.000000e+00,36/146,22.35%,S100A8;STAT3;TRIM27;S100A9;PRKCQ;TRIM22;MTPN;COPS5;ARHGEF2;PHB2;USP14;HDAC5;RIPK1;CX3CR1;ATF2;STING1;TRIM38;NPM1;PTEN;ERC1;NTRK1;IL1RAP;RIGI;PRKD2;PRDX3;PRKCH;TFDP1;CTNNB1;SMAD3;TAF12;MALT1;MTDH;ARID5B;TIRAP;TRIM62;TRIM37
prerank,Regulation Of Early Endosome To Late Endosome Transport (GO:2000641),0.3352432782753111,1.0072183133772585,4.618321e-01,8.224542e-01,1.000000e+00,8/17,27.70%,MAP2K1;SNX3;PTPN23;EZR;DENND10;MSN;MTMR2;DAB2
prerank,Negative Regulation Of Mitotic Cell Cycle (GO:0045930),-0.31917146854573075,-1.0064258678967233,4.492754e-01,8.492682e-01,1.000000e+00,7/21,20.44%,BCL6;HECA;AURKAIP1;FZD3;CHFR;TOM1L2;BTG3
prerank,Vesicle-Mediated Transport Between Endosomal Compartments (GO:0098927),0.33308405869033975,1.0059512382643672,4.320487e-01,8.244422e-01,1.000000e+00,6/19,18.18%,HOOK2;FHIP1B;EEA1;PTPN23;PIK3R4;PXK
prerank,Inflammatory Response (GO:0006954),-0.233085805252446,-1.0052601187922943,4.414226e-01,8.508580e-01,1.000000e+00,21/94,15.53%,MAPKAPK2;XCL1;TGFB1;MAPK9;GATA3;RAC1;LGALS9;XCL2;TPST1;CCL5;PRDX5;CCL4;CD96;NFKB1;HDAC9;DHX8;IKBKB;IL18;LTB4R;REL;RIPK2
prerank,ncRNA Processing (GO:0034470),0.24070076431824342,1.005154834033879,4.342857e-01,8.248901e-01,1.000000e+00,31/80,30.88%,NOLC1;PIH1D1;SSB;EMG1;INTS14;MRM2;EXOSC2;INTS9;PES1;EXOSC3;FBL;POP7;RPP21;INTS2;INTS7;DIS3;NOP56;MTREX;DDX10;DKC1;NOL8;PIN4;ADAT1;TSEN34;PELP1;RPP30;EXOSC5;UTP20;NVL;LYAR;INTS13
prerank,Positive Regulation Of Peptide Hormone Secretion (GO:0090277),-0.35488606216189067,-1.004442431808359,4.530612e-01,8.513697e-01,1.000000e+00,6/15,19.31%,IRS2;POLR2D;BAD;SELENOT;SOX4;PSMD9
prerank,Mitotic G1 DNA Damage Checkpoint Signaling (GO:0031571),-0.3447661537152824,-1.0030286044650463,4.425887e-01,8.537007e-01,1.000000e+00,4/16,8.86%,SDE2;TRIAP1;FBXO31;PIDD1
prerank,Negative Regulation Of Fat Cell Differentiation (GO:0045599),-0.32470011673979654,-1.0029861835745921,4.486166e-01,8.518051e-01,1.000000e+00,6/19,19.54%,TGFB1;TRIB2;BMAL1;TRIO;ASXL1;FLCN
prerank,Late Endosome To Vacuole Transport Via Multivesicular Body Sorting Pathway (GO:0032511),0.32105828453911456,1.0023942030245896,4.110672e-01,8.315637e-01,1.000000e+00,12/21,30.17%,CHMP5;MVB12A;TMEM50A;PTPN23;VPS37A;HGS;LEPROT;CHMP7;TMEM50B;CHMP6;STAM2;LEPROTL1
prerank,Regulation Of Protein Targeting To Mitochondrion (GO:1903214),-0.2943039872224751,-1.0015964901720629,4.317719e-01,8.542365e-01,1.000000e+00,13/30,27.29%,FBXW7;PIN1;GSK3A;CSNK2A2;ARIH2;SREBF1;PINK1;USP36;HTRA2;PARL;VPS11;BAG4;SAE1
prerank,SMAD Protein Signal Transduction (GO:0060395),-0.34638905550481836,-1.001493688702197,4.501018e-01,8.525485e-01,1.000000e+00,6/16,20.98%,TGFB1;ZMIZ1;GDF11;SMAD5;HIPK2;RUNX2
prerank,Negative Regulation Of Protein Localization To Nucleus (GO:1900181),-0.3375284819351856,-1.001474969145319,4.618644e-01,8.506156e-01,1.000000e+00,6/18,19.54%,LATS1;ILRUN;SUMO1;LATS2;UFM1;FLCN
prerank,Cellular Response To Interferon-Beta (GO:0035458),-0.3474052221236566,-1.0010612805261538,4.479830e-01,8.499293e-01,1.000000e+00,6/15,19.48%,OAS1;NDUFA13;UBE2G2;CALM1;IRF1;HTRA2
prerank,Positive Regulation Of Microtubule Polymerization Or Depolymerization (GO:0031112),-0.35822808977405446,-1.0009632464152762,4.670659e-01,8.482416e-01,1.000000e+00,2/15,3.86%,MAPRE1;RAC1
prerank,Hemopoiesis (GO:0030097),-0.25704643762036267,-0.9998914711280276,4.545455e-01,8.496385e-01,1.000000e+00,13/56,13.45%,ATF4;YTHDF2;RUNX3;ZFPM1;TGFB1;GLRX5;HIPK1;MKNK2;TET2;ARIH2;LYN;SBDS;PINK1
prerank,Regulation Of Cyclin-Dependent Protein Kinase Activity (GO:1904029),-0.3030150765504565,-0.9990499215059757,4.347826e-01,8.502338e-01,1.000000e+00,10/28,16.68%,BCCIP;CDKN2D;SERTAD1;MNAT1;CCNT1;CDK7;GTPBP4;HERC5;CDC37;CCNT2
prerank,Endomembrane System Organization (GO:0010256),-0.21404877136354108,-0.9989131838865853,4.458333e-01,8.486341e-01,1.000000e+00,27/148,14.91%,RAB1A;SYNGR1;AP3D1;CDC42;GORASP2;ARHGAP21;ARHGEF7;TMED10;LAMTOR1;CSNK1D;CHMP2B;COG3;SURF4;BNIP1;NSFL1C;TBC1D20;GAK;TMED2;RAB2A;GOLGA8N;TMED1;TMEM170A;TMED4;LMNB2;PI4K2A;OPTN;PLEKHM2
prerank,Regulation Of GTPase Activity (GO:0043087),-0.22333395455343594,-0.9986768706785164,4.346895e-01,8.473943e-01,1.000000e+00,20/113,11.76%,XCL1;RAPGEF1;ARHGEF7;PREX1;SOS2;PLXNA4;CHN2;PIN1;XCL2;CCL5;EPHA4;PLXNA3;CCL4;STMN3;TBC1D20;RTN4R;ARHGAP9;TMED2;RGS16;S100A10
prerank,Negative Regulation Of Cell Cycle Process (GO:0010948),0.33545476947281394,0.9983895211788711,4.595104e-01,8.419742e-01,1.000000e+00,3/17,2.76%,PPP1R10;SMARCA5;BAZ1B
prerank,Peptidyl-Serine Modification (GO:0018209),-0.22081630159706192,-0.9980829269364939,4.497817e-01,8.471341e-01,1.000000e+00,19/120,10.28%,CSNK1G2;PKN1;MAPKAPK2;GRK2;DGKQ;GALNT3;ULK1;MAPK9;PRKACA;CSNK1D;HIPK1;MKNK2;PRKCA;PKN2;LATS1;MKNK1;MAP3K10;CSNK2A2;PRKCB
prerank,Positive Regulation Of I-kappaB kinase/NF-kappaB Signaling (GO:0043123),-0.2237354174127751,-0.9979546543629532,4.437367e-01,8.455384e-01,1.000000e+00,28/126,16.36%,TFG;CARD11;LGALS1;RHOC;TNIP2;LGALS9;BIRC2;MIB2;BRD4;TMEM9B;DDX1;S100A4;PRKCB;GPR89A;GAPDH;IKBKB;HLA-DRB1;JMJD8;TRIM25;PINK1;TMED4;IRAK1;LAMTOR5;TRIM58;REL;RIPK2;BST2;BIRC3
prerank,Intracellular Monoatomic Cation Homeostasis (GO:0030003),0.23373474673010583,0.9971214067975988,4.861111e-01,8.438508e-01,1.000000e+00,20/85,16.04%,SLC30A9;STIM1;ATP1A3;SOD1;ISCU;ATP2B4;ATP2A3;NPTN;SLC10A7;COX11;SLC39A6;NDFIP1;LCK;ATP6V1A;RMDN3;ATP6V0A2;TPT1;VAPB;LETMD1;IREB2
prerank,Regulated Exocytosis (GO:0045055),0.3099679098013736,0.9970730437359383,4.840000e-01,8.421010e-01,1.000000e+00,3/23,3.63%,PPP3CB;RAB10;PLEK
prerank,Positive Regulation Of Establishment Of Protein Localization To Mitochondrion (GO:1903749),-0.29805843420155204,-0.9959940369673469,4.725738e-01,8.495585e-01,1.000000e+00,8/28,16.16%,FBXW7;BBC3;PIN1;GSK3A;CSNK2A2;ARIH2;PINK1;USP36
prerank,Positive Regulation Of Intracellular Signal Transduction (GO:1902533),-0.19726034129471867,-0.9959726235568926,4.523327e-01,8.476794e-01,1.000000e+00,56/287,15.79%,MAZ;TFG;RYK;CD81;AVPI1;CARD11;CORO7;SPRY2;LAMTOR1;LGALS1;TGFB1;LAMTOR4;MYDGF;GATA3;RHOC;HEXIM1;TNIP2;BBC3;LGALS9;ZNF622;P2RX4;BIRC2;FNIP1;PTPRJ;CCL5;MIB2;BRD4;TMEM9B;SEH1L;CCL4;DDX1;S100A4;PRKCB;GPR89A;GAPDH;BECN1;IKBKB;HCST;LYN;HLA-DRB1;JMJD8;TAOK2;SEC13;TRIM25;PINK1;TMED4;IRAK1;MLST8;TRAT1;LAMTOR5;IL18;BCLAF1;TRIM58;REL;RIPK2;BST2
prerank,Positive Regulation Of Nucleic Acid-Templated Transcription (GO:1903508),0.19299465238007418,0.9959043357860757,4.701493e-01,8.438695e-01,1.000000e+00,51/355,9.89%,PPP3CB;UCHL5;TAF7;ETS1;HDAC1;STAT3;NUP62;KLF2;CALCOCO1;THRAP3;RBBP4;SMARCC2;USP22;LBH;MAP2K1;RNF20;JUN;FLI1;RNF111;MAX;NFATC2;HNRNPD;XRCC6;TBX21;LBHD1;INO80D;CRLF3;RNF14;SUPT20H;NPAT;CITED2;GTF2H1;PRMT2;WBP2;KLF6;MORF4L2;MSL3;SMARCC1;SNX5;PSEN1;HIF1A;BRD8;CNBP;TRRAP;YWHAH;KDM5A;RNF10;EP400;SPIN1;INO80B;RUVBL1
prerank,Monoubiquitinated Histone H2A Deubiquitination (GO:0035522),0.3036342289579684,0.995731271594925,4.850299e-01,8.405891e-01,1.000000e+00,11/26,25.47%,TAF7;USP22;SUPT20H;TRRAP;KAT2A;TAF5;TAF12;SUPT3H;TAF5L;TADA3;TAF9
prerank,Monoubiquitinated Histone Deubiquitination (GO:0035521),0.3036342289579684,0.995731271594925,4.850299e-01,8.405891e-01,1.000000e+00,11/26,25.47%,TAF7;USP22;SUPT20H;TRRAP;KAT2A;TAF5;TAF12;SUPT3H;TAF5L;TADA3;TAF9
prerank,Regulation Of Macroautophagy (GO:0016241),0.24312435759454065,0.9956593184426359,4.751908e-01,8.388998e-01,1.000000e+00,18/76,14.02%,SNX6;TECPR1;ATG5;TBC1D25;UBQLN1;SNX5;BNIP3;CLEC16A;ATP6V0E2;STING1;SH3GLB1;VPS35;SCOC;PIK3CA;ATP6V1A;SNX32;ATP6V0A2;HDAC6
prerank,Regulation Of Stem Cell Population Maintenance (GO:2000036),0.2604822171801899,0.9955100255755821,4.547170e-01,8.374630e-01,1.000000e+00,14/47,25.05%,ZC3H13;HDAC1;RBBP4;ZNF706;CNOT3;SMARCC1;ARID4A;KAT2A;REST;SMARCA2;TAF5L;BRMS1L;ACTL6A;NCOA3
prerank,Negative Regulation Of Type I Interferon Production (GO:0032480),0.2910682267684781,0.9954315364597227,4.592030e-01,8.358123e-01,1.000000e+00,9/32,21.12%,TRIM27;ATG5;KLHL22;HAVCR2;ITCH;PPM1B;RBX1;YY1;PTPN11
prerank,Axonogenesis (GO:0007409),0.24766592130563292,0.9954197950824865,4.705882e-01,8.339731e-01,1.000000e+00,6/64,3.34%,PPP3CB;MYCBP2;PRKCQ;SPG11;RAB10;CYFIP2
prerank,Positive Regulation Of Chromosome Organization (GO:2001252),0.2987729348056012,0.9951948871366258,4.435946e-01,8.328805e-01,1.000000e+00,14/27,33.93%,PPP1R10;DHX36;ATRX;GNL3;MRE11;NCAPD3;TERF2IP;RAD21;NCAPD2;DDX11;RAD50;NCAPG2;TINF2;KAT5
prerank,Positive Regulation Of Viral Process (GO:0048524),-0.2837321843228076,-0.9939149953992489,4.587525e-01,8.520768e-01,1.000000e+00,7/32,9.49%,ADARB1;RAD23A;KPNA2;CCL5;PKN2;TMEM39A;TBC1D20
prerank,Monoatomic Anion Transmembrane Transport (GO:0098656),0.3519096653827163,0.9937543530223586,4.806950e-01,8.352794e-01,1.000000e+00,4/15,12.51%,LRRC8D;SLC1A7;SLC12A6;CLCN3
prerank,Positive Regulation Of Wnt Signaling Pathway (GO:0030177),-0.25228616205696996,-0.9932476887983865,4.388186e-01,8.523008e-01,1.000000e+00,11/56,10.37%,CSNK1G2;TGFB1;CSNK1D;CRBN;DAPK3;PIN1;FAM53B;HHEX;ATP6V0C;NFKB1;BMAL1
prerank,Cellular Response To Hypoxia (GO:0071456),0.26777825468191874,0.9929576037847332,4.726930e-01,8.356330e-01,1.000000e+00,7/43,7.64%,HP1BP3;ZFP36L1;EGLN1;FAM162A;UBQLN1;BNIP3;HIF1A
prerank,Positive Regulation Of T Cell Cytokine Production (GO:0002726),-0.3462288489995312,-0.9922601330637739,4.389234e-01,8.534724e-01,1.000000e+00,2/15,1.86%,XCL1;CD81
prerank,Positive Regulation Of Organelle Assembly (GO:1902117),0.2619838341854595,0.9922284560723899,4.645669e-01,8.360218e-01,1.000000e+00,7/47,10.41%,G3BP1;NUP62;CAPRIN1;SNX18;CEP120;G3BP2;SH3GLB1
prerank,mRNA Stabilization (GO:0048255),0.29302936736150825,0.9919860042043858,4.833006e-01,8.349171e-01,1.000000e+00,9/30,16.04%,MAPK14;THRAP3;HNRNPD;CSDE1;EIF4ENIF1;SYNCRIP;PABPC1;YBX1;IREB2
prerank,Negative Regulation Of Proteasomal Ubiquitin-Dependent Protein Catabolic Process (GO:0032435),0.2980346044029539,0.99169816361052,4.623218e-01,8.338496e-01,1.000000e+00,4/26,7.45%,UCHL5;STYX;TRIM39;USP14
prerank,Regulation Of Immunoglobulin Production (GO:0002637),0.34352009877148343,0.9914886307095041,4.756335e-01,8.326089e-01,1.000000e+00,3/16,9.81%,PTPRC;PHB2;FCGR2B
prerank,Epidermis Development (GO:0008544),0.35268762673734444,0.991199964215967,4.714829e-01,8.316794e-01,1.000000e+00,3/15,14.52%,HDAC1;KDM5A;YBX1
prerank,Regulation Of Proteasomal Ubiquitin-Dependent Protein Catabolic Process (GO:0032434),0.23404257961408165,0.9911101172271765,4.787879e-01,8.301183e-01,1.000000e+00,18/85,16.50%,UCHL5;XPO1;ARAF;UFL1;RNF14;RAD23B;DESI1;TRIM39;ARIH1;VCP;GLMN;PSMD10;KEAP1;RACK1;CSNK1A1;RBX1;ANKIB1;CCAR2
prerank,Protein Sumoylation (GO:0016925),-0.27276940698803587,-0.9908934496926352,4.744376e-01,8.557946e-01,1.000000e+00,18/39,30.13%,CBX4;ZMIZ1;SUMO3;ZNF451;HDAC9;TOPORS;NSMCE4A;SUMO1;PIAS1;STX1A;UBE2I;TRIM28;SLF2;SMC5;SAE1;UHRF2;SENP1;PIAS4
prerank,Negative Regulation Of JNK Cascade (GO:0046329),0.32163544305420677,0.9907058405085737,4.836852e-01,8.294879e-01,1.000000e+00,5/20,12.89%,DUSP16;HIPK3;ZMYND11;ITCH;TAOK3
prerank,Positive Regulation Of Protein Secretion (GO:0050714),-0.2826735702669087,-0.9900236621413385,4.788732e-01,8.565653e-01,1.000000e+00,6/33,8.44%,IRS2;TMED10;TGFB1;POLR2D;BAD;TTN
prerank,Spliceosomal Complex Assembly (GO:0000245),-0.25829179489365806,-0.9896996606823389,4.576271e-01,8.556076e-01,1.000000e+00,11/55,11.28%,SF3B6;CRNKL1;SRSF10;RBM5;PHF5A;SNRPB2;NCBP1;SRSF9;DDX1;SNRPD1;SRSF5
prerank,Positive Regulation Of Programmed Cell Death (GO:0043068),-0.20953265071090066,-0.989316822740626,4.928131e-01,8.549302e-01,1.000000e+00,23/154,10.61%,ATF4;GADD45B;RBM5;IFIT2;BCL6;ARHGEF7;LGALS1;ERCC3;DIABLO;ATG7;SAP18;ZNF622;BAD;RNPS1;CTSD;DAPK3;CTNNBL1;CASP3;LATS1;PIDD1;MAP3K10;GADD45G;PTPA
prerank,Establishment Of Mitotic Spindle Localization (GO:0040001),-0.3176853310412492,-0.9890885361591223,4.826255e-01,8.537052e-01,1.000000e+00,2/21,0.58%,MAPRE1;DYNLT1
prerank,Negative Regulation Of Protein Catabolic Process (GO:0042177),-0.27782582190010763,-0.9881996002758999,4.792531e-01,8.543922e-01,1.000000e+00,13/34,25.28%,MAD2L2;FURIN;TIMP1;PSMF1;PIN1;MDM4;AZIN1;OPHN1;BANP;PHB1;SNX12;CYP51A1;HMGCR
prerank,Positive Regulation Of Transmembrane Receptor Protein Serine/Threonine Kinase Signaling Pathway (GO:0090100),-0.27651404043880595,-0.9877333750197296,4.761905e-01,8.539009e-01,1.000000e+00,12/37,19.95%,CREBBP;RNF165;CSNK2B;SNW1;TGFB1;NOTCH1;GDF11;GIPC1;ENG;HIPK2;FLCN;RBPJ
prerank,Protein-Containing Complex Disassembly (GO:0032984),0.2544353502838114,0.9876054596695804,4.841270e-01,8.370661e-01,1.000000e+00,27/54,32.63%,APEH;VPS33A;CHMP5;TECPR1;SNX14;UBQLN1;VCP;CHMP1A;HSPA8;UVRAG;VPS16;LIX1L;GSPT1;PIK3R4;VTI1B;PEX14;VPS4B;VIPAS39;CHMP7;PEX2;CHMP6;PIK3C3;MYC;MAP1LC3A;PEX5;PYM1;STX17
prerank,Regulation Of Filopodium Assembly (GO:0051489),-0.30520601161258815,-0.9872752144442513,4.771784e-01,8.534257e-01,1.000000e+00,7/23,20.96%,CDC42;RHOQ;PIK3R1;DMTN;ARF6;PPP1R16B;WASL
prerank,Regulation Of Insulin Secretion (GO:0050796),0.27872549715574585,0.9864775092265614,4.941406e-01,8.387591e-01,1.000000e+00,10/38,15.68%,PPP3CB;TM7SF3;IFNG;HADHA;SLC25A22;ACSL4;UQCC2;PICK1;GLUD1;REST
prerank,Carbohydrate Catabolic Process (GO:0016052),-0.30451465789856114,-0.9859299171927797,4.735772e-01,8.556601e-01,1.000000e+00,6/23,14.00%,MAN2C1;NEU1;ENO3;NAGA;GAPDH;LDHA
prerank,Autophagosome Maturation (GO:0097352),0.2740013402651691,0.9854227336173603,4.662577e-01,8.399646e-01,1.000000e+00,12/38,18.17%,VPS33A;CHMP5;TECPR1;SNX14;UBQLN1;VCP;CHMP1A;UVRAG;VPS16;LIX1L;PIK3R4;VTI1B
prerank,Positive Regulation Of Epithelial Cell Migration (GO:0010634),0.26043551066353116,0.9850548768668933,4.844961e-01,8.392339e-01,1.000000e+00,9/47,9.24%,ETS1;PIK3CD;PIK3CG;RAB11A;IFNG;PLCG1;MAPRE2;HIF1A;RTN4
prerank,Response To Lipid (GO:0033993),0.25725957189785353,0.984686589251141,4.628571e-01,8.384010e-01,1.000000e+00,17/51,24.24%,S100A8;STAT3;S100A9;ERBIN;STRN3;CD6;IFNAR1;F2R;ALAS1;PRDX3;CTNNB1;RXRB;PTPN22;TIRAP;FOXP1;VPS4B;RARA
prerank,Cellular Response To UV (GO:0034644),-0.25151257493240786,-0.9845244310519472,4.731183e-01,8.581083e-01,1.000000e+00,10/58,8.80%,ATF4;SDE2;CREBBP;ZBTB1;TIMP1;ERCC1;RHNO1;CRIP1;TRIAP1;N4BP1
prerank,Response To Epidermal Growth Factor (GO:0070849),0.31463140962086517,0.9844486328085124,4.675573e-01,8.373070e-01,1.000000e+00,4/21,6.44%,ZFP36L1;EEF1A1;ERBB2;PLCG1
prerank,Protein Homooligomerization (GO:0051260),0.24314279792186688,0.984433701532145,4.499055e-01,8.355321e-01,1.000000e+00,12/68,11.35%,ALDH9A1;GBP5;CRYZ;EHD1;PRF1;APIP;GSDMD;GLS;ATL1;G3BP2;RBMX;MICU1
prerank,Regulation Of Protein Neddylation (GO:2000434),0.3513676893211091,0.9842066621749154,4.721190e-01,8.344176e-01,1.000000e+00,4/15,11.09%,COPS5;COPS7A;HIF1A;DCUN1D1
prerank,Positive Regulation Of mRNA Catabolic Process (GO:0061014),-0.2659376420387902,-0.9832197605366378,4.832347e-01,8.600714e-01,1.000000e+00,7/40,9.17%,YTHDF2;YTHDF3;ZC3H12A;YTHDF1;CNOT1;TNRC6A;POLR2G
prerank,Activation Of Protein Kinase Activity (GO:0032147),0.27407912518763594,0.9831021107675441,4.837398e-01,8.359238e-01,1.000000e+00,4/39,3.04%,TGFBR2;STRADA;ADRB2;PHB2
prerank,Regulation Of Proteolysis Involved In Protein Catabolic Process (GO:1903050),-0.31535809838703843,-0.9829453432941639,4.822547e-01,8.589758e-01,1.000000e+00,7/20,15.30%,NUDT15;PRKACA;EPHA4;LATS1;UBB;PINK1;PSME2
prerank,Regulation Of Extrinsic Apoptotic Signaling Pathway Via Death Domain Receptors (GO:1902041),0.31824758225362426,0.9829221345330224,4.587332e-01,8.346258e-01,1.000000e+00,6/21,15.74%,RFFL;BCL2L1;TMBIM1;PEA15;SP100;ETFA
prerank,Negative Regulation Of Intracellular Signal Transduction (GO:1902532),0.21270860860364807,0.982610784047908,4.720617e-01,8.337345e-01,1.000000e+00,34/141,18.03%,MAPK14;ARHGAP25;TNIP1;VGLL4;PLEK;ATP2B4;RFFL;DUSP16;TRIM39;NUAK1;STAMBP;UBE2B;BCL2L1;RIPK1;CARD8;ZMYND11;PPM1B;PSMD10;DUSP1;PTEN;RACK1;UBR2;TLE1;MKRN2;RORA;RHOH;PDE3B;OTUD3;PPM1A;AKT1S1;DEPDC5;PPARA;LIMD1;TBC1D7
prerank,RNA Catabolic Process (GO:0006401),-0.2546449319636951,-0.9825782357908845,4.894958e-01,8.581715e-01,1.000000e+00,7/49,8.58%,YTHDF2;ZPR1;SUPV3L1;ERN1;EXOSC10;NCBP1;AGO4
prerank,Protein Complex Oligomerization (GO:0051259),-0.2412765982995166,-0.9822277053776137,4.895397e-01,8.572725e-01,1.000000e+00,15/66,16.18%,JMJD6;TMEM120A;ZC3H12A;CARD11;CPSF7;ZBTB1;WDCP;SLC9A1;NUDT21;PKD2;HLA-DRB1;CPSF6;LRRC8C;CHMP2A;EHD3
prerank,Response To UV (GO:0009411),-0.23311745404245085,-0.9819427497839284,5.187500e-01,8.561721e-01,1.000000e+00,12/79,8.80%,ATF4;SDE2;CREBBP;ERCC3;ZBTB1;CDKN2D;RHNO1;MAP2K7;CIRBP;BCL3;TRIAP1;N4BP1
prerank,Regulation Of Proteolysis (GO:0030162),-0.2716057181241117,-0.9819241829164861,4.801670e-01,8.543549e-01,1.000000e+00,12/37,25.44%,AURKAIP1;BAD;ASPH;SPOPL;TBC1D10A;CLN3;BAG6;OGT;BAK1;DNAJC1;CLN6;PARL
prerank,Regulation Of Secretion By Cell (GO:1903530),0.2878133440028888,0.9818149476980892,4.790419e-01,8.343032e-01,1.000000e+00,6/27,13.17%,RALA;SEPTIN2;RHBDF2;VAMP2;RAB8B;ARFIP1
prerank,Calcium-Mediated Signaling (GO:0019722),0.2666694814976876,0.9812401598222324,4.782609e-01,8.342464e-01,1.000000e+00,6/43,8.48%,PPP3CB;PPP3CC;PTPRC;PLCG1;PPP3R1;NCALD
prerank,Protein O-linked Glycosylation (GO:0006493),-0.24904933483486505,-0.9810724480533631,4.859611e-01,8.551010e-01,1.000000e+00,13/54,20.80%,B3GNT7;GALNT10;GALNT3;B3GNT2;POMT1;B3GALT6;TET2;DPM1;TRAK1;PLOD1;GALNT1;GALNT11;OGT
prerank,Peptide Metabolic Process (GO:0006518),0.2876658217658705,0.9807561591094112,4.770115e-01,8.338904e-01,1.000000e+00,8/30,18.45%,LNPEP;APEH;PSEN1;THOP1;CARNMT1;PCSK5;SPCS1;MIPEP
prerank,Positive Regulation Of Growth (GO:0045927),0.2611052404541506,0.980625505480148,4.922179e-01,8.324332e-01,1.000000e+00,9/48,12.17%,S100A8;HDGFL2;S100A9;MTPN;KLHL22;ERBB2;EXOSC2;PSMD10;EIF4G1
prerank,Protein-Containing Complex Organization (GO:0043933),-0.22947872408647835,-0.9803702911750304,5.000000e-01,8.552864e-01,1.000000e+00,15/83,11.91%,NAPG;CREBBP;CSNK2B;SLC2A1;NUP54;NUP133;AXIN1;SEH1L;ELOB;BECN1;MNAT1;DMTN;CAPZA2;MDM4;GPAA1
prerank,DNA-templated Transcription (GO:0006351),0.20914173433423933,0.9803529012261633,5.101289e-01,8.313360e-01,1.000000e+00,45/158,23.18%,IVNS1ABP;TAF7;UBTF;TRIP11;ZFP36L1;SMARCA5;DDX5;SETX;TBP;NFX1;TCEA2;GTF2A1;GTF2H1;DEK;HIPK3;GTF2H3;PARP1;GTF3C2;RBMX;PKNOX1;SUPT16H;POLR2I;TRIM24;CCNH;TSC22D1;MKRN2;GTF2H5;NCOA6;TAF5;TFDP1;PRMT5;TAF1B;SNAPC3;ZBTB7B;TAF12;DIDO1;MED16;DDX21;POLR3A;MEF2A;TAF5L;TP53;GTF3C6;RO60;MTERF1
prerank,Cholesterol Biosynthetic Process (GO:0006695),0.3032546313214786,0.9800926430268997,4.671670e-01,8.303706e-01,1.000000e+00,7/24,21.82%,LBR;LSS;HMGCS1;INSIG2;GLB1;FDFT1;ARV1
prerank,Epithelium Development (GO:0060429),0.27184011729245794,0.9790614542264925,4.933586e-01,8.315700e-01,1.000000e+00,9/40,15.21%,PDCD10;KRIT1;VCL;PIH1D1;TAGLN2;WDPCP;CPT1A;PTCH1;BDH2
prerank,Protein K63-linked Ubiquitination (GO:0070534),0.2636229000951816,0.978680467725535,4.680451e-01,8.309168e-01,1.000000e+00,6/43,9.95%,UBE2D4;TRIM27;TRIM22;TRIM65;UBE2B;ITCH
prerank,Nucleus Organization (GO:0006997),-0.2698260859708932,-0.9782306097007357,4.718163e-01,8.598558e-01,1.000000e+00,12/40,21.80%,CHMP4A;NUP54;CHMP2B;NUP133;SEH1L;TMEM170A;LMNB2;CHMP2A;USP36;VPS4A;ATXN7;DMPK
prerank,Glucose Homeostasis (GO:0042593),-0.266915534096019,-0.9779998880077375,4.970414e-01,8.586918e-01,1.000000e+00,11/40,17.75%,INPP5K;POLR2D;OAS1;BAD;CRTC2;FOXK1;PIK3R1;SELENOT;FOXK2;USF1;SOX4
prerank,Cellular Defense Response (GO:0006968),-0.29908639000766063,-0.9779930914527232,4.900398e-01,8.568417e-01,1.000000e+00,8/24,14.16%,TCIRG1;GNLY;LSP1;KLRC2;BECN1;TYROBP;KIR3DL2;TRAT1
prerank,Glycosaminoglycan Metabolic Process (GO:0030203),-0.3241951450239921,-0.9776162716677407,5.010438e-01,8.561971e-01,1.000000e+00,6/19,25.36%,EXT1;IDS;XYLT1;B3GAT3;B4GALT7;CLN6
prerank,Negative Regulation Of mRNA Catabolic Process (GO:1902373),0.2983219539158181,0.9767158889096321,5.159363e-01,8.350733e-01,1.000000e+00,9/25,17.56%,THRAP3;HNRNPD;CSDE1;EIF4ENIF1;SYNCRIP;PABPC1;YBX1;IREB2;NBAS
prerank,Negative Regulation Of Protein Localization (GO:1903828),0.2903228026221797,0.9762438486458515,4.990329e-01,8.346251e-01,1.000000e+00,15/31,33.60%,RIPOR2;YWHAZ;GDI2;VCP;BTF3;MTOR;LEPROT;ROCK2;PICALM;COMMD1;UBXN2B;ANKRD13A;MACROH2A1;GOPC;CTNNA1
prerank,Organelle Fission (GO:0048285),0.33142153775870403,0.9761773869897826,4.809160e-01,8.330801e-01,1.000000e+00,5/17,27.95%,WASHC5;PEX19;SLC25A46;MFF;MTFR1
prerank,Phosphate-Containing Compound Metabolic Process (GO:0006796),0.222418868047088,0.976055005334547,4.952562e-01,8.316874e-01,1.000000e+00,22/105,17.81%,PPP3CB;SLC20A1;PIK3CD;STAT3;PTPRC;PIK3CG;CERK;PAK2;DUSP16;DUSP18;AGPAT1;NUDT5;PFKP;TAOK1;HK1;PIK3CA;PPA2;FRA10AC1;INPP5D;PPM1A;LIMD1;MTOR
prerank,Positive Regulation Of Canonical Wnt Signaling Pathway (GO:0090263),0.2614526975794031,0.9758439273168457,4.895636e-01,8.306505e-01,1.000000e+00,15/45,19.04%,RNF146;USP34;UBR5;UBE2B;GSKIP;VCP;RUVBL1;PPM1B;CSNK1G1;ZEB2;ILK;CCAR2;PPM1A;TMEM9;CAPRIN2
prerank,Central Nervous System Development (GO:0007417),0.21724809415432195,0.9758235137249418,5.009560e-01,8.289800e-01,1.000000e+00,24/116,15.45%,TGFBR2;STAT3;PBX3;RBBP4;UGP2;CDK5RAP3;SH3GL1;GIT2;ADGRG1;JHY;TMX2;QARS1;UBE3A;CX3CR1;RTN4;KDM4B;PTEN;POMK;NIPBL;GBA2;CDK5RAP2;PTCH1;ZNF335;NCOA6
prerank,Macromolecule Catabolic Process (GO:0009057),0.23946536941939517,0.975617715708431,5.234522e-01,8.278261e-01,1.000000e+00,21/67,24.09%,PPP1R8;HNRNPD;MVB12A;ISG20;RIPK1;EXOSC2;SH3GLB1;EXOSC3;EXOSC8;TRIM24;SLC16A3;UVRAG;PIK3R4;MTOR;DIS3;REXO4;SQSTM1;MTREX;LRSAM1;RNF5;RNASEH2A
prerank,Regulation Of Vascular Associated Smooth Muscle Cell Proliferation (GO:1904705),0.33750519983242055,0.9748990608386496,4.837398e-01,8.281100e-01,1.000000e+00,4/15,12.78%,JUN;CDKN1B;BMPR1A;PTEN
prerank,"Positive Regulation Of DNA-templated Transcription, Elongation (GO:0032786)",-0.2521019721101407,-0.9743201325357242,4.920319e-01,8.641771e-01,1.000000e+00,17/54,22.17%,MED10;PWWP2B;MED30;NCBP1;BRD4;ELL;EAPP;CCNT1;MED4;KAT7;MED19;CCNT2;MED17;CDK12;CDK9;MED6;TCERG1
prerank,Regulation Of Arp2/3 Complex-Mediated Actin Nucleation (GO:0034315),-0.31152043203342406,-0.9742314991851212,4.905660e-01,8.626023e-01,1.000000e+00,4/21,8.92%,ARF1;CARMIL2;GMFG;GMFB
prerank,Positive Regulation Of Cellular Biosynthetic Process (GO:0031328),-0.21968498563567385,-0.9737502365611128,5.038911e-01,8.621793e-01,1.000000e+00,18/106,12.70%,RBM3;VIM;AKT1;YTHDF3;IRS2;EGR1;YTHDF1;LARP1B;P2RX4;CIRBP;CCL5;BCL3;STARD4;AGO2;PKD2;LPGAT1;GIPC1;SREBF1
prerank,Lytic Vacuole Organization (GO:0080171),0.2922362111225059,0.97358062562457,4.898336e-01,8.301477e-01,1.000000e+00,8/27,19.02%,SPG11;AKTIP;HOOK2;FHIP1B;TMEM106B;GNPTAB;MTOR;GAA
prerank,Negative Regulation Of Catabolic Process (GO:0009895),-0.25619850704435354,-0.9731288397118729,5.052411e-01,8.621479e-01,1.000000e+00,15/43,25.28%,GIT1;MAD2L2;PDCL3;FBP1;PIN1;CSNK2A2;MDM4;AZIN1;HIPK2;FLCN;BANP;PHB1;SNX12;CYP51A1;HMGCR
prerank,Negative Regulation Of Peptidyl-Tyrosine Phosphorylation (GO:0050732),-0.3145908890354203,-0.9726658283956054,4.813278e-01,8.617300e-01,1.000000e+00,4/20,11.18%,PPP2CA;MVP;SOCS1;DMTN
prerank,Response To Amino Acid (GO:0043200),-0.3133040635930006,-0.9721055144776393,5.021186e-01,8.614203e-01,1.000000e+00,3/19,3.46%,NSMF;LAMTOR1;LAMTOR4
prerank,Metallo-Sulfur Cluster Assembly (GO:0031163),-0.2892506804174929,-0.9719979083085384,5.039683e-01,8.580314e-01,1.000000e+00,6/26,9.87%,FXN;NFU1;GLRX5;NUBP1;ISCA1;NUBP2
prerank,Iron-Sulfur Cluster Assembly (GO:0016226),-0.2892506804174929,-0.9719979083085384,5.039683e-01,8.580314e-01,1.000000e+00,6/26,9.87%,FXN;NFU1;GLRX5;NUBP1;ISCA1;NUBP2
prerank,Defense Response To Symbiont (GO:0140546),0.21952056732372932,0.9717522951089678,4.922179e-01,8.336222e-01,1.000000e+00,19/108,14.46%,G3BP1;CNOT7;PTPRC;GBP5;IRF2;PRF1;ISG20;SERINC3;BNIP3;BCL2L1;CARD8;STING1;IFIT5;ZMYND11;DHX15;IFNAR2;ZNFX1;IRF3;RAB2B
prerank,Positive Regulation Of Protein Phosphorylation (GO:0001934),-0.2029929915951807,-0.9716348695510354,5.265306e-01,8.573086e-01,1.000000e+00,41/172,18.94%,RAP2C;AKT1;DGKQ;CD81;MAD2L2;VEGFB;SPRY2;CSNK2B;CALM3;MAP2K3;TGFB1;MYDGF;RAC1;FLOT1;CSNK1D;PRKAG1;FNIP1;PTPRJ;PIN1;LRP8;LATS1;AXIN1;TNK2;GDF11;PRKAG2;TESK1;LYN;HLA-DRB1;TAOK2;PINK1;CALM1;ATG14;RIPK2;BRAF;ENG;ARRB1;DDX3X;SNX9;PAK1;MMD;TXN
prerank,Positive Regulation Of Secretion By Cell (GO:1903532),-0.27595702986674087,-0.9716090959678535,5.059524e-01,8.555422e-01,1.000000e+00,7/37,14.67%,GRK2;TMED10;TGFB1;P2RX4;TTN;S100A10;ARF6
prerank,Phosphatidylinositol Phosphate Biosynthetic Process (GO:0046854),0.27536913613490965,0.9699945917652492,5.269231e-01,8.369405e-01,1.000000e+00,11/36,21.43%,PIK3CD;PIK3CG;SMG1;PI4K2B;ITPKB;PIK3CA;UVRAG;EFR3A;PIK3R4;PIK3R2;PIK3R3
prerank,Defense Response To Virus (GO:0051607),0.2121177733066417,0.969442993442478,5.239923e-01,8.368884e-01,1.000000e+00,23/138,14.46%,G3BP1;CNOT7;PTPRC;GBP5;IRF2;PHB2;PRF1;ISG20;SERINC3;TRIM35;BNIP3;BCL2L1;SENP7;CARD8;STING1;IFIT5;NCK1;ZMYND11;DHX15;IFNAR2;ZNFX1;IRF3;RAB2B
prerank,Positive Regulation Of Neuron Projection Development (GO:0010976),0.27159029673153284,0.9690121550598715,5.095057e-01,8.364228e-01,1.000000e+00,10/34,19.04%,S100A9;SETX;CAPRIN1;DHX36;NPTN;SNX3;NTRK1;ITGA6;RAP1A;CAPRIN2
prerank,Regulation Of Intracellular Steroid Hormone Receptor Signaling Pathway (GO:0033143),0.31208032835775573,0.9687326895279487,4.980989e-01,8.355361e-01,1.000000e+00,4/20,5.43%,DDX5;UFL1;RNF14;PRMT2
prerank,Amino Acid Transmembrane Transport (GO:0003333),0.31780998264886734,0.9683841334567611,4.959350e-01,8.347799e-01,1.000000e+00,7/19,21.20%,SFXN1;SLC25A22;SLC25A13;SLC36A1;MFSD12;SLC38A9;SLC7A6
prerank,Negative Regulation Of Cell Projection Organization (GO:0031345),-0.30402084014581265,-0.9672132608162546,5.079681e-01,8.670354e-01,1.000000e+00,5/22,10.23%,SPRY2;MYLIP;EPHA4;GAK;RTN4R
prerank,Substantia Nigra Development (GO:0021762),-0.287462743209897,-0.9670927236706861,4.871245e-01,8.655536e-01,1.000000e+00,7/27,15.84%,CDC42;CALM3;CHKB;YWHAE;MAPKAP1;CALM1;NDUFS3
prerank,Regulation Of Double-Strand Break Repair Via Nonhomologous End Joining (GO:2001032),0.3250026999482673,0.9669164666333363,5.277247e-01,8.371942e-01,1.000000e+00,3/19,5.58%,SMCHD1;PRKDC;CYREN
prerank,Negative Regulation Of Wnt Signaling Pathway (GO:0030178),0.24719705163092184,0.9658670027986328,5.183044e-01,8.385805e-01,1.000000e+00,12/55,18.26%,CCDC88C;STK4;HDAC1;VGLL4;JADE1;RACK1;CSNK1A1;TLE3;TLE1;RBX1;LIMD1;NPHP3
prerank,Internal Peptidyl-Lysine Acetylation (GO:0018393),0.2712628619893022,0.9654276550056322,4.970646e-01,8.380748e-01,1.000000e+00,19/35,29.38%,MORF4L2;BRD8;TRRAP;EP400;RUVBL1;MORF4L1;KAT2A;TADA2A;TAF12;SUPT3H;MRGBP;TAF5L;PHF20L1;ACTL6A;TADA3;TAF9;EPC2;VPS72;DMAP1
prerank,Modification-Dependent Protein Catabolic Process (GO:0019941),0.2047969329848593,0.9638432527114261,5.530726e-01,8.408961e-01,1.000000e+00,45/156,26.37%,UBE2D4;UBE2D2;PPP1R11;RNF146;TTC3;UBE2H;RNF20;UBE3B;PSMD11;RFFL;RNF14;KLHL22;UBL4A;ARIH1;RNF149;UBE2B;FEM1C;UBE4A;ITCH;SYVN1;NDFIP1;KEAP1;MKRN2;RBX1;ANKIB1;PSMD13;HACE1;RNF185;UBL7;FBXL4;UBE2R2;RNF8;SQSTM1;UBE3C;UBE2D3;HERC6;RNF213;PCYOX1;RNF5;UBE2L3;NAE1;UBE2E1;UBQLN4;UBA52;TAF1
prerank,Actin Cytoskeleton Reorganization (GO:0031532),0.2852342738167044,0.9624909561888929,5.143954e-01,8.429803e-01,1.000000e+00,8/28,18.05%,TNIK;PLEK;PIP5K1A;PTPN1;S1PR1;SIPA1L1;WHAMM;EZR
prerank,Golgi Vesicle Transport (GO:0048193),0.20195360199259618,0.9619128072610302,5.639535e-01,8.429444e-01,1.000000e+00,38/171,18.29%,TRAPPC12;GOLPH3;MIA3;ARF4;TRIP11;ERGIC2;VPS51;PREB;GCC2;SCAMP1;TRAPPC6B;LMAN1;ARCN1;COPB1;SPIRE1;USO1;SNX3;SCAMP2;SLC10A7;COG7;SNX1;SNX8;TRAPPC1;RAB8B;PICK1;TRAPPC4;UVRAG;VAPB;ZW10;WHAMM;BET1;YIF1A;RAB6A;COG6;NBAS;COPB2;VTI1B;RAB29
prerank,Regulation Of Vesicle-Mediated Transport (GO:0060627),0.24298159710436168,0.9614807546646571,4.959016e-01,8.425531e-01,1.000000e+00,9/54,13.03%,MAP2K1;RAB11A;RALA;SEPTIN2;PTPN1;SNX17;BET1L;VAMP2;RAB8B
prerank,Cellular Response To Metal Ion (GO:0071248),0.24490934523571542,0.9613856353082655,5.328467e-01,8.411263e-01,1.000000e+00,9/57,7.56%,SMPD1;JUN;ADD1;RASGRP2;NEK7;CPNE3;CDKN1B;DAXX;BNIP3
prerank,Positive Regulation Of T Cell Mediated Immunity (GO:0002711),-0.2998741555210619,-0.9613840738958142,4.768340e-01,8.807041e-01,1.000000e+00,4/22,12.74%,XCL1;ZBTB1;MICB;HLA-DRB1
prerank,Positive Regulation Of miRNA Transcription (GO:1902895),0.30638790060474874,0.9610756366730169,5.206767e-01,8.402734e-01,1.000000e+00,8/22,22.50%,ETS1;STAT3;JUN;HIF1A;GNL3;SMAD3;MRTFA;TP53
prerank,Positive Regulation Of Endothelial Cell Proliferation (GO:0001938),-0.2812172619751228,-0.9609937109901511,5.195072e-01,8.799802e-01,1.000000e+00,6/31,6.83%,NRAS;AKT1;VEGFB;MYDGF;PDCL3;PRKCA
prerank,Regulation Of Protein Localization (GO:0032880),0.2449533960908202,0.9606901726934933,5.319149e-01,8.397053e-01,1.000000e+00,22/57,26.39%,RABGAP1L;TRIM22;UFL1;CCDC66;KCNAB2;PARP1;VCP;CEP290;TRIM38;WDPCP;RACK1;ABCA2;KIAA0586;DLG1;CTNNB1;MAPK8;BORA;TRIM5;RSL1D1;PICALM;STX6;TOR1A
prerank,Negative Regulation Of DNA Recombination (GO:0045910),0.28352026958567556,0.9604605891509111,5.114068e-01,8.385970e-01,1.000000e+00,4/30,3.52%,H1-2;SMCHD1;H1-4;H1-3
prerank,Positive Regulation Of Cell Adhesion (GO:0045785),-0.261798342614052,-0.9603064910207058,5.381443e-01,8.801143e-01,1.000000e+00,6/36,7.14%,RAC1;STX3;PTPRJ;PRKCA;CCL5;EPHA4
prerank,Positive Regulation Of Transport (GO:0051050),-0.2842144484294865,-0.9601577223316603,5.136268e-01,8.786435e-01,1.000000e+00,15/28,34.66%,INPP5K;PLAA;FLOT1;GSK3A;CD151;BOK;BAK1;NR1H3;CAPN10;KCTD7;SYNGR3;DYNC1H1;GSK3B;CHP1;CEBPB
prerank,Very Long-Chain Fatty Acid Metabolic Process (GO:0000038),0.3227575606650658,0.9592965615137061,4.951456e-01,8.401463e-01,1.000000e+00,10/18,40.01%,ELOVL6;HACD2;ABCD3;ACSL1;PEX2;ABCD4;ABCD2;ELOVL5;SLC27A4;TECR
prerank,Proteasomal Protein Catabolic Process (GO:0010498),-0.1998006124918983,-0.9586735524323512,5.789474e-01,8.813341e-01,1.000000e+00,35/184,17.42%,WDR26;FBXO44;ZNRF2;MARCHF6;ZFAND2B;FBXW7;PLAA;ENC1;RAD23A;CRBN;BIRC2;CUL3;ZFAND2A;PSMD6;ZSWIM8;PSMB6;GSK3A;DERL1;NSFL1C;AXIN1;FBXO9;PSME4;BMAL1;TOPORS;SPOPL;KCTD2;SEL1L;SPSB3;TBL1X;PSMB3;SMURF1;PSMA1;NFE2L2;ARRB1;HECTD1
prerank,Regulation Of JNK Cascade (GO:0046328),0.24450434557258313,0.9586514251275391,4.847328e-01,8.402998e-01,1.000000e+00,12/61,13.32%,RASGRP1;TNIK;COPS5;RIPK1;ZMYND11;FCGR2B;ITCH;MAP4K2;TAOK1;TAOK3;CD27;PJA2
prerank,Regulation Of Ras Protein Signal Transduction (GO:0046578),-0.24494444729740938,-0.9583594159023041,5.120968e-01,8.804052e-01,1.000000e+00,16/51,20.80%,ARHGDIA;GIT1;SPRY2;MYO9B;FBP1;NOTCH1;RABL3;BCR;MAPKAP1;ARF6;OPHN1;DENND3;EPS8L1;FLCN;RALGPS1;OGT
prerank,rRNA Methylation (GO:0031167),0.31561582217309686,0.9578432160753141,5.166341e-01,8.408745e-01,1.000000e+00,6/18,24.96%,EMG1;MRM2;FBL;METTL5;NSUN5;TFB1M
prerank,Positive Regulation Of Cytoskeleton Organization (GO:0051495),-0.25991388159987616,-0.9577884160768864,5.189310e-01,8.801770e-01,1.000000e+00,13/39,21.61%,NCK2;LIMK1;PFDN2;PLXNA3;SORBS3;ARF6;PDXP;EVL;SNX9;P2RX7;PFN1;SASS6;GSN
prerank,Toll-Like Receptor Signaling Pathway (GO:0002224),-0.32492114482509693,-0.9577468801480542,5.211268e-01,8.784924e-01,1.000000e+00,4/17,13.67%,MAPKAPK2;TNIP3;CTSS;IRAK1
prerank,Regulation Of Protein Serine/Threonine Kinase Activity (GO:0071900),-0.23549284328228268,-0.9575351987423156,5.180467e-01,8.772508e-01,1.000000e+00,20/69,19.42%,AKT1;BCCIP;MAP2K2;CALM3;PPP2CA;CDKN2D;SERTAD1;TRIB2;MNAT1;CCNT1;TESK1;CDK7;CALM1;GTPBP4;HERC5;CDC37;CCNT2;DDX3X;SLC27A1;SNF8
prerank,Regulation Of Defense Response To Virus By Host (GO:0050691),-0.2813749768629017,-0.9574373880134284,5.191489e-01,8.757122e-01,1.000000e+00,5/28,7.67%,ZC3H12A;MICB;NT5C2;PQBP1;IFNLR1
prerank,Lipid Droplet Organization (GO:0034389),0.31855589624574343,0.9574305567582606,5.096525e-01,8.403455e-01,1.000000e+00,9/18,34.44%,PNPLA2;BSCL2;SFI1;CIDEB;RNF213;PLIN2;PPID;KAT5;PPIA
prerank,Apoptotic Process (GO:0006915),-0.2046665290276837,-0.9569509499720973,5.655738e-01,8.753116e-01,1.000000e+00,48/153,25.75%,ATN1;IFIT2;AKT1;GZMM;DDIT4;IER3;PPP2CA;ERCC3;DIABLO;BBC3;LTA;BAD;BNIP1;MCM2;DAPK3;CASP3;IFI6;PIDD1;MAP3K10;CSRNP1;RFK;GAPDH;IFI27L1;TAOK2;CASP4;BCLAF1;RIPK2;FASTKD2;PLSCR1;PDCD2L;MAGEH1;IRF1;BAG6;MX1;OGT;BOK;BAK1;DMPK;BNIP2;CDK11B;NLRP1;VDAC1;FEM1B;BID;GZMA;IFI27L2;YARS1;ZBTB16
prerank,mRNA Modification (GO:0016556),0.2870321413985272,0.9567540098144393,5.080645e-01,8.406589e-01,1.000000e+00,6/25,23.82%,ZC3H13;NSUN2;TRUB2;TRMT6;PUS7L;DKC1
prerank,Sterol Homeostasis (GO:0055092),-0.28569996923990526,-0.9561788582240719,5.397149e-01,8.756557e-01,1.000000e+00,7/29,14.87%,LAMTOR1;GRAMD1B;NPC2;HDAC9;ABCA5;INSIG1;IL18
prerank,Antigen Processing And Presentation Of Exogenous Peptide Antigen (GO:0002478),-0.32470868111909607,-0.9555563346670495,5.165975e-01,8.756938e-01,1.000000e+00,7/17,25.05%,HLA-DRB5;CTSD;CTSS;HLA-DRB1;HLA-DQA2;GNAO1;HLA-F
prerank,Cholesterol Homeostasis (GO:0042632),-0.28815445294836645,-0.9553124518238904,5.310621e-01,8.746069e-01,1.000000e+00,7/28,14.87%,LAMTOR1;GRAMD1B;NPC2;HDAC9;ABCA5;INSIG1;IL18
prerank,Proteasome-Mediated Ubiquitin-Dependent Protein Catabolic Process (GO:0043161),-0.19022551543686347,-0.9552088638580466,5.889831e-01,8.731446e-01,1.000000e+00,51/267,17.42%,WDR26;ZNF598;FBXO44;ZNRF2;MARCHF6;ZFAND2B;ANAPC15;FBXW7;PLAA;CALR;FBXL12;UBR1;RAD23A;CRBN;BIRC2;CUL3;ANAPC11;ZFAND2A;PSMD6;FBXL18;ZSWIM8;PSMB6;GSK3A;DERL1;NSFL1C;AXIN1;FBXO31;FBXO9;UBE2G2;BMAL1;TOPORS;CUL5;SEC61B;UBE2S;FBXL6;SPOPL;FBXL5;KCTD2;SEL1L;TRIM25;SPSB3;FAF2;TBL1X;RNF103;YOD1;PSMB3;SMURF1;PSMA1;NFE2L2;ARRB1;HECTD1
prerank,Glycolipid Metabolic Process (GO:0006664),-0.31526134207120027,-0.9548010151040862,5.100402e-01,8.725375e-01,1.000000e+00,3/19,8.63%,GLTP;ST6GALNAC6;NAGA
prerank,Glycosphingolipid Metabolic Process (GO:0006687),-0.32235859519958404,-0.954247137913619,5.090543e-01,8.724231e-01,1.000000e+00,2/17,1.16%,GLTP;ST6GALNAC6
prerank,Myeloid Cell Differentiation (GO:0030099),-0.2666563340822936,-0.953853450421686,5.140000e-01,8.718368e-01,1.000000e+00,8/37,14.58%,SLC25A38;ZFPM1;CASP3;TET2;LYN;KMT2E;MAF;SLC25A5
prerank,Negative Regulation Of Amide Metabolic Process (GO:0034249),0.23355655444597748,0.9528531404014081,5.350195e-01,8.499799e-01,1.000000e+00,22/67,26.24%,TIA1;CAPRIN1;TOB1;GZMB;PATL2;DHX36;EIF4ENIF1;RTN4;SYNCRIP;LSM14A;EPRS1;RACK1;YBX1;BIN1;NCL;EIF2AK3;SERBP1;RIDA;ROCK1;DHFR;NHLRC3;SHMT1
prerank,Neuron Projection Guidance (GO:0097485),-0.2698425545377169,-0.9525956737187159,5.144628e-01,8.735679e-01,1.000000e+00,9/34,16.97%,RYK;SEMA4F;EPHA4;NOTCH1;PLXNA3;USP33;TRIO;OPHN1;ROBO3
prerank,Regulation Of Innate Immune Response (GO:0045088),-0.23378600231708105,-0.9523190908673527,5.303644e-01,8.725511e-01,1.000000e+00,14/64,17.38%,SLC15A4;ZDHHC18;AKT1;BIRC2;CCL5;LRP8;N4BP1;RIOK3;POLR3F;POLR3C;BIRC3;CDC37;NFE2L2;PLSCR1
prerank,Membrane Fission (GO:0090148),-0.27144302574467305,-0.9510971040750987,5.190381e-01,8.741961e-01,1.000000e+00,9/35,19.42%,VPS37B;CHMP4A;STAM;CHMP2B;UBAP1;CHMP2A;VPS4A;EXOC6B;SNF8
prerank,Regulation Of Endopeptidase Activity (GO:0052548),-0.278063453808694,-0.9510276415373765,5.071575e-01,8.726509e-01,1.000000e+00,8/30,16.36%,AKT1;FURIN;TIMP1;BIRC2;GAPDH;APH1A;PSME2;BIRC3
prerank,Regulation Of DNA Replication (GO:0006275),-0.24619509059310174,-0.9508245999614087,5.127119e-01,8.714125e-01,1.000000e+00,16/54,18.01%,TERF1;PPP2CA;INO80E;CHRAC1;FBXO5;ESCO1;TSPYL2;ATAD5;SMC3;GMNN;KAT7;RBBP6;GTPBP4;ATR;NFRKB;INO80C
prerank,Positive Regulation Of Cold-Induced Thermogenesis (GO:0120162),0.24891541899355848,0.9506877925389235,5.299625e-01,8.543759e-01,1.000000e+00,7/51,8.68%,ADRB2;ELOVL6;CNOT3;HADHA;FH;EHMT1;BSCL2
prerank,Positive Regulation Of miRNA Metabolic Process (GO:2000630),-0.2831038261266648,-0.950512924150509,5.107296e-01,8.704791e-01,1.000000e+00,7/27,12.70%,ZC3H12A;EGR1;TGFB1;GATA3;ZSWIM8;NFKB1;SREBF1
prerank,Intracellular Glucose Homeostasis (GO:0001678),-0.2865669160180654,-0.950072780705651,5.418410e-01,8.700339e-01,1.000000e+00,8/26,17.75%,TRA2B;ERN1;PRKACA;FOXK1;PIK3R1;FOXK2;IGF1R;SOX4
prerank,Regulation Of Ruffle Assembly (GO:1900027),-0.3338207502152951,-0.9500015313114814,5.594714e-01,8.684867e-01,1.000000e+00,5/15,19.23%,CARMIL2;P2RX4;EVL;EPS8L1;PFN1
prerank,Cell-Matrix Adhesion (GO:0007160),-0.25407549464793255,-0.9499474508743755,5.441176e-01,8.668939e-01,1.000000e+00,11/42,16.92%,CD63;ARHGEF7;RAC1;ITGAE;CD96;ITGAM;ITGAD;TAOK2;BCR;MKLN1;PARVG
prerank,Protein Autophosphorylation (GO:0046777),0.21825877805324334,0.9491241868095908,5.534351e-01,8.571164e-01,1.000000e+00,24/97,19.08%,STK4;STK10;TNIK;UHMK1;CLK2;PAK2;PIKFYVE;SMG1;ERBB2;DAPK2;PIM1;RIPK1;VRK1;EEF2K;TAOK1;HTATIP2;LCK;TAOK3;NTRK1;PRKD2;MTOR;ATM;ULK3;EIF2AK3
prerank,Water-Soluble Vitamin Metabolic Process (GO:0006767),-0.2782634156102022,-0.9490212207971612,5.663717e-01,8.677563e-01,1.000000e+00,8/29,17.73%,SLC25A32;SLC2A1;FPGS;SLC23A2;RFK;PANK2;SLC19A2;MTHFD2L
prerank,Positive Regulation Of Cell Projection Organization (GO:0031346),-0.250057668786212,-0.9488157561795946,5.227766e-01,8.666148e-01,1.000000e+00,9/46,13.41%,TWF1;RAPGEF1;CARMIL2;PLXNA4;PLXNA3;METRN;TWF2;LYN;ALKAL2
prerank,Negative Regulation Of Cell Adhesion (GO:0007162),0.2819729902936472,0.9484603971407999,5.173077e-01,8.572479e-01,1.000000e+00,9/27,20.66%,MIA3;PTPRC;RIPOR2;ADAM10;DUSP1;RASA1;PDE3B;CD164;ADAM22
prerank,Positive Regulation Of Protein Ubiquitination (GO:0031398),0.235632235144064,0.9484160346351717,5.802239e-01,8.556843e-01,1.000000e+00,16/65,18.03%,MYCBP2;NSMCE3;BMI1;CDK5RAP3;UBQLN1;UBE3A;MARCHF7;DCUN1D1;NDFIP1;PSMD10;HUWE1;LAPTM5;FBXO4;RBX1;ARRDC3;TBC1D7
prerank,Negative Regulation Of Cellular Metabolic Process (GO:0031324),-0.28233426866434047,-0.9478374440284515,5.530146e-01,8.676040e-01,1.000000e+00,5/26,13.45%,GIT1;FBXO5;FBP1;SREBF1;PINK1
prerank,Selective Autophagy (GO:0061912),-0.25273102758305227,-0.9474422569139975,5.760171e-01,8.670405e-01,1.000000e+00,13/47,16.26%,MAP1LC3B;ULK1;TGFB1;CALR;ATG2A;LGALS8;ATG4D;BECN1;USP30;PINK1;ATG4B;ATG14;UFC1
prerank,Transcription By RNA Polymerase II (GO:0006366),0.20227393782427214,0.946992912299344,6.233270e-01,8.579605e-01,1.000000e+00,44/158,22.15%,TAF7;TRIP11;PBRM1;SETX;TBP;ZC3H8;ELP4;NFX1;PCF11;GTF2A1;CTR9;GTF2H1;DEK;GTF2H3;PARP1;SUPT4H1;RBMX;SRCAP;PKNOX1;CDC73;ICE2;SCAF8;SUPT16H;POLR2I;TRIM24;CCNH;TSC22D1;GTF2H5;CREB1;TAF5;TFDP1;SNAPC3;RXRB;ZBTB7B;TAF12;SUPT6H;MED16;DDX21;MED7;LEO1;NR1H2;ICE1;TAF5L;PCID2
prerank,Sterol Biosynthetic Process (GO:0016126),0.2902808248524551,0.946976613627204,5.152672e-01,8.563468e-01,1.000000e+00,7/25,21.82%,LBR;LSS;HMGCS1;INSIG2;GLB1;FDFT1;ARV1
prerank,Purine Ribonucleotide Biosynthetic Process (GO:0009152),0.27300133426553863,0.9462742502286101,5.559921e-01,8.565750e-01,1.000000e+00,11/33,22.91%,ATP5PO;IMPDH2;NUDT2;SLC25A13;ADSS2;AK5;ADSL;GMPS;ATP5F1B;PFAS;PPCS
prerank,Regulation Of Actin Filament Polymerization (GO:0030833),-0.25837861760055103,-0.9462621790148293,5.913242e-01,8.686092e-01,1.000000e+00,11/40,19.23%,NCK2;TWF1;PLEKHG2;SSH1;LATS1;TWF2;ARF6;COTL1;EVL;SNX9;PFN1
prerank,Cellular Response To Amino Acid Starvation (GO:0034198),0.26852063726251424,0.9461514939697249,5.333333e-01,8.552605e-01,1.000000e+00,12/36,21.11%,RRAGA;EIF2S1;WDR59;SH3GLB1;DEPDC5;MTOR;FAS;KICS2;EIF2AK3;RRAGB;GCN1;MAPK8
prerank,Muscle Contraction (GO:0006936),-0.2811119082519074,-0.9456353521485709,5.390782e-01,8.687518e-01,1.000000e+00,7/28,14.88%,SNTB1;ASPH;TTN;PABPN1;TPM3;MYL6;LTB4R
prerank,Negative Regulation Of Phosphorylation (GO:0042326),-0.255120888767939,-0.9445593578019883,5.359848e-01,8.701149e-01,1.000000e+00,5/44,4.85%,INPP5K;IRS2;ZC3H12A;TGFB1;CDKN2D
prerank,Positive Regulation Of Interferon-Beta Production (GO:0032728),-0.27646958496945667,-0.9444140906496127,5.432596e-01,8.688008e-01,1.000000e+00,9/30,19.02%,FLOT1;OAS1;RIOK3;POLR3F;ISG15;POLR3C;RIPK2;DDX3X;IRF1
prerank,Regulation Of Epidermal Growth Factor Receptor Signaling Pathway (GO:0042058),0.2779691235127655,0.9442866315165145,5.123340e-01,8.587711e-01,1.000000e+00,5/28,11.26%,NUP62;WDR54;MVB12A;RALA;RHBDF2
prerank,Regulation Of B Cell Proliferation (GO:0030888),0.2918452594209941,0.9437924193784631,5.508130e-01,8.584432e-01,1.000000e+00,4/24,3.22%,NCKAP1L;PTPRC;IKZF3;NFATC2
prerank,Natural Killer Cell Mediated Immunity (GO:0002228),-0.3245875600965387,-0.9434113384238754,5.061728e-01,8.699591e-01,1.000000e+00,6/16,16.78%,CEBPG;TUBB4B;KLRC2;PLEKHM2;NKG7;TUBB2A
prerank,Regulation Of Cell Adhesion (GO:0030155),0.230354322934413,0.9430221927446732,5.557692e-01,8.590198e-01,1.000000e+00,20/70,23.83%,CYTH1;MIA3;RIPOR2;PIK3CG;PPP1CB;ADGRG1;ERBB2;NUAK1;ADAM10;DUSP1;RASA1;PDE3B;PRKD2;ATM;CD164;ADAM22;PTPN11;ROCK2;ROCK1;STX4
prerank,Negative Regulation Of Neuron Death (GO:1901215),0.26119277388810175,0.9430135207900223,5.496183e-01,8.573834e-01,1.000000e+00,8/38,15.25%,SNX6;SOD1;IL27RA;VPS35;F2R;EIF4G1;RASA1;NTRK1
prerank,Vesicle-Mediated Transport (GO:0016192),0.1864996815950396,0.9430006842179713,6.239837e-01,8.557700e-01,1.000000e+00,50/285,14.74%,CYTH1;MIA3;CYTH2;ARF4;AP5S1;WASHC5;SYTL2;GDI1;VPS51;VPS33A;EHD1;STX2;ADRB2;RAB10;RAB11A;CHMP5;SNX18;EPS15;SNX27;AKTIP;SPIRE1;WASHC3;HOOK2;TVP23B;ARHGAP1;MITD1;SYTL3;MYO6;SLC10A7;GDI2;NCALD;CLEC16A;STXBP3;CHMP1A;ARAP3;CSNK1G1;SNX17;BLOC1S1;FHIP1B;RUBCN;VAMP2;ITSN2;EEA1;BLTP1;NSG1;DPY30;RAB2B;UVRAG;VPS16;UEVLD
prerank,miRNA-mediated Gene Silencing (GO:0035195),-0.29153562724450677,-0.9427214555213821,5.375254e-01,8.700695e-01,1.000000e+00,8/23,18.00%,CNOT1;NCBP1;TNRC6A;AGO4;AGO2;DDX6;EIF4E2;CNOT8
prerank,Regulation Of RIG-I Signaling Pathway (GO:0039535),-0.3200610062284648,-0.9425538339263919,5.266525e-01,8.688018e-01,1.000000e+00,6/16,31.65%,BIRC2;RNF125;BIRC3;NPLOC4;USP15;DHX58
prerank,Negative Regulation Of Apoptotic Signaling Pathway (GO:2001234),-0.2376121308240295,-0.9417734971132813,5.627530e-01,8.692092e-01,1.000000e+00,12/58,15.84%,MAZ;LGALS3;AKT1;FXN;NDUFA13;TRIAP1;CSNK2A2;URI1;GSTP1;PINK1;SLC25A5;NDUFS3
prerank,Regulation Of Interleukin-2 Production (GO:0032663),0.27380289102273947,0.9417621876821454,5.356455e-01,8.575541e-01,1.000000e+00,11/29,25.42%,TRIM27;PTPRC;TBX21;HAVCR2;GLMN;LAPTM5;PRKD2;EZR;MALT1;MAP3K7;GBP1
prerank,Negative Regulation Of Cytokine-Mediated Signaling Pathway (GO:0001960),-0.2706443484942201,-0.9406200139580803,5.370741e-01,8.708298e-01,1.000000e+00,8/34,13.27%,YTHDF2;YTHDF3;PPP2CB;OAS1;USP18;ISG15;OTUD4;GSTP1
prerank,Regulation Of G2/M Transition Of Mitotic Cell Cycle (GO:0010389),0.30509715090477707,0.9403969756449322,5.683594e-01,8.597813e-01,1.000000e+00,8/19,26.61%,RAB11A;MECP2;CDC25B;RRM1;RAD51C;GPR132;VPS4B;RCC2
prerank,Positive Regulation Of Monoatomic Ion Transport (GO:0043270),-0.3169540899941525,-0.9400850124449049,5.262055e-01,8.706073e-01,1.000000e+00,6/16,21.07%,P2RX4;CCL5;CCL4;CRACR2A;P2RX7;ATP2B1
prerank,Spindle Assembly (GO:0051225),0.23949591571945406,0.9397910456964611,5.852713e-01,8.598097e-01,1.000000e+00,11/56,14.22%,KPNB1;KIF2A;RAB11A;NEK7;KIF3B;MAPRE2;SMC1A;HAUS1;HAUS4;LSM14A;SPICE1
prerank,Regulation Of Cellular Biosynthetic Process (GO:0031326),0.24764783297422494,0.9397009418056536,5.493482e-01,8.584190e-01,1.000000e+00,9/47,14.58%,NOLC1;MTPN;ELP4;CD47;EIF2S1;CX3CR1;ATXN2;JADE1;MFSD12
prerank,Positive Regulation Of Supramolecular Fiber Organization (GO:1902905),-0.24769389435411,-0.9396737792587998,5.557851e-01,8.701445e-01,1.000000e+00,4/47,3.86%,MAPRE1;NCK2;LIMK1;RAC1
prerank,Positive Regulation Of Mitochondrion Organization (GO:0010822),-0.254063407873092,-0.9392458362095575,5.466377e-01,8.696272e-01,1.000000e+00,17/43,26.00%,DDHD1;MARCHF5;BBC3;BAD;GSK3A;PGAM5;MOAP1;PINK1;HTRA2;PPIF;BOK;BAK1;BID;MUL1;HTT;PARK7;PDCD5
prerank,Regulation Of Anatomical Structure Morphogenesis (GO:0022603),0.23084422108027702,0.9384322016696599,5.605469e-01,8.601807e-01,1.000000e+00,15/65,17.87%,ETS1;TNIK;PIK3CG;PDCD10;KRIT1;EGLN1;PAK2;ERBB2;SARM1;HTATIP2;SIPA1L1;TANC2;SP100;PDLIM5;CTNNB1
prerank,Tumor Necrosis Factor-Mediated Signaling Pathway (GO:0033209),-0.27077525201393937,-0.9383741485005543,5.652174e-01,8.704296e-01,1.000000e+00,7/31,16.36%,COMMD7;EIF5A;BIRC2;TNFRSF11A;IKBKB;TRAF1;BIRC3
prerank,Intracellular Iron Ion Homeostasis (GO:0006879),-0.2732253007892105,-0.9382677095197105,5.479167e-01,8.690045e-01,1.000000e+00,6/31,14.23%,FTL;FTH1;FXN;NUBP1;FBXL5;ATP6V1G1
prerank,Regulation Of T Cell Receptor Signaling Pathway (GO:0050856),-0.28203287919210185,-0.9380905475019816,5.528455e-01,8.677844e-01,1.000000e+00,6/27,14.64%,LGALS3;CD81;CARD11;PTPRJ;TRAT1;SLA2
prerank,Chromosome Condensation (GO:0030261),0.31675337317907093,0.9371353841486336,5.692884e-01,8.621461e-01,1.000000e+00,4/18,9.87%,H1-2;H1-4;H1-3;CHMP1A
prerank,Negative Regulation Of Protein Dephosphorylation (GO:0035308),0.33094817277501143,0.9369825925817131,5.838384e-01,8.609393e-01,1.000000e+00,3/16,9.20%,PPP1R11;PPP1R8;YWHAB
prerank,Establishment Or Maintenance Of Apical/Basal Cell Polarity (GO:0035088),0.3358354712244412,0.9368062752975577,5.294118e-01,8.598107e-01,1.000000e+00,4/15,18.21%,ERBIN;PATJ;DLG1;PALS1
prerank,Positive Regulation Of Endocytosis (GO:0045807),-0.2523625389024876,-0.9359109747269532,5.894737e-01,8.719997e-01,1.000000e+00,10/38,20.48%,CDC42;CALR;FLOT1;IL15RA;CD151;ABCA7;DOCK2;CLN3;RAB21;IL2RB
prerank,Regulation Of I-kappaB kinase/NF-kappaB Signaling (GO:0043122),-0.1972254466415415,-0.9356532674049527,6.167024e-01,8.710269e-01,1.000000e+00,36/173,16.36%,TFG;ZC3H12A;CARD11;TNIP3;LGALS1;RHOC;TNIP2;LGALS9;BIRC2;PER1;MIB2;BRD4;TMEM9B;PIDD1;RIOK3;DDX1;S100A4;PRKCB;GPR89A;GAPDH;IKBKB;HLA-DRB1;JMJD8;GSTP1;TRIM25;PINK1;TMED4;IRAK1;OPTN;LAMTOR5;TRIM58;REL;RIPK2;TRAF1;BST2;BIRC3
prerank,Positive Regulation Of B Cell Proliferation (GO:0030890),0.31139759203867023,0.9356517700553932,5.510204e-01,8.613252e-01,1.000000e+00,3/17,3.22%,NCKAP1L;PTPRC;NFATC2
prerank,Regulation Of Interleukin-1 Beta Production (GO:0032651),0.2585599597453536,0.935506134986292,5.657143e-01,8.601231e-01,1.000000e+00,14/38,24.44%,STAT3;GBP5;HSPB1;IFNG;GSDMD;CX3CR1;CARD8;F2R;MALT1;PYHIN1;FOXP1;CPTP;IFI16;ELF4
prerank,Positive Regulation Of Ubiquitin-Dependent Protein Catabolic Process (GO:2000060),-0.22987266242981919,-0.9354053861606777,5.776398e-01,8.700757e-01,1.000000e+00,15/63,17.99%,FBXW7;RAD23A;CSNK1D;TRIB2;DDA1;RNF19B;GSK3A;AXIN1;ELOB;ARIH2;SUMO1;CSNK1E;SMURF1;HECTD1;PIAS1
prerank,Cell Junction Organization (GO:0034330),-0.31109562928780843,-0.9346385416197189,5.249501e-01,8.704602e-01,1.000000e+00,3/17,6.76%,CDC42;TGFB1;PIN1
prerank,Endosome To Lysosome Transport (GO:0008333),0.25362782006613105,0.9344427238243441,5.513078e-01,8.613681e-01,1.000000e+00,15/40,26.65%,VPS33A;MVB12A;AKTIP;HOOK2;CLEC16A;VCP;FHIP1B;VPS16;UEVLD;BIN1;PXK;VPS4B;VIPAS39;SNAPIN;PLEKHF1
prerank,Regulation Of Glycolytic Process (GO:0006110),-0.2723949537818078,-0.9334975535391425,5.726872e-01,8.719020e-01,1.000000e+00,11/29,20.80%,GIT1;PRKAG1;FBP1;PRKAG2;PRXL2C;JMJD8;MLST8;P2RX7;FLCN;SLC4A4;OGT
prerank,Base-Excision Repair (GO:0006284),0.26949797020491467,0.9333921829479502,5.528757e-01,8.625171e-01,1.000000e+00,5/32,12.44%,RPA3;RPA2;LIG1;PARG;HUWE1
prerank,Regulation Of Protein Phosphorylation (GO:0001932),-0.20553603281117555,-0.9333450297831877,6.083499e-01,8.706431e-01,1.000000e+00,22/129,13.45%,TWF1;INPP5K;AKT1;ZC3H12A;VEGFB;PPP2CA;TGFB1;MYDGF;PDCL3;RAC1;FLOT1;CSNK1D;FNIP1;PIN1;TTN;AXIN1;TSPYL2;SOCS1;TESK1;LYN;HLA-DRB1;PINK1
prerank,Positive Regulation Of Chemokine Production (GO:0032722),-0.293223966991831,-0.9331874616734797,5.442308e-01,8.694007e-01,1.000000e+00,7/22,23.81%,EGR1;LGALS9;OAS1;IL18;DDX3X;EIF2AK2;HMOX1
prerank,"Phagocytosis, Engulfment (GO:0006911)",-0.3282572930804604,-0.9329363001866187,5.435685e-01,8.684047e-01,1.000000e+00,4/15,11.14%,CDC42;RAC1;XKR8;ITGAM
prerank,Regulation Of Endothelial Cell Apoptotic Process (GO:2000351),0.30346883243568823,0.9327006377302424,5.350195e-01,8.627457e-01,1.000000e+00,3/19,6.44%,ITGA4;KRIT1;PLCG1
prerank,protein-RNA Complex Assembly (GO:0022618),0.20818924160203145,0.9326099984869335,6.216216e-01,8.613701e-01,1.000000e+00,28/120,19.60%,LUC7L2;XRCC5;MRPS7;TNIP1;PRKDC;SRSF1;SETX;PRPF6;PTGES3;CELF2;SRPK1;EIF3L;EIF3E;DENR;TARBP2;CDC73;SCAF11;CLNS1A;MRPL20;USP39;SNRPE;MCTS1;PRMT5;EIF3K;SART3;SHQ1;RSRP1;SNRNP200
prerank,Membrane Organization (GO:0061024),-0.2065249568166551,-0.9324976955329753,6.100000e-01,8.679437e-01,1.000000e+00,26/126,20.96%,GLTP;NAPG;SYNGR1;AP3D1;VPS37B;CHMP4A;STAM;CHMP2B;NSFL1C;BLTP3B;SH3GLB2;STX11;S100A10;UBAP1;STEEP1;TMEM170A;LMNB2;NAPA;CHMP2A;VPS4A;CLN3;RABIF;EXOC6B;SNF8;SYNJ1;WASL
prerank,Cellular Response To Alcohol (GO:0097306),0.2928893629938005,0.9321343143019309,5.459662e-01,8.610737e-01,1.000000e+00,14/23,33.80%,GOLPH3;PTGER2;PTCH1;CREB1;GRAMD1A;CTNNB1;AKR1C3;BLM;KLF9;AHR;SPHK2;MAP4K1;CTNNA1;LARP1
prerank,Cellular Response To Lipid (GO:0071396),-0.21016829508852017,-0.9318603285511194,6.144330e-01,8.679972e-01,1.000000e+00,18/103,13.27%,VIM;GIT1;ZC3H12A;TNIP3;SNW1;PLAA;TNIP2;NDUFA13;SHPK;NFKBIB;SBNO2;NFKB1;PABPN1;URI1;H2AZ1;TWF2;LYN;GSTP1
prerank,Organelle Organization (GO:0006996),-0.1835702793815858,-0.9316576811968019,6.624738e-01,8.669372e-01,1.000000e+00,48/285,14.91%,RAB1A;ARHGAP4;YTHDF2;CDC42;YTHDF3;PYROXD2;GORASP2;ARHGAP21;CHMP4A;BCS1L;MTX1;ARHGEF7;TMED10;TTC17;RAB14;YTHDF1;SLC25A36;CSNK1D;CHMP2B;COG3;SURF4;BNIP1;MICAL3;HSD17B10;ZMYM3;PDZD8;NSFL1C;CAMSAP1;CENPT;TBC1D20;GAK;TMED2;DMTN;MTX3;PKD2;RAB2A;GOLGA8N;TMED1;PINK1;TMED4;CFL1;MAPKAP1;MLST8;AGTPBP1;PI4K2A;OPTN;FAF2;PLEKHM2
prerank,Multivesicular Body Organization (GO:0036257),-0.28356561878431663,-0.9311986432928637,5.356415e-01,8.665479e-01,1.000000e+00,8/27,19.42%,VPS37B;CHMP4A;STAM;CHMP2B;UBAP1;CHMP2A;VPS4A;SNF8
prerank,Positive Regulation Of Viral Genome Replication (GO:0045070),-0.288162167317175,-0.9305868808011298,5.829876e-01,8.665667e-01,1.000000e+00,5/23,7.95%,ADARB1;RAD23A;CCL5;PKN2;TMEM39A
prerank,Regulation Of Stem Cell Differentiation (GO:2000736),0.27333734354540845,0.9299735338603501,6.112224e-01,8.653408e-01,1.000000e+00,7/30,13.62%,HDAC1;PRKDC;RBBP4;BMPR1A;NSUN2;ITCH;MTA2
prerank,Negative Regulation Of Transcription By RNA Polymerase II (GO:0000122),-0.17513095599343068,-0.9297563268231529,7.112069e-01,8.671157e-01,1.000000e+00,96/449,20.30%,MXD4;MAZ;ATF4;CTBP1;ATN1;GATAD2A;MAFF;CBX4;RUNX3;BCL6;HDGF;MAD2L2;LDB1;CREBBP;ZFPM1;SNW1;GATA3;JUND;IKZF5;ZBTB1;CALR;HEXIM1;TRIM33;MBD3;ID2;FNIP1;HCFC1;KMT5A;FBP1;EPC1;EID1;PER1;DUSP22;NOTCH1;ZNF180;CNOT1;HHEX;JAZF1;ELK4;ZNF451;NKAP;MBD2;NFKB1;H1-5;TRPS1;ZBTB5;HDAC9;MCPH1;BACH2;DEAF1;SAP30L;LARP7;URI1;TLE5;MDM4;HIVEP1;YEATS2;NFIL3;BCORL1;ZBTB49;NR1D2;BAG3;DCAF1;MAF;LINC-PINT;ZBTB21;SUV39H1;TCF3;SLA2;TBL1X;MAFK;ZNF587B;ZNF778;BACH1;PHF21A;ZNF350;ZNF440;IRF2BP2;SOX4;BPTF;RTF1;SAMD1;HSBP1;SNAI1;DRAP1;MAGEH1;MTA1;KLF11;EED;PER2;FLCN;ID1;RBPJ;GZF1;TAF3;ZNF487
prerank,Vesicle Budding From Membrane (GO:0006900),-0.27691659174272093,-0.9296770423294921,5.626204e-01,8.656990e-01,1.000000e+00,7/28,13.31%,TRAPPC10;CHMP4A;TMED10;TRAPPC2L;TRAPPC5;S100A10;SEC13
prerank,BMP Signaling Pathway (GO:0030509),-0.3078462099186856,-0.9294874772945169,5.444015e-01,8.629220e-01,1.000000e+00,7/18,20.98%,TGFB1;HIVEP1;FAM83G;SMURF1;SMAD5;ENG;RUNX2
prerank,Cellular Response To BMP Stimulus (GO:0071773),-0.3078462099186856,-0.9294874772945169,5.444015e-01,8.629220e-01,1.000000e+00,7/18,20.98%,TGFB1;HIVEP1;FAM83G;SMURF1;SMAD5;ENG;RUNX2
prerank,Regulation Of Microtubule-Based Process (GO:0032886),0.28196988730810935,0.9293893791844261,5.786290e-01,8.652696e-01,1.000000e+00,8/26,23.67%,DIAPH1;ERBB2;TAOK1;CDK2AP2;HDAC6;PATJ;PHLDB2;ROCK1
prerank,Negative Regulation Of Macromolecule Biosynthetic Process (GO:0010558),0.22705754923905916,0.929038700049492,6.096579e-01,8.645616e-01,1.000000e+00,18/67,19.96%,TAF7;TIA1;CAPRIN1;TOB1;GZMB;PATL2;CLTC;DHX36;EIF4ENIF1;SYNCRIP;LSM14A;EPRS1;RACK1;YBX1;NCL;EIF2AK3;SELENOS;SERBP1
prerank,Protein Depolymerization (GO:0051261),-0.31767416450912306,-0.9285598713726547,5.605749e-01,8.638842e-01,1.000000e+00,9/17,26.37%,TWF1;MICAL3;STMN3;TWF2;VPS4A;GSN;STMN1;CFL2;DSTN
prerank,Positive Regulation Of Phosphorylation (GO:0042327),-0.2088526170100959,-0.9283272116488268,6.206226e-01,8.628420e-01,1.000000e+00,13/104,6.92%,ZNF16;AKT1;RYK;VEGFB;TGFB1;MYDGF;RAC1;FLOT1;CSNK1D;ZNF622;FNIP1;PIN1;CCL5
prerank,Protein Transmembrane Import Into Intracellular Organelle (GO:0044743),-0.27551883853174974,-0.9282058761350412,5.853659e-01,8.615520e-01,1.000000e+00,8/29,18.28%,GRPEL2;TIMM17A;TIMM23;GRPEL1;TIMM23B;TIMM21;TOMM40;ROMO1
prerank,Positive Regulation Of GTPase Activity (GO:0043547),0.2044949068868909,0.926729994136413,6.192237e-01,8.691893e-01,1.000000e+00,24/120,18.03%,ARHGAP25;RASGRP1;ARHGAP45;RALGDS;TBCK;SNX18;RASGRP2;NDEL1;PIP5K1A;ERBB2;DOCK10;TBC1D25;MAPRE2;GPR65;RGS10;RGP1;F2R;SIPA1L1;RACK1;NTRK1;ITGA6;RAP1A;RALBP1;TBC1D7
prerank,Multivesicular Body Assembly (GO:0036258),-0.28403324116369527,-0.9263961160111237,5.687885e-01,8.648728e-01,1.000000e+00,8/26,19.42%,VPS37B;CHMP4A;STAM;CHMP2B;UBAP1;CHMP2A;VPS4A;SNF8
prerank,Negative Regulation Of Ras Protein Signal Transduction (GO:0046580),-0.28712393032661193,-0.9261959369288929,5.617978e-01,8.638231e-01,1.000000e+00,5/21,13.91%,SPRY2;CUL3;FBP1;STMN3;MAPKAP1
prerank,Cellular Response To Decreased Oxygen Levels (GO:0036294),0.2459596744435074,0.9243191662296202,5.762712e-01,8.739472e-01,1.000000e+00,7/46,7.64%,HP1BP3;ZFP36L1;EGLN1;FAM162A;UBQLN1;BNIP3;HIF1A
prerank,Response To Ionizing Radiation (GO:0010212),0.23670364826073947,0.9238006895557153,6.151013e-01,8.736650e-01,1.000000e+00,4/57,2.65%,MAPK14;USP28;SMPD1;CLK2
prerank,Zinc Ion Transport (GO:0006829),0.3138669537029274,0.9236883955653711,5.581854e-01,8.724113e-01,1.000000e+00,6/16,31.55%,SLC30A9;SLC39A6;SLC30A6;SLC39A11;SLC39A10;SLC39A3
prerank,Positive Regulation Of Neurogenesis (GO:0050769),0.26979742949214724,0.9234563269649964,5.946463e-01,8.714804e-01,1.000000e+00,8/27,19.04%,CAPRIN1;IFNG;NPTN;CX3CR1;NAP1L1;ZNF335;CTNNB1;CAPRIN2
prerank,Cellular Response To Acid Chemical (GO:0071229),-0.30287972590734685,-0.9233878665490369,5.813449e-01,8.698562e-01,1.000000e+00,3/19,3.46%,NSMF;LAMTOR1;LAMTOR4
prerank,Monocarboxylic Acid Biosynthetic Process (GO:0072330),-0.26760391479161844,-0.9231858630269926,5.895833e-01,8.687878e-01,1.000000e+00,10/31,24.88%,FASN;HSD17B10;OSBPL7;UST;OSBPL9;PER2;DSE;HSD17B8;CBR4;PARK7
prerank,Insulin Receptor Signaling Pathway (GO:0008286),-0.27575822472179634,-0.9231629032419408,5.755694e-01,8.672438e-01,1.000000e+00,4/27,8.97%,IRS2;RHOQ;GSK3A;PIK3R1
prerank,rRNA Processing (GO:0006364),0.2222835702289147,0.9227689536578669,5.979592e-01,8.717218e-01,1.000000e+00,29/80,30.53%,PRKDC;NOLC1;PIH1D1;EMG1;MRM2;EXOSC2;NSA2;PES1;NOL9;EXOSC3;FBL;MPHOSPH6;SRFBP1;DIS3;NOP56;MTREX;DDX10;DKC1;TFB1M;NAT10;NOL11;NOL8;PIN4;PELP1;ERI1;EXOSC5;UTP20;NVL;LYAR
prerank,Glycolytic Process (GO:0006096),0.32471409207906693,0.9226746475617946,5.651341e-01,8.703699e-01,1.000000e+00,7/15,27.66%,PGAM1;PGM1;HK1;PKM;ENO2;ALDOC;TPI1
prerank,Positive Regulation Of Proteasomal Ubiquitin-Dependent Protein Catabolic Process (GO:0032436),-0.22899727134374592,-0.9204539312241071,6.161826e-01,8.727835e-01,1.000000e+00,14/61,17.99%,RAD23A;CSNK1D;TRIB2;DDA1;RNF19B;GSK3A;AXIN1;ELOB;ARIH2;SUMO1;CSNK1E;NFE2L2;HECTD1;PIAS1
prerank,Regulation Of Protein Import Into Nucleus (GO:0042306),-0.2690517538885762,-0.9194733597778693,5.628998e-01,8.737211e-01,1.000000e+00,6/30,13.34%,ZPR1;ZC3H12A;TGFB1;PIK3R1;BAG3;SUMO1
prerank,Protein Neddylation (GO:0045116),-0.3011053866976503,-0.919231563171682,5.452632e-01,8.728559e-01,1.000000e+00,4/20,8.02%,UBE2M;RNF7;COPS3;COPS8
prerank,"RNA Splicing, Via Transesterification Reactions (GO:0000375)",-0.2904094721488486,-0.9191184815712614,5.500000e-01,8.715651e-01,1.000000e+00,4/24,5.75%,SRSF10;TRA2B;SLU7;SMNDC1
prerank,Cellular Response To Calcium Ion (GO:0071277),0.27315547258357203,0.918921373187617,5.758684e-01,8.787253e-01,1.000000e+00,12/28,30.67%,SMPD1;ADD1;RASGRP2;CPNE3;ITPKB;AKR1C3;MEF2A;SLC25A24;ALOX5AP;IQGAP1;PLCG2;SYT11
prerank,Regulation Of Microtubule Polymerization (GO:0031113),-0.29259423195082734,-0.9186442292348918,5.818182e-01,8.712763e-01,1.000000e+00,3/23,8.68%,MAPRE1;RAC1;CAMSAP1
prerank,Negative Regulation Of Peptidase Activity (GO:0010466),0.31947434793606994,0.9184378698548707,5.677800e-01,8.783914e-01,1.000000e+00,3/16,10.01%,SERPINB9;CST7;SPOCK2
prerank,Potassium Ion Transmembrane Transport (GO:0071805),0.2946312212738339,0.9183567371676891,5.510949e-01,8.770152e-01,1.000000e+00,4/21,9.32%,ATP1A3;GHITM;KCNA3;SLC12A6
prerank,Protein Localization To Golgi Apparatus (GO:0034067),0.2818579524074018,0.9178179516066652,5.638507e-01,8.767369e-01,1.000000e+00,3/24,2.26%,GOLPH3;GBP5;GCC2
prerank,Positive Regulation Of Cell Population Proliferation (GO:0008284),-0.18897868294482037,-0.91776700957446,6.974249e-01,8.721477e-01,1.000000e+00,46/197,20.05%,MAZ;ZNF16;NME1;AKT1;TCIRG1;IRS2;CD81;FXN;TGFB1;CALR;TIMP1;FBXO5;SERTAD1;STX3;ID2;PFDN1;CUL3;BAD;CCL5;EPHA4;NOTCH1;MATK;BCL7B;TNFRSF11A;BCL7C;EAPP;MVD;LYN;BRD9;SLC25A5;IL18;CEP131;BST2;IGF1R;BICRA;TIPIN;SOX4;AREG;CNOT8;ROMO1;PAK1;GNAI2;NACC1;RBPJ;SHC1;DOT1L
prerank,Regulation Of Protein Metabolic Process (GO:0051246),0.22543390540024053,0.916995638570221,6.497065e-01,8.772502e-01,1.000000e+00,17/64,21.88%,ODC1;KLF2;NOLC1;MTPN;ELP4;SPOP;EIF2S1;ATXN2;VPS35;EIF4G1;TMEM9;PM20D2;HGS;GCN1;NR1H2;MAPK8;MAP2K5
prerank,Regulation Of Gluconeogenesis (GO:0006111),-0.2918095993743659,-0.9165992313192416,5.608247e-01,8.737053e-01,1.000000e+00,11/21,30.05%,DGKQ;FBP1;USP7;DDB1;OGT;SIK1;PTPN2;ZNF692;SIRT6;EP300;ARPP19
prerank,Positive Regulation Of Response To External Stimulus (GO:0032103),0.22520344069890777,0.9164961370038904,6.161616e-01,8.769830e-01,1.000000e+00,9/70,8.44%,ETS1;S100A8;TNIP1;S100A9;GBP5;CD47;IFNG;GSDMD;RIPK1
prerank,Negative Regulation Of Cell Population Proliferation (GO:0008285),-0.1897017592547122,-0.9158517066513026,7.171315e-01,8.739954e-01,1.000000e+00,69/191,27.95%,NCK2;CTBP1;FTH1;RUNX3;RBM5;ADARB1;NME1;ULK1;CSNK2B;TGFB1;GATA3;CDKN2D;POLR2D;PTPRJ;NOTCH1;IFNLR1;COPS8;DLG3;CGRRF1;ATF5;PKD2;MDM4;ZBTB49;LYN;GSTP1;WARS1;GTPBP4;P3H1;TESC;PPM1D;PODN;SOX4;SAV1;THAP12;PAK1;ADAMTS1;IRF1;KLF11;PER2;FLCN;BTG3;ZNF268;B4GALT7;NLRC3;EIF2AK2;PHB1;ING5;TSC1;RB1CC1;S100A11;E2F3;KLF10;HMOX1;CTBP2;LMNA;PTPN2;HSPA1B;IFI35;PDCD5;IFITM1;ZNF777;CIB1;SH2B3;KAT2B;ING1;CEBPA;LDOC1;TP53INP1;HRAS
prerank,Response To Light Stimulus (GO:0009416),-0.2587235441969182,-0.9152377524164254,6.070039e-01,8.740262e-01,1.000000e+00,5/32,7.82%,ERCC3;CDKN2D;MAP2K7;CIRBP;COPS3
prerank,Regulation Of Nitric Oxide Biosynthetic Process (GO:0045428),0.2885761746862157,0.9151538072208864,5.784499e-01,8.789028e-01,1.000000e+00,5/22,8.77%,KLF2;CD47;ATP2B4;IFNG;CX3CR1
prerank,Positive Regulation Of Protein Modification By Small Protein Conjugation Or Removal (GO:1903322),0.22953105219754255,0.9144685006698235,6.564299e-01,8.790268e-01,1.000000e+00,14/64,15.47%,TNIP1;MYCBP2;NSMCE3;CDK5RAP3;UBQLN1;UBE3A;DCUN1D1;NDFIP1;PSMD10;HUWE1;GNL3;LAPTM5;FBXO4;UBA2
prerank,Regulation Of Cellular Component Organization (GO:0051128),-0.21157112593626448,-0.9143232038905867,6.221766e-01,8.748041e-01,1.000000e+00,18/94,14.90%,MAD2L2;CCNL2;RAPGEF1;LAMTOR1;MKI67;HCFC1;MCM2;NUBP1;LATS1;CHPT1;ATF5;URI1;PTCH2;TAOK2;PINK1;KAT7;SETD5;OPHN1
prerank,Regulation Of Epithelial Cell Proliferation (GO:0050678),-0.26404625705661006,-0.9141230154465857,5.873016e-01,8.737499e-01,1.000000e+00,4/31,5.83%,RUNX3;NME1;TGFB1;BAD
prerank,Regulation Of Wnt Signaling Pathway (GO:0030111),-0.24883695914837986,-0.9138897147835371,5.978495e-01,8.728112e-01,1.000000e+00,7/40,8.03%,PPP2CA;OTULIN;CRBN;GNAQ;FAM53B;HHEX;ATP6V0C
prerank,Positive Regulation Of DNA Metabolic Process (GO:0051054),0.21819163952590168,0.9133831156862509,6.110020e-01,8.802175e-01,1.000000e+00,18/75,20.29%,UCHL5;PPP1R10;SMCHD1;SMARCA5;INO80D;MECP2;DHX36;ATRX;INO80B;RUVBL1;WRAP53;GNL3;MRE11;BAZ1A;PRKD2;YY1;CCDC117;RNF8
prerank,Protein Maturation (GO:0051604),0.21857441275712003,0.9133642196584297,6.094675e-01,8.786735e-01,1.000000e+00,15/74,15.36%,NAA20;CIAO2A;GZMB;LONP2;TSPAN5;PSEN1;CIAO1;AASDHPPT;LMF1;NAA35;ADAM10;PCSK5;CIAO2B;PTCH1;NAA10
prerank,"Retrograde Vesicle-Mediated Transport, Golgi To Endoplasmic Reticulum (GO:0006890)",0.2481549456823268,0.9131427895772193,6.019417e-01,8.776396e-01,1.000000e+00,10/43,17.90%,GOLPH3;ARF4;ERGIC2;COG7;PICK1;UVRAG;ZW10;RAB6A;NBAS;COPB2
prerank,Negative Regulation Of Cytokine Production (GO:0001818),0.2093117411546668,0.9128492424518306,6.567460e-01,8.768256e-01,1.000000e+00,26/98,22.43%,PPP1R11;TRIM27;NCKAP1L;PTPRC;TBX21;IFNG;ATG5;KLHL22;ASB1;NPTN;SARS1;HAVCR2;FCGR2B;ITCH;BTN2A2;LAPTM5;RBX1;SIGIRR;PPARA;EZR;PTPN22;SELENOS;PTPN11;MAP2K5;TWSG1;HMGB1
prerank,Cellular Response To Peptide Hormone Stimulus (GO:0071375),-0.23717912392362506,-0.9120547141790911,6.515464e-01,8.761159e-01,1.000000e+00,11/48,16.30%,INPP5K;AKT1;IRS2;RHOQ;GSK3A;PIK3R1;NFKB1;HDAC9;LPIN1;INSIG1;USF1
prerank,Stress-Activated MAPK Cascade (GO:0051403),0.25960262999649875,0.9112848312746773,6.022099e-01,8.792712e-01,1.000000e+00,4/33,5.61%,MAPK14;MAP2K4;ZFP36L1;DAXX
prerank,Positive Regulation Of Protein Localization To Membrane (GO:1905477),-0.23673211405355274,-0.9108389501697329,6.051502e-01,8.776672e-01,1.000000e+00,7/51,11.14%,LGALS3;AKT1;CD81;BBC3;STX3;PIK3R1;ITGAM
prerank,Phosphatidylcholine Metabolic Process (GO:0046470),0.2883968821363973,0.9106286373233033,5.629921e-01,8.793672e-01,1.000000e+00,7/22,20.91%,GPAT4;ABHD3;LPCAT1;LPCAT3;SLC44A2;ABHD4;NR1H2
prerank,Calcium Ion Transmembrane Import Into Cytosol (GO:0097553),0.29230163855071034,0.9105420434806749,6.000000e-01,8.780205e-01,1.000000e+00,5/22,12.55%,PTPRC;ATP2B4;PLCG1;F2R;LCK
prerank,Positive Regulation Of JUN Kinase Activity (GO:0043507),-0.29855566472724165,-0.9100318493274916,5.876289e-01,8.780928e-01,1.000000e+00,4/19,9.26%,ERN1;MAP2K7;TNFRSF11A;MAP3K10
prerank,Regulation Of Endothelial Cell Migration (GO:0010594),-0.2522737997347446,-0.9093411999686687,5.995763e-01,8.783875e-01,1.000000e+00,6/37,6.83%,AKT1;ZC3H12A;GATA3;RAC1;CALR;PRKCA
prerank,Heart Morphogenesis (GO:0003007),-0.3120777802889435,-0.909327638387096,5.658436e-01,8.768512e-01,1.000000e+00,5/17,16.76%,ZFPM1;NOTCH1;TTN;MDM4;ENG
prerank,Fatty Acid Biosynthetic Process (GO:0006633),0.26963578192907234,0.9084234382975573,6.051661e-01,8.818509e-01,1.000000e+00,5/31,12.32%,ELOVL6;ABHD3;HACD2;ABHD2;MCAT
prerank,U2-type Prespliceosome Assembly (GO:1903241),-0.2899553713628883,-0.9081459249937526,5.699153e-01,8.783569e-01,1.000000e+00,6/23,17.11%,SF3B6;PHF5A;SNRPB2;SNRPD1;SF3A2;SNIP1
prerank,Endocytic Recycling (GO:0032456),-0.2341784507127024,-0.9073516175565416,6.207585e-01,8.788500e-01,1.000000e+00,14/52,19.50%,VPS53;RAB14;RAB11FIP4;VTI1A;ARL4C;VPS39;RAB11FIP3;MICALL1;ARF6;EHD3;CCDC93;RAB11B;SNF8;VPS26A
prerank,Melanosome Assembly (GO:1903232),-0.31929194379994325,-0.9067913383946926,5.735608e-01,8.787064e-01,1.000000e+00,6/15,27.61%,AP3D1;AP1S1;HPS1;AP1G1;AP3B1;AP1S2
prerank,Epithelial Cell Migration (GO:0010631),-0.2928025082942025,-0.9056055725881308,6.020619e-01,8.800780e-01,1.000000e+00,4/19,12.27%,PKN1;PKN2;GIPC1;TESK1
prerank,Import Into Cell (GO:0098657),0.3085329789784012,0.9047175109379954,5.787402e-01,8.899739e-01,1.000000e+00,3/18,5.07%,IL10RA;LRRC8D;SLC1A7
prerank,Positive Regulation Of JNK Cascade (GO:0046330),0.2501776005162527,0.9046346714478242,6.102662e-01,8.886069e-01,1.000000e+00,9/41,13.32%,RASGRP1;TNIK;RIPK1;FCGR2B;MAP4K2;TAOK1;TAOK3;CD27;PJA2
prerank,Positive Regulation Of Protein Import Into Nucleus (GO:0042307),-0.28284779948736705,-0.9042949291927883,5.669643e-01,8.818910e-01,1.000000e+00,4/23,8.97%,ZPR1;ZC3H12A;TGFB1;PIK3R1
prerank,T Cell Differentiation (GO:0030217),-0.25934464927761347,-0.9027638395699383,6.299376e-01,8.842980e-01,1.000000e+00,8/31,13.71%,TCF7;TGFB1;GATA3;LFNG;PIK3R1;GPR89A;RABL3;RIPK3
prerank,Proton Transmembrane Transport (GO:1902600),-0.2587980336592935,-0.9026083975386379,6.284501e-01,8.831437e-01,1.000000e+00,8/32,15.35%,TCIRG1;ATP6V1H;RNASEK;ATP6V0C;SLC9A1;HVCN1;TMEM175;DMAC2L
prerank,Response To Exogenous dsRNA (GO:0043330),-0.31259316653638347,-0.9024177156732357,5.854701e-01,8.820645e-01,1.000000e+00,4/15,16.20%,FLOT1;PQBP1;RFTN1;SLC3A2
prerank,Positive Regulation Of Vacuole Organization (GO:0044090),0.31213145059557246,0.902350866769025,5.968379e-01,8.929765e-01,1.000000e+00,6/17,22.47%,PPP3CB;SNX18;SH3GLB1;SNX4;RALB;LRSAM1
prerank,RNA-mediated Gene Silencing (GO:0031047),-0.2986389786426463,-0.9015795155220232,5.836735e-01,8.826102e-01,1.000000e+00,4/18,9.50%,HEXIM1;HELZ;AGO4;AGO2
prerank,Cardiac Muscle Tissue Development (GO:0048738),0.2834014027470424,0.9001847092629774,5.942857e-01,8.970007e-01,1.000000e+00,4/22,8.19%,MAML1;AKAP13;BMPR1A;TAFAZZIN
prerank,Cellular Response To Light Stimulus (GO:0071482),-0.24263464497142884,-0.8996904662865653,6.349892e-01,8.859161e-01,1.000000e+00,7/44,8.80%,ATF4;SDE2;CREBBP;ZBTB1;RHNO1;TRIAP1;N4BP1
prerank,Long-Chain Fatty Acid Metabolic Process (GO:0001676),0.2674641339990876,0.8993235238792926,6.206262e-01,8.976713e-01,1.000000e+00,10/29,28.45%,ELOVL6;ACSL4;ACAD9;CPT1A;ABHD6;ABCD3;GPX4;ACSL1;PNPLA8;SCP2
prerank,Protein Localization To Membrane (GO:0072657),0.2057501707771593,0.8990235082226722,6.819853e-01,8.968585e-01,1.000000e+00,25/105,18.89%,ITGA4;TNIK;TM9SF4;EHD1;RAB10;RAB11A;TSPAN5;PIP5K1A;TM9SF3;SH3GLB1;PSMD10;LIN7B;RAB8B;PICK1;PTCH1;EFR3A;DLG1;RAP1A;PPIL2;DENND4C;RAB6A;EZR;PALS1;RAB29;TSPAN14
prerank,Response To Insulin (GO:0032868),-0.23409787590883094,-0.8990039740407757,6.363636e-01,8.860172e-01,1.000000e+00,15/49,22.18%,INPP5K;AKT1;IRS2;SLC2A1;RHOQ;GSK3A;PIK3R1;HDAC9;LPIN1;INSIG1;USF1;SLC27A1;OGT;MYO5A;TSC1
prerank,Hexose Metabolic Process (GO:0019318),-0.26414363316107425,-0.8988524825482171,5.901639e-01,8.848249e-01,1.000000e+00,3/28,6.11%,IRS2;OAS1;FBP1
prerank,Positive Regulation Of Protein Polymerization (GO:0032273),-0.2496754999789486,-0.8974436743695285,6.290984e-01,8.867646e-01,1.000000e+00,9/36,19.23%,MAPRE1;NCK2;RAC1;PINK1;ARF6;EVL;SNX9;PAK1;PFN1
prerank,Extrinsic Apoptotic Signaling Pathway (GO:0097191),-0.2304260480636855,-0.8972198025243008,6.304762e-01,8.858199e-01,1.000000e+00,10/53,13.69%,SIVA1;TGFB1;DIABLO;CD70;BAD;HIPK1;GSK3A;BAG3;MOAP1;DEDD2
prerank,Negative Regulation Of Protein Metabolic Process (GO:0051248),-0.2062077171709005,-0.8970986704038335,7.114228e-01,8.845677e-01,1.000000e+00,30/98,23.56%,AKT1;MAD2L2;ENC1;CALR;PFDN1;DAPK3;PIN1;EPHA4;CNOT1;PFDN2;NFKB1;PFDN4;GAPDH;MDM4;TYMS;ZNF540;AZIN1;DDX6;EIF4E2;CLN3;DDX3X;BAG6;PCIF1;BANP;EIF2AK2;PHB1;TSC1;DNAJC1;IGF2BP2;SNX12
prerank,Regulation Of Cytoskeleton Organization (GO:0051493),0.22141823286313664,0.89694842361942,6.519231e-01,9.005521e-01,1.000000e+00,17/66,19.74%,S100A8;S100A9;DIAPH1;CRK;PAK2;RALA;ARHGAP17;SLC4A2;TAOK1;IQGAP2;CDK2AP2;PATJ;DYNLL1;MTOR;EZR;PEAK3;PHLDB2
prerank,Synaptic Vesicle Recycling (GO:0036465),-0.28469685248521603,-0.896472187076959,6.085106e-01,8.846685e-01,1.000000e+00,11/22,31.22%,AP3D1;GIT1;OPHN1;SYNJ1;STX1A;SYT5;AP2M1;FCHO2;RAB5A;DNM2;AP2S1
prerank,JNK Cascade (GO:0007254),0.2858733884475752,0.8958879983209669,6.307692e-01,9.017419e-01,1.000000e+00,7/21,24.06%,MAP2K4;DAXX;MAP4K2;SH2D3A;SH2D3C;MAPK8;MAP3K7
prerank,Cellular Nitrogen Compound Biosynthetic Process (GO:0044271),-0.3044984874157631,-0.895750879452145,6.112311e-01,8.849372e-01,1.000000e+00,2/17,2.66%,AKT1;GCH1
prerank,Vesicle Fusion (GO:0006906),0.22349514217620567,0.8957425032802614,6.632653e-01,9.005294e-01,1.000000e+00,22/60,28.16%,VPS33A;CHMP5;PIKFYVE;SAMD9;CHMP1A;VAMP2;RAB8B;EEA1;UVRAG;VPS16;BET1;VTI1B;GOSR1;STX4;VIPAS39;CHMP7;STX7;YIPF4;STX6;PIP4K2B;GOSR2;CHMP6
prerank,Regulation Of Cell Cycle G1/S Phase Transition (GO:1902806),0.22715807125364484,0.8952245795220972,6.522593e-01,9.003022e-01,1.000000e+00,13/54,15.96%,SMARCC2;PBRM1;PHB2;ATP2B4;CDKN1B;TRIM39;SMARCC1;CDKN2A;CDC73;PTEN;APPL1;CCNH;ARID2
prerank,Negative Regulation Of Endothelial Cell Migration (GO:0010596),0.30735000719490047,0.8945580311238422,6.295620e-01,9.004593e-01,1.000000e+00,5/17,14.94%,KRIT1;ATP2B4;MECP2;PTPRM;SP100
prerank,Positive Regulation Of Intracellular Protein Transport (GO:0090316),0.20206313533275086,0.8929125261719468,7.058824e-01,9.030488e-01,1.000000e+00,32/104,25.34%,TM9SF4;PDCD10;MBD1;GZMB;IFNG;ANP32B;UBR5;ERBB2;PSEN1;ZFAND1;RAN;PCNT;SH3GLB1;CEP290;VAMP2;HUWE1;IPO5;PRR5L;SMAD3;RAB29;PIK3R2;LEPROT;UBE2D3;MAPK8;ICE1;TMEM30A;UBE2J2;NMT1;UBE2L3;OAZ1;ATG13;TENM1
prerank,Regulation Of Neuron Projection Development (GO:0010975),0.21901547664531126,0.8928940709250458,6.768642e-01,9.015212e-01,1.000000e+00,18/69,18.29%,MYCBP2;S100A9;SETX;PAK2;NDEL1;GFI1;NPTN;PSEN1;SNX3;SIPA1L1;FKBP4;PTEN;TANC2;NTRK1;ITGA6;RAP1A;PDLIM5;RAB29
prerank,Blood Circulation (GO:0008015),0.3151169409753755,0.892716048835171,6.040000e-01,9.003602e-01,1.000000e+00,6/15,26.77%,GCLM;SOD1;CYB5R3;ROCK2;ROCK1;STAT1
prerank,Positive Regulation Of Neuron Apoptotic Process (GO:0043525),-0.31253795359474756,-0.8920555494487646,6.105477e-01,8.928167e-01,1.000000e+00,3/15,11.80%,FBXW7;ITGAM;TYROBP
prerank,Regulation Of Protein Catabolic Process (GO:0042176),-0.20643358728917285,-0.8910665705131108,7.171315e-01,8.938268e-01,1.000000e+00,17/86,15.30%,STX5;MAD2L2;FURIN;TIPARP;NUDT15;ATG7;PRKACA;NDUFA13;PIN1;GSK3A;AXIN1;MDM4;UBB;PINK1;DCAF1;AZIN1;PSME2
prerank,Regulation Of Actin Filament-Based Process (GO:0032970),-0.23881477798445616,-0.8910561755553896,6.763485e-01,8.923098e-01,1.000000e+00,10/43,15.79%,CDC42;RAC1;RHOQ;DAPK3;DMTN;TWF2;TESK1;TAOK2;MLST8;BST2
prerank,Chromosome Organization (GO:0051276),-0.25467591716984805,-0.8902737235914208,6.268344e-01,8.927573e-01,1.000000e+00,10/30,20.09%,LDB1;HHEX;LATS1;NUP133;CENPT;H1-5;CENPH;H1-10;DOT1L;RAE1
prerank,Glycolipid Biosynthetic Process (GO:0009247),-0.2711490651125108,-0.8901618235984752,6.325678e-01,8.914585e-01,1.000000e+00,2/27,3.70%,MPPE1;PIGH
prerank,Positive Regulation Of Receptor Signaling Pathway Via STAT (GO:1904894),0.2994515148014422,0.8894332352447256,6.367188e-01,9.072610e-01,1.000000e+00,4/17,12.97%,IL10RA;CRLF3;F2R;IL7R
prerank,Negative Regulation Of Transmembrane Receptor Protein Serine/Threonine Kinase Signaling Pathway (GO:0090101),-0.22458418910232106,-0.8889346032991987,6.781116e-01,8.928734e-01,1.000000e+00,9/55,10.82%,CRIM1;SPRY2;TRIM33;LDLRAD4;PIN1;NOTCH1;PMEPA1;ZNF451;SAP30L
prerank,Regulation Of Type I Interferon-Mediated Signaling Pathway (GO:0060338),-0.2680709607678467,-0.888700776132433,6.390041e-01,8.919362e-01,1.000000e+00,7/26,17.05%,YTHDF2;YTHDF3;OAS1;USP18;ISG15;CDC37;METTL3
prerank,Cellular Response To Mechanical Stimulus (GO:0071260),0.2573444628901008,0.8884699422596452,6.402439e-01,9.080373e-01,1.000000e+00,11/32,26.59%,MAP2K4;BNIP3;FAS;CRADD;MAPK8;CASP8AP2;FADD;CASP2;PIEZO1;TNFSF14;TNFRSF1A
prerank,Antigen Receptor-Mediated Signaling Pathway (GO:0050851),0.20923881695518015,0.888395839929414,6.895911e-01,9.066578e-01,1.000000e+00,31/81,30.36%,LAX1;PIK3CD;NCKAP1L;KHDRBS1;PTPRC;NFATC2;PLCG1;FCHO1;BTN2A2;LCK;PIK3CA;CD247;INPP5D;PRKD2;LCP2;PTPN22;BTN3A3;MALT1;CSK;SPG21;ZAP70;MAP3K7;HLA-A;NFKBID;LIME1;RBCK1;EIF2B3;PLEKHA1;BCL2;PLCG2;CD8A
prerank,Negative Regulation Of Translation (GO:0017148),-0.21005491691819264,-0.8883856213775079,7.072165e-01,8.912300e-01,1.000000e+00,23/82,22.18%,YTHDF2;YTHDF3;YTHDF1;ENC1;CALR;DAPK3;EPHA4;CNOT1;TNRC6A;AGO4;AGO2;GAPDH;TYMS;ZNF540;DDX6;EIF4E2;METTL3;DDX3X;EIF4EBP3;PCIF1;EIF2AK2;CPEB4;TSC1
prerank,Positive Regulation Of Small Molecule Metabolic Process (GO:0062013),-0.28779161878687576,-0.8879511655579968,6.260684e-01,8.907800e-01,1.000000e+00,7/20,19.55%,AKT1;IRS2;STARD4;PRXL2C;MLST8;P2RX7;SLC4A4
prerank,Positive Regulation Of Insulin Secretion (GO:0032024),0.3003777387782188,0.887928508769897,6.105675e-01,9.061884e-01,1.000000e+00,2/18,0.94%,PPP3CB;TM7SF3
prerank,Phospholipid Metabolic Process (GO:0006644),0.2625867219511946,0.8878643935306845,6.291913e-01,9.047682e-01,1.000000e+00,5/28,11.10%,SMPD1;PIP5K1A;AGPAT1;LPCAT1;SMPD3
prerank,Protein N-linked Glycosylation Via Asparagine (GO:0018279),-0.29232690160063934,-0.8878595162764498,6.147705e-01,8.894552e-01,1.000000e+00,7/19,19.86%,MAGT1;RPN2;DDOST;NUDT14;DPM1;UBE2J1;MGAT1
prerank,Negative Regulation Of Cytoskeleton Organization (GO:0051494),-0.3001113755757014,-0.8875696687967308,6.119403e-01,8.886356e-01,1.000000e+00,3/17,12.04%,TWF1;SSH1;TWF2
prerank,Positive Regulation Of Cell Differentiation (GO:0045597),-0.20022809244544934,-0.886608639286227,7.061224e-01,8.894849e-01,1.000000e+00,19/113,14.94%,BRD7;ARID1B;AKT1;ZC3H12A;TGFB1;MAPK9;TENT5A;FBXO5;ID2;GLIPR2;CARM1;NFKB1;XKR8;BMAL1;NUDT21;NOCT;TCF3;IL18;PLCB1
prerank,Regulation Of Macromolecule Biosynthetic Process (GO:0010556),0.24171621099043838,0.8861339708085328,6.400000e-01,9.075134e-01,1.000000e+00,7/40,12.39%,S100A9;NOLC1;MTPN;ELP4;EIF2S1;ATXN2;JADE1
prerank,Organelle Assembly (GO:0070925),0.18065340900160207,0.8858614309484891,8.115385e-01,9.065680e-01,1.000000e+00,72/218,28.28%,ARF4;CILK1;CEP250;EHD1;HPS3;RAB11A;CAPRIN1;CCDC66;CHMP5;WDR54;MBD1;ACTR3;MVB12A;ARL13B;ATG5;KIF3B;UBQLN1;SEPTIN2;NUDCD3;STING1;CHMP1A;IFT57;PCNT;CEP290;RILPL2;ACTR2;WDPCP;CEP20;BBS2;SCLT1;RAB8B;KIAA0586;HDAC6;DYNC2I1;NME8;TMEM216;PTPN23;VPS37A;IFT27;TBC1D31;NPHP3;CEP162;DYNC2H1;SEPTIN7;BBS9;ULK3;CEP89;TCTN3;HPS5;HGS;CEP126;IFT88;VPS4B;ATP6V1D;CHMP7;ULK2;ATG13;TOGARAM1;STX7;AP3M1;CPLANE1;CFAP298;IQCB1;PHIP;GABARAPL2;PDCD6IP;TMEM67;UBXN2B;SEPTIN6;CCDC65;CHMP6;RP2
prerank,Regulation Of DNA Biosynthetic Process (GO:2000278),0.29352056111368596,0.8846829889318506,6.211293e-01,9.079569e-01,1.000000e+00,7/19,30.98%,PARP4;JADE1;PRKD2;ATM;HMBOX1;PDGFRB;BMPR2
prerank,Positive Regulation Of Catabolic Process (GO:0009896),-0.2219733227420463,-0.8833058571624068,6.680000e-01,8.960073e-01,1.000000e+00,7/55,8.61%,STX5;FBXW7;TIPARP;ATG7;NDUFA13;GSK3A;AXIN1
prerank,Sphingolipid Metabolic Process (GO:0006665),-0.22461442941130866,-0.882804286400635,6.949891e-01,8.956649e-01,1.000000e+00,4/54,3.25%,CSNK1G2;GLTP;ST6GALNAC6;PPP2CA
prerank,Neuron Projection Extension (GO:1990138),0.30402564112632763,0.8827877805832246,6.082677e-01,9.110383e-01,1.000000e+00,2/18,2.57%,PPP3CB;SPG11
prerank,Positive Regulation Of Cell Cycle Process (GO:0090068),-0.22520220962913867,-0.8825825181320242,6.746725e-01,8.946781e-01,1.000000e+00,10/60,12.11%,ZNF16;CDC42;CUL3;RHNO1;PKN2;NSFL1C;DYNC1LI1;DBF4;GIPC1;CDC14A
prerank,Negative Regulation Of DNA-binding Transcription Factor Activity (GO:0043433),0.2028356076805945,0.8824319179556774,7.306968e-01,9.104086e-01,1.000000e+00,23/97,17.94%,ERBIN;UFL1;PHB2;CDK5RAP3;EGLN1;PRMT2;GFI1;PARP10;PIM1;CDKN2A;CARD8;LRRC14;HAVCR2;ITCH;COMMD6;PSMD10;KEAP1;PTCH1;SP100;SIGIRR;RB1;TFDP1;EOMES
prerank,Negative Regulation Of Mitochondrion Organization (GO:0010823),-0.2700818900528733,-0.8819674353744964,6.223176e-01,8.946979e-01,1.000000e+00,9/23,24.26%,AKT1;FXN;TRIAP1;PINK1;SLC25A5;FLCN;PPIF;BAK1;MUL1
prerank,Positive Regulation Of Developmental Process (GO:0051094),-0.194440242563976,-0.8802582170767227,7.457627e-01,8.973766e-01,1.000000e+00,19/126,13.88%,LLPH;BRD7;ARID1B;MAD2L2;ARHGEF7;DDHD1;NCOA1;FBXO5;MARCHF5;ADGRL1;LRP8;BCL7B;BCL7C;AGO2;SAP30L;PGAM5;PINK1;BRD9;CFL1
prerank,Negative Regulation Of Protein Binding (GO:0032091),0.23453805595161675,0.8801080341347551,6.472868e-01,9.145205e-01,1.000000e+00,6/45,7.36%,ITGA4;ADRB2;STYX;TMBIM6;ATP2A3;MITD1
prerank,Negative Regulation Of Cell-Substrate Adhesion (GO:0010812),-0.28750990547140054,-0.879374579855201,6.460905e-01,8.979925e-01,1.000000e+00,4/19,11.30%,NOTCH1;ACTN4;DMTN;CASK
prerank,Regulation Of Chromatin Organization (GO:1902275),-0.2759463571309436,-0.8789924717336695,6.636364e-01,8.973620e-01,1.000000e+00,4/23,6.86%,KANSL2;MKI67;HCFC1;MSL2
prerank,Positive Regulation Of T Cell Proliferation (GO:0042102),0.2578832524592297,0.8787504784521192,6.216769e-01,9.164157e-01,1.000000e+00,3/29,2.78%,NCKAP1L;PTPRC;CD6
prerank,Macrophage Activation (GO:0042116),-0.2942872030917967,-0.8785427724496071,6.504065e-01,8.969585e-01,1.000000e+00,3/17,11.14%,IFNGR1;SBNO2;ITGAM
prerank,Ubiquitin-Dependent Protein Catabolic Process (GO:0006511),0.17387566298856327,0.8780963492494291,8.504854e-01,9.163480e-01,1.000000e+00,67/300,21.18%,USP28;UBE2D4;UBE2D2;PPP1R11;RNF146;TTC3;PSMD1;UBE2H;RNF20;PSMD2;RNF111;TBX21;CHMP5;UBE3B;PSMD11;SPOP;RFFL;MVB12A;PPP2R5C;RNF14;RAD23B;PSMB2;KLHL22;UBL4A;ARIH1;RNF149;APPBP2;UBE2B;FEM1C;VCP;UBE4A;CHMP1A;ITCH;FBXL17;SYVN1;KCTD5;NDFIP1;ERCC8;KEAP1;HECTD3;CSNK1A1;SH3BGRL;PJA2;FBXL19;PSMD4;SHARPIN;MKRN2;RBX1;ANKIB1;PTPN23;VPS37A;PSMD13;CTNNB1;HACE1;RNF185;UBL7;FBXL4;UBE2R2;MAEA;PSMA5;RNF8;SQSTM1;KLHDC3;UBE3C;UBE2D3;GID4;HERC6
prerank,mRNA Catabolic Process (GO:0006402),-0.24386090954346107,-0.8777619744498909,6.720978e-01,8.973716e-01,1.000000e+00,6/39,9.97%,YTHDF2;SUPV3L1;ERN1;EXOSC10;AGO4;MRTO4
prerank,Regulation Of Calcium Ion Transport (GO:0051924),-0.2781832342695023,-0.8776924259338189,6.425620e-01,8.960400e-01,1.000000e+00,6/23,14.11%,INPP5K;P2RX4;CCL5;CCL4;PKD2;CRACR2A
prerank,DNA Synthesis Involved In DNA Repair (GO:0000731),0.2831139176475058,0.87761913954822,6.191370e-01,9.159212e-01,1.000000e+00,4/20,9.68%,PARP10;FAAP20;VCP;RRM1
prerank,Regulation Of Axonogenesis (GO:0050770),-0.30091340052228654,-0.8769374757817591,6.219512e-01,8.962605e-01,1.000000e+00,4/16,9.43%,PLXNA4;EPHA4;PLXNA3;METRN
prerank,Positive Regulation Of Peptidyl-Serine Phosphorylation (GO:0033138),-0.23956838755733917,-0.8765640681074789,6.893617e-01,8.956759e-01,1.000000e+00,12/39,18.94%,AKT1;MAD2L2;SPRY2;TGFB1;FNIP1;LATS1;AXIN1;PINK1;RIPK2;BRAF;PAK1;TXN
prerank,Positive Regulation Of Organelle Organization (GO:0010638),-0.2648505759059358,-0.8758666317509293,6.422764e-01,8.958928e-01,1.000000e+00,8/26,23.66%,SURF4;PFDN2;PLXNA3;SORBS3;P2RX7;HTRA2;SYNJ1;RAB3GAP1
prerank,Cortical Actin Cytoskeleton Organization (GO:0030866),0.29967709299071155,0.8758539613994922,6.435644e-01,9.186994e-01,1.000000e+00,5/16,23.67%,NCKAP1L;PLEK;DLG1;ROCK2;ROCK1
prerank,Lipid Transport (GO:0006869),-0.23348473156190006,-0.8749436926826601,6.985447e-01,8.966589e-01,1.000000e+00,11/47,19.61%,GLTP;NPC2;TRIAP1;BLTP3B;ABCA5;ABCA3;CLN3;FABP5;SLC27A1;PRELID3B;SLC10A3
prerank,Regulation Of Cell Size (GO:0008361),-0.2891001940326638,-0.8746582835352225,6.764706e-01,8.958713e-01,1.000000e+00,5/19,14.49%,LAMTOR4;RAC1;ARHGAP5;LAMTOR5;VAV3
prerank,Regulation Of Cellular Component Size (GO:0032535),-0.2406991127717921,-0.8737222972569431,6.653465e-01,8.965308e-01,1.000000e+00,8/37,15.05%,LAMTOR4;RAC1;RIN3;ARHGAP5;LAMTOR5;VAV3;BORCS5;KXD1
prerank,Sphingolipid Biosynthetic Process (GO:0030148),0.24031411948033868,0.87364489794946,6.598513e-01,9.225211e-01,1.000000e+00,15/42,31.12%,SMPD1;ELOVL6;HACD2;KDSR;PRKD3;SMPD4;PRKD2;PPM1L;SGPL1;SPTSSB;ST3GAL5;ORMDL3;ORMDL1;SPHK2;SGPP1
prerank,Fc-epsilon Receptor Signaling Pathway (GO:0038095),0.2922526259806226,0.8731335475305197,6.240157e-01,9.222320e-01,1.000000e+00,3/19,6.44%,MAP2K4;PRKCQ;PLCG1
prerank,Negative Regulation Of DNA Binding (GO:0043392),-0.29034118426747585,-0.8730316852422868,6.468085e-01,8.966034e-01,1.000000e+00,7/18,25.24%,MAD2L2;SUMO3;ILRUN;SUMO1;PER2;RSF1;GZMA
prerank,Positive Regulation Of Kinase Activity (GO:0033674),-0.23393352470619333,-0.8725714581337927,6.942675e-01,8.961771e-01,1.000000e+00,11/41,18.77%,ZNF16;RYK;MAP2K3;PRKAG1;ZNF622;AXIN1;PRKAG2;HLA-DRB1;IGF1R;SNX9;MMD
prerank,Ribonucleoprotein Complex Biogenesis (GO:0022613),-0.2065790159558516,-0.871546375348738,7.383966e-01,8.971964e-01,1.000000e+00,14/83,15.93%,DNTTIP2;KRR1;BYSL;UTP3;NGDN;EXOSC10;ZNF622;LTV1;MRTO4;WDR36;RSL24D1;METTL17;PNO1;GTPBP4
prerank,Release Of Sequestered Calcium Ion Into Cytosol (GO:0051209),0.27124865844437634,0.8715275423641514,6.570881e-01,9.246827e-01,1.000000e+00,5/24,12.55%,PTPRC;GHITM;PLCG1;F2R;LCK
prerank,Mitotic G2/M Transition Checkpoint (GO:0044818),0.2457576252619574,0.8711305592255703,6.853282e-01,9.241163e-01,1.000000e+00,8/35,18.28%,CDK5RAP3;TRIM39;ZNF830;TAOK1;TAOK3;RAD17;MRE11;ATM
prerank,Regulation Of Apoptotic Signaling Pathway (GO:2001233),0.2598110756888208,0.8709505891396824,6.830266e-01,9.230298e-01,1.000000e+00,10/29,19.34%,TMBIM6;TRIM39;QARS1;DAPK2;CX3CR1;TMBIM1;ETFA;RB1;FAS;CRADD
prerank,Regulation Of TORC1 Signaling (GO:1903432),0.24080572488164592,0.8708713518456296,6.954023e-01,9.216847e-01,1.000000e+00,12/41,19.70%,RRAGA;PIH1D1;KLHL22;CLEC16A;WDR59;SLC38A9;GPR137;TELO2;DEPDC5;ATM;KICS2;RRAGB
prerank,Regulation Of Cell-Cell Adhesion (GO:0022407),-0.2986833324134855,-0.8707656911429846,6.492375e-01,8.975677e-01,1.000000e+00,2/16,3.40%,MDGA1;TGFB1
prerank,Regulation Of Metal Ion Transport (GO:0010959),0.2971450139471994,0.8706243995725971,6.653846e-01,9.207799e-01,1.000000e+00,3/17,8.49%,STIM1;EPB41;YWHAH
prerank,Positive Regulation Of Antigen Receptor-Mediated Signaling Pathway (GO:0050857),0.30430766337157317,0.8705389970914602,6.382536e-01,9.194707e-01,1.000000e+00,8/16,23.06%,PTPRC;CD226;LCK;PRKD2;PRKCH;RAB29;FOXP1;UXT
prerank,Regulation Of Cellular Component Biogenesis (GO:0044087),-0.26687158398732114,-0.8705049129513805,6.714876e-01,8.967018e-01,1.000000e+00,5/24,13.45%,RAPGEF1;HCFC1;NOTCH1;LATS1;PINK1
prerank,Ubiquitin-Dependent ERAD Pathway (GO:0030433),0.21857249171264878,0.8704815825166621,7.124304e-01,9.180718e-01,1.000000e+00,10/62,10.44%,MAN1A1;ANKZF1;UBXN4;JKAMP;UBQLN1;VCP;UBE4A;USP19;RNF121;SYVN1
prerank,Regulation Of Multicellular Organismal Development (GO:2000026),0.23430796562032272,0.8703151332265456,6.933868e-01,9.169219e-01,1.000000e+00,11/45,18.58%,UCHL5;INO80D;EHMT1;DHX36;INO80B;RUVBL1;BLTP1;KAT2A;NIPBL;YY1;TADA2A
prerank,Mitotic Sister Chromatid Segregation (GO:0000070),0.20892380932390675,0.8701948496730441,7.378641e-01,9.156514e-01,1.000000e+00,12/78,11.96%,KPNB1;NSL1;KIF2A;NUP62;RAB11A;CHMP5;KIF3B;KLHL22;RAN;CHMP1A;SMC1A;LSM14A
prerank,Receptor Internalization (GO:0031623),0.25908447016084457,0.870092147768852,6.510721e-01,9.143546e-01,1.000000e+00,11/29,27.33%,CXCR2;CLTC;RALA;ITCH;SNX1;LMBRD1;HGS;CXCR1;RALB;PICALM;LDLRAP1
prerank,Rescue Of Stalled Ribosome (GO:0072344),0.2725156693892169,0.8697732274908816,6.543689e-01,9.135659e-01,1.000000e+00,4/23,6.86%,ANKZF1;TCF25;RNF14;MTRFR
prerank,DNA-templated DNA Replication (GO:0006261),0.22733933474589388,0.8695984619189289,6.901141e-01,9.124648e-01,1.000000e+00,17/55,29.40%,RECQL;MCM3;RFC5;RFC4;REV3L;RRM1;MCMBP;LRWD1;SSBP1;HMGA1;PRIMPOL;BLM;PURA;RPA1;WRNIP1;MCM6;POLA2
prerank,Negative Regulation Of Canonical Wnt Signaling Pathway (GO:0090090),0.2330265315018815,0.8682948954487006,6.890595e-01,9.139508e-01,1.000000e+00,10/46,18.26%,CCDC88C;STK4;HDAC1;JADE1;CSNK1A1;TLE3;TLE1;RBX1;LIMD1;NPHP3
prerank,Regulation Of Viral Genome Replication (GO:0045069),0.22458795331345957,0.8681375810755435,6.801619e-01,9.127854e-01,1.000000e+00,13/54,18.78%,CNOT7;TNIP1;ISG20;SRPK1;IFIT5;TARBP2;PABPC1;ZNFX1;VAPB;ZC3HAV1;PPARA;STAU1;APOBEC3C
prerank,Epigenetic Regulation Of Gene Expression (GO:0040029),0.2147966463551855,0.8679546576217169,7.362429e-01,9.116894e-01,1.000000e+00,28/66,32.22%,TRIM27;BMI1;WBP2;MECP2;HDAC5;CREBZF;ATF2;GLMN;PHF19;TASOR;HDAC6;DPY30;ZNF335;RNF8;ASH2L;TRIM37;TP53;CTCF;MPHOSPH8;IFI16;USP21;RBM14;VPS72;MEN1;SPHK2;N6AMT1;PRMT7;MACROH2A1
prerank,Negative Regulation Of Cell-Matrix Adhesion (GO:0001953),0.29628425476136155,0.8677544225003734,6.549165e-01,9.106386e-01,1.000000e+00,8/17,28.80%,CDKN2A;PTEN;RASA1;DYNLL1;PHLDB2;RCC2;CLASP2;BCAS3
prerank,Regulation Of Interferon-Alpha Production (GO:0032647),0.28670591459059885,0.8674413414658216,6.321839e-01,9.098527e-01,1.000000e+00,4/18,16.03%,DHX36;HAVCR2;IRF3;RIGI
prerank,Regulation Of Transforming Growth Factor Beta Receptor Signaling Pathway (GO:0017015),-0.20713327404183965,-0.8674149529515484,7.433809e-01,9.026243e-01,1.000000e+00,12/70,11.92%,CREBBP;SPRY2;SNW1;TGFB1;TRIM33;LDLRAD4;PIN1;LATS1;PMEPA1;ZNF451;SAP30L;GIPC1
prerank,Protein Localization To Cell Periphery (GO:1990778),0.20812186499352214,0.8663227860081711,7.504554e-01,9.108596e-01,1.000000e+00,19/77,18.89%,TNIK;EHD1;RAB10;RAB11A;TSPAN5;PIP5K1A;PSMD10;LIN7B;RAB8B;PTCH1;EFR3A;DLG1;RAP1A;PPIL2;DENND4C;EZR;PALS1;RAB29;TSPAN14
prerank,Late Endosome To Vacuole Transport (GO:0045324),0.29287524623331057,0.8658483379728089,6.273292e-01,9.103873e-01,1.000000e+00,10/17,30.17%,CHMP5;TMEM50A;CHMP1A;PIK3R4;LEPROT;VPS4B;CHMP7;TMEM50B;CHMP6;LEPROTL1
prerank,Regulation Of Intracellular Estrogen Receptor Signaling Pathway (GO:0033146),0.29285006190827767,0.8658182835864956,6.383838e-01,9.089616e-01,1.000000e+00,3/17,5.67%,STRN3;UFL1;WBP2
prerank,ERAD Pathway (GO:0036503),0.21235513005341117,0.8654291727846692,7.407407e-01,9.084179e-01,1.000000e+00,11/72,10.44%,MAN1A1;ANKZF1;UBXN4;JKAMP;UBQLN1;UGGT1;VCP;UBE4A;USP19;RNF121;SYVN1
prerank,Positive Regulation Of Innate Immune Response (GO:0045089),-0.2569290511838378,-0.8645806834647386,6.784314e-01,9.076499e-01,1.000000e+00,6/26,17.38%,SLC15A4;CCL5;RIOK3;POLR3F;POLR3C;PLSCR1
prerank,Aortic Valve Development (GO:0003176),-0.3002225192925321,-0.8642302032073287,6.553911e-01,9.069806e-01,1.000000e+00,4/15,10.21%,TGFB1;GATA3;NOTCH1;NFATC1
prerank,Cellular Response To Heat (GO:0034605),-0.2586547058810201,-0.8642133610920457,6.659751e-01,9.055330e-01,1.000000e+00,9/29,19.48%,SLU7;PRKACA;IER5;YWHAE;BAG3;HSBP1L1;SUMO1;HSBP1;HTRA2
prerank,Negative Regulation Of Protein Secretion (GO:0050709),-0.29297476140772116,-0.8641226729264515,6.407563e-01,9.042917e-01,1.000000e+00,8/17,27.90%,MIDN;RAB11FIP3;PSMD9;DPH3;CYP51A1;HMGCR;NR1H3;RAB11FIP1
prerank,Positive Regulation Of Immunoglobulin Production (GO:0002639),-0.26408394917052846,-0.8639229298004618,6.623656e-01,9.032773e-01,1.000000e+00,3/24,5.58%,XCL1;MAD2L2;POLR2D
prerank,Phosphatidylinositol Biosynthetic Process (GO:0006661),0.20574869746766047,0.862780023675831,7.475915e-01,9.130666e-01,1.000000e+00,19/76,22.34%,PIK3CG;MTMR4;PIKFYVE;SMG1;PI4K2B;PIP5K1A;CDIPT;MTMR6;ITPKB;PIK3CA;PTEN;PIGQ;EFR3A;INPP5D;SACM1L;PIK3R2;PITPNM1;PIK3R3;PIGV
prerank,Positive Regulation Of Actin Filament Polymerization (GO:0030838),-0.2742304196147833,-0.8625462559192448,6.876404e-01,9.049431e-01,1.000000e+00,6/21,19.23%,NCK2;CARMIL2;ARF6;EVL;SNX9;PFN1
prerank,Neuron Projection Morphogenesis (GO:0048812),0.21565334619488818,0.8613306485815555,7.423077e-01,9.148194e-01,1.000000e+00,14/57,21.60%,NCKAP1L;TNIK;DIP2A;RAB10;DOCK10;ATL1;TMEM106B;PTEN;TAOK3;ZNF335;CTNNB1;AFG3L2;MEF2A;MAP1S
prerank,Positive Regulation Of Nucleocytoplasmic Transport (GO:0046824),-0.23879687607667163,-0.8613101568096436,7.205882e-01,9.063377e-01,1.000000e+00,7/36,13.53%,ZPR1;ZC3H12A;TGFB1;PIK3R1;YWHAE;BAG3;CPSF6
prerank,Liver Development (GO:0001889),-0.3025547109836154,-0.860948326112048,6.481876e-01,9.057088e-01,1.000000e+00,2/15,2.85%,GFER;CEBPG
prerank,Protein Tetramerization (GO:0051262),0.2456306488902502,0.8599550837357196,7.081784e-01,9.164924e-01,1.000000e+00,6/37,11.82%,ALDH9A1;GBP5;CRYZ;APIP;GLS;CUTC
prerank,Endothelial Cell Migration (GO:0043542),0.2992302991591138,0.8598411311583397,6.361868e-01,9.152619e-01,1.000000e+00,10/16,35.56%,S100A9;PIK3CA;CORO1B;PXN;MYH9;STAT1;MEN1;TNFSF12;LPXN;NR4A1
prerank,Regulation Of Cell Division (GO:0051302),-0.22237465390655767,-0.8596120718933812,7.212389e-01,9.071676e-01,1.000000e+00,13/51,19.84%,GIT1;CALM3;KIF13A;RAB11FIP4;PIN1;BECN1;YEATS2;RAB11FIP3;CALM1;PDXP;MBIP;FLCN;ZFYVE26
prerank,Protein Ubiquitination (GO:0016567),-0.1677729706795345,-0.8591434090158351,9.031579e-01,9.067723e-01,1.000000e+00,50/308,14.05%,ZNF598;SDE2;RNF7;UBOX5;MARCHF6;BRAP;FBXW7;ENC1;TRIM33;UBR1;RNF181;UBE2Q1;MARCHF5;OTULIN;UCHL3;CRBN;BIRC2;CUL3;MYLIP;ANAPC11;BSPRY;MSL2;CAND1;DDA1;MARCHF3;RNF19B;MIB2;USP7;ZSWIM8;RNF125;VCPIP1;FBXO9;ARIH2;RNF115;ISG15;TOPORS;CUL5;FBXO11;UBE2S;MDM4;UBB;RNF166;TPP2;UBA6;FBXL5;UBA1;TRIM25;PINK1;RBBP6;KLHL2
prerank,Regulation Of Cell-Matrix Adhesion (GO:0001952),-0.23899425543777184,-0.8590628262937152,6.767068e-01,9.055246e-01,1.000000e+00,5/36,11.30%,LDB1;ENC1;DAPK3;SLC9A1;CASK
prerank,Negative Regulation Of Microtubule Polymerization Or Depolymerization (GO:0031111),-0.2904675119031188,-0.8586506377083826,6.541667e-01,9.050304e-01,1.000000e+00,1/18,0.04%,MAPRE1
prerank,Anterograde Axonal Transport (GO:0008089),0.25561161266808147,0.8580253673404021,6.806084e-01,9.178352e-01,1.000000e+00,10/28,27.17%,SOD1;HSPB1;KIF3B;BLOC1S4;BLOC1S1;BLOC1S2;AP3M1;SNAPIN;SPAST;DTNBP1
prerank,Regulation Of Nucleotide-Excision Repair (GO:2000819),-0.2721342046961779,-0.8576561345945735,6.790123e-01,9.058702e-01,1.000000e+00,5/21,13.65%,BRD7;ARID1B;BCL7B;BCL7C;KAT7
prerank,DNA Integrity Checkpoint Signaling (GO:0031570),-0.2501468458158568,-0.8575410621918766,6.912065e-01,9.046531e-01,1.000000e+00,10/30,20.05%,H2AX;RHNO1;CDC5L;RAD9A;TIPRL;DTX3L;CLSPN;ATR;TIPIN;DOT1L
prerank,Negative Regulation Of Myeloid Cell Differentiation (GO:0045638),0.2960748464047945,0.8556844538119402,6.626506e-01,9.214650e-01,1.000000e+00,2/15,4.92%,ZFP36L1;CTR9
prerank,Negative Regulation Of Intrinsic Apoptotic Signaling Pathway (GO:2001243),0.2284520689291357,0.8553442160987925,7.098039e-01,9.207695e-01,1.000000e+00,10/45,16.50%,ARHGEF2;HSPB1;TMBIM6;ARMC10;PTPN1;BCL2L1;SYVN1;TPT1;CREB3;CCAR2
prerank,Organelle Membrane Fusion (GO:0090174),-0.276331727042363,-0.8553407483713277,6.891616e-01,9.080251e-01,1.000000e+00,3/21,9.03%,STX5;STX3;VCPIP1
prerank,Positive Regulation Of Interleukin-2 Production (GO:0032743),-0.28825512328552994,-0.8551984492176479,6.777547e-01,9.068843e-01,1.000000e+00,2/17,2.21%,PDE4D;CARD11
prerank,Negative Regulation Of Catalytic Activity (GO:0043086),-0.2927375946324414,-0.8551326775566911,6.768293e-01,9.055711e-01,1.000000e+00,5/16,18.08%,TIMP1;CAND1;NOTCH1;CLN3;PHPT1
prerank,Positive Regulation Of Cell-Cell Adhesion (GO:0022409),0.29149150087316444,0.8550770911096108,6.568807e-01,9.199418e-01,1.000000e+00,6/18,25.65%,CD47;CITED2;LCK;PTPN23;DENND6A;PIEZO1
prerank,intra-Golgi Vesicle-Mediated Transport (GO:0006891),-0.2469875367300291,-0.8540015405540609,6.949153e-01,9.065840e-01,1.000000e+00,4/30,9.98%,NAPG;TRAPPC10;COG3;VTI1A
prerank,Positive Regulation Of Synaptic Transmission (GO:0050806),0.26687002433401086,0.8539819745254986,6.747475e-01,9.208507e-01,1.000000e+00,11/22,37.64%,NPTN;VAMP2;SQSTM1;RGS14;STX4;TSHZ3;DTNBP1;TNF;PRKCZ;PLK2;AKAP5
prerank,Negative Regulation Of DNA Metabolic Process (GO:0051053),0.2488402881135425,0.8522834372615421,7.164751e-01,9.231201e-01,1.000000e+00,4/29,3.52%,XRCC5;H1-2;H1-4;H1-3
prerank,Positive Regulation Of Multicellular Organismal Process (GO:0051240),0.17980982729854578,0.8517492069159233,8.490909e-01,9.227671e-01,1.000000e+00,24/176,13.33%,TGFBR2;HDAC1;PIK3CD;RBBP4;PIK3CG;ADRB2;SOD1;ELOVL6;IFNG;CNOT3;HADHA;FH;EHMT1;AGPAT1;BMPR1A;SMARCC1;BSCL2;CADM1;RTN4;GLMN;ARID4A;F2R;STAT6;KAT2A
prerank,Negative Regulation Of Phosphoprotein Phosphatase Activity (GO:0032515),0.2919323866845702,0.8516587410708236,6.747475e-01,9.214864e-01,1.000000e+00,2/16,1.23%,PPP1R11;NCKAP1L
prerank,Myeloid Cell Development (GO:0061515),0.2915349378458423,0.8513118403776779,6.863118e-01,9.207928e-01,1.000000e+00,6/16,30.53%,NCKAP1L;ALAS1;FOXP1;EVI2B;NRROS;LYAR
prerank,Cell Cycle G2/M Phase Transition (GO:0044839),-0.2750943467154784,-0.8512424397087605,6.715789e-01,9.112004e-01,1.000000e+00,5/19,14.94%,AKAP8L;LATS1;AKAP8;CCDC57;PLCB1
prerank,Positive Regulation Of Response To Stimulus (GO:0048584),0.22467322161560754,0.8505894353027295,7.114625e-01,9.209097e-01,1.000000e+00,12/49,20.29%,UCHL5;SMCHD1;INO80D;INO80B;FCGR2B;RUVBL1;WRAP53;ILK;RIGI;YY1;CCDC117;RNF8
prerank,Mitochondrion Organization (GO:0007005),-0.1882761476416228,-0.8499616236848356,8.203463e-01,9.125318e-01,1.000000e+00,18/126,14.07%,RAB5IF;TIMM17A;IFIT2;PYROXD2;TIMM23;TIMM8B;BCS1L;MTX1;SUPV3L1;SLC25A36;HSD17B10;TOMM22;MPV17;MTX3;USP30;TSPO;PINK1;AGTPBP1
prerank,Stress-Activated Protein Kinase Signaling Cascade (GO:0031098),0.2864929657541779,0.8489252140874521,6.305147e-01,9.231223e-01,1.000000e+00,2/18,2.48%,MAPK14;PDCD10
prerank,mRNA Polyadenylation (GO:0006378),-0.2723747098408646,-0.8488622063150177,6.815287e-01,9.134896e-01,1.000000e+00,3/22,4.25%,TENT4B;WDR33;HEXIM1
prerank,Protein K48-linked Deubiquitination (GO:0071108),-0.2864119957080195,-0.8476347028505556,6.791667e-01,9.146826e-01,1.000000e+00,6/17,20.68%,VCPIP1;OTUD4;USP33;USP25;YOD1;OTUB1
prerank,Positive Regulation Of Carbohydrate Metabolic Process (GO:0045913),0.2802546581899007,0.8461917084587058,6.907407e-01,9.273991e-01,1.000000e+00,5/18,12.23%,IFNG;PSEN1;HIF1A;ARNT;ZBTB20
prerank,Regulation Of Interferon-Beta Production (GO:0032648),-0.22980383973485852,-0.8460336593517224,7.212766e-01,9.166782e-01,1.000000e+00,12/42,20.86%,FLOT1;OAS1;RIOK3;POLR3F;ISG15;POLR3C;REL;RIPK2;DDX3X;RELB;IRF1;NLRC3
prerank,Integrin-Mediated Signaling Pathway (GO:0007229),0.23390472146935856,0.8452951352935384,7.329650e-01,9.278300e-01,1.000000e+00,8/42,15.70%,ITGA4;ERBIN;CD47;PLEK;ADAM10;SEMA7A;ILK;ITGA6
prerank,Histone H3 Acetylation (GO:0043966),0.24326058957514063,0.8448736477836626,7.154150e-01,9.272381e-01,1.000000e+00,13/34,25.47%,TAF7;USP22;SUPT20H;TRRAP;KAT2A;TAF5;TADA2A;TAF12;SUPT3H;TAF5L;MAP3K7;TADA3;TAF9
prerank,Plasma Membrane Organization (GO:0007009),0.22422452440431123,0.8435354275866415,7.384306e-01,9.285772e-01,1.000000e+00,17/46,28.16%,SMPD1;STX2;CHMP5;SNX18;CHMP1A;BIN2;WHAMM;BIN1;ARV1;ANO6;VPS4B;STX4;CHMP7;SERP1;MYH9;UGCG;CHMP6
prerank,Regulation Of Adaptive Immune Response (GO:0002819),0.29231452213144216,0.8431640097257886,7.055336e-01,9.278970e-01,1.000000e+00,5/15,29.18%,TRIM27;FCGR2B;FADD;AKIRIN2;AHR
prerank,Amide Biosynthetic Process (GO:0043604),0.2605312664186954,0.842818948780328,7.174312e-01,9.272067e-01,1.000000e+00,7/25,23.04%,SMPD1;GLS;PCSK5;SMPD4;GLUD1;PAM;SPTSSB
prerank,Mitotic Metaphase Plate Congression (GO:0007080),-0.23736348262030993,-0.8421722689878183,7.090164e-01,9.236478e-01,1.000000e+00,9/36,17.23%,MAPRE1;CHMP4A;CHMP2B;CUL3;SEH1L;BECN1;KIF22;CHMP2A;VPS4A
prerank,Regulation Of Cellular Senescence (GO:2000772),0.25503237155749325,0.8421169081591212,6.979362e-01,9.272340e-01,1.000000e+00,7/27,24.92%,NUAK1;AKT3;PTEN;YBX1;NEK4;TP53;RSL1D1
prerank,Regulation Of Protein Targeting To Membrane (GO:0090313),-0.2718753548551319,-0.8412129658922155,6.868687e-01,9.242979e-01,1.000000e+00,11/20,34.21%,INPP5K;ITGAM;DMTN;TCAF1;CIB1;HRAS;ITGB2;ANK3;MIEF1;FIS1;CHP1
prerank,Fc Receptor Signaling Pathway (GO:0038093),0.2756498451194715,0.8410819077229131,6.845238e-01,9.280672e-01,1.000000e+00,8/21,25.45%,MAP2K4;PRKCQ;PLCG1;LCK;CD247;MAPK8;MAP3K7;FCGR3A
prerank,RNA Polyadenylation (GO:0043631),-0.2666733324792464,-0.8407462264487654,7.055085e-01,9.238061e-01,1.000000e+00,3/23,4.25%,TENT4B;WDR33;HEXIM1
prerank,Postreplication Repair (GO:0006301),0.2889367225287652,0.840183980859497,6.895911e-01,9.285426e-01,1.000000e+00,10/17,30.28%,UBE2B;PARP10;FAAP20;VCP;RAD18;PRIMPOL;POLI;UBE2V2;UBE2A;MSH2
prerank,Epithelial Cell Differentiation (GO:0030855),-0.22913947791131256,-0.8390248659921655,7.544643e-01,9.260290e-01,1.000000e+00,13/40,25.02%,LGALS3;AKT1;GATA3;LATS1;TPP1;MAF;EDF1;PCNA;PGK1;ANXA4;VDAC1;KDM6B;GSTK1
prerank,Gluconeogenesis (GO:0006094),-0.26410759223265534,-0.8382879729704519,6.800847e-01,9.261422e-01,1.000000e+00,4/22,7.51%,POLR2D;FBP1;ENO3;CRTC2
prerank,Mitotic G2 DNA Damage Checkpoint Signaling (GO:0007095),0.26662323295277623,0.8380631575543525,7.281553e-01,9.316718e-01,1.000000e+00,6/23,18.28%,CDK5RAP3;TRIM39;TAOK1;TAOK3;MRE11;ATM
prerank,Negative Regulation Of Extrinsic Apoptotic Signaling Pathway (GO:2001237),0.22681572083630092,0.8369132789556467,7.623762e-01,9.326445e-01,1.000000e+00,8/44,12.65%,ARHGEF2;RFFL;MCL1;BCL2L1;RIPK1;ZMYND11;TMBIM1;PEA15
prerank,Positive Regulation Of Mitochondrial Fission (GO:0090141),0.2880767995095936,0.8368465366652513,7.077535e-01,9.313556e-01,1.000000e+00,4/16,10.56%,SPIRE1;RALA;BNIP3;VPS35
prerank,Cellular Response To Insulin Stimulus (GO:0032869),0.21227860095419013,0.8367523089579356,7.705545e-01,9.300965e-01,1.000000e+00,17/61,21.43%,ZFP36L1;PRKDC;RAB10;HDAC5;PARP1;VAMP2;EPRS1;APPL1;INSIG2;PKM;PDE3B;LPIN2;DENND4C;PDK2;SELENOS;PIK3R2;PIK3R3
prerank,Nuclear Envelope Organization (GO:0006998),-0.28336614681976935,-0.8365068237742971,6.910891e-01,9.282334e-01,1.000000e+00,5/16,24.10%,TMEM170A;LMNB2;VPS4A;DMPK;LMNA
prerank,Negative Regulation Of Cell Death (GO:0060548),-0.22824401241979994,-0.8340406922345317,7.348178e-01,9.319036e-01,1.000000e+00,12/40,19.74%,AKT1;CHMP4A;CHMP2B;PEPD;BECN1;PINK1;CHMP2A;VPS4A;DPP9;AMIGO2;HTRA2;TXNDC12
prerank,Protein Localization To Organelle (GO:0033365),0.1890394911611562,0.833745562270849,8.377863e-01,9.349864e-01,1.000000e+00,32/101,27.55%,GBP5;TIA1;GCC2;CEP250;EHD1;RAB11A;PIKFYVE;SSB;SARM1;RPA2;VPS35;COG7;GET1;BBS2;CCDC47;YBX1;RCSD1;PPP1R15A;RAB6A;BBS9;TULP3;TMEM30A;UBAC2;ATP6V1D;TSPAN17;GBP1;GABARAPL2;TOR1A;RPA1;PEX2;GET3;TOR1B
prerank,Protein Catabolic Process (GO:0030163),-0.20628088970580158,-0.833002476599227,8.341014e-01,9.326522e-01,1.000000e+00,20/69,26.48%,FBXO44;TCIRG1;MARCHF6;UCHL3;CTSD;CASP3;CTSS;TPP1;CTSW;CAPN2;DENND3;HTRA2;BAG6;DDB1;LAMP2;ATE1;GZMA;CLN6;TRIM21;RAB12
prerank,Regulation Of Transcription Initiation By RNA Polymerase II (GO:0060260),0.21538305741518535,0.8327996751223011,7.788650e-01,9.355705e-01,1.000000e+00,7/53,8.24%,TAF7;TBP;MED31;GTF2A1;MED28;DHX36;MDC1
prerank,Phospholipid Translocation (GO:0045332),-0.2597568048849794,-0.8320299081041119,7.142857e-01,9.332715e-01,1.000000e+00,9/20,28.76%,TRIAP1;ATP8A1;ABCA7;PLSCR1;P2RX7;ATP11C;ATP8B4;ABCB1;ATP9A
prerank,Organonitrogen Compound Catabolic Process (GO:1901565),0.21881030701777637,0.8315821851330641,7.779886e-01,9.366035e-01,1.000000e+00,17/47,28.75%,LNPEP;RIPK1;GNPDA2;TRIM24;SLC16A3;ETFA;MTOR;GGACT;SGPL1;SQSTM1;LRSAM1;RIDA;RNF5;CPQ;PNPLA8;NPEPPS;BCKDK
prerank,Response To Endoplasmic Reticulum Stress (GO:0034976),-0.19523777581410823,-0.8304973777766487,8.150538e-01,9.349089e-01,1.000000e+00,22/88,22.38%,ATF4;MARCHF6;GORASP2;ERN1;FLOT1;BBC3;SELENOK;DERL1;PIK3R1;SEL1L;CASP4;TMEM259;P4HB;UFC1;PDIA3;UFM1;BAG6;ERP44;HSPA5;BAK1;PDIA6;HYOU1
prerank,"DNA Damage Response, Signal Transduction By P53 Class Mediator (GO:0030330)",0.2590879018677371,0.8298862111803316,7.126866e-01,9.386928e-01,1.000000e+00,9/23,24.36%,CDKN1B;ATRX;MYO6;SP100;ATM;CRADD;TP53;CASP2;BATF
prerank,DNA Duplex Unwinding (GO:0032508),-0.2425030746482184,-0.8296542367649586,7.326316e-01,9.352361e-01,1.000000e+00,5/31,9.73%,RTEL1;SUPV3L1;ERCC3;MCM2;DDX1
prerank,Cellular Response To Oxidative Stress (GO:0034599),0.19648665019115055,0.8294446399203412,8.224299e-01,9.381519e-01,1.000000e+00,22/82,21.11%,SETX;JUN;STX2;EIF2S1;HIF1A;ZFAND1;ARNT;PARP1;PRDX2;NUDT2;RAD52;KEAP1;PRR5L;PRDX3;ERCC6L2;PDK2;ATM;PEX14;ERMP1;SELENOS;SQSTM1;MAPK8
prerank,Transcription Initiation-Coupled Chromatin Remodeling (GO:0045815),-0.24376381230092206,-0.8286273977781259,7.225673e-01,9.358326e-01,1.000000e+00,2/29,1.01%,BRD7;ARID1B
prerank,Regulation Of Cold-Induced Thermogenesis (GO:0120161),-0.19524787453920833,-0.8285893486117663,7.957447e-01,9.344462e-01,1.000000e+00,18/80,20.80%,ATF4;GNAS;PWWP2B;PLCL2;NOTCH1;IL4R;GADD45G;BMAL1;PGAM5;LPIN1;IL18;IGF1R;FABP5;PER2;FLCN;ID1;RBPJ;OGT
prerank,Plasma Membrane Bounded Cell Projection Morphogenesis (GO:0120039),0.2613238910520331,0.8285547651528082,7.374749e-01,9.384574e-01,1.000000e+00,5/23,14.96%,NCKAP1L;TNIK;SNX1;TAOK3;ZNF335
prerank,Lysosomal Transport (GO:0007041),0.19532906253018661,0.8283161394636864,8.196393e-01,9.375065e-01,1.000000e+00,19/86,18.18%,VPS51;GCC2;VPS33A;CHMP5;HGSNAT;AKTIP;HOOK2;CCDC91;CLEC16A;CHMP1A;VPS35;FHIP1B;TMEM106B;LAPTM5;VPS16;UEVLD;BIN1;PIK3R4;PXK
prerank,Regulation Of Release Of Cytochrome C From Mitochondria (GO:0090199),-0.24407364775758905,-0.827007935888203,7.462687e-01,9.362629e-01,1.000000e+00,6/30,13.45%,FXN;BBC3;BAD;TRIAP1;MOAP1;PINK1
prerank,Regulation Of Hydrolase Activity (GO:0051336),-0.23366581744400672,-0.8261687169986033,7.433265e-01,9.365749e-01,1.000000e+00,6/34,10.50%,PLXNA4;CHN2;EPHA4;PLXNA3;STMN3;ARHGAP9
prerank,Regulation Of Transferase Activity (GO:0051338),-0.28082626053576565,-0.8253267103083721,6.792453e-01,9.368113e-01,1.000000e+00,2/17,2.40%,SPINDOC;LDB1
prerank,Regulation Of Bone Resorption (GO:0045124),0.2938721128118841,0.8241844867763412,6.896552e-01,9.444130e-01,1.000000e+00,4/15,17.10%,SLC4A2;S1PR1;INPP5D;GPR137
prerank,Cytoplasmic Translation (GO:0002181),-0.2867011876284924,-0.8241812422048949,7.210744e-01,9.377497e-01,1.000000e+00,5/15,19.10%,DRG2;EIF4A1;RWDD1;EIF3I;ETF1
prerank,Regulation Of Phosphatidylinositol 3-Kinase Signaling (GO:0014066),-0.2313004802909745,-0.8237311032587972,7.673956e-01,9.372169e-01,1.000000e+00,8/35,18.29%,MAZ;MYDGF;CCL5;BECN1;HCST;IL18;IGF1R;PPP1R16B
prerank,Ventricular Septum Development (GO:0003281),0.290636607677875,0.8228697793046746,7.337278e-01,9.455826e-01,1.000000e+00,3/15,7.17%,TGFBR2;CITED2;BMPR1A
prerank,Regulation Of Mitochondrial Membrane Potential (GO:0051881),0.2501069565548307,0.8208023762570559,7.495362e-01,9.481146e-01,1.000000e+00,7/26,16.67%,ARL6IP5;SOD1;BCL2L1;VCP;SPART;PPA2;PRDX3
prerank,Regulation Of Interleukin-8 Production (GO:0032677),0.22101376528625077,0.8205533009699645,7.806841e-01,9.471071e-01,1.000000e+00,12/43,22.52%,STAT3;PTPRC;RIPK1;F2R;RIGI;PRKD2;CD2;PTPN22;TIRAP;MAP2K5;HMGB1;FADD
prerank,Negative Regulation Of TORC1 Signaling (GO:1904262),-0.26545470118980574,-0.8198685692854601,7.289528e-01,9.435641e-01,1.000000e+00,5/20,15.83%,SESN3;SEH1L;SEC13;ITFG2;CASTOR2
prerank,Regulation Of JUN Kinase Activity (GO:0043506),0.25094703800055324,0.819803544412332,7.283237e-01,9.471210e-01,1.000000e+00,6/27,12.89%,DUSP16;MAP3K4;HIPK3;PTPN1;MAP4K2;TAOK3
prerank,Positive Regulation Of Epidermal Growth Factor Receptor Signaling Pathway (GO:0045742),0.2848365842082487,0.8193792087275547,7.120316e-01,9.465174e-01,1.000000e+00,4/15,21.91%,NUP62;RALA;SHKBP1;RALB
prerank,Histone Deubiquitination (GO:0016578),0.23369525736594998,0.8193387059200036,7.494990e-01,9.451420e-01,1.000000e+00,11/32,25.47%,TAF7;USP22;SUPT20H;TRRAP;KAT2A;TAF5;TAF12;SUPT3H;TAF5L;TADA3;TAF9
prerank,Negative Regulation Of Intracellular Protein Transport (GO:0090317),-0.27768805859868906,-0.8174643210322655,7.058824e-01,9.469404e-01,1.000000e+00,8/17,29.37%,INPP5K;DMTN;SUMO1;INSIG1;UFM1;PARK7;BAG4;SIRT6
prerank,Positive Regulation Of Pattern Recognition Receptor Signaling Pathway (GO:0062208),-0.24383594563487,-0.8170422499677362,7.478261e-01,9.462982e-01,1.000000e+00,2/26,4.33%,SLC15A4;FLOT1
prerank,Positive Regulation Of Myeloid Leukocyte Differentiation (GO:0002763),-0.25167821014156366,-0.8166014578640216,7.584034e-01,9.457099e-01,1.000000e+00,6/25,16.67%,ID2;PRKCA;TNFRSF11A;HLA-DRB1;EEIG1;TESC
prerank,snRNA Metabolic Process (GO:0016073),0.27221962446560777,0.8164351125575853,7.310757e-01,9.494430e-01,1.000000e+00,6/21,21.14%,INTS14;INTS9;INTS2;INTS7;SNAPC3;MTREX
prerank,Regulation Of Protein Localization To Cell Surface (GO:2000008),0.26470820500612696,0.8160645029219995,7.304015e-01,9.487041e-01,1.000000e+00,11/21,33.29%,TM9SF4;KCNAB2;CTNNB1;LEPROT;STX4;PICALM;TOR1A;COMMD1;HSP90AB1;GOPC;TNF
prerank,Zymogen Activation (GO:0031638),-0.27019196604831597,-0.8151147394941032,7.310757e-01,9.470507e-01,1.000000e+00,7/18,23.09%,FURIN;BAD;ASPH;TBC1D10A;RIPK2;BAK1;PGK1
prerank,Regulation Of Cilium Assembly (GO:1902017),0.20923399169860857,0.8151054144453176,8.190299e-01,9.491272e-01,1.000000e+00,16/50,29.07%,CEP120;ATG5;GDI2;RABEP2;ODF2L;WDPCP;TCHP;TBC1D7;IFT88;CDKL1;TBC1D10B;TBC1D1;TBC1D10C;TBC1D22B;TBC1D14;CDK10
prerank,Positive Regulation Of Nitrogen Compound Metabolic Process (GO:0051173),-0.27450297267518264,-0.8146485556650916,7.245509e-01,9.465023e-01,1.000000e+00,4/17,9.53%,AKT1;TGFB1;GATA3;NFKB1
prerank,Vesicle Cytoskeletal Trafficking (GO:0099518),-0.25738915952756714,-0.8141745118030562,7.428023e-01,9.459540e-01,1.000000e+00,1/21,0.03%,RAB1A
prerank,Positive Regulation Of Type I Interferon Production (GO:0032481),0.21257124286160523,0.8129896122691385,8.304762e-01,9.516701e-01,1.000000e+00,12/53,21.12%,G3BP1;TRAF3IP3;TOMM70;TRIM65;DHX36;STING1;IRF3;RAB2B;RIGI;PTPN22;POLR3A;PTPN11
prerank,Glycoprotein Biosynthetic Process (GO:0009101),0.2160954382714224,0.8126988451760884,7.807692e-01,9.507533e-01,1.000000e+00,9/47,17.77%,GOLPH3;ST8SIA4;TNIP1;ST3GAL1;COG7;FUT10;CHST12;ARFGEF1;ALG3
prerank,Protein Localization To Plasma Membrane (GO:0072659),-0.19459039109643697,-0.812619767001879,8.456522e-01,9.473962e-01,1.000000e+00,15/71,16.67%,INPP5K;CD81;GORASP2;FLOT1;PACS2;ZFYVE27;GAK;TTC7A;TMED2;S100A10;IKBKB;ZDHHC3;EHD3;SMURF1;TESC
prerank,Negative Regulation Of Endopeptidase Activity (GO:0010951),0.27861199108703316,0.8125524366070127,7.205323e-01,9.495940e-01,1.000000e+00,6/17,24.30%,SERPINB9;SPOCK2;BIN1;SERPINB6;PCID2;IFI16
prerank,Endoplasmic Reticulum Organization (GO:0007029),0.22140448632908935,0.8123449658820797,7.775665e-01,9.485467e-01,1.000000e+00,14/42,27.55%,MIA3;RAB10;RTN4;LPCAT3;GET1;SMPD4;CCDC47;VAPB;EIF2AK3;SPTSSB;STX18;REEP3;GET3;TOR1B
prerank,Histone H3-K4 Methylation (GO:0051568),-0.24605253733622723,-0.8112562331178262,7.472527e-01,9.485763e-01,1.000000e+00,8/25,24.01%,BOD1L1;KMT2B;HCFC1;NFYA;KDM6A;PAXIP1;KMT2C;BOD1
prerank,Vesicle-Mediated Transport To The Plasma Membrane (GO:0098876),0.1956194826073111,0.8111691371037539,8.508946e-01,9.493416e-01,1.000000e+00,16/69,22.39%,VPS51;EHD1;RAB10;EPS15;SNX27;SNX3;VPS35;SNX17;BLTP1;GOLGA7;PTPN23;SNX4;HGS;EXOC2;EIPR1;GGA2
prerank,Positive Regulation Of Binding (GO:0051099),-0.20464729013321617,-0.8109467545005804,7.932489e-01,9.477278e-01,1.000000e+00,11/55,15.53%,NME1;CEBPG;FLOT1;PIN1;NCBP1;DERL1;USP33;GMNN;DTX3L;EDF1;RIPK2
prerank,Regulation Of Mitotic Spindle Organization (GO:0060236),0.22963223791055773,0.8107579744551567,7.690802e-01,9.486283e-01,1.000000e+00,12/32,28.90%,NUP62;CHMP5;CLTC;CHMP1A;MAP9;NUMA1;BORA;VPS4B;CHMP7;PDCD6IP;CHMP6;FSD1
prerank,Antiviral Innate Immune Response (GO:0140374),0.2328855623067941,0.8092574186319134,7.834862e-01,9.501330e-01,1.000000e+00,9/34,18.65%,PHB2;SENP7;CARD8;STING1;NCK1;DHX15;RIGI;DHX16;ATAD3A
prerank,Nuclear Membrane Reassembly (GO:0031468),-0.2614183297453838,-0.809085503527508,7.434870e-01,9.498649e-01,1.000000e+00,6/22,17.23%,CHMP4A;CHMP2B;NSFL1C;CHMP2A;BROX;VPS4A
prerank,Monoatomic Cation Homeostasis (GO:0055080),0.2345070260047864,0.809016495487146,7.792208e-01,9.491641e-01,1.000000e+00,10/30,26.47%,SLC12A6;COX11;SLC39A6;CUTC;NEO1;LETMD1;LETM2;CYBRD1;PICALM;COMMD1
prerank,Regulation Of Neuron Apoptotic Process (GO:0043523),-0.21634741026866644,-0.8089674588417439,7.816327e-01,9.486577e-01,1.000000e+00,3/45,2.26%,ATF4;NSMF;EGR1
prerank,Intrinsic Apoptotic Signaling Pathway By P53 Class Mediator (GO:0072332),-0.24546042275439736,-0.8081735164354867,7.575758e-01,9.487634e-01,1.000000e+00,8/27,21.29%,DDIT4;SNW1;HIPK1;BCL3;JMY;HIPK2;BAG6;BOK
prerank,Epithelial To Mesenchymal Transition (GO:0001837),0.24409818592086827,0.8080186701746604,7.674419e-01,9.495822e-01,1.000000e+00,9/25,23.67%,DDX5;DDX17;HIF1A;TASOR;CTNNB1;EOMES;HEY2;ROCK2;ROCK1
prerank,Negative Regulation Of Transforming Growth Factor Beta Receptor Signaling Pathway (GO:0030512),0.21614382976661434,0.8079961869617596,7.996071e-01,9.482130e-01,1.000000e+00,4/44,3.85%,HDAC1;RBBP4;SNX6;MTMR4
prerank,Positive Regulation Of Cellular Catabolic Process (GO:0031331),0.18183152482459136,0.8071634218663671,8.794063e-01,9.482801e-01,1.000000e+00,31/107,24.80%,CNOT7;TRIM22;UFL1;IFNG;PNPLA2;TRIM65;PSEN1;BNIP3;HIF1A;PTPN1;ARNT;ITCH;SH3GLB1;TRIM38;ZBTB20;LAPTM5;PRR5L;ZC3HAV1;DEPDC5;PPARA;MTOR;KHSRP;SQSTM1;MTDH;HMGB1;TTC5;ROCK1;TRIM23;ULK2;ATG13;TRIM5
prerank,Mitochondrial Membrane Organization (GO:0007006),0.2342349294437193,0.8062970262883713,7.702703e-01,9.484020e-01,1.000000e+00,5/30,8.30%,GHITM;IMMT;BNIP3;TAFAZZIN;BCL2L1
prerank,Establishment Or Maintenance Of Epithelial Cell Apical/Basal Polarity (GO:0045197),0.23875824821116198,0.8059165173587085,7.549020e-01,9.476469e-01,1.000000e+00,14/28,35.86%,ERBIN;LIN7B;PATJ;DLG1;EZR;PALS1;MSN;MYO9A;PDCD6IP;PARD6A;PDZD11;WDR1;PRKCZ;SCRIB
prerank,Cell Junction Assembly (GO:0034329),-0.24731315158994122,-0.805792487288437,7.361702e-01,9.518368e-01,1.000000e+00,2/23,1.81%,CDC42;RYK
prerank,Negative Regulation Of Viral Genome Replication (GO:0045071),-0.21956224523095552,-0.8046571341915152,7.810651e-01,9.524437e-01,1.000000e+00,7/42,10.57%,INPP5K;APOBEC3H;OAS1;CCL5;N4BP1;MORC2;ISG15
prerank,Defense Response To Bacterium (GO:0042742),0.20120727125356397,0.8045070113080058,8.420039e-01,9.489467e-01,1.000000e+00,19/62,28.46%,S100A8;PPP1R11;S100A9;GBP4;GSDMD;GBP3;LYZ;ZNFX1;SHARPIN;DROSHA;TIRAP;RNF213;H2BC12;GBP1;MR1;HLA-A;SPN;RBCK1;AKIRIN2
prerank,Natural Killer Cell Mediated Cytotoxicity (GO:0042267),-0.2749829590799059,-0.8043694964593724,7.406680e-01,9.515275e-01,1.000000e+00,5/16,16.78%,CEBPG;TUBB4B;PLEKHM2;NKG7;TUBB2A
prerank,Regulation Of Bone Mineralization (GO:0030500),0.26322664466049706,0.8043295785957236,7.529183e-01,9.478641e-01,1.000000e+00,7/19,26.42%,NBR1;BMPR1A;S1PR1;BCOR;RXRB;ANO6;ANKH
prerank,Receptor Metabolic Process (GO:0043112),0.28660324609378307,0.804278916760707,7.378641e-01,9.465399e-01,1.000000e+00,5/15,17.11%,MVB12A;SH3GLB1;NSG1;UVRAG;PIK3R4
prerank,Cellular Response To Reactive Oxygen Species (GO:0034614),-0.2112786514564156,-0.8039901691008762,8.151261e-01,9.507962e-01,1.000000e+00,11/49,18.28%,AKT1;FXN;OSER1;MAPK9;PRDX5;MPV17;PKD2;RIPK3;ZNF580;NFE2L2;ROMO1
prerank,Positive Regulation Of Transcription Initiation By RNA Polymerase II (GO:0060261),0.21317671520151352,0.8033274903526465,8.359375e-01,9.468145e-01,1.000000e+00,6/48,8.24%,TAF7;TBP;MED31;GTF2A1;MED28;MDC1
prerank,Histone Lysine Methylation (GO:0034968),0.2386101776989358,0.803251992957328,7.918288e-01,9.455504e-01,1.000000e+00,7/30,15.45%,HCFC2;WDR82;SETDB2;SMYD3;EHMT2;DPY30;NCOA6
prerank,Positive Regulation Of Protein Localization To Cell Periphery (GO:1904377),-0.23195148972428864,-0.8016334232033149,7.912317e-01,9.536955e-01,1.000000e+00,4/29,8.97%,LGALS3;AKT1;STX3;PIK3R1
prerank,Melanosome Organization (GO:0032438),0.24585594526211463,0.8005947380696699,7.519231e-01,9.488914e-01,1.000000e+00,10/26,27.17%,HPS3;PIKFYVE;BLOC1S4;BLOC1S1;RAB29;HPS5;BLOC1S2;AP3M1;SNAPIN;DTNBP1
prerank,Negative Regulation Of Intracellular Steroid Hormone Receptor Signaling Pathway (GO:0033144),0.25488637490530974,0.8005412857576846,7.777778e-01,9.475806e-01,1.000000e+00,2/22,2.41%,HDAC1;STRN3
prerank,Regulation Of Endocytosis (GO:0030100),0.2235420799737775,0.8005178416511247,7.988506e-01,9.462251e-01,1.000000e+00,14/38,30.67%,PTPRC;SMPD1;PTPN1;SNX17;RUBCN;LETMD1;RAB4B;LRSAM1;ROCK1;PICALM;MTMR2;DAB2;RUFY1;SYT11
prerank,Regulation Of Insulin Receptor Signaling Pathway (GO:0046626),-0.2433165816017706,-0.8002277000771991,7.671518e-01,9.547932e-01,1.000000e+00,5/27,11.02%,INPP5K;PIP4K2A;GSK3A;PRKCB;SOCS1
prerank,Purine Nucleotide Metabolic Process (GO:0006163),0.2593808963957422,0.7996758954011424,7.648184e-01,9.464339e-01,1.000000e+00,3/21,7.39%,SLC4A7;PRPSAP2;MDH1
prerank,Peptidyl-Lysine Methylation (GO:0018022),0.2651751464809671,0.7993860405832984,7.556818e-01,9.455146e-01,1.000000e+00,8/18,30.77%,EHMT1;VCPKMT;SMYD3;EHMT2;ATPSCKMT;METTL18;EEF1AKMT2;EEF2KMT
prerank,Modulation By Host Of Viral Genome Replication (GO:0044827),-0.2678625852017544,-0.7992676354756484,7.555110e-01,9.551560e-01,1.000000e+00,3/18,9.49%,ZC3H12A;PPIB;TBC1D20
prerank,Nucleobase-Containing Compound Catabolic Process (GO:0034655),0.22613282595238599,0.7986792856757341,7.996219e-01,9.454576e-01,1.000000e+00,9/36,21.14%,PPP1R8;HNRNPD;ISG20;EXOSC2;EXOSC3;EXOSC8;DIS3;REXO4;MTREX
prerank,Positive Regulation Of Interferon-Alpha Production (GO:0032727),0.27199599046659645,0.7964906148390684,7.383721e-01,9.478911e-01,1.000000e+00,7/16,35.43%,DHX36;IRF3;RIGI;STAT1;MAVS;HSPD1;IRF5
prerank,Regulation Of Microtubule Cytoskeleton Organization (GO:0070507),-0.260193153639798,-0.7962255770047855,8.032129e-01,9.590288e-01,1.000000e+00,1/19,0.04%,MAPRE1
prerank,Establishment Of Protein Localization To Vacuole (GO:0072666),-0.25913703513511,-0.7950846131540832,7.500000e-01,9.596386e-01,1.000000e+00,2/19,3.19%,VPS37B;STAM
prerank,Positive Regulation Of Cysteine-Type Endopeptidase Activity (GO:2001056),0.2138241184777483,0.7949282228516031,8.320158e-01,9.491834e-01,1.000000e+00,11/42,24.30%,CYCS;ARL6IP5;CYFIP2;CARD8;F2R;REST;CIDEB;MALT1;HMGB1;FADD;IFI16
prerank,Cortical Cytoskeleton Organization (GO:0030865),-0.2531872847531075,-0.7947891199468267,7.769080e-01,9.587182e-01,1.000000e+00,5/20,16.01%,RAC1;RHOQ;PPP2R3C;IKBKB;STRIP1
prerank,Regulation Of Small Molecule Metabolic Process (GO:0062012),-0.231873740346055,-0.7932359135157325,8.020833e-01,9.599790e-01,1.000000e+00,9/29,21.03%,DGKQ;PRKAG1;FOXK1;PRKAG2;PANK2;JMJD8;FOXK2;OGT;TTC39B
prerank,Inositol Phosphate Metabolic Process (GO:0043647),-0.26084950245825156,-0.7927051731583922,7.935872e-01,9.594605e-01,1.000000e+00,5/18,24.28%,INPP5A;ITPKC;SYNJ1;NUDT11;INPP4B
prerank,Positive Regulation Of Protein Localization To Plasma Membrane (GO:1903078),-0.22343821640795802,-0.7923331535038266,7.946612e-01,9.586845e-01,1.000000e+00,4/31,8.97%,LGALS3;AKT1;STX3;PIK3R1
prerank,Triglyceride Metabolic Process (GO:0006641),0.25715469379418354,0.7922372243416843,7.481061e-01,9.524135e-01,1.000000e+00,3/19,8.90%,PNPLA2;GPAT4;LMF1
prerank,Positive Regulation Of Histone Methylation (GO:0031062),-0.2671060120559323,-0.7920769150799147,7.336152e-01,9.577146e-01,1.000000e+00,5/17,20.80%,KANSL2;HCFC1;SUV39H1;PHF20;OGT
prerank,Signal Transduction By P53 Class Mediator (GO:0072331),0.24304335061982454,0.7917350629462826,7.891683e-01,9.518770e-01,1.000000e+00,8/25,24.36%,DDX5;ATRX;MYO6;PDK2;HINT1;TP53;IFI16;BATF
prerank,Clathrin-Dependent Endocytosis (GO:0072583),0.2716052348068713,0.7914264019424331,7.886029e-01,9.510440e-01,1.000000e+00,6/17,25.31%,CLTC;FCHO1;ITSN2;LMBRD1;AP2B1;PICALM
prerank,Membrane Assembly (GO:0071709),-0.24299615736493985,-0.7914202729713541,7.814961e-01,9.574644e-01,1.000000e+00,7/25,17.23%,CHMP4A;CHMP2B;NSFL1C;S100A10;RFTN1;CHMP2A;VPS4A
prerank,Positive Regulation Of Plasma Membrane Bounded Cell Projection Assembly (GO:0120034),0.20149963490460504,0.7913607372805677,8.389513e-01,9.497364e-01,1.000000e+00,10/55,14.11%,RIPOR2;ACTR3;CEP120;NDEL1;CDC42EP3;RALA;WASF2;ACTR2;PIK3CA;FAM98A
prerank,Endosome Organization (GO:0007032),0.2176670405289097,0.7905511771790841,8.092593e-01,9.497134e-01,1.000000e+00,8/41,13.09%,WASHC5;PI4K2B;HOOK2;SNX3;FHIP1B;CLCN3;ATP6V1A;EEA1
prerank,Negative Regulation Of Protein Modification Process (GO:0031400),-0.20824338936625655,-0.7902606214740282,8.405512e-01,9.580172e-01,1.000000e+00,11/48,19.91%,INPP5K;ZC3H12A;TGFB1;CDYL;PTPA;LYN;TSPO;ATG14;P3H1;PPP1R16B;SNTA1
prerank,Regulation Of Intrinsic Apoptotic Signaling Pathway (GO:2001242),0.2188435343410768,0.7900405316043223,8.112840e-01,9.491572e-01,1.000000e+00,7/38,12.95%,S100A8;S100A9;UBQLN1;DAPK2;BCL2L1;LCK;RACK1
prerank,Positive Regulation Of ATP-dependent Activity (GO:0032781),-0.24274781855175237,-0.7897220719606881,7.750000e-01,9.575099e-01,1.000000e+00,8/24,25.33%,DNAJB11;DNAJC24;PLSCR1;PFN1;DNAJC9;ATP1B1;ATP1B3;POT1
prerank,RNA Polymerase II Preinitiation Complex Assembly (GO:0051123),0.215111178851345,0.7895052376655913,8.273245e-01,9.487024e-01,1.000000e+00,5/42,6.01%,TAF7;TBP;MED31;GTF2A1;MED28
prerank,Eye Development (GO:0001654),0.2787896591323332,0.7889392828020998,7.858546e-01,9.482433e-01,1.000000e+00,4/15,14.07%,PBX3;CEP290;ZDHHC16;NIPBL
prerank,Regulation Of Mitochondrial Fission (GO:0090140),0.25814836795760404,0.787224697775779,7.875244e-01,9.498125e-01,1.000000e+00,4/19,10.56%,SPIRE1;RALA;BNIP3;VPS35
prerank,Positive Regulation Of G1/S Transition Of Mitotic Cell Cycle (GO:1900087),-0.24536202031324345,-0.7860743579525782,7.670683e-01,9.622176e-01,1.000000e+00,6/21,20.83%,AKT1;KMT2E;PLCB1;DDX3X;ADAMTS1;SASS6
prerank,Anterior/Posterior Pattern Specification (GO:0009952),0.272885714051972,0.7852167200937428,7.630058e-01,9.518276e-01,1.000000e+00,5/16,21.10%,HOXC5;PCSK5;HOXC4;HOXA9;HEY2
prerank,Negative Regulation Of Cell Junction Assembly (GO:1901889),0.26848126579211967,0.7840908136235495,7.758945e-01,9.522306e-01,1.000000e+00,8/16,28.80%,PTEN;DYNLL1;PHLDB2;ROCK2;ROCK1;RCC2;CLASP2;BCAS3
prerank,Regulatory ncRNA Processing (GO:0070918),0.2689280886149999,0.781200941609671,7.467167e-01,9.555964e-01,1.000000e+00,6/17,19.16%,TARBP2;HENMT1;TSNAX;PUM1;ZC3H7A;SPOUT1
prerank,Monocarboxylic Acid Metabolic Process (GO:0032787),0.20021042124511723,0.7810548150883081,8.729282e-01,9.544384e-01,1.000000e+00,12/52,19.53%,ME2;AOAH;ACBD5;ACADSB;AASDHPPT;ACSL4;CROT;GBA2;CPT1A;ABAT;HYI;SGPL1
prerank,Peptidyl-Tyrosine Modification (GO:0018212),-0.23628015630690735,-0.7808654110680673,8.012295e-01,9.693437e-01,1.000000e+00,5/26,12.45%,CLK1;TPST1;EPHA4;CLK4;LYN
prerank,Positive Regulation Of Defense Response To Virus By Host (GO:0002230),0.2572226947494658,0.7796480522361495,7.958015e-01,9.552504e-01,1.000000e+00,5/20,19.68%,TRIM22;TOMM70;STING1;RIGI;PTPN22
prerank,Signal Transduction In Response To DNA Damage (GO:0042770),-0.20234533203211577,-0.778659454712494,8.709016e-01,9.715871e-01,1.000000e+00,11/50,14.78%,MAD2L2;H2AX;RHNO1;BCL3;TRIAP1;MDM4;CDC5L;RAD9A;TIPRL;DTX3L;CLSPN
prerank,Regulation Of Neuron Differentiation (GO:0045664),0.23230933605252244,0.7778794735454762,7.855787e-01,9.566309e-01,1.000000e+00,7/28,16.83%,ARHGEF2;CDK5RAP3;YWHAH;CDK5RAP2;REST;BIN1;GDPD5
prerank,"Retrograde Protein Transport, ER To Cytosol (GO:0030970)",-0.2624361215270044,-0.777313618278784,7.701863e-01,9.724132e-01,1.000000e+00,6/17,23.16%,DERL1;SEC61B;SEL1L;FAF2;HM13;NPLOC4
prerank,Membrane Lipid Biosynthetic Process (GO:0046467),0.22221615577065573,0.776391291678291,8.195212e-01,9.575802e-01,1.000000e+00,16/34,36.57%,ELOVL6;HACD2;KDSR;PRKD3;PRKD2;PPM1L;SGPL1;SPTSSB;ST3GAL2;ORMDL3;ORMDL1;SPHK2;SGPP1;ORMDL2;ELOVL5;SGMS1
prerank,Regulation Of Mitochondrial Membrane Permeability (GO:0046902),-0.2696216056727968,-0.7760695287030883,7.641921e-01,9.728477e-01,1.000000e+00,6/15,24.26%,BAD;NAIF1;SLC25A5;PPIF;BAK1;MUL1
prerank,Response To Hydrogen Peroxide (GO:0042542),0.2294936250472811,0.7759489672756674,8.000000e-01,9.569011e-01,1.000000e+00,7/32,16.67%,SETX;ANKZF1;SOD1;RIPK1;HDAC6;CAT;PRDX3
prerank,Regulation Of Receptor Signaling Pathway Via JAK-STAT (GO:0046425),0.2241147327772713,0.7739391285547024,8.116505e-01,9.586964e-01,1.000000e+00,5/29,12.97%,PTPRC;IL10RA;CRLF3;F2R;IL7R
prerank,Regulation Of Spindle Assembly (GO:0090169),0.23871253281371996,0.7738781913720666,8.063241e-01,9.574487e-01,1.000000e+00,8/24,28.16%,SENP6;CHMP5;CHMP1A;NUMA1;VPS4B;CHMP7;PDCD6IP;CHMP6
prerank,T Cell Receptor Signaling Pathway (GO:0050852),0.19088769156477375,0.7700547831186059,8.847584e-01,9.618526e-01,1.000000e+00,24/67,30.36%,PIK3CD;KHDRBS1;PTPRC;PLCG1;FCHO1;BTN2A2;LCK;PIK3CA;CD247;INPP5D;PRKD2;LCP2;PTPN22;BTN3A3;MALT1;CSK;ZAP70;MAP3K7;HLA-A;NFKBID;RBCK1;EIF2B3;PLCG2;CD8A
prerank,snRNA Processing (GO:0016180),0.26294641439054944,0.7685383713699037,7.996146e-01,9.628553e-01,1.000000e+00,4/17,18.12%,INTS14;INTS9;INTS2;INTS7
prerank,Monoatomic Anion Transport (GO:0006820),-0.2504690175384813,-0.7684846094935373,7.995910e-01,9.832717e-01,1.000000e+00,7/19,23.19%,CLCN6;TSPO;BEST1;LRRC8C;CLIC3;ANO8;VDAC1
prerank,DNA Methylation (GO:0006306),-0.2662201899286539,-0.7675639941115636,7.995781e-01,9.832619e-01,1.000000e+00,4/16,16.79%,GATAD2A;ZDBF2;KMT2E;PPM1D
prerank,Positive Regulation Of Epithelial To Mesenchymal Transition (GO:0010718),-0.25568463234079375,-0.7666515757282973,8.079332e-01,9.831968e-01,1.000000e+00,3/18,7.18%,TGFB1;GLIPR2;NOTCH1
prerank,Regulation Of Sodium Ion Transport (GO:0002028),-0.2676962819832901,-0.7657872207980109,8.012685e-01,9.831917e-01,1.000000e+00,6/15,23.86%,P2RX4;PER1;P2RX7;SNTA1;RANGRF;SIK1
prerank,Proteolysis Involved In Protein Catabolic Process (GO:0051603),-0.19093499892058224,-0.7655256600024836,9.008439e-01,9.821912e-01,1.000000e+00,13/58,20.01%,FBXO44;MARCHF6;CHMP4A;CTSS;ISG15;CTSW;UBB;CAPN2;VPS4A;ZRANB1;BAG6;HM13;DDB1
prerank,Mitochondrial RNA Metabolic Process (GO:0000959),-0.2487380527337331,-0.7655217194565765,8.109244e-01,9.807808e-01,1.000000e+00,9/19,30.61%,FASTKD5;FASTKD3;FASTKD2;TEFM;TFB2M;MTERF3;PNPT1;FOXO3;POLRMT
prerank,Protein N-linked Glycosylation (GO:0006487),0.20380122110060717,0.7653117979559271,8.636364e-01,9.662505e-01,1.000000e+00,9/46,14.56%,PSMD2;MLEC;ST6GAL1;UGGT1;ST3GAL1;ALG6;DPAGT1;MGAT2;FUT8
prerank,Positive Regulation Of Interleukin-8 Production (GO:0032757),-0.21964559662839137,-0.7646080761728831,8.537549e-01,9.806988e-01,1.000000e+00,5/32,14.65%,RAB1A;LGALS9;LAMTOR5;CD244;ZNF580
prerank,Vesicle Organization (GO:0016050),0.18811088687999972,0.7643046284087814,9.089027e-01,9.663983e-01,1.000000e+00,12/72,14.62%,SNX11;WASHC5;CHMP5;TRAPPC6B;EPS15;PI4K2B;HOOK2;FHIP1B;VAMP2;TRAPPC1;EEA1;TRAPPC4
prerank,Protein Acetylation (GO:0006473),0.236385978748848,0.7642715178065265,8.349515e-01,9.650827e-01,1.000000e+00,5/24,15.36%,NAA20;HAT1;NAA35;BLOC1S1;NAA10
prerank,Positive Regulation Of Protein-Containing Complex Assembly (GO:0031334),0.1971299095591178,0.764131290646973,8.871287e-01,9.639050e-01,1.000000e+00,19/60,24.08%,GBP5;PLEK;IFNG;CHAF1B;NEK7;VCP;RAP1B;SH3GLB1;EIF4G1;RACK1;SLF1;ATM;PTPN22;MAPK8;ICE1;TIRAP;TP53;BRK1;BCL2L11
prerank,Vesicle Docking (GO:0048278),-0.26185616552733815,-0.7638651821560779,8.333333e-01,9.804372e-01,1.000000e+00,7/17,26.91%,STX5;STX3;STX11;CLN3;STX1A;STX8;STX10
prerank,Positive Regulation Of Mitotic Cell Cycle Phase Transition (GO:1901992),0.20586740743304105,0.7634785250236091,8.620000e-01,9.635619e-01,1.000000e+00,16/41,29.58%,PHB2;RAB11A;MECP2;CDC25B;RRM1;EIF4G1;RB1;CDC16;TFDP1;RAD51C;VPS4B;LSM10;CCND2;RCC2;NSMCE2;ANAPC7
prerank,Endoplasmic Reticulum To Cytosol Transport (GO:1903513),-0.264667782483926,-0.7626468465415301,8.041667e-01,9.808486e-01,1.000000e+00,4/15,14.53%,DERL1;SEC61B;SEL1L;FAF2
prerank,Intracellular Calcium Ion Homeostasis (GO:0006874),-0.19769629173546555,-0.7622697413310983,8.739496e-01,9.799845e-01,1.000000e+00,19/56,24.65%,CALR;PRKACA;MCUB;SELENOK;CCL5;PDZD8;PACS2;YWHAE;ANXA6;CLN3;TRPM2;MICU3;TMEM203;ATP2B1;BAK1;DMPK;ATP1B1;MAIP1;STOML2
prerank,Actin Filament Organization (GO:0007015),-0.18194205665804752,-0.7617573082750331,9.288538e-01,9.793360e-01,1.000000e+00,10/70,15.01%,CDC42;PPP1R9B;MAD2L2;CARMIL2;RAC1;TTN;DMTN;TPM3;MARCKSL1;RFLNB
prerank,Regulation Of Tyrosine Phosphorylation Of STAT Protein (GO:0042509),-0.23456141015912657,-0.7610282193529296,8.255578e-01,9.790410e-01,1.000000e+00,5/23,14.87%,PPP2CA;CCL5;SOCS1;LYN;IL18
prerank,Negative Regulation Of ERK1 And ERK2 Cascade (GO:0070373),-0.24035765304507117,-0.7607390118962184,7.967480e-01,9.780446e-01,1.000000e+00,9/22,21.76%,SPRY2;PIN1;EPHA4;LYN;GSTP1;DUSP6;FLCN;RANBP9;PHB1
prerank,Positive Regulation Of Phosphatase Activity (GO:0010922),-0.2656259649144207,-0.7602382923643133,7.867203e-01,9.773515e-01,1.000000e+00,5/16,14.93%,CALM3;PTPA;RIPK3;GNA12;CALM1
prerank,Positive Regulation Of Leukocyte Mediated Cytotoxicity (GO:0001912),-0.2229335292862178,-0.7602236965832385,8.524904e-01,9.759867e-01,1.000000e+00,13/29,27.60%,XCL1;MICB;KLRC2;ITGAM;TYROBP;HLA-DRB1;LAMP1;CRTAM;HLA-F;HLA-B;KLRC4;CD160;KLRC3
prerank,Negative Regulation Of Double-Strand Break Repair Via Homologous Recombination (GO:2000042),-0.25572592882264006,-0.7595951539735855,8.064516e-01,9.754984e-01,1.000000e+00,2/18,6.01%,MAD2L2;KMT5A
prerank,Positive Regulation Of Endopeptidase Activity (GO:0010950),-0.2693115108311098,-0.7593706230121359,7.919192e-01,9.744159e-01,1.000000e+00,5/16,20.21%,EPHA4;APH1A;LYN;PSME2;PSME1
prerank,Positive Regulation Of Intrinsic Apoptotic Signaling Pathway (GO:2001244),0.22612650259982472,0.7590313546635474,8.596154e-01,9.685665e-01,1.000000e+00,6/28,12.95%,S100A8;S100A9;SOD1;NCK1;LCK;RACK1
prerank,Regulation Of Cellular Localization (GO:0060341),-0.2040204608847923,-0.7589600088712039,8.822355e-01,9.735635e-01,1.000000e+00,11/42,18.77%,FBXW7;RAB14;DNAJB6;TESK1;SUMO1;TRIM25;PLEKHM2;TRIM58;CSNK1E;VPS4A;MMD
prerank,ATP Biosynthetic Process (GO:0006754),-0.23466918345482496,-0.757947002635186,8.300395e-01,9.735399e-01,1.000000e+00,5/23,15.38%,ATP5MC1;TGFB1;ATP5ME;PRKAG2;VPS9D1
prerank,DNA Replication Initiation (GO:0006270),-0.2624113281398267,-0.7575688249676557,8.098160e-01,9.726999e-01,1.000000e+00,2/16,8.52%,MCM2;ORC4
prerank,Sensory Perception Of Mechanical Stimulus (GO:0050954),-0.24012093146527816,-0.7566780892928997,8.139013e-01,9.726572e-01,1.000000e+00,5/21,14.71%,TIMM8B;P2RX4;WHRN;CDC14A;TBL1X
prerank,Receptor-Mediated Endocytosis (GO:0006898),-0.19134009783182862,-0.7564130881183306,8.900634e-01,9.716548e-01,1.000000e+00,26/63,31.22%,GRK2;IGF2R;CD81;RNASEK;CLTB;AP1S1;GAK;ITGAM;MICALL1;CLN3;SNX9;AP2A1;AP2A2;ARRB2;LMBR1L;PDLIM7;M6PR;SORL1;AP2M1;GRB2;FCHO2;TFRC;ITGB2;DNM2;LDLR;AP2S1
prerank,Phosphatidic Acid Metabolic Process (GO:0046473),-0.24031962060280165,-0.7562915285911812,8.387097e-01,9.704473e-01,1.000000e+00,7/21,23.03%,DGKQ;ABHD5;SLC27A1;AGPAT2;PLA2G6;AGPAT5;DGKA
prerank,Cellular Response To Cadmium Ion (GO:0071276),-0.2728996060075627,-0.7549232848816957,8.044944e-01,9.709700e-01,1.000000e+00,2/15,3.77%,AKT1;MAPK9
prerank,Cell-Cell Junction Assembly (GO:0007043),-0.23739790773150016,-0.7536698635660233,8.350951e-01,9.712984e-01,1.000000e+00,3/21,7.02%,RHOC;PRKCA;PKN2
prerank,Positive Regulation Of Protein Targeting To Membrane (GO:0090314),-0.2547774103302296,-0.7536460003592325,7.906504e-01,9.699748e-01,1.000000e+00,9/17,34.21%,ITGAM;TCAF1;CIB1;HRAS;ITGB2;ANK3;MIEF1;FIS1;CHP1
prerank,Positive Regulation Of Neuron Death (GO:1901216),0.2455195067303266,0.7533190334566777,8.214286e-01,9.751005e-01,1.000000e+00,2/20,5.61%,IFNG;DAXX
prerank,Protein Localization To Cilium (GO:0061512),0.25897188640952473,0.7526790830918777,8.117871e-01,9.746383e-01,1.000000e+00,8/16,36.38%,EHD1;RAB29;BBS9;TULP3;ATP6V1D;INVS;BBS4;IFT20
prerank,Membrane Protein Proteolysis (GO:0033619),0.23911780856915998,0.7525835016627951,8.183633e-01,9.734037e-01,1.000000e+00,3/23,10.89%,PRKCQ;PSEN1;RBMX
prerank,Positive Regulation Of Cellular Component Organization (GO:0051130),0.19278969863515405,0.7515360256446069,8.867925e-01,9.734544e-01,1.000000e+00,18/58,24.08%,SMPD1;ADD1;IFNG;CHAF1B;LMAN1;BNIP3;VCP;SH3GLB1;RACK1;PTPN23;PPP1R15A;RB1;SLF1;ICE1;TMEM30A;TIRAP;BRK1;BCL2L11
prerank,Pyruvate Metabolic Process (GO:0006090),0.22956850641208026,0.7503954341806924,8.378378e-01,9.736242e-01,1.000000e+00,5/26,14.25%,PGAM1;ME2;PGM1;HK1;PKM
prerank,DNA Damage Checkpoint Signaling (GO:0000077),-0.2218458486649328,-0.7482788882254714,8.684211e-01,9.757446e-01,1.000000e+00,8/29,16.91%,H2AX;RHNO1;CDC5L;RAD9A;TIPRL;DTX3L;CLSPN;ATR
prerank,Positive Regulation Of Macroautophagy (GO:0016239),-0.19528370945585433,-0.7480249461857336,8.912580e-01,9.747304e-01,1.000000e+00,10/49,16.66%,PIP4K2A;ATG2A;SESN3;WIPI1;BAG3;MOAP1;PINK1;OPTN;SLC25A5;SPTLC1
prerank,Cellular Response To Misfolded Protein (GO:0071218),0.25844720300171276,0.7479929152893504,8.275862e-01,9.754697e-01,1.000000e+00,6/17,26.39%,UGGT1;VCP;RNF185;RNF5;DNAJB14;TOR1A
prerank,Positive Regulation Of Cell Cycle G1/S Phase Transition (GO:1902808),0.22420103617367126,0.7478162258827763,8.389662e-01,9.743247e-01,1.000000e+00,11/27,31.77%,PHB2;RRM1;CDC73;EIF4G1;TFDP1;LSM10;CCND2;PEX2;PLCG2;DDRGK1;ANKRD17
prerank,Calcium Ion Transport (GO:0006816),-0.19748415736338987,-0.7474819147376006,8.888889e-01,9.740378e-01,1.000000e+00,11/45,19.03%,P2RX4;SELENOK;CCL5;TRPM7;PKD2;CACNA2D4;CRACR2A;SLC3A2;TRPM2;CACNB1;P2RX7
prerank,Histone H4 Acetylation (GO:0043967),0.21405824129977336,0.7473632299619946,8.866799e-01,9.735920e-01,1.000000e+00,8/36,12.86%,MORF4L2;MSL3;BRD8;TRRAP;EP400;RUVBL1;JADE1;MORF4L1
prerank,Positive Regulation Of Production Of Molecular Mediator Of Immune Response (GO:0002702),-0.2416156728745892,-0.7468677148921941,8.253275e-01,9.734638e-01,1.000000e+00,3/20,8.22%,XCL1;POLR2D;SLC7A5
prerank,Regulation Of Sprouting Angiogenesis (GO:1903670),-0.25909801792571713,-0.746262232311184,8.195021e-01,9.728842e-01,1.000000e+00,5/15,24.15%,CEMIP2;JMJD8;PPP1R16B;EPN1;PIK3CB
prerank,Positive Regulation Of Extrinsic Apoptotic Signaling Pathway (GO:2001238),0.23982088115348169,0.7451016657375295,8.105906e-01,9.753166e-01,1.000000e+00,10/21,40.29%,PAK2;RIPK1;LTB;FADD;TNF;TNFSF12;THBS1;WWOX;PMAIP1;TRAF2
prerank,Synaptic Vesicle Endocytosis (GO:0048488),0.24483147455511595,0.745029568555034,8.706564e-01,9.740420e-01,1.000000e+00,4/19,13.25%,SH3GL1;VAMP2;ITSN2;BLTP1
prerank,Positive Regulation Of Receptor-Mediated Endocytosis (GO:0048260),-0.246622112855408,-0.7436605470161501,8.244576e-01,9.748598e-01,1.000000e+00,5/20,21.78%,CD63;ARRB1;RAB21;WASL;ARRB2
prerank,Regulation Of Cellular Response To Stress (GO:0080135),0.17179059631097918,0.7423692742199116,9.481038e-01,9.761605e-01,1.000000e+00,21/92,20.26%,UCHL5;TAF7;USP22;INO80D;SUPT20H;TRRAP;RPA2;INO80B;USP19;RUVBL1;PARG;EIF4G1;NPM1;KAT2A;TAF5;MTOR;ATM;YY1;TAF12;ETAA1;SUPT3H
prerank,Unsaturated Fatty Acid Metabolic Process (GO:0033559),-0.2568492617293065,-0.7417568198635792,8.329810e-01,9.760238e-01,1.000000e+00,3/16,14.84%,FADS1;GSTP1;ACAA1
prerank,Negative Regulation Of Proteasomal Protein Catabolic Process (GO:1901799),-0.2200521619564285,-0.7415084921853159,8.580000e-01,9.750163e-01,1.000000e+00,10/29,20.82%,PSMF1;USP7;N4BP1;GIPC1;USP25;OPHN1;BAG5;BAG6;OGT;CAMLG
prerank,Negative Regulation Of Ubiquitin-Dependent Protein Catabolic Process (GO:2000059),-0.22080298738845758,-0.7407629109160788,8.939709e-01,9.746065e-01,1.000000e+00,9/29,20.82%,PDCL3;USP7;N4BP1;CSNK2A2;GIPC1;HIPK2;BAG6;OGT;CAMLG
prerank,DNA Geometric Change (GO:0032392),0.2334725832361315,0.7391067293212769,8.615385e-01,9.788961e-01,1.000000e+00,11/23,30.43%,HNRNPA2B1;DHX36;ASCC1;MRE11;HMGB1;MTERF1;BLM;DDX11;RAD50;ASCC3;ASCC2
prerank,Endoplasmic Reticulum Calcium Ion Homeostasis (GO:0032469),0.2515245277222036,0.739001944746258,8.417969e-01,9.776715e-01,1.000000e+00,3/17,13.66%,THADA;PSEN1;CCDC47
prerank,Transcription Preinitiation Complex Assembly (GO:0070897),0.19901189706798397,0.7384329340108887,9.083969e-01,9.770005e-01,1.000000e+00,5/45,6.01%,TAF7;TBP;MED31;GTF2A1;MED28
prerank,Regulation Of Response To Biotic Stimulus (GO:0002831),-0.22485592200214424,-0.7373132347100515,8.682008e-01,9.775143e-01,1.000000e+00,7/26,19.02%,BIRC2;LRP8;N4BP1;HERC5;BIRC3;NFE2L2;IRF1
prerank,Phosphatidic Acid Biosynthetic Process (GO:0006654),0.24188097724446733,0.7369427086485323,8.278689e-01,9.775495e-01,1.000000e+00,3/20,8.02%,GPAT4;AGPAT1;LPCAT1
prerank,Epidermal Cell Differentiation (GO:0009913),0.24173461045097228,0.7337734391595147,8.380414e-01,9.800652e-01,1.000000e+00,2/18,6.28%,HDAC1;PIP5K1A
prerank,Positive Regulation Of Exocytosis (GO:0045921),0.22916873776337388,0.7318884357459314,8.606557e-01,9.809645e-01,1.000000e+00,8/23,28.60%,IFNG;UNC13D;SMPD3;RAB2B;HGS;VPS4B;PDCD6IP;CLASP2
prerank,Translesion Synthesis (GO:0019985),0.24416176236092124,0.7316678643884973,8.442308e-01,9.798426e-01,1.000000e+00,4/18,11.28%,REV3L;PARP10;VCP;REV1
prerank,Mitotic Cytokinesis (GO:0000281),0.19965505456663193,0.7308067539891661,9.148073e-01,9.795017e-01,1.000000e+00,12/40,27.39%,SNX18;STAMBP;MITD1;CKAP2;RASA1;RTKN;EXOC2;ROCK2;ROCK1;SPAST;PDCD6IP;SEPTIN6
prerank,Axon Development (GO:0061564),-0.21227832072029984,-0.7298057318471394,8.797468e-01,9.851792e-01,1.000000e+00,2/30,1.81%,ZPR1;RYK
prerank,Neurogenesis (GO:0022008),-0.23318383672419457,-0.7292437304117058,8.830898e-01,9.845249e-01,1.000000e+00,5/22,17.05%,RYK;BTBD6;BTBD2;TRAK1;METTL3
prerank,Maintenance Of Protein Localization In Organelle (GO:0072595),-0.2462344158825716,-0.7281613873451657,8.380567e-01,9.843831e-01,1.000000e+00,9/16,33.10%,TOPORS;PINK1;SUPT7L;TAF3;HSPA5;SKP1;MORC3;KDELR2;ARL2BP
prerank,Cellular Response To Hydrogen Peroxide (GO:0070301),0.23092081659019859,0.7279658227504633,8.404669e-01,9.814234e-01,1.000000e+00,5/23,16.64%,SETX;ANKZF1;RIPK1;HDAC6;CAT
prerank,Negative Regulation Of Sequestering Of Calcium Ion (GO:0051283),-0.2371822955392067,-0.7278701009463613,8.556701e-01,9.833468e-01,1.000000e+00,5/20,17.46%,XCL1;PLCH2;PKD2;PLCB1;PLCB2
prerank,"Negative Regulation Of DNA-templated Transcription, Elongation (GO:0032785)",0.2428926517805192,0.7276195392279339,8.492647e-01,9.804685e-01,1.000000e+00,5/18,20.29%,WDR82;PARP1;SUPT4H1;ZC3H4;RNF8
prerank,Plasma Membrane Repair (GO:0001778),0.2556169578810138,0.7272672514671501,8.487903e-01,9.795574e-01,1.000000e+00,8/15,30.67%,SMPD1;CHMP5;CHMP1A;VPS4B;CHMP7;MYH9;CHMP6;SYT11
prerank,Negative Regulation Of Plasma Membrane Bounded Cell Projection Assembly (GO:0120033),0.25018150366348146,0.7269212688644052,8.595506e-01,9.785984e-01,1.000000e+00,5/17,23.06%,GDI2;ODF2L;TCHP;TBC1D7;UXT
prerank,Response To Reactive Oxygen Species (GO:0000302),0.20041653487892067,0.7266419148340012,9.166667e-01,9.775827e-01,1.000000e+00,17/43,28.81%,JUN;SOD1;HIF1A;COA8;CAT;PRDX3;ERCC6L2;PDK2;ATM;PEX14;SQSTM1;MAPK8;PXN;TXNRD2;PEX2;HBA1;AGAP3
prerank,Negative Regulation Of Intrinsic Apoptotic Signaling Pathway In Response To DNA Damage (GO:1902230),0.2390863422307897,0.7259426337798899,8.602362e-01,9.770379e-01,1.000000e+00,4/18,16.50%,MARCHF7;BCL2L1;TPT1;CCAR2
prerank,Regulation Of T Cell Mediated Cytotoxicity (GO:0001914),-0.2467574846912583,-0.7248532213669246,8.411405e-01,9.854098e-01,1.000000e+00,4/18,13.71%,XCL1;MICB;HLA-DRB1;RIPK3
prerank,DNA-templated DNA Replication Maintenance Of Fidelity (GO:0045005),-0.21030018838027215,-0.7245631364992221,8.808081e-01,9.844032e-01,1.000000e+00,9/32,22.43%,RTEL1;BOD1L1;EME2;ATR;TIPIN;SLFN11;CDK9;MMS22L;PCNA
prerank,Neural Tube Closure (GO:0001843),-0.24846654305484878,-0.7228903358278741,8.486056e-01,9.849866e-01,1.000000e+00,2/16,10.74%,TGFB1;DEAF1
prerank,Protein Destabilization (GO:0031648),-0.21362738039610057,-0.7227493121374375,8.824786e-01,9.837983e-01,1.000000e+00,4/29,8.48%,CREBBP;RAD23A;CUL3;DERL1
prerank,Mesenchymal Cell Differentiation (GO:0048762),0.21520416509055307,0.7217995864284854,8.742857e-01,9.804054e-01,1.000000e+00,8/26,23.67%,DDX5;DDX17;HIF1A;FBXL17;CTNNB1;HEY2;ROCK2;ROCK1
prerank,Tail-Anchored Membrane Protein Insertion Into ER Membrane (GO:0071816),-0.24882666440407936,-0.7215891852300248,8.448637e-01,9.837038e-01,1.000000e+00,4/16,14.04%,EMC6;EMC7;EMC10;GET4
prerank,G1/S Transition Of Mitotic Cell Cycle (GO:0000082),0.19667472445500683,0.7209303838397755,9.097744e-01,9.799727e-01,1.000000e+00,13/42,25.89%,KHDRBS1;NPAT;CDKN1B;GFI1;CACUL1;USP37;GSPT1;TFDP1;GPR132;ZNF324;CUL4A;CCND3;CCND2
prerank,Histone mRNA Metabolic Process (GO:0008334),0.23235945443355793,0.7195866414224082,8.774704e-01,9.801034e-01,1.000000e+00,4/21,10.31%,CPSF2;SSB;XRN1;TUT7
prerank,Regulation Of Chemokine Production (GO:0032642),-0.24808696377946526,-0.7186732028983502,8.518519e-01,9.854451e-01,1.000000e+00,2/15,5.16%,EGR1;LGALS9
prerank,Regulation Of Actin Polymerization Or Depolymerization (GO:0008064),-0.24206698074654964,-0.7177419163952371,8.599138e-01,9.850897e-01,1.000000e+00,4/18,19.23%,PLEKHG2;LATS1;COTL1;PFN1
prerank,Regulation Of Neuron Death (GO:1901214),-0.20525779107090353,-0.7153803410053331,9.004065e-01,9.863748e-01,1.000000e+00,5/33,12.26%,NSMF;EGR1;ITGAM;TYROBP;UBB
prerank,Regulation Of Signal Transduction By P53 Class Mediator (GO:1901796),-0.20687085380855433,-0.7145599991484658,8.920086e-01,9.859040e-01,1.000000e+00,4/33,7.66%,HAPSTR1;HEXIM1;KMT5A;USP7
prerank,Peptidyl-Threonine Dephosphorylation (GO:0035970),-0.2504516688722496,-0.714273188893133,8.517699e-01,9.848405e-01,1.000000e+00,6/15,23.91%,PPP2CA;PPP2CB;PGAM5;PPM1D;PPM1N;DUSP5
prerank,Branched-Chain Amino Acid Catabolic Process (GO:0009083),0.25227667079750593,0.7138274535379292,8.560886e-01,9.849355e-01,1.000000e+00,8/16,28.75%,DBT;ACAT1;HIBADH;BCKDHB;HIBCH;ALDH6A1;SLC25A44;BCKDK
prerank,Negative Regulation Of Double-Strand Break Repair (GO:2000780),-0.2172172828539902,-0.7129083224506017,8.659341e-01,9.849454e-01,1.000000e+00,3/26,8.07%,MAD2L2;KMT5A;TFIP11
prerank,Positive Regulation Of Stem Cell Population Maintenance (GO:1902459),0.20004929006846556,0.7125823808708628,9.055877e-01,9.849177e-01,1.000000e+00,16/36,37.61%,HDAC1;RBBP4;SMARCC1;ARID4A;REST;SMARCA2;BRMS1L;ACTL6A;NCOA3;SINHCAF;SS18;SF3B3;RBBP7;SIN3A;HDAC2;SMARCE1
prerank,Ceramide Biosynthetic Process (GO:0046513),0.2239955069899765,0.7121688878177687,8.743068e-01,9.840168e-01,1.000000e+00,2/25,2.27%,ST8SIA4;SMPD1
prerank,Negative Regulation Of Viral Process (GO:0048525),-0.1892190647737501,-0.7112231372697321,9.292929e-01,9.853057e-01,1.000000e+00,12/48,21.54%,APOBEC3H;HEXIM1;OAS1;CCL5;N4BP1;ISG15;LARP7;BST2;PLSCR1;MX1;UBP1;EIF2AK2
prerank,Purine Ribonucleoside Triphosphate Metabolic Process (GO:0009205),0.23383807053285313,0.710726126366025,8.536122e-01,9.842002e-01,1.000000e+00,6/19,23.84%,RAN;GIMAP7;MFN1;HSPA8;CLPX;NDUFS1
prerank,Monoatomic Cation Transmembrane Transport (GO:0098655),-0.166951948700793,-0.7106571901115712,9.669421e-01,9.845626e-01,1.000000e+00,26/87,26.74%,TCIRG1;ATP6V1H;RNASEK;P2RX4;TRPM7;ATP6V0C;SLC9A1;PKD2;CACNA2D4;SLC39A13;HVCN1;TMEM175;DMAC2L;SLC9A3;TRPM2;CACNB1;P2RX7;SLC4A4;SLC39A9;ATP1B1;ATP1B3;SLC9A9;ORAI1;TRPC4AP;SLC12A7;ATP6V1B2
prerank,Mitochondrial Calcium Ion Homeostasis (GO:0051560),-0.24473399665698345,-0.70919242908932,8.632653e-01,9.847302e-01,1.000000e+00,5/16,23.65%,MCUB;PDZD8;ANXA6;MICU3;MAIP1
prerank,Negative Regulation Of Endocytosis (GO:0045806),-0.23511930917026574,-0.7088656183515288,8.655804e-01,9.837380e-01,1.000000e+00,5/18,17.38%,LGALS3;RAC1;ARF6;UNC119;PLSCR1
prerank,Monoubiquitinated Protein Deubiquitination (GO:0035520),0.20668187979246633,0.7080931754605042,9.034205e-01,9.854726e-01,1.000000e+00,11/32,25.47%,TAF7;USP22;SUPT20H;TRRAP;KAT2A;TAF5;TAF12;SUPT3H;TAF5L;TADA3;TAF9
prerank,Negative Regulation Of Immune System Process (GO:0002683),0.24297434693662856,0.708009906597956,8.747592e-01,9.842345e-01,1.000000e+00,3/17,9.81%,TSC22D3;LRRC14;FCGR2B
prerank,Lipid Translocation (GO:0034204),-0.23668120198104653,-0.7067512108154235,8.744681e-01,9.844177e-01,1.000000e+00,7/16,28.76%,TRIAP1;ATP8A1;ABCA7;ATP11C;ATP8B4;ABCB1;ATP9A
prerank,L-alpha-amino Acid Transmembrane Transport (GO:1902475),-0.2291816472542624,-0.7057448009039748,8.773389e-01,9.840865e-01,1.000000e+00,5/21,17.26%,SLC25A38;SLC7A5;SLC38A5;SLC3A2;CLN3
prerank,Protein Exit From Endoplasmic Reticulum (GO:0032527),-0.2210542868277251,-0.7054115807680973,8.791667e-01,9.830937e-01,1.000000e+00,6/23,14.53%,SURF4;DERL1;SEC61B;SEL1L;SEC13;FAF2
prerank,"Regulation Of DNA Damage Response, Signal Transduction By P53 Class Mediator (GO:0043516)",-0.22565947343927223,-0.704840550557089,8.719008e-01,9.823347e-01,1.000000e+00,5/21,18.47%,KMT5A;COPS3;ATR;SOX4;SNAI1
prerank,Regulation Of Chromosome Segregation (GO:0051983),0.24508482369701462,0.7042719089921428,8.659218e-01,9.866512e-01,1.000000e+00,8/16,32.67%,SMC6;PUM1;RAD18;NUMA1;NCAPD3;NCAPD2;NCAPG2;CSNK2A1
prerank,Mitochondrial Translation (GO:0032543),0.16115353821896233,0.7035050321920332,9.692308e-01,9.860464e-01,1.000000e+00,20/97,21.28%,MRPS7;MRPL49;DAP3;MRPL3;MRPS33;RARS2;MRPL34;MRPS18C;MRPL41;MRPL20;IARS2;MRPL18;MTIF3;MRPS34;DROSHA;MRPL17;MRPS18B;MRPL27;MRPS14;MRPL36
prerank,Regulation Of Intracellular Transport (GO:0032386),0.215685780699305,0.7024930319599808,9.038076e-01,9.857301e-01,1.000000e+00,3/23,10.50%,NDEL1;PTPN1;GRIPAP1
prerank,Phospholipid Biosynthetic Process (GO:0008654),0.2222683732753496,0.7022817176668891,8.803089e-01,9.846058e-01,1.000000e+00,4/21,14.12%,PIP5K1A;LPCAT1;FAR1;FDPS
prerank,Purine Ribonucleotide Catabolic Process (GO:0009154),0.2421331357417918,0.7021742579216751,8.636364e-01,9.833746e-01,1.000000e+00,5/17,25.12%,SUCLG2;NUDT3;NUDT18;HINT1;MLYCD
prerank,Inorganic Cation Transmembrane Transport (GO:0098662),-0.16409627645588573,-0.6999504102293533,9.626556e-01,9.856099e-01,1.000000e+00,26/88,26.74%,TCIRG1;ATP6V1H;RNASEK;P2RX4;TRPM7;ATP6V0C;SLC9A1;PKD2;CACNA2D4;SLC39A13;HVCN1;TMEM175;DMAC2L;SLC9A3;TRPM2;CACNB1;P2RX7;SLC4A4;SLC39A9;ATP1B1;ATP1B3;SLC9A9;ORAI1;TRPC4AP;SLC12A7;ATP6V1B2
prerank,Regulation Of Protein Localization To Plasma Membrane (GO:1903076),0.1804389484910929,0.6995146283942603,9.596929e-01,9.845405e-01,1.000000e+00,18/54,27.70%,PPP2R5A;ATP2B4;IFNG;CLTC;BCL2L1;TMBIM1;APPL1;PPFIA1;DLG1;PRKCH;VTI1B;SQSTM1;STX4;STX7;PICALM;GBP1;LDLRAP1;DAB2
prerank,Acylglycerol Metabolic Process (GO:0006639),0.23029540903415294,0.6993956806017892,8.636364e-01,9.833462e-01,1.000000e+00,3/19,8.90%,PNPLA2;ABHD2;LMF1
prerank,Neutral Amino Acid Transport (GO:0015804),-0.24217535919218608,-0.6974747052937595,8.796117e-01,9.865282e-01,1.000000e+00,7/15,31.77%,SLC7A5;SLC38A5;SLC3A2;SLC1A4;SLC38A2;LLGL2;SLC38A6
prerank,Positive Regulation Of Transforming Growth Factor Beta Receptor Signaling Pathway (GO:0030511),-0.23962324167001542,-0.6965203730030922,8.875256e-01,9.848205e-01,1.000000e+00,5/17,19.54%,CREBBP;SNW1;GIPC1;HIPK2;FLCN
prerank,Positive Regulation Of Cellular Response To Transforming Growth Factor Beta Stimulus (GO:1903846),-0.23962324167001542,-0.6965203730030922,8.875256e-01,9.848205e-01,1.000000e+00,5/17,19.54%,CREBBP;SNW1;GIPC1;HIPK2;FLCN
prerank,Steroid Biosynthetic Process (GO:0006694),-0.22181632494113368,-0.6951793274585013,8.962656e-01,9.847353e-01,1.000000e+00,7/22,25.28%,HSD17B10;OSBPL7;PRKAG2;PMVK;OSBPL9;CYP51A1;HMGCR
prerank,Negative Regulation Of Neuron Projection Development (GO:0010977),-0.2231424941890685,-0.6949302315459248,8.685259e-01,9.836424e-01,1.000000e+00,4/20,10.23%,MYLIP;EPHA4;GAK;RTN4R
prerank,Chaperone Cofactor-Dependent Protein Refolding (GO:0051085),0.22923236179501041,0.6945026993754145,9.008264e-01,9.865345e-01,1.000000e+00,8/21,30.30%,ST13;PTGES3;HSPA8;SDF2;DNAJB4;DNAJB14;HSPA6;DNAJC7
prerank,Organophosphate Ester Transport (GO:0015748),-0.24011197067742562,-0.6941262510912433,8.907216e-01,9.830638e-01,1.000000e+00,6/18,26.53%,NPC2;TRIAP1;PRELID3B;EPG5;VAPA;PITPNA
prerank,Nuclear Membrane Organization (GO:0071763),-0.22484640386939547,-0.6936382484000204,8.853119e-01,9.822143e-01,1.000000e+00,5/22,17.23%,CHMP4A;CHMP2B;NSFL1C;CHMP2A;VPS4A
prerank,Regulation Of Meiotic Cell Cycle (GO:0051445),-0.24212762297436155,-0.6930595771065714,8.715415e-01,9.814396e-01,1.000000e+00,2/16,5.93%,ANAPC15;ANAPC11
prerank,Carboxylic Acid Transport (GO:0046942),-0.2179035624170045,-0.6895639703625952,9.085487e-01,9.832292e-01,1.000000e+00,6/22,21.65%,SLC7A5;SLC38A5;SLC16A6;SLC3A2;SLC16A1;SLC1A4
prerank,Regulation Of Viral Transcription (GO:0046782),0.2398345460346465,0.6889742878368323,8.774319e-01,9.899756e-01,1.000000e+00,2/15,9.88%,TRIM27;TARBP2
prerank,Regulation Of NIK/NF-kappaB Signaling (GO:1901222),-0.17977368875183397,-0.6882994530048956,9.398058e-01,9.830867e-01,1.000000e+00,18/46,30.65%,ZC3H12A;LGALS9;BCL3;HDAC9;IRAK1;NLRP2;DDX3X;NLRC3;EIF2AK2;PHB1;SPHK1;TRIM44;IFI35;ADGRG3;CYLD;NFKBIA;EP300;NFAT5
prerank,Mitotic Cell Cycle Checkpoint Signaling (GO:0007093),0.22602784878899626,0.6882837971005672,9.048626e-01,9.892391e-01,1.000000e+00,3/18,15.41%,CDK5RAP3;ZFYVE19;MRE11
prerank,Regulation Of Mitochondrion Organization (GO:0010821),0.19152036576268627,0.6874356335644761,9.383430e-01,9.886548e-01,1.000000e+00,11/38,26.98%,GOLPH3;SLC30A9;RHOT1;VPS35;HDAC6;SFI1;SQSTM1;OMA1;MFF;CYRIB;TMEM102
prerank,Calcium Ion Transmembrane Transport (GO:0070588),-0.19352166549233146,-0.6868992923612147,9.365751e-01,9.829582e-01,1.000000e+00,9/35,21.07%,MCUB;P2RX4;TRPM7;PKD2;CACNA2D4;TRPM2;CACNB1;P2RX7;ATP2B1
prerank,Multivesicular Body Sorting Pathway (GO:0071985),0.23057677737932508,0.6866652576661464,8.823529e-01,9.880041e-01,1.000000e+00,8/18,28.16%,CHMP5;MITD1;RUBCN;UVRAG;DENND10;VPS4B;CHMP7;CHMP6
prerank,Sensory Perception Of Sound (GO:0007605),0.22068498517194965,0.6850104666489027,9.267399e-01,9.881159e-01,1.000000e+00,6/20,22.89%,RIPOR2;SOD1;NIPBL;SERPINB6;ZNF354A;TIMM13
prerank,Mitotic Cytokinetic Process (GO:1902410),0.24312596836717879,0.6845512459415356,8.864097e-01,9.871836e-01,1.000000e+00,7/15,28.16%,CHMP5;MITD1;CHMP1A;VPS4B;CHMP7;PDCD6IP;CHMP6
prerank,Peptidyl-Tyrosine Dephosphorylation (GO:0035335),0.23942634907175367,0.683243879658077,8.865784e-01,9.869347e-01,1.000000e+00,6/16,26.10%,DUSP18;PTPN1;DUSP1;PTPN22;PTPN11;PTPN6
prerank,Ribosome Biogenesis (GO:0042254),-0.15308522100673302,-0.6823273686345543,9.896480e-01,9.854243e-01,1.000000e+00,17/117,15.93%,DNTTIP2;KRR1;BYSL;MRPL22;UTP3;NGDN;EXOSC10;ZNF622;POP4;LTV1;MRTO4;WDR36;SBDS;RSL24D1;METTL17;PNO1;GTPBP4
prerank,Pattern Recognition Receptor Signaling Pathway (GO:0002221),-0.2005260737215402,-0.6819561124532917,9.230769e-01,9.844222e-01,1.000000e+00,4/28,13.67%,MAPKAPK2;CTSS;TRIM25;IRAK1
prerank,Anterograde Trans-Synaptic Signaling (GO:0098916),-0.20294620979643335,-0.6814544807602426,9.390244e-01,9.835326e-01,1.000000e+00,7/29,19.62%,SYPL1;DLG3;DHX8;GIPC1;UNC119;CACNB1;MINK1
prerank,Regulation Of Cell Death (GO:0010941),0.19832015227019553,0.6802979445703282,9.313131e-01,9.880641e-01,1.000000e+00,11/32,28.30%,CHMP5;SARM1;CHMP1A;VPS35;EIF4G1;RAB29;CIDEB;VPS4B;CHMP7;CHMP6;HBA1
prerank,Spliceosomal snRNP Assembly (GO:0000387),0.18968828040099467,0.6795497542646756,9.360902e-01,9.873267e-01,1.000000e+00,7/36,18.91%,PRPF6;PRPF3;CLNS1A;LSM2;SNRPE;PRMT5;SART3
prerank,Ceramide Metabolic Process (GO:0006672),-0.1958669343755087,-0.6785954461373823,9.442060e-01,9.845723e-01,1.000000e+00,6/32,16.66%,ST6GALNAC6;PPP2CA;CERS6;NSMAF;CERS2;SPTLC1
prerank,Cell Cycle G1/S Phase Transition (GO:0044843),0.19465591743186791,0.6784240156945086,9.274809e-01,9.869182e-01,1.000000e+00,17/34,38.52%,KHDRBS1;CDKN1B;CACUL1;USP37;GSPT1;GPR132;ZNF324;CUL4A;CCND3;CCND2;MYC;HINFP;PPP6C;PLK2;PIM2;CDK2;CUL4B
prerank,Connective Tissue Development (GO:0061448),0.23717621956007867,0.6778972175525321,8.856016e-01,9.860317e-01,1.000000e+00,1/15,1.22%,TRIP11
prerank,Negative Regulation Of Fibroblast Proliferation (GO:0048147),-0.2368033634462096,-0.6778051607089467,9.075975e-01,9.838607e-01,1.000000e+00,1/15,1.02%,FTH1
prerank,Cytoskeleton-Dependent Cytokinesis (GO:0061640),0.17396465313229464,0.6776073870183084,9.648760e-01,9.849674e-01,1.000000e+00,19/53,32.98%,SNX18;SPIRE1;STAMBP;MITD1;SEPTIN2;CKAP2;RASA1;RTKN;SEPTIN7;EXOC2;ROCK2;ROCK1;SPAST;PDCD6IP;SEPTIN6;TMEM250;EXOC4;SEPTIN8;BBS4
prerank,Negative Regulation Of Antigen Receptor-Mediated Signaling Pathway (GO:0050858),-0.224745131449043,-0.6762966026707536,8.938776e-01,9.837457e-01,1.000000e+00,4/19,18.08%,LGALS3;PTPRJ;SLA2;PHPT1
prerank,Potassium Ion Transport (GO:0006813),-0.24151453171335077,-0.6751661103275524,9.094737e-01,9.832882e-01,1.000000e+00,7/15,26.55%,SLC9A1;PKD2;TMEM175;SLC9A3;ATP1B3;SLC9A9;SLC12A7
prerank,Replication Fork Processing (GO:0031297),0.19281875501734097,0.6751059638683554,9.491194e-01,9.856332e-01,1.000000e+00,16/33,34.48%,ASF1A;ATRX;PARP1;MRE11;GEN1;NUCKS1;ETAA1;PRIMPOL;SMARCAL1;BLM;DDX11;RAD50;SAMHD1;BARD1;CENPX;FBH1
prerank,Mitotic Cell Cycle Phase Transition (GO:0044772),-0.16306866652911234,-0.6705131974646238,9.878788e-01,9.855440e-01,1.000000e+00,12/67,16.85%,CHMP4A;CUL3;TACC3;LATS1;DBF4;CUL5;UBE2S;PPP2R2D;CCDC57;PLCB1;CHMP2A;LATS2
prerank,Maintenance Of Protein Location In Nucleus (GO:0051457),-0.22740549919182446,-0.6693154493881864,9.002123e-01,9.851607e-01,1.000000e+00,10/18,33.57%,TOPORS;SUN1;SUPT7L;TAF3;PARK7;SKP1;SUN2;MORC3;ARL2BP;RANGAP1
prerank,Release Of Cytochrome C From Mitochondria (GO:0001836),-0.23355408418859386,-0.6684746120718523,8.923395e-01,9.845041e-01,1.000000e+00,5/16,24.23%,BBC3;IFI6;BOK;BAK1;BID
prerank,Regulation Of Catabolic Process (GO:0009894),0.22048490877670673,0.668416650906736,9.186047e-01,9.894045e-01,1.000000e+00,4/19,20.32%,ODC1;UBE3A;TMEM9;HGS
prerank,Regulation Of Mitochondrial Translation (GO:0070129),-0.20967362325306566,-0.6673745570714642,9.276860e-01,9.840104e-01,1.000000e+00,5/22,20.20%,TSFM;FASTKD3;LRPPRC;FASTKD2;METTL8
prerank,Ribosomal Large Subunit Biogenesis (GO:0042273),0.1842240240660849,0.6667868814741713,9.607843e-01,9.893070e-01,1.000000e+00,16/38,35.01%,NSA2;NPM1;PES1;MRPL20;TMA16;SPATA5;SURF6;NOP16;TRAF7;NVL;GTF3A;BRIX1;MALSU1;EBNA1BP2;NOC2L;NOP53
prerank,Positive Regulation Of Autophagy (GO:0010508),0.15796380039158742,0.6657686023282864,9.862745e-01,9.887249e-01,1.000000e+00,30/78,34.80%,TRIM22;UFL1;IFNG;TRIM65;BNIP3;STING1;SH3GLB1;SCOC;TRIM38;DEPDC5;SQSTM1;MTDH;HMGB1;ROCK1;TRIM23;MAP3K7;ULK2;ATG13;TRIM5;PLEKHF1;SESN1;ORMDL3;USP20;SVIP;TICAM1;TRIM8;LARP1;KAT5;STK11;PLK2
prerank,Positive Regulation Of Tyrosine Phosphorylation Of STAT Protein (GO:0042531),-0.22533141008528362,-0.6652054498022831,9.009901e-01,9.842193e-01,1.000000e+00,3/16,14.87%,CCL5;LYN;IL18
prerank,Carboxylic Acid Transmembrane Transport (GO:1905039),-0.22582559885688347,-0.663520162128725,9.151139e-01,9.840526e-01,1.000000e+00,8/17,31.77%,SLC7A5;SLC23A2;SLC27A1;SLC5A6;SLC16A1;SLC38A10;SLC38A2;SLC38A6
prerank,Phospholipid Transport (GO:0015914),-0.18423529796628713,-0.6631677238351987,9.307536e-01,9.830304e-01,1.000000e+00,11/35,26.53%,NPC2;TRIAP1;ATP8A1;ABCA3;ABCA7;PRELID3B;ATP11C;ATP8B4;VAPA;ABCB1;PITPNA
prerank,Regulation Of Mitotic Spindle Assembly (GO:1901673),-0.21747796228058613,-0.659531057498674,9.201597e-01,9.842256e-01,1.000000e+00,2/18,5.29%,CHMP4A;CHMP2B
prerank,Notch Signaling Pathway (GO:0007219),0.22085586077870578,0.6593406656575069,9.119374e-01,9.920551e-01,1.000000e+00,7/17,28.74%,MAML1;POFUT1;DTX2;GMDS;HEY2;APH1B;TRAF7
prerank,Regulation Of Extrinsic Apoptotic Signaling Pathway In Absence Of Ligand (GO:2001239),0.23304333448276024,0.6553067720260741,9.051383e-01,9.933596e-01,1.000000e+00,2/15,8.30%,MCL1;BCL2L1
prerank,Cell Morphogenesis Involved In Neuron Differentiation (GO:0048667),-0.19128336851884062,-0.6530857862624044,9.584200e-01,9.870731e-01,1.000000e+00,2/28,2.22%,RYK;CDHR1
prerank,Peptidyl-Lysine Modification (GO:0018205),0.1589201129861701,0.6524260101489384,9.821074e-01,9.938623e-01,1.000000e+00,4/71,2.63%,SENP6;TRIM27;NSMCE3;SMC6
prerank,post-Golgi Vesicle-Mediated Transport (GO:0006892),-0.1706746211934117,-0.6522341789462895,9.712526e-01,9.863587e-01,1.000000e+00,10/51,19.30%,AP3D1;CORO7;RAB14;SYS1;VTI1A;VPS54;CCDC93;RABIF;EXOC6B;AP2A1
prerank,Negative Regulation Of Macroautophagy (GO:0016242),-0.21724566729490233,-0.6475070321336692,9.171975e-01,9.879534e-01,1.000000e+00,6/18,23.51%,TMEM39A;QSOX1;PINK1;USP36;TSC1;FEZ2
prerank,Negative Regulation Of Hydrolase Activity (GO:0051346),0.1946820168311285,0.6468360913470188,9.440000e-01,9.960904e-01,1.000000e+00,4/27,16.22%,EGLN1;CST7;RRP1B;ARFGEF1
prerank,Post-Transcriptional Regulation Of Gene Expression (GO:0010608),0.17530885972351587,0.6466042404611789,9.765625e-01,9.949277e-01,1.000000e+00,5/44,9.16%,NOLC1;MTPN;ELP4;EIF2S1;ATXN2
prerank,Regulation Of Autophagosome Assembly (GO:2000785),-0.1912850472149386,-0.6447222640964178,9.592233e-01,9.883480e-01,1.000000e+00,9/29,23.66%,PIP4K2A;TMEM39A;WIPI1;MOAP1;PINK1;PIP4K2C;MTMR3;FEZ2;RAB3GAP1
prerank,Platelet Dense Granule Organization (GO:0060155),0.21410888547148513,0.6422866164104148,9.498141e-01,9.961691e-01,1.000000e+00,7/19,27.17%,HPS3;BLOC1S1;F2R;HPS5;BLOC1S2;AP3M1;DTNBP1
prerank,Positive Regulation Of Proteolysis Involved In Protein Catabolic Process (GO:1903052),0.20339412773592772,0.6408527790229732,9.495327e-01,9.956798e-01,1.000000e+00,6/23,21.05%,CDK5RAP3;PTEN;CTSC;LAPTM5;L3MBTL3;PYHIN1
prerank,Mitochondrial Gene Expression (GO:0140053),0.1442812979964985,0.6406339668909797,9.943396e-01,9.945195e-01,1.000000e+00,20/101,21.28%,MRPS7;MRPL49;DAP3;MRPL3;MRPS33;FASTK;RARS2;MRPL34;MRPS18C;MRPL41;MRPL20;IARS2;MRPL18;MRPS34;MRPL17;MRPS18B;TBRG4;MRPL27;MRPS14;MRPL36
prerank,Extrinsic Apoptotic Signaling Pathway Via Death Domain Receptors (GO:0008625),-0.1999906699576514,-0.6403829674623185,9.475728e-01,9.895207e-01,1.000000e+00,7/23,24.23%,DIABLO;MOAP1;DEDD2;ZDHHC3;DDX3X;DEDD;BID
prerank,Regulation Of Myeloid Cell Differentiation (GO:0045637),0.21572859263126742,0.6396591251151743,9.258517e-01,9.938027e-01,1.000000e+00,5/17,26.93%,CTR9;RBM15;LEO1;HOXA9;PEX2
prerank,Regulation Of Protein Localization To Cell Periphery (GO:1904375),0.22152319441163087,0.6301977203993953,9.331942e-01,9.974656e-01,1.000000e+00,6/16,30.81%,APPL1;VTI1B;STX7;GBP1;LDLRAP1;CDK5
prerank,Regulation Of Exosomal Secretion (GO:1903541),0.22094403497269946,0.6293725851471415,9.276860e-01,9.966311e-01,1.000000e+00,6/15,28.16%,IFNG;SMPD3;HGS;VPS4B;PDCD6IP;CHMP6
prerank,Interferon-Mediated Signaling Pathway (GO:0140888),-0.18275791940932046,-0.6270145615685658,9.640592e-01,9.954115e-01,1.000000e+00,6/28,21.88%,IFNGR1;IFNLR1;IRAK1;TYK2;IRF1;IKBKE
prerank,Protein Targeting To Vacuole (GO:0006623),0.18486195421361817,0.6255837949292871,9.614604e-01,9.971946e-01,1.000000e+00,7/29,20.54%,GCC2;LAPTM5;VPS37A;PIK3R4;PXK;HGS;SQSTM1
prerank,Negative Regulation Of Tumor Necrosis Factor Production (GO:0032720),-0.19869733399379635,-0.6238102251238056,9.440994e-01,9.944338e-01,1.000000e+00,6/22,20.86%,ZC3H12A;LGALS9;ILRUN;GSTP1;NFKBIL1;NLRC3
prerank,Negative Regulation Of Tumor Necrosis Factor Superfamily Cytokine Production (GO:1903556),-0.19869733399379635,-0.6238102251238056,9.440994e-01,9.944338e-01,1.000000e+00,6/22,20.86%,ZC3H12A;LGALS9;ILRUN;GSTP1;NFKBIL1;NLRC3
prerank,Phospholipid Dephosphorylation (GO:0046839),-0.21111656435942247,-0.6232118429265481,9.465812e-01,9.934655e-01,1.000000e+00,5/17,23.45%,INPP5K;MTMR1;PMPCA;SYNJ1;MTMR3
prerank,Peptidyl-Tyrosine Phosphorylation (GO:0018108),-0.18088903845980087,-0.6214450087822612,9.741036e-01,9.930100e-01,1.000000e+00,8/30,24.52%,CLK1;EPHA4;CLK4;LYN;IGF1R;ABL1;FGFR1;JAK3
prerank,Positive Regulation Of Cytokine Production Involved In Immune Response (GO:0002720),-0.20618500917564248,-0.6212374756870684,9.359504e-01,9.918380e-01,1.000000e+00,2/18,8.22%,XCL1;SLC7A5
prerank,Skeletal System Morphogenesis (GO:0048705),0.22264259672258446,0.6207244584063821,9.398058e-01,9.982309e-01,1.000000e+00,4/15,21.01%,SPEF2;DYNC2I1;HOXC4;HOXA9
prerank,Entrainment Of Circadian Clock By Photoperiod (GO:0043153),-0.19800094988171224,-0.619555880320238,9.524793e-01,9.913713e-01,1.000000e+00,5/20,19.51%,ID2;PER1;PDE6B;MTA1;PER2
prerank,Protein Localization To Lysosome (GO:0061462),-0.1818305488556009,-0.6175672698957457,9.691992e-01,9.910502e-01,1.000000e+00,10/30,25.86%,CD81;LAMTOR4;BECN1;LAMTOR5;ATG14;VPS4A;GLMP;SZT2;M6PR;SORL1
prerank,Regulation Of Histone Deacetylation (GO:0031063),-0.2030934435052708,-0.617184768745848,9.542620e-01,9.899573e-01,1.000000e+00,3/19,14.10%,CTBP1;YEATS2;SUV39H1
prerank,Inorganic Anion Transport (GO:0015698),0.21276207800456715,0.6161799147888599,9.373777e-01,9.990029e-01,1.000000e+00,5/16,26.00%,SLC26A2;SLC26A11;NMUR1;ANO6;PACC1
prerank,Regulation Of Activated T Cell Proliferation (GO:0046006),-0.2125315573822378,-0.6161039529435473,9.326923e-01,9.891397e-01,1.000000e+00,6/16,23.95%,LGALS9;RIPK3;IL18;CRTAM;TNFSF9;RC3H1
prerank,Antimicrobial Humoral Immune Response Mediated By Antimicrobial Peptide (GO:0061844),0.2164063991944946,0.6158185660672564,9.329502e-01,9.978711e-01,1.000000e+00,1/15,1.26%,S100A9
prerank,Positive Regulation Of Release Of Cytochrome C From Mitochondria (GO:0090200),-0.20166217891909183,-0.6157971806037689,9.406593e-01,9.880218e-01,1.000000e+00,7/20,26.00%,BBC3;MOAP1;PINK1;PPIF;BAK1;BID;PDCD5
prerank,Chloride Transport (GO:0006821),0.1935332992063324,0.6117031321398604,9.642185e-01,9.984054e-01,1.000000e+00,7/22,26.00%,SLC1A7;SLC12A6;CLCN3;NMUR1;ANO6;APOL1;PACC1
prerank,Steroid Metabolic Process (GO:0008202),0.19230293077772287,0.611503956158413,9.624506e-01,9.972130e-01,1.000000e+00,6/23,21.82%,LSS;GBA2;FDXR;FDFT1;AKR1C3;ARV1
prerank,Chemical Synaptic Transmission (GO:0007268),0.15594986628509427,0.610023551883764,9.886148e-01,9.965589e-01,1.000000e+00,9/51,16.44%,SPG11;SLC12A6;STXBP3;PAFAH1B1;LIN7B;PTEN;NSG1;ERC1;DLG1
prerank,DNA Modification (GO:0006304),0.20939152068000422,0.6081231441836065,9.667969e-01,9.960741e-01,1.000000e+00,16/16,79.10%,PARP1;EXOSC5;MPG;PARP3;OGG1;NTHL1;MBD4;EXOSC4;MUTYH;PARP2;TDG;NEIL2;SMUG1;NEIL1;EXOSC6;UNG
prerank,Negative Regulation Of Secretion By Cell (GO:1903531),-0.1937673002089054,-0.6056527248661954,9.645094e-01,9.909493e-01,1.000000e+00,6/19,25.28%,NOTCH1;PNKD;DPH3;VAMP3;CYP51A1;HMGCR
prerank,Regulation Of Histone Modification (GO:0031056),0.21228544491760004,0.6047137322262391,9.500000e-01,9.961552e-01,1.000000e+00,6/16,30.50%,HPF1;KAT2A;TADA2A;TADA3;NFYC;ZZZ3
prerank,Myelination (GO:0042552),-0.20078530559034233,-0.6032152877016438,9.409369e-01,9.906609e-01,1.000000e+00,9/17,38.77%,ARHGEF10;HYCC1;EIF2B5;SBF2;SKI;CXCR4;ACER3;B4GALT5;EIF2B2
prerank,Photoperiodism (GO:0009648),-0.1905943482432842,-0.6029816091768281,9.748428e-01,9.895088e-01,1.000000e+00,5/21,19.51%,ID2;PER1;PDE6B;MTA1;PER2
prerank,Regulation Of Extrinsic Apoptotic Signaling Pathway (GO:2001236),0.16192361924757648,0.5985963345363043,9.769231e-01,9.971455e-01,1.000000e+00,11/43,25.97%,PAK2;RIPK1;ZMYND11;SP100;ITGA6;ETFA;LTB;FADD;PSME3;STX4;PHIP
prerank,Monocarboxylic Acid Transport (GO:0015718),0.18719398038945834,0.5976128716879522,9.736842e-01,9.962076e-01,1.000000e+00,12/23,41.23%,KDM5A;ARID4A;SLC16A3;LYPLA1;ABCD3;ACSL1;SLC27A3;SLC26A6;SLC16A11;SLC16A7;SLC27A4;ABCC4
prerank,Substrate Adhesion-Dependent Cell Spreading (GO:0034446),0.20328031697066978,0.5919099105850555,9.468504e-01,9.969440e-01,1.000000e+00,1/15,0.86%,ITGA4
prerank,Presynaptic Endocytosis (GO:0140238),-0.20571622837974485,-0.5912736094534355,9.553753e-01,9.924377e-01,1.000000e+00,8/15,31.22%,OPHN1;SYNJ1;STX1A;SYT5;AP2M1;FCHO2;DNM2;AP2S1
prerank,Regulation Of Protein Export From Nucleus (GO:0046825),-0.19499571688620543,-0.5903497042613568,9.516129e-01,9.914605e-01,1.000000e+00,3/18,12.50%,YWHAE;FRAT2;BAG3
prerank,Antimicrobial Humoral Response (GO:0019730),0.19206230698369092,0.5893885712371044,9.721707e-01,9.965119e-01,1.000000e+00,3/20,15.12%,S100A9;LYZ;PPBP
prerank,Type I Interferon-Mediated Signaling Pathway (GO:0060337),0.1903362372756658,0.5892969270088715,9.618321e-01,9.940294e-01,1.000000e+00,3/21,14.94%,IFNAR1;IFNAR2;SP100
prerank,Cellular Response To Type I Interferon (GO:0071357),0.1903362372756658,0.5892969270088715,9.618321e-01,9.940294e-01,1.000000e+00,3/21,14.94%,IFNAR1;IFNAR2;SP100
prerank,G2/M Transition Of Mitotic Cell Cycle (GO:0000086),-0.1935550938602299,-0.5884606683235756,9.527897e-01,9.907729e-01,1.000000e+00,10/18,33.01%,LATS1;CCDC57;PLCB1;BACH1;WEE1;CCNY;ARPP19;DNM2;FBXL15;TAF2
prerank,Lipid Biosynthetic Process (GO:0008610),0.16301730755719832,0.5865169510576205,9.922631e-01,9.936416e-01,1.000000e+00,14/39,30.99%,GPAT4;PIP5K1A;LPCAT1;LSS;MCAT;FDXR;FDFT1;GGPS1;MLYCD;ACSL1;DOLPP1;SCP2;ACACA;XBP1
prerank,Synaptic Vesicle Exocytosis (GO:0016079),0.2058858947511975,0.583360096779893,9.631068e-01,9.933620e-01,1.000000e+00,6/15,30.81%,STX2;VAMP2;SNAP23;SNAPIN;SYT11;CDK5
prerank,Positive Regulation Of Signaling (GO:0023056),-0.20393854579085732,-0.5816061995316575,9.517103e-01,9.916085e-01,1.000000e+00,1/15,3.83%,GATA3
prerank,Cytoplasmic Translational Initiation (GO:0002183),-0.17089377326960958,-0.5793452005614658,9.727463e-01,9.909989e-01,1.000000e+00,4/28,10.26%,EIF3B;EIF4A1;NCBP1;EIF5
prerank,Secretory Granule Organization (GO:0033363),-0.1823231783960642,-0.5766556739428366,9.810924e-01,9.904942e-01,1.000000e+00,7/22,27.61%,AP3D1;AP1S1;HPS1;SRGN;AP1G1;AP3B1;AP1S2
prerank,Phosphatidylethanolamine Metabolic Process (GO:0046337),0.20470828690986054,0.5740760001541154,9.541109e-01,9.947193e-01,1.000000e+00,6/15,30.54%,CEPT1;SELENOI;SFI1;NAPEPLD;PNPLA8;PLAAT4
prerank,Regulation Of Monoatomic Ion Transmembrane Transporter Activity (GO:0032412),-0.19099521816570225,-0.5690229802305427,9.603524e-01,9.912482e-01,1.000000e+00,6/17,22.45%,FXYD7;YWHAE;STK39;MINK1;PPIF;RANGRF
prerank,Negative Regulation Of Organelle Assembly (GO:1902116),0.1659680806315958,0.5636382355253954,9.786822e-01,9.960780e-01,1.000000e+00,15/30,38.54%,GDI2;ODF2L;KAT2A;CDK5RAP2;TCHP;TBC1D7;TRIM37;RBM14;SMAD4;CDK10;MDM1;LIMK2;SCFD1;SEC22B;PHF23
prerank,Secondary Alcohol Metabolic Process (GO:1902652),0.17417387317323096,0.5600564121015111,9.940594e-01,9.956460e-01,1.000000e+00,6/24,27.33%,SH2D2A;GBA2;GLB1;IDH3A;FDX1;LDLRAP1
prerank,Regulation Of Osteoclast Differentiation (GO:0045670),0.19118000870046975,0.5584288479738091,9.633205e-01,9.947944e-01,1.000000e+00,3/18,17.81%,IFNG;GPR137;MTOR
prerank,Regulation Of Protein Localization To Membrane (GO:1905475),-0.18230673765549135,-0.5564471529793331,9.607477e-01,9.929941e-01,1.000000e+00,7/19,29.37%,CRIPT;VPS4A;CLN3;GSN;STX8;ZDHHC7;SIRT6
prerank,Ribosome Assembly (GO:0042255),0.16335034093862896,0.5562239576858622,9.865900e-01,9.940225e-01,1.000000e+00,4/29,15.57%,MRPS7;EIF2S1;NPM1;MRPL20
prerank,Positive Regulation Of NIK/NF-kappaB Signaling (GO:1901224),0.1649158891358175,0.5557268395241203,9.797980e-01,9.928765e-01,1.000000e+00,4/28,14.67%,PHB2;CD27;LAPTM5;ILK
prerank,Muscle Organ Development (GO:0007517),-0.18719611349266496,-0.5462779422092999,9.791667e-01,9.938333e-01,1.000000e+00,1/16,3.07%,MEF2D
prerank,Regulation Of Fibroblast Proliferation (GO:0048145),0.1582553102300892,0.5285653474420317,9.902724e-01,9.966620e-01,1.000000e+00,3/27,12.13%,BMI1;PARP10;CDC73
prerank,Amino Acid Transport (GO:0006865),-0.17554188691429812,-0.52776580779152,9.880478e-01,9.957029e-01,1.000000e+00,7/18,31.77%,SLC7A5;SLC38A5;SLC3A2;SLC1A4;SLC38A10;SLC38A2;SLC38A6
prerank,Sterol Metabolic Process (GO:0016125),-0.1610092907479874,-0.5210623193738482,9.855967e-01,9.953975e-01,1.000000e+00,7/26,25.36%,ABCA5;PRKAG2;STARD3;PMVK;CYP51A1;HMGCR;CLN6
prerank,Pore Complex Assembly (GO:0046931),0.17932229230708535,0.5138329291390633,9.773196e-01,9.974499e-01,1.000000e+00,7/16,33.47%,GSDMD;RTN4;ANO6;NUP107;NUP93;AHCTF1;PDZD11
prerank,Positive Regulation Of Lipid Biosynthetic Process (GO:0046889),-0.16421451646705332,-0.5029876276759084,9.979123e-01,9.963243e-01,1.000000e+00,5/20,18.73%,LPGAT1;SREBF1;MLST8;CNEP1R1;SLC27A1
prerank,Nucleic Acid Metabolic Process (GO:0090304),0.1654557902078964,0.502055815448897,9.959839e-01,9.975481e-01,1.000000e+00,3/21,17.18%,RAN;ATXN2;DDX24
prerank,Positive Regulation Of Cilium Assembly (GO:0045724),-0.15504362856303142,-0.4742608299520191,9.918033e-01,9.973732e-01,1.000000e+00,9/19,34.33%,PPP1R35;SEPTIN9;HTT;WRAP73;ENTR1;GSK3B;KCTD17;CCP110;MARK4
prerank,Negative Regulation Of G2/M Transition Of Mitotic Cell Cycle (GO:0010972),0.14529421622744595,0.4598258312545628,1.000000e+00,9.993602e-01,1.000000e+00,3/21,15.41%,CDK5RAP3;ZFYVE19;MRE11
prerank,Skin Development (GO:0043588),0.13862112092143597,0.44016023033020724,9.962963e-01,9.988827e-01,1.000000e+00,3/21,20.28%,PIP5K1A;ITGA6;AKR1C3
