feature_name,baseMean,log2FoldChange,lfcSE,stat,pvalue,padj
AAK1,2.3539949929479014,0.0036607659577808866,0.05655431073904439,0.6032321241161493,0.5463542799891526,0.9923288879877108
ABCF1,1.1570288144938004,0.0036478778982709636,0.05501718520582646,0.9041535760321736,0.36591397275400095,0.9569589251342743
ABHD15,0.49585664791949174,-0.0007948824550213289,0.0709859830342433,0.19110514194999215,0.8484432191905601,0.9923288879877108
ABHD17A,5.547919900258686,-0.0019526308835030586,0.04944052977229898,-0.2086937254567016,0.8346873386556941,0.9923288879877108
ABI1,1.0953090432800938,0.004841701960379302,0.04814642337342356,1.1549906896587065,0.2480942391275306,0.9266680134153575
ABI3,1.1260423530616233,-0.0009920404467791506,0.042755692517264,-0.09610693935710445,0.9234356400121504,0.9923288879877108
ABLIM1,1.0601106400848246,0.00219115058877804,0.07064213222932073,0.9493379532294155,0.34244875635811645,0.9542074254071121
ABT1,0.9062503165598128,-0.012432872921616964,0.061586359756106726,-2.384346416659807,0.017109488023487336,0.8002963022986201
ABTB1,0.6649375168566889,-0.0020890124259263804,0.061492699959255395,-0.13803353395508222,0.8902139149474054,0.9923288879877108
ACAA2,1.023969328391521,-0.006354381038787534,0.05603282774864756,-1.1818755394828533,0.2372550889202335,0.9266680134153575
ACADVL,1.4110152380123184,-0.0004267073523930874,0.054881777846749434,0.03092367609928631,0.9753304081535843,0.9971820730357138
ACAP1,4.106750553318471,0.00837518799066893,0.05888308116922423,1.0279448130888824,0.3039757880520729,0.940203466476908
ACAP2,1.0237621980611418,0.0032068283765678005,0.04969004366095506,0.8740931765730502,0.3820675131348492,0.9569589251342743
ACIN1,1.0346033272141444,0.010061892821536226,0.052906867826283635,2.2077344475258585,0.027262790035960844,0.8267286961236705
ACP1,1.512764492510079,-0.006308550353895291,0.0565676764726133,-1.0404778269880148,0.29811796026431203,0.940203466476908
ACTB,72.41041766253528,-0.01884480211917163,0.04777576876636057,-1.4438030479748765,0.14879438439481676,0.8876522629937141
ACTG1,17.422748298976412,-0.008454424321929345,0.04989434156740846,-0.8678217323680835,0.3854919309345932,0.9571492450223654
ACTN4,2.9285474993816405,0.0012430733215421865,0.053094946719729516,0.17978180453117384,0.8573238687427245,0.9923288879877108
ACTR2,2.103588379160324,0.0007920352166048804,0.05912302335779428,0.15636941685282219,0.8757418424248888,0.9923288879877108
ACTR3,2.29255605439557,0.00552665356318456,0.05443723237077874,0.9428646252949575,0.3457501509394859,0.9542074254071121
ADAM8,1.9812894661907707,0.0009579142942115284,0.05123827705809409,0.19418605597367278,0.84603020077837,0.9923288879877108
ADAR,1.9692294679921285,-0.002805366994369843,0.05745931240618411,-0.40881106865160416,0.6826783163781129,0.9923288879877108
ADD1,1.5030068919388377,0.008374380446577217,0.058105075254438296,1.512103398334045,0.13050756047916684,0.8876522629937141
ADD3,1.5837840533845013,0.009258056567871396,0.06240561482539366,1.761825957131375,0.07809870768305253,0.8635912611524637
ADGRE5,3.1923252026379076,0.011960220981163684,0.05292190626223444,1.586662064567332,0.1125892025115818,0.8848340449778592
ADGRG1,2.1988045749066094,0.003955101658949084,0.05178988526548809,0.8266818991926562,0.4084173834564008,0.9689157414799924
ADH5,1.1094620043036922,-0.001312346492672852,0.05343199855367658,-0.10226921375854137,0.918542991015902,0.9923288879877108
ADRB2,1.2561553970935928,0.006767130064624124,0.052189468004528256,1.5786191693751856,0.11442343504995747,0.8848340449778592
ADRM1,1.358333628076687,-0.00553349015101163,0.053555716680250644,-0.9977533132715602,0.31839899406451533,0.940203466476908
AFF4,1.0923890324134367,0.0011699179152365555,0.0569718896108605,0.44871894751007646,0.653634414546769,0.9923288879877108
AFG3L2,0.4320188784273257,-0.002058516222900097,0.05587111044949232,-0.04679828828359968,0.9626739932923397,0.995936945398722
AGK,0.7794306098236347,0.001784413010369027,0.05652515247224391,0.7673375248327919,0.4428808631829193,0.98040974550209
AGTPBP1,0.8996190803631702,0.008994607043526753,0.059000140535396504,2.1327376958978514,0.03294624976602553,0.8444168946881339
AHNAK,5.881525883690652,0.0009121564975860954,0.06111685852907796,0.15370212897131108,0.8778446060553641,0.9923288879877108
AIP,1.1849599582797095,0.006522797352007456,0.05484734910244044,1.372675567024417,0.16985322812602743,0.8876522629937141
AKAP13,3.140019129906044,0.002551195277051394,0.04866880251705414,0.3297109444258213,0.7416183833158629,0.9923288879877108
AKAP9,1.8293763860139494,0.010402668470788622,0.05236505953569448,1.7420726674671467,0.08149572958223744,0.8635912611524637
AKIRIN1,0.7085070369667216,-0.001972641206402213,0.059060832691334275,0.010091031118039693,0.9919486587117834,0.9974494539321536
AKNA,3.876706206771277,0.02102093085476014,0.06671952179367324,2.18344289114468,0.02900321025966942,0.8267286961236705
AKR1B1,1.0750459771334315,0.0037480944657554893,0.06394644479626167,0.9149076998330687,0.3602400874912014,0.9569589251342743
ALDOA,0.9059836053243975,-0.0027453280378942025,0.07440243659578154,-0.3528787148916394,0.7241793686815299,0.9923288879877108
ALOX5AP,3.02053908147264,0.010430088004297495,0.04481807489973603,1.5595555683391429,0.1188649432881709,0.8848340449778592
AMD1,1.41543767797193,0.0004921748786465774,0.04907035852485629,0.19592113838508038,0.844671891857572,0.9923288879877108
AMZ2,0.9192334049267042,-0.0038822944734210694,0.05405356655564509,-0.6177093572462586,0.5367669427241797,0.986533349545128
ANAPC11,1.456687793302333,-0.0006916535131183542,0.04302647838495049,-0.08334455554996834,0.9335775733020166,0.9923288879877108
ANAPC16,2.3368923700636137,0.00878565932065582,0.05813466427166022,1.3563557859330162,0.1749859938027749,0.8876522629937141
ANAPC5,1.4921238999479345,-0.0003716793756040849,0.05525176491439274,0.048333099999418074,0.9614507753858155,0.995936945398722
ANKHD1,1.1574975913149008,-0.0020066612818311017,0.0661981395051731,-0.2588662370195852,0.7957384493728263,0.9923288879877108
ANKRD10,0.7581376141094317,-0.008887369075610076,0.05551662651076058,-1.7709417765168267,0.07657038430406694,0.8635912611524637
ANKRD11,1.893225817891451,0.0034098228782622063,0.05317306582812299,0.7267037662171608,0.4674074457835131,0.9840876234748115
ANKRD12,2.447868757840946,0.009985632142153337,0.05127927426372452,1.561215381902477,0.11847294088889554,0.8848340449778592
ANKRD44,2.1093756899004314,0.008799400998965855,0.0534634275555098,1.5242738048061648,0.12744032797200586,0.8876522629937141
ANP32A,1.213693589465985,0.0010238100053044695,0.04698676632389136,0.3331632932297437,0.7390110245664112,0.9923288879877108
ANP32B,1.2745318243592856,0.0025904399987615088,0.0567795094132752,0.7443313043971437,0.45667606716922704,0.9840876234748115
ANP32E,1.1001671692871977,-0.0027399314146357326,0.05100854808758383,-0.3792590534501047,0.7044955029117634,0.9923288879877108
ANXA1,4.9681149138008225,-0.00908360688879003,0.04818010622619423,-1.3262080072557394,0.18477080774854593,0.8919321460515935
ANXA11,2.186087222921857,-0.0028643901277342174,0.05535405498588878,-0.34387481402944925,0.7309404335796508,0.9923288879877108
ANXA2R,1.039244164033072,0.007747353897254447,0.057429134219678254,1.768121829925339,0.07704053871599917,0.8635912611524637
ANXA6,4.085244135233252,0.006365040029454155,0.04935861703724598,0.7894527081783039,0.4298474599782449,0.9689693947220437
AOAH,2.325640311390354,0.005708063934711069,0.05664368698524019,0.9558987209274143,0.3391234052778057,0.9527025394516133
AP1G2,0.7175145283172722,0.0008178143873864496,0.053617733347085285,0.4992180533938524,0.6176257776181868,0.9923288879877108
AP2M1,1.921037184605617,-0.00600137364864094,0.0536760193911511,-0.9172902065611538,0.3589905879003905,0.9569589251342743
AP3S1,0.96483297664917,-0.0002898093155836915,0.04792137061996504,0.08512793906017523,0.9321596787641202,0.9923288879877108
APBB1IP,1.701162748807531,0.0028244149636607496,0.05278904265132963,0.5425438099844172,0.5874439357258037,0.9923288879877108
APH1A,1.2815822414230567,-0.0026933024181893172,0.05618594450204671,-0.40604778195262636,0.6847074924158657,0.9923288879877108
APMAP,4.561323158472625,-0.0035201270903006503,0.05196571211181913,-0.3895363679499952,0.6968794131210068,0.9923288879877108
APOBEC3G,3.327510863484671,-0.000976517817756892,0.04879515857044534,-0.14098563985568963,0.8878812867603513,0.9923288879877108
APOL6,1.3423825500724698,-0.004449134437652045,0.05496649355571525,-0.8013196086258029,0.422946641870276,0.9689157414799924
APRT,2.5944773866406217,-0.0011322005512960994,0.050930635848231987,-0.15138941691600422,0.8796685373235971,0.9923288879877108
ARAP2,1.9864074848277955,0.0010440969921846662,0.06121619614740683,0.2467949468520456,0.8050669213824112,0.9923288879877108
AREG,1.4164270939377632,0.0003447332610898913,0.05077821789735993,0.24897063855415869,0.8033834934328117,0.9923288879877108
ARF1,4.103173413047171,-0.00411742392194902,0.05111508429441572,-0.45101948286498467,0.6519755071765654,0.9923288879877108
ARF4,1.2035082103435666,0.005939253239485534,0.055817669298033536,1.2607249523796027,0.20740796066302125,0.9013156061681387
ARF5,1.684349957509757,0.0029077804064708336,0.061200538104868904,0.5305785640175735,0.5957108533690103,0.9923288879877108
ARF6,4.6202536511679995,0.00012607244934005415,0.04554926869533411,0.017911914403031474,0.9857091242203354,0.9974494539321536
ARFGAP3,0.8895387865003321,0.004761260418720847,0.04929519933631302,1.2868681560112714,0.1981402461563211,0.8947795580514066
ARGLU1,3.8653355430314202,0.003288020013593261,0.05065967808504683,0.3867922396376607,0.6989100228099167,0.9923288879877108
ARHGAP15,1.32173289822163,0.0052318755225800465,0.05621832938456029,1.3267727146944661,0.18458387889015782,0.8919321460515935
ARHGAP25,1.6526562752670675,0.01312508381613489,0.06243455803939244,2.3280947823143525,0.01990707130698254,0.8059086754595226
ARHGAP30,2.3567012239157745,0.010900034930162936,0.05715189800595113,1.5824296417313948,0.1135515223590158,0.8848340449778592
ARHGAP4,1.2760494724063949,-0.0041552003314782706,0.07673997597746958,-0.7937244643234991,0.42735585484048577,0.9689157414799924
ARHGAP45,1.7138872709095252,0.013392720013118361,0.055669049015270845,2.1896893303193843,0.028546775413821026,0.8267286961236705
ARHGAP9,3.4753178613875506,-0.0011194513078622472,0.051325280257999956,-0.12750370094705016,0.8985417441588726,0.9923288879877108
ARHGDIA,2.892016250704397,-0.0019967468052788893,0.05060958039027034,-0.25761414157145324,0.796704714614656,0.9923288879877108
ARHGDIB,10.878543550624686,0.0001190480288971735,0.043600662930991504,0.006966497297497816,0.994441584323738,0.9974494539321536
ARHGEF1,3.449110961897875,0.014384701381217887,0.04996393941626717,1.641469295886321,0.10070003561542988,0.8763244959835781
ARHGEF3,1.0162840147120347,0.009640336050247339,0.04391777192992264,2.232211901914989,0.02560096116409297,0.8267286961236705
ARID4B,2.6084868522753735,0.00995795578843061,0.055247127662800335,1.325416289112754,0.18503311727087557,0.8919321460515935
ARID5A,1.4829614641918503,0.0015297867184514442,0.05568995707239242,0.390132243733033,0.6964387611116913,0.9923288879877108
ARIH2,1.4494666119069244,-0.00147381118684508,0.049695417642611504,-0.10053704694721442,0.919917972607491,0.9923288879877108
ARL2BP,0.902935206613141,0.008248114053447279,0.07543428575321817,2.005312197008993,0.04492968169762301,0.8635912611524637
ARL4A,0.41536443622549873,-0.0027053820409761987,0.05431312743203423,-0.33975857651808583,0.7340383452135788,0.9923288879877108
ARL4C,9.641174976430445,0.0011822905555254094,0.04704922940682218,0.11810021074007898,0.9059882564751978,0.9923288879877108
ARL5A,1.1727139002004119,0.002795809360398999,0.061538803342599285,0.7401541876303738,0.4592064419176781,0.9840876234748115
ARL6IP1,2.4128844829165934,-0.0009021552434240731,0.050465673842709516,-0.12391502424315237,0.9013825570079816,0.9923288879877108
ARL6IP4,2.6679629930377535,0.006364136541590608,0.0548167001142765,0.8964824997589663,0.3699951228142342,0.9569589251342743
ARL6IP5,2.7636485501721983,0.00601465527559505,0.051187096886499056,0.9368128584393474,0.34885482988411765,0.9542074254071121
ARPC1B,3.021470714089699,-0.003770544940321552,0.09035264059838517,-0.779376926223861,0.43575771177385114,0.972016948080657
ARPC2,9.750057582777078,-0.007298273524277457,0.047503230395098205,-0.6337906214987552,0.5262174745354244,0.9840876234748115
ARPC3,4.5007227286253295,-0.018473317700284535,0.06694199074319167,-2.0498070653496643,0.04038326187712819,0.8635912611524637
ARPC4,3.202180929838736,0.004560992528669543,0.05506163131819514,0.6339961864327807,0.5260833109037075,0.9840876234748115
ARPC5,1.8595869411101038,0.0004901050359787084,0.05164390452534724,0.09873576797186011,0.9213480688738098,0.9923288879877108
ARPC5L,3.6562170436128976,-0.0051975137604329535,0.052584771625365616,-0.6283453828474432,0.5297777078378537,0.9840876234748115
ASH1L,1.057820483879525,0.008294896035261543,0.06418692402994383,1.9685128581314728,0.04900905813203062,0.8635912611524637
ATF4,1.3146226837738428,-0.003598891893451825,0.055459449372425904,-0.7065525336629044,0.4798445952648942,0.9840876234748115
ATF6B,1.3348006163981267,0.0024336986296254587,0.05667481246007019,0.5220104016614572,0.6016630883524352,0.9923288879877108
ATF7IP,1.1737151979256333,0.0021601177752817793,0.049909911991822806,0.6836500751930571,0.4941961560488479,0.9840876234748115
ATG2A,1.7049441564253203,0.00466992661752137,0.04208199872203437,0.9885486497055052,0.32288402067232,0.940203466476908
ATG3,0.2581889472937355,-0.0004007744723134284,0.08275988757434204,0.3138323443850098,0.7536483772697106,0.9923288879877108
ATG4D,0.5849537528634058,0.0026606569574734503,0.039962692830438566,1.0629200344943952,0.2878182166608081,0.940203466476908
ATM,3.173005806989484,0.009529043789272369,0.05513847593969021,1.3821847597610466,0.16691497835576974,0.8876522629937141
ATP2B4,1.9330091753885998,0.002911577046817036,0.04936144312544193,0.5584627998576936,0.5765283999800757,0.9923288879877108
ATP5F1A,1.5460173339529444,-0.0017735076909569608,0.07766347016240861,-0.2525021531523835,0.8006529500414397,0.9923288879877108
ATP5F1B,2.8829695578664443,-0.001982358649874587,0.05786922357170698,-0.27794867710602644,0.7810517565817584,0.9923288879877108
ATP5F1C,1.3870251222029244,-0.003731781987839703,0.05728536626924003,-0.6622254653794701,0.5078267362662867,0.9840876234748115
ATP5F1D,2.844542175120967,-0.003645828856036649,0.05605795140378729,-0.5257770165784744,0.5990431452331402,0.9923288879877108
ATP5F1E,9.347236462890637,0.006965633062956732,0.046256972832078004,0.6288082396023371,0.529474605087019,0.9840876234748115
ATP5IF1,3.0666868777237375,0.01407863169730093,0.056017957876146524,1.6654369001631424,0.09582562269794595,0.8635912611524637
ATP5MC2,4.184822631408767,0.00402173813373284,0.06057062725649399,0.5022025100171223,0.6155250775169915,0.9923288879877108
ATP5MC3,2.472218021041846,-0.001529154920847328,0.04765032562728665,-0.24537019527246082,0.8061698044487077,0.9923288879877108
ATP5ME,2.8246021113953375,0.0023210540243771057,0.05718163518382181,0.34149963265348876,0.7327274813657344,0.9923288879877108
ATP5MF,1.9431358971126644,-0.002575029408470376,0.051140036563874704,-0.4207311858612434,0.6739513859501505,0.9923288879877108
ATP5MG,5.311086490429448,0.002475838125024218,0.060364302065322645,0.28296567641394615,0.777203148388703,0.9923288879877108
ATP5MJ,2.4082811934627384,-0.007488354600836423,0.05476385789722916,-1.1366835807877713,0.2556705856501419,0.9266680134153575
ATP5MK,2.6331434198747217,-0.0009565677265600478,0.0505575316641489,-0.14182614995117998,0.8872173281796829,0.9923288879877108
ATP5PB,1.6527501587882734,0.0030974143529973203,0.05117156927241735,0.6235556660541168,0.5329194338100331,0.9852690322713162
ATP5PF,2.1530325368733805,-0.004058438952421095,0.05143446130049563,-0.6631059036568555,0.5072627298936168,0.9840876234748115
ATP5PO,1.233148393030774,0.013332225746407045,0.06170344898540216,2.655579981266192,0.00791721563866545,0.7039194132391067
ATP6AP2,1.233739462320453,0.0011024835665994937,0.04764602316742982,0.33901710952135133,0.7345968410842592,0.9923288879877108
ATP6V0C,1.8572091719876205,-0.005433438231348934,0.07080879859445564,-0.9631582768983828,0.3354680997953591,0.9495625033541859
ATP6V0E1,2.6402073854842554,-0.0022412419376992266,0.06555990168606513,-0.35107487524711134,0.725532176401557,0.9923288879877108
ATP6V1G1,2.6850639660342797,-0.00014449997405061903,0.04723642406289707,-0.010769167824920765,0.9914076133437606,0.9974494539321536
ATP8A1,1.2333012863965844,0.004044724794626291,0.046910728180912506,1.046005528851274,0.2955584797508757,0.940203466476908
ATP8B4,0.5241438360522518,-0.006256443183459489,0.05275618212102531,-1.389456794043809,0.16469389042671845,0.8876522629937141
ATRX,1.9354244682773407,0.3869247147797979,0.15900925022588658,3.351571915199125,0.0008035416569467412,0.46924611857476317
ATXN2L,1.131285693889687,-0.004668645770012693,0.05455483612925242,-0.7188888403371764,0.47220941296567864,0.9840876234748115
ATXN7L3B,0.7566845003290193,0.004062876163186523,0.05489119324296763,1.2831222885086115,0.1994492362257414,0.8947795580514066
AUP1,1.7064352801449016,0.0037766577159177783,0.05420373620668615,0.6891923679510005,0.4907022190015339,0.9840876234748115
AURKAIP1,1.5394571141286597,-0.0037811844694344084,0.05524889617080935,-0.6449885124007082,0.5189346301535656,0.9840876234748115
AUTS2,1.2240052981571026,-0.0013949688131079379,0.04586568731986962,0.00428806146931653,0.9965786324429114,0.9974494539321536
B2M,217.9247787424821,0.0013500922686365264,0.03066243868126408,0.0888679957793958,0.9291868185553749,0.9923288879877108
B3GNT2,0.8014748568300646,0.0026032174204254086,0.05063641702785668,0.8112942772355695,0.4171966956948132,0.9689157414799924
B4GALT1,2.0342204557042427,0.0004230268524919545,0.04859722806109347,0.11815561579744581,0.905944356997473,0.9923288879877108
BAG1,1.060552477136754,-0.0015430897446196941,0.0709953222138089,-0.24824433760917416,0.8039453632824914,0.9923288879877108
BANF1,1.6116857624632657,0.0040681440284778434,0.058107508892981656,0.8016398018920203,0.4227613469800422,0.9689157414799924
BAX,2.475708902604091,0.005127821270844378,0.05237125083286179,0.7791626710166657,0.4358838963592675,0.972016948080657
BAZ2A,1.3876180361568076,0.0024977533848338455,0.08129957040047968,0.6769118648427104,0.4984618756748618,0.9840876234748115
BBLN,3.808218658176679,0.00039230165269673613,0.05528710719227553,0.050729301036349185,0.9595412278519085,0.9958460753871914
BBX,1.2987310121915951,-0.003997888144337849,0.04950695898253173,-0.6933102553252062,0.4881148685792803,0.9840876234748115
BCAP31,1.8649246135674793,1.405977739577674e-05,0.05615955702058761,0.01850833481581077,0.9852333284838106,0.9974494539321536
BCAS2,1.120585520082181,0.0069516979070097335,0.047320901885895515,1.6775239270895004,0.09344007461285675,0.8635912611524637
BCL3,0.4358502954316515,-0.00042306933975353795,0.07746123452959118,0.30586653877506625,0.7597062639161265,0.9923288879877108
BCL7B,1.0782100680854774,-0.0012310674587737924,0.04693717338430722,-0.12617542894959097,0.8995930607603483,0.9923288879877108
BCLAF1,2.604937459037347,-0.00227493951558979,0.05503927535325185,-0.3164525628100034,0.7516590258034128,0.9923288879877108
BDP1,1.1250487141499672,0.006453856501322963,0.05073734797562159,1.4307057168939148,0.15251457408735383,0.8876522629937141
BHLHE40,3.4083683196567653,-0.001555275289954111,0.0686588319132195,-0.26945316380612316,0.7875809795726567,0.9923288879877108
BIN1,2.082008142377471,0.0016781134638621598,0.06440739642835369,0.32360868691011047,0.7462343103920378,0.9923288879877108
BIN2,5.338052131248035,0.007339431160347318,0.05147418213066119,0.7553425427142124,0.45004347869555383,0.9836814820553519
BIRC2,0.6738848212269618,-0.003631887745843856,0.07360336807433722,-0.5667517742712614,0.5708828396228307,0.9923288879877108
BIRC6,1.061593185138365,0.004809782978902723,0.05167949648026522,1.309126843958815,0.19049138758423712,0.8923307919762128
BNIP2,1.025581182755314,0.0006479483485244902,0.05032965562399,0.3364552946855355,0.7365275581325981,0.9923288879877108
BPTF,1.7136092394032494,0.01097657531502236,0.05875518287134814,1.7654526965651436,0.0774877136077689,0.8635912611524637
BRD2,3.604870823508836,0.00019415328699259275,0.05100754126562401,0.050792751561135635,0.9594906668396141,0.9958460753871914
BRD4,1.10051068986998,-0.001512689409496035,0.0640553649511765,-0.11015356903062658,0.9122875846566962,0.9923288879877108
BRK1,2.212084503402778,-0.0055179594272731095,0.06233285268845217,-0.8755289585421823,0.38128616068267607,0.9569589251342743
BRWD1,1.1359431927858223,0.0020017649994065203,0.056613030379487284,0.6384746587584083,0.5231647449526536,0.9840876234748115
BSG,2.8685182544700014,-0.004400731963782516,0.05278129319718336,-0.6355623243127682,0.52506173251161,0.9840876234748115
BST2,2.510308785912151,-0.001992485343299167,0.053926573559499445,-0.32374179467460124,0.7461335258616574,0.9923288879877108
BTF3,6.179830326667603,0.01172948752449236,0.07029828977186471,1.3539117956812707,0.17576451980540708,0.8876522629937141
BTG1,19.232079261008934,0.007236742389679569,0.050446407479459124,0.8197338414873737,0.4123678534349815,0.9689157414799924
BTG2,4.971528032104986,0.0035847084481412865,0.04677219799179598,0.8155534421383274,0.41475558701589677,0.9689157414799924
BTN3A2,2.3880797937838425,0.006859564696325897,0.0522480223517673,1.0942039207194003,0.27386555230763177,0.940203466476908
BTN3A3,0.9292300478421481,0.009273339908649536,0.050071799525160145,2.095188882266545,0.036154205188087936,0.8495937295975861
BUB3,1.9370268486194056,0.010358044844000696,0.048542308760037345,1.7155496201101603,0.08624450614574329,0.8635912611524637
BUD23,0.9344647258128285,-0.0025419416124636334,0.05517689345818847,-0.36545361112007047,0.7147728285496724,0.9923288879877108
BUD31,1.474275925991533,0.0005857778810365636,0.05045349480153288,0.1446794590859172,0.8849639577756964,0.9923288879877108
BZW1,3.443101870318394,-0.0019841289447534534,0.05153258432399242,-0.24897198244798785,0.8033824538842606,0.9923288879877108
C1D,0.8950707126973076,-0.0039392927017534,0.05140793051982129,-0.6886922325098519,0.49101696527695216,0.9840876234748115
C1QBP,0.8858528796621202,-0.001563441564936768,0.05829426009454657,-0.07648225656209362,0.9390354298363252,0.9927231846073352
CABIN1,0.8524480274451331,0.005441005376667106,0.05883209868802993,1.457116685386598,0.14508417332766269,0.8876522629937141
CALCOCO2,0.8234593193957884,0.007016902902617671,0.06326014255944759,1.8786866613026758,0.060287290188955914,0.8635912611524637
CALM1,17.509430099840205,0.012895029952303539,0.04409157552436776,0.9163385677340032,0.35948934535299615,0.9569589251342743
CALM2,3.6232566399067068,0.002941579421419786,0.04779689047557633,0.39595910763270714,0.6921351953297266,0.9923288879877108
CALM3,1.5784653327424572,-0.0026347630638103867,0.04887328460614507,-0.4233202483156927,0.6720616230182714,0.9923288879877108
CALR,5.152548089216637,-0.0005925351791195771,0.04635028596211754,-0.06400521441485346,0.9489660748209648,0.9958023140718033
CAMLG,1.285132434172436,-0.0014364492567741677,0.049953430400759266,-0.19758192958871615,0.8433721741779928,0.9923288879877108
CANX,1.6108639373717937,0.00738719302650951,0.05587409009454919,1.3040936263763887,0.19220166176719067,0.8923307919762128
CAP1,3.040180724966859,0.004954339052797067,0.051720494670941246,0.7096243323777071,0.4779371264651059,0.9840876234748115
CAPG,0.340034204976352,0.0007225039169646293,0.08156767166418012,0.5020175676682817,0.6156551634882637,0.9923288879877108
CAPN12,1.0635998055175115,0.0028657876203833513,0.19621389884760546,0.8849089982133924,0.37620571449931106,0.9569589251342743
CAPN2,1.8376387900613655,0.009537141561116291,0.0479440521122425,1.7609431640497817,0.0782480232205265,0.8635912611524637
CAPNS1,1.6365840684630037,-0.006761055777591662,0.06325437266297611,-1.1489599447189727,0.25057249768584333,0.9266680134153575
CAPZA1,1.486145827979166,0.0017224409425610004,0.05463103150935229,0.46741233280932265,0.6402049006980175,0.9923288879877108
CAPZB,3.250922583034066,0.008680813062396011,0.052205273917199604,1.1287848946247687,0.25898858632039445,0.9266680134153575
CARD11,0.9772944567388682,0.0016649854873471415,0.049825637567995476,0.6062813130353953,0.5443279653702405,0.9923288879877108
CARD16,0.5496482365510315,-0.0033928307816437483,0.04731196963056167,-0.30959777711080383,0.7568668469038384,0.9923288879877108
CASP4,2.0925628741462883,0.005028136996167623,0.05550421968450562,0.8038163898462346,0.42150302273534457,0.9689157414799924
CASP8,1.9900597771240416,0.007859008492286526,0.05332972486299803,1.3258575779993442,0.1848868768850056,0.8919321460515935
CAST,3.1218817938115784,0.01702967958068033,0.06154387550855978,1.9958714576856127,0.045947916215131945,0.8635912611524637
CBLB,2.14919439172867,0.006925390768956443,0.05166908809811722,1.2093421797631074,0.2265314123392672,0.9266680134153575
CBX3,1.17432945247323,-0.0007673254205078344,0.053377001820419157,-0.012592427874814627,0.9899529617415666,0.9974494539321536
CBX4,0.8354988022590408,-0.004689625628945411,0.049630756559306176,-1.1211226003596693,0.2622356797966755,0.9292480244310225
CCDC107,1.7454325348937878,0.0010100720448832027,0.050458588429804496,0.18547047786097748,0.8528600337831502,0.9923288879877108
CCDC12,2.231830505157088,5.322316338509633e-05,0.0498529939836736,0.011780357295493071,0.9906008521909917,0.9974494539321536
CCDC186,0.8427915553078758,0.0023982499832823152,0.049812664308799534,0.7497352934818988,0.45341414666061397,0.9840876234748115
CCDC59,0.759241462903173,-0.0057507059979499025,0.05566140294938421,-1.0873289246420277,0.27689146995400205,0.940203466476908
CCDC69,1.5681229586320147,-0.007880965117007898,0.06541109717407417,-1.364774120892226,0.1723240550152796,0.8876522629937141
CCDC85B,2.739499415806691,-0.00173336978946027,0.05379234087045062,-0.25868588073532467,0.7958776143858814,0.9923288879877108
CCDC88C,2.1668162344550996,0.01880000885169046,0.06251524373538114,2.6649006264390995,0.007701107583764997,0.7039194132391067
CCL3,2.405607215108598,0.00495401945401878,0.03678181705967752,1.2738684841522203,0.20271002927926463,0.9000998912814874
CCL4,10.921583946033824,0.001047206769734985,0.03207644665750668,0.17948706237603504,0.8575552751035374,0.9923288879877108
CCL4L2,1.1978846319939953,-0.003966843310634657,0.055216770877338874,-1.0478732478343766,0.2946970092704585,0.940203466476908
CCL5,54.10843107053186,-0.00031950719582603303,0.032028917000204896,-0.04963737397886276,0.9604113631990883,0.9958460753871914
CCM2,1.417101122489117,-0.003961000369471019,0.05715726893226739,-0.7315748229767798,0.46442811997497235,0.9840876234748115
CCND2,1.0520912857288849,0.00940735155080567,0.04573916892819073,2.2562017088628252,0.024058001592030694,0.8267286961236705
CCND3,4.706887498339522,0.01298756423170305,0.05422431380780572,1.4316481533358654,0.15224454128068476,0.8876522629937141
CCNDBP1,1.5106236083554332,-0.0006035075387729132,0.051973202311959336,-0.0968200730395793,0.9228692828441,0.9923288879877108
CCNH,2.2915212743257403,0.0035269692078101866,0.04159510563053987,0.6650450055110974,0.5060217077378375,0.9840876234748115
CCNI,3.569576733743304,0.009922033264168054,0.05718026547615759,1.3483792350109172,0.17753643919073148,0.8876522629937141
CCNL1,3.4265564628105554,0.0036143650039249216,0.05809064246192982,0.5379920335832218,0.5905825484572379,0.9923288879877108
CCNT1,0.7107279379007702,-0.004614398249982645,0.07110426242016407,-0.6261174845186208,0.5312378847102311,0.9841050319731114
CCSER2,1.1235373315670587,0.008685227807400175,0.06063282132435751,1.839779782604715,0.06580057478332028,0.8635912611524637
CCT2,1.0242054634047373,0.007636321280078474,0.07082347911570847,1.7444963647921659,0.08107257474065092,0.8635912611524637
CCT3,1.1160608621154744,0.006897637799497065,0.05653920397424366,1.6135621365061377,0.1066224352462377,0.8848340449778592
CCT4,1.0588690624016703,0.00232969592654659,0.056094883400814095,0.668718352283129,0.5036751583069132,0.9840876234748115
CCT5,0.557733369797236,-0.004040941342045387,0.05773580919599262,-0.6110112175757088,0.5411921540249613,0.9923288879877108
CCT6A,0.8829930435640273,-0.0018264072450249974,0.05247609304482093,-0.026881624451859876,0.9785541497845703,0.9974494539321536
CCT7,1.153674531317875,0.0024826524469036154,0.05563376957266829,0.6472468817687842,0.5174721737083482,0.9840876234748115
CCT8,0.739800807418869,0.00015304660646930495,0.0654846612707779,0.4239681320144458,0.6715890545531874,0.9923288879877108
CD160,2.65236337151487,0.008293198183118187,0.06886807578731531,1.5743950430666769,0.11539614909715672,0.8848340449778592
CD164,2.634370588571499,-0.004825550568826012,0.05187787878865766,-0.6462163496226556,0.518139252605015,0.9840876234748115
CD2,5.247497781427427,0.007049860623930927,0.05186024240909686,1.1270931827960549,0.25970308536052744,0.9266680134153575
CD244,1.2025800569913017,0.0030690636928810315,0.07228609452276433,0.8273293105596147,0.4080504349950944,0.9689157414799924
CD247,8.965116716045669,0.006311817984735561,0.05126415499916332,0.6376674228358272,0.5236901961281633,0.9840876234748115
CD300A,2.4585801388301007,-0.004345754079328226,0.06688448732187542,-0.7122145923234426,0.47633190215492927,0.9840876234748115
CD320,1.3896483821732744,0.004676979410194351,0.048654165595832695,1.0851577200565383,0.27785180651372,0.940203466476908
CD37,3.5561285590675884,0.01024550111574335,0.04778602264506487,2.23067757270368,0.025702494258486676,0.8267286961236705
CD38,0.5929496865414513,-0.00256896256030112,0.06470002024786707,-0.42605031440847696,0.6700711836201773,0.9923288879877108
CD3D,4.603240993360062,0.0015137848548047493,0.02636872376509201,0.3880719698315185,0.6979627744484509,0.9923288879877108
CD3E,6.3229512146232425,0.0015260473576302505,0.02910761582077087,0.297129407580045,0.7663677136530247,0.9923288879877108
CD3G,2.6354063698870216,0.0034117575256534752,0.026047163450734382,1.0527198962055815,0.2924693871290519,0.940203466476908
CD44,2.746377461707472,-0.0046586578108898016,0.06716004596603843,-1.019596051395487,0.30792007845564595,0.940203466476908
CD47,2.5564963144435686,0.0020629165982521563,0.0556732502688669,0.31566597073707725,0.7522560583784155,0.9923288879877108
CD48,2.986396183994891,-0.0031233039741649328,0.06433498353003224,-0.43499365321839184,0.6635670342928872,0.9923288879877108
CD52,10.902487189507958,0.001910936213772926,0.026696433156012275,0.3765843056211323,0.7064825528590059,0.9923288879877108
CD53,3.7344201352169177,5.194819996359715e-05,0.05148245217859854,0.007733674406675884,0.9938294821021895,0.9974494539321536
CD55,0.62912494781017,0.0011287082386821246,1.357950406933887,0.6534973457122402,0.5134357000383931,0.9840876234748115
CD63,4.992803200434983,-0.01677650781183886,0.06110432833681429,-1.6740123658298947,0.09412816909480848,0.8635912611524637
CD69,10.131233711577659,0.0026175810577774754,0.04623638387769923,0.5458696614598226,0.5851555341740322,0.9923288879877108
CD7,16.17725457444466,-0.0009385630635403528,0.09123163675352147,-0.11254254429560538,0.9103932385203314,0.9923288879877108
CD74,4.462452180755688,0.0016877765729522794,0.06864879882311965,1.1400425978970976,0.25426855460889486,0.9266680134153575
CD81,3.1227107383140535,-0.0006982621453767996,0.029930184576559864,-0.1402198076663789,0.8884863222592468,0.9923288879877108
CD8A,4.196053463479709,0.0032531796598745245,0.029760485485706818,0.8221605409064708,0.4109855330959069,0.9689157414799924
CD8B,2.5489246023578085,0.00029262757003306107,0.02545269990125645,0.0921103163902797,0.9266103920057052,0.9923288879877108
CD96,2.01992217856392,0.0005554475187692308,0.05139661504755038,0.14931927496916447,0.881301706547823,0.9923288879877108
CDC25B,1.8190958181726908,0.002082604430912435,0.0465256192397737,0.43798596167874543,0.6613964599228348,0.9923288879877108
CDC37,2.433935414626191,-0.009989964216461067,0.057283508000319956,-1.332229312259179,0.18278484720753285,0.8919321460515935
CDC40,0.8213507938893447,0.005115383279569827,0.06706527565126155,1.425641183545402,0.15397194207031903,0.8876522629937141
CDC42,4.917401653049347,-0.014611551164763452,0.054126654558949466,-1.444521729332776,0.14859227193913008,0.8876522629937141
CDC42EP3,1.1921760275455828,-0.0012483051111572678,0.07373258723600662,-0.174238059581133,0.8616783757617726,0.9923288879877108
CDC42SE1,3.75051149512119,0.008853045470272712,0.04972728469522555,1.0632939652865938,0.2876486610205271,0.940203466476908
CDC42SE2,2.324846406749021,0.5062874351738625,0.18025146521032662,3.6787927930651607,0.00023434055682638912,0.4384511818221741
CDC73,0.7355023762069954,0.006358591311212995,0.05132918997786892,1.7297279948964317,0.08367888452171056,0.8635912611524637
CDK11A,1.0163216146733904,0.0023199348770463722,0.044742871481717135,0.6462910714210264,0.5180908691179194,0.9840876234748115
CDK17,1.88037745091297,0.007139656563718847,0.04559129748936506,1.3922386796652901,0.16385013346508148,0.8876522629937141
CDK2AP2,2.2004024988974904,0.0015400386805674393,0.05262395091997469,0.2774156424040129,0.7814609719026744,0.9923288879877108
CDKN1B,1.13860794390891,0.011334716193839937,0.048715985930887516,2.4521303343872995,0.014201321324020811,0.7380742277011927
CDKN2D,2.7442589999354743,-0.00956734954351344,0.06206353924745728,-1.4032771106320172,0.1605342210278523,0.8876522629937141
CDV3,0.9597185754938852,0.0006424218136204999,0.048074409854955716,0.449342502464456,0.6531846018628238,0.9923288879877108
CEBPD,0.8374777818204361,0.001079893508938642,0.04649003613342822,0.6199066762123928,0.5353192301035108,0.986533349545128
CEBPZ,0.7950861025187651,-0.00018531419374420678,0.036261137867311735,0.2897538219237634,0.7720045777254949,0.9923288879877108
CELF2,2.858792569056723,0.011758508267850585,0.05644287164924184,1.5282834733864983,0.12644217138530733,0.8876522629937141
CEMIP2,1.3417391469098598,0.002515974544063212,0.044231474805650525,0.8776384428890065,0.3801399600851304,0.9569589251342743
CENPC,1.2254079481313611,0.0014863393714005383,0.05313718683782546,0.5332070164353538,0.5938902850610406,0.9923288879877108
CEP350,0.8815089138866337,0.0036898633582027633,0.05193341649088529,1.1277895283530013,0.25940881684321826,0.9266680134153575
CEP78,1.9908526524163834,0.009961755939065979,0.05143720324281109,1.703642033389743,0.08844798365323714,0.8635912611524637
CFL1,19.081396505496553,-0.013149730859141244,0.04453625017975736,-0.9358526533935059,0.34934905740452793,0.9542074254071121
CFLAR,3.1781889828117573,3.670383899063069e-06,0.05360342052346314,0.004374505799845994,0.9965096604931951,0.9974494539321536
CHASERR,1.893085855048752,0.0011247494828480207,0.08351429027907205,0.5419303064944837,0.5878665179643563,0.9923288879877108
CHCHD2,5.9583561949530655,-0.0050313948108930435,0.051097606324638216,-0.5430029998119872,0.5871277370145989,0.9923288879877108
CHD1,1.1599262044671743,-0.0017117231441300537,0.04926123526693276,-0.08997628877625972,0.9283060572028294,0.9923288879877108
CHD2,1.4976539993320992,-0.0019524160699945791,0.05906696138147398,-0.254115034156501,0.7994066889432642,0.9923288879877108
CHD4,1.0246301995526197,-0.009401737199579527,0.06350650089240743,-1.7391106253325335,0.08201530603687102,0.8635912611524637
CHD9,1.1364642891003787,0.0037624831753240683,0.061838520191699796,0.8576354158495978,0.39109381256888287,0.9602841513338318
CHIC2,0.9872756015133894,0.003286358508021096,0.049068363306296936,0.9004786413054833,0.3678655867761207,0.9569589251342743
CHMP1B,0.5200588560931491,0.002264423195926657,0.04471698870198626,0.9810391084564747,0.3265734561632412,0.9452236169944337
CHST12,3.5464795039219905,0.017146848522235643,0.06352464965398136,2.0015661316725417,0.04533141461831383,0.8635912611524637
CHST2,0.8452366097916543,-8.984561178643165e-05,0.08641292112917204,0.1512677732482988,0.8797644899398958,0.9923288879877108
CHURC1,0.9441058954771633,0.0009143990398806082,0.049824559946502776,0.4881443160942694,0.6254476231085802,0.9923288879877108
CIAO2B,1.5629821150962646,-0.0015542061098559553,0.0660292053513491,-0.24179236315595287,0.808941056684646,0.9923288879877108
CIB1,2.697779046109977,0.009291587157310733,0.053613846551576284,1.272204017091003,0.20330064071918696,0.9000998912814874
CIR1,1.0364628525930226,-0.003696562685539353,0.05140015254954836,-0.6491960036922721,0.5162116944509205,0.9840876234748115
CIRBP,8.039800358254244,-0.005967779844374929,0.050327591701754854,-0.5881721406440262,0.5564167550101697,0.9923288879877108
CISD3,1.1319199137923432,-0.009489133170321412,0.052688287488893815,-1.9780140352655873,0.04792712333563961,0.8635912611524637
CITED2,2.098537356165595,0.00863049627035019,0.04330836045527888,1.797996548919723,0.07217755466437846,0.8635912611524637
CKLF,2.383144594564437,-2.325586593382671e-05,0.04661967525679788,-0.000779734561259593,0.9993778618950885,0.9993778618950885
CLASP1,0.7118781081164831,-0.001982647541123323,0.09246409774109351,-0.2675689500303686,0.7890311340038761,0.9923288879877108
CLDND1,2.063541843578155,-0.0016797524817406288,0.052027374069449045,-0.2842017391302084,0.7762557827628678,0.9923288879877108
CLEC2B,3.385789562539561,0.006798569796306759,0.049630738531322764,0.8695487660897793,0.38454704691452835,0.9571492450223654
CLEC2D,1.8834683723016057,0.001789627348711129,0.03202230923466513,0.48563847324113624,0.6272235135937341,0.9923288879877108
CLIC1,6.956533500625669,0.0012785045236839278,0.05521209783980867,0.15645751930020907,0.8756724015011644,0.9923288879877108
CLIC3,5.351730227608126,0.0023090962750430396,0.07948628724355769,0.3667838831871535,0.7137802304218582,0.9923288879877108
CLINT1,0.9328971859880372,0.0013785067857276954,0.06106300543207747,0.5279672597084969,0.5975220601754567,0.9923288879877108
CLK1,2.217388173655492,-0.0020849288234757457,0.041352051281466844,-0.358149546420602,0.7202314022336198,0.9923288879877108
CLSTN3,0.6313815078744935,-0.006089794927960536,0.059906117938557456,-1.0814133045238143,0.2795133060619529,0.940203466476908
CMC1,16.75747799717831,0.0013976287224679198,0.06314538346426514,0.14806983126387663,0.8822876581261084,0.9923288879877108
CMPK1,1.477892446274227,0.00789190396312595,0.046343672188491086,1.6662967677997054,0.0956543201954298,0.8635912611524637
CMTM6,0.6262829922616792,-0.007445443231134431,0.10155598013352027,-1.8528877609352412,0.06389844770975885,0.8635912611524637
CNBP,3.3581731156033503,0.014326449108192646,0.056067612518328584,1.6422161060741054,0.10054522600952624,0.8763244959835781
CNN2,2.1513745875133083,0.003838961343509184,0.054460141959988405,0.7209372918813647,0.47094809735058984,0.9840876234748115
CNOT2,1.2043625603338817,0.004655891205584097,0.057254543660163165,1.0502355990878307,0.2936098061044361,0.940203466476908
CNOT6L,1.1799149777209648,0.005720692006372008,0.04108477970170678,1.3649667891339972,0.1722634884674612,0.8876522629937141
CNPY3,0.5993468399666346,-0.0019077391711087598,0.09818377790316439,-0.31785384329033534,0.7505958059047357,0.9923288879877108
COL6A2,1.116809457050572,0.00480798675881433,0.03685253708894774,1.3223926485782134,0.18603743556111207,0.8923307919762128
COMMD6,4.090147915902345,0.015361780342684693,0.06243347479653543,1.806385877031237,0.07085808605025216,0.8635912611524637
COPA,0.8519618542123406,0.0003573039387418151,0.06577366642832198,0.3437811998225622,0.7310108398236785,0.9923288879877108
COPE,2.2087079194279466,0.002611320313132881,0.057940478658727874,0.42090193768622164,0.6738266902284413,0.9923288879877108
COPS6,1.3943524848354791,0.00783004137239184,0.05348016243678857,1.5465763643957897,0.12196543275123597,0.8848340449778592
COPS9,2.0978596776782483,-0.00039362084008928125,0.05152636630865627,-0.061031267608743306,0.9513343075111201,0.9958460753871914
COQ10B,0.7873649025182391,-0.006317264591848509,0.054244149232580786,-1.0303339602009078,0.3028532624278294,0.940203466476908
CORO1A,9.43847214182464,0.006777952940571148,0.05332195823093941,0.7191217547651815,0.4720659042942228,0.9840876234748115
CORO7,1.0552118527171908,0.0029799159140226944,0.062358705249270445,0.9245215821672536,0.3552148200545613,0.9569589251342743
COTL1,0.5584184628500557,-0.0005437288712409284,0.09931512224239676,0.1763737458977711,0.8600003290621443,0.9923288879877108
COX14,1.0526472070332669,0.006611937129135093,0.05914692950201836,1.5116811340313714,0.13061500030941828,0.8876522629937141
COX16,1.1481838215083287,0.0013113641616120885,0.052754522965138745,0.34164286987225184,0.7326196708378389,0.9923288879877108
COX17,1.2867568438316668,-0.00860194298390703,0.0454395442427577,-1.7468839470237958,0.08065747094964122,0.8635912611524637
COX19,0.6344735082442517,0.0009239338701332016,0.07187141050591646,0.520388362945806,0.6027929192732633,0.9923288879877108
COX4I1,6.016471364370629,-0.004743886057901957,0.07170585425488164,-0.5531628624863849,0.580151894476242,0.9923288879877108
COX5A,2.0979619575995687,0.00037890106135132057,0.06603808651976198,0.07732186849373401,0.9383674944421905,0.9927231846073352
COX5B,3.0149979714518955,-0.007536653947182069,0.052704659859759535,-1.0219100235535197,0.3068234878998525,0.940203466476908
COX6A1,3.646198115710571,-0.005165030247965107,0.04794375849256783,-0.731902453934851,0.464228108292962,0.9840876234748115
COX6B1,3.004139842048848,0.003977163589713025,0.05316587282647193,0.5495984117390806,0.5825948484433842,0.9923288879877108
COX6C,3.8445129117148547,-0.004224710394497001,0.05068681862791436,-0.5070947841980263,0.612088314521834,0.9923288879877108
COX7A2,3.753449420053837,-0.005435396699216314,0.051149245838247245,-0.6532177752443227,0.513615892403763,0.9840876234748115
COX7A2L,1.0948899614857543,0.0002984660478709663,0.05275901536405372,0.1552101555008404,0.8766556423797448,0.9923288879877108
COX7B,2.045539169298352,-0.0006178911132305364,0.05505689570222093,-0.09651256792891404,0.9231134927588641,0.9923288879877108
COX7C,3.715364514531707,0.006489290396297411,0.05041024486591745,0.9081126384771492,0.36381871376663766,0.9569589251342743
COX8A,2.8807105416645054,-0.004085867924444311,0.056042765107810484,-0.6433620417179243,0.519989207567451,0.9840876234748115
CPNE1,1.3606590572010855,0.002110850997130046,0.07374240918612028,0.4804259161024571,0.6309245699395155,0.9923288879877108
CPNE3,0.6638428956758358,-0.0010069378048784363,0.056662523090570856,0.12529612017813155,0.9002891236291435,0.9923288879877108
CRBN,1.0103461570839938,0.00872737925051896,0.055368638922391786,1.981210663789944,0.04756765384403564,0.8635912611524637
CREBBP,0.683791101511024,-0.008435547957262661,0.07484524747381159,-1.7517068426020468,0.07982422969322245,0.8635912611524637
CREBRF,0.8006740510910199,0.00011664173078243813,0.05189396713878378,0.3409109601719319,0.7331706135358551,0.9923288879877108
CRELD2,0.9026286608445011,0.00041650354890840027,0.0540711975821696,0.24248524736923963,0.8084041867097107,0.9923288879877108
CREM,1.4877317984572507,-0.0006674788752620401,0.04620343431549034,-0.025129826638906963,0.9799514094728784,0.9974494539321536
CRIP1,9.214877233009737,-0.0082346474212861,0.04378282135566657,-1.2397715674319372,0.21505989751197452,0.9103553580201456
CRY1,0.7137974594888155,0.007294171218902372,0.0553081883653434,2.0139663742729557,0.04401306397725312,0.8635912611524637
CSDE1,1.6205541362241769,0.0015755429440072917,0.052357117574554655,0.48711752485185966,0.6261750478725825,0.9923288879877108
CSK,1.790811718331142,0.0069042650127998755,0.054626811379518525,1.1535971674488985,0.24866536019966656,0.9266680134153575
CSNK1A1,1.21647920028264,-0.0026133842022238144,0.060927474622281846,-0.40028813200695107,0.6889443081820892,0.9923288879877108
CSNK1D,1.283110187378015,-0.0025898526772574885,0.05898133409937169,-0.4478242305581372,0.6542800547097736,0.9923288879877108
CSNK2B,1.64108254658345,-0.011151060160745909,0.06327768970594873,-1.781897523348497,0.07476594450099856,0.8635912611524637
CSRNP1,1.6686171434584498,-0.0019022048292587628,0.04341309203943432,-0.25355173522710217,0.7998418879384595,0.9923288879877108
CST7,23.839915051270413,0.04581039409530484,0.06816881232672717,2.1352894523175237,0.0327373739617474,0.8444168946881339
CTBP1,1.0467095458109126,-0.005490924017631498,0.04948668250599053,-1.0234183490455082,0.3061100873800855,0.940203466476908
CTDSP1,1.5822661947114816,0.006779867256188388,0.05352224972646058,1.2079062861339442,0.22708331135728588,0.9266680134153575
CTNNBIP1,0.7641302024708528,-0.000688336186613011,0.0627803768558858,-0.004334465835284902,0.996541607459848,0.9974494539321536
CTSC,3.7065095455287986,0.004282721393745849,0.048947867340131214,0.5524263037150235,0.5806563132064326,0.9923288879877108
CTSD,2.9608369100653693,-0.0029470066358028304,0.06197597065916036,-0.41388919821757353,0.6789552549787216,0.9923288879877108
CTSW,22.823506146262016,0.002360512065180313,0.04946849722304744,0.20623406255214005,0.8366080816403397,0.9923288879877108
CUL3,0.6886732693468922,-0.002514993807341438,0.05262096486243149,-0.27896540219936844,0.7802713761808283,0.9923288879877108
CUL5,0.4876263977527188,0.0018650670439668143,0.07044222780653546,0.8952102840889794,0.3706746882551992,0.9569589251342743
CUTA,2.9070679793672283,-0.0018825177386953976,0.05203038991507224,-0.24292205109267795,0.8080657828417035,0.9923288879877108
CWC15,1.1286612806983087,0.0031413131792643895,0.05829471326983506,0.7916399179167464,0.42857066441154534,0.9689157414799924
CX3CR1,1.376815570101313,0.005465063704651556,0.07031306732169809,1.7892694084915866,0.07357143826889462,0.8635912611524637
CXCR3,1.1276777679960472,0.0005405742760014456,0.05720061030514365,0.33437989814979574,0.7380929062571682,0.9923288879877108
CXCR4,9.857894044664407,-0.0020203670044115322,0.03455917323155528,-0.4767440897983039,0.633544362965016,0.9923288879877108
CXXC5,1.7573112655621368,0.00016790291034914095,0.1301250755786125,0.10465469236052939,0.9166498147152573,0.9923288879877108
CYBA,16.594061454087534,0.012608364726439846,0.05479004018841507,1.0315582552916145,0.3022791046493567,0.940203466476908
CYBC1,1.1312826608218496,0.008357920468472118,0.05278831096061916,1.8199681628755258,0.06876385339801275,0.8635912611524637
CYC1,1.0864077837280934,0.0017777546888304773,0.06280649125709702,0.5038834262776287,0.6143432978632896,0.9923288879877108
CYCS,2.7006996984150895,0.2627005280741108,0.17478990105599648,2.8495112938792073,0.004378645116155558,0.6522316311827332
CYFIP2,2.206768992468758,0.008114911697748544,0.0506682133826509,1.3702180353280566,0.17061885003352395,0.8876522629937141
CYLD,0.8177684685788538,-0.0020649354912010997,0.07120046057729068,-0.0734435054142951,0.9414531987353653,0.9934906569846973
CYRIB,3.411844050589656,0.019500160922136137,0.07618669109960141,2.238566248386133,0.025184152384470047,0.8267286961236705
CYTH1,2.3309288731838897,0.017683593277594226,0.06493527377578456,2.361833519968114,0.01818480640228303,0.8059086754595226
CYTIP,1.6187237908645613,0.005220378160933097,0.04894309589900051,1.1076998112116603,0.26799148093997305,0.940203466476908
DAD1,1.9932313833656488,0.0030515810627571188,0.050246825273665016,0.5565903315104713,0.577807361125418,0.9923288879877108
DAZAP2,3.6701008645928597,-0.006396276168749016,0.05057150453802757,-0.7194715272446275,0.4718504394629248,0.9840876234748115
DBF4,0.7157360577516672,0.001597523875979636,0.04921941593634136,0.7807498383252055,0.43494964187704344,0.972016948080657
DBI,3.527995981455824,-0.006223538421025429,0.052187622266640143,-0.7876044869216524,0.4309280893387575,0.9702364081261315
DBNL,1.0559363607643477,-0.0019098520952427708,0.06897634645028375,-0.3442621835202892,0.7306491212264672,0.9923288879877108
DCAF5,1.0354550651682437,0.002937712841360436,0.057613612932755916,0.8113115585216664,0.4171867739715467,0.9689157414799924
DCAF7,0.814071460689401,0.0021041817845845225,0.05876029835057375,0.7808284880562275,0.434903376355984,0.972016948080657
DCTN3,1.3600477040275958,0.004900273090464469,0.05443968698777788,0.966978320023742,0.3335548717201626,0.9472488224863564
DCXR,1.075689943529393,0.003636121161317828,0.06054485621244267,1.0217977794539317,0.30687662056541043,0.940203466476908
DDIT3,0.8281774207866954,-0.0009939407572501537,0.04208906822740038,0.00950364085121949,0.9924173058373668,0.9974494539321536
DDIT4,3.3362548793087727,-0.009790695165529243,0.05776331694105328,-1.5787478756409488,0.11439389873225496,0.8848340449778592
DDOST,1.8957498182772552,0.0036086804474244343,0.05475568199804048,0.6525664644170446,0.5140358112908585,0.9840876234748115
DDX17,2.7221254667203665,0.009234905467869843,0.05587376522024826,1.55220709449589,0.12061267911436864,0.8848340449778592
DDX18,1.1667713470019518,0.006542771821564072,0.05633674301536284,1.4221629159176226,0.154978961595928,0.8876522629937141
DDX24,2.9332834610097547,0.005272976098161689,0.04360216278265194,0.7354351319570197,0.4620745323533968,0.9840876234748115
DDX39A,1.6057686379720664,-0.000523089313829779,0.046665989085324155,-0.025498450148224713,0.979657384689167,0.9974494539321536
DDX3X,3.0578557057885334,-0.0010427735210342714,0.05699935058850599,-0.1626642662912523,0.87078278356613,0.9923288879877108
DDX3Y,0.6101228407497633,0.0013379774255892335,0.06594888287557375,0.76369561376382,0.4450486552575791,0.9808935538969468
DDX46,2.091383740748294,0.009283944013732752,0.05795150505112359,1.4442976152851956,0.1486552763074355,0.8876522629937141
DDX5,16.128232825457722,0.09290124565389113,0.07647794301198205,2.524139094102178,0.011598202790215445,0.7142784776629612
DDX6,3.0806993476585194,0.004751332977584001,0.050401724056468776,0.6613966788664744,0.5083579552219438,0.9840876234748115
DECR1,1.0228847282767148,0.003122165323696932,0.04711955314467882,0.8581987818654487,0.39078270855579944,0.9602841513338318
DEDD2,0.8381889481862842,0.007342445595474016,0.056138563045089615,1.8636965971401418,0.06236432353969408,0.8635912611524637
DEF6,1.3265611945383011,0.008549394889514946,0.05727239421695876,1.6688722677856305,0.095142696675924,0.8635912611524637
DEK,2.283643307398969,0.0028167417405906524,0.054501978835221766,0.4750842269636243,0.6347269404725606,0.9923288879877108
DENND2D,1.893746886607706,0.006427206305138985,0.05700281381265803,1.3258743047733321,0.18488133541910612,0.8919321460515935
DENND4C,0.8707573983954966,0.006563585782717924,0.06144293889532672,1.7120167522603478,0.08689358128840528,0.8635912611524637
DENR,0.5776981843419685,0.0039291964514274235,0.048431558153730084,1.3166315331963547,0.18796216362434726,0.8923307919762128
DERL1,1.1215817333002223,0.0048389411667079775,0.05538487275395815,1.124493396589929,0.2608037703132806,0.9266680134153575
DERL2,0.7841457429581923,-0.0009309981799316945,0.040242324661157944,0.042801279021397326,0.9658599444138701,0.9960697658429747
DGKD,0.7342414279481086,0.004500761439583189,0.04900364445995135,1.3460399571277026,0.1782896307190357,0.8876522629937141
DGKZ,2.3504029317060446,0.0017916329831023062,0.054508963205337546,0.27724243179129276,0.7815939602110502,0.9923288879877108
DHRS7,2.7848825728683546,-0.002356037519789337,0.05035232754315839,-0.32590973145918817,0.7444926527115452,0.9923288879877108
DHX36,1.3748621030827413,0.0011898271447762742,0.057038796417583,0.31358059115355824,0.7538396025361401,0.9923288879877108
DIAPH1,1.8488690520179507,0.002122381200470235,0.05655389554097394,0.421175144522553,0.6736271928553448,0.9923288879877108
DIDO1,0.7536323452604216,-0.0011867204185206552,0.055065474963833336,0.06067336828422405,0.9516193416247816,0.9958460753871914
DIP2A,1.8718225365121106,0.010707353995793213,0.06321456819241325,2.0582050875774476,0.03957045045178972,0.8635912611524637
DNAAF2,0.8701752399152886,0.004050885104677855,0.052128764398405886,1.2367906769320867,0.21616480416817252,0.9109106950420064
DNAJA1,2.1497937671446103,0.0027252355400705004,0.04448042078985665,0.599982826606861,0.5485176807533307,0.9923288879877108
DNAJB1,2.86526681273195,0.007794873253942615,0.030077528763363948,1.920199260541055,0.054832735000644034,0.8635912611524637
DNAJB14,1.113502252230379,-0.0013429494912786445,0.05659251904978493,-0.08051540127789629,0.9358273475537268,0.9923288879877108
DNAJB6,1.6788273513368719,-0.0025459315104851754,0.05480272292301621,-0.42926393312896854,0.667731160949995,0.9923288879877108
DNAJC1,1.919094869028624,0.0017244097411558007,0.052589318135410505,0.3007453383519864,0.7636086932999285,0.9923288879877108
DNAJC19,0.7736437484975726,0.006619144496846686,0.0533151150830991,1.7856059808944924,0.07416307783512395,0.8635912611524637
DNAJC2,0.8223448919612504,0.003406631467874799,0.0683156597065485,1.1055333215789724,0.2689285641046799,0.940203466476908
DNAJC3,0.775401129723551,0.002975480956160628,0.053259948774088864,0.9652061546511036,0.33444156487393495,0.9480911634532307
DNAJC4,0.48175269749792105,0.0038241480496808053,0.0880070105119553,1.487375474770094,0.13691567062398238,0.8876522629937141
DNAJC8,1.7643630802470829,0.000969396975077035,0.05429760054051166,0.19344018393119944,0.8466142474652788,0.9923288879877108
DNM2,1.357132406892699,-0.001998009810262994,0.048935549546995305,-0.26582290712438106,0.7903756003978026,0.9923288879877108
DNMT1,1.2736625266394141,0.0038291421341731763,0.06083562598184845,0.8909097311651116,0.3729775993226052,0.9569589251342743
DNTTIP2,1.0668561162868697,-0.007334693250529815,0.060901595047717756,-1.1633649761210447,0.2446814533441476,0.9266680134153575
DOCK10,0.8626015338198377,0.003967327695922605,0.04664812717666214,1.2172746473662612,0.22349973697459358,0.9266680134153575
DOCK8,0.9409578027512809,0.0021996892765650425,0.0743477058763068,0.7972146879482677,0.42532635709239286,0.9689157414799924
DOK2,2.952335908479591,0.006054190163045417,0.0560848945626261,0.8388995480120687,0.4015256814677175,0.9689157414799924
DPP7,1.7593903383752159,-0.0003102116400671602,0.04928218550491223,-0.011910754617588861,0.9904968174801806,0.9974494539321536
DRAP1,3.345660946765331,-0.003400479885460979,0.051349450740765606,-0.43897364441108533,0.660680633385907,0.9923288879877108
DSTN,2.1317443991318563,0.000997242863100994,0.045631482379945916,0.1772881507502144,0.8592820576990844,0.9923288879877108
DUSP1,22.490727671929026,0.0019741231855603504,0.06482283705364142,0.3882331580535556,0.6978434972476036,0.9923288879877108
DUSP2,13.139963556065512,6.213600658879775e-06,0.046111066356968926,-0.007146752117135166,0.9942977653671792,0.9974494539321536
DYNC1H1,1.7384002261973779,0.014098450407385877,0.06068696464121141,2.219847165414944,0.026429144019607217,0.8267286961236705
DYNLL1,1.6066229199453408,-0.005371246787593112,0.05650896563690603,-1.053261908182282,0.29222097185769436,0.940203466476908
DYNLRB1,1.5940065372042036,0.0009492034023717203,0.056813313034901204,0.1934302856463816,0.846621998772817,0.9923288879877108
DYNLT1,1.234179591459936,-0.0028779631752045504,0.055937790219863025,-0.6405821849394421,0.5217941772021615,0.9840876234748115
EAPP,1.206206302437507,-0.0004211382781405877,0.05001290189907153,0.046294078798079084,0.9630758586859466,0.995936945398722
ECH1,1.5098226404476163,0.00228765402874338,0.06596051715488589,0.4955688487455182,0.6201986356263831,0.9923288879877108
EDF1,4.436159757244477,-0.003635719126468454,0.050893778289681064,-0.39829021697800177,0.6904162709646311,0.9923288879877108
EEF1A1,48.902146867803644,0.015358009447948065,0.10996719134346172,2.518662943112568,0.011780136347802934,0.7142784776629612
EEF1B2,5.451980935054418,0.003096338905693183,0.08407227839740228,1.0859694627174943,0.27749250285869,0.940203466476908
EEF1D,10.498726694468893,0.1591837341489207,0.10174342792022431,2.8148231883721366,0.004880407715958453,0.6522316311827332
EEF1G,3.345310557477927,-0.002149891790241845,0.06603434016913551,-0.3592010353117513,0.7194447021753557,0.9923288879877108
EEF2,6.050327928885133,0.006151130768442662,0.10552644212350369,1.140729878418833,0.25398234890272053,0.9266680134153575
EFHD2,8.54630811701251,-0.0029351922283086724,0.04712494118152717,-0.2833956029114305,0.7768735986611003,0.9923288879877108
EGR1,0.47890067072425013,0.0001468401205368319,0.03179155226992549,0.2597158890865528,0.7950829353966896,0.9923288879877108
EHD1,1.7329873008149421,0.31496622784269396,0.2091524149696843,2.888640147017211,0.0038691157115168674,0.6522316311827332
EHMT1,0.9195009731553248,0.005104380581402609,0.05179690791120303,1.2831911973365981,0.19942509919198614,0.8947795580514066
EID1,2.434005799425734,-0.00339468522018144,0.0538863481294863,-0.47684290518748607,0.633473990928126,0.9923288879877108
EIF1,27.40033820485259,-0.003565284471916381,0.04451647089467104,-0.3136049953131241,0.7538210651045125,0.9923288879877108
EIF1AX,1.2035954126356023,-0.0030016412694027815,0.060305854865905534,-0.4048223272607755,0.6856081156755838,0.9923288879877108
EIF2AK1,0.9097267158196097,0.0011266310231424334,0.05715618548603894,0.4473072497404052,0.6546532332119777,0.9923288879877108
EIF2AK2,0.7830177240968288,0.004122314297779784,0.05183481102677787,1.3461617512981388,0.17825035732137506,0.8876522629937141
EIF2S3,0.7818628758727201,0.0015688372754780338,0.053639139601046756,0.7814755346122524,0.4345228605726985,0.972016948080657
EIF3A,1.4696129765300094,0.011772074704904089,0.062082198559643406,2.167050173606275,0.030231028584086835,0.831797860012154
EIF3B,0.5543202146315769,0.003716436579818843,0.0532557049563888,1.4301247324800872,0.15268122290911573,0.8876522629937141
EIF3D,1.44343754812406,-0.005690167803102968,0.060868438733290973,-0.8110442475435359,0.4173402610745387,0.9689157414799924
EIF3E,0.81957958345911,0.003039792584258612,0.09815775427912223,1.2450706671239549,0.21310577528518593,0.9077576779907636
EIF3F,3.3858383021129326,0.009179727137005376,0.06845396966079394,1.2565583848723474,0.2089135918475813,0.9013156061681387
EIF3G,5.580553073512669,0.007042539912966578,0.06393786744275592,0.8615465899310205,0.3889370727458421,0.9600280515929691
EIF3H,1.437770113409525,0.002311720914084137,0.17740966370928293,0.7450682642159008,0.45623045316157607,0.9840876234748115
EIF3I,1.2799156249966042,0.005339313405744974,0.05553640478365825,1.166961619486698,0.24322586948644354,0.9266680134153575
EIF3K,3.8278588620106078,0.004253500944623157,0.05446928482444042,0.5098032197583696,0.6101893297531245,0.9923288879877108
EIF3L,1.5373258154941738,0.0027717804221136745,0.12904562256122687,0.840869953175655,0.40042079278424425,0.9689157414799924
EIF3M,1.0963392869501962,-0.0009631052052712015,0.06806658978669403,0.023248107067741917,0.9814523650717021,0.9974494539321536
EIF4A1,4.37606732656981,-0.007468480506352268,0.04942426509389612,-1.1258358091755545,0.26023502388706266,0.9266680134153575
EIF4A2,3.6999458690774483,0.022831590853661602,0.06325519411654815,2.315082182606533,0.02060843491567821,0.8059086754595226
EIF4A3,0.6544099184723573,0.0037044357627111783,0.04066508816610249,1.3162520486062057,0.18808945937795962,0.8923307919762128
EIF4B,2.241320297436234,0.008702414634058304,0.05930871731790633,1.4219877768005613,0.1550297993930648,0.8876522629937141
EIF4G1,0.7477295546471693,-0.003888435297705474,0.061777369463143904,-0.4996670644944933,0.617309527056326,0.9923288879877108
EIF4G2,2.6959138681673678,0.010293085465806675,0.05541645214400274,1.4179893270824235,0.15619388081399377,0.8876522629937141
EIF4H,1.3125130097534305,-0.0034419368395085816,0.0537904744515747,-0.5404902598656259,0.5888589763413515,0.9923288879877108
EIF5,2.920500655437353,0.001416072975647591,0.04851617081782011,0.26759102345682845,0.789014141308209,0.9923288879877108
EIF5A,3.123953781034275,-0.0014411520472165117,0.05512967822938683,-0.20984687956434506,0.8337871829686851,0.9923288879877108
EIF5B,1.1542551575418782,0.004512771106380926,0.04566023481274881,1.1255033711686888,0.2603757894781904,0.9266680134153575
EIF6,1.0795556633834942,-0.5947995334646701,0.2635394249551368,-3.019317324638506,0.0025334502355668174,0.5925106738431895
ELAVL1,0.7417866649670006,0.005364720319815001,0.06147386529741216,1.59547521938864,0.11060600714907463,0.8848340449778592
ELF1,1.792899417965078,0.0018805227500284412,0.050017213015023876,0.43494175683313,0.6636047041163269,0.9923288879877108
ELF2,1.0373867781687118,-0.002068660050113735,0.04966286046294983,-0.2141191557250778,0.8304541380870696,0.9923288879877108
ELOB,4.1796746668348925,-0.0015302039276471199,0.050564161922629615,-0.1797615686908141,0.8573397558040552,0.9923288879877108
ELOVL5,0.7626139278940888,-0.0016975362589628153,0.05477438064758522,-0.06095296810381434,0.9513966653824305,0.9958460753871914
EMB,1.9039654206680703,0.010517774956364042,0.05461590118742839,1.6154365125401118,0.10621619856468408,0.8848340449778592
EMC10,1.162322305682792,-0.005691224614332452,0.05398405204083979,-1.0227606862019556,0.30642101028020174,0.940203466476908
EMC4,1.0816286501172006,0.006017623193125241,0.051223273674750734,1.4735652644916188,0.14059867952500696,0.8876522629937141
EMD,1.361114938300832,-0.004358002870216257,0.051238224705373446,-0.5059195510964482,0.6129131266527956,0.9923288879877108
EML4,2.0865664054629547,0.005214084464279951,0.04623847730106057,1.0765345299338258,0.28168826662595026,0.940203466476908
EMP3,5.756180131060566,-0.006610243371616974,0.049569665771537035,-0.9014685447579117,0.36733925101007703,0.9569589251342743
ENO1,2.371265003044119,-0.010529214218120064,0.0585733225826065,-1.8949845839239736,0.05809444406250507,0.8635912611524637
ENSA,2.220309521378571,-0.00016660786469170882,0.0564626802117562,-0.01921022623645707,0.9846733997518785,0.9974494539321536
EOMES,1.7868059485104149,0.017045967959022103,0.07398407032510174,2.7766824988912977,0.005491679518360527,0.6849954919235032
EPB41,2.0171485234080606,0.010774461337467081,0.06292948376246824,1.6902874493514868,0.09097297503114947,0.8635912611524637
EPB41L4A-AS1,0.903408083731001,-0.0006773672437231325,0.04724502429429539,-0.04925340447719603,0.9607173522575524,0.9958460753871914
EPC1,2.725113852876099,0.005005856974124205,0.05164491517820143,0.7173284595349335,0.4731714507782704,0.9840876234748115
ERAP2,0.594636258309712,0.0001321056938668762,0.042269154506574556,0.5079302224965906,0.6115022788560531,0.9923288879877108
ERGIC1,1.0404469519634674,-0.003561949121997955,0.08014097584560027,-0.7809423547679385,0.43483639956237863,0.972016948080657
ERGIC3,0.9582044719281918,-0.0003897423075593804,0.05972595381324702,0.06786267092515579,0.9458949545050461,0.994252505549967
ERH,1.7059378910417708,0.0020024785610953224,0.0538771905958297,0.4108344464883298,0.6811939329733852,0.9923288879877108
ERLEC1,0.9216808827149873,0.007498727657136945,0.052273213644949974,1.8657269614148722,0.06207957554368729,0.8635912611524637
ERN1,1.63016432709291,0.0012821413678571446,0.03815028041026458,0.30985784685931694,0.7566690594784924,0.9923288879877108
ERP29,1.359774145414955,0.003504081315401813,0.054366178523701236,0.901520124586356,0.3673118386693347,0.9569589251342743
ESYT2,1.0787757979793573,-0.007570993842630178,0.06314930375952107,-1.349147331745717,0.17728964786309342,0.8876522629937141
ETS1,4.873183693261223,0.3207109778031965,0.13788138388556007,3.2535002354774054,0.0011399263084054473,0.46924611857476317
EVL,6.254151204853748,0.009829602346758268,0.0475334771908765,1.0188100895140406,0.3082931348103789,0.940203466476908
EWSR1,1.9512536654929649,0.0006576923667631429,0.051617053848231745,0.1908362120001161,0.8486539169487696,0.9923288879877108
EZR,2.148260414520112,0.0021633335519020453,0.03613147892510817,0.5363108543173346,0.5917437301855281,0.9923288879877108
FAM107B,2.1347642682600623,0.017512872081909076,0.05987292136336821,2.4031389137579757,0.016255011309070935,0.7798237476736338
FAM177A1,1.3111909406949889,-0.0018165704610285593,0.06773786101251963,-0.20607098022654527,0.8367354666857851,0.9923288879877108
FAM43A,0.7857329769796472,-0.002147915295064607,0.06982726115421294,-0.3424899051761962,0.731982239676386,0.9923288879877108
FAU,19.321817160089093,0.024910346901753814,0.0683990834876199,1.9602807149982044,0.04996298882224037,0.8635912611524637
FBL,1.5717466131908313,0.004077419573648006,0.07137942044492844,0.9222963045530529,0.35637404108827286,0.9569589251342743
FBXO7,1.5113527410513543,0.006113665699461902,0.05439871722818803,1.1903034575052154,0.2339271423401219,0.9266680134153575
FBXW5,1.9122804887511768,0.00011799567570794325,0.053955926388081304,0.04424364921274817,0.9647101890587343,0.9960697658429747
FCER1G,4.5779152812619675,-0.0029125066773313516,0.09757744203339686,-0.8921662064696252,0.3723038525301071,0.9569589251342743
FCGR3A,3.797931336605685,0.005847997232901597,0.12808832433031306,1.200698503044852,0.22986817502592283,0.9266680134153575
FCMR,1.5202500575549978,0.009743693067999338,0.0482612598407389,2.002613494327685,0.04521879031820143,0.8635912611524637
FCRL3,1.113094494715208,0.002413600722391705,0.04435942212989847,0.8092972573405468,0.41834418344982893,0.9689157414799924
FCRL6,2.4303387499638385,0.0020838840134139412,0.05630778607597048,0.4079535933478036,0.6833077453006231,0.9923288879877108
FDFT1,0.9201564724450073,9.906986609729533e-05,0.05318304102395905,0.3216647232398727,0.747706705356068,0.9923288879877108
FDPS,1.0619358092321312,-6.915462470016667e-05,0.05343390369703569,0.13825541757564486,0.8900385586814453,0.9923288879877108
FERMT3,1.2439411921609955,-0.00018285779234630532,0.0452521279802546,0.07143869531411692,0.94304861385808,0.9941539527507073
FGD3,1.0743730542384622,-0.0044770209739897655,0.04634165284015483,-0.6637824808956923,0.5068295400136149,0.9840876234748115
FGFBP2,11.766960984923552,-0.002638013547953322,0.04506751134822683,-0.4702409377134578,0.6381828892068327,0.9923288879877108
FGR,1.7345900442143718,0.007533668326887072,0.08292632361005317,1.5711057706512532,0.11615808242795826,0.8848340449778592
FIBP,0.7898766899778082,-0.004843423995766979,0.047695618812398435,-0.9865600549168613,0.32385836072797136,0.9408990573323517
FIP1L1,0.8504048325001438,-0.0006915765614100741,0.050681626766002706,0.1971171223858489,0.8437358845694602,0.9923288879877108
FIS1,1.7577101810006202,0.0030445124898655046,0.049666636077035205,0.5282436463494471,0.597330239353234,0.9923288879877108
FKBP11,2.3200294043654393,0.0009136136039544342,0.050448154448585754,0.1552910465273411,0.8765918738267184,0.9923288879877108
FKBP2,0.3123619454082692,-0.0022189665426826507,0.04340944571571333,0.035003234258674736,0.9720771618896793,0.9971143414887437
FKBP8,2.4492686012845746,-0.0016911646032247523,0.05290940100218617,-0.2242926821132875,0.8225295699958965,0.9923288879877108
FLI1,1.24845789659242,0.011634355130262033,0.0552060761108501,2.4899003894216194,0.01277789020381538,0.7142784776629612
FLNA,5.468828317813548,0.0006102346340215908,0.04929133908133439,0.06978110614526167,0.9443678856257884,0.9941539527507073
FLOT1,1.2873115621901625,0.002515019782565005,0.07336999282868592,0.59635773689295,0.5509362677631446,0.9923288879877108
FLOT2,0.8611385866244828,0.0008444214688759608,0.04709924328442765,0.4786262456374137,0.632204543581455,0.9923288879877108
FMNL1,2.875639955447525,0.010582043968387736,0.054053374883148396,1.3844687398696898,0.16621497350877956,0.8876522629937141
FNBP1,2.488610962658276,0.01247525382424552,0.057687505547064685,1.7406917103882864,0.08173763212230972,0.8635912611524637
FNBP4,1.5053745048873048,0.004874711556742412,0.05579368389336883,1.019071238908768,0.30816914724938216,0.940203466476908
FOS,23.708890749619492,-0.0027326811255457993,0.046220869235316694,-0.8867263148259528,0.3752262671720492,0.9569589251342743
FOSB,2.203585522959421,0.0009587335423830925,0.04198220124514454,0.4078871061841672,0.6833565593438415,0.9923288879877108
FOSL2,1.6229144971385532,-0.004344888515253546,0.05485382962982982,-0.8829781714803764,0.3772480655141669,0.9569589251342743
FOXN3,1.785924678493797,-0.0011878472709715955,0.053785886957065696,-0.1570878478723736,0.8751756146711697,0.9923288879877108
FOXP1,0.5725442285145037,0.002416249206264518,0.1382777762541718,1.1971911628003697,0.23123205355497956,0.9266680134153575
FPGS,0.5770704233833656,0.002326775988321978,0.05699209375711204,0.9919407514221792,0.3212264284859405,0.940203466476908
FRG1,1.1120148446574807,0.0006837583662688617,0.049854935049871915,0.2181407309048797,0.8273194628050653,0.9923288879877108
FTH1,3.3063993293548632,-0.0009402576371137614,0.08099090945570774,-0.618183013319897,0.5364547060807284,0.986533349545128
FTL,4.049745862333152,0.0010443711259338602,0.10819492081829188,0.5957170406867967,0.5513642722843667,0.9923288879877108
FUBP1,1.06556666497812,-0.002404335284230622,0.05209002127237433,-0.32362892348984235,0.7462189876838039,0.9923288879877108
FURIN,0.5406062648756645,-0.004248064050056636,0.05759741221661661,-0.9137906052799297,0.3608268838828863,0.9569589251342743
FUS,5.012727025684688,0.009754059877109117,0.04892144124005063,1.0160839924522203,0.3095893911304958,0.940203466476908
FUT11,0.776765170591357,-0.0005914278724403426,0.05520437453413065,0.16138116928158247,0.8717931970068937,0.9923288879877108
FXR1,0.7145081540832169,0.0027452466194649943,0.0508845185885014,1.0281147307505258,0.3038958621470814,0.940203466476908
FXYD5,4.3813505013033,-0.000550906650214817,0.06148752724969403,-0.08033000142878316,0.9359747976192699,0.9923288879877108
FYB1,1.7221450501957642,0.0038347042583563055,0.045129726710820994,1.0137890473280025,0.31068342265178883,0.940203466476908
FYN,5.12468393978502,0.03067577944941865,0.07476485235104148,2.411556402365966,0.015884594742272943,0.7798237476736338
FYTTD1,0.8979851508498552,-0.002664359589253292,0.05865542732187961,-0.29215247179795284,0.7701700490650374,0.9923288879877108
G3BP1,0.8087172231066055,0.002058936897661571,0.06394756353584173,0.7958603629277738,0.42611320193146174,0.9689157414799924
G3BP2,1.6742725880741651,0.008423219804344677,0.0569929698167264,1.5211911316271096,0.12821188030280845,0.8876522629937141
G6PD,1.3835906216954583,0.0015444570793569715,0.05295632748751428,0.38173259811276744,0.7026597180629356,0.9923288879877108
GABARAP,1.2888312777275823,0.0006723360233599603,0.09104773007843056,0.2960077274409063,0.7672241800691348,0.9923288879877108
GABARAPL1,1.511682646711052,-0.001558063466160474,0.04645835437218172,-0.2470688871073934,0.8048549119014803,0.9923288879877108
GABARAPL2,1.4703905049901242,-0.006664597251612773,0.046151099671534634,-1.1649132703251925,0.24405410132058203,0.9266680134153575
GADD45B,5.862889564236571,-0.007330069544930427,0.04479789221543357,-1.3144533109692684,0.18869370017840092,0.8923307919762128
GADD45GIP1,1.1425274557205807,-0.0031409602743571155,0.05004597884884848,-0.5854808712251399,0.5582244250779679,0.9923288879877108
GAPDH,11.457046762237784,-0.009846158133376404,0.05481541408385076,-1.1595519138495174,0.24623128855728693,0.9266680134153575
GAS5,1.1485003907883664,0.003906398853433032,0.30687863633938384,1.4760770115545028,0.139923219422058,0.8876522629937141
GATA3,1.672738019433263,-0.0010453445356971795,0.05990761180518984,-0.06270707339246044,0.9499997647286248,0.9958460753871914
GBP2,1.2982639464211931,-0.0057214070495794295,0.055794811263246924,-0.9677577891147023,0.33316534938588926,0.9472488224863564
GBP4,0.793980758572324,-0.0020268281597752005,0.053817188235364785,-0.09491908428934964,0.924379097887909,0.9923288879877108
GBP5,2.1033554981616107,0.020741853480772048,0.06733344302495559,2.6744402586727665,0.007485411163315139,0.7039194132391067
GCC2,1.3776097097377062,0.008752047027949501,0.05033284121880551,1.8146948109823662,0.06957082293649647,0.8635912611524637
GCHFR,1.5681539853219493,0.002910896365039534,0.0646144673251543,0.7174075627489902,0.47312265451574664,0.9840876234748115
GDI2,0.6482201918018593,0.004137609965773166,0.07038468776350763,1.4515319843222285,0.14663178264958107,0.8876522629937141
GGNBP2,1.2387542865577201,-0.003243690774143034,0.05145804299787028,-0.5234511710549953,0.6006603224153086,0.9923288879877108
GHITM,1.6515226247714765,-0.001970796210463907,0.06272781092404223,-0.3184384928532511,0.7501523436136441,0.9923288879877108
GIMAP1,0.8599030143361095,0.0023205558958653656,0.08080575703934376,1.0517189940405183,0.2929284939043,0.940203466476908
GIMAP4,1.9640391687438048,0.002402810966909573,0.0458327621531471,0.5570817678007408,0.5774715638081794,0.9923288879877108
GIMAP7,2.9832824500373913,0.007252387585698813,0.04296411062364299,1.599662908380761,0.10967338453529406,0.8848340449778592
GIT2,0.6536716690580946,-0.002250153816389348,0.0617308815374618,-0.26195054727478506,0.7933595687162052,0.9923288879877108
GLCCI1,0.9571532432723541,-0.003060408733926979,0.04925870117537935,-0.2507362574408177,0.8020180265269068,0.9923288879877108
GLG1,1.376693621927719,0.004953296225585157,0.052180051290333665,0.9983162925305613,0.31812600965085847,0.940203466476908
GLIPR1,0.8705989890473296,0.0031248379624270895,0.06448341296204027,1.0459060923982169,0.29560439125158944,0.940203466476908
GLIPR2,1.406520744543205,-0.004433933939861164,0.05005570651218749,-0.937277735216024,0.3486157126200644,0.9542074254071121
GLS,1.521048584707608,8.317627417627349e-05,0.05631277643937869,0.24473560665026448,0.8066611561264417,0.9923288879877108
GLTP,1.4333986137744323,-0.005404795947456117,0.04761320129103956,-1.0214791260680005,0.3070274938079697,0.940203466476908
GLUD1,1.0182552459328849,0.0003223822532194085,0.05790115412298107,0.25028437740115383,0.802367437106112,0.9923288879877108
GMFG,4.182997701596445,-0.008367424077675599,0.051210179066137826,-0.9920677743021311,0.32116446534880394,0.940203466476908
GNA13,0.7006365715292214,0.003633225116066945,0.048755661848624496,1.2818289723087353,0.19990264845830463,0.8947795580514066
GNAI2,2.24506349329462,-0.00911712436011663,0.06743542324875336,-1.3871138559917333,0.1654070475648456,0.8876522629937141
GNAS,2.8284899796441443,-0.0003760274657401863,0.0435036449038622,-0.04953134157570048,0.9604958608792457,0.9958460753871914
GNB1,1.0067963632985213,-0.00742736890998988,0.05878042889201359,-1.3510318639069017,0.176685225828474,0.8876522629937141
GNB2,1.50282252099767,-0.004465312602271395,0.05647003466750226,-0.6860642218788062,0.492672611215464,0.9840876234748115
GNG2,3.653526111910219,0.01839458128559908,0.05369866127167541,2.1076979275931667,0.03505712668982903,0.8495937295975861
GNG5,1.6144433960813451,0.0026589907756203834,0.050484677108542236,0.5652633322076291,0.571894665287103,0.9923288879877108
GNLY,116.84744141054844,-0.0069002072623502355,0.04927964958654909,-0.5836482683169879,0.5594569785334349,0.9923288879877108
GNPTAB,1.4165618230247292,0.003624717833381552,0.05327847705128824,0.7993248413331692,0.42410207832341273,0.9689157414799924
GOLGA4,1.4240336980326864,0.0071493151694033774,0.03996389783215558,1.4425631053330774,0.14914358285739684,0.8876522629937141
GOLGA7,1.3652888208188,0.0016154363531938056,0.04947641129575878,0.4278386917470851,0.6687685651740901,0.9923288879877108
GOLGA8B,0.736511749638755,-0.003387436720404517,0.05948131907526754,-0.3952860380743376,0.6926318021968896,0.9923288879877108
GOLPH3,0.8538927090745725,0.004194896590938849,0.050716637918818946,1.2716523671787268,0.2034966616846976,0.9000998912814874
GON4L,1.1079925841020062,0.00924620455171911,0.05189234372366035,1.9785107454034991,0.047871117591060795,0.8635912611524637
GORASP2,0.8074834320959311,-0.0016861790401049017,0.05028943232805957,0.08676507889941201,0.930858245908491,0.9923288879877108
GPAA1,0.892348468639602,-0.006319356305669144,0.05610605974207794,-1.1973662849538231,0.2311638187871794,0.9266680134153575
GPATCH8,1.461292727270425,0.011101187072744488,0.059847341857043955,2.201624502494442,0.027691843662322413,0.8267286961236705
GPBP1,1.7154692292473508,0.009145997337033779,0.059016754890662354,1.6515197893968891,0.09863248330733708,0.8704781899435269
GPI,0.9194439666845126,0.006096790227451836,0.0468128456256596,1.4936878106473577,0.13525723596446304,0.8876522629937141
GPR108,0.7347503432420495,0.0007109089678707557,0.048990212036282975,0.3831387495234293,0.7016168897732895,0.9923288879877108
GPR183,0.29924342062204823,-0.001582275904201058,0.07311973378806474,-0.4023486095817211,0.6874274851001532,0.9923288879877108
GPR65,2.3514792462206455,-0.005858391598263029,0.051926818255669624,-0.8548296359849121,0.392645468987596,0.961570251931665
GPRIN3,0.9530055752992932,-0.0001265605852614029,0.07589134359978446,0.3074565195033583,0.7584959136416114,0.9923288879877108
GPS2,1.9013019974903917,0.005428870949990534,0.05671025615887839,0.9337488565671382,0.3504334566286309,0.9557740486183214
GPSM3,3.0571955288051114,0.0035256187209815517,0.05676818155532267,0.5123619693962291,0.6083977022022533,0.9923288879877108
GPX4,0.6561154749167015,0.0010735480182252762,0.05881593826427526,0.6209495035813637,0.5346328482988298,0.986533349545128
GRB2,0.8245917952990893,0.0029060739896698195,0.06057146652173604,0.9753348894563516,0.3293941693692204,0.9462829693455926
GRK6,1.4548411668929397,0.002201268603820029,0.050818207547897,0.49446319846952225,0.620979090642046,0.9923288879877108
GRSF1,0.6704508897716123,0.0015735494249634135,0.05157581391332452,0.6637216802414673,0.5068684606957683,0.9840876234748115
GSK3B,0.8533201426978793,0.004897157426973707,0.05689779925473185,1.3867474955620591,0.16551877227853373,0.8876522629937141
GSN,0.8876522098325572,0.0006647458713367362,0.1351410298134613,0.4694735267082171,0.6387312032737309,0.9923288879877108
GSTK1,2.0191523542110557,-0.0048152389584906925,0.03994301407633585,-1.0083652394045304,0.31327915402789874,0.940203466476908
GSTP1,3.4616747331956885,-0.004540902486059682,0.06689809636207983,-0.6707673214671996,0.5023687682562976,0.9840876234748115
GTF2A2,1.021138634518639,-0.006276086950034961,0.05440882221079437,-1.155273950168907,0.24797825999126188,0.9266680134153575
GTF2I,0.8215787749241681,-0.005333340837375265,0.05031510066153051,-1.192198610336152,0.23318337820566049,0.9266680134153575
GTF3A,3.295417637809826,0.00812012972663563,0.05194272429804425,0.9959360315629094,0.31928122697583583,0.940203466476908
GTF3C1,1.3005597762074523,0.0036103309381747928,0.04617414788016231,0.8377384821814104,0.4021775956473296,0.9689157414799924
GUK1,5.238453156291265,-0.0008010221525136285,0.0486694343661073,-0.1046235180857644,0.9166745523857774,0.9923288879877108
GYPC,2.8880434466582936,0.006338300632295939,0.0459031218893249,0.9000745306080811,0.36808058903282137,0.9569589251342743
GZMA,19.731988347896376,-0.0011504159838047216,0.040384556552398795,-0.10599760713209548,0.9155842507238005,0.9923288879877108
GZMB,17.01186502700926,0.011934174817871485,0.04447077992868921,1.4016634621029322,0.16101576635366655,0.8876522629937141
GZMH,13.744911685426382,-0.0017037940463079696,0.03251945178126691,-0.3484253674970651,0.7275207541520707,0.9923288879877108
GZMK,8.231733636071723,0.002375613089909233,0.055167952808342295,0.4329370995349975,0.6650604667647604,0.9923288879877108
GZMM,9.127963025669855,-0.0014277136561731908,0.0421363503514478,-0.1359083794290637,0.8918937111180844,0.9923288879877108
H1-10,2.537920728793996,-0.00034934319460326537,0.07040974572341406,0.12374644049470943,0.9015160400269174,0.9923288879877108
H1-2,1.3353136217079362,0.004099829468491452,0.07836094765793072,1.1663898545810003,0.24345685856200272,0.9266680134153575
H1-3,1.1553457566404113,0.005520311210443377,0.09439675111897079,1.6655947281778793,0.09579416187324956,0.8635912611524637
H1-4,3.7549039117118816,0.009620394758287522,0.07861986615777936,1.7245262793208327,0.08461287904793971,0.8635912611524637
H2AX,1.322108828919087,-0.005690927031962874,0.07172468036914356,-1.0337658108404453,0.3012456584516654,0.940203466476908
H2AZ1,1.9053623690629065,-0.005258718866206331,0.06791723588451631,-0.9562485663577435,0.3389466684689768,0.9527025394516133
H2AZ2,2.1044398407593605,-0.002429140888011077,0.0677469496474215,-0.3757801464794718,0.7070803486910131,0.9923288879877108
H3-3A,7.850618620868024,-0.008314519001669036,0.061377101787806004,-0.8553683474243411,0.39234726088727734,0.961570251931665
H3-3B,27.108907816733566,-0.0038146240095027063,0.06669593416880372,-0.3482061204480927,0.7276853916193137,0.9923288879877108
H4C3,2.9942281126442163,0.013513769294513535,0.09213559539035805,2.0312369094743414,0.04223096790303675,0.8635912611524637
HADHA,0.8985687456371285,0.0020086156859334793,0.05702607213893486,0.703713169161414,0.4816114174714179,0.9840876234748115
HBB,0.7419593988520946,0.0001624639407874423,0.07659255107993003,-0.6021316616595723,,
HBP1,0.612028733676494,-0.002286519537869756,0.044510919166067184,-0.08179191388554256,0.9348121863145403,0.9923288879877108
HCG18,0.8321439462771139,0.008619353611357771,0.05729868199897347,2.053917854187516,0.039983642973849876,0.8635912611524637
HCLS1,2.7311407836117385,0.002133405233701311,0.04931590623075063,0.2939113865508,0.7688256169898886,0.9923288879877108
HCST,18.811337830030844,-0.010701326296200072,0.04429965969993699,-0.7932837695212179,0.42761251088238283,0.9689157414799924
HDAC1,1.2827157792063522,-0.00018172608832828886,0.04642728245088464,0.1227272524517437,0.9023230826612583,0.9923288879877108
HECTD1,1.1456431542607095,0.004242143062396155,0.06272082136724823,1.005659024904526,0.3145796201158412,0.940203466476908
HELZ,1.261517449443226,0.0006499738992501354,0.045312348381951376,0.28256133828467317,0.7775131205595848,0.9923288879877108
HERPUD1,1.7016862626087206,0.0024957474500426494,0.04260872623561134,0.5583215746981136,0.5766248151180828,0.9923288879877108
HERPUD2,1.5709287170193544,0.01300349938835468,0.05685416478639847,2.274440885792565,0.0229394915449226,0.8267286961236705
HEXA,1.1784986372639366,0.0017641369238712299,0.04847106072121187,0.5014160142110449,0.616078371652315,0.9923288879877108
HIF1A,0.34126818768168865,0.002044598593963481,0.34230227849564826,1.2177877399783334,0.22330464445449305,0.9266680134153575
HIGD2A,1.765963732645557,0.007791475565816528,0.04614979774309496,1.4068966492233093,0.1594580373345421,0.8876522629937141
HINT1,3.6357077189058944,0.0012206751402185987,0.06601810422594766,0.19168592685660818,0.8479882303081167,0.9923288879877108
HLA-A,43.83924925471494,0.006794073294849708,0.03964017104405087,0.4663847252419566,0.6409401430122212,0.9923288879877108
HLA-B,72.1524111424557,0.004773237880757485,0.047890479608101756,0.4170278009867886,0.6766580729927704,0.9923288879877108
HLA-C,56.57310149719029,0.009823148288182986,0.040190992762703985,0.6498041725164097,0.5158187233907467,0.9840876234748115
HLA-E,22.95971254541473,0.025314869973937896,0.04573041230738329,1.4550431032529623,0.14565732902833803,0.8876522629937141
HLA-F,4.530650058754745,0.005044270595539897,0.05095217777244225,0.5382672561006157,0.5903925536365177,0.9923288879877108
HMGB1,8.478024099292691,-0.013171579886488262,0.05282037148095162,-1.1241688806831898,0.2609413884807801,0.9266680134153575
HMGB2,2.453186785716574,-0.008135726148889374,0.03847267952619838,-1.6263462378395068,0.10387602075606066,0.8834183401572249
HMGCS1,0.46963952032404244,0.004874283204438455,0.045827169884808616,1.6854941252823565,0.09189327730292504,0.8635912611524637
HMGN1,3.3082248274928703,0.0029059672515481297,0.0592777698209185,0.41147550672054256,0.6807238976517713,0.9923288879877108
HMGN2,3.148107769824728,0.0042194052946571605,0.0503544477714848,0.6125192827795832,0.5401942441030086,0.9918581263167116
HMGN3,2.4352322316713844,-0.0013024808745955604,0.05771285044776733,-0.1930262471846693,0.846938412346393,0.9923288879877108
HMGN4,1.4126869790245418,-0.008058764615638975,0.05326515853515235,-1.3843921879242276,0.16623839969179122,0.8876522629937141
HMOX2,1.3641551347776741,0.006300323684552233,0.05429554761162993,1.2561253234578131,0.20907053611810378,0.9013156061681387
HNRNPA0,3.3984447632598243,0.005477593584884411,0.05220611372657123,0.6857872391158802,0.49284728442748094,0.9840876234748115
HNRNPA1,9.160484797329351,0.0020717857061134416,0.05738302451492583,0.22463760206622446,0.8222612101704421,0.9923288879877108
HNRNPA2B1,8.473650587565803,0.027036893583804674,0.06498769949163716,1.9482496913945857,0.051385093613277213,0.8635912611524637
HNRNPA3,3.203045883225172,0.007774511541787567,0.05235012984679234,0.8976807486139862,0.3693557757790936,0.9569589251342743
HNRNPAB,0.8725912297777665,0.0028877651632144286,0.046878131141120154,0.8946415996240851,0.37097870663548216,0.9569589251342743
HNRNPC,3.1465408338458047,0.0025825000233676686,0.051092731286172324,0.3484739957337925,0.7274842398353805,0.9923288879877108
HNRNPD,1.846925783655628,0.005671031736249686,0.061937652929647265,0.9768052394391642,0.3286655816765206,0.9461972107374134
HNRNPDL,6.214297087802734,0.0257840556512383,0.0626726856257466,2.0102441641859956,0.04440535323899281,0.8635912611524637
HNRNPF,2.0132191131045034,0.0030713901393440153,0.05474469298832982,0.5663119761896779,0.5711817205254819,0.9923288879877108
HNRNPH1,2.263148161659615,-0.003610080968348552,0.05148076574911479,-0.6323331139043892,0.5271692299258064,0.9840876234748115
HNRNPH3,1.296187381522564,-0.005666497129616809,0.06501434342186174,-0.8859658084778491,0.3756359521142424,0.9569589251342743
HNRNPK,4.079399233550758,0.0040385109747602885,0.05018043385565469,0.4009717170526446,0.6884409472165864,0.9923288879877108
HNRNPL,2.2719220779758653,0.003984888141852356,0.04530819834336305,0.7666214844298185,0.44330659791275695,0.98040974550209
HNRNPM,2.183408287616546,-0.0009551860967297813,0.05126642431659247,-0.12488110132836781,0.9006176801893647,0.9923288879877108
HNRNPR,1.5703095607334467,-0.0014756505239128606,0.06524279195603987,-0.156682909903549,0.8754947566318552,0.9923288879877108
HNRNPU,3.293796979299075,0.011159717289000792,0.05898713798245777,1.497840638086597,0.1341746596877033,0.8876522629937141
HNRNPUL1,2.3580887117116105,0.004252241306926757,0.05833002619247591,0.7651912605699587,0.44415766297775905,0.9808935538969468
HOPX,10.855760270829114,0.0036475214532334464,0.059103190241624554,0.3987953794880198,0.6900439818892251,0.9923288879877108
HP1BP3,2.1342532109354377,0.0032900833035419386,0.05588028784142472,0.5117230786859008,0.6088448317054572,0.9923288879877108
HPS1,0.8887652546519295,0.007275510108808707,0.051647358584885464,1.7077035353934547,0.08769136582783064,0.8635912611524637
HSD17B11,0.9384087159818643,-0.004487989569917528,0.057239178562732286,-0.8216668108124273,0.41126655330867845,0.9689157414799924
HSH2D,2.2705793481156458,-0.007133662934748549,0.07421449120830874,-1.4151711069326403,0.15701833373227234,0.8876522629937141
HSP90AA1,8.383575189459716,-0.005408424280716843,0.053759261504609114,-0.6574998225964604,0.5108595850121436,0.9840876234748115
HSP90AB1,5.14857822236637,0.0024046982909448327,0.045603272395060214,0.3786264028795607,0.7049653127841036,0.9923288879877108
HSP90B1,3.6991380112277383,-0.001707873184909575,0.05022221558999387,-0.19825483644712896,0.8428456855624062,0.9923288879877108
HSPA5,5.02895147724398,0.005810256529876555,0.04994655660237196,0.755934200084456,0.44968864767852224,0.9836814820553519
HSPA8,7.350929420851654,0.006085537477691176,0.055544043609949155,0.8397925169288558,0.40102472984796234,0.9689157414799924
HSPA9,1.853052059587552,0.0032938571121527245,0.0451611442173314,0.6326511490840094,0.5269614774188122,0.9840876234748115
HSPD1,0.6416989999166525,0.0026699996317438935,0.05626979846327293,1.1991588842451568,0.23046617121908508,0.9266680134153575
HSPE1,1.8177519556200852,-0.005098587243757352,0.05237991752748287,-0.8690369825540945,0.3848269029600405,0.9571492450223654
HSPH1,0.4530437529369026,0.0009285792200746622,0.03578074362818855,0.8172570106848216,0.4137815684790923,0.9689157414799924
HUWE1,0.6967763388636933,0.0010421726632531712,0.04103901432597099,0.5543989820366523,0.5793058226092676,0.9923288879877108
ICAM2,0.9246942619945699,0.0021758706595166664,0.07661403988816046,0.8758250337612505,0.38112515863454344,0.9569589251342743
ICAM3,3.3210079416261102,0.0016387952964658946,0.056489324234784165,0.22680022340214837,0.8205790899798041,0.9923288879877108
ID1,0.5464118317419892,-0.0002616228272374246,0.05417231102669268,0.08502099194492388,0.9322447019740177,0.9923288879877108
ID2,9.322363709221472,-0.006471726282782526,0.05293265807701801,-0.8226901018606839,0.4106842455189196,0.9689157414799924
IDI1,1.5898167159604384,0.008905915281430794,0.04996174097976149,1.7103530445628266,0.08720060836309089,0.8635912611524637
IDS,3.955970018740899,0.001701614828297791,0.04514154033364044,0.26576388532949247,0.7904210585587392,0.9923288879877108
IER2,12.321756679164713,0.00030368901442459894,0.04984605510999885,0.0385830038634323,0.9692228531546623,0.9969301584674948
IER3,0.23151373583146773,-0.0025485669072310255,0.1242423229819089,-0.598235812672908,0.5496825986207272,0.9923288879877108
IER5,1.9120322082840615,-0.0008423514738047277,0.051941969378586285,0.11149227629021317,0.9112259900431046,0.9923288879877108
IFI16,1.744253632107067,-1.2153613548803582e-05,0.05040154878057106,0.05927579906879965,0.9527324367586045,0.9958460753871914
IFIT2,0.3632916404149022,-0.0016190517937904767,0.07658879141666539,-0.6597364044064614,0.5094230006255123,0.9840876234748115
IFITM1,33.217520374833036,0.005543252435340446,0.04799391794949683,0.42637494300157075,0.6698346567589302,0.9923288879877108
IFITM2,18.696827088056036,-0.0027797250381467165,0.057106909129994055,-0.26917836738247475,0.7877924264296035,0.9923288879877108
IFITM3,1.3862401263374529,-0.0009310056428364611,0.1492675745070363,-0.4706490774177387,0.6378913545419717,0.9923288879877108
IFNG,1.8886269869963008,0.0026459237952302633,0.033077540803700185,0.8404594459140825,0.40065083059616835,0.9689157414799924
IFNGR1,1.1797153194581047,-0.002098737359452659,0.05142093739411692,-0.33031402445741054,0.7411626971115486,0.9923288879877108
IFRD1,1.7672697934434842,-0.00034202501597962765,0.05751187603948934,0.03370677760566837,0.9731109742974117,0.9971143414887437
IFT25,0.9903292919027398,-0.004014889324879224,0.053997036560698285,-0.6337701094485114,0.526230862851631,0.9840876234748115
IGBP1,0.6751543048605692,-0.002478708154181103,0.07116659857123749,-0.27346656327691893,0.7844945917199129,0.9923288879877108
IGF2R,1.568857448467477,-0.0014291490303993575,0.046354637535623584,-0.14771243915431048,0.8825697143067912,0.9923288879877108
IGFBP4,0.7362085506548035,0.0011648623600664359,0.1306010097591739,0.5713208882736687,0.5677821448720045,0.9923288879877108
IGFBP7,1.3079469132826067,0.0007703663326413252,0.07855673130120283,0.27446647587186307,0.7837261631186792,0.9923288879877108
IK,1.7714251835952848,0.007183697508862215,0.05690576428756077,1.2100827475173634,0.22624714257454248,0.9266680134153575
IKZF1,2.0638157814053764,0.008764902997394283,0.05425458836882109,1.4847194309540568,0.13761816225916054,0.8876522629937141
IKZF3,1.729376775976429,0.004280633484397705,0.052353585067473854,0.9254480521011154,0.35473289347392567,0.9569589251342743
IL10RA,3.349346892110985,0.03183882920057855,0.07959872839430851,2.868745803935946,0.004121028484723032,0.6522316311827332
IL12RB2,0.5968337990941658,0.001968289342465876,0.07930133321284129,0.9440975523926365,0.3451197999859774,0.9542074254071121
IL16,1.87880665288667,0.008736413755033775,0.05729102655338759,1.6294898667110622,0.10320935831160373,0.8820928295755736
IL18R1,1.0823479625296222,0.0034334529298105576,0.06524492949830557,1.041526135238103,0.2976314300319628,0.940203466476908
IL18RAP,1.7569708102775117,-0.0035772578573679817,0.05574289303958667,-0.6900502376869352,0.49016259525789296,0.9840876234748115
IL27RA,0.9675351663511416,3.0272250925657464e-05,0.06314193384302103,0.21368518682663842,0.8307925637427036,0.9923288879877108
IL2RB,7.27943059140059,0.0005595323133209175,0.06047583949990823,0.07840016647245814,0.9375097411142636,0.9927231846073352
IL2RG,8.08787667691939,0.007208550440863415,0.05506043891924551,0.6593652344074084,0.5096612612602808,0.9840876234748115
IL32,20.632169959164848,-0.0009467511975523893,0.030262095799688672,-0.16397973194823942,0.8697470993836446,0.9923288879877108
IL7R,1.7419631239507216,0.0018027135137027282,0.08849664830719318,1.015265995952956,0.3099790489072033,0.940203466476908
ILF2,1.3273770121149864,0.0005403562058802629,0.05243986802595575,0.21471027368650475,0.8299932121410752,0.9923288879877108
ILF3,1.3370168443839467,0.0011592316852710512,0.05664000407453469,0.38675936483504225,0.6989343627195093,0.9923288879877108
ILF3-DT,1.158883859707038,0.0019596696325731855,0.055440055211377424,0.5487125197089883,0.5832027529710254,0.9923288879877108
ILKAP,0.768452488930315,-0.005143465773145924,0.05925760784406003,-0.8089943294687354,0.41851840798840567,0.9689157414799924
IMP3,1.1516345751261547,0.011081486900056328,0.04991384685520888,2.175336232394678,0.029604929257234593,0.8267286961236705
IMPDH2,0.2878360804183822,-0.0003018411123159197,0.17094884577031902,0.446992866332131,0.654880210587079,0.9923288879877108
INO80E,0.8556997550831058,-0.005222151741465632,0.055319065923271175,-0.7758221720657703,0.437853990665943,0.9741079863685843
INPP5D,1.9092586083251681,0.0044088608559612694,0.04847264971415959,0.7926027784758839,0.4280092894175338,0.9689157414799924
INTS11,0.7007966003676201,0.009042681257653196,0.05060012525205527,2.3138606073618413,0.020675369546796947,0.8059086754595226
INTS6,1.2104972201915962,0.0014976743447905928,0.036635018094124505,0.53330208405927,0.593824485253825,0.9923288879877108
IQGAP1,2.8992330097434924,0.00564042790278434,0.056160669294714034,0.7588356049993104,0.44795090384302805,0.9828716619699094
IQGAP2,1.8898292570056152,0.008566046600893936,0.05202889849023158,1.417628025231706,0.15629939355276584,0.8876522629937141
IRF1,6.671319565595003,-0.005148253991700022,0.06477168214423167,-0.6644184752342265,0.5064225113632115,0.9840876234748115
IRF1-AS1,2.9750174928314714,0.007279440123727401,0.06563427485289479,1.0640524580703092,0.28730493613544283,0.940203466476908
IRF2BP2,0.4162873161033411,-0.0022501316387722875,0.05077102804795684,-0.058339068731727825,0.9534785481450527,0.9958460753871914
IRF2BPL,0.600751997592263,-0.0017664278823458772,0.05116689732200932,-0.016192429555843553,0.9870808750124827,0.9974494539321536
IRF7,0.36634907824423635,0.00026300672247905036,0.06898114846700526,0.5123026762616709,0.6084391925147972,0.9923288879877108
IRF9,1.4524254635284326,-0.0007540023486570726,0.057113588206097465,-0.10912856864388452,0.9131005157021407,0.9923288879877108
ISCA1,1.1282296723023617,-0.00017756747789549981,0.04755181670806902,0.09542947007468817,0.9239737091527386,0.9923288879877108
ISCU,1.7163073920826797,0.010603361115742385,0.04544326882068889,1.860882301551414,0.06276079963089562,0.8635912611524637
ISG15,1.2546777661686426,0.0035860923123491534,0.07611841737763222,0.9592133552773726,0.33745127380747997,0.952294620352632
ISG20,2.6329695503635446,0.013280845505032413,0.0606980644588194,2.1581003686695586,0.0309200291089525,0.8384257168529005
ITCH,1.0274399686531774,0.0016031757308383604,0.053105357012254086,0.5854141627667603,0.5582692680109864,0.9923288879877108
ITGA4,2.964755011922836,0.009004788821789301,0.06351547095268231,1.290723735046668,0.1967994913259179,0.8947795580514066
ITGAE,0.6327047577855028,-0.0035121247805214163,0.0447774785925312,-0.6471094648174632,0.5175611000670711,0.9840876234748115
ITGAL,3.0009411266944763,0.009875519323666739,0.052273637656863006,1.3263188332238613,0.18473411120996586,0.8919321460515935
ITGAM,1.4070711496490247,-0.007453754305759078,0.06389343095452789,-1.4944144163584876,0.13506733583692737,0.8876522629937141
ITGAX,0.8033367917302013,-0.001642355046680296,0.09428810019541259,-0.5699604232168092,0.5687045412942517,0.9923288879877108
ITGB1,2.6997618741138805,0.002094418592282306,0.04200179714643657,0.485575638601913,0.6272680723214139,0.9923288879877108
ITGB2,11.691325483390868,0.005201964673803688,0.0470143828351976,0.4698021010108953,0.6384964132013589,0.9923288879877108
ITGB7,2.048570052384376,0.0025295790282653108,0.05369472838521974,0.4880731725243465,0.6254980126438998,0.9923288879877108
ITM2A,1.5634666796739372,0.01308155062720479,0.05525738241226984,2.8424357188946026,0.004477025835819383,0.6522316311827332
ITM2B,4.999941369031873,-0.0026297701893924965,0.04408112449846415,-0.3344446494686898,0.7380440517357123,0.9923288879877108
ITPRIP,0.843397629501128,-0.001210218003048298,0.06187343742871287,0.11583503830283369,0.9077832808680246,0.9923288879877108
ITSN2,1.5208220489258628,0.00788755547059042,0.06037999422966771,1.5467798530420416,0.12191633995662747,0.8848340449778592
IVNS1ABP,0.9788474199924827,0.005466123699267285,0.057539757280205744,1.5114377818906848,0.13067694935403001,0.8876522629937141
JAK1,8.704064540431878,0.006442394783883363,0.06398207129574625,0.6817433181830543,0.4954012711416822,0.9840876234748115
JARID2,0.6158484903695253,0.0010383960226510503,0.05423897150055071,0.625289487544786,0.5317810782609114,0.9841368916183632
JMJD6,0.7799338623070617,-0.0027536795543406578,0.04806179879102149,-0.3465466012558174,0.7289319684953801,0.9923288879877108
JTB,2.7525533170847583,2.2235053148595713e-05,0.048960388836479185,0.0038647997969869503,0.9969163435879889,0.9974494539321536
JUN,28.654565129631212,0.002786946156862765,0.05636677955628076,0.38739792595546696,0.698461639011988,0.9923288879877108
JUNB,15.014678012558761,0.0023504603232783533,0.03959567919410157,0.47021869514658093,0.6381987787064092,0.9923288879877108
JUND,5.18945540529352,-0.001970099506184978,0.05579861924071236,-0.47557770546968414,0.6343752617004825,0.9923288879877108
KANSL1,1.3459075145298793,0.001878891972699296,0.06258508325325991,0.48925308998150135,0.6246625275234462,0.9923288879877108
KAT6B,1.3803867713123685,0.002417578644971727,0.04816064633909441,0.598345203769394,0.5496096203027776,0.9923288879877108
KBTBD2,0.6097301696513948,0.0007092795613761325,0.04209190138251123,0.681217430070057,0.4957339206367246,0.9840876234748115
KCNAB2,1.3651496993514747,-0.00433411900773076,0.054198065592796496,-0.7306527787221236,0.46499126554549053,0.9840876234748115
KDELR1,0.639153722998691,0.0031060636157400102,0.04431429740174539,1.1805987755751972,0.237762150280039,0.9266680134153575
KDELR2,1.180387887235168,0.008491649486635765,0.06031798795990495,1.8510537623308985,0.06416181906378253,0.8635912611524637
KDM2A,1.2159282047065636,-0.0019848680673857293,0.053172694027744834,-0.10978671101582715,0.912578530405193,0.9923288879877108
KDM4C,0.8162826190709881,0.0074063377438435855,0.05064926979879749,1.9361964968065115,0.05284363938205046,0.8635912611524637
KDM5A,1.2712175843037208,0.0045154307368317935,0.06080392803105341,0.9880739679971828,0.3231164238079379,0.940203466476908
KDM6B,0.16401473169495093,-0.00016982642847903286,0.11594354909025521,0.3388629408504317,0.73471298333565,0.9923288879877108
KHDRBS1,1.6850888786465614,0.005311828247748442,0.051355497890555796,1.0358839157217834,0.3002563022247644,0.940203466476908
KIF2A,1.3757388457202373,0.3920694345634067,0.2149475062423432,3.053572130328729,0.002261343518641958,0.5925106738431895
KIF5B,1.3283760657738737,0.0021051548187900147,0.06154377769300083,0.5518949271042594,0.5810203441903113,0.9923288879877108
KIFAP3,0.46050148378098626,0.0036343262731874664,0.05076414249045383,1.3255061437618416,0.1850033330639489,0.8919321460515935
KIR2DL4,0.3770841917843095,-0.001130254159783772,0.06667989605561822,0.23096808324918394,0.8173395975450501,0.9923288879877108
KIR3DL1,0.37259226698086223,-0.0005682684341044137,0.04005164494426201,0.3493570806364772,0.7268212504759473,0.9923288879877108
KLF10,0.38531560353796235,-0.0007867166702634382,0.07994091005159559,0.16249584721482577,0.8709153982599339,0.9923288879877108
KLF13,1.5714224757750417,0.0026185707502368646,0.055077661448252206,0.6290203298005292,0.5293357468264375,0.9840876234748115
KLF2,12.784952921141878,0.011230394443491252,0.03885291558536937,1.5576334172824255,0.11932017231629011,0.8848340449778592
KLF3,2.1135487137646307,0.006430925790077824,0.04216686995985368,1.2126581161358065,0.22526055946319112,0.9266680134153575
KLF6,8.360697439291163,0.01047543816139042,0.05768185357627228,1.5763841400937921,0.11493730120360714,0.8848340449778592
KLRB1,21.937992121213636,-0.008617344167956982,0.06871222281228055,-0.8908101105850803,0.3730310501286669,0.9569589251342743
KLRC1,5.167800626877533,0.002683008380002581,0.22223653593518186,0.5339453534928629,0.5933793424399749,0.9923288879877108
KLRC2,2.509036790192712,0.004980114558181724,0.07512996277542797,1.1323286272780082,0.25749629894888093,0.9266680134153575
KLRC3,2.572870859848054,-0.0037386152730242528,0.14309258126860652,-0.7525672801433928,0.4517099857760266,0.9840876234748115
KLRC4,0.8683278701003164,0.0013225672820485661,0.07008961041002351,0.7219156073070473,0.47034636502392935,0.9840876234748115
KLRD1,12.416819296554642,0.006014233094204282,0.05465820560704994,0.5796450144559964,0.5621540304493536,0.9923288879877108
KLRF1,6.949831224467505,-0.0028339101322204835,0.06564685817679251,-0.38433540430790425,0.7007298704316687,0.9923288879877108
KLRG1,3.9065478615843507,0.0026264996109360284,0.056752594711279414,0.38113704902005285,0.7031015573434899,0.9923288879877108
KLRK1,7.84971086185169,0.01505905341678483,0.057290024172892834,1.511291309285518,0.13071424720346891,0.8876522629937141
KMT2A,1.5084688170619074,0.009512337040997043,0.05245165331439449,1.9288067815872223,0.05375485363489576,0.8635912611524637
KMT2C,1.290416787475826,0.002665500187870859,0.051793098725714415,0.7040935432080024,0.48137452086677823,0.9840876234748115
KMT2E,3.8118525371570393,-0.0019774631015018404,0.04782766148641918,-0.2592009351569091,0.7954802096048421,0.9923288879877108
KMT2E-AS1,0.8825661378084617,-0.0003941043322217327,0.0593455334037253,0.14410323370459321,0.8854189512490344,0.9923288879877108
KPNA4,0.8228494289205959,-0.004375569111777844,0.05813065271055116,-0.552244890916947,0.5807805819400575,0.9923288879877108
KPNB1,1.5757846204018482,0.003823744094787188,0.07121323841733172,0.8281342079553301,0.407594498508162,0.9689157414799924
KRI1,0.6311953136715345,0.00030196468208091264,0.05455961819120258,0.5108873100404768,0.6094299675070871,0.9923288879877108
KRR1,1.0044842889759855,-0.0002169072902275206,0.05367622721841105,0.16283260984828343,0.8706502319675641,0.9923288879877108
KRT10,2.3566739889041366,0.0019006067812693827,0.05331117785709056,0.2975200630915442,0.7660694929670723,0.9923288879877108
KRTCAP2,2.9463542479272804,0.002865336193506707,0.049747586787376306,0.38609761471895454,0.699424376326217,0.9923288879877108
KTN1,1.6047175466583792,0.01110311784050163,0.05927489555682831,1.874687840835899,0.06083568063268851,0.8635912611524637
LAIR1,0.9723798413812581,0.002910888577276749,0.052096455949607726,0.9259285761287056,0.35448309950567514,0.9569589251342743
LAMP1,2.198161966190681,0.007068632935269938,0.05202934528781011,1.0471005568343887,0.2950532025387068,0.940203466476908
LAMTOR1,1.3006672477568784,-0.004766346857919386,0.052713212163073404,-0.8805313381757448,0.37857153611311545,0.9569589251342743
LAMTOR4,1.7403316877899588,0.002699223495644144,0.04960935646648789,0.5365260319971903,0.5915950495860136,0.9923288879877108
LAMTOR5,1.2490002663984812,-0.007317505708173402,0.05274409397977407,-1.4074978634677453,0.15927981034608907,0.8876522629937141
LAPTM4A,0.9180638150159257,-0.007272341447643856,0.0584831546147851,-1.256547873991276,0.20891740004811576,0.9013156061681387
LAPTM5,3.649911909782849,0.004593384887831904,0.05350086126346646,0.6759762010677841,0.4990557552479091,0.9840876234748115
LASP1,1.285095002452423,0.001474984544388926,0.05770322409436358,0.39848047229052724,0.690276049911972,0.9923288879877108
LAT,2.131089128675128,0.0026676845066521716,0.037959447369150794,0.5019769994607305,0.6156837002375577,0.9923288879877108
LAT2,0.8021324327618947,-0.0027888152473344754,0.055430350986928445,-0.47386620142790886,0.6355953224190094,0.9923288879877108
LBH,2.5593787798738936,0.017522683848988287,0.04943056720397199,2.489404684257032,0.012795722391964453,0.7142784776629612
LBR,1.0658502682932605,0.007697820975912813,0.050184763906649325,1.7330272335522932,0.08309082842709672,0.8635912611524637
LCK,4.857558988519852,0.012427949146490026,0.048497451577175,1.4589043329200833,0.1445914404079526,0.8876522629937141
LCP1,5.446814103301418,0.004626852096588398,0.04569101116303204,0.48724374798245257,0.6260856061401389,0.9923288879877108
LCP2,2.0784926514926925,0.001521779998422203,0.049533885112723726,0.3749290316860774,0.7077132472149036,0.9923288879877108
LDHA,3.2493175862844956,-0.005835922267324644,0.04516945337779288,-0.8821449655265067,0.37769841865617004,0.9569589251342743
LDHB,0.6689291532147355,0.0016549074704300126,0.043665940845254936,0.9158653579035274,0.35973751836923973,0.9569589251342743
LEMD3,0.54264807836557,-0.0011294854244947657,0.06515932137038111,0.2720015130916609,0.7856208559162418,0.9923288879877108
LEPROTL1,1.309596914455333,0.002520633470630649,0.03555852895466716,1.0160044793357517,0.30962725349878906,0.940203466476908
LGALS1,3.826186762504371,-0.0007292878226809841,0.04815700099660458,-0.1879090650732682,0.850947936424587,0.9923288879877108
LIMD2,5.6159622054421225,0.004196697527876826,0.05158868014613593,0.5084403281025034,0.6111445768419346,0.9923288879877108
LIME1,3.0843287285457843,0.004105789954024209,0.03347195960638539,0.7417624136723087,0.4582312970810972,0.9840876234748115
LINC-PINT,1.3612839879190868,0.002107224347769673,0.1060616681709758,0.5491136091849016,0.5829274862834117,0.9923288879877108
LINC00299,0.9095928582635976,-0.005594979302303848,0.04725627793760871,-1.2242474569071407,0.2208588915528794,0.9244451590501955
LINC00623,1.8322120894712597,0.009295720966413429,0.04985377976914787,1.6140451248332286,0.10651763877817629,0.8848340449778592
LINC00861,1.7790271778448883,0.00717668478255895,0.06451139389765038,1.3745027041832745,0.16928567132128713,0.8876522629937141
LINC01138,0.9688574772892786,0.0011901315885129255,0.06945620432381472,0.6004988031770004,0.5481738582725028,0.9923288879877108
LINC01871,2.4797268819638347,0.0010266547920125787,0.050081068166278275,0.1907768339422969,0.8487004391592711,0.9923288879877108
LITAF,9.19859368170368,0.004038943747503869,0.04168157941809824,0.4365254594092474,0.6624555315426861,0.9923288879877108
LMAN1,0.9760723720014832,0.0016214720004600687,0.053237818870176534,0.588244974432335,0.5563678737563125,0.9923288879877108
LMAN2,1.9624433150242824,-0.004400358388327392,0.05572164549987513,-0.6514969152555127,0.514725767721764,0.9840876234748115
LMBRD1,0.8316695832962444,-0.0019003459349727378,0.05586592322944326,-0.194541490303285,0.8457519116761191,0.9923288879877108
LMNA,0.5222237850381618,-0.0020010916405253563,0.11174580003818986,-0.1703365720989905,0.8647454511290481,0.9923288879877108
LMO4,0.8166782922824978,0.0020707737822743127,0.06729939256004695,0.740901047290177,0.45875344045403343,0.9840876234748115
LNPEP,1.6150826009322226,0.011864439065659583,0.05841052465675545,2.0044500869218624,0.04502186854967843,0.8635912611524637
LPCAT1,1.628806240262421,0.008618745039218861,0.052428992607824805,1.5860139632712134,0.11273614209894645,0.8848340449778592
LPGAT1,0.8684539461097593,-0.0021777385545420046,0.054754168171817774,-0.23076994515486224,0.8174935313433176,0.9923288879877108
LRBA,1.0692326703931576,-0.0015976689236252416,0.06046723036843512,-0.1050474563991421,0.9163381522412974,0.9923288879877108
LRP10,1.294140801269475,0.005824462493545963,0.05448773771223995,1.2438525916925007,0.21355382029006076,0.9077576779907636
LRRFIP1,2.2807408862147196,-0.0033307710589788693,0.06241847595114871,-0.5076726347450922,0.6116829426739263,0.9923288879877108
LSM14A,1.7425044554942253,0.0013127599855292354,0.058023799723383666,0.2878972819334603,0.7734253675779527,0.9923288879877108
LSM2,1.1325635944228698,0.0013487530457581298,0.049835076224703734,0.39295688980794996,0.6943513223000405,0.9923288879877108
LSM3,1.2374456614196117,-0.0028601557549010944,0.05561752038776937,-0.5353764875575062,0.5923895454142429,0.9923288879877108
LSM4,1.3286060089327487,0.004440767020762763,0.055975048649669276,0.9156961861616749,0.35982626592247957,0.9569589251342743
LSM7,1.776351216375832,0.00745006164030554,0.056435737927961756,1.2671737784630124,0.20509315949497298,0.9013156061681387
LSP1,6.100451325373957,-0.010990997008046965,0.04665635379567621,-1.4051011718605555,0.15999119570810083,0.8876522629937141
LTB,0.6595805926203738,0.000758342024688521,0.13336341696488035,0.740527554165677,0.45897994825896404,0.9840876234748115
LUC7L2,1.0024396291502904,0.006674312423317234,0.05789895913503793,1.5972430861624094,0.11021153187456084,0.8848340449778592
LUC7L3,1.8810024524180016,0.007133471499262735,0.0696740998870656,1.2827348504052178,0.19958498581011275,0.8947795580514066
LY6E,6.1475013648525705,-0.005347430219544273,0.051674589238872984,-0.584433150828769,0.5589289285761587,0.9923288879877108
LYAR,5.222057718059588,0.002950075686110978,0.03932791342085762,0.3885176777016401,0.6976329746025316,0.9923288879877108
LYN,0.3945954235907592,-0.0016978175598240891,0.08645929180055416,-0.5594355093612285,0.5758645328516762,0.9923288879877108
LYST,1.2974499627388527,0.0005228513188548634,0.06800548044755206,0.1885105986530792,0.8504764079352365,0.9923288879877108
M6PR,1.3404867443043915,-0.007596668752976684,0.060028060932704894,-1.2835444911959075,0.19930138273474218,0.8947795580514066
MACF1,2.543390567561937,0.0027449729852564177,0.04875654947745561,0.4641161387869655,0.6425645396184285,0.9923288879877108
MADD,0.5362083585064408,-0.0011612333100264726,0.05943352872314457,0.21080609722706012,0.833038580560485,0.9923288879877108
MAF1,2.0319742238265537,-0.005569975052845236,0.057121514124121094,-0.8577508242363581,0.3910300690872368,0.9602841513338318
MAFF,1.3691232141056613,-0.0038510040323221618,0.06270315030637695,-0.9368841986114423,0.3488181280893772,0.9542074254071121
MAGOH,1.5352850457867153,-0.003324777545821525,0.05318658784459064,-0.5454812719108941,0.5854225576590805,0.9923288879877108
MALAT1,315.00604331146366,0.016515937234424457,0.05106081848366603,1.2377348201103702,0.21581440361449655,0.9109106950420064
MANF,1.0973113783360158,-0.006409664044561743,0.052095002317980546,-1.5054968254395644,0.13219639241293277,0.8876522629937141
MAP1LC3B,2.627039538735763,-0.0069075404823717365,0.05109389703148494,-0.879298841540462,0.37923926386026086,0.9569589251342743
MAP2K2,1.09130189639494,-0.0034218979697821263,0.05078742125440103,-0.37239244525924414,0.709600677928922,0.9923288879877108
MAP3K8,2.776857696014085,-0.005896937179480071,0.06691566056249885,-1.5297308560368275,0.1260833626611024,0.8876522629937141
MAP4K5,0.7668917767689064,0.006978220443938715,0.057898850647271204,1.879616403820326,0.06016037599976423,0.8635912611524637
MAPK1,1.5863214550976203,0.010061383346921398,0.05384011806820944,1.7723447034136084,0.07633735483745731,0.8635912611524637
MAPK1IP1L,1.1989321569372084,0.0013644593877028446,0.05203769121152346,0.5146085216904984,0.6068266090204844,0.9923288879877108
MAPKAPK2,0.9742525566629051,-0.0014988418964803026,0.060581153339955625,-0.17781943872752756,0.8588647807426951,0.9923288879877108
MAPKAPK5-AS1,0.6525678136692825,0.0019932855928818673,0.04462801402368657,0.8704768611846716,0.3840398589410907,0.9571492450223654
MAPRE2,2.498178362501008,0.007826503218688854,0.05742723517948228,1.2594561931432784,0.20786560360784978,0.9013156061681387
MAT2B,1.3306504879777943,0.004034835437943392,0.04712539492085827,0.895418742055526,0.3705632855033112,0.9569589251342743
MATK,7.01389043460408,-0.004723230392650675,0.055213567258736364,-0.5241028069644699,0.6002070363339609,0.9923288879877108
MAZ,1.285220043549842,-0.00045378361831195505,0.04312421733940066,0.0808592782753131,0.9355538651050314,0.9923288879877108
MBNL1,3.6236436634703595,0.0076438968491769664,0.05595881920833834,0.9480629256326365,0.34309742075867555,0.9542074254071121
MBP,4.0041331550104955,0.010674428364575262,0.05758947161856152,1.228142269723685,0.2193935656675997,0.9203707653903118
MCL1,2.905471815330237,0.009103468018955412,0.0550460233704235,2.1368437232191257,0.032610704552803856,0.8444168946881339
MCRIP1,1.1374135366034577,-0.0012964211261322475,0.0552963846940147,-0.24884106504618703,0.8034837246746045,0.9923288879877108
MCTP2,1.4867596344084488,-0.004511374483427407,0.05415210907257603,-0.6303513606314437,0.5284647263786273,0.9840876234748115
MCUB,0.7995077172463416,0.0021794366215141304,0.10961571198112795,0.8682048987333038,0.3852821729615664,0.9571492450223654
MDH1,0.8800918020265405,0.0027435412763980125,0.050173084100927974,0.7636125906891481,0.4450981439115488,0.9808935538969468
MDH2,1.855385961236668,-0.0021797835420303215,0.05781169196711727,-0.3432911965668401,0.7313794029909428,0.9923288879877108
MEAF6,1.6127144309286567,0.0018084381533168515,0.05098728968233354,0.37186549247967404,0.7099929986200089,0.9923288879877108
MED10,1.9584856714787924,0.0063053313659570225,0.050694894224856665,1.067524790487937,0.2857349252473469,0.940203466476908
MED15,1.244433956908887,0.004718375660806226,0.04937453154318612,1.0888688024436555,0.27621174554185046,0.940203466476908
MED30,0.7240523736327145,-0.005877558766855666,0.0574774068328862,-1.0440160928824214,0.2964779441355446,0.940203466476908
MED4,1.0286521770141597,0.0017114676045581838,0.06767885787383034,0.552859367019462,0.5803597128868678,0.9923288879877108
METRNL,1.0512635495419318,-0.0030872462897979657,0.047695115832322964,-0.8210864060965393,0.4115970526024847,0.9689157414799924
METTL26,1.3612871116330567,-0.0034863704105051584,0.0558451880471636,-0.5795459817849983,0.5622208297747836,0.9923288879877108
METTL9,0.911684517561259,0.0006986467560555859,0.05457319134658489,0.2978395076736583,0.7658256594164258,0.9923288879877108
MFSD11,0.9143146031112259,-0.0030563464095763777,0.05784109477069889,-0.38683595424816986,0.6988776577819109,0.9923288879877108
MGAT1,0.7057864073530911,-0.001334703387736755,0.05230837790633699,-0.1223120402636889,0.9026518968431377,0.9923288879877108
MGAT4A,1.4721228954142105,0.0072073853907666605,0.054075265564053565,1.5731019408251323,0.11569521562238728,0.8848340449778592
MIB2,1.7879123149681604,0.009427743966840726,0.06500354650949408,1.746910009329677,0.08065294931229697,0.8635912611524637
MICU2,0.7315389316234383,0.0013525352412082302,0.05354763924386251,0.6269339704307739,0.5307025184853473,0.9840876234748115
MIDN,1.9817830249329,-0.0058058796519998715,0.055647814136383186,-0.9804531814342121,0.32686246937220664,0.9452236169944337
MIER1,0.9880536738853533,3.890199452546317e-05,0.05722939595460003,0.253184063586105,0.8001259808266592,0.9923288879877108
MIF,6.889800655643672,0.000704495919133557,0.05048984839459298,0.08089557518804026,0.9355249989224507,0.9923288879877108
MIR142HG,2.991108171866742,-0.0016651342277132298,0.06806386956476815,-0.27025778189684885,0.7869619423665857,0.9923288879877108
MIR23AHG,1.2578130875251496,-0.0019112107540838314,0.24571635652184837,-0.7912674492390187,0.4287879390408518,0.9689157414799924
MIS18BP1,0.631488691441305,0.006454675948994972,0.1102517378334061,2.1157048577352673,0.0343699171755351,0.8495937295975861
MKRN1,1.1248472215417524,-0.004398459929582564,0.057793521484277785,-0.7895827684551479,0.42977147485847944,0.9689693947220437
MLEC,0.56075888802759,0.0033900710765648835,0.05973163422775419,1.1343453904622567,0.25664969632373336,0.9266680134153575
MLF2,1.0247250359045772,0.0004688736054235359,0.05340434473493379,0.2884719087523872,0.7729855305471427,0.9923288879877108
MLLT6,1.6089097354619994,0.00533946139354929,0.0527321756777464,1.0161676046318833,0.3095495801794095,0.940203466476908
MMADHC,0.7586320916237387,-0.005147121175390777,0.06342119893696185,-0.8897511485851978,0.3735995228337641,0.9569589251342743
MMP24OS,1.4959539772570263,-0.002376398632459421,0.055635681884679856,-0.3883756322941315,0.6977380743654833,0.9923288879877108
MMP25-AS1,1.1110943673704483,-0.0022288898255094303,0.059590445277156505,-0.35289308956414434,0.7241685917032143,0.9923288879877108
MOAP1,0.7798151847792474,-0.0016566308847344505,0.052010754647056526,-0.1045132179178989,0.9167620793425412,0.9923288879877108
MOB1A,1.1348450878337248,-0.003063341096037881,0.055448082219004435,-0.4249213944686799,0.6708939778516023,0.9923288879877108
MORF4L1,2.6296939384814015,0.004897958948076074,0.05092692503662799,0.6819185336956017,0.49529046539288624,0.9840876234748115
MPC2,1.0578219657241985,0.002705357296326042,0.05570559258294494,0.6906708443633525,0.48977241559364093,0.9840876234748115
MPG,1.0253602004945712,-0.0037367178537451155,0.054610986720500417,-0.66211576910399,0.5078970304527118,0.9840876234748115
MPHOSPH8,1.9273788136210728,0.009974953765743547,0.06728380886282191,1.7328867105857277,0.08311580678220036,0.8635912611524637
MRFAP1,0.9356934453107022,0.003970679382129363,0.06847481683800354,1.085669815852562,0.2776250994230899,0.940203466476908
MRPL10,2.003838566066428,0.006339325566841652,0.04959792454911332,1.060989144592547,0.288694834516245,0.940203466476908
MRPL14,0.7853568864729839,0.003196459237713908,0.056014765113233306,0.990953073446444,0.32170849488681075,0.940203466476908
MRPL52,0.6852214412163232,-0.0028657615152094754,0.05972661417038232,-0.47734760054885544,0.6331146204957931,0.9923288879877108
MRPL54,1.2736657211610833,-0.00145875899941796,0.053838866195533436,-0.19095294448912467,0.8485624595592935,0.9923288879877108
MRPS15,0.7436927087152169,0.0033242830001651382,0.05708344226768358,1.0674686670409836,0.2857602552023829,0.940203466476908
MRPS21,1.211166873736879,-0.005098272270487018,0.046523058346735764,-0.8907174837114978,0.37308075276055297,0.9569589251342743
MRPS6,1.5482016863157175,0.009335764521741473,0.05942881201388647,1.7292291737660381,0.08376808694057505,0.8635912611524637
MRPS7,0.9464801307370914,0.003921945624531346,0.061394006432190444,1.106986328981665,0.2682998390633987,0.940203466476908
MSL2,0.685162313397375,-0.002736860602958516,0.044142186759021325,-0.2332421210341509,0.8155733998066808,0.9923288879877108
MSN,4.475011263099236,0.003526537511831372,0.049782672815019496,0.37978075767079666,0.7041081672118904,0.9923288879877108
MT-ATP6,31.095704453980744,0.013049877588048322,0.05796426381825428,1.2164522319550521,0.22381269716002317,0.9266680134153575
MT-ATP8,9.106100755763725,-0.010513825084313538,0.0883295015972586,-1.6692318875142391,0.09507143288182743,0.8635912611524637
MT-CO1,87.62691437115932,0.008015681761455366,0.04607607694880502,0.5507287048903748,0.581819664037774,0.9923288879877108
MT-CO2,60.28857116295327,-0.011582137480417639,0.044451982081866126,-0.8619968762227863,0.38868923681213363,0.9600280515929691
MT-CO3,43.42505411916969,-0.009484447955069988,0.055101428484296694,-0.8231728020809616,0.41040973314007345,0.9689157414799924
MT-CYB,34.445686895897104,-0.0001995473349741443,0.045534143729756144,-0.021971222990139202,0.9824709107219891,0.9974494539321536
MT-ND1,16.217989105519283,-0.005658225287388396,0.058178167351464895,-0.6865958459394496,0.4923374469454055,0.9840876234748115
MT-ND2,18.63629721902582,-0.003266398988157202,0.05367267746192536,-0.3385586052935227,0.7349422709213309,0.9923288879877108
MT-ND3,15.720167275360547,0.005219843893206365,0.059072823971338145,0.5474609262238207,0.5840621077754939,0.9923288879877108
MT-ND4,19.996288677864754,-0.00214369661283809,0.053228561602636955,-0.18530115949485232,0.8529928286338312,0.9923288879877108
MT-ND4L,16.441727756373943,-0.007441077357565976,0.04686594847484419,-0.6820439765206123,0.4952111438695823,0.9840876234748115
MT-ND5,20.013327699759785,0.005743156794091087,0.055203652718190166,0.5159979515083009,0.6058558399491479,0.9923288879877108
MT-ND6,4.740033060923198,0.016502287351924414,0.06186933357597508,2.1787014007140395,0.02935385764418004,0.8267286961236705
MT2A,3.4172631166141043,-0.004546977398952846,0.032774858812651034,-1.0794645007413624,0.28038071070229664,0.940203466476908
MTDH,1.6776217139021992,-0.000955569610654421,0.058062204262445405,-0.09067386018905821,0.9277517415970279,0.9923288879877108
MTPN,1.1595942477674275,0.0016062514031093267,0.05844177047984663,0.5463601605459499,0.5848183897797825,0.9923288879877108
MVD,1.2016028367787237,-0.003989811715441202,0.05261071501975163,-0.7131573967581166,0.4757483657499436,0.9840876234748115
MXRA7,0.5719424102368638,-0.0007833249727958856,0.04119629456399782,0.2761752203803528,0.7824134886364305,0.9923288879877108
MYADM,1.181300504533585,-0.0036667300445350987,0.060773816604384044,-0.666835963791124,0.5048769179405452,0.9840876234748115
MYBL1,2.2895709051603093,0.0027990783607409505,0.04945007388268522,0.5433836162173602,0.5868657038138698,0.9923288879877108
MYCBP2,1.1155087470643068,0.00291881393673198,0.06009828436960759,0.8421410552515668,0.399709003121441,0.9689157414799924
MYDGF,1.2675491606895135,0.0015495720846299145,0.057818789536814415,0.3720294039788796,0.709870956914171,0.9923288879877108
MYH9,3.8916135996162655,0.011618288887002136,0.05102056051845672,1.7399781092463078,0.08186286187513499,0.8635912611524637
MYL12A,13.657885323426038,0.010233684181556187,0.0441020001869759,0.8666656877479337,0.3861252108029043,0.9571492450223654
MYL12B,6.192269847800549,0.011805649338903174,0.05089434233449666,1.1693861914221215,0.24224807074179544,0.9266680134153575
MYL6,10.99961680463621,-0.007338678478703842,0.04570681484081089,-0.6640224829444503,0.5066759214219212,0.9840876234748115
MYLIP,1.9075227935335768,0.012873308417175445,0.052145215355350716,2.0523509057565037,0.04013557206670559,0.8635912611524637
MYO1F,5.266553020119293,0.002669815073818792,0.04851026881312468,0.3029144047189086,0.7619550934100083,0.9923288879877108
MYO1G,2.647560263389643,0.010497245023468325,0.05061576930967875,1.6583381186997095,0.09724923916841725,0.866444411829089
MYOM2,1.2779788137330703,-0.0008197750028292958,0.10583809944518999,-0.2667464261322693,0.7896644056961016,0.9923288879877108
MZT2A,1.1936316612515159,0.0013161293974369762,0.07461114751071712,0.49048304218808797,0.6237921266935715,0.9923288879877108
MZT2B,2.564976962506209,-0.0007365234873172793,0.05422008318746292,-0.08498754451205742,0.9322712929211033,0.9923288879877108
N4BP2L1,0.7088419328678767,0.0012507332333018398,0.053273548664563984,0.5561257470929168,0.5781248950899405,0.9923288879877108
N4BP2L2,2.955000952939275,0.009486503051081709,0.05515092742857879,1.3474353024262038,0.17784007725809858,0.8876522629937141
NAA16,0.6005285754719336,0.005102251638729748,0.05784312964739992,1.719184506154853,0.08558078112006749,0.8635912611524637
NAA38,1.0537581243725869,0.006274944196027586,0.05832078375079672,1.4350214318793277,0.15128099044741913,0.8876522629937141
NACA,9.813413439869432,0.006470269500522152,0.06795042561018427,0.8157056742294062,0.4146684929170379,0.9689157414799924
NAP1L1,0.4782882944705292,-0.001648773418059971,0.12832176111358207,-0.2575988139948092,0.796716545123614,0.9923288879877108
NAP1L4,1.647633312689719,0.007528517165420208,0.06197798805495853,1.3190534501725955,0.1871512439082652,0.8923307919762128
NAPA,1.5638086455870484,0.00511655874227934,0.053432838886434374,1.0560841372654743,0.2909297768915443,0.940203466476908
NARF,1.3477300210906034,-0.005257877907991603,0.06221720706431588,-0.9130502653042192,0.36121610581678687,0.9569589251342743
NASP,0.9273155345901273,0.0002714841723285776,0.04428268344084542,0.32344467068078797,0.7463585036982254,0.9923288879877108
NCALD,0.9142086793507608,-0.0012774735893502339,0.06834009003010807,-0.08611559322117247,0.9313745280745597,0.9923288879877108
NCAM1,1.4893398195203054,-0.00030575673385623307,0.07149682992146932,0.01655996687462673,0.9867876619815089,0.9974494539321536
NCL,5.609262114943547,0.014349524290220666,0.05450149512483798,1.435837931004057,0.1510484636834933,0.8876522629937141
NCOR1,2.1278843843832,0.00223238315909667,0.05300987431624231,0.36752003174975584,0.713231152537338,0.9923288879877108
NCR1,1.2335352459223938,0.0023010848321734496,0.056103435711027584,0.7088586316188866,0.47841220889920766,0.9840876234748115
NCR3,2.8076591573245664,-0.005674675253426069,0.05980137598206397,-0.9461995274095709,0.34404682716490365,0.9542074254071121
NDFIP1,0.5340499678456422,0.0025455265700513336,0.028283627643356814,1.2829493212259988,0.1995098317279076,0.8947795580514066
NDUFA1,2.841505348464721,0.001020024754338459,0.05035424558388258,0.13443961388900671,0.8930549585895787,0.9923288879877108
NDUFA10,0.7995296888482613,-0.00045507899500233745,0.05151617187566147,0.12740085107683352,0.8986231426681927,0.9923288879877108
NDUFA11,2.074252700125658,0.004923726139207715,0.050607085370478,0.8536157999246378,0.3933179012130251,0.9619578995680654
NDUFA12,1.398773728504932,-0.0021590140377188345,0.0507358553803664,-0.2699089581119249,0.7872302952945922,0.9923288879877108
NDUFA13,2.6642664724656164,-0.003255763068039804,0.05550230268743055,-0.4811750307637238,0.6303921054870854,0.9923288879877108
NDUFA3,2.2468537649955582,0.0016388873156154627,0.048168999323969765,0.25713656694363857,0.7970733499994045,0.9923288879877108
NDUFA4,3.206064793238068,0.0012646576923654434,0.04845407637115491,0.16746909644947083,0.8670009615744043,0.9923288879877108
NDUFA6,1.4806630156162324,-0.009675315989620133,0.058899111462993974,-1.776684351179278,0.0756201884361522,0.8635912611524637
NDUFAB1,0.8250172283907125,0.0028275299959659543,0.04759211560613552,0.857995515749246,0.3908949395646699,0.9602841513338318
NDUFAF3,1.0261382128271268,0.0005505753063494573,0.05223325602337022,0.2194629901681067,0.8262894066837191,0.9923288879877108
NDUFB10,1.7062628858288422,0.001179136261284327,0.05023861962742903,0.24912523433235598,0.8032639105110161,0.9923288879877108
NDUFB11,1.9383606158052176,-0.004439478085915028,0.05532610593540728,-0.6619158764294317,0.5080251362888275,0.9840876234748115
NDUFB2,3.552447998854303,0.0003132746801812272,0.04983065214575309,0.04171217394927854,0.9667281490005174,0.9960697658429747
NDUFB4,1.3778680586033416,0.0018803570249927364,0.053833987852866035,0.4197182068810543,0.6746913228916692,0.9923288879877108
NDUFB7,3.391212810686301,0.0005468856375324602,0.05215060530039277,0.06658206700708763,0.9469144225161973,0.9945169828571452
NDUFB8,2.2702936429038005,-0.004526457381985836,0.06331916831830875,-0.7104537992189528,0.47742277128941846,0.9840876234748115
NDUFB9,1.9228780960953282,-0.0020656718421916747,0.05165291528069294,-0.34743711723839704,0.7282629524837363,0.9923288879877108
NDUFS5,1.579541987664074,-0.0018268213385463374,0.05226767128818232,-0.31532384276118247,0.752515783796964,0.9923288879877108
NDUFS6,1.3366786400255548,-0.00466013760991481,0.05376957094728351,-0.9460590786416444,0.3441184540933895,0.9542074254071121
NDUFS7,0.9632052605401399,-0.001622581939895125,0.05448354652566148,-0.21078568309880324,0.8330545107881664,0.9923288879877108
NDUFS8,1.5518388720416727,-0.007153021791070664,0.055080826440084135,-1.1944448386984805,0.23230400606821533,0.9266680134153575
NDUFV1,1.5953823868040615,0.004472742609551164,0.05782838334623318,0.8450097734346956,0.39810538225725234,0.9686023019549013
NDUFV2,0.9441215328951913,0.0002029784291713124,0.05448178715240536,0.2938321471574529,0.7688861689538808,0.9923288879877108
NEAT1,3.0937820416205195,0.006019076358512813,0.07692952682414493,1.695819326440948,0.08992010127581121,0.8635912611524637
NEDD8,2.748136316597852,0.02132387321867435,0.06249307725916156,2.635265134906915,0.008407158500749032,0.7039194132391067
NEMF,1.3181190264534774,-7.510030533092827e-05,0.05587753471500433,0.07509195115637725,0.9401415517916853,0.9932269019775514
NFATC2,1.9103096350952073,0.009229398211537945,0.058081744371632014,1.5444209815719059,0.12248638035770472,0.8848340449778592
NFATC3,1.4357916423702255,0.004933333470647482,0.05434515660813088,1.0655213616446686,0.2866400640886051,0.940203466476908
NFE2L2,0.71979605475173,0.0044454180615343085,0.0502714737997299,1.4132140965559776,0.15759278296131762,0.8876522629937141
NFKB1,0.8138692384155664,-0.0015240235794878214,0.061351214149759525,-0.04644410006741749,0.9629562876449783,0.995936945398722
NFKB2,0.4204674898025402,0.001885058766469256,0.10113089649073971,1.109131156194667,0.26737360601303173,0.940203466476908
NFKBIA,8.449492515828842,-0.006186128729154103,0.06762205770140063,-1.6354095657603653,0.10196321846363016,0.8820928295755736
NFKBIB,1.0739214408461193,0.00035431158809019276,0.05630794935544422,0.25277258344009634,0.8004439550738324,0.9923288879877108
NFKBIZ,0.23960693318585574,-0.0007577055047908289,0.05595152584225076,-0.037296993923350515,0.9702482023285486,0.9970116900018431
NHERF1,4.00808169072963,0.003591674872547486,0.052369001950002075,0.5265601565853116,0.5984990667938406,0.9923288879877108
NIPBL,1.2916524853883078,0.007149599432892219,0.06171306318619367,1.4867571376006394,0.13707896579976409,0.8876522629937141
NKG7,94.4499874761188,0.015288363441134567,0.03892837670062453,0.9381590544532894,0.3481626770390909,0.9542074254071121
NKTR,1.9402306952169166,0.0064923918421401034,0.049011082216033064,1.15249521939798,0.2491176330956475,0.9266680134153575
NLRC3,0.8516187510814376,0.0028673055033350764,0.05091997576898153,1.0037874873671935,0.3154810568146239,0.940203466476908
NME2,2.813276393577918,-0.0035776939668128185,0.1410395498789334,-0.8063324579676389,0.4200511800686195,0.9689157414799924
NME3,1.1647800455054076,2.454957971400994e-05,0.05126410860556982,0.12358983290110157,0.9016400429346993,0.9923288879877108
NOL7,0.6827762510038041,0.00589380275987493,0.06055488724904111,1.794644967691214,0.07271028378483071,0.8635912611524637
NONO,1.484460406267393,0.002742763785576033,0.0555983617130447,0.5967539917353727,0.5506716393204029,0.9923288879877108
NOP53,3.2713427822723933,0.007851890336579573,0.5419194812309355,1.4335943603471746,0.15168805383245657,0.8876522629937141
NOP56,0.9650290994299559,-0.0005043905301362843,0.0539858618816377,0.05213235441192744,0.9584232329163443,0.9958460753871914
NOP58,0.9013694477398184,0.001684799705409813,0.04595791015647429,0.723318898934052,0.46948398444596484,0.9840876234748115
NOSIP,0.28327576376015257,0.0017240542617143998,0.24714487099716537,1.097584500375319,0.27238596400773984,0.940203466476908
NPM1,3.6403456921636366,0.0052172775634747115,0.058854316742155,1.1809017390000225,0.23764176043908014,0.9266680134153575
NR1H2,0.922192823808755,-0.007795677446315012,0.05559888991458408,-1.5283300936103297,0.1264306017702485,0.8876522629937141
NR3C1,1.46492138802621,-0.00489906443712619,0.05604299546052392,-0.7058223306480405,0.4802986332624444,0.9840876234748115
NR4A2,4.964252964452522,-0.00015588325684803448,0.04908768690503293,-0.026975565178701717,0.9784792231004589,0.9974494539321536
NR4A3,0.6108136964758455,0.0013876925871336933,0.04258900461963391,0.944316070534398,0.3450081560755157,0.9542074254071121
NRBP1,0.914244877635873,0.0005232448668534516,0.056129084518236845,0.34392946638185934,0.7308993311775553,0.9923288879877108
NRDC,0.9887643179182842,0.004992813326808856,0.04644035918590121,1.2427470607411517,0.2139610561164761,0.9077576779907636
NSA2,1.1590132361312413,0.005977043053891425,0.05422083266196045,1.4782201213713955,0.13934886988045525,0.8876522629937141
NSD3,1.3727255960799238,0.01195010433663881,0.06086105345550538,2.3503143827468493,0.018757560579330906,0.8059086754595226
NSMCE1,0.7621309587415438,0.0018975564246351063,0.06172989181469743,0.8084368366951493,0.41883915341239175,0.9689157414799924
NSMCE3,1.2677637435650273,0.012586818997704299,0.0493089218837673,2.5584213430635154,0.010514860451619494,0.7142784776629612
NT5C,1.6100034432509915,-0.007754000711155839,0.055924890424485556,-1.3508555761851082,0.17674170102963027,0.8876522629937141
NUB1,1.146157555389223,-0.004221352704527485,0.05727009033540467,-0.5584097414082576,0.5765646223629259,0.9923288879877108
NUCB1,1.4174542975093123,3.3305462740989433e-06,0.052591918301049284,0.11150777597810986,0.9112136997176133,0.9923288879877108
NUCB2,1.3890427173374718,0.0006901792656655449,0.04834750801194497,0.2439008625913052,0.807307601101036,0.9923288879877108
NUCKS1,2.335087482928664,0.011692601574273945,0.059294088821734287,1.6317956299446899,0.10272254624421187,0.8820928295755736
NUDC,1.1917652934055427,0.005300922219186276,0.05850863979945093,1.2340396560087974,0.21718812758669725,0.9131662622802484
NUDT21,0.6574787780574582,-0.0001636672987541025,0.04544488551617289,0.2962007350632167,0.7670767875140821,0.9923288879877108
NUFIP2,0.8287655567124844,0.0025758556135064203,0.0812051433143954,0.9684635762248678,0.33281290136692465,0.9472488224863564
NUTF2,0.9544047229735959,-0.0009589385617197292,0.0573987516505366,-0.0763581390833612,0.9391341725039997,0.9927231846073352
NXT1,0.882103226555219,-0.005171705451277685,0.07033813969649827,-1.0199623675463587,0.3077463088023955,0.940203466476908
OAZ1,4.201961246353336,0.005333111310646954,0.0677073452579459,0.9973566570497465,0.3185914217914321,0.940203466476908
OCIAD1,1.2494506946390112,0.010735770227665182,0.06025737354808404,2.093998797651861,0.03626008735664347,0.8495937295975861
OCIAD2,1.1141911351234648,-0.0038154788767833037,0.04951046526434707,-0.6873816946353856,0.49184222990912496,0.9840876234748115
ODC1,1.0352685626524454,0.005765996320629484,0.029073436703884133,1.8418094692782354,0.06550302446675274,0.8635912611524637
ODF2L,1.4741980103558754,-3.82648780113758e-05,0.051781544368811744,0.04284335382233043,0.9658264043459743,0.9960697658429747
OFD1,1.7713221640076533,0.0024427275887566897,0.05492867043697448,0.48937118029166693,0.624578935747931,0.9923288879877108
OGA,2.320922337459324,0.010117357998883404,0.054000961405884534,1.579598107675356,0.11419893290127911,0.8848340449778592
OGT,1.56728755705562,-0.00360293427840459,0.06911700334979563,-0.5305739680293886,0.59571403895689,0.9923288879877108
OPTN,2.7045245027879483,0.004090036162735579,0.055631113831232204,0.5788183726445413,0.5627117328200768,0.9923288879877108
ORAI1,1.3787764326079373,0.002863211413342912,0.05190416851715545,0.7240214885040334,0.46905254280358855,0.9840876234748115
OS9,0.8182787348318168,-0.0028667573979075916,0.050237213312009345,-0.38221814636833507,0.7022995629806534,0.9923288879877108
OSBPL5,0.8065849586073885,-0.004636859262985016,0.055512841522464135,-0.7666403468807337,0.44329537990425705,0.98040974550209
OSBPL8,0.9202492348694653,0.002321594904946809,0.060163819072366016,0.811056146256548,0.41733342825311925,0.9689157414799924
OST4,4.221212350991377,0.009050044054767682,0.04992096147441795,1.0543249526435363,0.2917341683536351,0.940203466476908
OSTC,1.0210643177688952,-0.001219282560766949,0.07042355698122683,-0.09092729299430596,0.9275503633446569,0.9923288879877108
OSTF1,2.600745591987951,0.006624634164995991,0.05279989853214318,0.9374264551148945,0.34853923800660913,0.9542074254071121
OTUB1,1.3731778354595374,-0.0044547421556995915,0.05634186614261479,-0.6987331335575389,0.48471882320400683,0.9840876234748115
P4HB,3.207627177339161,-0.000690655602728621,0.05007524356896172,-0.08366968535630281,0.9333190601863904,0.9923288879877108
PA2G4,1.8810245425047305,0.005042344974186618,0.053486693838666444,0.9051669563310483,0.3653769446688623,0.9569589251342743
PABPC1,4.216147264454904,-0.0011833963754629227,0.09122745569675943,-0.10291075561614894,0.9180338012798781,0.9923288879877108
PABPN1,1.3481052435896288,-0.0012966973185493842,0.05827872465049505,0.07420772868133978,0.940845096211145,0.9934092409768918
PACS1,0.7668061917364107,0.0011176787730326826,0.06503665750884163,0.7063308507740608,0.4799824122549673,0.9840876234748115
PAFAH1B1,1.4700092102289488,-0.00226508680489017,0.04904492612404357,-0.3200561985088012,0.7489257290357264,0.9923288879877108
PAIP2,2.5515682737735035,-0.004106362990601276,0.054534262271879394,-0.5709255634337843,0.5680501016201043,0.9923288879877108
PAK2,1.3168937341709714,0.004532924638201449,0.042527848560532634,1.1068591427318277,0.2683548329607721,0.940203466476908
PAM,0.6068364642149361,-0.0008731413187988045,0.07032576471303938,0.23438409267967691,0.8146868069434897,0.9923288879877108
PAPOLA,1.6004853807021822,-0.0007167941575047685,0.04893581571764462,-0.06011025880196204,0.952067819397059,0.9958460753871914
PARK7,2.788746393855639,-0.0049302760006960525,0.054462716236966115,-0.7172759288552509,0.4732038568175265,0.9840876234748115
PARP1,0.9982310782456036,0.0008364280816124151,0.05682506918322024,0.38447676583784923,0.700625113233031,0.9923288879877108
PARP10,0.9111970996100683,0.00782763728589509,0.06112311354452861,1.9451458235650834,0.05175743010288022,0.8635912611524637
PARP8,2.8661443575389525,0.002247286831683448,0.05017296007373491,0.3581139472693082,0.7202580418986266,0.9923288879877108
PAXX,5.144682634753389,-0.00519958820954562,0.0485674172416853,-0.5443802738423168,0.5861798173298315,0.9923288879877108
PBXIP1,1.24991579023622,0.008080956912027558,0.06393474836061719,1.9045284522960308,0.056841394753039315,0.8635912611524637
PCBP1,3.3133759917641163,0.0020907978111168696,0.06841156428281311,0.3833777208188257,0.7014397199635568,0.9923288879877108
PCBP2,3.217444623801023,-0.006984371536219489,0.06426549752667786,-1.0110586653593818,0.31198835230968924,0.940203466476908
PCED1B-AS1,4.276084393130217,0.006631939437657501,0.1301552653147208,0.8507317205936851,0.39491839823530794,0.9646113878567378
PCF11,0.8741050356094863,0.003596561343031196,0.06570243860618426,0.9912033314265798,0.3215863041852365,0.940203466476908
PCIF1,1.0636410811975743,-0.001913138739984872,0.053898949238022915,-0.22719921261194315,0.8202688399319031,0.9923288879877108
PCM1,1.4738636546717039,0.0026518342149776768,0.06426111224273968,0.5816546564814645,0.560799319609107,0.9923288879877108
PCMTD1,0.7892151262560473,0.0016323260414618315,0.0673308604874862,0.67439507735896,0.500060171540456,0.9840876234748115
PCMTD2,0.44298768152207074,0.0020736857142953347,0.09115856599378698,1.0317016273916855,0.3022119148239427,0.940203466476908
PCNP,1.1153612267497925,-0.0005803200966294638,0.06269706170581311,0.011258106709507963,0.9910175202203634,0.9974494539321536
PCSK7,2.7893075501853386,0.008750504693187028,0.04976824076519645,1.3109433367958245,0.18987690801223345,0.8923307919762128
PDAP1,1.5204283360307305,-0.011589236051100975,0.055233351689187485,-2.0033199912617605,0.04514295306142148,0.8635912611524637
PDCD2,0.8614516830076578,0.005175984330853843,0.05333814951505432,1.2580066463486148,0.20838935259434732,0.9013156061681387
PDCD4,2.1627048047434836,0.0012743893057989336,0.05492589744197498,0.27096492100755204,0.7864180122454685,0.9923288879877108
PDCD6,1.2846944850344317,-0.0014364949426371608,0.05750485804491435,-0.19449152617202584,0.8457910301833,0.9923288879877108
PDE4D,1.3017900960403865,-0.0016908846040588955,0.07713211256210474,-0.19504995997875707,0.8453538362388588,0.9923288879877108
PDE6G,0.4044738312838287,-0.0015384787910416398,0.1412507432066372,-0.28680897152568485,0.7742585931333896,0.9923288879877108
PDIA3,4.732633559607415,-0.010433579446891156,0.04959657132611708,-1.0477936379859036,0.29473369430871765,0.940203466476908
PDIA6,1.554110084963649,-0.005616919263214419,0.056037951679097836,-0.8682712547431592,0.3852458545687133,0.9571492450223654
PDZD8,0.6175373089986537,0.002406959311716841,0.046429676643669385,0.9538763993469545,0.34014621109793663,0.9541432698114534
PEBP1,1.1753937495232922,0.0003764660838507044,0.06469107841130628,0.29150579944454197,0.7706645090692392,0.9923288879877108
PET100,2.1076742561484294,0.006802274354497608,0.04489434190888621,1.1470736839879374,0.251351169052043,0.9266680134153575
PFDN5,5.487027449352417,0.018125888903178556,0.06884883310674213,2.175718667872985,0.02957630344656424,0.8267286961236705
PFN1,37.83088577787328,-0.011718213956542095,0.04338310707482279,-0.8226851909222689,0.41068703893769243,0.9689157414799924
PGAM1,1.4592427521039086,-0.001679170376967135,0.06767325844192143,-0.287800051552001,0.7734997979026342,0.9923288879877108
PGK1,1.6343439632662993,-0.001245593120043888,0.05802508827155752,-0.15664734991317175,0.8755227833368617,0.9923288879877108
PHAX,0.7223976328095324,0.005450434362147995,0.05108827187421592,1.5844325451436914,0.11309532067627567,0.8848340449778592
PHB2,1.3118144300820205,0.0051114259227440575,0.05705264764100469,1.1722261857142013,0.24110625785746753,0.9266680134153575
PHF1,1.1592643845254014,0.00509936133523623,0.050195453391277296,1.2665484348659708,0.20531680033657818,0.9013156061681387
PHF20,1.278686883758256,0.001977959499162621,0.051055286151240976,0.5515498837864644,0.5812567807216646,0.9923288879877108
PHF3,1.1044344299926987,0.006085372932742686,0.055839506405469815,1.4589225143538889,0.1445864356181652,0.8876522629937141
PHIP,1.2389467300876158,0.008838802230097267,0.054246492441656115,1.7795509239222347,0.07514948386961069,0.8635912611524637
PHKG2,0.5679714126551718,0.0017437124836143377,0.04379766566000271,0.7302440338444138,0.465241031025474,0.9840876234748115
PHLDA1,0.47505094126586855,0.0024998721061289223,0.04648994442385814,1.1917789904423954,0.2333479158338686,0.9266680134153575
PHYKPL,0.724727740114459,0.0045327020649375445,0.045765350397513914,1.4361306909479936,0.15096515638605007,0.8876522629937141
PIAS1,0.840487425971676,0.007640402287711873,0.0485977058308292,1.8926996851845617,0.05839781830942859,0.8635912611524637
PIK3CD,0.8411251853800807,0.010137408000874764,0.05601483431733551,2.495554308479632,0.012576050266074473,0.7142784776629612
PIK3IP1,0.5386670990626102,0.002008405873467316,0.029992301250508013,1.1253482232693337,0.26044150241980035,0.9266680134153575
PIK3R1,4.6134986017851025,0.002586578180905993,0.0531139495756266,0.5520792386501893,0.5808940655007071,0.9923288879877108
PILRB,1.3138785792338352,0.0033659693400034814,0.0583037922241411,0.7338886416726673,0.4630166101589358,0.9840876234748115
PIM1,1.4840795832003517,0.006312443194100036,0.05062076658187924,1.4923816200608009,0.13559913060972392,0.8876522629937141
PIM2,0.4623101353091052,0.0004112589094785758,0.03844499708180052,0.6633035542308571,0.5071361607075525,0.9840876234748115
PIM3,0.3520930907080415,-0.0006050141511259261,0.176761606272273,0.18193122003468612,0.8556367032990948,0.9923288879877108
PIN1,1.7618707059142245,0.0017902980684186163,0.04886745827226661,0.314516570732234,0.7531287329303704,0.9923288879877108
PIP4K2A,2.886923879747129,0.005109534140661034,0.050632255024359654,0.7996795856413234,0.4238964636248639,0.9689157414799924
PITPNC1,2.0343449906585773,0.012949869830022328,0.0559511948882819,1.8713013903947489,0.061303317941860815,0.8635912611524637
PJA2,0.8351566239398797,-0.0002219216239177248,0.095756038235987,0.2370525193928034,0.8126160465908019,0.9923288879877108
PKN1,1.3977123306415038,-0.007961452810854648,0.05636913007182388,-1.3671702163421742,0.17157195849479523,0.8876522629937141
PLAAT4,6.940597622223237,0.023934229720956445,0.07558707122260261,2.093250154397439,0.03632682969952265,0.8495937295975861
PLAC8,6.128778929352265,-0.0032007470228769693,0.06621914902758409,-0.40952307138229643,0.682155839081821,0.9923288879877108
PLCG2,0.7737269370098068,0.0037397724377896636,0.06274061899312335,1.2987790188746664,0.19401977699369322,0.8947795580514066
PLEK,3.7179148883694184,0.006114789668336135,0.07515373132953952,1.079535494131361,0.2803490797767282,0.940203466476908
PLEKHF1,0.9390899717839065,-0.0014552029992281087,0.09189970725624816,-0.14798054865376542,0.8823581191463068,0.9923288879877108
PLSCR1,0.2714955169097414,-0.0013438448663386144,0.04723042425644627,-0.06864795532783563,0.9452698460414262,0.9941539527507073
PMAIP1,2.497526671352883,1.4416350263818974e-05,0.04436032363285692,0.02845867257226021,0.9772963291772071,0.9974494539321536
PMPCB,0.7563923576922494,-0.004599666717030674,0.0642590527238336,-0.7347546277776003,0.4624889442344563,0.9840876234748115
PNISR,3.5106805962933585,0.00040188975492612135,0.05639827335187428,0.053830400591435575,0.9570702884570524,0.9958460753871914
PNN,2.3161841214634027,0.00913774786580261,0.05837177124911839,1.5018059851885357,0.13314722214934016,0.8876522629937141
PNPLA2,1.014032158750501,0.0001997087391609538,0.058182067875732636,0.30294028565737674,0.7619353694746634,0.9923288879877108
PNRC1,9.642604770850355,0.005108348559963795,0.05392303083232451,0.574193169639126,0.5658370909032354,0.9923288879877108
PNRC2,1.0355326341960365,0.0023458264094744054,0.06500691940251746,0.7120851844398317,0.47641202806071314,0.9840876234748115
POGZ,0.48616271381436155,-0.002709276001955475,0.07547312067707586,-0.13452778844492866,0.8929852388033936,0.9923288879877108
POLR1D,1.0810086154839191,0.00041224646858963824,0.05157720841747692,0.2504484254578389,0.8022405844287568,0.9923288879877108
POLR2A,1.4045072763014013,0.005463126179025244,0.04785572239596244,1.1984496287591848,0.2307420216060052,0.9266680134153575
POLR2E,1.1895455011830678,-0.0027265054198624744,0.05766285586950086,-0.4303568586971048,0.6669360723891544,0.9923288879877108
POLR2F,1.2404586276656235,0.0002294963753128193,0.04991939428774799,0.09842410530975527,0.9215955343378572,0.9923288879877108
POLR2G,1.654451338610847,-0.0034102592863809998,0.05262075870927855,-0.5258546869399964,0.5989891745373237,0.9923288879877108
POLR2J,1.3351711930713834,-0.007708480974169922,0.051445397730192695,-1.4874950832683238,0.13688410083280778,0.8876522629937141
POLR2K,1.24713455512301,-0.0069142942645105555,0.049718416094167044,-1.340628514982054,0.1800410943901236,0.891155787311961
POLR2L,3.7320810304610115,0.0013506492352725091,0.048246542035091086,0.16526941845888293,0.8687319283256025,0.9923288879877108
POLR3GL,1.6592986958512432,-0.0012067873869034905,0.05153287645102226,-0.1657066403466148,0.86838782006664,0.9923288879877108
POM121,0.8295329977219799,-0.0007974676080263923,0.05073168079857749,0.29360977761527784,0.7690561034840032,0.9923288879877108
POMP,2.173578300379537,-0.0011528752195081272,0.05425652408477047,-0.20197870988488542,0.8399333682123034,0.9923288879877108
PPA1,0.274900808383045,0.0003574194894111587,0.08504350478175933,0.6854002532873972,0.4930913842682513,0.9840876234748115
PPCS,1.0283280923892868,0.00014124417531621904,0.04751013190361444,0.18496356416468124,0.8532576140048833,0.9923288879877108
PPDPF,5.309567472581071,0.009907832495160217,0.04200800703264708,1.3008488041498065,0.19331021290832184,0.8947795580514066
PPIA,11.980448544732823,0.0037660562750341784,0.05149324245165054,0.3450051567068644,0.7300904939961207,0.9923288879877108
PPIB,5.36935237896491,-0.0108030559969356,0.049277474667782234,-1.0230695141154218,0.3062749798240273,0.940203466476908
PPIG,1.2832585037399542,0.004871577356075244,0.061317278477736395,1.1391697477340648,0.25463236086003194,0.9266680134153575
PPIH,0.8138435300531314,-0.003040739291286316,0.05349358226009618,-0.4144352341016736,0.6785553895102178,0.9923288879877108
PPM1B,0.8517424088254223,0.004696013056450867,0.048034547425677136,1.3103952259852714,0.19006216780946106,0.8923307919762128
PPM1G,1.5169150784993033,-0.0009491053948297572,0.05352925387902506,-0.126514421436341,0.8993247341143382,0.9923288879877108
PPP1CA,4.585459182774679,0.016569240117904668,0.05708331060484434,1.739149483678246,0.08200847248316355,0.8635912611524637
PPP1CC,0.7896857172462253,0.005950026461473319,0.039879065441047065,1.6830867613966243,0.09235829689891727,0.8635912611524637
PPP1R10,1.1835449406743692,0.009422992138444745,0.051552991723000006,2.0561575099992386,0.039767336370499756,0.8635912611524637
PPP1R12A,2.17787753571295,0.005065225393821183,0.05685321502396818,0.7259507281009305,0.4678689766094887,0.9840876234748115
PPP1R15A,4.250558386269929,0.002491757944453034,0.05341517108347291,0.49077743662086476,0.6235838702743897,0.9923288879877108
PPP1R15B,0.3976995125124364,0.0020404619057714547,0.06308402227472312,1.0666438482085205,0.28613269219941173,0.940203466476908
PPP1R18,3.176283494009052,0.0020704993237117874,0.06017321737518683,0.3167615967334081,0.7514245060835347,0.9923288879877108
PPP1R2,1.0531304013270195,0.0037009396043772283,0.048928322489689716,0.999161778313238,0.317716328093006,0.940203466476908
PPP2CA,1.3201337611060466,-0.002560132435364897,0.045854956189796944,-0.2712109047438284,0.786228826419575,0.9923288879877108
PPP2R1A,1.37695643758731,0.01045302748508865,0.053527606482128,1.882064774496074,0.0598272213911865,0.8635912611524637
PPP2R5C,5.93895213985551,0.014920505942613068,0.04395721520664229,1.6731177366515058,0.09430412053054357,0.8635912611524637
PPP3CA,1.056384768365191,0.00023259090457192322,0.05873022822032676,0.1612323959345094,0.8719103666346384,0.9923288879877108
PPP3CC,1.7707617970473915,0.018721995859037527,0.06114125066546056,2.8200676408987033,0.0048013527484745055,0.6522316311827332
PPP4C,1.2528478646317494,-0.002434908815674019,0.053704163054251526,-0.386140324749726,0.699392746563887,0.9923288879877108
PQBP1,0.6117742141185173,-0.0005824176033116103,0.06640247929375681,0.19173748573695734,0.8479478413505348,0.9923288879877108
PRDM1,1.326142326818839,0.0002823305079166474,0.04364550650829022,0.2973664607051921,0.7661867466427823,0.9923288879877108
PRDX5,2.191411072472327,-0.005027907059616778,0.05445007297302837,-0.7516566660591489,0.4522575564904321,0.9840876234748115
PRDX6,1.03863768474367,0.0002315661326304021,0.04654195772741991,0.24796619606106127,0.8041605617447445,0.9923288879877108
PRELID1,2.019445906346599,-0.0049452195392656415,0.061891872149246435,-0.8767314288075178,0.3806325317236484,0.9569589251342743
PRELID3B,0.6899679546717732,-0.002873236652834875,0.0451971717582964,-0.34765216836380375,0.7281014224974962,0.9923288879877108
PREX1,1.3108802621453577,0.0008055768309136437,0.05229430915287605,0.31855990279314716,0.7500602633590068,0.9923288879877108
PRF1,13.332156151347826,0.00996656757542064,0.049491436811482686,1.1749294374840364,0.2400229472498796,0.9266680134153575
PRKACB,1.371923036527714,0.002920484480793767,0.0522411527871653,0.7101884710681865,0.47758726921391503,0.9840876234748115
PRKAG1,0.9417635100176541,-0.0032202330213058567,0.059231649197596006,-0.6326774294416437,0.5269443119730123,0.9840876234748115
PRKAR1A,1.2319990742774,0.00045775469389222314,0.04756458153907938,0.23192156924935042,0.8165989313831231,0.9923288879877108
PRKCB,1.4566096507705133,0.0009325962233648338,0.07104985107921151,0.2603506838472053,0.7945932800782901,0.9923288879877108
PRKCH,3.8052201423873098,0.3049715333134441,0.12863077253236804,3.3286723892752192,0.0008726098302363764,0.46924611857476317
PRKCSH,1.0066504582590043,-0.003643296408732794,0.053861662468243844,-0.5266994933888445,0.5984022874859694,0.9923288879877108
PRKDC,0.9083407011628913,0.004330499092845036,0.0627703939611486,1.2053566613474405,0.22806564449892008,0.9266680134153575
PRKX,1.2850825910315298,0.004344395357797995,0.051784917601246025,1.093528636657449,0.27416176281293547,0.940203466476908
PRMT1,1.252864720528225,-0.00021277461173613483,0.059065303618880766,0.05609768688019259,0.9552639866409125,0.9958460753871914
PRMT2,3.3184355926072366,0.0025083079349360674,0.059129466684112834,0.3660314657930231,0.7143415961137305,0.9923288879877108
PRPF38B,2.3655058646658027,0.005601847689062795,0.05027209303591452,0.8413048226133731,0.4001771896283769,0.9689157414799924
PRPF40A,1.4037626387381041,0.0036097283578584915,0.060871573910646196,0.7991606245257413,0.42419728039721016,0.9689157414799924
PRPF4B,1.8473225829646616,0.007696316909126772,0.059939246357550255,1.2967138082087204,0.1947296764929014,0.8947795580514066
PRPF6,0.9028361044228871,0.0055184737200368586,0.04959411689409713,1.467345850702837,0.14228199678026987,0.8876522629937141
PRPF8,1.4009701813673887,0.0006359324878240693,0.05963430970664053,0.31465162242469513,0.7530261794233558,0.9923288879877108
PRR13,3.3636193845535383,0.005895722932725971,0.04918540272856605,0.8089053593706313,0.41856958595291716,0.9689157414799924
PRR7,0.6236532310627932,0.0005174273591570713,0.06300672579563989,0.42761115031428626,0.6689342465771524,0.9923288879877108
PRRC2A,0.9024444090750195,-0.0027068621110226017,0.058815730426937614,-0.2853022260379714,0.7754126075680342,0.9923288879877108
PRRC2C,3.643105732316053,0.002110157869352919,0.048235296550718315,0.28224202271357346,0.777757938088658,0.9923288879877108
PRSS23,1.5714766308039712,0.0026456622364871194,0.04311932549864862,0.6499800032098314,0.5157051385166879,0.9840876234748115
PSIP1,1.1712956065379936,0.005964886224486625,0.04625450986067515,1.5507347876832707,0.1209652541420092,0.8848340449778592
PSMA1,1.3248041855907362,-0.0038027561088852073,0.04374697775050988,-0.7276421749064106,0.4668326562630317,0.9840876234748115
PSMA3,0.9813053999828166,-0.0033651092712147133,0.057206515231866,-0.5926740008910182,0.5533993442616112,0.9923288879877108
PSMA5,1.2323224091368148,0.005269218129121367,0.05833519391256363,1.1349887204923195,0.2563800444292369,0.9266680134153575
PSMA6,1.5472793516658205,-0.0034057111352698757,0.06688781920510867,-0.6483001947421115,0.5167908081008232,0.9840876234748115
PSMA7,2.839168316962849,0.0029046910213525964,0.05336276433115856,0.42380774135607774,0.6717060319362762,0.9923288879877108
PSMB1,2.4612099444378037,-0.01597541241876327,0.06071596358303205,-2.1050712323060816,0.03528510794838984,0.8495937295975861
PSMB10,3.239588211477309,-0.0028144376548241727,0.05185694294149215,-0.3669822427067057,0.7136322635818716,0.9923288879877108
PSMB3,1.8066031076944946,0.0009696216836103625,0.05174188131897821,0.195761855282382,0.8447965674171214,0.9923288879877108
PSMB4,0.6503850517528116,-0.004679167809970995,0.06039585239167292,-0.9461169080441724,0.34408896074550843,0.9542074254071121
PSMB6,1.597797717235136,-0.0014343987226449174,0.05722291859847999,-0.22010758746529407,0.8257873657685688,0.9923288879877108
PSMB8,3.1403129708641466,0.0015006515915866464,0.05399038940980124,0.2185395550094686,0.8270087425794859,0.9923288879877108
PSMB8-AS1,1.241050059728377,-0.007778124539600399,0.055722562951734715,-1.4293421279705407,0.1529059231621461,0.8876522629937141
PSMB9,4.834702118588527,-0.000950064584728103,0.05263776370890479,-0.11820497479552228,0.9059052482783635,0.9923288879877108
PSMC3,0.9768544936925077,0.005222787946760845,0.05352319746071663,1.2192415373233365,0.22275253075713308,0.9266680134153575
PSMC5,1.5486676311502223,0.0049003584507534715,0.05629421588015925,0.895624014930525,0.3704536052254195,0.9569589251342743
PSMD13,1.1321630116050267,-0.0022419729397452227,0.05356667407764085,-0.31888316689190754,0.749815109363197,0.9923288879877108
PSMD2,0.9407111569663305,-0.00020447824386616862,0.06021376331213328,0.14968219522436474,0.8810153560622475,0.9923288879877108
PSMD4,1.187376931420186,0.004778765630567216,0.059324984784674774,1.075661272613279,0.28207877350009536,0.940203466476908
PSMD7,1.1778766037244952,-0.0038644243278824933,0.05949240522498784,-0.6939219795497161,0.4877311388221005,0.9840876234748115
PSMD8,1.6828569471237789,0.002859788540959694,0.05273544124759947,0.5150045979464655,0.6065498070053505,0.9923288879877108
PSME1,7.877816157525898,-0.004198216448513826,0.04618917700843716,-0.3777723585262243,0.7055997094177573,0.9923288879877108
PSME2,3.3941252549262844,-0.002683949391212222,0.05607785809727277,-0.41325573664853565,0.6794192560560279,0.9923288879877108
PSMF1,1.031127425645657,0.00445554598320745,0.056137180975453456,1.0839617698251618,0.27838174983442965,0.940203466476908
PSMG2,0.689036586521984,0.00038623502136525317,0.04983260189928267,0.42724939414612384,0.669197687921302,0.9923288879877108
PSTPIP1,1.632654953853286,0.010530529500187347,0.056387859014117005,1.843178470830429,0.06530295717301887,0.8635912611524637
PTBP1,0.9408073557609103,0.0014702379397168478,0.04970697754785777,0.546698747861609,0.5845857145937267,0.9923288879877108
PTBP3,1.0042149339322861,0.0007013114571666504,0.06331328164326888,0.43700703417927034,0.6621062466966158,0.9923288879877108
PTDSS1,0.5579490483361919,0.0008275432341193001,0.055352899706550565,0.6447064867874046,0.5191174118254328,0.9840876234748115
PTGDR,2.4128596032427936,0.001556362751576105,0.05622757708675668,0.2646097082541326,0.7913101405476932,0.9923288879877108
PTGDS,3.4589703840646875,0.0030455226596848932,0.05169730163126425,1.1562920718101812,0.24756171013471695,0.9266680134153575
PTGER2,1.4310752778235056,0.008967571040174779,0.05554300387279424,1.797994784141443,0.07217783433002777,0.8635912611524637
PTGER4,0.9752856847687579,0.003153728743343028,0.038948736500515405,1.1829501725377645,0.23682889556726539,0.9266680134153575
PTGES3,1.9103029544744476,0.008539725912017522,0.05145428734410205,1.4271567719807166,0.1535347114578699,0.8876522629937141
PTK2B,0.8886913659295912,-0.0008195221914546975,0.049756984917271374,0.09554073932212948,0.9238853329387398,0.9923288879877108
PTMA,28.72660885739587,-0.0025899558565712884,0.045746299733517334,-0.2187770578673929,0.8268237191293757,0.9923288879877108
PTP4A1,0.13926219497604145,0.0009702759949610453,0.062189755820296094,1.077747254676554,0.2811465639044234,0.940203466476908
PTP4A2,3.2630070778160625,-0.00010575804618620579,0.04688169277694645,-0.009606026657330388,0.992335617512408,0.9974494539321536
PTPN1,0.8927844178574018,0.0029996969554739674,0.0543413967979825,1.032027916064514,0.30205904011607343,0.940203466476908
PTPN12,1.3328310413994302,0.0022426860456693665,0.061525570585521105,0.6433598934762551,0.5199906011832437,0.9840876234748115
PTPN2,1.731687055767088,0.0027787153132512663,0.057517334306469346,0.5195145854057639,0.6034019444870538,0.9923288879877108
PTPN22,1.5484862338980718,0.00785929709642327,0.05524401063675022,1.421819387262561,0.15507868992340995,0.8876522629937141
PTPN4,2.279814080176802,0.021765361023033312,0.06994871120479906,2.727987991220014,0.006372192776765515,0.7039194132391067
PTPN7,1.936744857111349,0.00560227283706499,0.04889418948472229,0.9365255701583091,0.3490026535643259,0.9542074254071121
PTPRA,1.5312060405904193,0.0007546345452217029,0.05232915769115893,0.30285351469455596,0.7620014984771197,0.9923288879877108
PTPRC,12.54965745552233,0.11652667412940554,0.09989337711947327,2.6120658845721154,0.008999690851518572,0.7039194132391067
PTPRCAP,0.911326328028096,-0.0001288751927727331,0.06780797520481814,0.6707658354364868,0.502369715075955,0.9840876234748115
PUF60,1.300488431187951,0.0038399719253388613,0.05838401943267719,0.7947367547493795,0.42676664741226966,0.9689157414799924
PVRIG,1.2637173218300892,0.011826874950735684,0.05741658516656426,2.6320058098852974,0.008488241132394263,0.7039194132391067
PXN,1.871152971300362,0.0022969712715916963,0.04913877000970807,0.45307629020747153,0.6504938075753863,0.9923288879877108
PYHIN1,3.013244740344351,0.01128613789020712,0.053223780148343926,1.5451488051741915,0.12231027416004857,0.8848340449778592
PYURF,0.8173355369885041,-0.0032992304255370754,0.05959111705596794,-0.11251899242943059,0.9104119115855114,0.9923288879877108
QRICH1,0.6284303844220662,0.001913920664758953,0.03882097278584283,0.9578691706553648,0.3381287340335022,0.9527025394516133
RAB11B,1.4051141293992773,-0.004138944867903281,0.05330573666679792,-0.6203819128754399,0.5350063775243521,0.986533349545128
RAB14,0.9081561998078783,0.01077961598245069,0.060260345149426756,2.318057008655026,0.020446222974850346,0.8059086754595226
RAB1B,1.387036997063929,0.004231531437568874,0.05574774040502762,0.8241573775112296,0.40985014163782063,0.9689157414799924
RAB24,0.38279258924032256,-0.002485640719569676,0.05588013071834833,-0.1583605270353446,0.8741727161009433,0.9923288879877108
RAB27A,1.4129024035857134,0.00900706464020641,0.05264971769016088,1.6925455215567489,0.09054200829845406,0.8635912611524637
RAB29,1.7673618945522644,0.0007273920328602795,0.05552152578338914,0.19201815243204323,0.8477279864199763,0.9923288879877108
RAB2A,1.6507943219655512,0.0029947850020421636,0.05199098543969709,0.5561417784630515,0.5781139366086622,0.9923288879877108
RAB37,1.348892684721516,0.008189364197672536,0.05747106316356936,1.7188994327398006,0.08563268547783742,0.8635912611524637
RAB5A,0.6622899875374895,-9.309533806930958e-05,0.06980006963835424,0.28096772359990246,0.7787351558592608,0.9923288879877108
RAB5C,1.7782955453006675,-0.00765337202508565,0.05908575968358177,-1.3941272812657248,0.16327917222937816,0.8876522629937141
RAB5IF,2.067466582182185,-0.00768718866796336,0.05461347522371253,-1.3644774991984177,0.17241733116250846,0.8876522629937141
RAB6A,1.016377829636935,0.000489495892964122,0.05512184707907325,0.37593164095020565,0.7069677169072178,0.9923288879877108
RAB7A,1.6566116463660863,0.0006250329448060491,0.05483849333555827,0.16097786268426273,0.8721108362498408,0.9923288879877108
RAB8B,1.1033872874538342,-0.00043283118871532565,0.056644094219854474,0.06621123214968404,0.9472096544368962,0.9945169828571452
RAB9A,0.8743737645124705,0.004685849444088184,0.05039023347894752,1.2052715723220375,0.22809848017643797,0.9266680134153575
RABAC1,2.7670125128740475,0.008642340789510237,0.05850173186474319,1.210664864266564,0.2260238735781097,0.9266680134153575
RABGAP1L,1.4061648753323073,0.0011797797634128752,0.05417468535115547,0.39908058745078406,0.6898338255985412,0.9923288879877108
RAC1,1.4490963017927854,-0.0016009197549721667,0.06687847402046003,-0.27506132720569315,0.7832691223719983,0.9923288879877108
RAC2,9.289699718792605,0.00749020196106524,0.048797518804488044,0.7219828871096987,0.47030499885496824,0.9840876234748115
RACK1,9.955878865516244,0.003665227061749769,0.21420441217554065,0.5724601871842638,0.5670102506064818,0.9923288879877108
RAD21,1.740660398564151,-0.0021058816830636933,0.05596306108115392,-0.1733269308468101,0.8623944562928927,0.9923288879877108
RAD23A,1.539782303316758,0.005575465973554235,0.046439063360741654,1.0679212980501807,0.28555601441972067,0.940203466476908
RALGAPA1,0.9057517305193469,-0.0005659231888158663,0.04647215873702944,0.2610844880085642,0.794027353709358,0.9923288879877108
RALY,2.624540511924436,-0.005188640945799387,0.0547965909778429,-0.678232417940552,0.4976243411002268,0.9840876234748115
RAMP1,0.594884394225981,-0.0008219493058139752,0.1001231953347217,-0.08016089280496963,0.9361092930509405,0.9923288879877108
RAN,2.081089037602738,-0.005880863156635349,0.048628759003891686,-0.9193299548529973,0.3579230143836215,0.9569589251342743
RANBP1,1.0205194806815945,-0.0038717621586010498,0.06822965267331098,-0.7976720517432602,0.42506082656770405,0.9689157414799924
RANBP2,0.8191465577766633,0.0017051037398815674,0.05800432094821574,0.8329438274993693,0.4048764102076956,0.9689157414799924
RANGRF,0.6691955143373098,0.004100315989308378,0.05522322401852319,1.3069942422554854,0.1912146669605832,0.8923307919762128
RAP1A,1.6229192727182775,0.001485623177636621,0.04834925250788977,0.3222362135836825,0.74727375192619,0.9923288879877108
RAP1B,6.098058651013414,-0.001469204627541246,0.04913865370956198,-0.1692427062004155,0.8656057395744342,0.9923288879877108
RAP1GDS1,0.7126683187721549,0.00532989893473586,0.058985387627736925,1.5786626624402313,0.11441345331840087,0.8848340449778592
RASA2,1.2000303389195432,0.001763864351102282,0.04910830826439546,0.6024358428102123,0.546884057298687,0.9923288879877108
RASA3,1.5581174142558505,0.011829668381096068,0.05646821700298882,2.1052567539591913,0.035268964366945633,0.8495937295975861
RASAL3,2.50355977926955,0.007030437453641942,0.0512316164983673,1.0415424530458282,0.29762386097250026,0.940203466476908
RASGRP1,1.1616103358847054,0.011593289384921938,0.05158716948423077,2.516420935088411,0.011855349660094038,0.7142784776629612
RASSF1,2.919139176904419,-0.009492323377210775,0.055376176322569415,-1.186532205791726,0.2354121907727118,0.9266680134153575
RASSF5,1.8636388729298277,0.0031525445137539974,0.04803817427088911,0.6273444739120657,0.5304334566429487,0.9840876234748115
RBBP4,1.5040116845696634,0.0047491111799173825,0.05865264431581317,0.9693856001450165,0.3323528342508384,0.9472488224863564
RBBP6,1.7047870106073082,-0.00275531810186552,0.044660428404925574,-0.3789159944486639,0.7047502464778483,0.9923288879877108
RBBP7,1.3604521314131595,-0.006986946941129704,0.048117070914702256,-1.1892992330144163,0.23432193705312998,0.9266680134153575
RBCK1,1.5193230586939186,0.00428606316644861,0.057859107566241,0.8664634415648508,0.38623606627038265,0.9571492450223654
RBL2,1.7797123316512484,0.010482744618073402,0.058415385696073636,1.7168261731735122,0.08601093723923879,0.8635912611524637
RBM17,1.0854144474745195,-0.0018171388703659315,0.061120615390701453,-0.10105046187512687,0.9195104023655831,0.9923288879877108
RBM22,0.9519295110086514,-0.002093863981731528,0.055246784819809394,-0.2134425550224897,0.8309817910481068,0.9923288879877108
RBM25,2.3995871689766863,0.0014296585704012313,0.05184146815372542,0.23642359054464032,0.8131039923789329,0.9923288879877108
RBM3,4.683182610840851,-0.010465453983373394,0.05130805337523211,-1.1477232681980583,0.251082822432078,0.9266680134153575
RBM38,2.1674069125804,-0.0019923056338937758,0.06503237624784111,-0.4908026818958439,0.6235660130131995,0.9923288879877108
RBM39,6.782583357252834,-0.005159626259248148,0.049064440101002076,-0.5641974739955671,0.5726197467329025,0.9923288879877108
RBM42,0.6786653245009613,0.0065894998802296205,0.06524100380919164,1.8299347810554243,0.06725969177469485,0.8635912611524637
RBM6,0.8667380131330393,0.004300759056071085,0.05581746839040821,1.1848032490447065,0.2360952476878312,0.9266680134153575
RBM8A,2.6698376305993015,-0.009373253546203136,0.04680542687896165,-1.3241844364658775,0.18544179840409936,0.8919321460515935
RBMS1,1.2803238415211722,0.002720623446226196,0.05109159528183104,0.6929719618098018,0.4883271473260141,0.9840876234748115
RBMX,1.5629362941336165,0.001220935554402077,0.05517696425327348,0.36182495865314246,0.7174828397413175,0.9923288879877108
RBX1,1.378757858943784,0.0010988005403174234,0.050576079230019166,0.27533380278938663,0.7830597967993933,0.9923288879877108
RC3H1,0.9341881794893351,-0.0020574354998088287,0.06428618506878285,-0.1597200259017438,0.873101625032821,0.9923288879877108
RCN2,1.2898350552315327,0.003977794387389798,0.05761518473924081,0.8839217781164197,0.3767384400405813,0.9569589251342743
RCSD1,1.6161901089384012,0.00786383004548516,0.05709650714316953,1.3713694033362474,0.17025983040155368,0.8876522629937141
REEP5,1.3373278520177097,-0.00525445868665592,0.04688916455935837,-0.9322427189964099,0.35121110294742064,0.956500689395377
REL,2.057601970875443,-0.00046669966284444193,0.06326584287503186,-0.017744675241891356,0.9858425405600656,0.9974494539321536
RELA,0.9637284372002002,-0.0015269418233712564,0.04882783870340738,-0.030991641942910816,0.9752762052359342,0.9971820730357138
RELB,0.4606466055532227,-0.0030958710397043813,0.09369770268123083,-0.35890610449418237,0.7196653327562683,0.9923288879877108
RESF1,1.788501958026622,0.0055239813063819795,0.07232260460842568,1.3429776919031333,0.17927919741244913,0.8897384041344625
REST,1.2150446048569357,0.008573703743842524,0.05440883391622017,1.8430736003167036,0.0653182652139817,0.8635912611524637
REX1BD,1.7781987298644994,-3.629692651722611e-05,0.05246272781475636,0.036702566622362376,0.9707221621548484,0.9970116900018431
RFTN1,1.1078244218058193,-0.00018780035402013584,0.050937340585110576,0.1835280541927199,0.8543837085284737,0.9923288879877108
RGCC,0.5101825288003667,0.002125331641089767,0.028413366764506256,1.3751063520754143,0.169098475361121,0.8876522629937141
RGS1,1.3269546867453803,-0.0033812973292229264,0.029245272387321455,-0.9727349240233242,0.3306850630871532,0.9465449933587547
RGS2,0.5571224450061383,-0.0021668724164562213,0.04119189366092818,-0.501704451259969,0.6158754329098868,0.9923288879877108
RGS3,0.9472009230193158,-0.002773204422994841,0.06965216505167768,-0.45199398423377635,0.6512733162275461,0.9923288879877108
RHOA,4.274865344473754,-0.0047588349341980115,0.048633848707614835,-0.5210644296288506,0.6023218890038062,0.9923288879877108
RHOB,0.31949449716378037,-0.00028490374249765275,0.05008818204275089,0.29657206394388597,0.7667932415235981,0.9923288879877108
RHOC,3.1385145095740397,-0.009175769259985112,0.05719818712219489,-1.2794740840698362,0.20073016009970135,0.8963392113282606
RHOF,2.4255891731781407,0.006320150215602687,0.05726076301181773,0.8988618595559692,0.3687262456469895,0.9569589251342743
RHOG,1.3790628379472445,-0.001534689755093884,0.05718513911825224,-0.23063596455955465,0.8175976250686361,0.9923288879877108
RHOH,1.0934662846291237,0.005266260150630786,0.045384131214821086,1.4622613261026085,0.14366961204885306,0.8876522629937141
RICTOR,1.336556172998286,-0.0030571324019330577,0.09510898599887593,-0.6788905739302323,0.49720719865641394,0.9840876234748115
RIN3,1.4585837161824706,0.00023830473577759407,0.07751738935867256,0.15594493257328765,0.876076427465939,0.9923288879877108
RIOK3,1.0209295675216852,-0.0028856996210486823,0.050307965749201586,-0.4297787711597113,0.6673565767202669,0.9923288879877108
RIPOR2,2.8089274517050598,0.014508428693654483,0.07794870149458781,2.2325993251021377,0.025575378655417702,0.8267286961236705
RNASEH1,0.47470948401439994,0.0004598695548657028,0.05887751043318095,0.5705522217296272,0.5683032134227755,0.9923288879877108
RNASEK,3.0813321439903185,-0.0060382028811639095,0.058219319437606123,-0.9364614716973675,0.349035640742419,0.9542074254071121
RNF113A,0.8959772001856217,0.003549648936535749,0.04932098266602469,0.9770502864471124,0.3285442576609158,0.9461972107374134
RNF125,2.865075633298497,-0.0006298823529429806,0.052262481703615325,-0.08416067505505186,0.9329286839799449,0.9923288879877108
RNF126,2.145204407206561,0.010218058128002892,0.05117701263061406,1.5614716897833127,0.11841249846660477,0.8848340449778592
RNF138,0.4409163584636214,-0.003244770133289575,0.04579809580472362,-0.3800160123192632,0.7039335291190122,0.9923288879877108
RNF166,2.3589736894953166,8.523399652029563e-05,0.04878866207696372,0.05551175239085047,0.9557307673343293,0.9958460753871914
RNF167,1.8593960938797855,0.013247470951460885,0.06475149301421544,2.0765107740720494,0.03784673570145511,0.8635912611524637
RNF168,1.0709282648746268,0.002555726365098317,0.04695965301009559,0.7521979850658904,0.45193200518913235,0.9840876234748115
RNF19A,1.433848961197739,0.008093626957589917,0.05593332066605505,1.6190397240791006,0.1054387163439795,0.8848340449778592
RNF213,4.981457557461551,0.01866801401768852,0.05866103649642595,1.7737195578440932,0.07610954972720571,0.8635912611524637
RNF4,0.8353491901989423,0.0015912554017312793,0.05552320265949852,0.631562308145758,0.5276729224874672,0.9840876234748115
RNF7,1.4628060070167825,-0.0034031454095315135,0.05843634202197169,-0.5527990599732855,0.5804010122684694,0.9923288879877108
RNMT,1.3196484714607513,-0.0014369714603214684,0.0459688589425633,-0.21266185904275137,0.8315907182997866,0.9923288879877108
RNPEPL1,1.2170049048587186,0.002466439901475603,0.03634938652659076,0.7981137504975403,0.4248044825909211,0.9689157414799924
RNPS1,2.4258902202217594,0.006602770769650928,0.054634535419305595,0.920707247274585,0.3572032914240395,0.9569589251342743
ROCK1,1.8128852937191746,-0.004413186327176126,0.06315536211204391,-0.7481871727188859,0.4543472670269717,0.9840876234748115
ROMO1,1.3152861093327293,-0.0022166625495471126,0.061162688056112774,-0.3835797387831736,0.7012899594707058,0.9923288879877108
RORA,3.278455479401695,0.011807745733177444,0.046217102731277354,1.6860786939266679,0.09178064315026897,0.8635912611524637
RPA2,1.2889340873648656,-0.0020538110199790328,0.06815749996565854,-0.33312293641809726,0.7390414864649464,0.9923288879877108
RPN1,1.093231521644421,0.003596635023381499,0.0554727232937992,0.9169134053343411,0.35918801878736883,0.9569589251342743
RPN2,1.4658700685510866,0.001469304015044376,0.05082087965536201,0.36819247632702556,0.7127297199309277,0.9923288879877108
RRAS2,1.074695688858523,0.0006521517463053972,0.04991803687782277,0.2923826551958785,0.7699940682727295,0.9923288879877108
RRBP1,0.7556648296404849,-0.004598053726652926,0.0631991310090699,-1.1453998561522947,0.25204355790022137,0.9266680134153575
RSBN1,0.8527809941350796,0.0005412220019578604,0.04575710570945708,0.3524572595012978,0.7244953664723954,0.9923288879877108
RSF1,1.5950176177553885,0.006669961913069213,0.05413224210295835,1.1763802091276867,0.23944297665081515,0.9266680134153575
RSL1D1,0.7265693882915507,-3.5645277493144153e-05,0.10265349637030739,0.39386845117467134,0.6936781638298422,0.9923288879877108
RSL24D1,1.704037090104451,-0.011854890216333007,0.05369123463769925,-1.8107771266409016,0.07017535837449324,0.8635912611524637
RSRC2,1.769715794828145,0.00021559196112074089,0.05366762803937,0.08415830396139583,0.9329305691509666,0.9923288879877108
RSRP1,4.329809972078456,0.02982488146747508,0.08213507638768103,2.610937808114936,0.00902943127618309,0.7039194132391067
RTCB,0.4598040879145136,-0.0011111858698040374,0.05807903755414284,-0.017984268984225876,0.9856514029148558,0.9974494539321536
RTF1,1.6030964220050279,0.0007546015603451176,0.0582733097027018,0.15395818992235075,0.877642702064462,0.9923288879877108
RTN4,1.1904887434711275,0.0005203480702052432,0.05398189113478868,0.2156712377731324,0.8292440225197824,0.9923288879877108
RTRAF,1.2502451488604418,-0.0013583686413431724,0.05221401893820577,-0.1502459561539105,0.8805705696029431,0.9923288879877108
RUNX3,4.089651101940738,-0.0040223856768428976,0.05778543514978817,-0.5689496328639743,0.5693903213346485,0.9923288879877108
RWDD1,1.9876599398363655,-0.002599420681514267,0.05271541161873999,-0.3676238159372748,0.7131537540133529,0.9923288879877108
S100A10,3.5000576765710383,-0.007063501024149542,0.03778833992759967,-1.7781002901375753,0.07538738481704464,0.8635912611524637
S100A4,15.670121639492704,-0.006262024502268028,0.037355620397180635,-1.1045846345530332,0.2693396120791265,0.940203466476908
S100A6,3.711467393557888,-8.892469479640297e-05,0.09600330669669202,-0.03581029489096744,0.971433624197413,0.9970116900018431
S100B,0.9394654104938668,-0.0012264951867419064,0.06413740418456201,-0.39562425553304675,0.6923822407127276,0.9923288879877108
S1PR1,1.2571051688960906,0.0006294068947261553,0.055925441593379234,0.4568206430093022,0.6477999669533591,0.9923288879877108
S1PR5,2.8487479934745945,-0.0008875110389270374,0.04666297291721658,-0.12146387899523133,0.9033236232152566,0.9923288879877108
SACM1L,0.9461875719217968,0.0023383618443079987,0.04459908182446851,0.762117027365436,0.44599016116067625,0.9817030488607356
SAFB,0.7734199894100804,0.0036291549256705436,0.06278673787946681,1.1884390684474442,0.23466047204461837,0.9266680134153575
SAFB2,0.9719256987507384,-0.0010280186075060172,0.05448129454480395,-0.008276864007817759,0.9933960933981135,0.9974494539321536
SAMD3,4.161513297167428,0.008930884794366142,0.05069848339901891,1.0249042810969102,0.3054083544075895,0.940203466476908
SAMD9,0.7664283702857744,0.0037001184825518284,0.057104410605521634,1.0878928925562534,0.2766423941545185,0.940203466476908
SAMHD1,0.9483180831334094,0.001287713481639359,0.052124468425326545,0.5457625899976434,0.5852291417171014,0.9923288879877108
SAP18,3.008298530813615,0.0033797782151823524,0.04781434052489158,0.44243308315408486,0.658175843430135,0.9923288879877108
SAP30BP,1.1264280519181944,-0.007353665829900096,0.04640374062591682,-1.3457460782509103,0.1783844205695545,0.8876522629937141
SARAF,4.133205511954829,0.0039015622508944085,0.04757119237602599,0.9267512002542664,0.3540557273327698,0.9569589251342743
SASH3,2.102153276469227,0.001247474808849665,0.05461516268667462,0.26775299207611736,0.7888894567388594,0.9923288879877108
SAT1,0.7525518928473646,-0.001277639395386457,0.06904314538938319,-0.19054329655918456,0.8488834188520388,0.9923288879877108
SATB1,0.7431491381096851,-0.0011942747506480888,0.10157023035501336,0.11587813144510933,0.9077491275020468,0.9923288879877108
SBDS,1.723332514577706,0.007470061482909633,0.045891840109801255,1.46700711344127,0.14237412027448432,0.8876522629937141
SCAF11,1.9006208556336983,-0.00024129819284451104,0.055250718309053724,0.00840412740298739,0.9932945554317691,0.9974494539321536
SCAMP3,0.8227731133485601,-0.0006169713462963308,0.05774044708634481,0.15387187563460503,0.8777107599684338,0.9923288879877108
SCAND1,2.1450477978125315,-0.0034115468012343806,0.049029533659796655,-0.5082140865807214,0.6113032130339526,0.9923288879877108
SCLT1,0.6745558563965861,-0.00035718607604587473,0.07652106398841281,0.21184280988628393,0.8322296689336406,0.9923288879877108
SCML4,0.8795135099545595,0.008673880170386757,0.049727948982072785,2.2016327794639423,0.027691258519189466,0.8267286961236705
SCP2,2.042448870527445,0.0022046380957167636,0.05299256478386418,0.38501579553319853,0.700225712822203,0.9923288879877108
SDF2L1,1.169634909386054,0.0012366207197236588,0.054357657070229215,0.34723604095328814,0.7284139965555047,0.9923288879877108
SDF4,1.8436251112559063,-0.007824568907997874,0.05432201838232602,-1.1585729526898196,0.2466302990712229,0.9266680134153575
SDHA,1.3205884436602884,0.007944225024928133,0.05572982702437919,1.6102115313035184,0.1073516848593962,0.8848340449778592
SDHC,1.060924724564516,-0.0069547925741484514,0.04862936566070983,-1.346051207214481,0.17828600277852447,0.8876522629937141
SDR39U1,0.8291605696176286,0.004679849870939127,0.05790107374603552,1.258442994877311,0.2082315909830914,0.9013156061681387
SEC11A,1.5996826024722375,-0.005529342247733189,0.059090042110957315,-1.0160134306761726,0.3096229909178213,0.940203466476908
SEC11C,1.113572928795622,0.0011827112718107188,0.05435234493014177,0.42118817439285916,0.6736176789343884,0.9923288879877108
SEC14L1,0.6063048361919494,0.00018901637652523137,0.047176473834083334,0.29529937021909325,0.7677651975740116,0.9923288879877108
SEC31A,1.0322707868169265,0.0008884301093700158,0.052750607080000976,0.42682549215220883,0.6695064374725194,0.9923288879877108
SEC61A1,0.7195659563758148,-0.0003003112363186492,0.05776402475770273,0.28802619321526646,0.7733266885841155,0.9923288879877108
SEC61B,3.4324421463203856,0.002473099690514649,0.04919604462335318,0.31904448579840644,0.7496927792940087,0.9923288879877108
SEC61G,2.589269685142514,-0.006474980919089893,0.04684575162760752,-0.9746022157324886,0.32975761411722415,0.9462829693455926
SEC62,1.3369706838162048,0.007228858923008198,0.05203242534510091,1.5204092007676575,0.12840816348618955,0.8876522629937141
SEC63,0.5803888881878855,0.0023650037775156374,0.04535963041377172,0.984500786564062,0.3248693449042348,0.9423729369237571
SELENOF,2.166927903895567,0.009983138963907389,0.0551484502991135,1.4924993748189248,0.13556828101943108,0.8876522629937141
SELENOH,1.5925430141269676,-0.0015991665422842435,0.05911720883885878,-0.31492311516093613,0.7528200305723299,0.9923288879877108
SELENOK,2.5718670850238667,-0.00046433319219665365,0.048134782653868995,-0.06887543927865804,0.9450887686983572,0.9941539527507073
SELENOS,1.280193018329502,0.003548145723647576,0.05561186352890184,0.8181734458029535,0.41325815548809286,0.9689157414799924
SELENOT,1.877264954995427,0.002421469787695186,0.048139988080825695,0.4648227313008232,0.6420584079532677,0.9923288879877108
SELENOW,2.2913502934434122,0.005858746591269437,0.0474272827075709,0.8964826525468754,0.3699950412477141,0.9569589251342743
SELL,2.9267419160402963,0.0007379881580238291,0.08674289681267822,0.3066810954522282,0.7590861204751962,0.9923288879877108
SELPLG,2.188424888583357,0.007885371338599812,0.05537909523038013,1.3684324415341413,0.17117675534531596,0.8876522629937141
SEM1,1.299834664757923,-0.0008803496535819026,0.052301256357336644,-0.11759820680772445,0.9063860258480098,0.9923288879877108
SENP6,0.8994644127426001,0.006407275058380823,0.05965154377372313,1.6293038743020265,0.10324870640141669,0.8820928295755736
SEPTIN1,2.0446413055060937,-0.001156476403597814,0.06221435575123154,-0.13815237022146004,0.8901199970989121,0.9923288879877108
SEPTIN2,1.2050848367620026,0.0016214731288354378,0.06487842701919633,0.4162715397321558,0.6772113158372021,0.9923288879877108
SEPTIN6,2.295590312996522,0.013360477779272463,0.07329811173373271,1.948808221666098,0.051318331553286176,0.8635912611524637
SEPTIN7,6.683887281768512,0.019984509437640973,0.06478341738635836,1.6645334620669816,0.0960058697593332,0.8635912611524637
SEPTIN9,2.6618981170069147,-0.0018687483663735697,0.06538384997127519,-0.21855120934404076,0.8269996632006293,0.9923288879877108
SERBP1,2.623576395539102,-0.0006786140258463345,0.058273167917833386,-0.08634939814342359,0.9311886710439503,0.9923288879877108
SERF2,13.679277218045426,-0.00915035356430637,0.04402994022350941,-0.6823532635035063,0.495015600780479,0.9840876234748115
SERINC1,1.1786744818787933,0.006637250868091724,0.053609214593405057,1.5645815074383087,0.11768106773197137,0.8848340449778592
SERP1,0.9898101451961288,-0.0026507519084221945,0.15090600204360052,-0.4072592189671633,0.6838176115360601,0.9923288879877108
SERPINB1,1.2847842193644172,-0.001221949896982779,0.06761155100134564,-0.21333914726635195,0.831062441208193,0.9923288879877108
SERTAD1,1.9645281341212115,-0.0002976159207487493,0.05244341225551655,0.0072827605472664215,0.99418924916504,0.9974494539321536
SET,4.179642672592707,0.011873190772461144,0.06700375019068605,1.4434892164796007,0.14888270803317627,0.8876522629937141
SETD2,0.9733685902406756,-0.0033302554264579075,0.049921857008483464,-0.40929550679160104,0.6823228125248183,0.9923288879877108
SETX,0.8766128677878534,-0.00026670151819110596,0.049164229635041294,0.23923235827918027,0.8109254127391832,0.9923288879877108
SF1,3.680969863417261,0.005759111670113293,0.051890675460381896,0.6996035118723236,0.48417494875867917,0.9840876234748115
SF3A1,1.1575740800642889,0.008715752451081976,0.0517602927536467,1.7776755783548739,0.07545715290347492,0.8635912611524637
SF3A2,1.2725720199390942,-0.0041586753677361815,0.05133757303756927,-0.6192862382605284,0.5357278087231883,0.986533349545128
SF3B1,2.7160345533689636,0.002425991523705484,0.054033784039263046,0.3606865524307814,0.7183337785770548,0.9923288879877108
SF3B2,2.9219689215504485,-0.0031333633878162077,0.053244883893184755,-0.39015471458177425,0.6964221458518964,0.9923288879877108
SF3B4,1.00164582187386,-0.0033877338011451133,0.05351753918490307,-0.45389025044542664,0.6499078211618116,0.9923288879877108
SF3B5,2.3531585466017826,-0.00841047392154827,0.05687908787268555,-1.181470513751087,0.23741586035226436,0.9266680134153575
SF3B6,1.6173260845800534,-0.006051416809658645,0.05661384641901603,-1.039346135238553,0.2986437856036057,0.940203466476908
SFPQ,2.944244344690739,0.010231329728243822,0.04721884466832098,1.660394694512835,0.0968350767661968,0.866444411829089
SH2D1A,2.7278821186001214,0.010809315515707182,0.05560484391605903,1.5453162024979379,0.12226979824632704,0.8848340449778592
SH2D1B,1.9188817952645132,-0.0012508984163622171,0.06598066985793703,-0.18206005314475768,0.8555355977221437,0.9923288879877108
SH2D2A,2.68622706136878,0.013595312114909388,0.05977156525986128,1.8103846419945833,0.07023615926962626,0.8635912611524637
SH3BGRL,1.6548183989617413,-0.005635236602905516,0.05441912617523187,-0.9767028284458742,0.32871629448386885,0.9461972107374134
SH3BGRL3,18.10191714164344,-0.008179960494026,0.04116652846943356,-0.8872762154924579,0.37493020760383844,0.9569589251342743
SH3BP1,1.4425800456540958,1.700881795072921e-05,0.057881274345373455,0.1271804144210342,0.8987976065206774,0.9923288879877108
SH3GLB1,1.0547703355909668,0.00477491104718355,0.0609510660489579,1.101577408259349,0.27064543445574907,0.940203466476908
SH3KBP1,1.8910381649816879,-0.001298859096595312,0.04911101388587997,-0.1660669667986558,0.8681042498250964,0.9923288879877108
SHFL,1.796032063012667,-0.0018261221759205144,0.064182627812939,-0.2474083747121961,0.804592193534949,0.9923288879877108
SHISA5,1.9148799794835702,0.009349013405109194,0.051449917948247964,1.4187246438749395,0.15597930957116987,0.8876522629937141
SHKBP1,1.0058527947364235,-0.001280672572143952,0.053346765799905695,-0.13199036701196887,0.8949919110963706,0.9923288879877108
SIGIRR,2.6169658390875883,0.0046877149914107165,0.05269588387814891,0.6537418606836771,0.5132781290789428,0.9840876234748115
SIPA1,2.3068149027305784,0.007942775004449669,0.05608125332959414,1.2083479308318665,0.22691345913065308,0.9266680134153575
SIRT2,1.165460855198599,-0.010216480094544532,0.06107162028193068,-1.8107113708488578,0.07018554177547193,0.8635912611524637
SKAP1,2.9716525251745787,0.010025948923564775,0.05398288394286725,1.2528584361059134,0.2102572305050474,0.9031353555616162
SKIL,0.5439837183433289,-0.0013557851877565286,0.07718035339565647,-0.01663405555345548,0.9867285559098177,0.9974494539321536
SKP1,3.8043642299440754,0.0026758566957800017,0.051272222067718996,0.306165318985615,0.7594787767120643,0.9923288879877108
SLA2,1.3670550964699935,-0.005476420506034625,0.05806714168999829,-0.8787328193791425,0.37954615941003045,0.9569589251342743
SLAMF7,1.3609687705120088,0.0004616062673231176,0.05972125116484306,0.19392821510615252,0.8462320906100362,0.9923288879877108
SLC20A1,1.2291264894942509,0.00888964604350951,0.046492530311492274,1.9123410374383762,0.05583246543012728,0.8635912611524637
SLC25A3,2.574345993854155,0.004602210771620818,0.06247064467368241,0.7606365793312472,0.4468741649395589,0.9824930230339772
SLC25A36,0.6708602697777752,-0.0021469688945145934,0.0731408589368071,-0.08696284537222738,0.9307010452802905,0.9923288879877108
SLC25A39,0.8879347067761039,0.0009707975856383337,0.06441899550386765,0.3630897644763319,0.7165378304023929,0.9923288879877108
SLC25A5,2.2255620082576173,-0.00029174314005705175,0.06362564113501967,-0.033679864210492134,0.9731324358944126,0.9971143414887437
SLC2A3,1.0068325068016342,0.0044502234365027095,0.03199349278627079,1.738833851787791,0.08206399225887828,0.8635912611524637
SLC38A1,2.6766857004730453,0.00697909737009648,0.057506553038719946,1.06059909299141,0.2888721349408465,0.940203466476908
SLC38A2,2.3415038161900106,-0.0007327144646170058,0.050178249063071556,-0.09883530727688344,0.9212690345728778,0.9923288879877108
SLC39A10,0.7871063727136198,0.003283248855767293,0.06073870958852861,1.1058981853397143,0.26877059033405715,0.940203466476908
SLC3A2,1.4042196472362587,0.006559204804475336,0.047851335861250836,1.3178159924207418,0.18756525302357663,0.8923307919762128
SLC44A2,1.3617068051293657,0.005115508279490203,0.052864708708436896,1.1001452266650689,0.2712688510565623,0.940203466476908
SLC7A5,0.46969662190632366,-0.002925562171876515,0.06410995284231634,-0.3933820365672676,0.6940373351841236,0.9923288879877108
SLFN12L,0.4113163654865213,0.0069248455760287505,0.04988007417087044,2.1520895447499697,0.031390302452229506,0.8390179412588772
SLFN5,1.8707994625806537,0.011949956259751765,0.07272016127916657,2.320508412627994,0.020313390361746543,0.8059086754595226
SLMAP,0.6535452960248518,0.002582008720033155,0.07211050913873837,0.995293894444459,0.31959334641455206,0.940203466476908
SLTM,1.6139276376802683,0.0021681635547113687,0.056070305571178716,0.4219250679024921,0.6730797120385312,0.9923288879877108
SLU7,0.7817277544110154,-0.0045680889294681375,0.046304296565304104,-0.8762471749833549,0.3808956756408649,0.9569589251342743
SMAD7,0.7693680042920761,0.002719641555119138,0.05041335647197586,1.0814073958482242,0.2795159332292293,0.940203466476908
SMAP1,0.9819624864761031,0.006551306453484075,0.05574696564174002,1.6027137503319457,0.10899786633406049,0.8848340449778592
SMAP2,1.13100889754731,0.002891464839167679,0.05712808279317365,1.013929885854027,0.31061620961913616,0.940203466476908
SMARCA2,1.497580911484405,-0.00458099086491405,0.05893479168443856,-0.6907576449870473,0.48971785677448,0.9840876234748115
SMARCA5,1.0837971746339408,0.007888546332690002,0.056381665639401196,1.6889830807783857,0.09122267235131347,0.8635912611524637
SMARCC1,0.9146035955755982,0.0007566817909187361,0.05693639875379572,0.47258411988565086,0.6365099141854551,0.9923288879877108
SMARCC2,1.20422013195685,-0.0012386283988647482,0.056252451724688686,-0.05220688781757606,0.9583638447352382,0.9958460753871914
SMARCE1,1.4606387400403626,-0.00481134372382765,0.055045960515705185,-0.8287948005326826,0.40722053089384536,0.9689157414799924
SMC3,0.9967795583278738,-0.002040799817472152,0.05362932062036567,-0.3016387767183933,0.7629274444610257,0.9923288879877108
SMC5,0.8644100370104896,4.796010023342719e-05,0.07137870728367082,0.27817465858541407,0.78087828695084,0.9923288879877108
SMCHD1,2.204243905297597,0.015943762629122213,0.05499055101935732,2.6310273710657714,0.008512717972308615,0.7039194132391067
SMDT1,1.1046853858000398,-0.000876744604614496,0.05881686742792424,0.12231799292780403,0.9026471827006267,0.9923288879877108
SMG1,1.224019474310869,0.0030736235531341853,0.058262591095618835,0.8037154092801718,0.42156135275744566,0.9689157414799924
SND1,0.7589309765357091,0.004639538216168012,0.0473518103364728,1.327036873293607,0.18449648545558894,0.8919321460515935
SNHG15,0.841030390506503,0.0032896296945098694,0.0532362425544381,0.9956812007369609,0.31940506706683736,0.940203466476908
SNHG29,1.3827817290973339,0.000637201586409312,0.08575054530818826,0.6418642326230337,0.5209613394592546,0.9840876234748115
SNHG5,1.9479462172416748,0.004149526054610095,0.09460744038696349,1.0903645883581818,0.27555257424424373,0.940203466476908
SNHG6,3.14144351730583,-0.00047776850242388526,0.1544558743340801,-0.032127383083702415,0.9743704661349704,0.9971820730357138
SNHG8,0.9552212229160528,0.002974445994848477,0.04389480168468969,1.168171942537127,0.2427374155543336,0.9266680134153575
SNHG9,1.3450056864900892,0.001847346845681152,0.049225285588908055,0.4324378461980221,0.6654232164668747,0.9923288879877108
SNRK,1.3929005691483358,-0.0001662046071562873,0.05498702970877553,0.1694177911318464,0.8654680304787076,0.9923288879877108
SNRNP200,1.2771766425289002,0.0016011149275836608,0.054713302278960915,0.47068157025539886,0.637868147276207,0.9923288879877108
SNRNP70,1.0796600239921712,0.0025583770519586073,0.05084040763382408,0.7150437313255475,0.47458202144611894,0.9840876234748115
SNRPA,0.9421691760258888,0.0033878583060502703,0.05082111357260819,0.9595616319032791,0.3372758870581646,0.952294620352632
SNRPB,2.639743720136248,0.006876604422580735,0.04812652333173902,1.0115781711832343,0.311739787355359,0.940203466476908
SNRPB2,1.5122807165773753,0.008609142442114049,0.049170481823966446,1.6550586463448766,0.09791260225676755,0.8682202787792043
SNRPC,1.1691582351386074,-0.002589985452351701,0.050877426845938906,-0.39155482031443145,0.6953871756761152,0.9923288879877108
SNRPD1,1.2986418928074253,-0.0035824205014178038,0.05272086667464748,-0.6795568306146831,0.4967851117522363,0.9840876234748115
SNRPD2,4.648574530579806,0.009574475343439736,0.057828018010923084,1.0006631516720554,0.31698968769329905,0.940203466476908
SNRPD3,1.2979309489594208,0.0019062173967463964,0.06302908078542988,0.5041108890927152,0.6141834553796393,0.9923288879877108
SNRPE,1.3141383177206158,-0.005093438983285471,0.07317250709594007,-1.1331219512772914,0.257163044244173,0.9266680134153575
SNRPF,1.437585882041797,-0.008864050060977832,0.060074359524817,-1.7484552356235517,0.08038523049931343,0.8635912611524637
SNU13,1.5458339047279526,0.0026525814803620195,0.05039396047075896,0.5650231637762819,0.5720580088409122,0.9923288879877108
SNX1,0.4407181240145318,0.0007257976230148242,0.059231903405172925,0.6659258503032893,0.5054584965665283,0.9840876234748115
SNX17,1.2528583518811254,-3.0224328565962195e-05,0.05747351568620969,0.08675067178210606,0.9308696979444214,0.9923288879877108
SNX3,1.526114800314954,0.002383324294473754,0.05797483594624392,0.5496716433893543,0.5825446096741697,0.9923288879877108
SNX6,1.2134320648255177,0.0054961156705684005,0.050744401327474015,1.1581874965891423,0.2467875296821832,0.9266680134153575
SOCS1,0.8350138228067796,0.001044410627051634,0.036761283949992146,0.7585913950764523,0.44809702173187216,0.9828716619699094
SOD1,1.9278708600811925,0.0013139643501100223,0.03805376897078593,0.3010584628411491,0.763369914283401,0.9923288879877108
SON,4.502856946960595,0.0041518587915818726,0.05003427106017167,0.4334164281464506,0.6647122678245018,0.9923288879877108
SORL1,1.9214839289947379,-0.00045629842986569783,0.052748643555208384,-0.027512326639713012,0.9780511083328728,0.9974494539321536
SP100,2.3012704544425944,0.004571590248098343,0.05013016791654405,0.7126799716905304,0.4760438127129758,0.9840876234748115
SP110,1.229928091620366,0.006826147969199827,0.05731578391308901,1.4273711924247219,0.15347292982045832,0.8876522629937141
SP3,0.8256813658061927,-0.0006280753652947913,0.05727049763040297,0.16081679376884014,0.8722376978831082,0.9923288879877108
SPCS1,2.071140386128025,0.008941002203206204,0.05458699010116812,1.3564588857965414,0.1749532083047366,0.8876522629937141
SPCS2,2.2562232265935185,0.009396034360473565,0.05629600359520141,1.4106452694180722,0.158349236346924,0.8876522629937141
SPCS3,1.3319419638187535,0.0037642204732219894,0.052575966376281806,0.8830046359710454,0.3772337667144552,0.9569589251342743
SPEN,0.6091159148068115,-0.00021186709507207637,0.04881955624844283,0.4236794249264506,0.67179962241492,0.9923288879877108
SPINK2,0.26879806647811644,-0.0009318123917987696,0.11456523028562153,-0.1045057010535881,0.9167680442682732,0.9923288879877108
SPN,2.6135955820238577,-0.0012125614774072739,0.05828312846466443,-0.1458888951085858,0.8840090982132829,0.9923288879877108
SPOCK2,2.993915711769306,0.010243781051766208,0.049475207438238536,1.6468738030715127,0.09958398753303452,0.8747494867338385
SPON2,5.181325054991102,-0.0029453088037901193,0.054142452109239084,-0.5443672147625102,0.5861888020099966,0.9923288879877108
SPRY2,0.18422517186820653,-0.0003899973837166984,0.08972741175288237,0.03184484800517828,0.9745957812205372,0.9971820730357138
SPSB3,2.102710151326476,-0.0018523855464849714,0.052758187111333774,-0.3093342957987146,0.7570672451213432,0.9923288879877108
SPTAN1,1.6328049988223634,0.011601479448434171,0.05797904500202537,2.0452477364596073,0.04083044040322504,0.8635912611524637
SPTBN1,0.8359784070709358,-0.0006199849033575852,0.07630712923913455,0.22557574833819036,0.8215314047275439,0.9923288879877108
SPTSSB,1.14507616762364,-0.0028855996187553043,0.0736380064791389,-1.0812060389702678,0.27960547232776234,0.940203466476908
SQSTM1,2.7110596617080347,-0.0017880598500540675,0.053863869185512225,-0.2406817978603361,0.8098017475292522,0.9923288879877108
SRGN,12.980671514238097,-0.01085744181699112,0.044533593004788284,-0.9668117538945493,0.33363814752459053,0.9472488224863564
SRI,1.6248046414926585,-0.0071398088400061194,0.05795719074443846,-1.2860870855705395,0.19841267069906054,0.8947795580514066
SRP14,7.085837016438797,0.01091228258346968,0.04862471965227452,0.9904796880227209,0.3219397124454638,0.940203466476908
SRP54,0.7414667789415642,-0.0034578954196216576,0.05445219607173908,-0.5308382537779923,0.5955308688886249,0.9923288879877108
SRP9,1.47263818983522,-0.0022949689104796757,0.053919011367770824,-0.3614336842499317,0.7177752710716678,0.9923288879877108
SRPK2,1.670375866233366,0.006174796993441462,0.06214067777391451,1.1005484341751826,0.27109323881034775,0.940203466476908
SRPRA,1.3048562397470256,0.0084007242340864,0.05066705026130706,1.6688258002774474,0.09515190799827705,0.8635912611524637
SRRM1,3.4345344007233787,0.00418338631430595,0.0484794488326706,0.5299447290784033,0.596150252639915,0.9923288879877108
SRRM2,3.9744218593702665,0.0038346019219560237,0.053210671883300344,0.5664870607445386,0.5710627264784289,0.9923288879877108
SRSF1,0.7526061976380022,-0.0022087825824900925,0.06895666884728482,-0.14660843266605106,0.8834410973067316,0.9923288879877108
SRSF10,1.673654407084952,-0.0032766257131127013,0.051739874911924555,-0.5425097286252758,0.5874674073352397,0.9923288879877108
SRSF11,2.4271458841998736,0.00543299512194903,0.056936213922419474,0.8487306415641493,0.39603119183577506,0.9660682658731878
SRSF2,4.680960974826048,0.0036690037553908424,0.051375282863043666,0.5375530798365358,0.5908856303454657,0.9923288879877108
SRSF3,3.6872738178181272,-0.011879856749938682,0.048329925525451095,-1.5872885294420953,0.11244731194785744,0.8848340449778592
SRSF4,1.1454599194563968,0.004568137676122663,0.05369653569307604,1.0573543951498914,0.29034987666308476,0.940203466476908
SRSF5,6.3314555250293685,0.001481784580340501,0.047862077642906564,0.16733899849942588,0.8671033203672239,0.9923288879877108
SRSF7,7.317597119673152,0.0015327960766514982,0.04127549070933086,0.19359474116544756,0.8464932162344655,0.9923288879877108
SRSF9,2.01470012976189,0.0012685424065255458,0.053650994574872955,0.22903650666167072,0.8188405419697491,0.9923288879877108
SSB,1.1661899977211874,0.0016436069647062768,0.055517220824522664,0.4981041921566273,0.6184106059442285,0.9923288879877108
SSBP1,1.460549627613474,0.0013525839036519632,0.06092367166777564,0.3069456866046157,0.7588847135772482,0.9923288879877108
SSBP4,2.2672438570031828,0.008781937656247116,0.05127586497014923,1.513297221579388,0.1302041781394639,0.8876522629937141
SSH2,1.1240320895312494,0.0018829154192907956,0.046423893058427534,0.6098234248623383,0.5419787824205207,0.9923288879877108
SSNA1,1.5354992063765567,0.01137875667183546,0.05474537568194119,2.040380961645554,0.041312396626747246,0.8635912611524637
SSR2,4.275853364529717,0.0011718283517677367,0.05016689851097026,0.1256560818152927,0.9000041678582404,0.9923288879877108
SSR4,4.528849120483878,-0.003025351893003032,0.04975220544340643,-0.335735987254966,0.7370699655086183,0.9923288879877108
SSU72,1.4517795033127967,0.013321929007315502,0.06322173436708574,2.3196657964939664,0.02035896348716428,0.8059086754595226
ST13,0.9623161136631779,0.004432944509029235,0.04544883271276866,1.3352038132640067,0.18180964916198383,0.8919321460515935
STAM,0.4691530308879947,-0.0037469353637921534,0.0456813930321395,-0.66312806818137,0.5072485356061198,0.9840876234748115
STAT1,0.6702517327918586,0.0020279071166036675,0.052384745075020306,0.9498160363763039,0.34220573603435556,0.9542074254071121
STAT3,1.6730471867061756,0.0008584699588593464,0.050639750819347275,0.24137044710875444,0.8092680154969394,0.9923288879877108
STAT4,2.4790874561783074,0.010939960045810201,0.05823843199802274,1.5378729532008972,0.12407968158722321,0.8876522629937141
STIM2,1.09189547386728,0.006077837966889189,0.04926497413683724,1.5732058720104087,0.1156711560956204,0.8848340449778592
STK10,2.324228862702244,0.0048938214004848515,0.03980639250944144,0.8456881457100969,0.3977267378875039,0.9686023019549013
STK17A,4.81139583873503,0.006144728948059395,0.054814147716261065,0.7125691005059603,0.4761124379813406,0.9840876234748115
STK17B,1.8555520141494535,-0.004203725137262947,0.053641130203834916,-0.42306787750920305,0.6722457381905413,0.9923288879877108
STK26,0.7381969494361446,-0.0047409102362267275,0.04823093256011586,-0.7469294485741412,0.45510614882904676,0.9840876234748115
STK38,1.2812700291169075,0.008266888757486922,0.0619285212578069,1.7296605293788858,0.0836909446417368,0.8635912611524637
STK4,3.7519719857818634,0.015442238362107832,0.060296337640466546,1.695300525132476,0.09001842525261204,0.8635912611524637
STMP1,1.1061424071583714,0.0032593259054994957,0.05880225420502644,0.8235305922796254,0.41020632766228304,0.9689157414799924
STOM,2.028845235613014,0.01087226495284884,0.048633116143280045,1.685445188863444,0.09190271136294946,0.8635912611524637
STRAP,1.3747543867777698,-0.0049471245870641055,0.05190669460786882,-0.7362373479782411,0.4615862669713171,0.9840876234748115
STUB1,1.8366941881290253,0.008294096067631228,0.050788632540101665,1.412677814029683,0.15775047778135742,0.8876522629937141
STX5,0.7276841756681147,-0.0027315358823343057,0.05521529936844,-0.49175712341751227,0.6228910505882781,0.9923288879877108
STX8,1.0246229581614068,-0.0014360718967704588,0.05847936707102617,-0.21444867435348372,0.8301971877737966,0.9923288879877108
SUB1,4.653626581624705,0.012031145943403897,0.05201539434787577,1.2955904457884853,0.19511662249068273,0.8947795580514066
SUMO1,1.9418384187999425,0.0006617505958894965,0.054509048493889684,0.10584401845237576,0.9157061112490825,0.9923288879877108
SUMO2,4.293745119300352,4.5017380282789944e-05,0.04978079440836453,0.006138118115974427,0.9951025210762048,0.9974494539321536
SUN2,5.7887500280771444,0.015376221691322625,0.046393499647080554,1.511121342076766,0.13075753807952925,0.8876522629937141
SUPT5H,0.8602374760083337,0.002922654814669398,0.053767781936758276,0.8649082579949178,0.38708914470597866,0.9579944308794789
SURF4,1.1976004619984366,-0.004029340294380939,0.044159440914266504,-0.6783602986002405,0.49754327513935803,0.9840876234748115
SYAP1,1.069657317097517,-0.0003869778600826646,0.049615687796420095,0.038980982765855196,0.9689055506430434,0.9969301584674948
SYF2,1.7983924380660314,-0.0008376554837903357,0.05327953269635973,-0.1149648292138333,0.9084729993787091,0.9923288879877108
SYNE1,4.0102290118860955,0.31695071559532806,0.14637229744361893,3.226304613853421,0.001253998178981195,0.46924611857476317
SYNE2,4.969031699785714,0.022711593911059823,0.04983856118634318,2.4739803863064065,0.013361703216570625,0.7142784776629612
SYNRG,1.355925216802855,-0.0008413264353764505,0.04437693268674878,-0.036150900920338035,0.9711620357631425,0.9970116900018431
SYTL1,2.8982375875063853,0.004700312243618185,0.052306084291505316,0.6830756484553682,0.49455904207416457,0.9840876234748115
SYTL2,1.4931668865692065,0.005474420223944903,0.045650023094879685,1.1817598398744058,0.23730100702009116,0.9266680134153575
SYTL3,3.3067195712049946,0.009634626496595852,0.0553458928345678,1.4195937244599728,0.15572599346551788,0.8876522629937141
SZRD1,0.8326253237318301,0.00010877635134726526,0.051891981304634294,0.2754303146845183,0.7829856566454415,0.9923288879877108
TACC1,1.2194619974287646,0.0021065973891138366,0.060035860957847305,0.5836031621450875,0.5594873322281178,0.9923288879877108
TADA3,1.2935396549029354,-0.009226649036841622,0.07033541244492418,-1.710173550342356,0.08723378518132607,0.8635912611524637
TAF10,1.5247989769431727,0.002031105092085265,0.05721291973799325,0.49119103971167294,0.6232913357543352,0.9923288879877108
TAF15,1.3430047393693165,-0.002882845209792854,0.051311441916538074,-0.4003635112351726,0.6888887955824946,0.9923288879877108
TAF1D,0.9108656256840227,0.005776672774173896,0.04719003027842337,1.4632923887943718,0.1433873895058169,0.8876522629937141
TAF7,2.0595492197589573,0.005944666274479614,0.05471273943056648,0.9035901414157751,0.3662127707576325,0.9569589251342743
TAGAP,1.6845147071638897,0.3378980610173521,0.20936137274185768,3.0449047014485284,0.0023275404848762202,0.5925106738431895
TAGLN2,5.299203172882266,0.005356428581143974,0.0840164761298994,0.783348585215282,0.43342243970336825,0.972016948080657
TAMALIN,0.1922221949110623,-0.000201975658478651,0.07023054370306608,0.133092531903525,0.8941202012813393,0.9923288879877108
TAOK3,1.7339605211896116,-0.00719696084510384,0.05690736013604521,-1.188041181754332,0.23481718543949004,0.9266680134153575
TAP1,2.0432673583691185,0.0007685617792590936,0.05419035569377045,0.1685906697954119,0.8661186199349828,0.9923288879877108
TAPBP,3.8110826055448364,-0.005634662847710983,0.049958974930025386,-0.6338599797642669,0.5261722053432583,0.9840876234748115
TAX1BP1,2.0976722126091323,-0.0038887896570282358,0.05419564073423975,-0.6065076739924793,0.5441776880504855,0.9923288879877108
TBC1D10C,3.6042124637862636,0.0064157810126891455,0.05117363593544935,0.8163849021591546,0.41428002894073057,0.9689157414799924
TBC1D22A-DT,0.6413331560574629,-0.002138793487929941,0.05432483595107923,-0.2503638831114468,0.8023059574448652,0.9923288879877108
TBCA,1.8655358831635094,0.0013563529584081837,0.05138633304262969,0.24426197029927316,0.8070279348176874,0.9923288879877108
TBCB,2.1684706990657925,-4.039685847796445e-05,0.05601478535252745,-0.007405247318256933,0.994091521497102,0.9974494539321536
TBCC,1.5226746507024658,0.007466483187657401,0.049985736732481474,1.3949748916817049,0.16302341122689845,0.8876522629937141
TBPL1,0.8618965016039463,-0.0003613824966618585,0.05181094721327876,0.10036268874407445,0.9200563902320262,0.9923288879877108
TBRG1,1.0506310623845938,0.0025184273805636402,0.05234074992351657,0.7324757593465565,0.463878233003033,0.9840876234748115
TBX21,3.1113824574833653,0.011174897111863442,0.05376075035139276,1.4102585688469191,0.1584633473882494,0.8876522629937141
TC2N,1.7776657305261907,-0.00012903442417690073,0.06554367444259479,0.06935363963058043,0.944708130231385,0.9941539527507073
TCEA1,1.517223253351695,0.0058202597950519136,0.06117605519355386,1.1290338743391453,0.2588835441519618,0.9266680134153575
TCF25,3.722134603316266,0.016358336155680022,0.060252321796461665,1.9241889424446301,0.054330904639770985,0.8635912611524637
TCF7,0.9304283962942389,0.001331056063352847,0.030030601491691723,0.7393357595750998,0.4597031402260736,0.9840876234748115
TCIRG1,1.1089881331676368,-0.004559485888083543,0.0502765444486817,-0.8298820966257673,0.4066054481844402,0.9689157414799924
TEC,0.08829107759553308,-0.00034477453783441557,0.0919514816130047,0.18764572270217517,0.8511543813034969,0.9923288879877108
TECR,2.0361114030091185,0.0011338877283092585,0.05332919286528414,0.2197411550213076,0.826072750856618,0.9923288879877108
TENT5C,2.0392481645397704,-0.0005989125771923748,0.04325004267569251,-0.05452525799484594,0.9565166855484503,0.9958460753871914
TERF2IP,2.6019242787928434,0.001107619317227259,0.054470855108208954,0.25028476402789035,0.8023671381349302,0.9923288879877108
TES,1.6449106792599748,0.0029769830694329875,0.05450203840076704,0.5995349864285869,0.5488161866517611,0.9923288879877108
TFDP2,1.4095501424367665,0.002624208543210406,0.05393480699867395,0.5667205926587634,0.5709040277773108,0.9923288879877108
TGFB1,8.02974338908639,0.00041555135892354795,0.04635981509664839,0.04580392983074017,0.9634665265482024,0.995936945398722
TGFBR3,2.3747781941717037,0.0030522735883401265,0.0452143757314154,0.5488612654923409,0.5831006620481685,0.9923288879877108
TGOLN2,1.3488223588817911,0.0037818117938674344,0.05261224805216112,0.8345627493335546,0.40396394312294714,0.9689157414799924
THOC2,1.0649310042476035,0.008893349866209998,0.061333119830545325,1.9750063352881038,0.04826742906761185,0.8635912611524637
THRAP3,2.101483929175524,0.011588455097105233,0.0594436332751249,1.7314725336748722,0.08336751955444618,0.8635912611524637
THUMPD1,0.8971068191583396,0.00534665757261261,0.05052289372099101,1.2924904204694652,0.19618736128806313,0.8947795580514066
TIAL1,1.2476725008806373,0.00525564107392623,0.05071217454599434,1.1768253829908597,0.23926520915551164,0.9266680134153575
TIGIT,1.4881104585022777,0.003159339091921235,0.04912788397687917,0.7172564413795559,0.4732158789009564,0.9840876234748115
TINF2,1.1248970767033628,0.005853423631834609,0.05728392749767574,1.3554733064225795,0.17526680768728709,0.8876522629937141
TIPARP,0.8205367229143541,-0.0008419640754641364,0.05777598294753168,0.11231084336181615,0.9105769444417718,0.9923288879877108
TLE1,0.9641543439618436,0.004810529543102381,0.03927991925606013,1.5248149312601644,0.12730526462692435,0.8876522629937141
TLE4,1.7289466694270204,0.0068540289172202805,0.05586843276196259,1.184766507581821,0.2361097782902879,0.9266680134153575
TLE5,7.323523460353572,0.002039006151181419,0.07579548100512637,0.24571801393817805,0.8059005265418224,0.9923288879877108
TLN1,2.7476371510645916,0.005310420061752258,0.057067476906817446,0.7782959410450762,0.43639456781814634,0.972016948080657
TM9SF2,0.653477303970269,4.3600697946907194e-05,0.07074610822702744,0.4933810880105751,0.6217433426671988,0.9923288879877108
TMA7,9.195039909628202,0.005418978913743418,0.04385368953581801,0.4905027142356751,0.6237782096292046,0.9923288879877108
TMBIM6,3.098085365455235,0.005908967680763479,0.05364729081615709,0.7080755795993261,0.47889832376472197,0.9840876234748115
TMC6,1.6932794887054177,0.0007770512558655153,0.05248537139948036,0.21915185250756014,0.8265317598976296,0.9923288879877108
TMC8,1.824482451399808,0.005864388164146602,0.05334479793555473,1.044119300500998,0.2964301973071579,0.940203466476908
TMED10,2.021149548838156,0.0014079934974637145,0.05475769609688991,0.24408811308821324,0.8071625785482123,0.9923288879877108
TMED2,2.238875105177649,0.006782182668932007,0.05166288227283753,0.9959590735752278,0.3192700308024734,0.940203466476908
TMED4,1.2716497578047636,0.006411256096174344,0.05612618057802662,1.3050519673049052,0.19187515287833212,0.8923307919762128
TMED9,2.118607612159291,0.007684661227791632,0.05516335292701516,1.1650490795690136,0.24399912682500924,0.9266680134153575
TMEM109,1.3903757881033985,0.008412729821121886,0.055589015031824285,1.4921470342077567,0.13566060396731797,0.8876522629937141
TMEM123,0.4568427781897099,0.00048220313224178345,0.1088679550838818,0.756084643221251,0.4495984486453476,0.9836814820553519
TMEM14B,0.7283332324619416,-0.005737356732121958,0.059889032782468946,-1.1287490579231725,0.25900370791391136,0.9266680134153575
TMEM179B,0.75788541479516,0.00030818152134070854,0.05635456065073866,0.3056708003445145,0.7598553077777899,0.9923288879877108
TMEM230,1.53299630158202,-0.003598849301173306,0.0576494222599035,-0.6013024940364204,0.547638528728458,0.9923288879877108
TMEM243,0.4918723298010205,-0.0008042249704346278,0.11864918399789194,0.08754574932096121,0.9302377222981877,0.9923288879877108
TMEM248,0.9626855430829525,0.002309323299971927,0.05046073898353833,0.7338061189550282,0.46306691072240347,0.9840876234748115
TMEM258,2.5707927430084023,0.0012162095463409332,0.05070718614267851,0.1846837376335714,0.8534771022400321,0.9923288879877108
TMEM259,1.255892173877684,0.007586351884557024,0.04681987709728039,1.6645581403062586,0.09600094254324937,0.8635912611524637
TMEM43,0.6598209013348064,0.005977155242882629,0.06359704726026603,1.7438737947764402,0.08118109902655377,0.8635912611524637
TMEM50A,1.7979265789420078,-0.006736534033323117,0.05450550577920842,-1.0017537691103142,0.3164625305288402,0.940203466476908
TMEM59,2.4475802110339395,-0.00917766133474565,0.05714493568002965,-1.3045980901303733,0.19202973895880693,0.8923307919762128
TMEM9B,1.2343065699832896,-0.0044394599546670735,0.04552940921523285,-0.834978062154589,0.4037300603891971,0.9689157414799924
TMIGD2,0.8653987370265713,-0.0031005863525538774,0.07800594972736101,-0.8748870775704041,0.3816353509632566,0.9569589251342743
TMSB10,39.134609909442744,-0.0035093420546881116,0.043835113156012344,-0.28942297780095183,0.7722577133116677,0.9923288879877108
TMSB4X,114.1203699275748,0.003806643722396952,0.03526603486964467,0.24602163994481394,0.8056654809835003,0.9923288879877108
TMX4,1.8671523535166477,-0.0002912099203341916,0.0546595860426855,0.016479187780062167,0.986852105580066,0.9974494539321536
TNF,0.6416149847061909,-0.00016988159252394498,0.02628464712824186,0.19269771786191486,0.847195710840703,0.9923288879877108
TNFAIP3,7.7341762382920685,-0.0006338397625336636,0.04113771799195502,-0.052939488820244705,0.9577801209654585,0.9958460753871914
TNFRSF14,1.4861469853280105,0.006814075263365867,0.07048136024122295,1.3587187447942088,0.17423572991313407,0.8876522629937141
TNFRSF18,1.3801203127746413,0.00013786727462387476,0.06272051335596306,0.06928346547110581,0.9447639867514369,0.9941539527507073
TNIK,0.9046100429982837,-0.0022001035783032973,0.053292635360394844,-0.214105646035957,0.8304646729888907,0.9923288879877108
TNIP1,1.1121442101256074,-0.00021270158075905533,0.05298463504665648,0.1277060084050911,0.8983816350111467,0.9923288879877108
TNKS2,0.8689480484916464,0.0019545163085633657,0.0547895265130402,0.8127612087418514,0.41635498010612537,0.9689157414799924
TNRC6B,2.005469219190563,0.012451186327796496,0.07646244997173667,2.1866254610873446,0.028769877083615267,0.8267286961236705
TOB1,0.6665225930768632,0.0013191148592276976,0.035013190173439,0.812538440439926,0.4164827385092049,0.9689157414799924
TOMM20,1.040030418372478,0.004187899067552818,0.05595104789601893,1.1360645933663827,0.25592953191555723,0.9266680134153575
TOMM22,1.1862410131853403,0.0028576983514027464,0.060205055279752395,0.678343863449726,0.4975536932972998,0.9840876234748115
TOMM5,1.8790579031770123,0.002473481508658495,0.0538173499140855,0.4621988827619415,0.6439387043757809,0.9923288879877108
TOMM7,4.722194095873869,0.014155396387138534,0.05384614325750514,1.6988682443514607,0.08934401154212465,0.8635912611524637
TOP1,0.7979989735811811,0.0031081345195218095,0.055533843377968496,0.8937429762655972,0.371459425542944,0.9569589251342743
TOX4,0.9529097204886998,0.004468070045475475,0.05322760573124375,1.1443916336977153,0.25246125630001204,0.9266680134153575
TP53I13,0.7014342043615241,0.000509029102264627,0.056897295130364484,0.4833061837128346,0.628878350024646,0.9923288879877108
TPI1,3.262190076484303,0.0002611083481142941,0.05790623750624794,0.03963478990660921,0.9683842908863773,0.9969301584674948
TPM3,5.285610017697607,-0.007524641048153061,0.04894327680495106,-0.7723080355181915,0.43993200729656,0.9775686290402184
TPM4,1.272510554915596,0.0010318919240898396,0.04258093725347931,0.37141844653853734,0.7103258882951993,0.9923288879877108
TPP2,0.8129777766337719,0.0004717943545287845,0.06530211497890079,0.46552690025846516,0.6415541776318818,0.9923288879877108
TPR,1.5605114707552352,-0.0007229316862154178,0.05547958388334979,-0.04163552329886482,0.9667892542869279,0.9960697658429747
TPST2,3.7453919269876814,-0.003236262801285091,0.05441748670733584,-0.41841926547184577,0.6756406032668123,0.9923288879877108
TPT1,21.950708757060205,0.0068107209362481295,0.1255614340888197,1.8815352089459012,0.059899150427509935,0.8635912611524637
TRA2A,1.7103709965996392,0.008084105426943341,0.058657985302017844,1.453818887900501,0.1459965254470123,0.8876522629937141
TRA2B,2.6640345124276763,0.0014324744954010028,0.05264237124385586,0.2191171316644835,0.8265588058904922,0.9923288879877108
TRABD,1.5879630718604374,0.001856224322299663,0.05023119056948468,0.4056547459973151,0.6849962975299095,0.9923288879877108
TRAF3IP3,2.6401018018680067,0.015221635233746658,0.05578733203840862,2.1905742160369504,0.028482618703880663,0.8267286961236705
TRAF5,0.6450890464189799,-0.0012301193817930902,0.05800482608763482,0.11184908778486677,0.9109430652573365,0.9923288879877108
TRAM1,1.6049570739171266,0.008415290929027331,0.059766149700485105,1.5337263889954946,0.12509697887721535,0.8876522629937141
TRAPPC1,2.7113483620080907,0.008428804179544324,0.05938909855589389,1.1713466372031194,0.24145947241449484,0.9266680134153575
TRAPPC10,1.3487055488159483,-0.0034953077247661044,0.06278855961264392,-0.42306213754867317,0.6722499259630889,0.9923288879877108
TRAPPC6A,0.9351010691804972,0.0011184252955166083,0.048465067551601966,0.4064928251258274,0.6843805277346382,0.9923288879877108
TRIM22,1.3056149818458618,0.008668800688611906,0.04436060846286496,1.801888285830311,0.07156298361029953,0.8635912611524637
TRIR,4.633515691792026,0.009513822052190417,0.05366236336803137,1.0249581947638284,0.3053829136979548,0.940203466476908
TRMT112,2.57896460074137,-0.0013886166470580298,0.04993791507227156,-0.20357660199325375,0.8386843791363524,0.9923288879877108
TSC22D3,13.934496012925457,0.008314266273560666,0.05387671394003558,1.2691196762312018,0.2043983835520501,0.9013156061681387
TSC22D4,2.466964827893517,-0.000228855207842229,0.05058967117658392,-0.02930277848422139,0.976623110945324,0.9974494539321536
TSEN54,2.5019847683385303,-0.006318588622639895,0.04904842245696449,-0.9007555050278239,0.3677183299029195,0.9569589251342743
TSN,0.8810745896745505,-0.0014394753942088114,0.048800250987248106,-0.19636787011752746,0.8443222425865,0.9923288879877108
TSPAN32,1.2912043178080252,-0.0008208520393106707,0.05047049478334039,-0.057156146138555325,0.9544208113302388,0.9958460753871914
TSPO,0.6555539060192332,-0.0030579053163795394,0.08886767911040552,-0.803072111091844,0.4219330561619291,0.9689157414799924
TSPOAP1-AS1,0.6437603974091842,-0.0027447779584680813,0.04804131340435558,-0.34993595294987634,0.7263867642620836,0.9923288879877108
TSPYL2,2.1934795754319683,-0.0017937330019509598,0.04894246950042297,-0.31406389104482196,0.7534725137316244,0.9923288879877108
TSTD1,1.908116240303718,0.0058900737868826485,0.07334857165043128,1.1018629771789201,0.2705212462310186,0.940203466476908
TTC19,1.1158728177905066,0.0036704809995542127,0.05655804101492626,0.8973330457162761,0.3695412280787115,0.9569589251342743
TTC3,0.8606975059009527,0.008555338024913707,0.054581516427365404,2.0143912380574642,0.04396847355228087,0.8635912611524637
TTC38,1.7554408173640301,0.0021530715714332977,0.049726510275431006,0.41653756349175136,0.6770166863089957,0.9923288879877108
TUBA1A,2.598228994872845,0.01678667334459962,0.05227033746131932,2.5339187964586745,0.01127948667794459,0.7142784776629612
TUBA1B,3.276674401196481,0.0009090494424992924,0.039205898881700424,0.18163327506963536,0.8558705334589931,0.9923288879877108
TUBA4A,2.1721320301850193,0.0004624660700521313,0.03790875854881818,0.18636399358225067,0.8521593267059071,0.9923288879877108
TUBB,1.9387795725798633,-0.00024404041947819854,0.05937509860352691,0.011232812093265548,0.9910377011280513,0.9974494539321536
TUBB4B,2.627457283400605,-0.006476378068810856,0.042486668484800136,-1.2617637624863502,0.20703380526332194,0.9013156061681387
TUFM,1.7274593390511637,0.0011232626730026207,0.05657741142278926,0.22860115664982397,0.8191789254954054,0.9923288879877108
TUT4,1.212643520557517,0.0017903714905465424,0.05080438904984423,0.5140623258910695,0.6072084161912567,0.9923288879877108
TWF2,0.7921832640878308,-0.002664261363450983,0.06990477555929177,-0.4937514603308069,0.6214817173010936,0.9923288879877108
TXK,1.9116490926166523,0.003519265789522339,0.05096733642739991,0.8026932320633288,0.4221520657086557,0.9689157414799924
TXN,1.5216888420334378,-0.00198430726569097,0.04612919940662528,-0.48049620057159764,0.6308746041738262,0.9923288879877108
TXNIP,14.479915625552714,-0.0009968829368806676,0.04055606269449711,-0.1321579646665306,0.8948593487534666,0.9923288879877108
TXNL1,0.7065016090887266,-0.001525606405508586,0.05518542284587712,-0.04498408518786514,0.9641199942927506,0.9960621255227698
TXNL4A,1.7439545675327535,0.0045983538660075325,0.049507734083433404,0.9085227004238142,0.3636021258839951,0.9569589251342743
TYROBP,10.128794710264332,0.0006590520389058535,0.08801523923378139,0.13757301473591801,0.8905778838231293,0.9923288879877108
U2AF2,0.9773228082046195,0.0034704655193577793,0.05102664484056062,0.9947802383567929,0.31984315955916653,0.940203466476908
U2SURP,1.405821535865899,-0.0014496148600724405,0.05790950816741269,-0.1423986259595253,0.886765147652598,0.9923288879877108
UBA52,12.263726737727511,0.02089486518375712,0.07157131044577723,1.8244111724161907,0.06808993420386493,0.8635912611524637
UBALD2,1.0309354965196544,-0.0062907529417353305,0.03613730994941781,-1.5008376373273842,0.1333975612719964,0.8876522629937141
UBB,13.148594144398034,-0.020677969515025853,0.05005646496579638,-1.45274414454893,0.14629480534107292,0.8876522629937141
UBC,15.51587743540448,0.003047266953690929,0.04174273725578256,0.26158746256245885,0.7936395109602431,0.9923288879877108
UBE2B,1.2205692058975168,-0.004982706788060976,0.05657158170825087,-0.769313894196177,0.44170699094476895,0.9803484935440839
UBE2D2,2.72294860893468,0.021156702494714658,0.06285510660322148,2.508483446734103,0.012125064907544454,0.7142784776629612
UBE2D3,3.1723574883357446,0.0050322827414183155,0.052360362832542785,0.6384767058800411,0.5231634127712206,0.9840876234748115
UBE2F,1.6338095815560105,-0.0071947459294316495,0.05771636788961071,-1.2833440081335536,0.19937158101714825,0.8947795580514066
UBE2G1,0.7565094515694456,0.001577973200571217,0.054929377113702195,0.6660379324697545,0.5053868550361729,0.9840876234748115
UBE2G2,0.5474295259915667,0.00704154125539223,0.05606419022630528,2.0139612829588986,0.04401359855369538,0.8635912611524637
UBE2I,2.5345278973602574,-0.0005972830943910799,0.05253134664380725,-0.08333822094749375,0.9335826100609931,0.9923288879877108
UBE2J1,0.5934501307134795,-0.0018511589675020113,0.0574163673930562,-0.05272714622683014,0.9579493095440996,0.9958460753871914
UBE2L3,2.1367963385006514,-0.0023815889629538733,0.06287580891428816,-0.41678756328198235,0.6768337999669589,0.9923288879877108
UBE2L6,1.5144635011421348,0.0010136875729949027,0.05462509541802182,0.21968201186169423,0.8261188149147688,0.9923288879877108
UBE2S,1.7783015933410014,-0.004758344829213629,0.046477087898051085,-0.7807711103457936,0.43493712838019094,0.972016948080657
UBE2V1,2.149393874795993,-0.0012136333192827257,0.05736793242741343,-0.1842127440363669,0.8538465622701065,0.9923288879877108
UBE3A,1.1301037664577025,-0.0005264320745714441,0.05770936106244291,0.10431760925054671,0.9169173039928921,0.9923288879877108
UBL5,3.8646427351516004,0.004750476493655902,0.05298922436927083,0.5744115406449556,0.5656893452071238,0.9923288879877108
UBN1,1.0228387407563961,0.005926884315822268,0.05110891643114891,1.3947157256463405,0.16310158082899107,0.8876522629937141
UBXN1,2.130901641205522,-0.001382283365998268,0.060914511187840754,-0.19136109456081124,0.8482426988069796,0.9923288879877108
UBXN4,1.8322597140203833,0.006884870094631769,0.06757838504719678,1.3463941114111937,0.1781754490067058,0.8876522629937141
UCHL5,0.6307696065456841,0.005667458485911842,0.052754506129950335,1.6064591974602471,0.10817305310316344,0.8848340449778592
UCP2,3.8698589203889595,-0.003142756942674762,0.06508129868537983,-0.45558827748024733,0.6486860743320931,0.9923288879877108
UFC1,2.492627752370401,-0.0006480266254911099,0.05747690476601172,-0.09820555377113419,0.9217690725128478,0.9923288879877108
UFM1,0.9535100651817042,-0.003346086329051752,0.048241139086881095,-0.4225234198312425,0.6726430100257703,0.9923288879877108
UHMK1,1.2925240210353008,0.006586268704744035,0.0525005339316773,1.3965314533106985,0.16255451575579083,0.8876522629937141
UPF3A,1.3312959529499784,0.007640633984058914,0.05200303653582629,1.479799985442094,0.1389266325742647,0.8876522629937141
UQCR10,2.322039057729743,0.001369098837153416,0.05549643303429459,0.2209348037056656,0.8251431975133267,0.9923288879877108
UQCR11,4.224317017776592,0.0014584127629035388,0.04336520131479855,0.19376067573656222,0.8463632796292114,0.9923288879877108
UQCRB,3.686595595094988,0.003849883964574147,0.0508284390452728,0.5000943223387677,0.6170086637681192,0.9923288879877108
UQCRC2,0.9791213572989375,-0.005499775303943162,0.05881021292579759,-1.0054629603955945,0.3146739762160369,0.940203466476908
UQCRFS1,1.3190897746191361,-0.009485231002175595,0.06354575714860354,-1.566263319762378,0.11728698439303145,0.8848340449778592
UQCRH,2.5260528721913733,0.006573946013006114,0.058938989059485074,0.972381624824991,0.33086072990733595,0.9465449933587547
UQCRQ,2.318054951607164,0.000932458812169216,0.05607150928837304,0.15612645572350858,0.8759333454116247,0.9923288879877108
USP11,0.9980546254480567,0.009867828671692506,0.061316757327504655,2.2425540624352625,0.0249255853688213,0.8267286961236705
USP15,1.2768535734286095,0.0043837217572978175,0.045572310965353316,1.0387531571646733,0.29891955196438225,0.940203466476908
USP34,1.1210172210106197,0.0007095204773011855,0.06362998368748626,0.35038416790671056,0.726050406440751,0.9923288879877108
USP47,1.0174646665652503,0.0012966408160590653,0.05863951650774267,0.4066415844868495,0.684271250272261,0.9923288879877108
UTRN,2.694329684006294,0.002171166291322148,0.05838267443701384,0.3678103161397678,0.7130146762742926,0.9923288879877108
UXT,1.796038103251576,0.0071913817706785186,0.06179716934934793,1.3937555073793522,0.16339144801143768,0.8876522629937141
VAMP2,4.428059839594814,0.02381213307175823,0.06661241322567661,2.2954933259174934,0.021704868458001802,0.8267286961236705
VAMP8,2.502606815262599,-0.0038521476022562924,0.056394639157888386,-0.5897768450176789,0.5553402683461983,0.9923288879877108
VAPA,1.4188726650269874,0.0005024009927414845,0.04831146017107617,0.16261062992032596,0.8708250169323561,0.9923288879877108
VASP,1.3124337267110957,0.002836037285655633,0.05466105098924241,0.6595250647747132,0.5095586561496646,0.9840876234748115
VAV3,0.9777661389851305,-0.0034711825296558116,0.06339999743033432,-0.6538597428249281,0.5132021721674694,0.9840876234748115
VCP,2.0118387367317383,0.0017296520102131716,0.052298624386253684,0.3553219695446946,0.7223483985950099,0.9923288879877108
VDAC1,1.0159657950105454,-0.011248071197554528,0.06673559877073307,-2.4054167631805643,0.016154031482526473,0.7798237476736338
VDAC2,1.0970172647144325,-0.0087721476571031,0.05510166127364803,-1.5537603991277802,0.12024157988505307,0.8848340449778592
VDAC3,0.8926705856727304,0.000533495987691503,0.047041970381234026,0.32931181774051344,0.7419200125735994,0.9923288879877108
VIM,1.1338736023613714,-0.001125026545829506,0.0601900463406385,-0.6020169102747205,0.5471628811519726,0.9923288879877108
VPS13C,1.3323394169957523,-0.0019231989518257503,0.06203711400277498,-0.10515135854452233,0.916255706924194,0.9923288879877108
VPS28,1.6969232760549335,-0.001212183638713505,0.049199450038050194,-0.17382972795134816,0.8619992805293422,0.9923288879877108
VPS29,0.8921915966494485,-0.0053709503757117544,0.045681879081813107,-1.0078495999734796,0.313526670245843,0.940203466476908
VPS36,0.816721417196648,0.0018805855125245078,0.05868261417947991,0.6307712371836969,0.5281901126157085,0.9840876234748115
VPS37B,1.4504046370111923,7.159421508712086e-05,0.048497740792625116,0.12732291987631061,0.8986848204962188,0.9923288879877108
VPS51,1.146763668738466,0.0015138356990511493,0.05908022703391206,0.5009994330260936,0.616371521943087,0.9923288879877108
WAC,1.14217655273934,0.003383573094893365,0.05286900547833617,0.8992439383446474,0.36852274128712315,0.9569589251342743
WARS2,0.2789626751263057,-0.0021874922191422964,0.051636865092413345,0.05633080893465935,0.9550782758122016,0.9958460753871914
WAS,1.8098544917888533,0.0026059619836480423,0.06576653644152991,0.501821994154582,0.6157927404181629,0.9923288879877108
WASF2,1.3946955743616407,0.0009569195701532411,0.07594726773120906,0.29425202270251777,0.7685653308608255,0.9923288879877108
WASHC1,0.2459225568575213,-2.2765105245158806e-05,0.040077935321683036,0.544297615425788,0.5862366876082095,0.9923288879877108
WBP1,0.8586118698221927,-0.0011820163527696621,0.057893640442118,-0.12558749743819395,0.9000584601901515,0.9923288879877108
WBP11,0.8679091734165052,-0.004552551285384839,0.053403929477947774,-0.6707720214962224,0.5023657736542366,0.9840876234748115
WDR1,1.946369802409318,0.0035704140015744615,0.056038890259631574,0.6272261174540525,0.530511025508337,0.9840876234748115
WDR33,1.0768690163763417,-0.0013392565543692582,0.04571361055269618,-0.10640173309993074,0.9152636180701758,0.9923288879877108
WDR74,0.4905207136151848,0.004912296948490347,0.05932748227367857,1.7096185917791968,0.08733642539838983,0.8635912611524637
WDR83OS,2.5118488155918106,-0.005444231632842729,0.05388550189037976,-0.7426532838370303,0.457691619933806,0.9840876234748115
WHAMM,1.2807247621156523,-0.0024719129332240854,0.05260531427025177,-0.36696296486792884,0.7136466434673403,0.9923288879877108
WIPF1,4.308250519291782,0.01282137992381073,0.05631152619387404,1.3101832169800407,0.19013386191097303,0.8923307919762128
WSB1,1.5501963137840395,-0.0020756299297974945,0.05202621505563235,-0.2790421604741691,0.7802124698665795,0.9923288879877108
WTAP,1.5832449637783557,0.0022038042049888798,0.04857732210211814,0.44255386017621506,0.6580884644751617,0.9923288879877108
XAF1,0.8432944575737024,0.004033073563354678,0.057694410774180006,1.2514202979143145,0.21078117556562947,0.9031353555616162
XBP1,3.0508804982600406,0.004244860558341324,0.06450059024998273,0.6570815937192138,0.5111284533855337,0.9840876234748115
XCL1,4.2404393489823775,-0.0010788975912996825,0.11273664245606449,-0.24372154271465887,0.80744648772234,0.9923288879877108
XCL2,5.70338861460633,0.00311500141313357,0.07079963289504504,0.49571987589032607,0.6200920619474106,0.9923288879877108
XPA,0.7438288760877566,-0.006463699705107245,0.05771602088567802,-1.0986795977653805,0.2719078447292097,0.940203466476908
XRCC5,1.6987034639558825,-0.002144805721874752,0.053380882220305154,-0.24743889580452333,0.8045685753393248,0.9923288879877108
XRCC6,1.8025177609130698,0.0029908298382581937,0.048689174170655644,0.6044756094433947,0.545527480405849,0.9923288879877108
XRN1,0.8991023516560267,-0.004280080359609464,0.05208435851212634,-0.5402072999424438,0.5890540789301135,0.9923288879877108
XRN2,0.9533180258761313,0.005077851195630188,0.04731740923466695,1.2479872586826015,0.2120357232524407,0.9057507721582568
YBX1,4.799222899540162,0.00485392470322724,0.06995924044678983,0.6272868419843813,0.5304712269359468,0.9840876234748115
YME1L1,1.2055896002943471,0.001790171447906399,0.05101795351537882,0.6039611676170741,0.5458694600414763,0.9923288879877108
YPEL3,3.715416370659118,0.007993161457129931,0.059151448641240466,1.055163490589011,0.29135055858883485,0.940203466476908
YPEL5,2.261070814327095,0.00044697635124571976,0.038948191754350985,0.22313086155013465,0.8234336597312998,0.9923288879877108
YTHDC1,1.083505847266781,0.0015087483926590935,0.05391877955219255,0.5268903611746227,0.5982697277785647,0.9923288879877108
YTHDF2,0.8732942869030658,0.003641840772463979,0.06321845588922563,0.9470368681605169,0.34361999250042286,0.9542074254071121
YWHAB,4.072711877802076,0.003135615279773484,0.05204103541399459,0.3871732361036592,0.6986279624974694,0.9923288879877108
YWHAQ,3.9199275344245863,0.00016198360192792247,0.04912830153071083,-0.01584105924593054,0.9873611919984255,0.9974494539321536
YWHAZ,7.280886479515816,0.01728915213136909,0.05171575342539029,1.371419881277021,0.17024410333142748,0.8876522629937141
YY1,1.4447610157074953,0.0030249846440349028,0.0527538528133332,0.642658638127841,0.5204456252270856,0.9840876234748115
ZAP70,4.3856243002817346,0.012094161985774834,0.05359217866039547,1.274162258945428,0.2026059175616497,0.9000998912814874
ZBTB1,1.6888338453185037,-0.007952097211984888,0.05357437987824356,-1.3817133842172802,0.1670597231491614,0.8876522629937141
ZBTB16,1.5912484154651059,0.0012119187980547347,0.05878033303432345,0.34736524345732267,0.7283169412718304,0.9923288879877108
ZBTB20,0.8431645592705567,0.0006867864336813302,0.07219364188628588,0.4733699767534096,0.6359492457778289,0.9923288879877108
ZBTB38,1.4853657392708157,0.013513940871131856,0.052232894707715104,2.4810124180224675,0.013100980886429452,0.7142784776629612
ZBTB7A,1.9201806954470697,0.005641542764654434,0.039974947793601015,1.164535211615356,0.24420718227132743,0.9266680134153575
ZC3H12A,0.8803409663564213,-0.0017943295842513213,0.09040225649776344,-0.12144849076389139,0.9033358110202789,0.9923288879877108
ZC3H13,0.7587587873954278,0.002735623750535237,0.05510087336710964,0.911815890955163,0.3618656436579687,0.9569589251342743
ZC3H15,1.5682129484053426,-0.0013455141961157364,0.0507941619667368,-0.1526643145461321,0.8786630036867411,0.9923288879877108
ZC3HAV1,1.3980816202751476,0.007358759567200334,0.06138222718566906,1.4767375628005601,0.13974599902524668,0.8876522629937141
ZEB2,3.2800652117499602,0.0004158043033318806,0.05084847792994142,0.07706935386264761,0.9385683725419963,0.9927231846073352
ZFAND2B,0.8969984514129937,-0.00022460248428041838,0.048900311354616,0.1653183645666284,0.8686934048634252,0.9923288879877108
ZFAND3,0.665121525651178,0.0005881047134036569,0.04918437814852845,0.5598399284063101,0.5755886260771574,0.9923288879877108
ZFAND5,0.39151212373546557,-0.0011101476957951233,0.03727482968719059,-0.08237132359703637,0.934351438992719,0.9923288879877108
ZFAS1,1.483711884933339,0.0013737401747839707,0.11393632778793406,0.4475034527385409,0.6545115954679022,0.9923288879877108
ZFP36,18.558990769347417,-0.003556782261796533,0.04858599765543193,-0.6845225467715697,0.4936452569499318,0.9840876234748115
ZFP36L1,2.413598273862575,0.008465125010043983,0.06566497078535394,1.4660615435135274,0.14263152124503978,0.8876522629937141
ZFP36L2,16.16810544942725,-0.0026459187481341416,0.041124334313247725,-0.3762524331933506,0.706729238271294,0.9923288879877108
ZFR,0.7538499027518216,0.002864362045422776,0.061695393553925726,1.0171861104405315,0.30906490221898153,0.940203466476908
ZMAT2,0.9426003505321287,0.005382458766083353,0.05252352689621074,1.2509827971848668,0.21094075381102417,0.9031353555616162
ZMAT4,0.4030990454532107,0.00043700887424584023,0.13143651640929332,0.41560924766972784,0.6776959586093343,0.9923288879877108
ZNF207,1.638962516399544,0.0017995743878961006,0.05801656902678002,0.3528088009740371,0.7242317853177036,0.9923288879877108
ZNF22,0.8656247019751537,0.0014570496387433568,0.05845070433426744,0.5967373102036575,0.5506827783841145,0.9923288879877108
ZNF24,0.6202577076103478,0.005695737947674826,0.055071081010040365,1.7204335252857634,0.0853536673512096,0.8635912611524637
ZNF292,1.2885808034768635,0.005254200458346158,0.053102155441200664,1.1369242009833413,0.2555699741221692,0.9266680134153575
ZNF331,0.7322911746229916,0.002611436516465535,0.03712678750284182,1.1240016737016503,0.2610123159112204,0.9266680134153575
ZNF394,1.0688632047444202,-0.0029594453228112693,0.050595384548301786,-0.4807990299755274,0.6306593397387433,0.9923288879877108
ZNF428,1.5567112819307187,-0.0011233460354493601,0.05010461038108444,-0.15023950544128636,0.8805756587630951,0.9923288879877108
ZNF600,1.135773825910052,0.0034905160694831076,0.05730688342337537,0.9896168709371813,0.3223614206285854,0.940203466476908
ZNF638,0.7342582278005105,0.0012565629961025211,0.04521966016028517,0.6851391099666917,0.4932561427666502,0.9840876234748115
ZNF683,0.9082897098412486,0.0010266498012249461,0.028839346615669646,0.4932589082312738,0.6218296590915999,0.9923288879877108
ZNF800,1.271749362281369,-0.002718746910557283,0.05190866327843224,-0.23979405347086138,0.8104899171420741,0.9923288879877108
ZRANB2,1.2817822163390005,0.0073712024617565595,0.05502466737820406,1.6170615613126558,0.10586499308715067,0.8848340449778592
ZYX,0.7116941535041891,-0.0029382027188239518,0.053190939999527564,-0.4887686634591712,0.6250054857270206,0.9923288879877108
