Name,Term,ES,NES,NOM p-val,FDR q-val,FWER p-val,Tag %,Gene %,Lead_genes
prerank,Reactome_2022__RMTs Methylate Histone Arginines R-HSA-3214858,-0.7175791847622366,-2.0015167135950853,1.000000e-03,8.397568e-01,2.500000e-01,5/9,11.59%,RBBP7;H2AX;H2AZ1;SMARCE1;SMARCA2
prerank,Reactome_2022__RUNX1 Interacts With Co-Factors Whose Precise Effect On RUNX1 Targets Is Not Known R-HSA-8939243,-0.7804474665524197,-1.9521441878130996,1.123596e-02,6.464315e-01,3.360000e-01,4/6,11.59%,CSNK2B;CBX4;SMARCE1;SMARCA2
prerank,Reactome_2022__ERCC6 (CSB) And EHMT2 (G9a) Positively Regulate rRNA Expression R-HSA-427389,-0.6614765677688853,-1.9063629077505229,4.237288e-03,6.162244e-01,4.230000e-01,4/9,6.94%,CHD4;RBBP7;H2AX;H2AZ1
prerank,Reactome_2022__Amino Acids Regulate mTORC1 R-HSA-9639288,-0.7324839063348727,-1.8952732408228725,1.000000e-03,5.064720e-01,4.480000e-01,4/7,9.03%,LAMTOR5;ATP6V0C;LAMTOR1;TCIRG1
prerank,Reactome_2022__EPHB-mediated Forward Signaling R-HSA-3928662,-0.5535566102134657,-1.8752581669689359,5.813953e-03,4.696194e-01,5.050000e-01,9/13,16.19%,ARPC3;CDC42;PKN1;ACTG1;ARPC1B;ROCK1;ARPC2;LYN;RHOA
prerank,Reactome_2022__Transcriptional Regulation By Small RNAs R-HSA-5578749,-0.5348840763803004,-1.8595199845096049,2.027027e-02,4.457222e-01,5.430000e-01,9/15,20.57%,POLR2J;POLR2K;H2AX;H2AZ1;RAN;POLR2G;POLR2E;H2AZ2;H3-3B
prerank,Reactome_2022__Activation Of HOX Genes During Differentiation R-HSA-5619507,-0.4876285157597166,-1.807829918227824,1.000000e-03,5.425766e-01,6.550000e-01,6/18,6.94%,CREBBP;POLR2J;POLR2K;RBBP7;H2AX;H2AZ1
prerank,Reactome_2022__Sphingolipid Metabolism R-HSA-428157,-0.7804332619302727,-1.7363565282362179,2.580645e-02,7.388148e-01,7.780000e-01,3/5,5.88%,ESYT2;SPTSSB;GLTP
prerank,Reactome_2022__RNA Polymerase I Promoter Clearance R-HSA-73854,-0.49257029299322896,-1.6920620247443163,6.493506e-03,7.656487e-01,8.510000e-01,5/16,6.94%,CHD4;POLR2K;RBBP7;H2AX;H2AZ1
prerank,Reactome_2022__RNA Polymerase I Transcription R-HSA-73864,-0.49257029299322896,-1.6920620247443163,6.493506e-03,7.656487e-01,8.510000e-01,5/16,6.94%,CHD4;POLR2K;RBBP7;H2AX;H2AZ1
prerank,Reactome_2022__EPH-Ephrin Signaling R-HSA-2682334,-0.4309126078113368,-1.6667460131132943,1.000000e-03,7.908762e-01,8.780000e-01,12/20,16.19%,ARPC3;CDC42;PKN1;AP2M1;ACTG1;ARPC1B;ROCK1;MYL6;VAV3;ARPC2;LYN;RHOA
prerank,Reactome_2022__CDC42 GTPase Cycle R-HSA-9013148,0.5331296181354734,1.6361841781675028,6.659267e-03,1.000000e+00,8.430000e-01,15/34,20.30%,CDC42SE2;TAGAP;ARHGAP45;KTN1;FNBP1;LBR;STOM;DEF6;ARHGAP30;IQGAP2;FMNL1;WIPF1;ARFGAP3;GNA13;DOCK10
prerank,Reactome_2022__Translocation Of SLC2A4 (GLUT4) To Plasma Membrane R-HSA-1445148,0.6755370373192241,1.6123444795284239,1.608911e-02,1.000000e+00,9.020000e-01,6/10,17.63%,RAB14;VAMP2;LNPEP;MYH9;YWHAZ;KIFAP3
prerank,Reactome_2022__Diseases Of Mitotic Cell Cycle R-HSA-9675126,0.7138825185900094,1.6086743319279546,5.069708e-03,1.000000e+00,9.100000e-01,5/9,16.77%,ATRX;CDKN1B;CCND2;CCND3;ANAPC16
prerank,Reactome_2022__Resolution Of Sister Chromatid Cohesion R-HSA-2500257,0.6201934345072738,1.6067485016324272,1.309524e-02,1.000000e+00,9.180000e-01,6/15,9.56%,KIF2A;DYNC1H1;PPP2R1A;BUB3;PPP1CC;PPP2R5C
prerank,Reactome_2022__Unattached Kinetochores Signal Amplification Via A MAD2 Inhibitory Signal R-HSA-141444,0.6401852146981982,1.5963499114864403,8.557457e-03,9.839630e-01,9.410000e-01,6/13,9.56%,KIF2A;DYNC1H1;PPP2R1A;BUB3;PPP1CC;PPP2R5C
prerank,Reactome_2022__MicroRNA (miRNA) Biogenesis R-HSA-203927,-0.5855952710806878,-1.5952454820706599,6.113537e-02,1.000000e+00,9.440000e-01,5/8,17.74%,POLR2J;POLR2K;RAN;POLR2G;POLR2E
prerank,Reactome_2022__Intrinsic Pathway For Apoptosis R-HSA-109606,0.6124111960529018,1.5772961227499482,1.652893e-02,1.000000e+00,9.680000e-01,6/14,17.52%,CYCS;PPP3CC;MAPK1;GZMB;YWHAZ;CASP8
prerank,Reactome_2022__Mitotic Prometaphase R-HSA-68877,0.5181930850103912,1.5658248179348333,1.320132e-02,9.818909e-01,9.760000e-01,10/31,9.56%,KIF2A;TUBA1A;DYNC1H1;SSNA1;PPP2R1A;AKAP9;BUB3;CEP78;PPP1CC;PPP2R5C
prerank,Reactome_2022__Regulation Of PTEN Gene Transcription R-HSA-8943724,-0.4630615486347337,-1.5547814605333092,3.517588e-02,1.000000e+00,9.650000e-01,6/13,8.87%,CHD4;LAMTOR5;RBBP7;CBX4;LAMTOR1;MAF1
prerank,Reactome_2022__CTLA4 Inhibitory Signaling R-HSA-389513,0.7620010645454129,1.5485331948659569,1.740295e-02,1.000000e+00,9.880000e-01,4/6,14.00%,FYN;PPP2R1A;PPP2R5C;LCK
prerank,Reactome_2022__Transcriptional Regulation By MECP2 R-HSA-8986944,0.6483475508604923,1.5420358014113782,2.015113e-02,9.793534e-01,9.910000e-01,7/10,29.49%,PTPN4;TNRC6B;SLC2A3;LBR;PTPN1;GPS2;CALM1
prerank,Reactome_2022__Loss Of Nlp From Mitotic Centrosomes R-HSA-380259,0.5741184062760802,1.540100059849839,2.533172e-02,8.160347e-01,9.910000e-01,6/17,8.87%,TUBA1A;DYNC1H1;SSNA1;PPP2R1A;AKAP9;CEP78
prerank,Reactome_2022__AURKA Activation By TPX2 R-HSA-8854518,0.5741184062760802,1.540100059849839,2.533172e-02,8.160347e-01,9.910000e-01,6/17,8.87%,TUBA1A;DYNC1H1;SSNA1;PPP2R1A;AKAP9;CEP78
prerank,Reactome_2022__Mitotic Spindle Checkpoint R-HSA-69618,0.5831969339669777,1.539961179107052,1.877934e-02,7.492665e-01,9.910000e-01,8/17,20.14%,KIF2A;DYNC1H1;PPP2R1A;BUB3;PPP1CC;PPP2R5C;ANAPC16;NUDC
prerank,Reactome_2022__Recruitment Of NuMA To Mitotic Centrosomes R-HSA-380320,0.5540267389373248,1.5286500056369385,3.069658e-02,7.799889e-01,9.950000e-01,6/19,8.87%,TUBA1A;DYNC1H1;SSNA1;PPP2R1A;AKAP9;CEP78
prerank,Reactome_2022__Anchoring Of Basal Body To Plasma Membrane R-HSA-5620912,0.5520210758506434,1.5259753528080724,2.744630e-02,7.448290e-01,9.950000e-01,6/19,8.87%,TUBA1A;DYNC1H1;SSNA1;PPP2R1A;AKAP9;CEP78
prerank,Reactome_2022__Formation Of Senescence-Associated Heterochromatin Foci (SAHF) R-HSA-2559584,0.7809319764327798,1.5246351728747767,2.384292e-02,7.034397e-01,9.950000e-01,5/5,22.12%,H1-4;H1-3;CABIN1;UBN1;H1-2
prerank,custom_senescence_signatures.gmt__REACTOME_SASP,0.7809319764327798,1.5246351728747767,2.384292e-02,6.575857e-02,6.700000e-02,5/5,22.12%,H1-4;H1-3;CABIN1;UBN1;H1-2
prerank,Reactome_2022__EML4 And NUDC In Mitotic Spindle Formation R-HSA-9648025,0.5956578532046989,1.5218849874634222,2.383790e-02,6.795548e-01,9.960000e-01,6/14,9.56%,KIF2A;DYNC1H1;PPP2R1A;BUB3;PPP1CC;PPP2R5C
prerank,Reactome_2022__DNA Damage/Telomere Stress Induced Senescence R-HSA-2559586,0.609977862401235,1.516518569567964,3.610108e-02,6.726541e-01,9.970000e-01,8/12,22.12%,CDKN1B;H1-4;H1-3;CABIN1;UBN1;ATM;TINF2;H1-2
prerank,Reactome_2022__Cytosolic Sensors Of Pathogen-Associated DNA R-HSA-1834949,-0.3747314056325193,-1.5079855508805176,3.100775e-02,1.000000e+00,9.830000e-01,4/23,3.04%,CREBBP;NFKBIA;UBB;POLR2K
prerank,Reactome_2022__Amyloid Fiber Formation R-HSA-977225,-0.44860141084469957,-1.5021884183999692,2.209945e-02,1.000000e+00,9.840000e-01,4/13,7.48%,UBB;H2AX;H2AZ1;FURIN
prerank,Reactome_2022__Estrogen-dependent Gene Expression R-HSA-9018519,-0.34484513323546484,-1.5009828763407589,4.255319e-02,1.000000e+00,9.840000e-01,15/32,20.57%,CREBBP;POLR2J;POLR2K;GTF2A2;H2AX;H2AZ1;FOS;HSP90AA1;CCNT1;POLR2G;JUND;POLR2E;CTSD;H2AZ2;H3-3B
prerank,Reactome_2022__SUMOylation Of Transcription Factors R-HSA-3232118,0.7814499608336164,1.4991523960647848,1.685393e-02,7.529922e-01,9.990000e-01,1/5,5.77%,PIAS1
prerank,Reactome_2022__mRNA Splicing - Minor Pathway R-HSA-72165,-0.36915721139695096,-1.4962514002208929,5.208333e-02,1.000000e+00,9.850000e-01,6/25,5.56%,SNRPF;POLR2J;POLR2K;SF3B5;SNRPE;SF3B6
prerank,Reactome_2022__Macroautophagy R-HSA-1632852,-0.35520762726196686,-1.4961252154527138,4.081633e-02,1.000000e+00,9.850000e-01,11/28,13.46%,VDAC1;CSNK2B;UBB;LAMTOR5;GABARAPL2;DYNLL1;LAMTOR1;MAP1LC3B;PARK7;HSP90AA1;PRKAG1
prerank,Reactome_2022__PIWI-interacting RNA (piRNA) Biogenesis R-HSA-5601884,-0.5111212339863148,-1.4940445416572976,5.882353e-02,1.000000e+00,9.850000e-01,5/9,17.74%,POLR2J;POLR2K;HSP90AA1;POLR2G;POLR2E
prerank,Reactome_2022__Diseases Associated With TLR Signaling Cascade R-HSA-5602358,-0.6505680558756994,-1.486995021876925,8.695652e-02,1.000000e+00,9.850000e-01,2/5,4.91%,NFKBIA;HMGB1
prerank,Reactome_2022__Centrosome Maturation R-HSA-380287,0.532803141895132,1.4798380696905384,4.200700e-02,8.572153e-01,1.000000e+00,6/20,8.87%,TUBA1A;DYNC1H1;SSNA1;PPP2R1A;AKAP9;CEP78
prerank,Reactome_2022__Aberrant Regulation Of Mitotic Cell Cycle Due To RB1 Defects R-HSA-9687139,0.6685740322709154,1.4786297818246625,3.041825e-02,8.242581e-01,1.000000e+00,4/8,16.77%,CDKN1B;CCND2;CCND3;ANAPC16
prerank,Reactome_2022__DARPP-32 Events R-HSA-180024,0.6442202559704716,1.477778946207598,4.896907e-02,7.911719e-01,1.000000e+00,3/9,7.75%,PPP3CC;PPP2R1A;PPP1CA
prerank,Reactome_2022__Oxidative Stress Induced Senescence R-HSA-2559580,-0.38331201600860687,-1.4750321651757103,2.739726e-02,1.000000e+00,9.890000e-01,7/19,7.96%,UBB;CDKN2D;RBBP7;CBX4;H2AX;H2AZ1;FOS
prerank,Reactome_2022__Reproduction R-HSA-1474165,0.5537290466170193,1.474611726328301,4.425837e-02,7.781785e-01,1.000000e+00,5/16,16.83%,SYNE1;SYNE2;SUN2;ATM;TINF2
prerank,Reactome_2022__Meiosis R-HSA-1500620,0.560171321996701,1.4696120435263993,4.665072e-02,7.784528e-01,1.000000e+00,5/15,16.83%,SYNE1;SYNE2;SUN2;ATM;TINF2
prerank,Reactome_2022__VEGFR2 Mediated Vascular Permeability R-HSA-5218920,-0.6557723524211198,-1.4658429006795362,8.737864e-02,1.000000e+00,9.930000e-01,4/5,12.93%,PKN1;RICTOR;HSP90AA1;VAV3
prerank,Reactome_2022__TRAF6 Mediated NF-kB Activation R-HSA-933542,-0.5506513113032632,-1.4521745021309622,9.128631e-02,1.000000e+00,9.940000e-01,2/7,4.91%,NFKBIA;HMGB1
prerank,Reactome_2022__Cholesterol Biosynthesis R-HSA-191273,0.7203313527742832,1.451645896287295,4.660453e-02,8.742634e-01,1.000000e+00,3/6,9.46%,LBR;IDI1;HMGCS1
prerank,Reactome_2022__Regulation Of PLK1 Activity At G2/M Transition R-HSA-2565942,0.5070449295553241,1.4466062948368337,4.806565e-02,8.774099e-01,1.000000e+00,7/23,8.87%,TUBA1A;DYNC1H1;SSNA1;PPP2R1A;UBA52;AKAP9;CEP78
prerank,Reactome_2022__Cellular Response To Starvation R-HSA-9711097,-0.4362738344162946,-1.4465256547211989,8.743169e-02,1.000000e+00,9.950000e-01,6/13,11.27%,RSL24D1;LAMTOR5;ATP6V0C;LAMTOR1;TCIRG1;ATF4
prerank,Reactome_2022__Sensory Processing Of Sound By Inner Hair Cells Of Cochlea R-HSA-9662360,0.6080042830585284,1.446365286871118,5.933251e-02,8.455529e-01,1.000000e+00,4/11,7.96%,VAMP2;RIPOR2;SPTAN1;MYH9
prerank,Reactome_2022__NCAM Signaling For Neurite Out-Growth R-HSA-375165,0.658819454015334,1.4447592892647039,4.930468e-02,8.260488e-01,1.000000e+00,5/8,28.21%,FYN;SPTAN1;MAPK1;COL6A2;GRB2
prerank,Reactome_2022__Complex I Biogenesis R-HSA-6799198,-0.3619838051161034,-1.4442934490257078,5.785124e-02,9.782260e-01,9.950000e-01,9/22,23.13%,NDUFA6;NDUFS8;NDUFS6;NDUFB8;NDUFB11;NDUFA13;NDUFB9;NDUFS5;NDUFA12
prerank,Reactome_2022__Oncogene Induced Senescence R-HSA-2559585,0.6340970487623859,1.4352311125926789,5.263158e-02,8.627194e-01,1.000000e+00,4/9,7.37%,ETS1;TNRC6B;UBA52;MAPK1
prerank,Reactome_2022__RAB GEFs Exchange GTP For GDP On RABs R-HSA-8876198,0.5284889899544225,1.4315211521330469,5.503513e-02,8.590537e-01,1.000000e+00,8/18,21.85%,RAB14;DENND4C;HPS1;RAB27A;GDI2;DENND2D;RAB9A;TRAPPC1
prerank,Reactome_2022__Gene Silencing By RNA R-HSA-211000,-0.3890570041042367,-1.4302336102717659,6.818182e-02,1.000000e+00,9.960000e-01,10/19,20.57%,POLR2J;POLR2K;H2AX;H2AZ1;RAN;HSP90AA1;POLR2G;POLR2E;H2AZ2;H3-3B
prerank,Reactome_2022__RNA Polymerase I Transcription Initiation R-HSA-73762,-0.46649687910559845,-1.428471990616215,9.189189e-02,9.699082e-01,9.970000e-01,3/11,3.95%,CHD4;POLR2K;RBBP7
prerank,Reactome_2022__Carboxyterminal Post-Translational Modifications Of Tubulin R-HSA-8955332,0.7255180539192554,1.4241914415729553,5.413105e-02,8.846933e-01,1.000000e+00,2/5,3.74%,TUBA1A;AGTPBP1
prerank,Reactome_2022__Transcriptional Regulation By VENTX R-HSA-8853884,0.6439741092389732,1.4231570474868747,5.958549e-02,8.628209e-01,1.000000e+00,3/8,18.70%,TNRC6B;ANAPC16;EHMT1
prerank,Reactome_2022__Cilium Assembly R-HSA-5617833,0.4824785420423268,1.4216956538463283,5.396096e-02,8.449961e-01,1.000000e+00,10/27,19.34%,TUBA1A;DYNC1H1;SSNA1;PPP2R1A;CCT2;AKAP9;CEP78;CCT3;KIFAP3;ARF4
prerank,Reactome_2022__RHOA GTPase Cycle R-HSA-8980692,0.47070022473273404,1.4214580938555692,5.292172e-02,8.209026e-01,1.000000e+00,9/33,11.16%,TAGAP;ARHGEF3;ARHGAP45;KTN1;LBR;STOM;DEF6;ARHGEF1;ARHGAP30
prerank,Reactome_2022__Sensory Processing Of Sound R-HSA-9659379,0.5825024365245615,1.4202165883344824,6.364749e-02,8.052216e-01,1.000000e+00,4/12,7.96%,VAMP2;RIPOR2;SPTAN1;MYH9
prerank,Reactome_2022__SLC-mediated Transmembrane Transport R-HSA-425407,0.5485924467627421,1.4165228285638578,6.879607e-02,8.062779e-01,1.000000e+00,9/14,29.49%,ARL2BP;SLC20A1;SLC2A3;EMB;SLC3A2;SLC39A10;SLC44A2;SLC38A1;CALM1
prerank,Reactome_2022__NF-kB Is Activated And Signals Survival R-HSA-209560,-0.5423243542535454,-1.4135059812132005,1.216730e-01,9.602379e-01,9.980000e-01,2/7,1.92%,NFKBIA;UBB
prerank,Reactome_2022__p75NTR Signals Via NF-kB R-HSA-193639,-0.5423243542535454,-1.4135059812132005,1.216730e-01,9.602379e-01,9.980000e-01,2/7,1.92%,NFKBIA;UBB
prerank,Reactome_2022__Cooperation Of Prefoldin And TriC/CCT In Actin And Tubulin Folding R-HSA-389958,0.5617171121789335,1.4104361489008157,6.411837e-02,8.228934e-01,1.000000e+00,4/13,10.68%,TUBA1A;PFDN5;CCT2;CCT3
prerank,Reactome_2022__FGFR2 Mutant Receptor Activation R-HSA-1839126,-0.5433752773434306,-1.4067146107713056,1.158301e-01,9.243366e-01,9.980000e-01,4/7,17.74%,POLR2J;POLR2K;POLR2G;POLR2E
prerank,Reactome_2022__Signaling By FGFR2 IIIa TM R-HSA-8851708,-0.5433752773434306,-1.4067146107713056,1.158301e-01,9.243366e-01,9.980000e-01,4/7,17.74%,POLR2J;POLR2K;POLR2G;POLR2E
prerank,Reactome_2022__Prefoldin Mediated Transfer Of Substrate To CCT/TriC R-HSA-389957,0.5720289378844436,1.4052623181143964,5.548550e-02,8.355759e-01,1.000000e+00,4/12,10.68%,TUBA1A;PFDN5;CCT2;CCT3
prerank,Reactome_2022__Sensory Processing Of Sound By Outer Hair Cells Of Cochlea R-HSA-9662361,0.6144306557500219,1.4028376914535983,7.225806e-02,8.293269e-01,1.000000e+00,3/9,7.96%,RIPOR2;SPTAN1;MYH9
prerank,Reactome_2022__CTNNB1 S33 Mutants Not Phosphorylated R-HSA-5358747,0.7219384298443303,1.3963010518844936,6.433566e-02,7.905963e-01,1.000000e+00,3/5,16.08%,PPP2R1A;PPP2R5C;GSK3B
prerank,Reactome_2022__Beta-catenin Phosphorylation Cascade R-HSA-196299,0.7219384298443303,1.3963010518844936,6.433566e-02,7.905963e-01,1.000000e+00,3/5,16.08%,PPP2R1A;PPP2R5C;GSK3B
prerank,Reactome_2022__Disassembly Of Destruction Complex And Recruitment Of AXIN To Membrane R-HSA-4641262,0.7219384298443303,1.3963010518844936,6.433566e-02,7.905963e-01,1.000000e+00,3/5,16.08%,PPP2R1A;PPP2R5C;GSK3B
prerank,Reactome_2022__APC Truncation Mutants Have Impaired AXIN Binding R-HSA-5467337,0.7219384298443303,1.3963010518844936,6.433566e-02,7.905963e-01,1.000000e+00,3/5,16.08%,PPP2R1A;PPP2R5C;GSK3B
prerank,Reactome_2022__Citric Acid (TCA) Cycle And Respiratory Electron Transport R-HSA-1428517,-0.25765870265274254,-1.3909102687543446,1.000000e-03,9.534109e-01,9.990000e-01,22/66,18.16%,VDAC1;NDUFA6;UQCRFS1;NDUFS8;COQ10B;COX5B;UQCRC2;NDUFS6;LDHA;COX6A1;NDUFB8;ATP5F1C;ATP5PF;NDUFB11;COX8A;BSG;COX4I1;ATP5F1D;COX6C;NDUFA13;UCP2;ATP5MF
prerank,Reactome_2022__Downregulation Of TGF-beta Receptor Signaling R-HSA-2173788,0.5652984148366726,1.3855440625816533,9.390863e-02,8.415227e-01,1.000000e+00,7/11,25.91%,UBA52;PPP1CA;PPP1CC;UCHL5;STUB1;SMAD7;USP15
prerank,Reactome_2022__TP53 Regulates Transcription Of Cell Cycle Genes R-HSA-6791312,0.6003205845877847,1.3830203888810249,8.385482e-02,8.384542e-01,1.000000e+00,8/10,34.67%,CDKN1B;RBL2;RGCC;CNOT6L;NPM1;CNOT2;BTG2;BAX
prerank,Reactome_2022__Meiotic Synapsis R-HSA-1221632,0.5494615140778202,1.3824181383958887,8.044554e-02,8.236862e-01,1.000000e+00,4/13,16.83%,SYNE1;SYNE2;SUN2;TINF2
prerank,Reactome_2022__Nephrin Family Interactions R-HSA-373753,0.677954555421616,1.376885316220326,8.254398e-02,8.395491e-01,1.000000e+00,2/6,4.38%,FYN;SPTAN1
prerank,Reactome_2022__ALK Mutants Bind TKIs R-HSA-9700645,0.7096862557976266,1.3734995756480912,6.901408e-02,8.439524e-01,1.000000e+00,4/5,24.57%,PPM1B;BIRC6;NPM1;EML4
prerank,Reactome_2022__Mitochondrial Calcium Ion Transport R-HSA-8949215,-0.4720307929030026,-1.370317436973104,1.111111e-01,1.000000e+00,9.990000e-01,2/9,1.55%,VDAC1;VDAC2
prerank,Reactome_2022__RNA Polymerase I Promoter Escape R-HSA-73772,-0.4227390656333264,-1.3652458519785025,1.093750e-01,9.944644e-01,9.990000e-01,6/12,20.57%,POLR2K;H2AX;H2AZ1;POLR2E;H2AZ2;H3-3B
prerank,Reactome_2022__Eukaryotic Translation Elongation R-HSA-156842,0.6105523887212647,1.3642305412452993,1.002674e-01,8.880562e-01,1.000000e+00,4/8,6.62%,EEF1D;EEF1A1;FAU;UBA52
prerank,Reactome_2022__KEAP1-NFE2L2 Pathway R-HSA-9755511,-0.3048083808406652,-1.3624109791365375,7.812500e-02,9.761201e-01,9.990000e-01,11/37,14.48%,PSMB1;CSNK2B;CREBBP;UBB;PSMB4;MAP1LC3B;PSMA1;ATF4;PSMD7;PSMA6;PSMA3
prerank,Reactome_2022__TGF-beta Receptor Signaling Activates SMADs R-HSA-2173789,0.5246313534424029,1.3612189357314775,1.024691e-01,8.899053e-01,1.000000e+00,8/14,25.91%,NEDD8;UBA52;PPP1CA;PPP1CC;UCHL5;STUB1;SMAD7;USP15
prerank,Reactome_2022__Gluconeogenesis R-HSA-70263,-0.5885645041944816,-1.360767948597083,1.094891e-01,9.558302e-01,9.990000e-01,1/5,0.48%,ENO1
prerank,Reactome_2022__Dual Incision In TC-NER R-HSA-6782135,-0.38516626552678507,-1.3596060392041984,1.280488e-01,9.330993e-01,9.990000e-01,4/15,5.02%,POLR2J;UBB;POLR2K;XPA
prerank,Reactome_2022__Intra-Golgi And Retrograde Golgi-to-ER Traffic R-HSA-6811442,0.45243948282196134,1.3583604616371694,7.040704e-02,8.903079e-01,1.000000e+00,18/32,32.91%,KIF2A;CYTH1;DYNC1H1;KDELR2;GCC2;GOLGA4;NAA38;KIFAP3;ARFGAP3;ARF4;RAB9A;KDELR1;TMED9;CAPZB;TMED2;DCTN3;TGOLN2;RAB1B
prerank,"Reactome_2022__Formation Of Ternary Complex, And Subsequently, 43S Complex R-HSA-72695",0.5231189296517337,1.3544721631896475,9.241706e-02,8.977436e-01,1.000000e+00,10/14,35.63%,EIF3A;FAU;EIF3B;EIF3F;EIF3E;EIF3I;EIF3G;EIF3L;EIF2S3;EIF3H
prerank,Reactome_2022__Cyclin D Associated Events In G1 R-HSA-69231,0.534394463334552,1.3508940598426085,9.420290e-02,9.042185e-01,1.000000e+00,6/14,14.64%,CDKN1B;CCND2;PPP2R1A;UBA52;RBL2;CCND3
prerank,Reactome_2022__RAF Activation R-HSA-5673000,0.6335599977174504,1.348676290397751,1.051931e-01,9.007235e-01,1.000000e+00,3/7,9.56%,PPP2R1A;PPP1CC;PPP2R5C
prerank,Reactome_2022__Negative Regulation Of MAPK Pathway R-HSA-5675221,0.5483778653104593,1.3485862457706188,9.962640e-02,8.845200e-01,1.000000e+00,4/12,9.56%,PPP2R1A;UBA52;MAPK1;PPP2R5C
prerank,Reactome_2022__Oncogenic MAPK Signaling R-HSA-6802957,0.5062342923459585,1.3432423925715193,9.404762e-02,9.029054e-01,1.000000e+00,11/18,35.20%,MAPK1;AKAP9;PPP1CC;ZC3HAV1;SND1;CSK;FXR1;CALM1;TLN1;AGK;IQGAP1
prerank,Reactome_2022__Positive Epigenetic Regulation Of rRNA Expression R-HSA-5250913,-0.3659630344563011,-1.3421291394874915,8.843537e-02,9.730389e-01,1.000000e+00,5/19,6.94%,CHD4;POLR2K;RBBP7;H2AX;H2AZ1
prerank,Reactome_2022__Mitophagy R-HSA-5205647,-0.4241477286137219,-1.3416322070027096,9.767442e-02,9.498448e-01,1.000000e+00,4/11,8.49%,VDAC1;CSNK2B;UBB;MAP1LC3B
prerank,Reactome_2022__Maturation Of Nucleoprotein R-HSA-9683610,0.6981453044987918,1.3404930949099765,9.915014e-02,9.039657e-01,1.000000e+00,2/5,16.08%,PARP10;GSK3B
prerank,"Reactome_2022__Signaling By Rho GTPases, Miro GTPases And RHOBTB3 R-HSA-9716542",0.3816940431931146,1.3397288264108325,1.701702e-02,8.928403e-01,1.000000e+00,48/148,22.92%,CDC42SE2;KIF2A;TAGAP;CDKN1B;ARHGAP25;ARHGEF3;DYNC1H1;ARHGAP45;SPTAN1;KDM4C;PPP2R1A;KTN1;PHIP;MAPK1;ADD3;CCT2;FNBP1;MYH9;LBR;STK38;BUB3;STOM;PPP1CC;PPP2R5C;DEF6;ARHGEF1;ARHGAP30;RAP1GDS1;ITSN2;LCK;RHOH;IQGAP2;FMNL1;YWHAZ;CYFIP2;ARHGAP15;WIPF1;ARFGAP3;GNA13;ZAP70;HMOX2;NUDC;DOCK10;RAB9A;MYL12B;ABI1;CSK;CAPZB
prerank,Reactome_2022__PTEN Regulation R-HSA-6807070,-0.2857603581136811,-1.3356260723212534,5.000000e-02,9.481498e-01,1.000000e+00,15/46,14.48%,PSMB1;CSNK2B;CHD4;UBB;LAMTOR5;RBBP7;CBX4;PSMB4;LAMTOR1;MAF1;MKRN1;PSMA1;PSMD7;PSMA6;PSMA3
prerank,Reactome_2022__MECP2 Regulates Neuronal Receptors And Channels R-HSA-9022699,0.686447010547925,1.3348134548807944,1.033520e-01,9.081413e-01,1.000000e+00,2/5,8.01%,PTPN4;SLC2A3
prerank,"Reactome_2022__PI5P, PP2A And IER3 Regulate PI3K/AKT Signaling R-HSA-6811558",0.5286012505631424,1.3337048884833538,1.085645e-01,8.851742e-01,1.000000e+00,5/14,14.00%,FYN;PPP2R1A;MAPK1;PPP2R5C;LCK
prerank,Reactome_2022__Negative Regulation Of PI3K/AKT Network R-HSA-199418,0.5286012505631424,1.3337048884833538,1.085645e-01,8.851742e-01,1.000000e+00,5/14,14.00%,FYN;PPP2R1A;MAPK1;PPP2R5C;LCK
prerank,Reactome_2022__ER-Phagosome Pathway R-HSA-1236974,-0.287523672469954,-1.3304788249641317,4.285714e-02,9.454078e-01,1.000000e+00,12/40,14.53%,PSMB1;UBB;HMGB1;PDIA3;SEC61G;PSMB4;PSMA1;PSMD7;PSMA6;TAPBP;PSMA3;VAMP8
prerank,Reactome_2022__RNA Polymerase III Chain Elongation R-HSA-73780,-0.5643086816720257,-1.3296479197669389,1.358491e-01,9.257750e-01,1.000000e+00,6/6,43.80%,POLR2K;POLR2E;POLR3GL;POLR2F;POLR2L;POLR1D
prerank,Reactome_2022__Cellular Senescence R-HSA-2559583,0.42795757257877237,1.3290556918102874,9.324759e-02,8.992732e-01,1.000000e+00,13/39,18.70%,ETS1;CDKN1B;TNRC6B;UBA52;MAPK1;H1-4;H1-3;CABIN1;UBN1;ATM;ANAPC16;TINF2;EHMT1
prerank,Reactome_2022__Autophagy R-HSA-9612973,-0.30315832582993624,-1.3287479750088225,4.494382e-02,9.082730e-01,1.000000e+00,11/32,13.46%,VDAC1;CSNK2B;UBB;LAMTOR5;GABARAPL2;DYNLL1;LAMTOR1;MAP1LC3B;PARK7;HSP90AA1;PRKAG1
prerank,Reactome_2022__Assembly Of Pre-Replicative Complex R-HSA-68867,-0.29342752468932726,-1.3241937134224302,8.108108e-02,9.026424e-01,1.000000e+00,16/35,21.74%,PSMB1;UBB;H2AX;H2AZ1;PSMB4;UBE2S;PSMA1;PSMD7;PSMA6;PSMA3;PSME2;H2AZ2;PSME1;PSMB10;H3-3B;PSMD13
prerank,Reactome_2022__G-protein Beta:Gamma Signaling R-HSA-397795,-0.5067094289725099,-1.323416004314902,1.417625e-01,8.853135e-01,1.000000e+00,5/7,16.19%,CDC42;PKN1;GNB1;GNB2;RHOA
prerank,Reactome_2022__Phosphorylation Of CD3 And TCR Zeta Chains R-HSA-202427,0.6117970410777922,1.3146820693385242,1.193029e-01,9.755662e-01,1.000000e+00,4/7,22.28%,PTPRC;LCK;PTPN22;CSK
prerank,Reactome_2022__Drug ADME R-HSA-9748784,-0.49719988301077567,-1.3143388439361825,1.330798e-01,8.962309e-01,1.000000e+00,4/7,13.57%,NME2;GSTP1;VAV3;BSG
prerank,Reactome_2022__Opioid Signaling R-HSA-111885,0.5014962361252014,1.3119550581958883,1.163895e-01,9.787469e-01,1.000000e+00,5/16,7.75%,PPP3CC;GNG2;PPP2R1A;MAPK1;PPP1CA
prerank,Reactome_2022__Late Phase Of HIV Life Cycle R-HSA-162599,-0.31926280511704735,-1.3107632761586918,1.123596e-01,8.896306e-01,1.000000e+00,11/29,18.86%,POLR2J;UBB;POLR2K;GTF2A2;RAN;FURIN;RANBP1;CCNT1;POLR2G;POLR2E;TAF15
prerank,Reactome_2022__Interleukin-1 Signaling R-HSA-9020702,-0.2899651177980905,-1.3093465127855557,8.474576e-02,8.751242e-01,1.000000e+00,14/39,20.19%,PSMB1;NFKBIA;MAP3K8;UBB;HMGB1;PSMB4;PSMA1;PSMD7;PSMA6;PSMA3;PSME2;S100B;PSME1;PSMB10
prerank,Reactome_2022__Estrogen-dependent Nuclear Events Downstream Of ESR-membrane Signaling R-HSA-9634638,0.6755769155314043,1.3091302134815659,1.277174e-01,9.815236e-01,1.000000e+00,3/5,15.81%,CDKN1B;MAPK1;UHMK1
prerank,Reactome_2022__TBC/RABGAPs R-HSA-8854214,-0.4250357829488201,-1.3085938261264294,1.497326e-01,8.598948e-01,1.000000e+00,3/12,8.49%,RAB5C;GABARAPL2;MAP1LC3B
prerank,Reactome_2022__HIV Transcription Initiation R-HSA-167161,-0.41417759701984225,-1.3083953189100608,1.354167e-01,8.433816e-01,1.000000e+00,6/12,18.86%,POLR2J;POLR2K;GTF2A2;POLR2G;POLR2E;TAF15
prerank,Reactome_2022__DAP12 Signaling R-HSA-2424491,0.5301397702291513,1.3081154312476415,1.271394e-01,9.723498e-01,1.000000e+00,7/13,28.21%,FYN;KLRK1;LCK;HLA-E;PLCG2;KLRC2;GRB2
prerank,Reactome_2022__Signaling By Rho GTPases R-HSA-194315,0.37251975646493374,1.3070590849596593,2.202202e-02,9.645883e-01,1.000000e+00,46/146,22.92%,CDC42SE2;KIF2A;TAGAP;CDKN1B;ARHGAP25;ARHGEF3;DYNC1H1;ARHGAP45;SPTAN1;KDM4C;PPP2R1A;KTN1;PHIP;MAPK1;ADD3;CCT2;FNBP1;MYH9;LBR;STK38;BUB3;STOM;PPP1CC;PPP2R5C;DEF6;ARHGEF1;ARHGAP30;ITSN2;LCK;RHOH;IQGAP2;FMNL1;YWHAZ;CYFIP2;ARHGAP15;WIPF1;ARFGAP3;GNA13;ZAP70;HMOX2;NUDC;DOCK10;MYL12B;ABI1;CSK;CAPZB
prerank,Reactome_2022__Regulation Of MECP2 Expression And Activity R-HSA-9022692,0.6270285538015524,1.3054241538568003,1.250000e-01,9.608760e-01,1.000000e+00,4/6,29.49%,TNRC6B;LBR;GPS2;CALM1
prerank,Reactome_2022__RAC1 GTPase Cycle R-HSA-9013149,0.41440842932244926,1.3049327801045156,1.118280e-01,9.497729e-01,1.000000e+00,15/40,22.22%,TAGAP;ARHGAP25;ARHGAP45;KTN1;LBR;DEF6;ARHGAP30;IQGAP2;FMNL1;CYFIP2;ARHGAP15;WIPF1;GNA13;DOCK10;ABI1
prerank,Reactome_2022__TP53 Regulates Transcription Of Additional Cell Cycle Genes With Uncertain Roles In P53 Pathway R-HSA-6804115,0.6684520621317621,1.302325431506122,1.197772e-01,9.515930e-01,1.000000e+00,5/5,33.33%,RGCC;CNOT6L;NPM1;CNOT2;BTG2
prerank,Reactome_2022__Axon Guidance R-HSA-422475,-0.21007830057026616,-1.3020489031323985,1.000000e-03,8.480489e-01,1.000000e+00,28/91,16.99%,PSMB1;ARPC3;RSL24D1;CSNK2B;UBB;CDC42;PKN1;RBM8A;RHOC;PSMB4;AP2M1;ACTG1;PFN1;ARPC1B;ROCK1;PSMA1;PSMD7;MYL6;HSP90AA1;VAV3;PSMA6;ARPC2;PSMA3;LYN;MAGOH;RHOA;EIF4G1;CXCR4
prerank,Reactome_2022__MAP3K8 (TPL2)-dependent MAPK1/3 Activation R-HSA-5684264,-0.5299058016941367,-1.3004306677309574,1.555556e-01,8.374331e-01,1.000000e+00,2/6,1.92%,MAP3K8;UBB
prerank,Reactome_2022__COPI-dependent Golgi-to-ER Retrograde Traffic R-HSA-6811434,0.5125456146692852,1.2995265683182222,1.317734e-01,9.554665e-01,1.000000e+00,8/14,27.30%,KIF2A;KDELR2;KIFAP3;ARFGAP3;ARF4;KDELR1;TMED9;TMED2
prerank,Reactome_2022__RHO GTPase Cycle R-HSA-9012999,0.3755287690443088,1.2976675289563004,5.740181e-02,9.532561e-01,1.000000e+00,34/107,22.92%,CDC42SE2;TAGAP;ARHGAP25;ARHGEF3;ARHGAP45;SPTAN1;KTN1;PHIP;ADD3;CCT2;FNBP1;LBR;STK38;STOM;DEF6;ARHGEF1;ARHGAP30;ITSN2;LCK;RHOH;IQGAP2;FMNL1;CYFIP2;ARHGAP15;WIPF1;ARFGAP3;GNA13;ZAP70;HMOX2;NUDC;DOCK10;ABI1;CSK;CAPZB
prerank,Reactome_2022__Regulation Of TP53 Activity Thru Acetylation R-HSA-6804758,-0.5240599529494375,-1.295302491085181,1.709091e-01,8.371350e-01,1.000000e+00,2/6,3.95%,CHD4;RBBP7
prerank,Reactome_2022__Signaling By ROBO Receptors R-HSA-376176,-0.27131201356429346,-1.294589002083818,8.510638e-02,8.240565e-01,1.000000e+00,19/47,20.19%,PSMB1;RSL24D1;UBB;CDC42;PKN1;RBM8A;PSMB4;PFN1;PSMA1;PSMD7;PSMA6;PSMA3;MAGOH;RHOA;EIF4G1;CXCR4;PSME2;PSME1;PSMB10
prerank,Reactome_2022__Pyruvate Metabolism R-HSA-70268,-0.5744342289828568,-1.2909004302675264,1.554054e-01,8.210833e-01,1.000000e+00,3/5,13.57%,VDAC1;LDHA;BSG
prerank,Reactome_2022__RND2 GTPase Cycle R-HSA-9696270,0.5966681244484582,1.2868142798140336,1.576819e-01,1.000000e+00,1.000000e+00,3/7,20.14%,KTN1;FNBP1;NUDC
prerank,Reactome_2022__tRNA Processing In Nucleus R-HSA-6784531,-0.5015899560903191,-1.2838528000846896,1.924686e-01,8.280695e-01,1.000000e+00,2/7,7.69%,RAN;TSEN54
prerank,Reactome_2022__Signaling By BRAF And RAF1 Fusions R-HSA-6802952,0.48856026356620563,1.2833742062658,1.312649e-01,1.000000e+00,1.000000e+00,10/17,35.20%,MAPK1;AKAP9;ZC3HAV1;SND1;CSK;FXR1;CALM1;TLN1;AGK;IQGAP1
prerank,Reactome_2022__Golgi-to-ER Retrograde Transport R-HSA-8856688,0.46612272240917174,1.2810307405049115,1.542056e-01,1.000000e+00,1.000000e+00,11/21,28.37%,KIF2A;DYNC1H1;KDELR2;KIFAP3;ARFGAP3;ARF4;KDELR1;TMED9;CAPZB;TMED2;DCTN3
prerank,Reactome_2022__Processing Of Capped Intronless Pre-mRNA R-HSA-75067,-0.4237695239010719,-1.280277398013975,1.767956e-01,8.253068e-01,1.000000e+00,2/10,4.70%,SNRPF;SNRPE
prerank,custom_senescence_signatures.gmt__GSE9650_EFFECTOR_VS_EXHAUSTED_CD8_TCELL_DN,0.463337837262462,1.2796265429910652,1.557093e-01,3.118835e-01,4.930000e-01,7/19,18.38%,EOMES;PTGER2;H1-4;SPOCK2;EIF2AK2;CANX;SUB1
prerank,Reactome_2022__SARS-CoV-1 Infection R-HSA-9678108,0.5106519598581111,1.2791066401890678,1.597561e-01,1.000000e+00,1.000000e+00,5/13,18.22%,DDX5;PARP10;UBA52;GSK3B;CANX
prerank,Reactome_2022__Regulation Of Actin Dynamics For Phagocytic Cup Formation R-HSA-2029482,-0.3158464656364288,-1.2783376723030835,1.203704e-01,8.174660e-01,1.000000e+00,9/22,13.73%,ARPC3;CDC42;PKN1;BRK1;ACTG1;ARPC1B;HSP90AA1;VAV3;ARPC2
prerank,Reactome_2022__G Beta:Gamma Signaling Thru CDC42 R-HSA-8964616,-0.5269149465923928,-1.2759525761435007,1.703704e-01,8.109491e-01,1.000000e+00,4/6,11.86%,CDC42;PKN1;GNB1;GNB2
prerank,Reactome_2022__Interleukin-2 Family Signaling R-HSA-451927,0.5218576561095549,1.2757270958848344,1.635688e-01,1.000000e+00,1.000000e+00,8/11,42.74%,STAT4;LCK;GRB2;STAT1;INPP5D;JAK1;IL2RG;PIK3R1
prerank,Reactome_2022__Ub-specific Processing Proteases R-HSA-5689880,-0.27054946918451045,-1.2753603004282879,5.128205e-02,7.989772e-01,1.000000e+00,14/49,15.01%,VDAC1;PSMB1;TADA3;NFKBIA;VDAC2;UBB;ADRM1;PSMB4;PSMA1;OTUB1;PSMD7;PSMA6;PSMA3;BIRC2
prerank,Reactome_2022__Nervous System Development R-HSA-9675108,-0.2081182305190851,-1.2738867348430785,1.000000e-03,7.903030e-01,1.000000e+00,28/92,16.99%,PSMB1;ARPC3;RSL24D1;CSNK2B;UBB;CDC42;PKN1;RBM8A;RHOC;PSMB4;AP2M1;ACTG1;PFN1;ARPC1B;ROCK1;PSMA1;PSMD7;MYL6;HSP90AA1;VAV3;PSMA6;ARPC2;PSMA3;LYN;MAGOH;RHOA;EIF4G1;CXCR4
prerank,Reactome_2022__TAK1-dependent IKK And NF-kappa-B Activation R-HSA-445989,-0.3870826197329391,-1.2720943634754192,1.748634e-01,7.835976e-01,1.000000e+00,3/12,4.91%,NFKBIA;UBB;HMGB1
prerank,Reactome_2022__SUMOylation Of Immune Response Proteins R-HSA-4755510,-0.5356850817574064,-1.2695123328629774,1.706349e-01,7.792147e-01,1.000000e+00,1/6,1.34%,NFKBIA
prerank,Reactome_2022__Assembly Of ORC Complex At Origin Of Replication R-HSA-68616,-0.5612604541695958,-1.2633509676620374,1.808511e-01,7.853211e-01,1.000000e+00,4/5,20.57%,H2AX;H2AZ1;H2AZ2;H3-3B
prerank,Reactome_2022__Translation R-HSA-72766,0.3819090614876472,1.2606534618667653,1.080247e-01,1.000000e+00,1.000000e+00,28/60,32.48%,EEF1D;EEF1A1;EIF4A2;EIF3A;FAU;UBA52;MRPS6;SRPRA;TRAM1;EIF3B;EIF4B;SPCS2;SPCS1;EIF3F;EIF3E;EIF3I;EEF2;EIF5B;MRPS7;EEF1B2;MRPS15;MRPL10;SRP14;MRPL14;RPN1;SPCS3;EIF3G;EIF3L
prerank,Reactome_2022__tRNA Processing R-HSA-72306,-0.4673230350982076,-1.2596109838908007,1.627907e-01,7.841757e-01,1.000000e+00,2/8,7.69%,RAN;TSEN54
prerank,Reactome_2022__Defective Pyroptosis R-HSA-9710421,-0.4830911087869406,-1.254926232579712,1.893939e-01,7.845602e-01,1.000000e+00,3/7,6.94%,RBBP7;H2AX;H2AZ1
prerank,Reactome_2022__Selective Autophagy R-HSA-9663891,-0.32635109775593224,-1.2548202144391767,1.690141e-01,7.730908e-01,1.000000e+00,8/20,13.46%,VDAC1;CSNK2B;UBB;DYNLL1;MAP1LC3B;PARK7;HSP90AA1;PRKAG1
prerank,Reactome_2022__Negative Regulation Of FGFR3 Signaling R-HSA-5654732,0.5751422899483032,1.2545231312103373,1.770026e-01,1.000000e+00,1.000000e+00,3/8,7.37%,PPP2R1A;UBA52;MAPK1
prerank,Reactome_2022__Negative Regulation Of FGFR2 Signaling R-HSA-5654727,0.5751422899483032,1.2545231312103373,1.770026e-01,1.000000e+00,1.000000e+00,3/8,7.37%,PPP2R1A;UBA52;MAPK1
prerank,Reactome_2022__Negative Regulation Of FGFR1 Signaling R-HSA-5654726,0.5751422899483032,1.2545231312103373,1.770026e-01,1.000000e+00,1.000000e+00,3/8,7.37%,PPP2R1A;UBA52;MAPK1
prerank,Reactome_2022__Negative Regulation Of FGFR4 Signaling R-HSA-5654733,0.5751422899483032,1.2545231312103373,1.770026e-01,1.000000e+00,1.000000e+00,3/8,7.37%,PPP2R1A;UBA52;MAPK1
prerank,Reactome_2022__Spry Regulation Of FGF Signaling R-HSA-1295596,0.5751422899483032,1.2545231312103373,1.770026e-01,1.000000e+00,1.000000e+00,3/8,7.37%,PPP2R1A;UBA52;MAPK1
prerank,Reactome_2022__COPI-mediated Anterograde Transport R-HSA-6807878,0.4567236598350669,1.2525282238240631,1.761298e-01,1.000000e+00,1.000000e+00,10/19,28.37%,DYNC1H1;SPTAN1;KDELR2;ARFGAP3;ARF4;KDELR1;TMED9;CAPZB;TMED2;DCTN3
prerank,Reactome_2022__Activated PKN1 Stimulates Transcription Of Androgen Receptor Regulated KLK2 And KLK3 R-HSA-5625886,-0.4680612913538832,-1.249428318950982,1.590909e-01,7.781284e-01,1.000000e+00,3/7,6.94%,PKN1;H2AX;H2AZ1
prerank,"Reactome_2022__mRNA Activation Upon Binding Of Cap-Binding Complex And eIFs, Subsequent Binding To 43S R-HSA-72662",0.4480003333116383,1.2469788968758555,1.714286e-01,1.000000e+00,1.000000e+00,12/20,35.63%,EIF4A2;EIF3A;FAU;EIF3B;EIF4B;EIF3F;EIF3E;EIF3I;EIF3G;EIF3L;EIF2S3;EIF3H
prerank,Reactome_2022__Translation Initiation Complex Formation R-HSA-72649,0.4480003333116383,1.2469788968758555,1.714286e-01,1.000000e+00,1.000000e+00,12/20,35.63%,EIF4A2;EIF3A;FAU;EIF3B;EIF4B;EIF3F;EIF3E;EIF3I;EIF3G;EIF3L;EIF2S3;EIF3H
prerank,Reactome_2022__PI3K/AKT Signaling In Cancer R-HSA-2219528,0.5212353805504587,1.2455247341552367,2.173382e-01,1.000000e+00,1.000000e+00,4/11,16.08%,CDKN1B;FYN;LCK;GSK3B
prerank,Reactome_2022__TRAF6 Mediated Induction Of NFkB And MAP Kinases Upon TLR7/8 Or 9 Activation R-HSA-975138,-0.31423329831180324,-1.2433100504682326,1.481481e-01,7.738190e-01,1.000000e+00,5/20,7.96%,NFKBIA;MAP3K8;UBB;HMGB1;FOS
prerank,Reactome_2022__MyD88 Cascade Initiated On Plasma Membrane R-HSA-975871,-0.31423329831180324,-1.2433100504682326,1.481481e-01,7.738190e-01,1.000000e+00,5/20,7.96%,NFKBIA;MAP3K8;UBB;HMGB1;FOS
prerank,Reactome_2022__Regulation Of HSF1-mediated Heat Shock Response R-HSA-3371453,0.460594656953889,1.2430420782440013,1.988235e-01,1.000000e+00,1.000000e+00,11/18,35.36%,DNAJB1;DEDD2;MAPK1;GSK3B;ATM;ST13;DNAJC2;HSPA8;RANBP2;HSPH1;HSPA5
prerank,Reactome_2022__Pre-NOTCH Expression And Processing R-HSA-1912422,-0.39118471784501296,-1.24225422006546,1.800000e-01,7.654729e-01,1.000000e+00,4/12,7.48%,CREBBP;H2AX;H2AZ1;FURIN
prerank,Reactome_2022__DNA Replication Pre-Initiation R-HSA-69002,-0.2772591098354705,-1.2391794135912375,1.076923e-01,7.627846e-01,1.000000e+00,16/36,21.74%,PSMB1;UBB;H2AX;H2AZ1;PSMB4;UBE2S;PSMA1;PSMD7;PSMA6;PSMA3;PSME2;H2AZ2;PSME1;PSMB10;H3-3B;PSMD13
prerank,Reactome_2022__Transcription-Coupled Nucleotide Excision Repair (TC-NER) R-HSA-6781827,-0.33692816950600357,-1.2357724573416724,1.428571e-01,7.513126e-01,1.000000e+00,4/16,5.02%,POLR2J;UBB;POLR2K;XPA
prerank,Reactome_2022__Formation Of TC-NER Pre-Incision Complex R-HSA-6781823,-0.33692816950600357,-1.2357724573416724,1.428571e-01,7.513126e-01,1.000000e+00,4/16,5.02%,POLR2J;UBB;POLR2K;XPA
prerank,Reactome_2022__Toll Like Receptor 9 (TLR9) Cascade R-HSA-168138,-0.3026293625952633,-1.2338737917077491,1.832061e-01,7.276637e-01,1.000000e+00,5/21,7.96%,NFKBIA;MAP3K8;UBB;HMGB1;FOS
prerank,Reactome_2022__MyD88 Dependent Cascade Initiated On Endosome R-HSA-975155,-0.3026293625952633,-1.2338737917077491,1.832061e-01,7.276637e-01,1.000000e+00,5/21,7.96%,NFKBIA;MAP3K8;UBB;HMGB1;FOS
prerank,Reactome_2022__Toll Like Receptor 7/8 (TLR7/8) Cascade R-HSA-168181,-0.3026293625952633,-1.2338737917077491,1.832061e-01,7.276637e-01,1.000000e+00,5/21,7.96%,NFKBIA;MAP3K8;UBB;HMGB1;FOS
prerank,Reactome_2022__Respiratory Electron Transport R-HSA-611105,-0.2563123213201837,-1.2310882499335114,1.463415e-01,7.253571e-01,1.000000e+00,14/46,16.83%,NDUFA6;UQCRFS1;NDUFS8;COQ10B;COX5B;UQCRC2;NDUFS6;COX6A1;NDUFB8;NDUFB11;COX8A;COX4I1;COX6C;NDUFA13
prerank,Reactome_2022__Caspase-mediated Cleavage Of Cytoskeletal Proteins R-HSA-264870,0.6012914896375526,1.2310197177130875,2.014184e-01,1.000000e+00,1.000000e+00,3/6,17.52%,SPTAN1;ADD1;CASP8
prerank,Reactome_2022__Viral Messenger RNA Synthesis R-HSA-168325,-0.4125051875728893,-1.2297624483127148,1.898148e-01,7.195912e-01,1.000000e+00,4/10,17.74%,POLR2J;POLR2K;POLR2G;POLR2E
prerank,Reactome_2022__Ribosomal Scanning And Start Codon Recognition R-HSA-72702,0.44140872597448205,1.2279452146857095,1.949250e-01,1.000000e+00,1.000000e+00,12/20,35.63%,EIF4A2;EIF3A;FAU;EIF3B;EIF4B;EIF3F;EIF3E;EIF3I;EIF3G;EIF3L;EIF2S3;EIF3H
prerank,Reactome_2022__MAPK Targets/ Nuclear Events Mediated By MAP Kinases R-HSA-450282,0.6076758096002868,1.2255406346357356,1.986207e-01,1.000000e+00,1.000000e+00,2/6,7.37%,PPP2R1A;MAPK1
prerank,Reactome_2022__Signal Transduction By L1 R-HSA-445144,-0.5176706039465154,-1.2251658976175515,2.214022e-01,7.238623e-01,1.000000e+00,2/6,2.62%,CSNK2B;PKN1
prerank,Reactome_2022__G Alpha (I) Signaling Events R-HSA-418594,0.4181454201061509,1.2249499842654545,1.933333e-01,1.000000e+00,1.000000e+00,6/28,7.75%,PPP3CC;GNG2;PPP2R1A;CX3CR1;MAPK1;PPP1CA
prerank,Reactome_2022__DNA Methylation R-HSA-5334118,-0.5481324329023135,-1.2249144427662813,2.266667e-01,7.155970e-01,1.000000e+00,4/5,20.57%,H2AX;H2AZ1;H2AZ2;H3-3B
prerank,Reactome_2022__Membrane Trafficking R-HSA-199991,0.35555782142297854,1.2243749766033876,1.288032e-01,1.000000e+00,1.000000e+00,32/102,22.92%,KIF2A;NEDD8;CYTH1;RAB14;VAMP2;DYNC1H1;SPTAN1;LNPEP;KDELR2;UBA52;GCC2;FNBP1;MYH9;DENND4C;HPS1;RAB27A;ADRB2;COPS6;ITSN2;GDI2;GOLGA4;NAA38;YWHAZ;DENND2D;KIFAP3;ARFGAP3;ARF4;RAB9A;KDELR1;TRAPPC1;TMED9;CAPZB
prerank,Reactome_2022__Chaperonin-mediated Protein Folding R-HSA-390466,0.43037973193964874,1.2243027978919352,1.779279e-01,1.000000e+00,1.000000e+00,6/24,10.68%,TUBA1A;USP11;PFDN5;GNG2;CCT2;CCT3
prerank,Reactome_2022__Organelle Biogenesis And Maintenance R-HSA-1852241,0.3783285740409992,1.2237601434600105,1.712474e-01,1.000000e+00,1.000000e+00,10/49,10.68%,CYCS;ATP5PO;TUBA1A;DYNC1H1;SSNA1;PPP2R1A;CCT2;AKAP9;CEP78;CCT3
prerank,Reactome_2022__HATs Acetylate Histones R-HSA-3214847,-0.37755354887133974,-1.2227303550239033,1.704545e-01,7.123222e-01,1.000000e+00,3/13,3.95%,CREBBP;TADA3;RBBP7
prerank,Reactome_2022__DNA Replication R-HSA-69306,-0.26553256526284047,-1.2215471852512356,1.666667e-01,7.070397e-01,1.000000e+00,16/38,21.74%,PSMB1;UBB;H2AX;H2AZ1;PSMB4;UBE2S;PSMA1;PSMD7;PSMA6;PSMA3;PSME2;H2AZ2;PSME1;PSMB10;H3-3B;PSMD13
prerank,Reactome_2022__Translation Of Structural Proteins R-HSA-9683701,0.5182147048120727,1.2197524852367334,2.017654e-01,1.000000e+00,1.000000e+00,4/10,18.22%,PARP10;UBA52;GSK3B;CANX
prerank,Reactome_2022__Regulation Of PTEN Stability And Activity R-HSA-8948751,-0.282559609449076,-1.2121141618725675,1.704545e-01,7.241068e-01,1.000000e+00,9/30,14.48%,PSMB1;CSNK2B;UBB;PSMB4;MKRN1;PSMA1;PSMD7;PSMA6;PSMA3
prerank,Reactome_2022__Signaling By FGFR4 R-HSA-5654743,0.5354018289988258,1.2104336752905787,2.244641e-01,1.000000e+00,1.000000e+00,3/9,7.37%,PPP2R1A;UBA52;MAPK1
prerank,Reactome_2022__Signaling By FGFR1 R-HSA-5654736,0.5354018289988258,1.2104336752905787,2.244641e-01,1.000000e+00,1.000000e+00,3/9,7.37%,PPP2R1A;UBA52;MAPK1
prerank,Reactome_2022__Signaling By FGFR3 R-HSA-5654741,0.5354018289988258,1.2104336752905787,2.244641e-01,1.000000e+00,1.000000e+00,3/9,7.37%,PPP2R1A;UBA52;MAPK1
prerank,Reactome_2022__DAP12 Interactions R-HSA-2172127,0.4663963567709889,1.208059266392379,2.210402e-01,1.000000e+00,1.000000e+00,7/15,28.21%,FYN;KLRK1;LCK;HLA-E;PLCG2;KLRC2;GRB2
prerank,Reactome_2022__DDX58/IFIH1-mediated Induction Of Interferon-Alpha/Beta R-HSA-168928,-0.2957648805576931,-1.2042746812478815,1.294118e-01,7.364367e-01,1.000000e+00,5/25,6.25%,CREBBP;NFKBIA;UBB;HMGB1;PCBP2
prerank,Reactome_2022__Protein Methylation R-HSA-8876725,0.6157292605502217,1.2038230220631216,2.337110e-01,1.000000e+00,1.000000e+00,4/5,32.32%,EEF1A1;EEF2;CALM1;HSPA8
prerank,Reactome_2022__HSF1 Activation R-HSA-3371511,0.5071279155127605,1.2037607920537203,2.207959e-01,1.000000e+00,1.000000e+00,4/10,14.85%,EEF1A1;DNAJB1;DEDD2;PTGES3
prerank,Reactome_2022__Synthesis Of Active Ubiquitin: Roles Of E1 And E2 Enzymes R-HSA-8866652,0.5293504113746197,1.2037176994598018,2.306701e-01,1.000000e+00,1.000000e+00,3/9,6.62%,UBE2D2;UBE2G2;UBA52
prerank,Reactome_2022__Inflammasomes R-HSA-622312,0.5980836645312189,1.2036034133782432,2.266484e-01,1.000000e+00,1.000000e+00,2/6,23.66%,PSTPIP1;NFKB2
prerank,Reactome_2022__Cell Recruitment (Pro-Inflammatory Response) R-HSA-9664424,0.5980836645312189,1.2036034133782432,2.266484e-01,1.000000e+00,1.000000e+00,2/6,23.66%,PSTPIP1;NFKB2
prerank,Reactome_2022__NLRP3 Inflammasome R-HSA-844456,0.5980836645312189,1.2036034133782432,2.266484e-01,1.000000e+00,1.000000e+00,2/6,23.66%,PSTPIP1;NFKB2
prerank,Reactome_2022__Peptide Chain Elongation R-HSA-156902,0.616681952427462,1.2035328087892723,2.102273e-01,1.000000e+00,1.000000e+00,3/5,6.62%,EEF1A1;FAU;UBA52
prerank,Reactome_2022__Cargo Recognition For Clathrin-Mediated Endocytosis R-HSA-8856825,0.4410451346576737,1.203163632371634,2.334495e-01,1.000000e+00,1.000000e+00,6/19,12.29%,NEDD8;VAMP2;UBA52;ADRB2;COPS6;ITSN2
prerank,"Reactome_2022__Plasma Lipoprotein Assembly, Remodeling, And Clearance R-HSA-174824",-0.4194708714875948,-1.2031093763844054,2.152466e-01,7.314562e-01,1.000000e+00,4/9,7.53%,NR1H2;UBB;FURIN;AP2M1
prerank,Reactome_2022__Apoptotic Cleavage Of Cellular Proteins R-HSA-111465,0.4786926519379999,1.2000373465767484,2.370744e-01,1.000000e+00,1.000000e+00,4/13,17.52%,ACIN1;SPTAN1;ADD1;CASP8
prerank,Reactome_2022__Gap-filling DNA Repair Synthesis And Ligation In TC-NER R-HSA-6782210,-0.349528180752096,-1.1992438570814152,1.812865e-01,7.342056e-01,1.000000e+00,3/14,3.04%,POLR2J;UBB;POLR2K
prerank,Reactome_2022__Activation Of NF-kappaB In B Cells R-HSA-1169091,-0.270000310087248,-1.198318068468257,2.077922e-01,7.282423e-01,1.000000e+00,8/34,14.48%,PSMB1;NFKBIA;UBB;PSMB4;PSMA1;PSMD7;PSMA6;PSMA3
prerank,Reactome_2022__NGF-stimulated Transcription R-HSA-9031628,-0.41694490371865,-1.1950873492158887,2.448133e-01,7.296989e-01,1.000000e+00,3/9,9.24%,CHD4;FOS;ID2
prerank,Reactome_2022__Formation Of Tubulin Folding Intermediates By CCT/TriC R-HSA-389960,0.4882521083301252,1.194935260985228,2.521848e-01,1.000000e+00,1.000000e+00,3/12,10.68%,TUBA1A;CCT2;CCT3
prerank,Reactome_2022__Arachidonic Acid Metabolism R-HSA-2142753,0.6158668820071528,1.1947781474000032,2.285714e-01,1.000000e+00,1.000000e+00,3/5,22.38%,ALOX5AP;PTGES3;PTGDS
prerank,Reactome_2022__Abortive Elongation Of HIV-1 Transcript In Absence Of Tat R-HSA-167242,-0.4412660409544838,-1.1933297976209982,2.016807e-01,7.256411e-01,1.000000e+00,4/8,17.74%,POLR2J;POLR2K;POLR2G;POLR2E
prerank,Reactome_2022__FOXO-mediated Transcription R-HSA-9614085,0.4903976076934449,1.1915482363577705,2.432763e-01,1.000000e+00,1.000000e+00,4/12,16.24%,CDKN1B;CITED2;RBL2;YWHAZ
prerank,Reactome_2022__FCGR3A-mediated IL10 Synthesis R-HSA-9664323,0.5232634329774096,1.1909240093991895,2.409326e-01,1.000000e+00,1.000000e+00,7/9,39.48%,FYN;FGR;PLCG2;PRKX;CALM1;PRKACB;CD247
prerank,Reactome_2022__Rap1 Signaling R-HSA-392517,0.5562694805328067,1.1887209755732508,2.417582e-01,1.000000e+00,1.000000e+00,3/7,20.67%,RASGRP1;YWHAZ;SIPA1
prerank,Reactome_2022__PKMTs Methylate Histone Lysines R-HSA-3214841,0.4742589226771862,1.188368002564787,2.434368e-01,1.000000e+00,1.000000e+00,8/13,37.87%,NSD3;ASH1L;KMT2A;EHMT1;NFKB2;RBBP4;KMT2C;ATF7IP
prerank,Reactome_2022__Pre-NOTCH Transcription And Translation R-HSA-1912408,-0.42354599009022365,-1.187388082405163,2.369478e-01,7.338660e-01,1.000000e+00,3/8,6.94%,CREBBP;H2AX;H2AZ1
prerank,Reactome_2022__Signaling By NOTCH4 R-HSA-9013694,-0.2714733773796629,-1.1868893032007786,1.290323e-01,7.271150e-01,1.000000e+00,12/31,20.19%,PSMB1;CREBBP;UBB;PSMB4;PSMA1;PSMD7;PSMA6;PSMA3;PSME2;APH1A;PSME1;PSMB10
prerank,Reactome_2022__Cell Cycle R-HSA-1640170,0.3399349718976002,1.185828271954303,1.203611e-01,1.000000e+00,1.000000e+00,40/132,24.63%,ATRX;SYNE1;KIF2A;TUBA1A;SYNE2;CDKN1B;CCND2;DYNC1H1;MIS18BP1;SSNA1;PPP2R1A;UBA52;MAPK1;AKAP9;LBR;BUB3;RBL2;CEP78;SMARCA5;PPP1CC;PPP2R5C;SUN2;NIPBL;SET;CCND3;GSK3B;ATM;YWHAZ;ANAPC16;TINF2;NUDC;PSMC3;POLR2A;PHLDA1;NPM1;RSF1;PSMA5;PSMF1;EML4;PSMD4
prerank,Reactome_2022__Interleukin-10 Signaling R-HSA-6783783,0.5638101469750302,1.1842659972205942,2.418033e-01,1.000000e+00,1.000000e+00,2/7,19.07%,IL10RA;CCL3
prerank,Reactome_2022__Protein Folding R-HSA-391251,0.40958871853896794,1.1832566675124967,2.268156e-01,1.000000e+00,1.000000e+00,8/27,19.82%,TUBA1A;USP11;PFDN5;GNG2;CCT2;CCT3;TBCC;XRN2
prerank,Reactome_2022__Vesicle-mediated Transport R-HSA-5653656,0.3415520476051615,1.181564732087778,1.755802e-01,1.000000e+00,1.000000e+00,43/107,33.17%,KIF2A;NEDD8;CYTH1;RAB14;VAMP2;DYNC1H1;SPTAN1;LNPEP;KDELR2;UBA52;GCC2;FNBP1;MYH9;DENND4C;HPS1;RAB27A;ADRB2;COPS6;ITSN2;GDI2;GOLGA4;NAA38;YWHAZ;DENND2D;KIFAP3;ARFGAP3;ARF4;RAB9A;KDELR1;TRAPPC1;TMED9;CAPZB;IL7R;TMED2;GRB2;DCTN3;ACTR3;CALM1;HSPA8;TGOLN2;RAB1B;TBC1D10C;HSPH1
prerank,Reactome_2022__Inactivation Of APC/C Via Direct Inhibition Of APC/C Complex R-HSA-141430,0.6040500679386426,1.178434694528692,2.540761e-01,1.000000e+00,1.000000e+00,2/5,16.77%,BUB3;ANAPC16
prerank,custom_senescence_signatures.gmt__GSE9650_EXHAUSTED_VS_MEMORY_CD8_TCELL_UP,0.4077462745948209,1.1775268604841471,2.285396e-01,4.315015e-01,7.840000e-01,9/27,22.60%,EOMES;H1-4;ATP5IF1;SPOCK2;GZMB;CANX;LRP10;HIF1A;ZNF292
prerank,Reactome_2022__Regulation Of RUNX3 Expression And Activity R-HSA-8941858,-0.2763420337411824,-1.176218269169575,1.684211e-01,7.473383e-01,1.000000e+00,12/28,21.74%,PSMB1;UBB;PSMB4;PSMA1;PSMD7;PSMA6;PSMA3;RUNX3;PSME2;PSME1;PSMB10;PSMD13
prerank,Reactome_2022__Regulation Of TP53 Degradation R-HSA-6804757,0.5182250666820283,1.1757704272676046,2.631579e-01,1.000000e+00,1.000000e+00,4/9,16.19%,PPP2R1A;UBA52;PPP2R5C;ATM
prerank,Reactome_2022__Regulation Of TP53 Expression And Degradation R-HSA-6806003,0.4983855544277589,1.1756445634211297,2.712500e-01,1.000000e+00,1.000000e+00,4/10,16.19%,PPP2R1A;UBA52;PPP2R5C;ATM
prerank,Reactome_2022__Early SARS-CoV-2 Infection Events R-HSA-9772572,0.6103099488452476,1.1751412730957027,2.561505e-01,1.000000e+00,1.000000e+00,2/5,6.25%,DDX5;ISCU
prerank,Reactome_2022__Cellular Response To Chemical Stress R-HSA-9711123,-0.23284859909085495,-1.1745838305601748,1.714286e-01,7.441010e-01,1.000000e+00,18/61,16.40%,PSMB1;CSNK2B;CREBBP;UBB;COX5B;PSMB4;MAP1LC3B;PRDX5;COX6A1;PSMA1;ATF4;PSMD7;GSTP1;PSMA6;COX8A;PSMA3;COX4I1;COX6C
prerank,Reactome_2022__Association Of TriC/CCT With Target Proteins During Biosynthesis R-HSA-390471,0.4739254667272172,1.171594987022243,2.543210e-01,1.000000e+00,1.000000e+00,7/13,39.16%,USP11;CCT2;CCT3;XRN2;DCAF7;CCT4;CCT7
prerank,Reactome_2022__Deadenylation Of mRNA R-HSA-429947,0.515566054063091,1.170692987620088,2.610390e-01,1.000000e+00,1.000000e+00,5/9,25.53%,EIF4A2;EIF4B;CNOT6L;EIF4A3;CNOT2
prerank,Reactome_2022__ZBP1(DAI) Mediated Induction Of Type I IFNs R-HSA-1606322,-0.5172404030505876,-1.168789576303252,2.406015e-01,7.442898e-01,1.000000e+00,1/5,1.34%,NFKBIA
prerank,Reactome_2022__RIP-mediated NFkB Activation Via ZBP1 R-HSA-1810476,-0.5172404030505876,-1.168789576303252,2.406015e-01,7.442898e-01,1.000000e+00,1/5,1.34%,NFKBIA
prerank,Reactome_2022__Circadian Clock R-HSA-400253,0.44711373447043423,1.1677152172750145,2.677262e-01,1.000000e+00,1.000000e+00,5/16,9.40%,CRY1;UBA52;PPP1CA;RORA;PPP1CC
prerank,Reactome_2022__RUNX1 Regulates Transcription Of Genes Involved In Differentiation Of HSCs R-HSA-8939236,-0.25758651136024063,-1.165963868322781,1.868132e-01,7.445266e-01,1.000000e+00,15/34,21.74%,PSMB1;UBB;H2AX;H2AZ1;PSMB4;PSMA1;PSMD7;PSMA6;PSMA3;PSME2;H2AZ2;PSME1;PSMB10;H3-3B;PSMD13
prerank,Reactome_2022__GTP Hydrolysis And Joining Of 60S Ribosomal Subunit R-HSA-72706,0.4089357278484471,1.1649006213632667,2.411429e-01,1.000000e+00,1.000000e+00,14/23,35.63%,EIF4A2;EIF3A;FAU;UBA52;EIF3B;EIF4B;EIF3F;EIF3E;EIF3I;EIF5B;EIF3G;EIF3L;EIF2S3;EIF3H
prerank,Reactome_2022__Interactions Of Vpr With Host Cellular Proteins R-HSA-176033,0.5598441774064148,1.1638993431504217,2.658402e-01,1.000000e+00,1.000000e+00,3/6,33.92%,PSIP1;RANBP2;BANF1
prerank,Reactome_2022__Interleukin-35 Signaling R-HSA-8984722,0.5435071504221681,1.1628199272187687,2.793522e-01,1.000000e+00,1.000000e+00,5/7,37.93%,STAT4;CANX;STAT1;IL12RB2;JAK1
prerank,Reactome_2022__Cap-dependent Translation Initiation R-HSA-72737,0.4056252441032238,1.1623982516585125,2.437358e-01,1.000000e+00,1.000000e+00,14/24,35.63%,EIF4A2;EIF3A;FAU;UBA52;EIF3B;EIF4B;EIF3F;EIF3E;EIF3I;EIF5B;EIF3G;EIF3L;EIF2S3;EIF3H
prerank,Reactome_2022__Deubiquitination R-HSA-5688426,-0.23332282805505505,-1.162139130579538,1.304348e-01,7.469984e-01,1.000000e+00,18/61,16.19%,VDAC1;PSMB1;TADA3;NFKBIA;VDAC2;UBB;ADRM1;PSMB4;INO80E;PSMA1;OTUB1;PSMD7;STAM;PSMA6;PSMA3;BIRC2;OGT;RHOA
prerank,Reactome_2022__Transcriptional Regulation By RUNX1 R-HSA-8878171,-0.22644257070868107,-1.1601403019323409,1.860465e-01,7.454537e-01,1.000000e+00,14/54,14.48%,PSMB1;CSNK2B;CREBBP;UBB;CBX4;H2AX;H2AZ1;PSMB4;SMARCE1;PSMA1;PSMD7;SMARCA2;PSMA6;PSMA3
prerank,Reactome_2022__RNA Polymerase III Transcription Termination R-HSA-73980,-0.45576407506702415,-1.1577703866579403,2.666667e-01,7.448058e-01,1.000000e+00,7/7,54.65%,POLR2K;POLR2E;POLR3GL;POLR2F;POLR2L;POLR1D;SSB
prerank,Reactome_2022__GPCR Downstream Signaling R-HSA-388396,0.3537610642145015,1.1563933035041924,2.339545e-01,1.000000e+00,1.000000e+00,12/58,11.43%,PRKCH;PPP3CC;RASGRP1;ARHGEF3;GNG2;PPP2R1A;PTGER2;CX3CR1;MAPK1;PPP1CA;ARHGEF1;ADRB2
prerank,Reactome_2022__Ion Channel Transport R-HSA-983712,-0.33827328902337234,-1.154496732337238,2.586207e-01,7.465634e-01,1.000000e+00,5/14,9.03%,UBB;ATP8B4;SRI;ATP6V0C;TCIRG1
prerank,Reactome_2022__Signaling By GPCR R-HSA-372790,0.3496368579863066,1.1540346340624372,2.374101e-01,1.000000e+00,1.000000e+00,13/62,11.43%,PRKCH;PPP3CC;RASGRP1;ARHGEF3;GNG2;PPP2R1A;PTGER2;CX3CR1;MAPK1;PPP1CA;ARHGEF1;ADGRE5;ADRB2
prerank,Reactome_2022__Translocation Of ZAP-70 To Immunological Synapse R-HSA-202430,0.5690668026876667,1.1504429157106724,2.710414e-01,1.000000e+00,1.000000e+00,3/6,18.96%,LCK;PTPN22;ZAP70
prerank,Reactome_2022__G Alpha (Z) Signaling Events R-HSA-418597,0.52162621205805,1.148762133110876,2.879581e-01,1.000000e+00,1.000000e+00,2/8,3.85%,PRKCH;GNG2
prerank,Reactome_2022__Platelet Aggregation (Plug Formation) R-HSA-76009,0.5151998031005154,1.1478679266151826,3.003851e-01,1.000000e+00,1.000000e+00,5/8,34.78%,RASGRP1;CSK;PTPN1;GRB2;TLN1
prerank,Reactome_2022__Integrin Signaling R-HSA-354192,0.5151998031005154,1.1478679266151826,3.003851e-01,1.000000e+00,1.000000e+00,5/8,34.78%,RASGRP1;CSK;PTPN1;GRB2;TLN1
prerank,Reactome_2022__Signaling By TGF-beta Receptor Complex R-HSA-170834,0.39114995915552747,1.1475898716529762,2.810750e-01,1.000000e+00,1.000000e+00,7/25,15.54%,NEDD8;UBA52;MAPK1;PPP1CA;PPP1CC;UCHL5;STUB1
prerank,Reactome_2022__Formation Of A Pool Of Free 40S Subunits R-HSA-72689,0.43779160031580666,1.1472360782591338,2.944641e-01,1.000000e+00,1.000000e+00,10/15,35.63%,EIF3A;FAU;UBA52;EIF3B;EIF3F;EIF3E;EIF3I;EIF3G;EIF3L;EIF3H
prerank,Reactome_2022__Sealing Of Nuclear Envelope (NE) By ESCRT-III R-HSA-9668328,0.5932561117454418,1.1452792056225918,2.927864e-01,1.000000e+00,1.000000e+00,1/5,1.34%,TUBA1A
prerank,Reactome_2022__HIV Life Cycle R-HSA-162587,-0.26053724827768404,-1.1444337227542234,2.159091e-01,7.680298e-01,1.000000e+00,12/34,18.86%,POLR2J;UBB;POLR2K;GTF2A2;RAN;FURIN;RANBP1;CCNT1;POLR2G;CXCR4;POLR2E;TAF15
prerank,Reactome_2022__Epigenetic Regulation Of Gene Expression R-HSA-212165,-0.2832645070071306,-1.1413476593950669,2.288136e-01,7.694104e-01,1.000000e+00,6/27,6.94%,CHD4;SAP30BP;POLR2K;RBBP7;H2AX;H2AZ1
prerank,Reactome_2022__ESR-mediated Signaling R-HSA-8939211,-0.23795468310553627,-1.1404205810176646,2.173913e-01,7.644521e-01,1.000000e+00,16/43,18.43%,CREBBP;POLR2J;GNAI2;GNB1;POLR2K;GTF2A2;H2AX;H2AZ1;FOS;GNB2;HSP90AA1;CCNT1;POLR2G;JUND;POLR2E;CTSD
prerank,Reactome_2022__L13a-mediated Translational Silencing Of Ceruloplasmin Expression R-HSA-156827,0.40328399036121887,1.1376489810150074,2.705479e-01,1.000000e+00,1.000000e+00,9/22,21.96%,EIF4A2;EIF3A;FAU;UBA52;EIF3B;EIF4B;EIF3F;EIF3E;EIF3I
prerank,Reactome_2022__FLT3 Signaling R-HSA-9607240,0.4860527567875307,1.1359322206005413,3.164400e-01,1.000000e+00,1.000000e+00,6/10,28.21%,CDKN1B;FYN;UBA52;LCK;CSK;GRB2
prerank,Reactome_2022__Signaling By NOTCH2 R-HSA-1980145,0.5457298791639658,1.1345928070894646,3.151432e-01,1.000000e+00,1.000000e+00,3/6,15.76%,UBA52;MIB2;GZMB
prerank,Reactome_2022__Interleukin-7 Signaling R-HSA-1266695,0.5204455286044994,1.134395661765648,3.080110e-01,1.000000e+00,1.000000e+00,6/7,42.74%,IL7R;SOCS1;JAK1;IL2RG;BRWD1;PIK3R1
prerank,Reactome_2022__NR1H2 And NR1H3-mediated Signaling R-HSA-9024446,0.5469747912067979,1.1341748704424715,3.197279e-01,1.000000e+00,1.000000e+00,2/6,4.33%,TNRC6B;MYLIP
prerank,Reactome_2022__MTOR Signaling R-HSA-165159,-0.4280991455716149,-1.133358887505002,2.810219e-01,7.777124e-01,1.000000e+00,4/7,16.51%,LAMTOR5;LAMTOR1;PRKAG1;EIF4G1
prerank,Reactome_2022__Developmental Biology R-HSA-1266738,-0.18585099714060443,-1.1329292980981824,1.000000e-03,7.717433e-01,1.000000e+00,40/137,17.74%,PSMB1;ARPC3;RSL24D1;CSNK2B;CREBBP;POLR2J;UBB;CDC42;PKN1;POLR2K;RBM8A;RHOC;RBBP7;CAPNS1;MED30;H2AX;H2AZ1;PSMB4;FURIN;AP2M1;ACTG1;PFN1;ARPC1B;ROCK1;PSMA1;PSMD7;MYL6;HSP90AA1;VAV3;PSMA6;ARPC2;PSMA3;LYN;MAGOH;POLR2G;RHOA;EIF4G1;CXCR4;DRAP1;POLR2E
prerank,Reactome_2022__PLC Beta Mediated Events R-HSA-112043,0.579671897164902,1.1322627164378267,2.841379e-01,1.000000e+00,1.000000e+00,4/5,37.18%,MAPK1;PRKX;CALM1;PRKACB
prerank,Reactome_2022__Ca-dependent Events R-HSA-111996,0.579671897164902,1.1322627164378267,2.841379e-01,1.000000e+00,1.000000e+00,4/5,37.18%,MAPK1;PRKX;CALM1;PRKACB
prerank,Reactome_2022__Post-chaperonin Tubulin Folding Pathway R-HSA-389977,0.5159872992081398,1.1318912067824125,3.140604e-01,1.000000e+00,1.000000e+00,2/8,15.87%,TUBA1A;TBCC
prerank,Reactome_2022__Interleukin Receptor SHC Signaling R-HSA-912526,0.5527819300101745,1.1311456900127952,3.188602e-01,1.000000e+00,1.000000e+00,5/6,42.74%,GRB2;INPP5D;JAK1;IL2RG;PIK3R1
prerank,Reactome_2022__Role Of GTSE1 In G2/M Progression After G2 Checkpoint R-HSA-8852276,-0.27020974278851306,-1.1293741305883849,3.406593e-01,7.744869e-01,1.000000e+00,12/28,21.74%,PSMB1;UBB;PSMB4;PSMA1;PSMD7;HSP90AA1;PSMA6;PSMA3;PSME2;PSME1;PSMB10;PSMD13
prerank,Reactome_2022__Antigen processing-Cross Presentation R-HSA-1236975,-0.24352285674355972,-1.1288533347148377,2.096774e-01,7.690125e-01,1.000000e+00,12/42,14.53%,PSMB1;UBB;HMGB1;PDIA3;SEC61G;PSMB4;PSMA1;PSMD7;PSMA6;TAPBP;PSMA3;VAMP8
prerank,"Reactome_2022__Respiratory Electron Transport, ATP Synthesis By Chemiosmotic Coupling, Heat Production By Uncoupling Proteins R-HSA-163200",-0.22134805575135952,-1.128787571500268,2.352941e-01,7.621421e-01,1.000000e+00,19/60,18.16%,NDUFA6;UQCRFS1;NDUFS8;COQ10B;COX5B;UQCRC2;NDUFS6;COX6A1;NDUFB8;ATP5F1C;ATP5PF;NDUFB11;COX8A;COX4I1;ATP5F1D;COX6C;NDUFA13;UCP2;ATP5MF
prerank,Reactome_2022__Anti-inflammatory Response Favoring Leishmania Infection R-HSA-9662851,0.4003425927465906,1.1266317819394518,3.166287e-01,1.000000e+00,1.000000e+00,9/22,24.04%,FYN;GNG2;PTGER2;MYH9;ADRB2;FGR;PLCG2;PTGER4;PRKX
prerank,Reactome_2022__Cross-presentation Of Soluble Exogenous Antigens (Endosomes) R-HSA-1236978,-0.27768530139480563,-1.125164655983385,2.500000e-01,7.651727e-01,1.000000e+00,10/23,21.74%,PSMB1;PSMB4;PSMA1;PSMD7;PSMA6;PSMA3;PSME2;PSME1;PSMB10;PSMD13
prerank,Reactome_2022__NRAGE Signals Death Thru JNK R-HSA-193648,0.5174110095477015,1.1247370711450442,3.272011e-01,1.000000e+00,1.000000e+00,3/7,18.91%,ARHGEF3;ARHGEF1;GNA13
prerank,Reactome_2022__Calcineurin Activates NFAT R-HSA-2025928,0.5786563885817773,1.1243989454541041,3.096296e-01,1.000000e+00,1.000000e+00,3/5,29.49%,NFATC2;NFATC3;CALM1
prerank,Reactome_2022__RND1 GTPase Cycle R-HSA-9696273,-0.4284182305630027,-1.124177449821901,2.803030e-01,7.600391e-01,1.000000e+00,7/7,57.37%,TMEM59;TXNL1;LEMD3;RRAS2;RBMX;FLOT2;PIK3R1
prerank,Reactome_2022__MyD88:MAL(TIRAP) Cascade Initiated On Plasma Membrane R-HSA-166058,-0.2837696824024393,-1.122219538635108,2.661290e-01,7.583055e-01,1.000000e+00,5/22,7.96%,NFKBIA;MAP3K8;UBB;HMGB1;FOS
prerank,Reactome_2022__RHO GTPases Activate Formins R-HSA-5663220,0.39197714970808534,1.1220310539532277,3.266444e-01,1.000000e+00,1.000000e+00,6/23,9.56%,KIF2A;DYNC1H1;PPP2R1A;BUB3;PPP1CC;PPP2R5C
prerank,Reactome_2022__Signaling By TGFB Family Members R-HSA-9006936,0.38108808328615745,1.121364518052331,3.195067e-01,1.000000e+00,1.000000e+00,7/26,15.54%,NEDD8;UBA52;MAPK1;PPP1CA;PPP1CC;UCHL5;STUB1
prerank,Reactome_2022__FGFR2 Alternative Splicing R-HSA-6803529,-0.34089497823938947,-1.11863752325021,3.093923e-01,7.615213e-01,1.000000e+00,5/13,17.74%,POLR2J;POLR2K;HNRNPH1;POLR2G;POLR2E
prerank,Reactome_2022__Interleukin-37 Signaling R-HSA-9008059,0.5219416091776128,1.1183996629920798,3.222812e-01,1.000000e+00,1.000000e+00,6/7,44.34%,PTPN4;IL18R1;PTPN7;SIGIRR;PTPN12;PTPN2
prerank,Reactome_2022__Cellular Response To Heat Stress R-HSA-3371556,0.38795169861081896,1.117492791010788,3.226910e-01,1.000000e+00,1.000000e+00,8/24,17.25%,EEF1A1;DNAJB1;DEDD2;MAPK1;PTGES3;GSK3B;ATM;ST13
prerank,Reactome_2022__Regulation Of IFNG Signaling R-HSA-877312,0.49670733412339635,1.1171465477867715,3.290155e-01,1.000000e+00,1.000000e+00,7/9,44.34%,PIAS1;PTPN1;STAT1;IFNG;SOCS1;JAK1;PTPN2
prerank,Reactome_2022__Transport To Golgi And Subsequent Modification R-HSA-948021,0.37337560574597733,1.1147016317417806,3.329634e-01,1.000000e+00,1.000000e+00,12/30,28.37%,DYNC1H1;SPTAN1;KDELR2;MGAT4A;ARFGAP3;ARF4;KDELR1;TRAPPC1;TMED9;CAPZB;TMED2;DCTN3
prerank,Reactome_2022__Pausing And Recovery Of Tat-mediated HIV Elongation R-HSA-167238,-0.371008434447351,-1.1127573052937758,3.020833e-01,7.642478e-01,1.000000e+00,5/11,17.74%,POLR2J;POLR2K;CCNT1;POLR2G;POLR2E
prerank,Reactome_2022__HIV Elongation Arrest And Recovery R-HSA-167287,-0.371008434447351,-1.1127573052937758,3.020833e-01,7.642478e-01,1.000000e+00,5/11,17.74%,POLR2J;POLR2K;CCNT1;POLR2G;POLR2E
prerank,Reactome_2022__Vpr-mediated Nuclear Import Of PICs R-HSA-180910,0.5675539726130708,1.1124961773046946,3.281027e-01,1.000000e+00,1.000000e+00,3/5,33.92%,PSIP1;RANBP2;BANF1
prerank,Reactome_2022__Signaling By KIT In Disease R-HSA-9669938,0.5216440817387435,1.1122039774013726,3.394980e-01,1.000000e+00,1.000000e+00,4/7,29.01%,FYN;LCK;GRB2;STAT1
prerank,Reactome_2022__Ion Transport By P-type ATPases R-HSA-936837,-0.4802884108371293,-1.1119575329037512,3.028391e-01,7.601246e-01,1.000000e+00,2/5,3.37%,ATP8B4;SRI
prerank,Reactome_2022__Interleukin-21 Signaling R-HSA-9020958,0.5575419895239194,1.1101405810414007,3.460993e-01,1.000000e+00,1.000000e+00,4/5,38.35%,STAT4;STAT1;JAK1;IL2RG
prerank,Reactome_2022__Interleukin-2 Signaling R-HSA-9020558,0.5577630352362767,1.110105574429944,3.434783e-01,1.000000e+00,1.000000e+00,3/5,38.35%,LCK;JAK1;IL2RG
prerank,Reactome_2022__Diseases Of Programmed Cell Death R-HSA-9645723,-0.3227010670038832,-1.1100845168896216,2.909091e-01,7.583439e-01,1.000000e+00,4/14,6.94%,RBBP7;CAPNS1;H2AX;H2AZ1
prerank,Reactome_2022__PCP/CE Pathway R-HSA-4086400,-0.25948772446835333,-1.1064620701687957,2.658228e-01,7.619863e-01,1.000000e+00,13/32,20.19%,PSMB1;UBB;PSMB4;AP2M1;PFN1;PSMA1;PSMD7;PSMA6;PSMA3;RHOA;PSME2;PSME1;PSMB10
prerank,Reactome_2022__Signaling By FGFR2 In Disease R-HSA-5655253,-0.3873155087126883,-1.1064356498770616,3.014354e-01,7.557185e-01,1.000000e+00,2/9,3.04%,POLR2J;POLR2K
prerank,Reactome_2022__IKK Complex Recruitment Mediated By RIP1 R-HSA-937041,0.5180488499073114,1.104891089388254,3.274696e-01,1.000000e+00,1.000000e+00,2/7,6.62%,UBE2D2;UBA52
prerank,"Reactome_2022__TICAM1, RIP1-mediated IKK Complex Recruitment R-HSA-168927",0.5180488499073114,1.104891089388254,3.274696e-01,1.000000e+00,1.000000e+00,2/7,6.62%,UBE2D2;UBA52
prerank,"Reactome_2022__Interleukin-3, Interleukin-5 And GM-CSF Signaling R-HSA-512988",0.47546059646114747,1.1046519128615535,3.437892e-01,1.000000e+00,1.000000e+00,7/10,42.74%,FYN;YWHAZ;GRB2;INPP5D;JAK1;IL2RG;PIK3R1
prerank,Reactome_2022__Cleavage Of Damaged Purine R-HSA-110331,-0.45402541255740864,-1.1041573230284827,2.743682e-01,7.496847e-01,1.000000e+00,4/6,19.93%,H2AX;H2AZ1;MPG;H2AZ2
prerank,"Reactome_2022__Base-Excision Repair, AP Site Formation R-HSA-73929",-0.45402541255740864,-1.1041573230284827,2.743682e-01,7.496847e-01,1.000000e+00,4/6,19.93%,H2AX;H2AZ1;MPG;H2AZ2
prerank,Reactome_2022__RHO GTPases Activate WASPs And WAVEs R-HSA-5663213,-0.2998561146719814,-1.103405321356596,2.876712e-01,7.455536e-01,1.000000e+00,6/16,13.73%,ARPC3;CDC42;BRK1;ACTG1;ARPC1B;ARPC2
prerank,Reactome_2022__G Alpha (Q) Signaling Events R-HSA-416476,0.4188876072836902,1.1027815561734833,3.450704e-01,1.000000e+00,1.000000e+00,4/17,7.37%,PRKCH;RASGRP1;GNG2;MAPK1
prerank,Reactome_2022__RAB Geranylgeranylation R-HSA-8873719,0.4325922665838388,1.1026515615688148,3.471883e-01,1.000000e+00,1.000000e+00,3/14,9.08%,RAB14;RAB37;RAB27A
prerank,Reactome_2022__Activation Of BH3-only Proteins R-HSA-114452,0.5103224435119512,1.0995590782355151,3.482260e-01,1.000000e+00,1.000000e+00,2/7,16.24%,PPP3CC;YWHAZ
prerank,Reactome_2022__Cargo Trafficking To Periciliary Membrane R-HSA-5620920,0.5381312472078121,1.0985609553257103,3.305204e-01,1.000000e+00,1.000000e+00,3/6,19.34%,CCT2;CCT3;ARF4
prerank,Reactome_2022__RAC3 GTPase Cycle R-HSA-9013423,-0.2729395758371487,-1.0982194393258822,2.857143e-01,7.541782e-01,1.000000e+00,5/22,8.55%,CDC42;PKN1;TAOK3;LAMTOR1;BRK1
prerank,Reactome_2022__Rev-mediated Nuclear Export Of HIV RNA R-HSA-165054,-0.49960536411683854,-1.095598381158843,3.233333e-01,7.558915e-01,1.000000e+00,2/5,9.67%,RAN;RANBP1
prerank,Reactome_2022__Transcriptional Regulation By RUNX3 R-HSA-8878159,-0.24995283110187583,-1.0946567381692693,2.592593e-01,7.523576e-01,1.000000e+00,9/33,14.90%,PSMB1;CREBBP;UBB;PSMB4;PSMA1;PSMD7;PSMA6;PSMA3;RUNX3
prerank,Reactome_2022__Constitutive Signaling By NOTCH1 HD+PEST Domain Mutants R-HSA-2894862,-0.35654628801201715,-1.0938690755674156,3.317536e-01,7.488798e-01,1.000000e+00,2/10,1.92%,CREBBP;UBB
prerank,Reactome_2022__Integration Of Energy Metabolism R-HSA-163685,0.44110104804231975,1.093800310285724,3.714286e-01,1.000000e+00,1.000000e+00,3/13,5.82%,VAMP2;GNG2;PPP2R1A
prerank,Reactome_2022__RNA Pol II CTD Phosphorylation And Interaction With CE R-HSA-77075,-0.37463258088395857,-1.0932213362724839,3.165138e-01,7.392396e-01,1.000000e+00,2/10,3.04%,POLR2J;POLR2K
prerank,Reactome_2022__mRNA Capping R-HSA-72086,-0.37463258088395857,-1.0932213362724839,3.165138e-01,7.392396e-01,1.000000e+00,2/10,3.04%,POLR2J;POLR2K
prerank,Reactome_2022__Transcription Of HIV Genome R-HSA-167172,-0.31468440870296144,-1.0915433909653571,3.161290e-01,7.383484e-01,1.000000e+00,7/17,18.86%,POLR2J;POLR2K;GTF2A2;CCNT1;POLR2G;POLR2E;TAF15
prerank,Reactome_2022__Dual Incision In GG-NER R-HSA-5696400,-0.4303174784805097,-1.0904358872473519,3.282443e-01,7.357670e-01,1.000000e+00,2/6,5.02%,UBB;XPA
prerank,Reactome_2022__Formation Of Early Elongation Complex R-HSA-113418,-0.38710987633624994,-1.088987113785755,3.212670e-01,7.335785e-01,1.000000e+00,2/9,3.04%,POLR2J;POLR2K
prerank,Reactome_2022__Nuclear Events Mediated By NFE2L2 R-HSA-9759194,-0.2550429213317523,-1.086958003334087,2.666667e-01,7.332844e-01,1.000000e+00,9/33,14.48%,PSMB1;CREBBP;UBB;PSMB4;PSMA1;ATF4;PSMD7;PSMA6;PSMA3
prerank,Reactome_2022__RHO GTPases Activate ROCKs R-HSA-5627117,-0.37617732456732456,-1.0853082318607212,3.451327e-01,7.321317e-01,1.000000e+00,5/9,16.19%,PKN1;RHOC;ROCK1;MYL6;RHOA
prerank,Reactome_2022__SUMOylation Of Ubiquitinylation Proteins R-HSA-3232142,0.526081362805316,1.085261530260909,3.641457e-01,1.000000e+00,1.000000e+00,1/6,5.77%,PIAS1
prerank,custom_senescence_signatures.gmt__GSE9650_EFFECTOR_VS_EXHAUSTED_CD8_TCELL_UP,0.32849667038250135,1.0849534959878253,3.625129e-01,5.335838e-01,9.280000e-01,19/66,20.19%,PRKCH;ETS1;ATP5PO;PIK3CD;RNF167;SSNA1;SEPTIN6;DNAJB1;STK38;RORA;ELAVL1;KLRK1;EIF3B;ANAPC16;ST13;ITGAL;EIF4A3;CIB1;MBP
prerank,Reactome_2022__Apoptotic Execution Phase R-HSA-75153,0.3936903559091196,1.0843066804986103,3.616019e-01,1.000000e+00,1.000000e+00,7/19,22.12%,ACIN1;SPTAN1;H1-4;H1-3;ADD1;CASP8;H1-2
prerank,Reactome_2022__EGFR Downregulation R-HSA-182971,-0.3554291740887333,-1.0832672714386338,3.242009e-01,7.318378e-01,1.000000e+00,2/10,2.03%,UBB;CDC42
prerank,Reactome_2022__Cell-Cell Communication R-HSA-1500931,0.43151484658000655,1.0818232315621414,3.792271e-01,1.000000e+00,1.000000e+00,8/14,46.47%,FYN;SPTAN1;FYB1;GRB2;IQGAP1;VASP;PIK3R1;ITGB1
prerank,Reactome_2022__Degradation Of DVL R-HSA-4641258,-0.25385289704447417,-1.081770470221254,3.367347e-01,7.302207e-01,1.000000e+00,12/28,22.60%,PSMB1;UBB;PSMB4;PSMA1;PSMD7;PSMA6;PSMA3;PSME2;PSME1;PSMB10;PSMD13;CUL3
prerank,Reactome_2022__Antiviral Mechanism By IFN-stimulated Genes R-HSA-1169410,0.39065870541268705,1.0810540790308136,3.849658e-01,1.000000e+00,1.000000e+00,10/20,32.75%,EIF4A2;UBA52;EIF4G2;EIF2AK2;EIF4A3;PPM1B;ISG15;STAT1;RANBP2;KPNB1
prerank,Reactome_2022__MHC Class II Antigen Presentation R-HSA-2132295,0.4162008970107185,1.0810189372077654,3.637441e-01,1.000000e+00,1.000000e+00,7/16,28.37%,KIF2A;DYNC1H1;KIFAP3;CANX;CD74;CAPZB;DCTN3
prerank,Reactome_2022__NOTCH2 Activation And Transmission Of Signal To Nucleus R-HSA-2979096,0.5530973873053531,1.0793076057598812,3.910534e-01,1.000000e+00,1.000000e+00,2/5,7.64%,UBA52;MIB2
prerank,Reactome_2022__SUMOylation Of Intracellular Receptors R-HSA-4090294,0.4780677507885805,1.0789403503211787,3.942786e-01,1.000000e+00,1.000000e+00,2/9,9.29%,PIAS1;RORA
prerank,Reactome_2022__Signaling By ALK Fusions And Activated Point Mutants R-HSA-9725370,0.37704712999034795,1.0778153038101508,3.866213e-01,1.000000e+00,1.000000e+00,9/24,28.21%,GCC2;RNF213;MAPK1;MYH9;PPM1B;BIRC6;NPM1;EML4;GRB2
prerank,Reactome_2022__Regulation Of Expression Of SLITs And ROBOs R-HSA-9010553,-0.23905565851192517,-1.0775711942455746,2.816901e-01,7.351129e-01,1.000000e+00,14/37,20.19%,PSMB1;RSL24D1;UBB;RBM8A;PSMB4;PSMA1;PSMD7;PSMA6;PSMA3;MAGOH;EIF4G1;PSME2;PSME1;PSMB10
prerank,Reactome_2022__Regulation Of KIT Signaling R-HSA-1433559,0.5568260925249362,1.076287361876506,3.806180e-01,1.000000e+00,1.000000e+00,4/5,35.42%,FYN;LCK;GRB2;SOCS1
prerank,Reactome_2022__Endosomal/Vacuolar Pathway R-HSA-1236977,0.49501653275545787,1.0761340587655128,3.879781e-01,1.000000e+00,1.000000e+00,6/7,48.93%,LNPEP;HLA-E;HLA-C;HLA-F;HLA-A;HLA-B
prerank,Reactome_2022__Transcriptional Regulation Of Granulopoiesis R-HSA-9616222,0.4701943494002051,1.0751575855638247,3.797139e-01,1.000000e+00,1.000000e+00,2/9,5.56%,FLI1;KMT2A
prerank,Reactome_2022__Base Excision Repair R-HSA-73884,-0.40371774437771335,-1.0744436554259684,3.004115e-01,7.391106e-01,1.000000e+00,4/7,19.93%,H2AX;H2AZ1;MPG;H2AZ2
prerank,Reactome_2022__CD28 Co-Stimulation R-HSA-389356,-0.3703658914451249,-1.0740076009503663,3.461538e-01,7.347616e-01,1.000000e+00,3/9,2.62%,MAP3K8;CDC42;PKN1
prerank,Reactome_2022__APC/C:Cdh1 Mediated Degradation Of Cdc20 And APC/C:Cdh1 Targets In Late Mitosis/Early G1 R-HSA-174178,-0.24692942710028992,-1.0735500872785224,3.448276e-01,7.153263e-01,1.000000e+00,8/30,14.48%,PSMB1;UBB;PSMB4;UBE2S;PSMA1;PSMD7;PSMA6;PSMA3
prerank,Reactome_2022__CDK-mediated Phosphorylation And Removal Of Cdc6 R-HSA-69017,-0.24692942710028992,-1.0735500872785224,3.448276e-01,7.153263e-01,1.000000e+00,8/30,14.48%,PSMB1;UBB;PSMB4;UBE2S;PSMA1;PSMD7;PSMA6;PSMA3
prerank,Reactome_2022__APC/C:Cdc20 Mediated Degradation Of Securin R-HSA-174154,-0.24692942710028992,-1.0735500872785224,3.448276e-01,7.153263e-01,1.000000e+00,8/30,14.48%,PSMB1;UBB;PSMB4;UBE2S;PSMA1;PSMD7;PSMA6;PSMA3
prerank,Reactome_2022__Autodegradation Of Cdh1 By Cdh1:APC/C R-HSA-174084,-0.24692942710028992,-1.0735500872785224,3.448276e-01,7.153263e-01,1.000000e+00,8/30,14.48%,PSMB1;UBB;PSMB4;UBE2S;PSMA1;PSMD7;PSMA6;PSMA3
prerank,Reactome_2022__Signaling By WNT In Cancer R-HSA-4791275,0.5044035569245088,1.0732413332772381,3.911883e-01,1.000000e+00,1.000000e+00,3/7,16.08%,PPP2R1A;PPP2R5C;GSK3B
prerank,Reactome_2022__Regulation Of Activated PAK-2p34 By Proteasome Mediated Degradation R-HSA-211733,-0.2614613031378363,-1.0729955492812788,3.333333e-01,6.973145e-01,1.000000e+00,11/26,21.74%,PSMB1;UBB;PSMB4;PSMA1;PSMD7;PSMA6;PSMA3;PSME2;PSME1;PSMB10;PSMD13
prerank,Reactome_2022__Regulation Of Apoptosis R-HSA-169911,-0.2614613031378363,-1.0729955492812788,3.333333e-01,6.973145e-01,1.000000e+00,11/26,21.74%,PSMB1;UBB;PSMB4;PSMA1;PSMD7;PSMA6;PSMA3;PSME2;PSME1;PSMB10;PSMD13
prerank,Reactome_2022__Asymmetric Localization Of PCP Proteins R-HSA-4608870,-0.2614613031378363,-1.0729955492812788,3.333333e-01,6.973145e-01,1.000000e+00,11/26,21.74%,PSMB1;UBB;PSMB4;PSMA1;PSMD7;PSMA6;PSMA3;PSME2;PSME1;PSMB10;PSMD13
prerank,Reactome_2022__Ubiquitin Mediated Degradation Of Phosphorylated Cdc25A R-HSA-69601,-0.2614613031378363,-1.0729955492812788,3.333333e-01,6.973145e-01,1.000000e+00,11/26,21.74%,PSMB1;UBB;PSMB4;PSMA1;PSMD7;PSMA6;PSMA3;PSME2;PSME1;PSMB10;PSMD13
prerank,Reactome_2022__Nuclear Events (Kinase And Transcription Factor Activation) R-HSA-198725,0.43324364990618247,1.0729199103921236,4.022140e-01,1.000000e+00,1.000000e+00,3/13,7.37%,PPP2R1A;REST;MAPK1
prerank,Reactome_2022__PI Metabolism R-HSA-1483255,0.522573221749056,1.0720304677037242,3.997253e-01,1.000000e+00,1.000000e+00,5/6,42.74%,RAB14;PIP4K2A;INPP5D;SACM1L;PIK3R1
prerank,Reactome_2022__ISG15 Antiviral Mechanism R-HSA-1169408,0.39377369461736533,1.0708917793546588,3.895349e-01,1.000000e+00,1.000000e+00,10/19,32.75%,EIF4A2;UBA52;EIF4G2;EIF2AK2;EIF4A3;PPM1B;ISG15;STAT1;RANBP2;KPNB1
prerank,Reactome_2022__Rab Regulation Of Trafficking R-HSA-9007101,0.3726610235604233,1.0697612901149336,3.702032e-01,1.000000e+00,1.000000e+00,8/25,21.85%,RAB14;DENND4C;HPS1;RAB27A;GDI2;DENND2D;RAB9A;TRAPPC1
prerank,Reactome_2022__APC-Cdc20 Mediated Degradation Of Nek2A R-HSA-179409,0.4847569116526931,1.0690915972047021,3.848168e-01,1.000000e+00,1.000000e+00,3/8,16.77%,UBA52;BUB3;ANAPC16
prerank,Reactome_2022__BBSome-mediated Cargo-Targeting To Cilium R-HSA-5620922,0.5572789144066641,1.0670225694986912,3.950073e-01,1.000000e+00,1.000000e+00,2/5,10.68%,CCT2;CCT3
prerank,Reactome_2022__Sensory Perception R-HSA-9709957,0.39342293045172594,1.0666579507570082,3.927739e-01,1.000000e+00,1.000000e+00,4/18,7.96%,VAMP2;RIPOR2;SPTAN1;MYH9
prerank,Reactome_2022__TP53 Regulates Transcription Of Cell Death Genes R-HSA-5633008,-0.4625464936180712,-1.062048408044657,3.297101e-01,7.137170e-01,1.000000e+00,2/5,8.33%,CREBBP;PRELID1
prerank,Reactome_2022__TP53 Regulates Transcription Of Genes Involved In Cytochrome C Release R-HSA-6803204,-0.4625464936180712,-1.062048408044657,3.297101e-01,7.137170e-01,1.000000e+00,2/5,8.33%,CREBBP;PRELID1
prerank,Reactome_2022__Nuclear Events Stimulated By ALK Signaling In Cancer R-HSA-9725371,0.49816468854442336,1.0588269211789136,4.264901e-01,1.000000e+00,1.000000e+00,3/7,24.57%,MAPK1;NPM1;EML4
prerank,Reactome_2022__CD209 (DC-SIGN) Signaling R-HSA-5621575,-0.3485704035633569,-1.058596432087172,3.407080e-01,7.173066e-01,1.000000e+00,2/10,2.62%,CREBBP;PKN1
prerank,Reactome_2022__NS1 Mediated Effects On Host Pathways R-HSA-168276,0.47906758065552496,1.0577482815930075,4.017972e-01,1.000000e+00,1.000000e+00,4/8,32.75%,EIF2AK2;ISG15;RANBP2;KPNB1
prerank,Reactome_2022__Interleukin-17 Signaling R-HSA-448424,0.4268300465566138,1.0569030157787054,3.997540e-01,1.000000e+00,1.000000e+00,3/13,7.37%,PPP2R1A;UBA52;MAPK1
prerank,Reactome_2022__MAP Kinase Activation R-HSA-450294,0.4268300465566138,1.0569030157787054,3.997540e-01,1.000000e+00,1.000000e+00,3/13,7.37%,PPP2R1A;UBA52;MAPK1
prerank,Reactome_2022__Antigen Activates B Cell Receptor Leading To Second Messenger Generation R-HSA-983695,0.47982849645875036,1.0540721336084573,4.015748e-01,1.000000e+00,1.000000e+00,6/8,42.74%,FYN;PLCG2;GRB2;CALM1;ORAI1;PIK3R1
prerank,Reactome_2022__Nonsense Mediated Decay (NMD) Independent Of Exon Junction Complex (EJC) R-HSA-975956,0.546300203870947,1.0539993524236855,4.185714e-01,1.000000e+00,1.000000e+00,2/5,6.62%,FAU;UBA52
prerank,Reactome_2022__Influenza Viral RNA Transcription And Replication R-HSA-168273,-0.28656309568029575,-1.0523664007122098,3.422819e-01,7.272790e-01,1.000000e+00,3/17,3.04%,RSL24D1;POLR2J;POLR2K
prerank,Reactome_2022__Cell Cycle Checkpoints R-HSA-69620,0.3282486869760662,1.05069377655763,4.279749e-01,1.000000e+00,1.000000e+00,16/53,24.63%,KIF2A;CDKN1B;DYNC1H1;PPP2R1A;UBA52;BUB3;PPP1CC;PPP2R5C;ATM;YWHAZ;ANAPC16;NUDC;PSMC3;PSMA5;PSMF1;PSMD4
prerank,Reactome_2022__Signal Transduction R-HSA-162582,0.2890933682308586,1.050625045666999,3.270000e-01,1.000000e+00,1.000000e+00,97/390,22.92%,CDC42SE2;PRKCH;KIF2A;TAGAP;PPP3CC;CCDC88C;NEDD8;DDX5;RASGRP1;CDKN1B;FYN;ARHGAP25;ARHGEF3;DYNC1H1;ARHGAP45;TNRC6B;GNG2;RASA3;MYLIP;SPTAN1;KDM4C;DNAJB1;PPP2R1A;KTN1;ERLEC1;REST;UBA52;SH2D2A;PTGER2;CX3CR1;PHIP;MAPK1;ADD3;MIB2;CCT2;PPP1CA;FNBP1;MYH9;LBR;CDC73;STK38;BUB3;STK4;RORA;STOM;PPP1CC;PPP2R5C;SEPTIN7;DEF6;ARHGEF1;UCHL5;ADGRE5;ARHGAP30;RAP1GDS1;ADRB2;ITSN2;TLE1;IKZF1;LCK;RHOH;CCND3;PTGES3;EIF4B;IQGAP2;STUB1;GZMB;UHMK1;GSK3B;FMNL1;YWHAZ;CYFIP2;CNOT6L;DGKD;CASP8;ARHGAP15;COL6A2;WIPF1;PLCG2;ARFGAP3;GNA13;ZAP70;CCL3;HMOX2;NUDC;PSMC3;DOCK10;HIF1A;RAB9A;POLR2A;TLE4;PTGER4;TIAL1;MYL12B;ABI1;CSK;PSMA5;CAPZB
prerank,"Reactome_2022__Cell Death Signaling Via NRAGE, NRIF And NADE R-HSA-204998",0.42005184540920393,1.0495067433757117,4.258794e-01,1.000000e+00,1.000000e+00,4/12,18.91%,ARHGEF3;UBA52;ARHGEF1;GNA13
prerank,Reactome_2022__Metabolism Of Water-Soluble Vitamins And Cofactors R-HSA-196849,0.46140497175878026,1.0480815820135998,4.164557e-01,1.000000e+00,1.000000e+00,4/9,27.67%,PARP10;SLC2A3;CD320;FPGS
prerank,Reactome_2022__Regulation Of TP53 Activity Thru Methylation R-HSA-6804760,0.53862352940783,1.0478620964756504,4.337176e-01,1.000000e+00,1.000000e+00,3/5,18.70%,UBA52;ATM;EHMT1
prerank,Reactome_2022__SUMOylation Of Transcription Cofactors R-HSA-3899300,0.421443855404692,1.0476880227418555,4.233577e-01,1.000000e+00,1.000000e+00,5/12,21.47%,DDX5;PIAS1;DDX17;SAFB;NPM1
prerank,Reactome_2022__FCERI Mediated Ca+2 Mobilization R-HSA-2871809,0.43484395596847203,1.0472954668736898,4.140915e-01,1.000000e+00,1.000000e+00,6/11,34.03%,NFATC2;PLCG2;NFATC3;GRB2;CALM1;TXK
prerank,Reactome_2022__RHOV GTPase Cycle R-HSA-9013424,-0.3534416416153171,-1.0464409833986235,3.523316e-01,7.374795e-01,1.000000e+00,3/10,10.31%,CDC42;PKN1;TPM3
prerank,Reactome_2022__Constitutive Signaling By Aberrant PI3K In Cancer R-HSA-2219530,0.47336693166557264,1.0462648557776066,4.256145e-01,1.000000e+00,1.000000e+00,5/8,42.74%,FYN;LCK;GRB2;RAC2;PIK3R1
prerank,Reactome_2022__Signaling By SCF-KIT R-HSA-1433557,0.45689523609036997,1.0455373245826594,4.301746e-01,1.000000e+00,1.000000e+00,5/9,35.42%,FYN;LCK;GRB2;STAT1;SOCS1
prerank,Reactome_2022__Signaling By FGFR In Disease R-HSA-1226099,-0.3289841405875076,-1.0450096053237075,3.675676e-01,7.360060e-01,1.000000e+00,5/12,17.74%,POLR2J;POLR2K;POLR2G;LRRFIP1;POLR2E
prerank,Reactome_2022__Vpu Mediated Degradation Of CD4 R-HSA-180534,-0.25320670657789923,-1.0443359516579585,3.663366e-01,7.281475e-01,1.000000e+00,11/27,21.74%,PSMB1;UBB;PSMB4;PSMA1;PSMD7;PSMA6;PSMA3;PSME2;PSME1;PSMB10;PSMD13
prerank,Reactome_2022__SCF-beta-TrCP Mediated Degradation Of Emi1 R-HSA-174113,-0.25320670657789923,-1.0443359516579585,3.663366e-01,7.281475e-01,1.000000e+00,11/27,21.74%,PSMB1;UBB;PSMB4;PSMA1;PSMD7;PSMA6;PSMA3;PSME2;PSME1;PSMB10;PSMD13
prerank,Reactome_2022__Binding And Uptake Of Ligands By Scavenger Receptors R-HSA-2173782,-0.4036603847524888,-1.0440456594614165,3.589744e-01,7.240864e-01,1.000000e+00,3/7,13.94%,C1D;HSP90AA1;FTH1
prerank,Reactome_2022__TP53 Regulates Metabolic Genes R-HSA-5628897,-0.26883535300442385,-1.04317929350146,4.000000e-01,7.215102e-01,1.000000e+00,10/24,16.40%,DDIT4;LAMTOR5;COX5B;LAMTOR1;PRDX5;COX6A1;COX8A;PRKAG1;COX4I1;COX6C
prerank,Reactome_2022__Leishmania Infection R-HSA-9658195,0.3273693642041137,1.0430674919351723,4.348739e-01,1.000000e+00,1.000000e+00,19/47,29.49%,FYN;GNG2;PSTPIP1;PTGER2;MAPK1;MYH9;ADRB2;FGR;CYFIP2;WIPF1;PLCG2;PTGER4;ABI1;NFKB2;PRKX;CYBA;GRB2;ACTR3;CALM1
prerank,Reactome_2022__Signaling By Non-Receptor Tyrosine Kinases R-HSA-9006927,0.44537399184600335,1.0413994085565712,4.433249e-01,1.000000e+00,1.000000e+00,5/10,26.07%,CDKN1B;UBA52;HIF1A;KHDRBS1;PTPN1
prerank,Reactome_2022__PINK1-PRKN Mediated Mitophagy R-HSA-5205685,-0.34419550029389107,-1.040931215393616,3.930131e-01,7.225713e-01,1.000000e+00,3/10,8.49%,VDAC1;UBB;MAP1LC3B
prerank,Reactome_2022__ER To Golgi Anterograde Transport R-HSA-199977,0.3538597906549985,1.0388474396517065,4.382022e-01,1.000000e+00,1.000000e+00,11/28,28.37%,DYNC1H1;SPTAN1;KDELR2;ARFGAP3;ARF4;KDELR1;TRAPPC1;TMED9;CAPZB;TMED2;DCTN3
prerank,Reactome_2022__SIRT1 Negatively Regulates rRNA Expression R-HSA-427359,-0.44506412106125737,-1.0371125083228494,3.636364e-01,7.269582e-01,1.000000e+00,4/5,20.57%,H2AX;H2AZ1;H2AZ2;H3-3B
prerank,Reactome_2022__RHO GTPase Effectors R-HSA-195258,0.3155041671581402,1.036238659087431,4.375000e-01,1.000000e+00,1.000000e+00,24/63,29.49%,KIF2A;CDKN1B;DYNC1H1;KDM4C;PPP2R1A;KTN1;MAPK1;MYH9;BUB3;PPP1CC;PPP2R5C;IQGAP2;FMNL1;YWHAZ;CYFIP2;WIPF1;NUDC;MYL12B;ABI1;CYBA;EVL;GRB2;ACTR3;CALM1
prerank,Reactome_2022__Condensation Of Prophase Chromosomes R-HSA-2299718,-0.4479070786748022,-1.036220141642593,3.606557e-01,7.249572e-01,1.000000e+00,4/5,20.57%,H2AX;H2AZ1;H2AZ2;H3-3B
prerank,Reactome_2022__Formation Of HIV-1 Elongation Complex Containing HIV-1 Tat R-HSA-167200,-0.3291187800777097,-1.0354673448344955,4.051282e-01,7.176401e-01,1.000000e+00,5/12,17.74%,POLR2J;POLR2K;CCNT1;POLR2G;POLR2E
prerank,Reactome_2022__Formation Of HIV Elongation Complex In Absence Of HIV Tat R-HSA-167152,-0.3291187800777097,-1.0354673448344955,4.051282e-01,7.176401e-01,1.000000e+00,5/12,17.74%,POLR2J;POLR2K;CCNT1;POLR2G;POLR2E
prerank,Reactome_2022__Synthesis Of DNA R-HSA-69239,-0.23575523701743828,-1.0345152166875047,3.804348e-01,7.115527e-01,1.000000e+00,8/32,14.48%,PSMB1;UBB;PSMB4;UBE2S;PSMA1;PSMD7;PSMA6;PSMA3
prerank,Reactome_2022__Switching Of Origins To A Post-Replicative State R-HSA-69052,-0.23575523701743828,-1.0345152166875047,3.804348e-01,7.115527e-01,1.000000e+00,8/32,14.48%,PSMB1;UBB;PSMB4;UBE2S;PSMA1;PSMD7;PSMA6;PSMA3
prerank,Reactome_2022__Platelet Homeostasis R-HSA-418346,0.4148799926144694,1.0344063505829302,4.562269e-01,1.000000e+00,1.000000e+00,4/13,11.70%,GNG2;PPP2R1A;PPP2R5C;FGR
prerank,Reactome_2022__FBXL7 Down-Regulates AURKA During Mitotic Entry And In Early Mitosis R-HSA-8854050,-0.24612651739711452,-1.0343828299532702,3.838384e-01,7.033306e-01,1.000000e+00,11/28,21.74%,PSMB1;UBB;PSMB4;PSMA1;PSMD7;PSMA6;PSMA3;PSME2;PSME1;PSMB10;PSMD13
prerank,Reactome_2022__Orc1 Removal From Chromatin R-HSA-68949,-0.24612651739711452,-1.0343828299532702,3.838384e-01,7.033306e-01,1.000000e+00,11/28,21.74%,PSMB1;UBB;PSMB4;PSMA1;PSMD7;PSMA6;PSMA3;PSME2;PSME1;PSMB10;PSMD13
prerank,Reactome_2022__RHOBTB2 GTPase Cycle R-HSA-9013418,0.39760266979395087,1.0325534324501164,4.340278e-01,1.000000e+00,1.000000e+00,3/15,8.33%,PHIP;CCT2;STK38
prerank,Reactome_2022__Telomere Maintenance R-HSA-157579,-0.30460684040185704,-1.0325240950373578,3.786982e-01,6.993089e-01,1.000000e+00,4/14,6.94%,POLR2J;POLR2K;H2AX;H2AZ1
prerank,Reactome_2022__Inhibition Of DNA Recombination At Telomere R-HSA-9670095,-0.30460684040185704,-1.0325240950373578,3.786982e-01,6.993089e-01,1.000000e+00,4/14,6.94%,POLR2J;POLR2K;H2AX;H2AZ1
prerank,Reactome_2022__Transcriptional Regulation By TP53 R-HSA-3700989,-0.19854036534446956,-1.0297454620282722,4.782609e-01,7.019549e-01,1.000000e+00,19/72,13.84%,CSNK2B;CREBBP;CHD4;DDIT4;POLR2J;UBB;LAMTOR5;POLR2K;RBBP7;COX5B;FOS;LAMTOR1;PRELID1;PRDX5;COX6A1;RICTOR;COX8A;PRKAG1;CCNT1
prerank,Reactome_2022__Activated NOTCH1 Transmits Signal To Nucleus R-HSA-2122948,0.4941315339812163,1.029718200988209,4.384509e-01,1.000000e+00,1.000000e+00,2/6,7.64%,UBA52;MIB2
prerank,Reactome_2022__GPCR Ligand Binding R-HSA-500792,0.3558693125998963,1.0287575285025423,4.475446e-01,1.000000e+00,1.000000e+00,7/25,21.42%,GNG2;PTGER2;CX3CR1;ADGRE5;ADRB2;CCL3;PTGER4
prerank,Reactome_2022__Apoptosis R-HSA-109581,0.31455711443436146,1.0259905189651262,4.561587e-01,1.000000e+00,1.000000e+00,17/59,24.63%,CYCS;PPP3CC;ACIN1;SPTAN1;UBA52;MAPK1;H1-4;H1-3;ADD1;GZMB;YWHAZ;CASP8;PSMC3;H1-2;PSMA5;PSMF1;PSMD4
prerank,Reactome_2022__Signaling By PDGFR In Disease R-HSA-9671555,0.48686023821312585,1.0253566459840435,4.660453e-01,1.000000e+00,1.000000e+00,5/7,42.74%,GOLGA4;GRB2;STAT1;BIN2;PIK3R1
prerank,Reactome_2022__Growth Hormone Receptor Signaling R-HSA-982772,0.49588842705615616,1.024760118576239,4.560000e-01,1.000000e+00,1.000000e+00,4/6,35.42%,MAPK1;PTPN1;STAT1;SOCS1
prerank,Reactome_2022__Meiotic Recombination R-HSA-912446,-0.45798871734822505,-1.0233565804695244,4.107744e-01,7.136616e-01,1.000000e+00,4/5,20.57%,H2AX;H2AZ1;H2AZ2;H3-3B
prerank,Reactome_2022__Regulation Of Ornithine Decarboxylase (ODC) R-HSA-350562,-0.2458829040390522,-1.0230661486908599,4.117647e-01,7.102928e-01,1.000000e+00,10/24,21.74%,PSMB1;PSMB4;PSMA1;PSMD7;PSMA6;PSMA3;PSME2;PSME1;PSMB10;PSMD13
prerank,Reactome_2022__Biological Oxidations R-HSA-211859,-0.3319931908930444,-1.0213718414033937,3.888889e-01,7.102962e-01,1.000000e+00,4/11,13.25%,VDAC2;GSTK1;GSTP1;AURKAIP1
prerank,Reactome_2022__Folding Of Actin By CCT/TriC R-HSA-390450,0.47930345945231795,1.0205240147430996,4.469274e-01,1.000000e+00,1.000000e+00,2/7,10.68%,CCT2;CCT3
prerank,Reactome_2022__Detoxification Of Reactive Oxygen Species R-HSA-3299685,0.4964915720727903,1.0200119918812178,4.742547e-01,1.000000e+00,1.000000e+00,1/6,0.53%,CYCS
prerank,Reactome_2022__Dectin-1 Mediated Noncanonical NF-kB Signaling R-HSA-5607761,-0.23633329541553144,-1.0191654773185335,4.130435e-01,7.115757e-01,1.000000e+00,12/30,21.74%,PSMB1;UBB;PSMB4;PSMA1;PSMD7;PSMA6;PSMA3;PSME2;PSME1;PSMB10;RELB;PSMD13
prerank,Reactome_2022__Retrograde Transport At Trans-Golgi-Network R-HSA-6811440,0.4451946445422631,1.0183206387847945,4.624506e-01,1.000000e+00,1.000000e+00,4/9,20.83%,GCC2;GOLGA4;NAA38;RAB9A
prerank,Reactome_2022__MAPK Family Signaling Cascades R-HSA-5683057,0.3060884919795499,1.0171427900867593,4.555669e-01,1.000000e+00,1.000000e+00,12/73,9.62%,RASGRP1;FYN;TNRC6B;RASA3;SPTAN1;DNAJB1;PPP2R1A;UBA52;MAPK1;PPP1CC;PPP2R5C;SEPTIN7
prerank,Reactome_2022__Deadenylation-dependent mRNA Decay R-HSA-429914,0.39145869537581723,1.017045423210004,4.569378e-01,1.000000e+00,1.000000e+00,7/15,29.86%,EIF4A2;EIF4B;CNOT6L;EIF4A3;LSM7;CNOT2;LSM4
prerank,Reactome_2022__Class A/1 (Rhodopsin-like Receptors) R-HSA-373076,0.3814182802869936,1.0142012393275408,4.870283e-01,1.000000e+00,1.000000e+00,5/17,21.42%,PTGER2;CX3CR1;ADRB2;CCL3;PTGER4
prerank,Reactome_2022__NOTCH3 Activation And Transmission Of Signal To Nucleus R-HSA-9013507,0.49027087084076165,1.012421485249379,4.775910e-01,1.000000e+00,1.000000e+00,2/6,7.64%,UBA52;MIB2
prerank,Reactome_2022__Assembly Of HIV Virion R-HSA-175474,-0.38817156230139754,-1.0108934297365595,3.721805e-01,7.275540e-01,1.000000e+00,2/7,7.48%,UBB;FURIN
prerank,Reactome_2022__Separation Of Sister Chromatids R-HSA-2467813,0.31965635491933964,1.0098200894205118,4.805468e-01,1.000000e+00,1.000000e+00,13/45,24.63%,KIF2A;DYNC1H1;PPP2R1A;UBA52;BUB3;PPP1CC;PPP2R5C;ANAPC16;NUDC;PSMC3;PSMA5;PSMF1;PSMD4
prerank,Reactome_2022__Ca2+ Pathway R-HSA-4086398,0.4394692189558482,1.008492970696416,4.747736e-01,1.000000e+00,1.000000e+00,2/9,3.85%,TNRC6B;GNG2
prerank,custom_senescence_signatures.gmt__CELLAGE_SENESCENCE_INDUCES,0.30771916676532907,1.006855346060925,4.834369e-01,5.844998e-01,9.810000e-01,12/64,17.31%,ATRX;PRKCH;ETS1;CDKN1B;PPP2R1A;MAPK1;RBL2;STK4;ITSN2;PIM1;EIF2AK2;ARID4B
prerank,Reactome_2022__Pyruvate Metabolism And Citric Acid (TCA) Cycle R-HSA-71406,-0.38915765830543925,-1.006797898212649,3.793103e-01,7.330367e-01,1.000000e+00,3/7,13.57%,VDAC1;LDHA;BSG
prerank,Reactome_2022__RHOQ GTPase Cycle R-HSA-9013406,-0.33822095148565334,-1.0053084931870935,4.232558e-01,7.327604e-01,1.000000e+00,3/10,8.17%,CDC42;PKN1;LAMTOR1
prerank,Reactome_2022__AUF1 (hnRNP D0) Binds And Destabilizes mRNA R-HSA-450408,-0.22954696308027883,-1.0040478813640292,4.838710e-01,7.318122e-01,1.000000e+00,12/30,21.74%,PSMB1;UBB;PSMB4;PSMA1;PSMD7;PSMA6;PSMA3;EIF4G1;PSME2;PSME1;PSMB10;PSMD13
prerank,Reactome_2022__NoRC Negatively Regulates rRNA Expression R-HSA-427413,-0.27444190744207064,-1.0030427431704307,4.534161e-01,7.261691e-01,1.000000e+00,4/18,6.94%,SAP30BP;POLR2K;H2AX;H2AZ1
prerank,Reactome_2022__Negative Epigenetic Regulation Of rRNA Expression R-HSA-5250941,-0.27444190744207064,-1.0030427431704307,4.534161e-01,7.261691e-01,1.000000e+00,4/18,6.94%,SAP30BP;POLR2K;H2AX;H2AZ1
prerank,Reactome_2022__Infection With Mycobacterium Tuberculosis R-HSA-9635486,0.40644241794170266,1.0020663268733763,4.700122e-01,1.000000e+00,1.000000e+00,3/12,7.37%,UBA52;RNF213;MAPK1
prerank,Reactome_2022__Metabolism R-HSA-1430728,-0.16757679738079648,-1.0,1.000000e+00,7.294587e-01,1.000000e+00,51/237,13.57%,VDAC1;PSMB1;ENO1;RSL24D1;CSNK2B;NDUFA6;CREBBP;UQCRFS1;VDAC2;NR1H2;UBB;GNAI2;GNB1;ESYT2;NT5C;NDUFS8;ACAA2;SPTSSB;MED30;COQ10B;CD44;GLTP;COX5B;GSTK1;UQCRC2;PSMB4;NDUFS6;RAN;MMADHC;LDHA;HSD17B11;NME2;TSPO;DBI;OSBPL5;COX6A1;PSMA1;MVD;NDUFB8;PSMD7;C1D;GNB2;GSTP1;ATP5F1C;ATP5PF;NDUFB11;HSP90AA1;PSMA6;AURKAIP1;COX8A;BSG
prerank,Reactome_2022__Synthesis Of PIPs At Plasma Membrane R-HSA-1660499,0.5140294172631023,0.9997343665970562,5.042373e-01,1.000000e+00,1.000000e+00,4/5,42.74%,RAB14;PIP4K2A;INPP5D;PIK3R1
prerank,Reactome_2022__Activation Of GABAB Receptors R-HSA-991365,-0.44360396848517947,-0.9981063140354985,4.413793e-01,7.180371e-01,1.000000e+00,3/5,11.86%,GNAI2;GNB1;GNB2
prerank,Reactome_2022__GABA Receptor Activation R-HSA-977443,-0.44360396848517947,-0.9981063140354985,4.413793e-01,7.180371e-01,1.000000e+00,3/5,11.86%,GNAI2;GNB1;GNB2
prerank,"Reactome_2022__Adrenaline,noradrenaline Inhibits Insulin Secretion R-HSA-400042",-0.44360396848517947,-0.9981063140354985,4.413793e-01,7.180371e-01,1.000000e+00,3/5,11.86%,GNAI2;GNB1;GNB2
prerank,Reactome_2022__ADP Signaling Thru P2Y Purinoceptor 12 R-HSA-392170,-0.44360396848517947,-0.9981063140354985,4.413793e-01,7.180371e-01,1.000000e+00,3/5,11.86%,GNAI2;GNB1;GNB2
prerank,Reactome_2022__PRC2 Methylates Histones And DNA R-HSA-212300,-0.3466645897586442,-0.9978241304832667,3.939394e-01,7.148352e-01,1.000000e+00,3/9,6.94%,RBBP7;H2AX;H2AZ1
prerank,Reactome_2022__EPHA-mediated Growth Cone Collapse R-HSA-3928663,0.4669478195702312,0.9944416493413856,4.954248e-01,1.000000e+00,1.000000e+00,3/7,21.74%,FYN;MYH9;MYL12B
prerank,Reactome_2022__RNA Polymerase II Transcription Termination R-HSA-73856,-0.23230251447434958,-0.993961066404016,5.061728e-01,7.198864e-01,1.000000e+00,5/29,8.44%,SNRPF;SRSF3;RBM8A;SNRPE;SLU7
prerank,Reactome_2022__Smooth Muscle Contraction R-HSA-445355,-0.3287986946158721,-0.9937403151880644,4.019608e-01,7.165249e-01,1.000000e+00,4/10,12.71%,PKN1;ANXA1;TPM3;MYL6
prerank,custom_senescence_signatures.gmt__GSE9650_EXHAUSTED_VS_MEMORY_CD8_TCELL_DN,0.29549094042783075,0.9926527947458513,5.173116e-01,5.127603e-01,9.870000e-01,34/80,35.31%,ETS1;PIK3CD;FAM107B;PITPNC1;STK38;ELAVL1;ADRB2;KLF6;TRAM1;ADD1;KLRK1;CCND3;EIF3B;IQGAP2;ANAPC16;ITGAL;MBP;RABAC1;TLE4;IL18R1;IL7R;OAZ1;ABLIM1;ARL6IP5;SARAF;RNPS1;FBL;RPN1;ICAM2;TOB1;NSMCE1;ANXA6;TAGLN2;SACM1L
prerank,Reactome_2022__Extracellular Matrix Organization R-HSA-1474244,-0.24305019298570696,-0.9917368867186187,4.646465e-01,7.174746e-01,1.000000e+00,8/25,14.85%,ITGAM;CAPNS1;CD44;PPIB;FURIN;ITGAE;BSG;ITGAX
prerank,Reactome_2022__NIK To Noncanonical NF-kB Signaling R-HSA-5676590,-0.23709085291600246,-0.9894913094895428,5.108696e-01,7.186607e-01,1.000000e+00,12/29,21.74%,PSMB1;UBB;PSMB4;PSMA1;PSMD7;PSMA6;PSMA3;PSME2;PSME1;PSMB10;RELB;PSMD13
prerank,Reactome_2022__SUMOylation Of RNA Binding Proteins R-HSA-4570464,-0.32814178302900104,-0.9887256545874622,4.215686e-01,7.166483e-01,1.000000e+00,10/10,67.41%,CBX4;UBE2I;TPR;SUMO2;SUMO1;POM121;HNRNPC;HNRNPK;NOP58;RANBP2
prerank,Reactome_2022__HDMs Demethylate Histones R-HSA-3214842,0.5099859366834729,0.9875095939459614,5.121255e-01,1.000000e+00,1.000000e+00,2/5,27.83%,KDM4C;KDM5A
prerank,Reactome_2022__Degradation Of AXIN R-HSA-4641257,-0.24084607428463983,-0.9871530402089428,4.742268e-01,7.166073e-01,1.000000e+00,11/27,21.74%,PSMB1;UBB;PSMB4;PSMA1;PSMD7;PSMA6;PSMA3;PSME2;PSME1;PSMB10;PSMD13
prerank,Reactome_2022__Regulation Of TP53 Activity R-HSA-5633007,-0.25556217064070474,-0.9867745889475571,4.750000e-01,7.137200e-01,1.000000e+00,4/22,3.95%,CSNK2B;CHD4;UBB;RBBP7
prerank,Reactome_2022__Peroxisomal Protein Import R-HSA-9033241,0.46386889351755034,0.9865196236635037,5.225464e-01,1.000000e+00,1.000000e+00,2/7,6.62%,UBE2D2;UBA52
prerank,Reactome_2022__Clathrin-mediated Endocytosis R-HSA-8856828,0.3316381755487627,0.9861127933601378,5.022124e-01,1.000000e+00,1.000000e+00,7/31,12.29%,NEDD8;VAMP2;UBA52;FNBP1;ADRB2;COPS6;ITSN2
prerank,Reactome_2022__SLC Transporter Disorders R-HSA-5619102,0.4814819430935642,0.9857672003614009,5.061392e-01,1.000000e+00,1.000000e+00,3/6,32.69%,MAP4K5;SLC3A2;RANBP2
prerank,Reactome_2022__SUMOylation Of DNA Damage Response And Repair Proteins R-HSA-3108214,0.37321502264902384,0.9850687653357987,5.145180e-01,1.000000e+00,1.000000e+00,2/16,5.77%,NSMCE3;PIAS1
prerank,Reactome_2022__Packaging Of Telomere Ends R-HSA-171306,-0.4319263980821857,-0.9831639982833094,4.350649e-01,7.145669e-01,1.000000e+00,2/5,6.94%,H2AX;H2AZ1
prerank,Reactome_2022__Cleavage Of Damaged Pyrimidine R-HSA-110329,-0.4319263980821857,-0.9831639982833094,4.350649e-01,7.145669e-01,1.000000e+00,2/5,6.94%,H2AX;H2AZ1
prerank,Reactome_2022__RUNX1 Regulates Genes Involved In Megakaryocyte Differentiation And Platelet Function R-HSA-8936459,0.4072883665097309,0.9829589037755277,5.132743e-01,1.000000e+00,1.000000e+00,2/11,5.56%,TNRC6B;KMT2A
prerank,Reactome_2022__Response Of Mtb To Phagocytosis R-HSA-9637690,0.4106370150797942,0.9821746104454269,4.987654e-01,1.000000e+00,1.000000e+00,3/11,7.37%,UBA52;RNF213;MAPK1
prerank,Reactome_2022__Transport Of Inorganic Cations/Anions And Amino Acids/Oligopeptides R-HSA-425393,0.4536830623528746,0.9821434525321387,5.103448e-01,1.000000e+00,1.000000e+00,4/7,29.49%,SLC20A1;SLC3A2;SLC38A1;CALM1
prerank,Reactome_2022__Integrin Cell Surface Interactions R-HSA-216083,-0.2948035615079635,-0.979201092741103,4.594595e-01,7.197485e-01,1.000000e+00,5/13,14.85%,ITGAM;CD44;ITGAE;BSG;ITGAX
prerank,Reactome_2022__RHOF GTPase Cycle R-HSA-9035034,0.4810638243936981,0.977140902384587,5.103734e-01,1.000000e+00,1.000000e+00,5/6,48.66%,ADD3;CAPZB;RHOF;PIK3R1;DIAPH1
prerank,Reactome_2022__Nuclear Envelope (NE) Reassembly R-HSA-2995410,0.36463385513081037,0.9768600069208089,5.034404e-01,1.000000e+00,1.000000e+00,3/18,8.07%,TUBA1A;PPP2R1A;LBR
prerank,Reactome_2022__Thrombin Signaling Thru Proteinase Activated Receptors (PARs) R-HSA-456926,0.4773196108258729,0.9757016663561507,5.283784e-01,1.000000e+00,1.000000e+00,3/6,18.91%,GNG2;MAPK1;GNA13
prerank,Reactome_2022__Chromosome Maintenance R-HSA-73886,0.35441247295175426,0.9756479961616551,5.295481e-01,1.000000e+00,1.000000e+00,7/20,21.58%,ATRX;MIS18BP1;SMARCA5;TINF2;POLR2A;NPM1;RSF1
prerank,Reactome_2022__STING Mediated Induction Of Host Immune Responses R-HSA-1834941,0.4976758532036394,0.974549471392501,5.218023e-01,1.000000e+00,1.000000e+00,3/5,40.49%,PRKDC;NLRC3;XRCC6
prerank,Reactome_2022__IRF3-mediated Induction Of Type I IFN R-HSA-3270619,0.4976758532036394,0.974549471392501,5.218023e-01,1.000000e+00,1.000000e+00,3/5,40.49%,PRKDC;NLRC3;XRCC6
prerank,Reactome_2022__Interleukin-15 Signaling R-HSA-8983432,0.49470101780649567,0.9740646280224416,5.175809e-01,1.000000e+00,1.000000e+00,3/5,38.35%,GRB2;JAK1;IL2RG
prerank,Reactome_2022__Chaperone Mediated Autophagy R-HSA-9613829,0.43651480897850625,0.9736112103501109,5.244386e-01,1.000000e+00,1.000000e+00,2/8,6.62%,EEF1A1;UBA52
prerank,custom_senescence_signatures.gmt__CELLAGE_SENESCENCE_INHIBITS,-0.17436730859207006,-0.9721474926050232,6.666667e-01,5.024470e-01,5.462185e-01,14/99,7.96%,PSMB1;ENO1;SIRT2;HMGB2;SRSF3;DDIT4;NR1H2;GAPDH;HMGB1;COX5B;PPIB;ATP6V0C;RAN;FOS
prerank,"Reactome_2022__Cell Cycle, Mitotic R-HSA-69278",0.28273360146911336,0.9721436438719518,5.663984e-01,1.000000e+00,1.000000e+00,28/106,24.63%,KIF2A;TUBA1A;CDKN1B;CCND2;DYNC1H1;SSNA1;PPP2R1A;UBA52;MAPK1;AKAP9;LBR;BUB3;RBL2;CEP78;PPP1CC;PPP2R5C;NIPBL;SET;CCND3;GSK3B;ANAPC16;NUDC;PSMC3;PHLDA1;PSMA5;PSMF1;EML4;PSMD4
prerank,Reactome_2022__Chemokine Receptors Bind Chemokines R-HSA-380108,0.44237795386148376,0.9718621108731955,5.133333e-01,1.000000e+00,1.000000e+00,2/8,19.07%,CX3CR1;CCL3
prerank,Reactome_2022__Ubiquitin-dependent Degradation Of Cyclin D R-HSA-75815,-0.22744791352507027,-0.9715502955563389,4.954128e-01,7.335105e-01,1.000000e+00,11/27,21.74%,PSMB1;UBB;PSMB4;PSMA1;PSMD7;PSMA6;PSMA3;PSME2;PSME1;PSMB10;PSMD13
prerank,Reactome_2022__Late SARS-CoV-2 Infection Events R-HSA-9772573,0.3594968726755065,0.9689435204365641,5.369285e-01,1.000000e+00,1.000000e+00,7/19,29.81%,PARP10;UBA52;MGAT4A;GSK3B;CANX;SRPK2;RPN1
prerank,Reactome_2022__Interleukin-1 Family Signaling R-HSA-446652,-0.21377107771477338,-0.9685446998214706,4.687500e-01,7.370116e-01,1.000000e+00,11/47,14.48%,PSMB1;NFKBIA;MAP3K8;UBB;HMGB1;PSMB4;PSMA1;PSMD7;IL18RAP;PSMA6;PSMA3
prerank,Reactome_2022__Asparagine N-linked Glycosylation R-HSA-446203,0.30318868681293687,0.9664539126681307,5.517609e-01,1.000000e+00,1.000000e+00,17/48,29.81%,DYNC1H1;SPTAN1;KDELR2;UBA52;MGAT4A;CANX;ARFGAP3;ARF4;KDELR1;TRAPPC1;TMED9;MLEC;CAPZB;DERL1;TMED2;DCTN3;RPN1
prerank,Reactome_2022__Glycolysis R-HSA-70171,0.4130920463830231,0.9651503168500133,5.330836e-01,1.000000e+00,1.000000e+00,2/10,5.88%,PPP2R1A;MAP4K5
prerank,Reactome_2022__L1CAM Interactions R-HSA-373760,-0.29435772360245804,-0.9650896513921463,5.367232e-01,7.412847e-01,1.000000e+00,3/13,7.53%,CSNK2B;PKN1;AP2M1
prerank,Reactome_2022__Deactivation Of Beta-Catenin Transactivating Complex R-HSA-3769402,0.40978247688483327,0.9646149549466865,5.354839e-01,1.000000e+00,1.000000e+00,4/10,21.31%,UBA52;TLE1;YWHAZ;TLE4
prerank,Reactome_2022__Protein Ubiquitination R-HSA-8852135,0.3546639785723313,0.9636214624571092,5.447059e-01,1.000000e+00,1.000000e+00,4/19,8.28%,UBE2D2;UBE2G2;UBA52;CDC73
prerank,Reactome_2022__Activation Of NMDA Receptors And Postsynaptic Events R-HSA-442755,0.4679605214739789,0.9635216022658539,5.336022e-01,1.000000e+00,1.000000e+00,4/6,37.18%,MAPK1;PRKX;CALM1;PRKACB
prerank,Reactome_2022__Post NMDA Receptor Activation Events R-HSA-438064,0.4679605214739789,0.9635216022658539,5.336022e-01,1.000000e+00,1.000000e+00,4/6,37.18%,MAPK1;PRKX;CALM1;PRKACB
prerank,Reactome_2022__Vif-mediated Degradation Of APOBEC3G R-HSA-180585,-0.22490103113532,-0.9630019954424797,5.882353e-01,7.419448e-01,1.000000e+00,11/30,21.74%,PSMB1;UBB;PSMB4;PSMA1;PSMD7;PSMA6;PSMA3;PSME2;PSME1;PSMB10;PSMD13
prerank,Reactome_2022__Peptide Hormone Metabolism R-HSA-2980736,0.3936215527695396,0.9622355367080708,5.345679e-01,1.000000e+00,1.000000e+00,4/12,16.72%,VAMP2;RAB27A;SPCS2;SPCS1
prerank,Reactome_2022__Role Of Nef In HIV-1 Replication And Disease Pathogenesis R-HSA-164952,0.4304204766295061,0.9609568277158089,5.357607e-01,1.000000e+00,1.000000e+00,2/8,14.00%,FYN;LCK
prerank,Reactome_2022__Signal Regulatory Protein Family Interactions R-HSA-391160,0.5000688981999557,0.9605079371972423,5.477178e-01,1.000000e+00,1.000000e+00,2/5,28.21%,FYB1;GRB2
prerank,Reactome_2022__Interleukin-27 Signaling R-HSA-9020956,0.4855531347193555,0.9603354067744289,5.225989e-01,1.000000e+00,1.000000e+00,3/5,37.93%,CANX;STAT1;JAK1
prerank,Reactome_2022__Signaling By EGFR In Cancer R-HSA-1643713,-0.35012924647388466,-0.9600067766056797,4.398148e-01,7.457960e-01,1.000000e+00,2/8,3.10%,UBB;CDC37
prerank,Reactome_2022__Regulation Of TP53 Activity Thru Phosphorylation R-HSA-6804756,-0.3351089433125522,-0.9583569393441591,4.537037e-01,7.456516e-01,1.000000e+00,2/9,1.92%,CSNK2B;UBB
prerank,Reactome_2022__SARS-CoV Infections R-HSA-9679506,0.2840819437878813,0.9580507708300889,5.851172e-01,1.000000e+00,1.000000e+00,27/79,29.81%,DDX5;CRBN;FAU;PARP10;ISCU;REST;UBA52;CNBP;MGAT4A;G3BP2;HLA-E;PTGES3;NFE2L2;GSK3B;YWHAZ;ARID4B;CANX;PLCG2;ITGA4;SRPK2;SNRPB;SNRPD2;GRB2;RBBP4;ISG15;STAT1;RPN1
prerank,Reactome_2022__Cdc20:Phospho-APC/C Mediated Degradation Of Cyclin A R-HSA-174184,-0.21648971224509725,-0.9567886309393755,5.568182e-01,7.345749e-01,1.000000e+00,8/31,14.48%,PSMB1;UBB;PSMB4;UBE2S;PSMA1;PSMD7;PSMA6;PSMA3
prerank,Reactome_2022__APC:Cdc20 Mediated Degradation Of Cell Cycle Proteins Before Cycle Checkpoint Satisfied R-HSA-179419,-0.21648971224509725,-0.9567886309393755,5.568182e-01,7.345749e-01,1.000000e+00,8/31,14.48%,PSMB1;UBB;PSMB4;UBE2S;PSMA1;PSMD7;PSMA6;PSMA3
prerank,Reactome_2022__Activation Of APC/C And APC/C:Cdc20 Mediated Degradation Of Mitotic Proteins R-HSA-176814,-0.21648971224509725,-0.9567886309393755,5.568182e-01,7.345749e-01,1.000000e+00,8/31,14.48%,PSMB1;UBB;PSMB4;UBE2S;PSMA1;PSMD7;PSMA6;PSMA3
prerank,Reactome_2022__APC/C:Cdc20 Mediated Degradation Of Mitotic Proteins R-HSA-176409,-0.21648971224509725,-0.9567886309393755,5.568182e-01,7.345749e-01,1.000000e+00,8/31,14.48%,PSMB1;UBB;PSMB4;UBE2S;PSMA1;PSMD7;PSMA6;PSMA3
prerank,Reactome_2022__GPER1 Signaling R-HSA-9634597,-0.3342903397109046,-0.9555448661780339,4.778761e-01,7.338404e-01,1.000000e+00,2/9,2.78%,GNAI2;GNB1
prerank,Reactome_2022__Signaling By NTRKs R-HSA-166520,0.3381628026353596,0.9554272185698847,5.457666e-01,1.000000e+00,1.000000e+00,4/24,7.37%,FYN;PPP2R1A;REST;MAPK1
prerank,Reactome_2022__Hemostasis R-HSA-109582,0.27913211653559816,0.9551576582579797,5.900810e-01,1.000000e+00,1.000000e+00,43/100,37.18%,PRKCH;KIF2A;EHD1;RASGRP1;FYN;CYRIB;GNG2;PPP2R1A;MAPK1;PPP2R5C;FGR;LCK;YWHAZ;SELPLG;DGKD;ITGAL;KIFAP3;SLC3A2;PLCG2;ITGA4;GNA13;DOCK10;CSK;CD74;CAPZB;CD2;PLEK;PTPN1;GLG1;GRB2;CALM1;GYPC;DOK2;CD244;DOCK8;INPP5D;TAGLN2;TLN1;HSPA5;RAC2;ORAI1;CAP1;PRKACB
prerank,Reactome_2022__Hedgehog Ligand Biogenesis R-HSA-5358346,-0.21732066645022233,-0.9546411080248173,5.113636e-01,7.322626e-01,1.000000e+00,11/31,20.19%,PSMB1;UBB;PSMB4;PSMA1;PSMD7;PSMA6;PSMA3;PSME2;OS9;PSME1;PSMB10
prerank,Reactome_2022__Factors Involved In Megakaryocyte Development And Platelet Production R-HSA-983231,0.3637598423996625,0.9540683855507136,5.494636e-01,1.000000e+00,1.000000e+00,5/17,22.92%,KIF2A;EHD1;KIFAP3;DOCK10;CAPZB
prerank,Reactome_2022__Autodegradation Of E3 Ubiquitin Ligase COP1 R-HSA-349425,-0.23287227744232242,-0.9516294729781677,5.531915e-01,7.355934e-01,1.000000e+00,12/28,22.12%,PSMB1;UBB;PSMB4;PSMA1;PSMD7;PSMA6;PSMA3;PSME2;PSME1;PSMB10;PSMD13;CARD16
prerank,Reactome_2022__Platelet Degranulation R-HSA-114608,-0.24776292936553038,-0.9509555772523149,5.175439e-01,7.336350e-01,1.000000e+00,4/21,9.35%,CD63;MANF;SRGN;PFN1
prerank,Reactome_2022__Response Of EIF2AK4 (GCN2) To Amino Acid Deficiency R-HSA-9633012,0.4692023281252451,0.9508701371211405,5.708275e-01,1.000000e+00,1.000000e+00,2/6,6.62%,FAU;UBA52
prerank,Reactome_2022__mTORC1-mediated Signaling R-HSA-166208,-0.37740990726336276,-0.9503889826155864,4.566667e-01,7.313774e-01,1.000000e+00,3/6,16.51%,LAMTOR5;LAMTOR1;EIF4G1
prerank,Reactome_2022__Signaling By NOTCH1 R-HSA-1980143,0.36293400851937746,0.9490298635122092,5.389222e-01,1.000000e+00,1.000000e+00,5/14,21.31%,UBA52;MIB2;TLE1;HIF1A;TLE4
prerank,Reactome_2022__Nucleotide Excision Repair R-HSA-5696398,-0.23544908593529867,-0.9489358734783935,5.726496e-01,7.314044e-01,1.000000e+00,4/24,5.02%,POLR2J;UBB;POLR2K;XPA
prerank,"Reactome_2022__Nucleotide-binding Domain, Leucine Rich Repeat Containing NLR Signaling Pathways R-HSA-168643",0.3833912934593959,0.9475200979854378,5.628816e-01,1.000000e+00,1.000000e+00,5/13,41.24%,PSTPIP1;CASP8;NFKB2;CASP4;ITCH
prerank,Reactome_2022__TP53 Regulates Transcription Of DNA Repair Genes R-HSA-6796648,-0.28933392510832895,-0.9458574012557489,5.189873e-01,7.346858e-01,1.000000e+00,6/15,17.74%,POLR2J;POLR2K;FOS;CCNT1;POLR2G;POLR2E
prerank,Reactome_2022__Mitochondrial Translation Termination R-HSA-5419276,0.4051261767701897,0.9456057016724796,5.574194e-01,1.000000e+00,1.000000e+00,5/10,27.88%,MRPS6;MRPS7;MRPS15;MRPL10;MRPL14
prerank,Reactome_2022__Mitochondrial Translation Initiation R-HSA-5368286,0.4051261767701897,0.9456057016724796,5.574194e-01,1.000000e+00,1.000000e+00,5/10,27.88%,MRPS6;MRPS7;MRPS15;MRPL10;MRPL14
prerank,Reactome_2022__Cell Surface Interactions At Vascular Wall R-HSA-202733,0.32127638557449434,0.9454350825649096,5.709607e-01,1.000000e+00,1.000000e+00,14/29,34.46%,FYN;LCK;SELPLG;ITGAL;SLC3A2;ITGA4;CD74;CD2;GLG1;GRB2;GYPC;DOK2;CD244;INPP5D
prerank,Reactome_2022__Nonsense Mediated Decay (NMD) Enhanced By Exon Junction Complex (EJC) R-HSA-975957,0.37018228526545044,0.9437228250070869,5.642523e-01,1.000000e+00,1.000000e+00,5/14,17.95%,FAU;PPP2R1A;UBA52;UPF3A;EIF4A3
prerank,Reactome_2022__Formation Of beta-catenin:TCF Transactivating Complex R-HSA-201722,-0.29405370081873944,-0.9430940536411117,5.225225e-01,7.373377e-01,1.000000e+00,3/11,6.94%,CREBBP;H2AX;H2AZ1
prerank,Reactome_2022__Complement Cascade R-HSA-166658,-0.3912111468381565,-0.9428851902389978,5.077519e-01,7.343676e-01,1.000000e+00,6/6,61.06%,CD81;GZMM;HNRNPC;PSMA7;CPNE1;CD55
prerank,Reactome_2022__Hh Mutants Abrogate Ligand Secretion R-HSA-5387390,-0.21897274307247716,-0.9427542109539452,5.340909e-01,7.278641e-01,1.000000e+00,11/30,20.19%,PSMB1;UBB;PSMB4;PSMA1;PSMD7;PSMA6;PSMA3;PSME2;OS9;PSME1;PSMB10
prerank,Reactome_2022__Hh Mutants Are Degraded By ERAD R-HSA-5362768,-0.21897274307247716,-0.9427542109539452,5.340909e-01,7.278641e-01,1.000000e+00,11/30,20.19%,PSMB1;UBB;PSMB4;PSMA1;PSMD7;PSMA6;PSMA3;PSME2;OS9;PSME1;PSMB10
prerank,Reactome_2022__HIV Infection R-HSA-162906,-0.1782902741589002,-0.9426802357781543,5.384615e-01,7.246995e-01,1.000000e+00,22/72,20.19%,PSMB1;POLR2J;UBB;POLR2K;GTF2A2;PSMB4;RAN;FURIN;AP2M1;RANBP1;PSMA1;PSMD7;PSMA6;CCNT1;PSMA3;POLR2G;CXCR4;POLR2E;PSME2;TAF15;PSME1;PSMB10
prerank,Reactome_2022__SUMOylation Of DNA Replication Proteins R-HSA-4615885,0.43806486007178624,0.9408473774335496,5.659121e-01,1.000000e+00,1.000000e+00,2/7,32.69%,TOP1;RANBP2
prerank,Reactome_2022__HDR Thru Homologous Recombination (HRR) R-HSA-5685942,0.4764981405841503,0.940142376575837,5.746479e-01,1.000000e+00,1.000000e+00,2/5,16.19%,UBA52;ATM
prerank,Reactome_2022__Metabolism Of Vitamins And Cofactors R-HSA-196854,0.36497032293203163,0.9398006301103249,5.587879e-01,1.000000e+00,1.000000e+00,6/14,29.49%,PARP10;SLC2A3;LRP10;CD320;FPGS;CALM1
prerank,Reactome_2022__Metabolism Of Amino Acids And Derivatives R-HSA-71291,0.3041445545316725,0.9361457786286974,5.862808e-01,1.000000e+00,1.000000e+00,15/37,31.84%,FAU;UBA52;SERINC1;SBDS;PHYKPL;SLC3A2;PSMC3;PSMA5;TSTD1;PSMF1;PSMD4;SLC38A1;OAZ1;PSMC5;NDUFAB1
prerank,Reactome_2022__Response To Elevated Platelet Cytosolic Ca2+ R-HSA-76005,-0.2417411999519034,-0.9355706983820947,5.619048e-01,7.367372e-01,1.000000e+00,4/22,9.35%,CD63;MANF;SRGN;PFN1
prerank,Reactome_2022__M Phase R-HSA-68886,0.27546422121200104,0.933581184868032,6.409736e-01,1.000000e+00,1.000000e+00,22/86,24.63%,KIF2A;TUBA1A;DYNC1H1;SSNA1;PPP2R1A;UBA52;MAPK1;AKAP9;LBR;BUB3;CEP78;PPP1CC;PPP2R5C;NIPBL;SET;ANAPC16;NUDC;PSMC3;PSMA5;PSMF1;EML4;PSMD4
prerank,Reactome_2022__Regulation Of APC/C Activators Between G1/S And Early Anaphase R-HSA-176408,-0.21136681888493294,-0.9329465413592865,5.955056e-01,7.356734e-01,1.000000e+00,8/32,14.48%,PSMB1;UBB;PSMB4;UBE2S;PSMA1;PSMD7;PSMA6;PSMA3
prerank,Reactome_2022__APC/C-mediated Degradation Of Cell Cycle Proteins R-HSA-174143,-0.21136681888493294,-0.9329465413592865,5.955056e-01,7.356734e-01,1.000000e+00,8/32,14.48%,PSMB1;UBB;PSMB4;UBE2S;PSMA1;PSMD7;PSMA6;PSMA3
prerank,Reactome_2022__Constitutive Signaling By Ligand-Responsive EGFR Cancer Variants R-HSA-1236382,-0.3634306164810607,-0.9317256604253368,5.221239e-01,7.352220e-01,1.000000e+00,2/7,3.10%,UBB;CDC37
prerank,Reactome_2022__SRP-dependent Cotranslational Protein Targeting To Membrane R-HSA-1799339,0.3373718530834077,0.9309225895522892,5.864834e-01,1.000000e+00,1.000000e+00,6/20,16.72%,FAU;UBA52;SRPRA;TRAM1;SPCS2;SPCS1
prerank,Reactome_2022__RHO GTPases Activate PKNs R-HSA-5625740,-0.25313629293096496,-0.9308629654066489,5.182482e-01,7.336629e-01,1.000000e+00,4/17,6.94%,PKN1;RHOC;H2AX;H2AZ1
prerank,Reactome_2022__Degradation Of GLI1 By Proteasome R-HSA-5610780,-0.21590456509957273,-0.9305534452381098,5.909091e-01,7.310022e-01,1.000000e+00,11/30,21.74%,PSMB1;UBB;PSMB4;PSMA1;PSMD7;PSMA6;PSMA3;PSME2;PSME1;PSMB10;PSMD13
prerank,Reactome_2022__Beta-catenin Independent WNT Signaling R-HSA-3858494,-0.1988899502566648,-0.9286181694131985,6.111111e-01,7.319956e-01,1.000000e+00,11/41,14.48%,PSMB1;UBB;GNB1;PSMB4;AP2M1;PFN1;PSMA1;PSMD7;GNB2;PSMA6;PSMA3
prerank,Reactome_2022__MAPK1/MAPK3 Signaling R-HSA-5684996,0.2828455109631571,0.9271692477045663,6.176773e-01,1.000000e+00,1.000000e+00,19/64,30.77%,RASGRP1;FYN;RASA3;SPTAN1;PPP2R1A;UBA52;MAPK1;PPP1CC;PPP2R5C;PSMC3;CSK;PSMA5;PSMF1;PSMD4;RASAL3;GRB2;PTPN7;CALM1;PSMC5
prerank,Reactome_2022__RAF/MAP Kinase Cascade R-HSA-5673001,0.2828455109631571,0.9271692477045663,6.176773e-01,1.000000e+00,1.000000e+00,19/64,30.77%,RASGRP1;FYN;RASA3;SPTAN1;PPP2R1A;UBA52;MAPK1;PPP1CC;PPP2R5C;PSMC3;CSK;PSMA5;PSMF1;PSMD4;RASAL3;GRB2;PTPN7;CALM1;PSMC5
prerank,Reactome_2022__Mitochondrial Translation R-HSA-5368287,0.38734493153392596,0.9267306593097407,5.911392e-01,1.000000e+00,1.000000e+00,5/11,27.88%,MRPS6;MRPS7;MRPS15;MRPL10;MRPL14
prerank,Reactome_2022__Mitochondrial Translation Elongation R-HSA-5389840,0.38734493153392596,0.9267306593097407,5.911392e-01,1.000000e+00,1.000000e+00,5/11,27.88%,MRPS6;MRPS7;MRPS15;MRPL10;MRPL14
prerank,Reactome_2022__Signaling By EGFR R-HSA-177929,-0.287321464447116,-0.9245590698045698,5.181347e-01,7.371156e-01,1.000000e+00,2/12,2.03%,UBB;CDC42
prerank,Reactome_2022__Signaling By RAF1 Mutants R-HSA-9656223,0.400377512020228,0.9232483477418857,5.842986e-01,1.000000e+00,1.000000e+00,8/10,52.72%,MAPK1;CSK;CALM1;TLN1;IQGAP1;APBB1IP;YWHAB;RAP1A
prerank,Reactome_2022__Ovarian Tumor Domain Proteases R-HSA-5689896,-0.3403958841746764,-0.9229944047953197,5.542169e-01,7.373570e-01,1.000000e+00,3/8,16.19%,UBB;OTUB1;RHOA
prerank,Reactome_2022__Nuclear Envelope Breakdown R-HSA-2980766,-0.32778969957081544,-0.9229754483529318,5.121951e-01,7.341300e-01,1.000000e+00,8/8,67.41%,EMD;LMNA;TPR;PRKCB;LEMD3;POM121;BANF1;RANBP2
prerank,Reactome_2022__Hedgehog On State R-HSA-5632684,-0.21203584986355767,-0.922053136351772,5.393258e-01,7.326702e-01,1.000000e+00,13/31,22.60%,PSMB1;UBB;PSMB4;PSMA1;PSMD7;PSMA6;PSMA3;PSME2;CSNK1A1;PSME1;PSMB10;PSMD13;CUL3
prerank,Reactome_2022__Aggrephagy R-HSA-9646399,0.3989947990806283,0.9220123543068793,5.941645e-01,1.000000e+00,1.000000e+00,2/9,6.62%,DYNC1H1;UBA52
prerank,Reactome_2022__GLI3 Is Processed To GLI3R By Proteasome R-HSA-5610785,-0.21109118520285022,-0.9206403314004931,6.024096e-01,7.294899e-01,1.000000e+00,11/31,20.19%,PSMB1;UBB;PSMB4;PSMA1;PSMD7;PSMA6;PSMA3;PSME2;CSNK1A1;PSME1;PSMB10
prerank,Reactome_2022__Degradation Of GLI2 By Proteasome R-HSA-5610783,-0.21109118520285022,-0.9206403314004931,6.024096e-01,7.294899e-01,1.000000e+00,11/31,20.19%,PSMB1;UBB;PSMB4;PSMA1;PSMD7;PSMA6;PSMA3;PSME2;CSNK1A1;PSME1;PSMB10
prerank,Reactome_2022__Paradoxical Activation Of RAF Signaling By Kinase Inactive BRAF R-HSA-6802955,0.3847280058905838,0.919249667574061,5.959849e-01,1.000000e+00,1.000000e+00,9/11,54.59%,MAPK1;CSK;CALM1;TLN1;IQGAP1;APBB1IP;YWHAB;RAP1A;PEBP1
prerank,Reactome_2022__RHOJ GTPase Cycle R-HSA-9013409,-0.2984680930399506,-0.9189882977955577,5.046296e-01,7.295053e-01,1.000000e+00,3/11,8.17%,CDC42;PKN1;LAMTOR1
prerank,Reactome_2022__RNA Polymerase II Pre-transcription Events R-HSA-674695,-0.2409997079016937,-0.91877053521063,5.928571e-01,7.268878e-01,1.000000e+00,3/19,4.43%,POLR2J;POLR2K;GTF2A2
prerank,Reactome_2022__Regulation Of Insulin Secretion R-HSA-422356,0.38291179014870835,0.9184394569210598,6.065574e-01,1.000000e+00,1.000000e+00,2/11,3.85%,VAMP2;GNG2
prerank,Reactome_2022__EPH-ephrin Mediated Repulsion Of Cells R-HSA-3928665,0.47027964533966315,0.9179480729000089,6.142857e-01,1.000000e+00,1.000000e+00,1/5,1.92%,FYN
prerank,Reactome_2022__TNFR2 Non-Canonical NF-kB Pathway R-HSA-5668541,-0.20409167208968926,-0.9171694918889186,7.375000e-01,7.270705e-01,1.000000e+00,12/34,20.30%,PSMB1;UBB;PSMB4;PSMA1;PSMD7;PSMA6;PSMA3;BIRC2;PSME2;PSME1;PSMB10;RELB
prerank,Reactome_2022__DNA Double Strand Break Response R-HSA-5693606,0.39773279995939315,0.9166900546584759,6.065359e-01,1.000000e+00,1.000000e+00,3/10,16.19%,UBA52;SMARCA5;ATM
prerank,Reactome_2022__Recruitment And ATM-mediated Phosphorylation Of Repair And Signal Proteins At DNA Double Strand Breaks R-HSA-5693565,0.39773279995939315,0.9166900546584759,6.065359e-01,1.000000e+00,1.000000e+00,3/10,16.19%,UBA52;SMARCA5;ATM
prerank,Reactome_2022__Signaling By VEGF R-HSA-194138,-0.23433536661478419,-0.915952417362794,5.826087e-01,7.236876e-01,1.000000e+00,7/20,12.93%,CDC42;PKN1;BRK1;ROCK1;RICTOR;HSP90AA1;VAV3
prerank,Reactome_2022__VEGFA-VEGFR2 Pathway R-HSA-4420097,-0.23433536661478419,-0.915952417362794,5.826087e-01,7.236876e-01,1.000000e+00,7/20,12.93%,CDC42;PKN1;BRK1;ROCK1;RICTOR;HSP90AA1;VAV3
prerank,Reactome_2022__G2/M Checkpoints R-HSA-69481,-0.2005732370675769,-0.9135656565680484,6.951220e-01,7.253298e-01,1.000000e+00,8/33,14.48%,PSMB1;UBB;H2AX;PSMB4;PSMA1;PSMD7;PSMA6;PSMA3
prerank,Reactome_2022__Class B/2 (Secretin Family Receptors) R-HSA-373080,0.41212855267651227,0.9133762840071005,6.034256e-01,1.000000e+00,1.000000e+00,2/8,11.11%,GNG2;ADGRE5
prerank,Reactome_2022__Stabilization Of P53 R-HSA-69541,-0.22051033952860322,-0.9123749771487648,6.444444e-01,7.247651e-01,1.000000e+00,12/29,22.12%,PSMB1;UBB;PSMB4;PSMA1;PSMD7;PSMA6;PSMA3;PSME2;PSME1;PSMB10;PSMD13;CARD16
prerank,Reactome_2022__Programmed Cell Death R-HSA-5357801,0.27526963416628536,0.910880634610698,6.804124e-01,1.000000e+00,1.000000e+00,18/67,24.63%,CYCS;PPP3CC;ACIN1;SPTAN1;UBA52;MAPK1;H1-4;H1-3;ADD1;STUB1;GZMB;YWHAZ;CASP8;PSMC3;H1-2;PSMA5;PSMF1;PSMD4
prerank,Reactome_2022__Mitochondrial Biogenesis R-HSA-1592230,0.3218231522029866,0.9108079419430499,6.086462e-01,1.000000e+00,1.000000e+00,2/22,0.96%,CYCS;ATP5PO
prerank,Reactome_2022__Metabolism Of Non-Coding RNA R-HSA-194441,-0.30676383655831974,-0.9103233819461292,5.921053e-01,7.261255e-01,1.000000e+00,2/9,4.70%,SNRPF;SNRPE
prerank,Reactome_2022__Negative Regulation Of NOTCH4 Signaling R-HSA-9604323,-0.2142524334551726,-0.9096852638577212,6.236559e-01,7.243776e-01,1.000000e+00,11/29,21.74%,PSMB1;UBB;PSMB4;PSMA1;PSMD7;PSMA6;PSMA3;PSME2;PSME1;PSMB10;PSMD13
prerank,Reactome_2022__RHO GTPases Activate PAKs R-HSA-5627123,-0.32042512478724555,-0.9093857513335571,5.436508e-01,7.217511e-01,1.000000e+00,2/8,2.62%,CDC42;PKN1
prerank,Reactome_2022__RHOBTB1 GTPase Cycle R-HSA-9013422,0.3715423898574598,0.9084880022760105,6.164216e-01,1.000000e+00,1.000000e+00,2/12,8.33%,CCT2;STK38
prerank,Reactome_2022__ADORA2B Mediated Anti-Inflammatory Cytokine Production R-HSA-9660821,0.35365826230320263,0.9078656509933358,6.014406e-01,1.000000e+00,1.000000e+00,5/14,24.04%,GNG2;PTGER2;ADRB2;PTGER4;PRKX
prerank,Reactome_2022__Mitotic Anaphase R-HSA-68882,0.2788585645226592,0.907267175449051,6.463289e-01,1.000000e+00,1.000000e+00,9/61,9.56%,KIF2A;TUBA1A;DYNC1H1;PPP2R1A;UBA52;LBR;BUB3;PPP1CC;PPP2R5C
prerank,Reactome_2022__Mitotic Metaphase And Anaphase R-HSA-2555396,0.2788585645226592,0.907267175449051,6.463289e-01,1.000000e+00,1.000000e+00,9/61,9.56%,KIF2A;TUBA1A;DYNC1H1;PPP2R1A;UBA52;LBR;BUB3;PPP1CC;PPP2R5C
prerank,Reactome_2022__Metabolism Of Proteins R-HSA-392499,0.24994535344739008,0.9043041229269366,7.920000e-01,1.000000e+00,1.000000e+00,104/308,33.71%,EEF1D;NEDD8;NSMCE3;TUBA1A;DDX5;UBE2D2;EEF1A1;RAB14;EIF4A2;VAMP2;USP11;DYNC1H1;PFDN5;EIF3A;AGTPBP1;GNG2;SPTAN1;UBE2G2;FAU;PIAS1;KTN1;KDELR2;UBA52;COMMD6;CCT2;MRPS6;CDC73;RAB37;RAB27A;RORA;SRPRA;CCT3;UCHL5;ADRB2;MGAT4A;DDX17;COPS6;TRAM1;EIF3B;EIF4B;SHISA5;SPCS2;NFE2L2;TBCC;SPCS1;CANX;ARFGAP3;ARF4;EIF3F;XRN2;EIF3E;PSMC3;HIF1A;PRKDC;RAB9A;FBXO7;SAFB;NPM1;KDELR1;TRAPPC1;TMED9;EIF3I;EEF2;TOMM20;PSMA5;MLEC;CAPZB;EIF5B;DERL1;MRPS7;NFKB2;PSMF1;EEF1B2;SMAD7;PSMD4;RAD23A;MRPS15;MRPL10;USP15;TMED2;SRP14;MRPL14;DCTN3;DNAJC3;CALM1;RPN1;WAC;PSMC5;MAT2B;TOP1;CUL5;DNMT1;SPCS3;EIF3G;HSPA8;EIF3L;TGOLN2;RANBP2;RAB1B;SELENOS;TNKS2;B3GNT2;DCAF5;NSMCE1
prerank,Reactome_2022__Metabolism Of Polyamines R-HSA-351202,-0.2162517803938797,-0.9029630767847754,6.071429e-01,7.319594e-01,1.000000e+00,10/25,21.74%,PSMB1;PSMB4;PSMA1;PSMD7;PSMA6;PSMA3;PSME2;PSME1;PSMB10;PSMD13
prerank,Reactome_2022__Extra-nuclear Estrogen Signaling R-HSA-9009391,0.35705597831511204,0.900809951427632,6.282974e-01,1.000000e+00,1.000000e+00,4/14,15.81%,CDKN1B;GNG2;MAPK1;UHMK1
prerank,Reactome_2022__ROS And RNS Production In Phagocytes R-HSA-1222556,-0.36807454398204326,-0.900202311101406,5.576208e-01,7.344122e-01,1.000000e+00,2/6,9.03%,ATP6V0C;TCIRG1
prerank,Reactome_2022__Semaphorin Interactions R-HSA-373755,0.3379051355739637,0.8998787714200331,6.379511e-01,1.000000e+00,1.000000e+00,5/17,21.74%,PTPRC;FYN;MYH9;GSK3B;MYL12B
prerank,Reactome_2022__Signaling By CSF3 (G-CSF) R-HSA-9674555,0.348528143510263,0.8993943285996737,6.151990e-01,1.000000e+00,1.000000e+00,8/14,39.37%,UBE2D2;UBA52;GRB2;STAT1;CUL5;SOCS1;JAK1;UBE2D3
prerank,Reactome_2022__Negative Regulators Of DDX58/IFIH1 Signaling R-HSA-936440,0.3566422683972472,0.8991716643456968,6.230303e-01,1.000000e+00,1.000000e+00,2/13,6.62%,UBE2D2;UBA52
prerank,Reactome_2022__Interferon Signaling R-HSA-913531,0.2778098405733766,0.8981785821730646,6.739583e-01,1.000000e+00,1.000000e+00,23/56,39.00%,GBP5;EIF4A2;ISG20;PIAS1;UBA52;TRIM22;HLA-E;EIF4G2;EIF2AK2;EIF4A3;PPM1B;XAF1;SMAD7;PTPN1;ISG15;STAT1;IFNG;RANBP2;KPNB1;SOCS1;SP100;JAK1;HLA-C
prerank,Reactome_2022__Potassium Channels R-HSA-1296071,-0.39035956181095277,-0.8981239637063548,5.723906e-01,7.357129e-01,1.000000e+00,3/5,11.86%,GNB1;KCNAB2;GNB2
prerank,Reactome_2022__Phase I - Functionalization Of Compounds R-HSA-211945,-0.40221340409342743,-0.8980392841443116,5.920578e-01,7.329505e-01,1.000000e+00,2/5,13.25%,VDAC2;AURKAIP1
prerank,Reactome_2022__Insertion Of Tail-Anchored Proteins Into Endoplasmic Reticulum Membrane R-HSA-9609523,0.4050289992037744,0.896553499820712,6.402597e-01,1.000000e+00,1.000000e+00,1/8,2.46%,VAMP2
prerank,Reactome_2022__RHOBTB GTPase Cycle R-HSA-9706574,0.33211573199079997,0.8959255511093636,6.275626e-01,1.000000e+00,1.000000e+00,3/18,8.33%,PHIP;CCT2;STK38
prerank,Reactome_2022__Degradation Of Extracellular Matrix R-HSA-1474228,-0.3082011230279289,-0.8936575058247002,6.164384e-01,7.389014e-01,1.000000e+00,5/9,18.43%,CAPNS1;CD44;FURIN;BSG;CTSD
prerank,Reactome_2022__Visual Phototransduction R-HSA-2187338,-0.36071346156534856,-0.8935280093613517,5.833333e-01,7.361568e-01,1.000000e+00,3/6,15.28%,GNB1;C1D;RNF7
prerank,Reactome_2022__Cytokine Signaling In Immune System R-HSA-1280215,0.25392773222804976,0.8932903943168296,7.477477e-01,1.000000e+00,1.000000e+00,55/174,32.75%,IL10RA;PTPN4;GBP5;UBE2D2;CDKN1B;FYN;EIF4A2;VAMP2;ISG20;MCL1;HNRNPDL;HNRNPA2B1;PIAS1;PPP2R1A;UBA52;TRIM22;MAPK1;RORA;IL16;STAT4;LCK;HLA-E;EIF4G2;YWHAZ;TNFRSF14;EIF2AK2;CASP8;EIF4A3;PPM1B;CANX;CCL3;XAF1;PSMC3;HIF1A;CSK;TOX4;PSMA5;NFKB2;PSMF1;SMAD7;PSMD4;IL18R1;PTPN1;IL7R;GRB2;ISG15;STAT1;IL12RB2;PTPN7;PSMC5;CUL5;HSPA8;IFNG;RANBP2;KPNB1
prerank,Reactome_2022__Viral mRNA Translation R-HSA-192823,0.4587648823662328,0.8932650076208304,6.410256e-01,1.000000e+00,1.000000e+00,2/5,6.62%,FAU;UBA52
prerank,Reactome_2022__Sema4D Induced Cell Migration And Growth-Cone Collapse R-HSA-416572,-0.3380660197767505,-0.8932325384741555,5.877551e-01,7.337537e-01,1.000000e+00,4/7,16.19%,RHOC;ROCK1;MYL6;RHOA
prerank,Reactome_2022__E3 Ubiquitin Ligases Ubiquitinate Target Proteins R-HSA-8866654,0.3415269348758393,0.8929711023890888,6.426829e-01,1.000000e+00,1.000000e+00,7/16,33.12%,UBE2D2;UBA52;CDC73;PRKDC;DERL1;WAC;SELENOS
prerank,Reactome_2022__Netrin-1 Signaling R-HSA-373752,-0.39328218814333715,-0.8927296142980587,5.979381e-01,7.319407e-01,1.000000e+00,2/5,2.62%,CDC42;PKN1
prerank,Reactome_2022__SARS-CoV-2 Infection R-HSA-9694516,0.27490133893131985,0.8916171542992881,6.680498e-01,1.000000e+00,1.000000e+00,18/54,29.81%,DDX5;FAU;PARP10;ISCU;UBA52;CNBP;MGAT4A;G3BP2;HLA-E;GSK3B;YWHAZ;CANX;SRPK2;SNRPB;SNRPD2;ISG15;STAT1;RPN1
prerank,Reactome_2022__Signaling By Receptor Tyrosine Kinases R-HSA-9006934,-0.17436338150833466,-0.8913540808045843,5.625000e-01,7.318152e-01,1.000000e+00,27/93,17.74%,CHD4;POLR2J;UBB;CDC42;PKN1;POLR2K;CDC37;ATP6V0C;FURIN;AP2M1;FOS;BRK1;TCIRG1;ID2;ROCK1;RICTOR;STAM;HSP90AA1;VAV3;HNRNPH1;LYN;POLR2G;MATK;RHOA;JUND;FGFBP2;POLR2E
prerank,Reactome_2022__PD-1 Signaling R-HSA-389948,0.4600964113551152,0.8911848227350067,6.477438e-01,1.000000e+00,1.000000e+00,5/5,54.11%,LCK;CSK;CD247;CD3D;CD3E
prerank,Reactome_2022__rRNA Modification In Nucleus And Cytosol R-HSA-6790901,0.400174173707164,0.8908496860145083,6.481715e-01,1.000000e+00,1.000000e+00,4/8,41.88%,THUMPD1;FBL;NOP58;SNU13
prerank,Reactome_2022__Metabolism Of Nucleotides R-HSA-15869,-0.32116123643333594,-0.8898946784295637,5.859375e-01,7.316098e-01,1.000000e+00,2/8,9.51%,NT5C;NME2
prerank,Reactome_2022__RIPK1-mediated Regulated Necrosis R-HSA-5213460,-0.2764545476780693,-0.8886564847583898,5.897436e-01,7.281069e-01,1.000000e+00,5/12,15.81%,UBB;CDC37;HSP90AA1;BIRC2;OGT
prerank,Reactome_2022__Regulation Of Necroptotic Cell Death R-HSA-5675482,-0.2764545476780693,-0.8886564847583898,5.897436e-01,7.281069e-01,1.000000e+00,5/12,15.81%,UBB;CDC37;HSP90AA1;BIRC2;OGT
prerank,Reactome_2022__Toll Like Receptor 4 (TLR4) Cascade R-HSA-166016,0.30114024922053634,0.8885956506694288,6.541850e-01,1.000000e+00,1.000000e+00,5/31,7.37%,PTPN4;UBE2D2;PPP2R1A;UBA52;MAPK1
prerank,Reactome_2022__Adaptive Immune System R-HSA-1280218,0.25024344324879777,0.8884304145803933,7.785571e-01,1.000000e+00,1.000000e+00,57/185,31.62%,KIF2A;PTPRC;RASGRP1;UBE2D2;FYN;DYNC1H1;BTN3A3;MYLIP;UBE2G2;LNPEP;PPP2R1A;UBA52;RNF213;MIB2;PPP2R5C;RNF19A;CD160;RNF126;SH2D1A;NFATC2;KLRK1;LCK;HLA-E;PTPN22;STUB1;YWHAZ;TNFRSF14;ITGAL;KIFAP3;CANX;PLCG2;ITGA4;ZAP70;PSMC3;CBLB;SIPA1;FBXO7;CSK;PSMA5;CD74;CAPZB;BTN3A2;PSMF1;PSMD4;NFATC3;CYBA;EVL;FYB1;HECTD1;GRB2;DCTN3;CALM1;LAIR1;PSMC5;CUL5;ICAM2;RBCK1
prerank,Reactome_2022__Interferon Gamma Signaling R-HSA-877300,0.30626016688360236,0.8880308582883777,6.426966e-01,1.000000e+00,1.000000e+00,16/27,46.79%,GBP5;PIAS1;TRIM22;HLA-E;SMAD7;PTPN1;STAT1;IFNG;SOCS1;SP100;JAK1;HLA-C;HLA-F;PTPN2;IRF7;HLA-A
prerank,Reactome_2022__RHOD GTPase Cycle R-HSA-9013405,0.369328330980664,0.8863430411951071,6.317734e-01,1.000000e+00,1.000000e+00,2/11,8.07%,ADD3;LBR
prerank,Reactome_2022__RAC2 GTPase Cycle R-HSA-9013404,-0.22813143378909345,-0.8851514022612463,7.500000e-01,7.318264e-01,1.000000e+00,5/23,8.55%,CDC42;PKN1;TAOK3;LAMTOR1;BRK1
prerank,Reactome_2022__RHOB GTPase Cycle R-HSA-9013026,0.3487175816518752,0.8832359266403136,6.299505e-01,1.000000e+00,1.000000e+00,3/14,10.20%,ARHGEF3;STOM;ARHGEF1
prerank,Reactome_2022__Metabolism Of Carbohydrates R-HSA-71387,0.30226312452945436,0.88318694801052,6.487696e-01,1.000000e+00,1.000000e+00,12/27,37.18%,CHST12;PPP2R1A;MAP4K5;UBA52;DCXR;CALM1;AKR1B1;RANBP2;B3GNT2;MDH1;PHKG2;PRKACB
prerank,Reactome_2022__Deposition Of New CENPA-containing Nucleosomes At Centromere R-HSA-606279,0.38678366716263435,0.8830413803139313,6.290116e-01,1.000000e+00,1.000000e+00,5/9,28.31%,MIS18BP1;SMARCA5;NPM1;RSF1;RBBP4
prerank,Reactome_2022__Interleukin-12 Family Signaling R-HSA-447115,0.31077276710567164,0.8816407458571027,6.670429e-01,1.000000e+00,1.000000e+00,12/24,41.83%,HNRNPDL;HNRNPA2B1;STAT4;CANX;TOX4;STAT1;IL12RB2;IFNG;CNN2;JAK1;HSPA9;HNRNPF
prerank,Reactome_2022__HSP90 Chaperone Cycle For Steroid Hormone Receptors (SHR) In Presence Of Ligand R-HSA-3371497,0.3526694196917305,0.8815362074749556,6.429448e-01,1.000000e+00,1.000000e+00,6/13,32.32%,DYNC1H1;DNAJB1;PTGES3;CAPZB;DCTN3;HSPA8
prerank,Reactome_2022__Muscle Contraction R-HSA-397014,-0.2529734460035954,-0.8811913384455664,6.496815e-01,7.367582e-01,1.000000e+00,6/16,14.21%,PKN1;ANXA1;SRI;TPM3;MYL6;VIM
prerank,Reactome_2022__Toll-like Receptor Cascades R-HSA-168898,0.29458864300480747,0.8809943899442655,6.713819e-01,1.000000e+00,1.000000e+00,5/33,7.37%,PTPN4;UBE2D2;PPP2R1A;UBA52;MAPK1
prerank,Reactome_2022__Sema4D In Semaphorin Signaling R-HSA-400685,-0.3222382504132219,-0.8800488138122875,6.017316e-01,7.359824e-01,1.000000e+00,4/8,16.19%,RHOC;ROCK1;MYL6;RHOA
prerank,Reactome_2022__Calnexin/calreticulin Cycle R-HSA-901042,-0.30694930309453694,-0.878177859168747,5.937500e-01,7.366420e-01,1.000000e+00,2/9,5.45%,UBB;PDIA3
prerank,Reactome_2022__FCERI Mediated NF-kB Activation R-HSA-2871837,-0.20337763520192925,-0.8779974553957504,7.164179e-01,7.341972e-01,1.000000e+00,9/35,15.12%,PSMB1;NFKBIA;UBB;PSMB4;PSMA1;PSMD7;PSMA6;PSMA3;LYN
prerank,Reactome_2022__Senescence-Associated Secretory Phenotype (SASP) R-HSA-2559582,0.31657324384289903,0.8775229932175613,6.347926e-01,1.000000e+00,1.000000e+00,5/21,18.70%,CDKN1B;UBA52;MAPK1;ANAPC16;EHMT1
prerank,Reactome_2022__RHO GTPases Activate CIT R-HSA-5625900,0.3955964142184013,0.8754801038785124,6.790281e-01,1.000000e+00,1.000000e+00,2/8,7.96%,CDKN1B;MYH9
prerank,Reactome_2022__Phospholipid Metabolism R-HSA-1483257,0.3193511012636122,0.8728483370233492,6.821886e-01,1.000000e+00,1.000000e+00,11/20,39.32%,RAB14;PLAAT4;LPCAT1;SLC44A2;OSBPL8;PIP4K2A;INPP5D;AGK;SACM1L;HADHA;PTDSS1
prerank,Reactome_2022__Diseases Of Signal Transduction By Growth Factor Receptors And Second Messengers R-HSA-5663202,0.25308212054270474,0.8715852908605175,7.585513e-01,1.000000e+00,1.000000e+00,39/109,35.26%,CDKN1B;FYN;PPP2R1A;ERLEC1;UBA52;GCC2;RNF213;MAPK1;MIB2;AKAP9;MYH9;PPP1CC;PPP2R5C;ZC3HAV1;LCK;GOLGA4;GSK3B;SND1;PPM1B;BIRC6;PSMC3;POLR2A;NPM1;CSK;PSMA5;PSMF1;EML4;PSMD4;FXR1;GRB2;STAT1;CALM1;PSMC5;RANBP2;TNKS2;TLN1;AGK;IQGAP1;BIN2
prerank,Reactome_2022__Post-translational Protein Phosphorylation R-HSA-8957275,0.32850354507466634,0.8712063844460946,6.470588e-01,1.000000e+00,1.000000e+00,7/16,41.72%,KTN1;MGAT4A;SHISA5;DNAJC3;TGOLN2;PRSS23;IGFBP4
prerank,Reactome_2022__MAP2K And MAPK Activation R-HSA-5674135,0.37446257316668524,0.8711167608537262,6.637056e-01,1.000000e+00,1.000000e+00,8/10,54.59%,MAPK1;CSK;TLN1;IQGAP1;APBB1IP;YWHAB;RAP1A;PEBP1
prerank,Reactome_2022__Signaling By High-Kinase Activity BRAF Mutants R-HSA-6802948,0.37446257316668524,0.8711167608537262,6.637056e-01,1.000000e+00,1.000000e+00,8/10,54.59%,MAPK1;CSK;TLN1;IQGAP1;APBB1IP;YWHAB;RAP1A;PEBP1
prerank,Reactome_2022__Disease R-HSA-1643685,0.24169890031328203,0.8691159553493142,8.540000e-01,1.000000e+00,1.000000e+00,92/292,31.09%,ATRX;DDX5;CDKN1B;FYN;VAMP2;CCND2;DYNC1H1;GNG2;CRBN;FAU;PARP10;PPP2R1A;MAP4K5;ERLEC1;ISCU;PSTPIP1;REST;UBA52;GCC2;PTGER2;RNF213;MAPK1;CAPN2;MIB2;AKAP9;MYH9;PPP1CC;PPP2R5C;CNBP;ADRB2;MGAT4A;FGR;PSIP1;G3BP2;ZC3HAV1;LCK;HLA-E;GOLGA4;CCND3;PTGES3;NFE2L2;GSK3B;ATM;YWHAZ;CYFIP2;ANAPC16;EIF2AK2;ARID4B;SND1;CASP8;SLC3A2;WIPF1;PPM1B;BIRC6;CANX;PLCG2;ITGA4;PSMC3;POLR2A;PTGER4;NPM1;ABI1;CSK;EEF2;PSMA5;TCEA1;DERL1;NFKB2;SRPK2;PRKX;PSMF1;CD320;EML4;PSMD4;CYBA;FXR1;DCXR;SNRPB;SNRPD2;GRB2;RBBP4;DNAJC3;ISG15;ACTR3;STAT1;GPS2;CALM1;RPN1;TAF7;PSMC5;CUL5;DNMT1
prerank,Reactome_2022__VLDLR Internalisation And Degradation R-HSA-8866427,0.41801831584956195,0.8685647260664122,6.948925e-01,1.000000e+00,1.000000e+00,2/6,6.62%,MYLIP;UBA52
prerank,Reactome_2022__Plasma Lipoprotein Clearance R-HSA-8964043,0.41801831584956195,0.8685647260664122,6.948925e-01,1.000000e+00,1.000000e+00,2/6,6.62%,MYLIP;UBA52
prerank,Reactome_2022__MyD88-independent TLR4 Cascade R-HSA-166166,0.30724338016801506,0.8684835505279934,6.802721e-01,1.000000e+00,1.000000e+00,4/24,7.37%,UBE2D2;PPP2R1A;UBA52;MAPK1
prerank,Reactome_2022__Toll Like Receptor 3 (TLR3) Cascade R-HSA-168164,0.30724338016801506,0.8684835505279934,6.802721e-01,1.000000e+00,1.000000e+00,4/24,7.37%,UBE2D2;PPP2R1A;UBA52;MAPK1
prerank,Reactome_2022__CD28 Dependent PI3K/Akt Signaling R-HSA-389357,0.4452778444850716,0.8658181174142943,6.740947e-01,1.000000e+00,1.000000e+00,2/5,14.00%,FYN;LCK
prerank,Reactome_2022__RHOH GTPase Cycle R-HSA-9013407,0.3389897428443683,0.8641440349898682,6.907090e-01,1.000000e+00,1.000000e+00,5/15,22.28%,STOM;LCK;RHOH;ZAP70;CSK
prerank,Reactome_2022__Cellular Responses To Stress R-HSA-2262752,0.24438971844268415,0.8630369681514855,7.967968e-01,1.000000e+00,1.000000e+00,38/156,24.63%,ETS1;CYCS;UBE2D2;EEF1A1;CDKN1B;DYNC1H1;TNRC6B;FAU;DNAJB1;DEDD2;UBA52;CITED2;MAPK1;H1-4;RORA;SRPRA;H1-3;ADD1;COX14;CABIN1;PTGES3;NFE2L2;UBN1;GSK3B;ATM;ANAPC16;TINF2;ST13;EHMT1;HMOX2;PSMC3;HIF1A;H1-2;PSMA5;CAPZB;DNAJC2;PSMF1;PSMD4
prerank,Reactome_2022__Immune System R-HSA-168256,0.23613984395922916,0.8620888369909046,8.950000e-01,1.000000e+00,1.000000e+00,121/427,29.54%,KIF2A;IL10RA;PTPN4;GBP5;PTPRC;RASGRP1;UBE2D2;EEF1A1;CDKN1B;FYN;RAB14;EIF4A2;VAMP2;DYNC1H1;ARHGAP45;ISG20;MCL1;BTN3A3;MYLIP;SPTAN1;HNRNPDL;UBE2G2;LNPEP;HNRNPA2B1;PIAS1;PPP2R1A;PSTPIP1;UBA52;TRIM22;RNF213;MAPK1;MIB2;CCT2;MYH9;SLC2A3;RAB37;RAB27A;RORA;STOM;PPP2R5C;IL16;RNF19A;ADGRE5;LPCAT1;CD160;FGR;RNF126;SH2D1A;NFATC2;STAT4;KLRK1;LCK;HLA-E;GDI2;PTPN22;IQGAP2;EIF4G2;STUB1;YWHAZ;CYFIP2;TNFRSF14;EIF2AK2;ITGAL;CASP8;KIFAP3;WIPF1;EIF4A3;PPM1B;CANX;PLCG2;ITGA4;ZAP70;CCL3;HMOX2;XAF1;PSMC3;HIF1A;CBLB;SIPA1;PRKDC;FBXO7;TRAPPC1;ABI1;CSK;TOX4;EEF2;PSMA5;MLEC;CD74;CAPZB;KLRC2;NFKB2;SLC44A2;BTN3A2;PSMF1;SMAD7;PSMD4;NFATC3;LAMP1;ATP8A1;GLIPR1;IL18R1;CYBA;PTPN1;EVL;FYB1;IL7R;HECTD1;NLRC3;SRP14;GRB2;DCTN3;DNAJC3;ISG15;ACTR3;STAT1;IL12RB2;OSTF1;PTPN7;CALM1;LAIR1
prerank,Reactome_2022__SARS-CoV-2 Modulates Host Translation Machinery R-HSA-9754678,-0.3445423370143242,-0.8618302581338056,6.333333e-01,7.621587e-01,1.000000e+00,2/6,4.70%,SNRPF;SNRPE
prerank,Reactome_2022__Post-translational Protein Modification R-HSA-597592,0.2411839400480226,0.8617609022782526,8.290000e-01,1.000000e+00,1.000000e+00,73/219,33.71%,NEDD8;NSMCE3;TUBA1A;DDX5;UBE2D2;EEF1A1;RAB14;USP11;DYNC1H1;AGTPBP1;SPTAN1;UBE2G2;PIAS1;KTN1;KDELR2;UBA52;COMMD6;CDC73;RAB37;RAB27A;RORA;UCHL5;ADRB2;MGAT4A;DDX17;COPS6;SHISA5;NFE2L2;CANX;ARFGAP3;ARF4;PSMC3;HIF1A;PRKDC;RAB9A;FBXO7;SAFB;NPM1;KDELR1;TRAPPC1;TMED9;EEF2;TOMM20;PSMA5;MLEC;CAPZB;DERL1;NFKB2;PSMF1;SMAD7;PSMD4;RAD23A;USP15;TMED2;DCTN3;DNAJC3;CALM1;RPN1;WAC;PSMC5;MAT2B;TOP1;CUL5;DNMT1;HSPA8;TGOLN2;RANBP2;RAB1B;SELENOS;TNKS2;B3GNT2;DCAF5;NSMCE1
prerank,Reactome_2022__Mitochondrial Protein Import R-HSA-1268020,-0.248373135938321,-0.8614292785441116,6.898734e-01,7.600397e-01,1.000000e+00,2/16,1.01%,VDAC1;COX17
prerank,Reactome_2022__Glucose Metabolism R-HSA-70326,0.3557644542096774,0.861406747031827,6.749689e-01,1.000000e+00,1.000000e+00,2/12,5.88%,PPP2R1A;MAP4K5
prerank,Reactome_2022__Pyroptosis R-HSA-5620971,0.421421504812362,0.8557115869030397,6.850606e-01,1.000000e+00,1.000000e+00,4/6,34.67%,CYCS;GZMB;CASP4;BAX
prerank,Reactome_2022__Recognition Of DNA Damage By PCNA-containing Replication Complex R-HSA-110314,-0.38130575520494425,-0.8528932385956745,6.136364e-01,7.729513e-01,1.000000e+00,2/5,10.20%,UBB;UBE2B
prerank,Reactome_2022__Metabolism Of Lipids R-HSA-556833,0.25737465576369456,0.8522440400602033,7.564234e-01,1.000000e+00,1.000000e+00,30/66,37.29%,RAB14;PLAAT4;PPP1CA;LBR;THRAP3;IDI1;RORA;PPP1CC;HMGCS1;LPCAT1;ALOX5AP;PTGES3;PTGDS;SLC44A2;MED15;MED10;GLIPR1;GPS2;AKR1B1;NDUFAB1;DECR1;CHD9;KPNB1;OSBPL8;PIP4K2A;INPP5D;AGK;SACM1L;PRKACB;HADHA
prerank,Reactome_2022__Fatty Acid Metabolism R-HSA-8978868,0.34414788375932637,0.8515986759636488,6.851852e-01,1.000000e+00,1.000000e+00,7/13,40.28%,ALOX5AP;PTGES3;PTGDS;NDUFAB1;DECR1;HADHA;GPX4
prerank,Reactome_2022__Regulation Of RUNX2 Expression And Activity R-HSA-8939902,-0.19666688019370498,-0.850514924399031,7.790698e-01,7.744630e-01,1.000000e+00,8/32,14.48%,PSMB1;UBB;PSMB4;PSMA1;NR3C1;PSMD7;PSMA6;PSMA3
prerank,Reactome_2022__Cellular Responses To Stimuli R-HSA-8953897,0.24017172308423362,0.8485837989731685,8.230000e-01,1.000000e+00,1.000000e+00,38/157,24.63%,ETS1;CYCS;UBE2D2;EEF1A1;CDKN1B;DYNC1H1;TNRC6B;FAU;DNAJB1;DEDD2;UBA52;CITED2;MAPK1;H1-4;RORA;SRPRA;H1-3;ADD1;COX14;CABIN1;PTGES3;NFE2L2;UBN1;GSK3B;ATM;ANAPC16;TINF2;ST13;EHMT1;HMOX2;PSMC3;HIF1A;H1-2;PSMA5;CAPZB;DNAJC2;PSMF1;PSMD4
prerank,Reactome_2022__Signal Amplification R-HSA-392518,-0.34618651453957777,-0.8481106557564019,6.290909e-01,7.756082e-01,1.000000e+00,3/6,11.86%,GNAI2;GNB1;GNB2
prerank,Reactome_2022__NOTCH1 Intracellular Domain Regulates Transcription R-HSA-2122947,0.3458702621690033,0.8459025918611729,6.872682e-01,1.000000e+00,1.000000e+00,4/11,21.31%,UBA52;TLE1;HIF1A;TLE4
prerank,Reactome_2022__Neurotransmitter Receptors And Postsynaptic Signal Transmission R-HSA-112314,-0.25709699752231224,-0.8454130281145752,6.863905e-01,7.777746e-01,1.000000e+00,5/14,13.46%,GNAI2;GNB1;AP2M1;GNB2;PRKAG1
prerank,Reactome_2022__Cooperation Of PDCL (PhLP1) And TRiC/CCT In G-protein Beta Folding R-HSA-6814122,0.34163889328812425,0.8428954338441569,6.895262e-01,1.000000e+00,1.000000e+00,3/12,10.68%,GNG2;CCT2;CCT3
prerank,Reactome_2022__Regulated Necrosis R-HSA-5218859,0.31430018713915897,0.8424871805549959,7.045977e-01,1.000000e+00,1.000000e+00,5/18,17.52%,CYCS;UBA52;STUB1;GZMB;CASP8
prerank,Reactome_2022__Defective CFTR Causes Cystic Fibrosis R-HSA-5678895,-0.19733055909209476,-0.8405645020079269,7.108434e-01,7.839215e-01,1.000000e+00,11/31,20.19%,PSMB1;UBB;PSMB4;PSMA1;PSMD7;PSMA6;PSMA3;PSME2;OS9;PSME1;PSMB10
prerank,Reactome_2022__Transport Of Small Molecules R-HSA-382551,0.24845496510829604,0.840330963858493,7.741607e-01,1.000000e+00,1.000000e+00,25/84,25.75%,NEDD8;GNG2;MYLIP;ARL2BP;SLC20A1;ERLEC1;UBA52;ADD3;SLC2A3;STOM;EMB;ADD1;SLC3A2;TSC22D3;HMOX2;PSMC3;PHB2;PSMA5;DERL1;SLC39A10;SLC44A2;PSMF1;PSMD4;SLC38A1;ATP8A1
prerank,Reactome_2022__SUMOylation Of Chromatin Organization Proteins R-HSA-4551638,0.35254473931588115,0.8387476556213209,7.036115e-01,1.000000e+00,1.000000e+00,1/10,5.77%,PIAS1
prerank,Reactome_2022__Integration Of Provirus R-HSA-162592,0.4285532975846641,0.8380095465000209,6.974063e-01,1.000000e+00,1.000000e+00,3/5,40.49%,PSIP1;BANF1;XRCC6
prerank,Reactome_2022__Formation Of Incision Complex In GG-NER R-HSA-5696395,0.3419992533954919,0.8378718204327501,7.006135e-01,1.000000e+00,1.000000e+00,2/12,6.62%,PIAS1;UBA52
prerank,Reactome_2022__Inactivation Of CSF3 (G-CSF) Signaling R-HSA-9705462,0.3262160602593728,0.8372896763768456,6.877278e-01,1.000000e+00,1.000000e+00,7/13,39.37%,UBE2D2;UBA52;STAT1;CUL5;SOCS1;JAK1;UBE2D3
prerank,Reactome_2022__Transcriptional Regulation By E2F6 R-HSA-8953750,0.38906138832511167,0.8365845256697652,7.090433e-01,1.000000e+00,1.000000e+00,5/7,41.77%,UXT;EHMT1;RBBP4;EPC1;TFDP2
prerank,Reactome_2022__Regulation Of Lipid Metabolism By PPARalpha R-HSA-400206,0.32228999841887757,0.8348419608865605,7.014563e-01,1.000000e+00,1.000000e+00,8/15,31.94%,THRAP3;RORA;HMGCS1;MED15;MED10;GLIPR1;GPS2;CHD9
prerank,Reactome_2022__PPARA Activates Gene Expression R-HSA-1989781,0.32228999841887757,0.8348419608865605,7.014563e-01,1.000000e+00,1.000000e+00,8/15,31.94%,THRAP3;RORA;HMGCS1;MED15;MED10;GLIPR1;GPS2;CHD9
prerank,Reactome_2022__Hedgehog Off State R-HSA-5610787,-0.18580448046485035,-0.8347115088214847,7.916667e-01,7.917229e-01,1.000000e+00,11/35,20.19%,PSMB1;UBB;PSMB4;PSMA1;PSMD7;PSMA6;PSMA3;PSME2;CSNK1A1;PSME1;PSMB10
prerank,Reactome_2022__Mitochondrial Fatty Acid Beta-Oxidation R-HSA-77289,-0.34513413612995286,-0.834487212937703,6.461538e-01,7.891229e-01,1.000000e+00,2/6,9.94%,ACAA2;DBI
prerank,Reactome_2022__HDACs Deacetylate Histones R-HSA-3214815,-0.2881092845754042,-0.8327344377406208,6.936170e-01,7.894646e-01,1.000000e+00,2/9,3.95%,CHD4;RBBP7
prerank,Reactome_2022__Iron Uptake And Transport R-HSA-917937,0.3366817848270619,0.8299566301270469,7.074663e-01,1.000000e+00,1.000000e+00,2/12,6.62%,NEDD8;UBA52
prerank,Reactome_2022__Transcriptional Activation Of Mitochondrial Biogenesis R-HSA-2151201,0.3703299462962399,0.8285251530395522,6.993548e-01,1.000000e+00,1.000000e+00,1/8,0.53%,CYCS
prerank,Reactome_2022__P75 NTR Receptor-Mediated Signaling R-HSA-193704,0.30016367995218857,0.8283925353402377,7.122807e-01,1.000000e+00,1.000000e+00,4/19,18.91%,ARHGEF3;UBA52;ARHGEF1;GNA13
prerank,Reactome_2022__DEx/H-box Helicases Activate Type I IFN And Inflammatory Cytokines Production R-HSA-3134963,0.43045293619258573,0.8247511743932833,7.396122e-01,1.000000e+00,1.000000e+00,3/5,53.26%,NFKB2;IRF7;DHX36
prerank,Reactome_2022__N-glycan Trimming In ER And Calnexin/Calreticulin Cycle R-HSA-532668,0.32504414227064915,0.8232652744535914,7.228916e-01,1.000000e+00,1.000000e+00,4/13,23.24%,UBA52;CANX;MLEC;DERL1
prerank,Reactome_2022__SCF(Skp2)-mediated Degradation Of P27/P21 R-HSA-187577,-0.1998274307697756,-0.8231145144114884,7.812500e-01,8.037798e-01,1.000000e+00,7/28,14.48%,PSMB1;UBB;PSMB4;PSMA1;PSMD7;PSMA6;PSMA3
prerank,Reactome_2022__Downregulation Of SMAD2/3:SMAD4 Transcriptional Activity R-HSA-2173795,0.34405450514164027,0.822964668321789,7.422553e-01,1.000000e+00,1.000000e+00,4/11,29.01%,UBA52;MAPK1;SMAD7;STAT1
prerank,Reactome_2022__FCGR3A-mediated Phagocytosis R-HSA-9664422,0.29442831984615664,0.8221016621289415,7.584650e-01,1.000000e+00,1.000000e+00,9/22,28.90%,FYN;MAPK1;MYH9;FGR;CYFIP2;WIPF1;ABI1;GRB2;ACTR3
prerank,Reactome_2022__Signaling By ERBB2 In Cancer R-HSA-1227990,-0.34923115987252645,-0.8205309544201554,6.819788e-01,8.054544e-01,1.000000e+00,2/5,12.87%,CDC37;HSP90AA1
prerank,Reactome_2022__Regulation Of IGF Transport And Uptake By IGFBPs R-HSA-381426,0.3047556085690818,0.8203049338153058,7.248804e-01,1.000000e+00,1.000000e+00,7/17,41.72%,KTN1;MGAT4A;SHISA5;DNAJC3;TGOLN2;PRSS23;IGFBP4
prerank,Reactome_2022__Signaling To ERKs R-HSA-187687,0.40242957935809914,0.8190745536450406,7.225201e-01,1.000000e+00,1.000000e+00,2/6,28.21%,MAPK1;GRB2
prerank,Reactome_2022__Costimulation By CD28 Family R-HSA-388841,0.31247102240004077,0.8188179306942336,7.502973e-01,1.000000e+00,1.000000e+00,6/17,22.28%,FYN;PPP2R1A;PPP2R5C;LCK;TNFRSF14;CSK
prerank,Reactome_2022__PERK Regulates Gene Expression R-HSA-381042,-0.3486877343331548,-0.8182315518973322,6.535714e-01,8.066375e-01,1.000000e+00,5/5,65.28%,ATF4;DDIT3;HERPUD1;HSPA5;EIF2S3
prerank,Reactome_2022__ABC Transporter Disorders R-HSA-5619084,-0.19378381260379796,-0.8164503796566815,7.066667e-01,8.069616e-01,1.000000e+00,11/32,20.19%,PSMB1;UBB;PSMB4;PSMA1;PSMD7;PSMA6;PSMA3;PSME2;OS9;PSME1;PSMB10
prerank,Reactome_2022__Generation Of Second Messenger Molecules R-HSA-202433,0.3323913559699353,0.8148698155919525,7.420584e-01,1.000000e+00,1.000000e+00,10/12,50.85%,LCK;PLCG2;ZAP70;EVL;FYB1;VASP;CD247;WAS;CD3D;LCP2
prerank,Reactome_2022__Gene Expression (Transcription) R-HSA-74160,0.22909466595057898,0.8147282606926572,9.100000e-01,1.000000e+00,1.000000e+00,78/234,33.33%,CYCS;PTPN4;CDKN1B;SSU72;INTS11;CCND2;TNRC6B;THOC2;KMT2A;PPP2R1A;UBA52;CITED2;MAPK1;SLC2A3;LBR;CDC73;RBL2;SMARCA5;RORA;PPP2R5C;PHAX;NFATC2;COX14;TAF1D;CCND3;BDP1;CDC40;STUB1;UXT;GSK3B;ATM;YWHAZ;RGCC;CNOT6L;ANAPC16;ARID4B;ITGAL;EIF4A3;ITGA4;EHMT1;PHF1;PSMC3;HSPD1;POLR2A;NPM1;PSMA5;TCEA1;ZNF331;MED15;PSMF1;SMAD7;PSMD4;MED10;SRSF4;CNOT2;PTPN1;SNRPB;GTF3A;U2AF2;ZNF600;PCF11;RBBP4;STAT1;NR4A3;GPS2;CALM1;RNPS1;COX7C;TAF7;PSMC5;DNMT1;SUPT5H;SRSF11;GTF3C1;IFNG;RANBP2;BTG1;BTG2
prerank,Reactome_2022__ATF6 (ATF6-alpha) Activates Chaperone Genes R-HSA-381183,-0.3540439207284413,-0.8136620316507196,6.776557e-01,8.058182e-01,1.000000e+00,5/5,64.74%,ATF4;HSP90B1;CALR;DDIT3;HSPA5
prerank,Reactome_2022__ATF6 (ATF6-alpha) Activates Chaperones R-HSA-381033,-0.3540439207284413,-0.8136620316507196,6.776557e-01,8.058182e-01,1.000000e+00,5/5,64.74%,ATF4;HSP90B1;CALR;DDIT3;HSPA5
prerank,Reactome_2022__G2/M DNA Damage Checkpoint R-HSA-69473,0.39654580808713424,0.8127002625975742,7.272727e-01,1.000000e+00,1.000000e+00,2/6,16.24%,ATM;YWHAZ
prerank,"Reactome_2022__Platelet Activation, Signaling And Aggregation R-HSA-76002",0.2521700591332407,0.8122509140834554,7.972689e-01,1.000000e+00,1.000000e+00,21/53,37.02%,PRKCH;RASGRP1;FYN;CYRIB;GNG2;MAPK1;LCK;YWHAZ;DGKD;PLCG2;GNA13;CSK;PLEK;PTPN1;GRB2;CALM1;TAGLN2;TLN1;HSPA5;RAC2;CAP1
prerank,Reactome_2022__Global Genome Nucleotide Excision Repair (GG-NER) R-HSA-5696399,0.31397109019968283,0.8121874465862559,7.529691e-01,1.000000e+00,1.000000e+00,3/15,12.23%,PIAS1;UBA52;COPS6
prerank,Reactome_2022__Initiation Of Nuclear Envelope (NE) Reformation R-HSA-2995383,0.3577860359124684,0.8119164380464823,7.410161e-01,1.000000e+00,1.000000e+00,2/9,8.07%,PPP2R1A;LBR
prerank,Reactome_2022__GRB2:SOS Provides Linkage To MAPK Signaling For Integrins R-HSA-354194,0.4159608244577029,0.8109362707029909,7.400275e-01,1.000000e+00,1.000000e+00,4/5,52.72%,GRB2;TLN1;APBB1IP;RAP1A
prerank,Reactome_2022__RHOU GTPase Cycle R-HSA-9013420,0.326266593597047,0.8107740319829339,7.361446e-01,1.000000e+00,1.000000e+00,3/13,12.29%,SPTAN1;ARHGAP30;ITSN2
prerank,Reactome_2022__APC/C:Cdc20 Mediated Degradation Of Cyclin B R-HSA-174048,0.38106190490137204,0.8100732106092742,7.417219e-01,1.000000e+00,1.000000e+00,2/7,16.77%,UBA52;ANAPC16
prerank,Reactome_2022__trans-Golgi Network Vesicle Budding R-HSA-199992,-0.24483508308632604,-0.8089298974068247,7.333333e-01,8.112020e-01,1.000000e+00,4/13,14.53%,RAB5C;M6PR;FTH1;VAMP8
prerank,Reactome_2022__Regulation Of Complement Cascade R-HSA-977606,0.41433012555403587,0.8075597703023323,7.527624e-01,1.000000e+00,1.000000e+00,4/5,51.76%,CD55;CPNE1;PSMA7;HNRNPC
prerank,Reactome_2022__Signaling By ALK R-HSA-201556,0.39159628196440766,0.8073640895937201,7.486111e-01,1.000000e+00,1.000000e+00,5/6,56.89%,HIF1A;IL2RG;PIK3R1;PRDM1;STAT3
prerank,Reactome_2022__SARS-CoV-2 Activates/Modulates Innate And Adaptive Immune Responses R-HSA-9705671,0.2920736946497045,0.8071195163903013,7.625731e-01,1.000000e+00,1.000000e+00,14/20,50.75%,CNBP;G3BP2;HLA-E;ISG15;STAT1;RANBP2;G3BP1;JAK1;HLA-C;HLA-F;IRF7;HLA-A;HLA-B;HSP90AB1
prerank,Reactome_2022__Signaling By NOTCH3 R-HSA-9012852,0.3478134394360099,0.8061766519163978,7.369792e-01,1.000000e+00,1.000000e+00,3/9,13.51%,UBA52;MIB2;IKZF1
prerank,Reactome_2022__Membrane Binding And Targetting Of GAG Proteins R-HSA-174490,0.4103537197386441,0.8057519196530976,7.790531e-01,1.000000e+00,1.000000e+00,1/5,6.62%,UBA52
prerank,Reactome_2022__GSK3B And BTRC:CUL1-mediated-degradation Of NFE2L2 R-HSA-9762114,-0.18969895239915324,-0.8051861836778271,8.117647e-01,8.148120e-01,1.000000e+00,7/30,14.48%,PSMB1;UBB;PSMB4;PSMA1;PSMD7;PSMA6;PSMA3
prerank,Reactome_2022__Formation Of ATP By Chemiosmotic Coupling R-HSA-163210,0.3198963897608737,0.8050394168898334,7.469287e-01,1.000000e+00,1.000000e+00,1/13,0.96%,ATP5PO
prerank,Reactome_2022__Immunoregulatory Interactions Between A Lymphoid And A non-Lymphoid Cell R-HSA-198933,0.2562229803653457,0.8049499701799967,7.830803e-01,1.000000e+00,1.000000e+00,27/41,54.11%,CD160;SH2D1A;KLRK1;HLA-E;ITGAL;ITGA4;LAIR1;ICAM2;CD8A;NCR1;HLA-C;CD247;KLRD1;HLA-F;KLRC1;ITGB7;CLEC2D;ITGB1;ITGB2;HLA-A;IFITM1;HLA-B;CD3D;KLRG1;KIR3DL1;SELL;CD3E
prerank,Reactome_2022__RND3 GTPase Cycle R-HSA-9696264,0.3728183809329735,0.8032566908646867,7.546174e-01,1.000000e+00,1.000000e+00,1/7,6.04%,KTN1
prerank,Reactome_2022__Interleukin-12 Signaling R-HSA-9020591,0.29279263112855924,0.8023506651477563,7.551724e-01,1.000000e+00,1.000000e+00,10/20,41.83%,HNRNPDL;HNRNPA2B1;STAT4;TOX4;IL12RB2;IFNG;CNN2;JAK1;HSPA9;HNRNPF
prerank,Reactome_2022__G Alpha (S) Signaling Events R-HSA-418555,0.30301499849908375,0.8019883119415429,7.399527e-01,1.000000e+00,1.000000e+00,3/16,11.43%,GNG2;PTGER2;ADRB2
prerank,Reactome_2022__Transmission Across Chemical Synapses R-HSA-112315,0.29320435299553105,0.8010156446073619,7.605473e-01,1.000000e+00,1.000000e+00,8/19,32.32%,VAMP2;GNG2;MAPK1;PRKX;SLC38A1;ARL6IP5;CALM1;HSPA8
prerank,Reactome_2022__Transcriptional Regulation By AP-2 (TFAP2) Family Of Transcription Factors R-HSA-8864260,0.36319433664993217,0.8006149135309741,7.444589e-01,1.000000e+00,1.000000e+00,3/8,21.47%,CITED2;HSPD1;NPM1
prerank,Reactome_2022__Signaling By NTRK1 (TRKA) R-HSA-187037,0.2898836697521201,0.8001645942324702,7.662037e-01,1.000000e+00,1.000000e+00,3/21,7.37%,PPP2R1A;REST;MAPK1
prerank,Reactome_2022__Interleukin-4 And Interleukin-13 Signaling R-HSA-6785807,-0.19129566431250794,-0.799607450742281,7.850467e-01,8.216618e-01,1.000000e+00,7/25,14.85%,ITGAM;ANXA1;FOS;CCM2;HSP90AA1;VIM;ITGAX
prerank,Reactome_2022__Antigen Processing: Ubiquitination And Proteasome Degradation R-HSA-983168,0.23952619215409954,0.7985916679046944,8.185525e-01,1.000000e+00,1.000000e+00,16/70,24.63%,UBE2D2;MYLIP;UBE2G2;LNPEP;UBA52;RNF213;MIB2;RNF19A;RNF126;STUB1;PSMC3;CBLB;FBXO7;PSMA5;PSMF1;PSMD4
prerank,Reactome_2022__RNA Polymerase II Transcription R-HSA-73857,0.22609467387194618,0.7985363864589496,9.180000e-01,1.000000e+00,1.000000e+00,63/211,30.18%,CYCS;PTPN4;CDKN1B;SSU72;INTS11;CCND2;TNRC6B;THOC2;KMT2A;PPP2R1A;UBA52;CITED2;MAPK1;SLC2A3;LBR;CDC73;RBL2;RORA;PPP2R5C;PHAX;NFATC2;COX14;CCND3;CDC40;STUB1;UXT;GSK3B;ATM;YWHAZ;RGCC;CNOT6L;ANAPC16;ITGAL;EIF4A3;ITGA4;EHMT1;PSMC3;HSPD1;POLR2A;NPM1;PSMA5;TCEA1;ZNF331;MED15;PSMF1;SMAD7;PSMD4;MED10;SRSF4;CNOT2;PTPN1;SNRPB;U2AF2;ZNF600;PCF11;RBBP4;STAT1;NR4A3;GPS2;CALM1;RNPS1;COX7C;TAF7
prerank,Reactome_2022__Downstream Signaling Events Of B Cell Receptor (BCR) R-HSA-1168372,-0.17193200710162676,-0.7984022735276064,8.571429e-01,8.208153e-01,1.000000e+00,8/40,14.48%,PSMB1;NFKBIA;UBB;PSMB4;PSMA1;PSMD7;PSMA6;PSMA3
prerank,Reactome_2022__SUMOylation Of SUMOylation Proteins R-HSA-4085377,-0.327438370846731,-0.79832891799502,7.642586e-01,8.179466e-01,1.000000e+00,6/6,67.41%,UBE2I;TPR;SUMO2;SUMO1;POM121;RANBP2
prerank,Reactome_2022__Processing Of SMDT1 R-HSA-8949664,0.3779120950104756,0.7982997680352487,7.446809e-01,1.000000e+00,1.000000e+00,4/7,40.71%,PHB2;MCUB;MICU2;YME1L1
prerank,Reactome_2022__RNA Polymerase III Transcription Initiation From Type 3 Promoter R-HSA-76071,-0.31432266221763433,-0.7976268003595596,7.033898e-01,8.160909e-01,1.000000e+00,1/7,3.04%,POLR2K
prerank,Reactome_2022__Response Of EIF2AK1 (HRI) To Heme Deficiency R-HSA-9648895,-0.3486877343331548,-0.797538906635493,7.077465e-01,8.132958e-01,1.000000e+00,5/5,65.28%,ATF4;DDIT3;EIF2AK1;PPP1R15A;EIF2S3
prerank,Reactome_2022__Cardiac Conduction R-HSA-5576891,0.38528772429032654,0.7971151407598649,7.574048e-01,1.000000e+00,1.000000e+00,5/6,42.04%,AKAP9;RANGRF;CALM1;ORAI1;ATP2B4
prerank,Reactome_2022__TNFR1-induced NFkappaB Signaling Pathway R-HSA-5357956,-0.3167202572347267,-0.796729699043801,6.914894e-01,8.116642e-01,1.000000e+00,6/6,68.48%,BIRC2;CYLD;TNFAIP3;TNF;RACK1;RBCK1
prerank,Reactome_2022__COPI-independent Golgi-to-ER Retrograde Traffic R-HSA-6811436,0.3781459716951611,0.7963623255967968,7.628726e-01,1.000000e+00,1.000000e+00,3/7,28.37%,DYNC1H1;CAPZB;DCTN3
prerank,Reactome_2022__Glycosaminoglycan Metabolism R-HSA-1630316,0.36195892542169233,0.7943294985431419,7.427056e-01,1.000000e+00,1.000000e+00,1/7,4.91%,CHST12
prerank,Reactome_2022__Formation Of RNA Pol II Elongation Complex R-HSA-112382,-0.22613261472653828,-0.7943114824637896,7.798742e-01,8.127030e-01,1.000000e+00,2/15,3.04%,POLR2J;POLR2K
prerank,Reactome_2022__Activation Of Gene Expression By SREBF (SREBP) R-HSA-2426168,0.3790352498671309,0.7920103892125645,7.619048e-01,1.000000e+00,1.000000e+00,2/7,9.46%,IDI1;HMGCS1
prerank,"Reactome_2022__Synthesis, Secretion, And Deacylation Of Ghrelin R-HSA-422085",0.4069366778558199,0.7914544688117913,7.806897e-01,1.000000e+00,1.000000e+00,3/5,31.20%,SPCS2;SPCS1;SPCS3
prerank,"Reactome_2022__Synthesis, Secretion, And Inactivation Of Glucose-dependent Insulinotropic Polypeptide (GIP) R-HSA-400511",0.4069366778558199,0.7914544688117913,7.806897e-01,1.000000e+00,1.000000e+00,3/5,31.20%,SPCS2;SPCS1;SPCS3
prerank,Reactome_2022__SUMOylation R-HSA-2990846,0.2572611138450405,0.7890766292837774,8.059385e-01,1.000000e+00,1.000000e+00,15/39,36.86%,NSMCE3;DDX5;PIAS1;RORA;DDX17;SAFB;NPM1;NFKB2;TOP1;DNMT1;RANBP2;NSMCE1;RNF168;NOP58;SP100
prerank,Reactome_2022__SUMO E3 Ligases SUMOylate Target Proteins R-HSA-3108232,0.2572611138450405,0.7890766292837774,8.059385e-01,1.000000e+00,1.000000e+00,15/39,36.86%,NSMCE3;DDX5;PIAS1;RORA;DDX17;SAFB;NPM1;NFKB2;TOP1;DNMT1;RANBP2;NSMCE1;RNF168;NOP58;SP100
prerank,Reactome_2022__Signaling By PDGF R-HSA-186797,0.36714501737939115,0.7872012239769237,7.678100e-01,1.000000e+00,1.000000e+00,5/7,42.74%,COL6A2;GRB2;STAT1;PTPN12;PIK3R1
prerank,Reactome_2022__Potential Therapeutics For SARS R-HSA-9679191,0.2646105317817894,0.7867349573208297,7.880133e-01,1.000000e+00,1.000000e+00,7/29,18.54%,CRBN;REST;PTGES3;NFE2L2;ARID4B;PLCG2;ITGA4
prerank,Reactome_2022__G Alpha (12/13) Signaling Events R-HSA-416482,0.30225219049940444,0.7860342091617419,7.828709e-01,1.000000e+00,1.000000e+00,3/15,10.20%,ARHGEF3;GNG2;ARHGEF1
prerank,Reactome_2022__Host Interactions Of HIV Factors R-HSA-162909,-0.154950764151563,-0.7847159893770258,8.636364e-01,8.261172e-01,1.000000e+00,11/51,14.48%,PSMB1;UBB;PSMB4;RAN;AP2M1;RANBP1;PSMA1;PSMD7;PSMA6;CCNT1;PSMA3
prerank,Reactome_2022__HDR Thru Homologous Recombination (HRR) Or Single Strand Annealing (SSA) R-HSA-5693567,-0.25731669747645636,-0.7843378301931816,7.636364e-01,8.237531e-01,1.000000e+00,2/11,5.61%,UBB;H2AX
prerank,Reactome_2022__Uptake And Actions Of Bacterial Toxins R-HSA-5339562,0.35851103751124325,0.784079963256832,7.579787e-01,1.000000e+00,1.000000e+00,3/7,29.49%,VAMP2;EEF2;CALM1
prerank,Reactome_2022__Downregulation Of ERBB2 Signaling R-HSA-8863795,-0.27900488833423803,-0.7837610977733291,7.822222e-01,8.216751e-01,1.000000e+00,4/9,16.13%,UBB;CDC37;HSP90AA1;MATK
prerank,Reactome_2022__Homology Directed Repair R-HSA-5693538,-0.2427758771718794,-0.7834888618389126,8.106796e-01,8.192230e-01,1.000000e+00,2/12,5.61%,UBB;H2AX
prerank,Reactome_2022__Signaling By Interleukins R-HSA-449147,0.22753402485648086,0.781703444271519,8.913481e-01,1.000000e+00,1.000000e+00,31/114,29.27%,IL10RA;PTPN4;FYN;VAMP2;MCL1;HNRNPDL;HNRNPA2B1;PPP2R1A;UBA52;MAPK1;RORA;IL16;STAT4;LCK;YWHAZ;CASP8;CANX;CCL3;PSMC3;HIF1A;TOX4;PSMA5;NFKB2;PSMF1;PSMD4;IL18R1;IL7R;GRB2;STAT1;IL12RB2;PTPN7
prerank,Reactome_2022__Signaling By Nuclear Receptors R-HSA-9006931,0.24556092039140148,0.7812138432007505,8.184713e-01,1.000000e+00,1.000000e+00,6/48,7.37%,DDX5;CDKN1B;TNRC6B;GNG2;MYLIP;MAPK1
prerank,Reactome_2022__Interferon Alpha/Beta Signaling R-HSA-909733,0.2721707357096641,0.7810154976820891,7.898305e-01,1.000000e+00,1.000000e+00,16/26,48.93%,ISG20;HLA-E;XAF1;PTPN1;ISG15;STAT1;KPNB1;SOCS1;JAK1;HLA-C;HLA-F;SAMHD1;IRF7;HLA-A;IFITM1;HLA-B
prerank,Reactome_2022__Chromatin Modifying Enzymes R-HSA-3247509,0.24610197194675462,0.7801928019134826,8.115183e-01,1.000000e+00,1.000000e+00,6/46,6.41%,NSD3;ASH1L;KDM4C;KMT2A;KDELR2;REST
prerank,Reactome_2022__Glucagon-type Ligand Receptors R-HSA-420092,0.4056359866641932,0.7797156129327792,7.829787e-01,1.000000e+00,1.000000e+00,1/5,3.85%,GNG2
prerank,Reactome_2022__Prostacyclin Signaling Thru Prostacyclin Receptor R-HSA-392851,0.4056359866641932,0.7797156129327792,7.829787e-01,1.000000e+00,1.000000e+00,1/5,3.85%,GNG2
prerank,Reactome_2022__Infectious Disease R-HSA-5663205,0.21783343084215082,0.7764419897086794,9.440000e-01,1.000000e+00,1.000000e+00,63/207,30.98%,DDX5;FYN;VAMP2;DYNC1H1;GNG2;CRBN;FAU;PARP10;ISCU;PSTPIP1;REST;UBA52;PTGER2;RNF213;MAPK1;MYH9;CNBP;ADRB2;MGAT4A;FGR;PSIP1;G3BP2;LCK;HLA-E;PTGES3;NFE2L2;GSK3B;YWHAZ;CYFIP2;EIF2AK2;ARID4B;WIPF1;CANX;PLCG2;ITGA4;PSMC3;POLR2A;PTGER4;NPM1;ABI1;EEF2;PSMA5;TCEA1;NFKB2;SRPK2;PRKX;PSMF1;PSMD4;CYBA;SNRPB;SNRPD2;GRB2;RBBP4;DNAJC3;ISG15;ACTR3;STAT1;GPS2;CALM1;RPN1;TAF7;PSMC5;CUL5
prerank,Reactome_2022__rRNA Processing In Nucleus And Cytosol R-HSA-8868773,0.30131489460848043,0.7752857900435655,7.886659e-01,1.000000e+00,1.000000e+00,4/15,19.82%,FAU;UBA52;THUMPD1;XRN2
prerank,Reactome_2022__rRNA Processing R-HSA-72312,0.30131489460848043,0.7752857900435655,7.886659e-01,1.000000e+00,1.000000e+00,4/15,19.82%,FAU;UBA52;THUMPD1;XRN2
prerank,Reactome_2022__IRE1alpha Activates Chaperones R-HSA-381070,0.309012270144103,0.7749290647447424,7.813268e-01,1.000000e+00,1.000000e+00,5/13,35.36%,SRPRA;ADD1;DNAJC3;TLN1;HSPA5
prerank,Reactome_2022__Budding And Maturation Of HIV Virion R-HSA-162588,0.37019675377422795,0.7748777228348608,7.847411e-01,1.000000e+00,1.000000e+00,1/6,6.62%,UBA52
prerank,Reactome_2022__ER Quality Control Compartment (ERQC) R-HSA-901032,0.395169754042161,0.7732979378173972,8.042857e-01,1.000000e+00,1.000000e+00,1/5,6.62%,UBA52
prerank,Reactome_2022__Stimuli-sensing Channels R-HSA-2672351,0.36261823709159635,0.7717382651913842,7.782427e-01,1.000000e+00,1.000000e+00,4/7,29.49%,UBA52;STOM;TSC22D3;CALM1
prerank,Reactome_2022__Downstream TCR Signaling R-HSA-202424,-0.1750686952959279,-0.7715358133425365,9.402985e-01,8.355249e-01,1.000000e+00,8/39,14.48%,PSMB1;NFKBIA;UBB;PSMB4;PSMA1;PSMD7;PSMA6;PSMA3
prerank,Reactome_2022__Phase II - Conjugation Of Compounds R-HSA-156580,-0.31067189906153636,-0.7708091306427258,7.719298e-01,8.335961e-01,1.000000e+00,3/6,18.22%,GSTK1;GSTP1;TPST2
prerank,Reactome_2022__NR1H3 And NR1H2 Regulate Gene Expression Linked To Cholesterol Transport And Efflux R-HSA-9029569,0.3938198401391244,0.7694635091427182,7.866109e-01,1.000000e+00,1.000000e+00,1/5,3.21%,TNRC6B
prerank,Reactome_2022__Pexophagy R-HSA-9664873,0.3711535949686514,0.7694150874804426,7.944444e-01,1.000000e+00,1.000000e+00,2/6,16.19%,UBA52;ATM
prerank,Reactome_2022__Generic Transcription Pathway R-HSA-212436,0.21834315716579103,0.7684228755968397,9.319319e-01,1.000000e+00,1.000000e+00,52/174,30.77%,CYCS;PTPN4;CDKN1B;CCND2;TNRC6B;KMT2A;PPP2R1A;UBA52;CITED2;MAPK1;SLC2A3;LBR;RBL2;RORA;PPP2R5C;NFATC2;COX14;CCND3;STUB1;UXT;GSK3B;ATM;YWHAZ;RGCC;CNOT6L;ANAPC16;ITGAL;ITGA4;EHMT1;PSMC3;HSPD1;POLR2A;NPM1;PSMA5;TCEA1;ZNF331;MED15;PSMF1;SMAD7;PSMD4;MED10;CNOT2;PTPN1;ZNF600;RBBP4;STAT1;NR4A3;GPS2;CALM1;COX7C;TAF7;PSMC5
prerank,Reactome_2022__HCMV Late Events R-HSA-9610379,0.3464609425565166,0.767464404760151,7.924016e-01,1.000000e+00,1.000000e+00,5/8,54.65%,RANBP2;VPS36;CEBPD;HNRNPK;POM121
prerank,Reactome_2022__DNA Double-Strand Break Repair R-HSA-5693532,0.28664277795194304,0.767456308867335,7.841727e-01,1.000000e+00,1.000000e+00,4/18,20.78%,UBA52;SMARCA5;ATM;PRKDC
prerank,Reactome_2022__Processing Of DNA Double-Strand Break Ends R-HSA-5693607,-0.26189354315226787,-0.7665947415103035,7.511312e-01,8.372045e-01,1.000000e+00,2/10,5.61%,UBB;H2AX
prerank,Reactome_2022__Neuronal System R-HSA-112316,0.2706779370741646,0.7649991452665974,8.049605e-01,1.000000e+00,1.000000e+00,4/24,9.13%,VAMP2;GNG2;MAPK1;EPB41
prerank,Reactome_2022__Cristae Formation R-HSA-8949613,0.2959248704314097,0.7646606354715745,7.799274e-01,1.000000e+00,1.000000e+00,1/14,0.96%,ATP5PO
prerank,Reactome_2022__Regulation Of RAS By GAPs R-HSA-5658442,-0.1758878958152323,-0.763257217791593,8.734177e-01,8.392899e-01,1.000000e+00,7/31,14.48%,PSMB1;UBB;PSMB4;PSMA1;PSMD7;PSMA6;PSMA3
prerank,Reactome_2022__G2/M Transition R-HSA-69275,0.23340942435617634,0.7605033205856112,8.544503e-01,1.000000e+00,1.000000e+00,7/56,8.87%,TUBA1A;DYNC1H1;SSNA1;PPP2R1A;UBA52;AKAP9;CEP78
prerank,Reactome_2022__Mitotic G2-G2/M Phases R-HSA-453274,0.23340942435617634,0.7605033205856112,8.544503e-01,1.000000e+00,1.000000e+00,7/56,8.87%,TUBA1A;DYNC1H1;SSNA1;PPP2R1A;UBA52;AKAP9;CEP78
prerank,Reactome_2022__FCERI Mediated MAPK Activation R-HSA-2871796,-0.2687117567283555,-0.7594382094194705,7.801724e-01,8.418956e-01,1.000000e+00,4/9,15.12%,PKN1;FOS;VAV3;LYN
prerank,Reactome_2022__Lysosome Vesicle Biogenesis R-HSA-432720,0.37360379273734495,0.7574277071165455,8.011204e-01,1.000000e+00,1.000000e+00,1/6,2.46%,VAMP2
prerank,"Reactome_2022__Antigen Presentation: Folding, Assembly, Peptide Loading Of Class I MHC R-HSA-983170",0.2957782942853907,0.7570168723372721,7.884379e-01,1.000000e+00,1.000000e+00,9/13,48.93%,HLA-E;CANX;HSPA5;HLA-C;HLA-F;ERAP2;HLA-A;SEC31A;HLA-B
prerank,Reactome_2022__G-protein Mediated Events R-HSA-112040,0.3648582425171497,0.7544611362782526,8.024194e-01,1.000000e+00,1.000000e+00,4/6,37.18%,MAPK1;PRKX;CALM1;PRKACB
prerank,Reactome_2022__Death Receptor Signaling R-HSA-73887,0.25380647216039554,0.7543063092585657,8.263274e-01,1.000000e+00,1.000000e+00,5/29,18.91%,ARHGEF3;UBA52;ARHGEF1;CASP8;GNA13
prerank,Reactome_2022__Negative Regulation Of FLT3 R-HSA-9706369,-0.33469637603027075,-0.7533575694458631,7.845118e-01,8.480403e-01,1.000000e+00,2/5,8.28%,UBB;SLA2
prerank,Reactome_2022__Nuclear Import Of Rev Protein R-HSA-180746,0.36883290280599246,0.752994118928213,8.252033e-01,1.000000e+00,1.000000e+00,3/6,32.75%,NPM1;RANBP2;KPNB1
prerank,Reactome_2022__CLEC7A (Dectin-1) Signaling R-HSA-5607764,0.23983202262991654,0.7524842313378498,8.557692e-01,1.000000e+00,1.000000e+00,11/41,24.84%,UBE2D2;UBA52;NFATC2;CASP8;PLCG2;PSMC3;PSMA5;NFKB2;PSMF1;PSMD4;NFATC3
prerank,Reactome_2022__Nuclear Receptor Transcription Pathway R-HSA-383280,-0.26833616358800483,-0.750721076589519,7.813765e-01,8.490465e-01,1.000000e+00,2/8,11.32%,NR1H2;NR3C1
prerank,Reactome_2022__STAT3 Nuclear Events Downstream Of ALK Signaling R-HSA-9701898,0.38263489526145605,0.7497036407733275,8.077475e-01,1.000000e+00,1.000000e+00,4/5,56.89%,HIF1A;IL2RG;PRDM1;STAT3
prerank,Reactome_2022__Recycling Pathway Of L1 R-HSA-437239,0.3847031331122913,0.7495342037064262,8.367627e-01,1.000000e+00,1.000000e+00,1/5,7.37%,MAPK1
prerank,Reactome_2022__Transport Of Mature mRNA Derived From An Intronless Transcript R-HSA-159231,-0.32726298875200854,-0.7482284896842689,7.909408e-01,8.467777e-01,1.000000e+00,5/5,67.41%,WDR33;TPR;FIP1L1;POM121;RANBP2
prerank,Reactome_2022__Transport Of Mature mRNAs Derived From Intronless Transcripts R-HSA-159234,-0.32726298875200854,-0.7482284896842689,7.909408e-01,8.467777e-01,1.000000e+00,5/5,67.41%,WDR33;TPR;FIP1L1;POM121;RANBP2
prerank,Reactome_2022__SMAD2/SMAD3:SMAD4 Heterotrimer Regulates Transcription R-HSA-2173796,0.3160354155116362,0.7439423137066018,8.142857e-01,1.000000e+00,1.000000e+00,2/10,7.37%,UBA52;MAPK1
prerank,Reactome_2022__TCR Signaling R-HSA-202403,0.2320600657402731,0.7438758266871662,8.848997e-01,1.000000e+00,1.000000e+00,14/50,26.87%,PTPRC;UBE2D2;UBA52;LCK;PTPN22;PLCG2;ZAP70;PSMC3;CSK;PSMA5;PSMF1;PSMD4;EVL;FYB1
prerank,Reactome_2022__Defective Intrinsic Pathway For Apoptosis R-HSA-9734009,0.3678358268183766,0.7433709844289612,8.305556e-01,1.000000e+00,1.000000e+00,1/6,7.53%,CAPN2
prerank,Reactome_2022__Late Endosomal Microautophagy R-HSA-9615710,-0.29057134747710933,-0.7429452671676194,7.600000e-01,8.513617e-01,1.000000e+00,2/7,11.00%,UBB;PARK7
prerank,Reactome_2022__XBP1(S) Activates Chaperone Genes R-HSA-381038,0.3081875102405719,0.7424783880684708,8.158568e-01,1.000000e+00,1.000000e+00,4/11,34.78%,SRPRA;ADD1;DNAJC3;TLN1
prerank,Reactome_2022__Metabolism Of Steroids R-HSA-8957322,0.29259632707572747,0.7406542188979327,8.247914e-01,1.000000e+00,1.000000e+00,3/15,9.46%,LBR;IDI1;HMGCS1
prerank,Reactome_2022__RNA Polymerase II Transcribes snRNA Genes R-HSA-6807505,0.28607393989212104,0.7400676573187216,8.432304e-01,1.000000e+00,1.000000e+00,3/15,11.27%,SSU72;INTS11;PHAX
prerank,Reactome_2022__Protein Localization R-HSA-9609507,0.2465849671014182,0.739069208043541,8.622560e-01,1.000000e+00,1.000000e+00,5/32,8.97%,UBE2D2;VAMP2;UBA52;DNAJC19;TOMM7
prerank,Reactome_2022__Postmitotic Nuclear Pore Complex (NPC) Reformation R-HSA-9615933,-0.3369109644718844,-0.7390618996106669,7.908745e-01,8.541391e-01,1.000000e+00,1/5,7.43%,RAN
prerank,Reactome_2022__NOD1/2 Signaling Pathway R-HSA-168638,0.3457996467577389,0.7376541006859205,8.134228e-01,1.000000e+00,1.000000e+00,3/7,41.24%,CASP8;CASP4;ITCH
prerank,Reactome_2022__ABC-family Proteins Mediated Transport R-HSA-382556,-0.16870662345064102,-0.7363718858042475,8.765432e-01,8.548705e-01,1.000000e+00,11/33,20.19%,PSMB1;UBB;PSMB4;PSMA1;PSMD7;PSMA6;PSMA3;PSME2;OS9;PSME1;PSMB10
prerank,Reactome_2022__Thromboxane Signaling Thru TP Receptor R-HSA-428930,0.3777907168535776,0.7361180960341364,8.354430e-01,1.000000e+00,1.000000e+00,2/5,18.91%,GNG2;GNA13
prerank,"Reactome_2022__Incretin Synthesis, Secretion, And Inactivation R-HSA-400508",-0.30745869635514395,-0.7326751430216388,8.115385e-01,8.539207e-01,1.000000e+00,2/6,6.04%,GNB1;SEC11A
prerank,"Reactome_2022__Synthesis, Secretion, And Inactivation Of Glucagon-like Peptide-1 (GLP-1) R-HSA-381771",-0.30745869635514395,-0.7326751430216388,8.115385e-01,8.539207e-01,1.000000e+00,2/6,6.04%,GNB1;SEC11A
prerank,Reactome_2022__Degradation Of Beta-Catenin By Destruction Complex R-HSA-195253,0.23493930230879878,0.732367936789059,8.595745e-01,1.000000e+00,1.000000e+00,10/39,24.63%,PPP2R1A;UBA52;PPP2R5C;TLE1;GSK3B;PSMC3;TLE4;PSMA5;PSMF1;PSMD4
prerank,Reactome_2022__TGF-beta Receptor Signaling In EMT (Epithelial To Mesenchymal Transition) R-HSA-2173791,0.37978141376341645,0.7322781886732699,8.422576e-01,1.000000e+00,1.000000e+00,1/5,6.62%,UBA52
prerank,Reactome_2022__Regulation Of BACH1 Activity R-HSA-9708530,0.3764215146201703,0.7315151377631778,8.133903e-01,1.000000e+00,1.000000e+00,1/5,6.62%,UBA52
prerank,Reactome_2022__Mitotic G1 Phase And G1/S Transition R-HSA-453279,0.23482452333245596,0.7282689424457992,8.589608e-01,1.000000e+00,1.000000e+00,10/40,24.63%,CDKN1B;CCND2;PPP2R1A;UBA52;RBL2;CCND3;PSMC3;PSMA5;PSMF1;PSMD4
prerank,Reactome_2022__NRIF Signals Cell Death From Nucleus R-HSA-205043,0.37162226397847925,0.7260081519455525,8.435673e-01,1.000000e+00,1.000000e+00,1/5,6.62%,UBA52
prerank,Reactome_2022__PIP3 Activates AKT Signaling R-HSA-1257604,0.22076554340076615,0.7242011826892868,9.057971e-01,1.000000e+00,1.000000e+00,12/62,16.61%,CDKN1B;FYN;TNRC6B;PPP2R1A;REST;UBA52;MAPK1;PPP2R5C;LCK;STUB1;GSK3B;CNOT6L
prerank,Reactome_2022__Repression Of WNT Target Genes R-HSA-4641265,0.35059023128129774,0.7238010208510376,8.585573e-01,1.000000e+00,1.000000e+00,3/6,36.11%,TLE1;TLE4;TCF7
prerank,Reactome_2022__Gene And Protein Expression By JAK-STAT Signaling After Interleukin-12 Stimulation R-HSA-8950505,0.27438978093804905,0.7211442594299146,8.425382e-01,1.000000e+00,1.000000e+00,3/17,12.39%,HNRNPDL;HNRNPA2B1;STAT4
prerank,Reactome_2022__Deregulated CDK5 Triggers Neurodegenerative Pathways In Alzheimers Disease Models R-HSA-8862803,0.37626252292444895,0.7194873918105859,8.611898e-01,1.000000e+00,1.000000e+00,1/5,7.53%,CAPN2
prerank,Reactome_2022__Nonhomologous End-Joining (NHEJ) R-HSA-5693571,0.35236922783203145,0.7190946518736147,8.447552e-01,1.000000e+00,1.000000e+00,4/6,40.49%,ATM;PRKDC;RNF168;XRCC6
prerank,Reactome_2022__Intracellular Signaling By Second Messengers R-HSA-9006925,0.21798689019575396,0.7184406177296623,9.158879e-01,1.000000e+00,1.000000e+00,21/66,30.77%,CDKN1B;FYN;TNRC6B;PPP2R1A;REST;UBA52;MAPK1;PPP2R5C;LCK;STUB1;GSK3B;CNOT6L;PSMC3;PSMA5;PRKX;PSMF1;PSMD4;GRB2;RBBP4;CALM1;PSMC5
prerank,Reactome_2022__Attenuation Phase R-HSA-3371568,0.30461588438524023,0.7183631673361669,8.367089e-01,1.000000e+00,1.000000e+00,3/10,14.85%,DNAJB1;DEDD2;PTGES3
prerank,Reactome_2022__HSF1-dependent Transactivation R-HSA-3371571,0.30461588438524023,0.7183631673361669,8.367089e-01,1.000000e+00,1.000000e+00,3/10,14.85%,DNAJB1;DEDD2;PTGES3
prerank,Reactome_2022__Transcriptional Regulation Of White Adipocyte Differentiation R-HSA-381340,0.2741197269319328,0.7147310622539238,8.429752e-01,1.000000e+00,1.000000e+00,8/15,42.52%,THRAP3;CCND3;MED15;MED10;CHD9;ZNF638;CEBPD;MED4
prerank,Reactome_2022__mRNA 3-End Processing R-HSA-72187,0.2502917561326155,0.7118293318516549,8.712542e-01,1.000000e+00,1.000000e+00,8/25,32.05%,THOC2;CDC40;EIF4A3;SRSF4;U2AF2;PCF11;RNPS1;SRSF11
prerank,Reactome_2022__DNA Damage Bypass R-HSA-73893,-0.2596127411932016,-0.7117077183582878,8.553191e-01,8.779385e-01,1.000000e+00,2/8,10.20%,UBB;UBE2B
prerank,Reactome_2022__CD28 Dependent Vav1 Pathway R-HSA-389359,0.3675780884516261,0.7111621124637506,8.677686e-01,1.000000e+00,1.000000e+00,2/5,14.00%,FYN;LCK
prerank,Reactome_2022__Fcgamma Receptor (FCGR) Dependent Phagocytosis R-HSA-2029480,0.24035905177489325,0.7105889134279609,8.767721e-01,1.000000e+00,1.000000e+00,10/28,28.90%,FYN;MAPK1;MYH9;FGR;CYFIP2;WIPF1;PLCG2;ABI1;GRB2;ACTR3
prerank,Reactome_2022__mRNA Splicing R-HSA-72172,0.20807850436203523,0.7100654834829271,9.364279e-01,1.000000e+00,1.000000e+00,36/96,37.66%,DDX5;HNRNPA2B1;RBM42;SF3A1;BCAS2;SNRPB2;ELAVL1;HNRNPU;PRPF6;DDX46;CDC40;EIF4A3;LSM7;POLR2A;SRSF4;FUS;SNRPB;SNRPD2;U2AF2;PCF11;HNRNPD;SNRPA;RNPS1;LSM4;TXNL4A;HNRNPA3;SRSF11;HSPA8;PRPF40A;PUF60;CWC15;HNRNPL;HNRNPUL1;SNRNP70;SF1;HNRNPA0
prerank,Reactome_2022__mRNA Splicing - Major Pathway R-HSA-72163,0.20807850436203523,0.7100654834829271,9.364279e-01,1.000000e+00,1.000000e+00,36/96,37.66%,DDX5;HNRNPA2B1;RBM42;SF3A1;BCAS2;SNRPB2;ELAVL1;HNRNPU;PRPF6;DDX46;CDC40;EIF4A3;LSM7;POLR2A;SRSF4;FUS;SNRPB;SNRPD2;U2AF2;PCF11;HNRNPD;SNRPA;RNPS1;LSM4;TXNL4A;HNRNPA3;SRSF11;HSPA8;PRPF40A;PUF60;CWC15;HNRNPL;HNRNPUL1;SNRNP70;SF1;HNRNPA0
prerank,Reactome_2022__Neddylation R-HSA-8951664,0.21983718200711724,0.7089755747796197,8.905109e-01,1.000000e+00,1.000000e+00,12/52,24.63%,NEDD8;UBE2D2;UBA52;COMMD6;COPS6;NFE2L2;PSMC3;HIF1A;FBXO7;PSMA5;PSMF1;PSMD4
prerank,Reactome_2022__Processing Of Capped Intron-Containing Pre-mRNA R-HSA-72203,0.20668943665501327,0.70882538191574,9.416499e-01,1.000000e+00,1.000000e+00,38/104,37.66%,DDX5;THOC2;HNRNPA2B1;RBM42;SF3A1;BCAS2;SNRPB2;ELAVL1;HNRNPU;PRPF6;DDX46;CDC40;EIF4A3;LSM7;POLR2A;SRSF4;FUS;SNRPB;SNRPD2;U2AF2;PCF11;HNRNPD;SNRPA;RNPS1;LSM4;TXNL4A;HNRNPA3;SRSF11;HSPA8;RANBP2;PRPF40A;PUF60;CWC15;HNRNPL;HNRNPUL1;SNRNP70;SF1;HNRNPA0
prerank,Reactome_2022__Peptide Ligand-Binding Receptors R-HSA-375276,0.3064551192559594,0.7055252211143684,8.365508e-01,1.000000e+00,1.000000e+00,2/9,19.07%,CX3CR1;CCL3
prerank,Reactome_2022__G Beta:Gamma Signaling Thru PI3Kgamma R-HSA-392451,0.3663866956596491,0.7048631630970252,8.796562e-01,1.000000e+00,1.000000e+00,1/5,3.85%,GNG2
prerank,Reactome_2022__TCF Dependent Signaling In Response To WNT R-HSA-201681,0.21869444545166286,0.7047617474527096,8.960499e-01,1.000000e+00,1.000000e+00,13/51,24.63%,CCDC88C;PPP2R1A;UBA52;CDC73;PPP2R5C;TLE1;GSK3B;YWHAZ;PSMC3;TLE4;PSMA5;PSMF1;PSMD4
prerank,Reactome_2022__Aquaporin-mediated Transport R-HSA-445717,0.331853841907176,0.7041010294805132,8.433735e-01,1.000000e+00,1.000000e+00,1/7,3.85%,GNG2
prerank,Reactome_2022__Glucagon Signaling In Metabolic Regulation R-HSA-163359,0.331853841907176,0.7041010294805132,8.433735e-01,1.000000e+00,1.000000e+00,1/7,3.85%,GNG2
prerank,Reactome_2022__Vasopressin Regulates Renal Water Homeostasis Via Aquaporins R-HSA-432040,0.331853841907176,0.7041010294805132,8.433735e-01,1.000000e+00,1.000000e+00,1/7,3.85%,GNG2
prerank,Reactome_2022__Mitotic Prophase R-HSA-68875,0.2559542841320571,0.7030138584316573,8.602520e-01,1.000000e+00,1.000000e+00,3/20,14.48%,PPP2R1A;MAPK1;SET
prerank,Reactome_2022__B-WICH Complex Positively Regulates rRNA Expression R-HSA-5250924,0.2771686487877415,0.7027587225840479,8.663366e-01,1.000000e+00,1.000000e+00,3/14,16.08%,SMARCA5;TAF1D;GSK3B
prerank,Reactome_2022__Apoptosis Induced DNA Fragmentation R-HSA-140342,0.3400146895587641,0.6954380946027253,8.569482e-01,1.000000e+00,1.000000e+00,3/6,22.12%,H1-4;H1-3;H1-2
prerank,Reactome_2022__RNA Polymerase I Transcription Termination R-HSA-73863,-0.27245806739808753,-0.695100742604102,8.492063e-01,8.947316e-01,1.000000e+00,1/7,3.04%,POLR2K
prerank,Reactome_2022__RNA Polymerase III Transcription Initiation From Type 2 Promoter R-HSA-76066,-0.2531379513269999,-0.6900050835033303,8.584071e-01,8.973636e-01,1.000000e+00,1/8,3.04%,POLR2K
prerank,Reactome_2022__Metabolism Of RNA R-HSA-8953854,0.19551810627148186,0.6878121185817063,9.839679e-01,1.000000e+00,1.000000e+00,64/175,38.62%,DDX5;EIF4A2;THOC2;FAU;HNRNPA2B1;PPP2R1A;RBM42;UBA52;SF3A1;BCAS2;SNRPB2;ELAVL1;PHAX;HNRNPU;UPF3A;ZFP36L1;PRPF6;DDX46;SET;CDC40;EIF4B;YWHAZ;CNOT6L;EIF4A3;THUMPD1;LSM7;XRN2;PSMC3;POLR2A;PSMA5;PSMF1;PSMD4;SRSF4;CNOT2;FUS;SNRPB;SNRPD2;U2AF2;PCF11;HNRNPD;SNRPA;RNPS1;FBL;LSM4;TXNL4A;HNRNPA3;PSMC5;SUPT5H;SRSF11;HSPA8;RANBP2;SMG1;PRPF40A;PUF60;CWC15;HNRNPL;HNRNPUL1;NOP58;SNRNP70;PNRC2;SF1;HNRNPA0;CCNH;DDX6
prerank,Reactome_2022__Heme Signaling R-HSA-9707616,0.3541636557137461,0.6876514035366277,8.805755e-01,1.000000e+00,1.000000e+00,2/5,15.65%,RORA;NFE2L2
prerank,Reactome_2022__RHOG GTPase Cycle R-HSA-9013408,0.2481978252850038,0.6874141155726231,8.826237e-01,1.000000e+00,1.000000e+00,4/20,18.64%,KTN1;LBR;IQGAP2;ARFGAP3
prerank,Reactome_2022__Fc Epsilon Receptor (FCERI) Signaling R-HSA-2454202,0.21333376375553714,0.6869122351068904,9.137214e-01,1.000000e+00,1.000000e+00,15/52,30.77%,RASGRP1;UBE2D2;FYN;UBA52;MAPK1;NFATC2;PLCG2;PSMC3;PSMA5;PSMF1;PSMD4;NFATC3;GRB2;CALM1;PSMC5
prerank,Reactome_2022__COPII-mediated Vesicle Transport R-HSA-204005,-0.21935483870967742,-0.6859255749128383,9.299065e-01,8.984894e-01,1.000000e+00,12/12,78.26%,LMAN2;STX5;CSNK1D;TRAPPC10;AREG;TRAPPC6A;SEC31A;CTSC;LMAN1;RAB1B;TMED2;TRAPPC1
prerank,Reactome_2022__Early Phase Of HIV Life Cycle R-HSA-162594,0.32991382177484657,0.6796825777247154,8.668516e-01,1.000000e+00,1.000000e+00,3/6,40.49%,PSIP1;BANF1;XRCC6
prerank,Reactome_2022__Activation Of Kainate Receptors Upon Glutamate Binding R-HSA-451326,0.33096485845303547,0.6784175076268955,8.904110e-01,1.000000e+00,1.000000e+00,1/6,3.85%,GNG2
prerank,Reactome_2022__Signaling By B Cell Receptor (BCR) R-HSA-983705,0.21340566694066945,0.6775389478020971,9.089958e-01,1.000000e+00,1.000000e+00,13/47,30.77%,RASGRP1;FYN;UBA52;NFATC2;PLCG2;PSMC3;PSMA5;PSMF1;PSMD4;NFATC3;GRB2;CALM1;PSMC5
prerank,Reactome_2022__Major Pathway Of rRNA Processing In Nucleolus And Cytosol R-HSA-6791226,0.27251542614292157,0.6728449250974584,8.948655e-01,1.000000e+00,1.000000e+00,2/13,6.62%,FAU;UBA52
prerank,Reactome_2022__RHO GTPases Activate KTN1 R-HSA-5625970,0.34763860523294965,0.6708376361957006,8.876404e-01,1.000000e+00,1.000000e+00,1/5,6.04%,KTN1
prerank,Reactome_2022__Disorders Of Transmembrane Transporters R-HSA-5619115,0.21752657556395774,0.6699238119917402,9.252137e-01,1.000000e+00,1.000000e+00,9/38,24.63%,MAP4K5;ERLEC1;UBA52;SLC3A2;PSMC3;PSMA5;DERL1;PSMF1;PSMD4
prerank,Reactome_2022__GPVI-mediated Activation Cascade R-HSA-114604,0.2692116387921833,0.669688558847454,8.864469e-01,1.000000e+00,1.000000e+00,3/13,18.48%,FYN;LCK;PLCG2
prerank,Reactome_2022__DNA Damage Recognition In GG-NER R-HSA-5696394,0.2927295197311859,0.6688069356490397,8.777070e-01,1.000000e+00,1.000000e+00,3/9,24.73%,UBA52;COPS6;RAD23A
prerank,Reactome_2022__Cargo Concentration In ER R-HSA-5694530,-0.2733118971061093,-0.6673918951254376,9.097222e-01,9.141284e-01,1.000000e+00,6/6,72.81%,LMAN2;STX5;AREG;CTSC;LMAN1;TMED2
prerank,Reactome_2022__Signaling By NOTCH R-HSA-157118,0.20378461036742793,0.662952717079963,9.361925e-01,1.000000e+00,1.000000e+00,16/53,30.77%,TNRC6B;UBA52;MIB2;TLE1;IKZF1;GZMB;YWHAZ;PSMC3;HIF1A;TLE4;PSMA5;PSMF1;PSMD4;TMED2;STAT1;PSMC5
prerank,Reactome_2022__RHOC GTPase Cycle R-HSA-9013106,0.24374725680649836,0.6611483604230757,9.083527e-01,1.000000e+00,1.000000e+00,3/19,10.20%,LBR;STOM;ARHGEF1
prerank,Reactome_2022__Signaling By WNT R-HSA-195721,0.19843626926286784,0.660377850517052,9.590164e-01,1.000000e+00,1.000000e+00,16/69,24.63%,CCDC88C;TNRC6B;GNG2;PPP2R1A;UBA52;CDC73;RORA;PPP2R5C;TLE1;GSK3B;YWHAZ;PSMC3;TLE4;PSMA5;PSMF1;PSMD4
prerank,Reactome_2022__MAPK6/MAPK4 Signaling R-HSA-5687128,0.21610003927185958,0.6597138384525599,9.113786e-01,1.000000e+00,1.000000e+00,9/35,24.63%,TNRC6B;DNAJB1;UBA52;SEPTIN7;CCND3;PSMC3;PSMA5;PSMF1;PSMD4
prerank,Reactome_2022__Class I MHC Mediated Antigen Processing And Presentation R-HSA-983169,0.1924110956901197,0.657997235329689,9.566969e-01,1.000000e+00,1.000000e+00,20/89,27.08%,UBE2D2;MYLIP;UBE2G2;LNPEP;UBA52;RNF213;MIB2;RNF19A;RNF126;HLA-E;STUB1;CANX;PSMC3;CBLB;FBXO7;PSMA5;PSMF1;PSMD4;CYBA;HECTD1
prerank,Reactome_2022__Josephin Domain DUBs R-HSA-5689877,0.3362395763836341,0.653637136346265,9.158345e-01,1.000000e+00,1.000000e+00,2/5,24.73%,UBA52;RAD23A
prerank,Reactome_2022__Signaling By Cytosolic FGFR1 Fusion Mutants R-HSA-1839117,0.34090034010552517,0.6534072825917954,9.247159e-01,1.000000e+00,1.000000e+00,3/5,42.74%,GRB2;STAT1;PIK3R1
prerank,Reactome_2022__Signaling By FGFR1 In Disease R-HSA-5655302,0.34090034010552517,0.6534072825917954,9.247159e-01,1.000000e+00,1.000000e+00,3/5,42.74%,GRB2;STAT1;PIK3R1
prerank,Reactome_2022__FGFR1 Mutant Receptor Activation R-HSA-1839124,0.34090034010552517,0.6534072825917954,9.247159e-01,1.000000e+00,1.000000e+00,3/5,42.74%,GRB2;STAT1;PIK3R1
prerank,Reactome_2022__Prevention Of Phagosomal-Lysosomal Fusion R-HSA-9636383,0.32193574255017077,0.6532935608228345,9.072022e-01,1.000000e+00,1.000000e+00,1/6,6.62%,UBA52
prerank,Reactome_2022__Signaling By FGFR R-HSA-190236,0.23171126179519735,0.6506616679450706,9.144144e-01,1.000000e+00,1.000000e+00,3/23,7.37%,PPP2R1A;UBA52;MAPK1
prerank,Reactome_2022__Signaling By FGFR2 R-HSA-5654738,0.23171126179519735,0.6506616679450706,9.144144e-01,1.000000e+00,1.000000e+00,3/23,7.37%,PPP2R1A;UBA52;MAPK1
prerank,Reactome_2022__Glycerophospholipid Biosynthesis R-HSA-1483206,0.25497597984286335,0.6460552097843744,9.124088e-01,1.000000e+00,1.000000e+00,7/14,39.32%,PLAAT4;LPCAT1;SLC44A2;OSBPL8;AGK;HADHA;PTDSS1
prerank,Reactome_2022__SARS-CoV-2-host Interactions R-HSA-9705683,0.2163186825843516,0.6459045849088684,9.245077e-01,1.000000e+00,1.000000e+00,20/31,50.75%,FAU;CNBP;G3BP2;HLA-E;YWHAZ;SNRPB;SNRPD2;ISG15;STAT1;RANBP2;G3BP1;JAK1;HLA-C;HLA-F;IRF7;SNRPD3;HLA-A;HLA-B;YWHAB;HSP90AB1
prerank,Reactome_2022__Signaling By ERBB2 R-HSA-1227986,0.2525933295204079,0.6432626848331431,9.136253e-01,1.000000e+00,1.000000e+00,3/14,15.54%,FYN;UBA52;STUB1
prerank,Reactome_2022__Regulation Of Cholesterol Biosynthesis By SREBP (SREBF) R-HSA-1655829,0.28642341277984074,0.6376654796771866,9.079445e-01,1.000000e+00,1.000000e+00,2/9,9.46%,IDI1;HMGCS1
prerank,Reactome_2022__Diseases Of Carbohydrate Metabolism R-HSA-5663084,0.32479128731852824,0.6361475413244955,9.278499e-01,1.000000e+00,1.000000e+00,2/5,26.60%,UBA52;DCXR
prerank,Reactome_2022__HCMV Early Events R-HSA-9609690,0.26155723549154675,0.6317406853865386,9.179487e-01,1.000000e+00,1.000000e+00,4/11,32.69%,DYNC1H1;RBBP4;GPS2;RANBP2
prerank,Reactome_2022__Endosomal Sorting Complex Required For Transport (ESCRT) R-HSA-917729,0.29019437204216225,0.6299725839966794,9.157609e-01,1.000000e+00,1.000000e+00,1/7,6.62%,UBA52
prerank,Reactome_2022__Cytoprotection By HMOX1 R-HSA-9707564,0.23003622984348193,0.6296999894572397,9.266589e-01,1.000000e+00,1.000000e+00,4/21,19.66%,CYCS;COX14;NFE2L2;HMOX2
prerank,Reactome_2022__S Phase R-HSA-69242,0.20266968161546486,0.6270345111497451,9.457447e-01,1.000000e+00,1.000000e+00,11/41,30.77%,CDKN1B;UBA52;RBL2;GSK3B;ANAPC16;PSMC3;PSMA5;PSMF1;PSMD4;RBBP4;PSMC5
prerank,Reactome_2022__UCH Proteinases R-HSA-5689603,0.20451928648419276,0.6250560249551105,9.425163e-01,1.000000e+00,1.000000e+00,9/35,25.91%,NEDD8;UBA52;UCHL5;PSMC3;PSMA5;PSMF1;SMAD7;PSMD4;USP15
prerank,Reactome_2022__Regulation Of mRNA Stability By Proteins That Bind AU-rich Elements R-HSA-450531,0.20130749122372724,0.6239303635863646,9.411765e-01,1.000000e+00,1.000000e+00,12/39,32.32%,UBA52;ELAVL1;ZFP36L1;SET;YWHAZ;PSMC3;PSMA5;PSMF1;PSMD4;HNRNPD;PSMC5;HSPA8
prerank,Reactome_2022__C-type Lectin Receptors (CLRs) R-HSA-5621481,0.19470957095742059,0.6221873776317409,9.668803e-01,1.000000e+00,1.000000e+00,15/49,31.36%,UBE2D2;FYN;UBA52;NFATC2;CASP8;PLCG2;PSMC3;PSMA5;NFKB2;PSMF1;PSMD4;NFATC3;CALM1;PSMC5;ICAM2
prerank,Reactome_2022__G1/S Transition R-HSA-69206,0.20479868953384517,0.6217956885404762,9.503240e-01,1.000000e+00,1.000000e+00,10/36,30.77%,CDKN1B;PPP2R1A;UBA52;RBL2;PSMC3;PSMA5;PSMF1;PSMD4;RBBP4;PSMC5
prerank,Reactome_2022__Termination Of Translesion DNA Synthesis R-HSA-5656169,0.3211377365916792,0.6212673025170714,9.436620e-01,1.000000e+00,1.000000e+00,1/5,6.62%,UBA52
prerank,Reactome_2022__Transport Of Mature mRNA Derived From An Intron-Containing Transcript R-HSA-159236,0.21967683303668856,0.6203740663735906,9.338565e-01,1.000000e+00,1.000000e+00,8/23,32.69%,THOC2;CDC40;EIF4A3;SRSF4;U2AF2;RNPS1;SRSF11;RANBP2
prerank,Reactome_2022__Neutrophil Degranulation R-HSA-6798695,0.1758533773313948,0.6196040153238638,9.858729e-01,1.000000e+00,1.000000e+00,39/132,33.07%,PTPRC;EEF1A1;RAB14;DYNC1H1;ARHGAP45;SPTAN1;MAPK1;CCT2;SLC2A3;RAB37;RAB27A;STOM;ADGRE5;LPCAT1;FGR;GDI2;IQGAP2;ITGAL;HMOX2;PSMC3;TRAPPC1;EEF2;PSMA5;MLEC;SLC44A2;LAMP1;ATP8A1;GLIPR1;CYBA;SRP14;DNAJC3;OSTF1;LAIR1;PA2G4;RHOF;STK10;HSPA8;KPNB1;TBC1D10C
prerank,Reactome_2022__Transcriptional Activity Of SMAD2/SMAD3:SMAD4 Heterotrimer R-HSA-2173793,0.23657289754686503,0.6182497347488416,9.243499e-01,1.000000e+00,1.000000e+00,2/15,7.37%,UBA52;MAPK1
prerank,Reactome_2022__Glucagon-like Peptide-1 (GLP1) Regulates Insulin Secretion R-HSA-381676,0.272429107010329,0.6173975170183424,9.244792e-01,1.000000e+00,1.000000e+00,1/9,3.85%,GNG2
prerank,Reactome_2022__Unfolded Protein Response (UPR) R-HSA-381119,0.22214916200703794,0.6128102173992009,9.464082e-01,1.000000e+00,1.000000e+00,6/20,35.36%,SRPRA;ADD1;DNAJC3;TLN1;EIF2S3;HSPA5
prerank,Reactome_2022__Influenza Infection R-HSA-168255,0.21380425693936017,0.6126189884024584,9.451902e-01,1.000000e+00,1.000000e+00,9/26,32.75%,FAU;UBA52;EIF2AK2;CANX;POLR2A;DNAJC3;ISG15;RANBP2;KPNB1
prerank,Reactome_2022__Golgi Associated Vesicle Biogenesis R-HSA-432722,0.2556651727982605,0.6099361616984653,9.360100e-01,1.000000e+00,1.000000e+00,1/11,2.46%,VAMP2
prerank,Reactome_2022__Processing Of Intronless Pre-mRNAs R-HSA-77595,0.2977690526084481,0.608122450477112,9.223433e-01,1.000000e+00,1.000000e+00,1/6,27.78%,PCF11
prerank,Reactome_2022__Cellular Response To Hypoxia R-HSA-1234174,0.20268095205626183,0.6079693240271355,9.473684e-01,1.000000e+00,1.000000e+00,8/33,24.63%,UBE2D2;UBA52;CITED2;PSMC3;HIF1A;PSMA5;PSMF1;PSMD4
prerank,Reactome_2022__Glycogen Metabolism R-HSA-8982491,0.3082002154496763,0.6041755006707862,9.437229e-01,1.000000e+00,1.000000e+00,3/5,36.32%,UBA52;CALM1;PHKG2
prerank,Reactome_2022__Translesion Synthesis By Y Family DNA Polymerases Bypasses Lesions On DNA Template R-HSA-110313,0.29360691068749434,0.6025756073064548,9.443691e-01,1.000000e+00,1.000000e+00,1/6,6.62%,UBA52
prerank,Reactome_2022__Transport Of Mature Transcript To Cytoplasm R-HSA-72202,0.2097820202862783,0.6022530605523243,9.493392e-01,1.000000e+00,1.000000e+00,8/25,32.69%,THOC2;CDC40;EIF4A3;SRSF4;U2AF2;RNPS1;SRSF11;RANBP2
prerank,Reactome_2022__Innate Immune System R-HSA-168249,0.1657723544865796,0.5973742377325133,9.990000e-01,1.000000e+00,1.000000e+00,64/247,30.77%,PTPN4;PTPRC;RASGRP1;UBE2D2;EEF1A1;FYN;RAB14;DYNC1H1;ARHGAP45;SPTAN1;PPP2R1A;PSTPIP1;UBA52;MAPK1;CCT2;MYH9;SLC2A3;RAB37;RAB27A;STOM;ADGRE5;LPCAT1;FGR;NFATC2;KLRK1;LCK;HLA-E;GDI2;IQGAP2;CYFIP2;ITGAL;CASP8;WIPF1;PLCG2;HMOX2;PSMC3;PRKDC;TRAPPC1;ABI1;EEF2;PSMA5;MLEC;KLRC2;NFKB2;SLC44A2;PSMF1;PSMD4;NFATC3;LAMP1;ATP8A1;GLIPR1;CYBA;NLRC3;SRP14;GRB2;DNAJC3;ISG15;ACTR3;OSTF1;CALM1;LAIR1;PA2G4;RHOF;PSMC5
prerank,Reactome_2022__p53-Dependent G1 DNA Damage Response R-HSA-69563,0.20087112789471728,0.5934941565784432,9.591160e-01,1.000000e+00,1.000000e+00,7/30,24.63%,CDKN1B;UBA52;ATM;PSMC3;PSMA5;PSMF1;PSMD4
prerank,Reactome_2022__G1/S DNA Damage Checkpoints R-HSA-69615,0.20087112789471728,0.5934941565784432,9.591160e-01,1.000000e+00,1.000000e+00,7/30,24.63%,CDKN1B;UBA52;ATM;PSMC3;PSMA5;PSMF1;PSMD4
prerank,Reactome_2022__Negative Regulation Of MET Activity R-HSA-6807004,0.2586744734592207,0.5912987393429386,9.350318e-01,1.000000e+00,1.000000e+00,3/9,28.21%,UBA52;PTPN1;GRB2
prerank,Reactome_2022__MET Promotes Cell Motility R-HSA-8875878,0.3018096325741857,0.5858377106492391,9.527221e-01,1.000000e+00,1.000000e+00,3/5,52.72%,GRB2;ITGB1;RAP1A
prerank,Reactome_2022__DNA Repair R-HSA-73894,0.18554418245422719,0.5849962696906842,9.716088e-01,1.000000e+00,1.000000e+00,10/44,24.73%,PIAS1;UBA52;SMARCA5;COPS6;ATM;TINF2;PRKDC;POLR2A;TCEA1;RAD23A
prerank,Reactome_2022__Advanced Glycosylation Endproduct Receptor Signaling R-HSA-879415,0.286107540590038,0.5838691626975994,9.516129e-01,1.000000e+00,1.000000e+00,1/6,7.37%,MAPK1
prerank,Reactome_2022__FLT3 Signaling In Disease R-HSA-9682385,0.2791998915832609,0.5746108594479968,9.638554e-01,1.000000e+00,1.000000e+00,1/6,6.62%,UBA52
prerank,Reactome_2022__Oxygen-dependent Proline Hydroxylation Of Hypoxia-inducible Factor Alpha R-HSA-1234176,0.19344359348361218,0.5745202810022132,9.602210e-01,1.000000e+00,1.000000e+00,7/31,24.63%,UBE2D2;UBA52;PSMC3;HIF1A;PSMA5;PSMF1;PSMD4
prerank,Reactome_2022__Cyclin E Associated Events During G1/S Transition R-HSA-69202,0.1922238102232945,0.5727615568068777,9.725275e-01,1.000000e+00,1.000000e+00,9/32,30.77%,CDKN1B;UBA52;RBL2;PSMC3;PSMA5;PSMF1;PSMD4;RBBP4;PSMC5
prerank,Reactome_2022__mRNA Decay By 5 To 3 Exoribonuclease R-HSA-430039,0.2752844696453278,0.5658364867438782,9.634641e-01,1.000000e+00,1.000000e+00,3/6,38.62%,LSM7;LSM4;DDX6
prerank,Reactome_2022__RNA Polymerase III Transcription Initiation R-HSA-76046,0.24662780125010053,0.5622343096962313,9.547219e-01,1.000000e+00,1.000000e+00,3/9,32.53%,BDP1;GTF3A;GTF3C1
prerank,Reactome_2022__RNA Polymerase III Transcription Initiation From Type 1 Promoter R-HSA-76061,0.24662780125010053,0.5622343096962313,9.547219e-01,1.000000e+00,1.000000e+00,3/9,32.53%,BDP1;GTF3A;GTF3C1
prerank,Reactome_2022__Suppression Of Phagosomal Maturation R-HSA-9637687,0.263677068426426,0.559243698631768,9.648173e-01,9.999464e-01,1.000000e+00,1/7,6.62%,UBA52
prerank,Reactome_2022__Transcriptional Regulation By RUNX2 R-HSA-8878166,0.18463783064341333,0.5589820101261782,9.739978e-01,9.981585e-01,1.000000e+00,10/35,30.77%,UBA52;MAPK1;STUB1;GSK3B;PSMC3;PSMA5;PSMF1;PSMD4;STAT1;PSMC5
prerank,Reactome_2022__Listeria Monocytogenes Entry Into Host Cells R-HSA-8876384,0.26359388825805574,0.5579485766423079,9.701897e-01,9.948491e-01,1.000000e+00,1/7,6.62%,UBA52
prerank,Reactome_2022__InlB-mediated Entry Of Listeria Monocytogenes Into Host Cell R-HSA-8875360,0.26359388825805574,0.5579485766423079,9.701897e-01,9.948491e-01,1.000000e+00,1/7,6.62%,UBA52
prerank,Reactome_2022__HCMV Infection R-HSA-9609646,0.20918359059408909,0.5545124179011722,9.664269e-01,9.943565e-01,1.000000e+00,9/16,51.12%,DYNC1H1;RBBP4;GPS2;RANBP2;VPS36;CEBPD;ITGB1;HNRNPK;NCOR1
prerank,Reactome_2022__Interactions Of Rev With Host Cellular Proteins R-HSA-177243,0.25546186489844747,0.5496926537260344,9.696970e-01,9.943681e-01,1.000000e+00,3/7,32.75%,NPM1;RANBP2;KPNB1
prerank,Reactome_2022__Cyclin A:Cdk2-associated Events At S Phase Entry R-HSA-69656,0.18329287338131375,0.5493635065133835,9.782372e-01,9.926309e-01,1.000000e+00,9/33,30.77%,CDKN1B;UBA52;RBL2;PSMC3;PSMA5;PSMF1;PSMD4;RBBP4;PSMC5
prerank,Reactome_2022__TNF Signaling R-HSA-75893,0.2183199271985845,0.5491767243550106,9.770531e-01,9.889818e-01,1.000000e+00,2/13,17.52%,UBA52;CASP8
prerank,Reactome_2022__Regulation Of TNFR1 Signaling R-HSA-5357905,0.2183199271985845,0.5491767243550106,9.770531e-01,9.889818e-01,1.000000e+00,2/13,17.52%,UBA52;CASP8
prerank,Reactome_2022__Signaling By Insulin Receptor R-HSA-74752,0.2524757946079244,0.5365016205617773,9.726562e-01,9.916168e-01,1.000000e+00,1/7,7.37%,MAPK1
prerank,Reactome_2022__Signaling By Hedgehog R-HSA-5358351,0.1681452369764617,0.5272567224083603,9.862142e-01,9.927725e-01,1.000000e+00,8/42,24.63%,ERLEC1;UBA52;CDC73;GSK3B;PSMC3;PSMA5;PSMF1;PSMD4
prerank,Reactome_2022__Nef-mediated Downmodulation Of Cell Surface Receptors By Recruitment To Clathrin Adapters R-HSA-164938,0.2511072919960318,0.5196817597974148,9.820937e-01,9.931630e-01,1.000000e+00,1/6,14.00%,LCK
prerank,Reactome_2022__Diseases Of Metabolism R-HSA-5668914,0.207973676193763,0.5096828962724868,9.860936e-01,9.938376e-01,1.000000e+00,3/12,26.60%,UBA52;CD320;DCXR
prerank,Reactome_2022__RNA Polymerase III Abortive And Retractive Initiation R-HSA-749476,0.20039347680985503,0.47379136924938065,9.923664e-01,9.988196e-01,1.000000e+00,3/10,32.53%,BDP1;GTF3A;GTF3C1
prerank,Reactome_2022__Signaling By ERBB4 R-HSA-1236394,0.20157035182835065,0.46913601965312973,9.860583e-01,9.976530e-01,1.000000e+00,1/9,6.62%,UBA52
prerank,Reactome_2022__Basigin Interactions R-HSA-210991,0.23736548502897822,0.4533356762525171,9.956897e-01,9.977202e-01,1.000000e+00,1/5,17.79%,SLC3A2
prerank,Reactome_2022__Signaling By MET R-HSA-6806834,0.14858186353581904,0.3851492426056243,9.975933e-01,9.994979e-01,1.000000e+00,3/15,28.21%,UBA52;PTPN1;GRB2
