Term,NES,FDR,pval,Lead_genes,metric,gene_set_db
Regulation Of Lymphocyte Differentiation (GO:0045619),2.1311609625474204,0.025177801241488083,0.001,ZFP36L1;NCKAP1L;TBX21;PRKDC;IKZF3;XRCC6;ZNF683,wald_stat,GO_Biological_Process_2023
Regulation Of Peptidyl-Threonine Phosphorylation (GO:0010799),-2.0450842602493293,0.09765555643907747,0.001,INPP5K;DGKQ;CALM3;TGFB1;SPRY2;AXIN1;CALM1;DMTN;PRKAG2;RIPK2,wald_stat,GO_Biological_Process_2023
Regulation Of Vasculature Development (GO:1901342),1.9176865306539255,0.2750907913421846,0.001,ETS1;PDCD10;PIK3CG;KRIT1;EGLN1;ERBB2;HTATIP2,wald_stat,GO_Biological_Process_2023
Positive Regulation Of Telomere Maintenance Via Telomerase (GO:0032212),1.9132125665325634,0.191164787203891,0.001,XRCC5;TNIP1;PRKCQ;TCP1;CCT3;NEK7;CCT6A;PARN;MAP3K4;FBXO4;CCT8;CCT7;CCT4;CCT2;ATM;CTNNB1;HMBOX1,wald_stat,GO_Biological_Process_2023
Mitochondrial ATP Synthesis Coupled Electron Transport (GO:0042775),-1.8999458014790707,0.3685709710765182,0.001,NDUFB7;NDUFA1;NDUFC2;COX7B;UQCRFS1;UQCR11;COX5B;NDUFB6;NDUFB8;NDUFA12;SDHB;NDUFA4;COX6A1;NDUFB1;UQCRQ;SDHAF2;NDUFA10;NDUFS6;UQCC3;NDUFA9;COX8A;NDUFS3;SDHA;COX7A2;NDUFV1;NDUFB9;UQCRC1;NDUFA5;NDUFS8,wald_stat,GO_Biological_Process_2023
Aerobic Electron Transport Chain (GO:0019646),-1.888215484028169,0.28946647016170995,0.001,NDUFB7;NDUFA1;NDUFC2;COX7B;UQCRFS1;UQCR11;COX5B;NDUFB6;NDUFB8;SDHB;NDUFA4;COX6A1;NDUFB1;UQCRQ;SDHAF2;NDUFA10;NDUFS6;UQCC3;NDUFA9;COX8A;NDUFS3;SDHA;COX7A2;NDUFV1;NDUFB9;UQCRC1;NDUFA5;NDUFS8,wald_stat,GO_Biological_Process_2023
Regulation Of Cardiac Muscle Contraction (GO:0055117),-1.88408465038247,0.22707542021452154,0.001869158878504673,RGS2;PDE4D;CALM3;ZC3H12A;P2RX4;PRKACA;CALM1;SLC9A1,wald_stat,GO_Biological_Process_2023
"Regulation Of mRNA Splicing, Via Spliceosome (GO:0048024)",-1.8762160206965868,0.1963611726248117,0.001,U2AF2;RBM8A;RBM3;JMJD6;MAGOH;SRSF10;RBM5;QKI;RBM38;RNPS1;SNW1;RBM39;PTBP1;TRA2B;SAP18;CIRBP;SFSWAP;SRSF9;DAZAP1;HNRNPL;PCBP4;NCBP1;LARP7,wald_stat,GO_Biological_Process_2023
Positive Regulation Of Establishment Of Protein Localization (GO:1904951),1.872694280949781,0.22776585011975792,0.0020920502092050207,TCP1;CCT3;CEP120;CCT6A;WRAP53;CCT8;CCT7;CCT4,wald_stat,GO_Biological_Process_2023
Positive Regulation Of Telomere Maintenance Via Telomere Lengthening (GO:1904358),1.8669291737583436,0.19396232067516747,0.001,XRCC5;TNIP1;PRKCQ;TCP1;CCT3;HNRNPA2B1;NEK7;CCT6A;PARN;MAP3K4;DHX36;FBXO4;CCT8;CCT7;CCT4;CCT2;ATM;CTNNB1;HMBOX1,wald_stat,GO_Biological_Process_2023
Positive Regulation Of DNA Biosynthetic Process (GO:2000573),1.846826224071738,0.20561871013881933,0.001,XRCC5;TNIP1;PRKCQ;PTGES3;TCP1;CCT3;RFC5;NEK7;RFC4;CCT6A;PARN;MAP3K4;WRAP53;FBXO4;CCT8;CCT7;CCT4;PRKD2;CCT2;ATM;CTNNB1;DKC1;HMBOX1,wald_stat,GO_Biological_Process_2023
Cellular Respiration (GO:0045333),-1.840555237000294,0.25096427945096256,0.0017123287671232876,NDUFB7;NDUFA1;NDUFC2;COX7B;UQCRFS1;NDUFA13;UQCR11;COX5B;NDUFB6;NDUFB8;NDUFA12;SDHB;ME3;NDUFA4;COX6A1;NDUFB1;SURF1;UQCRQ;NDUFA10;NDUFS6;CHCHD5;NDUFB11;NDUFA9;COX8A;NDUFS3;SDHA;COX7A2;NDUFV1;NDUFB9;UQCRC1;NDUFA5;NDUFS8,wald_stat,GO_Biological_Process_2023
Positive Regulation Of Erythrocyte Differentiation (GO:0045648),1.8386685424044762,0.19143121896306017,0.002188183807439825,MAPK14;ETS1;NCKAP1L;STAT3;PRKDC;FAM210B;HIF1A;ARNT,wald_stat,GO_Biological_Process_2023
Negative Regulation Of RNA Splicing (GO:0033119),-1.7972127019322564,0.34546965665006973,0.0054446460980036296,U2AF2;SRSF10;RNPS1;PTBP1;SAP18;SFSWAP;SRSF9;PCBP4,wald_stat,GO_Biological_Process_2023
"Regulation Of Nuclear-Transcribed mRNA Catabolic Process, Deadenylation-Dependent Decay (GO:1900151)",1.790648593346944,0.26984541608354123,0.00684931506849315,CNOT7;ZFP36L1;TOB1;HNRNPD;CSDE1;DHX36;PABPC1;SYNCRIP;YBX1,wald_stat,GO_Biological_Process_2023
Positive Regulation Of Telomerase Activity (GO:0051973),1.7902242546755385,0.2411059402837151,0.002288329519450801,XRCC5;TNIP1;PRKCQ;PTGES3;TCP1;NEK7;PARN;MAP3K4;WRAP53;CCT4;CCT2;CTNNB1;DKC1;HMBOX1,wald_stat,GO_Biological_Process_2023
Regulation Of Organelle Organization (GO:0033043),1.787970307863422,0.2214713998093859,0.001,UCHL5;GOLPH3;S100A8;PREB;S100A9;PDCD10;SLC30A9;DIAPH1;TECPR1;INO80D;PAK2;LMAN1;ATG5;TBC1D25;RHOT1;INO80B;CLEC16A;VPS35;RUVBL1,wald_stat,GO_Biological_Process_2023
Positive Regulation Of Transcription By RNA Polymerase III (GO:0045945),1.774931847073077,0.22507428382542377,0.0066815144766146995,ZNF143;SMARCA5;ZC3H8;BAZ1B;DEK;ICE2;MTOR;DDX21;ICE1;ERCC6,wald_stat,GO_Biological_Process_2023
Receptor Signaling Pathway Via STAT (GO:0097696),1.7629065057229494,0.2307188021172164,0.004424778761061947,STAT3;STAT4;IFNG;STAMBP;CTR9;STAT5A;IFNAR1;IFNAR2;STAT6,wald_stat,GO_Biological_Process_2023
Regulation Of Autophagy Of Mitochondrion (GO:1903146),-1.7606237752727774,0.4394500039758486,0.005703422053231939,FBXW7;GSK3A;CSNK2A2;SREBF1;PINK1;USP36;HTRA2;VDAC1;PARK7;HTT,wald_stat,GO_Biological_Process_2023
Establishment Of Protein Localization To Extracellular Region (GO:0035592),1.7605701713167325,0.21727509960247124,0.013574660633484163,GOLPH3;MIA3;PREB;PRF1;GSDMD;TVP23B;TMEM167A,wald_stat,GO_Biological_Process_2023
Receptor Signaling Pathway Via JAK-STAT (GO:0007259),1.7490994704778298,0.22393589358170085,0.00211864406779661,STAT3;STAT4;IFNG;STAMBP;CTR9;STAT5A;IFNAR1;IFNAR2;STAT6,wald_stat,GO_Biological_Process_2023
TOR Signaling (GO:0031929),-1.748000381990967,0.4475587986861424,0.0071301247771836,CARD11;LAMTOR1;LAMTOR4;GATA3;FNIP1;LAMTOR5;TIPRL;MAPKAP1;PINK1;MLST8;FLCN;LAMTOR3;PRR5,wald_stat,GO_Biological_Process_2023
Regulation Of Lipid Metabolic Process (GO:0019216),-1.7431980774008453,0.42212401815601236,0.0068846815834767644,IRS2;ID2;NPC2;LACTB;EDF1;PANK2;NR1D2;PRKAG2;OPA3;CERS2;ABCA7,wald_stat,GO_Biological_Process_2023
Positive Regulation Of Myeloid Cell Differentiation (GO:0045639),1.7358081110615102,0.2349306441767493,0.0022371364653243847,MAPK14;ETS1;NCKAP1L;STAT3;PRKDC;FAM210B;HIF1A;ARNT,wald_stat,GO_Biological_Process_2023
Regulation Of Telomerase RNA Localization To Cajal Body (GO:1904872),1.7273943027608665,0.2371492436379977,0.006369426751592357,TNIP1;TCP1;CCT3;CCT6A;PARN;RUVBL1;CCT8;CCT7;CCT4;SHQ1;DKC1;NOP10,wald_stat,GO_Biological_Process_2023
"Mitochondrial Electron Transport, NADH To Ubiquinone (GO:0006120)",-1.7218116277570137,0.4663219874925645,0.0036363636363636364,NDUFB7;NDUFC2;NDUFB6;NDUFB8;NDUFA4;NDUFB1;NDUFA10;NDUFS6;NDUFA9;NDUFS3;NDUFV1;NDUFB9;NDUFA5;NDUFS8,wald_stat,GO_Biological_Process_2023
Positive Regulation Of Stress Fiber Assembly (GO:0051496),-1.7199838985409324,0.4361248147781023,0.01073345259391771,LIMK1;CDC42;RHOC;RAC1;SORBS3;S100A10;TESK1;EVL;ARHGEF10,wald_stat,GO_Biological_Process_2023
Regulation Of Telomerase Activity (GO:0051972),1.7162185820698657,0.246731481447088,0.016317016317016316,XRCC5;TNIP1;PRKCQ;PTGES3;TCP1;PARP4;NEK7;PARN;MAP3K4;WRAP53;CCT4;CCT2;TP53;ATM;CTNNB1;DKC1;HMBOX1;MEN1;MYC;PIF1;NVL;ERCC4,wald_stat,GO_Biological_Process_2023
Autophagosome Assembly (GO:0000045),-1.7145719271912823,0.42341639938266673,0.0032948929159802307,RAB1A;MAP1LC3B;WDR45B;ULK1;EMC6;ATG7;GABARAPL1;ATG2A;ATG4D;NSFL1C;BECN1;PACS2;WIPI1;ATG4B,wald_stat,GO_Biological_Process_2023
Regulation Of Lamellipodium Assembly (GO:0010591),-1.7100574899740923,0.4099733268018414,0.003663003663003663,CDC42;TWF1;CARMIL2;RAC1;AUTS2;ARPC2;PIK3R1;DMTN;TWF2,wald_stat,GO_Biological_Process_2023
Positive Regulation Of RNA Splicing (GO:0033120),-1.7050940782475927,0.40140283915531916,0.013084112149532711,U2AF2;RBM3;ZPR1;SNW1;ERN1;TRA2B;CIRBP;DAZAP1;NCBP1;PIK3R1,wald_stat,GO_Biological_Process_2023
Regulation Of Epithelial To Mesenchymal Transition (GO:0010717),-1.698591649909988,0.39967899107122434,0.008726003490401396,MAD2L2;TGFB1;SPRY2;PPP2CA;GATA3;GLIPR2;LDLRAD4;EPHA4;MCRIP1;SDHAF2,wald_stat,GO_Biological_Process_2023
Proton Motive Force-Driven ATP Synthesis (GO:0015986),-1.6965938790731352,0.38463070837832725,0.00865051903114187,ATP5MC1;NDUFB7;NDUFA1;NDUFC2;NDUFA13;NDUFB6;NDUFB8;NDUFA12;SDHB;NDUFB1;ATP5ME;NDUFA10;NDUFS6;NDUFB11;NDUFA9;NDUFS3;SDHA;VPS9D1;NDUFV1;NDUFB9;NDUFA5;NDUFS8,wald_stat,GO_Biological_Process_2023
Regulation Of mRNA Catabolic Process (GO:0061013),-1.692963894620289,0.3772047956601403,0.005244755244755245,RBM8A;MAPKAPK2;MAGOH;YTHDF2;VIM;YTHDF3;ZC3H12A;YTHDF1;CNOT1;PRKCA;PCBP4,wald_stat,GO_Biological_Process_2023
Rho Protein Signal Transduction (GO:0007266),-1.6829956774154513,0.3902906279415762,0.007220216606498195,ARHGAP4;LIMK1;ARHGDIA;CDC42;GNA13;MYO9B;ARHGAP5;CFL1;ARHGEF1;GNA12,wald_stat,GO_Biological_Process_2023
Protein Export From Nucleus (GO:0006611),1.6792912847062547,0.3202657762857599,0.020642201834862386,STRADA;XPO1;STYX;DUSP16;DESI1;RAN;RANBP3;CSE1L,wald_stat,GO_Biological_Process_2023
Proton Motive Force-Driven Mitochondrial ATP Synthesis (GO:0042776),-1.6783596121058164,0.38689451365567845,0.015625,NDUFB7;NDUFA1;NDUFC2;NDUFA13;NDUFB6;NDUFB8;NDUFA12;SDHB;NDUFB1;ATP5ME;NDUFA10;NDUFS6;NDUFB11;NDUFA9;NDUFS3;SDHA;NDUFV1;NDUFB9;NDUFA5;NDUFS8,wald_stat,GO_Biological_Process_2023
mRNA Processing (GO:0006397),-1.6755707522745475,0.37752148034564004,0.001,SF3B6;U2AF2;RBM8A;FRG1;ALYREF;MAGOH;SRSF10;CRNKL1;RBM5;PRPF18;SNRNP27;CWC25;PHF5A;EFTUD2;RNPS1;SNW1;SYF2;CPSF7;BUD31;CWC15;SLU7;SNRPB2;ERN1;TRA2B;PIN1;RAMAC;HEXIM1;HNRNPH1;SRSF9;PRKACA;DDX39A;CTNNBL1;RNMT;NCBP1;TFIP11;SNRPD1;DHX8;NUDT21;SRSF5;ALKBH5;CPSF6;SRSF2;FBXO11;CDC5L;SF3A2;HNRNPM;KIN;PRPF4B;PPIH;SNIP1;SRRM2,wald_stat,GO_Biological_Process_2023
Regulation Of Cytoplasmic Translation (GO:2000765),1.6747813208606344,0.3153360097008985,0.016203703703703703,HNRNPD;CSDE1;DHX36;PABPC1;PKM;SYNCRIP;YBX1,wald_stat,GO_Biological_Process_2023
Positive Regulation Of Viral Life Cycle (GO:1903902),-1.657148373078261,0.4261810671771861,0.02010968921389397,VPS37B;FURIN;LGALS1;LGALS9;KPNA2;P4HB;VPS4A;HLA-DRB1,wald_stat,GO_Biological_Process_2023
Regulation Of RNA Splicing (GO:0043484),-1.6504396595143036,0.4319397940486732,0.001,U2AF2;JMJD6;SRSF10;ZPR1;CLK3;QKI;TAF10;CCNL2;RBM38;RBM39;PTBP1;ERN1;TRA2B;CLK1;ZNF326;HNRNPH1;PQBP1;TADA2B;FAM50A;MCM2;HNRNPL;PIK3R1;LARP7;CLK4;GRSF1;ZC3H10;TAF6L;RBM12,wald_stat,GO_Biological_Process_2023
Protein Heterooligomerization (GO:0051291),-1.6477868071091186,0.4227803054976728,0.00929368029739777,TMEM120A;CPSF7;NUDT21;CPSF6;PKD2;HSD17B8;CBR4;ZNF777,wald_stat,GO_Biological_Process_2023
Positive Regulation Of Substrate Adhesion-Dependent Cell Spreading (GO:1900026),-1.6474472696376197,0.40670914107509126,0.009259259259259259,CDC42;ARHGEF7;CALR;RAC1;P4HB;DMTN;S100A10;TESK1;TRIOBP,wald_stat,GO_Biological_Process_2023
Autophagosome Organization (GO:1905037),-1.6443926110745646,0.4009208886562126,0.009708737864077669,RAB1A;MAP1LC3B;WDR45B;ULK1;EMC6;ATG7;GABARAPL1;ATG2A;NSFL1C;BECN1;PACS2;WIPI1,wald_stat,GO_Biological_Process_2023
Negative Regulation Of Protein Ubiquitination (GO:0031397),-1.6433082768551401,0.3899999681286614,0.0070052539404553416,LIMK1;U2AF2;AKT1;SPRY2;FBXO5;USP4;N4BP1;SUMO1;ISG15;SPOPL;DTX3L;GTPBP4;ARRB1;BAG5;OGT;SOX4;CAMLG;PER2;GNL3L;PARK7;ARRB2,wald_stat,GO_Biological_Process_2023
fatty-acyl-CoA Biosynthetic Process (GO:0046949),1.62426883805907,0.4500765099705268,0.023094688221709007,ELOVL6;HACD2;ACSL4;ACAT1;HSD17B12,wald_stat,GO_Biological_Process_2023
Negative Regulation Of T Cell Activation (GO:0050868),1.6176570356269326,0.45191266884413445,0.02050113895216401,LAX1;RIPOR2;NCKAP1L;PAG1;FCGR2B;HAVCR2;GLMN;LAPTM5,wald_stat,GO_Biological_Process_2023
protein-DNA Complex Organization (GO:0071824),1.6164696771255416,0.4351860022665962,0.009925558312655087,HDAC1;HMG20A;GATAD1;HDAC8;SUPT4H1;PARP10;HDAC5;CBX3;EHMT1;PHF19;ATRX;HMGN4,wald_stat,GO_Biological_Process_2023
Regulation Of Chromosome Organization (GO:0033044),1.609216216082525,0.44006417822079164,0.00702576112412178,UCHL5;XRCC5;NSMCE3;SMC6;INO80D;HDAC8;HNRNPD;INO80B;SMG1;RUVBL1,wald_stat,GO_Biological_Process_2023
Cytoplasmic Microtubule Organization (GO:0031122),1.6063121477989275,0.4310532823658469,0.004662004662004662,CCDC88C;KPNB1;KATNA1;SLAIN2;RAB11A;MBD1;HOOK2;SLAIN1,wald_stat,GO_Biological_Process_2023
Regulation Of Protein Autophosphorylation (GO:0031952),-1.6062981005034878,0.5140042459884776,0.022263450834879406,RAP2C;CALM3;MVP;CALM1;TAOK2;TESK1;DDX3X;ENG,wald_stat,GO_Biological_Process_2023
Positive Regulation Of Cell-Matrix Adhesion (GO:0001954),-1.605878086415068,0.49798178261276693,0.02577319587628866,RAC1;ENC1;PTPRJ;S100A10;GFUS;CIB1;TSC1;PLEKHA2;GSK3B;PTK2B;EFEMP2,wald_stat,GO_Biological_Process_2023
Protein Secretion (GO:0009306),1.6058780826419974,0.41500476535229097,0.007042253521126761,GOLPH3;MIA3;PREB;PRF1;GSDMD;TVP23B;PORCN;PCSK5;TMEM167A;KLRG1,wald_stat,GO_Biological_Process_2023
Sprouting Angiogenesis (GO:0002040),-1.6045095550898327,0.4865276826176261,0.02276707530647986,JMJD6;AKT1;TGFB1;VEGFB;OTULIN,wald_stat,GO_Biological_Process_2023
DNA Repair-Dependent Chromatin Remodeling (GO:0140861),1.602881404981463,0.4085833500612995,0.04195804195804196,HDGFL2;HPF1;ASF1A;UBR5,wald_stat,GO_Biological_Process_2023
Negative Regulation Of Protein Polymerization (GO:0032272),-1.6028117398711086,0.4780820407843009,0.021778584392014518,MAPRE1;TWF1;SSH1;TWF2;PFN1;TBCD;STMN1,wald_stat,GO_Biological_Process_2023
Establishment Of Endothelial Barrier (GO:0061028),-1.5979838657240224,0.4823711961204431,0.02462121212121212,RAB1A;RAP2C;PDE4D;RAPGEF1,wald_stat,GO_Biological_Process_2023
Macromolecule Biosynthetic Process (GO:0009059),1.5965151291517408,0.41337874219392434,0.005050505050505051,GOLPH3;MRPS7;DARS1;TNIP1;COPS5;EEF1A1;MRPS33;MRPL3;SRBD1;SARS1;EEF2;MRPL34;MRPS18C;EEF1B2;EEF2K;MRPL41;MRRF;ALAS1;EIF4G1;MRPL18;EXT2;MRPS18B;MRPS14;MRPL36;EIF4EBP2;POLL;MRPL27;GSPT1;EIF5A2;MRPL51,wald_stat,GO_Biological_Process_2023
Regulation Of Erythrocyte Differentiation (GO:0045646),1.5934264971967083,0.40764059152885473,0.015730337078651686,MAPK14;ETS1;ZFP36L1;NCKAP1L;STAT3;PRKDC;FAM210B;HIF1A;ARNT,wald_stat,GO_Biological_Process_2023
Regulation Of Receptor Internalization (GO:0002090),-1.5832862841678468,0.5253798932439258,0.02952029520295203,ANKRD13D;ARF1;CD63;FLOT1;RIN3,wald_stat,GO_Biological_Process_2023
Telomere Organization (GO:0032200),1.582717826151043,0.42789399887673296,0.004866180048661801,UCHL5;XRCC5;PRKDC;RPA3;XRCC6;PTGES3;EZH1;INO80D;RPA2;INO80B;PARP1;RUVBL1;ATRX,wald_stat,GO_Biological_Process_2023
Regulation Of G Protein-Coupled Receptor Signaling Pathway (GO:0008277),-1.5789118126043833,0.5286433142212805,0.024263431542461005,RGS2;DYNLT1;GIT1;PPP1R9B;DGKQ;GRK6;USP33;RGS16;CCL5;ZDHHC3;PDE6G;PLCB1,wald_stat,GO_Biological_Process_2023
Aerobic Respiration (GO:0009060),-1.5762261192732532,0.5243698357733321,0.0070052539404553416,NDUFB7;NDUFA1;NDUFC2;NDUFA13;NDUFB6;NDUFB8;NDUFA12;SDHB;ME3;NDUFB1;SURF1;NDUFA10;NDUFS6;NDUFB11;NDUFA9;NDUFS3;NDUFV1;NDUFB9;UQCRC1;NDUFA5;NDUFS8;TEFM,wald_stat,GO_Biological_Process_2023
Response To Tumor Necrosis Factor (GO:0034612),-1.5686247414019339,0.5424141958008019,0.005110732538330494,SLC22A5;INPP5K;XCL1;AKT1;ZC3H12A;GCH1;GATA3;MAP2K7;XCL2;CASP3;TNFRSF11A;CCL4;IKBKB;CCL5,wald_stat,GO_Biological_Process_2023
Mitochondrial Respiratory Chain Complex I Assembly (GO:0032981),-1.5682949852590307,0.5155240693060072,0.017152658662092625,NDUFB7;NDUFA1;BCS1L;NDUFC2;NDUFA13;NDUFB6;NDUFB8;NDUFB1;NDUFA10;NDUFB11;NDUFA9;NDUFS3;COA1;NDUFB9;TIMM21;NDUFA5;NDUFS8,wald_stat,GO_Biological_Process_2023
NADH Dehydrogenase Complex Assembly (GO:0010257),-1.5682949852590307,0.5155240693060072,0.017152658662092625,NDUFB7;NDUFA1;BCS1L;NDUFC2;NDUFA13;NDUFB6;NDUFB8;NDUFB1;NDUFA10;NDUFB11;NDUFA9;NDUFS3;COA1;NDUFB9;TIMM21;NDUFA5;NDUFS8,wald_stat,GO_Biological_Process_2023
SCF-dependent Proteasomal Ubiquitin-Dependent Protein Catabolic Process (GO:0031146),-1.567273558696287,0.506505742412993,0.02772963604852686,FBXO44;FBXW7;FBXL12;FBXO9;FBXL18;FBXO31;CUL5;FBXL6;FBXL5,wald_stat,GO_Biological_Process_2023
Mitochondrial Respiratory Chain Complex Assembly (GO:0033108),-1.5656976713782305,0.5001172058389421,0.00825082508250825,NDUFB7;NDUFA1;BCS1L;PET100;NDUFC2;UQCRFS1;NDUFA13;NDUFB6;NDUFB8;COX19;NDUFB1;SURF1;SDHAF2;NDUFA10;FASTKD3;UQCC3;NDUFB11;NDUFA9;NDUFS3;COA1;COX16;NDUFB9;TIMM21;NDUFA5;NDUFS8,wald_stat,GO_Biological_Process_2023
Regulation Of Protein Tyrosine Kinase Activity (GO:0061097),-1.5643725180127788,0.49334880243533946,0.030685920577617327,NCK2;RAP2C;EPHA4;MVP;LRP8;DLG3;UNC119;SHC1,wald_stat,GO_Biological_Process_2023
Mismatch Repair (GO:0006298),1.5634417384931112,0.4709492180367728,0.027426160337552744,RPA3;RPA2;PMS2;LIG1;MSH3;PMS1;RNASEH2A;MLH3;XPC;POLD3;MSH2;RPA1;MCM8;MSH6;MLH1;RNASEH2B,wald_stat,GO_Biological_Process_2023
RNA Transport (GO:0050658),1.5616844268109478,0.46117188868966996,0.027972027972027972,TGFBR2;KPNB1;CKAP5;NUP62;ZFP36L1;HNRNPA2B1;ATXN2,wald_stat,GO_Biological_Process_2023
Establishment Of Protein Localization To Organelle (GO:0072594),1.5586364859003008,0.45681390308051756,0.007334963325183374,KPNB1;PPP1R10;NUP62;KPNA3;STK4;NUP50;HIKESHI;STAT3;IL10RA;PHB2;RAB11A;RALA;RAN;EIF4ENIF1;CSE1L;IPO9;IPO8;HK1;IPO5;NUP188;APPL1;NUP85,wald_stat,GO_Biological_Process_2023
Positive Regulation Of Double-Strand Break Repair Via Homologous Recombination (GO:1905168),1.5547706521444826,0.45509370257482107,0.014218009478672985,HDGFL2;MORF4L2;BRD8;PARP1;TRRAP;RUVBL1;EP400;WRAP53;HELQ;ACTR2;TIMELESS;MORF4L1;MRGBP;ARID2;ACTL6A;VPS72;ERCC6;EPC2;DMAP1;MRNIP,wald_stat,GO_Biological_Process_2023
Glycosaminoglycan Biosynthetic Process (GO:0006024),-1.552247034666544,0.5277050255400944,0.014545454545454545,CHST7;CHSY1;B3GNT7;B3GNT2;SLC35D2;B4GALT4;UST;B3GALT6;EXT1;XYLT1;B3GAT3,wald_stat,GO_Biological_Process_2023
Peroxisomal Membrane Transport (GO:0015919),1.5487550278289364,0.46033139001866663,0.03821656050955414,PEX3;RAB8B;PEX14;PEX19;PEX16;TRIM37;ABCD3;PEX2;PEX5;PEX1;ABCD4;ABCD2,wald_stat,GO_Biological_Process_2023
Vesicle Coating (GO:0006901),-1.5459358176169502,0.5410249694693077,0.026455026455026454,TRAPPC10;AP3D1;TMED10;TRAPPC2L;TRAPPC6A;CSNK1D;CUL3;TMED2,wald_stat,GO_Biological_Process_2023
Positive Regulation Of Lamellipodium Organization (GO:1902745),-1.5458676023284028,0.5289914623725785,0.033271719038817,CDC42;ARHGEF7;CARMIL2;RAC1;AUTS2;ARPC2;PIK3R1;TWF2,wald_stat,GO_Biological_Process_2023
Regulation Of Centriole Replication (GO:0046599),1.5433497383880477,0.46502999245389737,0.03112033195020747,NUP62;NPM1;SPICE1;KAT2A;CDK5RAP2;CEP76;TRIM37;MDM1;PLK2;RBM14,wald_stat,GO_Biological_Process_2023
Positive Regulation Of Leukocyte Chemotaxis (GO:0002690),-1.540041667382105,0.539217347238758,0.032846715328467155,XCL1;VEGFB;CALR;LGALS9;CCL5;ZNF580,wald_stat,GO_Biological_Process_2023
Peptide Biosynthetic Process (GO:0043043),1.5383477059345199,0.46938985215741313,0.009685230024213076,MRPS7;DARS1;TNIP1;COPS5;EEF1A1;MRPS33;MRPL3;SRBD1;SARS1;MRPL34;MRPS18C;PCSK5;MRPL41;MRRF;EIF4G1;MRPL18;MRPS18B;MRPS14;MRPL36;EIF4EBP2;MRPL27;GSPT1;MRPL51,wald_stat,GO_Biological_Process_2023
RNA Biosynthetic Process (GO:0032774),1.536531505093548,0.4623491128879869,0.027586206896551724,TAF7;ZFP36L1;SMARCA5;TBP;SETX;TCEA2;PRMT5;TAF12;TAF5;NCOA6;MTERF1,wald_stat,GO_Biological_Process_2023
Regulation Of Signal Transduction (GO:0009966),-1.5351112134516522,0.547537675724103,0.004807692307692308,RGS2;NCK2;DYNLT1;ZFAND2B;CD63;GIT1;DGKQ;BRAP;SNW1;CREBBP;GRK6;PPP2CA;GATA3;TIMP1;RFNG;NCAM1;IGFBP4;LFNG;TSPYL2;SUMO1;USP33;RGS16;IRAK1;ZDHHC3,wald_stat,GO_Biological_Process_2023
Nuclear-Transcribed mRNA poly(A) Tail Shortening (GO:0000289),1.5333492103824005,0.45982615951559813,0.03966597077244259,CNOT7;CNOT3;PARN;PAN2;TUT7,wald_stat,GO_Biological_Process_2023
Positive Regulation Of Telomere Maintenance (GO:0032206),1.5329771386150417,0.449255182836011,0.021686746987951807,UCHL5;PPP1R10;TNIP1;PRKCQ;INO80D;HNRNPA2B1;NEK7;HNRNPD;MAP3K4;INO80B;RUVBL1;ATRX;DHX36,wald_stat,GO_Biological_Process_2023
Modulation By Host Of Viral Process (GO:0044788),-1.5313000492774498,0.5500525736742364,0.04553734061930783,CDC42;PPIB;IGF2R;FASN;CFL1;PAIP1,wald_stat,GO_Biological_Process_2023
Positive Regulation Of Phosphate Metabolic Process (GO:0045937),1.525852184326324,0.4575132864483367,0.04899777282850779,NCKAP1L;PTGES3;IFNG;PSEN1;GLMN;ILK;ITGA6,wald_stat,GO_Biological_Process_2023
GPI Anchor Biosynthetic Process (GO:0006506),-1.5232530249484015,0.5710574922234943,0.0472027972027972,MPPE1;PIGT;PIGH;PIGS;GPAA1,wald_stat,GO_Biological_Process_2023
Regulation Of Macrophage Activation (GO:0043030),-1.522101036492034,0.564074952071406,0.03697183098591549,ZC3H12A;TNIP2;SHPK;KARS1,wald_stat,GO_Biological_Process_2023
Positive Regulation Of Cell-Substrate Adhesion (GO:0010811),-1.5220385265682022,0.5532134769286405,0.023297491039426525,CDC42;ARHGEF7;CALR;RAC1;ENC1;P4HB;DMTN;S100A10;TESK1;TRIOBP;CIB1;ABL1;PLEKHA2;GSK3B;RELL2;PTK2B,wald_stat,GO_Biological_Process_2023
Regulation Of Substrate Adhesion-Dependent Cell Spreading (GO:1900024),-1.5205915020663954,0.5473487902965287,0.022099447513812154,CDC42;ARHGEF7;CALR;RAC1;ACTN4;P4HB;DMTN;S100A10;TESK1;TRIOBP,wald_stat,GO_Biological_Process_2023
Negative Regulation Of Protein Modification By Small Protein Conjugation Or Removal (GO:1903321),-1.516434870310797,0.5539872901880999,0.03880070546737213,U2AF2;AKT1;SPRY2;USP4;N4BP1;SUMO1;ISG15;SPOPL;GTPBP4;ARRB1;BAG5;OGT;SOX4;CAMLG;PER2;GNL3L;PARK7;ARRB2,wald_stat,GO_Biological_Process_2023
"Nuclear-Transcribed mRNA Catabolic Process, Deadenylation-Dependent Decay (GO:0000288)",1.5150664543395564,0.4801295250296418,0.02771362586605081,CNOT7;DCP1B;PATL2;CNOT3;PARN;PAN2;EXOSC2;EXOSC3;TUT7;EXOSC8,wald_stat,GO_Biological_Process_2023
Protein Targeting (GO:0006605),-1.5127174686524254,0.5578392872993844,0.0049586776859504135,ZDHHC18;AP3D1;TIMM17A;ZFAND2B;TIMM8B;VPS37B;TIMM23;SEC61G;ZDHHC14;TOMM22;ZFAND2A;SRP54;AP4B1;SPCS2;ZDHHC24;GIPC1;ZDHHC3;CDC37;TAOK2;GOLGA7B;TOMM5;YIF1B;TSPO;MICALL1,wald_stat,GO_Biological_Process_2023
Positive Regulation Of Actin Filament Bundle Assembly (GO:0032233),-1.509337800252051,0.5607319047147028,0.044036697247706424,LIMK1;CDC42;RHOC;RAC1;SORBS3;S100A10;TESK1;EVL;ARHGEF10;PFN1;PAK1,wald_stat,GO_Biological_Process_2023
Homotypic Cell-Cell Adhesion (GO:0034109),1.5089668093519537,0.4765999464980048,0.03879310344827586,PIK3CG;PLEK;HSPB1;VCL;MYL12A;STXBP3;ILK,wald_stat,GO_Biological_Process_2023
Platelet Aggregation (GO:0070527),1.5089668093519537,0.4765999464980048,0.03879310344827586,PIK3CG;PLEK;HSPB1;VCL;MYL12A;STXBP3;ILK,wald_stat,GO_Biological_Process_2023
Vesicle Cargo Loading (GO:0035459),-1.505645704438369,0.5660394794341679,0.03776978417266187,RAB1A;SEC24C;TMED10;SEC24B;KIF13A;TBC1D20;TMED2;SEC24A;SEC13,wald_stat,GO_Biological_Process_2023
Positive Regulation Of Ras Protein Signal Transduction (GO:0046579),1.5029583896794014,0.485244896654134,0.02843601895734597,ARHGEF3;RASGRP1;PIK3CG;ADGRG1;GPR174;GPR65;MAPRE2;AKAP13;NTRK1;F2R,wald_stat,GO_Biological_Process_2023
Regulation Of Cell Cycle Process (GO:0010564),-1.5016833034564803,0.5714200128503163,0.018425460636515914,CDC42;YTHDF2;BRD7;ARID1B;GIT1;CALM3;CCNL2;PIN1;RAB11FIP4;FBXO5;KIF13A;MKI67;DAPK3;MCM2;BCL7B;BCL7C;BECN1;DBF4;CALM1;ATF5,wald_stat,GO_Biological_Process_2023
Brain Development (GO:0007420),1.5001324755346301,0.4841805152324025,0.017994858611825194,TGFBR2;PBX3;UGP2;VPS51;RBBP4;CDK5RAP3;ADGRG1;JHY;GIT2;CX3CR1;TMX2;QARS1;KDM4B;RTN4;BBS2;POMK;UBE3A;SPEF2;PTCH1;PTEN;EOMES;CDK5RAP2;PAFAH1B1;ZNF335;NCOA6;MAP1S;SPATA5;PITPNM1;NIPBL,wald_stat,GO_Biological_Process_2023
Cellular Response To Peptide (GO:1901653),1.498727816167498,0.4782363197165421,0.03935185185185185,ZFP36L1;SNX6;ITGA4;ADRB2;ARHGEF2;CHMP5;ATP1A3;PSEN1;FCGR2B,wald_stat,GO_Biological_Process_2023
Positive Regulation Of Lamellipodium Assembly (GO:0010592),-1.4980566454846105,0.5760406704949093,0.04735883424408015,CDC42;CARMIL2;RAC1;AUTS2;ARPC2;PIK3R1;TWF2,wald_stat,GO_Biological_Process_2023
Sulfur Compound Biosynthetic Process (GO:0044272),-1.497880313692687,0.5667244870620026,0.02268760907504363,CHST7;CHSY1;B3GNT7;MPST;B3GNT2;SLC35D2;B4GALT4;UST;EXT1;XYLT1;GSTP1;B3GAT3,wald_stat,GO_Biological_Process_2023
Regulation Of Cytokinesis (GO:0032465),-1.4966666139528917,0.561764166838535,0.03368794326241135,CDC42;GIT1;CALM3;PIN1;RAB11FIP4;KIF13A;CUL3;PKN2;BECN1;CALM1;GIPC1;CDC14A;RAB11FIP3;VPS4A;PDXP,wald_stat,GO_Biological_Process_2023
RNA Destabilization (GO:0050779),-1.490256790503269,0.5788629363403094,0.07454545454545454,YTHDF2;YTHDF3;YTHDF1,wald_stat,GO_Biological_Process_2023
Regulation Of Glucose Import (GO:0046324),-1.4886342949049454,0.575949163994122,0.061068702290076333,AKT1;IRS2;RHOQ;GSK3A;PIK3R1;PRKAG2,wald_stat,GO_Biological_Process_2023
Regulation Of Receptor-Mediated Endocytosis (GO:0048259),-1.487359891888137,0.572231752585347,0.05037313432835821,ARF1;FLOT1;RAC1;TNK2;ARF6;MKLN1;RAB21,wald_stat,GO_Biological_Process_2023
Import Into Nucleus (GO:0051170),1.4873169303251357,0.5055004097956134,0.01598173515981735,KPNB1;PPP1R10;NUP62;KPNA3;STK4;NUP50;HIKESHI;STAT3;PHB2;RAN;EIF4ENIF1;CSE1L;IPO9;IPO8;HTATIP2;IPO5;NUP188;APPL1;NUP85,wald_stat,GO_Biological_Process_2023
Regulation Of DNA Binding (GO:0051101),-1.4835938557549573,0.5778995481917893,0.04092526690391459,NME1;CSNK2B;TGFB1;CEBPG;SUMO3;SUMO1;ILRUN;EDF1;TXN;RSF1;DOT1L,wald_stat,GO_Biological_Process_2023
RNA Processing (GO:0006396),-1.4824436443763618,0.5731685498391688,0.004477611940298508,DNTTIP2;U2AF2;RBM8A;RBM3;MAGOH;TENT4B;RBM5;ADARB1;PRPF18;PPP1R9B;AKAP8L;RNPS1;RBM39;SLU7;PPP2CA;EXOSC10;RP9;HNRNPH1;SRSF9;PRKACA;FASTKD5;DUSP11;HNRNPL;PABPN1;NCBP1;TFIP11;SNRPD1;DHX8;NUDT21;FASTKD3;SRSF5;ALKBH5;CPSF6;ZCRB1;SRSF2;LSM1;FBXO11;SNRNP25;DEDD2;SF3A2;KIN;PRPF4B;FASTKD2;SRRM1;HNRNPUL1;DDX54;SF3B2;NRDE2;ZRSR2;METTL3,wald_stat,GO_Biological_Process_2023
Cellular Response To Nutrient Levels (GO:0031669),-1.4758571050076257,0.5898427918450946,0.019867549668874173,MAP1LC3B;WDR45B;ULK1;STK24;CREBBP;PRKAG1;ATG7;FNIP1;FADS1;USP33;WIPI1;TFEB;MAPKAP1;PRKAG2;SREBF1;MLST8;ATG14;JMY;LAMP2;FLCN;TSC1;PRR5;KLF10;PRKAA1;RIPOR1,wald_stat,GO_Biological_Process_2023
poly(A)+ mRNA Export From Nucleus (GO:0016973),-1.4757713125096072,0.5813830797322855,0.05272727272727273,DDX19B;SARNP;PABPN1;NUP133;HHEX,wald_stat,GO_Biological_Process_2023
Mitochondrion Disassembly (GO:0061726),-1.47488339712698,0.5761223326433137,0.04852686308492201,MAP1LC3B;WDR45B;ATG7;GABARAPL1;FUNDC2;ATG2A;BECN1;WIPI1;USP30;PINK1,wald_stat,GO_Biological_Process_2023
Negative Regulation Of Cation Channel Activity (GO:2001258),1.4717304173911174,0.5475200404235021,0.05970149253731343,PPP3CB;PPP3CC;UBQLN1;PPP3R1,wald_stat,GO_Biological_Process_2023
Protein Processing (GO:0016485),-1.4711479964224559,0.5829375799454736,0.025974025974025976,SDE2;FXN;CPD;RCE1;FURIN;METAP2;APH1A;TMEM208;PIDD1;CTSS;SPCS2;CASP4;SRGN;PCSK7;HTRA2;CLN3;XPNPEP3;HM13;OGT,wald_stat,GO_Biological_Process_2023
Response To Nutrient Levels (GO:0031667),-1.4711404204575458,0.5745653005076158,0.06204379562043796,ULK1;CREBBP;PRKAG1;MAPKAP1;PRKAG2;MLST8,wald_stat,GO_Biological_Process_2023
Positive Regulation Of RNA Metabolic Process (GO:0051254),-1.46922291062048,0.5747877044663796,0.045936395759717315,U2AF2;ZPR1;SUPV3L1;ERN1;PIK3R1;NFKB1;GRSF1,wald_stat,GO_Biological_Process_2023
DNA-templated Transcription Elongation (GO:0006354),1.467705766638396,0.5505431686432417,0.05603448275862069,ELP4;PBRM1;TCEA2;CTR9;SUPT4H1;SRCAP;SUPT16H;CDC73;PCID2;POLR1E;LEO1;SUPT6H,wald_stat,GO_Biological_Process_2023
Regulation Of mRNA Stability (GO:0043488),-1.4666975160496625,0.5766750653752095,0.028333333333333332,MAPKAPK2;YTHDF2;VIM;YTHDF3;RBM38;TENT5A;YTHDF1;CIRBP;TENT5C;FASTKD5;PRKCA;TAF15;PCBP4;FASTKD3;NOCT;PAIP1,wald_stat,GO_Biological_Process_2023
"Regulation Of Alternative mRNA Splicing, Via Spliceosome (GO:0000381)",-1.465558204898771,0.573536799958656,0.04482758620689655,RBM8A;MAGOH;RBM5;RBM38;RNPS1;PTBP1;TRA2B;SAP18;HNRNPL,wald_stat,GO_Biological_Process_2023
Protein Targeting To ER (GO:0045047),-1.4648855280868402,0.5684131636833976,0.0582010582010582,ZFAND2B;CHMP4A;SEC61G;SRP72;ZFAND2A;SRP54;SPCS2;GET4,wald_stat,GO_Biological_Process_2023
Purine-Containing Compound Biosynthetic Process (GO:0072522),1.462438002413489,0.5573059679245532,0.06359649122807018,SLC4A7;PRPSAP2;ADSL;PRPS2;PFAS;SHMT2;GMPS;SHMT1,wald_stat,GO_Biological_Process_2023
Regulation Of Release Of Sequestered Calcium Ion Into Cytosol (GO:0051279),-1.4618402965908388,0.5728075918012554,0.0660377358490566,XCL1;PDE4D;CALM3;PRKACA;CALM1,wald_stat,GO_Biological_Process_2023
Negative Regulation Of Stem Cell Population Maintenance (GO:1902455),1.4613427778370942,0.5503461434767972,0.05301204819277108,HDAC1;ZNF706;RBBP4,wald_stat,GO_Biological_Process_2023
COPII-coated Vesicle Budding (GO:0090114),-1.4580958215636066,0.5792409578491058,0.05782312925170068,RAB1A;SEC24C;TMED10;TRAPPC2L;TRAPPC6A;SEC24B;CSNK1D;CUL3;TBC1D20;TMED2;SEC24A;SEC13;TRAPPC5,wald_stat,GO_Biological_Process_2023
Regulation Of Stress Fiber Assembly (GO:0051492),-1.456723205094545,0.5774223280562997,0.03819444444444445,LIMK1;CDC42;INPP5K;RHOC;RAC1;PIK3R1;SLC9A1;SORBS3;S100A10;TESK1;EVL;ARHGEF10;PFN1;PAK1;TSC1;STMN1;ARAP1,wald_stat,GO_Biological_Process_2023
mRNA Export From Nucleus (GO:0006406),-1.4563939492235223,0.5711506793438685,0.019469026548672566,RBM8A;ALYREF;DDX19B;MAGOH;SARNP;THOC7;DDX39A;PABPN1;NUP133;NCBP1;HHEX;NCBP3;ALKBH5,wald_stat,GO_Biological_Process_2023
Negative Regulation Of Cell Differentiation (GO:0045596),-1.4549746335227913,0.5691593072968455,0.018092105263157895,YTHDF2;CRIM1;MAD2L2;TGFB1;SPRY2;CALR;PPP2CA;PTBP1;GATA3;ID2;LDLRAD4;BCL7B;TENT5C;BCL7C;NOTCH1;TRIB2;EPHA4;BMAL1;SDHAF2;HDAC9;ABCA5;NOCT;BRD9,wald_stat,GO_Biological_Process_2023
Response To Amyloid-Beta (GO:1904645),1.4536945887781254,0.5564100534317394,0.05504587155963303,SNX6;ITGA4;ADRB2;ATP1A3;PSEN1;FCGR2B;NTRK1,wald_stat,GO_Biological_Process_2023
Cellular Response To Amyloid-Beta (GO:1904646),1.4536945887781254,0.5564100534317394,0.05504587155963303,SNX6;ITGA4;ADRB2;ATP1A3;PSEN1;FCGR2B;NTRK1,wald_stat,GO_Biological_Process_2023
Positive Regulation Of Cell Division (GO:0051781),-1.4536540927169865,0.5665936306422424,0.0865561694290976,CDC42;CUL3;PKN2;GIPC1;CDC14A,wald_stat,GO_Biological_Process_2023
Protein Insertion Into Mitochondrial Membrane (GO:0051204),-1.450838039810151,0.5696442868144521,0.03525046382189239,TIMM8B;MTX1;NDUFA13;TOMM22;MOAP1;TIMM8A;TIMM22;TOMM5;TOMM40;ROMO1,wald_stat,GO_Biological_Process_2023
Cilium Assembly (GO:0060271),1.4493902842589446,0.561371716569475,0.014005602240896359,CILK1;ARF4;CEP250;EHD1;CCDC66;ACTR3;WDR54;MBD1;ARL13B;KIF3B;JHY;E2F4;NUDCD3;RILPL2;IFT57;CEP290;SEPTIN2;CEP20;WDPCP;BBS2;DYNLL1;PCNT;HDAC6;SCLT1;NME8;KIAA0586;TMEM216;IFT27;TBC1D31;DYNC2I1;CEP162;NPHP3;CEP89;PTPN23;DYNC2H1;RAB8B;ACTR2;BBS9;TCTN3;CEP126;IFT88;SEPTIN7;ATP6V1D;CFAP298;TMEM67;CPLANE1;CCDC65;IQCB1;TMEM250;TOGARAM1;RP2;TXNDC15,wald_stat,GO_Biological_Process_2023
Protein Targeting To Mitochondrion (GO:0006626),-1.4452531617530195,0.5840147109492154,0.028021015761821366,GRPEL2;TIMM17A;TIMM8B;TIMM23;MTX1;NDUFA13;TOMM22;GRPEL1;TIMM23B;TIMM8A;TIMM22;TOMM5;TSPO;TOMM40;ROMO1;TIMM21;PMPCA,wald_stat,GO_Biological_Process_2023
Oxidative Phosphorylation (GO:0006119),-1.444824790958427,0.5786725596545335,0.036458333333333336,NDUFB7;NDUFA1;NDUFC2;NDUFA13;NDUFB6;NDUFB8;NDUFA12;SDHB;NDUFB1;ATP5ME;NDUFA10;NDUFS6;NDUFB11;NDUFA9;NDUFS3;SDHA;NDUFV1;NDUFB9;UQCRC1;NDUFA5;NDUFS8;TEFM,wald_stat,GO_Biological_Process_2023
"RNA Splicing, Via Transesterification Reactions With Bulged Adenosine As Nucleophile (GO:0000377)",-1.4447089181284891,0.5720548381274473,0.004629629629629629,SF3B6;U2AF2;RBM8A;FRG1;MAGOH;SRSF10;CRNKL1;RBM5;SNRNP27;CWC25;PHF5A;EFTUD2;RNPS1;SNW1;SYF2;BUD31;CWC15;SLU7;SNRPB2;TRA2B;PIN1;HNRNPH1;SRSF9;DDX39A;CTNNBL1;NCBP1;TFIP11;SNRPD1;DHX8;SRSF5;SRSF2;CDC5L;SF3A2;HNRNPM;PRPF4B;PPIH;SNIP1;SRRM2;SNU13;SRRM1;SF3B2;ZRSR2;METTL3,wald_stat,GO_Biological_Process_2023
Positive Regulation Of Cytokinesis (GO:0032467),-1.4439059787390713,0.5684448435681221,0.08426966292134831,CDC42;CUL3;PKN2;GIPC1;CDC14A,wald_stat,GO_Biological_Process_2023
Response To Retinoic Acid (GO:0032526),-1.441903401162818,0.5687988342978424,0.0702054794520548,SNW1;CDKN2D;NDUFA13;POLR2D;MICB;TWF2;LYN;HTRA2;ASXL1;TESC,wald_stat,GO_Biological_Process_2023
Regulation Of Mitotic Metaphase/Anaphase Transition (GO:0030071),-1.4412701748522596,0.564358273839785,0.06633499170812604,BRD7;ARID1B;ANAPC15;ANAPC11;FBXO5;CUL3;BCL7B;BCL7C,wald_stat,GO_Biological_Process_2023
Negative Regulation Of Kinase Activity (GO:0033673),1.4411976759138034,0.5795302520103058,0.05188679245283019,PPP2R5A;TAF7;TRIM27;PTPRC;HSPB1;CDKN1B;PAK2;GSKIP;TARBP2;QARS1,wald_stat,GO_Biological_Process_2023
Transcription Initiation At RNA Polymerase II Promoter (GO:0006367),-1.4407216048864404,0.5602611882765464,0.023809523809523808,MAZ;ELOA;MED10;TAF11;TAF10;ERCC3;MED30;POLR2D;POLR2G;ELOB;TAF4;MED4;TAF6L;MED19;CDK7,wald_stat,GO_Biological_Process_2023
Carbohydrate Derivative Biosynthetic Process (GO:1901137),1.4398310087018684,0.5736275774912576,0.05922551252847381,GOLPH3;TNIP1;RRM1;ALG6,wald_stat,GO_Biological_Process_2023
Response To Cytokine (GO:0034097),-1.435420136774737,0.573344554171705,0.023064250411861616,SLC22A5;MAPKAPK2;MX2;GCH1;TIMP1;MAP2K7;DDOST;LGALS9;CASP3;PRKCA;IFNLR1;TNFRSF11A;NFKB1;ISG15;TLE5;IRAK1;REL;BST2;CDK9;RELB;PLSCR1;EIF2AK2;MX1;IFITM1;IKBKE;JAK3,wald_stat,GO_Biological_Process_2023
Regulation Of Cell Morphogenesis (GO:0022604),-1.4319379689175789,0.5805768540841034,0.06629834254143646,PDZD8;ZMYM3;CAMSAP1;CFL1;STRIP1;SPARC;ZRANB1;SH3D19;NTNG2,wald_stat,GO_Biological_Process_2023
Protein Lipidation (GO:0006497),-1.4305757812762878,0.5790262789675671,0.04280821917808219,MPPE1;ZDHHC18;WDR45B;PIGH;ATG7;SELENOK;ZDHHC14;WIPI1;ZDHHC3;DPM1,wald_stat,GO_Biological_Process_2023
Transcription Elongation By RNA Polymerase II (GO:0006368),1.4264087085306485,0.6144266934545601,0.07226107226107226,ELP4;PBRM1;CTR9;SUPT4H1;IWS1;SRCAP;POLR2I;SUPT16H;CDC73;PCID2;LEO1;SART3;SUPT6H,wald_stat,GO_Biological_Process_2023
Regulation Of Peptide Hormone Secretion (GO:0090276),1.4221062915532674,0.6207630306091028,0.08993576017130621,PPP3CB;IFNG;HADHA;SLC25A22;UQCC2;PICK1,wald_stat,GO_Biological_Process_2023
Regulation Of Cyclin-Dependent Protein Serine/Threonine Kinase Activity (GO:0000079),-1.42174882234035,0.6058267782304674,0.05564648117839607,BCCIP;AKT1;CDKN2D;HEXIM1;SERTAD1;HHEX;LATS1;MNAT1;CDK5RAP1;CCNT1;PKD2;CDK7;CDC37;CCNT2;GTPBP4;HERC5;LATS2,wald_stat,GO_Biological_Process_2023
Establishment Of Protein Localization To Membrane (GO:0090150),-1.420991495980887,0.6020837140857616,0.059931506849315065,ZDHHC18;GORASP2;VPS37B;ZDHHC14;RFTN1;ZDHHC24;ZDHHC3;TAOK2;GOLGA7B;YIF1B;BRAF;MICALL1;RAB11B,wald_stat,GO_Biological_Process_2023
Mitochondrial Cytochrome C Oxidase Assembly (GO:0033617),-1.4203011812833999,0.5981953266438114,0.0687732342007435,PET100;COX19;SURF1;FASTKD3;COA1;COX16;TIMM21;STMP1;SCO1;COX20,wald_stat,GO_Biological_Process_2023
Modulation By Host Of Symbiont Process (GO:0051851),-1.4200937723161517,0.5927363852909963,0.048736462093862815,SAP30BP;CDC42;INPP5K;TAF11;SNW1;FASN;CCL4;CCNT1;CCL5;CHD1,wald_stat,GO_Biological_Process_2023
Autophagy Of Nucleus (GO:0044804),-1.4182674907729445,0.5940685383559319,0.08378870673952642,WDR45B;ULK1;ATG7;ATG2A;WIPI1,wald_stat,GO_Biological_Process_2023
Double-Strand Break Repair Via Nonhomologous End Joining (GO:0006303),1.4180432666725944,0.6259994813381158,0.04128440366972477,XRCC5;PRKDC;XRCC6;CYREN;DCLRE1A;ERCC8;HELQ;UVRAG;MRE11;POLM;RNF8;POLL;ATM;SMARCAL1,wald_stat,GO_Biological_Process_2023
Positive Regulation Of Lymphocyte Activation (GO:0051251),1.4171096991185572,0.6188144038463516,0.08158508158508158,NCKAP1L;PRKCQ;PRKDC;CD47;XRCC6;FCHO1;LCK,wald_stat,GO_Biological_Process_2023
Regulation Of Macromolecule Metabolic Process (GO:0060255),1.4165153009398486,0.6107030854864647,0.01639344262295082,HMG20A;TRIM4;PTPRC;ZFP36L1;BMI1;TOB2;TOB1;MTMR4;COQ7;DAXX;NPAT;MARF1;UBAP2;ZNF683;HNRNPD;PSEN1;HIF1A,wald_stat,GO_Biological_Process_2023
Positive Regulation Of Glucose Transmembrane Transport (GO:0010828),-1.4144766265735143,0.6023514602983375,0.07575757575757576,AKT1;IRS2;RHOQ;PIK3R1;BRAF,wald_stat,GO_Biological_Process_2023
Regulation Of Defense Response (GO:0031347),-1.4144136709626203,0.5963689839517545,0.047619047619047616,XCL1;BCL6;BIRC2;SHPK;SBNO2;LRP8;N4BP1;BRD4;USP18;CASP4;NR1D2;SETD6;NLRP2;NFE2L2;HERC5;IRF1;BIRC3;AREL1;NLRP1;PARK7,wald_stat,GO_Biological_Process_2023
Intrinsic Apoptotic Signaling Pathway In Response To Endoplasmic Reticulum Stress (GO:0070059),-1.4144025365078419,0.5903371606331987,0.07420494699646643,ATF4;ERN1;BBC3;SELENOK;CASP4;BAG6;BAK1,wald_stat,GO_Biological_Process_2023
Post-Translational Protein Modification (GO:0043687),-1.4136193452898393,0.5872591716479203,0.055267702936096716,PKN1;UBE2M;RNF7;UCHL3;ESCO1;PRKCA;PRKCB;PARP6;PARP12;DCAF1,wald_stat,GO_Biological_Process_2023
Regulation Of Cell Motility (GO:2000145),-1.4124658624025157,0.5854818129434024,0.05405405405405406,PKN1;AKT1;LDB1;TGFB1;RAC1;GATA3;PIN1;PLXNA4;DAPK3;PKN2;PLXNA3,wald_stat,GO_Biological_Process_2023
Cilium Organization (GO:0044782),1.4124328171204186,0.6162845913201758,0.005847953216374269,CILK1;ARF4;CEP250;EHD1;CCDC66;ACTR3;WDR54;MBD1;ARL13B;KIF3B;NUDCD3;RILPL2;IFT57;CEP290;SEPTIN2;CEP20;WDPCP;BBS2;PCNT;HDAC6;SCLT1;NME8;KIAA0586;TMEM216;IQCG;ARMC2;IFT27;CEP78;TBC1D31;DYNC2I1;CEP162;NPHP3;CEP89;PTPN23;DYNC2H1;RAB8B;ACTR2;BBS9;TCTN3;CEP126;IFT88;SEPTIN7;ATP6V1D;CFAP298;CCDC32;TMEM67;CPLANE1;CCDC65;IQCB1;TMEM250;TOGARAM1;RP2;TXNDC15,wald_stat,GO_Biological_Process_2023
Establishment Of Protein Localization To Mitochondrion (GO:0072655),-1.4108276463883989,0.5859021487409998,0.05087719298245614,GRPEL2;TIMM17A;AKT1;TIMM8B;TIMM23;TOMM22;GRPEL1;TIMM23B;TOMM5;PINK1;TSPO;TOMM40;ROMO1;TIMM21,wald_stat,GO_Biological_Process_2023
Negative Regulation Of Transferase Activity (GO:0051348),-1.4089127012830058,0.5869422195675272,0.07093425605536333,LIMK1;INPP5K;TERF1;IRS2;FBXO5;GSK3A,wald_stat,GO_Biological_Process_2023
Actin Filament Polymerization (GO:0030041),-1.4082405370499282,0.5835477660061379,0.07334525939177101,PSTPIP1;CORO7;TTC17;PREX1;RAC1,wald_stat,GO_Biological_Process_2023
Canonical Wnt Signaling Pathway (GO:0060070),-1.4071191819906086,0.5815816487228392,0.07972270363951472,TCF7;RYK;GATA3;FRAT2;FZD3;CSNK1E;NR4A2;RAB5A;GSK3B,wald_stat,GO_Biological_Process_2023
Regulation Of Amyloid-Beta Formation (GO:1902003),-1.4063276657966384,0.5789829431684987,0.05545286506469501,TMED10;IFNGR1;PIN1;GSK3A;CASP3;EPHA4,wald_stat,GO_Biological_Process_2023
Small GTPase Mediated Signal Transduction (GO:0007264),1.4060994677554106,0.6300815069063285,0.03631961259079903,CCDC88C;G3BP1;ARHGAP30;RALGDS;RASGRP1;KRAS;KRIT1;RASGRP2;GRAP2;RALA;ARHGAP1;CDKN2A,wald_stat,GO_Biological_Process_2023
Telomere Maintenance (GO:0000723),1.405196115470553,0.6233254265687849,0.04950495049504951,UCHL5;XRCC5;SMC6;PRKDC;RPA3;XRCC6;PTGES3;INO80D;RPA2;INO80B;PARP1;RUVBL1,wald_stat,GO_Biological_Process_2023
Regulation Of MAPK Cascade (GO:0043408),1.4028773349743757,0.6223866388942891,0.024875621890547265,PTPRC;RASGRP1;STK4;ADRB2;TNIK;PHB2;LBH;MAP2K1;SOD1;STYX;APIP;NBR1;DUSP16;WDR54;GRAP2;ERBB2;PAK2;YWHAZ,wald_stat,GO_Biological_Process_2023
Negative Regulation Of Calcium Ion Transmembrane Transporter Activity (GO:1901020),1.4026699571877297,0.6137477598928175,0.09051724137931035,PPP3CB;PPP3CC;THADA;UBQLN1;PPP3R1,wald_stat,GO_Biological_Process_2023
Protein Import Into Nucleus (GO:0006606),1.402511339082711,0.6051579867218916,0.02696078431372549,KPNB1;PPP1R10;NUP62;KPNA3;STK4;NUP50;HIKESHI;STAT3;PHB2;RAN;EIF4ENIF1;CSE1L;IPO9;IPO8;IPO5;NUP188;APPL1;NUP85,wald_stat,GO_Biological_Process_2023
NIK/NF-kappaB Signaling (GO:0038061),-1.401906771010635,0.5896184539717886,0.07857142857142857,CREBBP;BIRC2;COPS8;NFKB1;IRAK1;REL;BIRC3;RELB,wald_stat,GO_Biological_Process_2023
Regulation Of mRNA Processing (GO:0050684),-1.3989990233353575,0.5946674804524509,0.06099815157116451,RBM8A;JMJD6;MAGOH;SRSF10;QKI;RBM39;NCBP1;LARP7;SLTM;SRRM1;CDK9;PAPOLA;CDK11B,wald_stat,GO_Biological_Process_2023
Activation Of Cysteine-Type Endopeptidase Activity Involved In Apoptotic Process (GO:0006919),1.3982949805900364,0.6115079046625471,0.04390243902439024,S100A8;S100A9;CYCS;FAM162A;ANP32B;ATP2A3;CARD8;LCK;IFT57;VCP;DYNLL1;RACK1;LAPTM5;BCL2L13;F2R;SMAD3;CRADD;CASP8AP2;EIF2AK3;CASP2,wald_stat,GO_Biological_Process_2023
Plasma Membrane Bounded Cell Projection Assembly (GO:0120031),1.3974160847026849,0.6052267702617073,0.00554016620498615,GOLPH3;CILK1;ARF4;TNIK;CEP250;EHD1;CCDC66;ACTR3;ARHGEF6;VCL;WDR54;MBD1;ARL13B;KIF3B;PIP5K1A;NUDCD3;RAP1B;S1PR1;RILPL2;IFT57;CEP290;SEPTIN2;CEP20;WDPCP;BBS2;PCNT;HDAC6;SCLT1;NME8;KIAA0586;TMEM216;IFT27;TBC1D31;FGD3;DYNC2I1;CEP162;MTSS1;NPHP3;CEP89;PTPN23;DYNC2H1;RAB8B;ACTR2;RAP1A;BBS9;EZR;TCTN3;CEP126;WHAMM;IFT88;SEPTIN7;ATP6V1D;ANO6;RAPGEF6;CFAP298;TMEM67,wald_stat,GO_Biological_Process_2023
Transmembrane Receptor Protein Tyrosine Kinase Signaling Pathway (GO:0007169),-1.397257154133323,0.5954227674561036,0.0214168039538715,MAPKAPK2;AKT1;RYK;IRS2;GALNT3;ARHGEF7;RAB14;VEGFB;RAPGEF1;DDIT4;RAC1;YES1;ALKAL2;RHOQ;PTPRJ;GSK3A;CASP3;EPHA4;MVP;SAMD10;PIK3R1;ZFYVE27,wald_stat,GO_Biological_Process_2023
Regulation Of Cell-Substrate Adhesion (GO:0010810),-1.3966495335831115,0.591963956995998,0.06871609403254973,RAC1;NOTCH1;DMTN;TBCD;MINK1;TSC1;PIK3CB;RELL2,wald_stat,GO_Biological_Process_2023
Positive Regulation Of Dephosphorylation (GO:0035306),-1.3963258340585318,0.5876229802268125,0.07635009310986965,NSMF;CALM3;TGFB1;PTBP1;PIN1;PTPA;CALM1;RIPK3;PPP1R16B;CNEP1R1;CAMTA1,wald_stat,GO_Biological_Process_2023
Recombinational Repair (GO:0000725),1.3949223563677884,0.6054395295360584,0.03875968992248062,RECQL;XRCC5;AP5S1;NSMCE3;SMC6;RPA3;XRCC6;PPP4C;RPA2;REV3L;RAD52;GEN1;HELQ;MRE11;SLF1;MORF4L1;POLL;RAD51C;SFR1;NUCKS1;BLM;YY1;SFPQ;SAMHD1;NSMCE2;RPA1;ERCC4;EID3;NSMCE1;ZMYND8,wald_stat,GO_Biological_Process_2023
Embryonic Organ Development (GO:0048568),-1.3942982094747889,0.5898686976849982,0.07917383820998279,ATF4;TGFB1;ZFPM1;ERCC3;GATA3;POLR2D;PBX4;TFEB;PKD2,wald_stat,GO_Biological_Process_2023
mRNA Transport (GO:0051028),-1.3940835485095067,0.5853051778931613,0.051756007393715345,RBM8A;ALYREF;DDX19B;MAGOH;SARNP;THOC7;DDX39A;NUP133;NCBP1;HHEX;NCBP3;ALKBH5,wald_stat,GO_Biological_Process_2023
Response To Type II Interferon (GO:0034341),-1.3914282165561631,0.5896317791580876,0.050966608084358524,SLC22A5;XCL1;GCH1;DAPK3;LGALS9;XCL2;GAPDH;CCL4;CALM1;CCL5;BST2,wald_stat,GO_Biological_Process_2023
"Nuclear-Transcribed mRNA Catabolic Process, Nonsense-Mediated Decay (GO:0000184)",-1.3904124964782858,0.5885308548498789,0.08070175438596491,RBM8A;MAGOH;ZC3H12A;RNPS1;NCBP1,wald_stat,GO_Biological_Process_2023
Organophosphate Biosynthetic Process (GO:0090407),1.3899569282580488,0.6141965035247515,0.08779443254817987,DCK;TPK1;PIP5K1A;LPCAT1;GPHN;ITPKB,wald_stat,GO_Biological_Process_2023
Regulation Of Autophagosome Maturation (GO:1901096),1.3897828308527111,0.6064042345307168,0.09977827050997783,TECPR1;ATG5;TBC1D25;CLEC16A;RUBCN;UVRAG;CALCOCO2,wald_stat,GO_Biological_Process_2023
Regulation Of Osteoblast Differentiation (GO:0045667),-1.3882010994994467,0.5914758279059487,0.08141592920353982,ATF4;CRIM1;TENT5A;FBXO5;PRKACA;NOTCH1;HDAC9;NOCT,wald_stat,GO_Biological_Process_2023
Response To Interleukin-1 (GO:0070555),-1.386497458126038,0.5926229433998039,0.0564373897707231,XCL1;ZC3H12A;LGALS9;XCL2;PRKCA;TNFRSF11A;CCL4;NFKB1;TLE5;CCL5;IRAK1,wald_stat,GO_Biological_Process_2023
Regulation Of RNA Metabolic Process (GO:0051252),-1.3864022440362833,0.5879347345618534,0.04792332268370607,YTHDF2;CLK3;TAF10;CCNL2;RBM38;PTBP1;TRA2B;CLK1;ZNF326;HNRNPH1;PQBP1;TADA2B;FAM50A;MCM2;HNRNPL;CLK4;GRSF1;ZC3H10;TAF6L;RBM12;OAS1;PTBP2;USP36;MBNL3,wald_stat,GO_Biological_Process_2023
Extracellular Matrix Organization (GO:0030198),-1.3836699972403168,0.5934528342778966,0.07583774250440917,MMP23B;TGFB1;FLOT1;FURIN;QSOX1;CTSS;ADAMTS10,wald_stat,GO_Biological_Process_2023
Positive Regulation Of ERK1 And ERK2 Cascade (GO:0070374),-1.3811002825994287,0.5973869315013595,0.053691275167785234,XCL1;TGFB1;SPRY2;FBXW7;GPR183;GLIPR2;MAP2K7;ALKAL2;LGALS9;XCL2;NOTCH1;PRKCA;TNFRSF11A;CCL4;CCL5;PRXL2C;DENND2B;HLA-DRB1;BRAF;ARRB1;SHC1;PHB1;ICAM1;CIB1;ARRB2,wald_stat,GO_Biological_Process_2023
Peroxisome Organization (GO:0007031),1.3804524455732563,0.6316294064873769,0.1101123595505618,LONP2;PEX3;PEX14;PEX19;PEX16;ABCD3;PEX2;MFF;PEX1;ABCD4;ABCD2,wald_stat,GO_Biological_Process_2023
Regulation Of Actin Filament Bundle Assembly (GO:0032231),-1.3788718513705867,0.6000041392396652,0.10266159695817491,LIMK1;CDC42;RAC1;SLC9A1,wald_stat,GO_Biological_Process_2023
Intracellular Steroid Hormone Receptor Signaling Pathway (GO:0030518),1.3775616242530162,0.6335909252356252,0.10904872389791183,CALCOCO1;DAXX;DDX17;RNF14;WBP2;DDX5;UBR5;UBE3A,wald_stat,GO_Biological_Process_2023
Chemokine-Mediated Signaling Pathway (GO:0070098),-1.3773260285222404,0.6010073368158101,0.09788867562380038,XCL1;XCL2;CCL4;CCL5;LYN;STK39;CIB1;PTK2B;SH2B3,wald_stat,GO_Biological_Process_2023
Protein K11-linked Ubiquitination (GO:0070979),1.3771090043250598,0.6268961672078168,0.08064516129032258,UBE2D4;UBE2H;ANAPC10;CDC26;UBE2B,wald_stat,GO_Biological_Process_2023
Lysosomal Lumen Acidification (GO:0007042),-1.376018419149913,0.6005825328050368,0.10436432637571158,TCIRG1;ATP6V1H;RNASEK;ATP6V0C,wald_stat,GO_Biological_Process_2023
Fc Receptor Mediated Stimulatory Signaling Pathway (GO:0002431),-1.3757472492110754,0.5967241965188074,0.10382513661202186,LIMK1;YES1;LYN;VAV3;PLA2G6;PAK1,wald_stat,GO_Biological_Process_2023
Cellular Response To Tumor Necrosis Factor (GO:0071356),-1.3752994795771831,0.5935208671264363,0.050080775444264945,INPP5K;XCL1;AKT1;ZC3H12A;COMMD7;GATA3;EIF5A;BIRC2;ACTN4;XCL2;TNFRSF11A;CCL4;IKBKB;CCL5;NFE2L2;TRAF1;BIRC3,wald_stat,GO_Biological_Process_2023
Regulation Of Mitotic Cell Cycle Phase Transition (GO:1901990),-1.3735593168919653,0.59526626966275,0.05351170568561873,BRD7;ARID1B;PPP1R9B;CDKN2D;ERCC3;PPP2CA;ID2;CUL3;BCL7B;BCL7C;MNAT1;CDC14A;CDK7;PSME2;PSME1;DDB1;ARID1A,wald_stat,GO_Biological_Process_2023
Regulation Of Blood Vessel Endothelial Cell Migration (GO:0043535),1.3734134577012092,0.6310278460275295,0.07834101382488479,MAPK14;ETS1;HSPB1;ATP2B4;PLCG1;HIF1A;STAT5A;AKT3;MECP2,wald_stat,GO_Biological_Process_2023
Cellular Response To Interleukin-1 (GO:0071347),-1.3733697694498272,0.591208638790288,0.05944055944055944,XCL1;ZC3H12A;EGR1;TNIP2;XCL2;CCL4;NFKB1;IKBKB;CCL5;IRAK1;PLCB1,wald_stat,GO_Biological_Process_2023
Regulation Of Cation Channel Activity (GO:2001257),-1.3731249519757032,0.5873389304213282,0.09778597785977859,PDE4D;PRKACA;CTSS;CALM1,wald_stat,GO_Biological_Process_2023
Cellular Response To Osmotic Stress (GO:0071470),1.3726638164974665,0.6254364441151565,0.09662921348314607,ZFP36L1;ARHGEF2;LRRC8D;ZFAND1;RCSD1;SERPINB6;MTOR,wald_stat,GO_Biological_Process_2023
Regulation Of Telomere Maintenance Via Telomerase (GO:0032210),1.3723228982065359,0.6186733316456633,0.06265060240963856,XRCC5;TNIP1;PRKCQ;TCP1;CCT3;NEK7;CCT6A;PARN;MAP3K4;XRN1;FBXO4;CCT8;CCT7;CCT4;CCT2;ATM;CTNNB1;HMBOX1;NAT10;TENM1,wald_stat,GO_Biological_Process_2023
Negative Regulation Of Telomere Maintenance Via Telomerase (GO:0032211),-1.3716716486580138,0.5877627395993433,0.09660107334525939,TENT4B;TERF1;EXOSC10,wald_stat,GO_Biological_Process_2023
Negative Regulation Of Cell Growth (GO:0030308),-1.3705231723431677,0.5870322383693382,0.04817275747508306,BCL6;PPP1R9B;ULK1;SERTAD2;TGFB1;CDKN2D;PPP2CA;NDUFA13;SERTAD3;PTPRJ;NAIF1;GSK3A;FBP1;CGRRF1;TSPYL2;NDUFS3;OSGIN2;RTN4R;BST2;SIPA1;DDX3X;ST20;PHB1;RNF6;FLCN,wald_stat,GO_Biological_Process_2023
Negative Regulation Of Signal Transduction By P53 Class Mediator (GO:1901797),1.3696106743445275,0.620969803052491,0.10480349344978165,ARMC10;RFFL;MARCHF7;PSMD10,wald_stat,GO_Biological_Process_2023
Regulation Of Primary Metabolic Process (GO:0080090),-1.3676522079912916,0.5930252806157312,0.08952702702702703,IRS2;SSH1;ID2;LACTB;EDF1;NR1D2;OPA3;CERS2,wald_stat,GO_Biological_Process_2023
Response To Transforming Growth Factor Beta (GO:0071559),-1.3675432664103373,0.5888350304534705,0.09908256880733946,XCL1;RUNX3;TGFB1,wald_stat,GO_Biological_Process_2023
Negative Regulation Of Response To Endoplasmic Reticulum Stress (GO:1903573),1.3671265610557595,0.621845065106901,0.08314606741573034,TMBIM6;BCL2L1;LPCAT3;SYVN1;PTPN1;RACK1;CREB3;SELENOS,wald_stat,GO_Biological_Process_2023
Regulation Of DNA Damage Checkpoint (GO:2000001),1.3664953603390477,0.6162747500037029,0.11085972850678733,RPA2;TELO2;CCAR2;ETAA1;TTI1;THOC5;TTI2;BARD1,wald_stat,GO_Biological_Process_2023
Cellular Response To Fibroblast Growth Factor Stimulus (GO:0044344),1.3659718206486868,0.6106924591098245,0.09523809523809523,CEP57;ZFP36L1;CHURC1;SETX,wald_stat,GO_Biological_Process_2023
Neuron Differentiation (GO:0030182),-1.3658669031440231,0.5903244975750294,0.0777027027027027,RUNX3;BCCIP;RYK;LDB1;DDIT4;ERCC3;PIN1;ID2;MYEF2;CASP3;IER2;PBX4;FZD3;HS6ST1;OPHN1,wald_stat,GO_Biological_Process_2023
"mRNA Splicing, Via Spliceosome (GO:0000398)",-1.3652263597706653,0.5879781918253227,0.021212121212121213,SF3B6;U2AF2;RBM8A;FRG1;MAGOH;SRSF10;CRNKL1;SDE2;RBM5;SNRNP27;CWC25;PHF5A;EFTUD2;RNPS1;SNW1;SYF2;BUD31;CWC15;SLU7;SNRPB2;TRA2B;PIN1;HNRNPH1;SRSF9;PQBP1;DDX39A;CTNNBL1;NCBP1;TFIP11;SNRPD1;DHX8;DDX1;SRSF5;SRSF2;CDC5L;SF3A2;HNRNPM;PRPF4B;PPIH;SNIP1;SRRM2;SNU13;SRRM1;SF3B2;GEMIN4;ZRSR2;METTL3,wald_stat,GO_Biological_Process_2023
Autophagy Of Mitochondrion (GO:0000422),-1.3649346233862083,0.5845619919503982,0.08156606851549755,MAP1LC3B;WDR45B;ATG7;GABARAPL1;FUNDC2;ATG2A;ATG4D;BECN1;WIPI1;ATG4B;USP30;PINK1;ATG14,wald_stat,GO_Biological_Process_2023
Regulation Of Fibroblast Migration (GO:0010762),-1.3647184169949964,0.5810486162574245,0.10669077757685352,ARHGEF7;TGFB1;RAC1;DMTN;GNA12;CLN3,wald_stat,GO_Biological_Process_2023
Negative Regulation Of Cellular Component Organization (GO:0051129),-1.3638113467040367,0.5798491689258949,0.06007067137809187,CDC42;LGALS3;RTEL1;ULK1;CARMIL2;SPRY2;DNAJB6;TFIP11;RIOK3,wald_stat,GO_Biological_Process_2023
Regulation Of Intracellular Protein Transport (GO:0033157),1.3629172127119584,0.6142776808917273,0.0988235294117647,PDCD10;GCC2;MBD1;UHMK1;NDEL1;ZFAND1;CEP290;PTPN1;PCNT;PRR5L;VAMP2,wald_stat,GO_Biological_Process_2023
Regulation Of Tumor Necrosis Factor-Mediated Signaling Pathway (GO:0010803),-1.3620073575036558,0.5819936984170812,0.08726003490401396,MAPKAPK2;ULK1;MIB2;OTULIN;HIPK1;PPP2CB;IKBKB;CASP4;GSTP1,wald_stat,GO_Biological_Process_2023
Cytokine-Mediated Signaling Pathway (GO:0019221),-1.3615344524969386,0.5793438332677638,0.028526148969889066,XCL1;AKT1;CSNK2B;COMMD7;EGR1;TNIP2;EIF5A;BIRC2;PRKACA;PTPRJ;ACTN4;XCL2;LRP8;IL4R;TNFRSF11A;CCL4;P4HB;IL15RA;IKBKB;SOCS1;CCL5;IRAK1;OAS1;LYN;PLCB1;TYK2;IL21R;IL18;TRAF1;IL2RB;BIRC3,wald_stat,GO_Biological_Process_2023
Glutamine Family Amino Acid Metabolic Process (GO:0009064),1.3600394270849114,0.616900535709653,0.11434977578475336,NIT2;GCLM;MTHFS;ADSL;ALDH18A1;GLUD1;ALDH5A1,wald_stat,GO_Biological_Process_2023
Regulation Of Cysteine-Type Endopeptidase Activity Involved In Apoptotic Process (GO:0043281),-1.354173178394297,0.60056618560766,0.08116883116883117,AKT1;CDKN2D;NDUFA13;CTSD;DNAJB6;BAD;FNIP1;TRIAP1;IFI6;LAMTOR5;NLRP2;DDX3X;HTRA2,wald_stat,GO_Biological_Process_2023
Fat Cell Differentiation (GO:0045444),-1.3540193470567392,0.5967264527447438,0.09090909090909091,CTBP1;METRNL;TMEM120A;SUMO1;ATF5;SLC39A13;SDF4;PER2;CTBP2;NR4A2;MED1;ERAP1;OSBPL11;EP300;ZNF516;CEBPA;ZBTB7A;AKT2;TCF7L2,wald_stat,GO_Biological_Process_2023
Phosphatidylinositol 3-Kinase Signaling (GO:0014065),1.3537603606417317,0.6318805307651367,0.09513742071881606,PIK3CD;ZFP36L1;STAT3;PIK3CG;ERBB2;PIK3CA;PTEN;PIK3R2,wald_stat,GO_Biological_Process_2023
Chordate Embryonic Development (GO:0043009),-1.353726090585043,0.5935295155251732,0.10611510791366907,TGFB1;GATA3;POLR2D;DEAF1;ZNF358;PKD2;XYLT1,wald_stat,GO_Biological_Process_2023
Regulation Of Cardiac Muscle Hypertrophy (GO:0010611),-1.3535214503212192,0.5900374453907641,0.11070110701107011,RGS2;P2RX4;NOTCH1;PRKCA;SLC9A1,wald_stat,GO_Biological_Process_2023
Organonitrogen Compound Biosynthetic Process (GO:1901566),1.3535111832930944,0.6254872801960552,0.04914004914004914,GOLPH3;TNIP1;ELOVL6;ABHD3;GPAT4;TYW1;HACD2;KDSR;GPHN;LPCAT3;PCSK5;SLC44A2;TYW5;PRKD3;AKR1A1;ALAS1;TYW3;PPM1L;PRKD2,wald_stat,GO_Biological_Process_2023
Positive Regulation Of Tumor Necrosis Factor Production (GO:0032760),1.3534048240601428,0.6186407638377895,0.07263922518159806,PTPRC;RASGRP1;STAT3;ARHGEF2;HSPB1;IFNG;PSEN1;RIPK1;HAVCR2;DDT;CD2;RIGI,wald_stat,GO_Biological_Process_2023
Establishment Of Vesicle Localization (GO:0051650),1.3513705669626848,0.61889070021375,0.1101511879049676,COPS5;RAB11A;SPG11,wald_stat,GO_Biological_Process_2023
Protein Polymerization (GO:0051258),-1.3512340393312097,0.5938051151968148,0.10956521739130434,PSTPIP1;CHMP4A;CORO7;TTC17;PREX1;RAC1;PIN1,wald_stat,GO_Biological_Process_2023
Regulation Of BMP Signaling Pathway (GO:0030510),-1.3493795566201119,0.59601099536974,0.08703071672354949,CRIM1;RNF165;TRIM33;NOTCH1;SMURF1;ENG;SKIL;HIPK2;SORL1;RBPJ;UBE2O;SMURF2;UBE2D1,wald_stat,GO_Biological_Process_2023
Ubiquitin-Dependent Protein Catabolic Process Via The Multivesicular Body Sorting Pathway (GO:0043162),-1.3458779072594722,0.6044723245064737,0.109375,CHMP4A;VPS37B;PLAA;STAM;CHMP2B;RNF115;UBAP1;CHMP2A;VPS4A;SNF8,wald_stat,GO_Biological_Process_2023
Positive Regulation Of Amyloid Precursor Protein Catabolic Process (GO:1902993),-1.3455118511675124,0.6015763519836321,0.11131725417439703,IFNGR1;GSK3A;CASP3;EPHA4;LYN,wald_stat,GO_Biological_Process_2023
Positive Regulation Of Transcription By RNA Polymerase I (GO:0045943),1.3431876010412893,0.6410542710603268,0.07092198581560284,UBTF;WDR75;SMARCA5;BAZ1B;PIH1D1;ERBB2;DEK,wald_stat,GO_Biological_Process_2023
Regulation Of Stress-Activated MAPK Cascade (GO:0032872),1.3429916275186315,0.6347292609273909,0.1,ARL6IP5;RASGRP1;PDCD10;COPS5;MAP2K1;NBR1;QARS1;TAOK1;FAS;TAOK3;TIRAP;KLHDC10,wald_stat,GO_Biological_Process_2023
mRNA Destabilization (GO:0061157),-1.3398635270560835,0.6174779906156634,0.0975609756097561,YTHDF2;YTHDF3;ZC3H12A;YTHDF1;CNOT1;AGO4;AGO2,wald_stat,GO_Biological_Process_2023
Regulation Of Heart Contraction (GO:0008016),-1.339189342321097,0.6156755714586883,0.10420475319926874,PDE4D;CALM3;P2RX4;PRKACA;GSK3A;CALM1,wald_stat,GO_Biological_Process_2023
Regulation Of Cell Differentiation (GO:0045595),-1.337490639381962,0.6173153255597165,0.05331179321486268,ATF4;GATAD2A;BRD7;ARID1B;RUNX3;TGFB1;ZNF268;PPP2CA;PTBP1;GATA3;MBD3;ID2;BIRC2;PRKACA;BCL7B;TENT5C;BCL7C;MCRIP1;CDK5RAP1;FADS1;TRPS1;MOSMO;NR1D2;BRD9,wald_stat,GO_Biological_Process_2023
Generation Of Neurons (GO:0048699),-1.3374084126716752,0.6134169024036275,0.08045977011494253,RUNX3;RYK;LDB1;MDGA1;DDIT4;RAC1;PIN1;MYEF2;CASP3;AUTS2;IER2,wald_stat,GO_Biological_Process_2023
Regulation Of Cell Development (GO:0060284),-1.3357275282550398,0.6152793792363951,0.0962566844919786,YTHDF2;AKT1;BMAL1;HDAC9;HES6;BRD1;S100A10,wald_stat,GO_Biological_Process_2023
Positive Regulation Of Tumor Necrosis Factor Superfamily Cytokine Production (GO:1903557),1.3338819934273967,0.6596952830782573,0.07598039215686274,PTPRC;RASGRP1;STAT3;ARHGEF2;HSPB1;IFNG;PSEN1;RIPK1;HAVCR2;DDT;CD2;RIGI,wald_stat,GO_Biological_Process_2023
Regulation Of Plasma Membrane Bounded Cell Projection Assembly (GO:0120032),-1.3307487240406168,0.6291446788669514,0.09747899159663866,CDC42;TWF1;RAC1;P2RX4;TBC1D2B;TBC1D20;DMTN;TWF2;ARF6;TBC1D10A,wald_stat,GO_Biological_Process_2023
Mitotic Nuclear Division (GO:0140014),1.329575499920084,0.6683064199099337,0.09216589861751152,NSL1;NUP62;KIF3B;KLHL22;NDEL1;RAN;SMC1A;ZW10,wald_stat,GO_Biological_Process_2023
Protein Deacylation (GO:0035601),1.3276677427528922,0.6681191765523034,0.1286031042128603,HDAC1;HDAC6;ABHD17C;ABHD17B;LYPLAL1;LYPLA1;SIRT5,wald_stat,GO_Biological_Process_2023
Protein Stabilization (GO:0050821),-1.3263524485107292,0.641435516224093,0.04510108864696734,NAPG;PPIB;PDCL3;CALR;FLOT1;FBXW7;TNIP2;PIN1;PFDN1;COG3;HYPK;HCFC1;PFDN2;EPHA4;USP7;GNAQ;PIK3R1;PFDN4;GAPDH;SUMO1;PYURF;H1-5;USP33;URI1;MDM4;SEL1L;POLR2E;TYROBP;BAG3;CDK7;CDC37;RABL3;PINK1;ZNF207;LAMP1;BAG1;TBL1X;USP36;GTPBP4;P3H1;BAG6;BAG5;PFN1;TESC;RAB21;SOX4;CAMLG;LAMP2;PHB1;GLMP;PARK7;ATP1B3;TSC1,wald_stat,GO_Biological_Process_2023
Positive Regulation Of Protein Targeting To Mitochondrion (GO:1903955),-1.3257163679107076,0.6394113814463407,0.11829944547134935,FBXW7;PIN1;GSK3A;ARIH2;CSNK2A2;PINK1;USP36;HTRA2;PDCD5;VPS11;SAE1,wald_stat,GO_Biological_Process_2023
Negative Regulation Of Protein Phosphorylation (GO:0001933),-1.3249304233434986,0.6383076089660991,0.0755336617405583,NCK2;INPP5K;AKT1;PDE4D;DGKQ;CALM3;ZC3H12A;TGFB1;SPRY2;LDLRAD4;TRIB2;MVP;GNAQ;PMEPA1;CALM1;DMTN;PRKAG2;LYN;DNAJC3;GSTP1;TESK1;ATG14,wald_stat,GO_Biological_Process_2023
"Positive Regulation Of mRNA Splicing, Via Spliceosome (GO:0048026)",-1.3246408172852078,0.635205372900666,0.14684014869888476,RBM3;SNW1;TRA2B;CIRBP;DAZAP1;NCBP1,wald_stat,GO_Biological_Process_2023
Positive Regulation Of Proteasomal Protein Catabolic Process (GO:1901800),-1.3230331225083594,0.6370117226167424,0.08557046979865772,RAD23A;FBXW7;CSNK1D;ELOB;DDA1;GSK3A;OSBPL7;TRIB2;AXIN1;RNF19B;ARIH2;SUMO1;TMEM259;HECTD1;CSNK1E;PIAS1;BAG6;PSMC2;PSMC3;RNF19A,wald_stat,GO_Biological_Process_2023
protein-DNA Complex Assembly (GO:0065004),1.3227570587275594,0.6800188808122637,0.09027777777777778,H2BC15;NAP1L4;RBBP4;SMARCA5;CHAF1B;DAXX;ASF1A;HAT1;ATRX;NAP1L1;GTF2H5;NPM1;SUPT16H;BAZ1A;SSRP1;H2BC9;SART3;NASP,wald_stat,GO_Biological_Process_2023
Protein Palmitoylation (GO:0018345),-1.3222519679635536,0.6357181333319692,0.1282051282051282,ZDHHC18;SELENOK;ZDHHC14;ZDHHC24;ZDHHC3;GOLGA7B,wald_stat,GO_Biological_Process_2023
Endoplasmic Reticulum To Golgi Vesicle-Mediated Transport (GO:0006888),-1.3218719136864825,0.6330407359483176,0.0633116883116883,RAB1A;MPPE1;TFG;TRAPPC10;STX5;SEC24C;TMED10;TRAPPC2L;TRAPPC6A;SEC24B;COG3;CUL3;TBC1D20;TMED2;RAB2A;VTI1A;TMED4;SEC24A;SEC13;TRAPPC5;TMED1;STEEP1;YIF1B,wald_stat,GO_Biological_Process_2023
Regulation Of Glucose Metabolic Process (GO:0010906),-1.3216942634156466,0.6297798959308006,0.1234991423670669,AKT1;DGKQ;IRS2;FBP1;FOXK1;FOXK2;OGT,wald_stat,GO_Biological_Process_2023
DNA Metabolic Process (GO:0006259),1.321384716790337,0.6782202725065799,0.012944983818770227,UCHL5;RECQL;XRCC5;NSMCE3;SMARCA5;PRKDC;HPF1;RPA3;XRCC6;RBMS1;PTGES3;DUT;MCM3;ISG20;INO80D;RFC5;PARP4;GTF2H1;DDB2;RFC4;ASF1A;RAN;RPA2;GTF2H3;TDP1;UBE2B;CNBP;INO80B;PARP1;TRRAP;RAD52;RUVBL1;RRM1;ATRX;VCP;LIG1;PARG;EP400;NAP1L1;REV1;MSH3;SMC1A;NPM1;RAD17,wald_stat,GO_Biological_Process_2023
Regulation Of Ubiquitin-Protein Transferase Activity (GO:0051438),-1.318238864728537,0.6381363088968288,0.11970534069981584,LIMK1;FBXW7;PIN1;FBXO5;AXIN1;TOPORS;PINK1;DTX3L;BAG5,wald_stat,GO_Biological_Process_2023
Actin Polymerization Or Depolymerization (GO:0008154),-1.3172729938262706,0.6377622135373496,0.11187607573149742,PSTPIP1;TWF1;CORO7;TTC17;PREX1;RAC1;MICAL3;CFL1;TWF2,wald_stat,GO_Biological_Process_2023
Protein Insertion Into ER Membrane (GO:0045048),-1.316232904419381,0.637721254606082,0.12050359712230216,RAB5IF;WDR83OS;EMC6;EMC7;EMC10;GET4;NOMO1;NOMO2;TRAM2;CAMLG;TRAM1,wald_stat,GO_Biological_Process_2023
Regulation Of Actin Cytoskeleton Organization (GO:0032956),-1.316093798760718,0.6343129206206745,0.08585858585858586,ARHGDIA;CDC42;TWF1;CARMIL2;RAC1;DAPK3;RHOQ;DMTN;TWF2;TAOK2;TESK1;MLST8;BST2,wald_stat,GO_Biological_Process_2023
Histone H2A Acetylation (GO:0043968),1.3155479378850579,0.6928363624036956,0.13425925925925927,MSL3;MORF4L2;BRD8;TRRAP;RUVBL1;EP400;MORF4L1;MRGBP;ACTL6A;NAA40;VPS72;EPC2;DMAP1,wald_stat,GO_Biological_Process_2023
Transcription By RNA Polymerase III (GO:0006383),1.3142281677710277,0.6905869996877801,0.10022271714922049,IVNS1ABP;ZFP36L1;ZC3H8;TBP;GTF3C2;ICE2;SNAPC3;GTF3C6;POLR3K;ICE1;GTF3C3;ZNF345;RO60;GTF3C1;GTF3A;SNAPC1,wald_stat,GO_Biological_Process_2023
Protein Import Into Mitochondrial Matrix (GO:0030150),-1.3142236191663919,0.6373735382237162,0.13562386980108498,GRPEL2;TIMM17A;TIMM23;GRPEL1;TIMM23B;TOMM40;ROMO1;TIMM21,wald_stat,GO_Biological_Process_2023
tRNA Aminoacylation For Protein Translation (GO:0006418),1.3136630219592937,0.6857477710016333,0.09976798143851508,DARS1;SARS1;QARS1;RARS2;EPRS1;CARS1;FARSA;IARS2;WARS2;TARS3;MARS2,wald_stat,GO_Biological_Process_2023
Positive Regulation Of Notch Signaling Pathway (GO:0045747),1.3123881088657818,0.6832857762285024,0.14883720930232558,STAT3;PDCD10;TSPAN5;TSPAN14;EPN2,wald_stat,GO_Biological_Process_2023
Regulation Of Protein-Containing Complex Disassembly (GO:0043244),1.3115757977177411,0.6793903286110577,0.13303769401330376,TECPR1;ATG5;BNIP3;TBC1D25;CLEC16A;HDAC6,wald_stat,GO_Biological_Process_2023
Positive Regulation Of DNA Recombination (GO:0045911),1.3114246338204891,0.6731437964482628,0.07311320754716981,HDGFL2;HMCES;MORF4L2;BRD8;PARP1;TRRAP;RUVBL1;EP400;WRAP53;HELQ;ACTR2;TIMELESS;MORF4L1;MRGBP;ARID2;ACTL6A;KMT5C;VPS72;ERCC6;EPC2;DMAP1;MRNIP,wald_stat,GO_Biological_Process_2023
Positive Regulation Of Epithelial Cell Proliferation (GO:0050679),-1.3109853535349405,0.6452111090315755,0.11518324607329843,NME1;NRAS;AKT1;MYDGF;VEGFB;PDCL3;BAD;PRKCA;EMC10,wald_stat,GO_Biological_Process_2023
Nuclear Export (GO:0051168),1.310788127993458,0.6690858974798645,0.08816705336426914,STRADA;XPO1;NUP62;CDKN1B;DESI1;RAN;RANBP3;CSE1L,wald_stat,GO_Biological_Process_2023
Regulation Of Focal Adhesion Assembly (GO:0051893),-1.3101324422663976,0.6444348708673653,0.11149228130360206,LDB1;RAC1;DAPK3;DUSP22;PTPRJ;SLC9A1;DMTN;S100A10,wald_stat,GO_Biological_Process_2023
Organic Substance Transport (GO:0071702),1.3101205254617336,0.6649438295513604,0.07989690721649484,MIA3;ARL6IP5;HIKESHI;SCAMP1;TAP1;SNX18;SCAMP2;PSEN1;ATP2A3;CHMP1A;CEP290;PICK1;MFSD12;TPT1;VAMP2;NMUR1;ABCA2;SLC50A1;ARRDC3;SNX4;CD320;SLC29A3;SCAMP4;DENND10;NME4,wald_stat,GO_Biological_Process_2023
Protein K63-linked Deubiquitination (GO:0070536),-1.3090043190940992,0.6446866816021638,0.11891891891891893,USP33;OTUD4;USP25;YOD1;UIMC1;MPND;ZRANB1;BABAM2;CYLD;SPATA2;PSMD14;STAMBPL1;OTUD5;TNFAIP3,wald_stat,GO_Biological_Process_2023
miRNA Processing (GO:0035196),1.3074259009693248,0.6680097472550226,0.1261904761904762,DDX5;HNRNPA2B1;DGCR8;TARBP2;BCDIN3D;TUT7;SPOUT1;SMAD3;DROSHA;ZC3H7A;PUM1,wald_stat,GO_Biological_Process_2023
Regulation Of Transcription By RNA Polymerase III (GO:0006359),1.306026220357279,0.6665234508549137,0.13793103448275862,ZNF143;SMARCA5;ZC3H8;BAZ1B;DEK;DHX36;ICE2;MTOR;DDX21;ZNF76;TENM1;ICE1;ERCC6;ZNF345,wald_stat,GO_Biological_Process_2023
Maturation Of SSU-rRNA (GO:0030490),-1.303998004358242,0.6592014127917215,0.1168141592920354,DDX52;UTP3;NGDN;MRPS11;RIOK3;SNU13;TSR2,wald_stat,GO_Biological_Process_2023
Regulation Of Cytokine-Mediated Signaling Pathway (GO:0001959),-1.3009609181959896,0.6664729212030372,0.13580246913580246,MAPKAPK2;ULK1;MIB2;OTULIN;HIPK1;IKBKB;IRAK1;CDC37;VRK2;AGPAT2;PTPN2;TRIM44;IKBKE,wald_stat,GO_Biological_Process_2023
Intracellular Protein Transmembrane Transport (GO:0065002),-1.3002546720804335,0.6651913570560942,0.10189982728842832,GRPEL2;TIMM17A;ZFAND2B;TIMM23;SEC61G;SEC61B;SRP54;GRPEL1;TIMM23B;TOMM40;ROMO1;TIMM21;HSPA5;HYOU1,wald_stat,GO_Biological_Process_2023
Proteolysis (GO:0006508),-1.2996266701966923,0.6637415448620243,0.065625,CAPN15;SDE2;RNPEPL1;MMP23B;CPD;FURIN;CTSD;CAPN12;METAP2;ATG4D;CASP3;LRP8;PEPD;APH1A;LACTB;TPP1;CTSS;ADAMTS10;FBXL6;CTSW;ATG4B;CASP4;USP25;DPP3;SRGN;TBL1X;PCSK7;CAPN2;ADAM28;DPP9;PCOLCE;HTRA2;CLN3;NPEPL1;XPNPEP3;HM13;OGT,wald_stat,GO_Biological_Process_2023
Cellular Response To Ketone (GO:1901655),1.2995434302961744,0.6841376901281634,0.15299334811529933,GOLPH3;PTGER2;CREB1;AKR1C3;ROCK2;SPHK2;PCK2;TRERF1;KLF9;MAP4K1;MSN;LARP1,wald_stat,GO_Biological_Process_2023
tRNA Aminoacylation (GO:0043039),1.2994323822581464,0.6782580683350817,0.12612612612612611,QARS1;RARS2;EPRS1;IARS2;WARS2;MARS2;IARS1;VARS1;GATC;HARS2,wald_stat,GO_Biological_Process_2023
Positive Regulation Of Phosphatidylinositol 3-Kinase Signaling (GO:0014068),-1.2993120941137053,0.661179527532174,0.1400709219858156,MAZ;MYDGF;BECN1;HCST;CCL5;IL18;IGF1R;PDGFD;FGFR1;SEMA4D;HCLS1,wald_stat,GO_Biological_Process_2023
Nervous System Development (GO:0007399),-1.2969583122950485,0.6659008196858933,0.05076923076923077,LIMK1;ATN1;CRIM1;RYK;PTS;LDB1;MDGA1;TGFB1;SLC2A1;COX7B;ENC1;MYLIP;NINJ2;ATXN10;SEMA4F;BTBD6;ARHGAP26;GMFB;ADNP2;TPP1;STMN3;TIMM8A;ZNF358;PKD2;GDF11;GSTP1;SDHA;MARCKSL1;BTBD2;EVL;OPHN1;RNF103;AHI1;TRAK1;UNC119;UTP11;JARID2;SOX4,wald_stat,GO_Biological_Process_2023
Endosomal Transport (GO:0016197),1.2961516718475412,0.6841437178907093,0.05420054200542006,TRIM27;AP5S1;SNX6;VPS51;WASHC5;RAB10;EHD1;GCC2;SNX18;WASHC3;SNX27;PIKFYVE;SNX5;ARHGAP1;EPS15;SNX3;CLEC16A;SNX17;VPS35;BLOC1S1;RGP1;CHMP1A;BET1L;CLTC;SNX1;NSG1;DPY30;TMEM87B;ERC1;RCSD1;VPS16;BLTP1;PTPN23;SNX4;RAB29;ITSN2;EIPR1;PREPL;VTI1B;DENND10;AP5B1;TBC1D10C;EPS15L1;TBC1D10B;STX6;RAB6A;VPS4B;GOSR1;HGS;SQSTM1;BLOC1S2,wald_stat,GO_Biological_Process_2023
Protein Dephosphorylation (GO:0006470),1.2959879209173313,0.6785173612856477,0.07792207792207792,PPP3CB;PPP2R5A;PPP3CC;PTPRC;PPP2R5D;DUSP16;PPP1CB;MTMR4;CTDSP2;DUSP18;UBLCP1;PPM1K;PPP2R5C;CTDSP1;NCK1;PTPRM;PPP3R1;MTMR6;PTPN1;DUSP1;PPM1B;PTEN;PPM1L;PPP1R15A;PPP1CC,wald_stat,GO_Biological_Process_2023
mRNA Transcription By RNA Polymerase II (GO:0042789),-1.2954414678065853,0.6677839958010059,0.12252252252252252,ATF4;TAF11;TAF10;ZBTB1;NCOA1;NCBP1;NCBP3;TAF4;S100A10,wald_stat,GO_Biological_Process_2023
Positive Regulation Of Cell Cycle (GO:0045787),-1.2934176353477247,0.671417748010021,0.12345679012345678,ZPR1;AKT1;RAD23A;CALR;HCFC1;PKN2;PRKCA;PKD2;CCDC57,wald_stat,GO_Biological_Process_2023
Maturation Of LSU-rRNA (GO:0000470),1.2916798726350238,0.6880830280699876,0.1348314606741573,DDX18;NSA2;PES1;RBM34,wald_stat,GO_Biological_Process_2023
Negative Regulation Of Cell Cycle (GO:0045786),-1.2907893892989624,0.6771936159385368,0.12072072072072072,RUNX3;HECA;TGFB1;GATA3;HEXIM1;HHEX;LATS1;CDK5RAP1;TSPYL2;GMNN;SUV39H1;SIPA1;LATS2;HTRA2,wald_stat,GO_Biological_Process_2023
Positive Regulation Of Proteolysis (GO:0045862),-1.2904647476095767,0.6744746124410441,0.13392857142857142,ZC3H12A;AURKAIP1;FURIN;NDUFA13;BAD;ASPH;CTSS;PINK1;TBC1D10A;OGT;BAK1;SNX9;SH3D19,wald_stat,GO_Biological_Process_2023
RNA Export From Nucleus (GO:0006405),-1.2896771235405349,0.6736338593747909,0.1045045045045045,RBM8A;ALYREF;DDX19B;MAGOH;SARNP;THOC7;DDX39A;NUP133;NCBP1;HHEX;NCBP3;ALKBH5,wald_stat,GO_Biological_Process_2023
Cellular Response To Glucose Stimulus (GO:0071333),-1.2889889109260344,0.6724990974157952,0.16134751773049646,ERN1;TRA2B;PRKACA;SELENOT;RAB11B;IGF1R;SOX4;ZNF236;PRKAA1;RAB11FIP2,wald_stat,GO_Biological_Process_2023
Regulation Of Peptidyl-Tyrosine Phosphorylation (GO:0050730),-1.2889125129556285,0.6690446973670867,0.13333333333333333,RAP2C;DGKQ;CD81;TGFB1;PDCL3;PTPRJ;LRP8;DMTN;TNK2,wald_stat,GO_Biological_Process_2023
Protein Autoubiquitination (GO:0051865),1.288711940983923,0.6924189376458756,0.11538461538461539,UBE2D2;RNF146;NFX1;DDB2;UBE2B;MARCHF7;ERCC8;KLHL24;UBE3A;OBI1;ITCH;RNF10;RNFT1;RNF185;LRSAM1;RNF8;RAD18,wald_stat,GO_Biological_Process_2023
Nucleosome Assembly (GO:0006334),1.2876865404102713,0.6901165381955101,0.11136363636363636,H2BC15;NAP1L4;RBBP4;SMARCA5;CHAF1B;DAXX;ASF1A;HAT1;ATRX;NAP1L1;NPM1;SUPT16H;BAZ1A;SSRP1;H2BC9;SART3;NASP,wald_stat,GO_Biological_Process_2023
Negative Regulation Of Neuron Apoptotic Process (GO:0043524),1.286767405549582,0.6872772273991647,0.10810810810810811,SNX6;SOD1;IL27RA;HIF1A;CX3CR1;NTRK1;RASA1;F2R,wald_stat,GO_Biological_Process_2023
Nucleosome Organization (GO:0034728),1.285958337938972,0.6843323105467489,0.09839816933638444,H2BC15;NAP1L4;RBBP4;SMARCA5;SMARCC2;CHAF1B;DAXX;ASF1A;HAT1;ATRX;SMARCC1;NAP1L1;NPM1;SUPT16H;BAZ1A;SSRP1;H2BC9;ARID2;SART3;NASP;HMGA1;SUPT6H,wald_stat,GO_Biological_Process_2023
Cholesterol Transport (GO:0030301),-1.2857573437387704,0.6764404114136099,0.16634799235181644,NPC2;STARD4;STARD3;ABCA5;VPS4A;ABCA7,wald_stat,GO_Biological_Process_2023
ERBB Signaling Pathway (GO:0038127),-1.2856335080352983,0.6732260103606348,0.17572463768115942,NCK2;AKT1;TGFB1;MVP;CUL5;BRAF;SHC1;AREG,wald_stat,GO_Biological_Process_2023
Response To Unfolded Protein (GO:0006986),1.2833252491509393,0.6880229492879298,0.13691931540342298,HSPA4;TM7SF3;HSPH1;TMBIM6;HSPB1;DAXX,wald_stat,GO_Biological_Process_2023
Regulation Of Response To External Stimulus (GO:0032101),-1.283197667843678,0.6781217361751882,0.0907563025210084,XCL1;BCL6;STK24;BIRC2;P2RX4;SHPK;SBNO2;LRP8;N4BP1;BRD4;USP18;CASP4;NR1D2;SETD6;NLRP2;NFE2L2;HERC5;IRF1;BIRC3,wald_stat,GO_Biological_Process_2023
Axon Guidance (GO:0007411),-1.2827237469372395,0.6759887329071996,0.12947189097103917,RYK;RNF165;RAC1;PLXNA4;NCAM1;NOTCH1;SEMA4F;EPHA4;PLXNA3;USP33;TRIO;OPHN1,wald_stat,GO_Biological_Process_2023
Microtubule Bundle Formation (GO:0001578),1.2773431835145777,0.70407004027243,0.15825688073394495,CCDC66;JHY;CDK5RAP2;MAP1S;SPAST;TOGARAM1;NUMA1;CLIP1;CCSER2;LRRC43;SPAG16,wald_stat,GO_Biological_Process_2023
mRNA Metabolic Process (GO:0016071),-1.2758252737823912,0.6973187085352047,0.10416666666666667,U2AF2;YTHDF2;PRPF18;AKAP8L;ERN1;SRSF9;PRKACA;NCBP1;AGO4;NUDT21;SRSF5;HNRNPAB;ALKBH5;CPSF6;SRSF2;FBXO11;ATXN2L;SF3A2;KIN,wald_stat,GO_Biological_Process_2023
Proteoglycan Biosynthetic Process (GO:0030166),-1.274282009948173,0.6993117148095791,0.15579710144927536,FAM20B;SLC35D2;EXT1;XYLT1;B3GAT3;CHST10;CHST11;CANT1;B4GALT7,wald_stat,GO_Biological_Process_2023
protein-DNA Complex Disassembly (GO:0032986),1.274241751641282,0.7096728712704464,0.1655773420479303,SMARCC2;SMARCC1;SUPT16H;SSRP1;ARID2;HMGA1,wald_stat,GO_Biological_Process_2023
Regulation Of Peptidyl-Serine Phosphorylation (GO:0033135),-1.2724387491448006,0.7024732142408108,0.11714770797962648,NCK2;INPP5K;MAD2L2;AKT1;PDE4D;TGFB1;SPRY2;FNIP1;AXIN1;LATS1;DMTN;PINK1;BRAF;RIPK2,wald_stat,GO_Biological_Process_2023
Regulation Of Protein Localization To Nucleus (GO:1900180),-1.271218782259211,0.7035066950299679,0.13851351351351351,TGFB1;BYSL;CREBBP;PIN1;SUMO3;LATS1;ILRUN;LAMTOR5;KAT7;TESK1;DTX3L;TYK2;LATS2,wald_stat,GO_Biological_Process_2023
Positive Regulation Of Protein Dephosphorylation (GO:0035307),-1.2677821556383555,0.7123605321319372,0.17222222222222222,NSMF;CALM3;TGFB1;PTBP1;PIN1;PTPA;CALM1;GNA12;PPP1R16B;CNEP1R1;CAMTA1,wald_stat,GO_Biological_Process_2023
Protein Modification Process (GO:0036211),-1.2676384041731967,0.7091476791688681,0.018741633199464525,LIMK1;CSNK1G2;PKN1;PTPN7;CTBP1;SIK3;MAPKAPK2;PIGT;DUSP12;CLK3;UBE2M;RUNX3;RNF7;RPN2;GRK2;AKT1;TAF11;WDR45B;RABGGTA;RYK;TAF10;GMFG;CSNK2B;ULK1;TGFB1;STK24;GRK6;RCE1;ILKAP;PPP2CA;PIGH;ERN1;MAPK9;BRD2;PFDN1;PRKAG1;FAM20B;CSNK1D;ATG7;SSH1;YES1;COG3;UCHL3;PRKACA;METAP2;DAPK3;DDOST;MGAT4B;HIPK1;PTAR1;PTPRJ;GSK3A;COPS8;ATG4D;MKNK2;PPP2CB;PKN2;DUSP11;PRKCA;TRIB2;PIGS;EPHA4;BECN1;LATS1;GPAA1;MKNK1;UST;GMFB;SDHAF2;HCST;PRKCB;CSNK2A2;TAF4;IKBKB;WIPI1;PIM3;CCNT1;MAN2A2;ATG4B;UBE2S;CDK16;FBXO11;IRAK1;PRKAG2;LYN;KAT7;USP25;MGAT4A;TAOK2;MSRA;PINK1;DCAF1;ATG14;RIPK3;BRAF;ABCA7;PRPF4B;PDXP;RABGGTB;ATR;CSNK1E;PPM1D;P3H1;STK39;LATS2;TRIOBP;VRK2;ALG5,wald_stat,GO_Biological_Process_2023
Anaphase-Promoting Complex-Dependent Catabolic Process (GO:0031145),-1.2675402949099372,0.7058589122005542,0.17006802721088435,ANAPC15;ANAPC11;CUL3;FBXO31;UBE2S,wald_stat,GO_Biological_Process_2023
Protein Modification By Small Protein Conjugation (GO:0032446),-1.267370263912221,0.7028436175782999,0.04335260115606936,ZNF598;SDE2;CBX4;UBE2M;RNF7;BRAP;MARCHF6;RNF181;FBXW7;ANAPC11;ENC1;CRBN;TRIM33;UBR1;URM1;ATG7;MIB2;OTULIN;CUL3;UCHL3;CAND1;MYLIP;COPS8;SUMO3;BSPRY;COPS3;MSL2;FBXO9;ZMIZ1;ZSWIM8;MARCHF3;RNF115;USP7;NSMCE4A;UBB;ARIH2;ZNF451;VCPIP1;SUMO1;ISG15;CUL5;TOPORS;HDAC9;FBXL5;MDM4;UBA1;UBA6;FBXO11;UFC1;RBBP6;PINK1;KLHL2;COPS7B;CHFR;NFE2L2;UFM1;RNF103;HERC5;SMURF1;ARRB1;PIAS1;UBE2I;DDB1;ARRDC1;RNF138;ANKRD9;PCNP;COPS4;SKP1;AREL1;TRIM28;RNF6;ARRB2;FBXW8;UBE2L6;HERC4;TRIM44;STX1A;SMC5;TRPC4AP;SLF2;MARCHF2;MUL1;SMURF2;VPS11;WWP2;TRIM21;FBXO45;DCUN1D2;SAE1;RNF126;MKRN1;FBXO32;CUL1;CDC34,wald_stat,GO_Biological_Process_2023
Regulation Of Protein Dephosphorylation (GO:0035304),-1.2638200523386232,0.7122815070169825,0.1520572450805009,NSMF;PPP6R1;CALM3;TGFB1;PTBP1;PIN1;PPP6R2;PTPA;CALM1;TIPRL;PPP1R16B;CNEP1R1;CAMTA1;TSC1;HTT,wald_stat,GO_Biological_Process_2023
Negative Regulation Of Autophagy (GO:0010507),1.2628389187698446,0.7469651447415867,0.12590799031476999,TRIM27;RRAGA;STAT3;IL10RA;KLHL22;MCL1;CTSA;RUBCN;PIK3CA;EIF4G1;RRAGB;EIF4G3;MTOR;CPTP;PTPN22;BCL2;EIF4G2;WDR6;TBC1D14;KDM4A;MTMR9,wald_stat,GO_Biological_Process_2023
Negative Regulation Of G1/S Transition Of Mitotic Cell Cycle (GO:2000134),1.2625433940643296,0.7416911639295378,0.17802197802197803,RBL2;CRLF3;PRMT2;CDK2AP2;JADE1;PTEN;CDC73;DLG1;RB1,wald_stat,GO_Biological_Process_2023
Sister Chromatid Segregation (GO:0000819),1.2616136391549972,0.7390928012586209,0.17972350230414746,NSL1;KLHL22;RAN;SMC1A;ZW10;RB1;NDC80;CENPK;NCAPG2,wald_stat,GO_Biological_Process_2023
Cellular Response To Type II Interferon (GO:0071346),-1.260916785131104,0.7196247916100907,0.13884007029876977,XCL1;IFNGR1;DAPK3;LGALS9;XCL2;GAPDH;CCL4;CALM1;CCL5;TYK2;IRF1,wald_stat,GO_Biological_Process_2023
Negative Regulation Of BMP Signaling Pathway (GO:0030514),-1.2605858756688293,0.7171318750420009,0.17953321364452424,CRIM1;TRIM33;NOTCH1;SMURF1;SKIL;HIPK2;SORL1;SMURF2;UBE2D1,wald_stat,GO_Biological_Process_2023
tRNA Processing (GO:0008033),1.2586316330912015,0.7449299871448539,0.13012048192771083,TRNT1;RTCB;SARS1;SSB;METTL2B;DTWD1;NSUN2;ZBTB8OS;FAM98A;METTL6;POP7;ELAC1;ELAC2;RPP21;ANKRD16,wald_stat,GO_Biological_Process_2023
Double-Strand Break Repair Via Homologous Recombination (GO:0000724),1.258465294071375,0.7395577829148212,0.08031088082901554,RECQL;AP5S1;NSMCE3;SMC6;RPA3;MCM3;PPP4C;RPA2;REV3L;RAD52;ATRX;GEN1;HELQ;MRE11;SLF1;MORF4L1;POLL;RAD51C;NIPBL;SFR1;NUCKS1;BLM;YY1;SFPQ;SAMHD1;NSMCE2;MCM6;RPA1;ERCC4;EID3;NSMCE1;ZMYND8,wald_stat,GO_Biological_Process_2023
Ras Protein Signal Transduction (GO:0007265),-1.2569184275011578,0.7277553674633789,0.10304054054054054,ARHGAP4;LIMK1;ARHGDIA;RAP2C;NRAS;FARP2;BRAP;GNB1;RAPGEF1;SOS2;RAC1;GNA13;MYO9B,wald_stat,GO_Biological_Process_2023
Inorganic Anion Transmembrane Transport (GO:0098661),1.256231535110648,0.7423698577436053,0.15570175438596492,SLC20A1;SLC26A2;SLC1A7;SLC12A6;CLCN3,wald_stat,GO_Biological_Process_2023
Protein Transport (GO:0015031),1.2558861033743873,0.7376238455111584,0.04276315789473684,GOLPH3;TLK1;MIA3;ARL6IP5;ARF4;PREB;SNX6;HIKESHI;IL10RA;ARHGEF2;SCAMP1;RAB10;STX2;EHD1;PRF1;GCC2;VPS33A;SNX18;DNAJC19;KIF3B;SNX27;GSDMD;USO1;ARCN1;TVP23B;SCAMP2;ARHGAP1;YWHAH;MYO6;SLC10A7;HERC2;CTSA;STXBP3;SNX17;VPS35;CHMP1A;COG7;CLTC;SNX1;CEP290;ARFIP1;TMEM167A;SNX8;BBS2;BLZF1;PICK1;NPM1;HDAC6;LAPTM5;RAB28;IFT27;COPB2;VAMP2,wald_stat,GO_Biological_Process_2023
Interstrand Cross-Link Repair (GO:0036297),1.2547062537150522,0.7364003307110434,0.17011494252873563,DCLRE1A;FAAP20;VCP;FANCF;ERCC6L2;RNF8;NUCKS1;FANCI;FANCG;FAAP100;ERCC4;FANCA;MCM8;CENPX;FANCC,wald_stat,GO_Biological_Process_2023
Regulation Of Phosphatase Activity (GO:0010921),-1.2541950124352474,0.7341031328861964,0.19285714285714287,PPP6R1;PPP6R2;PTPA;URI1;TIPRL;RIPK3;TSC1;HTT,wald_stat,GO_Biological_Process_2023
Regulation Of Reactive Oxygen Species Metabolic Process (GO:2000377),1.2530667059666902,0.7365505982232149,0.1480637813211845,TGFBR2;MAPK14;ARF4;COQ7;PIKFYVE;RIPK1;STK17A,wald_stat,GO_Biological_Process_2023
Double-Strand Break Repair (GO:0006302),1.2518683121348761,0.735185922165423,0.06233062330623306,RECQL;XRCC5;TDP2;AP5S1;NSMCE3;SMC6;PRKDC;HPF1;RPA3;XRCC6;SETX;PPP4C;CYREN;RPA2;TDP1;REV3L;DCLRE1A;PARP1;RAD52;VCP;GEN1;HELQ;MRE11;SLF1;POLM;MORF4L1;RNF8;MRPL36;POLL;RAD51C;ATM;SMARCAL1;SFR1;NSD2;SMARCAD1;NUCKS1,wald_stat,GO_Biological_Process_2023
Negative Regulation Of Macromolecule Metabolic Process (GO:0010605),1.2514802567776788,0.7309357570485361,0.078125,CNOT7;HDAC1;PRKAR1A;STAT3;PDCD10;RBL2;DIP2A;DAXX;IFNG;CITED2;AP1AR;ATP2B4;PSEN1;HIF1A;BMPR1A;SETDB2;PARP10;MECP2;CHMP1A;HAVCR2;NDFIP1,wald_stat,GO_Biological_Process_2023
Positive Regulation Of Transcription Elongation By RNA Polymerase II (GO:0032968),-1.2513076521127386,0.7416746121147356,0.14904679376083188,MED10;PWWP2B;MED30;NCBP1;ELL;EAPP;MED4;CCNT1;MED19;CDK9;MED17;CDK12;TCERG1;MED6,wald_stat,GO_Biological_Process_2023
Granulocyte Chemotaxis (GO:0071621),1.2497324701142227,0.7316381335783783,0.16515837104072398,S100A8;PIK3CD;S100A9;NCKAP1L;PIK3CG;CXCR2;PIKFYVE,wald_stat,GO_Biological_Process_2023
RNA Splicing (GO:0008380),-1.249429067665942,0.7449228848757629,0.10862619808306709,RBM8A;MAGOH;SRSF10;PRPF18;PPP1R9B;RNPS1;SLU7;PPP2CA;TRA2B;SMNDC1;RP9;NCBP1;SNRPD1;DHX8;ZCRB1;SRSF2;LSM1;SNRNP25;PRPF4B;SRRM1;SF3B2;NRDE2;ZRSR2;CDK12;TCERG1,wald_stat,GO_Biological_Process_2023
Cellular Component Assembly (GO:0022607),-1.2493314875824546,0.7416033900318665,0.10236220472440945,NAPG;CDC42;YTHDF2;YTHDF3;GORASP2;CSNK2B;TGFB1;CREBBP;BBLN;SLC2A1;YTHDF1;ELOB;AXIN1;QSOX1;BECN1;GPAA1;ZFYVE27;VCPIP1;MNAT1;CAPZA2;TAPBP;MDM4;DMTN,wald_stat,GO_Biological_Process_2023
Energy Derivation By Oxidation Of Organic Compounds (GO:0015980),-1.248823033538187,0.7398554628844959,0.16404886561954624,COX7B;UQCR11;COX5B;NDUFA4;COX6A1;UQCRQ;CHCHD5;COX8A;COX7A2;UQCRC1;COX5A,wald_stat,GO_Biological_Process_2023
Protein Homotetramerization (GO:0051289),1.248414583518214,0.7310744008347528,0.14903846153846154,ALDH9A1;GBP5;CRYZ;APIP,wald_stat,GO_Biological_Process_2023
Chromatin Organization (GO:0006325),1.2478091406857554,0.7275722547052577,0.05572755417956656,UCHL5;HDAC1;HDGFL2;HMG20A;H2BC15;NAP1L4;RBBP4;GATAD1;BMI1;SMARCA5;BAZ1B;PBRM1;EZH1;SMARCC2;CHAF1B;HCFC2;DAXX;INO80D;PIH1D1;HDAC8;ZNF274;NUDT5;ASF1A;ANP32B;SUPT4H1;PARP10;HDAC5;CBX3;HAT1;INO80B;DEK;EHMT1;PHF19;RUVBL1;ATRX;HMGN4;IWS1;GET1;PSIP1;KDM4B;SMARCC1;NAP1L1;NPM1;KAT2A;KDM5A;BCOR,wald_stat,GO_Biological_Process_2023
Response To Estrogen (GO:0043627),1.2473543783169705,0.7237204961235261,0.18018018018018017,SERPINB9;WBP2;CITED2;TRIM24;ASH2L;SFR1;RARA,wald_stat,GO_Biological_Process_2023
Regulation Of Cell Migration (GO:0030334),-1.247010329995597,0.7430853837732758,0.08108108108108109,ARHGAP4;MAZ;CDC42;RAP2C;ADARB1;AKT1;YTHDF3;LDB1;TGFB1;STK24;ZNF268;RHOC;CARMIL2;SPRY2;RAC1;PLXNA4;DUSP22;LDLRAD4;PTPRJ;ACTN4;NOTCH1;SEMA4F;PRKCA;EPHA4;ELP5;SPAG9;PLXNA3;SAP30L;CCL5;CD151;BST2;GNA12;GTPBP4;ELP6;UBE2I;PODN;CLN3;ENG;OGT;IGF1R;HSPA5;PRKX;MINK1;PAK1;SNAI1;TMSB10;BRMS1;FLCN;CIB1;SORL1;TCAF1;ULK4;IFITM1,wald_stat,GO_Biological_Process_2023
Golgi To Vacuole Transport (GO:0006896),-1.2452788500347982,0.746103481461514,0.19301470588235295,AP3D1;GAK;VTI1A;VPS54;LAMP1;EHD3;CLN3;AP1G1,wald_stat,GO_Biological_Process_2023
Regulation Of Cell Cycle (GO:0051726),-1.2443000256447538,0.7461878227022842,0.06787330316742081,CTBP1;GADD45B;ZPR1;YY1AP1;BRD7;ADARB1;RUNX3;PPP1R9B;INO80E;ANAPC15;CCNL2;MX2;TGFB1;ZNF268;RAD23A;CALR;GATA3;ANAPC11;JUND;HBP1;FBXO5;ING3;BIRC2;PRKACA;DAPK3;HCFC1;EPC1;MCM2;BMAL1;TSPYL2;YWHAE;GADD45G;PIM3;CKS1B;YEATS2;PKD2;KAT7;ZBTB49;CDK7;GMNN;SUV39H1;SIPA1;RNF40;IRF1;BIRC3;HTRA2;CDK9;FIGNL1;METTL3;HIPK2;NFRKB;CDK11B;MBIP;INO80C;PER2,wald_stat,GO_Biological_Process_2023
Regulation Of Epithelial Cell Migration (GO:0010632),1.2419044615305008,0.7390746885732387,0.168141592920354,RAB11A;IFNG;PLCG1;HIF1A;RTN4;HDAC6;PTPN23,wald_stat,GO_Biological_Process_2023
Positive Regulation Of MAPK Cascade (GO:0043410),-1.2418650664613096,0.7520925500993677,0.10158730158730159,XCL1;RYK;LAMTOR1;CD81;MYDGF;AVPI1;TGFB1;SPRY2;FBXW7;GPR183;GLIPR2;ZNF622;MAP2K7;ALKAL2;LGALS9;PTPRJ;XCL2;NOTCH1;PRKCA;CCL4;CCL5;PRXL2C;IRAK1;DENND2B;TAOK2;HLA-DRB1;BRAF,wald_stat,GO_Biological_Process_2023
DNA-templated Transcription Initiation (GO:0006352),-1.2415867229856112,0.7493824936925665,0.15630252100840336,MAZ;ELOA;TAF11;TAF10;ERCC3;CRCP;POLR2D;POLR2G;ELOB;RRN3,wald_stat,GO_Biological_Process_2023
Positive Regulation Of Protein Catabolic Process (GO:0045732),-1.2407693540285578,0.748859195383759,0.15136054421768708,STX5;CD81;FBXW7;FURIN;TIPARP;NDUFA13;ATG7;GSK3A;OSBPL7;AXIN1,wald_stat,GO_Biological_Process_2023
Negative Regulation Of Multicellular Organismal Process (GO:0051241),-1.240411514986474,0.7467331577337433,0.11145510835913312,RGS2;ATF4;CHSY1;MAD2L2;IFNGR1;SPRY2;CALR;PPP2CA;GATA3;PLCL2;TIMP1;LDLRAD4;GSK3A;NOTCH1;EPHA4;N4BP1;BMAL1;SDHAF2;SAP30L;HDAC9,wald_stat,GO_Biological_Process_2023
Positive Regulation Of T Cell Migration (GO:2000406),-1.2398203112314727,0.7452974061854037,0.18374558303886926,XCL1;XCL2;CCL5;STK39,wald_stat,GO_Biological_Process_2023
Second-Messenger-Mediated Signaling (GO:0019932),-1.239228505337027,0.7440444675966995,0.19107142857142856,INPP5A;PPP1R9B;PPP2CA;P2RX4;DHX8;LAT2;RCAN1;MCTP2,wald_stat,GO_Biological_Process_2023
Cellular Response To Virus (GO:0098586),-1.2392115713328111,0.7406041674497962,0.16636528028933092,ZC3H12A;IFNGR1;EIF5A;LGALS9;LGALS8;IFNLR1;IFI6;RIOK3;CCL5;OAS1;TYK2;DDX3X,wald_stat,GO_Biological_Process_2023
Negative Regulation Of Cell Cycle G1/S Phase Transition (GO:1902807),1.239132893748219,0.7440047225898214,0.1791044776119403,RBL2;CRLF3;PRMT2;CDK2AP2;JADE1;PTEN;CDC73;DLG1;RB1,wald_stat,GO_Biological_Process_2023
Cellular Response To Organic Cyclic Compound (GO:0071407),-1.2386009050388391,0.7393505185215915,0.1390728476821192,INPP5K;ZC3H12A;GNB1;EGR1;TGFB1;RAPGEF1;TIPARP;SSH1;P2RX4;CASP3;RIOK3;H2AZ1;DHX8;URI1;DMTN;CCL5;PKD2;INSIG1;PDXP;IL18,wald_stat,GO_Biological_Process_2023
Regulation Of Protein Modification Process (GO:0031399),-1.2379992258244121,0.738172374614709,0.18085106382978725,PPIB;ULK1;PPP2CA;PIN1;ATG7;FNIP1;SOCS1;LYN;RABL3;ATG14;PPP1R16B;RB1CC1,wald_stat,GO_Biological_Process_2023
Positive Regulation Of Interleukin-12 Production (GO:0032735),1.2379576047430425,0.7428798326799227,0.1897810218978102,MAPK14;IFNG;LAPTM5;LTB;IL16;TIRAP,wald_stat,GO_Biological_Process_2023
Cellular Response To Chemokine (GO:1990869),-1.2363880154625335,0.7407463332834209,0.18568665377176016,XCL1;ZC3H12A;XCL2;CCL4;CCL5;STK39,wald_stat,GO_Biological_Process_2023
COPII Vesicle Coating (GO:0048208),-1.235102707125199,0.7387726801006093,0.1954225352112676,TMED10;TRAPPC2L;TRAPPC6A;CUL3;TMED2;TRAPPC5,wald_stat,GO_Biological_Process_2023
"Vesicle Targeting, Rough ER To cis-Golgi (GO:0048207)",-1.235102707125199,0.7387726801006093,0.1954225352112676,TMED10;TRAPPC2L;TRAPPC6A;CUL3;TMED2;TRAPPC5,wald_stat,GO_Biological_Process_2023
Regulation Of Translational Initiation (GO:0006446),-1.2348156572481412,0.7364531414935321,0.151618398637138,NCK2;YTHDF2;YTHDF3;EIF4H;EIF3B;YTHDF1;POLR2G;NCBP1;EIF1;DDX1;EIF5;CCL5;DNAJC3;PAIP1,wald_stat,GO_Biological_Process_2023
Positive Regulation Of mRNA Processing (GO:0050685),-1.234673121210883,0.7335985898572404,0.20466786355475763,RBM3;SNW1;TRA2B;CIRBP;DAZAP1;NCBP1,wald_stat,GO_Biological_Process_2023
Positive Regulation Of Establishment Of Protein Localization To Mitochondrion (GO:1903749),-1.2341910218438847,0.7321159743656294,0.17279411764705882,FBXW7;PIN1;BBC3;GSK3A;ARIH2;CSNK2A2;PINK1;USP36;HTRA2,wald_stat,GO_Biological_Process_2023
Negative Regulation Of Cell-Cell Adhesion (GO:0022408),-1.2338831887340735,0.729953071579771,0.2,MAD2L2;AKT1;TGFB1;NOTCH1,wald_stat,GO_Biological_Process_2023
Cellular Response To Lipopolysaccharide (GO:0071222),-1.2336667531564556,0.7274265244970322,0.1444991789819376,VIM;GIT1;ZC3H12A;TGFB1;PLAA;TNIP3;TNIP2;NFKBIB;SHPK;PABPN1;SBNO2;NFKB1;CCL5;IRAK1;LYN;GSTP1,wald_stat,GO_Biological_Process_2023
Metal Ion Transport (GO:0030001),-1.232949004967184,0.726839113786736,0.16071428571428573,MAGT1;CNNM4;SLC9B2;SELENOK;TRPM7;SLC23A2;NDUFA9;CCL5;PKD2;SLC3A2,wald_stat,GO_Biological_Process_2023
Neutrophil Chemotaxis (GO:0030593),1.232925686338475,0.7561431278074136,0.17567567567567569,S100A8;PIK3CD;S100A9;NCKAP1L;PIK3CG;CXCR2;PIKFYVE,wald_stat,GO_Biological_Process_2023
Neutrophil Migration (GO:1990266),1.2317295254211365,0.7550345446102479,0.17381489841986456,S100A8;PIK3CD;S100A9;NCKAP1L;PIK3CG;CXCR2;PIKFYVE;IRAK4,wald_stat,GO_Biological_Process_2023
Sensory Perception Of Light Stimulus (GO:0050953),-1.231552631528418,0.7288024051472223,0.17422867513611615,RABGGTA;DHRS3;WHRN;RGS16;OPA3;RDH10;BEST1;RABGGTB;ARRB1;UNC119;ATXN7;COL18A1,wald_stat,GO_Biological_Process_2023
Maturation Of 5.8S rRNA (GO:0000460),1.2296105594593707,0.7574490806661631,0.20086393088552915,PRKDC;NSA2;PES1;NOL9;MPHOSPH6,wald_stat,GO_Biological_Process_2023
MAPK Cascade (GO:0000165),-1.2292382258379366,0.7338424210824306,0.1371900826446281,PTPN7;MAPKAPK2;NRAS;BRAP;MAP2K2;TGFB1;MAP2K3;RCE1;MAP2K7;LGALS9;KARS1;PABPN1;YWHAE;IKBKB;CCL5;TAOK2;BRAF;IL18;DUSP6,wald_stat,GO_Biological_Process_2023
Regulation Of Axon Extension (GO:0030516),-1.228857998948856,0.7319938616251794,0.17765567765567766,LIMK1;ZFYVE27;TWF2;RTN4R;RNF6;DNM2;GSK3B,wald_stat,GO_Biological_Process_2023
Fatty Acid Oxidation (GO:0019395),1.2287496115035308,0.7551797368373538,0.14457831325301204,ECHDC2;ECHDC1;HADHA;CROT;ACADM;MCAT;ACAT1;PHYH;BDH2;ADH5;ACAA2;ADIPOR2;ECI2;ABCD3;MTLN;SCP2;AUH;PEX2,wald_stat,GO_Biological_Process_2023
Negative Regulation Of Programmed Cell Death (GO:0043069),1.2278840450763777,0.753115992849559,0.04276315789473684,SERPINB9;GOLPH3;HDAC1;TM7SF3;NUP62;ARF4;ARAF;NCKAP1L;PDCD10;COPS5;PHB2;FCMR;PRKDC;TMBIM6;APIP;HSPB1;SETX;CITED2;ERBB2;PAK2;YWHAZ;PIM1;MCL1;ATG5;BCL2L1;BNIP3;PSEN1;HIGD2A;ZFAND6;YME1L1;ZNF830;GLO1;PRDX2;HNRNPK;HIPK3;RIPK1;PSMD10;NAA35;HTATIP2;CD27;NPM1;NTRK1;LAPTM5;RASA1;DNAJA3;TPT1;ITCH;PRDX3;TSC22D1,wald_stat,GO_Biological_Process_2023
Positive Regulation Of Apoptotic Process (GO:0043065),-1.2277164544692445,0.7330712259545433,0.10047095761381476,ATF4;GADD45B;RBM5;BCL6;ZC3H12A;ARHGEF7;RNPS1;ZNF268;ERCC3;LGALS1;SAP18;DIABLO;ATG7;CTSD;BAD;ZNF622;DAPK3;CTNNBL1;CASP3;CARM1;LATS1;PTPA;PIDD1;MAP3K10;CTSS;IFIT2;GADD45G;TLE5;MOAP1;PTRH2;BCLAF1;LATS2;DDX3X;DUSP6;HTRA2;JMY;UTP11;SOX4;SAV1;BAK1;KLF11;BRMS1;FLCN;ING5;HTT;BOK;UBE2Z;DNM2;SRPK2;GZMA;PDCD5;PRR7;SIK1,wald_stat,GO_Biological_Process_2023
Regulation Of Transcription By RNA Polymerase I (GO:0006356),1.2273318924438004,0.7497786516279232,0.17718446601941748,UBTF;WDR75;SMARCA5;BAZ1B;ERBB2;DEK,wald_stat,GO_Biological_Process_2023
Regulation Of Pathway-Restricted SMAD Protein Phosphorylation (GO:0060393),-1.2269491676297377,0.732821959511089,0.19771863117870722,CSNK2B;TGFB1;PIN1;LDLRAD4;PMEPA1;GDF11,wald_stat,GO_Biological_Process_2023
Regulation Of Phosphoprotein Phosphatase Activity (GO:0043666),-1.2266206143564446,0.7307911441219465,0.19600725952813067,PPP6R1;CALM3;CSNK2B;PPP6R2;PTPA;CALM1;TIPRL;GNA12;TSC1;HTT;STYXL1;PPP1R12A;GSK3B;BOD1;HSP90B1;CALM2,wald_stat,GO_Biological_Process_2023
Regulation Of Tumor Necrosis Factor Production (GO:0032680),1.2261932557491444,0.7487276553852432,0.13216957605985039,TRIM27;PTPRC;RASGRP1;STAT3;ARHGEF2;CD47;HSPB1;IFNG;PSEN1;CX3CR1;RIPK1;HAVCR2;DDT;MC1R;CD2;RIGI;SELENOS;TIRAP;FADD;FOXP1;RARA;PTPN6;ELF4;FCGR3A;PTPN11;PTPN22;SPN,wald_stat,GO_Biological_Process_2023
Positive Regulation Of Protein Metabolic Process (GO:0051247),-1.2245034431638568,0.735260965563373,0.11162079510703364,RAB1A;RBM3;STX5;VIM;AKT1;YTHDF3;LDB1;AURKAIP1;TGFB1;TIPARP;YTHDF1;NDUFA13;ATG7;CIRBP;BAD;LARP1B;GSK3A;BCL3;ASPH;AXIN1,wald_stat,GO_Biological_Process_2023
Regulation Of G0 To G1 Transition (GO:0070316),-1.2244506168022602,0.7323007576067617,0.22522522522522523,BRD7;ARID1B;RHNO1;BCL7B;BCL7C,wald_stat,GO_Biological_Process_2023
Protein Alkylation (GO:0008213),1.2241615276097932,0.7506519182880538,0.19282511210762332,PRMT2;VCPKMT;FAM98A;LCMT1;CAMKMT;GSPT1;METTL22;EEF1AKMT2;EEF2KMT;PCMT1,wald_stat,GO_Biological_Process_2023
Skeletal System Development (GO:0001501),-1.224099041259798,0.7305111769424668,0.17565217391304347,BPNT2;PPIB;GNAS;POLR2D;ANKRD11;TRPS1;DEAF1;GDF11;EXT1;XYLT1;RFLNB;P3H1,wald_stat,GO_Biological_Process_2023
Response To Glucose (GO:0009749),-1.222129515895245,0.7348976084455898,0.17470881863560733,IRS2;ERN1;TRA2B;EIF2B1;PRKACA;SELENOT,wald_stat,GO_Biological_Process_2023
"Alternative mRNA Splicing, Via Spliceosome (GO:0000380)",1.2219367000666461,0.7535467241935492,0.20043103448275862,RBM17;SRSF1;DDX17;DDX5,wald_stat,GO_Biological_Process_2023
Positive Regulation Of Interleukin-6 Production (GO:0032755),1.2207952936601634,0.7525815215533634,0.16666666666666666,STAT3;ARHGEF2;IFNG;RIGI;F2R;IL16;TIRAP;PTPN11;XBP1;SPHK2;MAPK13;CYBA;AKIRIN2;TNF;MAVS;HMGB1;HSPD1;PLCG2,wald_stat,GO_Biological_Process_2023
Negative Regulation Of Protein Kinase Activity (GO:0006469),1.220656084778899,0.7478420126743063,0.14705882352941177,TAF7;TRIM27;PTPRC;HSPB1;CDK5RAP3;IFNG;CDKN1B;PAK2;GSKIP;TARBP2;QARS1;PTPN1;NPM1,wald_stat,GO_Biological_Process_2023
Macroautophagy (GO:0016236),-1.219619294058264,0.740817151266335,0.138801261829653,MAP1LC3B;TCIRG1;CHMP4A;VPS37B;ULK1;TGFB1;CALR;PLAA;STAM;PIP4K2A;ATG7;CHMP2B;GABARAPL1;BECN1;VTI1A;ILRUN;VPS39;ATG4B;PGAM5;CHMP2A;VPS4A;ATG14;SNF8;YOD1,wald_stat,GO_Biological_Process_2023
Glycerophospholipid Metabolic Process (GO:0006650),1.2191210657824825,0.7482672520133454,0.18095238095238095,PLEK;ABHD3;PLCG1;PIP5K1A;FAR1;SMPD4;PAFAH1B1;GDPD1;HDHD5;PIGV;ABHD6;PRDX6,wald_stat,GO_Biological_Process_2023
Regulation Of Actin Nucleation (GO:0051125),1.2165772726422521,0.7525428045244275,0.25646551724137934,WASHC5;WASHC3;ARFIP1;PICK1;CORO1B,wald_stat,GO_Biological_Process_2023
Chaperone-Mediated Protein Complex Assembly (GO:0051131),1.2162132696075763,0.7488627853222714,0.2071269487750557,HSPA4;PTGES3;PFDN6;PSMG1;CCT2,wald_stat,GO_Biological_Process_2023
Negative Regulation Of DNA Biosynthetic Process (GO:2000279),-1.215842225096134,0.7513155145632289,0.18850987432675045,TENT4B;TERF1;EXOSC10,wald_stat,GO_Biological_Process_2023
Adenylate Cyclase-Activating G Protein-Coupled Receptor Signaling Pathway (GO:0007189),-1.2158065460120622,0.7482788046355866,0.2014260249554367,GNAS;GNB1;GNA13;ADCY7;GNAQ;ADGRL1,wald_stat,GO_Biological_Process_2023
Regulation Of Mitotic Cell Cycle (GO:0007346),-1.2147754424221604,0.7487723507394244,0.13833333333333334,BRD7;HECA;ANAPC15;ZNF268;ERCC3;ANAPC11;PIN1;FBXO5;MKI67;DAPK3;PKN2;PRKCA;YWHAE;PIM3;CKS1B;CCDC57;GMNN;PDXP;RNF40;DDB1;CDK9;CDK11B;BTG3;ASNS;ANAPC5;GBF1;THAP1;KIF20B,wald_stat,GO_Biological_Process_2023
Positive Regulation Of Cellular Metabolic Process (GO:0031325),1.2140984254219185,0.7514050569027609,0.18577981651376146,TGFBR2;MAPK14;GHITM;IFNG;IFNAR1;RIPK1,wald_stat,GO_Biological_Process_2023
Negative Regulation Of Response To Stimulus (GO:0048585),-1.2138068057607034,0.74906320868861,0.19686411149825783,RTEL1;BRAP;EPHA4;TLE5;PIM3;CASK;LYN,wald_stat,GO_Biological_Process_2023
Actomyosin Structure Organization (GO:0031032),1.2111520945193268,0.7570693725767146,0.1925925925925926,TMOD3;PDCD10;FLII;EPB41,wald_stat,GO_Biological_Process_2023
Regulation Of Type II Interferon Production (GO:0032649),-1.2108122220157882,0.7566009991318763,0.18288590604026847,XCL1;PDE4D;MYDGF;ZC3H12A;CEBPG;ZFPM1;LGALS9;SLC7A5;ISG15;CD244;HLA-DRB1;RIPK3;TYK2;IL18,wald_stat,GO_Biological_Process_2023
Vacuolar Transport (GO:0007034),-1.2106744254534592,0.7539516485974331,0.17452006980802792,AP3D1;VPS53;IGF2R;VPS37B;CHMP2B;BECN1;VTI1A;VPS54;CHMP2A,wald_stat,GO_Biological_Process_2023
Ribosomal Small Subunit Biogenesis (GO:0042274),-1.210354476083411,0.7521390610243747,0.16129032258064516,DNTTIP2;DDX52;KRR1;UTP3;EXOSC10;NGDN;MRPS11;RIOK3;LTV1;WDR36;METTL17;PNO1;SNU13;UTP11,wald_stat,GO_Biological_Process_2023
Nucleic Acid-Templated Transcription (GO:0097659),-1.2102785779341954,0.7493087501266955,0.18761061946902655,RNPS1;EPC1;NFKBIB;TCEANC2;PTMA;TOPORS,wald_stat,GO_Biological_Process_2023
Regulation Of Angiogenesis (GO:0045765),1.2100497668011398,0.756180659216213,0.13520408163265307,ETS1;PIK3CD;PDCD10;PIK3CG;STIM1;KRIT1;HSPB1;EGLN1;ERBB2;ATP2B4;PLCG1;SARS1;HIF1A;MECP2;PTPRM;ATF2;HTATIP2,wald_stat,GO_Biological_Process_2023
Negative Regulation Of Proteolysis Involved In Protein Catabolic Process (GO:1903051),-1.2100290171835903,0.7471153491295128,0.23309608540925267,PDCL3;PSMF1;EPHA4;CSNK2A2;OPHN1;HIPK2,wald_stat,GO_Biological_Process_2023
Positive Regulation Of Natural Killer Cell Mediated Cytotoxicity (GO:0045954),1.2097233127772877,0.7523414687601179,0.21030927835051547,RASGRP1;CD226;CADM1;KLRD1;SLAMF6,wald_stat,GO_Biological_Process_2023
Transport Across Blood-Brain Barrier (GO:0150104),-1.2095240615546057,0.7458694879162328,0.18458781362007168,SLC22A5;SLC2A1;SLC7A5;ATP8A1;SLC38A5;FABP5;SLC27A1;SLC5A6;SLC4A4;SLC1A4;SLC16A1;ABCB1;SLCO3A1,wald_stat,GO_Biological_Process_2023
Phospholipase C-activating G Protein-Coupled Receptor Signaling Pathway (GO:0007200),1.2093490632804746,0.7488125144122513,0.23777777777777778,CXCR2;GPR174;GPR65;CX3CR1;F2R;NMUR1,wald_stat,GO_Biological_Process_2023
Positive Regulation Of Cellular Component Biogenesis (GO:0044089),-1.2092204722519697,0.7439223279457343,0.18213058419243985,LIMK1;LGALS3;TGFB1;RHOC;FLOT1;STAM;USP16;ERCC1;FNIP1;PRKCA;SUMO1;CHMP2A;VPS4A;SNF8;PFN1;WARS1;BAK1;GNL3L;PARK7;SLF2;TPR;BID;GSK3B;FNIP2;SPIDR;BAX;FAF1,wald_stat,GO_Biological_Process_2023
Positive Regulation Of Blood Vessel Endothelial Cell Migration (GO:0043536),1.208548325489415,0.7467308697953406,0.1828193832599119,MAPK14;ETS1;HSPB1;PLCG1;HIF1A;STAT5A;AKT3,wald_stat,GO_Biological_Process_2023
Positive Regulation Of Vasculature Development (GO:1904018),-1.20838407107206,0.7441295348574148,0.17801047120418848,MYDGF;ZC3H12A;VEGFB;PDCL3;HIPK1;PRKCA;EMC10;AGO2;PRKCB,wald_stat,GO_Biological_Process_2023
Non-Motile Cilium Assembly (GO:1905515),1.207937840516466,0.7440960822745576,0.2026431718061674,CEP250;MBD1;ARL13B;IFT57;TMEM216;CEP89;IFT88;TOGARAM1;BBS4;TMEM80;C2CD3;TBC1D32,wald_stat,GO_Biological_Process_2023
Positive Regulation Of Cell Motility (GO:2000147),-1.2074094934707273,0.7446198980006852,0.1449511400651466,MAZ;CDC42;TGFB1;ZNF268;RHOC;CARMIL2;SPRY2;ACTN4;NOTCH1;SEMA4F;PRKCA;EPHA4;ELP5;SPAG9,wald_stat,GO_Biological_Process_2023
Negative Regulation Of Telomere Maintenance Via Telomere Lengthening (GO:1904357),-1.2064987724528118,0.7450089220291987,0.196113074204947,TENT4B;TERF1;EXOSC10,wald_stat,GO_Biological_Process_2023
Circulatory System Development (GO:0072359),1.2062432687889353,0.7452130244313621,0.15288220551378445,TGFBR2;SMYD4;CDKN1B;TCF25;CITED2;TAFAZZIN;PCSK5;AKAP13;ZDHHC16;PIK3CA;KAT2A;HEG1;BCOR;PTEN;PDLIM1;PDLIM5;HEY2;NCOA6,wald_stat,GO_Biological_Process_2023
Memory (GO:0007613),1.2055002380117565,0.7429103917656616,0.22045454545454546,PPP3CB;PSEN1;KAT2A;PJA2;CAMK2N1;RGS14;EIF4EBP2,wald_stat,GO_Biological_Process_2023
Inositol Lipid-Mediated Signaling (GO:0048017),-1.2049694766617758,0.7474907237526173,0.22735674676524953,INPP5A;PLCH2;PLCB1;PLCB2;OGT;IGF1R,wald_stat,GO_Biological_Process_2023
Negative Regulation Of Gene Expression (GO:0010629),1.2041501433818451,0.7428125823994113,0.0736196319018405,CNOT7;HDAC1;PPP1R11;TRIM27;PRKAR1A;STAT3;PDCD10;RBL2;TIA1;BMI1;TMBIM6;DIP2A;GZMB;TOB1;DAXX;PATL2;IFNG;CAPRIN1;CITED2;LSM5;ATP2B4;PSEN1;HIF1A;BMPR1A;NPTN;EIF4ENIF1;SETDB2;PARP10;ASB1;MECP2;FCGR2B;CREBZF;PHF19;CHMP1A;HAVCR2;DHX36;BTN2A2;NDFIP1;EPRS1;PABPC1;LSM2;RACK1;TASOR;ADAM10,wald_stat,GO_Biological_Process_2023
Respiratory Chain Complex IV Assembly (GO:0008535),-1.2038821924385399,0.7482683752286112,0.19343065693430658,PET100;COX19;SURF1;FASTKD3;COA1;COX16;TIMM21;STMP1,wald_stat,GO_Biological_Process_2023
"Maturation Of SSU-rRNA From Tricistronic rRNA Transcript (SSU-rRNA, 5.8S rRNA, LSU-rRNA) (GO:0000462)",-1.2037673151998975,0.7456470077504593,0.2379182156133829,UTP3;NGDN;MRPS11;TSR2;WDR43;RRS1;RRP36;UTP4;NOL10,wald_stat,GO_Biological_Process_2023
Positive Regulation Of Amide Metabolic Process (GO:0034250),-1.2032342253784176,0.7445423632247125,0.16990291262135923,RBM3;VIM;YTHDF3;IFNGR1;YTHDF1;CIRBP;LARP1B;GSK3A;CASP3;BCL3;EPHA4;AGO2,wald_stat,GO_Biological_Process_2023
Positive Regulation Of Catalytic Activity (GO:0043085),1.2025973456661487,0.7437242733388452,0.1943127962085308,MAPK14;XRCC5;SOD1;YWHAB;PSEN1,wald_stat,GO_Biological_Process_2023
Neuron Migration (GO:0001764),-1.2023682129223834,0.7449530585293526,0.22342342342342342,MDGA1;DDIT4;RAC1;AUTS2,wald_stat,GO_Biological_Process_2023
Negative Regulation Of Cellular Catabolic Process (GO:0031330),1.2017557742114515,0.7421862091291197,0.1943127962085308,TRIM27;RRAGA;STAT3;IL10RA;KLHL22;ATP2B4;MCL1;RUBCN;EIF4G1;RRAGB;EIF4G3;MTOR;CPTP;PTPN22;BCL2;EIF4G2;MTMR2;WDR6;TBC1D14;KDM4A;MTMR9,wald_stat,GO_Biological_Process_2023
Intrinsic Apoptotic Signaling Pathway (GO:0097193),-1.201262844670408,0.7461377295889619,0.17694805194805194,ATF4;STK24;ERN1;BBC3;DIABLO;BAD;SELENOK;ZNF622;CUL3;CRIP1;CASP3;IFI6;CUL5;TOPORS;MOAP1;CASP4;BAG6;DDX3X;HTRA2;JMY;HIPK2;BAK1,wald_stat,GO_Biological_Process_2023
Regulation Of DNA Strand Elongation (GO:0060382),1.19982424046338,0.7447137712888706,0.23636363636363636,UCHL5;INO80D;INO80B;RUVBL1,wald_stat,GO_Biological_Process_2023
Response To Interferon-Beta (GO:0035456),-1.1994375545486755,0.7497508948756363,0.209009009009009,NDUFA13;UBE2G2;CALM1;OAS1;BST2;IRF1;HTRA2;PLSCR1;IFITM1;IKBKE;CDC34;PNPT1;SHFL;UBE2K;IFITM3,wald_stat,GO_Biological_Process_2023
Organelle Transport Along Microtubule (GO:0072384),-1.1993574627157557,0.7471175097462756,0.2168458781362007,RAB1A;CDC42;ARHGAP21;UBB;LRPPRC;KXD1;BORCS5;TRAK1;CLN3,wald_stat,GO_Biological_Process_2023
Positive Regulation Of Intracellular Transport (GO:0032388),1.1989118739817617,0.7435889734071566,0.19683257918552036,PDCD10;EHD1;MBD1;ZFAND1;CEP290;PCNT;PRR5L;VAMP2;RAB29;EIPR1;OAZ1;STX18;TENM1;ICE1;NUMA1;BCAS3,wald_stat,GO_Biological_Process_2023
Positive Regulation Of Protein Kinase B Signaling (GO:0051897),-1.198839773430502,0.7458774586446789,0.17773788150807898,MAZ;MYDGF;TGFB1;SPRY2;GATA3;P2RX4;PTPRJ;PINK1;IL18;ENG;TXN;IGF1R;PHB1;PARK7,wald_stat,GO_Biological_Process_2023
Establishment Of Mitotic Spindle Orientation (GO:0000132),-1.1988123692182417,0.7430678607233163,0.23613595706618962,MAPRE1;DYNLT1;NSFL1C,wald_stat,GO_Biological_Process_2023
Regulation Of Immune Response (GO:0050776),-1.1979793577061706,0.7435031149040188,0.15959252971137522,BCL6;BIRC2;LRP8;N4BP1;LYN;SLA2;HLA-DRB1;RIPK3;NFE2L2;IRF1;BIRC3;GPR108;PLSCR1,wald_stat,GO_Biological_Process_2023
Modulation Of Chemical Synaptic Transmission (GO:0050804),-1.196467874907182,0.7458291672109544,0.18264014466546113,TPRG1L;LRP8;NPTXR;CASK;BCR;TRIO;USP46;OPHN1;MCTP2;CLN3,wald_stat,GO_Biological_Process_2023
Mitophagy (GO:0000423),-1.1949465310456615,0.7485356938868752,0.22887323943661972,MAP1LC3B;ATG4D;BECN1;ATG4B;PINK1;ATG14;OGT,wald_stat,GO_Biological_Process_2023
Establishment Of Protein Localization To Endoplasmic Reticulum (GO:0072599),-1.1945961618268517,0.7469251323881094,0.21651376146788992,ZFAND2B;SEC61G;ZFAND2A;SRP54;SPCS2,wald_stat,GO_Biological_Process_2023
RNA Methylation (GO:0001510),1.1932735666347656,0.7588536982583013,0.163727959697733,ZC3H13;THADA;THUMPD3;METTL2B;MRM2;NSUN2;HENMT1;BCDIN3D;METTL5;METTL6;FBL;TYW3;SNRPE;TRMT13;TRMT6;RBM15,wald_stat,GO_Biological_Process_2023
Regulation Of T Cell Proliferation (GO:0042129),-1.1929209040848952,0.7502776705427731,0.22120658135283364,NCK2;LGALS3;MYDGF;CD70;CCL5;HLA-DRB1;RIPK3;TYK2,wald_stat,GO_Biological_Process_2023
Chromatin Remodeling (GO:0006338),1.1922119971678047,0.7580467969743651,0.06666666666666667,UCHL5;HDAC1;HDGFL2;RBBP4;GATAD1;BMI1;SMARCA5;HPF1;BAZ1B;HP1BP3;PBRM1;EZH1;SMARCC2;HCFC2;DAXX;INO80D;PIH1D1;ZNF274;NUDT5;ASF1A;SETDB2;HDAC5;CBX3;UBR5;INO80B;DEK;RUVBL1;ATRX;IWS1;GET1;GLMN;PSIP1;KDM4B;SMARCC1;NPM1;KAT2A;KDM5A;HDAC6;BCOR,wald_stat,GO_Biological_Process_2023
Membrane Fusion (GO:0061025),-1.1921666686125845,0.7500489265390256,0.22385321100917432,NAPG;STX3;NSFL1C;NAPA;STX11;RABIF;VAPA;SNAP29;UBXN2A;VAMP3,wald_stat,GO_Biological_Process_2023
Positive Regulation Of Gene Expression (GO:0010628),-1.1914966518575414,0.7495128347155358,0.09985315712187959,MAZ;U2AF2;RBM3;ATF4;ZPR1;TENT4B;BRD7;ARID1B;VIM;AKT1;YTHDF3;DGKQ;ZC3H12A;MAP2K2;IFNGR1;EGR1;TGFB1;SPRY2;PDCL3;FLOT1;ERN1;MAPK9;YTHDF1;PRKAG1;CIRBP;ID2;LARP1B;HCFC1;LGALS9;GSK3A;NOTCH1;BCL3;PIK3R1;GAPDH;TTN;AGO2,wald_stat,GO_Biological_Process_2023
Positive Regulation Of Nervous System Development (GO:0051962),1.1914207493363702,0.7563788991435528,0.22172949002217296,IFNG;CX3CR1;NAP1L1;IL1RAP;ZNF335;RGS14,wald_stat,GO_Biological_Process_2023
Regulation Of T Cell Activation (GO:0050863),1.1913154458371247,0.7522796444127298,0.18764302059496568,LAX1;PRKCQ;TBX21;CD47;FCHO1;PAG1;LCK;KAT2A;LAPTM5;CD2,wald_stat,GO_Biological_Process_2023
Organic Hydroxy Compound Biosynthetic Process (GO:1901617),-1.1904341931142013,0.7505440204985238,0.23703703703703705,HSD17B10;OSBPL7;PRKAG2;PMVK;OSBPL9;PER2;PARK7;HMGCR,wald_stat,GO_Biological_Process_2023
Positive Regulation Of Signal Transduction (GO:0009967),1.1904232453698214,0.7510100718197925,0.14745308310991956,UCHL5;PTPRC;KLF2;STAT3;PDCD10;CD226;PIH1D1;CITED2;TSPAN5;SNX5;TRIM39;SPRING1;AGPAT1;HIF1A;NPTN;ARNT;SPIN1;VPS35;IL7R;ILK;MBD5;PTEN;ASXL2;TSPAN14;CDC73;FAS;PRKD2;EPN2;ULK3;ZBTB7B;CRADD,wald_stat,GO_Biological_Process_2023
Regulation Of Protein Targeting To Mitochondrion (GO:1903214),-1.190393293280901,0.7478667096778789,0.22365988909426987,FBXW7;PIN1;GSK3A;ARIH2;CSNK2A2;SREBF1;PINK1;USP36;HTRA2;PARL;VPS11;SAE1;BAG4,wald_stat,GO_Biological_Process_2023
Negative Regulation Of Mitotic Cell Cycle Phase Transition (GO:1901991),1.190016969123188,0.748078107235316,0.2086021505376344,ZFP36L1;RBL2;CRLF3;PRMT2;CDK2AP2;JADE1;PTEN;CDC73;DLG1;GPR132;RB1,wald_stat,GO_Biological_Process_2023
Regulation Of Telomere Maintenance (GO:0032204),1.1884813553055351,0.7491026685713678,0.1895734597156398,PPP1R10;XRCC5;NSMCE3;SMC6;HDAC8;HNRNPD;SMG1;ATRX;DHX36;GNL3,wald_stat,GO_Biological_Process_2023
Muscle Cell Differentiation (GO:0042692),1.1883387283475384,0.7451963867122781,0.24666666666666667,HDGFL2;GLMN;HEY2;RORA;MRTFA;MTLN,wald_stat,GO_Biological_Process_2023
Cellular Response To Organic Substance (GO:0071310),-1.1881454491030707,0.7532415522239788,0.21178637200736647,ZNF16;INPP5K;TGFB1;TIPARP;NCOA1,wald_stat,GO_Biological_Process_2023
Positive Regulation Of Leukocyte Cell-Cell Adhesion (GO:1903039),1.1856564844663329,0.7508666582129917,0.25339366515837103,ETS1;PRKCQ;CD47;FCHO1;LCK,wald_stat,GO_Biological_Process_2023
Regulation Of Protein Transport (GO:0051223),1.1839844979246514,0.7526496987693136,0.2435344827586207,NDEL1;SNX3;RHBDF2;NDFIP1;PTPN1;HSPA8,wald_stat,GO_Biological_Process_2023
Calcium Ion Homeostasis (GO:0055074),1.1831404390613431,0.7513735444567625,0.21728971962616822,STIM1;ATP2B4;NPTN;ATP2A3;SLC10A7;TPT1;RMDN3;VAPB,wald_stat,GO_Biological_Process_2023
Regulation Of Protein-Containing Complex Assembly (GO:0043254),-1.1826524413916482,0.7696274336462611,0.17462932454695224,CDC42;LGALS3;FARP2;ULK1;TGFB1;RHOC;FNIP1;HCFC1;TFIP11;LATS1;RIOK3;SUMO1;SEPTIN9;NAPA;VPS39;PINK1;DDX3X;WARS1;HSPA5;BAK1;EIF2AK2;GNL3L;SORL1;PARK7;GSN;SLF2;VPS11;BID;GSK3B;VPS18;FNIP2;EP300;SPIDR;BAX;FAF1,wald_stat,GO_Biological_Process_2023
Phosphorylation (GO:0016310),-1.182516868796675,0.7672475440007026,0.09899569583931134,LIMK1;CSNK1G2;PKN1;CTBP1;SIK3;MAPKAPK2;CLK3;RUNX3;GRK2;AKT1;TAF11;RYK;DGKQ;TAF10;GMFG;CSNK2B;ULK1;TGFB1;STK24;GRK6;ERN1;MAPK9;BRD2;PRKAG1;FAM20B;CSNK1D;PRKACA;DAPK3;HIPK1;GSK3A;COPS8;SHPK;MKNK2;PKN2;PRKCA;TRIB2;EPHA4;BECN1;LATS1;MKNK1;GMFB;HCST;PRKCB;CSNK2A2;TAF4;IKBKB;PIM3;CCNT1;TNK2;PANK2;CDK16;MAPKAP1;IRAK1;PRKAG2;LYN,wald_stat,GO_Biological_Process_2023
Positive Regulation Of T Cell Activation (GO:0050870),-1.1806516880426041,0.7712281989476467,0.19863013698630136,NCK2;BRD7;ARID1B;CD81;HLA-DRB5;GATA3;ZBTB1;CD70;LGALS9;ZMIZ1,wald_stat,GO_Biological_Process_2023
Regulation Of Protein Kinase B Signaling (GO:0051896),-1.1802835170751527,0.7696899337856211,0.18612521150592218,MAZ;INPP5K;MYDGF;TGFB1;SPRY2;PPP2CA;GATA3;P2RX4;PTPRJ,wald_stat,GO_Biological_Process_2023
ncRNA-mediated Post-Transcriptional Gene Silencing (GO:0035194),-1.1797614680769541,0.7687475866155951,0.23626373626373626,HELZ;CNOT1;NCBP1;TNRC6A,wald_stat,GO_Biological_Process_2023
Positive Regulation Of Response To Biotic Stimulus (GO:0002833),-1.1795362420864999,0.7667658904802506,0.24029574861367836,SLC15A4;PRKCA;RIOK3;POLR3F;CCL5;POLR3C,wald_stat,GO_Biological_Process_2023
Heterochromatin Organization (GO:0070828),1.1795153691408111,0.7599006775968022,0.1957547169811321,SMARCA5;HP1BP3;EZH1;SETDB2;HDAC5;CBX3;UBR5,wald_stat,GO_Biological_Process_2023
Protein Localization (GO:0008104),-1.1793481314615417,0.7645542291393957,0.11914893617021277,RAB5C;MAPRE1;RAB1A;NAPG;ARF1;GRPEL2;STX5;AP3D1;TIMM17A;TMED10;WDR45B;LAMTOR1;CD81;TIMM23;ULK1;RAB14;SLU7;ERCC3;NBEAL2;ARL5B;KIF13A;COG3;STX3;ATG4D;USP4;TMED2;HHEX;PACS2;ARL4C;SUMO1;SEPTIN9;GRPEL1;NAPA;TMED4;AP4B1;WIPI1;SEC13;ATG4B;TMED1;ARF6;STX11;RABL3,wald_stat,GO_Biological_Process_2023
Protein K48-linked Ubiquitination (GO:0070936),1.178693939594688,0.7583752952228862,0.14640198511166252,UBE2D4;UBE2D2;RNF146;MYCBP2;TTC3;UBE2H;TRIM65;RFFL;UBE2B;UBR5;SYVN1;UBE3A;RBX1;ITCH;FBXO38;HACE1;UBE2R2,wald_stat,GO_Biological_Process_2023
Positive Regulation Of Type II Interferon Production (GO:0032729),-1.1786104559946646,0.7644663229519087,0.21530249110320285,PDE4D;MYDGF;CEBPG;ZFPM1;LGALS9;SLC7A5;ISG15;CD244;TYK2;IL18;TXK;PDE4B;CRTAM,wald_stat,GO_Biological_Process_2023
Protein Localization To Nucleus (GO:0034504),1.1767441540190169,0.7613611150057353,0.1731266149870801,KPNB1;PPP1R10;NUP62;KPNA3;STK4;CHCHD10;NUP50;HIKESHI;STAT3;PHB2;PIKFYVE;RAN;EIF4ENIF1;CSE1L;IPO9,wald_stat,GO_Biological_Process_2023
tRNA Modification (GO:0006400),1.176656135516997,0.7574190902812866,0.19036144578313252,THADA;TYW1;SARS1;THUMPD3;SSB;METTL2B;DTWD1;NSUN2;OSGEPL1;ALKBH8;BCDIN3D;CDKAL1;TYW5;METTL6;TYW3;TRMT13;TRMT6;ANKRD16,wald_stat,GO_Biological_Process_2023
Negative Regulation Of Protein-Containing Complex Assembly (GO:0031333),-1.1757898013435597,0.772009991069097,0.203125,CDC42;ULK1;LDLRAD4;TFIP11;RIOK3;PMEPA1;DDX3X;HSPA5;NLRC3;SORL1;PARK7,wald_stat,GO_Biological_Process_2023
Positive Regulation Of Protein Kinase Activity (GO:0045860),1.1752096752713674,0.7584545634072022,0.1875,TGFBR2;STRADA;XRCC5;PTPRC;PDCD10;ADRB2;MAP2K1;XRCC6;DAXX;IFNG;PIH1D1,wald_stat,GO_Biological_Process_2023
Porphyrin-Containing Compound Biosynthetic Process (GO:0006779),-1.1742023638409786,0.7750271912860119,0.2567049808429119,SLC25A38;FXN;RSAD1,wald_stat,GO_Biological_Process_2023
Negative Regulation Of Type II Interferon Production (GO:0032689),-1.173145925131821,0.7760995351195022,0.2786885245901639,XCL1;ZC3H12A;LGALS9,wald_stat,GO_Biological_Process_2023
Regulation Of Small GTPase Mediated Signal Transduction (GO:0051056),1.172552064352655,0.7638147081566417,0.17994858611825193,ARHGEF3;ARHGAP25;TAGAP;ARHGAP30;ARHGAP45;NUP62;ARHGEF2;PLEKHG3,wald_stat,GO_Biological_Process_2023
Protein Quality Control For Misfolded Or Incompletely Synthesized Proteins (GO:0006515),1.171604450941455,0.7627580625339784,0.2376470588235294,ANKZF1;YME1L1;VCP;FBXL17;UGGT1;HDAC6;RNF185;OMA1;RNF5;TOR1A,wald_stat,GO_Biological_Process_2023
Cellular Response To Oxygen-Containing Compound (GO:1901701),-1.1715508648224113,0.7791630830862109,0.1475177304964539,ZNF16;INPP5K;NSMF;VIM;AKT1;GIT1;LAMTOR1;ZC3H12A;GNB1;EGR1;LAMTOR4;RAPGEF1;SNW1;PLAA;TNIP3;CPNE8;TNIP2;MAPK9;ADCY7;NDUFA13;SSH1;PRDX5;P2RX4;NFKBIB;SHPK;PABPN1;SBNO2;H2AZ1;MPV17;NFKB1;LAMTOR5;DMTN;PKD2;TWF2;LYN;GSTP1;BRAF;INSIG1;PDXP,wald_stat,GO_Biological_Process_2023
O-glycan Processing (GO:0016266),-1.1715408113169874,0.7764276294007316,0.24090121317157712,GALNT10;B3GNT7;GALNT3;B3GNT2,wald_stat,GO_Biological_Process_2023
RNA Metabolic Process (GO:0016070),-1.1714888037321887,0.7738456262764248,0.17096774193548386,DNTTIP2;RBM3;RBM5;ADARB1;ZC3H12A;SUPV3L1;RBM39;EXOSC10;HNRNPH1;DUSP11;HNRNPL;PABPN1;NCBP1;TFIP11;AGO4;DHX8;AGO2,wald_stat,GO_Biological_Process_2023
Cytoskeleton Organization (GO:0007010),-1.1714421871565492,0.7712633182316775,0.21052631578947367,ARHGAP4;ARHGAP21;RAC1;PPP2R3C;MICAL3;PDZD8;ZMYM3;CAMSAP1;CFL1;DMTN;MAPKAP1;MLST8;STRIP1;SIPA1;BRWD1;ZRANB1;RANBP9;PRR5;PRPF40A;RHOG;SH3D19,wald_stat,GO_Biological_Process_2023
Regulation Of Metaphase/Anaphase Transition Of Cell Cycle (GO:1902099),-1.170625724724877,0.771328042214967,0.2603978300180832,BRD7;ARID1B;BCL7B;BCL7C,wald_stat,GO_Biological_Process_2023
Regulation Of Fat Cell Differentiation (GO:0045598),-1.1697993443274712,0.771366521053719,0.2126537785588752,AKT1;ZC3H12A;TGFB1;ID2;CARM1;TRIB2;BMAL1;NOCT;TRIO,wald_stat,GO_Biological_Process_2023
Regulation Of Nervous System Development (GO:0051960),-1.1690835511460247,0.7711293654915032,0.25444839857651247,YTHDF2;ZPR1;BMAL1;HES6;S100A10,wald_stat,GO_Biological_Process_2023
mRNA 3'-End Processing (GO:0031124),-1.168037149365901,0.7718963586460414,0.21578947368421053,TENT4B;WDR33;CPSF7;HEXIM1;NCBP1;NUDT21;GRSF1;CPSF6,wald_stat,GO_Biological_Process_2023
Golgi Organization (GO:0007030),-1.167007312298859,0.7730116914155679,0.17483660130718953,RAB1A;CDC42;STX5;TMED10;GORASP2;ARHGEF7;ARHGAP21;CSNK1D;COG3;SURF4;TBC1D20;TMED2;NSFL1C;GAK;VCPIP1;RAB2A;VTI1A;TMED4;OPTN;TMED1;PI4K2A;GOLGA8N,wald_stat,GO_Biological_Process_2023
DNA Repair (GO:0006281),1.1667739376255253,0.7758595300760224,0.11077844311377245,RECQL;XRCC5;TDP2;NSMCE3;SLC30A9;SMARCA5;PRKDC;HPF1;RPA3;XRCC6;SETX;RFC5;PARP4;GTF2H1;DDB2;RFC4;ASF1A;RPA2;GTF2H3;TDP1;UBE2B;RAD23B;DCLRE1A;FAAP20;PMS2;PARP1;TRRAP;RAD52;RRM1;ATRX;VCP;LIG1;ERCC8;EP400;MSH3;GTF2H5;SMC1A;NPM1;RAD17;MC1R;ATRIP;ASCC1;FANCF;PMS1;HUWE1;UVRAG;ERCC6L2;REXO4;MRE11;TIMELESS;RNF8;POLI;MRPL36;POLL;RAD51C;RAD18;PRIMPOL;TP53;ATM;RNASEH2A,wald_stat,GO_Biological_Process_2023
Negative Regulation Of TOR Signaling (GO:0032007),-1.1665462026923554,0.772055520373191,0.24314442413162707,DDIT4;UBR1;FNIP1;GSK3A;BMAL1;SESN3;SEH1L;SEC13;ITFG2;CASTOR2;FLCN;TSC1;SZT2,wald_stat,GO_Biological_Process_2023
Neuron Projection Development (GO:0031175),-1.16631777759266,0.7702586540251833,0.1825525040387722,CDC42;ZPR1;PPP1R9B;RYK;ULK1;PQBP1;STX3;ATXN10;EPHA4;WHRN;ZFYVE27;UBB;PLXNA3;CAMSAP1;STMN3;CDK16;LYN;FRY;TRIO;MICALL1;OPHN1;VAPA;MINK1;PAK1;WASL;MARK2;MAP4;KIF20B;STMN1;DNM2;VPS13B,wald_stat,GO_Biological_Process_2023
Positive Regulation Of B Cell Activation (GO:0050871),-1.1660272625582242,0.7687195120602295,0.21869488536155202,MAD2L2;IRS2;CD81;TNIP2;GPR183;PPP2R3C,wald_stat,GO_Biological_Process_2023
Positive Regulation Of Inflammatory Response (GO:0050729),1.1660263334221497,0.7743205758857645,0.1937046004842615,ETS1;S100A8;S100A9;TNIP1;CD47;IFNG;GSDMD;RIPK1;DDT;IL16;CAMK2N1;SNX4;NAPEPLD;GPSM3;TNFRSF1A,wald_stat,GO_Biological_Process_2023
Protein Deacetylation (GO:0006476),1.1655911741040987,0.7717391384158778,0.22330097087378642,HDAC1;RBBP4;HDAC8;MSL3;MORF4L2;HDAC5;HDAC6;MTA2;MIER1;MORF4L1;BRMS1L;SIRT5;MIER2;MTA3;HDAC10,wald_stat,GO_Biological_Process_2023
Non-Membrane-Bounded Organelle Assembly (GO:0140694),1.1646292986228104,0.7708590878600146,0.16298342541436464,G3BP1;NUP62;TMOD3;TIA1;FLII;PATL2;EIF2S1;CAPRIN1;NEK7;CSDE1;EIF4ENIF1;E2F4;BSCL2;ATXN2;MAPRE2;HAUS1;HAUS4;NPM1;BIN2,wald_stat,GO_Biological_Process_2023
Peptidyl-Proline Modification (GO:0018208),-1.164292520075795,0.7723225397610604,0.2624521072796935,PPIB;PIN1;NKTR;PPIH,wald_stat,GO_Biological_Process_2023
Regulation Of Rho Protein Signal Transduction (GO:0035023),1.1635480886798628,0.7704497422910556,0.20145631067961164,ARHGEF3;RIPOR2;PDCD10;ARHGEF2;ADGRG1;GPR174;GPR65;AKAP13;DYNLL1;HEG1;F2R;RALBP1,wald_stat,GO_Biological_Process_2023
Negative Regulation Of Cellular Response To Growth Factor Stimulus (GO:0090288),-1.1633248907538332,0.7729729911191598,0.24713584288052373,CRIM1;SPRY2;TRIM33;NOTCH1;HHEX;CASK;SMURF1;SKIL;HIPK2;SORL1;SMURF2;UBE2D1,wald_stat,GO_Biological_Process_2023
Peptidyl-Threonine Modification (GO:0018210),-1.1627802109043008,0.7723332301932028,0.2,AKT1;GALNT3;CSNK2B;ULK1;HIPK1;GSK3A;PRKCA;MAP3K10;CSNK2A2;STK39;GALNT11;HIPK2;GALNT1;SBK1;MARK2,wald_stat,GO_Biological_Process_2023
Cellular Response To Growth Factor Stimulus (GO:0071363),1.1626175040977453,0.7697206398553957,0.2071611253196931,TGFBR2;MAPK14;HDAC1;SLC4A7;ZFP36L1;EHD1;HSPB1;SETX;EEF1A1;ERBB2;PLCG1;CPNE3;BMPR1A,wald_stat,GO_Biological_Process_2023
Regulation Of Smooth Muscle Cell Proliferation (GO:0048660),1.162155329822527,0.7671689926745461,0.23146067415730337,HDAC1;XRCC5;PRKDC;XRCC6;IFNG,wald_stat,GO_Biological_Process_2023
Negative Regulation Of Growth (GO:0045926),-1.1617226547525115,0.7733565450767168,0.19967532467532467,BCL6;PPP1R9B;SERTAD2;TGFB1;CDKN2D;PPP2CA;NDUFA13;SERTAD3;PTPRJ;NAIF1;FBP1;CGRRF1;TSPYL2;NDUFS3;OSGIN2;BST2;SIPA1;DDX3X,wald_stat,GO_Biological_Process_2023
Negative Regulation Of Cysteine-Type Endopeptidase Activity Involved In Apoptotic Process (GO:0043154),-1.1611753206244384,0.7727162635701779,0.2542372881355932,CDKN2D;DNAJB6;FNIP1;TRIAP1;IFI6;LAMTOR5;DDX3X;PARK7;USP47,wald_stat,GO_Biological_Process_2023
Establishment Of Epithelial Cell Polarity (GO:0090162),1.1609162703589184,0.767382673464849,0.25862068965517243,CYTH1;GOLPH3,wald_stat,GO_Biological_Process_2023
Negative Regulation Of Signal Transduction (GO:0009968),-1.160882211227815,0.7711363006180351,0.17873651771956856,RGS2;MAZ;YTHDF2;INPP5K;AKT1;BRAP;SPRY2;CALR;FBXW7;GATA3;PIP4K2A;PTPRJ;GSK3A;CNOT1;HHEX;PRKCB;CSNK2A2;OTUD4;MOSMO;SOCS1;CCL5;LYN;SMAD5;PTCH2;ARRB1;ASXL1;METTL3;ARRDC1;GPR108,wald_stat,GO_Biological_Process_2023
Intrinsic Apoptotic Signaling Pathway In Response To DNA Damage By P53 Class Mediator (GO:0042771),-1.1603648310491745,0.7703597717897248,0.27090909090909093,SNW1;DDIT4;HIPK1;BCL3;BAG6;HIPK2;TMEM109,wald_stat,GO_Biological_Process_2023
Vacuolar Acidification (GO:0007035),-1.1601922877297235,0.7684259964112916,0.24064171122994651,TCIRG1;ATP6V1H;RNASEK;ATP6V0C,wald_stat,GO_Biological_Process_2023
"Maturation Of 5.8S rRNA From Tricistronic rRNA Transcript (SSU-rRNA, 5.8S rRNA, LSU-rRNA) (GO:0000466)",1.1601445751280495,0.7661511666669113,0.2638580931263858,EXOSC2;PES1;EXOSC3;NOL9;EXOSC8,wald_stat,GO_Biological_Process_2023
Protein Targeting To Membrane (GO:0006612),-1.1598775981473308,0.7670196421445764,0.23880597014925373,ZDHHC18;CHMP4A;VPS37B;ZDHHC14;SRP19;ZDHHC24;GET4;ZDHHC3;TAOK2;GOLGA7B;YIF1B;MICALL1;BAG6,wald_stat,GO_Biological_Process_2023
Negative Regulation Of Cellular Response To Insulin Stimulus (GO:1900077),-1.1586386844492949,0.7688914230644087,0.26811594202898553,INPP5K;PIP4K2A;GSK3A;PRKCB;SOCS1,wald_stat,GO_Biological_Process_2023
Endomembrane System Organization (GO:0010256),-1.1564073992630326,0.774408632102265,0.17111459968602827,RAB1A;CDC42;SYNGR1;AP3D1;TMED10;GORASP2;LAMTOR1;ARHGEF7;ARHGAP21;CSNK1D;CHMP2B;COG3;SURF4;BNIP1;TBC1D20;TMED2;NSFL1C;GAK;RAB2A;TMED4;OPTN;TMED1;TMEM170A;PI4K2A;GOLGA8N;VPS4A;LMNB2;SRGN;PLEKHM2;RAB22A;RAB30;BAG5;LYSMD3;VAPA;NPLOC4;TMED9;FBXW8;DMPK;GBF1;HTT;UBXN2A;ATP8B4;PLEKHJ1;SNX10;VPS13B,wald_stat,GO_Biological_Process_2023
Negative Regulation Of Cell Motility (GO:2000146),-1.1551440813238765,0.7761085157220412,0.20521172638436483,ARHGAP4;RAP2C;ADARB1;STK24;GATA3;PIN1;DUSP22;LDLRAD4;PTPRJ;EPHA4;SAP30L,wald_stat,GO_Biological_Process_2023
Positive Regulation Of Natural Killer Cell Mediated Immunity (GO:0002717),1.1542736453467828,0.782928555882783,0.24947589098532494,RASGRP1;CD226;CADM1;KLRD1;SLAMF6,wald_stat,GO_Biological_Process_2023
Response To Metal Ion (GO:0010038),-1.1540941195835552,0.7772514611602014,0.2646048109965636,CALM3;FXN;PPP2CA;CRIP1;PPP2CB;TTN;CALM1,wald_stat,GO_Biological_Process_2023
Enzyme-Linked Receptor Protein Signaling Pathway (GO:0007167),-1.1525305105175259,0.780304561968891,0.23374340949033393,RYK;RAPGEF1;YES1;ALKAL2;SAMD10;CD7;LYN;TRIO;AHI1,wald_stat,GO_Biological_Process_2023
Vascular Transport (GO:0010232),-1.152297607691326,0.7785129235441924,0.23593466424682397,SLC22A5;SLC2A1;SLC7A5;ATP8A1;SLC38A5;SLC27A1;SLC5A6;SLC4A4;SLC1A4;SLC16A1;ABCB1;SLCO3A1,wald_stat,GO_Biological_Process_2023
Negative Regulation Of Proteolysis (GO:0045861),-1.1521312066451934,0.7765414151880171,0.27007299270072993,AKT1;TIMP1;EPHA4;BAG6;CLN3;DNAJC1;SNX12;TRIM21,wald_stat,GO_Biological_Process_2023
Regulation Of Ubiquitin-Dependent Protein Catabolic Process (GO:2000058),1.1520791904483425,0.7866897249018661,0.2429245283018868,XPO1;UFL1;CDK5RAP3;DESI1;TRIM39;RAD23B;GLMN;UBE3A;LAPTM5;PTEN;L3MBTL3,wald_stat,GO_Biological_Process_2023
Lymphocyte Differentiation (GO:0030098),-1.150867798501114,0.7785511164481431,0.25817555938037867,CEBPG;GATA3;CD79B;FNIP1;PTPRJ;HHEX;PIK3R1;LFNG;GPR89A;HDAC9;KAT7;SLC25A5;NFIL3;RABL3;DCAF1;TCF3;RELB;SOX4;LMBR1L;PTPN2;GPS2;JAK3,wald_stat,GO_Biological_Process_2023
Positive Regulation Of Interleukin-1 Beta Production (GO:0032731),1.150611357785608,0.7878221461580499,0.24541284403669725,GBP5;STAT3;HSPB1;IFNG;GSDMD;CARD8,wald_stat,GO_Biological_Process_2023
Positive Regulation Of Lymphocyte Proliferation (GO:0050671),-1.150438547488094,0.7774146219511888,0.25760286225402507,NCK2;IRS2;CD81;GPR183;CD70;CD38;CCL5;VAV3;TYK2;IL18,wald_stat,GO_Biological_Process_2023
Protein Modification By Small Protein Removal (GO:0070646),1.1500072805680308,0.7858954080528481,0.2040302267002519,USP11;UCHL5;USP28;SENP6;COPS5;USP22;COPS7A;USP34;DESI1;STAMBP;USP32;SENP7;USP14;USP19,wald_stat,GO_Biological_Process_2023
Cellular Response To Organonitrogen Compound (GO:0071417),-1.1498181739639723,0.7771797041062065,0.24836601307189543,INPP5K;NSMF;LAMTOR1;EGR1;LAMTOR4;RAPGEF1;SSH1;P2RX4;DHX8;LAMTOR5;DMTN;PKD2;PDXP;CAPN2,wald_stat,GO_Biological_Process_2023
Nitrogen Compound Transport (GO:0071705),1.1497290214214317,0.7828837643010932,0.2,MIA3;ARL6IP5;HIKESHI;SCAMP1;SLC26A2;SNX18;LRRC8D;SLC26A11;SCAMP2;CHMP1A;CEP290;PICK1;SLC36A1;VAMP2;RALBP1;ARRDC3;SNX4;CD320;SLC29A3;SCAMP4;DENND10,wald_stat,GO_Biological_Process_2023
Regulation Of Proteolysis (GO:0030162),-1.1489461557917624,0.7777633852785261,0.2482758620689655,AURKAIP1;BAD;ASPH;SPOPL;TBC1D10A;BAG6;CLN3;OGT;DNAJC1;BAK1,wald_stat,GO_Biological_Process_2023
Substantia Nigra Development (GO:0021762),-1.148515404306268,0.7768153533504395,0.25996533795493937,CDC42;CALM3;CHKB;CALM1;YWHAE;MAPKAP1;NDUFS3,wald_stat,GO_Biological_Process_2023
Cellular Response To Glucose Starvation (GO:0042149),-1.1484755978253167,0.7744442243353891,0.25925925925925924,ATF4;ZC3H12A;TBL2;BECN1;SESN3;ITFG2;ATG14;SUV39H1;HSPA5;PLIN3;SZT2;CPEB4;MTMR3;PRKAA1,wald_stat,GO_Biological_Process_2023
Protein Polyubiquitination (GO:0000209),1.1482425507063574,0.7841372134948256,0.13333333333333333,UBE2D4;UBE2D2;SHPRH;TRIM27;RNF146;TRIM22;MYCBP2;TTC3;LNPEP;RNF20;UBE2H;SPOP;UBE3B;RNF14;TRIM65;ANAPC10;RFFL;DDB2;CDC26;UBE2B;UBR5;ARIH1;THOP1;BLMH;UBE4A;FBXL17;ERCC8;SYVN1;SHARPIN;UBE3A;TRIM38;DZIP3;FBXO4;RBX1;ITCH;CDC16;FBXO38;HACE1;HUWE1;RNF185;UBE2R2;ANKIB1;PPIL2,wald_stat,GO_Biological_Process_2023
Negative Regulation Of Insulin Receptor Signaling Pathway (GO:0046627),-1.1482137115202695,0.7728841032112126,0.27978339350180503,INPP5K;PIP4K2A;GSK3A;PRKCB;SOCS1,wald_stat,GO_Biological_Process_2023
Positive Regulation Of Ubiquitin-Protein Transferase Activity (GO:0051443),-1.1480389369485715,0.7709138637193206,0.27425373134328357,FBXW7;PIN1;AXIN1;TOPORS;UBE2S;PINK1,wald_stat,GO_Biological_Process_2023
Transport Along Microtubule (GO:0010970),-1.1477171824603651,0.769607396978468,0.2875226039783002,CDC42;ARHGAP21;KXD1;BAG3;BORCS5,wald_stat,GO_Biological_Process_2023
Response To Peptide (GO:1901652),1.147565549079486,0.7824336635103916,0.2634032634032634,STAT3;STAT4;ERBIN;STAT5A,wald_stat,GO_Biological_Process_2023
Epidermal Growth Factor Receptor Signaling Pathway (GO:0007173),-1.1473451818793095,0.768610609639595,0.26545454545454544,NCK2;AKT1;TGFB1,wald_stat,GO_Biological_Process_2023
Regulation Of Protein Ubiquitination (GO:0031396),-1.1465300769110105,0.7688946922280405,0.2171799027552674,U2AF2;AKT1;SPRY2;FBXW7;CUL3;BIRC2;GSK3A;USP4;DERL1;AXIN1;N4BP1;UBB;SUMO1;ISG15;FBXO33;SPOPL;PINK1;RIPK2;GTPBP4;ARRB1;BIRC3;BAG5;OGT;SOX4;CAMLG;PER2;GNL3L;PARK7;ARRB2,wald_stat,GO_Biological_Process_2023
Lipid Transport (GO:0006869),-1.1452006588973804,0.7709479408933648,0.25359712230215825,GLTP;NPC2;TRIAP1;BLTP3B;ABCA5;ABCA3;SLC10A3;CLN3;FABP5;PRELID3B;VAPA;SLC27A1,wald_stat,GO_Biological_Process_2023
Cellular Response To Topologically Incorrect Protein (GO:0035967),1.1450888956146992,0.7874491563366192,0.29933481152993346,TM7SF3;TMBIM6;DAXX;PTPN1;HDAC6,wald_stat,GO_Biological_Process_2023
Regulation Of Organelle Assembly (GO:1902115),1.1450460217118326,0.783609275043105,0.21307506053268765,TRAPPC12;SENP6;PIKFYVE;ATG5;RABEP2;WDPCP;NPM1;SPICE1;KIF9;EZR;IFT88;CDKL1;CEP76;TBC1D10C;TBC1D10B;STX18;TBC1D22B;TBC1D1,wald_stat,GO_Biological_Process_2023
Regulation Of DNA Recombination (GO:0000018),1.1440923419459006,0.7831182071702031,0.26057906458797325,H1-2;H1-3;H1-4;PPP4C;PPP4R2;RPA2;IL7R;MSH3,wald_stat,GO_Biological_Process_2023
Negative Regulation Of Cysteine-Type Endopeptidase Activity (GO:2000117),-1.1435959651970544,0.7740974823619373,0.26480836236933797,CDKN2D;DNAJB6;FNIP1;TRIAP1;IFI6;LAMTOR5,wald_stat,GO_Biological_Process_2023
Cytosolic Pattern Recognition Receptor Signaling Pathway (GO:0002753),1.1434006906406795,0.7818201377214539,0.2561247216035635,PHB2;STING1;IRF3;IPO5;ITCH;RIGI;TIFA;RNF135;MAP3K7,wald_stat,GO_Biological_Process_2023
Establishment Of Spindle Orientation (GO:0051294),-1.1433334735505,0.7725888188345708,0.28113879003558717,MAPRE1;DYNLT1;NSFL1C,wald_stat,GO_Biological_Process_2023
Regulation Of Double-Strand Break Repair Via Homologous Recombination (GO:0010569),1.1432746745590041,0.7784713932810081,0.2185792349726776,HDGFL2;SMCHD1;PPP4C;PPP4R2;MORF4L2;BRD8;RPA2;PARP1;TRRAP;RUVBL1;EP400;WRAP53;HELQ;ACTR2;TIMELESS;MORF4L1;MRGBP;ARID2;ACTL6A;VPS72;UBQLN4;MAGEF1;ERCC6;RADX;EPC2;DMAP1;MRNIP,wald_stat,GO_Biological_Process_2023
Positive Regulation Of Cell Migration (GO:0030335),-1.1432483837471366,0.770443836975579,0.2193126022913257,MAZ;CDC42;NSMF;ARHGEF7;TGFB1;ZNF268;RHOC;CARMIL2;SPRY2;PLAA;GLIPR2;FBXO5;ACTN4;NOTCH1;SEMA4F;PRKCA;EPHA4;ELP5;SPAG9;AGO2,wald_stat,GO_Biological_Process_2023
Response To Lipopolysaccharide (GO:0032496),-1.1430683745147332,0.7687315104448743,0.2178060413354531,MAPKAPK2;VIM;GIT1;ZC3H12A;GCH1;PLAA;TNIP3;TNIP2;LGALS9;NFKBIB;SHPK;PABPN1;SBNO2;TNFRSF11A;NFKB1;NOCT;IRAK1;GSTP1,wald_stat,GO_Biological_Process_2023
Negative Regulation Of Protein Serine/Threonine Kinase Activity (GO:0071901),-1.1429053689199538,0.7669454897772815,0.2538860103626943,RGS2;INPP5K;AKT1;SPRY2;HEXIM1;PTPRJ;HHEX;LATS1;PRKAR2A;CDK5RAP1;LYN;GSTP1;TESK1,wald_stat,GO_Biological_Process_2023
B Cell Activation (GO:0042113),-1.142777062646289,0.7650509147426394,0.2587646076794658,CEBPG;GPR183;CD79B;CD70;FNIP1;PTPRJ;HHEX;PIK3R1;LAT2;CTPS1;PRKCB;HDAC9;SLC25A5;RABL3;DCAF1;TCF3,wald_stat,GO_Biological_Process_2023
Selective Autophagy (GO:0061912),-1.1427666664328797,0.7627395642594204,0.23252032520325203,MAP1LC3B;ULK1;TGFB1;CALR;ATG2A;ATG4D;LGALS8;BECN1;ATG4B;USP30;UFC1;PINK1;ATG14;UFM1,wald_stat,GO_Biological_Process_2023
External Encapsulating Structure Organization (GO:0045229),-1.1422803621372781,0.7619805113897029,0.2867383512544803,MMP23B;FURIN;ADAMTS10,wald_stat,GO_Biological_Process_2023
Extracellular Structure Organization (GO:0043062),-1.1420458409212104,0.7605025701144824,0.28825622775800713,MMP23B;FURIN;ADAMTS10,wald_stat,GO_Biological_Process_2023
I-kappaB kinase/NF-kappaB Signaling (GO:0007249),-1.1419551920424418,0.7584782625372319,0.2690972222222222,CARD11;BIRC2;BCL3;NFKB1;IKBKB;REL;RIPK2;BIRC3;RELB;NLRC3;NFKBIL1,wald_stat,GO_Biological_Process_2023
Positive Regulation Of Protein Modification Process (GO:0031401),-1.141755552505475,0.7568385174009311,0.22660098522167488,NSMF;AKT1;CALM3;MYDGF;EGR1;TGFB1;VEGFB;FLOT1;RAC1;PTBP1;PIN1;CSNK1D;ATG7;FNIP1;AXIN1;BMAL1;PTPA;CALM1;LYN;TESK1;PINK1;HLA-DRB1;ATG14;SUV39H1;ARRB1;DDX3X;PPP1R16B;ENG;TXN;CNEP1R1;RB1CC1;PAK1;CAMTA1;BRMS1;FLCN;CIB1,wald_stat,GO_Biological_Process_2023
Purine Ribonucleotide Metabolic Process (GO:0009150),1.1415890469166552,0.7807553019901989,0.2560386473429952,GPAT4;RAN;GIMAP7;CROT;MFN1;ACAT1;HSPA8;GMPR2;ABHD14B;ADSS2;BPNT1;TPST2;CLPX;HINT1;MLYCD;NDUFS1,wald_stat,GO_Biological_Process_2023
Regulation Of Interleukin-4 Production (GO:0032673),-1.1413981032826646,0.7556940551392862,0.2807625649913345,ZFPM1;GATA3;LGALS9;SLC7A5;HLA-DRB1,wald_stat,GO_Biological_Process_2023
Positive Regulation Of Cytokine-Mediated Signaling Pathway (GO:0001961),1.1408206475325962,0.7796524654590065,0.24113475177304963,AGPAT1;GFI1;HIF1A;STING1;RIPK1;LAPTM5;RNF185;FADD,wald_stat,GO_Biological_Process_2023
Negative Regulation Of Cellular Process (GO:0048523),-1.1406617845918645,0.7559607839982402,0.16975748930099857,NCK2;CTBP1;RBM5;FTH1;NME1;ADARB1;RUNX3;BCL6;PPP1R9B;CHMP4A;CSNK2B;ULK1;SERTAD2;TGFB1;ZNF268;CDKN2D;PPP2CA;GATA3;APOBEC3H;PIN1;PLXNA4;NDUFA13;CHMP2B;SERTAD3;PTPRJ;NAIF1;COPS8;FBP1;BCL7B;TENT5C;BCL7C;NOTCH1;EPHA4;IFNLR1;CGRRF1;DLG3;PLXNA3;TSPYL2;ATF5;MDM4;PKD2;BRD9;LYN;ZBTB49;NDUFS3;GMNN;CHMP2A;VPS4A;OSGIN2;ANXA6;BST2;SUV39H1;SIPA1;GTPBP4;THAP12;PPM1D;P3H1;IRF1;DDX3X;TXNDC12;HTRA2;PODN;BICRA;TESC;ST20;WARS1;SOX4;SAV1;RB1CC1;KLF11;BTG3;EIF2AK2;TMEM109;PHB1;ADAMTS1;COL18A1;CTBP2;FLCN;CIB1;PARK7;TSC1,wald_stat,GO_Biological_Process_2023
Golgi To Plasma Membrane Protein Transport (GO:0043001),1.1406045366766335,0.7766635241500333,0.2735229759299781,GOLPH3;RAB10;GCC2;BBS2;BLZF1;VAMP2;PREPL;GOLGA7;GGA2,wald_stat,GO_Biological_Process_2023
Regulation Of Lysosomal Lumen pH (GO:0035751),-1.1404011974429662,0.7546114046049235,0.2703180212014134,TCIRG1;ATP6V1H;RNASEK;ATP6V0C,wald_stat,GO_Biological_Process_2023
Cellular Response To Lectin (GO:1990858),-1.1403862448546105,0.7479144300897205,0.2881944444444444,CREBBP;IKBKB;KLRC2;TYROBP;LYN;PAK1;KLRC4;KLRC3;EP300;FYN,wald_stat,GO_Biological_Process_2023
Stimulatory C-type Lectin Receptor Signaling Pathway (GO:0002223),-1.1403862448546105,0.7479144300897205,0.2881944444444444,CREBBP;IKBKB;KLRC2;TYROBP;LYN;PAK1;KLRC4;KLRC3;EP300;FYN,wald_stat,GO_Biological_Process_2023
Innate Immune Response Activating Cell Surface Receptor Signaling Pathway (GO:0002220),-1.1403862448546105,0.7479144300897205,0.2881944444444444,CREBBP;IKBKB;KLRC2;TYROBP;LYN;PAK1;KLRC4;KLRC3;EP300;FYN,wald_stat,GO_Biological_Process_2023
Negative Regulation Of Supramolecular Fiber Organization (GO:1902904),-1.140334650527729,0.7459069809285421,0.2440273037542662,MAPRE1;TWF1;PFDN1;SSH1;PFDN2;PFDN4;TWF2;PFN1;ATXN7;TBCD;CIB1;STMN1,wald_stat,GO_Biological_Process_2023
Negative Regulation Of Immune Response (GO:0050777),1.1399976070559472,0.7751068951775479,0.2765432098765432,MAPK14;TRIM27;PRKDC;YWHAZ;PLCG1;ATG5;FCGR2B;PARP1;HAVCR2;RHBDF2,wald_stat,GO_Biological_Process_2023
Positive Regulation Of Peptidyl-Tyrosine Phosphorylation (GO:0050731),-1.1399575536262772,0.7448558425996303,0.2600349040139616,DGKQ;CD81;TGFB1;PTPRJ;EPHA4;LRP8;DLG3;TNK2;CCL5;LYN;RIPK2;IL18;UNC119,wald_stat,GO_Biological_Process_2023
Positive Regulation Of Fat Cell Differentiation (GO:0045600),-1.1390971858598262,0.7454494944849933,0.2640144665461121,METRNL;AKT1;ZC3H12A;ID2;CARM1,wald_stat,GO_Biological_Process_2023
Regulation Of Cytokine Production Involved In Inflammatory Response (GO:1900015),1.1386091550576527,0.77629526629754,0.2654462242562929,MAPK14;GBP5;STAT3;CD6;HIF1A,wald_stat,GO_Biological_Process_2023
Positive Regulation Of Phagocytosis (GO:0050766),1.1382465209192953,0.7738228642246812,0.275,PTPRC;NCKAP1L;CD47;IFNG;FCGR2B,wald_stat,GO_Biological_Process_2023
Activation Of GTPase Activity (GO:0090630),1.1378539648215682,0.7715659778642657,0.23267326732673269,ARHGAP25;ARHGAP45;RASGRP1;TBCK;PIP5K1A;GPR65;TBC1D25,wald_stat,GO_Biological_Process_2023
Cellular Response To Starvation (GO:0009267),-1.1375383301271689,0.7481552158488538,0.21661237785016288,ATF4;MAP1LC3B;WDR45B;ZC3H12A;STK24;ATG7;FNIP1;GABARAPL1;TBL2;BECN1;SESN3;FADS1;SEH1L;USP33;WIPI1;TFEB;ITFG2;SREBF1;ATG14;SUV39H1;JMY;HSPA5;LAMP2;EIF2AK2;FLCN;PLIN3;ASNS;SZT2;CPEB4;MTMR3,wald_stat,GO_Biological_Process_2023
Regulation Of Interleukin-12 Production (GO:0032655),1.1373657052073094,0.7696725064172641,0.2766990291262136,MAPK14;CD47;IFNG;LAPTM5;LTB;IL16;TIRAP;FOXP1;MAST2;CMKLR1;HMGB1;IRF5;THBS1;TIGIT;HSPD1;PLCG2,wald_stat,GO_Biological_Process_2023
Regulation Of calcineurin-NFAT Signaling Cascade (GO:0070884),1.1367643873348707,0.7679384060599354,0.27546296296296297,PPP3CB;PPP3CC;ATP2B4;PPP3R1,wald_stat,GO_Biological_Process_2023
B Cell Receptor Signaling Pathway (GO:0050853),1.1366646881962845,0.7646151624402294,0.2703862660944206,PIK3CD;PTPRC;NCKAP1L;NFATC2,wald_stat,GO_Biological_Process_2023
Translation (GO:0006412),1.1364092176459626,0.7619272851440828,0.18933333333333333,MRPS7;APEH;DARS1;TNIP1;COPS5;EEF1A1;DAP3;MRPL49;MRPS33;MRPL3;SRBD1;SARS1;EEF2;MRPL34;QARS1;RARS2;MRPS18C;EEF1B2;EEF2K;EPRS1;MRPL41;MRRF;RACK1;MRPL20;ABCE1;EIF4G1;MRPL18;MRPS34;IARS2;MRPS18B;MRPL17;WARS2;MRPS14;MARS2;MRPL36;EIF4EBP2;MRPL27;MRPL53;GSPT1;EIF5A2;MRPL51,wald_stat,GO_Biological_Process_2023
U2-type Prespliceosome Assembly (GO:1903241),-1.1361013766986945,0.7506110369679238,0.2838095238095238,SF3B6;PHF5A;SNRPB2;SNRPD1;SF3A2;SNIP1;SF3B2;SF3B5,wald_stat,GO_Biological_Process_2023
Regulation Of Intracellular Signal Transduction (GO:1902531),1.135999970096586,0.7597220687175011,0.1518624641833811,ARHGEF3;TAGAP;ARHGAP30;ARHGAP45;ARAF;STK4;ARHGEF2;TNIK;LBH;PLEKHG3;UFL1;HSPB1;TBCK;CRK;WDR54;GRAP2;RFFL;NUAK1;PAK2;PIP5K1A;DAPK2;ARHGAP1;ZFAND6;ARHGAP15;CARD8,wald_stat,GO_Biological_Process_2023
Spliceosomal Complex Assembly (GO:0000245),-1.1358457112894647,0.7492851769425902,0.26287744227353466,SF3B6;SRSF10;CRNKL1;RBM5;PHF5A;SNRPB2;SRSF9;NCBP1;SNRPD1;DDX1;SRSF5,wald_stat,GO_Biological_Process_2023
Mitochondrial Transport (GO:0006839),-1.1356287581829376,0.7478201007429452,0.2547008547008547,TIMM17A;TIMM8B;TIMM23;BCS1L;BAD;TOMM22;STARD3;SLC25A5;TOMM5;PINK1;TSPO,wald_stat,GO_Biological_Process_2023
Protein-Containing Complex Assembly (GO:0065003),-1.1349996205831827,0.7477402195960371,0.18057663125948406,NCK2;RAB5IF;NAPG;FARP2;TMED10;CHMP4A;ZC3H12A;CSNK2B;TRAPPC2L;PSMG2;TRAPPC6A;TGFB1;CREBBP;SLC2A1;CSNK1D;BAD;CUL3;CAND1;ELOB;SRP19;TMED2;AXIN1;CENPT;BECN1;GPAA1;SRP54;GAK;MNAT1;WDCP;SLC9A1;CAPZA2;TAPBP;MDM4;DMTN;CASP4;TRAPPC5,wald_stat,GO_Biological_Process_2023
Regulation Of ERK1 And ERK2 Cascade (GO:0070372),-1.1344250672933456,0.7474020911558766,0.2398042414355628,XCL1;TGFB1;SPRY2;FBXW7;GPR183;PIN1;GLIPR2;MAP2K7;ALKAL2;LGALS9;XCL2;NOTCH1;PRKCA;EPHA4;CCL4;CCL5;PRXL2C;LYN;DENND2B;GSTP1;HLA-DRB1;BRAF;ARRB1;DUSP6;SHC1;PHB1;RANBP9;FLCN;ICAM1;CIB1;ARRB2;PTPN2,wald_stat,GO_Biological_Process_2023
RNA 3'-End Processing (GO:0031123),-1.1330237561627456,0.7499459943817787,0.27440147329650094,TENT4B;CPSF7;SUPV3L1;HEXIM1;NCBP1;NUDT21;CPSF6;TOE1,wald_stat,GO_Biological_Process_2023
Regulation Of Myoblast Differentiation (GO:0045661),1.133005675911601,0.7664591122118116,0.2471655328798186,MAPK14;RIPOR2;ZFP36L1;PBRM1;SMARCC2,wald_stat,GO_Biological_Process_2023
Regulation Of Phagocytosis (GO:0050764),1.1313323464376346,0.7687000304962966,0.27765237020316025,PTPRC;CD47;IFNG;SNX3;FCGR2B;RACK1;LETMD1,wald_stat,GO_Biological_Process_2023
Regulation Of Mitotic Nuclear Division (GO:0007088),-1.1310116506932473,0.7542818222829033,0.2604735883424408,AURKAIP1;PIN1;FBXO5;MKI67;DAPK3,wald_stat,GO_Biological_Process_2023
Regulation Of miRNA Transcription (GO:1902893),1.130680941426986,0.7674094121360201,0.27740492170022374,ETS1;STAT3;JUN;DDX5;HIF1A;GNL3;PPARA;SMAD3;NFATC3;TP53;REST;RARA;MRTFA,wald_stat,GO_Biological_Process_2023
Nucleus Organization (GO:0006997),-1.129772942401414,0.7561003484410949,0.29391304347826086,CHMP4A;NUP54;CHMP2B;NUP133;SEH1L;TMEM170A;CHMP2A;VPS4A;LMNB2;USP36;ATXN7;DMPK;TPR;LMNA;NUP98,wald_stat,GO_Biological_Process_2023
Protein-Containing Complex Organization (GO:0043933),-1.1295636017419073,0.754583765509395,0.23809523809523808,NAPG;CSNK2B;CREBBP;SLC2A1;NUP54;ELOB;NUP133;AXIN1;BECN1;GPAA1;MNAT1;SEH1L;CAPZA2;TAPBP;MDM4;DMTN,wald_stat,GO_Biological_Process_2023
mRNA Transcription (GO:0009299),-1.1289636700400059,0.7543659221689119,0.25627240143369173,ATF4;TAF11;TAF10;ZBTB1;NCOA1;NCBP1;NCBP3;TAF4;S100A10,wald_stat,GO_Biological_Process_2023
Fatty Acid Catabolic Process (GO:0009062),1.1289135157391774,0.7698906219583332,0.2475,ECHDC2;ECHDC1;ABHD3;HADHA;CROT;ABHD2;ACADM;MCAT;ACAT1;PHYH;BDH2;LPIN2;ACAA2;ECI2;ABCD3;MTLN;SCP2;AUH;PEX2,wald_stat,GO_Biological_Process_2023
Cellular Response To Transforming Growth Factor Beta Stimulus (GO:0071560),1.1287553368934855,0.7670010718128273,0.25183374083129584,TGFBR2;FNTA;ZFP36L1;STAT3;JUN,wald_stat,GO_Biological_Process_2023
"Positive Regulation Of DNA-templated Transcription, Elongation (GO:0032786)",-1.1285632212495649,0.7536706603874481,0.2461799660441426,MED10;PWWP2B;MED30;NCBP1;BRD4;ELL;EAPP;MED4;CCNT1;KAT7;MED19;CCNT2;CDK9;MED17;CDK12;TCERG1;MED6,wald_stat,GO_Biological_Process_2023
Positive Regulation Of Angiogenesis (GO:0045766),-1.1284645477618707,0.7518308461091098,0.2521150592216582,MYDGF;ZC3H12A;VEGFB;PDCL3;HIPK1;PRKCA;EMC10;AGO2;PRKCB;JMJD8,wald_stat,GO_Biological_Process_2023
Regulation Of T Cell Differentiation (GO:0045580),-1.1281982821976906,0.7505696183468283,0.28169014084507044,BRD7;ARID1B;TCF7;CLPTM1;GATA3;ZBTB1;ZMIZ1,wald_stat,GO_Biological_Process_2023
Regulation Of Dendrite Morphogenesis (GO:0048814),1.1270184785091768,0.7695082068324431,0.29175946547884185,TNIK;CAPRIN1;SARM1;YWHAH,wald_stat,GO_Biological_Process_2023
Negative Regulation Of Cell Migration (GO:0030336),-1.1269375932437298,0.7523322132339098,0.24754098360655738,ARHGAP4;RAP2C;ADARB1;STK24;CALR;RAC1;TIMP1;DUSP22;LDLRAD4;PTPRJ;EPHA4;SAP30L;BST2;EVL;GTPBP4;PODN;ENG;OGT,wald_stat,GO_Biological_Process_2023
Positive Regulation Of Endothelial Cell Migration (GO:0010595),-1.1261708797474523,0.7526769105739977,0.2733446519524618,AKT1;ZC3H12A;TGFB1;MAP2K3;CALR;RAC1;GATA3;P2RX4;PRKCA;EMC10,wald_stat,GO_Biological_Process_2023
Cellular Response To Molecule Of Bacterial Origin (GO:0071219),-1.1258532848903284,0.7516952983047341,0.2663230240549828,VIM;GIT1;ZC3H12A;PLAA;TNIP3;TNIP2;NFKBIB;SHPK;PABPN1;SBNO2;NFKB1,wald_stat,GO_Biological_Process_2023
Protein Acylation (GO:0043543),-1.1258044271982448,0.74975442448823,0.2814814814814815,ZDHHC18;CREBBP;SELENOK;ZDHHC14;ZDHHC3;ING5;ZDHHC20;ZDHHC7;KAT2B;GTF2B;EP300;ZDHHC13;ZDHHC8;ZDHHC2;NAA80;ZDHHC6,wald_stat,GO_Biological_Process_2023
Regulation Of Proteasomal Protein Catabolic Process (GO:0061136),1.125329701447312,0.7717226043674748,0.2737556561085973,UCHL5;XPO1;ARAF;UFL1;DESI1;RAD23B;USP14;USP19;MARCHF7;GLMN,wald_stat,GO_Biological_Process_2023
Myeloid Leukocyte Differentiation (GO:0002573),-1.125070994058441,0.7501444976193195,0.2864406779661017,CDC42;FARP2;GATA3;GPR183;LGALS9;SBNO2;TNFRSF11A;SRP54;SOCS1;TYROBP;HLA-DRB1,wald_stat,GO_Biological_Process_2023
Histone Deacetylation (GO:0016575),1.124677077503789,0.7706238598203876,0.2635294117647059,HDAC1;RBBP4;HDAC8;MSL3;MORF4L2;HDAC5;HDAC6;MTA2;MIER1;MORF4L1;BRMS1L,wald_stat,GO_Biological_Process_2023
Negative Regulation Of Protein Catabolic Process (GO:0042177),-1.1244393485400763,0.7502282020598395,0.28596491228070176,MAD2L2;FURIN;PSMF1;PIN1;TIMP1;MDM4;AZIN1;OPHN1;PHB1;BANP;CYP51A1;SNX12;HMGCR,wald_stat,GO_Biological_Process_2023
Synapse Organization (GO:0050808),1.1239659838787706,0.769518242826959,0.27835051546391754,CHCHD10;CAST;PSEN1;CX3CR1;GPHN;SPOCK2;PPFIA1;F2R;PTEN;APPL1,wald_stat,GO_Biological_Process_2023
Exocytosis (GO:0006887),1.1232930633262193,0.768464127376199,0.24278846153846154,MIA3;COPS5;SYTL2;RAB10;STX2;RAB11A;WASHC3,wald_stat,GO_Biological_Process_2023
Organic Anion Transport (GO:0015711),1.1220970896323066,0.7691476358517009,0.2649164677804296,SLC4A7;SLC35C2;LRRC8D;SLC2A3;SLCO4C1;MFSD10;SLC4A2,wald_stat,GO_Biological_Process_2023
Leukocyte Cell-Cell Adhesion (GO:0007159),1.1213614268522187,0.7684552119329302,0.29321663019693656,TNIP1;ITGA4;CERCAM,wald_stat,GO_Biological_Process_2023
Positive Regulation Of Proteasomal Ubiquitin-Dependent Protein Catabolic Process (GO:0032436),-1.1211381956345052,0.7585339926585379,0.281505728314239,RAD23A;CSNK1D;ELOB;DDA1;GSK3A;TRIB2;AXIN1;RNF19B;ARIH2;SUMO1;NFE2L2;HECTD1;CSNK1E;PIAS1,wald_stat,GO_Biological_Process_2023
DNA Damage Response (GO:0006974),1.1211150376788923,0.7658668945432516,0.16666666666666666,USP28;MAPK14;RECQL;XRCC5;HDGFL2;SHPRH;GNL1;NSMCE3;SMC6;SMARCA5;PRKDC;HPF1;BAZ1B;RPA3;SETX;NFATC2;RFC5;PARP4;GTF2H1;DDB2;RFC4;ASF1A;MCL1;HMCES;BCL2L1;PSEN1;GTF2H3;TDP1;UBE2B;CBX3;HERC2;UBR5;FAAP20;SMG1;PARP1;TRRAP;RRM1;ATRX;VRK1;ATF2;ALKBH8;VCP;LIG1;ERCC8;ZDHHC16;IRF3;EP400;MSH3;SMC1A;OARD1;NPM1;RAD17;RBX1;TAOK1;ATRIP;FANCF;NEK4;UVRAG;PPP1R15A;TAOK3;CIDEB;REXO4;NCOA6;CRADD;MRE11;ZBTB4;TIMELESS;SLF1;ETAA1;RNF8;POLI;MRPL36;MTOR;RAD51C;RAD18;ASH2L;UBA7;TP53;ATM,wald_stat,GO_Biological_Process_2023
Positive Regulation Of I-kappaB kinase/NF-kappaB Signaling (GO:0043123),-1.1199962425659287,0.7601239977162912,0.23956723338485317,TFG;CARD11;RHOC;LGALS1;TNIP2;MIB2;BIRC2;TMEM9B;LGALS9;BRD4;GAPDH;DDX1;GPR89A;S100A4;PRKCB;TMED4;IKBKB;LAMTOR5;IRAK1;JMJD8;TRIM25;REL;PINK1;HLA-DRB1;BST2;SHISA5;RIPK2;TRIM58,wald_stat,GO_Biological_Process_2023
Muscle Contraction (GO:0006936),-1.1197566147004074,0.7587754935081912,0.2866779089376054,SNTB1;PABPN1;ASPH;TPM3;MYL6;TTN,wald_stat,GO_Biological_Process_2023
Negative Regulation Of Catabolic Process (GO:0009895),-1.1196788465869323,0.7569224064716007,0.2687813021702838,MAD2L2;GIT1;PDCL3;PIN1;FBP1;CSNK2A2;MDM4;AZIN1;HIPK2;PHB1;BANP;FLCN;CYP51A1;SNX12;HMGCR;PRKAA1;ZDHHC7;NCOR1,wald_stat,GO_Biological_Process_2023
Regulation Of Transcription Elongation By RNA Polymerase II (GO:0034243),-1.119268597924253,0.7561843717895231,0.25542570951585974,MED10;LDB1;PWWP2B;MED30;HEXIM1;NCBP1;LARP7;ELL;EAPP;MED4;CCNT1;MED19;NELFCD;NELFA;CDK9;INTS1;MED17;INTS6;CDK12;TCERG1;NELFB;MED6;WDR43;INTS12;MED1,wald_stat,GO_Biological_Process_2023
Multivesicular Body Organization (GO:0036257),-1.1191365882774356,0.7545355345593014,0.2945326278659612,CHMP4A;VPS37B;STAM;CHMP2B;UBAP1;CHMP2A;VPS4A;SNF8,wald_stat,GO_Biological_Process_2023
Protein Phosphorylation (GO:0006468),-1.1189675412037148,0.7529186594941989,0.19236016371077763,LIMK1;CSNK1G2;PKN1;CTBP1;SIK3;MAPKAPK2;CLK3;RUNX3;GRK2;AKT1;TAF11;RYK;DGKQ;TAF10;GMFG;CSNK2B;ULK1;TGFB1;STK24;GRK6;ERN1;CLK1;MAPK9;BRD2;PRKAG1;FAM20B;CSNK1D;PRKACA;DAPK3;HIPK1;GSK3A;COPS8;MKNK2;PKN2;PRKCA;TRIB2;EPHA4;BECN1;LATS1;MKNK1;GMFB;MAP3K10;HCST;PRKCB;CSNK2A2;TAF4;IKBKB;CLK4;PIM3;CCNT1;CDK16;IRAK1;PRKAG2;LYN,wald_stat,GO_Biological_Process_2023
rRNA Modification (GO:0000154),1.1184878426071412,0.7718656604769515,0.3114754098360656,MRM2;METTL5;FBL;TFB1M;DKC1;NAT10;NOP10;ZCCHC4;NSUN3,wald_stat,GO_Biological_Process_2023
Multivesicular Body Assembly (GO:0036258),-1.1175730193624664,0.7554135539845078,0.2915194346289753,CHMP4A;VPS37B;STAM;CHMP2B;UBAP1;CHMP2A;VPS4A;SNF8,wald_stat,GO_Biological_Process_2023
SMAD Protein Signal Transduction (GO:0060395),-1.1174624018721502,0.7537089173951264,0.29484902309058614,TGFB1;ZMIZ1;GDF11;SMAD5;HIPK2;RUNX2,wald_stat,GO_Biological_Process_2023
Negative Regulation Of Receptor-Mediated Endocytosis (GO:0048261),-1.1170850966900656,0.7527164055499265,0.32452830188679244,ANKRD13D;RAC1;RIN3,wald_stat,GO_Biological_Process_2023
Positive Regulation Of Transport (GO:0051050),-1.1169371487658377,0.7512013907609756,0.298932384341637,INPP5K;PLAA;FLOT1;GSK3A;CD151;BAK1;BOK;GSK3B;NR1H3;DYNC1H1;CAPN10;KCTD7;AKT2;SYNGR3;CHP1;CEBPB;KMT2A;ACTB,wald_stat,GO_Biological_Process_2023
ATP Metabolic Process (GO:0046034),1.1169252304321404,0.7740534861055709,0.2922374429223744,ATP5PO;NUDT5;NUDT2;PARP1;SLC25A13;PARG;HSPA8,wald_stat,GO_Biological_Process_2023
Erythrocyte Differentiation (GO:0030218),-1.1166654253708146,0.750031354784505,0.2921739130434783,SLC25A38;CEBPG;ZFPM1;ID2;CASP3;DMTN;KMT2E;LYN;SLC25A5,wald_stat,GO_Biological_Process_2023
Regulation Of Cell Growth (GO:0001558),-1.1159506480178922,0.7504370534615129,0.23174603174603176,CDC42;BCL6;MAD2L2;AKT1;PPP1R9B;LAMTOR1;SERTAD2;TGFB1;FXN;SUPV3L1;CDKN2D;PPP2CA;NDUFA13;SERTAD3;PTPRJ;NAIF1;FBP1;NUBP1;NCBP1;CGRRF1;TSPYL2;URI1;MAPKAP1;KAT7;NDUFS3;TAOK2;MLST8;OSGIN2;BST2;PTCH2;SIPA1,wald_stat,GO_Biological_Process_2023
Regulation Of Cholesterol Efflux (GO:0010874),-1.1157195428752222,0.7491430271396254,0.3170731707317073,LAMTOR1;ABCA5;ABCA3;ABCA7;TTC39B;GPS2;NR1H3;NFKBIA;ZDHHC8,wald_stat,GO_Biological_Process_2023
Regulation Of Protein Secretion (GO:0050708),1.1153006324481165,0.776254722334188,0.28045977011494255,PPP3CB;GOLPH3;IFNG;HADHA;SERGEF;SLC25A22;UQCC2;RHBDF2;ARFIP1;PICK1,wald_stat,GO_Biological_Process_2023
Plasma Membrane Bounded Cell Projection Organization (GO:0120036),-1.1132499462777805,0.7550603413593555,0.26800670016750416,PPP1R9B;RYK;ULK1;TTC17;RAC1;PQBP1;STX3;ATXN10;ZFYVE27;CAMSAP1;STMN3;CDK16;PKD2;LYN;FRY;MICALL1;OPHN1,wald_stat,GO_Biological_Process_2023
Regulation Of Protein Kinase Activity (GO:0045859),1.1123534776253212,0.7830227559740583,0.25263157894736843,TAF7;XRCC5;TRIM27;PTPRC;SOD1;XRCC6;HSPB1;DAXX;PAK2;GSKIP;TARBP2;QARS1;CACUL1,wald_stat,GO_Biological_Process_2023
Heart Development (GO:0007507),1.111902134377379,0.78136396075037,0.27989821882951654,TGFBR2;SMYD4;CDKN1B;TCF25;CITED2;TAFAZZIN;PCSK5;AKAP13;ZDHHC16;DYNLL1;KAT2A;HEG1;BCOR;PTEN;PDLIM1;PDLIM5;NCOA6;MEF2A;NIPBL,wald_stat,GO_Biological_Process_2023
tRNA Methylation (GO:0030488),1.1117370915244165,0.7786308073967173,0.28929384965831434,THADA;TRMT1L;THUMPD3;METTL2B;NSUN2;DALRD3;BCDIN3D;METTL6;TYW3;TRMT13;TRMT6,wald_stat,GO_Biological_Process_2023
Positive Regulation Of T Cell Differentiation (GO:0045582),-1.1117051268347689,0.7582299420252283,0.30458715596330277,BRD7;ARID1B;BCL6;GATA3;ZBTB1;ZMIZ1;NKAP;SOCS1;HLA-DRB1;ARID1A;SOX4,wald_stat,GO_Biological_Process_2023
Stem Cell Differentiation (GO:0048863),1.1116088286176147,0.7757137896265623,0.2799145299145299,PTPRC;UFL1;PSMD11;FBXL17;METTL5;TP53;PUM1;BATF;CTNNB1,wald_stat,GO_Biological_Process_2023
Cellular Response To Hexose Stimulus (GO:0071331),-1.1111108019878737,0.7580621484354982,0.30550621669627,ERN1;TRA2B;PRKACA;IGF1R;SOX4;ZNF236;PRKAA1,wald_stat,GO_Biological_Process_2023
Positive Regulation Of Double-Strand Break Repair (GO:2000781),1.1106893407400524,0.7755635771546672,0.2584856396866841,HDGFL2;SMCHD1;PRKDC;PBRM1;SMARCC2;SPIRE1;MORF4L2;BRD8;PARP1;TRRAP;RUVBL1;SMARCC1;EP400;WRAP53;HELQ;ACTR2;TIMELESS;SLF1;MORF4L1;MRGBP;ARID2;ACTL6A;KMT5C;VPS72;UBE2V2;DDX11;SMARCA2;ERCC6;EPC2,wald_stat,GO_Biological_Process_2023
Positive Regulation Of Neutrophil Migration (GO:1902624),1.1106110040602428,0.772549931784687,0.3130434782608696,RIPOR2;NCKAP1L;DAPK2,wald_stat,GO_Biological_Process_2023
rRNA Catabolic Process (GO:0016075),1.110184898475768,0.7707421118909414,0.3242009132420091,TRIR;EXOSC2;SLFN12;EXOSC3;XRN1;EXOSC8,wald_stat,GO_Biological_Process_2023
Antigen Processing And Presentation Of Exogenous Peptide Antigen (GO:0002478),-1.109585198318762,0.7608838765840765,0.3339587242026266,HLA-DRB5;CTSD;CTSS;HLA-DRB1;HLA-F;DNM2;HLA-DQA2;HLA-E;GNAO1,wald_stat,GO_Biological_Process_2023
Cellular Response To Hormone Stimulus (GO:0032870),1.1095725195283666,0.7695567914473505,0.3118279569892473,SERPINB9;ZFP36L1;STAT3;ATP1A3;WBP2;BRD8,wald_stat,GO_Biological_Process_2023
Regulation Of Androgen Receptor Signaling Pathway (GO:0060765),1.1084759735224528,0.7698991592087638,0.2841880341880342,HDAC1;RNF14;PRMT2;DDX5,wald_stat,GO_Biological_Process_2023
RNA Phosphodiester Bond Hydrolysis (GO:0090501),1.1084148828109126,0.7668971755925852,0.2986425339366516,TRIR;PCF11;PARN;XRN1;POP7;ELAC1,wald_stat,GO_Biological_Process_2023
Regulation Of Cyclin-Dependent Protein Kinase Activity (GO:1904029),-1.1081591569063736,0.7632712066425956,0.3050847457627119,BCCIP;CDKN2D;SERTAD1;MNAT1;CCNT1;CDK7;CDC37;CCNT2;GTPBP4;HERC5,wald_stat,GO_Biological_Process_2023
Positive Regulation Of Secretion By Cell (GO:1903532),-1.1076702581535136,0.7628808736739894,0.3060869565217391,GRK2;TMED10;TGFB1;P2RX4;TTN;ARF6;S100A10,wald_stat,GO_Biological_Process_2023
Dephosphorylation (GO:0016311),1.106847669830869,0.768783866215814,0.273224043715847,PPP3CB;PPP2R5A;PPP3CC;PTPRC;PPP2R5D;DUSP16;PPP1CB;MTMR4;CTDSP2;DUSP18;UBLCP1;PPP2R5C;CTDSP1;PTPRM;PPP3R1;MTMR6;PTPN1;PPM1B;FRA10AC1;PTEN,wald_stat,GO_Biological_Process_2023
Negative Regulation Of Metabolic Process (GO:0009892),-1.1061842304363976,0.7654161824893307,0.31161971830985913,ATF4;PLCL2;NOTCH1;BMAL1;PGAM5;GSTP1;ID1;FLCN;RBPJ;ZDHHC7;NR1H3;DDIT3;IL18R1,wald_stat,GO_Biological_Process_2023
Cellular Response To Cytokine Stimulus (GO:0071345),-1.105672567039336,0.7650580974650736,0.2336448598130841,INPP5K;XCL1;AKT1;TCF7;ZC3H12A;EGR1;GATA3;NDUFA13;PRKACA;DAPK3;LGALS9;PTPRJ;GSK3A;SHPK;XCL2;SBNO2;LRP8;UBE2G2;IL4R;GAPDH;CCL4;NFKB1;CALM1;IKBKB;SOCS1;CCL5;OAS1;TYK2;NFE2L2;IL21R;STK39;IRF1;IL2RB;HTRA2;CDK9,wald_stat,GO_Biological_Process_2023
Hexose Biosynthetic Process (GO:0019319),-1.1053140422802479,0.7641988481382258,0.2916666666666667,ATF4;POLR2D;FBP1;CRTC2;ENO3,wald_stat,GO_Biological_Process_2023
rRNA Transcription (GO:0009303),1.1046964403979638,0.772408239463962,0.3484848484848485,ZFP36L1;SPIN1;GTF3C2;TAF1B;POLR1E;GTF3C6;GTF3C3;GTF3C1;GTF3A,wald_stat,GO_Biological_Process_2023
Negative Regulation Of Protein Metabolic Process (GO:0051248),-1.103994298674441,0.7664037898712283,0.2571428571428571,MAD2L2;AKT1;CALR;ENC1;PIN1;PFDN1;DAPK3;PFDN2;CNOT1;EPHA4;PFDN4;GAPDH;NFKB1;MDM4;TYMS;AZIN1;DDX6;ZNF540;EIF4E2;BAG6;DDX3X;CLN3;PCIF1;DNAJC1;EIF2AK2;PHB1;BANP;TSC1;PAIP2;CYP51A1;SNX12;HMGCR;IGF2BP2,wald_stat,GO_Biological_Process_2023
Negative Regulation Of Mitotic Cell Cycle (GO:0045930),-1.1038167018366,0.7649904016841623,0.3087121212121212,BCL6;HECA;AURKAIP1;FZD3;CHFR;BTG3;TOM1L2,wald_stat,GO_Biological_Process_2023
Positive Regulation Of TORC1 Signaling (GO:1904263),1.1033969070288017,0.7735237610496498,0.3004484304932735,RRAGA;PIH1D1;KLHL22;CLEC16A;WDR59;SLC38A9;TELO2;GPR137;RRAGB,wald_stat,GO_Biological_Process_2023
Positive Regulation Of Cysteine-Type Endopeptidase Activity Involved In Apoptotic Process (GO:0043280),1.1033674638990778,0.7704873435473899,0.2717678100263852,S100A8;ARL6IP5;S100A9;CYCS;FAM162A;ANP32B;ATP2A3;CARD8;LCK;IFT57;VCP;DYNLL1;RACK1;LAPTM5;BCL2L13;F2R;FAS;SMAD3;CRADD;CASP8AP2;EIF2AK3;MALT1;REST;CASP2,wald_stat,GO_Biological_Process_2023
Regulation Of DNA Repair (GO:0006282),1.1032324460812977,0.7678487175896179,0.26869806094182824,UCHL5;TAF7;SMCHD1;PBRM1;SMARCC2;USP22;PPP4C;SUPT20H;INO80D;PPP4R2;MORF4L2;BRD8;UBR5;INO80B;DEK;PARP1;TRRAP;RAD52;RUVBL1;PARG;SMARCC1;EP400;WRAP53,wald_stat,GO_Biological_Process_2023
Defense Response To Gram-positive Bacterium (GO:0050830),1.1029457154592692,0.7657053808454722,0.31136363636363634,PPP1R11;GSDMD;GBP4;DROSHA;TIRAP;H2BC12;MR1,wald_stat,GO_Biological_Process_2023
Negative Regulation Of mRNA Catabolic Process (GO:1902373),-1.1029407376022164,0.7657772078157615,0.3378151260504202,RBM38;TENT5A;CIRBP;TENT5C;TAF15;HNRNPAB;NOCT;PAIP1,wald_stat,GO_Biological_Process_2023
Positive Regulation Of Cell Death (GO:0010942),1.1026374267509151,0.7636360292869325,0.3050847457627119,DAXX;IFNG;BNIP3;RIPK1;HTATIP2;NTRK1;EIF4G1;CIDEB;REST;HBA1,wald_stat,GO_Biological_Process_2023
Cell Junction Organization (GO:0034330),-1.1026128966439923,0.7649086774746048,0.32085561497326204,CDC42;TGFB1;PIN1,wald_stat,GO_Biological_Process_2023
Regulation Of Kinase Activity (GO:0043549),-1.1020434525613991,0.7647175421666605,0.313758389261745,ZNF16;RYK;IRS2;LDB1;ZNF622;TTN;TSPYL2,wald_stat,GO_Biological_Process_2023
Gland Development (GO:0048732),-1.1006052348477782,0.767287858436566,0.33271719038817005,GFER;CEBPG;ZBTB1;SRP54;PKD2;RIPK3,wald_stat,GO_Biological_Process_2023
Regulation Of Viral Entry Into Host Cell (GO:0046596),-1.0998859817483493,0.7677502389842469,0.3357664233576642,FURIN;LGALS1;LGALS9;LY6E;P4HB;TRIM25;HLA-DRB1;TRIM58,wald_stat,GO_Biological_Process_2023
Proteasome-Mediated Ubiquitin-Dependent Protein Catabolic Process (GO:0043161),-1.0993379848008848,0.7675990597278598,0.22566371681415928,WDR26;FBXO44;ZNF598;ZFAND2B;ZNRF2;MARCHF6;ANAPC15;RAD23A;CALR;PLAA;FBXW7;ANAPC11;FBXL12;CRBN;UBR1;CUL3;PSMD6;BIRC2;PSMB6;ZFAND2A;GSK3A;FBXO9;ZSWIM8;NSFL1C;DERL1;AXIN1;UBE2G2;FBXL18;SEC61B;FBXO31;BMAL1;CUL5;TOPORS;FBXL6;FBXL5;SEL1L;SPSB3;UBE2S;SPOPL;KCTD2;FAF2;TRIM25;PSMA1;PSMB3;TBL1X;NFE2L2;RNF103;HECTD1;YOD1;SMURF1;ARRB1;BAG6;DDB1;FBXL20;UBE2J1;HSPA5;ANKRD9;PCNP;NEMF;SKP1;MTA1;PSMC2;PSMD7;PSMC3;NPLOC4,wald_stat,GO_Biological_Process_2023
Fc-gamma Receptor Signaling Pathway (GO:0038094),-1.09887993436535,0.767110271342148,0.3350694444444444,LIMK1;YES1;LYN;VAV3;PLA2G6;PAK1,wald_stat,GO_Biological_Process_2023
Protein K48-linked Deubiquitination (GO:0071108),-1.0987951025105227,0.7654292659405243,0.3475177304964539,VCPIP1;USP33;OTUD4;USP25;OTUB1;YOD1,wald_stat,GO_Biological_Process_2023
Regulation Of MAP Kinase Activity (GO:0043405),1.0987007904299453,0.773721051592145,0.2882205513784461,LAX1;RASGRP1;STK38;PDCD10;SMPD1;PIK3CG;CDK5RAP3;ERBB2,wald_stat,GO_Biological_Process_2023
Intracellular Protein Transport (GO:0006886),1.0983569113894538,0.7717859308715735,0.16149068322981366,KPNB1;PPP1R10;TLK1;STRADA;XPO1;NUP62;ARF4;KPNA3;PREB;SNX6;STK4;NUP50;HIKESHI;STAT3;ARHGEF2;PHB2;STX2;EHD1;VPS33A;DNAJC19;MVB12A;SNX27;USO1;DESI1;ARCN1;LMAN1;RAN;YWHAH;EIF4ENIF1;MYO6;RANBP3;HERC2;CSE1L;CTSA;STXBP3;IPO9;SNX17;VPS35;IPO8;COG7;CLTC;SNX1;ARFIP1;SNX8;PICK1;NPM1;FUT10;HDAC6;IPO5;LAPTM5,wald_stat,GO_Biological_Process_2023
Lysosome Localization (GO:0032418),1.0981450764850513,0.7694149557167339,0.29914529914529914,PIK3CD;PIK3CG;VPS33A;NDEL1;BLOC1S1;TMEM106B;FAM98A;HDAC6,wald_stat,GO_Biological_Process_2023
Transforming Growth Factor Beta Receptor Signaling Pathway (GO:0007179),1.0979836974592263,0.7668994047029208,0.3012987012987013,TGFBR2;FNTA;STAT3;JUN;BMPR1A,wald_stat,GO_Biological_Process_2023
Positive Regulation Of Microtubule Polymerization (GO:0031116),-1.0979437400650338,0.7662924557307085,0.31860036832412525,MAPRE1;GIT1;RAC1,wald_stat,GO_Biological_Process_2023
Positive Regulation Of Nucleic Acid-Templated Transcription (GO:1903508),-1.0977837773621657,0.7649205531667503,0.1956521739130435,MAZ;ATF4;JMJD6;GATAD2A;INPP5K;ARID1B;RUNX3;MAD2L2;AKT1;HIVEP3;INO80E;TAF10;KANSL2;PHF5A;MAP2K2;EGR1;TGFB1;MAP2K3;CREBBP;GATA3;USP16;NCOA1;MED30;MBD3;ID2;ING3;KMT2B;SERTAD3;MAP2K7;YAF2;HCFC1;TADA2B;EPC1;KARS1;MSL2;NOTCH1;ZMIZ1;TAF15;BCL3;PCBD2;AXIN1;HHEX;BRD4;BMAL1;FOXK1;NFKB1;MBD2;TAF4;IKBKB;MED4;NFATC1;ATF5;PBX4;HNRNPAB;CD38;TFEB;EDF1;DEAF1;NR1D2;TAF6L;ELF2;KMT2E;NFIL3;DTX3L;HLA-DRB1;SMAD5;PLCB1;TCF3;EDRF1;TBL1X;FOXK2;PHF20;PITHD1;PSMD9;IRF1;BICRA;SUPT7L;SHC1;OGT;RSF1;TESC;ARID1A;HIPK2;MED17;SOX4;NFRKB;ATXN7;INO80C;MTA1;SF3B5;PHB1;SNAI1;NFYA;TRIM28,wald_stat,GO_Biological_Process_2023
Regulation Of Interleukin-10 Production (GO:0032653),-1.0970482845092717,0.7653553195992846,0.3298059964726631,XCL1;LGALS9;TRIB2;ISG15;TYROBP;HLA-DRB1,wald_stat,GO_Biological_Process_2023
Cell-Cell Adhesion Via Plasma-Membrane Adhesion Molecules (GO:0098742),1.0969816475159115,0.7672087527331691,0.31670281995661603,TGFBR2;CD6;NPTN;CADM1;PTPRM,wald_stat,GO_Biological_Process_2023
Regulation Of Transport (GO:0051049),1.0965105781335793,0.7657612074557638,0.31690140845070425,ARL6IP5;RAB11A;EPB41;MYO6,wald_stat,GO_Biological_Process_2023
Negative Regulation Of Response To External Stimulus (GO:0032102),1.0964792064254938,0.7628455247541328,0.2701298701298701,STAT3;IL10RA;PRKDC;CRK;TRIM65;AOAH;YWHAZ;ATG5;ARNT;CARD8;PARP1;VPS35;LPCAT3;SHARPIN;PPM1B;ITCH;PTEN;SIGIRR,wald_stat,GO_Biological_Process_2023
Negative Regulation Of Apoptotic Process (GO:0043066),1.095949957344631,0.7614812970684538,0.20774647887323944,SERPINB9;GOLPH3;HDAC1;NUP62;ARF4;ARAF;SNX6;NCKAP1L;PDCD10;COPS5;PHB2;SOD1;FCMR;PRKDC;TMBIM6;APIP;HSPB1;SETX;IL27RA;CITED2;ERBB2;PAK2;YWHAZ;PIM1;MCL1;BCL2L1;BNIP3;PSEN1;HIGD2A;CX3CR1;ZFAND6;YME1L1;ZNF830;GLO1;PRDX2;HNRNPK;QARS1;HIPK3;TMBIM1;RIPK1;PSMD10;NAA35;HTATIP2;CD27;PIK3CA;NPM1;NTRK1;RASA1;DNAJA3;TPT1;ITCH;PRDX3;TSC22D1;F2R,wald_stat,GO_Biological_Process_2023
Positive Regulation Of Microtubule Polymerization Or Depolymerization (GO:0031112),-1.094533843759681,0.7715340505220719,0.3438077634011091,MAPRE1;RAC1,wald_stat,GO_Biological_Process_2023
Monoatomic Ion Transport (GO:0006811),1.0943990797289156,0.7634315853001731,0.2995049504950495,SLC20A1;ATP10D;SLC1A7;SLC26A11;SLC25A22;SLC12A6;SLC4A2;SLC36A1,wald_stat,GO_Biological_Process_2023
Positive Regulation Of Cell Growth (GO:0030307),-1.0942928659841578,0.770415875686895,0.2980456026058632,LIMK1;CDC42;AKT1;FXN;SUPV3L1;PLAA;NCBP1;ZFYVE27;TWF2;MAPKAP1;MLST8;SMURF1;DDX3X,wald_stat,GO_Biological_Process_2023
"mRNA Cis Splicing, Via Spliceosome (GO:0045292)",-1.094054198005004,0.7692795747510913,0.3209647495361781,SDE2;CWC15;SFSWAP,wald_stat,GO_Biological_Process_2023
Positive Regulation Of Ubiquitin-Dependent Protein Catabolic Process (GO:2000060),-1.09339460676023,0.7694543069887546,0.2899505766062603,RAD23A;FBXW7;CSNK1D;ELOB;DDA1;GSK3A;TRIB2;AXIN1;RNF19B;ARIH2;SUMO1;HECTD1;CSNK1E;SMURF1;PIAS1,wald_stat,GO_Biological_Process_2023
Negative Regulation Of Protein Kinase B Signaling (GO:0051898),-1.0926532663642423,0.7700140625221258,0.34065934065934067,INPP5K;PPP2CA;PTPRJ;FLCN;CIB1;ARRB2;MUL1;PIK3CB;DDIT3;SH2B3,wald_stat,GO_Biological_Process_2023
"Nuclear-Transcribed mRNA Catabolic Process, Exonucleolytic (GO:0000291)",1.0922405334438614,0.7676852745160109,0.3439635535307517,CNOT7;EXOSC2;EXOSC3;EXOSC8,wald_stat,GO_Biological_Process_2023
Positive Regulation Of Defense Response (GO:0031349),1.0920233810708972,0.765418169524825,0.29285714285714287,ETS1;S100A8;GBP5;S100A9;TNIP1;CD47;IFNG;GSDMD;RIPK1;DDT;IL16;RNF185;CAMK2N1;LRSAM1;TIRAP;FADD;NAPEPLD,wald_stat,GO_Biological_Process_2023
Negative Regulation Of Angiogenesis (GO:0016525),1.0913952086275343,0.764475526927488,0.28743961352657005,KLF2;KRIT1;ATP2B4;SARS1;MECP2;PTPRM;ATF2,wald_stat,GO_Biological_Process_2023
Inner Mitochondrial Membrane Organization (GO:0007007),-1.0913945416048825,0.7722993041445912,0.33093525179856115,TIMM8B;MTX1;NDUFA13;APOOL;UQCC3;TIMM8A;MTX3;TIMM22;CHCHD6;ROMO1,wald_stat,GO_Biological_Process_2023
Negative Regulation Of Small Molecule Metabolic Process (GO:0062014),-1.0911755598928492,0.7710285717385537,0.3483754512635379,GIT1;GSK3A;FBP1;USP7,wald_stat,GO_Biological_Process_2023
Amino Acid Catabolic Process (GO:0009063),1.0905823374804242,0.7643937417939302,0.33410138248847926,BLMH;DBT;CARNMT1;ETFA;BCKDHB;HIBCH;ALDH5A1;ALDH6A1;CARNS1;BCKDK;SLC25A44,wald_stat,GO_Biological_Process_2023
Sensory Organ Development (GO:0007423),-1.0902374093039144,0.7720414464873303,0.35611510791366907,GATA3;POLR2D;HIPK1;PBX4;AHI1;HIPK2;RAB18,wald_stat,GO_Biological_Process_2023
Positive Regulation Of Smooth Muscle Cell Proliferation (GO:0048661),-1.0898046400281933,0.7715755845384537,0.3327556325823224,AKT1;TGFB1;MEF2D;ERN1;ID2,wald_stat,GO_Biological_Process_2023
Positive Regulation Of Hydrolase Activity (GO:0051345),-1.0892270613628166,0.77142055921612,0.2894308943089431,XCL1;CALM3;ARHGEF7;RAPGEF1;RHOC;PREX1;SOS2;PIN1;NDUFA13;ARHGAP11A;XCL2;TBC1D20;CCL4;CTSS;CALM1;RGS16;CCL5;S100A10;PINK1;RTN4R;RIPK3,wald_stat,GO_Biological_Process_2023
Positive Regulation Of Protein Serine/Threonine Kinase Activity (GO:0071902),1.0891005743378106,0.7663383834662664,0.3225806451612903,RASGRP1;PDCD10;ADRB2;PIK3CG;MAP2K1;IFNG;PIH1D1;ERBB2;ATP2B4,wald_stat,GO_Biological_Process_2023
Visual Perception (GO:0007601),-1.0883788893577577,0.7720706536766802,0.32857142857142857,RABGGTA;DHRS3;RGS16;CACNA2D4;OPA3;RDH10;BEST1;RABGGTB;ARRB1;UNC119;ATXN7;COL18A1,wald_stat,GO_Biological_Process_2023
Negative Regulation Of Defense Response (GO:0031348),1.0880330619497776,0.766951275476508,0.32019704433497537,STAT3;IL10RA;PRKDC;TRIM65;AOAH;YWHAZ;ATG5;ARNT;PARP1;VPS35;LPCAT3;SHARPIN;PPM1B;ITCH;PPARA;SELENOS;RB1;RORA;TNFRSF1A;ELF4;IFI16,wald_stat,GO_Biological_Process_2023
Proteasomal Protein Catabolic Process (GO:0010498),-1.0879768456655583,0.7713733738941708,0.2595419847328244,WDR26;FBXO44;ZFAND2B;ZNRF2;MARCHF6;RAD23A;PLAA;FBXW7;ENC1;CRBN;CUL3;PSMD6;BIRC2;PSMB6;ZFAND2A;GSK3A;FBXO9;ZSWIM8;NSFL1C;DERL1;AXIN1;BMAL1;PSME4;TOPORS;SEL1L;SPSB3;SPOPL;KCTD2;PSMA1;PSMB3;TBL1X;NFE2L2;HECTD1;SMURF1;ARRB1;BAG6;DDB1;ANKRD9;PCNP;SKP1;MTA1;PSMC2;PSMD7;PSMC3,wald_stat,GO_Biological_Process_2023
Positive Regulation Of Cellular Biosynthetic Process (GO:0031328),-1.0877168094022127,0.770306329151612,0.304552590266876,RBM3;VIM;AKT1;YTHDF3;IRS2;EGR1;YTHDF1;CIRBP;P2RX4;LARP1B;BCL3;AGO2;STARD4;LPGAT1;GIPC1;CCL5;CD244;PKD2;SREBF1;DDX3X;DDB1;PCIF1;OGT;METTL3;SOX4;CNEP1R1;SLC27A1,wald_stat,GO_Biological_Process_2023
Regulation Of Spindle Organization (GO:0090224),1.0876930027936664,0.7650810835216246,0.3274725274725275,SENP6;NUP62;CLTC;BORA;MAP9;FSD1;NUMA1,wald_stat,GO_Biological_Process_2023
Integrated Stress Response Signaling (GO:0140467),1.0872212988058787,0.7636453961561495,0.3233404710920771,JUN;EIF2S1;CREBZF;JUNB;CREB3;OMA1;EIF2AK3;BATF;GCN1,wald_stat,GO_Biological_Process_2023
Positive Regulation Of Wnt Signaling Pathway (GO:0030177),-1.0870920069092376,0.770263753379488,0.3256578947368421,CSNK1G2;TGFB1;PIN1;CRBN;CSNK1D;DAPK3;ATP6V0C;FAM53B;HHEX;BMAL1;NFKB1,wald_stat,GO_Biological_Process_2023
Positive Regulation Of Peptide Hormone Secretion (GO:0090277),-1.086319128335785,0.7708104432007183,0.3574007220216607,IRS2;BAD;POLR2D;SELENOT;PSMD9;SOX4,wald_stat,GO_Biological_Process_2023
Protein Methylation (GO:0006479),1.086222390255292,0.7641418690416298,0.3160270880361174,PRMT2;VCPKMT;FAM98A;PRMT5;LCMT1;CAMKMT;GSPT1;METTL22;RAB6A;EEF1AKMT2;EEF2KMT;N6AMT1;PCMT1;PRMT7,wald_stat,GO_Biological_Process_2023
Negative Regulation Of Protein Localization To Plasma Membrane (GO:1903077),1.085687661687509,0.762976421915548,0.3480083857442348,PPP2R5A;BCL2L1;TMBIM1;CLTC;PPFIA1;CSK;GBP1;DAB2;PICALM,wald_stat,GO_Biological_Process_2023
Transmembrane Receptor Protein Serine/Threonine Kinase Signaling Pathway (GO:0007178),1.0853707009051379,0.7611735827677064,0.30357142857142855,TGFBR2;FNTA;STAT3;JUN;RNF111;DDX5;BMPR1A,wald_stat,GO_Biological_Process_2023
RNA Modification (GO:0009451),1.0849283345894014,0.7596312435096008,0.32057416267942584,SARS1;SSB;METTL2B;PARN;MRM2;DTWD1;NSUN2;HENMT1;BCDIN3D;METTL6;AARS1;RBM15;ANKRD16;PUS7L;TFB1M;FTSJ1;NAT10;NOP10;OSGEP,wald_stat,GO_Biological_Process_2023
Protein Deubiquitination (GO:0016579),-1.0847259129819022,0.7742772667702039,0.31451612903225806,OTULINL;ZC3H12A;USP16;OTULIN;UCHL3;USP4;USP7;JOSD1;VCPIP1;USP33;USP18;USP31;OTUD4;USP30;USP25;OTUD6B;USP46;USP3;OTUB1;USP36;YOD1,wald_stat,GO_Biological_Process_2023
Regulation Of Cytokine Production (GO:0001817),1.0844305696257621,0.758422763790996,0.2519280205655527,MAPK14;PPP1R11;PIK3CD;PTPRC;PIK3CG;SOD1;CD47;IFNG;AGPAT1;NPTN;ASB1;CADM1;FCGR2B;BTN2A2;GLMN;ZBTB2;KAT2A;RIGI;ZBTB20,wald_stat,GO_Biological_Process_2023
Positive Regulation Of Endothelial Cell Proliferation (GO:0001938),-1.08410918168486,0.7742686905257278,0.3298429319371728,NRAS;AKT1;MYDGF;VEGFB;PDCL3;PRKCA;EMC10,wald_stat,GO_Biological_Process_2023
Heme Biosynthetic Process (GO:0006783),-1.0823157123668838,0.7780891872375568,0.3576923076923077,SLC25A38;FXN,wald_stat,GO_Biological_Process_2023
Blood Vessel Morphogenesis (GO:0048514),1.082040672323048,0.7633260032354248,0.34216335540838855,TGFBR2;GLMN;RASA1;AGGF1;HEY2,wald_stat,GO_Biological_Process_2023
Regulation Of Centrosome Cycle (GO:0046605),-1.0815312594226536,0.7787486573321603,0.3451492537313433,CHMP4A;CCNL2;CHMP2B;MCM2;CHMP2A;CEP131,wald_stat,GO_Biological_Process_2023
Inflammatory Response (GO:0006954),-1.0814718514234978,0.777051803319342,0.2958199356913183,MAPKAPK2;XCL1;TGFB1;RAC1;GATA3;MAPK9;PRDX5;LGALS9;XCL2;TPST1;CD96;CCL4;DHX8;NFKB1;IKBKB;HDAC9;CCL5;REL;LTB4R;RIPK2;IL18;ITGAL;RELB;C3AR1,wald_stat,GO_Biological_Process_2023
Negative Regulation Of Carbohydrate Metabolic Process (GO:0045912),-1.080776175738114,0.7774405091130723,0.33868092691622104,GIT1;TGFB1;GSK3A;FBP1;USP7,wald_stat,GO_Biological_Process_2023
Response To Gamma Radiation (GO:0010332),1.08058060475292,0.7651168018926608,0.35152838427947597,XRCC5;XRCC6,wald_stat,GO_Biological_Process_2023
Inorganic Cation Import Across Plasma Membrane (GO:0098659),1.0805790849193715,0.7623073008237802,0.3078556263269639,ATP1A3;ATP2B4;SLC12A6;SLC39A6,wald_stat,GO_Biological_Process_2023
Positive Regulation Of Myoblast Differentiation (GO:0045663),1.0805640440131936,0.7595627874735073,0.32808988764044944,MAPK14;RIPOR2;PBRM1;SMARCC2,wald_stat,GO_Biological_Process_2023
Regulation Of Endothelial Cell Proliferation (GO:0001936),-1.080444837401734,0.776535550490442,0.35785953177257523,NRAS;AKT1;MYDGF;VEGFB;PDCL3;PRKCA;EMC10,wald_stat,GO_Biological_Process_2023
Nuclear Transport (GO:0051169),1.0799417472199437,0.7588224457702609,0.3372365339578454,XPO1;NUP62;NUP50;GLE1;NUP37;NPM1;NUP58;NUP188;NUP85;RGS14;NUP42,wald_stat,GO_Biological_Process_2023
Response To Calcium Ion (GO:0051592),1.0798126765338365,0.7564869601297746,0.3120728929384966,SMPD1;STIM1;RASGRP2;ANXA11;CPNE3;ADD1;AHCYL1;ITPKB;SLC25A13,wald_stat,GO_Biological_Process_2023
Response To Organic Cyclic Compound (GO:0014070),1.0797943688493643,0.7537967453008855,0.3528138528138528,ARL6IP5;STAT3;ATF1;STRN3;STING1;CREB1;ALAS1,wald_stat,GO_Biological_Process_2023
Toll-Like Receptor Signaling Pathway (GO:0002224),-1.0795286024708777,0.7775114639922085,0.3373702422145329,MAPKAPK2;TNIP3;CTSS;IRAK1,wald_stat,GO_Biological_Process_2023
Regulation Of Telomere Maintenance In Response To DNA Damage (GO:1904505),1.0794091868091171,0.7523143169994742,0.35665914221218964,UCHL5;INO80D;INO80B;RUVBL1,wald_stat,GO_Biological_Process_2023
Response To Peptide Hormone (GO:0043434),1.079235399699059,0.7502085802373158,0.31105990783410137,ZFP36L1;STAT3;STAT4;STAT5A;STAT6;CREB1;TCF12;ZBTB7B;ROCK2;XBP1;EIF2B3;STAT1,wald_stat,GO_Biological_Process_2023
BMP Signaling Pathway (GO:0030509),-1.07907923139713,0.7751616054087724,0.3546617915904936,TGFB1;HIVEP1;SMAD5;FAM83G;SMURF1;ENG;RUNX2;USP15;PDCD4,wald_stat,GO_Biological_Process_2023
Cellular Response To BMP Stimulus (GO:0071773),-1.07907923139713,0.7751616054087724,0.3546617915904936,TGFB1;HIVEP1;SMAD5;FAM83G;SMURF1;ENG;RUNX2;USP15;PDCD4,wald_stat,GO_Biological_Process_2023
Intrinsic Apoptotic Signaling Pathway In Response To DNA Damage (GO:0008630),-1.0790463942040196,0.7734276171990278,0.33952702702702703,AEN;SNW1;DDIT4;HIPK1;CRIP1;BCL3;TOPORS;MOAP1;BAG6;HTRA2;HIPK2;BAK1;TMEM109;IKBKE;BOK;HIC1;FNIP2;EP300;BAX;DYRK2,wald_stat,GO_Biological_Process_2023
Positive Regulation Of Transferase Activity (GO:0051347),1.078979418246752,0.7482950820588501,0.284688995215311,XRCC5;TNIP1;PRKCQ;BMI1;PTGES3;TCP1;RFC5;HNRNPA2B1;ERBB2;NEK7;RFC4;HNRNPD;PARN;MAP3K4,wald_stat,GO_Biological_Process_2023
Regulation Of Natural Killer Cell Mediated Cytotoxicity (GO:0042269),1.0787208349927668,0.7463785997395682,0.32340425531914896,RASGRP1;CD226;CADM1;KLRD1;SLAMF6;KLRC1,wald_stat,GO_Biological_Process_2023
Cellular Response To Salt (GO:1902075),-1.0781782790998493,0.7743294846027641,0.32220367278797996,ZNF16;PPP1R9B;ZC3H12A;EGR1;CPNE8;ADCY7;SSH1;P2RX4;DMTN;PKD2;BRAF;PDXP;ITPKC;P2RX7;RASA4,wald_stat,GO_Biological_Process_2023
Positive Regulation Of Metabolic Process (GO:0009893),1.0775516347003375,0.7472898840603316,0.3012987012987013,ADRB2;ELOVL6;IFNG;CNOT3;HADHA;FH;BSCL2;EHMT1,wald_stat,GO_Biological_Process_2023
"Retrograde Transport, Endosome To Golgi (GO:0042147)",1.0772343864722618,0.7456121124153838,0.2971014492753623,TRIM27;SNX6;VPS51;GCC2;PIKFYVE;LMAN1;SNX5;SNX3;VPS35;RGP1;BET1L;CLTC;SNX1;SNX8;TMEM87B;ERC1;RCSD1,wald_stat,GO_Biological_Process_2023
Macromolecule Modification (GO:0043412),1.0768719282709418,0.7440944769731184,0.31002331002331,UBE2D2;ST8SIA4;ARAF;STK38;PRKDC;ST6GAL1;UBL4A;PPP4R2;PARP4;PARN;PARP1,wald_stat,GO_Biological_Process_2023
Regulation Of Phosphorylation (GO:0042325),1.0767245172071551,0.7419078466765093,0.33663366336633666,CCDC88C;NCKAP1L;PTGES3;HSPB1;CDKN1B;PSEN1;CDKN2A;GLMN;ILK;DYNLL1;RAD17;ITGA6,wald_stat,GO_Biological_Process_2023
Microtubule Cytoskeleton Organization Involved In Mitosis (GO:1902850),1.0764175499792066,0.7403255155689173,0.327710843373494,KPNB1;KIF2A;CKAP5;KIF3B;RAN;MECP2,wald_stat,GO_Biological_Process_2023
Membrane Organization (GO:0061024),-1.0763458852850418,0.7781116491478897,0.314873417721519,GLTP;NAPG;SYNGR1;AP3D1;CHMP4A;VPS37B;STAM;CHMP2B;NSFL1C;BLTP3B;NAPA;SH3GLB2;UBAP1;TMEM170A;S100A10;STX11;STEEP1;CHMP2A;VPS4A;LMNB2;RABIF;SNF8;CLN3;VAPA;EXOC6B;SNAP29;AP2M1;WASL;SYNJ1;DMPK;UBXN2A;DNM2,wald_stat,GO_Biological_Process_2023
Nucleocytoplasmic Transport (GO:0006913),1.0761149627708446,0.7386629549152293,0.3146341463414634,XPO1;NUP62;NUP50;CDKN1B;GLE1;NUP37;HTATIP2;NPM1;NUP58;NUP188;NUP85;RGS14;MALT1;NUP42,wald_stat,GO_Biological_Process_2023
Gene Expression (GO:0010467),-1.0756985140911555,0.7783072560891884,0.2652439024390244,DNTTIP2;RBM8A;RBM3;ALYREF;DDX19B;MAGOH;RBM5;ADARB1;RBM39;FURIN;SARNP;EXOSC10;DNAJB11;MRPS11;HNRNPH1;THOC7;DDX39A;CASP3;DUSP11;HNRNPL;PABPN1;NUP133;NCBP1;HHEX;TFIP11;MRPL55;DHX8;AGO2;NCBP3,wald_stat,GO_Biological_Process_2023
Regulation Of Smoothened Signaling Pathway (GO:0008589),1.0750230425947156,0.7393091416809543,0.3510392609699769,UCHL5;VCP;FBXL17;RACK1;PTCH1;ULK3;TULP3;RORA,wald_stat,GO_Biological_Process_2023
Regulation Of Cellular Component Size (GO:0032535),-1.0750089832616971,0.7785686522052568,0.3276157804459691,LAMTOR4;RAC1;RIN3;ARHGAP5;LAMTOR5;KXD1;VAV3;BORCS5;RAB22A;RAP1GAP2,wald_stat,GO_Biological_Process_2023
Glycoprotein Metabolic Process (GO:0009100),1.0749140042546979,0.7371047392778758,0.3075117370892019,GOLPH3;ST8SIA4;MAN1A1;TNIP1,wald_stat,GO_Biological_Process_2023
Peptidyl-Serine Phosphorylation (GO:0018105),-1.0743856003017784,0.778629161861909,0.2986003110419907,CSNK1G2;PKN1;MAPKAPK2;GRK2;DGKQ;ULK1;MAP2K2;ERN1;MAPK9;CSNK1D;PRKACA;HIPK1;MKNK2;PKN2;PRKCA;LATS1;MKNK1;MAP3K10;PRKCB;CSNK2A2;IKBKB,wald_stat,GO_Biological_Process_2023
Positive Regulation Of Endocytosis (GO:0045807),-1.0743732558079964,0.7768253476139262,0.3454231433506045,CDC42;CALR;FLOT1;IL15RA;CD151;ABCA7;DOCK2;IL2RB;CLN3;RAB21,wald_stat,GO_Biological_Process_2023
Regulation Of Programmed Cell Death (GO:0043067),1.0740464103222314,0.7371936298911058,0.25069637883008355,TM7SF3;NUP62;IKZF3;MAGED1;ANP32E;TOMM70;DDX42;ANP32B;MORF4L2;BRD8;BNIP3;DAPK2;PRDX2;TRRAP;RUVBL1;RIPK1;IFT57;VCP;RTN4;HTATIP2;IRF3;EP400;RTKN;NTRK1;TPT1;TRIM24;AKT1S1;ETFA;LCMT1;FAS;CIDEB;MORF4L1;MRGBP;OMA1;TP53;ATM;MALT1;REST;ACTL6A,wald_stat,GO_Biological_Process_2023
Regulation Of Histone Acetylation (GO:0035065),1.0739217216152883,0.7350374495771747,0.37327188940092165,SMARCA5;BAZ1B;THAP7;DEK,wald_stat,GO_Biological_Process_2023
Positive Regulation Of Protein Localization To Nucleus (GO:1900182),1.0736137898983988,0.7334440588456855,0.34068627450980393,PPP3CB;TCP1;CDK5RAP3;IFNG;CCT3;CCT6A;RAN;PSEN1;UBR5;NMD3;IPO5;CCT8;CCT7;CCT4;SMAD3;CCT2;PIK3R2;PYHIN1,wald_stat,GO_Biological_Process_2023
Protein Glycosylation (GO:0006486),-1.0735168399730606,0.7777458879641793,0.3028391167192429,MAGT1;RPN2;GALNT10;B3GNT7;GALNT3;B3GNT2;COG3;DDOST;MGAT4B;POMT1;TET2;B3GALT6;MGAT4A;ALG12;DPM1;ALG5;TRAK1;OGT;GALNT11;PLOD1;ALG9;MGAT1;GALNT1;B4GALT1,wald_stat,GO_Biological_Process_2023
Response To Steroid Hormone (GO:0048545),1.072163501764965,0.7353233697434801,0.386892177589852,ATP1A3;WBP2;ABHD2;UBE3A;HSPA8,wald_stat,GO_Biological_Process_2023
Negative Regulation Of Nucleic Acid-Templated Transcription (GO:1903507),-1.0719168601163347,0.7810266069497935,0.25857142857142856,CTBP1;GATAD2A;INPP5K;BRD7;CBX4;XCL1;BCL6;SPINDOC;COMMD7;LDB1;TGFB1;SNW1;CALR;GATA3;SAP18;TRIM33;PSPC1;NDUFA13;HEXIM1;EID1;FOXN3;MBD3;ID2;YAF2;EPC1;KMT5A;PER1;NOTCH1;HNRNPL;BCL3;SBNO2;HHEX;NKAP;BMAL1;FOXK1;ELK3;SUMO1;MAP3K10;MBD2;HDAC9;TLE5;ATF5;ZNF282;MDM4;CD38;MIDEAS;YEATS2;DEAF1;NR1D2;DEDD2;NFIL3;GMNN;PLCB1;BCLAF1;ZBTB21;ZNF540;TFDP2;SUV39H1;ZNF12;FOXK2;IRF1;ZNF350;UIMC1;UBE2I;SHC1;RSF1;POU2F1;EED;MTA1;PER2;GZF1;PHB1;ID1;TRIM28;BRMS1;CTBP2;NACC1;RUNX2;RBPJ,wald_stat,GO_Biological_Process_2023
Positive Regulation Of Organelle Organization (GO:0010638),-1.0713927682156572,0.7808366376110112,0.3723404255319149,SURF4;PFDN2;PLXNA3;SORBS3;HTRA2;P2RX7;SYNJ1;TMED9;RAB3GAP1;GSK3B,wald_stat,GO_Biological_Process_2023
Negative Regulation Of Protein Localization To Cell Periphery (GO:1904376),1.0709553913411705,0.7364864909228004,0.3784355179704017,PPP2R5A;BCL2L1;TMBIM1;CLTC;PPFIA1,wald_stat,GO_Biological_Process_2023
Negative Regulation Of Binding (GO:0051100),-1.0707407969335654,0.7810203088288786,0.34459459459459457,AKT1;ZFPM1;PIN1;SUMO3;TFIP11;SUMO1;ILRUN;IFIT2;USP33;TLE5;GTPBP4;CSNK1E;RSF1;GNL3L;SORL1;PARK7;GZMA;BTAF1;GSK3B;LRPAP1;BAX;NFKBIA,wald_stat,GO_Biological_Process_2023
Positive Regulation Of Viral Process (GO:0048524),-1.070112377293654,0.7811569465337317,0.38250428816466553,ADARB1;RAD23A;KPNA2;PKN2;TBC1D20;TMEM39A;CCL5;PPIH;DDX3X;DDB1;RSF1,wald_stat,GO_Biological_Process_2023
Cardiac Ventricle Morphogenesis (GO:0003208),-1.0700358082704444,0.7795759963031513,0.37523452157598497,TGFB1;GATA3;GSK3A;NOTCH1;ENG;SOX4;RBPJ,wald_stat,GO_Biological_Process_2023
Positive Regulation Of Intracellular Signal Transduction (GO:1902533),-1.0687682491206083,0.7818517441310779,0.28613138686131384,MAZ;TFG;CARD11;RYK;LAMTOR1;CD81;MYDGF;AVPI1;CORO7;LAMTOR4;TGFB1;RHOC;SPRY2;GATA3;LGALS1;TNIP2;BBC3;HEXIM1;MIB2;ZNF622;BIRC2;TMEM9B;P2RX4;FNIP1;LGALS9;PTPRJ;BECN1;BRD4;GAPDH;CCL4;SEH1L;DDX1;HCST;GPR89A;S100A4;PRKCB;TMED4;IKBKB;SEC13;LAMTOR5;CCL5;IRAK1;LYN;JMJD8;TAOK2;TRIM25;REL;PINK1;MLST8;HLA-DRB1;BCLAF1;BST2;SHISA5;TRAT1;RIPK2;TRIM58;IL18;BIRC3;DDX3X;ENG;SHC1;TXN;SPATC1L;IGF1R,wald_stat,GO_Biological_Process_2023
Glucose Metabolic Process (GO:0006006),-1.0686888798679792,0.7802837071926901,0.36395147313691506,ATF4;IRS2;POLR2D;FBP1;CRTC2;ENO3,wald_stat,GO_Biological_Process_2023
Apoptotic Process (GO:0006915),-1.068420081963479,0.7792840188663386,0.29701492537313434,ATN1;GZMM;AKT1;DDIT4;IER3;ERCC3;PPP2CA;BBC3;DIABLO;BAD;LTA;DAPK3;MCM2;BNIP1;CASP3;IFI6;GAPDH;PIDD1;MAP3K10;IFIT2;CSRNP1;RFK;CASP4;IFI27L1;TAOK2;BCLAF1;RIPK2;IRF1;BAG6;FASTKD2;PDCD2L;OGT;PLSCR1;CDK11B;BAK1;BNIP2;MAGEH1;NLRP1;VDAC1;MX1;YARS1;CIB1;DMPK;IFI27L2;BOK;FEM1B;ZBTB16;GZMA;ITGB2,wald_stat,GO_Biological_Process_2023
Regulation Of Interleukin-17 Production (GO:0032660),1.068309328747074,0.7420251365128102,0.35654008438818563,NCKAP1L;PRKCQ;IFNG;LY9;SLAMF6,wald_stat,GO_Biological_Process_2023
Protein Sumoylation (GO:0016925),-1.068064180364538,0.7785820574638883,0.368141592920354,CBX4;SUMO3;ZMIZ1;NSMCE4A;ZNF451;SUMO1;TOPORS;HDAC9;PIAS1;UBE2I;TRIM28;STX1A;SMC5;SLF2;SAE1;UHRF2,wald_stat,GO_Biological_Process_2023
Negative Regulation Of Protein Localization To Nucleus (GO:1900181),-1.06698791984174,0.7799498573044128,0.3544973544973545,LATS1;SUMO1;ILRUN;UFM1;LATS2;FLCN,wald_stat,GO_Biological_Process_2023
Regulation Of Inflammatory Response (GO:0050727),1.0666358241203862,0.7445801289177696,0.3279569892473118,ETS1;S100A8;S100A9;TNIP1;SNX6;STAT3;IL10RA;UFL1;CD47;IFNG;TRIM65;GSDMD;AOAH;ARNT;VPS35;RIPK1;SEMA7A;LPCAT3;SHARPIN;DDT;LETMD1;VAMP2;PPARA;IL16;CAMK2N1;SELENOS;NAPEPLD;RB1;RORA;FOXP1;GPSM3,wald_stat,GO_Biological_Process_2023
"RNA Splicing, Via Transesterification Reactions (GO:0000375)",-1.0664351054559553,0.779864304647424,0.36177474402730375,SRSF10;SLU7;TRA2B;SMNDC1,wald_stat,GO_Biological_Process_2023
Nucleotide-Excision Repair (GO:0006289),1.0662277619983005,0.7433846628566338,0.3436807095343681,SLC30A9;RPA3;RNF111;DDB2;RPA2;GTF2H3;RAD23B;ERCC8;GTF2H5;POLR2I;MRPL36;POLL;TP53;UVSSA;XPC;POLD3;ERCC6;COMMD1;RPA1;ERCC4,wald_stat,GO_Biological_Process_2023
Regulation Of p38MAPK Cascade (GO:1900744),-1.0649960258597122,0.782504523208608,0.3533697632058288,GADD45B;ZC3H12A;LGALS9;PER1;GADD45G;RELL1;STK39;MINK1;ULK4,wald_stat,GO_Biological_Process_2023
Oligosaccharide Metabolic Process (GO:0009311),-1.064547123779434,0.782046878121743,0.3704974271012007,MAN2C1;ST6GALNAC6;NEU1;NAGA,wald_stat,GO_Biological_Process_2023
Regulation Of RIG-I Signaling Pathway (GO:0039535),-1.064336758490507,0.7809261076075248,0.4018181818181818,BIRC2;RNF125;BIRC3;NPLOC4;USP15;UFD1;DHX58;SEC14L1;OASL;PUM2;C1QBP,wald_stat,GO_Biological_Process_2023
Regulation Of T Cell Receptor Signaling Pathway (GO:0050856),-1.0643042956258175,0.779250997230592,0.375,LGALS3;CARD11;CD81;PTPRJ;SLA2;TRAT1;PHPT1;RC3H1;DGKZ;PTPN2,wald_stat,GO_Biological_Process_2023
Peptidyl-Threonine Phosphorylation (GO:0018107),-1.0641293478724874,0.7779500073074558,0.34125636672325976,AKT1;CSNK2B;ULK1;HIPK1;GSK3A;PRKCA;MAP3K10;CSNK2A2,wald_stat,GO_Biological_Process_2023
Metaphase Plate Congression (GO:0051310),1.0641289514917127,0.7470042321949272,0.3411764705882353,TRAPPC12;KPNB1;NUP62;RAB11A;CHMP5,wald_stat,GO_Biological_Process_2023
Regulation Of TOR Signaling (GO:0032006),-1.0637732543170446,0.7772943391173311,0.3539518900343643,DGKQ;LAMTOR1;LAMTOR4;DDIT4;UBR1;FNIP1;GSK3A;FBXO9;BMAL1;SEH1L;SEC13;LAMTOR5;ITFG2;MLST8;GNA12,wald_stat,GO_Biological_Process_2023
Natural Killer Cell Activation (GO:0030101),1.0637712767689453,0.7455301531668916,0.3646788990825688,PIK3CD;PTPRC;RASGRP1;SNX27;SLAMF7;CD2,wald_stat,GO_Biological_Process_2023
Pyroptosis (GO:0070269),1.063645056327991,0.74335173669097,0.3744394618834081,APIP;GZMB;GSDMD,wald_stat,GO_Biological_Process_2023
intra-Golgi Vesicle-Mediated Transport (GO:0006891),-1.0631228442095928,0.7776163302803372,0.3670886075949367,NAPG;TRAPPC10;COG3;VTI1A;NAPA,wald_stat,GO_Biological_Process_2023
Regulation Of Double-Strand Break Repair (GO:2000779),1.0624769807326773,0.7444920408581844,0.32345013477088946,PBRM1;SMARCC2;PPP4C;PPP4R2;SPIRE1;MORF4L2;BRD8;RPA2;UBR5;DEK;TRRAP;RUVBL1;SMARCC1;EP400;WRAP53;ATRIP;ACTR2;TIMELESS;SLF1;MORF4L1;MRGBP;ARID2;ACTL6A,wald_stat,GO_Biological_Process_2023
Activation Of Protein Kinase Activity (GO:0032147),1.0623401075071115,0.7424368812746271,0.3501144164759725,TGFBR2;STRADA;ADRB2;PHB2,wald_stat,GO_Biological_Process_2023
miRNA-mediated Gene Silencing (GO:0035195),-1.060251912402957,0.7845919574163912,0.3784786641929499,CNOT1;NCBP1;TNRC6A;AGO4;AGO2;DDX6;EIF4E2;CNOT8,wald_stat,GO_Biological_Process_2023
GPI Anchor Metabolic Process (GO:0006505),-1.0593806912948194,0.7855665724341265,0.3631578947368421,MPPE1;PIGH,wald_stat,GO_Biological_Process_2023
Cellular Response To Interferon-Beta (GO:0035458),-1.0588793431524026,0.785302032048142,0.391304347826087,NDUFA13;UBE2G2;CALM1;OAS1;IRF1;HTRA2,wald_stat,GO_Biological_Process_2023
Positive Regulation Of Protein Localization (GO:1903829),1.0582557560655617,0.7524685724970215,0.34793187347931875,PPP3CB;TRAPPC12;NUP62;TM9SF4;CEP250;CDK5RAP3;CEP120,wald_stat,GO_Biological_Process_2023
Cognition (GO:0050890),-1.056891690173638,0.7895025880535491,0.39107142857142857,MAGT1;RP9;CHMP2B,wald_stat,GO_Biological_Process_2023
Plasma Membrane Invagination (GO:0099024),1.0564421344202308,0.755478684189802,0.38672768878718533,ARHGAP25;SNX18;SPIRE1;FCGR2B;BIN2,wald_stat,GO_Biological_Process_2023
Negative Regulation Of DNA Binding (GO:0043392),-1.0545860384416117,0.7948230511634006,0.396709323583181,MAD2L2;SUMO3;SUMO1;ILRUN;RSF1;PER2,wald_stat,GO_Biological_Process_2023
Myeloid Cell Differentiation (GO:0030099),-1.0544637934863945,0.7934037716763398,0.38181818181818183,SLC25A38;ZFPM1;CASP3;TET2;KMT2E;LYN;SLC25A5;MAF;HIPK2;PRKX;PTPN2;SNRK;ZBTB16;HSPA9;HCLS1;CEBPA;ATP5IF1;MPIG6B,wald_stat,GO_Biological_Process_2023
Cellular Response To Amino Acid Stimulus (GO:0071230),-1.0543257778803528,0.7921112949835399,0.39015817223198596,NSMF;LAMTOR1;LAMTOR4;UBR1;SESN3;LAMTOR5,wald_stat,GO_Biological_Process_2023
Regulation Of Neurogenesis (GO:0050767),-1.0541529542728802,0.7909285928325577,0.3617021276595745,DYNLT1;YTHDF2;SNW1;NOTCH1;BMAL1;HES6;S100A10,wald_stat,GO_Biological_Process_2023
Regulation Of Innate Immune Response (GO:0045088),-1.053853303200143,0.7901180333277741,0.3454861111111111,SLC15A4;ZDHHC18;AKT1;BIRC2;LRP8;N4BP1;RIOK3;POLR3F;CCL5;CDC37;POLR3C;NFE2L2;IRF1;BIRC3;PLSCR1;NLRC3;SH2D1B;MUL1;HLA-E;IFI35;ERAP1;TRIM21,wald_stat,GO_Biological_Process_2023
Positive Regulation Of Response To Endoplasmic Reticulum Stress (GO:1905898),-1.0537071022351834,0.7888642929636882,0.3648393194706994,NCK2;ERN1;PIK3R1;TMEM259;BAG6;BAK1,wald_stat,GO_Biological_Process_2023
"Phagocytosis, Engulfment (GO:0006911)",-1.0534141801992856,0.7880411183192078,0.4028520499108734,CDC42;RAC1;XKR8;ITGAM,wald_stat,GO_Biological_Process_2023
Positive Regulation Of mRNA Catabolic Process (GO:0061014),-1.0533251711977856,0.7866185564169068,0.3573943661971831,YTHDF2;YTHDF3;ZC3H12A;YTHDF1;POLR2G;CNOT1;TNRC6A,wald_stat,GO_Biological_Process_2023
Regulation Of Proteolysis Involved In Protein Catabolic Process (GO:1903050),-1.0531195419422377,0.7855613638044309,0.38361266294227186,NUDT15;PRKACA;EPHA4;LATS1;UBB;PINK1;PSME2;PSME1,wald_stat,GO_Biological_Process_2023
Regulation Of Protein Serine/Threonine Kinase Activity (GO:0071900),-1.0527929959802311,0.7848717231157449,0.36550632911392406,BCCIP;AKT1;CALM3;MAP2K2;CDKN2D;PPP2CA;SERTAD1;TRIB2;MNAT1;CALM1;CCNT1;CDK7;CDC37;TESK1;CCNT2;GTPBP4;SNF8;HERC5;DDX3X;CDK12;SLC27A1;CIB1;CCNJL;HTT,wald_stat,GO_Biological_Process_2023
Peptidyl-Serine Modification (GO:0018209),-1.0524071017281227,0.7843262971465169,0.3568075117370892,CSNK1G2;PKN1;MAPKAPK2;GRK2;DGKQ;GALNT3;ULK1;MAPK9;CSNK1D;PRKACA;HIPK1;MKNK2;PKN2;PRKCA;LATS1;MKNK1;MAP3K10;PRKCB;CSNK2A2;IKBKB,wald_stat,GO_Biological_Process_2023
Positive Regulation Of Monoatomic Ion Transport (GO:0043270),-1.0503879756045265,0.788797153976127,0.3970856102003643,P2RX4;CCL4;CCL5;CRACR2A;P2RX7;ORAI1;ATP2B1,wald_stat,GO_Biological_Process_2023
Defense Response To Virus (GO:0051607),1.0503454913774894,0.7723155562106363,0.3082901554404145,G3BP1;CNOT7;GBP5;PTPRC;IRF2;PHB2;PRF1;TRIM35;ISG20;SERINC3;BCL2L1;BNIP3;STING1;CARD8;NCK1;IFIT5;SENP7;ZMYND11;IFNAR2;IRF3;DHX15;RIGI;ZNFX1;RAB2B;APOBEC3C;DHX16;ATAD3A;RNF185;TTC4;FADD;APOBEC3D,wald_stat,GO_Biological_Process_2023
Regulation Of Defense Response To Virus (GO:0050688),1.0497767752423448,0.7715566739644162,0.3919491525423729,ATG5;ZMPSTE24;PPM1B;ITCH;ELMOD2,wald_stat,GO_Biological_Process_2023
Negative Regulation Of Protein Tyrosine Kinase Activity (GO:0061099),1.0490413861302192,0.771436615525933,0.38317757009345793,PTPRC;SNX6,wald_stat,GO_Biological_Process_2023
Regulation Of Protein Polymerization (GO:0032271),-1.0480087249601455,0.7942851503101928,0.40229885057471265,PLEKHG2;LATS1;CAMSAP1;PFN1;COTL1;ABL1,wald_stat,GO_Biological_Process_2023
Cholesterol Metabolic Process (GO:0008203),1.0476211446473678,0.7732856363925729,0.3724604966139955,LBR;SH2D2A;LSS;SNX17;HMGCS1;INSIG2;GBA2;GLB1;FDFT1;ACAA2;ARV1,wald_stat,GO_Biological_Process_2023
Endocytosis (GO:0006897),-1.0471636393467816,0.7950038550895012,0.36437908496732024,RAB1A;CSNK1G2;JMJD6;CDC42;IGF2R;ATP6V1H;RNASEK;RIN3;CSNK1D;RHOQ;TBC1D2B;AP1S1;LRP8;GAK;ITGAM,wald_stat,GO_Biological_Process_2023
Endocytic Recycling (GO:0032456),-1.0460960037115627,0.7967492046750827,0.3717728055077453,VPS53;RAB14;RAB11FIP4;ARL4C;VTI1A;VPS39;ARF6;RAB11FIP3;MICALL1;RAB11B;CCDC93;SNF8;VPS26A;EHD3,wald_stat,GO_Biological_Process_2023
Regulation Of DNA-templated Transcription Elongation (GO:0032784),1.045957506650254,0.7759855262138813,0.38609112709832133,TCEA2;SUPT4H1;INTS14;WDR82;PARP1;ZMYND11;INTS9;SRCAP;HTATSF1;SUPT16H;INTS2;CCAR2;INTS7;SCAF8;ZC3H4,wald_stat,GO_Biological_Process_2023
Membrane Fission (GO:0090148),-1.045711117833928,0.796159355939918,0.3968804159445407,CHMP4A;VPS37B;STAM;CHMP2B;UBAP1;CHMP2A;VPS4A;SNF8,wald_stat,GO_Biological_Process_2023
Positive Regulation Of Lymphocyte Differentiation (GO:0045621),-1.0454160633067213,0.7953449326074473,0.3738819320214669,BRD7;ARID1B;GATA3;ZBTB1;PPP2R3C;ZMIZ1,wald_stat,GO_Biological_Process_2023
Negative Regulation Of MAP Kinase Activity (GO:0043407),1.04499271824521,0.7764769924763175,0.37089201877934275,LAX1;STK38;SMPD1;DUSP16;CDK5RAP3;HIPK3;PTPN1;DUSP1,wald_stat,GO_Biological_Process_2023
Negative Regulation Of Epithelial Cell Proliferation (GO:0050680),-1.0449720924177481,0.7950029266547121,0.38528896672504376,RUNX3;TGFB1;FBXW7;GATA3,wald_stat,GO_Biological_Process_2023
Regulation Of Filopodium Assembly (GO:0051489),-1.0421508342194172,0.8021314608443059,0.3855633802816901,CDC42;RHOQ;PIK3R1;DMTN;ARF6;PPP1R16B;WASL;ARAP1;RAB5A,wald_stat,GO_Biological_Process_2023
Telomere Maintenance Via Telomere Lengthening (GO:0010833),1.0420278687408147,0.7831800236356168,0.3952483801295896,PTGES3;WRAP53;TELO2;MRE11;DKC1;NOP10;PIF1;RPA1;RAD50;TERF2IP;CTC1;HSP90AB1,wald_stat,GO_Biological_Process_2023
Positive Regulation Of Calcium Ion Transmembrane Transporter Activity (GO:1901021),1.041352700530056,0.7827516643200465,0.39473684210526316,PPP3CB;PPP3CC,wald_stat,GO_Biological_Process_2023
Positive Regulation Of TOR Signaling (GO:0032008),1.0411939939581338,0.7807569215466484,0.37203791469194314,GOLPH3;RRAGA;NCKAP1L;PIH1D1;KLHL22;CLEC16A;WDR59;PIK3CA;SLC38A9;TELO2;GPR137;RRAGB,wald_stat,GO_Biological_Process_2023
Regulation Of Canonical Wnt Signaling Pathway (GO:0060828),-1.0410175701815236,0.8037492426361803,0.37681159420289856,CSNK1G2;MAD2L2;TGFB1;PIN1;CSNK1D;OTULIN;DAPK3;GSK3A;IGFBP4;FAM53B;AXIN1;HHEX;GNAQ;TLE4;LATS1;BMAL1;SDHAF2;NFKB1;TLE5,wald_stat,GO_Biological_Process_2023
Kidney Development (GO:0001822),1.0408261799754193,0.779373757776836,0.4009111617312073,C1GALT1;PCSK5;CEP290;IFT27;NPHP3;HELLS;IFT88;NIPBL,wald_stat,GO_Biological_Process_2023
Positive Regulation Of Macromolecule Biosynthetic Process (GO:0010557),-1.0406255781727787,0.8032087585700769,0.3993453355155483,RBM3;VIM;AKT1;YTHDF3;IRS2;LDB1;YTHDF1;CIRBP;LARP1B;BCL3;AGO2;NFKB1,wald_stat,GO_Biological_Process_2023
Nuclear Membrane Reassembly (GO:0031468),-1.0404770117929785,0.801967558589119,0.40574506283662476,CHMP4A;CHMP2B;NSFL1C;BROX;CHMP2A;VPS4A;UBE2I,wald_stat,GO_Biological_Process_2023
Response To Endoplasmic Reticulum Stress (GO:0034976),-1.039684121326698,0.8026696663434533,0.36990595611285265,ATF4;GORASP2;MARCHF6;FLOT1;ERN1;BBC3;SELENOK;DERL1;PIK3R1;P4HB;PDIA3;SEL1L;CASP4;TMEM259;UFC1;UFM1;ERP44;BAG6;PDIA6;HSPA5;BAK1;HYOU1,wald_stat,GO_Biological_Process_2023
Regulation Of Transmembrane Receptor Protein Serine/Threonine Kinase Signaling Pathway (GO:0090092),-1.038251866337917,0.8053891797379614,0.41541353383458646,TGFB1;TRIM33;LATS1;LATS2;ENG;NREP,wald_stat,GO_Biological_Process_2023
Positive Regulation Of Canonical Wnt Signaling Pathway (GO:0090263),-1.0379502664789306,0.8046795744059001,0.38576158940397354,CSNK1G2;TGFB1;PIN1;CSNK1D;DAPK3;FAM53B;HHEX;BMAL1;NFKB1,wald_stat,GO_Biological_Process_2023
Positive Regulation Of Developmental Process (GO:0051094),-1.0371427581676609,0.8055017140635391,0.3548387096774194,LLPH;BRD7;ARID1B;MAD2L2;ARHGEF7;ZNF268;DDHD1;NCOA1;FBXO5;MARCHF5;BCL7B;BCL7C;LRP8;ADGRL1;AGO2;SAP30L;CFL1;PGAM5;BRD9;PINK1;PLCB1,wald_stat,GO_Biological_Process_2023
Positive Regulation Of Programmed Cell Death (GO:0043068),-1.0368922441067097,0.8045504945689195,0.3905511811023622,ATF4;GADD45B;RBM5;BCL6;ARHGEF7;RNPS1;ZNF268;ERCC3;LGALS1;SAP18;DIABLO;ATG7;CTSD;BAD;ZNF622;DAPK3;CTNNBL1;CASP3;LATS1;PTPA;PIDD1;MAP3K10;IFIT2;GADD45G,wald_stat,GO_Biological_Process_2023
B Cell Differentiation (GO:0030183),-1.0361343327257955,0.8052069028024352,0.40273037542662116,CEBPG;CD79B;FNIP1;PTPRJ;HHEX;PIK3R1;HDAC9;SLC25A5;RABL3;DCAF1;TCF3;IRF2BP2,wald_stat,GO_Biological_Process_2023
Positive Regulation Of Immune Response (GO:0050778),-1.0353774215811646,0.8057334231825625,0.39928057553956836,SLC15A4;CD81;LGALS9;KARS1;RIOK3;POLR3F;ITGAM;CCL5;POLR3C;HLA-DRB1,wald_stat,GO_Biological_Process_2023
Neuron Development (GO:0048666),-1.0353035454761426,0.8043151391964574,0.38397328881469117,RUNX3;PPP1R9B;RYK;ULK1;PQBP1;STX3;ATXN10;ZFYVE27;CAMSAP1;STMN3;PBX4;CDK16;LYN;FRY;HS6ST1;MICALL1;OPHN1,wald_stat,GO_Biological_Process_2023
Regulated Exocytosis (GO:0045055),1.0350284545999393,0.7950221872554053,0.3795309168443497,PPP3CB;RAB10;PLEK,wald_stat,GO_Biological_Process_2023
Dicarboxylic Acid Metabolic Process (GO:0043648),1.0344454554674898,0.7943603692571689,0.3957345971563981,NIT2;GCLM;ME2;FH;MDH1;MTHFS;PHYH;SDHAF3;ALDH18A1;DHFR;SHMT2;ALDH5A1;SHMT1,wald_stat,GO_Biological_Process_2023
Negative Regulation Of Innate Immune Response (GO:0045824),-1.0335531247604972,0.807864885090026,0.4135593220338983,ZDHHC18;YTHDF2;AKT1;YTHDF3,wald_stat,GO_Biological_Process_2023
Monoatomic Anion Transmembrane Transport (GO:0098656),1.033380863062255,0.7950542909612892,0.3939393939393939,SLC1A7;LRRC8D;SLC12A6;CLCN3,wald_stat,GO_Biological_Process_2023
Regulation Of Telomere Capping (GO:1904353),1.0330567824103647,0.7935846447388673,0.40835266821345706,PRKCQ;NEK7;HNRNPD;MAP3K4,wald_stat,GO_Biological_Process_2023
Organelle Organization (GO:0006996),-1.0315918898219956,0.8120730728299219,0.3704225352112676,ARHGAP4;RAB1A;CDC42;YTHDF2;YTHDF3;TMED10;PYROXD2;GORASP2;CHMP4A;ARHGEF7;TTC17;RAB14;BCS1L;ARHGAP21;MTX1;YTHDF1;SLC25A36;CSNK1D;CHMP2B;COG3;HSD17B10;SURF4;BNIP1;MICAL3;TBC1D20;TMED2;NSFL1C;PDZD8;ZMYM3;CENPT;GAK;RAB2A;CAMSAP1;TMED4;OPTN;CFL1;MTX3;DMTN;TMED1;PKD2;MAPKAP1;AGTPBP1;PI4K2A;GOLGA8N;FAF2;PINK1;MLST8;CHMP2A;VPS4A,wald_stat,GO_Biological_Process_2023
Positive Regulation Of Transmembrane Receptor Protein Serine/Threonine Kinase Signaling Pathway (GO:0090100),-1.0312125428293482,0.8115070429690627,0.3896551724137931,CSNK2B;TGFB1;SNW1;CREBBP;RNF165;NOTCH1;GIPC1;GDF11,wald_stat,GO_Biological_Process_2023
Ubiquitin-Dependent Protein Catabolic Process (GO:0006511),-1.030162149646069,0.8130651670171952,0.3849431818181818,WDR26;ZFAND2B;ZNRF2;RNF7;MARCHF6;CHMP4A;VPS37B;RAD23A;PLAA;FBXW7;ANAPC11;PSMF1;CRBN;CHMP2B;CUL3;PSMD6;BIRC2;PSMB6;MYLIP;ZFAND2A;GSK3A;COPS3;FBXO9;ZSWIM8;NSFL1C;AXIN1;RNF115;UBE2G2;RNF125;RNF19B;BMAL1;ARIH2;RNF130;RNF166;TOPORS;USP33;UBAP1;UBA1;SPSB3;UBA6;UBE2S;FBXO11;RBBP6;SPOPL;GET4;KCTD2;TRIM25;PINK1;PSMA1;DTX3L;CHMP2A;VPS4A;PSMB3;CHFR;TBL1X;NFE2L2;HECTD1;RNF40;HERC5;SMURF1;ARRB1;PSMD9;BAG6;UBE2I;DDB1;ARRDC1;NTAN1;ANKRD9;PCNP;SKP1;MTA1;ZRANB1;PSMC2;AREL1;PSMD7;PSMC3;RNF19A;NPLOC4,wald_stat,GO_Biological_Process_2023
Negative Regulation Of Fat Cell Differentiation (GO:0045599),-1.0300306286019996,0.811756806171658,0.4338919925512104,TGFB1;TRIB2;BMAL1;TRIO;ASXL1;FLCN;GPS2,wald_stat,GO_Biological_Process_2023
Negative Regulation Of Transcription By RNA Polymerase II (GO:0000122),-1.029963903715169,0.8102874620364058,0.358974358974359,MXD4;MAZ;ATF4;CTBP1;GATAD2A;ATN1;MAFF;CBX4;RUNX3;BCL6;MAD2L2;HDGF;LDB1;SNW1;ZNF268;CREBBP;CALR;ZFPM1;GATA3;IKZF5;JUND;TRIM33;ZBTB1;HEXIM1;EID1;MBD3;ID2;FNIP1;HCFC1;EPC1;DUSP22;JAZF1;KMT5A;FBP1;PER1;NOTCH1;CNOT1;HHEX;NKAP;ZNF180;ELK4;LARP7;ZNF451;NFKB1;SAP30L;H1-5;MCPH1;ZBTB5;TRPS1;MBD2;HDAC9;URI1;TLE5;BACH2;MDM4;YEATS2;DEAF1;NR1D2;HIVEP1;BAG3;BCORL1;ZBTB49;SLA2;NFIL3;MAF;DCAF1;LINC-PINT;ZBTB21;TCF3;DRAP1;ZNF778;TBL1X;PHF21A;SUV39H1;ZNF587B;BPTF;RTF1;MAFK;ZNF350;BACH1;UBE2I;IRF2BP2;OGT;ZNF440;SOX4;TAF3;KLF11;CNOT2;ZNF487;TCERG1;HSBP1;EED;MTA1;MAGEH1;SAMD1;PER2;GZF1;PHB1;LRRFIP1;SNAI1;ID1;BRMS1;CTBP2;MNT;NR4A2;FLCN,wald_stat,GO_Biological_Process_2023
Protein Localization To Chromosome (GO:0034502),1.02977757504125,0.8015343934710162,0.3968609865470852,XRCC5;RPA2;PARP1;ATRX;SLF1;RB1;CHMP7;CTCF;MSH2;RPA1;MRNIP;ZMYND8;TINF2;TERF2IP;IFFO1;MCM8;WAPL,wald_stat,GO_Biological_Process_2023
Positive Regulation Of Histone Methylation (GO:0031062),-1.0295462607760566,0.8098246197712136,0.4295900178253119,KANSL2;HCFC1;SUV39H1;PHF20;OGT,wald_stat,GO_Biological_Process_2023
Negative Regulation Of Signaling (GO:0023057),1.0295266132111724,0.799884100047415,0.4305239179954442,PPP3CB;AP1AR;PTPN1,wald_stat,GO_Biological_Process_2023
Positive Regulation Of Cation Channel Activity (GO:2001259),1.0278216234438597,0.8029241613273672,0.41596638655462187,PPP3CB;PPP3CC,wald_stat,GO_Biological_Process_2023
Regulation Of Cell Cycle Phase Transition (GO:1901987),-1.0277075944520144,0.8138113659914106,0.4393063583815029,ZNF16;FBXW7;ERCC3;DBF4,wald_stat,GO_Biological_Process_2023
Regulation Of I-kappaB kinase/NF-kappaB Signaling (GO:0043122),-1.026728189996351,0.8150202996826893,0.41492537313432837,TFG;CARD11;ZC3H12A;RHOC;TNIP3;LGALS1;TNIP2;MIB2;BIRC2;TMEM9B;LGALS9;PER1;RIOK3;BRD4;GAPDH;PIDD1;DDX1;GPR89A;S100A4;PRKCB;TMED4;IKBKB;OPTN;LAMTOR5;IRAK1;JMJD8;GSTP1;TRIM25;REL;PINK1;HLA-DRB1;BST2;SHISA5;RIPK2;TRIM58;TRAF1;BIRC3,wald_stat,GO_Biological_Process_2023
Fatty Acid Beta-Oxidation (GO:0006635),1.0266950545152314,0.8041586946192462,0.40609137055837563,ECHDC2;ECHDC1;HADHA;CROT;ACADM;MCAT;ACAT1;BDH2;ETFA;ACAA2;ECI2;ABCD3;MTLN;SCP2;AUH;PEX2;ABCD4;ABCD2;AMACR,wald_stat,GO_Biological_Process_2023
Regulation Of Endopeptidase Activity (GO:0052548),-1.0265492630636195,0.8138777368638218,0.40852575488454707,AKT1;FURIN;TIMP1;BIRC2;APH1A;GAPDH;PSME2;PSME1;BIRC3,wald_stat,GO_Biological_Process_2023
Wound Healing (GO:0042060),1.0264679935148096,0.802466394641148,0.4267990074441687,MIA3;SMPD1;CHMP5;ERBB2;CHMP1A;FUT10;CORO1B;SMAD3;PRCP,wald_stat,GO_Biological_Process_2023
Synaptic Vesicle Recycling (GO:0036465),-1.0258260939982966,0.8144443038692376,0.4130841121495327,AP3D1;GIT1;OPHN1;AP2M1;SYNJ1;STX1A;DNM2;SYT5;RAB5A;AP3S1;FCHO2;AP2S1,wald_stat,GO_Biological_Process_2023
Negative Regulation Of Phosphorylation (GO:0042326),-1.0251331708464155,0.8148399606023025,0.42905982905982903,INPP5K;IRS2;ZC3H12A;TGFB1;CDKN2D,wald_stat,GO_Biological_Process_2023
DNA Recombination (GO:0006310),-1.0247543529275778,0.814394816415187,0.4077328646748682,RTEL1;SUPV3L1;TSN;ERCC1;RHNO1,wald_stat,GO_Biological_Process_2023
Vesicle Budding From Membrane (GO:0006900),-1.02455102718402,0.8133733038824918,0.4236706689536878,TRAPPC10;TMED10;CHMP4A;TRAPPC2L;SEC13;TRAPPC5;S100A10;VPS4A;VAPA;AP2M1;WASL,wald_stat,GO_Biological_Process_2023
Regulation Of Cell-Substrate Junction Assembly (GO:0090109),-1.024497637203094,0.8118934681180676,0.42451154529307283,LDB1;DAPK3;SLC9A1,wald_stat,GO_Biological_Process_2023
Positive Regulation Of Cell Differentiation (GO:0045597),-1.024444368801255,0.8104132482655163,0.4133986928104575,BRD7;ARID1B;AKT1;ZC3H12A;TGFB1;ZNF268;TENT5A;MAPK9;GLIPR2;FBXO5;ID2;CARM1;BMAL1;NFKB1;XKR8;NUDT21,wald_stat,GO_Biological_Process_2023
Maintenance Of Protein Location In Nucleus (GO:0051457),-1.0242702259377054,0.8093129499720462,0.43238434163701067,TOPORS;SUN1;SUPT7L;TAF3;SKP1;PARK7;MORC3;SUN2;ARL2BP,wald_stat,GO_Biological_Process_2023
Intracellular pH Reduction (GO:0051452),-1.024218133978868,0.8078396394334662,0.43478260869565216,TCIRG1;ATP6V1H;RNASEK;ATP6V0C;GPR89A,wald_stat,GO_Biological_Process_2023
Positive Regulation Of Cytokine Production (GO:0001819),1.0230455171703328,0.810424371299232,0.39197530864197533,G3BP1;MAPK14;TRIM27;PIK3CD;GBP5;PTPRC;RASGRP1;TRAF3IP3;PRKCQ;STAT3;ARHGEF2;PIK3CG;SOD1;CD6;IFNG;CD226;AGPAT1;HIF1A;STING1;CADM1;ARNT;LY9;RIPK1;HAVCR2;SLAMF6;GLMN;IRF3;KAT2A;LAPTM5;CD2;LTB;RIGI;F2R;RAB2B;APPL1,wald_stat,GO_Biological_Process_2023
Negative Regulation Of Apoptotic Signaling Pathway (GO:2001234),-1.0225387041920626,0.8110690943770809,0.3989983305509182,MAZ;LGALS3;AKT1;FXN;NDUFA13;TRIAP1;CSNK2A2;URI1;SLC25A5;GSTP1;NDUFS3;PINK1,wald_stat,GO_Biological_Process_2023
Vesicle Transport Along Microtubule (GO:0047496),-1.0223677734550276,0.8099635855836818,0.4253075571177504,RAB1A;KIF13A,wald_stat,GO_Biological_Process_2023
Protein Autophosphorylation (GO:0046777),-1.0215620848443319,0.8107006185375977,0.40375586854460094,MAPKAPK2;AKT1;ULK1;MAP2K2;STK24;ERN1;DAPK3;MKNK2;EPHA4;MKNK1;MAP3K10;PIM3;IRAK1;LYN;TAOK2;PINK1;RIPK3;ATR;STK39;VRK2;IGF1R;RB1CC1;CDK12;PRKX;EIF2AK2;MINK1;PAK1;TXK;MAP3K3;MARK2;ABL1,wald_stat,GO_Biological_Process_2023
Negative Regulation Of Cell Death (GO:0060548),-1.0213617009084948,0.809635807969536,0.4359430604982206,AKT1;CHMP4A;CHMP2B;PEPD;BECN1;PINK1;CHMP2A;VPS4A;DPP9;TXNDC12;HTRA2;AMIGO2;TMEM109;SORL1;PARK7,wald_stat,GO_Biological_Process_2023
Glycosphingolipid Metabolic Process (GO:0006687),-1.0208133412635123,0.8096962691809791,0.4358974358974359,GLTP;ST6GALNAC6,wald_stat,GO_Biological_Process_2023
Glucose Homeostasis (GO:0042593),-1.0204741684102907,0.8090564506358755,0.42328042328042326,INPP5K;BAD;POLR2D;CRTC2;PIK3R1;SELENOT;FOXK1;OAS1;USF1;FOXK2;SOX4;CYB5R4;PARK7;PTPN2,wald_stat,GO_Biological_Process_2023
Regulation Of DNA Replication (GO:0006275),-1.0201070148417728,0.8085460049256952,0.41402337228714525,TERF1;INO80E;CHRAC1;PPP2CA;FBXO5;ESCO1;TSPYL2;SMC3;ATAD5;RBBP6;KAT7;GMNN;GTPBP4;ATR;NFRKB;INO80C;PCNA;ING5;SLFN11,wald_stat,GO_Biological_Process_2023
Renal System Development (GO:0072001),1.0197817549164419,0.8179907282628404,0.423963133640553,C1GALT1;PCSK5;CEP290;IFT27;NPHP3;HELLS;IFT88;PYGO2;STAT1,wald_stat,GO_Biological_Process_2023
Cellular Response To Ionizing Radiation (GO:0071479),1.0191475174886675,0.8175110119344484,0.4131455399061033,MAPK14;XRCC5;XRCC6,wald_stat,GO_Biological_Process_2023
Adenylate Cyclase-Modulating G Protein-Coupled Receptor Signaling Pathway (GO:0007188),1.0181957975731324,0.8179295637803711,0.43661971830985913,PRKACB;PTGER2;ADRB2;ADGRG1;GPR171;GPR65,wald_stat,GO_Biological_Process_2023
Protein Neddylation (GO:0045116),-1.0180927110770013,0.8129786682040723,0.4355400696864111,UBE2M;RNF7;COPS8;COPS3,wald_stat,GO_Biological_Process_2023
Response To Molecule Of Bacterial Origin (GO:0002237),1.0180908411717615,0.8157134217373402,0.4251207729468599,S100A8;S100A9;CD6;ERBIN;IFNAR1;FCGR2B;PRDX3;F2R,wald_stat,GO_Biological_Process_2023
Positive Regulation Of Apoptotic Signaling Pathway (GO:2001235),1.018028064094713,0.8134425602318573,0.4312796208530806,S100A8;S100A9;PAK2;TRIM39;RIPK1;LCK;RACK1;LTB;FAS;CRADD;FADD;TP53,wald_stat,GO_Biological_Process_2023
Phagocytosis (GO:0006909),1.017411961190099,0.8128322783776861,0.4288990825688073,ARHGAP25;TM9SF4;MESD;ANXA11;PIP5K1A;FCGR2B,wald_stat,GO_Biological_Process_2023
Regulation Of Amide Metabolic Process (GO:0034248),1.0164718284525096,0.8132260253517544,0.4358974358974359,PGAM1;NOLC1;MTPN;ELP4;EIF2S1,wald_stat,GO_Biological_Process_2023
Positive Regulation Of Protein Phosphorylation (GO:0001934),-1.0162623882964572,0.816861566824762,0.4215530903328051,RAP2C;MAD2L2;AKT1;DGKQ;CALM3;CD81;MYDGF;CSNK2B;TGFB1;MAP2K3;VEGFB;SPRY2;FLOT1;RAC1;PIN1;PRKAG1;CSNK1D;FNIP1;PTPRJ;LRP8;AXIN1;LATS1;CALM1;TNK2;GDF11;PRKAG2;LYN;TAOK2;TESK1;PINK1;HLA-DRB1;ATG14;BRAF;RIPK2;ARRB1;DDX3X;ENG;JTB;TXN,wald_stat,GO_Biological_Process_2023
Histone Acetylation (GO:0016573),1.014773197949144,0.8160345973374143,0.4398976982097187,TAF7;USP22;SUPT20H;MSL3;MORF4L2;BRD8;TRRAP;RUVBL1;EP400;KAT2A;TAF12;TAF5;TADA2A;SUPT3H;MORF4L1;MRGBP;TAF5L;ACTL6A;NAA40;TADA3;MAP3K7;VPS72;TAF9,wald_stat,GO_Biological_Process_2023
Protein Localization To Chromatin (GO:0071168),1.0142785930201659,0.815056882826722,0.43655913978494626,WBP2;PARP1;TASOR;LRWD1;NIPBL;CHMP7;H2BC11;MSH2;MACROH2A1;MRNIP;ZMYND8;MCM8;SGF29;WAPL;RUVBL2,wald_stat,GO_Biological_Process_2023
Cell-Matrix Adhesion (GO:0007160),-1.014149723362648,0.8214733152713474,0.4165232358003442,CD63;ARHGEF7;RAC1;ITGAE;CD96;ITGAM;BCR;ITGAD;TAOK2;MKLN1;ITGAL;PARVG,wald_stat,GO_Biological_Process_2023
Defense Response To Symbiont (GO:0140546),1.0136371929484773,0.8145358942178712,0.39896373056994816,G3BP1;CNOT7;GBP5;PTPRC;IRF2;PRF1;ISG20;SERINC3;BCL2L1;BNIP3;STING1;CARD8;IFIT5;ZMYND11;IFNAR2;IRF3;DHX15;RIGI;ZNFX1;RAB2B;APOBEC3C;RNF185;TTC4;FADD;APOBEC3D,wald_stat,GO_Biological_Process_2023
Positive Regulation Of Reactive Oxygen Species Metabolic Process (GO:2000379),1.0122106479002995,0.8166564176469538,0.4092920353982301,TGFBR2;MAPK14;SOD1,wald_stat,GO_Biological_Process_2023
Regulation Of Arp2/3 Complex-Mediated Actin Nucleation (GO:0034315),-1.0108707038784186,0.829347090241098,0.4509433962264151,ARF1;GMFG;CARMIL2;GMFB,wald_stat,GO_Biological_Process_2023
Positive Regulation Of Protein Secretion (GO:0050714),-1.0101855270271283,0.829804567443795,0.4413309982486865,TMED10;IRS2;TGFB1;BAD;POLR2D;TTN;ARF6,wald_stat,GO_Biological_Process_2023
Negative Regulation Of Translation (GO:0017148),-1.009577901806723,0.8299684567043578,0.432258064516129,YTHDF2;YTHDF3;CALR;YTHDF1;ENC1;DAPK3;CNOT1;EPHA4;TNRC6A;AGO4;GAPDH;AGO2;TYMS;DDX6;ZNF540;EIF4E2;DDX3X;PCIF1;METTL3;EIF4EBP3;EIF2AK2;TSC1;CPEB4;PAIP2;TPR;IGF2BP2,wald_stat,GO_Biological_Process_2023
Response To Exogenous dsRNA (GO:0043330),-1.0088688885697874,0.8304393404638999,0.44672897196261685,FLOT1;PQBP1;RFTN1;SLC3A2,wald_stat,GO_Biological_Process_2023
Establishment Of Protein Localization To Plasma Membrane (GO:0061951),1.0081693014250908,0.826817280570393,0.43612334801762115,GOLPH3;RAB10;GCC2;RILPL2;BBS2;BLZF1;VAMP2;PREPL;GOLGA7;GGA2,wald_stat,GO_Biological_Process_2023
Positive Regulation Of Interferon-Beta Production (GO:0032728),-1.0079977273988072,0.8313075339370462,0.4493783303730018,FLOT1;RIOK3;POLR3F;ISG15;OAS1;POLR3C;RIPK2;IRF1;DDX3X,wald_stat,GO_Biological_Process_2023
Negative Regulation Of Protein Localization To Membrane (GO:1905476),1.007674688676913,0.8260550173191133,0.43991416309012876,PPP2R5A;GDI1;BCL2L1;TMBIM1;CLTC;PPFIA1,wald_stat,GO_Biological_Process_2023
Regulation Of Type I Interferon Production (GO:0032479),1.0075591574824594,0.8239635378921187,0.44862155388471175,G3BP1;TRIM27;TRAF3IP3;KLHL22;ATG5;STING1;IRF3;RBX1;ITCH;RAB2B,wald_stat,GO_Biological_Process_2023
Hemopoiesis (GO:0030097),-1.0072262616325918,0.8320191303908432,0.4660033167495854,ATF4;YTHDF2;RUNX3;TGFB1;ZFPM1;GLRX5;HIPK1;MKNK2;ARIH2;TET2;LYN;SBDS;PINK1,wald_stat,GO_Biological_Process_2023
rRNA Methylation (GO:0031167),1.0067204754071266,0.8242377832457564,0.44075829383886256,EMG1;MRM2;METTL5;FBL;NSUN5;TFB1M,wald_stat,GO_Biological_Process_2023
Regulation Of Chromatin Organization (GO:1902275),-1.005878849607889,0.8345079675551716,0.43783783783783786,KANSL2;MKI67;HCFC1;MSL2;SETD5;PHF20;OGT,wald_stat,GO_Biological_Process_2023
Mitotic Spindle Organization (GO:0007052),1.0046628469142957,0.8282349537203244,0.4194373401534527,KPNB1;KIF2A;CKAP5;RAB11A;KIF3B;RAN;MECP2;VCP;SMC1A;SPICE1;PCNT;RMDN1;MAP1S;CEP126;LSM14A;MAP9,wald_stat,GO_Biological_Process_2023
Negative Regulation Of Blood Vessel Morphogenesis (GO:2000181),1.0044414744606633,0.8264544690521617,0.4215686274509804,KRIT1;ATP2B4;SARS1;MECP2;PTPRM;ATF2,wald_stat,GO_Biological_Process_2023
Negative Regulation Of Epidermal Growth Factor Receptor Signaling Pathway (GO:0042059),-1.0032845573238889,0.8404486922286755,0.44574290484140233,PTPRJ;MVP;RNF115;ZFYVE28,wald_stat,GO_Biological_Process_2023
Negative Regulation Of Cell Population Proliferation (GO:0008285),-1.0024323708464602,0.8413700195595825,0.46367851622874806,NCK2;CTBP1;RBM5;FTH1;NME1;ADARB1;RUNX3;CSNK2B;ULK1;TGFB1;ZNF268;CDKN2D;GATA3;POLR2D;PTPRJ;COPS8;NOTCH1;IFNLR1;CGRRF1;DLG3;ATF5;MDM4;PKD2;LYN;ZBTB49;GSTP1;GTPBP4;THAP12;PPM1D;P3H1;IRF1;PODN;TESC;WARS1;SOX4;SAV1;RB1CC1;KLF11;BTG3;EIF2AK2;PER2;PHB1;ADAMTS1;PAK1;NLRC3;COL18A1;CTBP2;FLCN;CIB1;TSC1;ING5;PTPN2;IFITM1;B4GALT7;E2F3;KLF10;PDCD5;IFI35;LMNA;S100A11;MORC3;HMOX1;HSPA1B;KAT2B;ZNF777,wald_stat,GO_Biological_Process_2023
Positive Regulation Of Growth (GO:0045927),-1.0023610186362841,0.8399484673493626,0.4440677966101695,CDC42;ZPR1;AKT1;FXN;SUPV3L1;NCBP1;RFTN1;MAPKAP1;MLST8;PLCB1,wald_stat,GO_Biological_Process_2023
Intracellular Iron Ion Homeostasis (GO:0006879),-1.002029081116429,0.839295153345135,0.45869947275922673,FTL;FTH1;FXN;NUBP1;FBXL5;ATP6V1G1,wald_stat,GO_Biological_Process_2023
Negative Regulation Of Developmental Process (GO:0051093),1.0015441460997974,0.8332547789167356,0.45231607629427795,HDAC1;PHF14;ZNF706;RBBP4;SUZ12;ANP32B;BNIP3;PARP1;SMARCC1;ARID4A;HUWE1;HEY2;OMA1;BRMS1L;ACTL6A;ROCK2,wald_stat,GO_Biological_Process_2023
Protein Transmembrane Import Into Intracellular Organelle (GO:0044743),-1.0014491905702063,0.839409684094737,0.4473229706390328,GRPEL2;TIMM17A;TIMM23;GRPEL1;TIMM23B;TOMM40;ROMO1;TIMM21,wald_stat,GO_Biological_Process_2023
Negative Regulation Of Protein Dephosphorylation (GO:0035308),1.001123689416956,0.8320971559745118,0.45560747663551404,PPP1R11;PPP1R8;YWHAB,wald_stat,GO_Biological_Process_2023
Phosphatidylinositol-Mediated Signaling (GO:0048015),1.001033111609088,0.8299376485034347,0.4694835680751174,PIK3CD;ZFP36L1;STAT3;PIK3CG;ERBB2;PLCG1,wald_stat,GO_Biological_Process_2023
Positive Regulation Of Biosynthetic Process (GO:0009891),-1.0010257193674876,0.8390440933832958,0.4450354609929078,VIM;AKT1;TGFB1,wald_stat,GO_Biological_Process_2023
Negative Regulation Of Inflammatory Response (GO:0050728),1.0002266994011406,0.8301680576012875,0.441025641025641,MAPK14;STAT3;IL10RA;TRIM65;AOAH;PLCG1;ARNT;VPS35;LPCAT3;RHBDF2;SHARPIN;MKRN2;PPARA;SELENOS;RB1;RORA;TNFRSF1A;PTPN6;ELF4,wald_stat,GO_Biological_Process_2023
Response To UV (GO:0009411),-0.9992240696052057,0.8428841656065968,0.45354330708661417,ATF4;SDE2;CREBBP;CDKN2D;ERCC3;ZBTB1;CIRBP;MAP2K7;RHNO1;TRIAP1;BCL3;N4BP1,wald_stat,GO_Biological_Process_2023
snRNA 3'-End Processing (GO:0034472),0.9992220310208184,0.8308431145910955,0.4652777777777778,INTS14;INTS9;EXOSC3;EXOSC8;INTS2;INTS7,wald_stat,GO_Biological_Process_2023
Positive Regulation Of Interleukin-1 Production (GO:0032732),0.9984081748600696,0.8309671603702987,0.4358974358974359,GBP5;STAT3;HSPB1;IFNG;GSDMD;CARD8,wald_stat,GO_Biological_Process_2023
Peptide Metabolic Process (GO:0006518),0.9983129770605851,0.8289056739815641,0.4305239179954442,APEH;LNPEP;PSEN1;THOP1;PCSK5;CARNMT1;SPCS1;MIPEP,wald_stat,GO_Biological_Process_2023
DNA Replication (GO:0006260),0.9982772173587119,0.8266202277967185,0.4672897196261682,RPA3;RBMS1;DUT;RFC5;RFC4;RPA2;REV3L;NAP1L1;REV1;BAZ1A;MCMBP;POLL;RNASEH2A;BLM;TBRG1;WRNIP1;POLD3;POLA2;MCM6;RPA1,wald_stat,GO_Biological_Process_2023
Sterol Homeostasis (GO:0055092),-0.9975454626880468,0.8462537909715085,0.4460694698354662,LAMTOR1;GRAMD1B;NPC2;HDAC9;ABCA5;INSIG1;IL18,wald_stat,GO_Biological_Process_2023
Negative Regulation Of Peptidyl-Tyrosine Phosphorylation (GO:0050732),-0.9964809169798271,0.8476046204258606,0.44623655913978494,PPP2CA;MVP;DMTN;SOCS1,wald_stat,GO_Biological_Process_2023
Cellular Response To Radiation (GO:0071478),0.9963819933469065,0.8301166225303018,0.46308724832214765,MAPK14;NSMCE3,wald_stat,GO_Biological_Process_2023
Regulation Of Notch Signaling Pathway (GO:0008593),-0.9962128276972483,0.8467501786797724,0.47198641765704585,YTHDF2;AKT1;FBXW7;RFNG;ZMIZ1;LFNG;ARRB1;GALNT11;METTL3;ARRDC1,wald_stat,GO_Biological_Process_2023
Glycolipid Metabolic Process (GO:0006664),-0.9960748996065022,0.8455376534153332,0.4533106960950764,GLTP;ST6GALNAC6,wald_stat,GO_Biological_Process_2023
Regulation Of Apoptotic Process (GO:0042981),-0.9957572044047054,0.8448517708532713,0.47368421052631576,ARHGDIA;ATF4;ZNF16;GADD45B;RBM5;NSMF;CBX4;NME1;BCL6;AKT1;MYDGF;CCNL2;ARHGEF7;EGR1;RNPS1;ARHGAP21;ZNF268;FXN;SUPV3L1;IER3;SPRY2;CALR;ERCC3;LGALS1;SAP18;DIABLO;ATG7;CTSD;BAD;ZNF622;ING3;PRDX5;HYPK;BIRC2;DAPK3;EPC1;CTNNBL1;ACTN4;MCM2;BNIP1;CASP3;TRIAP1;BCL3;AVEN;LRP8;PTMA;LATS1;PIK3R1;IFI6;UBB;PTPA;PIDD1;NFKB1;MAP3K10;IFIT2;GADD45G;PIM3;ATF5;CFL1;MOAP1;CD38;FBXO11;MAPKAP1;BAG3;DNAJC3;RBM25;GSTP1;PINK1;MLST8;SMAD5;BCLAF1;RIPK3;BRAF;BAG1;UFM1;SPTLC1;USP36;LATS2;AHI1;IL2RB;BIRC3;DDX3X;DUSP6;HTRA2;JMY;CLN3;SHC1;FIGNL1;IGF1R;UTP11;HSPA5;SOX4;SAV1;BAK1;KLF11,wald_stat,GO_Biological_Process_2023
Protein O-linked Glycosylation (GO:0006493),-0.9956821496331666,0.8434744127486732,0.4533333333333333,GALNT10;B3GNT7;GALNT3;B3GNT2;POMT1;TET2;B3GALT6;DPM1;TRAK1;OGT;GALNT11;PLOD1;GALNT1;ST8SIA6,wald_stat,GO_Biological_Process_2023
mRNA Stabilization (GO:0048255),-0.9953031302483998,0.8429697027073989,0.4509151414309484,MAPKAPK2;RBM38;TENT5A;CIRBP;TENT5C;TAF15;NOCT;PAIP1,wald_stat,GO_Biological_Process_2023
RNA-templated DNA Biosynthetic Process (GO:0006278),0.9952980653934069,0.8285799990709405,0.4622222222222222,PTGES3;WRAP53;TELO2;MRE11;DKC1;NOP10;PIF1;RPA1;RAD50;TERF2IP;HSP90AB1,wald_stat,GO_Biological_Process_2023
Telomere Maintenance Via Telomerase (GO:0007004),0.9952980653934069,0.8285799990709405,0.4622222222222222,PTGES3;WRAP53;TELO2;MRE11;DKC1;NOP10;PIF1;RPA1;RAD50;TERF2IP;HSP90AB1,wald_stat,GO_Biological_Process_2023
Negative Regulation Of Transport (GO:0051051),0.994670817390058,0.8281281894451485,0.44666666666666666,ARL6IP5;SNX3;NDFIP1;RUBCN;PTEN;LRSAM1;PXK,wald_stat,GO_Biological_Process_2023
Positive Regulation Of DNA-templated Transcription Initiation (GO:2000144),0.9943838064057513,0.826680386623523,0.4643734643734644,TAF7;MED31;JUN;TBP;SETX;GTF2A1;MED28;MDC1;DHX36,wald_stat,GO_Biological_Process_2023
Negative Regulation Of NF-kappaB Transcription Factor Activity (GO:0032088),0.9942908233861756,0.824640163072593,0.43041237113402064,UFL1;ERBIN;CDK5RAP3;PRMT2;GFI1;PARP10;CDKN2A;LRRC14;COMMD6;CARD8;HAVCR2;PSMD10;ITCH;G3BP2,wald_stat,GO_Biological_Process_2023
Negative Regulation Of Cold-Induced Thermogenesis (GO:0120163),-0.9938158013944837,0.8456329264307284,0.4471830985915493,ATF4;PLCL2;NOTCH1;BMAL1;PGAM5;ID1;FLCN;RBPJ;NR1H3;DDIT3;IL18R1,wald_stat,GO_Biological_Process_2023
Establishment Of Mitotic Spindle Localization (GO:0040001),-0.9937978579248912,0.8440957677611911,0.4575645756457565,MAPRE1;DYNLT1;NSFL1C,wald_stat,GO_Biological_Process_2023
Regulation Of Cell Population Proliferation (GO:0042127),-0.9932536394221321,0.8441256609280157,0.4777158774373259,MAZ;NCK2;CTBP1;ZNF16;RBM5;FTH1;TCIRG1;NME1;ADARB1;BCL6;AKT1;PPP1R9B;IRS2;CD81;CSNK2B;ULK1;TGFB1;ZNF268;FXN;CALR;CDKN2D;GATA3;JUND;PFDN1;FBXO5;TIMP1;MATK;SERTAD1;ID2;CUL3;BIRC2;PTPRJ;COPS8;STX3;BCL7B;BCL7C;NOTCH1;TNFRSF9;EPHA4;HHEX;IFNLR1;IER5;CGRRF1;DLG3;TNFRSF11A;MVD;EAPP;ATF5;MDM4;PKD2;BRD9;LYN;ZBTB49;SLC25A5;TSPO;GNAI2;GTPBP4;THAP12;CEP131;PPM1D;PIAS1;CNOT8;P3H1;IRF1;ROMO1;PODN;ENG;BICRA;SHC1;TESC;TIPIN;IGF1R;AREG;WARS1;SOX4;SAV1;RB1CC1;KLF11;BTG3;DOT1L;EIF2AK2;PHB1;ADAMTS1;PAK1,wald_stat,GO_Biological_Process_2023
Regulation Of Protein Import Into Nucleus (GO:0042306),-0.9927304537944823,0.844062847538693,0.47833935018050544,ZPR1;ZC3H12A;TGFB1;PIK3R1;SUMO1;BAG3;UFM1,wald_stat,GO_Biological_Process_2023
Cholesterol Homeostasis (GO:0042632),-0.9916269991434844,0.8457562681953311,0.4583333333333333,LAMTOR1;GRAMD1B;NPC2;HDAC9;ABCA5;INSIG1;IL18,wald_stat,GO_Biological_Process_2023
T Cell Activation (GO:0042110),0.9907831040018951,0.832897951178775,0.44844124700239807,PPP3CB;PIK3CD;PTPRC;RASGRP1;PIK3CG;LY9;NCK1;LCK;SLAMF6;SLAMF7;MFAP3;CD247;CD2,wald_stat,GO_Biological_Process_2023
Cellular Response To Epidermal Growth Factor Stimulus (GO:0071364),-0.990779672787569,0.8465915341391426,0.47338403041825095,ZPR1;INPP5K;DUSP22,wald_stat,GO_Biological_Process_2023
Protein Complex Oligomerization (GO:0051259),-0.9904525896959726,0.8460092372677044,0.4741100323624595,JMJD6;TMEM120A;CARD11;ZC3H12A;CPSF7;ZBTB1;WDCP;NUDT21;SLC9A1;CPSF6;PKD2;CHMP2A;HLA-DRB1;LRRC8C,wald_stat,GO_Biological_Process_2023
RNA Catabolic Process (GO:0006401),-0.9896880215148883,0.8465495639131698,0.4873524451939292,YTHDF2;ZPR1;SUPV3L1;ERN1;EXOSC10;NCBP1;AGO4,wald_stat,GO_Biological_Process_2023
Regulation Of Cellular Metabolic Process (GO:0031323),0.9890787415906663,0.8357028780365001,0.4779582366589327,ARF4;PGAM1;COQ7;NUAK1;HIF1A;STK17A;NEK4;PPARA;PDK2;CIDEB,wald_stat,GO_Biological_Process_2023
Carbohydrate Catabolic Process (GO:0016052),-0.9886599680214031,0.8479115347218289,0.47594501718213056,MAN2C1;NEU1;ENO3;GAPDH;NAGA;LDHA,wald_stat,GO_Biological_Process_2023
Glycerophospholipid Biosynthetic Process (GO:0046474),0.988509236948363,0.8351773664850789,0.4588859416445623,MTMR4;CDIPT;GPAT4;PIKFYVE;PI4K2B;PIP5K1A;AGPAT1;TAMM41;CEPT1;LPCAT1;LPCAT3;FAR1;MTMR6;SLC44A2;PTEN;SELENOI;SFI1;ABHD4;SACM1L;HDHD5;PITPNM1,wald_stat,GO_Biological_Process_2023
protein-RNA Complex Assembly (GO:0022618),-0.9881602610804369,0.8477683664830983,0.4698996655518395,SRSF10;CRNKL1;RBM5;PRPF18;CPSF7;EIF3B;RAMAC;MRPS11;HEXIM1;POLR2D;SRSF9;NCBP1;AGO4;SNRPD1;AGO2;NUDT21;DDX1;EIF5;SRSF5;CPSF6,wald_stat,GO_Biological_Process_2023
Vesicle-Mediated Transport (GO:0016192),-0.9881013344366704,0.8463539894705973,0.481994459833795,RAB5C;RAB1A;CSNK1G2;CDC42;ARF1;STX5;AP3D1;TMED10;CHMP4A;LAMTOR1;ATP6V1H;RAB14;PIP4K2A;RIN3;ARL5B;CSNK1D;KIF13A;CHMP2B;NECAP1;RHOQ;TBC1D2B;STX3;TMED2;AP1S1;LRP8;BECN1;ZFYVE27;SPAG9;RAB2A;SEPTIN9;NAPA;AP4B1;VPS39;CCL5;CDK16;KXD1;ARF6;S100A10;STX11;RAB11FIP3;DTX3L;CHMP2A;VPS4A;ATG14;MICALL1;SNF8;CSNK1E;RAB22A;RAB4A;AHI1;DENND3;EHD3;RAB30;TRAK1;AP2A1;CCZ1;EXOC6B;ARF3;EPN1;KIF1B;HMGXB4;SCRN1;SNAP29;AP5M1;RAB27B;AP2M1;WASL;SNX9;PLIN3;EPG5;AP1G1;AP2A2;AP3B1;MYO5A;STX8;M6PR;DENND1B;STX1A;DNM2;VPS13B;WASHC2A;SGSM3,wald_stat,GO_Biological_Process_2023
Cell Cycle G2/M Phase Transition (GO:0044839),-0.9879511488523445,0.845253453962243,0.47927927927927927,AKAP8L;LATS1;AKAP8;CCDC57;PLCB1;WEE1;DNM2;ARPP19;FBXL15;CCNY;TAF2,wald_stat,GO_Biological_Process_2023
Wnt Signaling Pathway (GO:0016055),0.9876735331719133,0.8353997577661467,0.45985401459854014,CCDC88C;USP34;STRN;PORCN;VPS35,wald_stat,GO_Biological_Process_2023
Response To Light Stimulus (GO:0009416),-0.9868673336823345,0.8468557492622091,0.46362098138747887,CDKN2D;ERCC3;CIRBP;MAP2K7;COPS3,wald_stat,GO_Biological_Process_2023
Cellular Response To UV (GO:0034644),-0.9864449095775919,0.8464989931170126,0.4597315436241611,ATF4;SDE2;CREBBP;ZBTB1;TIMP1;ERCC1;RHNO1;CRIP1;TRIAP1;N4BP1,wald_stat,GO_Biological_Process_2023
Phosphatidylinositol Metabolic Process (GO:0046488),0.9859528995949839,0.838467796528025,0.45792079207920794,PLEK;MTMR4;CDIPT;PIKFYVE;PI4K2B;PLCG1;PIP5K1A,wald_stat,GO_Biological_Process_2023
Zymogen Activation (GO:0031638),-0.9858920301098953,0.8465797866318066,0.4734982332155477,FURIN;BAD;ASPH;TBC1D10A;RIPK2;PGK1;BAK1,wald_stat,GO_Biological_Process_2023
Iron-Sulfur Cluster Assembly (GO:0016226),-0.9854758915680742,0.8446384431409099,0.46830985915492956,FXN;NFU1;GLRX5;NUBP1;NUBP2;ISCA1,wald_stat,GO_Biological_Process_2023
Metallo-Sulfur Cluster Assembly (GO:0031163),-0.9854758915680742,0.8446384431409099,0.46830985915492956,FXN;NFU1;GLRX5;NUBP1;NUBP2;ISCA1,wald_stat,GO_Biological_Process_2023
Regulation Of Wnt Signaling Pathway (GO:0030111),-0.9837822285279915,0.8480009920793262,0.479020979020979,PPP2CA;CRBN;OTULIN;ATP6V0C;FAM53B;HHEX;GNAQ;SUMO1,wald_stat,GO_Biological_Process_2023
Negative Regulation Of Response To Biotic Stimulus (GO:0002832),0.9834560885598537,0.8437257337018996,0.5023041474654378,PRKDC;YWHAZ;ATG5;CARD8;PARP1;PPM1B;ITCH;SIGIRR,wald_stat,GO_Biological_Process_2023
Cellular Response To Metal Ion (GO:0071248),0.9819819836194859,0.8460562653560925,0.49742268041237114,SMPD1;RASGRP2;JUN;DAXX;CDKN1B;NEK7;CPNE3;BNIP3;ADD1,wald_stat,GO_Biological_Process_2023
Cellular Response To Lipid (GO:0071396),-0.9810153194359258,0.8545742625432896,0.48773006134969327,VIM;GIT1;ZC3H12A;SNW1;PLAA;TNIP3;TNIP2;NDUFA13;NFKBIB;SHPK;PABPN1;SBNO2;H2AZ1;NFKB1;URI1;TWF2;LYN;GSTP1,wald_stat,GO_Biological_Process_2023
Mitotic G1 DNA Damage Checkpoint Signaling (GO:0031571),-0.9806910914299848,0.8539070558395594,0.477859778597786,SDE2;TRIAP1;FBXO31;PIDD1,wald_stat,GO_Biological_Process_2023
Positive Regulation Of Cold-Induced Thermogenesis (GO:0120162),0.9805857655249035,0.8480210094637936,0.4626865671641791,ADRB2;ELOVL6;CNOT3;HADHA;FH;BSCL2;EHMT1,wald_stat,GO_Biological_Process_2023
Positive Regulation Of Cell Population Proliferation (GO:0008284),-0.9805234309649452,0.8528508894364525,0.5118694362017804,MAZ;ZNF16;TCIRG1;NME1;AKT1;IRS2;CD81;TGFB1;ZNF268;FXN;CALR;PFDN1;FBXO5;TIMP1;BAD;MATK;SERTAD1;ID2;CUL3;STX3;BCL7B;BCL7C;NOTCH1;EPHA4;TNFRSF11A;MVD;EAPP;CCL5;BRD9;LYN;SLC25A5;BST2;GNAI2;CEP131;IL18;CNOT8;ROMO1;BICRA;SHC1;TIPIN;IGF1R;AREG;SOX4;DOT1L;PHB1;PAK1;NACC1;CIB1;MAP3K3;RBPJ;CDC123,wald_stat,GO_Biological_Process_2023
Protein Catabolic Process (GO:0030163),-0.979946624630471,0.8529153171247195,0.48484848484848486,FBXO44;TCIRG1;MARCHF6;CTSD;UCHL3;CASP3;TPP1;CTSS;CTSW;CAPN2;BAG6;DENND3;DDB1;HTRA2,wald_stat,GO_Biological_Process_2023
Response To Organonitrogen Compound (GO:0010243),0.9794112777905373,0.8491939825522896,0.4574712643678161,ATF1;VCP;SYVN1;CCDC47;CREB1;RNF185;ERLEC1;MTOR;RNF5,wald_stat,GO_Biological_Process_2023
Transcription By RNA Polymerase II (GO:0006366),-0.9788595734750672,0.8545355781778212,0.5104790419161677,MAZ;ATF4;ELOA;TAF11;TAF10;ERCC3;POLR2C;ZBTB1;NCOA1;POLR2D;POLR2G;ELOB;NCBP1;MNAT1;NFKB1;ELL;NCBP3;TAF4;MED4;CCNT1;DEAF1;POLR2E;NOCT;S100A10;CDK7;MAF;DRAP1;CCNT2;RTF1;POLR2J;ELP2;TBPL1;CDK9;MED17;TAF3;CDK12;ELOF1;SNAPC5;NFYA;KLF13;MNT;SUB1;ARRB2;XRN2;GMEB2;CCDC124;E2F3;MED1;POLR2F,wald_stat,GO_Biological_Process_2023
Protein Localization To Golgi Apparatus (GO:0034067),-0.9787729323332278,0.8532485484262254,0.45878136200716846,TMED10;ARL5B;CSNK1D;SYS1;GAK;OPTN,wald_stat,GO_Biological_Process_2023
Regulation Of Nucleotide-Excision Repair (GO:2000819),-0.9784193619849613,0.8527603437528829,0.49818840579710144,BRD7;ARID1B;BCL7B;BCL7C,wald_stat,GO_Biological_Process_2023
Regulation Of GTPase Activity (GO:0043087),-0.9782295564967903,0.8517763024957133,0.5169230769230769,XCL1;ARHGEF7;RAPGEF1;PREX1;SOS2;PIN1;PLXNA4;ARHGAP11A;CHN2;XCL2;TBC1D20;TMED2;EPHA4;ARHGAP9;PLXNA3;CCL4;STMN3;RGS16;CCL5;S100A10;VAV3;RTN4R,wald_stat,GO_Biological_Process_2023
Positive Regulation Of Cell Projection Organization (GO:0031346),-0.9782080530906965,0.850285879855301,0.5229202037351444,TWF1;RAPGEF1;CARMIL2;PLXNA4;ALKAL2;PLXNA3;METRN;TWF2;LYN,wald_stat,GO_Biological_Process_2023
Regulation Of Cell Cycle G1/S Phase Transition (GO:1902806),-0.9774740638908784,0.8508387165172527,0.4983164983164983,BRD7;ARID1B;FBXW7;CDKN2D;PPP2CA;ID2;BCL7B;BCL7C;MNAT1,wald_stat,GO_Biological_Process_2023
Positive Regulation Of Protein Localization To Plasma Membrane (GO:1903078),-0.9768501998552347,0.8510865974578141,0.4849023090586146,LGALS3;AKT1;STX3;PIK3R1;ARF6;CLN3;RANGRF;PTPN9;CIB1;RHOG,wald_stat,GO_Biological_Process_2023
Regulation Of Telomere Maintenance Via Telomere Lengthening (GO:1904356),0.9764018959605015,0.8559069026433338,0.4810924369747899,TNIP1;HNRNPA2B1;PARP1;DHX36,wald_stat,GO_Biological_Process_2023
Regulation Of Transforming Growth Factor Beta Receptor Signaling Pathway (GO:0017015),-0.9762818288288999,0.8511138115786263,0.4903536977491961,TGFB1;SNW1;CREBBP;SPRY2;PIN1;TRIM33;LDLRAD4;LATS1;ZNF451;PMEPA1;SAP30L;GIPC1;SMURF1;LATS2;ENG;OGT;HIPK2;NREP;BRMS1;FLCN,wald_stat,GO_Biological_Process_2023
Response To Amino Acid (GO:0043200),-0.9762521726424191,0.8496802203942827,0.5,NSMF;LAMTOR1;LAMTOR4,wald_stat,GO_Biological_Process_2023
Regulation Of Ras Protein Signal Transduction (GO:0046578),-0.9761852404255329,0.8483771482569885,0.4877250409165303,ARHGDIA;GIT1;SPRY2;MYO9B;FBP1;NOTCH1;MAPKAP1;ARF6;BCR;RABL3;OPHN1;DENND3;OGT;RALGPS1;EPS8L1,wald_stat,GO_Biological_Process_2023
Regulation Of Cell Communication (GO:0010646),0.9758991094080558,0.8550182025252495,0.4884210526315789,NUP62;CRK;ZMYND11;PTPN1,wald_stat,GO_Biological_Process_2023
Stress Granule Assembly (GO:0034063),-0.9757553448383632,0.8480671148212174,0.527336860670194,YTHDF2;YTHDF3;YTHDF1;CIRBP;ATXN2L;DDX6;DDX3X;PRRC2C;DAZAP2,wald_stat,GO_Biological_Process_2023
Regulation Of Endoplasmic Reticulum Stress-Induced Intrinsic Apoptotic Signaling Pathway (GO:1902235),0.97545936561531,0.8540808539534416,0.47413793103448276,TMBIM6;NCK1;FCGR2B;SYVN1;PTPN1;CREB3;SELENOS;EIF2AK3;BCL2L11;XBP1,wald_stat,GO_Biological_Process_2023
Positive Regulation Of Endopeptidase Activity (GO:0010950),-0.9751215344468847,0.8482953358684102,0.5125448028673835,EPHA4;APH1A;LYN;PSME2;PSME1,wald_stat,GO_Biological_Process_2023
Membrane Assembly (GO:0071709),-0.9742458067375553,0.849219063836091,0.4927797833935018,CHMP4A;CHMP2B;NSFL1C;RFTN1;S100A10;CHMP2A;VPS4A,wald_stat,GO_Biological_Process_2023
Regulation Of Immunoglobulin Production (GO:0002637),0.9736859833279281,0.8571657801405067,0.46835443037974683,PTPRC;PHB2;FCGR2B,wald_stat,GO_Biological_Process_2023
Maintenance Of Protein Localization In Organelle (GO:0072595),-0.973474454339573,0.8498087066872405,0.49625468164794007,TOPORS;PINK1;SUPT7L;HSPA5;TAF3;SKP1;MORC3;ARL2BP;KDELR2,wald_stat,GO_Biological_Process_2023
Protein Ubiquitination (GO:0016567),-0.9734383179468348,0.8484018945677921,0.5333333333333333,ZNF598;SDE2;RNF7;BRAP;UBOX5;MARCHF6;RNF181;FBXW7;ANAPC11;ENC1;CRBN;TRIM33;UBR1;MARCHF5;MIB2;OTULIN;UBE2Q1;CUL3;UCHL3;BIRC2;CAND1;MYLIP;DDA1;BSPRY;MSL2;FBXO9;ZSWIM8;MARCHF3;RNF115;USP7;RNF125;RNF19B;UBB;ARIH2;VCPIP1;RNF166;ISG15;CUL5;TOPORS;FBXL5;MDM4;UBA1;UBA6;UBE2S;FBXO11;TPP2;RBBP6;TRIM25;PINK1;DTX3L;KLHL2;CHFR;NFE2L2;TRIM58;RNF103;HERC5;SMURF1;ARRB1;DDB1;ARRDC1;UBE2J1;RNF138;ANKRD9;FANCL;PCNP;ZNF738;SKP1;AREL1;RNF19A;RC3H1;WSB2;RNF6;ARRB2;FBXW8;UBE2L6;HERC4;TRIM44;UBE2O;TRPC4AP;RNF114;PEX10;MARCHF2;UBE2V1;MUL1;BABAM2;SMURF2;VPS11;WWP2;TRIM21;FBXO45;RNF126;MKRN1;RNF11;UBE2D1;FBXO32;RC3H2;CUL1;CDC34,wald_stat,GO_Biological_Process_2023
Positive Regulation Of Cellular Process (GO:0048522),-0.9733886726741973,0.8470463436792174,0.5324675324675324,MAZ;ZNF16;CDC42;ZPR1;BRD7;ARID1B;TCIRG1;AKT1;IRS2;CD81;TGFB1;ZNF268;FXN;SUPV3L1;RAD23A;CALR;PFDN1;FBXO5;TIMP1;MATK;SERTAD1;CUL3;HCFC1;PTPRJ;STX3;BCL7B;BCL7C;NOTCH1;PRKCA;NCBP1;EPHA4;IER5;TNFRSF11A;P4HB;MVD;EAPP;CCL5;MAPKAP1;BRD9;LYN;SLC25A5,wald_stat,GO_Biological_Process_2023
RNA-mediated Gene Silencing (GO:0031047),-0.9718153724906677,0.8501176484522273,0.5009310986964618,HEXIM1;HELZ;AGO4;AGO2,wald_stat,GO_Biological_Process_2023
Positive Regulation Of Mitochondrion Organization (GO:0010822),-0.9717915990320478,0.8486992561871319,0.5181347150259067,DDHD1;BBC3;BAD;MARCHF5;GSK3A;MOAP1;PGAM5;PINK1;HTRA2;BAK1;PARK7;HTT;PPIF;BOK;MUL1;PDCD5;BID;GSK3B,wald_stat,GO_Biological_Process_2023
Insulin Receptor Signaling Pathway (GO:0008286),-0.9714790908940304,0.8480632533915441,0.5064220183486239,IRS2;RHOQ;GSK3A;PIK3R1;SHC1;IGF1R;PTPN2;GRB2;GSK3B;FOXO4;AP3S1;AKT2,wald_stat,GO_Biological_Process_2023
Protein Depolymerization (GO:0051261),-0.9711631451367377,0.8474791308389525,0.49371633752244165,TWF1;MICAL3;STMN3;TWF2;VPS4A;GSN;STMN1;DSTN,wald_stat,GO_Biological_Process_2023
Epithelium Development (GO:0060429),0.9708758545904578,0.8634343795314664,0.5107398568019093,PDCD10;KRIT1;VCL;PIH1D1;TAGLN2;WDPCP;PTCH1;BDH2;CPT1A;TIMELESS;ALDOC,wald_stat,GO_Biological_Process_2023
Phospholipid Translocation (GO:0045332),-0.9701092984980327,0.8490449001547065,0.48698884758364314,TRIAP1;ATP8A1;ABCA7;PLSCR1;P2RX7;ATP11C;ABCB1;ATP8B4,wald_stat,GO_Biological_Process_2023
Regulation Of Ruffle Assembly (GO:1900027),-0.9699088619608556,0.8481239112931398,0.5113636363636364,CARMIL2;P2RX4;EVL;PFN1;EPS8L1,wald_stat,GO_Biological_Process_2023
Positive Regulation Of Protein Binding (GO:0032092),0.9689338976805066,0.866762802690887,0.48863636363636365,STK4;EPB41;AKTIP;RAN;ADD1;PSEN1;STING1;NMD3,wald_stat,GO_Biological_Process_2023
Fatty Acid Biosynthetic Process (GO:0006633),0.9678431325550847,0.8676235023610849,0.5,ELOVL6;ABHD3;HACD2;ABHD2;MCAT;GPX4;MLYCD;ABCD3;XBP1;ACACA,wald_stat,GO_Biological_Process_2023
Negative Regulation Of MAPK Cascade (GO:0043409),0.9678147574684768,0.8653728672886782,0.5412844036697247,LAX1;PTPRC;TNIP1;STK38;SMPD1;DUSP16;CDK5RAP3;QARS1;PSMD10;PTPN1;DUSP1;PTEN;PIK3R2;DLG1;EZR;RGS14,wald_stat,GO_Biological_Process_2023
Positive Regulation Of Viral Genome Replication (GO:0045070),-0.9677250188917428,0.8526357086786122,0.48586572438162545,ADARB1;RAD23A;PKN2;TMEM39A;CCL5;PPIH;DDX3X;DDB1,wald_stat,GO_Biological_Process_2023
Endosome Transport Via Multivesicular Body Sorting Pathway (GO:0032509),0.9666618063786152,0.8665510332304153,0.4792626728110599,CHMP5;MVB12A;TMEM50A;VCP;LEPROT;DENND10;CHMP7;VPS4B;TMEM50B;CHMP6;LEPROTL1;CHMP1B,wald_stat,GO_Biological_Process_2023
Regulation Of Endothelial Cell Migration (GO:0010594),-0.9650239672362129,0.8587753846331627,0.5025996533795494,AKT1;ZC3H12A;CALR;RAC1;GATA3;PRKCA;EMC10,wald_stat,GO_Biological_Process_2023
Protein Monoubiquitination (GO:0006513),0.9646054522590782,0.8706429168654503,0.5181818181818182,RNF20;KLHL22;FAAP20;MARCHF7;OBI1;RBX1;ITCH;RNF10;FANCF;HUWE1;UBE2R2;RAD18,wald_stat,GO_Biological_Process_2023
Positive Regulation Of JUN Kinase Activity (GO:0043507),-0.9634817233779854,0.8617417400080631,0.518324607329843,ERN1;MAP2K7;TNFRSF11A;MAP3K10,wald_stat,GO_Biological_Process_2023
Regulation Of Centrosome Duplication (GO:0010824),0.9630177399838094,0.8730523507734974,0.5273972602739726,CHMP5;CEP120;CHMP1A;NPM1;SPICE1;GEN1;CEP76;TMEM67;NAT10;VPS4B;PDCD6IP;PLK2;CHMP1B,wald_stat,GO_Biological_Process_2023
Positive Regulation Of miRNA Metabolic Process (GO:2000630),-0.962973697337079,0.8617569181535922,0.5079928952042628,ZC3H12A;EGR1;TGFB1;GATA3;ZSWIM8;NFKB1,wald_stat,GO_Biological_Process_2023
Protein N-linked Glycosylation Via Asparagine (GO:0018279),-0.9627817841369906,0.8607801188285928,0.5106382978723404,MAGT1;RPN2;DDOST;DPM1;NUDT14;UBE2J1;MGAT1,wald_stat,GO_Biological_Process_2023
Positive Regulation Of Macromolecule Metabolic Process (GO:0010604),-0.9622237676467431,0.860836804019571,0.5286821705426357,MAZ;ATF4;ZPR1;AKT1;DGKQ;ZC3H12A;MAP2K2;IFNGR1;EGR1;TGFB1;SPRY2;PDCL3;MAPK9;PRKAG1;ID2;HCFC1;LGALS9;GSK3A;NOTCH1,wald_stat,GO_Biological_Process_2023
Negative Regulation Of Cytoskeleton Organization (GO:0051494),-0.9621136935023622,0.8596350324962242,0.5170556552962298,TWF1;SSH1;TWF2;PFN1,wald_stat,GO_Biological_Process_2023
tRNA Metabolic Process (GO:0006399),0.9618577053587957,0.8742528333898715,0.5208333333333334,ZFP36L1;SSB;POP7;ELAC2;RPP21,wald_stat,GO_Biological_Process_2023
Stress-Activated MAPK Cascade (GO:0051403),0.9612734578375317,0.8736711911293551,0.48614609571788414,MAPK14;MAP2K4;ZFP36L1;DAXX,wald_stat,GO_Biological_Process_2023
Regulation Of Actin Filament-Based Process (GO:0032970),-0.9602558213997281,0.8635268440875625,0.527363184079602,CDC42;RAC1;DAPK3;RHOQ;DMTN;TWF2;TAOK2;TESK1;MLST8;BST2,wald_stat,GO_Biological_Process_2023
Positive Regulation Of Supramolecular Fiber Organization (GO:1902905),-0.9602552515341491,0.8620449252141247,0.4909090909090909,MAPRE1;LIMK1;NCK2;RAC1,wald_stat,GO_Biological_Process_2023
Positive Regulation Of B Cell Proliferation (GO:0030890),-0.9600025173197058,0.8612074918429335,0.48939929328621906,IRS2;CD81;GPR183;CD38;VAV3,wald_stat,GO_Biological_Process_2023
Water-Soluble Vitamin Metabolic Process (GO:0006767),-0.9599992076432207,0.8597418117177459,0.5261194029850746,SLC25A32;SLC2A1;FPGS;RFK;SLC23A2;PANK2;SLC19A2;MTHFD2L,wald_stat,GO_Biological_Process_2023
Regulation Of Protein Binding (GO:0043393),0.9598537802511349,0.8757565987380943,0.5109489051094891,STK4;STYX;TMBIM6;EPB41;CRK;AKTIP;MITD1;RAN;ADD1;PSEN1;STING1;HDAC5,wald_stat,GO_Biological_Process_2023
Mitotic Metaphase Plate Congression (GO:0007080),-0.9595382899813396,0.8595214694475841,0.5114235500878734,MAPRE1;CHMP4A;CHMP2B;CUL3;BECN1;SEH1L;KIF22;CHMP2A;VPS4A,wald_stat,GO_Biological_Process_2023
mRNA Methylation (GO:0080009),0.9594364887763139,0.8747990777032258,0.5087336244541485,ZC3H13;NSUN2,wald_stat,GO_Biological_Process_2023
Response To Amino Acid Starvation (GO:1990928),0.9591656937862636,0.8732979288426004,0.528344671201814,RRAGA;EIF2S1;WDR59;KICS2;DEPDC5;SH3GLB1;FAS;RRAGB;MTOR;EIF2AK3;GCN1;MAPK8,wald_stat,GO_Biological_Process_2023
RNA Stabilization (GO:0043489),0.9590954930013196,0.8712132723737174,0.501123595505618,TNIP1;THRAP3;ZCCHC17;EIF4ENIF1;PARN;NSUN2;DHX36;PABPC1,wald_stat,GO_Biological_Process_2023
Mitotic DNA Damage Checkpoint Signaling (GO:0044773),0.9586913359841536,0.8701822092535457,0.5478260869565217,PRKDC;CDK5RAP3;TRIM39;RPA2;ZNF830;MDC1;ATF2;RAD17;TAOK1;TAOK3;MRE11;TP53;ATM,wald_stat,GO_Biological_Process_2023
Cellular Defense Response (GO:0006968),-0.9585791125822589,0.8607766218123007,0.5206463195691203,TCIRG1;GNLY;LSP1;BECN1;KLRC2;TYROBP;KIR3DL2;TRAT1,wald_stat,GO_Biological_Process_2023
Regulation Of Protein Neddylation (GO:2000434),0.9580641846047352,0.8697448563823255,0.4779735682819383,COPS5;COPS7A;HIF1A;DCUN1D1,wald_stat,GO_Biological_Process_2023
Regulation Of Calcium Ion Transport (GO:0051924),-0.9576091315315282,0.8620561194090739,0.5152603231597845,INPP5K;P2RX4;CCL4;CCL5;PKD2;CRACR2A,wald_stat,GO_Biological_Process_2023
Regulation Of Double-Strand Break Repair Via Nonhomologous End Joining (GO:2001032),0.9575831085907205,0.8688130973223214,0.5160550458715596,SMCHD1;PRKDC;CYREN;WRAP53,wald_stat,GO_Biological_Process_2023
Positive Regulation Of Immune Effector Process (GO:0002699),-0.9572889259117094,0.8615543781570083,0.5045537340619308,CD81;LGALS9;PTPRJ,wald_stat,GO_Biological_Process_2023
Regulation Of Insulin Secretion (GO:0050796),0.9571962579036368,0.8677404863057921,0.524390243902439,PPP3CB;TM7SF3;IFNG;HADHA;SLC25A22;UQCC2;ACSL4,wald_stat,GO_Biological_Process_2023
Regulation Of Defense Response To Virus By Host (GO:0050691),-0.9570625365896248,0.8606478658697416,0.5385996409335727,ZC3H12A;PQBP1;NT5C2;MICB;IFNLR1,wald_stat,GO_Biological_Process_2023
Regulation Of Cellular Component Organization (GO:0051128),-0.9570503861341583,0.8592158371075894,0.5463743676222597,MAD2L2;LAMTOR1;CCNL2;RAPGEF1;MKI67;HCFC1;MCM2;NUBP1;LATS1;URI1;ATF5;KAT7;SETD5;TAOK2;PINK1;PTCH2;OPHN1;RAB4A;BAG5;CHPT1,wald_stat,GO_Biological_Process_2023
Cellular Response To Acid Chemical (GO:0071229),-0.9562442204627937,0.8599260857274207,0.5265017667844523,NSMF;LAMTOR1;LAMTOR4,wald_stat,GO_Biological_Process_2023
Tumor Necrosis Factor-Mediated Signaling Pathway (GO:0033209),-0.955973709791561,0.8592912064326257,0.5216606498194946,COMMD7;EIF5A;BIRC2;TNFRSF11A;IKBKB;TRAF1;BIRC3,wald_stat,GO_Biological_Process_2023
Golgi Vesicle Transport (GO:0048193),-0.9551775058724532,0.8600449722309534,0.5796875,RAB1A;MPPE1;TFG;NAPG;TRAPPC10;STX5;SEC24C;TMED10;TRAPPC2L;TRAPPC6A;SEC24B;COG3;CUL3;SURF4;BNIP1;TBC1D20;TMED2;RAB2A;BLTP3B;VTI1A;NAPA;TMED4;SEC24A;TAPBP;TRAPPC5;TMED1,wald_stat,GO_Biological_Process_2023
Lysosome Organization (GO:0007040),0.9550273203805011,0.871721118077349,0.5259433962264151,VPS33A;SPG11;AKTIP;HOOK2;FHIP1B;TMEM106B;GAA;GNPTAB;MTOR;SNAPIN,wald_stat,GO_Biological_Process_2023
Supramolecular Fiber Organization (GO:0097435),0.9547918613686744,0.8702165127999798,0.5647058823529412,CCDC88C;ARHGAP25;KATNA1;KIF2A;CKAP5;TMOD3;ARHGEF2;SLAIN2;FLII;MBD1;HOOK2;MYO6;SLAIN1;RIPK1;TAGLN2,wald_stat,GO_Biological_Process_2023
Regulation Of Protein Phosphorylation (GO:0001932),-0.9544446244247625,0.860645939022442,0.5643086816720257,TWF1;INPP5K;AKT1;MYDGF;ZC3H12A;TGFB1;VEGFB;PDCL3;FLOT1;RAC1;PPP2CA;PIN1;CSNK1D;FNIP1;AXIN1;TTN;TSPYL2;SOCS1;LYN;TESK1;PINK1;HLA-DRB1;ATG14,wald_stat,GO_Biological_Process_2023
Regulation Of Cell Size (GO:0008361),-0.9542847021883261,0.8596795025721365,0.5183823529411765,LAMTOR4;RAC1;ARHGAP5;LAMTOR5;VAV3,wald_stat,GO_Biological_Process_2023
Positive Regulation Of Protein Localization To Membrane (GO:1905477),-0.9530439041490759,0.8614982627877228,0.5529411764705883,LGALS3;AKT1;CD81;BBC3;STX3;PIK3R1;ITGAM;ARF6;RANGRF;PTPN9;CIB1;TCAF1;RHOG;PDCD5;ITGB2,wald_stat,GO_Biological_Process_2023
Regulation Of Epithelial Cell Proliferation (GO:0050678),-0.951492069754957,0.8644207921485509,0.5263157894736842,NME1;RUNX3;TGFB1;BAD,wald_stat,GO_Biological_Process_2023
Negative Regulation Of Transmembrane Receptor Protein Serine/Threonine Kinase Signaling Pathway (GO:0090101),-0.951259166298485,0.8636460463811167,0.5423452768729642,CRIM1;SPRY2;PIN1;TRIM33;LDLRAD4;NOTCH1;ZNF451;PMEPA1;SAP30L;SMURF1;OGT;SKIL;HIPK2;BRMS1;SORL1;SMURF2;STRAP;FAM89B;UBE2D1,wald_stat,GO_Biological_Process_2023
Mitotic Spindle Assembly (GO:0090307),0.950768800134296,0.8800592116978826,0.5117924528301887,KPNB1;KIF2A;RAB11A;KIF3B,wald_stat,GO_Biological_Process_2023
Regulation Of Cell Division (GO:0051302),-0.9505755252711267,0.8641325566898669,0.5301003344481605,GIT1;CALM3;PIN1;RAB11FIP4;KIF13A;BECN1;CALM1;YEATS2;RAB11FIP3;PDXP;MBIP;ZFYVE26;FLCN;CIB1;PRPF40A,wald_stat,GO_Biological_Process_2023
Negative Regulation Of Cytokine-Mediated Signaling Pathway (GO:0001960),-0.9500364671117799,0.8641011659221481,0.5294117647058824,YTHDF2;YTHDF3;PPP2CB;ISG15;USP18;OTUD4;OAS1;GSTP1;METTL3;PTPN2;GPS2;MUL1;NR1H3;RNF113A;CYLD;SH2B3,wald_stat,GO_Biological_Process_2023
rRNA Metabolic Process (GO:0016072),0.9499371850769772,0.8804467519475963,0.5501222493887531,ZFP36L1;TRIR;NOLC1;PIH1D1;EMG1;MRM2;EXOSC2;SPIN1;SLFN12;PES1;EXOSC3;XRN1,wald_stat,GO_Biological_Process_2023
Response To Ionizing Radiation (GO:0010212),0.9495142729380314,0.8794682923801255,0.5539906103286385,USP28;MAPK14;SMPD1;CLK2,wald_stat,GO_Biological_Process_2023
Microtubule Polymerization (GO:0046785),0.9493579060363062,0.8776747189466347,0.5717592592592593,CKAP5;SLAIN2;NDEL1;SLAIN1,wald_stat,GO_Biological_Process_2023
Response To Epidermal Growth Factor (GO:0070849),-0.9488959622925922,0.8657821234626809,0.544280442804428,ZPR1;INPP5K;DUSP22,wald_stat,GO_Biological_Process_2023
Cellular Response To Peptide Hormone Stimulus (GO:0071375),-0.9478198455157415,0.8673127207473106,0.5662650602409639,INPP5K;AKT1;IRS2;RHOQ;GSK3A;PIK3R1;NFKB1;HDAC9;LPIN1;INSIG1;USF1,wald_stat,GO_Biological_Process_2023
'De Novo' Post-Translational Protein Folding (GO:0051084),0.9476546279582546,0.880359695526591,0.503370786516854,ST13;PTGES3;SELENOF;UGGT1;HSPA8;SDF2;CCT2;DNAJB4,wald_stat,GO_Biological_Process_2023
Glycosaminoglycan Metabolic Process (GO:0030203),-0.9473381295461152,0.8671665045139307,0.5146520146520146,IDS;EXT1;XYLT1;B3GAT3;B4GALT7;CLN6;IDUA,wald_stat,GO_Biological_Process_2023
Translational Elongation (GO:0006414),0.9464895852962324,0.8814775809362891,0.565947242206235,ANKZF1;EEF1A1;RNF14;TCF25;MTRFR;EEF2;EEF1B2;EEF2K;RACK1;DROSHA;KLHDC10;EIF5A2;GCN1,wald_stat,GO_Biological_Process_2023
Positive Regulation Of Nucleocytoplasmic Transport (GO:0046824),-0.9464358336421557,0.868211651457582,0.5364963503649635,ZPR1;ZC3H12A;TGFB1;PIK3R1;YWHAE;CPSF6;BAG3,wald_stat,GO_Biological_Process_2023
mRNA Splice Site Recognition (GO:0006376),0.9462983004711655,0.8797281782384236,0.5369127516778524,LUC7L2;SRSF1;SETX;CELF2;SF3A3;PSIP1,wald_stat,GO_Biological_Process_2023
Negative Regulation Of Intracellular Protein Transport (GO:0090317),-0.9461476822798461,0.8675003510656782,0.5272727272727272,INPP5K;SUMO1;DMTN;INSIG1;UFM1,wald_stat,GO_Biological_Process_2023
Secondary Alcohol Biosynthetic Process (GO:1902653),0.9457063103776869,0.8792041804647742,0.5537757437070938,LBR;LSS;HMGCS1;INSIG2;GLB1;FDFT1;ARV1,wald_stat,GO_Biological_Process_2023
Regulation Of Cell-Cell Adhesion (GO:0022407),-0.9455769520426576,0.8676924395665887,0.5567765567765568,MDGA1;TGFB1,wald_stat,GO_Biological_Process_2023
Positive Regulation Of Cytoskeleton Organization (GO:0051495),-0.9453409538917041,0.8669030320982137,0.53584229390681,LIMK1;NCK2;PFDN2;PLXNA3;SORBS3;ARF6;PDXP;EVL;PFN1;P2RX7;SNX9;SASS6;GSN,wald_stat,GO_Biological_Process_2023
Regulation Of Protein Catabolic Process (GO:0042176),-0.944283884025882,0.8682474281533769,0.584717607973422,STX5;MAD2L2;FURIN;TIPARP;PIN1;NUDT15;NDUFA13;ATG7;PRKACA;GSK3A;AXIN1;UBB;MDM4;PINK1;PSME2;DCAF1;AZIN1;SNF8;PSME1;DDB1,wald_stat,GO_Biological_Process_2023
Positive Regulation Of Protein Import Into Nucleus (GO:0042307),-0.943656743017037,0.8684752768707669,0.5395948434622467,ZPR1;ZC3H12A;TGFB1;PIK3R1,wald_stat,GO_Biological_Process_2023
Positive Regulation Of T Cell Mediated Immunity (GO:0002711),-0.9430385646903726,0.8687987774707436,0.5394265232974911,XCL1;ZBTB1;MICB;HLA-DRB1;HLA-F;HLA-B;HLA-E;IL12RB1;HLA-C,wald_stat,GO_Biological_Process_2023
Cytoplasmic Translation (GO:0002181),-0.9429157881399373,0.8676982249259875,0.55,DRG2;EIF4A1;RWDD1;EIF3I;ETF1,wald_stat,GO_Biological_Process_2023
Positive Regulation Of DNA-binding Transcription Factor Activity (GO:0051091),0.9425168503851328,0.8864120549034463,0.6205882352941177,S100A8;TRIM27;S100A9;TRIM22;PRKCQ;STAT3;COPS5;ARHGEF2;PHB2;MTPN;CX3CR1;STING1;HDAC5;USP14;RIPK1;ATF2;TRIM38;NPM1;NTRK1;ERC1;PRDX3;RIGI;IL1RAP;PTEN;TFDP1;TAF12;SMAD3;PRKD2,wald_stat,GO_Biological_Process_2023
Regulation Of Nitric Oxide Biosynthetic Process (GO:0045428),0.9423202276878536,0.884724669943487,0.5333333333333333,KLF2;CD47;IFNG;ATP2B4;CX3CR1,wald_stat,GO_Biological_Process_2023
Amino Acid Transmembrane Transport (GO:0003333),0.9421573975661073,0.8829659232469503,0.5526932084309133,SFXN1;SLC25A22;SLC25A13;SLC36A1;MFSD12;SLC38A9;SLC7A6,wald_stat,GO_Biological_Process_2023
Positive Regulation Of Translation (GO:0045727),-0.9420053546807212,0.8687700198074793,0.5707547169811321,RBM3;YTHDF2;VIM;YTHDF3;USP16;YTHDF1;CIRBP;EIF5A;LARP1B;POLR2G;BCL3;FASTKD3;CCL5;PAIP1;DDX3X;FASTKD2;PCIF1;OGT;METTL3;SOX4,wald_stat,GO_Biological_Process_2023
Cellular Response To Reactive Oxygen Species (GO:0034614),-0.9413025803587737,0.8692850236809235,0.5750421585160203,AKT1;FXN;OSER1;MAPK9;PRDX5;MPV17;PKD2;ZNF580;RIPK3;NFE2L2;ROMO1,wald_stat,GO_Biological_Process_2023
Epithelial Cell Migration (GO:0010631),-0.9407661962904234,0.8692681895589109,0.5428571428571428,PKN1;PKN2;GIPC1;TESK1,wald_stat,GO_Biological_Process_2023
Regulation Of NLRP3 Inflammasome Complex Assembly (GO:1900225),0.940134863882848,0.8868063954303507,0.5410526315789473,GBP5;NEK7;CARD8;HSPA8;CSNK1A1;CPTP;MAPK8;PTPN22,wald_stat,GO_Biological_Process_2023
Protein K63-linked Ubiquitination (GO:0070534),0.9394726919862143,0.8865727127217169,0.5736961451247166,UBE2D4;TRIM27;TRIM22;TRIM65;UBE2B,wald_stat,GO_Biological_Process_2023
Axonogenesis (GO:0007409),0.9394386579396756,0.8844611884450854,0.5822784810126582,PPP3CB;PRKCQ;MYCBP2;RAB10;SPG11;CYFIP2;ATL1;SEMA7A;NEO1;VASP;PTEN,wald_stat,GO_Biological_Process_2023
Regulation Of Interleukin-6 Production (GO:0032675),0.9390874821778469,0.8831857352640173,0.6134663341645885,NCKAP1L;STAT3;ARHGEF2;CD47;IFNG;RIGI;F2R;IL16;SELENOS;TIRAP;PTPN6;ELF4;PTPN11;PTPN22;XBP1;SPHK2;MAPK13;CYBA;AKIRIN2;TNF;MAVS;SYT11;HMGB1,wald_stat,GO_Biological_Process_2023
Heart Morphogenesis (GO:0003007),-0.9375506191588274,0.8765096280406088,0.5337837837837838,ZFPM1;NOTCH1;TTN;MDM4,wald_stat,GO_Biological_Process_2023
Regulation Of Embryonic Development (GO:0045995),0.9374896256518982,0.8854610978899121,0.5925925925925926,UCHL5;INO80D;INO80B;EHMT1;RUVBL1;DHX36;WDPCP;KAT2A;TADA2A;NPHP3;PHLDB2;SEPTIN7;NIPBL;TADA3;YY1;RBM19;NR2C2,wald_stat,GO_Biological_Process_2023
Apical Junction Assembly (GO:0043297),0.9374706546672028,0.8833078884956065,0.5548245614035088,VCL;CHAF1B;PAK2;STRN,wald_stat,GO_Biological_Process_2023
Positive Regulation Of Interleukin-2 Production (GO:0032743),-0.9373604485908236,0.8756015248189363,0.5561403508771929,PDE4D;CARD11,wald_stat,GO_Biological_Process_2023
Nuclear-Transcribed mRNA Catabolic Process (GO:0000956),-0.9361888326983729,0.8772389734091739,0.5850556438791733,RBM8A;MAGOH;TENT4B;ZC3H12A;RNPS1;DCP1A;EXOSC10;POLR2G;CNOT1;NCBP1,wald_stat,GO_Biological_Process_2023
Negative Regulation Of Macromolecule Biosynthetic Process (GO:0010558),-0.9353780782666238,0.8779858782693326,0.5714285714285714,INPP5K;TGFB1;CALR;ENC1;DAPK3;GSK3A;CNOT1;EPHA4;GAPDH;GSTP1;TSPO;TYMS;DDX6;ZNF540;EIF4E2;DDX3X;AP2A1;PCIF1,wald_stat,GO_Biological_Process_2023
Regulation Of Cellular Component Biogenesis (GO:0044087),-0.9352871822635273,0.8767829246498754,0.5315315315315315,RAPGEF1;HCFC1;NOTCH1;LATS1;PINK1;BAG5,wald_stat,GO_Biological_Process_2023
Macrophage Activation (GO:0042116),-0.9349112484268947,0.8763341361513989,0.526615969581749,IFNGR1;SBNO2;ITGAM,wald_stat,GO_Biological_Process_2023
Regulation Of Gluconeogenesis (GO:0006111),-0.9338795284456611,0.8777501840745207,0.539568345323741,DGKQ;FBP1;USP7;DDB1;OGT;PTPN2;SIK1;ARPP19;EP300;ZNF692;SIRT6,wald_stat,GO_Biological_Process_2023
Import Into Cell (GO:0098657),0.9324958720159371,0.8956308024683431,0.5395348837209303,IL10RA;SLC1A7;LRRC8D,wald_stat,GO_Biological_Process_2023
Response To Lipid (GO:0033993),-0.932357564778397,0.8804683447758839,0.5631399317406144,MAPKAPK2;TGFB1;GCH1;CDKN2D;POLR2D;LGALS9;MICB;TNFRSF11A;NOCT;IRAK1,wald_stat,GO_Biological_Process_2023
Regulation Of Microtubule Polymerization (GO:0031113),-0.9318977252087484,0.8802416573230275,0.5543478260869565,MAPRE1;RAC1;CAMSAP1,wald_stat,GO_Biological_Process_2023
Regulation Of Intracellular Steroid Hormone Receptor Signaling Pathway (GO:0033143),0.931235742789475,0.896979028261914,0.54421768707483,UFL1;RNF14;PRMT2;DDX5,wald_stat,GO_Biological_Process_2023
Regulation Of DNA Metabolic Process (GO:0051052),0.9306242588809142,0.8966370394502243,0.6465753424657534,UCHL5;TAF7;XRCC5;NSMCE3;SMC6;SMARCA5;USP22;SUPT20H;INO80D;HDAC8;HNRNPD;INO80B;SMG1;TRRAP;RUVBL1;PARG;IL7R;KAT2A;OBI1;USP37;JADE1;TAF12;EHMT2;TAF5;BAZ1A,wald_stat,GO_Biological_Process_2023
Regulation Of Insulin Receptor Signaling Pathway (GO:0046626),-0.9305394443021074,0.8824893948741632,0.5395948434622467,INPP5K;PIP4K2A;GSK3A;PRKCB;SOCS1;OGT;PIP4K2C;SORL1;PTPN2,wald_stat,GO_Biological_Process_2023
Regulation Of Cellular Catabolic Process (GO:0031329),0.9304164897054181,0.8950411633253574,0.5842956120092379,HSPB1;MTMR4;LONP2;DAPK2;KEAP1;DCAF12;CISD2;HDAC6;GPR137;PIK3R4;UVRAG;ULK3;PIK3R2;TYSND1;ATM,wald_stat,GO_Biological_Process_2023
Positive Regulation Of NF-kappaB Transcription Factor Activity (GO:0051092),0.930255682192428,0.8932748359308744,0.6397849462365591,S100A8;S100A9;TRIM22;PRKCQ;STAT3;ARHGEF2;MTPN;CX3CR1;USP14;RIPK1;TRIM38;NPM1;NTRK1;ERC1;PRDX3;IL1RAP,wald_stat,GO_Biological_Process_2023
Proton Transmembrane Transport (GO:1902600),-0.9295060736270767,0.8838109273748614,0.5657439446366782,TCIRG1;ATP6V1H;RNASEK;ATP6V0C;SLC9A1;TMEM175;HVCN1;DMAC2L,wald_stat,GO_Biological_Process_2023
Negative Regulation Of Cellular Metabolic Process (GO:0031324),-0.9289824885004224,0.8837712116326736,0.5613718411552346,GIT1;FBXO5;FBP1;SREBF1;PINK1;FLCN;MAP3K3,wald_stat,GO_Biological_Process_2023
Positive Regulation Of Protein Targeting To Membrane (GO:0090314),-0.9284410856634854,0.883739996257659,0.5326278659611993,ITGAM;CIB1;TCAF1;ITGB2;FIS1;FYN;HRAS;CHP1;MIEF1;ANK3;PRNP,wald_stat,GO_Biological_Process_2023
Phosphate-Containing Compound Metabolic Process (GO:0006796),0.928222848983728,0.8967542561711823,0.6214099216710183,PPP3CB;SLC20A1;PIK3CD;PTPRC;STAT3;PIK3CG;CERK;DUSP16;DUSP18;PAK2;NUDT5;AGPAT1,wald_stat,GO_Biological_Process_2023
Chromosome Organization (GO:0051276),-0.928056007397452,0.8833711222232898,0.5782073813708261,LDB1;NUP133;HHEX;CENPT;LATS1;H1-5;CENPH;RAE1;H1-10;DOT1L,wald_stat,GO_Biological_Process_2023
Negative Regulation Of Blood Vessel Endothelial Cell Migration (GO:0043537),0.9277459797279468,0.8958816639580803,0.5655172413793104,PDCD10;ATP2B4;HDAC5;MECP2,wald_stat,GO_Biological_Process_2023
Positive Regulation Of Organelle Assembly (GO:1902117),0.9274011474929437,0.8946344143756151,0.5815602836879432,G3BP1;NUP62;SNX18;CAPRIN1;CEP120,wald_stat,GO_Biological_Process_2023
Regulation Of Protein Targeting To Membrane (GO:0090313),-0.9272898474581515,0.8840033984851308,0.5600706713780919,INPP5K;ITGAM;DMTN;CIB1;TCAF1;ITGB2;FIS1;FYN;HRAS;CHP1;MIEF1;ANK3,wald_stat,GO_Biological_Process_2023
Intracellular Monoatomic Cation Homeostasis (GO:0030003),0.9271675236101449,0.8931238775879822,0.6124031007751938,SLC30A9;SOD1;STIM1;ATP1A3;ISCU;ATP2B4;NPTN;ATP2A3;SLC10A7;LCK;SLC39A6;COX11;NDFIP1;ATP6V1A;TPT1;RMDN3;LETMD1;VAPB;ATP6V0A2,wald_stat,GO_Biological_Process_2023
Endosome To Lysosome Transport (GO:0008333),0.926173294321434,0.89370469400028,0.5976190476190476,VPS33A;MVB12A;AKTIP;HOOK2;CLEC16A;VCP;FHIP1B;BIN1;UEVLD;VPS16;PXK;VIPAS39;SNAPIN;PLEKHF1,wald_stat,GO_Biological_Process_2023
Monocarboxylic Acid Biosynthetic Process (GO:0072330),-0.9257492146671819,0.8864887730731705,0.5607142857142857,FASN;HSD17B10;OSBPL7;UST;OSBPL9;PER2;PARK7;DSE;HSD17B8;CBR4;LCP1,wald_stat,GO_Biological_Process_2023
Axonal Transport (GO:0098930),0.9253543616846854,0.8937871672063342,0.5744186046511628,SOD1;KIF3B;HIF1A;BLOC1S4;BLOC1S1;HDAC6;PAFAH1B1;SNAPIN;SPAST;AP3M1;DTNBP1;BLOC1S2,wald_stat,GO_Biological_Process_2023
Organelle Fusion (GO:0048284),0.9251458587174012,0.8922693683876614,0.542654028436019,MCL1;MIGA1;MFN1;EEA1;CIDEB;STX4;CHCHD3;MFF;MFN2,wald_stat,GO_Biological_Process_2023
Fatty Acid Metabolic Process (GO:0006631),0.92483351547753,0.8910099273748338,0.6202185792349727,AOAH;ACADSB;ACBD5;ACSL4;CROT;ACADM;MCAT;HPGD;PHYH;ACAD9;LPIN2;CPT1A;ADIPOR2;SGPL1;GPX4;MLYCD;GPAT2;THEM4;ABCD3;XBP1;ACACA;PEX2,wald_stat,GO_Biological_Process_2023
Regulation Of Neuron Projection Development (GO:0010975),-0.9246675877662772,0.8880460117038771,0.5919732441471572,TWF1;AKT1;RAPGEF1;YTHDF1;ALKAL2;MYLIP;GSK3A;EPHA4;GAK;EFHC2;CFL1;TWF2;LYN;RTN4R;P3H1;BAG5;PTPN9;PAK1;CIB1;MARK2;STYXL1;ULK4,wald_stat,GO_Biological_Process_2023
Positive Regulation Of Phosphorylation (GO:0042327),-0.9246238309954948,0.886772133077741,0.6239737274220033,ZNF16;AKT1;RYK;MYDGF;TGFB1;VEGFB;FLOT1;RAC1;PIN1;CSNK1D;ZNF622;FNIP1;AXIN1;CCL5;LYN;TESK1;PINK1;HLA-DRB1;ATG14,wald_stat,GO_Biological_Process_2023
Negative Regulation Of Cell Projection Organization (GO:0031345),-0.924263076156789,0.8864113358077189,0.5703703703703704,SPRY2;MYLIP;EPHA4;GAK;RTN4R;BAG5;PTPN9;CIB1,wald_stat,GO_Biological_Process_2023
Cellular Response To Heat (GO:0034605),-0.9241173636404227,0.8853742722256425,0.5794066317626527,SLU7;PRKACA;IER5;SUMO1;YWHAE;BAG3;HSBP1L1;HTRA2;HSBP1;TPR;HMOX1;HSPA1B,wald_stat,GO_Biological_Process_2023
Regulation Of Anatomical Structure Morphogenesis (GO:0022603),0.9239158243291283,0.8916193129228775,0.5899280575539568,ETS1;PDCD10;TNIK;PIK3CG;KRIT1;EGLN1;ERBB2;PAK2;SARM1,wald_stat,GO_Biological_Process_2023
Lytic Vacuole Organization (GO:0080171),0.9231480194898686,0.891752834508243,0.5539906103286385,SPG11;AKTIP;HOOK2;FHIP1B;TMEM106B;GAA;GNPTAB;MTOR;SNAPIN,wald_stat,GO_Biological_Process_2023
Positive Regulation Of MAP Kinase Activity (GO:0043406),0.922288521568715,0.8920326059580413,0.5714285714285714,RASGRP1;PDCD10;PIK3CG;ERBB2;MAP3K4;MAP4K2;PTPN1,wald_stat,GO_Biological_Process_2023
Late Endosome To Vacuole Transport Via Multivesicular Body Sorting Pathway (GO:0032511),0.9221537608857746,0.8902528598232585,0.5915492957746479,CHMP5;MVB12A;TMEM50A;VPS37A;PTPN23;LEPROT;CHMP7;TMEM50B;HGS;CHMP6;STAM2;LEPROTL1,wald_stat,GO_Biological_Process_2023
Regulation Of Protein Modification By Small Protein Conjugation Or Removal (GO:1903320),0.9215021854537793,0.8899279575788577,0.5795724465558195,COPS5;COPS7A;DAXX;HIF1A;UBQLN1;DCUN1D1;ITCH,wald_stat,GO_Biological_Process_2023
Organelle Disassembly (GO:1903008),0.9208416850564115,0.8896797263861863,0.6227848101265823,UFL1;PNPLA2;ZFAND1;STING1;DENR;VRK1;VCP;MRRF;HDAC6;KIF9;MTIF3;MCTS1;ULK3;UBA5,wald_stat,GO_Biological_Process_2023
Positive Regulation Of Binding (GO:0051099),-0.9205031873225434,0.8935396598212282,0.6120689655172413,NME1;CEBPG;FLOT1;PIN1;DERL1;NCBP1;USP33;EDF1;GMNN;DTX3L;RIPK2;TXN;HIPK2;DPH3;SUB1,wald_stat,GO_Biological_Process_2023
Modulation By Host Of Viral Genome Replication (GO:0044827),-0.9200650246598338,0.8933020066468023,0.5484460694698354,PPIB;ZC3H12A;TBC1D20,wald_stat,GO_Biological_Process_2023
Positive Regulation Of Vacuole Organization (GO:0044090),0.9194696120365855,0.891423348709448,0.5555555555555556,PPP3CB;SNX18;SH3GLB1;LRSAM1;SNX4;RALB,wald_stat,GO_Biological_Process_2023
Negative Regulation Of Proteasomal Ubiquitin-Dependent Protein Catabolic Process (GO:0032435),0.919409263390371,0.8894814854211419,0.5924276169265034,UCHL5;STYX;TRIM39;USP14,wald_stat,GO_Biological_Process_2023
Receptor-Mediated Endocytosis (GO:0006898),-0.9192824183920476,0.8938975645844807,0.6045296167247387,IGF2R;GRK2;CD81;RNASEK;CLTB;AP1S1;GAK;ITGAM;MICALL1;CLN3;AP2A1;LMBR1L;AP2M1;SNX9;SORL1;ARRB2;AP2A2;M6PR;DNM2,wald_stat,GO_Biological_Process_2023
Negative Regulation Of Protein Secretion (GO:0050709),-0.9185539480582467,0.8944171917941421,0.5559633027522936,MIDN;RAB11FIP3;PSMD9;DPH3;CYP51A1;HMGCR;NR1H3;RAB11FIP1,wald_stat,GO_Biological_Process_2023
Extrinsic Apoptotic Signaling Pathway (GO:0097191),-0.9184478087222634,0.8932951932110292,0.5993150684931506,SIVA1;TGFB1;DIABLO;BAD;CD70;HIPK1;GSK3A;MOAP1;DEDD2;BAG3,wald_stat,GO_Biological_Process_2023
Cellular Response To Chemical Stress (GO:0062197),0.918223056373856,0.8906008144765813,0.6207729468599034,STX2;SETX;LRRC8D;EIF2S1;ZFAND1;PRDX2;NUDT2;PARP1;RAD52;KEAP1;PIK3CA;RBX1;PRR5L;PRDX3;SERPINB6;FAS;SELENOS;ERMP1;MTOR;ATM;MAPK8;STX4;SLC25A24,wald_stat,GO_Biological_Process_2023
Regulation Of Cell-Matrix Adhesion (GO:0001952),-0.9178150953258963,0.8935762336295795,0.5809199318568995,LDB1;ENC1;DAPK3;SLC9A1;CASK;MINK1;CIB1;TSC1;PLEKHA2;PIK3CB;GSK3B;PTK2B;FYN,wald_stat,GO_Biological_Process_2023
Regulation Of B Cell Proliferation (GO:0030888),-0.9173322099750764,0.8934435811667029,0.5716783216783217,IRS2;CD81;GPR183;CD38;TYROBP;LYN;VAV3,wald_stat,GO_Biological_Process_2023
Response To Insulin (GO:0032868),-0.9170353292346186,0.8928288378621784,0.6164623467600701,INPP5K;AKT1;IRS2;SLC2A1;RHOQ;GSK3A;PIK3R1;HDAC9;LPIN1;INSIG1;USF1;OGT;SLC27A1;TSC1;MYO5A,wald_stat,GO_Biological_Process_2023
Ribonucleoprotein Complex Biogenesis (GO:0022613),-0.9165493614529304,0.8927516514526966,0.6306913996627319,DNTTIP2;KRR1;BYSL;UTP3;EXOSC10;NGDN;ZNF622;LTV1;MRTO4;WDR36;RSL24D1;METTL17;PNO1;GTPBP4;SNU13;UTP11,wald_stat,GO_Biological_Process_2023
Positive Regulation Of Chemokine Production (GO:0032722),-0.9165177206918724,0.8914599617226552,0.5656028368794326,EGR1;LGALS9;OAS1;IL18;DDX3X;EIF2AK2;HMOX1;LCP1,wald_stat,GO_Biological_Process_2023
Neuron Projection Guidance (GO:0097485),-0.9164073314850515,0.890372521183775,0.5952380952380952,RYK;NOTCH1;SEMA4F;EPHA4;PLXNA3;USP33;TRIO;OPHN1;ROBO3,wald_stat,GO_Biological_Process_2023
Regulation Of G1/S Transition Of Mitotic Cell Cycle (GO:2000045),-0.916244334041043,0.8893941035003288,0.6351791530944625,BRD7;ARID1B;AKT1;CDKN2D;PPP2CA;ID2;BCL7B;BCL7C;MNAT1;PKD2;KMT2E;CDK7;PSME2;PLCB1;PSME1;DDX3X;ARID1A;ADAMTS1;SASS6;SLFN11;WEE1,wald_stat,GO_Biological_Process_2023
Positive Regulation Of Receptor Signaling Pathway Via JAK-STAT (GO:0046427),0.9159185747625533,0.894709431336695,0.5691964285714286,IL10RA;CRLF3;IL7R;F2R,wald_stat,GO_Biological_Process_2023
Central Nervous System Development (GO:0007417),-0.9154499536852932,0.8900140870013192,0.6555023923444976,ATN1;ZPR1;GIT1;PTS;MDGA1;DDIT4;SLC2A1;UTP3;COX7B;CDK5RAP1;ITGAM;TPP1;SLC23A2;PBX4;UFC1;PKD2;GSTP1;MARCKSL1;UFM1;BPTF;RNF103;AHI1;BAG6;JARID2;SOX4;RAB18;AMIGO2;MINK1;NR4A2;SYNJ1;SZT2;IER3IP1;GSN;VPS13B;ZBTB16;EIF2B5;RAB3GAP1;PHF8;MSI2;ATP6AP2,wald_stat,GO_Biological_Process_2023
Positive Regulation Of Cell Cycle Process (GO:0090068),-0.9149624213589376,0.889993694719617,0.6066666666666667,ZNF16;CDC42;CUL3;RHNO1;PKN2;DYNC1LI1;NSFL1C;DBF4;GIPC1;CDC14A,wald_stat,GO_Biological_Process_2023
Organelle Membrane Fusion (GO:0090174),-0.9145113324092388,0.8898050968460985,0.574585635359116,STX5;STX3;VCPIP1,wald_stat,GO_Biological_Process_2023
Negative Regulation Of Protein Localization (GO:1903828),0.9137633022874541,0.8986961623464489,0.6004618937644342,RIPOR2;YWHAZ;GDI2;VCP;BTF3;MTOR;LEPROT;ROCK2;UBXN2B;PICALM;COMMD1;MACROH2A1;GOPC;ANKRD13A;CTNNA1,wald_stat,GO_Biological_Process_2023
"Negative Regulation Of Gene Expression, Epigenetic (GO:0045814)",0.9137032387313643,0.8967903149881188,0.6183908045977011,TRIM27;BMI1;SMARCA5;EZH1;HDAC5;CBX3;CREBZF;PHF19;TASOR;ZNF445;UBR2;HELLS;RB1;MPHOSPH8;TRIM37,wald_stat,GO_Biological_Process_2023
Histone Modification (GO:0016570),0.913246735811323,0.8960236692531096,0.6368421052631579,HDAC1;RBBP4;HDAC8;MSL3;MORF4L2;BRD8;UBE2B;HDAC5;TRRAP;RUVBL1;EP400;HDAC6;JADE1;TAF12;TADA2A;SUPT3H;MTA2;MIER1;MORF4L1;MRGBP;BRMS1L;TAF5L;ACTL6A;MIER2;TADA3;VPS72;TAF9;MTA3,wald_stat,GO_Biological_Process_2023
Positive Regulation Of Innate Immune Response (GO:0045089),-0.9127985574303056,0.8929788859395642,0.5779816513761468,SLC15A4;RIOK3;POLR3F;CCL5;POLR3C;PLSCR1;SH2D1B;IKBKE;HLA-E;IFI35,wald_stat,GO_Biological_Process_2023
Regulation Of Interleukin-2 Production (GO:0032663),0.9126413449343345,0.8956032329466829,0.5838926174496645,TRIM27;PTPRC;TBX21;HAVCR2;GLMN;LAPTM5;PRKD2;EZR;MALT1;GBP1;MAP3K7,wald_stat,GO_Biological_Process_2023
Rescue Of Stalled Ribosome (GO:0072344),0.912616129333002,0.8935836843812418,0.5812356979405034,ANKZF1;RNF14;TCF25;MTRFR,wald_stat,GO_Biological_Process_2023
Golgi To Plasma Membrane Transport (GO:0006893),0.9114336293339803,0.8947056005983736,0.5995623632385121,GOLPH3;RAB10;GCC2;BBS2;BLZF1;VAMP2;PREPL;GOLGA7;GGA2;EXOC2;VPS35L;COMMD1;GGA3;GOPC,wald_stat,GO_Biological_Process_2023
Mitotic Sister Chromatid Segregation (GO:0000070),-0.9113867480005161,0.895265455247518,0.6225490196078431,BCCIP;CHMP4A;AKAP8L;OFD1;CHMP2B;CUL3;KMT5A;BECN1;MZT1;TTN;SEH1L;SMC3;KIF22;ZNF207;CHMP2A;VPS4A,wald_stat,GO_Biological_Process_2023
Organelle Assembly (GO:0070925),-0.9106395965751295,0.8957702163048099,0.6974063400576369,RAB1A;YTHDF2;MAP1LC3B;AP3D1;YTHDF3;WDR45B;GORASP2;CHMP4A;VPS37B;ULK1;STAM;OFD1;EMC6;YTHDF1;ATG7;CHMP2B;GABARAPL1;ATG2A;NOTCH1;NSFL1C;AP1S1;BECN1;PACS2;DUSP23;IFT74;WIPI1;HPS1;UBAP1,wald_stat,GO_Biological_Process_2023
Protein Tetramerization (GO:0051262),0.9102671814867742,0.8958158739381255,0.5971896955503513,ALDH9A1;GBP5;CRYZ;APIP,wald_stat,GO_Biological_Process_2023
DNA-templated Transcription (GO:0006351),-0.9094403101561385,0.8975437946327666,0.6686567164179105,ATF4;TAF11;TAF10;SPTY2D1;RNPS1;ERCC3;POLR2C;CRCP;POLR2D;POLR1C;POLR2G;EPC1;NFKBIB;TCEANC2;PTMA;MNAT1;NFKB1;TOPORS;TAF4;MED4;CCNT1;DEAF1;POLR2E;NOCT;CDK7;MAF;GTF3C5;GTF3C4;DRAP1;CCNT2;POLR2J;TBPL1;CDK9;RSF1;TEFM;CDK12;NFYA;POLR3H;KLF13;MNT;NR4A2;TFB2M;ARRB2;THAP1;GMEB2;CCDC124;MLF1,wald_stat,GO_Biological_Process_2023
Glycolytic Process (GO:0006096),0.9084131369053979,0.898601269808215,0.6117381489841986,PGAM1;PGM1;HK1;PKM;ENO2;ALDOC,wald_stat,GO_Biological_Process_2023
Neuron Projection Extension (GO:1990138),0.9081630318082314,0.8972450857235925,0.5680345572354212,PPP3CB;SPG11,wald_stat,GO_Biological_Process_2023
Cellular Response To Light Stimulus (GO:0071482),-0.9071282131908333,0.9022132610426086,0.6284722222222222,ATF4;SDE2;CREBBP;ZBTB1;RHNO1;TRIAP1;N4BP1,wald_stat,GO_Biological_Process_2023
Negative Regulation Of Ubiquitin-Dependent Protein Catabolic Process (GO:2000059),-0.9071077622970124,0.9008759148328739,0.6270566727605119,PDCL3;USP7;N4BP1;CSNK2A2;GIPC1;BAG6;OGT;HIPK2;CAMLG;PARK7,wald_stat,GO_Biological_Process_2023
Positive Regulation Of Peptidyl-Serine Phosphorylation (GO:0033138),-0.9062954792671135,0.9015483240423167,0.6416083916083916,MAD2L2;AKT1;TGFB1;SPRY2;FNIP1;AXIN1;LATS1;PINK1;BRAF;RIPK2,wald_stat,GO_Biological_Process_2023
Calcium-Mediated Signaling (GO:0019722),0.9060411432826808,0.9008806352980323,0.6341463414634146,PPP3CB;PPP3CC;PTPRC;PLCG1;NCALD;PPP3R1,wald_stat,GO_Biological_Process_2023
Epidermis Development (GO:0008544),0.9059170280419628,0.8991626802888649,0.5831381733021077,HDAC1;KDM5A;YBX1,wald_stat,GO_Biological_Process_2023
Positive Regulation Of Protein Localization To Cell Periphery (GO:1904377),-0.9056215630219158,0.9018079323791419,0.6075268817204301,LGALS3;AKT1;STX3;PIK3R1;ARF6;RANGRF;PTPN9;CIB1;RHOG,wald_stat,GO_Biological_Process_2023
Negative Regulation Of Ras Protein Signal Transduction (GO:0046580),-0.9053791486457886,0.9011124420150943,0.6160714285714286,SPRY2;CUL3;FBP1;STMN3;MAPKAP1,wald_stat,GO_Biological_Process_2023
Liver Development (GO:0001889),-0.904408190217935,0.9022594554266409,0.5679702048417132,GFER;CEBPG,wald_stat,GO_Biological_Process_2023
Monoubiquitinated Histone H2A Deubiquitination (GO:0035522),0.9037545103208308,0.9007484251286002,0.6115879828326181,TAF7;USP22;SUPT20H;TRRAP;KAT2A;TAF12;TAF5;SUPT3H;TAF5L;TADA3;TAF9,wald_stat,GO_Biological_Process_2023
Monoubiquitinated Histone Deubiquitination (GO:0035521),0.9037545103208308,0.9007484251286002,0.6115879828326181,TAF7;USP22;SUPT20H;TRRAP;KAT2A;TAF12;TAF5;SUPT3H;TAF5L;TADA3;TAF9,wald_stat,GO_Biological_Process_2023
Glycolipid Biosynthetic Process (GO:0009247),-0.9034722695649249,0.9032152550852656,0.5944540727902946,MPPE1;PIGH,wald_stat,GO_Biological_Process_2023
Intracellular Glucose Homeostasis (GO:0001678),-0.9032377048004051,0.9024731343974453,0.597864768683274,ERN1;TRA2B;PRKACA;PIK3R1;FOXK1;FOXK2;IGF1R;SOX4,wald_stat,GO_Biological_Process_2023
DNA Integrity Checkpoint Signaling (GO:0031570),-0.9019017813819069,0.9045344725524823,0.5920138888888888,H2AX;RHNO1;TIPRL;CDC5L;DTX3L;RAD9A;CLSPN;ATR;TIPIN;DOT1L,wald_stat,GO_Biological_Process_2023
Negative Regulation Of Wnt Signaling Pathway (GO:0030178),0.9018845864817325,0.903596953191678,0.6692111959287532,CCDC88C;HDAC1;VGLL4;STK4,wald_stat,GO_Biological_Process_2023
Microtubule Nucleation (GO:0007020),0.9018013103854172,0.9017340598325678,0.5848623853211009,SLAIN2;NDEL1;SLAIN1,wald_stat,GO_Biological_Process_2023
Chromosome Condensation (GO:0030261),0.9013965351008303,0.9008057777510181,0.5820568927789934,H1-2;H1-3;H1-4;CHMP1A,wald_stat,GO_Biological_Process_2023
Regulation Of Stem Cell Population Maintenance (GO:2000036),0.9010890611054438,0.8995659378604374,0.6415584415584416,ZC3H13;HDAC1;ZNF706;RBBP4;CNOT3,wald_stat,GO_Biological_Process_2023
Negative Regulation Of DNA Recombination (GO:0045910),0.9004960787429156,0.899104574964431,0.6013071895424836,H1-2;SMCHD1;H1-3;H1-4,wald_stat,GO_Biological_Process_2023
Negative Regulation Of Proteasomal Protein Catabolic Process (GO:1901799),-0.900187561508286,0.9076523226437132,0.6210720887245841,PSMF1;USP7;N4BP1;GIPC1;USP25;OPHN1;BAG6;BAG5;OGT;CAMLG;PARK7,wald_stat,GO_Biological_Process_2023
Cellular Nitrogen Compound Biosynthetic Process (GO:0044271),-0.8988801136562992,0.9096316511094993,0.6190476190476191,AKT1;GCH1,wald_stat,GO_Biological_Process_2023
mRNA Catabolic Process (GO:0006402),-0.8988082748416977,0.9084422151700449,0.6431034482758621,YTHDF2;SUPV3L1;ERN1;EXOSC10;AGO4;MRTO4;METTL3;NBDY;RC3H1;XRN2;UPF1;DCP2;HSPA1B;NUDT16L1,wald_stat,GO_Biological_Process_2023
Cellular Response To Hypoxia (GO:0071456),0.8986065010400613,0.9020253766126531,0.6497695852534562,ZFP36L1;HP1BP3;FAM162A;EGLN1;BNIP3;HIF1A;UBQLN1,wald_stat,GO_Biological_Process_2023
Positive Regulation Of Response To External Stimulus (GO:0032103),0.8984784813825468,0.9003123413539917,0.6757425742574258,ETS1;S100A8;GBP5;S100A9;TNIP1;CD47;IFNG;GSDMD,wald_stat,GO_Biological_Process_2023
Intrinsic Apoptotic Signaling Pathway By P53 Class Mediator (GO:0072332),-0.8982544249731558,0.908481420814721,0.6216216216216216,SNW1;DDIT4;HIPK1;BCL3;BAG6;JMY;HIPK2;TMEM109,wald_stat,GO_Biological_Process_2023
Positive Regulation Of Protein Polymerization (GO:0032273),-0.8980792264575428,0.9075507385804922,0.6263736263736264,MAPRE1;NCK2;RAC1,wald_stat,GO_Biological_Process_2023
Positive Regulation Of Leukocyte Mediated Cytotoxicity (GO:0001912),-0.897990507183407,0.9064216337667667,0.616822429906542,XCL1;MICB;ITGAM;KLRC2;TYROBP;HLA-DRB1;LAMP1;HLA-F;CRTAM;HLA-B;HLA-E;CD160;KLRC4;KLRC3;IL12RB1;HLA-C,wald_stat,GO_Biological_Process_2023
Negative Regulation Of Cell Cycle Process (GO:0010948),0.8979497181022398,0.8996875988243931,0.6017130620985011,PPP1R10;SMARCA5;BAZ1B,wald_stat,GO_Biological_Process_2023
Regulation Of Proteasomal Ubiquitin-Dependent Protein Catabolic Process (GO:0032434),0.8975257662796364,0.8987721540892345,0.6776649746192893,UCHL5;XPO1;ARAF;UFL1;RNF14;DESI1;TRIM39;ARIH1;RAD23B;VCP;PSMD10;GLMN;KEAP1;RACK1;RBX1,wald_stat,GO_Biological_Process_2023
Negative Regulation Of Type I Interferon Production (GO:0032480),0.8973843091171055,0.8971484233019327,0.638095238095238,TRIM27;KLHL22;ATG5;HAVCR2;RBX1;PPM1B;ITCH,wald_stat,GO_Biological_Process_2023
Regulation Of Protein Localization (GO:0032880),-0.8972155409855291,0.9070334472627221,0.6561954624781849,RAB14;FBXW7;PIN1;CTSD;DNAJB6;SUMO3;VCPIP1;SUMO1;TESK1;TRIM25;VPS4A;RAB11B;TRIM58;PLEKHM2;CSNK1E,wald_stat,GO_Biological_Process_2023
Regulation Of Actin Filament Polymerization (GO:0030833),-0.8971254411283991,0.9058755726673032,0.6411657559198543,NCK2;TWF1;PLEKHG2;SSH1;LATS1;TWF2;ARF6;EVL;PFN1;COTL1;SNX9,wald_stat,GO_Biological_Process_2023
Aortic Valve Development (GO:0003176),-0.8969570000101075,0.9049496272405917,0.6186291739894552,TGFB1;GATA3;NOTCH1;NFATC1,wald_stat,GO_Biological_Process_2023
Positive Regulation Of miRNA Transcription (GO:1902895),0.8969159663700361,0.8964644202530002,0.5995670995670995,ETS1;STAT3;JUN;HIF1A,wald_stat,GO_Biological_Process_2023
Negative Regulation Of Antigen Receptor-Mediated Signaling Pathway (GO:0050858),-0.8967091746853513,0.904223323806339,0.6130198915009042,LGALS3;PTPRJ;SLA2;PHPT1;DGKZ;PTPN2;GPS2,wald_stat,GO_Biological_Process_2023
Anterior/Posterior Pattern Specification (GO:0009952),0.8961745245212326,0.8963458518843933,0.5888888888888889,HOXC5;PCSK5;HOXC4;HOXA9;HEY2,wald_stat,GO_Biological_Process_2023
Fc Receptor Signaling Pathway (GO:0038093),0.896168463742314,0.8943772273848694,0.6057692307692307,MAP2K4;PRKCQ;PLCG1;LCK;CD247,wald_stat,GO_Biological_Process_2023
Actin Filament Organization (GO:0007015),-0.8960775407471675,0.9045008702446302,0.6578947368421053,CDC42;MAD2L2;PPP1R9B;CARMIL2;RAC1;TPM3;TTN;DMTN;MARCKSL1;EVL;RFLNB;WASL;MYO5A;GSN;RHOG;DSTN;ARPC4;LCP1;CNN2;INPPL1;HCLS1;MYO1F,wald_stat,GO_Biological_Process_2023
Negative Regulation Of Intracellular Signal Transduction (GO:1902532),-0.8944922469114657,0.9072391574942585,0.7099841521394612,INPP5K;PDE4D;DUSP2;HAPSTR1;ZC3H12A;MAP2K3;DDIT4;TNIP3;PPP2CA;UBR1;NDUFA13;FNIP1;PTPRJ;GSK3A;PER1;RIOK3;BMAL1;HDAC9;URI1;LYN;SLA2;GSTP1;NDUFS3;PINK1;NLRP2;DDX3X;DUSP6;IGF1R;P2RX7;NLRC3;FLCN;CIB1;ARRB2;TSC1;PPIF;PPM1N;NLRX1;TRIM59;USP10;MUL1;PRKAA1;IFI35;DUSP5;PIK3CB;FAM89B;CDC34;DDIT3;ADGRG3;CYLD;SH2B3,wald_stat,GO_Biological_Process_2023
"Retrograde Protein Transport, ER To Cytosol (GO:0030970)",-0.8944743584013481,0.9059526583137133,0.6141304347826086,DERL1;SEC61B;SEL1L;FAF2;HM13;NPLOC4,wald_stat,GO_Biological_Process_2023
Regulation Of Interleukin-1 Beta Production (GO:0032651),0.8941805218127356,0.8973412826574505,0.6342042755344418,GBP5;STAT3;HSPB1;IFNG;GSDMD;CX3CR1;CARD8,wald_stat,GO_Biological_Process_2023
Regulation Of Epidermal Growth Factor Receptor Signaling Pathway (GO:0042058),0.8941442205185133,0.8954592435177341,0.6453089244851259,NUP62;MVB12A;WDR54;RALA;RHBDF2,wald_stat,GO_Biological_Process_2023
Sphingolipid Metabolic Process (GO:0006665),-0.8939680220422692,0.9058132256596482,0.6470588235294118,GLTP;CSNK1G2;ST6GALNAC6;PPP2CA,wald_stat,GO_Biological_Process_2023
Positive Regulation Of Receptor-Mediated Endocytosis (GO:0048260),-0.8937999348434602,0.9048909254919145,0.6066433566433567,CD63;ARRB1;RAB21;WASL;ARRB2,wald_stat,GO_Biological_Process_2023
Regulation Of Cell Adhesion (GO:0030155),0.8937623634094746,0.8945159387595548,0.707196029776675,CYTH1;MIA3;RIPOR2;PIK3CG;PPP1CB;ADGRG1;NUAK1;ERBB2,wald_stat,GO_Biological_Process_2023
Regulation Of Phosphatidylinositol 3-Kinase Signaling (GO:0014066),-0.8935751262359195,0.9040983443500825,0.6304347826086957,MAZ;MYDGF;BECN1;HCST;CCL5;IL18;PPP1R16B;IGF1R;NLRC3;PDGFD;FGFR1;SEMA4D;HCLS1,wald_stat,GO_Biological_Process_2023
Negative Regulation Of ERK1 And ERK2 Cascade (GO:0070373),-0.8932119406939997,0.9036869852998775,0.6184971098265896,SPRY2;PIN1;EPHA4;LYN;GSTP1;DUSP6;PHB1;RANBP9;FLCN;PTPN2,wald_stat,GO_Biological_Process_2023
Regulation Of Macroautophagy (GO:0016241),0.8930681790266723,0.894225030155574,0.7052631578947368,SNX6;TECPR1;ATG5;SNX5;BNIP3;TBC1D25;STING1;ATP6V0E2;CLEC16A;UBQLN1;VPS35;SCOC;SNX32;PIK3CA;ATP6V1A;HDAC6;ATP6V0A2;SH3GLB1;PIK3R4,wald_stat,GO_Biological_Process_2023
Regulation Of Interferon-Beta Production (GO:0032648),-0.8925791107227191,0.903919225621304,0.6122448979591837,FLOT1;RIOK3;POLR3F;ISG15;OAS1;POLR3C;REL;RIPK2;IRF1;DDX3X;RELB;NLRC3,wald_stat,GO_Biological_Process_2023
Cellular Response To Cadmium Ion (GO:0071276),-0.8917642906079587,0.9046904621698774,0.6178571428571429,AKT1;MAPK9;SUMO1,wald_stat,GO_Biological_Process_2023
ncRNA Processing (GO:0034470),0.891494313619595,0.8964023662039614,0.7097560975609756,NOLC1;PIH1D1;EMG1;SSB;MRM2;INTS14;EXOSC2;INTS9;PES1;EXOSC3;FBL;POP7;RPP21;INTS2;INTS7;DIS3;DDX10;NOP56;DKC1;MTREX;PIN4;EXOSC5;ADAT1;TSEN34;UTP20;NOL8;RPP30;PELP1;NVL;SPPL2B;LYAR;INTS13;EBNA1BP2,wald_stat,GO_Biological_Process_2023
Potassium Ion Transmembrane Transport (GO:0071805),0.8904032830169085,0.8971917880046457,0.623608017817372,GHITM;ATP1A3;KCNA3;SLC12A6,wald_stat,GO_Biological_Process_2023
Protein Maturation (GO:0051604),0.8893397701712067,0.8979107267731176,0.7355371900826446,NAA20;CIAO2A;GZMB;TSPAN5;LONP2;PSEN1;AASDHPPT;LMF1;CIAO1;PCSK5;NAA35;PTCH1;ADAM10;NAA10;CIAO2B;TSPAN14,wald_stat,GO_Biological_Process_2023
Positive Regulation Of Catabolic Process (GO:0009896),-0.8893267099108524,0.9093994705932273,0.6705882352941176,STX5;FBXW7;TIPARP;NDUFA13;ATG7;GSK3A;AXIN1,wald_stat,GO_Biological_Process_2023
Positive Regulation Of Cell Adhesion (GO:0045785),-0.8892060674973481,0.9083647151913408,0.625,RAC1;PTPRJ;STX3;PRKCA;EPHA4;P4HB;CCL5,wald_stat,GO_Biological_Process_2023
Positive Regulation Of Phosphatase Activity (GO:0010922),-0.8888094047805066,0.9080146031203306,0.6098901098901099,CALM3;PTPA;CALM1;RIPK3;GNA12,wald_stat,GO_Biological_Process_2023
Negative Regulation Of Intrinsic Apoptotic Signaling Pathway (GO:2001243),-0.8881872858588098,0.9081729144074012,0.6486486486486487,AKT1;CDKN2D;NDUFA13;URI1;NDUFS3;PINK1;NFE2L2;DDX3X;TXNDC12;BAG5;HTRA2;HYOU1;SNAI1;PARK7;PPIF;TMEM161A,wald_stat,GO_Biological_Process_2023
Natural Killer Cell Mediated Immunity (GO:0002228),-0.8877692015016291,0.9078868613371766,0.5813953488372093,CEBPG;TUBB4B;NKG7;KLRC2;PLEKHM2;TUBB2A,wald_stat,GO_Biological_Process_2023
Positive Regulation Of Insulin Secretion (GO:0032024),0.8869091767899608,0.9022734692243544,0.6,PPP3CB;TM7SF3,wald_stat,GO_Biological_Process_2023
Nuclear Membrane Organization (GO:0071763),-0.886690068993336,0.9092218205487518,0.6570945945945946,CHMP4A;CHMP2B;NSFL1C;CHMP2A;VPS4A,wald_stat,GO_Biological_Process_2023
ncRNA Catabolic Process (GO:0034661),-0.8866496956288442,0.9080300084236312,0.6216696269982238,TENT4B;ZC3H12A;SLFN13;EXOSC10,wald_stat,GO_Biological_Process_2023
Early Endosome To Late Endosome Transport (GO:0045022),0.8865773310961433,0.9011112206679832,0.5886363636363636,HOOK2;FHIP1B;EEA1;PIK3R4;PTPN23;PXK,wald_stat,GO_Biological_Process_2023
Cytosolic Transport (GO:0016482),0.8857483742236132,0.9011812043207563,0.7486631016042781,TRIM27;SNX6;VPS51;GCC2;PIKFYVE;HOOK2;SNX5;EPS15;CCDC91;VPS35;RGP1;BET1L;CLTC;FHIP1B;SNX1;EEA1;TMEM87B;LAPTM5;ERC1;RCSD1,wald_stat,GO_Biological_Process_2023
Intracellular Calcium Ion Homeostasis (GO:0006874),-0.8857128399389983,0.908989020401979,0.6683006535947712,CALR;SELENOK;MCUB;PRKACA;PDZD8;PACS2;YWHAE;CCL5;ANXA6;CLN3;TMEM203;BAK1;TRPM2;MICU3;STOML2;ATP2B1;DMPK;MAIP1;ATP1B1,wald_stat,GO_Biological_Process_2023
Ventricular Septum Development (GO:0003281),-0.8854416786167733,0.9083762503183559,0.6100178890876565,ZFPM1;GATA3;NOTCH1;MDM4;HECTD1;SOX4,wald_stat,GO_Biological_Process_2023
Regulation Of Type I Interferon-Mediated Signaling Pathway (GO:0060338),-0.8848608033874615,0.9084825160387695,0.6328671328671329,YTHDF2;YTHDF3;ISG15;USP18;OAS1;CDC37;METTL3;PTPN2;IKBKE;MUL1,wald_stat,GO_Biological_Process_2023
Positive Regulation Of Pattern Recognition Receptor Signaling Pathway (GO:0062208),-0.8838835731676953,0.9095763198569181,0.6362007168458781,SLC15A4;FLOT1,wald_stat,GO_Biological_Process_2023
Mitochondrial Fusion (GO:0008053),0.8831930012617675,0.9056475851411898,0.6123853211009175,MCL1;MIGA1;MFN1;CHCHD3;MFF;MFN2,wald_stat,GO_Biological_Process_2023
Negative Regulation Of Cell-Substrate Adhesion (GO:0010812),-0.8823855348414111,0.9118746114246326,0.6070796460176991,ACTN4;NOTCH1;DMTN;CASK,wald_stat,GO_Biological_Process_2023
Protein Localization To Organelle (GO:0033365),-0.882276152499953,0.9108345339069384,0.7483766233766234,WDR83OS;CALR;DCP1A;CSNK1D;MARCHF5;COG3;SYS1;HHEX;GAK;ISG15;DDX1;YWHAE;TOPORS;OPTN;ARF6;GET4;LAMP1;MICALL1;DDX3X;TRAM2;CNEP1R1;VAPA;CAMLG;PAK1;BANP;TRAM1;SORL1;FAM149B1;GBF1;SNX10;WASHC2A;PRKAA1;LMNA;RIPOR1,wald_stat,GO_Biological_Process_2023
Protein-Containing Complex Disassembly (GO:0032984),0.8810529144315387,0.9087703073104064,0.7015706806282722,APEH;VPS33A;CHMP5;TECPR1;SNX14;UBQLN1;CHMP1A;VCP;HSPA8;VPS16;PIK3R4;UVRAG;PEX14;LIX1L;GSPT1;VTI1B;CHMP7;VIPAS39,wald_stat,GO_Biological_Process_2023
Fc-epsilon Receptor Signaling Pathway (GO:0038095),0.8801214012899052,0.9090158867341046,0.6287015945330297,MAP2K4;PRKCQ;PLCG1,wald_stat,GO_Biological_Process_2023
Cellular Response To Calcium Ion (GO:0071277),0.8795870769397319,0.9083258999148642,0.6788793103448276,SMPD1;RASGRP2;CPNE3;ADD1;ITPKB,wald_stat,GO_Biological_Process_2023
Positive Regulation Of JNK Cascade (GO:0046330),-0.8793122411293286,0.9166598542660073,0.6493055555555556,GADD45B;ZNF622;AXIN1;MAP3K10;GADD45G;TAOK2;PLCB1;TRAF1;HIPK2;MBIP;MINK1,wald_stat,GO_Biological_Process_2023
Positive Regulation Of Stress-Activated MAPK Cascade (GO:0032874),-0.8786989351305443,0.9167896638102282,0.6827586206896552,GADD45B;ZC3H12A;ZNF622;AXIN1;MAP3K10;GADD45G;TAOK2;RELL1;PLCB1;STK39;TRAF1;HIPK2;MBIP;EIF2AK2;MINK1,wald_stat,GO_Biological_Process_2023
Positive Regulation Of Plasma Membrane Bounded Cell Projection Assembly (GO:0120034),-0.8785697148162687,0.9157997401968389,0.6891891891891891,CDC42;CARMIL2;RAC1;RHOQ;AUTS2;ARPC2;PPP1R35;PIK3R1,wald_stat,GO_Biological_Process_2023
Cholesterol Biosynthetic Process (GO:0006695),0.8783628786120207,0.9092982187598251,0.6735632183908046,LBR;LSS;HMGCS1;INSIG2;GLB1;FDFT1;ARV1,wald_stat,GO_Biological_Process_2023
Regulation Of Glycolytic Process (GO:0006110),-0.8779496858472304,0.915921383747508,0.6420863309352518,GIT1;PRKAG1;FBP1;PRXL2C;PRKAG2;JMJD8;MLST8;OGT;P2RX7;SLC4A4;FLCN,wald_stat,GO_Biological_Process_2023
Regulation Of Necroptotic Process (GO:0060544),0.8779130571256497,0.908463128983294,0.612691466083151,ARHGEF2;PARP1;RIPK1;ITCH,wald_stat,GO_Biological_Process_2023
Antiviral Innate Immune Response (GO:0140374),0.8764236454723245,0.9102641052015242,0.6573426573426573,PHB2;STING1;CARD8;NCK1;SENP7;DHX15;RIGI;DHX16;ATAD3A,wald_stat,GO_Biological_Process_2023
Regulation Of Cellular Biosynthetic Process (GO:0031326),0.8759309851447394,0.9095991595557679,0.6751740139211136,NOLC1;MTPN;ELP4;CD47;EIF2S1;CX3CR1;ATXN2,wald_stat,GO_Biological_Process_2023
Positive Regulation Of Kinase Activity (GO:0033674),-0.8754386965589867,0.9207131166619175,0.685,ZNF16;RYK;MAP2K3;PRKAG1;ZNF622;AXIN1;PRKAG2;HLA-DRB1;JTB;IGF1R;MMD;SNX9;VAC14,wald_stat,GO_Biological_Process_2023
Anterograde Axonal Transport (GO:0008089),0.8754109920125484,0.9089449568737481,0.6879271070615034,SOD1;HSPB1;KIF3B;BLOC1S4;BLOC1S1,wald_stat,GO_Biological_Process_2023
Regulation Of G2/M Transition Of Mitotic Cell Cycle (GO:0010389),0.8751911047775348,0.9075388244107004,0.6393088552915767,RAB11A;CDC25B;MECP2;RRM1;GPR132;RAD51C;VPS4B;RCC2,wald_stat,GO_Biological_Process_2023
Negative Regulation Of Protein Binding (GO:0032091),0.8748551658604783,0.9064047876582944,0.7274939172749392,ITGA4;ADRB2;STYX;TMBIM6;MITD1;ATP2A3,wald_stat,GO_Biological_Process_2023
T Cell Differentiation (GO:0030217),-0.8743203182092593,0.9220709643074609,0.6636197440585009,TCF7;TGFB1;GATA3;PIK3R1;LFNG;GPR89A;RABL3;RIPK3,wald_stat,GO_Biological_Process_2023
Protein Localization To Lysosome (GO:0061462),-0.8742533108917733,0.9209308587811433,0.6499133448873483,CD81;LAMTOR4;BECN1;LAMTOR5;VPS4A;ATG14;GLMP;SORL1;SZT2;M6PR,wald_stat,GO_Biological_Process_2023
Regulation Of Autophagy (GO:0010506),0.8738429000975514,0.9070264534445316,0.8217522658610272,TRIM27;RRAGA;SNX6;TRIM22;STAT3;IL10RA;UFL1;HSPB1;MTMR4;EEF1A1;IFNG;TRIM65;KLHL22;MCL1;SNX5;BNIP3;DAPK2;ATP6V0E2;CTSA;UBQLN1;VPS35;KEAP1;SNX32;RUBCN;DCAF12;CISD2;TRIM38;ATP6V1A;HDAC6;ATP6V0A2;EIF4G1;DEPDC5;SH3GLB1;GPR137;PIK3R4;UVRAG;ULK3;RRAGB;PIK3R2;EIF4G3;MTOR;ATP6V1C1;ATM;CAPN1;CPTP;ATP6V1D;ULK2;TRIM5;PLEKHF1;MAPK8;TRIM23;IFI16,wald_stat,GO_Biological_Process_2023
DNA Duplex Unwinding (GO:0032508),-0.8737592600766744,0.9207707663967338,0.6701208981001727,RTEL1;SUPV3L1;ERCC3;MCM2;DDX1,wald_stat,GO_Biological_Process_2023
Regulation Of Microtubule-Based Process (GO:0032886),0.8722887637405861,0.9089097905014948,0.6734234234234234,DIAPH1;ERBB2;CDK2AP2;HDAC6;TAOK1;PATJ,wald_stat,GO_Biological_Process_2023
Positive Regulation Of Nitrogen Compound Metabolic Process (GO:0051173),-0.8720746058939414,0.9234207487893232,0.6326530612244898,AKT1;TGFB1;GATA3;NFKB1,wald_stat,GO_Biological_Process_2023
Nuclear Envelope Organization (GO:0006998),-0.8716508563029544,0.9230651629211664,0.6431226765799256,TMEM170A;VPS4A;LMNB2;DMPK;LMNA,wald_stat,GO_Biological_Process_2023
Vesicle-Mediated Transport Between Endosomal Compartments (GO:0098927),0.8715410396513593,0.908884929036413,0.6177777777777778,HOOK2;FHIP1B;EEA1;PIK3R4;PTPN23;PXK,wald_stat,GO_Biological_Process_2023
mRNA Polyadenylation (GO:0006378),-0.8714485858468181,0.9222563046402523,0.6395759717314488,TENT4B;WDR33;HEXIM1;GRSF1;CPSF1;PAPOLA,wald_stat,GO_Biological_Process_2023
Negative Regulation Of Protein Modification Process (GO:0031400),-0.8713316257492866,0.9212355612503341,0.6955017301038062,INPP5K;ZC3H12A;TGFB1;CDYL;PTPA;LYN;TSPO;ATG14;P3H1;PPP1R16B;SNTA1;CIB1;PARK7,wald_stat,GO_Biological_Process_2023
Protein Destabilization (GO:0031648),-0.8708557080659638,0.9210405244890267,0.6608391608391608,CREBBP;RAD23A;CUL3;DERL1;SUMO1;DAZAP2;HTT;GSN;MUL1;TRIM21;EP300;SERF2,wald_stat,GO_Biological_Process_2023
Negative Regulation Of Neuron Death (GO:1901215),0.8706063063914781,0.909397783066364,0.7018348623853211,SNX6;SOD1;IL27RA;VPS35;NTRK1;RASA1;F2R;EIF4G1,wald_stat,GO_Biological_Process_2023
Establishment Of Protein Localization To Vacuole (GO:0072666),-0.8705201143794703,0.9205049175748823,0.6360424028268551,VPS37B;STAM;UBAP1;SNF8,wald_stat,GO_Biological_Process_2023
Organophosphate Ester Transport (GO:0015748),-0.8705078292660076,0.919236224030959,0.635036496350365,NPC2;TRIAP1;PRELID3B;VAPA;EPG5,wald_stat,GO_Biological_Process_2023
Regulation Of Stem Cell Differentiation (GO:2000736),-0.8701090570656507,0.9188244626854984,0.6554770318021201,GATAD2A;YTHDF2;MBD3;NOTCH1;NUDT21;METTL3;EIF2AK2;MTA1;NELFB,wald_stat,GO_Biological_Process_2023
Calcium Ion Transmembrane Import Into Cytosol (GO:0097553),0.8699308764600464,0.9091827712835571,0.6210762331838565,PTPRC;ATP2B4;PLCG1;LCK;F2R,wald_stat,GO_Biological_Process_2023
Cellular Response To Alcohol (GO:0097306),-0.8698383457122411,0.918118484143638,0.6685185185185185,GNB1;GRAMD1B;ADCY7;OSBPL7,wald_stat,GO_Biological_Process_2023
Positive Regulation Of Cellular Component Organization (GO:0051130),-0.8689002637090468,0.9190323475949885,0.6863406408094435,LGALS3;TGFB1;RHOC;FLOT1;FNIP1;SURF4;ADGRL1;SUMO1;S100A10;CD151;IGF1R;WARS1;BAK1;GNL3L;TMED9;PARK7;ABCB7;SLF2;BID;GSK3B;FNIP2;SPIDR;BAX;FAF1;DCTN1,wald_stat,GO_Biological_Process_2023
Autophagosome Maturation (GO:0097352),0.8687836065503816,0.9100101885041114,0.6979695431472082,VPS33A;CHMP5;TECPR1;SNX14;UBQLN1;CHMP1A;VCP;VPS16;PIK3R4;UVRAG;LIX1L;VTI1B;CHMP7;VIPAS39,wald_stat,GO_Biological_Process_2023
Membrane Protein Ectodomain Proteolysis (GO:0006509),0.8666358289286131,0.9131557223877572,0.6473029045643154,PRKCQ;PSEN1,wald_stat,GO_Biological_Process_2023
Regulation Of NIK/NF-kappaB Signaling (GO:1901222),-0.8665872065281945,0.9233029551630589,0.6959578207381371,ZC3H12A;LGALS9;BCL3;HDAC9;IRAK1;NLRP2;DDX3X;EIF2AK2;PHB1;NLRC3;TRIM44;IFI35;NFAT5;EP300;ADGRG3;CYLD;PDCD4;NFKBIA,wald_stat,GO_Biological_Process_2023
Spindle Assembly (GO:0051225),0.8663371626265555,0.9119416282423638,0.7093333333333334,KPNB1;KIF2A;RAB11A;KIF3B;NEK7;MAPRE2;HAUS1;HAUS4;SMC1A;SPICE1,wald_stat,GO_Biological_Process_2023
Heterochromatin Formation (GO:0031507),0.865915049286318,0.9110343804222758,0.6462264150943396,SMARCA5;EZH1;HDAC5;CBX3;UBR5,wald_stat,GO_Biological_Process_2023
Negative Regulation Of DNA Metabolic Process (GO:0051053),-0.8656366608230402,0.92430553262716,0.6849557522123894,TERF1;RTEL1;ERCC1;TSPYL2;H1-5;GMNN;GTPBP4;ATR;H1-10;SUB1;SLFN11;S100A11;PDS5A,wald_stat,GO_Biological_Process_2023
post-Golgi Vesicle-Mediated Transport (GO:0006892),-0.8651535412914859,0.9241700662603605,0.7167530224525043,AP3D1;CORO7;RAB14;SYS1;VTI1A;VPS54;RABIF;CCDC93;AP2A1;EXOC6B;SORL1;MYO5A;GBF1;DNM2,wald_stat,GO_Biological_Process_2023
Negative Regulation Of Mitochondrion Organization (GO:0010823),-0.8644609888429979,0.9244485493087716,0.6684027777777778,AKT1;FXN;TRIAP1;SLC25A5;PINK1;BAK1;FLCN;PPIF;MUL1,wald_stat,GO_Biological_Process_2023
Regulation Of Translation (GO:0006417),-0.8636912835104519,0.9248844235518021,0.7825443786982249,RBM3;VIM;YTHDF3;EIF4H;CALR;EIF3B;YTHDF1;ENC1;CIRBP;DAPK3;LARP1B;CNOT1;BCL3;NCBP1;EPHA4;TSFM;GAPDH;ELP5;EIF1;DDX1;EIF5;LRPPRC;PAIP1;TYMS;DDX6;ZNF540;EIF4E2;ELP6;ELP2;DDX3X;PCIF1;OGT;ETF1;METTL3;SOX4;DUS3L;EIF2AK2;EIF5B;RC3H1;BZW1;TSC1,wald_stat,GO_Biological_Process_2023
DNA Synthesis Involved In DNA Repair (GO:0000731),0.862876227805427,0.9162240678142435,0.6857142857142857,PARP10;FAAP20;RRM1;VCP;POLI;PRIMPOL;WRNIP1;POLD3,wald_stat,GO_Biological_Process_2023
Sensory Perception Of Mechanical Stimulus (GO:0050954),-0.8619971375665778,0.9273928785361603,0.6642335766423357,TIMM8B;P2RX4;WHRN;CDC14A;TBL1X;NDUFB9,wald_stat,GO_Biological_Process_2023
Positive Regulation Of Epithelial To Mesenchymal Transition (GO:0010718),-0.861737411862398,0.9267062050964288,0.6767317939609236,TGFB1;GLIPR2;NOTCH1,wald_stat,GO_Biological_Process_2023
mRNA Modification (GO:0016556),0.8614902771942902,0.9175100581890117,0.6792873051224945,ZC3H13;NSUN2;TRUB2;TRMT6;PUS7L;DKC1,wald_stat,GO_Biological_Process_2023
RNA Polyadenylation (GO:0043631),-0.8611236140889513,0.9268352353865776,0.6467486818980668,TENT4B;WDR33;HEXIM1;GRSF1;CPSF1;PAPOLA,wald_stat,GO_Biological_Process_2023
Negative Regulation Of Catalytic Activity (GO:0043086),-0.8608604206957793,0.9261570657318889,0.6478102189781022,TIMP1;CAND1;NOTCH1;PHPT1;CLN3;GZMA;PPP1R12A;ATP5IF1;PARP9,wald_stat,GO_Biological_Process_2023
Negative Regulation Of TORC1 Signaling (GO:1904262),-0.8605348582221803,0.9256102141613575,0.6741996233521658,SESN3;SEH1L;SEC13;ITFG2;CASTOR2,wald_stat,GO_Biological_Process_2023
Mitochondrion Organization (GO:0007005),-0.8601494380057021,0.9253074202406641,0.7909774436090226,RAB5IF;TIMM17A;PYROXD2;TIMM8B;TIMM23;BCS1L;MTX1;SUPV3L1;SLC25A36;HSD17B10;TOMM22;MPV17;IFIT2;MTX3;USP30;AGTPBP1;TOMM5;PINK1;TSPO;COX7A2;TOMM40;TRAK1;MTFP1,wald_stat,GO_Biological_Process_2023
Phosphatidylinositol Phosphate Biosynthetic Process (GO:0046854),0.8568593906333118,0.9264084964475935,0.7258064516129032,PIK3CD;PIK3CG;PI4K2B;SMG1;ITPKB;PIK3CA;PIK3R4;UVRAG;PIK3R2;EFR3A;PIK3R3,wald_stat,GO_Biological_Process_2023
Positive Regulation Of T Cell Proliferation (GO:0042102),0.8567830083533553,0.9246845871131824,0.6903765690376569,PTPRC;NCKAP1L;CD6,wald_stat,GO_Biological_Process_2023
Positive Regulation Of Epithelial Cell Migration (GO:0010634),-0.8559220519459457,0.9333885364353263,0.7094594594594594,AKT1;ZC3H12A;CALR;RAC1;GATA3;GLIPR2;PRKCA;EMC10,wald_stat,GO_Biological_Process_2023
Phosphatidylcholine Metabolic Process (GO:0046470),0.8558660308406804,0.9249514978556013,0.6719101123595506,ABHD3;GPAT4;LPCAT1;LPCAT3;SLC44A2,wald_stat,GO_Biological_Process_2023
Regulation Of Hydrolase Activity (GO:0051336),-0.8556709663615212,0.9326920341459477,0.6954225352112676,PLXNA4;CHN2;EPHA4;ARHGAP9;PLXNA3;STMN3;VAV3,wald_stat,GO_Biological_Process_2023
Positive Regulation Of Small Molecule Metabolic Process (GO:0062013),-0.8554384931547194,0.9319395960641622,0.6927175843694494,AKT1;IRS2;STARD4;PRXL2C;MLST8;P2RX7;SLC4A4,wald_stat,GO_Biological_Process_2023
Proteolysis Involved In Protein Catabolic Process (GO:0051603),-0.8553690841980076,0.9308238013940129,0.7135678391959799,FBXO44;MARCHF6;CHMP4A;UBB;CTSS;ISG15;CTSW;VPS4A;CAPN2;BAG6;DDB1;HM13;ZRANB1;ATE1;PEX10;GZMA;TRIM21,wald_stat,GO_Biological_Process_2023
Sterol Biosynthetic Process (GO:0016126),0.8553675376566965,0.9241605961157318,0.6972477064220184,LBR;LSS;HMGCS1;INSIG2;GLB1;FDFT1;ARV1,wald_stat,GO_Biological_Process_2023
Negative Regulation Of Extrinsic Apoptotic Signaling Pathway (GO:2001237),0.855254037531501,0.922526231900874,0.7296650717703349,ARHGEF2;RFFL;MCL1;BCL2L1;TMBIM1;ZMYND11;RIPK1;PEA15,wald_stat,GO_Biological_Process_2023
Apoptotic Mitochondrial Changes (GO:0008637),-0.8552357099722514,0.9298697349676444,0.6788685524126455,BBC3;BAD;NAIF1;IFI6;IFIT2,wald_stat,GO_Biological_Process_2023
DNA-templated DNA Replication (GO:0006261),0.8552134477586777,0.9207310671688851,0.7303921568627451,RECQL;MCM3;RFC5;RFC4;REV3L;RRM1;MCMBP;LRWD1;PRIMPOL;SSBP1;HMGA1;BLM;PURA;WRNIP1;POLD3;POLA2;MCM6;RPA1,wald_stat,GO_Biological_Process_2023
Regulation Of Vascular Associated Smooth Muscle Cell Proliferation (GO:1904705),0.8546119276749502,0.9201871959956726,0.6606741573033708,JUN;CDKN1B;BMPR1A,wald_stat,GO_Biological_Process_2023
Negative Regulation Of Peptidase Activity (GO:0010466),0.8545792461212612,0.9183737572532277,0.6919642857142857,SERPINB9;CST7;SPOCK2,wald_stat,GO_Biological_Process_2023
Regulation Of Cytoskeleton Organization (GO:0051493),-0.8538897150764242,0.9315816062702486,0.732484076433121,CDC42;RAC1;DAPK3;RHOQ;PFDN2;PLXNA3;STMN3;SORBS3;DMTN;TWF2;TAOK2;TESK1;MLST8;BST2;CAPN2,wald_stat,GO_Biological_Process_2023
Tail-Anchored Membrane Protein Insertion Into ER Membrane (GO:0071816),-0.8531224027424185,0.9320042623723462,0.6487455197132617,EMC6;EMC7;EMC10;GET4,wald_stat,GO_Biological_Process_2023
Regulation Of Protein Metabolic Process (GO:0051246),0.8527742873790752,0.9207233081448931,0.7581395348837209,ODC1;KLF2;NOLC1;MTPN;ELP4;SPOP;EIF2S1,wald_stat,GO_Biological_Process_2023
Positive Regulation Of Protein Transport (GO:0051222),0.8524976045752698,0.919452225544047,0.7254901960784313,GOLPH3;PDCD10;MBD1;ZFAND1;CNST;CEP290;PCNT;RACK1;PRR5L;VAMP2;EZR;RAB29,wald_stat,GO_Biological_Process_2023
Cortical Cytoskeleton Organization (GO:0030865),-0.8516279123882989,0.9341380346246638,0.6660268714011516,RAC1;PPP2R3C;RHOQ;IKBKB;STRIP1,wald_stat,GO_Biological_Process_2023
Positive Regulation Of Immunoglobulin Production (GO:0002639),-0.85128046338009,0.933629351468703,0.6697761194029851,XCL1;MAD2L2;POLR2D,wald_stat,GO_Biological_Process_2023
Negative Regulation Of Transforming Growth Factor Beta Receptor Signaling Pathway (GO:0030512),0.8511235776443421,0.9206409494136913,0.7769423558897243,HDAC1;SNX6;RBBP4;MTMR4,wald_stat,GO_Biological_Process_2023
Regulation Of Response To Biotic Stimulus (GO:0002831),-0.8508840878126502,0.9332166046150496,0.6953405017921147,BIRC2;LRP8;N4BP1;NFE2L2;HERC5;IRF1;BIRC3,wald_stat,GO_Biological_Process_2023
Positive Regulation Of GTPase Activity (GO:0043547),0.8505218869527628,0.9200726614967446,0.8310991957104558,ARHGAP25;RALGDS;ARHGAP45;RASGRP1;RASGRP2;SNX18;TBCK;NDEL1;ERBB2;PIP5K1A;GPR65;RGS10;TBC1D25;DOCK10;RGP1;MAPRE2;NTRK1;RACK1;SIPA1L1;F2R;ITGA6;TBC1D7;RALBP1,wald_stat,GO_Biological_Process_2023
Protein Exit From Endoplasmic Reticulum (GO:0032527),-0.849708142052791,0.9345860783040322,0.6938053097345133,SURF4;DERL1;SEC61B;SEC13;SEL1L;FAF2;RANGRF;NPLOC4;TMED9,wald_stat,GO_Biological_Process_2023
Stress-Activated Protein Kinase Signaling Cascade (GO:0031098),-0.8494629358275294,0.933844562777101,0.7008403361344537,MAP2K3;MAP2K7;IKBKB;KAT7;TAOK2,wald_stat,GO_Biological_Process_2023
Positive Regulation Of ATP-dependent Activity (GO:0032781),-0.8487689473715382,0.9341508418498348,0.6695352839931153,DNAJB11;PFN1;DNAJC24;PLSCR1;DNAJC9;ATP1B3;ATP1B1;POT1,wald_stat,GO_Biological_Process_2023
Cortical Actin Cytoskeleton Organization (GO:0030866),0.848748653337953,0.9221784831643716,0.6991525423728814,NCKAP1L;PLEK,wald_stat,GO_Biological_Process_2023
Negative Regulation Of Cellular Biosynthetic Process (GO:0031327),0.848287217873414,0.9213771985779545,0.8101983002832861,TIA1;PLEK;CLK2;GZMB;TOB1;PATL2;CAPRIN1;ATP2B4;GFI1;EIF4ENIF1;DHX36;EPRS1;KAT2A;RACK1;SYNCRIP;YBX1;AKR1C3;KHSRP;EIF2AK3;LSM14A;RIDA;DHFR;ROCK2;NCL;SHMT1;SERBP1;GLA;NHLRC3,wald_stat,GO_Biological_Process_2023
JNK Cascade (GO:0007254),0.8482270440090298,0.919670908273754,0.6859296482412061,MAP2K4;DAXX;MAP4K2;SH2D3A;SH2D3C,wald_stat,GO_Biological_Process_2023
Cell Junction Assembly (GO:0034329),-0.8479966235133088,0.9344705375295169,0.6961325966850829,CDC42;RYK,wald_stat,GO_Biological_Process_2023
Positive Regulation Of DNA Metabolic Process (GO:0051054),0.8470706952355451,0.9203101811127575,0.7953367875647669,UCHL5;PPP1R10;SMCHD1;SMARCA5;INO80D;MECP2;INO80B;RUVBL1;ATRX;DHX36;WRAP53;GNL3;BAZ1A;PRKD2;CCDC117;MRE11;RNF8,wald_stat,GO_Biological_Process_2023
Regulation Of Axonogenesis (GO:0050770),-0.8466013924830361,0.9362093663200448,0.6766355140186916,PLXNA4;EPHA4;PLXNA3;METRN,wald_stat,GO_Biological_Process_2023
Phospholipid Metabolic Process (GO:0006644),0.8453753408050253,0.9220785721909506,0.7342342342342343,SMPD1;PIP5K1A;AGPAT1;LPCAT1;SMPD3,wald_stat,GO_Biological_Process_2023
Epithelial Cell Differentiation (GO:0030855),-0.8447022204193897,0.9391484292209702,0.727433628318584,LGALS3;AKT1;GATA3;LATS1;TPP1;EDF1;MAF;PGK1;VDAC1;PCNA;ANXA4;KDM6B;GSTK1;ZDHHC7,wald_stat,GO_Biological_Process_2023
Regulation Of Intracellular Estrogen Receptor Signaling Pathway (GO:0033146),0.8445148722971169,0.9220064746352664,0.6804597701149425,STRN3;UFL1;WBP2,wald_stat,GO_Biological_Process_2023
Regulation Of Endothelial Cell Apoptotic Process (GO:2000351),0.8439737144719667,0.921263552340505,0.658695652173913,ITGA4;KRIT1;PLCG1,wald_stat,GO_Biological_Process_2023
Blood Circulation (GO:0008015),0.843812162205514,0.9197686881657748,0.6864035087719298,SOD1;GCLM,wald_stat,GO_Biological_Process_2023
Regulation Of Metal Ion Transport (GO:0010959),0.8437985888571891,0.9179713692685005,0.6971677559912854,STIM1;EPB41;YWHAH;IL16;SLC30A6,wald_stat,GO_Biological_Process_2023
rRNA Processing (GO:0006364),0.8437368848968148,0.9162806713994426,0.8045685279187818,NOLC1;PRKDC;PIH1D1;EMG1;MRM2;EXOSC2;NSA2;PES1;EXOSC3;NOL9;FBL;MPHOSPH6;SRFBP1;DIS3;DDX10;NOP56;TFB1M;DKC1;MTREX;NAT10;PIN4;EXOSC5;UTP20;NOL8;ERI1;NOL11;PELP1;LSM6;NVL;SPPL2B;LYAR;EBNA1BP2,wald_stat,GO_Biological_Process_2023
Negative Regulation Of Double-Strand Break Repair (GO:2000780),-0.8435143616072359,0.9404448611030437,0.7241992882562278,MAD2L2;KMT5A;TFIP11;OTUB1;SENP3,wald_stat,GO_Biological_Process_2023
Lipid Translocation (GO:0034204),-0.8434123492768798,0.939384016192997,0.6598890942698706,TRIAP1;ATP8A1;ABCA7;ATP11C;ABCB1;ATP8B4,wald_stat,GO_Biological_Process_2023
Positive Regulation Of DNA Repair (GO:0045739),0.8433196629454983,0.9153820123071429,0.8027397260273973,UCHL5;SMCHD1;PBRM1;SMARCC2;INO80D;SPIRE1;INO80B;PARP1;RUVBL1;SMARCC1;WRAP53,wald_stat,GO_Biological_Process_2023
Protein N-linked Glycosylation (GO:0006487),-0.842674576884138,0.9396407281488054,0.727580372250423,MAGT1;RPN2;DDOST;MGAT4B;MGAT4A;ALG12;DPM1;NUDT14;ALG5;UBE2J1;ALG9;MGAT1;B4GALT1,wald_stat,GO_Biological_Process_2023
"Negative Regulation Of DNA-templated Transcription, Elongation (GO:0032785)",-0.8423725366984992,0.9390798789236185,0.6809269162210339,HEXIM1;LARP7;NELFCD;NELFA;TCERG1;NELFB,wald_stat,GO_Biological_Process_2023
RNA Polymerase II Preinitiation Complex Assembly (GO:0051123),-0.8417200699995021,0.9391076675385658,0.7196581196581197,MED10;TAF11;TAF10;MED30;TAF4;MED4;TAF6L;MED19,wald_stat,GO_Biological_Process_2023
Regulation Of Exocytosis (GO:0017157),0.8414456768042685,0.9175854716230245,0.7328605200945626,UNC13D;RALA;SEPTIN2;VAMP2;RAB2B;RAB8B,wald_stat,GO_Biological_Process_2023
Negative Regulation Of Sequestering Of Calcium Ion (GO:0051283),-0.8414035100916585,0.9385039362290402,0.6906077348066298,XCL1;PLCH2;PKD2;PLCB1;PLCB2,wald_stat,GO_Biological_Process_2023
Regulation Of Interferon-Alpha Production (GO:0032647),0.8413208299874467,0.9160429001351742,0.6964285714285714,HAVCR2;DHX36;IRF3;RIGI,wald_stat,GO_Biological_Process_2023
Positive Regulation Of Interleukin-8 Production (GO:0032757),-0.8411438567773687,0.9377892165587728,0.7014652014652014,RAB1A;LGALS9;LAMTOR5;CD244;ZNF580,wald_stat,GO_Biological_Process_2023
Regulation Of Cellular Response To Stress (GO:0080135),-0.8408588553107542,0.9372183864116015,0.7831125827814569,MAPKAPK2;INO80E;TAF10;HAPSTR1;CREBBP;DNAJB6;TADA2B;KMT5A;TAF4;TAF6L;PINK1;NFE2L2;ATR;UIMC1;CLN3;CDK9;SUPT7L;SOX4;NFRKB;ATXN7;INO80C;SF3B5;USP1;CHCHD2;CHORDC1;POLH,wald_stat,GO_Biological_Process_2023
Positive Regulation Of Cell-Cell Adhesion (GO:0022409),0.8404596797917216,0.9160203372376137,0.7029914529914529,CD47;CITED2;LCK;PTPN23,wald_stat,GO_Biological_Process_2023
Protein Localization To Plasma Membrane (GO:0072659),-0.8403141680907348,0.9371095365548016,0.7849829351535836,INPP5K;GORASP2;CD81;FLOT1;TMED2;PACS2;ZFYVE27;GAK;IKBKB;TTC7A;ZDHHC3;S100A10,wald_stat,GO_Biological_Process_2023
Protein Acetylation (GO:0006473),0.8401992987607814,0.9147861456071492,0.7124183006535948,NAA20;HAT1;BLOC1S1;NAA35;NAA10,wald_stat,GO_Biological_Process_2023
Modification-Dependent Protein Catabolic Process (GO:0019941),-0.839214844910368,0.938206653429428,0.8320839580209896,RNF7;ANAPC11;PSMF1;CUL3;MYLIP;COPS3;UBE2G2;RNF125;RNF19B;UBB;ARIH2;RNF130;RNF166;ISG15;TOPORS;USP33;UBA1;UBA6;UBE2S;FBXO11;RBBP6;GET4;TRIM25;PINK1;DTX3L;CHFR;RNF40;HERC5;SMURF1;ARRB1;PSMD9;BAG6;UBE2I;DDB1;ARRDC1;NTAN1;PSMC2;AREL1;RNF19A;NPLOC4;RC3H1;RNF6;UBE2L6;HERC4;PSMD3;TRPC4AP;RNF114;SMURF2;FBXO45;RNF126;RNF11;UBE2D1;RC3H2;CDC34,wald_stat,GO_Biological_Process_2023
Positive Regulation Of Protein Modification By Small Protein Conjugation Or Removal (GO:1903322),-0.83885682799886,0.9376543509762978,0.7636363636363637,ZC3H12A;FBXW7;CUL3;BIRC2;GSK3A;DERL1;AXIN1;UBB;SUMO1;FBXO33;PINK1;RIPK2;PIAS1;BIRC3,wald_stat,GO_Biological_Process_2023
Regulation Of Apoptotic Signaling Pathway (GO:2001233),0.8387634485331499,0.9159918676491321,0.7413394919168591,TMBIM6;TRIM39;DAPK2;CX3CR1;QARS1;TMBIM1;ETFA;FAS;CRADD;RB1,wald_stat,GO_Biological_Process_2023
Positive Regulation Of Mitochondrial Fission (GO:0090141),0.8377584912694525,0.9162949153135564,0.6983372921615202,RALA;SPIRE1;BNIP3;VPS35,wald_stat,GO_Biological_Process_2023
Cellular Response To Mechanical Stimulus (GO:0071260),0.8369264769832019,0.9161994687392028,0.7158836689038032,MAP2K4;BNIP3;FAS;CRADD;FADD;CASP8AP2;CASP2;TNFRSF1A;TNFSF14;MAPK8;PIEZO1,wald_stat,GO_Biological_Process_2023
Vesicle Cytoskeletal Trafficking (GO:0099518),-0.8365150938859385,0.9413359173088349,0.7223198594024605,RAB1A;TRAK1;CLN3;WASL;MYO5A;HTT,wald_stat,GO_Biological_Process_2023
Positive Regulation Of Neurogenesis (GO:0050769),0.8362729642005916,0.9156354212006971,0.720873786407767,IFNG;CAPRIN1;NPTN;CX3CR1;NAP1L1;ZNF335;RGS14;CAPRIN2;CTNNB1;NUMBL,wald_stat,GO_Biological_Process_2023
Positive Regulation Of Protein Ubiquitination (GO:0031398),-0.835411706585282,0.9424942513585964,0.7754098360655738,FBXW7;PIN1;CUL3;BIRC2;GSK3A;DERL1;AXIN1;UBB;SUMO1;TOPORS;FBXO33,wald_stat,GO_Biological_Process_2023
Histone mRNA Metabolic Process (GO:0008334),-0.8347124733415024,0.9427388992427984,0.7196428571428571,TENT4B;EXOSC10;NCBP1;LSM1;SLBP;UPF1;MTPAP;DCP2,wald_stat,GO_Biological_Process_2023
Negative Regulation Of Endothelial Cell Migration (GO:0010596),-0.8339154933409678,0.9431179854554584,0.6876122082585279,CSNK2B;TGFB1;NOTCH1,wald_stat,GO_Biological_Process_2023
Sphingolipid Biosynthetic Process (GO:0030148),0.8327167169887882,0.9209650063505586,0.7672209026128266,SMPD1;ELOVL6;HACD2;KDSR;PRKD3;SMPD4;PPM1L;PRKD2;SGPL1;SPTSSB;ST3GAL5;SPHK2;ORMDL1;ORMDL3;ORMDL2;SGPP1,wald_stat,GO_Biological_Process_2023
Negative Regulation Of Cell Adhesion (GO:0007162),-0.8319983981903805,0.9456740721857861,0.7014134275618374,TGFB1;PLXNA4;NOTCH1;EPHA4;PLXNA3;DMTN;SIPA1;GTPBP4,wald_stat,GO_Biological_Process_2023
Protein Localization To Cell Periphery (GO:1990778),0.8314401448161837,0.9218026102069363,0.8409638554216867,TNIK;RAB10;EHD1;RAB11A;TSPAN5;PIP5K1A;PSMD10;LIN7B;PTCH1;PALS1;TSPAN14;RAB8B;PPIL2;RAP1A;DLG1;EFR3A;EZR;RAB29;TNFRSF1A;ROCK2;PLEKHF1;RAPGEF6;DENND4C,wald_stat,GO_Biological_Process_2023
Regulation Of Macromolecule Biosynthetic Process (GO:0010556),0.831440045754934,0.920024868702979,0.7444717444717445,S100A9;NOLC1;MTPN;ELP4;EIF2S1,wald_stat,GO_Biological_Process_2023
Signal Transduction In Response To DNA Damage (GO:0042770),-0.8309611292045849,0.9465330228246562,0.7629757785467128,MAD2L2;H2AX;RHNO1;TRIAP1;BCL3;MDM4;TIPRL;CDC5L;DTX3L;RAD9A;CLSPN;ATR,wald_stat,GO_Biological_Process_2023
Regulation Of Transferase Activity (GO:0051338),-0.8305075642578735,0.9462272865824484,0.6974169741697417,SPINDOC;LDB1,wald_stat,GO_Biological_Process_2023
Regulation Of Mitochondrial Membrane Potential (GO:0051881),0.8304956052338727,0.9201333741225793,0.7396313364055299,ARL6IP5;SOD1;BCL2L1;VCP;SPART;PRDX3;PPA2,wald_stat,GO_Biological_Process_2023
Release Of Sequestered Calcium Ion Into Cytosol (GO:0051209),0.8302736171990794,0.9188911143265457,0.7397260273972602,PTPRC;GHITM;PLCG1;LCK;F2R,wald_stat,GO_Biological_Process_2023
Negative Regulation Of Microtubule Polymerization Or Depolymerization (GO:0031111),-0.8302487063912679,0.945452739282678,0.7178130511463845,MAPRE1,wald_stat,GO_Biological_Process_2023
Macromolecule Catabolic Process (GO:0009057),0.829250425705083,0.9191803641976745,0.7967914438502673,PPP1R8;MVB12A;ISG20;HNRNPD;EXOSC2;RIPK1;EXOSC3;SLC16A3;EXOSC8;TRIM24;SH3GLB1;PIK3R4;UVRAG;REXO4;LRSAM1;MTOR;RNASEH2A;DIS3;RNF5,wald_stat,GO_Biological_Process_2023
Vesicle Docking (GO:0048278),-0.828290471483229,0.9482703581715427,0.7105263157894737,STX5;STX3;STX11;CLN3;STX8;STX1A,wald_stat,GO_Biological_Process_2023
Positive Regulation Of Macroautophagy (GO:0016239),-0.8251960000383635,0.9533630605652745,0.7907801418439716,PIP4K2A;ATG2A;SESN3;OPTN;WIPI1;MOAP1;BAG3;SLC25A5;PINK1;SPTLC1,wald_stat,GO_Biological_Process_2023
Establishment Or Maintenance Of Apical/Basal Cell Polarity (GO:0035088),0.8248560623124568,0.9259675012139357,0.7190265486725663,ERBIN;PATJ;PALS1;DLG1,wald_stat,GO_Biological_Process_2023
Regulation Of Extrinsic Apoptotic Signaling Pathway Via Death Domain Receptors (GO:1902041),0.824669604213413,0.9245179496022006,0.7037861915367484,RFFL;BCL2L1;TMBIM1;PEA15;ETFA;SP100,wald_stat,GO_Biological_Process_2023
Regulation Of Protein Localization To Membrane (GO:1905475),-0.8245735344862201,0.9533576610257377,0.7409523809523809,CRIPT;VPS4A;CLN3;STX8;GSN;ZDHHC7;FYN;SIRT6;ZDHHC2;AKR1B1,wald_stat,GO_Biological_Process_2023
Positive Regulation Of Cellular Catabolic Process (GO:0031331),-0.8235480148901817,0.954217679228956,0.8410174880763116,IRS2;ZC3H12A;ULK1;SUPV3L1;FURIN;BAD;GSK3A;CNOT1;ZSWIM8;BECN1;OPTN;ABHD5;GRSF1;TFEB;CDK16;PHKG2;PRXL2C;DTX3L;MLST8,wald_stat,GO_Biological_Process_2023
Negative Regulation Of Phosphoprotein Phosphatase Activity (GO:0032515),-0.8224225007846326,0.9552378376860395,0.7094339622641509,LGALS3;PTPA;IKBKB;TIPRL,wald_stat,GO_Biological_Process_2023
Regulation Of Protein Export From Nucleus (GO:0046825),-0.8207185881744563,0.9573919740142892,0.7087198515769945,YWHAE;FRAT2;BAG3;PARK7;TPR;GSK3B;SIRT6,wald_stat,GO_Biological_Process_2023
Regulation Of Small Molecule Metabolic Process (GO:0062012),-0.8194067191286932,0.9588061231044762,0.7652329749103942,DGKQ;PRKAG1;FOXK1;PANK2;PRKAG2;JMJD8;FOXK2;OGT,wald_stat,GO_Biological_Process_2023
Mitochondrial Membrane Organization (GO:0007006),0.8185901718994084,0.9344438042612391,0.7637231503579952,GHITM;IMMT;BCL2L1;BNIP3;TAFAZZIN,wald_stat,GO_Biological_Process_2023
Positive Regulation Of Intrinsic Apoptotic Signaling Pathway (GO:2001244),-0.8171378092076582,0.9619698780925662,0.7614503816793893,NCK2;BBC3;EIF5A;BECN1;UBB,wald_stat,GO_Biological_Process_2023
Regulation Of Vesicle-Mediated Transport (GO:0060627),0.8164898264994039,0.9366266396654512,0.7984886649874056,MAP2K1;RAB11A;RALA;SNX17;BET1L;SEPTIN2;PTPN1;VAMP2;RAB8B;RAB4B,wald_stat,GO_Biological_Process_2023
Protein Homooligomerization (GO:0051260),0.8163015020192869,0.9351863649553681,0.8403141361256544,ALDH9A1;GBP5;CRYZ;EHD1;PRF1;APIP;GSDMD,wald_stat,GO_Biological_Process_2023
Regulation Of Sodium Ion Transport (GO:0002028),-0.8156064177337918,0.9636851449927043,0.7158878504672898,P2RX4;PER1;RANGRF;P2RX7;SNTA1;SIK1,wald_stat,GO_Biological_Process_2023
Phosphatidic Acid Metabolic Process (GO:0046473),-0.8151087664138508,0.963349148905153,0.7581818181818182,DGKQ;ABHD5;SLC27A1;PLA2G6;AGPAT5;AGPAT2;DGKZ;DGKA,wald_stat,GO_Biological_Process_2023
Phospholipid Transport (GO:0015914),-0.8143346550171414,0.963599820728513,0.7373358348968105,NPC2;TRIAP1;ATP8A1;ABCA3;ABCA7;PRELID3B;VAPA;ATP11C;ABCB1;ATP8B4,wald_stat,GO_Biological_Process_2023
Protein Localization To Cilium (GO:0061512),0.8140264694146075,0.9377080930852816,0.7259100642398287,EHD1;BBS9;RAB29;TULP3;ATP6V1D;BBS4;INVS,wald_stat,GO_Biological_Process_2023
Positive Regulation Of Actin Filament Polymerization (GO:0030838),-0.8128934605711057,0.9651126405801296,0.7402597402597403,NCK2;CARMIL2;ARF6;EVL;PFN1,wald_stat,GO_Biological_Process_2023
Calcium Ion Transmembrane Transport (GO:0070588),-0.8113148649399118,0.9668980110009653,0.7842465753424658,MCUB;P2RX4;TRPM7;PKD2;CACNA2D4;TRPM2;CACNB1;P2RX7;ORAI1;ATP2B1;TRPC4AP,wald_stat,GO_Biological_Process_2023
Regulation Of Cellular Localization (GO:0060341),-0.8103467530322155,0.9675103606145216,0.7946902654867256,RAB14;FBXW7;DNAJB6;SUMO1;TESK1;TRIM25;VPS4A;TRIM58;PLEKHM2;CSNK1E,wald_stat,GO_Biological_Process_2023
Regulation Of Nucleic Acid-Templated Transcription (GO:1903506),-0.8101194506082098,0.966670331821019,0.9467787114845938,ATF4;SRSF10;YY1AP1;RUNX3;TCF7;TAF10;SPTY2D1;MTF2;ZNF268;CREBBP;CALR;PPP2CA;PSPC1;FOXN3;ING3;SERTAD3;YAF2;DAPK3;HCFC1;PQBP1;ACTN4;NOTCH1;ZMIZ1;CARM1;MLLT6;BMAL1;FADS1;ZSCAN26;SAP30L;SSBP2;ATF5;ZNF282;HES6;TFEB;EDF1;YEATS2;NFILZ;NR1D2;BRD1;TAF6L;KAT7;BNC2;NFIL3;ZNF682;NFXL1;ZNF395;ZFPL1;SLC2A4RG;TCF3;BPTF;FOXK2;SPIN4;ZNF350;BACH1;ZNF331;ENG;RSF1;SOX4;CDK11B;MBIP;ZNF273,wald_stat,GO_Biological_Process_2023
Regulation Of Intracellular Transport (GO:0032386),-0.8100222245131132,0.9656045536995431,0.759581881533101,MX2;LAMP1;RAB11B;RINT1;YIPF5;LCP1;DYNC1H1;CAPN10;ATP9A,wald_stat,GO_Biological_Process_2023
Endoplasmic Reticulum To Cytosol Transport (GO:1903513),-0.8091571791901948,0.9659912858815067,0.7467166979362101,DERL1;SEC61B;SEL1L;FAF2,wald_stat,GO_Biological_Process_2023
Positive Regulation Of Antigen Receptor-Mediated Signaling Pathway (GO:0050857),0.8087218154309175,0.9457906104826358,0.7248908296943232,PTPRC;CD226;LCK;PRKD2;RAB29;FOXP1;UXT;TESPA1;PRKCH,wald_stat,GO_Biological_Process_2023
Unsaturated Fatty Acid Metabolic Process (GO:0033559),-0.8082724281533686,0.966414910084788,0.7184643510054844,FADS1;ACAA1;GSTP1,wald_stat,GO_Biological_Process_2023
DNA Damage Checkpoint Signaling (GO:0000077),-0.8071944919835652,0.9672361152106654,0.7684021543985637,H2AX;RHNO1;TIPRL;CDC5L;DTX3L;RAD9A;CLSPN;ATR,wald_stat,GO_Biological_Process_2023
Cellular Response To Decreased Oxygen Levels (GO:0036294),-0.8067413718988042,0.9668229412119292,0.8100172711571675,TGFB1;BAD;NOTCH1;TBL2;P4HB;MDM4;PINK1;MLST8;SUV39H1;HIPK2;PGK1;HYOU1;TSC1;CPEB4,wald_stat,GO_Biological_Process_2023
"Retrograde Vesicle-Mediated Transport, Golgi To Endoplasmic Reticulum (GO:0006890)",0.8066432467223537,0.9477556873124402,0.8179723502304147,GOLPH3;ARF4;ERGIC2;COG7;PICK1;ZW10;COPB2;UVRAG;NBAS;STX18;COPZ2;RAB6A;COPG2;PITPNB;RER1;LMAN2;TMEM115,wald_stat,GO_Biological_Process_2023
"DNA Damage Response, Signal Transduction By P53 Class Mediator (GO:0030330)",0.8066278403217155,0.9460061770447866,0.7539503386004515,CDKN1B;MYO6;ATRX;CRADD;SP100;TP53;ATM;BATF;CASP2,wald_stat,GO_Biological_Process_2023
Regulation Of Meiotic Cell Cycle (GO:0051445),-0.806314579115925,0.9663407341466607,0.7513043478260869,ANAPC15;ANAPC11,wald_stat,GO_Biological_Process_2023
Positive Regulation Of Neuron Projection Development (GO:0010976),0.8061399641889674,0.9451237656236687,0.7965260545905707,S100A9;SETX;CAPRIN1;NPTN;SNX3;DHX36;NTRK1;ITGA6;RAP1A;CAPRIN2,wald_stat,GO_Biological_Process_2023
Regulation Of Viral Genome Replication (GO:0045069),-0.8059921850166051,0.9656618676344332,0.8164335664335665,ADARB1;RAD23A;PKN2;TMEM39A;N4BP1;ISG15;CCL5;OAS1;BST2;PPIH;DDX3X;DDB1;PLSCR1;EIF2AK2;MX1;IFITM1;SRPK2,wald_stat,GO_Biological_Process_2023
Purine Nucleotide Metabolic Process (GO:0006163),0.8043148058211059,0.9465426454615546,0.7527114967462039,SLC4A7;PRPSAP2;MDH1,wald_stat,GO_Biological_Process_2023
Vesicle-Mediated Transport To The Plasma Membrane (GO:0098876),-0.804182141085562,0.9678324048052319,0.8311036789297659,VPS53;RAB14;RAB11FIP4;ARL4C;VTI1A;VPS39;ARF6;RAB11FIP3;MICALL1;RAB11B;CCDC93;SNF8;VPS26A;EHD3,wald_stat,GO_Biological_Process_2023
Negative Regulation Of Double-Strand Break Repair Via Homologous Recombination (GO:2000042),-0.8039165102105533,0.9670701141984688,0.7150735294117647,MAD2L2;KMT5A,wald_stat,GO_Biological_Process_2023
DNA Methylation (GO:0006306),-0.8037829338798169,0.9660992223158288,0.7468123861566485,GATAD2A;ZDBF2;KMT2E;PPM1D,wald_stat,GO_Biological_Process_2023
Internal Peptidyl-Lysine Acetylation (GO:0018393),0.8037142443613273,0.9458304956267527,0.801980198019802,MORF4L2;BRD8;TRRAP;RUVBL1;EP400;KAT2A;TAF12;TADA2A;SUPT3H;MORF4L1;MRGBP;TAF5L;ACTL6A;TADA3;VPS72;TAF9;EPC2;PHF20L1;DMAP1,wald_stat,GO_Biological_Process_2023
Regulation Of Release Of Cytochrome C From Mitochondria (GO:0090199),-0.803566115715768,0.9652567072188406,0.7695035460992907,FXN;BBC3;BAD;TRIAP1;MOAP1;PINK1,wald_stat,GO_Biological_Process_2023
Regulation Of Cold-Induced Thermogenesis (GO:0120161),-0.8033098908179448,0.9645006109680095,0.8254486133768353,ATF4;GNAS;PWWP2B;PLCL2;NOTCH1;IL4R;BMAL1;GADD45G;PGAM5;LPIN1;IL18;FABP5;OGT;IGF1R;PER2;ID1;FLCN;RBPJ,wald_stat,GO_Biological_Process_2023
Late Endosome To Vacuole Transport (GO:0045324),0.8018457844848531,0.9474156191254499,0.744920993227991,CHMP5;TMEM50A;CHMP1A;PIK3R4;LEPROT;CHMP7;VPS4B;TMEM50B;CHMP6;LEPROTL1;CHMP1B,wald_stat,GO_Biological_Process_2023
Integrin-Mediated Signaling Pathway (GO:0007229),0.8017332533341337,0.945860882236392,0.8161764705882353,ITGA4;PLEK;CD47;ERBIN;SEMA7A;ILK;ADAM10;ITGA6,wald_stat,GO_Biological_Process_2023
Actin Cytoskeleton Reorganization (GO:0031532),0.8009203880749111,0.9455228193009053,0.7868480725623582,TNIK;PLEK;PIP5K1A;S1PR1;PTPN1;SIPA1L1,wald_stat,GO_Biological_Process_2023
Gluconeogenesis (GO:0006094),-0.7998606946294989,0.9695939087421382,0.7851985559566786,POLR2D;FBP1;CRTC2;ENO3,wald_stat,GO_Biological_Process_2023
Very Long-Chain Fatty Acid Metabolic Process (GO:0000038),0.7993448654001981,0.9465700217622034,0.7770562770562771,ELOVL6;HACD2,wald_stat,GO_Biological_Process_2023
Positive Regulation Of Response To Stimulus (GO:0048584),0.7989333323376786,0.9455489803703058,0.8421052631578947,UCHL5;SMCHD1;INO80D;INO80B;FCGR2B;RUVBL1;WRAP53;ILK,wald_stat,GO_Biological_Process_2023
Regulation Of TORC1 Signaling (GO:1903432),0.7985277105825754,0.9445092366365558,0.7858823529411765,RRAGA;PIH1D1;KLHL22;CLEC16A;WDR59;SLC38A9;KICS2;TELO2;DEPDC5;GPR137;RRAGB,wald_stat,GO_Biological_Process_2023
Protein Localization To Membrane (GO:0072657),-0.7979555018952422,0.9719003439891415,0.8841059602649006,INPP5K;AP3D1;CD81;FLOT1;ARL5B;NUP54;TMED2;PACS2;ZFYVE27;GAK;IKBKB;RFTN1;TTC7A;ZDHHC3;S100A10;BRAF;RAB11B;SMURF1;EHD3;ITGAL;TESC,wald_stat,GO_Biological_Process_2023
Base-Excision Repair (GO:0006284),0.7977355909820711,0.9440932910377382,0.7857142857142857,RPA3;RPA2;LIG1;PARG;HUWE1;POLL,wald_stat,GO_Biological_Process_2023
Response To Hydrogen Peroxide (GO:0042542),0.7971494194095222,0.9433927521655759,0.7962085308056872,SOD1;ANKZF1;SETX;RIPK1;HDAC6;PRDX3;CAT,wald_stat,GO_Biological_Process_2023
Transcription Initiation-Coupled Chromatin Remodeling (GO:0045815),-0.7963516556833111,0.9735506345320045,0.785171102661597,BRD7;ARID1B,wald_stat,GO_Biological_Process_2023
Monoatomic Cation Transmembrane Transport (GO:0098655),-0.7958644964585653,0.9731578425489311,0.8504823151125402,TCIRG1;ATP6V1H;RNASEK;P2RX4;ATP6V0C;TRPM7;SLC9A1;PKD2;CACNA2D4;TMEM175;HVCN1;SLC39A13;DMAC2L;SLC9A3;TRPM2;CACNB1;P2RX7;SLC4A4;ORAI1;SLC39A9;ATP1B3;ATP1B1;TRPC4AP;SLC9A9;ATP6AP2;ATP6V1B2;SLC12A7,wald_stat,GO_Biological_Process_2023
Receptor Metabolic Process (GO:0043112),-0.7942920536560046,0.9747837547169855,0.7185741088180112,TGFB1;BECN1;RAB11B;SMURF1;EHD3,wald_stat,GO_Biological_Process_2023
Negative Regulation Of DNA-binding Transcription Factor Activity (GO:0043433),-0.7934164874640991,0.9751948675003537,0.8724082934609251,XCL1;MAD2L2;ZC3H12A;COMMD7;CEBPG;OTULIN;ID2;PPP2CB;BCL3;USP7;SUMO1;MAP3K10;HES6;PKD2;IRAK1;SETD6;NLRP2;ARRB1;TAF3;ID1;NLRC3;BRMS1;NFKBIL1;NFKBIE;ARRB2;PAXIP1;ANXA4,wald_stat,GO_Biological_Process_2023
Endosome Organization (GO:0007032),-0.7927719950335486,0.975132945567337,0.8178752107925801,LAMTOR1;ATP6V1H;RNASEK;CHMP2B;ATP6V0C,wald_stat,GO_Biological_Process_2023
G2/M Transition Of Mitotic Cell Cycle (GO:0000086),-0.7916885526640229,0.975881566394497,0.75,LATS1;CCDC57;PLCB1;BACH1;WEE1;DNM2;ARPP19;FBXL15;CCNY;TAF2,wald_stat,GO_Biological_Process_2023
Cardiac Muscle Tissue Development (GO:0048738),-0.79086416000637,0.9761125291072357,0.778534923339012,ZFPM1;POLR2D;NOTCH1;TTN;SMAD5,wald_stat,GO_Biological_Process_2023
Transcription Preinitiation Complex Assembly (GO:0070897),-0.7904104098253834,0.9756970249752692,0.8026981450252951,MED10;TAF11;TAF10;MED30;TAF4;MED4;TAF6L;MED19,wald_stat,GO_Biological_Process_2023
Regulation Of Mitochondrial Fission (GO:0090140),0.7900911195269268,0.9536354596507811,0.8056206088992974,RALA;SPIRE1;BNIP3;VPS35,wald_stat,GO_Biological_Process_2023
Negative Regulation Of Endopeptidase Activity (GO:0010951),0.788222817235247,0.9549687047925086,0.7722342733188721,SERPINB9;SPOCK2;BIN1;SERPINB6;PCID2,wald_stat,GO_Biological_Process_2023
Post-Transcriptional Regulation Of Gene Expression (GO:0010608),-0.7878993151488394,0.9788218993716244,0.8211805555555556,RBM3;PER1;ELP5;NUDT21;ZC3H10;ATG14;ELP6;ELP2;PCIF1;DUS3L;RC3H1;TSC1,wald_stat,GO_Biological_Process_2023
Regulation Of Microtubule Cytoskeleton Organization (GO:0070507),-0.7873706842439403,0.9785292024089577,0.7879341864716636,MAPRE1;STMN3;MARK2;STMN1;PRKAA1;GSK3B;CYLD,wald_stat,GO_Biological_Process_2023
Positive Regulation Of G1/S Transition Of Mitotic Cell Cycle (GO:1900087),-0.7873199987491285,0.9773924541136743,0.7967332123411979,AKT1;KMT2E;PLCB1;DDX3X;ADAMTS1;SASS6,wald_stat,GO_Biological_Process_2023
Phosphatidylinositol Biosynthetic Process (GO:0006661),0.7861467133869248,0.9567873023251274,0.8706199460916442,PIK3CG;MTMR4;CDIPT;PIKFYVE;PI4K2B;PIP5K1A;SMG1;ITPKB;MTMR6;PIGQ;PIK3CA;PTEN;PIK3R2;EFR3A;SACM1L;PIK3R3;PITPNM1;PIGV;PIGP,wald_stat,GO_Biological_Process_2023
Positive Regulation Of Defense Response To Virus By Host (GO:0002230),0.7860496484269133,0.9551976991690041,0.7700892857142857,TRIM22;TOMM70;STING1,wald_stat,GO_Biological_Process_2023
Mitotic Cytokinetic Process (GO:1902410),-0.7858507580351852,0.9786044294033377,0.7274436090225563,CHMP4A;CHMP2B;CHMP2A;VPS4A,wald_stat,GO_Biological_Process_2023
Positive Regulation Of Carbohydrate Metabolic Process (GO:0045913),-0.7857866706396873,0.9774835546918825,0.7639639639639639,IRS2;NFKB1;CD244;PRXL2C;MLST8;P2RX7;SLC4A4,wald_stat,GO_Biological_Process_2023
Positive Regulation Of Myeloid Leukocyte Differentiation (GO:0002763),-0.7857527220433996,0.9763261505884464,0.7853211009174312,ID2;PRKCA;TNFRSF11A;HLA-DRB1;EEIG1;TESC,wald_stat,GO_Biological_Process_2023
Inorganic Cation Transmembrane Transport (GO:0098662),-0.7854248320124407,0.9756848789399931,0.8672,TCIRG1;ATP6V1H;RNASEK;P2RX4;ATP6V0C;TRPM7;SLC9A1;PKD2;CACNA2D4;TMEM175;HVCN1;SLC39A13;DMAC2L;SLC9A3;TRPM2;CACNB1;P2RX7;SLC4A4;ORAI1;SLC39A9;ATP1B3;ATP1B1;TRPC4AP;SLC9A9;ATP6AP2;ATP6V1B2;SLC12A7,wald_stat,GO_Biological_Process_2023
Myeloid Cell Development (GO:0061515),0.7848318220508264,0.9554652778821119,0.7704545454545455,NCKAP1L;ALAS1;FOXP1;EVI2B;NRROS;LYAR,wald_stat,GO_Biological_Process_2023
Regulation Of Bone Mineralization (GO:0030500),0.7845109145807796,0.9542350870278464,0.7868131868131868,NBR1;BMPR1A;S1PR1;BCOR;RXRB;ANO6;ANKH,wald_stat,GO_Biological_Process_2023
Regulation Of Sprouting Angiogenesis (GO:1903670),-0.7842862333966567,0.976518949605088,0.7450628366247756,CEMIP2;JMJD8;PPP1R16B;EPN1,wald_stat,GO_Biological_Process_2023
DNA-templated DNA Replication Maintenance Of Fidelity (GO:0045005),-0.783317054184524,0.9769330112400083,0.8067375886524822,RTEL1;BOD1L1;ATR;EME2;CDK9;TIPIN;MMS22L;PCNA;SLFN11,wald_stat,GO_Biological_Process_2023
Negative Regulation Of Cytokine Production (GO:0001818),-0.7832369580370477,0.9758433499539118,0.9214743589743589,XCL1;ZC3H12A;ZFPM1;RAC1;ADCY7;CUEDC2;CUL3;LGALS9;BCL3;TRIB2;RNF125;N4BP1;ILRUN;HDAC9,wald_stat,GO_Biological_Process_2023
Inositol Phosphate Metabolic Process (GO:0043647),-0.7830418427564921,0.9749726579488542,0.7866419294990723,INPP5A,wald_stat,GO_Biological_Process_2023
Eye Development (GO:0001654),-0.7829902469319273,0.9738555966406969,0.7783882783882784,POLR2D;HIPK1;PBX4;HIPK2;RAB18,wald_stat,GO_Biological_Process_2023
Endoplasmic Reticulum Organization (GO:0007029),-0.7821092489713679,0.9741838329085364,0.8300884955752212,WDR83OS;BNIP1;GAK;VCPIP1;TMEM170A;GET4;STEEP1;TRAM2;RAB18;VAPA;CAMLG;TRAM1,wald_stat,GO_Biological_Process_2023
Peptidyl-Lysine Methylation (GO:0018022),0.7818743769072551,0.956812602045496,0.8008565310492506,EHMT1;VCPKMT;SMYD3;EHMT2;ATPSCKMT;METTL18;EEF1AKMT2;EEF2KMT,wald_stat,GO_Biological_Process_2023
Regulation Of Mitochondrial Membrane Permeability (GO:0046902),-0.7795299278869161,0.9772538735918889,0.7981481481481482,BAD;NAIF1;SLC25A5;BAK1;PPIF;MUL1,wald_stat,GO_Biological_Process_2023
Cell-Cell Junction Assembly (GO:0007043),-0.7794472900607827,0.9761705424836672,0.7989130434782609,RHOC;PKN2;PRKCA,wald_stat,GO_Biological_Process_2023
Postreplication Repair (GO:0006301),0.778619499751665,0.9602639800351906,0.7933333333333333,PARP10;UBE2B;FAAP20;VCP;POLI;RAD18;PRIMPOL,wald_stat,GO_Biological_Process_2023
Vesicle Fusion (GO:0006906),0.7781855470119173,0.9591826716598179,0.8855721393034826,VPS33A;CHMP5;PIKFYVE;SAMD9;CHMP1A;EEA1;BET1;VAMP2;VPS16;UVRAG;RAB8B;VTI1B;CHMP7;VIPAS39;STX7;STX4;STX6;GOSR1;PIP4K2B;GOSR2;YIPF4;CHMP6,wald_stat,GO_Biological_Process_2023
Ceramide Metabolic Process (GO:0006672),-0.7773512749116525,0.9784783001784261,0.8066202090592335,ST6GALNAC6;PPP2CA;CERS6;CERS2;NSMAF;SPTLC1,wald_stat,GO_Biological_Process_2023
Cellular Response To Amino Acid Starvation (GO:0034198),0.7769117964874955,0.9594067420440722,0.8228438228438228,RRAGA;EIF2S1;WDR59;KICS2;DEPDC5;SH3GLB1;FAS;RRAGB;MTOR;EIF2AK3;GCN1;MAPK8,wald_stat,GO_Biological_Process_2023
Epigenetic Regulation Of Gene Expression (GO:0040029),0.7744510822701062,0.9615237415340001,0.8995215311004785,TRIM27;BMI1;WBP2;HDAC5;MECP2;CREBZF;PHF19;ATF2;GLMN;DPY30;HDAC6;TASOR;ZNF335;RNF8;ASH2L;TP53;MPHOSPH8;USP21;TRIM37;IFI16;VPS72;SPHK2;N6AMT1;CTCF;MEN1;PRMT7,wald_stat,GO_Biological_Process_2023
Negative Regulation Of Canonical Wnt Signaling Pathway (GO:0090090),-0.7735206562782145,0.983428800294076,0.8414839797639123,MAD2L2;GSK3A;IGFBP4;AXIN1;TLE4;LATS1;SDHAF2;TLE5,wald_stat,GO_Biological_Process_2023
Secretory Granule Organization (GO:0033363),-0.7733637628570782,0.9824542394989929,0.783068783068783,AP3D1;AP1S1;HPS1;SRGN;AP1G1;AP3B1,wald_stat,GO_Biological_Process_2023
Skeletal System Morphogenesis (GO:0048705),0.7727844106500089,0.9623076709182241,0.7594654788418709,SPEF2;DYNC2I1;HOXC4;HOXA9,wald_stat,GO_Biological_Process_2023
Lysosomal Transport (GO:0007041),-0.7718943975646995,0.9835047927141652,0.9059561128526645,VPS53;IGF2R;CHMP4A;KIF13A;CHMP2B;BECN1;GAK;VPS39;VPS54;PINK1;DTX3L;CHMP2A;VPS4A;ATG14;LAMP1;DENND3;EHD3;TRAK1;CLN3;HMGXB4;EPG5;SORL1;AP1G1;M6PR,wald_stat,GO_Biological_Process_2023
Anterograde Trans-Synaptic Signaling (GO:0098916),-0.7711377158416505,0.9834434409620961,0.8214904679376083,SYPL1;DLG3;DHX8;GIPC1;UNC119;CACNB1;MINK1,wald_stat,GO_Biological_Process_2023
Organelle Fission (GO:0048285),0.7709902221515567,0.9632469941472103,0.8067632850241546,WASHC5;PEX19;MTFR1;SLC25A46;MFF,wald_stat,GO_Biological_Process_2023
DNA Replication Initiation (GO:0006270),-0.7706869015845992,0.9829357068220543,0.7709090909090909,MCM2;ORC4,wald_stat,GO_Biological_Process_2023
Purine Ribonucleotide Biosynthetic Process (GO:0009152),0.7706024412739338,0.9621062048777749,0.8433179723502304,ATP5PO;IMPDH2;NUDT2;SLC25A13;AK5;ADSL;ADSS2,wald_stat,GO_Biological_Process_2023
Positive Regulation Of Type I Interferon Production (GO:0032481),-0.7700103118323649,0.9828096534081943,0.8525963149078727,FLOT1;PQBP1;RIOK3;GAPDH;POLR3F;ISG15;IRAK1;OAS1;POLR3C;RIPK2;IRF1;DDX3X,wald_stat,GO_Biological_Process_2023
Regulation Of Intrinsic Apoptotic Signaling Pathway (GO:2001242),-0.769226736331643,0.982872610861799,0.8414414414414414,BBC3;NDUFA13;BECN1;PTPMT1;P4HB;URI1;NDUFS3;PINK1;BCLAF1;DDX3X;STYXL1;PPIF;BOK;BID;DDIT3;CYLD;FIS1;HERPUD1,wald_stat,GO_Biological_Process_2023
snRNA Processing (GO:0016180),0.7681816270820208,0.9638391713067631,0.7956043956043956,INTS14;INTS9;INTS2;INTS7,wald_stat,GO_Biological_Process_2023
Ubiquitin-Dependent ERAD Pathway (GO:0030433),-0.7672986777936869,0.9846534610450898,0.8773747841105354,FBXO44;MARCHF6;CALR;DERL1;UBE2G2;SEC61B;SEL1L;FAF2;TRIM25;RNF103;YOD1;BAG6;UBE2J1;HSPA5,wald_stat,GO_Biological_Process_2023
Amide Biosynthetic Process (GO:0043604),0.7663328527115651,0.9648594166564861,0.8206896551724138,SMPD1;PCSK5;GLS;SMPD4;GLUD1;PAM;SPTSSB,wald_stat,GO_Biological_Process_2023
Interferon-Mediated Signaling Pathway (GO:0140888),-0.7647810869102414,0.98728666277734,0.8479427549194991,IFNGR1;IFNLR1;IRAK1;TYK2;IRF1;IFITM1;IKBKE,wald_stat,GO_Biological_Process_2023
Vesicle Organization (GO:0016050),-0.7645851532124844,0.9863936393862482,0.9067103109656302,TRAPPC10;STX5;CHMP4A;LAMTOR1;TRAPPC2L;CHMP2B;TRAPPC5;S100A10;PI4K2A;VPS4A;SRGN;RAB22A;AP2M1;WASL;STX8;PLEKHJ1;SNX10;VAMP3;VPS11;PLEKHF2,wald_stat,GO_Biological_Process_2023
Phosphatidylethanolamine Metabolic Process (GO:0046337),-0.7641677785809127,0.9858310921529093,0.7850467289719626,PCYT2;CHKB;PLAAT2;SLC27A1;PLA2G6,wald_stat,GO_Biological_Process_2023
Myelination (GO:0042552),-0.7640944916939023,0.9847353129154606,0.7885304659498208,ARHGEF10;EIF2B5;HYCC1;SKI;SBF2;CXCR4;ACER3;B4GALT5;EIF2B2;NF1;MYRF,wald_stat,GO_Biological_Process_2023
Peptidyl-Lysine Modification (GO:0018205),-0.762232584587675,0.9863476263972194,0.8961474036850922,CBX4;SUMO3;ESCO1;ZMIZ1;NSMCE4A;ZNF451;SUMO1;TOPORS;HDAC9;EEF1AKMT1;SENP3;PIAS1;UBE2I;PLOD1;TRIM28;PARK7;STX1A;SMC5;SLF2;SAE1;KAT2B;UHRF2;RNF113A;EP300;USPL1,wald_stat,GO_Biological_Process_2023
Positive Regulation Of Cysteine-Type Endopeptidase Activity (GO:2001056),-0.7618542313606744,0.9857464509733304,0.8538587848932676,NDUFA13;CTSD;BAD;ASPH;TBC1D10A;NLRP2;RIPK2;DDX3X;HTRA2;BAK1,wald_stat,GO_Biological_Process_2023
Mitotic Cell Cycle Phase Transition (GO:0044772),-0.761848114374252,0.984560680885566,0.9037520391517129,CHMP4A;CUL3;TACC3;LATS1;DBF4;CUL5;UBE2S;PPP2R2D;CCDC57;CHMP2A;PLCB1;LATS2;CCNJL;WEE1;DNM2;E2F3;PHF8;CUL1;CDC34;ARPP19;FBXL15;CCNY;RCC1,wald_stat,GO_Biological_Process_2023
Regulation Of Cellular Senescence (GO:2000772),0.7610769834005578,0.9706572138516233,0.8577680525164114,NUAK1;AKT3;PTEN;NEK4;YBX1;TP53;RSL1D1,wald_stat,GO_Biological_Process_2023
Natural Killer Cell Mediated Cytotoxicity (GO:0042267),-0.7606076624756717,0.9852455388842679,0.7800369685767098,CEBPG;TUBB4B;NKG7;PLEKHM2;TUBB2A,wald_stat,GO_Biological_Process_2023
Histone H3 Acetylation (GO:0043966),0.7599464361784423,0.9706089921649071,0.8584686774941995,TAF7;USP22;SUPT20H;TRRAP;KAT2A;TAF12;TAF5;TADA2A;SUPT3H;TAF5L;TADA3;MAP3K7;TAF9,wald_stat,GO_Biological_Process_2023
Positive Regulation Of Receptor Signaling Pathway Via STAT (GO:1904894),-0.7579143512590383,0.9879007751318271,0.8186915887850468,TGFB1;NOTCH1;CCL5;TYK2,wald_stat,GO_Biological_Process_2023
Neutral Amino Acid Transport (GO:0015804),-0.7574140304426261,0.9875032922440367,0.8101761252446184,SLC7A5;SLC38A5;SLC3A2;SLC1A4;LLGL2;SLC38A2;SLC38A6;SLC38A1,wald_stat,GO_Biological_Process_2023
Negative Regulation Of Stress-Activated MAPK Cascade (GO:0032873),0.756846023700167,0.9730437536542584,0.8540305010893247,QARS1;ZMYND11;DUSP1;ITCH;TAOK3;DLG1;EZR,wald_stat,GO_Biological_Process_2023
Negative Regulation Of Amide Metabolic Process (GO:0034249),0.7561672864007003,0.9723032864854293,0.9148936170212766,TIA1;GZMB;TOB1;PATL2;CAPRIN1;EIF4ENIF1;DHX36;RTN4;EPRS1;RACK1;BIN1;SYNCRIP;YBX1;EIF2AK3;LSM14A;RIDA;DHFR,wald_stat,GO_Biological_Process_2023
Regulation Of Transcription Initiation By RNA Polymerase II (GO:0060260),0.7561625414939138,0.9705815058258208,0.9108433734939759,TAF7;MED31;TBP;GTF2A1;MED28;MDC1;DHX36;TAF12;TAF5;MED7;HEY2;PCID2;MED16,wald_stat,GO_Biological_Process_2023
Negative Regulation Of Cell Junction Assembly (GO:1901889),-0.7561149113688056,0.9881758038763677,0.8092691622103387,DUSP22;IKBKB;DMTN,wald_stat,GO_Biological_Process_2023
Regulation Of JNK Cascade (GO:0046328),-0.755851006180114,0.9873960728944668,0.8964346349745331,GADD45B;ZNF622;PER1;AXIN1;MAP3K10;GADD45G;TAOK2;PINK1;PLCB1;TRAF1;IGF1R;HIPK2;MBIP;MINK1,wald_stat,GO_Biological_Process_2023
Negative Regulation Of Macroautophagy (GO:0016242),-0.7545419802886085,0.9880153510489997,0.8102189781021898,QSOX1;TMEM39A;PINK1;USP36;TSC1;FEZ2,wald_stat,GO_Biological_Process_2023
Regulatory ncRNA Processing (GO:0070918),-0.7543019815951028,0.987164571387009,0.8014981273408239,TSN;AGO4;AGO2;SNIP1;TDRKH,wald_stat,GO_Biological_Process_2023
Positive Regulation Of Intracellular Protein Transport (GO:0090316),-0.7533753715539033,0.9873356741640062,0.9417637271214643,ZPR1;CD81;ZC3H12A;TGFB1;FBXW7;PIN1;BBC3;GSK3A;PIK3R1;ARIH2;ITGAM;YWHAE;CSNK2A2;BAG3;PINK1;B3GAT3;USP36;CEP131,wald_stat,GO_Biological_Process_2023
Steroid Biosynthetic Process (GO:0006694),-0.7532892205855142,0.986263901210164,0.8268156424581006,HSD17B10;OSBPL7;PRKAG2;PMVK;OSBPL9;CYP51A1;HMGCR,wald_stat,GO_Biological_Process_2023
Endothelial Cell Migration (GO:0043542),0.7531726633703084,0.9731275666733479,0.8073394495412844,S100A9;PIK3CA;CORO1B;STAT1;MEN1;TNFSF12;MYH9;NR4A1;LPXN;PXN,wald_stat,GO_Biological_Process_2023
Regulation Of Endocytosis (GO:0030100),0.753056027159873,0.9715956096497776,0.8634259259259259,PTPRC;SMPD1;SNX17;RUBCN;PTPN1;LETMD1;LRSAM1;RAB4B,wald_stat,GO_Biological_Process_2023
Positive Regulation Of Protein-Containing Complex Assembly (GO:0031334),-0.7527749521810585,0.9858327668893474,0.8769230769230769,LGALS3;TERF1;TGFB1;RHOC;PPP2CA;FNIP1;SUMO1;ISG15;ATR;DDX3X;WARS1;BAK1;STMP1;GNL3L;PARK7;SLF2;BID;GSK3B;LCP1;FNIP2;SPIDR;BAX;FAF1,wald_stat,GO_Biological_Process_2023
Histone H3-K4 Methylation (GO:0051568),-0.7524089522512022,0.9851517524243375,0.8139963167587477,BOD1L1;KMT2B;HCFC1,wald_stat,GO_Biological_Process_2023
Positive Regulation Of Chromosome Organization (GO:2001252),-0.7520118623839207,0.9845174732574298,0.8427787934186471,TERF1;RTEL1,wald_stat,GO_Biological_Process_2023
Regulation Of Neuron Death (GO:1901214),-0.7518435452487049,0.9835718158088411,0.8388791593695272,NSMF;EGR1;UBB;ITGAM;TYROBP;HTRA2;SORL1;PARK7;TSC1,wald_stat,GO_Biological_Process_2023
Glycoprotein Biosynthetic Process (GO:0009101),0.7508967851833244,0.9728253473985812,0.8853932584269663,GOLPH3;ST8SIA4;TNIP1;COG7;ST3GAL1;CHST12;FUT10;ALG3,wald_stat,GO_Biological_Process_2023
Calcium Ion Transport (GO:0006816),-0.7507913492534907,0.9839309840399114,0.8701067615658363,SELENOK;P2RX4;TRPM7;CCL5;PKD2;CRACR2A;CACNA2D4;SLC3A2;TRPM2;CACNB1;P2RX7;ORAI1,wald_stat,GO_Biological_Process_2023
Protein Targeting To Lysosome (GO:0006622),0.7506871055372993,0.9714130182957905,0.8283752860411899,GCC2;HSPA8;LAPTM5;PIK3R4;GNPTAB;PXK;GNPTG,wald_stat,GO_Biological_Process_2023
Regulation Of Exosomal Secretion (GO:1903541),-0.7505948759299501,0.9830544478406539,0.8183556405353728,STAM;CHMP2A;VPS4A;SNF8,wald_stat,GO_Biological_Process_2023
Regulation Of Multicellular Organismal Development (GO:2000026),0.7504093301400921,0.970069811932563,0.8942307692307693,UCHL5;INO80D;INO80B;EHMT1;RUVBL1;DHX36;KAT2A;BLTP1;TADA2A,wald_stat,GO_Biological_Process_2023
Cellular Response To Oxidative Stress (GO:0034599),0.7503024091373943,0.968509699594897,0.948780487804878,STX2;JUN;SETX;EIF2S1;HIF1A;ZFAND1;ARNT;PRDX2;NUDT2;PARP1;RAD52;KEAP1;PRR5L;PRDX3;ERCC6L2;PDK2;PEX14;SELENOS;ERMP1;TP53;ATM,wald_stat,GO_Biological_Process_2023
Mitochondrial RNA Metabolic Process (GO:0000959),-0.7492113170994545,0.983829909405322,0.8114602587800369,FASTKD5;FASTKD3;FASTKD2;TEFM;TFB2M;MTERF3;FOXO3;PNPT1;POLRMT,wald_stat,GO_Biological_Process_2023
Zinc Ion Transport (GO:0006829),0.7475155496519429,0.970493369002112,0.8105022831050228,SLC30A9;SLC39A6;SLC30A6;SLC39A11;SLC39A3;SLC39A10,wald_stat,GO_Biological_Process_2023
Monoubiquitinated Protein Deubiquitination (GO:0035520),-0.7474330144067526,0.9850806046115562,0.8660714285714286,TAF10;USP16;TADA2B;USP7;TAF4;TAF6L;SUPT7L;ATXN7;SF3B5;USP1;USP47,wald_stat,GO_Biological_Process_2023
Regulation Of Early Endosome To Late Endosome Transport (GO:2000641),0.7473584951513127,0.968993611132774,0.8378378378378378,MAP2K1;SNX3;PTPN23;EZR;DENND10;DAB2;MTMR2;MSN,wald_stat,GO_Biological_Process_2023
Negative Regulation Of Viral Genome Replication (GO:0045071),-0.7473014765101461,0.9840838955839264,0.8538461538461538,INPP5K;APOBEC3H;N4BP1;MORC2;ISG15;CCL5;OAS1;BST2;PLSCR1;EIF2AK2;MX1;IFITM1;SRPK2,wald_stat,GO_Biological_Process_2023
Monoatomic Anion Transport (GO:0006820),-0.7472314602808221,0.9829951023874318,0.8333333333333334,CLCN6;TSPO;LRRC8C;BEST1;CLIC3;VDAC1;ANO8,wald_stat,GO_Biological_Process_2023
Regulation Of Protein Localization To Plasma Membrane (GO:1903076),-0.7470064243175517,0.9821471946019906,0.8952879581151832,LGALS3;AKT1;TGFB1;RHOQ;STX3;PIK3R1;ARF6;VPS4A;CLN3;RANGRF;PTPN9;AP2M1;CIB1;STX8;RHOG,wald_stat,GO_Biological_Process_2023
Multivesicular Body Sorting Pathway (GO:0071985),-0.7460502573902074,0.9822819232689418,0.8171428571428572,CHMP4A;CHMP2B;CHMP2A;VPS4A;SNF8,wald_stat,GO_Biological_Process_2023
Sterol Metabolic Process (GO:0016125),-0.7457374605914816,0.9815594458014351,0.8620037807183365,STARD3;ABCA5;NSDHL;PRKAG2;PMVK;CYP51A1;HMGCR;CLN6;MSMO1,wald_stat,GO_Biological_Process_2023
Regulation Of T Cell Mediated Cytotoxicity (GO:0001914),-0.7439676140448376,0.9828039764521527,0.8367346938775511,XCL1;MICB;HLA-DRB1;RIPK3;HLA-F;HLA-B;HLA-E;IL12RB1;HLA-C,wald_stat,GO_Biological_Process_2023
Antigen Receptor-Mediated Signaling Pathway (GO:0050851),-0.7438507172241036,0.981802157030835,0.9251592356687898,PDE4D;ZC3H12A;GATA3;CD79B;EIF2B1;PTPRJ;CD3D;LAT2;PRKCB;IKBKB;RFTN1;CD38;SLA2;VAV3;HLA-DRB1,wald_stat,GO_Biological_Process_2023
Cellular Response To Hydrogen Peroxide (GO:0070301),-0.7437536870818671,0.9807792477195716,0.8449197860962567,FXN;OSER1;ZNF580;RIPK3;NFE2L2,wald_stat,GO_Biological_Process_2023
Cytoplasmic Translational Initiation (GO:0002183),-0.7432842645332058,0.9802357033620388,0.8628472222222222,EIF3B;EIF4A1;NCBP1;EIF5;EIF3J;EIF3I,wald_stat,GO_Biological_Process_2023
Phospholipid Dephosphorylation (GO:0046839),-0.7432298813783623,0.9791505537764165,0.8475499092558983,INPP5K;PMPCA;MTMR1;SYNJ1;MTMR3,wald_stat,GO_Biological_Process_2023
Long-Chain Fatty Acid Metabolic Process (GO:0001676),0.7430901570013598,0.9725046172077898,0.8690744920993227,ELOVL6;ACSL4;ACAD9;CPT1A;ABHD6;GPX4;ABCD3;SCP2;PNPLA8;GSTM2;SLC27A3;SLC27A4;ELOVL5,wald_stat,GO_Biological_Process_2023
Histone H4 Acetylation (GO:0043967),-0.7429020392289485,0.9784146865651835,0.8144876325088339,KANSL2;ING3;HCFC1;EPC1;MSL2,wald_stat,GO_Biological_Process_2023
Negative Regulation Of Viral Process (GO:0048525),-0.7422399148555208,0.9781668841423696,0.9048507462686567,APOBEC3H;HEXIM1;N4BP1;LARP7;ISG15;CCL5;OAS1;BST2;PLSCR1;UBP1;EIF2AK2;MX1;IFITM1;SRPK2,wald_stat,GO_Biological_Process_2023
Pyruvate Metabolic Process (GO:0006090),0.7421575945225913,0.9720091995991942,0.8506787330316742,PGAM1;ME2;PGM1;HK1;PKM;ENO2;ALDOC,wald_stat,GO_Biological_Process_2023
Melanosome Organization (GO:0032438),-0.7421201453925272,0.9771762772784013,0.8372093023255814,AP3D1;KIF13A;AP1S1;HPS1,wald_stat,GO_Biological_Process_2023
Regulation Of Interleukin-8 Production (GO:0032677),-0.7418888978612226,0.9763239876205085,0.8706293706293706,RAB1A;LGALS9;BCL3;LAMTOR5;CD244;ZNF580;ARRB1,wald_stat,GO_Biological_Process_2023
Positive Regulation Of Mitotic Cell Cycle Phase Transition (GO:1901992),-0.7402901472835244,0.9772935434434951,0.9,AKT1;ANAPC11;FBXO5;CUL3;BRD4;KMT2E;PLCB1;DDX3X;ADAMTS1;SASS6;ANAPC5,wald_stat,GO_Biological_Process_2023
Release Of Cytochrome C From Mitochondria (GO:0001836),-0.7401700492960497,0.9763074129023331,0.8439716312056738,BBC3;IFI6;BAK1;BOK;BID;BAX;FIS1,wald_stat,GO_Biological_Process_2023
Monoatomic Cation Homeostasis (GO:0055080),0.7389176890471381,0.9741812237192796,0.891647855530474,SLC12A6;SLC39A6;COX11;NEO1;CUTC;LETMD1;LETM2;CYBRD1,wald_stat,GO_Biological_Process_2023
Regulation Of Neuron Apoptotic Process (GO:0043523),-0.7383551140393627,0.9774810821674792,0.8719298245614036,ATF4;NSMF;EGR1,wald_stat,GO_Biological_Process_2023
snRNA Metabolic Process (GO:0016073),0.7376231740055716,0.9739802856564965,0.8426966292134831,INTS14;INTS9;INTS2;INTS7;SNAPC3,wald_stat,GO_Biological_Process_2023
Negative Regulation Of Intracellular Steroid Hormone Receptor Signaling Pathway (GO:0033144),-0.7374140513942943,0.9775604996187017,0.8388888888888889,CALR;PER1;CNOT1;CNOT2;PHB1;VPS11;SMARCA4;VPS18;NCOR1;NCOR2;ZBTB7A;CRY2,wald_stat,GO_Biological_Process_2023
Nucleobase-Containing Compound Catabolic Process (GO:0034655),0.7370795665135834,0.9729075404173833,0.8995327102803738,PPP1R8;ISG20;HNRNPD;EXOSC2;EXOSC3;EXOSC8;REXO4;RNASEH2A;DIS3;MTREX,wald_stat,GO_Biological_Process_2023
Membrane Lipid Biosynthetic Process (GO:0046467),0.7368834425264618,0.9714321652998811,0.8985849056603774,ELOVL6;HACD2;KDSR;PRKD3;PPM1L;PRKD2;SGPL1;SPTSSB;ST3GAL2;SPHK2;ORMDL1;ORMDL3;ORMDL2;SGPP1,wald_stat,GO_Biological_Process_2023
Mitotic G2/M Transition Checkpoint (GO:0044818),0.7365152010908946,0.9701816987917369,0.8984881209503239,CDK5RAP3;TRIM39;ZNF830;RAD17;TAOK1;TAOK3;MRE11;ATM;BLM;NAE1;RAD50;MRNIP;BARD1,wald_stat,GO_Biological_Process_2023
Negative Regulation Of Neuron Projection Development (GO:0010977),-0.7354146427786842,0.9789894615761809,0.8509433962264151,MYLIP;EPHA4;GAK;RTN4R;BAG5;PTPN9;CIB1,wald_stat,GO_Biological_Process_2023
Regulation Of Spindle Assembly (GO:0090169),0.7351426360045371,0.9701391116195911,0.8637413394919169,SENP6;CHMP5,wald_stat,GO_Biological_Process_2023
Platelet Dense Granule Organization (GO:0060155),-0.7348783081929675,0.9785461759151436,0.8140794223826715,AP3D1;AP1S1;HPS1,wald_stat,GO_Biological_Process_2023
Response To Reactive Oxygen Species (GO:0000302),-0.7346368198677325,0.9776712528715975,0.9106529209621993,AKT1;STK24;MAPK9;PRDX5;MPV17;PKD2;GSTP1,wald_stat,GO_Biological_Process_2023
Positive Regulation Of Cellular Response To Transforming Growth Factor Beta Stimulus (GO:1903846),-0.7334772079515104,0.9768550618011953,0.8422053231939164,SNW1;CREBBP;GIPC1;HIPK2;FLCN,wald_stat,GO_Biological_Process_2023
Positive Regulation Of Transforming Growth Factor Beta Receptor Signaling Pathway (GO:0030511),-0.7334772079515104,0.9768550618011953,0.8422053231939164,SNW1;CREBBP;GIPC1;HIPK2;FLCN,wald_stat,GO_Biological_Process_2023
Positive Regulation Of Synaptic Transmission (GO:0050806),0.7334714783910443,0.9704010663870561,0.8425720620842572,NPTN;VAMP2;RGS14;TSHZ3;STX4;SQSTM1;DTNBP1;PLK2;TNF;PRKCZ,wald_stat,GO_Biological_Process_2023
Peptidyl-Tyrosine Modification (GO:0018212),-0.7333055544977531,0.9759584715936561,0.8426573426573427,CLK1;TPST1;EPHA4;CLK4;LYN,wald_stat,GO_Biological_Process_2023
Ribosome Biogenesis (GO:0042254),-0.7331853081820278,0.9750058794420797,0.9545454545454546,DNTTIP2;KRR1;MRPL22;BYSL;UTP3;EXOSC10;NGDN;ZNF622;POP4;LTV1;MRTO4;WDR36;SBDS;RSL24D1;METTL17;PNO1;GTPBP4;SNU13;DDX54,wald_stat,GO_Biological_Process_2023
Carboxylic Acid Transmembrane Transport (GO:1905039),-0.7313986597615784,0.9760359721110711,0.8548387096774194,SLC7A5;SLC23A2;SLC27A1;SLC5A6;SLC16A1;SLC38A10;SLC38A2;SLC38A6;SLC38A1,wald_stat,GO_Biological_Process_2023
Ceramide Biosynthetic Process (GO:0046513),-0.7307689205384875,0.9756249942014962,0.8642201834862385,ST6GALNAC6;B4GALT4;CERS6;CERS2;SPTLC1,wald_stat,GO_Biological_Process_2023
Plasma Membrane Repair (GO:0001778),-0.7294351451895175,0.9761058832363511,0.827027027027027,CHMP4A;CHMP2B;CHMP2A;VPS4A,wald_stat,GO_Biological_Process_2023
DNA Geometric Change (GO:0032392),-0.7292642558791681,0.9751839840565522,0.8578856152512998,RTEL1;SUPV3L1;DDX1,wald_stat,GO_Biological_Process_2023
L-alpha-amino Acid Transmembrane Transport (GO:1902475),-0.7285326659542276,0.9749233409357768,0.8687050359712231,SLC25A38;SLC7A5;SLC38A5;SLC3A2;CLN3,wald_stat,GO_Biological_Process_2023
Acylglycerol Metabolic Process (GO:0006639),-0.7283479069483128,0.9740349404222555,0.8404907975460123,DGKQ;APOBR;SEL1L;GK5;DGKZ;DGKA;LCP1,wald_stat,GO_Biological_Process_2023
Regulation Of Autophagosome Assembly (GO:2000785),-0.7282083451171247,0.9730861669878209,0.8669001751313485,PIP4K2A;TMEM39A;WIPI1;MOAP1;PINK1;PIP4K2C;FEZ2;MTMR3;RAB3GAP1;RAB5A,wald_stat,GO_Biological_Process_2023
Positive Regulation Of Proteolysis Involved In Protein Catabolic Process (GO:1903052),-0.7267387869804266,0.9737038610376966,0.8169811320754717,FBXW7;OSBPL7;AXIN1;SMURF1;PSMC2;PSMC3,wald_stat,GO_Biological_Process_2023
Plasma Membrane Organization (GO:0007009),0.7265952535319633,0.9766768148254639,0.9049881235154394,SMPD1;STX2;CHMP5;SNX18;CHMP1A;BIN2;BIN1;ARV1;WHAMM;CHMP7;ANO6;STX4;SERP1;VPS4B;UGCG;CHMP6,wald_stat,GO_Biological_Process_2023
ATP Biosynthetic Process (GO:0006754),-0.7258769569718071,0.9736185101620985,0.8943396226415095,ATP5MC1;TGFB1;ATP5ME;PRKAG2;VPS9D1,wald_stat,GO_Biological_Process_2023
Negative Regulation Of I-kappaB kinase/NF-kappaB Signaling (GO:0043124),0.7257407346801638,0.9759668190168844,0.8834498834498834,TNIP1;TRIM39;CARD8;ZMYND11;RIPK1;PPM1B;RHOH;TLE1;RORA;PPM1A,wald_stat,GO_Biological_Process_2023
Regulation Of DNA Biosynthetic Process (GO:2000278),0.7253840037261726,0.9747016790656057,0.859538784067086,PARP4;JADE1;PRKD2;ATM;HMBOX1,wald_stat,GO_Biological_Process_2023
Regulation Of Chemokine Production (GO:0032642),-0.7251341090781285,0.9733886416013134,0.8333333333333334,EGR1;LGALS9;IL18;EIF2AK2;HMOX1;LCP1,wald_stat,GO_Biological_Process_2023
Positive Regulation Of Multicellular Organismal Process (GO:0051240),-0.723731833434848,0.9738450006078804,0.9802431610942249,INPP5K;PPIB;GNAS;TGFB1;FLOT1;NCOA1;GLIPR2;BAD;BCL7B;BCL7C;PRKCA;IL4R;GAPDH;TNFRSF11A;AGO2;SAP30L;GADD45G;CFL1;LPIN1;BRD9;PLCB1;ABCA7;IL18;BICRA;FABP5;OGT;ARID1A;IGF1R;SLC27A1;CACNB1;EIF2AK2;PER2;SNAI1;TXK;BRMS1;AGPAT2;SORL1;CRTAM,wald_stat,GO_Biological_Process_2023
Sensory Perception Of Sound (GO:0007605),0.7225338795499419,0.976113651332858,0.8527472527472527,RIPOR2;SOD1;ZNF354A;SERPINB6;NIPBL;TIMM13;TIMM10,wald_stat,GO_Biological_Process_2023
Phosphatidic Acid Biosynthetic Process (GO:0006654),-0.7222391814874257,0.9744256136546585,0.8797814207650273,DGKQ;ABHD5;SLC27A1;AGPAT5;AGPAT2;DGKZ;DGKA,wald_stat,GO_Biological_Process_2023
ERAD Pathway (GO:0036503),-0.7220474330135458,0.973553180166225,0.941696113074205,FBXO44;MARCHF6;CALR;DERL1;UBE2G2;SEC61B;SEL1L;GET4;FAF2;TRIM25;RNF103;YOD1;BAG6;UBE2J1;HSPA5,wald_stat,GO_Biological_Process_2023
Neurogenesis (GO:0022008),-0.7216914025786765,0.972835114608119,0.8579040852575488,RYK;BTBD6;BTBD2;TRAK1;METTL3,wald_stat,GO_Biological_Process_2023
Cellular Response To Insulin Stimulus (GO:0032869),-0.7209196481299184,0.972603867292088,0.934453781512605,INPP5K;AKT1;IRS2;RHOQ;GSK3A;PIK3R1;HDAC9;LPIN1;INSIG1;USF1;SHC1;IGF1R;SLC27A1;MYO5A;PTPN2;GRB2;GSK3B;ZDHHC7;KAT2B;FOXO4;CAPN10,wald_stat,GO_Biological_Process_2023
Axon Development (GO:0061564),-0.7208264932688622,0.9715974768539588,0.8790613718411552,ZPR1;RYK,wald_stat,GO_Biological_Process_2023
Positive Regulation Of Neuron Death (GO:1901216),0.7200451605266173,0.9772030317083364,0.8729792147806005,DAXX;IFNG,wald_stat,GO_Biological_Process_2023
Regulation Of Actin Polymerization Or Depolymerization (GO:0008064),-0.7198442116818891,0.9715591784097899,0.8589511754068716,PLEKHG2;LATS1;PFN1;COTL1,wald_stat,GO_Biological_Process_2023
Mitochondrial Translation (GO:0032543),0.7194685739936727,0.9761702136418895,0.9756756756756757,MRPS7;DAP3;MRPL49;MRPS33;MRPL3;MRPL34;RARS2;MRPS18C;MRPL41;MRPL20;MTIF3;MRPL18;MRPS34;IARS2;MRPS18B;DROSHA;MRPL17;MRPS14;MRPL36;MRPL27;MRPL53,wald_stat,GO_Biological_Process_2023
Potassium Ion Transport (GO:0006813),-0.7186455772194977,0.9718397768829337,0.8181818181818182,SLC9A1;PKD2;TMEM175;SLC9A3;ATP1B3;SLC9A9;SLC12A7,wald_stat,GO_Biological_Process_2023
Regulation Of Mitochondrion Organization (GO:0010821),-0.7177499827531268,0.9717586736428006,0.9135802469135802,FBXW7;MARCHF5;GSK3A;CSNK2A2;SREBF1;PINK1;USP36;HTRA2;VDAC1;FLCN;PARL;MUL1;GSK3B;EP300,wald_stat,GO_Biological_Process_2023
"Regulation Of DNA Damage Response, Signal Transduction By P53 Class Mediator (GO:0043516)",-0.7172525840658336,0.971241410672897,0.8658088235294118,KMT5A;COPS3;ATR;SOX4;SNAI1,wald_stat,GO_Biological_Process_2023
Regulation Of Histone Deacetylation (GO:0031063),-0.7159759529114893,0.9715037021450481,0.852112676056338,CTBP1;YEATS2;SUV39H1;MBIP,wald_stat,GO_Biological_Process_2023
Positive Regulation Of Production Of Molecular Mediator Of Immune Response (GO:0002702),-0.713517724465507,0.9731057051781631,0.8676470588235294,XCL1;POLR2D;SLC7A5,wald_stat,GO_Biological_Process_2023
Epidermal Cell Differentiation (GO:0009913),0.7132809392553826,0.9809380846222338,0.8501170960187353,HDAC1;PIP5K1A,wald_stat,GO_Biological_Process_2023
Mitochondrial Calcium Ion Homeostasis (GO:0051560),-0.712809646177237,0.9727477719761306,0.8623063683304647,MCUB;PDZD8;ANXA6;MICU3;MAIP1,wald_stat,GO_Biological_Process_2023
Regulation Of Signal Transduction By P53 Class Mediator (GO:1901796),-0.7124218166705345,0.97206808932995,0.8888888888888888,HAPSTR1;HEXIM1;KMT5A;USP7,wald_stat,GO_Biological_Process_2023
Negative Regulation Of JNK Cascade (GO:0046329),0.7117496265732288,0.9807284971944698,0.8908296943231441,DUSP16;HIPK3;ZMYND11;ITCH;TAOK3,wald_stat,GO_Biological_Process_2023
Branched-Chain Amino Acid Catabolic Process (GO:0009083),0.7116300895668924,0.9791684330133265,0.8856502242152466,DBT;ACAT1;HIBADH;BCKDHB;HIBCH;ALDH6A1;BCKDK;SLC25A44,wald_stat,GO_Biological_Process_2023
Chaperone Cofactor-Dependent Protein Refolding (GO:0051085),0.71153187632805,0.9776025836883169,0.8676789587852495,ST13;PTGES3;HSPA8;SDF2,wald_stat,GO_Biological_Process_2023
Negative Regulation Of Myeloid Cell Differentiation (GO:0045638),0.7104960446641726,0.9769871977032921,0.8522727272727273,ZFP36L1;CTR9;HOXA9;LEO1,wald_stat,GO_Biological_Process_2023
Peptidyl-Threonine Dephosphorylation (GO:0035970),-0.7097109713267916,0.9737781387226859,0.8472727272727273,PPP2CA;PPP2CB;PGAM5;PPM1D;PPM1N;DUSP5,wald_stat,GO_Biological_Process_2023
Carboxylic Acid Transport (GO:0046942),-0.7084274252538295,0.973958604547533,0.8785578747628083,SLC7A5;SLC38A5;SLC3A2;SLC16A6;SLC1A4;SLC16A1,wald_stat,GO_Biological_Process_2023
Regulation Of JUN Kinase Activity (GO:0043506),-0.7058383316377156,0.9755817659665008,0.8796610169491526,ERN1;MAP2K7;TNFRSF11A;MAP3K10;GSTP1,wald_stat,GO_Biological_Process_2023
Negative Regulation Of Endocytosis (GO:0045806),-0.7055054347605253,0.9748152309936929,0.8504672897196262,LGALS3;RAC1;ARF6;UNC119;PLSCR1,wald_stat,GO_Biological_Process_2023
Regulation Of Activated T Cell Proliferation (GO:0046006),-0.7047286342253807,0.9744800282360117,0.8630849220103987,LGALS9;RIPK3;IL18;RC3H1;CRTAM;TNFSF9;IL12RB1;TMIGD2,wald_stat,GO_Biological_Process_2023
Regulation Of Receptor Signaling Pathway Via JAK-STAT (GO:0046425),-0.7028309561963609,0.975313734267223,0.9145907473309609,NOTCH1;BCL3;CALM1;SOCS1;CCL5;TYK2;DOT1L;PTPN2;GPI;JAK3;EP300;SH2B3;TP53INP2,wald_stat,GO_Biological_Process_2023
Regulation Of Tyrosine Phosphorylation Of STAT Protein (GO:0042509),0.7024074119924986,0.9830229670278382,0.9102296450939458,CNOT7;IFNG,wald_stat,GO_Biological_Process_2023
Presynaptic Endocytosis (GO:0140238),-0.7016726586830813,0.9753816933725432,0.8692307692307693,OPHN1;AP2M1;SYNJ1;STX1A;DNM2;SYT5;FCHO2;AP2S1;CANX;PIP5K1C,wald_stat,GO_Biological_Process_2023
Monocarboxylic Acid Metabolic Process (GO:0032787),-0.7013107315699431,0.9746491225840669,0.9451827242524917,FASN;HSD17B10;ME3;PANK2;LDHA;ACAA1;MGAT4A;TSPO;ACBD4;ACSL3;PER2;VDAC1;MECR;DSE;PCCA,wald_stat,GO_Biological_Process_2023
Receptor Internalization (GO:0031623),0.6995367276733387,0.9840686278400959,0.9200913242009132,CXCR2;RALA;CLTC;SNX1;ITCH;CXCR1;RALB;HGS;LDLRAP1;LMBRD1;PICALM,wald_stat,GO_Biological_Process_2023
Plasma Membrane Bounded Cell Projection Morphogenesis (GO:0120039),0.6975388291578623,0.9841169220875864,0.9119638826185101,NCKAP1L;TNIK;SNX1;TAOK3;ZNF335;MAP1S,wald_stat,GO_Biological_Process_2023
Positive Regulation Of Transcription Initiation By RNA Polymerase II (GO:0060261),-0.696420413983833,0.9782069902076588,0.9226804123711341,MED10;TAF11;TAF10;MED30;TAF4;MED4;MED19,wald_stat,GO_Biological_Process_2023
Positive Regulation Of Extrinsic Apoptotic Signaling Pathway (GO:2001238),0.6963456658708296,0.9834900035639583,0.9006928406466512,PAK2;RIPK1;LTB;FADD,wald_stat,GO_Biological_Process_2023
Negative Regulation Of Cell-Matrix Adhesion (GO:0001953),0.6954376541651931,0.9826457779395811,0.8840262582056893,CDKN2A;DYNLL1;RASA1;PTEN;PHLDB2;RCC2;BCAS3;CLASP2;THBS1,wald_stat,GO_Biological_Process_2023
Regulation Of Mitotic Spindle Assembly (GO:1901673),-0.6937445694852191,0.9796871172937754,0.8738738738738738,CHMP4A;CHMP2B,wald_stat,GO_Biological_Process_2023
Purine Ribonucleoside Triphosphate Metabolic Process (GO:0009205),0.6928033836182519,0.9833408382338504,0.888646288209607,RAN;GIMAP7;MFN1;HSPA8,wald_stat,GO_Biological_Process_2023
Defense Response To Bacterium (GO:0042742),0.6917425617235353,0.9825137486513371,0.9707317073170731,PPP1R11;S100A8;S100A9;GSDMD;GBP4;GBP3,wald_stat,GO_Biological_Process_2023
Pattern Recognition Receptor Signaling Pathway (GO:0002221),-0.6905272512369846,0.9815174746222081,0.910472972972973,MAPKAPK2;CTSS;IRAK1;TRIM25,wald_stat,GO_Biological_Process_2023
Positive Regulation Of Interferon-Alpha Production (GO:0032727),0.6877504425534695,0.9842187448145904,0.8901345291479821,DHX36;IRF3;RIGI,wald_stat,GO_Biological_Process_2023
Neural Tube Closure (GO:0001843),-0.6866704581259934,0.98388507434808,0.888268156424581,TGFB1;DEAF1,wald_stat,GO_Biological_Process_2023
Secondary Alcohol Metabolic Process (GO:1902652),-0.6863682736767138,0.9830450496538147,0.903954802259887,STARD3;ABCA5;NSDHL;IDH2;IDH3G;IDH3B,wald_stat,GO_Biological_Process_2023
Phospholipid Biosynthetic Process (GO:0008654),-0.6862734820685912,0.982039982405322,0.9128919860627178,PCYT2;FADS1;IDI1;CLN3;VAPA;AGPAT5,wald_stat,GO_Biological_Process_2023
Negative Regulation Of Secretion By Cell (GO:1903531),-0.6859140397313445,0.9812709925585067,0.8725314183123878,NOTCH1;PNKD;DPH3;CYP51A1;HMGCR;VAMP3,wald_stat,GO_Biological_Process_2023
Positive Regulation Of NIK/NF-kappaB Signaling (GO:1901224),-0.6855881918195637,0.980470159371428,0.9064748201438849,LGALS9;IRAK1;DDX3X;EIF2AK2;PHB1;TRIM44;IFI35;NFAT5;EP300;PDCD4,wald_stat,GO_Biological_Process_2023
Organonitrogen Compound Catabolic Process (GO:1901565),0.6854349061078863,0.9845294005029646,0.9583333333333334,LNPEP;RIPK1;GNPDA2;SLC16A3;TRIM24;ETFA;GGACT;LRSAM1;MTOR;SGPL1;RIDA;RNF5;CPQ;SQSTM1;BCKDK;ERAP2;PNPLA8;LIPC;NPEPPS;LTA4H,wald_stat,GO_Biological_Process_2023
Regulation Of Cell Death (GO:0010941),-0.685106194001363,0.9797819855925484,0.9283216783216783,CHMP4A;CHMP2B;CHMP2A;VPS4A;TXNDC12;TMEM109;PHB1;PARK7;TSC1;HSPA1B;TBK1;HBB,wald_stat,GO_Biological_Process_2023
Regulation Of Viral Transcription (GO:0046782),0.6844452958295663,0.9836951403196776,0.8859649122807017,TRIM27;TARBP2,wald_stat,GO_Biological_Process_2023
Regulation Of Secretion By Cell (GO:1903530),0.684203658106784,0.9822383618735927,0.9170506912442397,RALA;RHBDF2;SEPTIN2;ARFIP1;VAMP2;RAB8B,wald_stat,GO_Biological_Process_2023
Regulation Of Neuron Differentiation (GO:0045664),-0.684110280776681,0.9795361185947465,0.91651865008881,CALR;ID2;CDK5RAP1;MOSMO;TCF3;MMD;NREP;MED1;CASZ1;FGFR1,wald_stat,GO_Biological_Process_2023
Signal Transduction By P53 Class Mediator (GO:0072331),0.683252993296191,0.9813936397904187,0.9154929577464789,DDX5;MYO6;ATRX;PDK2;TP53;BATF;HINT1;IFI16,wald_stat,GO_Biological_Process_2023
Positive Regulation Of Release Of Cytochrome C From Mitochondria (GO:0090200),-0.6797470617141315,0.9820813453188455,0.8665447897623401,BBC3;MOAP1;PINK1;BAK1;PPIF;PDCD5;BID;BAX,wald_stat,GO_Biological_Process_2023
Translesion Synthesis (GO:0019985),-0.6797085336486604,0.9810390431774868,0.8863232682060391,MAD2L2;ZBTB1,wald_stat,GO_Biological_Process_2023
Histone Deubiquitination (GO:0016578),-0.6775918295939577,0.9817414563926097,0.9345132743362832,TAF10;TADA2B;TAF4;TAF6L;USP3;UIMC1;MPND;SUPT7L;ATXN7;SF3B5,wald_stat,GO_Biological_Process_2023
DNA Modification (GO:0006304),0.6773788522578249,0.9844812565038241,0.9049773755656109,PARP1;EXOSC5;MPG;PARP3;OGG1;NTHL1;EXOSC4;MUTYH;MBD4;PARP2;TDG;NEIL2;SMUG1;NEIL1;EXOSC6;UNG,wald_stat,GO_Biological_Process_2023
Negative Regulation Of Fibroblast Proliferation (GO:0048147),-0.6760024198087384,0.9819299402057203,0.8764478764478765,FTH1,wald_stat,GO_Biological_Process_2023
Negative Regulation Of Plasma Membrane Bounded Cell Projection Assembly (GO:0120033),0.6754742061546838,0.9843072114121587,0.8812095032397408,GDI2;ODF2L;TCHP;TBC1D7,wald_stat,GO_Biological_Process_2023
Peptidyl-Tyrosine Dephosphorylation (GO:0035335),-0.6722492434533908,0.9838130265086515,0.8941798941798942,DUSP22;PTPRJ;DUSP6;PTPN9;PTPN2;DUSP5,wald_stat,GO_Biological_Process_2023
Replication Fork Processing (GO:0031297),-0.6718876455871459,0.9830198514119509,0.927536231884058,RTEL1;BOD1L1;CARM1;ATR;EME2;CDK9;MMS22L;PCNA,wald_stat,GO_Biological_Process_2023
Cytoskeleton-Dependent Cytokinesis (GO:0061640),-0.6699425119978265,0.9834044273621532,0.9686956521739131,CHMP4A;RHOC;DCTN3;SEPTIN1;SEPTIN9;CFL1;VPS4A;UNC119;JTB;EXOC6B;SNX9;STMN1;TTC19,wald_stat,GO_Biological_Process_2023
Triglyceride Metabolic Process (GO:0006641),-0.667180688856664,0.9843509425753779,0.9330922242314648,LPGAT1;APOBR;SEL1L;LPIN1,wald_stat,GO_Biological_Process_2023
Negative Regulation Of Immune System Process (GO:0002683),0.6663221996399088,0.9891677605837104,0.920814479638009,LRRC14;FCGR2B;TSC22D3,wald_stat,GO_Biological_Process_2023
Lipid Biosynthetic Process (GO:0008610),-0.6656668486723244,0.9843310340055725,0.9468267581475128,FASN;PCYT2;PDSS1;FADS1;MVD;SREBF1;AGPAT5;HSD17B8;CYP51A1;HMGCR;PRKAA1;CBR4;LCP1,wald_stat,GO_Biological_Process_2023
Regulation Of Monoatomic Ion Transmembrane Transporter Activity (GO:0032412),-0.6651270943385741,0.9836400435728382,0.9116022099447514,YWHAE;FXYD7;STK39;RANGRF;MINK1;PPIF;WWP2;PTK2B,wald_stat,GO_Biological_Process_2023
Endoplasmic Reticulum Calcium Ion Homeostasis (GO:0032469),0.6607758275979454,0.99125474359709,0.9363207547169812,THADA;PSEN1;CCDC47,wald_stat,GO_Biological_Process_2023
Regulation Of Cilium Assembly (GO:1902017),0.658455940305849,0.9911257051773142,0.9796954314720813,CEP120;ATG5;GDI2;ODF2L;RABEP2;WDPCP;TCHP;TBC1D7;IFT88;CDKL1;TBC1D10C;TBC1D10B;TBC1D22B;TBC1D1;CDK10,wald_stat,GO_Biological_Process_2023
Epithelial To Mesenchymal Transition (GO:0001837),0.6576087215446592,0.9900630463334766,0.9477434679334917,DDX17;DDX5;HIF1A;TASOR;EOMES;HEY2;CTNNB1;ROCK2,wald_stat,GO_Biological_Process_2023
Cell Morphogenesis Involved In Neuron Differentiation (GO:0048667),-0.6543573750118423,0.9899897163938762,0.9318181818181818,RYK;CDHR1;TAOK2;OPHN1;TBCD;MINK1,wald_stat,GO_Biological_Process_2023
Negative Regulation Of Intrinsic Apoptotic Signaling Pathway In Response To DNA Damage (GO:1902230),-0.6538852601083538,0.9892348649976398,0.9078260869565218,CDKN2D;TRIAP1,wald_stat,GO_Biological_Process_2023
Hexose Metabolic Process (GO:0019318),0.652260528766845,0.9918105981113757,0.9447115384615384,PGM1;HK1;GAA;KHSRP;HECTD4;OMA1;ALDOC,wald_stat,GO_Biological_Process_2023
Lipid Droplet Organization (GO:0034389),0.6480618846548893,0.9926963443949677,0.9290322580645162,PNPLA2;BSCL2;SFI1;CIDEB;PLIN2;RNF213;PPID;PPIA;KAT5,wald_stat,GO_Biological_Process_2023
Chemical Synaptic Transmission (GO:0007268),-0.6472158146644212,0.9924520810105306,0.9654576856649395,SYPL1;TSPOAP1;DLG3;DHX8;SEPTIN9;NAPA;GIPC1;UNC119;CACNB1;MINK1;KIF1B;SLC1A4,wald_stat,GO_Biological_Process_2023
Mitotic G2 DNA Damage Checkpoint Signaling (GO:0007095),0.6426006953424878,0.9943560296088257,0.9416666666666667,CDK5RAP3;TRIM39;TAOK1;TAOK3;MRE11;ATM;BLM,wald_stat,GO_Biological_Process_2023
Positive Regulation Of Exocytosis (GO:0045921),-0.6414918018203764,0.9948872892536752,0.9343971631205674,STAM;S100A10;CHMP2A;VPS4A;SNF8,wald_stat,GO_Biological_Process_2023
Neuron Projection Morphogenesis (GO:0048812),0.6408610592447942,0.9936180646804251,0.9784172661870504,NCKAP1L;TNIK;RAB10;DIP2A;DOCK10;ATL1;TMEM106B;PTEN;TAOK3;ZNF335;MAP1S;MEF2A,wald_stat,GO_Biological_Process_2023
Mitochondrial Gene Expression (GO:0140053),-0.6398225007566463,0.9948481727773982,0.9933993399339934,MRPL54;MRPL22;MRPL44;MRPS11;MRPL38;FASTKD5;MRPL55;MRPS24;FASTKD3;MRPL33;MRPS22;MRPS21;MRPL9,wald_stat,GO_Biological_Process_2023
Regulation Of Mitochondrial Translation (GO:0070129),-0.6392524561577428,0.9941094789461163,0.9443447037701975,TSFM;FASTKD3;LRPPRC;FASTKD2;METTL8;MTG1,wald_stat,GO_Biological_Process_2023
Purine Ribonucleotide Catabolic Process (GO:0009154),0.6378690514826231,0.9936218230019488,0.9285714285714286,SUCLG2;NUDT18;NUDT3;HINT1;MLYCD,wald_stat,GO_Biological_Process_2023
Regulation Of Protein Localization To Cell Surface (GO:2000008),0.637651396817692,0.9921326399813475,0.955607476635514,TM9SF4;KCNAB2;LEPROT;CTNNB1;STX4;TOR1A;PICALM;COMMD1;GOPC;TNF,wald_stat,GO_Biological_Process_2023
Inorganic Anion Transport (GO:0015698),0.6335609613604201,0.992657368585443,0.9241379310344827,SLC26A2;SLC26A11;NMUR1;ANO6;PACC1;ANO10,wald_stat,GO_Biological_Process_2023
Extrinsic Apoptotic Signaling Pathway Via Death Domain Receptors (GO:0008625),-0.6319873391412919,0.9971670931396055,0.9480286738351255,DIABLO;MOAP1;DEDD2;ZDHHC3;DDX3X,wald_stat,GO_Biological_Process_2023
Negative Regulation Of Tumor Necrosis Factor Superfamily Cytokine Production (GO:1903556),-0.6311049017576543,0.9955414132224145,0.9471830985915493,ZC3H12A;LGALS9;ILRUN;GSTP1;NLRC3;NFKBIL1,wald_stat,GO_Biological_Process_2023
Negative Regulation Of Tumor Necrosis Factor Production (GO:0032720),-0.6311049017576543,0.9955414132224145,0.9471830985915493,ZC3H12A;LGALS9;ILRUN;GSTP1;NLRC3;NFKBIL1,wald_stat,GO_Biological_Process_2023
T Cell Receptor Signaling Pathway (GO:0050852),-0.6259476355858098,0.9972022230223502,0.9916805324459235,PDE4D;ZC3H12A;GATA3;EIF2B1;PTPRJ;CD3D;IKBKB;RFTN1;HLA-DRB1;RIPK2;NFKBIZ;TXK;RC3H1;STOML2;PDE4B,wald_stat,GO_Biological_Process_2023
Positive Regulation Of Cytokine Production Involved In Immune Response (GO:0002720),-0.6253825300092448,0.996408573693301,0.9501779359430605,XCL1;SLC7A5,wald_stat,GO_Biological_Process_2023
Connective Tissue Development (GO:0061448),-0.6242477620354961,0.995950122844583,0.9252873563218391,PGRMC2;SLC39A13;VPS13B;ZBTB16;SPTLC2;ZNF516;CREB3L2,wald_stat,GO_Biological_Process_2023
Protein Targeting To Vacuole (GO:0006623),-0.623660981393364,0.9951460112238681,0.9600694444444444,VPS37B;BECN1;VPS4A;ATG14;SMURF1;SORL1;M6PR,wald_stat,GO_Biological_Process_2023
Substrate Adhesion-Dependent Cell Spreading (GO:0034446),-0.6212509432991564,0.9952632669436315,0.9344894026974951,RAC1;PIK3R1,wald_stat,GO_Biological_Process_2023
Positive Regulation Of Cilium Assembly (GO:0045724),-0.6199701837903026,0.9948018966944455,0.936247723132969,PPP1R35;SEPTIN9;HTT;WRAP73;GSK3B;ENTR1;MARK4;KCTD17;CCP110,wald_stat,GO_Biological_Process_2023
Mesenchymal Cell Differentiation (GO:0048762),-0.6193799715343081,0.9940341229943133,0.9662731871838112,TGFB1;NOTCH1;S100A4;HNRNPAB;SNAI1;TRIM28;RBPJ;FGFR1;GSK3B,wald_stat,GO_Biological_Process_2023
Establishment Or Maintenance Of Epithelial Cell Apical/Basal Polarity (GO:0045197),0.6190636831427506,0.9978278111425652,0.972027972027972,ERBIN;LIN7B;PATJ;PALS1;DLG1;EZR;MYO9A;PDCD6IP;PARD6A;PDZD11;PRKCZ;MSN;WDR1,wald_stat,GO_Biological_Process_2023
Positive Regulation Of Autophagy (GO:0010508),-0.616958762492912,0.9941129667929853,0.9914529914529915,ZC3H12A;ULK1;BAD;GSK3A;BECN1;SESN3;OPTN;TFEB;CDK16;PINK1;TRIM58;RB1CC1;FLCN;PARK7;HTT;PRKAA1;TRIM21;PIK3CB;GNAI3;TBK1;GSK3B;FOXO3;TP53INP1;CCNY,wald_stat,GO_Biological_Process_2023
Chloride Transport (GO:0006821),0.6167661999126061,0.9971975064009746,0.95,SLC1A7;SLC12A6;CLCN3;NMUR1;ANO6;APOL1;PACC1,wald_stat,GO_Biological_Process_2023
Ribosome Assembly (GO:0042255),-0.616299977541835,0.9933609982040063,0.9611307420494699,MRPL22;MRPS11;SBDS;PPAN;DDX3X;DHX29;RRS1;MTERF3,wald_stat,GO_Biological_Process_2023
Steroid Metabolic Process (GO:0008202),-0.6137976557795704,0.9934504553944915,0.9572192513368984,HSD17B10;STARD3;ACAA1;TSPO,wald_stat,GO_Biological_Process_2023
Entrainment Of Circadian Clock By Photoperiod (GO:0043153),-0.6131460275948989,0.9926449372961972,0.956140350877193,ID2;PER1;PDE6B;MTA1;PER2,wald_stat,GO_Biological_Process_2023
Histone Lysine Methylation (GO:0034968),-0.6130160337628352,0.9916536604293144,0.9733096085409253,BOD1L1;KMT2B;HCFC1;SUV39H1;KDM6A;KMT2C;DOT1L,wald_stat,GO_Biological_Process_2023
Negative Regulation Of G2/M Transition Of Mitotic Cell Cycle (GO:0010972),-0.6086457433689805,0.9924168171882045,0.9656488549618321,AVEN;VPS4A;CHFR;UIMC1;USP47;BABAM2;NABP1,wald_stat,GO_Biological_Process_2023
Regulation Of Histone Modification (GO:0031056),0.6071905338002811,0.9996202731304576,0.9629629629629629,HPF1;KAT2A;TADA2A;TADA3;NFYC;ZZZ3,wald_stat,GO_Biological_Process_2023
Nucleic Acid Metabolic Process (GO:0090304),-0.6055123226132211,0.9926794934804776,0.9665492957746479,KPNA2;DDX1;DDX54;XRN2;TOPBP1;NT5E;PDE12,wald_stat,GO_Biological_Process_2023
Monocarboxylic Acid Transport (GO:0015718),-0.6049986868360504,0.9918537335600229,0.9627659574468085,SLC16A6;SLC10A3;FABP5;SLC27A1;SLC5A6;SLC16A1,wald_stat,GO_Biological_Process_2023
Amino Acid Transport (GO:0006865),-0.6044414905437292,0.9910497224176431,0.9488636363636364,SLC7A5;SLC38A5;SLC3A2;SLC1A4;SLC38A10;SLC38A2;SLC38A6;SLC38A1,wald_stat,GO_Biological_Process_2023
Positive Regulation Of Stem Cell Population Maintenance (GO:1902459),0.6040461737398535,0.9992000163848093,0.9951456310679612,HDAC1;RBBP4,wald_stat,GO_Biological_Process_2023
Regulation Of Bone Resorption (GO:0045124),-0.6032092032092529,0.9905093710242018,0.9559859154929577,PRKCA;TNFRSF11A,wald_stat,GO_Biological_Process_2023
Spliceosomal snRNP Assembly (GO:0000387),-0.6031535252990731,0.9894767325299417,0.9758364312267658,SRSF10;USP4;SNRPD1,wald_stat,GO_Biological_Process_2023
G1/S Transition Of Mitotic Cell Cycle (GO:0000082),0.6019171365716994,0.9984231513457791,0.9851851851851852,KHDRBS1;NPAT;CDKN1B;GFI1;CACUL1;USP37;TFDP1;GPR132;GSPT1;CCND3;ZNF324;CUL4A;CDK5;CCND2;MYC;PLK2;HINFP,wald_stat,GO_Biological_Process_2023
Photoperiodism (GO:0009648),-0.5992059895444778,0.9898607518136027,0.9584055459272097,ID2;PER1;PDE6B;MTA1;PER2,wald_stat,GO_Biological_Process_2023
Regulation Of Mitotic Spindle Organization (GO:0060236),0.5953020046564632,0.9990347911828749,0.9768518518518519,NUP62;CHMP5;CHMP1A;CLTC;BORA;MAP9;CHMP7;VPS4B;CHMP6;FSD1;NUMA1;PDCD6IP,wald_stat,GO_Biological_Process_2023
Mitotic Cytokinesis (GO:0000281),0.5914379529642269,0.9986939626063522,0.9884526558891455,SNX18;STAMBP;MITD1;RTKN;CKAP2;RASA1,wald_stat,GO_Biological_Process_2023
Positive Regulation Of Lipid Biosynthetic Process (GO:0046889),-0.5874572555709137,0.9929681420748205,0.9671532846715328,LPGAT1;SREBF1;MLST8;CNEP1R1;SLC27A1;KAT2B;NR1H3,wald_stat,GO_Biological_Process_2023
Positive Regulation Of Signaling (GO:0023056),-0.5869658176604545,0.9920997646194418,0.9557692307692308,GATA3,wald_stat,GO_Biological_Process_2023
Notch Signaling Pathway (GO:0007219),-0.5867271489081453,0.9911371511566516,0.9451327433628318,NOTCH1;APH1A;SORBS2;GALNT11;SNAI1;RBPJ,wald_stat,GO_Biological_Process_2023
Cellular Response To Misfolded Protein (GO:0071218),-0.5830927751464774,0.9913115510407473,0.9589285714285715,CUL3;DERL1,wald_stat,GO_Biological_Process_2023
Membrane Protein Proteolysis (GO:0033619),0.5809145275513661,1.0,0.9800884955752213,PRKCQ;PSEN1,wald_stat,GO_Biological_Process_2023
Muscle Organ Development (GO:0007517),-0.5803360291893858,0.9910966330965765,0.961335676625659,MEF2D,wald_stat,GO_Biological_Process_2023
Positive Regulation Of Cell Cycle G1/S Phase Transition (GO:1902808),0.577200857612174,0.9997416249371218,0.9711111111111111,PHB2;RRM1;EIF4G1;TFDP1;CDC73;LSM10;PEX2;PAGR1;CCND2;DDRGK1,wald_stat,GO_Biological_Process_2023
Regulation Of Chromosome Segregation (GO:0051983),-0.5718780211952486,0.9924847726230771,0.9588785046728971,MKI67;CSNK2A2;ZNF207,wald_stat,GO_Biological_Process_2023
Peptidyl-Tyrosine Phosphorylation (GO:0018108),-0.5619521574643528,0.9940745193054155,0.982174688057041,CLK1;EPHA4;CLK4;LYN;IGF1R;ABL1;JAK3;FGFR1;PTK2B;FYN,wald_stat,GO_Biological_Process_2023
Negative Regulation Of Organelle Assembly (GO:1902116),-0.553534338321383,0.9949810374558029,0.9945945945945946,TMEM39A;TESK1;PINK1;TBC1D30;NBDY;MPHOSPH9;STYXL1;FEZ2;USP10;KAT2B;CEP97,wald_stat,GO_Biological_Process_2023
Cell Cycle G1/S Phase Transition (GO:0044843),0.5488698775022233,1.0,0.9904761904761905,KHDRBS1;CDKN1B;CACUL1;USP37;GPR132;GSPT1;CCND3;ZNF324;CUL4A;CCND2;MYC;PLK2;HINFP,wald_stat,GO_Biological_Process_2023
Positive Regulation Of Tyrosine Phosphorylation Of STAT Protein (GO:0042531),-0.5426180012072932,0.9962027637885131,0.9847036328871893,CCL5;LYN;IL18,wald_stat,GO_Biological_Process_2023
Ribosomal Large Subunit Biogenesis (GO:0042273),0.5420719419132568,1.0,0.9928741092636579,NSA2;PES1;NPM1;MRPL20;TMA16;SURF6;SPATA5;NOP16;TRAF7;NVL;MALSU1;EBNA1BP2;GTF3A;BRIX1;NEDD4;NOP53,wald_stat,GO_Biological_Process_2023
Antimicrobial Humoral Response (GO:0019730),-0.5369777370895383,0.9962556936461627,0.9803149606299213,GNLY;GAPDH;ROMO1;PLA2G6,wald_stat,GO_Biological_Process_2023
Pore Complex Assembly (GO:0046931),-0.5346769081205645,0.995581464451158,0.9872262773722628,BAD;TMEM170A;P2RX7;TPR;NUP98;NUP205;FXR1,wald_stat,GO_Biological_Process_2023
Clathrin-Dependent Endocytosis (GO:0072583),-0.5325391822090363,0.9948834822188793,0.9828897338403042,CLTB;GAK,wald_stat,GO_Biological_Process_2023
Mitotic Cell Cycle Checkpoint Signaling (GO:0007093),0.5155404596458131,1.0,0.9920159680638723,CDK5RAP3;ZFYVE19,wald_stat,GO_Biological_Process_2023
Regulation Of Myeloid Cell Differentiation (GO:0045637),0.5146483428627222,1.0,0.9762470308788599,CTR9;HOXA9;RBM15;LEO1,wald_stat,GO_Biological_Process_2023
Regulation Of Fibroblast Proliferation (GO:0048145),-0.5132044015024158,0.9966716933563843,0.9944954128440368,FTH1,wald_stat,GO_Biological_Process_2023
Regulation Of Protein Localization To Cell Periphery (GO:1904375),0.510441244890975,1.0,0.9843400447427293,APPL1;VTI1B;GBP1;STX7;LDLRAP1;CDK5,wald_stat,GO_Biological_Process_2023
Regulation Of Catabolic Process (GO:0009894),-0.5043844767700753,0.9966191280116662,0.9871559633027523,FURIN;LATS1;SNF8;ZDHHC7;PTK2B;FAF1;SIRT6;ZDHHC2,wald_stat,GO_Biological_Process_2023
Regulation Of Extrinsic Apoptotic Signaling Pathway (GO:2001236),0.4976102601252907,1.0,0.997624703087886,PAK2;ZMYND11;RIPK1;LTB;ITGA6;ETFA;FADD;SP100,wald_stat,GO_Biological_Process_2023
Synaptic Vesicle Endocytosis (GO:0048488),-0.4947766811582839,0.9965895703360753,0.9923224568138196,GAK;OPHN1;AP2M1;SYNJ1;STX1A;DNM2;SYT5,wald_stat,GO_Biological_Process_2023
Regulation Of Osteoclast Differentiation (GO:0045670),0.479050623081539,1.0,0.9977973568281938,IFNG;GPR137;MTOR,wald_stat,GO_Biological_Process_2023
Synaptic Vesicle Exocytosis (GO:0016079),-0.4742749292571083,0.9971286748006357,0.9905123339658444,STX3;STX11;SNAP29;STX1A;SYT5,wald_stat,GO_Biological_Process_2023
Negative Regulation Of Hydrolase Activity (GO:0051346),0.4700490980298251,1.0,1.0,EGLN1;CST7,wald_stat,GO_Biological_Process_2023
Skin Development (GO:0043588),0.4399861190692172,1.0,0.997624703087886,PIP5K1A;ITGA6;AKR1C3,wald_stat,GO_Biological_Process_2023
Cellular Response To Type I Interferon (GO:0071357),0.4146521509408613,0.9995800028489317,1.0,IFNAR1;IFNAR2;SP100;STAT1;MAVS;STAT2;OAS2;MYD88;IFITM2;TBKBP1;TANK;JAK1;TRAF3;IFI27;HDAC4;IFITM3;TBK1;IKBKE;IFITM1;TYK2;IRAK1,wald_stat,GO_Biological_Process_2023
Type I Interferon-Mediated Signaling Pathway (GO:0060337),0.4146521509408613,0.9995800028489317,1.0,IFNAR1;IFNAR2;SP100;STAT1;MAVS;STAT2;OAS2;MYD88;IFITM2;TBKBP1;TANK;JAK1;TRAF3;IFI27;HDAC4;IFITM3;TBK1;IKBKE;IFITM1;TYK2;IRAK1,wald_stat,GO_Biological_Process_2023
