Name,Term,ES,NES,NOM p-val,FDR q-val,FWER p-val,Tag %,Gene %,Lead_genes
prerank,Immunoregulatory Interactions Between A Lymphoid And A non-Lymphoid Cell R-HSA-198933,-0.4432397460820678,-1.9611256081765778,1.000000e-03,2.092073e-01,1.080000e-01,25/61,14.83%,KIR3DL1;KIR3DL2;KIR2DL4;HLA-A;LAIR2;KLRF1;CD96;SELL;SH2D1A;HCST;CD81;KIR2DL3;CRTAM;TREML1;HLA-B;CD3E;ICAM3;SH2D1B;CD160;NPDC1;LAIR1;SLAMF6;ICAM1;KLRG1;CD300A
prerank,DNA Methylation R-HSA-5334118,-0.5257867579067206,-1.8205147410989513,1.000000e-03,3.616530e-01,3.160000e-01,7/22,12.61%,H3-3B;H2BC12;H2AX;H2AJ;DNMT1;H2AZ1;H2AC20
prerank,Activated PKN1 Stimulates Transcription Of Androgen Receptor Regulated KLK2 And KLK3 R-HSA-5625886,-0.5195556479261235,-1.8135160418342995,5.154639e-03,2.578602e-01,3.300000e-01,5/24,1.52%,H3-3B;H2BC12;PKN1;H2AX;H2AJ
prerank,SRP-dependent Cotranslational Protein Targeting To Membrane R-HSA-1799339,-0.46410226389033554,-1.7224669188909087,1.000000e-03,3.924665e-01,5.210000e-01,15/28,18.89%,SEC61G;TRAM1;RSL24D1;SRP68;SSR4;SRPRB;SEC61A1;RPN2;SRP19;SPCS2;SSR2;SRP14;SSR3;DDOST;FAU
prerank,Meiotic Synapsis R-HSA-1221632,-0.41468610485365676,-1.7171537602950322,1.000000e-03,3.256499e-01,5.320000e-01,15/41,17.23%,H2BC12;H2AX;H2AJ;TERF1;SMC3;RAD21;H2AZ1;TERF2IP;PMEPA1;H2AC20;REC8;SUN1;SMC1A;H2AZ2;POT1
prerank,RHO GTPases Activate NADPH Oxidases R-HSA-5668599,0.6746716617263934,1.7007224372830911,2.617801e-03,1.000000e+00,6.720000e-01,6/15,10.15%,S100A9;S100A8;MAPK14;PRKCZ;PIK3C3;CYBA
prerank,Chemokine Receptors Bind Chemokines R-HSA-380108,-0.5125605683331131,-1.6944940443578256,2.400000e-02,3.146219e-01,5.860000e-01,2/17,0.07%,XCL1;XCL2
prerank,Inhibition Of DNA Recombination At Telomere R-HSA-9670095,-0.40769639296236404,-1.6346889116999364,1.935484e-02,4.005753e-01,7.020000e-01,12/38,12.61%,H3-3B;H2BC12;H2AX;H2AJ;TERF1;POLR2G;POLR2L;POLR2J;H2AZ1;TERF2IP;POLR2F;H2AC20
prerank,RNA Polymerase II Transcription Termination R-HSA-73856,-0.3585938649225501,-1.624435372555817,1.000000e-03,3.770597e-01,7.260000e-01,18/64,9.51%,SRRM1;U2AF1;MAGOH;SRSF5;PAPOLA;ZC3H11A;SRSF9;SRSF2;CPSF1;FYTTD1;SRSF6;CPSF6;SLBP;SNRPF;SRSF7;POLDIP3;THOC7;RNPS1
prerank,NGF-stimulated Transcription R-HSA-9031628,-0.474225162420725,-1.6217653529203349,9.852217e-03,3.423720e-01,7.320000e-01,9/19,16.19%,EGR1;RNASEH2A;ID2;CDK5;JUND;DNM2;ID1;MEF2D;CHD4
prerank,Peroxisomal Lipid Metabolism R-HSA-390918,0.5902206142008641,1.6203262832827972,1.273885e-02,1.000000e+00,9.430000e-01,6/20,14.29%,ACOT8;PHYH;ACOT4;ACAA1;PECR;MLYCD
prerank,mRNA 3-End Processing R-HSA-72187,-0.3630891288292222,-1.5930727636538626,1.000000e-03,3.708970e-01,7.800000e-01,16/56,9.51%,SRRM1;U2AF1;MAGOH;SRSF5;PAPOLA;ZC3H11A;SRSF9;SRSF2;CPSF1;FYTTD1;SRSF6;CPSF6;SRSF7;POLDIP3;THOC7;RNPS1
prerank,"Antigen Presentation: Folding, Assembly, Peptide Loading Of Class I MHC R-HSA-983170",-0.43697543557411894,-1.5845003012214138,1.015228e-02,3.550185e-01,7.950000e-01,14/25,19.35%,HLA-A;SEC24C;TAPBP;PDIA3;HLA-B;SAR1B;HSPA5;CALR;ATG14;SEC24A;B2M;SEC13;CANX;SEC24D
prerank,Complement Cascade R-HSA-166658,-0.5073390392570226,-1.5747107773956692,3.296703e-02,3.467868e-01,8.170000e-01,4/15,6.60%,GZMM;CD81;CD55;CPNE1
prerank,RNA Polymerase I Promoter Opening R-HSA-73728,-0.4585872108203629,-1.555660803137167,3.030303e-02,3.615282e-01,8.360000e-01,4/22,1.52%,H3-3B;H2BC12;H2AX;H2AJ
prerank,Signaling By Non-Receptor Tyrosine Kinases R-HSA-9006927,0.517374433087236,1.550293000170244,1.575758e-02,1.000000e+00,9.950000e-01,16/29,25.99%,STAT3;CRK;DOK1;CDK4;ERBB2;CDKN1B;PTPN1;HIF1A;PELP1;NRG2;ARHGAP35;UBA52;RHOA;UBC;KHDRBS1;CBL
prerank,Transcriptional Regulation Of White Adipocyte Differentiation R-HSA-381340,0.4584510568237926,1.5363854274207613,9.070295e-03,1.000000e+00,9.950000e-01,18/64,17.59%,MED27;SREBF2;FAM120B;MED24;MED12;MED25;HELZ2;CDK4;NCOA6;MED7;MED17;MBD4;CCND3;NCOR1;CDK19;MED8;NCOA3;TNF
prerank,Lysosome Vesicle Biogenesis R-HSA-432720,0.5303866724353858,1.531679185573292,1.278772e-02,1.000000e+00,9.950000e-01,11/26,20.69%,HGS;BLOC1S1;HSPA8;CLTC;VAMP8;ARRB1;AP1B1;VAMP2;AP1S1;AP4M1;GNS
prerank,Keratan Sulfate Biosynthesis R-HSA-2022854,-0.48041305636483705,-1.5255501354741223,5.529954e-02,4.105375e-01,8.910000e-01,5/16,7.72%,B3GNT7;B4GALT1;B4GALT4;SLC35D2;B3GNT2
prerank,PRC2 Methylates Histones And DNA R-HSA-212300,-0.4150115611272552,-1.5214274781964925,3.424658e-02,3.925746e-01,8.980000e-01,9/31,16.43%,H3-3B;H2BC12;H2AX;H2AJ;DNMT1;H2AZ1;H2AC20;PHF1;H2AZ2
prerank,Collagen Biosynthesis And Modifying Enzymes R-HSA-1650814,0.5778568270625648,1.51480838304028,2.675159e-02,1.000000e+00,9.970000e-01,5/18,7.94%,COL13A1;P3H1;COLGALT2;PLOD1;PLOD3
prerank,Association Of TriC/CCT With Target Proteins During Biosynthesis R-HSA-390471,0.5107594104925293,1.5134940330289937,2.189781e-02,1.000000e+00,9.970000e-01,22/31,36.42%,STAT3;USP11;WRAP53;FBXW4;CCT7;TP53;AP3M1;CCT3;FBXO4;CCT5;ARFGEF2;SKIC2;CCT2;XRN2;FBXW2;FBXL5;KIFC3;DCAF7;FBXW5;FBXL3;LONP2;NOP56
prerank,Formation Of A Pool Of Free 40S Subunits R-HSA-72689,-0.4626893430171033,-1.5081568350325198,3.404255e-02,3.987508e-01,9.150000e-01,5/18,5.43%,EIF3G;RSL24D1;EIF3J;EIF3E;EIF3M
prerank,Interleukin-7 Signaling R-HSA-1266695,-0.46175899013556215,-1.5054601150849911,3.947368e-02,3.813049e-01,9.170000e-01,6/18,5.16%,SOCS1;PIK3R1;IL7R;JAK1;IRS2;IL2RG
prerank,Keratan Sulfate/Keratin Metabolism R-HSA-1638074,-0.4344562731223523,-1.4970696559838648,3.349282e-02,3.811141e-01,9.290000e-01,6/20,7.72%,B3GNT7;B4GALT1;GLB1;B4GALT4;SLC35D2;B3GNT2
prerank,Defective Pyroptosis R-HSA-9710421,-0.41102717581910797,-1.4946059128023848,1.910828e-02,3.665183e-01,9.300000e-01,7/30,12.61%,H3-3B;H2BC12;H2AX;H2AJ;DNMT1;H2AZ1;H2AC20
prerank,CD28 Co-Stimulation R-HSA-389356,-0.3957902169360813,-1.48124728078712,2.732240e-02,3.803843e-01,9.390000e-01,4/28,1.02%,MAP3K8;CDC42;PIK3R1;PKN1
prerank,Processing Of SMDT1 R-HSA-8949664,-0.4655251679799346,-1.474698715501783,6.451613e-02,3.743182e-01,9.420000e-01,5/16,9.91%,MCUB;AFG3L2;STOML2;PHB1;MAIP1
prerank,Reproduction R-HSA-1474165,-0.33203146117027466,-1.470061600249786,9.433962e-03,3.690983e-01,9.480000e-01,18/62,17.23%,H3-3B;H2BC12;B4GALT1;H2AX;H2AJ;TERF1;SMC3;RAD21;H2AZ1;TERF2IP;BLM;PMEPA1;H2AC20;REC8;SUN1;SMC1A;H2AZ2;POT1
prerank,Condensation Of Prophase Chromosomes R-HSA-2299718,-0.4002960920105221,-1.469277890830449,5.357143e-02,3.548839e-01,9.490000e-01,10/29,16.43%,H3-3B;H2BC12;H2AX;H2AJ;SET;H2AZ1;H2AC20;SMC4;PHF8;H2AZ2
prerank,Energy Dependent Regulation Of mTOR By LKB1-AMPK R-HSA-380972,0.49675460344595945,1.4604330822220508,4.916067e-02,1.000000e+00,9.990000e-01,12/26,27.48%,STRADA;PRKAB2;RRAGC;TSC2;PPM1A;SLC38A9;STK11;RPTOR;CAB39;RRAGB;MTOR;PRKAG2
prerank,Retrograde Transport At Trans-Golgi-Network R-HSA-6811440,0.4589471176902272,1.4562091654567666,3.496503e-02,1.000000e+00,1.000000e+00,22/43,28.02%,NAA35;COG4;RABEPK;COG1;VTI1A;COG5;SYS1;SCOC;IGF2R;NAA30;RHOBTB3;COG2;STX6;RAB6A;VPS51;GOLGA4;STX16;PLIN3;RAB9A;COG3;COG7;M6PR
prerank,Transport Of Mature mRNA Derived From An Intron-Containing Transcript R-HSA-159236,-0.31905018044648414,-1.4530521627083215,1.000000e-03,3.763840e-01,9.630000e-01,18/71,9.51%,SRRM1;U2AF1;MAGOH;SRSF5;ZC3H11A;NUP98;SRSF9;TPR;SRSF2;FYTTD1;SRSF6;SEH1L;NUP155;SRSF7;POLDIP3;NXT1;THOC7;RNPS1
prerank,"Formation Of Ternary Complex, And Subsequently, 43S Complex R-HSA-72695",-0.43338905527911187,-1.4461054010419863,7.826087e-02,3.768975e-01,9.700000e-01,4/18,5.43%,EIF3G;EIF3J;EIF3E;EIF3M
prerank,Translation Initiation Complex Formation R-HSA-72649,-0.3990822628333171,-1.4444085595790654,6.632653e-02,3.646470e-01,9.710000e-01,12/25,22.34%,EIF3G;EIF3J;EIF3E;EIF3M;PABPC1;EIF4G1;EIF4A1;EIF4E;FAU;EIF3I;EIF2S2;EIF1AX
prerank,Transport Of Mature Transcript To Cytoplasm R-HSA-72202,-0.3090061623803264,-1.4417803152834259,1.388889e-02,3.564874e-01,9.720000e-01,20/80,9.51%,SRRM1;U2AF1;MAGOH;SRSF5;ZC3H11A;NUP98;SRSF9;TPR;SRSF2;CPSF1;FYTTD1;SRSF6;SEH1L;NUP155;SLBP;SRSF7;POLDIP3;NXT1;THOC7;RNPS1
prerank,Packaging Of Telomere Ends R-HSA-171306,-0.4050038299552715,-1.4387734106588292,7.352941e-02,3.503006e-01,9.770000e-01,9/23,17.23%,H2BC12;H2AX;H2AJ;TERF1;H2AZ1;TERF2IP;H2AC20;H2AZ2;POT1
prerank,"mRNA Activation Upon Binding Of Cap-Binding Complex And eIFs, Subsequent Binding To 43S R-HSA-72662",-0.3936463592188989,-1.4350379118292351,6.770833e-02,3.447643e-01,9.800000e-01,13/26,23.56%,EIF3G;EIF3J;EIF3E;EIF3M;PABPC1;EIF4G1;EIF4A1;EIF4E;FAU;EIF3I;EIF2S2;EIF1AX;EIF4EBP1
prerank,Synthesis Of PIPs At Early Endosome Membrane R-HSA-1660516,0.5622424831607663,1.4344311575153328,5.774278e-02,1.000000e+00,1.000000e+00,5/15,12.97%,INPP4A;MTMR4;PIK3C3;FIG4;PIK3C2A
prerank,TRAF6 Mediated IRF7 Activation R-HSA-933541,0.5621592669398142,1.4332492790470874,5.921053e-02,1.000000e+00,1.000000e+00,10/15,29.72%,TRIM4;TRAF6;TBK1;MAVS;SIKE1;IRF3;TRIM25;RIGI;IRF7;TANK
prerank,Processing Of Capped Intron-Containing Pre-mRNA R-HSA-72203,-0.24455745438960919,-1.4319445179938253,1.000000e-03,3.384618e-01,9.800000e-01,74/235,16.41%,SRRM1;U2AF1;MAGOH;SRSF5;SNRNP27;SNW1;SF3B6;HNRNPM;PAPOLA;ZC3H11A;POLR2G;NUP98;TRA2B;SRSF9;SNRPB2;SYF2;TPR;SF3A1;SRSF2;HNRNPH1;CPSF1;HNRNPUL1;FYTTD1;SRSF6;CPSF6;POLR2L;LSM4;SEH1L;HNRNPA0;NUP155;SLBP;POLR2J;SRSF10;CWC15;SNRPF;SRSF7;WTAP;HNRNPA1;POLDIP3;SNU13;SNRPD2;NXT1;THOC7;RNPS1;LSM7;SNRNP25;U2SURP;SF3B2;RNPC3;POLR2F;PCBP1;MTREX;SLU7;PHF5A;HNRNPK;PQBP1;ELAVL1;CCAR1;NUP50;DNAJC8;DDX5;SNRNP40;SNRPG;ZRSR2;SF3B1;ALYREF;BUD31;PPIE;TFIP11;SRSF3;SEC13;PCBP2;WBP11;CWC25
prerank,Interferon Alpha/Beta Signaling R-HSA-909733,-0.32464145190431615,-1.427247390704495,2.777778e-02,3.371173e-01,9.810000e-01,17/56,12.98%,SOCS1;HLA-A;EGR1;JAK1;IFI6;IFITM3;IFITM2;IP6K2;HLA-B;IRF8;IRF1;OAS1;OAS2;MX2;SOCS3;IFIT2;ISG15
prerank,Meiosis R-HSA-1500620,-0.32292849861760303,-1.4266573546519399,3.539823e-02,3.273426e-01,9.810000e-01,17/58,17.23%,H3-3B;H2BC12;H2AX;H2AJ;TERF1;SMC3;RAD21;H2AZ1;TERF2IP;BLM;PMEPA1;H2AC20;REC8;SUN1;SMC1A;H2AZ2;POT1
prerank,Assembly Of ORC Complex At Origin Of Replication R-HSA-68616,-0.40544641695769745,-1.422128705235476,6.741573e-02,3.259251e-01,9.840000e-01,4/26,1.52%,H3-3B;H2BC12;H2AX;H2AJ
prerank,Integrin Signaling R-HSA-354192,0.5342569724598174,1.4186198790685014,5.906040e-02,1.000000e+00,1.000000e+00,7/17,15.07%,APBB1IP;CRK;PTPN1;SHC1;CSK;RASGRP2;RAP1B
prerank,Dual Incision In GG-NER R-HSA-5696400,0.4531919201948948,1.4123631692072023,4.439252e-02,1.000000e+00,1.000000e+00,13/37,20.53%,RFC2;POLK;ERCC5;DDB2;ERCC4;RFC4;GTF2H3;GTF2H5;RBX1;UBA52;GTF2H4;ERCC3;UBC
prerank,mRNA Splicing R-HSA-72172,-0.25547757527406406,-1.4105444362454125,1.000000e-03,3.391391e-01,9.870000e-01,61/185,16.41%,SRRM1;U2AF1;MAGOH;SRSF5;SNRNP27;SNW1;SF3B6;HNRNPM;PAPOLA;POLR2G;TRA2B;SRSF9;SNRPB2;SYF2;SF3A1;SRSF2;HNRNPH1;CPSF1;HNRNPUL1;SRSF6;CPSF6;POLR2L;LSM4;HNRNPA0;POLR2J;SRSF10;CWC15;SNRPF;SRSF7;HNRNPA1;SNU13;SNRPD2;RNPS1;LSM7;SNRNP25;U2SURP;SF3B2;RNPC3;POLR2F;PCBP1;MTREX;SLU7;PHF5A;HNRNPK;PQBP1;ELAVL1;CCAR1;DNAJC8;DDX5;SNRNP40;SNRPG;ZRSR2;SF3B1;ALYREF;BUD31;PPIE;TFIP11;SRSF3;PCBP2;WBP11;CWC25
prerank,mRNA Splicing - Major Pathway R-HSA-72163,-0.2624254752160092,-1.4077038613621775,1.000000e-03,3.350561e-01,9.880000e-01,58/177,16.41%,SRRM1;U2AF1;MAGOH;SRSF5;SNRNP27;SNW1;SF3B6;HNRNPM;PAPOLA;POLR2G;TRA2B;SRSF9;SNRPB2;SYF2;SF3A1;SRSF2;HNRNPH1;CPSF1;HNRNPUL1;SRSF6;CPSF6;POLR2L;LSM4;HNRNPA0;POLR2J;SRSF10;CWC15;SNRPF;SRSF7;HNRNPA1;SNU13;SNRPD2;RNPS1;LSM7;U2SURP;SF3B2;POLR2F;PCBP1;MTREX;SLU7;PHF5A;HNRNPK;PQBP1;ELAVL1;CCAR1;DNAJC8;DDX5;SNRNP40;SNRPG;SF3B1;ALYREF;BUD31;PPIE;TFIP11;SRSF3;PCBP2;WBP11;CWC25
prerank,L13a-mediated Translational Silencing Of Ceruloplasmin Expression R-HSA-156827,-0.37873031216616126,-1.404818023267296,6.214689e-02,3.310647e-01,9.890000e-01,13/28,22.34%,EIF3G;RSL24D1;EIF3J;EIF3E;EIF3M;PABPC1;EIF4G1;EIF4A1;EIF4E;FAU;EIF3I;EIF2S2;EIF1AX
prerank,RNA Polymerase III Abortive And Retractive Initiation R-HSA-749476,0.4560910607126108,1.4030680370080302,6.093190e-02,1.000000e+00,1.000000e+00,9/36,9.47%,GTF3C2;BDP1;ZNF143;POLR3C;GTF3C3;POLR3A;NFIA;SNAPC2;GTF3C6
prerank,Intra-Golgi Traffic R-HSA-6811438,0.45543102871845986,1.4006715209872083,6.651109e-02,1.000000e+00,1.000000e+00,18/35,32.21%,TRIP11;COG4;COG1;VTI1A;COG5;MAN1A1;CYTH4;COG2;STX6;VPS45;CYTH1;STX16;GOSR2;COG3;COG7;GOSR1;YKT6;CYTH3
prerank,Dual Incision In TC-NER R-HSA-6782135,0.41972159921275237,1.3995565374378363,4.074890e-02,1.000000e+00,1.000000e+00,21/60,22.14%,ERCC6;RFC2;ZNF830;POLK;ERCC5;AQR;ERCC4;RFC4;CCNH;GTF2H3;GTF2H5;POLR2D;RBX1;UBA52;GTF2H4;ERCC3;POLR2C;UBC;CDK7;XAB2;UVSSA
prerank,Neurotransmitter Release Cycle R-HSA-112310,0.5401901378126596,1.3991438222818422,7.652399e-02,1.000000e+00,1.000000e+00,5/16,15.44%,SLC1A7;ARL6IP5;PPFIA1;HSPA8;VAMP2
prerank,Synthesis Of Bile Acids And Bile Salts R-HSA-192105,0.539589101624886,1.398264288606439,1.070013e-01,1.000000e+00,1.000000e+00,2/15,2.00%,OSBPL3;ACOT8
prerank,Regulation Of Necroptotic Cell Death R-HSA-5675482,-0.3818827441428922,-1.3923356472124884,7.567568e-02,3.446026e-01,9.910000e-01,5/26,3.82%,UBB;BIRC2;FLOT1;CFLAR;MLKL
prerank,TBC/RABGAPs R-HSA-8854214,0.43854282108378956,1.3802234165509881,7.364787e-02,1.000000e+00,1.000000e+00,11/40,9.03%,TBC1D25;TBC1D14;TBC1D10B;TBC1D7;RABGAP1;TBC1D10C;RAB35;GGA1;RAB5B;TSC2;GGA2
prerank,Synthesis Of IP3 And IP4 In Cytosol R-HSA-1855204,0.5313852910579611,1.3788572187670427,9.424084e-02,1.000000e+00,1.000000e+00,7/15,28.13%,INPPL1;INPP5B;PLCG1;PLCB2;PLCD1;ITPK1;INPP5D
prerank,MTOR Signaling R-HSA-165159,0.44653102796817457,1.377531308370573,6.611570e-02,1.000000e+00,1.000000e+00,13/36,23.77%,YWHAB;STRADA;PRKAB2;RRAGC;TSC2;EIF4B;PPM1A;SLC38A9;STK11;RPTOR;CAB39;RRAGB;MTOR
prerank,Regulation Of TP53 Activity Thru Phosphorylation R-HSA-6804756,0.40652555339642926,1.3754014699115231,4.410143e-02,1.000000e+00,1.000000e+00,22/67,20.53%,MAPK14;RFC2;PRKAB2;NOC2L;HIPK2;HUS1;TP53RK;TAF7;NUAK1;TAF6;RFC4;RAD17;TOPBP1;TP53;STK11;TAF15;TAF9;UBA52;RAD50;DYRK2;CSNK2A2;UBC
prerank,MAP3K8 (TPL2)-dependent MAPK1/3 Activation R-HSA-5684264,-0.44185614568771586,-1.3717284418804385,7.792208e-02,3.768463e-01,9.950000e-01,4/15,6.61%,MAP3K8;UBB;SKP1;CHUK
prerank,Deposition Of New CENPA-containing Nucleosomes At Centromere R-HSA-606279,-0.34512065723941754,-1.369190808262465,5.000000e-02,3.723816e-01,9.950000e-01,10/36,16.43%,H2BC12;H2AX;H2AJ;CENPM;NPM1;H2AZ1;H2AC20;CENPH;MIS18A;H2AZ2
prerank,Platelet Aggregation (Plug Formation) R-HSA-76009,0.5027896277035119,1.3672122151104174,9.139073e-02,1.000000e+00,1.000000e+00,7/19,15.07%,APBB1IP;CRK;PTPN1;SHC1;CSK;RASGRP2;RAP1B
prerank,Transcriptional Regulation By MECP2 R-HSA-8986944,0.43721938222521,1.3662303917417589,5.361305e-02,1.000000e+00,1.000000e+00,9/39,17.58%,FKBP5;MECP2;PTPN4;MOV10;HIPK2;SLC2A3;PTPN1;NCOR1;AGO4
prerank,Gap-filling DNA Repair Synthesis And Ligation In TC-NER R-HSA-6782210,0.4122967979107583,1.3655569331304542,6.138393e-02,1.000000e+00,1.000000e+00,20/58,22.14%,ERCC6;RFC2;ZNF830;POLK;XRCC1;AQR;RFC4;CCNH;GTF2H3;GTF2H5;POLR2D;RBX1;UBA52;GTF2H4;ERCC3;POLR2C;UBC;CDK7;XAB2;UVSSA
prerank,FOXO-mediated Transcription Of Cell Death Genes R-HSA-9614657,0.525158959455976,1.3615043407466336,8.885942e-02,1.000000e+00,1.000000e+00,7/16,18.06%,FASLG;PINK1;STK11;CITED2;BCL2L11;BBC3;NFYC
prerank,Formation Of Early Elongation Complex R-HSA-113418,0.44597729541321496,1.3582513966296448,7.923169e-02,1.000000e+00,1.000000e+00,13/33,20.56%,GTF2F2;SUPT4H1;NELFA;NCBP2;CCNH;CTDP1;GTF2H3;GTF2H5;POLR2D;GTF2H4;ERCC3;POLR2C;CDK7
prerank,Peptide Ligand-Binding Receptors R-HSA-375276,-0.35490653587984883,-1.3571253256892069,5.319149e-02,3.884931e-01,9.970000e-01,2/30,0.07%,XCL1;XCL2
prerank,Transcriptional Regulation By Small RNAs R-HSA-5578749,-0.2989972574759704,-1.3483514784048782,2.325581e-02,3.985184e-01,9.970000e-01,16/65,13.66%,H3-3B;H2BC12;H2AX;H2AJ;POLR2G;NUP98;TPR;POLR2L;SEH1L;NUP155;POLR2J;RAN;H2AZ1;POLR2F;H2AC20;NUP50
prerank,Degradation Of AXIN R-HSA-4641257,0.4187280615025594,1.3477219424676652,6.605923e-02,1.000000e+00,1.000000e+00,20/50,24.02%,PSMD4;PSMA6;PSME3;PSMB10;SMURF2;RNF146;PSMA7;PSMD11;PSMD5;PSMB2;PSMD13;PSMB9;UBA52;PSMB8;TNKS;UBC;PSMC3;PSMC5;TNKS2;PSMB3
prerank,Mitochondrial Calcium Ion Transport R-HSA-8949215,-0.3992595103926773,-1.3477019538675794,9.090909e-02,3.905358e-01,9.970000e-01,7/21,17.04%,MCUB;AFG3L2;STOML2;PHB1;MAIP1;VDAC1;VDAC2
prerank,Formation Of beta-catenin:TCF Transactivating Complex R-HSA-201722,-0.3334963592852802,-1.3476345016798272,5.839416e-02,3.816044e-01,9.970000e-01,8/45,5.11%,TCF7;H3-3B;H2BC12;H2AX;H2AJ;PYGO2;TLE4;CREBBP
prerank,Global Genome Nucleotide Excision Repair (GG-NER) R-HSA-5696399,0.38943492973604255,1.3468829340457023,4.175824e-02,1.000000e+00,1.000000e+00,26/76,20.56%,RFC2;POLK;XRCC1;ERCC5;COPS5;INO80D;ACTR8;DDB2;RNF111;ERCC4;RFC4;RAD23B;CCNH;INO80;COPS7A;PIAS1;GTF2H3;GTF2H5;RBX1;INO80C;UBA52;RUVBL1;GTF2H4;ERCC3;UBC;CDK7
prerank,Nuclear Events (Kinase And Transcription Factor Activation) R-HSA-198725,-0.3461611051356078,-1.3463206328668538,4.838710e-02,3.762120e-01,9.970000e-01,13/33,16.19%,EGR1;PPP2CA;RNASEH2A;PPP2CB;ID2;CDK5;DUSP4;DUSP6;JUND;DNM2;ID1;MEF2D;CHD4
prerank,Ribosomal Scanning And Start Codon Recognition R-HSA-72702,-0.36562726585859184,-1.3387317157228484,1.044776e-01,3.841774e-01,9.970000e-01,11/25,22.34%,EIF3G;EIF3J;EIF3E;EIF3M;EIF4G1;EIF4A1;EIF4E;FAU;EIF3I;EIF2S2;EIF1AX
prerank,Neuronal System R-HSA-112316,0.371898498951886,1.3367963289829117,5.098855e-02,1.000000e+00,1.000000e+00,24/106,15.91%,AKAP5;MYO6;GNAL;CACNA2D2;DLGAP4;SLC1A7;ARHGEF7;ARL6IP5;NPTN;PRKAB2;KCNAB2;APBA3;PPFIA1;HSPA8;GNG5;CHRNE;PLCB2;AP2A2;EPB41;RTN3;VAMP2;PDLIM5;GNG10;GNB2
prerank,Formation Of RNA Pol II Elongation Complex R-HSA-112382,0.4010815654658907,1.335944945675398,8.026756e-02,1.000000e+00,1.000000e+00,19/57,21.51%,GTF2F2;SUPT4H1;NELFA;AFF4;LEO1;PAF1;MLLT3;NCBP2;CCNH;CTDP1;GTF2H3;GTF2H5;IWS1;POLR2D;GTF2H4;ERCC3;POLR2C;CDK7;CCNK
prerank,RNA Polymerase III Transcription Initiation R-HSA-76046,0.43677681038767696,1.3337142750430657,1.101796e-01,1.000000e+00,1.000000e+00,8/34,9.47%,GTF3C2;BDP1;ZNF143;POLR3C;GTF3C3;POLR3A;SNAPC2;GTF3C6
prerank,Fatty Acid Metabolism R-HSA-8978868,0.376912488044382,1.333392375455976,5.632306e-02,1.000000e+00,1.000000e+00,38/98,34.57%,PTGDS;SCD5;ACBD6;SLC25A1;ACOT8;PHYH;PRKAB2;ACOT4;ACAA1;HACD2;TECR;PTGES2;PCCB;PECR;HADH;MLYCD;HACD3;ACOT13;ACSF3;SLC27A3;CBR1;ACSL5;MCEE;ACSL4;PCCA;HPGD;CRAT;HADHA;PRKAG2;LTA4H;AKR1C3;ACSL3;DECR1;AMACR;MCAT;CPT1A;PPT1;ABCC1
prerank,Pyruvate Metabolism And Citric Acid (TCA) Cycle R-HSA-71406,0.4201780018074993,1.332220066853868,9.378664e-02,1.000000e+00,1.000000e+00,9/42,11.22%,NNT;PDPR;OGDH;BSG;PDHB;MPC1;PDK2;D2HGDH;IDH3A
prerank,Peroxisomal Protein Import R-HSA-9033241,0.41950983795276253,1.3311983817285855,7.356322e-02,1.000000e+00,1.000000e+00,15/44,20.53%,ACOT8;PHYH;AGPS;ACOT4;HMGCL;ACAA1;PEX14;PEX2;PECR;MLYCD;UBE2D2;GNPAT;MPV17;UBA52;UBC
prerank,GTP Hydrolysis And Joining Of 60S Ribosomal Subunit R-HSA-72706,-0.34905248753539453,-1.330428532061034,1.256831e-01,3.942292e-01,9.970000e-01,12/29,22.34%,EIF3G;RSL24D1;EIF3J;EIF3E;EIF3M;EIF4G1;EIF4A1;EIF4E;FAU;EIF3I;EIF2S2;EIF1AX
prerank,Pyruvate Metabolism R-HSA-70268,0.47166057771335335,1.326777697231469,1.291560e-01,1.000000e+00,1.000000e+00,5/22,9.37%,PDPR;BSG;PDHB;MPC1;PDK2
prerank,Ubiquitin-dependent Degradation Of Cyclin D R-HSA-75815,0.41590765544156977,1.3250643605676824,8.870968e-02,1.000000e+00,1.000000e+00,17/47,20.96%,PSMD4;PSMA6;PSME3;PSMB10;CDK4;PSMA7;PSMD11;PSMD5;PSMB2;PSMD13;PSMB9;UBA52;PSMB8;GSK3B;UBC;PSMC3;PSMC5
prerank,Signaling To ERKs R-HSA-187687,0.45917421833625843,1.3225625714137343,9.813665e-02,1.000000e+00,1.000000e+00,6/26,11.64%,YWHAB;MAPK14;CRK;BCL11B;MAPK13;SHC1
prerank,Signaling By RAF1 Mutants R-HSA-9656223,0.45393762929450293,1.3223008698037377,1.069652e-01,1.000000e+00,1.000000e+00,10/26,32.74%,YWHAB;APBB1IP;ARRB1;CSK;ARAF;RAP1B;BRAF;MARK3;MAPK3;IQGAP1
prerank,SIRT1 Negatively Regulates rRNA Expression R-HSA-427359,-0.3624496666227797,-1.3210293057130886,1.166667e-01,4.055096e-01,9.980000e-01,4/27,1.52%,H3-3B;H2BC12;H2AX;H2AJ
prerank,Branched-chain Amino Acid Catabolism R-HSA-70895,0.4873113979251309,1.3187795215302047,1.079404e-01,1.000000e+00,1.000000e+00,4/19,18.30%,MCCC2;BCKDHB;AUH;ACADSB
prerank,Transcription-Coupled Nucleotide Excision Repair (TC-NER) R-HSA-6781827,0.38442686028337275,1.3182626001601832,6.564551e-02,1.000000e+00,1.000000e+00,24/71,22.14%,ERCC6;RFC2;ZNF830;POLK;XRCC1;ERCC5;COPS5;AQR;ERCC4;RFC4;CCNH;COPS7A;GTF2H3;GTF2H5;POLR2D;RBX1;UBA52;GTF2H4;ERCC3;POLR2C;UBC;CDK7;XAB2;UVSSA
prerank,Caspase Activation Via Extrinsic Apoptotic Signaling Pathway R-HSA-5357769,0.4910246219654404,1.3178402330380712,1.328225e-01,1.000000e+00,1.000000e+00,4/18,9.18%,MAGED1;DAPK2;FADD;FASLG
prerank,TP53 Regulates Transcription Of DNA Repair Genes R-HSA-6796648,0.3945099583821926,1.3178206947259712,8.520179e-02,1.000000e+00,1.000000e+00,19/59,21.51%,GTF2F2;SUPT4H1;CDK13;NELFA;DDB2;PMS2;CCNH;CTDP1;TP53;MDC1;GTF2H3;GTF2H5;POLR2D;GTF2H4;ERCC3;POLR2C;CDK12;CDK7;CCNK
prerank,Hedgehog On State R-HSA-5632684,0.3887422334277147,1.3132064410646904,8.676307e-02,1.000000e+00,1.000000e+00,22/66,22.08%,PSMD4;PSMA6;PSME3;PSMB10;PTCH1;SMURF2;KIF3A;PSMA7;PSMD11;ARRB1;PSMD5;PSMB2;PSMD13;SPOP;PSMB9;RBX1;UBA52;PSMB8;UBC;PSMC3;PSMC5;NUMB
prerank,Arachidonic Acid Metabolism R-HSA-2142753,0.4809942378000113,1.3127378231991647,1.250000e-01,1.000000e+00,1.000000e+00,11/19,41.50%,PTGDS;PTGES2;CBR1;HPGD;LTA4H;AKR1C3;ABCC1;ALOX5AP;PTGES3;MAPKAPK2;PON2
prerank,Regulation Of Apoptosis R-HSA-169911,0.41243531898933466,1.3079306308270933,9.545984e-02,1.000000e+00,1.000000e+00,17/49,20.96%,PSMD4;PSMA6;PSME3;PSMB10;MED12;ARHGAP10;PSMA7;PSMD11;PSMD5;PSMB2;PSMD13;PSMB9;UBA52;PSMB8;UBC;PSMC3;PSMC5
prerank,Bile Acid And Bile Salt Metabolism R-HSA-194068,0.5023777555789426,1.3078069875948612,1.541502e-01,1.000000e+00,1.000000e+00,2/16,2.00%,OSBPL3;ACOT8
prerank,Detoxification Of Reactive Oxygen Species R-HSA-3299685,0.4680927743281749,1.3053347694879498,1.153846e-01,1.000000e+00,1.000000e+00,5/22,11.42%,CYCS;SOD1;TXN2;CYBA;GPX7
prerank,Regulation Of RUNX3 Expression And Activity R-HSA-8941858,0.40584470999793487,1.304759159662306,9.216590e-02,1.000000e+00,1.000000e+00,17/52,20.96%,PSMD4;PSMA6;PSME3;PSMB10;SMURF2;CDKN2A;PSMA7;PSMD11;PSMD5;PSMB2;PSMD13;PSMB9;UBA52;PSMB8;UBC;PSMC3;PSMC5
prerank,RNA Polymerase II Pre-transcription Events R-HSA-674695,0.37885845930550693,1.3032339611051251,8.116883e-02,1.000000e+00,1.000000e+00,27/77,24.59%,GTF2F2;SUPT4H1;NELFA;AFF4;LEO1;TAF7;GTF2A1;PAF1;TAF6;MLLT3;NCBP2;CCNH;CTDP1;TAF15;TAF9;GTF2H3;GTF2H5;IWS1;POLR2D;GTF2H4;ERCC3;POLR2C;CDK7;CCNK;TBP;TAF5;GTF2B
prerank,Metabolism Of Water-Soluble Vitamins And Cofactors R-HSA-196849,0.3796849882837174,1.302497340020691,9.900990e-02,1.000000e+00,1.000000e+00,34/74,35.76%,MCCC2;SLC25A16;FLAD1;PARP9;SLC2A3;TPK1;PARP6;HLCS;PCCB;MMAB;MTR;CYB5A;PPCS;PANK3;MTHFD1;DHFR;PDZD11;MTHFR;GPHN;PCCA;CD320;NAXE;NMRK1;VNN2;LMBRD1;ABCD4;NAXD;CYB5R3;SLC5A6;ABCC1;NAPRT;GSTO1;FPGS;PARP14
prerank,Costimulation By CD28 Family R-HSA-388841,-0.30480950533949636,-1.3013843573269859,5.645161e-02,4.427749e-01,9.980000e-01,9/50,7.36%,MAP3K8;CDC42;PIK3R1;HLA-DRB5;PKN1;PPP2CA;PPP2CB;THEM4;CD3E
prerank,Signaling By Retinoic Acid R-HSA-5362517,0.4667055021962455,1.2978328153174823,1.291560e-01,1.000000e+00,1.000000e+00,12/21,36.78%,RDH11;RDH5;PDHB;PDK2;RXRB;RARG;AKR1C3;DLAT;DHRS4;CPT1A;PDK3;RDH13
prerank,mRNA Decay By 3 To 5 Exoribonuclease R-HSA-429958,-0.40065321146956534,-1.2976124621367062,1.162791e-01,4.428735e-01,9.980000e-01,7/16,19.73%,HBS1L;EXOSC4;DIS3;NT5C3B;EXOSC3;EXOSC7;EXOSC5
prerank,Cleavage Of Damaged Purine R-HSA-110331,-0.35420524251582236,-1.2973665177331852,1.050000e-01,4.347296e-01,9.980000e-01,9/26,17.23%,H2BC12;H2AX;H2AJ;TERF1;H2AZ1;TERF2IP;H2AC20;H2AZ2;POT1
prerank,Gluconeogenesis R-HSA-70263,0.46870756186669676,1.2954954993903482,1.365915e-01,1.000000e+00,1.000000e+00,11/19,32.91%,PCNX4;SLC25A1;TPI1;GNPDA1;MDH1;SLC25A13;SLC25A11;SLC37A1;ENO2;ALDOC;PGK1
prerank,Asymmetric Localization Of PCP Proteins R-HSA-4608870,0.4028607321517684,1.293716582504333,1.132723e-01,1.000000e+00,1.000000e+00,17/50,20.96%,PSMD4;PSMA6;PSME3;PSMB10;SMURF2;PSMA7;PSMD11;PSMD5;PSMB2;SCRIB;PSMD13;PSMB9;UBA52;PSMB8;UBC;PSMC3;PSMC5
prerank,AUF1 (hnRNP D0) Binds And Destabilizes mRNA R-HSA-450408,0.4012867761125345,1.2925568570561166,1.037628e-01,1.000000e+00,1.000000e+00,18/51,20.96%,PSMD4;PSMA6;HNRNPD;PSME3;PSMB10;HSPA8;PSMA7;PSMD11;PSMD5;PSMB2;PSMD13;HSPA1A;PSMB9;UBA52;PSMB8;UBC;PSMC3;PSMC5
prerank,RHOG GTPase Cycle R-HSA-9013408,-0.29550909759398036,-1.2904228711386339,9.174312e-02,4.429001e-01,9.980000e-01,10/52,9.55%,CDC42;PIK3R1;HSPE1;ARHGDIA;NDUFS3;VAMP3;ANKLE2;ARHGAP5;PGRMC2;ELMO2
prerank,Nucleotide Excision Repair R-HSA-5696398,0.36226650370045416,1.2896109785617647,7.288317e-02,1.000000e+00,1.000000e+00,34/101,22.84%,ERCC6;RFC2;ZNF830;POLK;XRCC1;ERCC5;COPS5;INO80D;ACTR8;DDB2;AQR;RNF111;ERCC4;RFC4;RAD23B;CCNH;INO80;COPS7A;PIAS1;GTF2H3;GTF2H5;POLR2D;RBX1;INO80C;UBA52;RUVBL1;GTF2H4;ERCC3;POLR2C;UBC;CDK7;XAB2;UVSSA;INO80B
prerank,Regulation Of RUNX1 Expression And Activity R-HSA-8934593,0.5052991527991536,1.2869663269259197,1.514360e-01,1.000000e+00,1.000000e+00,5/15,17.58%,RUNX1;MOV10;CCND2;CCND3;AGO4
prerank,RNA Polymerase I Transcription Initiation R-HSA-73762,0.40551838558146014,1.285789224930252,1.113689e-01,1.000000e+00,1.000000e+00,14/44,25.45%,EHMT2;ERCC6;MTA1;CCNH;TTF1;UBTF;GTF2H3;GTF2H5;POLR1H;GTF2H4;ERCC3;CDK7;TBP;CHD3
prerank,Signaling By ERBB2 KD Mutants R-HSA-9664565,0.503183561823799,1.2853915723084501,1.628533e-01,1.000000e+00,1.000000e+00,5/15,15.35%,ERBB2;PIK3CA;PLCG1;SHC1;NRG2
prerank,Oxygen-dependent Proline Hydroxylation Of Hypoxia-inducible Factor Alpha R-HSA-1234176,0.39376610744539803,1.2836860208699905,1.131429e-01,1.000000e+00,1.000000e+00,19/57,20.96%,PSMD4;PSMA6;PSME3;PSMB10;PSMA7;PSMD11;PSMD5;PSMB2;LIMD1;PSMD13;HIF1A;PSMB9;UBE2D2;RBX1;UBA52;PSMB8;UBC;PSMC3;PSMC5
prerank,Degradation Of DVL R-HSA-4641258,0.39766241477058456,1.2819476888889014,1.221461e-01,1.000000e+00,1.000000e+00,17/50,20.96%,DVL3;PSMD4;PSMA6;PSME3;PSMB10;PSMA7;PSMD11;PSMD5;PSMB2;PSMD13;PSMB9;RBX1;UBA52;PSMB8;UBC;PSMC3;PSMC5
prerank,Transmission Across Chemical Synapses R-HSA-112315,0.36436990035186045,1.2819289884868441,8.839191e-02,1.000000e+00,1.000000e+00,19/85,17.29%,AKAP5;MYO6;GNAL;CACNA2D2;SLC1A7;ARHGEF7;ARL6IP5;NPTN;PRKAB2;PPFIA1;HSPA8;GNG5;CHRNE;PLCB2;AP2A2;VAMP2;GNG10;GNB2;COMT
prerank,Mitotic Prophase R-HSA-68875,-0.26070963439780737,-1.2804196466575537,6.250000e-02,4.584285e-01,9.980000e-01,25/94,16.43%,H3-3B;H2BC12;PPP2CA;H2AX;H2AJ;RAB1A;NUP98;PPP2CB;GORASP2;TPR;SET;SEH1L;NUP155;H2AZ1;ARPP19;PRKCA;H2AC20;RAB1B;NUP50;EMD;SMC4;PHF8;RAB2A;SEC13;H2AZ2
prerank,Formation Of Incision Complex In GG-NER R-HSA-5696395,0.40124658304560834,1.279691636027485,1.406977e-01,1.000000e+00,1.000000e+00,15/41,20.56%,ERCC5;DDB2;RNF111;ERCC4;RAD23B;CCNH;PIAS1;GTF2H3;GTF2H5;RBX1;UBA52;GTF2H4;ERCC3;UBC;CDK7
prerank,Regulation Of RAS By GAPs R-HSA-5658442,0.3915897361838945,1.2787531488844508,1.233032e-01,1.000000e+00,1.000000e+00,18/56,21.12%,PSMD4;PSMA6;PSME3;PSMB10;NF1;PSMA7;PSMD11;PSMD5;PSMB2;PSMD13;PSMB9;RBX1;UBA52;PSMB8;UBC;PSMC3;PSMC5;RASA3
prerank,Glyoxylate Metabolism And Glycine Degradation R-HSA-389661,0.47284574934212176,1.2768274897332799,1.470199e-01,1.000000e+00,1.000000e+00,9/18,30.64%,OGDH;PDHB;BCKDHB;LIPT1;GRHPR;DHTKD1;LIAS;GCSH;DLAT
prerank,Mitochondrial tRNA Aminoacylation R-HSA-379726,0.4693199554344907,1.2756566069217634,1.518325e-01,1.000000e+00,1.000000e+00,9/20,37.92%,RARS2;GARS1;FARS2;IARS2;DTD1;PPA2;QARS1;SARS2;VARS2
prerank,RAS Processing R-HSA-9648002,0.4928685334397917,1.2737753574924513,1.645244e-01,1.000000e+00,1.000000e+00,8/15,38.66%,RCE1;BCL2L1;ABHD17A;ICMT;PRKCQ;ARL2;ABHD17B;ABHD17C
prerank,Regulation Of PTEN Stability And Activity R-HSA-8948751,0.3821046933957477,1.273583644624696,1.144444e-01,1.000000e+00,1.000000e+00,22/62,24.02%,TRIM27;PSMD4;PSMA6;PSME3;PSMB10;RNF146;PSMA7;PSMD11;PSMD5;PSMB2;PSMD13;PSMB9;UBA52;PSMB8;CSNK2A2;TNKS;UBC;PSMC3;PSMC5;TNKS2;AKT3;PSMB3
prerank,Meiotic Recombination R-HSA-912446,-0.3271402087596441,-1.2734024595018707,1.298701e-01,4.664555e-01,9.990000e-01,4/35,1.52%,H3-3B;H2BC12;H2AX;H2AJ
prerank,CD209 (DC-SIGN) Signaling R-HSA-5621575,-0.3916300111072325,-1.273082081386494,1.722689e-01,4.585983e-01,9.990000e-01,4/16,11.26%,PKN1;CREBBP;ICAM3;PRKCA
prerank,Apoptotic Execution Phase R-HSA-75153,-0.3168403773491698,-1.2724655510927994,9.090909e-02,4.519704e-01,9.990000e-01,11/36,16.25%,H1-3;BIRC2;GSN;H1-4;HMGB1;HMGB2;H1-2;STK26;CLSPN;H1-5;CASP8
prerank,RHO GTPases Activate PKNs R-HSA-5625740,-0.31835117434703486,-1.2698922808328454,9.859155e-02,4.500680e-01,9.990000e-01,7/44,3.89%,H3-3B;H2BC12;PKN1;H2AX;H2AJ;YWHAE;MYL6
prerank,JNK (c-Jun Kinases) Phosphorylation And Activation Mediated By Activated Human TAK1 R-HSA-450321,0.4970159748036902,1.2695668990417917,1.776913e-01,1.000000e+00,1.000000e+00,4/16,10.51%,MAPK9;TRAF6;UBE2V1;MAP2K4
prerank,Mitochondrial Protein Import R-HSA-1268020,-0.2881558698319348,-1.2688869211210836,1.041667e-01,4.444767e-01,9.990000e-01,19/62,14.99%,HSPD1;TIMM17B;ATP5MC1;TIMM22;MTX1;TIMM8A;BCS1L;GRPEL2;TIMM8B;TIMM17A;CMC2;COX19;GRPEL1;TIMM23;NDUFB8;VDAC1;TOMM22;CHCHD2;TIMM44
prerank,RNA Polymerase I Transcription Termination R-HSA-73863,0.43085097347682166,1.2684827513126236,1.505508e-01,1.000000e+00,1.000000e+00,10/28,23.11%,CCNH;TTF1;UBTF;GTF2H3;GTF2H5;POLR1H;GTF2H4;ERCC3;CDK7;TBP
prerank,Downstream Signal Transduction R-HSA-186763,0.4489487307587459,1.2673270104593013,1.614124e-01,1.000000e+00,1.000000e+00,8/23,15.11%,STAT3;PDGFRB;CRK;STAT5A;PIK3CA;PLCG1;STAT1;STAT5B
prerank,Fatty acyl-CoA Biosynthesis R-HSA-75105,0.4498262360971133,1.2625881037936675,1.570881e-01,1.000000e+00,1.000000e+00,9/23,21.93%,SCD5;SLC25A1;HACD2;TECR;HACD3;ACSF3;SLC27A3;ACSL5;ACSL4
prerank,Signaling By KIT In Disease R-HSA-9669938,0.4811442193781951,1.2623877748295735,1.780105e-01,1.000000e+00,1.000000e+00,6/17,15.11%,STAT3;STAT5A;PIK3CA;PIK3R3;STAT1;STAT5B
prerank,Metabolism Of Lipids R-HSA-556833,0.3260103905179665,1.2615059870316316,8.008008e-03,1.000000e+00,1.000000e+00,169/443,33.28%,PTGDS;OSBPL3;VAPB;SCD5;INPP4A;INPPL1;SCAP;FAR1;MED27;SREBF2;ACBD6;SLC25A1;ACOT8;PLEKHA3;CEPT1;LPCAT4;FAM120B;AGPAT1;PHYH;MED24;PRKAB2;MTMR4;PCYT2;AGPS;ACOT4;PITPNM1;DHRS7B;MED12;CHKB;GBA2;MED25;SPTLC1;PIP4P1;HMGCL;GDPD5;PIK3C3;GDE1;HELZ2;PLAAT4;MVK;INSIG2;FDPS;MBTPS1;ACAA1;PLEKHA2;HACD2;FDXR;SMPD4;PIK3CA;TECR;NCOA6;PTGES2;SMPD1;PCCB;FIG4;MTMR3;MED7;PIK3R3;MED17;MIGA2;PPP1CA;BDH2;PECR;PIK3C2A;CRLS1;HADH;MBD4;ARV1;PLD3;MLYCD;TNFAIP8L1;HACD3;SPHK2;CPTP;CERS2;ACOT13;GNPAT;NCOR1;HEXB;SRD5A3;PLEKHA5;CDK19;SGPL1;PNPLA2;MED8;ACSF3;DDHD1;NCOA3;ALAS1;SLC44A2;NFYC;PITPNM2;CLSTN1;SLC27A3;GSTM4;CBR1;PIP4K2B;SBF1;SUMF1;FDX2;CSNK2A2;ACSL5;SELENOI;HSD17B11;SMPD2;MCEE;ACSL4;PCCA;LPCAT1;SMPD3;PI4K2B;HPGD;RXRB;OXCT1;PLIN3;AACS;STARD3NL;BDH1;MED21;PRKACB;PLAAT3;ABHD4;SYNJ2;CRAT;GPCPD1;ARSG;CDIPT;KPNB1;HADHA;DHCR7;PRKAG2;LTA4H;PEMT;ABHD5;INPP5D;SPTLC2;ABHD3;GPD2;CYP2R1;MSMO1;SIN3B;AKR1C3;TAFAZZIN;SGMS1;AGPAT4;PIP5K1C;MTMR9;ACSL3;PRKD2;SLC51A;OSBPL7;PIK3R2;CDS2;SRD5A1;DECR1;GLIPR1;PPARA;GPAT4;CCNC;GPS2;ESYT1;PIK3CG;CTSA;AMACR;ARF3;UGCG;PISD;UBE2I;MCAT
prerank,Ub-specific Processing Proteases R-HSA-5689880,0.33972069526695653,1.2607116800664415,7.135576e-02,1.000000e+00,1.000000e+00,51/160,25.06%,HGS;PSMD4;USP11;USP42;PSMA6;PSME3;TRAF6;USP28;PSMB10;USP5;RCE1;USP34;MUL1;SMURF2;SIAH2;DDB2;ATXN7;H2BC15;USP19;TRRAP;SMAD4;RNF146;PSMA7;PSMD11;ARRB1;TP53;PSMD5;USP37;PSMB2;TOMM70;PSMD13;HIF1A;PSMB9;USP3;UBA52;FKBP8;OTUB1;PSMB8;RUVBL1;USP32;ADRB2;TNKS;UBC;PSMC3;PSMC5;RHOT1;RIGI;TNKS2;PSMB3;UFD1;TGFBR1
prerank,Cross-presentation Of Soluble Exogenous Antigens (Endosomes) R-HSA-1236978,0.40298340355764406,1.2590104748515019,1.468860e-01,1.000000e+00,1.000000e+00,13/42,20.96%,PSMD4;PSMA6;PSME3;PSMB10;PSMA7;PSMD11;PSMD5;PSMB2;PSMD13;PSMB9;PSMB8;PSMC3;PSMC5
prerank,GSK3B And BTRC:CUL1-mediated-degradation Of NFE2L2 R-HSA-9762114,0.3917197539030162,1.2536122705746648,1.413793e-01,1.000000e+00,1.000000e+00,18/50,20.96%,PSMD4;PSMA6;PSME3;PSMB10;PSMA7;PSMD11;PSMD5;PSMB2;PSMD13;PSMB9;CUL1;RBX1;UBA52;PSMB8;GSK3B;UBC;PSMC3;PSMC5
prerank,Platelet Sensitization By LDL R-HSA-432142,0.4837535556000774,1.2492754848132988,1.838624e-01,1.000000e+00,1.000000e+00,5/15,9.41%,MAPK14;PPP2R5D;PPP2R5C;PPP2R5E;PPP2R5A
prerank,SARS-CoV-2 Modulates Host Translation Machinery R-HSA-9754678,-0.4039036048595897,-1.2481090017497425,1.622642e-01,4.871997e-01,1.000000e+00,15/15,59.68%,SNRPF;SNRPD2;SNRPG;FAU;SMN1;GEMIN4;SNRPB;GEMIN2;SNRPD3;GEMIN5;GEMIN8;DDX20;GEMIN6;SNRPE;GEMIN7
prerank,SCF(Skp2)-mediated Degradation Of P27/P21 R-HSA-187577,0.3849356701361644,1.2447732375519576,1.551529e-01,1.000000e+00,1.000000e+00,18/51,20.96%,PSMD4;PSMA6;PSME3;PSMB10;CDK4;CDKN1B;PSMA7;PSMD11;PSMD5;PSMB2;PSMD13;PSMB9;CUL1;UBA52;PSMB8;UBC;PSMC3;PSMC5
prerank,COPII-mediated Vesicle Transport R-HSA-204005,-0.28435344927964473,-1.244533469637261,1.206897e-01,4.885902e-01,1.000000e+00,16/54,14.58%,TMED2;TRAPPC10;TRAPPC2L;TRAPPC6A;SEC24C;RAB1A;TRAPPC2;CSNK1D;CNIH1;SAR1B;NAPG;SEC22C;RAB1B;SEC24A;PPP6C;SEC22A
prerank,Hh Mutants Abrogate Ligand Secretion R-HSA-5387390,0.38617285611016144,1.2441306275137052,1.710983e-01,1.000000e+00,1.000000e+00,17/51,20.96%,PSMD4;PSMA6;PSME3;PSMB10;SYVN1;PSMA7;PSMD11;PSMD5;PSMB2;PSMD13;PSMB9;UBA52;PSMB8;UBC;VCP;PSMC3;PSMC5
prerank,Hh Mutants Are Degraded By ERAD R-HSA-5362768,0.38617285611016144,1.2441306275137052,1.710983e-01,1.000000e+00,1.000000e+00,17/51,20.96%,PSMD4;PSMA6;PSME3;PSMB10;SYVN1;PSMA7;PSMD11;PSMD5;PSMB2;PSMD13;PSMB9;UBA52;PSMB8;UBC;VCP;PSMC3;PSMC5
prerank,PCP/CE Pathway R-HSA-4086400,0.3685629673574845,1.241703647213522,1.323693e-01,1.000000e+00,1.000000e+00,23/70,21.58%,DVL3;PSMD4;PSMA6;PSME3;PSMB10;SMURF2;CLTC;AP2A2;PSMA7;PSMD11;PSMD5;PSMB2;SCRIB;PSMD13;PSMB9;NCOA3;UBA52;PSMB8;RHOA;UBC;PSMC3;PSMC5;AP2A1
prerank,FBXL7 Down-Regulates AURKA During Mitotic Entry And In Early Mitosis R-HSA-8854050,0.38929690346078594,1.2413216230773967,1.557093e-01,1.000000e+00,1.000000e+00,17/49,20.96%,PSMD4;PSMA6;PSME3;PSMB10;PSMA7;PSMD11;PSMD5;PSMB2;PSMD13;PSMB9;CUL1;RBX1;UBA52;PSMB8;UBC;PSMC3;PSMC5
prerank,Cellular Response To Hypoxia R-HSA-1234174,0.37275412306988914,1.2410536857309242,1.451069e-01,1.000000e+00,1.000000e+00,20/64,20.96%,PSMD4;PSMA6;PSME3;PSMB10;PSMA7;PSMD11;PSMD5;PSMB2;LIMD1;PSMD13;HIF1A;CITED2;PSMB9;UBE2D2;RBX1;UBA52;PSMB8;UBC;PSMC3;PSMC5
prerank,Presynaptic Phase Of Homologous DNA Pairing And Strand Exchange R-HSA-5693616,0.4255122635371894,1.2384711911296467,1.878049e-01,1.000000e+00,1.000000e+00,7/28,17.88%,RFC2;HUS1;RAD51C;RFC4;RAD17;TOPBP1;RAD50
prerank,Pre-NOTCH Expression And Processing R-HSA-1912422,-0.27676443904610304,-1.2356110995371683,1.250000e-01,5.032058e-01,1.000000e+00,8/59,2.57%,H3-3B;TMED2;H2BC12;SNW1;B4GALT1;H2AX;H2AJ;RBPJ
prerank,Nuclear Envelope (NE) Reassembly R-HSA-2995410,-0.27115424657920445,-1.2351712547520104,1.078431e-01,4.960997e-01,1.000000e+00,16/59,16.09%,PPP2CA;NUP98;TUBB4B;TUBA4A;SEH1L;AHCTF1;NUP155;ANKLE2;SUMO1;RAN;IST1;SIRT2;TUBA1B;EMD;CHMP2A;SEC13
prerank,RIPK1-mediated Regulated Necrosis R-HSA-5213460,-0.335516599118356,-1.2320140571195979,1.907514e-01,4.957099e-01,1.000000e+00,5/28,3.82%,UBB;BIRC2;FLOT1;CFLAR;MLKL
prerank,"Transport Of Bile Salts And Organic Acids, Metal Ions And Amine Compounds R-HSA-425366",0.4033390334225777,1.2305684817935667,1.537515e-01,1.000000e+00,1.000000e+00,12/32,26.74%,RUNX1;BSG;SLC2A13;SLC41A1;SLC5A3;SLC39A7;SLC44A2;SLC39A1;SLC30A5;SLC22A18;SLC30A6;SLC16A3
prerank,RNA Polymerase III Transcription Initiation From Type 2 Promoter R-HSA-76066,0.4249979434929823,1.230388971710922,2.117794e-01,1.000000e+00,1.000000e+00,6/25,9.47%,GTF3C2;BDP1;POLR3C;GTF3C3;POLR3A;GTF3C6
prerank,Collagen Formation R-HSA-1474290,0.43908783520980943,1.2303228106109443,1.894219e-01,1.000000e+00,1.000000e+00,5/24,7.94%,COL13A1;P3H1;COLGALT2;PLOD1;PLOD3
prerank,Deubiquitination R-HSA-5688426,0.32570164179844785,1.229997201557174,6.445116e-02,1.000000e+00,1.000000e+00,61/225,20.96%,HGS;TRIM4;PSMD4;USP11;USP42;PSMA6;PSME3;TRAF6;USP28;PSMB10;USP5;RCE1;USP34;MUL1;MBD6;SMURF2;SIAH2;INO80D;ACTR8;DDB2;ATXN7;H2BC15;USP19;TRRAP;SMAD4;RNF146;PSMA7;PSMD11;ARRB1;RAD23B;TP53;PSMD5;USP37;PSMB2;INO80;TOMM70;PSMD13;HIF1A;MAVS;FOXK1;PSMB9;TNIP2;USP3;BRCC3;INO80C;UBA52;FKBP8;OTUB1;PSMB8;RUVBL1;MYSM1;TNIP1;RHOA;USP32;ADRB2;TRIM25;TNKS;UBC;VCP;PSMC3;PSMC5
prerank,Cyclin E Associated Events During G1/S Transition R-HSA-69202,0.3623005685178493,1.229736443385042,1.428571e-01,1.000000e+00,1.000000e+00,24/70,24.02%,LIN37;PSMD4;PSMA6;PSME3;PSMB10;CDK4;CDKN1B;PSMA7;PSMD11;CCNH;PSMD5;PSMB2;PSMD13;PSMB9;CUL1;UBA52;PSMB8;UBC;CDK7;PSMC3;LIN54;PSMC5;AKT3;PSMB3
prerank,Regulation Of Ornithine Decarboxylase (ODC) R-HSA-350562,0.3900384138964516,1.2290763179208855,1.700118e-01,1.000000e+00,1.000000e+00,13/46,20.96%,PSMD4;PSMA6;PSME3;PSMB10;PSMA7;PSMD11;PSMD5;PSMB2;PSMD13;PSMB9;PSMB8;PSMC3;PSMC5
prerank,Ubiquitin Mediated Degradation Of Phosphorylated Cdc25A R-HSA-69601,0.38555122068765024,1.2282773588851206,1.730104e-01,1.000000e+00,1.000000e+00,15/46,20.96%,PSMD4;PSMA6;PSME3;PSMB10;PSMA7;PSMD11;PSMD5;PSMB2;PSMD13;PSMB9;UBA52;PSMB8;UBC;PSMC3;PSMC5
prerank,Pre-NOTCH Transcription And Translation R-HSA-1912408,-0.2952168489417238,-1.2261452688383307,1.567164e-01,5.023859e-01,1.000000e+00,7/45,5.11%,H3-3B;H2BC12;SNW1;H2AX;H2AJ;RBPJ;CREBBP
prerank,Cyclin A:Cdk2-associated Events At S Phase Entry R-HSA-69656,0.359699529161474,1.225502395843124,1.514819e-01,1.000000e+00,1.000000e+00,24/72,24.02%,LIN37;PSMD4;PSMA6;PSME3;PSMB10;CDK4;CDKN1B;PSMA7;PSMD11;CCNH;PSMD5;PSMB2;PSMD13;PSMB9;CUL1;UBA52;PSMB8;UBC;CDK7;PSMC3;LIN54;PSMC5;AKT3;PSMB3
prerank,Ovarian Tumor Domain Proteases R-HSA-5689896,0.41246273557555324,1.2246290151023431,1.950646e-01,1.000000e+00,1.000000e+00,13/31,22.75%,TRIM4;TRAF6;TP53;MAVS;TNIP2;UBA52;OTUB1;TNIP1;RHOA;TRIM25;UBC;VCP;RIGI
prerank,Regulation Of Activated PAK-2p34 By Proteasome Mediated Degradation R-HSA-211733,0.3872496989046886,1.2229597864559152,1.799065e-01,1.000000e+00,1.000000e+00,15/46,20.96%,PSMD4;PSMA6;PSME3;PSMB10;PSMA7;PSMD11;PSMD5;PSMB2;PSMD13;PSMB9;UBA52;PSMB8;UBC;PSMC3;PSMC5
prerank,HIV Transcription Initiation R-HSA-167161,0.38459641521409293,1.2196189127615031,1.875719e-01,1.000000e+00,1.000000e+00,17/44,24.59%,GTF2F2;TAF7;GTF2A1;TAF6;CCNH;TAF15;TAF9;GTF2H3;GTF2H5;POLR2D;GTF2H4;ERCC3;POLR2C;CDK7;TBP;TAF5;GTF2B
prerank,p53-Dependent G1 DNA Damage Response R-HSA-69563,0.37327665541891575,1.2194563909616711,1.719101e-01,1.000000e+00,1.000000e+00,18/55,20.96%,PSMD4;PSMA6;PSME3;PSMB10;CDKN2A;CDKN1B;PSMA7;PSMD11;TP53;PSMD5;PSMB2;PSMD13;PSMB9;UBA52;PSMB8;UBC;PSMC3;PSMC5
prerank,"Glutamate Binding, Activation Of AMPA Receptors And Synaptic Plasticity R-HSA-399721",0.4635767541531493,1.2192915737321988,2.135279e-01,1.000000e+00,1.000000e+00,8/16,30.52%,AKAP5;MYO6;AP2A2;PICK1;AP2A1;AP2S1;LLGL1;PRKCB
prerank,G1/S DNA Damage Checkpoints R-HSA-69615,0.37063222665888007,1.218291431091651,1.741071e-01,1.000000e+00,1.000000e+00,18/56,20.96%,PSMD4;PSMA6;PSME3;PSMB10;CDKN2A;CDKN1B;PSMA7;PSMD11;TP53;PSMD5;PSMB2;PSMD13;PSMB9;UBA52;PSMB8;UBC;PSMC3;PSMC5
prerank,Regulation Of Beta-Cell Development R-HSA-186712,-0.381522171337443,-1.2178347870809225,1.945525e-01,5.165313e-01,1.000000e+00,5/16,12.87%,SNW1;RBPJ;CREBBP;GATD3;AKT1
prerank,Stabilization Of P53 R-HSA-69541,0.37737376172290377,1.217055161482974,1.724138e-01,1.000000e+00,1.000000e+00,17/52,20.96%,PSMD4;PSMA6;PSME3;PSMB10;CDKN2A;PSMA7;PSMD11;TP53;PSMD5;PSMB2;PSMD13;PSMB9;UBA52;PSMB8;UBC;PSMC3;PSMC5
prerank,RNA Polymerase II Transcribes snRNA Genes R-HSA-6807505,0.35904967666171783,1.2169308880139502,1.606557e-01,1.000000e+00,1.000000e+00,38/72,37.39%,GTF2F2;ZNF143;SUPT4H1;INTS10;INTS12;GTF2A1;TAF6;SNAPC2;NCBP2;ICE2;INTS9;TAF9;INTS14;INTS11;POLR2D;INTS3;PCF11;INTS2;POLR2C;CDK7;CCNK;NABP2;TBP;INTS13;TAF5;GTF2B;INTS1;POU2F2;RPRD1A;SNAPC5;INTS8;GTF2E2;INTS7;ELL;INTS4;POLR2I;GTF2E1;POLR2B
prerank,Degradation Of GLI2 By Proteasome R-HSA-5610783,0.3740783422950741,1.216761169381748,1.755379e-01,1.000000e+00,1.000000e+00,18/54,20.96%,PSMD4;PSMA6;PSME3;PSMB10;PSMA7;PSMD11;PSMD5;PSMB2;PSMD13;PSMB9;CUL1;RBX1;UBA52;PSMB8;GSK3B;UBC;PSMC3;PSMC5
prerank,GLI3 Is Processed To GLI3R By Proteasome R-HSA-5610785,0.3740783422950741,1.216761169381748,1.755379e-01,1.000000e+00,1.000000e+00,18/54,20.96%,PSMD4;PSMA6;PSME3;PSMB10;PSMA7;PSMD11;PSMD5;PSMB2;PSMD13;PSMB9;CUL1;RBX1;UBA52;PSMB8;GSK3B;UBC;PSMC3;PSMC5
prerank,Chaperone Mediated Autophagy R-HSA-9613829,0.47647846430178376,1.2148842148934758,2.052632e-01,1.000000e+00,1.000000e+00,9/15,25.08%,HDAC6;HSPA8;PCNT;IFT88;ARL13B;UBA52;UBC;LAMP2;PLIN3
prerank,Signaling By FGFR4 R-HSA-5654743,-0.33022014557697654,-1.2137998897846156,1.581633e-01,5.202114e-01,1.000000e+00,4/24,2.91%,UBB;PIK3R1;PPP2CA;PPP2CB
prerank,Insertion Of Tail-Anchored Proteins Into Endoplasmic Reticulum Membrane R-HSA-9609523,0.4426715966337449,1.2131504501052106,2.150127e-01,1.000000e+00,1.000000e+00,6/20,15.44%,UBL4A;GET1;UBE2J2;CYB5A;SGTA;VAMP2
prerank,Negative Regulation Of FGFR4 Signaling R-HSA-5654733,-0.37350174306790473,-1.2127771243536607,1.911111e-01,5.001705e-01,1.000000e+00,3/16,2.91%,UBB;PPP2CA;PPP2CB
prerank,Negative Regulation Of FGFR3 Signaling R-HSA-5654732,-0.37350174306790473,-1.2127771243536607,1.911111e-01,5.001705e-01,1.000000e+00,3/16,2.91%,UBB;PPP2CA;PPP2CB
prerank,Negative Regulation Of FGFR2 Signaling R-HSA-5654727,-0.37350174306790473,-1.2127771243536607,1.911111e-01,5.001705e-01,1.000000e+00,3/16,2.91%,UBB;PPP2CA;PPP2CB
prerank,Protein Methylation R-HSA-8876725,0.4767166262587104,1.209959264427725,2.226614e-01,1.000000e+00,1.000000e+00,5/15,20.57%,CAMKMT;HSPA8;METTL21A;VCPKMT;VCP
prerank,Vif-mediated Degradation Of APOBEC3G R-HSA-180585,0.37865186738242024,1.2094885690895352,1.972477e-01,1.000000e+00,1.000000e+00,16/50,20.96%,PSMD4;PSMA6;PSME3;PSMB10;PSMA7;PSMD11;PSMD5;PSMB2;PSMD13;PSMB9;RBX1;UBA52;PSMB8;UBC;PSMC3;PSMC5
prerank,Hedgehog Ligand Biogenesis R-HSA-5358346,0.37404964343150543,1.208715491966424,2.043628e-01,1.000000e+00,1.000000e+00,17/53,20.96%,PSMD4;PSMA6;PSME3;PSMB10;SYVN1;PSMA7;PSMD11;PSMD5;PSMB2;PSMD13;PSMB9;UBA52;PSMB8;UBC;VCP;PSMC3;PSMC5
prerank,Defective Homologous Recombination Repair (HRR) Due To BRCA2 Loss Of Function R-HSA-9701190,0.41564070534037245,1.2080560749123723,2.063107e-01,1.000000e+00,1.000000e+00,6/28,11.72%,RFC2;HUS1;RAD51C;RFC4;RAD17;TOPBP1
prerank,Transcriptional Regulation By VENTX R-HSA-8853884,0.39047176682908563,1.207138017498227,1.880141e-01,1.000000e+00,1.000000e+00,17/35,35.99%,EHMT2;MOV10;ANAPC10;CDKN2A;CDC16;ANAPC7;TP53;UBE2E1;AGO4;ANAPC1;AGO1;CEBPB;ANAPC2;CDC23;AGO3;ANAPC5;UBE2D1
prerank,RAF-independent MAPK1/3 Activation R-HSA-112409,-0.3580458057135368,-1.2068790173424488,1.637168e-01,5.067889e-01,1.000000e+00,4/18,10.90%,DUSP2;JAK1;DUSP4;DUSP6
prerank,HDR Thru Single Strand Annealing (SSA) R-HSA-5685938,0.4154010126518069,1.2049220938082204,2.166463e-01,1.000000e+00,1.000000e+00,9/26,26.84%,RFC2;HUS1;ERCC4;RFC4;RAD17;TOPBP1;RAD50;ERCC1;KAT5
prerank,Nephrin Family Interactions R-HSA-373753,-0.3878729358627445,-1.203802350119481,2.032520e-01,5.071714e-01,1.000000e+00,6/15,14.65%,PIK3R1;NCK2;CD2AP;SPTBN1;PIK3CB;NCK1
prerank,Neurexins And Neuroligins R-HSA-6794361,0.4607097432215509,1.2021152342726003,2.448980e-01,1.000000e+00,1.000000e+00,5/16,20.89%,DLGAP4;APBA3;EPB41;PDLIM5;SHARPIN
prerank,Selective Autophagy R-HSA-9663891,0.3671371985584296,1.2021006425700596,1.900552e-01,1.000000e+00,1.000000e+00,19/53,20.57%,PRKAB2;MFN1;UBE2V1;NBR1;TOMM5;HDAC6;HSPA8;MFN2;PCNT;PINK1;TOMM70;IFT88;ARL13B;TOMM6;ATG5;UBA52;CSNK2A2;UBC;VCP
prerank,Activated TAK1 Mediates P38 MAPK Activation R-HSA-450302,0.4633073516240549,1.201468309204488,2.301691e-01,1.000000e+00,1.000000e+00,3/17,5.70%,TRAF6;MAPK14;UBE2V1
prerank,Homologous DNA Pairing And Strand Exchange R-HSA-5693579,0.4095874721923978,1.200944644030501,2.266667e-01,1.000000e+00,1.000000e+00,6/29,11.72%,RFC2;HUS1;RAD51C;RFC4;RAD17;TOPBP1
prerank,Metabolism Of Polyamines R-HSA-351202,0.37544707646989495,1.2005081763738688,1.944121e-01,1.000000e+00,1.000000e+00,14/49,20.96%,PSMD4;PSMA6;PSME3;PSMB10;PSMA7;PSMD11;PSMD5;PSMB2;PSMD13;PSMB9;NPRL2;PSMB8;PSMC3;PSMC5
prerank,Cap-dependent Translation Initiation R-HSA-72737,-0.3097880759892913,-1.199854833008872,1.791045e-01,5.105810e-01,1.000000e+00,9/36,13.51%,EIF3G;RSL24D1;EIF3J;EIF3E;EIF3M;PABPC1;EIF4G1;EIF2B1;EIF4A1
prerank,Platelet Degranulation R-HSA-114608,0.348262592657749,1.1967784115029136,1.737705e-01,1.000000e+00,1.000000e+00,19/70,20.18%,TEX264;WDR1;TMX3;CAP1;ENDOD1;TOR4A;VTI1B;SOD1;SCCPDH;FLNA;STXBP2;THBS1;CYB5R1;ANXA5;PPIA;FAM3C;CDC37L1;VPS72;PLEK
prerank,Miscellaneous Transport And Binding Events R-HSA-5223345,0.455406782927152,1.1938898283241914,2.581486e-01,1.000000e+00,1.000000e+00,8/16,32.32%,LRRC8A;ADD3;LRRC8D;NIPA2;NIPA1;MRS2;MMGT1;BPNT1
prerank,PI Metabolism R-HSA-1483255,0.3525063816921223,1.1930408024985,2.015251e-01,1.000000e+00,1.000000e+00,19/66,19.36%,INPP4A;INPPL1;PLEKHA3;MTMR4;PIP4P1;GDPD5;PIK3C3;GDE1;PLEKHA2;PIK3CA;FIG4;MTMR3;PIK3R3;PIK3C2A;TNFAIP8L1;PLEKHA5;CLSTN1;PIP4K2B;SBF1
prerank,Translation R-HSA-72766,-0.22022317755332027,-1.1922905943534483,1.000000e-03,5.234012e-01,1.000000e+00,41/198,13.55%,SEC61G;MRPL55;EEF1G;EEF1B2;MRPL44;MRPL54;EIF3G;TRAM1;RSL24D1;SRP68;EIF3J;MRPL33;EIF3E;SSR4;MRPL1;MRPS31;AURKAIP1;MRPL53;EIF3M;LARS1;MRPL47;MRPL14;PABPC1;MRPL9;SRPRB;PPA1;ETF1;EPRS1;NARS1;EIF4G1;SEC61A1;RPN2;SRP19;TRMT112;SPCS2;SSR2;MRPS15;MRPL3;EIF2B1;EIF4A1;MRPL42
prerank,mRNA Splicing - Minor Pathway R-HSA-72165,-0.2781978881520839,-1.1907905888185228,1.357143e-01,5.200303e-01,1.000000e+00,17/49,14.44%,SF3B6;POLR2G;SRSF2;SRSF6;POLR2L;POLR2J;SNRPF;SRSF7;SNRPD2;SNRNP25;SF3B2;RNPC3;POLR2F;SNRNP40;SNRPG;ZRSR2;SF3B1
prerank,CD28 Dependent PI3K/Akt Signaling R-HSA-389357,-0.35449861339843797,-1.1895807036259516,2.110092e-01,5.160491e-01,1.000000e+00,3/19,6.05%,MAP3K8;PIK3R1;THEM4
prerank,RAC3 GTPase Cycle R-HSA-9013423,-0.26518567932169856,-1.188661204639901,1.028037e-01,5.119579e-01,1.000000e+00,11/63,8.65%,CDC42;PIK3R1;PKN1;SLC1A5;ARAP2;ARHGAP15;VAMP3;ARHGAP5;AMIGO2;PGRMC2;GIT1
prerank,Late Endosomal Microautophagy R-HSA-9615710,0.4222030193855869,1.1879397237459497,2.368742e-01,1.000000e+00,1.000000e+00,10/23,20.53%,UBAP1;HDAC6;HSPA8;PCNT;VPS37A;IFT88;ARL13B;UBA52;CHMP6;UBC
prerank,NoRC Negatively Regulates rRNA Expression R-HSA-427413,-0.26679550055813156,-1.1877340912056855,1.192661e-01,5.077609e-01,1.000000e+00,12/62,12.61%,SAP30BP;H3-3B;SAP18;H2BC12;H2AX;H2AJ;POLR2L;DNMT1;H2AZ1;POLR2F;SUDS3;H2AC20
prerank,Cleavage Of Damaged Pyrimidine R-HSA-110329,-0.3146416424124197,-1.1875301804003224,1.560694e-01,5.015879e-01,1.000000e+00,10/31,17.23%,H2BC12;H2AX;H2AJ;TERF1;H2AZ1;TERF2IP;H2AC20;NEIL1;H2AZ2;POT1
prerank,Class I Peroxisomal Membrane Protein Import R-HSA-9603798,0.44113545501931706,1.1872369581721596,2.303665e-01,1.000000e+00,1.000000e+00,4/18,10.58%,ABCD3;PEX11B;PEX14;PEX2
prerank,Amino Acids Regulate mTORC1 R-HSA-9639288,0.3706408904758315,1.1860651701611173,2.212087e-01,1.000000e+00,1.000000e+00,17/46,23.77%,ATP6V1A;RRAGC;SZT2;DEPDC5;NPRL3;ATP6V0D1;SLC38A9;ATP6V0E1;SESN2;ATP6V1D;ATP6V1B2;NPRL2;FNIP1;RPTOR;ATP6V0E2;RRAGB;MTOR
prerank,Transcriptional Regulation By RUNX3 R-HSA-8878159,0.34364357810776097,1.1857021823926175,2.002153e-01,1.000000e+00,1.000000e+00,23/79,20.96%,MAML1;RUNX1;PSMD4;PSMA6;PSME3;PSMB10;SMURF2;CDKN2A;SMAD4;PSMA7;PSMD11;TP53;PSMD5;PSMB2;PSMD13;BCL2L11;PSMB9;ITGAL;UBA52;PSMB8;UBC;PSMC3;PSMC5
prerank,Phospholipid Metabolism R-HSA-1483257,0.323353127867022,1.1854056043125019,1.471503e-01,1.000000e+00,1.000000e+00,58/138,33.11%,INPP4A;INPPL1;PLEKHA3;CEPT1;LPCAT4;AGPAT1;MTMR4;PCYT2;PITPNM1;CHKB;PIP4P1;GDPD5;PIK3C3;GDE1;PLAAT4;PLEKHA2;PIK3CA;FIG4;MTMR3;PIK3R3;MIGA2;PIK3C2A;CRLS1;PLD3;TNFAIP8L1;GNPAT;PLEKHA5;PNPLA2;DDHD1;SLC44A2;PITPNM2;CLSTN1;PIP4K2B;SBF1;CSNK2A2;SELENOI;LPCAT1;PI4K2B;PLAAT3;ABHD4;SYNJ2;GPCPD1;CDIPT;HADHA;PEMT;INPP5D;ABHD3;GPD2;TAFAZZIN;AGPAT4;PIP5K1C;MTMR9;PIK3R2;CDS2;GPAT4;PIK3CG;ARF3;PISD
prerank,Autodegradation Of Cdh1 By Cdh1:APC/C R-HSA-174084,0.3536821920997605,1.185176322747151,1.991150e-01,1.000000e+00,1.000000e+00,21/62,24.02%,PSMD4;PSMA6;PSME3;PSMB10;ANAPC10;CDC16;PSMA7;PSMD11;ANAPC7;PSMD5;PSMB2;PSMD13;UBE2E1;PSMB9;UBA52;PSMB8;UBC;PSMC3;PSMC5;ANAPC1;PSMB3
prerank,Gene Silencing By RNA R-HSA-211000,-0.25074027871420057,-1.1837143621800923,7.462687e-02,5.045968e-01,1.000000e+00,15/83,9.36%,H3-3B;H2BC12;H2AX;H2AJ;POLR2G;NUP98;PRKRA;TPR;TSN;POLR2L;SEH1L;NUP155;POLR2J;RAN;H2AZ1
prerank,RIP-mediated NFkB Activation Via ZBP1 R-HSA-1810476,-0.3567335004823334,-1.183554314454575,1.983471e-01,4.985790e-01,1.000000e+00,4/16,7.37%,ZBP1;NFKBIA;CHUK;NFKBIB
prerank,RNA Polymerase III Transcription Initiation From Type 1 Promoter R-HSA-76061,0.40743821245885353,1.181376128610257,2.468672e-01,1.000000e+00,1.000000e+00,6/26,9.47%,GTF3C2;BDP1;POLR3C;GTF3C3;POLR3A;GTF3C6
prerank,Deactivation Of Beta-Catenin Transactivating Complex R-HSA-3769402,-0.3101933630968849,-1.1808342428223109,1.978610e-01,4.992190e-01,1.000000e+00,6/30,8.38%,TCF7;UBB;PYGO2;TLE4;CTBP1;SOX4
prerank,Regulation Of mRNA Stability By Proteins That Bind AU-rich Elements R-HSA-450531,0.3416014170611465,1.1798270791374212,1.978261e-01,1.000000e+00,1.000000e+00,25/81,21.95%,YWHAB;PSMD4;PSMA6;HNRNPD;PSME3;MAPK14;PSMB10;ZFP36L1;PARN;HSPA8;PSMA7;PSMD11;PSMD5;PSMB2;PSMD13;HSPA1A;PSMB9;NUP214;UBA52;PSMB8;UBC;PSMC3;PSMC5;KHSRP;DCP1A
prerank,Formation Of HIV Elongation Complex In Absence Of HIV Tat R-HSA-167152,0.36778634011551503,1.1774912302942,2.174419e-01,1.000000e+00,1.000000e+00,14/44,21.51%,GTF2F2;SUPT4H1;NELFA;NCBP2;CCNH;CTDP1;GTF2H3;GTF2H5;POLR2D;GTF2H4;ERCC3;POLR2C;CDK7;CCNK
prerank,Negative Regulation Of NOTCH4 Signaling R-HSA-9604323,0.36744527177242825,1.1758407625803229,2.140391e-01,1.000000e+00,1.000000e+00,17/51,20.96%,PSMD4;PSMA6;PSME3;PSMB10;PSMA7;PSMD11;PSMD5;PSMB2;PSMD13;PSMB9;CUL1;RBX1;UBA52;PSMB8;UBC;PSMC3;PSMC5
prerank,GPCR Ligand Binding R-HSA-500792,-0.255029468925729,-1.1749475461853907,1.553398e-01,5.084525e-01,1.000000e+00,12/70,9.71%,XCL1;XCL2;GPR183;CD55;GNAS;HEBP1;GPR65;GNGT2;GNB1;CYSLTR1;RAMP1;VIPR2
prerank,Autodegradation Of E3 Ubiquitin Ligase COP1 R-HSA-349425,0.369053712779426,1.1748367242828526,2.369942e-01,1.000000e+00,1.000000e+00,16/48,20.96%,PSMD4;PSMA6;PSME3;PSMB10;PSMA7;PSMD11;TP53;PSMD5;PSMB2;PSMD13;PSMB9;UBA52;PSMB8;UBC;PSMC3;PSMC5
prerank,tRNA Aminoacylation R-HSA-379724,0.3707638138953353,1.1728541316652281,2.452381e-01,1.000000e+00,1.000000e+00,19/41,37.92%,RARS2;CARS1;FARSA;GARS1;FARS2;RARS1;HARS1;AARS1;SARS1;IARS2;DTD1;DARS1;IARS1;AIMP2;PPA2;QARS1;SARS2;TARS1;VARS2
prerank,FGFR2 Alternative Splicing R-HSA-6803529,-0.32529948960781874,-1.1727120984044976,2.105263e-01,5.078093e-01,1.000000e+00,6/23,7.38%,HNRNPM;POLR2G;HNRNPH1;POLR2L;POLR2J;HNRNPA1
prerank,PPARA Activates Gene Expression R-HSA-1989781,0.33568671036779746,1.1720120541544663,1.965628e-01,1.000000e+00,1.000000e+00,17/85,18.06%,MED27;SREBF2;FAM120B;MED24;MED12;MED25;HELZ2;NCOA6;MED7;MED17;MBD4;NCOR1;CDK19;MED8;NCOA3;ALAS1;NFYC
prerank,Negative Regulation Of FGFR1 Signaling R-HSA-5654726,-0.3546821126776774,-1.170643105982038,2.331839e-01,5.069082e-01,1.000000e+00,3/17,2.91%,UBB;PPP2CA;PPP2CB
prerank,Signaling By FGFR2 R-HSA-5654738,-0.2717148590765901,-1.1701854914321086,1.860465e-01,5.019161e-01,1.000000e+00,10/49,7.38%,UBB;PIK3R1;PPP2CA;HNRNPM;POLR2G;PPP2CB;HNRNPH1;POLR2L;POLR2J;HNRNPA1
prerank,Role Of GTSE1 In G2/M Progression After G2 Checkpoint R-HSA-8852276,0.36621948038585517,1.1697653023477168,2.560276e-01,1.000000e+00,1.000000e+00,16/49,20.96%,PSMD4;PSMA6;PSME3;PSMB10;PSMA7;PSMD11;TP53;PSMD5;PSMB2;PSMD13;PSMB9;UBA52;PSMB8;UBC;PSMC3;PSMC5
prerank,GABA Receptor Activation R-HSA-977443,0.4570286031001764,1.1695883458779468,2.734375e-01,1.000000e+00,1.000000e+00,7/15,23.33%,GNAL;NPTN;GNG5;GNG10;GNB2;GNAI2;GNG2
prerank,Orc1 Removal From Chromatin R-HSA-68949,0.35392389976226496,1.1684934224711931,2.258427e-01,1.000000e+00,1.000000e+00,23/60,27.31%,PSMD4;PSMA6;PSME3;PSMB10;MCM5;PSMA7;PSMD11;PSMD5;PSMB2;PSMD13;PSMB9;CUL1;RBX1;UBA52;PSMB8;UBC;PSMC3;PSMC5;PSMB3;ORC3;MCM6;PSMC4;ORC5
prerank,ABC-family Proteins Mediated Transport R-HSA-382556,0.3393597382057176,1.1656510385940555,2.305159e-01,1.000000e+00,1.000000e+00,22/78,22.37%,ABCB8;PSMD4;PSMA6;PSME3;PSMB10;ABCD3;PSMA7;PSMD11;ABCC10;PSMD5;PSMB2;PSMD13;ABCA2;PSMB9;UBA52;PSMB8;ABCA7;UBC;VCP;PSMC3;PSMC5;ABCC5
prerank,SCF-beta-TrCP Mediated Degradation Of Emi1 R-HSA-174113,0.36204477977914473,1.1655705725332244,2.416953e-01,1.000000e+00,1.000000e+00,16/50,20.96%,PSMD4;PSMA6;PSME3;PSMB10;PSMA7;PSMD11;PSMD5;PSMB2;PSMD13;PSMB9;CUL1;UBA52;PSMB8;UBC;PSMC3;PSMC5
prerank,Interleukin-1 Family Signaling R-HSA-446652,0.32590337719058543,1.1652687800336101,2.182952e-01,1.000000e+00,1.000000e+00,35/120,20.96%,LRRC14;PSMD4;STAT3;PSMA6;PSME3;PTPN4;TRAF6;PSMB10;SIGIRR;UBE2V1;NKIRAS2;MAP2K4;PSMA7;PSMD11;TP53;PSMD5;PSMB2;TBK1;PSMD13;TOLLIP;IRAK4;PSMB9;CUL1;TNIP2;PTPN18;RBX1;IKBKB;UBA52;GSDMD;MAP2K6;PSMB8;CASP1;UBC;PSMC3;PSMC5
prerank,KEAP1-NFE2L2 Pathway R-HSA-9755511,0.33571976300571194,1.1648013771912513,2.036836e-01,1.000000e+00,1.000000e+00,32/90,24.71%,FBXL17;PSMD4;PSMA6;UBL4A;PSME3;PSMB10;MUL1;CDKN2A;PSMA7;PSMD11;GCLC;PSMD5;PSMB2;PSMD13;SESN2;PSMB9;CUL1;RBX1;UBXN7;UBA52;PSMB8;GSK3B;CSNK2A2;NPLOC4;UBC;VCP;PSMC3;PSMC5;AKT3;PSMB3;TRIM21;UFD1
prerank,Transcription Of HIV Genome R-HSA-167172,0.34554924260713665,1.1643755507781142,2.258065e-01,1.000000e+00,1.000000e+00,22/66,24.59%,GTF2F2;SUPT4H1;NELFA;TAF7;GTF2A1;TAF6;NCBP2;CCNH;CTDP1;TAF15;TAF9;GTF2H3;GTF2H5;POLR2D;GTF2H4;ERCC3;POLR2C;CDK7;CCNK;TBP;TAF5;GTF2B
prerank,mTORC1-mediated Signaling R-HSA-166208,0.4174146364837086,1.163955675326627,2.468514e-01,1.000000e+00,1.000000e+00,7/21,23.77%,YWHAB;RRAGC;EIF4B;SLC38A9;RPTOR;RRAGB;MTOR
prerank,Negative Regulation Of MAPK Pathway R-HSA-5675221,-0.29553542749557343,-1.1637856878883395,1.678322e-01,5.128394e-01,1.000000e+00,7/35,8.36%,DUSP2;PEBP1;UBB;PPP2CA;PPP2CB;PTPN7;DUSP4
prerank,Degradation Of GLI1 By Proteasome R-HSA-5610780,0.3566567731436362,1.1629163962677869,2.573696e-01,1.000000e+00,1.000000e+00,21/54,27.12%,PSMD4;PSMA6;PSME3;PSMB10;PSMA7;PSMD11;PSMD5;PSMB2;PSMD13;PSMB9;CUL1;RBX1;UBA52;PSMB8;UBC;PSMC3;PSMC5;NUMB;PSMB3;PRKACB;PSMC4
prerank,Formation Of TC-NER Pre-Incision Complex R-HSA-6781823,0.36029737686079927,1.1623998522103125,2.660443e-01,1.000000e+00,1.000000e+00,18/50,22.14%,ERCC6;ZNF830;COPS5;AQR;CCNH;COPS7A;GTF2H3;GTF2H5;POLR2D;RBX1;UBA52;GTF2H4;ERCC3;POLR2C;UBC;CDK7;XAB2;UVSSA
prerank,Formation Of HIV-1 Elongation Complex Containing HIV-1 Tat R-HSA-167200,0.3657015181166797,1.1620466367873474,2.426729e-01,1.000000e+00,1.000000e+00,13/42,20.56%,GTF2F2;SUPT4H1;NELFA;NCBP2;CCNH;CTDP1;GTF2H3;GTF2H5;POLR2D;GTF2H4;ERCC3;POLR2C;CDK7
prerank,Signaling By FGFR3 R-HSA-5654741,-0.3161249900538282,-1.16134140234887,2.173913e-01,5.138723e-01,1.000000e+00,4/25,2.91%,UBB;PIK3R1;PPP2CA;PPP2CB
prerank,Cellular Response To Chemical Stress R-HSA-9711123,0.3156431222226677,1.1607500832834514,1.719876e-01,1.000000e+00,1.000000e+00,47/153,24.71%,FBXL17;PSMD4;STAT3;PSMA6;UBL4A;PSME3;PSMB10;CYCS;MUL1;HELZ2;SOD1;TXN2;CDKN2A;NCOA6;CYBA;PSMA7;PSMD11;GPX7;GCLC;PSMD5;PSMB2;PSMD13;MBD4;LRPPRC;SESN2;PSMB9;CUL1;NCOR1;RBX1;COX4I1;UBXN7;UBA52;PSMB8;GSK3B;CSNK2A2;NPLOC4;UBC;VCP;PSMC3;COX14;ATP7A;PSMC5;AKT3;PSMB3;TRIM21;COX6B1;UFD1
prerank,Regulation Of RUNX2 Expression And Activity R-HSA-8939902,0.351715705777957,1.159949438803997,2.337808e-01,1.000000e+00,1.000000e+00,19/60,20.96%,PSMD4;PSMA6;PSME3;PSMB10;PSMA7;PSMD11;PSMD5;PSMB2;PSMD13;STAT1;PSMB9;CUL1;RBX1;UBA52;PSMB8;GSK3B;UBC;PSMC3;PSMC5
prerank,Vpu Mediated Degradation Of CD4 R-HSA-180534,0.3654619935748959,1.1590216312137176,2.514552e-01,1.000000e+00,1.000000e+00,15/47,20.96%,PSMD4;PSMA6;PSME3;PSMB10;PSMA7;PSMD11;PSMD5;PSMB2;PSMD13;PSMB9;UBA52;PSMB8;UBC;PSMC3;PSMC5
prerank,DARPP-32 Events R-HSA-180024,-0.34391572833677225,-1.1582771964250198,2.885572e-01,5.157204e-01,1.000000e+00,6/21,6.28%,PPP2CA;PPP3CA;PPP2CB;PDE4D;CDK5;PDE4B
prerank,ROS And RNS Production In Phagocytes R-HSA-1222556,0.42625560688052005,1.1576218712373794,2.638191e-01,1.000000e+00,1.000000e+00,8/21,20.62%,ATP6V1A;ATP6V0A2;CYBA;ATP6V0D1;ATP6V0E1;ATP6V1D;ATP6V1B2;ATP6V0E2
prerank,Signaling By FGFR1 R-HSA-5654736,-0.31898457540597197,-1.155476835284444,2.178771e-01,5.171579e-01,1.000000e+00,4/25,2.91%,UBB;PIK3R1;PPP2CA;PPP2CB
prerank,Metabolism Of Vitamins And Cofactors R-HSA-196854,0.32266228182906154,1.1533273995430309,2.176221e-01,1.000000e+00,1.000000e+00,43/100,35.76%,LRP10;MCCC2;RDH11;SLC25A16;FLAD1;PARP9;SLC2A3;COQ9;TPK1;COQ6;PARP6;HLCS;PCCB;MMAB;MTR;CYB5A;PPCS;PANK3;UBIAD1;COQ5;PDSS2;MTHFD1;DHFR;PDZD11;MTHFR;GPHN;COQ7;PCCA;CD320;NAXE;AKR1C3;NMRK1;VNN2;LMBRD1;ABCD4;NAXD;CYB5R3;SLC5A6;ABCC1;NAPRT;GSTO1;FPGS;PARP14
prerank,Defective CFTR Causes Cystic Fibrosis R-HSA-5678895,0.3521903025808658,1.153073331919244,2.700565e-01,1.000000e+00,1.000000e+00,16/55,20.96%,PSMD4;PSMA6;PSME3;PSMB10;PSMA7;PSMD11;PSMD5;PSMB2;PSMD13;PSMB9;UBA52;PSMB8;UBC;VCP;PSMC3;PSMC5
prerank,Signaling By Cytosolic FGFR1 Fusion Mutants R-HSA-1839117,0.43796927749023407,1.1529592655770615,2.690815e-01,1.000000e+00,1.000000e+00,6/16,15.16%,STAT3;STAT5A;PIK3CA;STAT1;STAT5B;TRIM24
prerank,TNFs Bind Their Physiological Receptors R-HSA-5669034,-0.3556786478811855,-1.1522259257384482,2.641509e-01,5.202759e-01,1.000000e+00,6/16,13.74%,TNFSF14;LTA;TNFRSF9;TNFRSF25;TNFSF13B;CD70
prerank,Chaperonin-mediated Protein Folding R-HSA-390466,0.3518539048364287,1.1515145078872813,2.440409e-01,1.000000e+00,1.000000e+00,32/57,36.42%,STAT3;USP11;WRAP53;FBXW4;GNG5;CCT7;TP53;AP3M1;CCT3;PFDN6;GNG10;GNB2;PDCL;CSNK2A2;FBXO4;CCT5;ARFGEF2;GNG2;TUBA1A;SKIC2;CCT2;XRN2;FBXW2;FBXL5;KIFC3;PFDN5;DCAF7;FBXW5;GNB5;FBXL3;LONP2;NOP56
prerank,trans-Golgi Network Vesicle Budding R-HSA-199992,0.346637736931873,1.1491973386341547,2.432432e-01,1.000000e+00,1.000000e+00,25/56,28.02%,HGS;BLOC1S1;BLOC1S6;HSPA8;PICALM;CLTC;PTGES2;VAMP8;ARRB1;ACBD3;AP1B1;PIK3C2A;IGF2R;VAMP2;YIPF6;SNX5;AP1S1;AP4M1;GNS;TPD52;PUM1;DNASE2;BLOC1S4;GOLGB1;M6PR
prerank,Sensory Processing Of Sound By Outer Hair Cells Of Cochlea R-HSA-9662361,-0.3302696639224703,-1.1488825015798514,2.300000e-01,5.232345e-01,1.000000e+00,4/21,5.56%,WHRN;TRIOBP;GSN;SPTBN1
prerank,"Signaling By Rho GTPases, Miro GTPases And RHOBTB3 R-HSA-9716542",0.2952111135458493,1.1446456365758646,9.200000e-02,1.000000e+00,1.000000e+00,154/458,28.71%,S100A9;FAM169A;YWHAB;HGS;MYO6;VAPB;S100A8;DVL3;DBN1;MRTFA;LRRC41;ARHGEF7;NCKAP1L;SPTAN1;MAPK14;ADD3;ARHGAP12;TAOK1;RANGAP1;PPP2R5D;ABCD3;ARHGAP25;MFN1;CYFIP2;STK10;MYO9A;KANSL1;PRKCZ;PIK3C3;ARHGEF3;ARHGAP30;ARHGAP10;SHKBP1;DHDDS;EFHD2;H2BC15;STK38;GOPC;PPP2R5C;MIS12;NUP37;PPP2R5E;PPP1R12B;PIK3CA;PPP2R5A;PICALM;CENPL;FLNA;PLEKHG3;CLTC;ARHGAP17;CYBA;ARPC3;CDKN1B;CAPZB;FNBP1;MYH9;MFN2;MTR;DDRGK1;CCT7;PIK3R3;STOM;MEN1;RALGAPA1;ARHGAP18;NDE1;SCRIB;MYL12B;CSK;WASF2;WDR6;ITGB1;REPS1;WIPF2;SRF;NF2;ARL13B;KDM1A;RHOBTB3;ACTR3;ROCK1;RHOT2;KCTD13;CLIP1;SAMM50;ARPC2;DIAPH1;ARHGAP35;GFOD1;ITSN2;NCOA3;PLXND1;ARHGEF2;FAM135A;ABR;ARHGAP8;PRPF38B;MSI2;ANKFY1;NSFL1C;RHOA;VPS72;BCAP31;ALS2;VCP;KIF2A;DOCK8;RCC2;WDR81;ARHGEF18;SLK;ABI1;IQGAP2;ANKRD26;CTNNA1;ARFGAP2;RHOT1;GIT2;SH3BP1;ARHGAP1;SCAI;MYO19;ZWILCH;ACTR2;AKAP13;SRGAP2;FAF2;DYNC1H1;STIP1;PLIN3;DOCK11;RAB9A;ABI2;ATP6AP1;CCT2;DIAPH2;FRS2;ACTG1;TMPO;SLC4A7;OPHN1;MYL9;FLOT2;MAP3K11;ARHGEF19;GMIP;DOCK5;SCFD1;MACO1;KIDINS220;YWHAQ;CUL3;PAFAH1B1
prerank,Glycerophospholipid Biosynthesis R-HSA-1483206,0.33137775846534334,1.1440738466840839,2.189219e-01,1.000000e+00,1.000000e+00,35/73,36.31%,CEPT1;LPCAT4;AGPAT1;PCYT2;PITPNM1;CHKB;PLAAT4;MIGA2;CRLS1;PLD3;GNPAT;PNPLA2;DDHD1;SLC44A2;PITPNM2;CSNK2A2;SELENOI;LPCAT1;PLAAT3;ABHD4;GPCPD1;CDIPT;HADHA;PEMT;ABHD3;GPD2;TAFAZZIN;AGPAT4;CDS2;GPAT4;PISD;DGAT1;PRKCSH;PCTP;LPIN1
prerank,APC:Cdc20 Mediated Degradation Of Cell Cycle Proteins Before Cycle Checkpoint Satisfied R-HSA-179419,0.3393682384749593,1.14376967506581,2.510965e-01,1.000000e+00,1.000000e+00,21/64,24.02%,PSMD4;PSMA6;PSME3;PSMB10;ANAPC10;CDC16;PSMA7;PSMD11;ANAPC7;PSMD5;PSMB2;PSMD13;UBE2E1;PSMB9;UBA52;PSMB8;UBC;PSMC3;PSMC5;ANAPC1;PSMB3
prerank,Cdc20:Phospho-APC/C Mediated Degradation Of Cyclin A R-HSA-174184,0.3393682384749593,1.14376967506581,2.510965e-01,1.000000e+00,1.000000e+00,21/64,24.02%,PSMD4;PSMA6;PSME3;PSMB10;ANAPC10;CDC16;PSMA7;PSMD11;ANAPC7;PSMD5;PSMB2;PSMD13;UBE2E1;PSMB9;UBA52;PSMB8;UBC;PSMC3;PSMC5;ANAPC1;PSMB3
prerank,Sensory Processing Of Sound R-HSA-9659379,-0.30586238165153556,-1.142653552605308,2.327044e-01,5.337380e-01,1.000000e+00,6/30,5.56%,WHRN;ATP2B1;TRIOBP;GSN;CAPZA2;SPTBN1
prerank,Signaling By Hedgehog R-HSA-5358351,0.3216336865928484,1.1423187833022017,2.595745e-01,1.000000e+00,1.000000e+00,34/98,27.24%,PSMD4;PSMA6;PSME3;PSMB10;PTCH1;SMURF2;KIF3A;SYVN1;PSMA7;PSMD11;ARRB1;PSMD5;PSMB2;PSMD13;SPOP;IFT88;PSMB9;CUL1;RBX1;UBA52;PSMB8;GSK3B;IFT172;UBC;VCP;PSMC3;PSMC5;NUMB;PSMB3;TTC21B;IQCE;PRKACB;PSMC4;ADAM17
prerank,APC/C:Cdc20 Mediated Degradation Of Securin R-HSA-174154,0.3384490835869601,1.1418766092121715,2.541073e-01,1.000000e+00,1.000000e+00,21/63,24.02%,PSMD4;PSMA6;PSME3;PSMB10;ANAPC10;CDC16;PSMA7;PSMD11;ANAPC7;PSMD5;PSMB2;PSMD13;UBE2E1;PSMB9;UBA52;PSMB8;UBC;PSMC3;PSMC5;ANAPC1;PSMB3
prerank,FCGR3A-mediated Phagocytosis R-HSA-9664422,0.36134895506941145,1.1415002689474247,2.665862e-01,1.000000e+00,1.000000e+00,14/42,26.91%,CD247;NCKAP1L;CYFIP2;CRK;ARPC3;MYH9;WASF2;WIPF2;ACTR3;ARPC2;ABI1;ACTR2;ABI2;ACTG1
prerank,Attenuation Phase R-HSA-3371568,-0.332331051751766,-1.1409500058357527,2.864078e-01,5.323963e-01,1.000000e+00,4/20,10.55%,UBB;DNAJB6;CREBBP;HSP90AB1
prerank,CDK-mediated Phosphorylation And Removal Of Cdc6 R-HSA-69017,0.33963100259652035,1.14002294013602,2.452830e-01,1.000000e+00,1.000000e+00,21/64,24.02%,PSMD4;PSMA6;PSME3;PSMB10;ANAPC10;CDC16;PSMA7;PSMD11;ANAPC7;PSMD5;PSMB2;PSMD13;UBE2E1;PSMB9;UBA52;PSMB8;UBC;PSMC3;PSMC5;ANAPC1;PSMB3
prerank,RNA Polymerase III Transcription Initiation From Type 3 Promoter R-HSA-76071,0.3915875168403614,1.139668605481734,3.019802e-01,1.000000e+00,1.000000e+00,5/26,8.86%,BDP1;ZNF143;POLR3C;POLR3A;SNAPC2
prerank,Regulation Of Insulin Secretion R-HSA-422356,0.37418461503590705,1.1385699237235338,2.809917e-01,1.000000e+00,1.000000e+00,19/35,37.48%,AKAP5;CACNA2D2;AHCYL1;GNG5;PLCB2;VAMP2;GNG10;GNB2;ACSL4;GNAI2;GNG2;PRKACB;ACSL3;ITPR1;IQGAP1;GNB5;PRKAR2A;RAP1A;ITPR2
prerank,mRNA Capping R-HSA-72086,0.38431207882532686,1.1380532691845147,3.007426e-01,1.000000e+00,1.000000e+00,10/29,20.56%,GTF2F2;NCBP2;CCNH;GTF2H3;GTF2H5;POLR2D;GTF2H4;ERCC3;POLR2C;CDK7
prerank,Transcriptional Regulation By RUNX2 R-HSA-8878166,0.3296359369530202,1.137234258074543,2.459195e-01,1.000000e+00,1.000000e+00,23/83,20.96%,RUNX1;PSMD4;PSMA6;PSME3;PSMB10;CDK4;HDAC6;SMAD4;PSMA7;PSMD11;PSMD5;PSMB2;PSMD13;STAT1;PSMB9;CUL1;RBX1;UBA52;PSMB8;GSK3B;UBC;PSMC3;PSMC5
prerank,FOXO-mediated Transcription R-HSA-9614085,0.35296011004098005,1.1363645421630624,2.871972e-01,1.000000e+00,1.000000e+00,12/48,18.06%,YWHAB;TXN2;SMAD4;FASLG;CDKN1B;PINK1;STK11;CITED2;BCL2L11;BBC3;SIRT1;NFYC
prerank,Nuclear Events Mediated By NFE2L2 R-HSA-9759194,0.33770005395651564,1.134438240669802,2.830189e-01,1.000000e+00,1.000000e+00,21/70,20.96%,PSMD4;PSMA6;UBL4A;PSME3;PSMB10;CDKN2A;PSMA7;PSMD11;GCLC;PSMD5;PSMB2;PSMD13;PSMB9;CUL1;RBX1;UBA52;PSMB8;GSK3B;UBC;PSMC3;PSMC5
prerank,Diseases Of Mitotic Cell Cycle R-HSA-9675126,0.3777250722956474,1.1320736636307522,2.874693e-01,1.000000e+00,1.000000e+00,17/31,36.32%,ANAPC10;CDK4;CCND2;CDC16;CDKN1B;ANAPC7;UBE2E1;CCND3;ANAPC1;DAXX;ANAPC2;CDK2;RB1;CDC23;ANAPC5;UBE2D1;ATRX
prerank,RHO GTPase Cycle R-HSA-9012999,0.29431761986274796,1.1319150528904651,1.601602e-01,1.000000e+00,1.000000e+00,101/297,28.58%,FAM169A;HGS;MYO6;VAPB;DBN1;ARHGEF7;NCKAP1L;SPTAN1;ADD3;ARHGAP12;ABCD3;ARHGAP25;CYFIP2;STK10;MYO9A;ARHGEF3;ARHGAP30;ARHGAP10;SHKBP1;DHDDS;EFHD2;STK38;GOPC;PIK3CA;PICALM;PLEKHG3;CLTC;ARHGAP17;CYBA;CAPZB;FNBP1;MTR;DDRGK1;CCT7;PIK3R3;STOM;RALGAPA1;ARHGAP18;SCRIB;CSK;WASF2;WDR6;ITGB1;REPS1;WIPF2;ARL13B;ROCK1;KCTD13;SAMM50;DIAPH1;ARHGAP35;GFOD1;ITSN2;NCOA3;PLXND1;ARHGEF2;FAM135A;ABR;ARHGAP8;PRPF38B;MSI2;ANKFY1;NSFL1C;RHOA;BCAP31;ALS2;VCP;DOCK8;WDR81;ARHGEF18;SLK;ABI1;IQGAP2;ANKRD26;ARFGAP2;GIT2;SH3BP1;ARHGAP1;AKAP13;SRGAP2;FAF2;STIP1;DOCK11;ABI2;ATP6AP1;CCT2;DIAPH2;FRS2;ACTG1;TMPO;SLC4A7;OPHN1;FLOT2;MAP3K11;ARHGEF19;GMIP;DOCK5;SCFD1;MACO1;KIDINS220;CUL3
prerank,Impaired BRCA2 Binding To RAD51 R-HSA-9709570,0.39846774425408465,1.131102364870027,2.973978e-01,1.000000e+00,1.000000e+00,6/24,17.88%,RFC2;HUS1;RFC4;RAD17;TOPBP1;RAD50
prerank,Interleukin-1 Signaling R-HSA-9020702,0.32247588971194585,1.130279826275415,2.781876e-01,1.000000e+00,1.000000e+00,28/100,20.96%,LRRC14;PSMD4;PSMA6;PSME3;TRAF6;PSMB10;UBE2V1;NKIRAS2;MAP2K4;PSMA7;PSMD11;TP53;PSMD5;PSMB2;PSMD13;TOLLIP;IRAK4;PSMB9;CUL1;TNIP2;RBX1;IKBKB;UBA52;MAP2K6;PSMB8;UBC;PSMC3;PSMC5
prerank,"Respiratory Electron Transport, ATP Synthesis By Chemiosmotic Coupling, Heat Production By Uncoupling Proteins R-HSA-163200",-0.22332897403795773,-1.1290352372784787,1.764706e-01,5.592115e-01,1.000000e+00,28/108,16.36%,NDUFB9;COX7B;ATP5MC1;UQCRFS1;NDUFB11;NDUFA1;UQCR11;ATP5ME;NDUFB6;UQCRQ;NDUFS8;NDUFS3;COX6A1;NDUFC2;SDHB;NDUFB1;COX19;SDHD;NDUFS6;COX16;NDUFB8;COX8A;SCO2;NDUFB7;NDUFA3;NDUFA7;ATP5F1C;NDUFA13
prerank,Regulation Of Lipid Metabolism By PPARalpha R-HSA-400206,0.3226493946207623,1.1286619045393098,2.545847e-01,1.000000e+00,1.000000e+00,17/87,18.06%,MED27;SREBF2;FAM120B;MED24;MED12;MED25;HELZ2;NCOA6;MED7;MED17;MBD4;NCOR1;CDK19;MED8;NCOA3;ALAS1;NFYC
prerank,HSF1 Activation R-HSA-3371511,-0.3161597527457384,-1.1286240153567615,2.828283e-01,5.542459e-01,1.000000e+00,3/23,3.21%,UBB;YWHAE;DNAJB6
prerank,FCERI Mediated NF-kB Activation R-HSA-2871837,0.3321902797764447,1.1283624360203512,2.849285e-01,1.000000e+00,1.000000e+00,23/73,24.02%,PSMD4;PSMA6;PSME3;TRAF6;PSMB10;UBE2V1;PSMA7;PSMD11;PSMD5;PSMB2;PSMD13;RASGRP2;PSMB9;CUL1;UBE2D2;IKBKB;UBA52;PSMB8;UBC;PSMC3;PSMC5;RASGRP1;PSMB3
prerank,Intraflagellar Transport R-HSA-5620924,0.3795722614632276,1.127344360285621,3.050431e-01,1.000000e+00,1.000000e+00,19/29,45.03%,TRIP11;KIF3A;KIF3B;DYNC2I1;IFT88;IFT172;IFT20;TTC21B;DYNLT2B;IFT57;DYNC2H1;KIFAP3;DYNLRB1;WDR35;DYNLT2;IFT27;TNPO1;DYNLL1;IFT52
prerank,G2/M DNA Damage Checkpoint R-HSA-69473,0.3389769402816284,1.12530665695426,2.790960e-01,1.000000e+00,1.000000e+00,14/54,18.46%,YWHAB;RFC2;HUS1;RNF8;H2BC15;RFC4;RAD17;TOPBP1;TP53;HERC2;MDC1;BRCC3;RAD50;NSD2
prerank,RAB GEFs Exchange GTP For GDP On RABs R-HSA-8876198,-0.24430005423593915,-1.1253054941259244,2.168675e-01,5.570497e-01,1.000000e+00,17/72,13.42%,RAB5C;RIN3;TRAPPC10;TRAPPC2L;TRAPPC6A;RAB1A;YWHAE;TRAPPC2;DENND1B;DENND2B;GDI1;DENND4A;RAB3GAP2;MADD;RAB27B;AKT1;RAB1B
prerank,Neurotransmitter Receptors And Postsynaptic Signal Transmission R-HSA-112314,0.32821659303908335,1.12345856552207,2.774123e-01,1.000000e+00,1.000000e+00,22/66,31.80%,AKAP5;MYO6;GNAL;ARHGEF7;NPTN;PRKAB2;GNG5;CHRNE;PLCB2;AP2A2;GNG10;GNB2;PICK1;AP2A1;GNAI2;GNG2;PRKACB;PRKAG2;AP2S1;LLGL1;PRKCB;MAPK3
prerank,RHO GTPase Effectors R-HSA-195258,0.3029180312439145,1.1231666038634782,2.259714e-01,1.000000e+00,1.000000e+00,44/193,16.71%,S100A9;YWHAB;S100A8;DVL3;MRTFA;ARHGEF7;NCKAP1L;MAPK14;TAOK1;RANGAP1;PPP2R5D;CYFIP2;KANSL1;PRKCZ;PIK3C3;DHDDS;H2BC15;GOPC;PPP2R5C;MIS12;NUP37;PPP2R5E;PPP1R12B;PPP2R5A;CENPL;FLNA;CYBA;ARPC3;CDKN1B;MYH9;MEN1;NDE1;MYL12B;WASF2;ITGB1;WIPF2;SRF;NF2;KDM1A;ACTR3;ROCK1;CLIP1;ARPC2;DIAPH1
prerank,Diseases Of DNA Repair R-HSA-9675135,0.36625804439465687,1.1225843156653874,3.055886e-01,1.000000e+00,1.000000e+00,7/37,11.72%,RFC2;HUS1;RAD51C;PMS2;RFC4;RAD17;TOPBP1
prerank,Amyloid Fiber Formation R-HSA-977225,-0.2630999683301425,-1.1220347872981837,1.838235e-01,5.604033e-01,1.000000e+00,5/43,2.25%,H3-3B;UBB;H2BC12;H2AX;GSN
prerank,Response Of Mtb To Phagocytosis R-HSA-9637690,0.4130913532047517,1.1219642740222593,3.282636e-01,1.000000e+00,1.000000e+00,11/19,32.91%,HGS;TRIM27;RNF213;UBA52;UBC;GSK3A;KPNA1;KPNB1;DUSP16;MAPK3;PGK1
prerank,Synthesis Of PA R-HSA-1483166,0.4025075491199417,1.1216382022634104,3.093168e-01,1.000000e+00,1.000000e+00,10/20,35.11%,LPCAT4;AGPAT1;MIGA2;GNPAT;DDHD1;LPCAT1;GPD2;AGPAT4;GPAT4;PRKCSH
prerank,Transcriptional Regulation By TP53 R-HSA-3700989,0.2932188306560771,1.1216006680394617,1.909548e-01,1.000000e+00,1.000000e+00,82/293,24.57%,EHMT2;YWHAB;NDRG1;TTC5;UBL4A;GTF2F2;MAPK14;RFC2;PRKAB2;SUPT4H1;CYCS;NOC2L;MOV10;RRAGC;CNOT3;CDK13;HIPK2;NELFA;HUS1;TP53RK;TAF7;NUAK1;PIP4P1;CNOT8;DDB2;TXN2;TAF6;CDKN2A;CNOT7;PPP2R5C;TSC2;PMS2;CDKN1B;RFC4;RAD17;CCNH;TOPBP1;CTDP1;TP53;SLC38A9;GNPDA1;STK11;MDC1;TAF15;PRELID1;LRPPRC;TAF9;SESN2;GTF2H3;GTF2H5;BBC3;POLR2D;CASP2;COX4I1;AGO4;UBA52;RAD50;MAP2K6;CASP1;RPTOR;DYRK2;GTF2H4;ERCC3;PIP4K2B;POLR2C;CSNK2A2;CDK12;UBC;CDK7;COX14;CNOT6;TIGAR;CCNK;RRAGB;TBP;CRADD;AKT3;KAT6A;MTOR;CNOT6L;COX6B1;TAF5
prerank,Membrane Trafficking R-HSA-199991,0.2898440488826443,1.1215767466904838,1.500000e-01,1.000000e+00,1.000000e+00,160/439,29.96%,YWHAB;HGS;MYO6;TBC1D25;TBC1D14;BLOC1S1;NAA35;VTA1;TBC1D10B;TRIP11;SEC23IP;CTSC;COG4;SPTAN1;TBC1D7;TRAPPC12;RABEPK;RABGAP1;PRKAB2;KIF21B;MON1A;TBC1D10C;BLOC1S6;COG1;RALGAPB;COPS5;DENND3;UBAP1;NBAS;RAB35;RAB10;SEC31A;KIF3A;COPZ2;TRAPPC6B;GGA1;HPS4;RAB5B;TSC2;VTI1A;HSPA8;GGA2;SEC16A;COPA;COG5;PICALM;EPS15;PREB;MAN1A1;CLTC;PTGES2;CYTH4;ARPC3;SYS1;CAPZB;FNBP1;KIF3B;VAMP8;SCOC;AP2A2;MYH9;LNPEP;BICD2;ANKRD27;ARRB1;KDELR1;VPS37A;ACBD3;AP1B1;COPS7A;PIK3C2A;SNX18;REPS1;MCFD2;DENND4C;IGF2R;NAA30;RHOBTB3;ACTR3;COG2;TRAPPC1;VAMP2;STX6;RAB6A;C2CD5;UBQLN2;SH3GL1;ARPC2;TRAPPC13;YIPF6;ITSN2;COPB2;PPP6R1;UBA52;TBC1D13;EXOC2;RAB33A;CHMP6;VPS51;EXOC6;SBF1;SNX5;DCTN2;AP1S1;VPS45;ADRB2;GOLGA4;CYTH1;BIN1;ALS2;UBC;AP4M1;GNS;KIF2A;TPD52;FCHO2;PACSIN2;GALNT2;RAB11A;AP2A1;ARFGAP2;PPP6R3;TBC1D17;AKT3;COPG1;CCZ1B;ACTR2;PUM1;DYNC1H1;STX16;PLIN3;GOSR2;RAB9A;COG3;DNASE2;BLOC1S4;CBL;SYNJ2;COG7;GOLGB1;FCHO1;EXOC5;DENND4B;PRKAG2;KIF13B;M6PR;SCFD1;DCTN1;YWHAQ;ASPSCR1;PAFAH1B1;PAFAH1B3;DENND6A;AP2S1;GOSR1;PIP5K1C;EPN2;UBQLN1;KIF9;VAMP4
prerank,Disassembly Of Destruction Complex And Recruitment Of AXIN To Membrane R-HSA-4641262,0.4098228598015232,1.1208953429416242,3.221216e-01,1.000000e+00,1.000000e+00,5/19,9.41%,DVL3;PPP2R5D;PPP2R5C;PPP2R5E;PPP2R5A
prerank,Signaling By BRAF And RAF1 Fusions R-HSA-6802952,0.342553587116473,1.1198781165160923,2.820212e-01,1.000000e+00,1.000000e+00,10/47,15.16%,YWHAB;APBB1IP;KDM7A;FAM114A2;ARRB1;CSK;ARAF;BCL2L11;RAP1B;TRIM24
prerank,RHOD GTPase Cycle R-HSA-9013405,0.3574517118663824,1.1198769528914838,3.000000e-01,1.000000e+00,1.000000e+00,17/38,33.02%,VAPB;DBN1;ADD3;ARHGAP12;EFHD2;ARHGAP17;CAPZB;DIAPH1;ARHGAP35;ANKFY1;ARHGAP1;DIAPH2;TMPO;SLC4A7;PIK3R2;ESYT1;HINT2
prerank,Inactivation Of CSF3 (G-CSF) Signaling R-HSA-9705462,-0.32044590964986797,-1.11920390356217,2.476190e-01,5.625843e-01,1.000000e+00,4/21,3.59%,SOCS1;UBB;JAK1;RNF7
prerank,Response To Elevated Platelet Cytosolic Ca2+ R-HSA-76005,0.32404413697608286,1.1184913438541757,2.760131e-01,1.000000e+00,1.000000e+00,19/74,20.18%,TEX264;WDR1;TMX3;CAP1;ENDOD1;TOR4A;VTI1B;SOD1;SCCPDH;FLNA;STXBP2;THBS1;CYB5R1;ANXA5;PPIA;FAM3C;CDC37L1;VPS72;PLEK
prerank,Diseases Associated With TLR Signaling Cascade R-HSA-5602358,0.41989836115102774,1.1172914255605644,3.265565e-01,1.000000e+00,1.000000e+00,2/18,0.56%,S100A9;S100A8
prerank,DNA Damage/Telomere Stress Induced Senescence R-HSA-2559586,-0.2682765099982365,-1.1157597349840886,2.285714e-01,5.672527e-01,1.000000e+00,6/42,2.28%,H2BC12;H1-3;H2AX;H2AJ;TERF1;H1-4
prerank,Signaling By FGFR1 In Disease R-HSA-5655302,0.38010956742488444,1.1142462372874957,3.196126e-01,1.000000e+00,1.000000e+00,12/26,31.65%,STAT3;STAT5A;PIK3CA;PLCG1;STAT1;STAT5B;TRIM24;FRS2;LRRFIP1;BAG4;CNTRL;FGFR1
prerank,Plasma Lipoprotein Clearance R-HSA-8964043,-0.3134203700622697,-1.1140491698544852,2.857143e-01,5.659622e-01,1.000000e+00,4/24,5.03%,UBB;NPC2;AP2B1;LSR
prerank,Aggrephagy R-HSA-9646399,0.41456863926334725,1.1140384113266568,3.396947e-01,1.000000e+00,1.000000e+00,9/19,24.70%,UBE2V1;HDAC6;PCNT;IFT88;ARL13B;UBA52;UBC;VCP;DYNC1H1
prerank,Signaling By FGFR R-HSA-190236,-0.26010646554939515,-1.1138889409003372,2.268908e-01,5.608054e-01,1.000000e+00,10/51,7.38%,UBB;PIK3R1;PPP2CA;HNRNPM;POLR2G;PPP2CB;HNRNPH1;POLR2L;POLR2J;HNRNPA1
prerank,APC/C:Cdh1 Mediated Degradation Of Cdc20 And APC/C:Cdh1 Targets In Late Mitosis/Early G1 R-HSA-174178,0.3283511464148226,1.1133885810185749,2.733260e-01,1.000000e+00,1.000000e+00,21/66,24.02%,PSMD4;PSMA6;PSME3;PSMB10;ANAPC10;CDC16;PSMA7;PSMD11;ANAPC7;PSMD5;PSMB2;PSMD13;UBE2E1;PSMB9;UBA52;PSMB8;UBC;PSMC3;PSMC5;ANAPC1;PSMB3
prerank,APC/C:Cdc20 Mediated Degradation Of Mitotic Proteins R-HSA-176409,0.3281384604656138,1.1094711753082414,2.927632e-01,1.000000e+00,1.000000e+00,21/65,24.02%,PSMD4;PSMA6;PSME3;PSMB10;ANAPC10;CDC16;PSMA7;PSMD11;ANAPC7;PSMD5;PSMB2;PSMD13;UBE2E1;PSMB9;UBA52;PSMB8;UBC;PSMC3;PSMC5;ANAPC1;PSMB3
prerank,Activation Of APC/C And APC/C:Cdc20 Mediated Degradation Of Mitotic Proteins R-HSA-176814,0.3281384604656138,1.1094711753082414,2.927632e-01,1.000000e+00,1.000000e+00,21/65,24.02%,PSMD4;PSMA6;PSME3;PSMB10;ANAPC10;CDC16;PSMA7;PSMD11;ANAPC7;PSMD5;PSMB2;PSMD13;UBE2E1;PSMB9;UBA52;PSMB8;UBC;PSMC3;PSMC5;ANAPC1;PSMB3
prerank,Estrogen-dependent Gene Expression R-HSA-9018519,-0.23748808905032193,-1.1082144034741408,1.571429e-01,5.710369e-01,1.000000e+00,25/93,16.43%,H3-3B;H2BC12;H2AX;H2AJ;GATA3;SMC3;POLR2G;NRIP1;CREBBP;RAD21;POLR2L;POLR2J;CHD1;H2AZ1;HSP90AB1;PMEPA1;POLR2F;H2AC20;DDX5;JUND;GTF2A2;AXIN1;SMC1A;KPNA2;H2AZ2
prerank,Processing Of DNA Double-Strand Break Ends R-HSA-5693607,0.3331943415754215,1.1078446316227133,3.114383e-01,1.000000e+00,1.000000e+00,18/58,20.53%,RFC2;HUS1;RNF8;H2BC15;RFC4;PPP4R2;RAD17;TOPBP1;HERC2;MDC1;SIRT6;BRCC3;UBA52;RAD50;NSD2;RNF4;PPP4C;UBC
prerank,PTEN Regulation R-HSA-6807070,0.30899818046154803,1.1076624131466701,2.736733e-01,1.000000e+00,1.000000e+00,40/124,27.12%,TRIM27;PSMD4;PSMA6;PSME3;PSMB10;MOV10;RRAGC;MTA1;RNF146;HDAC5;PSMA7;PSMD11;TP53;PSMD5;PSMB2;PSMD13;SLC38A9;KDM1A;PSMB9;AGO4;RING1;UBA52;PSMB8;RPTOR;CSNK2A2;TNKS;UBC;PSMC3;PSMC5;RRAGB;TNKS2;AKT3;MTOR;PSMB3;CNOT6L;AGO1;CHD3;PHC1;REST;PSMC4
prerank,Signaling By ERBB2 In Cancer R-HSA-1227990,0.4270026610450046,1.1072489942386425,3.567639e-01,1.000000e+00,1.000000e+00,5/16,15.35%,ERBB2;PIK3CA;PLCG1;SHC1;NRG2
prerank,G Alpha (Q) Signaling Events R-HSA-416476,-0.23587460615980155,-1.106799000490935,2.298851e-01,5.696360e-01,1.000000e+00,14/72,12.22%,XCL1;XCL2;PIK3R1;RGS1;GNAQ;GPR65;GRK2;GNGT2;GNB1;CYSLTR1;ITPR3;DGKQ;PRKCA;RGS16
prerank,Switching Of Origins To A Post-Replicative State R-HSA-69052,0.32138813887713147,1.1062952768254641,2.766885e-01,1.000000e+00,1.000000e+00,28/79,27.31%,PSMD4;PSMA6;PSME3;PSMB10;ANAPC10;CDC16;MCM5;PSMA7;PSMD11;ANAPC7;PSMD5;PSMB2;PSMD13;UBE2E1;PSMB9;CUL1;RBX1;UBA52;PSMB8;UBC;PSMC3;PSMC5;ANAPC1;PSMB3;ORC3;MCM6;PSMC4;ORC5
prerank,Metabolism Of Amino Acids And Derivatives R-HSA-71291,0.29808868225080537,1.1062558463959515,2.507677e-01,1.000000e+00,1.000000e+00,55/167,30.64%,PSMD4;QDPR;PSMA6;PSME3;MCCC2;CARNS1;OGDH;PSMB10;ALDH9A1;PDHB;TXN2;BCKDHB;SERINC3;OAT;CARNMT1;LIPT1;RARS1;PSMA7;PSMD11;ADI1;MTR;PSMD5;EEFSEC;PSMB2;PSMD13;AUH;SECISBP2;PYCR2;PSMB9;NPRL2;PCBD1;UBA52;PSMB8;ACADSB;PSMC3;PSMC5;SLC25A13;SARS1;ALDH18A1;MRI1;KYAT3;PSMB3;GRHPR;DHTKD1;RIDA;PSMC4;DARS1;FAH;PEMT;TMLHE;SEPSECS;GLUD1;LIAS;GCSH;DLAT
prerank,Hedgehog Off State R-HSA-5610787,0.32140884828359595,1.106240393473807,3.159609e-01,1.000000e+00,1.000000e+00,26/76,25.71%,PSMD4;PSMA6;PSME3;PSMB10;PTCH1;KIF3A;PSMA7;PSMD11;PSMD5;PSMB2;PSMD13;IFT88;PSMB9;CUL1;RBX1;UBA52;PSMB8;GSK3B;IFT172;UBC;PSMC3;PSMC5;NUMB;PSMB3;TTC21B;PRKACB
prerank,Respiratory Electron Transport R-HSA-611105,-0.23271771684170955,-1.105602371679275,2.031250e-01,5.674278e-01,1.000000e+00,24/90,15.43%,NDUFB9;COX7B;UQCRFS1;NDUFB11;NDUFA1;UQCR11;NDUFB6;UQCRQ;NDUFS8;NDUFS3;COX6A1;NDUFC2;SDHB;NDUFB1;COX19;SDHD;NDUFS6;COX16;NDUFB8;COX8A;SCO2;NDUFB7;NDUFA3;NDUFA7
prerank,Regulation Of Actin Dynamics For Phagocytic Cup Formation R-HSA-2029482,0.3454189286319917,1.1053339627733807,3.301998e-01,1.000000e+00,1.000000e+00,16/44,26.91%,CD247;NCKAP1L;CYFIP2;CRK;ARPC3;MYH9;WASF2;WIPF2;NF2;ACTR3;ARPC2;VPS72;ABI1;ACTR2;ABI2;ACTG1
prerank,DNA Repair R-HSA-73894,0.29043261954815325,1.104470542386966,2.591093e-01,1.000000e+00,1.000000e+00,79/262,24.93%,ASCC3;FANCA;ASCC1;ERCC6;RFC2;ZNF830;POLK;XRCC1;ERCC5;HUS1;FAAP20;RNF8;COPS5;INO80D;ACTR8;RAD51C;DDB2;H2BC15;PMS2;AQR;DCLRE1C;RNF111;ERCC4;RFC4;PPP4R2;RAD17;RAD23B;CCNH;TOPBP1;TP53;HERC2;INO80;COPS7A;PIAS1;SPIDR;BAZ1B;MBD4;MDC1;ACD;NHEJ1;GTF2H3;GTF2H5;SIRT6;MGMT;TINF2;POLR2D;RBX1;TERF2;BRCC3;INO80C;KDM4A;UBA52;RAD50;RUVBL1;NSD2;RNF4;GTF2H4;ERCC3;POLR2C;PPP4C;USP32;TRIM25;FANCF;NPLOC4;UBC;CDK7;VCP;XAB2;MPG;UVSSA;TDP2;INO80B;POLM;POLL;FAN1;XRCC5;UFD1;ERCC8;FANCG
prerank,Negative Epigenetic Regulation Of rRNA Expression R-HSA-5250941,-0.24266671323555472,-1.104463403657162,2.252252e-01,5.651373e-01,1.000000e+00,6/65,1.52%,SAP30BP;H3-3B;SAP18;H2BC12;H2AX;H2AJ
prerank,Signaling By High-Kinase Activity BRAF Mutants R-HSA-6802948,0.3911390406893575,1.1030496221657642,3.358876e-01,1.000000e+00,1.000000e+00,6/23,15.07%,YWHAB;APBB1IP;ARRB1;CSK;ARAF;RAP1B
prerank,Macroautophagy R-HSA-1632852,0.3109479271277323,1.102200746786537,2.992624e-01,1.000000e+00,1.000000e+00,32/101,25.08%,ATG9A;UVRAG;PRKAB2;RRAGC;MFN1;UBE2V1;NBR1;PIK3C3;TOMM5;HDAC6;TSC2;HSPA8;MTMR3;MFN2;PCNT;PINK1;TOMM70;SLC38A9;IFT88;ARL13B;TOMM6;ATG5;UBA52;RPTOR;CHMP6;CSNK2A2;UBC;VCP;RRAGB;MTOR;DYNC1H1;PLIN3
prerank,Kinesins R-HSA-983189,0.41509565842448015,1.0990999940917072,3.539474e-01,1.000000e+00,1.000000e+00,8/17,36.33%,KIF21B;KIF3A;KIF3B;KIF2A;KIF13B;KIF9;KIFAP3;KIF20B
prerank,Regulation Of TP53 Activity Thru Methylation R-HSA-6804760,0.42915504049536635,1.0981413435662166,3.430079e-01,1.000000e+00,1.000000e+00,5/16,20.53%,EHMT2;TTC5;TP53;UBA52;UBC
prerank,Transferrin Endocytosis And Recycling R-HSA-917977,0.4058040029648124,1.0980431829379094,3.604506e-01,1.000000e+00,1.000000e+00,9/19,26.19%,ATP6V1A;ATP6V0A2;ATP6V0D1;ATP6V0E1;ATP6V1D;ATP6V1B2;ATP6V0E2;ATP6AP1;TFR2
prerank,Sealing Of Nuclear Envelope (NE) By ESCRT-III R-HSA-9668328,-0.32876796247548584,-1.098034648898202,3.091787e-01,5.768068e-01,1.000000e+00,6/18,19.22%,TUBB4B;TUBA4A;IST1;TUBA1B;CHMP2A;LEMD2
prerank,RAF Activation R-HSA-5673000,0.3726397317840636,1.0968036604341225,3.353511e-01,1.000000e+00,1.000000e+00,6/27,14.32%,YWHAB;PPP2R5D;PPP2R5C;PPP2R5E;PPP2R5A;ARAF
prerank,Estrogen-dependent Nuclear Events Downstream Of ESR-membrane Signaling R-HSA-9634638,0.4287609159097584,1.096415242680244,3.580902e-01,1.000000e+00,1.000000e+00,8/15,40.07%,CDKN1B;UHMK1;SRF;AKT3;MAPK3;BCL2;XPO1;CREB1
prerank,Extra-nuclear Estrogen Signaling R-HSA-9009391,0.34781367080842657,1.0955955216921336,3.325608e-01,1.000000e+00,1.000000e+00,15/43,23.33%,PRKCZ;PIK3CA;GNG5;CDKN1B;UHMK1;SHC1;PIK3R3;ZDHHC21;STRN;SRF;GNG10;GNB2;GNAI2;AKT3;GNG2
prerank,Signaling By Rho GTPases R-HSA-194315,0.28259080950799165,1.0947953889840323,1.990000e-01,1.000000e+00,1.000000e+00,145/445,28.71%,S100A9;FAM169A;YWHAB;HGS;MYO6;VAPB;S100A8;DVL3;DBN1;MRTFA;ARHGEF7;NCKAP1L;SPTAN1;MAPK14;ADD3;ARHGAP12;TAOK1;RANGAP1;PPP2R5D;ABCD3;ARHGAP25;CYFIP2;STK10;MYO9A;KANSL1;PRKCZ;PIK3C3;ARHGEF3;ARHGAP30;ARHGAP10;SHKBP1;DHDDS;EFHD2;H2BC15;STK38;GOPC;PPP2R5C;MIS12;NUP37;PPP2R5E;PPP1R12B;PIK3CA;PPP2R5A;PICALM;CENPL;FLNA;PLEKHG3;CLTC;ARHGAP17;CYBA;ARPC3;CDKN1B;CAPZB;FNBP1;MYH9;MTR;DDRGK1;CCT7;PIK3R3;STOM;MEN1;RALGAPA1;ARHGAP18;NDE1;SCRIB;MYL12B;CSK;WASF2;WDR6;ITGB1;REPS1;WIPF2;SRF;NF2;ARL13B;KDM1A;ACTR3;ROCK1;KCTD13;CLIP1;SAMM50;ARPC2;DIAPH1;ARHGAP35;GFOD1;ITSN2;NCOA3;PLXND1;ARHGEF2;FAM135A;ABR;ARHGAP8;PRPF38B;MSI2;ANKFY1;NSFL1C;RHOA;VPS72;BCAP31;ALS2;VCP;KIF2A;DOCK8;RCC2;WDR81;ARHGEF18;SLK;ABI1;IQGAP2;ANKRD26;CTNNA1;ARFGAP2;GIT2;SH3BP1;ARHGAP1;SCAI;ZWILCH;ACTR2;AKAP13;SRGAP2;FAF2;DYNC1H1;STIP1;DOCK11;ABI2;ATP6AP1;CCT2;DIAPH2;FRS2;ACTG1;TMPO;SLC4A7;OPHN1;MYL9;FLOT2;MAP3K11;ARHGEF19;GMIP;DOCK5;SCFD1;MACO1;KIDINS220;YWHAQ;CUL3;PAFAH1B1
prerank,Beta-catenin Independent WNT Signaling R-HSA-3858494,0.30999803074105103,1.0943380975354713,3.180851e-01,1.000000e+00,1.000000e+00,33/106,24.02%,DVL3;PSMD4;PSMA6;PSME3;PSMB10;MOV10;SMURF2;PPP3CB;GNG5;CLTC;PLCB2;AP2A2;PSMA7;PSMD11;PSMD5;PSMB2;SCRIB;PSMD13;PSMB9;GNG10;GNB2;NCOA3;AGO4;UBA52;PSMB8;RHOA;UBC;PSMC3;PSMC5;AP2A1;PDE6B;GNG2;PSMB3
prerank,Intra-Golgi And Retrograde Golgi-to-ER Traffic R-HSA-6811442,0.2991845291687455,1.0940997621504172,3.026860e-01,1.000000e+00,1.000000e+00,58/142,32.77%,NAA35;TRIP11;COG4;RABEPK;KIF21B;COG1;NBAS;KIF3A;COPZ2;VTI1A;COPA;COG5;MAN1A1;PTGES2;CYTH4;SYS1;CAPZB;KIF3B;SCOC;BICD2;KDELR1;IGF2R;NAA30;RHOBTB3;COG2;STX6;RAB6A;COPB2;VPS51;DCTN2;VPS45;GOLGA4;CYTH1;KIF2A;GALNT2;ARFGAP2;COPG1;DYNC1H1;STX16;PLIN3;GOSR2;RAB9A;COG3;COG7;KIF13B;M6PR;DCTN1;PAFAH1B1;PAFAH1B3;GOSR1;KIF9;VAMP4;YKT6;COPB1;CYTH3;KIFAP3;GOLGA1;ARF3
prerank,Class A/1 (Rhodopsin-like Receptors) R-HSA-373076,-0.2513699443067599,-1.0928388164150347,3.070866e-01,5.869402e-01,1.000000e+00,6/52,9.05%,XCL1;XCL2;GPR183;HEBP1;GPR65;CYSLTR1
prerank,GPCR Downstream Signaling R-HSA-388396,-0.20392938588774456,-1.0919988898426836,1.739130e-01,5.838192e-01,1.000000e+00,37/186,13.29%,XCL1;XCL2;GRK6;CDC42;PIK3R1;PKN1;PPP2CA;ARHGEF1;GPR183;PPP3CA;RGS1;PPP2CB;PDE4D;CDK5;GNAI3;GNAQ;PDE4B;GNAS;HEBP1;GPR65;GRK2;GNA13;GNGT2;GNB1;CYSLTR1;RAMP1;VIPR2;ITPR3;DGKQ;PRKCA;VAV3;RHOC;RGS16;GNA12;AKT1;TIAM1;ARHGEF12
prerank,Gap-filling DNA Repair Synthesis And Ligation In GG-NER R-HSA-5696397,0.4019550948368628,1.0914050301088858,3.625954e-01,1.000000e+00,1.000000e+00,6/20,20.53%,RFC2;POLK;XRCC1;RFC4;UBA52;UBC
prerank,Signaling By PDGF R-HSA-186797,0.3635386253459076,1.090403771020456,3.567110e-01,1.000000e+00,1.000000e+00,9/32,17.81%,STAT3;PDGFRB;CRK;STAT5A;PIK3CA;PLCG1;STAT1;STAT5B;THBS1
prerank,Autophagy R-HSA-9612973,0.30465084658982733,1.0896749495025098,3.280922e-01,1.000000e+00,1.000000e+00,35/111,25.08%,ATG9A;UVRAG;PRKAB2;RRAGC;MFN1;UBE2V1;NBR1;PIK3C3;UBAP1;TOMM5;HDAC6;TSC2;HSPA8;MTMR3;MFN2;PCNT;VPS37A;PINK1;TOMM70;SLC38A9;IFT88;ARL13B;TOMM6;ATG5;UBA52;RPTOR;CHMP6;CSNK2A2;UBC;VCP;RRAGB;LAMP2;MTOR;DYNC1H1;PLIN3
prerank,Translation Of Structural Proteins R-HSA-9683701,0.3795722252170497,1.089315861552816,3.553922e-01,1.000000e+00,1.000000e+00,16/25,37.22%,PARP9;ST3GAL2;PARP6;GANAB;ST3GAL4;UBA52;ST6GAL1;GSK3B;UBC;GSK3A;MOGS;ST3GAL3;UBE2I;PRKCSH;PARP14;GALNT1
prerank,Biological Oxidations R-HSA-211859,0.3190046444980334,1.0891778629102513,3.172867e-01,1.000000e+00,1.000000e+00,35/74,37.40%,ABHD14B;BPNT2;SLC35B2;FDXR;CES2;MTR;AKR1A1;GCLC;CES1;CYB5B;SLC26A2;COMT;TPST2;GSTM4;MGST3;FDX2;SLC35B3;AKR7A2;CNDP2;CYP4V2;NQO2;MAT2A;CYP2R1;UGP2;MGST2;ABHD10;MAT2B;GSTM2;BPNT1;ACY1;CYB5R3;GSTO1;TPMT;CYP51A1;PTGES3
prerank,RHO GTPases Activate WASPs And WAVEs R-HSA-5663213,0.37662158411866137,1.0890546196018258,3.764259e-01,1.000000e+00,1.000000e+00,13/26,32.82%,NCKAP1L;CYFIP2;ARPC3;WASF2;WIPF2;ACTR3;ARPC2;ABI1;ACTR2;ABI2;ACTG1;MAPK3;ARPC1B
prerank,"Base-Excision Repair, AP Site Formation R-HSA-73929",-0.28329129937738506,-1.0887813916544469,2.865497e-01,5.879789e-01,1.000000e+00,10/33,17.23%,H2BC12;H2AX;H2AJ;TERF1;H2AZ1;TERF2IP;H2AC20;NEIL1;H2AZ2;POT1
prerank,Ion Channel Transport R-HSA-983712,0.3184518264528676,1.0877172785033142,3.444924e-01,1.000000e+00,1.000000e+00,23/74,20.90%,ATP1A3;ATP2A2;ATP10D;ATP6V1A;ATP6V0A2;ATP13A2;CUTC;STOM;ATP6V0D1;ATP6V0E1;ATP6V1D;ATP6V1B2;ATP2C1;WNK1;CLCN7;ATP2A3;UBA52;TSC22D3;ATP10A;UBC;ATP6V0E2;PDZD11;ATP7A
prerank,Aberrant Regulation Of Mitotic Cell Cycle Due To RB1 Defects R-HSA-9687139,0.3662826100628102,1.0872489805668704,3.684211e-01,1.000000e+00,1.000000e+00,15/29,35.99%,ANAPC10;CDK4;CCND2;CDC16;CDKN1B;ANAPC7;UBE2E1;CCND3;ANAPC1;ANAPC2;CDK2;RB1;CDC23;ANAPC5;UBE2D1
prerank,RHOA GTPase Cycle R-HSA-8980692,0.3071708273258985,1.0867896050239048,3.176972e-01,1.000000e+00,1.000000e+00,38/94,30.99%,VAPB;ARHGEF7;ABCD3;STK10;MYO9A;ARHGEF3;ARHGAP30;ARHGAP10;DHDDS;PLEKHG3;DDRGK1;STOM;ARHGAP18;ROCK1;DIAPH1;ARHGAP35;ARHGEF2;ABR;ARHGAP8;PRPF38B;RHOA;BCAP31;ARHGEF18;SLK;ARHGAP1;AKAP13;FAF2;ATP6AP1;TMPO;OPHN1;FLOT2;ARHGEF19;GMIP;SCFD1;MACO1;HMOX2;YKT6;PIK3R2
prerank,Cooperation Of PDCL (PhLP1) And TRiC/CCT In G-protein Beta Folding R-HSA-6814122,0.39746137977903345,1.086670230818163,3.667084e-01,1.000000e+00,1.000000e+00,10/20,25.61%,GNG5;CCT7;CCT3;GNG10;GNB2;PDCL;CSNK2A2;CCT5;GNG2;CCT2
prerank,Clathrin-mediated Endocytosis R-HSA-8856828,0.30616152881346953,1.0861594337493568,3.134328e-01,1.000000e+00,1.000000e+00,40/93,29.96%,HGS;COPS5;RAB5B;HSPA8;PICALM;EPS15;CLTC;ARPC3;FNBP1;VAMP8;AP2A2;ARRB1;COPS7A;PIK3C2A;SNX18;REPS1;IGF2R;ACTR3;VAMP2;UBQLN2;SH3GL1;ARPC2;ITSN2;UBA52;ADRB2;BIN1;UBC;FCHO2;PACSIN2;AP2A1;ACTR2;CBL;SYNJ2;FCHO1;M6PR;AP2S1;PIP5K1C;EPN2;UBQLN1;VAMP4
prerank,CaM Pathway R-HSA-111997,-0.33006294294353283,-1.0860523716277009,3.086957e-01,5.904851e-01,1.000000e+00,8/18,25.13%,GRK2;PRKCA;PRKAR2B;KPNA2;ADCY9;PRKX;CAMK4;PRKAR1B
prerank,Interleukin-10 Signaling R-HSA-6783783,0.40455528576071587,1.0851603277965063,3.511749e-01,1.000000e+00,1.000000e+00,5/18,17.59%,STAT3;IL10RA;TNFRSF1A;TNFRSF1B;TNF
prerank,ABC Transporter Disorders R-HSA-5619084,0.3274113076686006,1.0849844598992926,3.457627e-01,1.000000e+00,1.000000e+00,16/60,20.96%,PSMD4;PSMA6;PSME3;PSMB10;PSMA7;PSMD11;PSMD5;PSMB2;PSMD13;PSMB9;UBA52;PSMB8;UBC;VCP;PSMC3;PSMC5
prerank,Vesicle-mediated Transport R-HSA-5653656,0.2801492581107724,1.0849460942177043,2.320000e-01,1.000000e+00,1.000000e+00,161/451,29.96%,YWHAB;HGS;MYO6;TBC1D25;TBC1D14;BLOC1S1;NAA35;VTA1;TBC1D10B;TRIP11;SEC23IP;CTSC;COG4;SPTAN1;TBC1D7;TRAPPC12;RABEPK;RABGAP1;PRKAB2;KIF21B;MON1A;TBC1D10C;BLOC1S6;COG1;RALGAPB;COPS5;DENND3;UBAP1;NBAS;RAB35;RAB10;SEC31A;KIF3A;COPZ2;TRAPPC6B;GGA1;HPS4;RAB5B;TSC2;VTI1A;HSPA8;GGA2;SEC16A;COPA;COG5;PICALM;EPS15;PREB;MAN1A1;CLTC;PTGES2;CYTH4;ARPC3;SYS1;CAPZB;FNBP1;KIF3B;VAMP8;SCOC;AP2A2;MYH9;LNPEP;BICD2;ANKRD27;ARRB1;KDELR1;VPS37A;ACBD3;AP1B1;COPS7A;PIK3C2A;SNX18;REPS1;MCFD2;DENND4C;IGF2R;NAA30;RHOBTB3;ACTR3;COG2;TRAPPC1;VAMP2;STX6;RAB6A;C2CD5;UBQLN2;SH3GL1;ARPC2;TRAPPC13;YIPF6;ITSN2;COPB2;PPP6R1;UBA52;TBC1D13;EXOC2;RAB33A;CHMP6;VPS51;EXOC6;SBF1;SNX5;DCTN2;AP1S1;VPS45;ADRB2;GOLGA4;CYTH1;BIN1;ALS2;UBC;AP4M1;GNS;KIF2A;TPD52;FCHO2;PACSIN2;GALNT2;RAB11A;AP2A1;ARFGAP2;PPP6R3;TBC1D17;AKT3;COPG1;CCZ1B;ACTR2;PUM1;DYNC1H1;STX16;PLIN3;GOSR2;JCHAIN;RAB9A;COG3;DNASE2;BLOC1S4;CBL;SYNJ2;COG7;GOLGB1;FCHO1;EXOC5;DENND4B;PRKAG2;KIF13B;M6PR;SCFD1;DCTN1;YWHAQ;ASPSCR1;PAFAH1B1;PAFAH1B3;DENND6A;AP2S1;GOSR1;PIP5K1C;EPN2;UBQLN1;KIF9;VAMP4
prerank,Chromosome Maintenance R-HSA-73886,-0.23054312743847682,-1.0849067990556505,2.307692e-01,5.881394e-01,1.000000e+00,20/93,14.36%,H3-3B;CHTF8;H2BC12;H2AX;H2AJ;TERF1;POLR2G;CENPM;NPM1;RTEL1;POLR2L;POLR2J;H2AZ1;TERF2IP;BLM;POLR2F;H2AC20;CENPH;PPP6C;MIS18A
prerank,Integrin Cell Surface Interactions R-HSA-216083,0.3677120251990375,1.0845220254098407,3.607990e-01,1.000000e+00,1.000000e+00,7/28,17.81%,F11R;COL13A1;ITGB7;BSG;ITGB1;ITGAL;THBS1
prerank,TP53 Regulates Transcription Of Additional Cell Cycle Genes With Uncertain Roles In P53 Pathway R-HSA-6804115,0.40674914549700575,1.0836899666747657,3.793103e-01,1.000000e+00,1.000000e+00,6/18,24.29%,CNOT3;CNOT8;CNOT7;TP53;CNOT6;CNOT6L
prerank,Signaling By WNT R-HSA-195721,0.29002996755126514,1.0818248706531044,3.051882e-01,1.000000e+00,1.000000e+00,61/197,25.09%,PORCN;CCDC88C;DVL3;PSMD4;PSMA6;BCL9L;PSME3;PSMB10;PPP2R5D;MOV10;USP34;LEO1;SMURF2;ASH2L;PPP3CB;H2BC15;PPP2R5C;TRRAP;PPP2R5E;PPP2R5A;GNG5;RNF146;CLTC;PLCB2;AP2A2;PSMA7;PSMD11;PSMD5;MEN1;PSMB2;SCRIB;PSMD13;TMED5;PSMB9;CUL1;GNG10;GNB2;RBX1;NCOA3;AGO4;UBA52;PSMB8;RUVBL1;KMT2D;RHOA;GSK3B;CSNK2A2;TNKS;UBC;PSMC3;PSMC5;AP2A1;TLE3;PDE6B;TNKS2;GNG2;TLE1;PSMB3;FRAT2;VPS35;AGO1
prerank,Transcriptional Regulation By AP-2 (TFAP2) Family Of Transcription Factors R-HSA-8864260,-0.33405548307831745,-1.080861800611459,3.259912e-01,5.944124e-01,1.000000e+00,5/17,8.73%,HSPD1;NPM1;CREBBP;YEATS4;SUMO1
prerank,SUMOylation Of Ubiquitinylation Proteins R-HSA-3232142,0.3495062698793308,1.0800646922426855,3.651355e-01,1.000000e+00,1.000000e+00,9/38,15.54%,TRIM27;PIAS2;POM121C;NUP37;NUP88;PIAS1;NUP188;NUP58;NUP214
prerank,Platelet Homeostasis R-HSA-418346,0.33818640921195325,1.0800453131942362,3.652762e-01,1.000000e+00,1.000000e+00,13/43,17.65%,PAFAH2;ATP2A2;MAPK14;PPP2R5D;PPP2R5C;STIM1;PPP2R5E;PPP2R5A;GNG5;ORAI1;GNG10;GNB2;ATP2A3
prerank,"Platelet Activation, Signaling And Aggregation R-HSA-76002",0.2903838224500576,1.0783140104606321,3.199174e-01,1.000000e+00,1.000000e+00,44/151,23.37%,TEX264;WDR1;TMX3;CAP1;MAPK14;ENDOD1;TOR4A;APBB1IP;CRK;PRKCZ;VTI1B;SOD1;PIK3CA;GNG5;SCCPDH;FLNA;PTPN1;ARRB1;SHC1;PIK3R3;CSK;SPNS1;RASGRP2;STXBP2;RAP1B;GNG10;GNB2;F2R;THBS1;CYB5R1;DGKZ;ANXA5;PPIA;FAM3C;RHOA;CDC37L1;VPS72;PLEK;ABHD12;GNAI2;LCP2;LAMP2;GNG2;RASGRP1
prerank,Degradation Of Beta-Catenin By Destruction Complex R-HSA-195253,0.3126084494866837,1.0782698719791424,3.405172e-01,1.000000e+00,1.000000e+00,26/77,24.48%,PSMD4;PSMA6;PSME3;PSMB10;PPP2R5D;PPP2R5C;PPP2R5E;PPP2R5A;PSMA7;PSMD11;PSMD5;PSMB2;PSMD13;PSMB9;CUL1;RBX1;UBA52;PSMB8;GSK3B;UBC;PSMC3;PSMC5;TLE3;TLE1;PSMB3;FRAT2
prerank,G2/M Checkpoints R-HSA-69481,0.3007557621353995,1.0782460666673446,3.354430e-01,1.000000e+00,1.000000e+00,30/113,20.96%,YWHAB;PSMD4;PSMA6;PSME3;RFC2;PSMB10;HUS1;RNF8;H2BC15;RFC4;MCM5;PSMA7;PSMD11;RAD17;TOPBP1;TP53;PSMD5;HERC2;PSMB2;PSMD13;MDC1;PSMB9;BRCC3;UBA52;RAD50;PSMB8;NSD2;UBC;PSMC3;PSMC5
prerank,Phase II - Conjugation Of Compounds R-HSA-156580,0.34718361499239103,1.0781427780993167,3.657679e-01,1.000000e+00,1.000000e+00,20/40,32.32%,ABHD14B;BPNT2;SLC35B2;MTR;AKR1A1;GCLC;SLC26A2;COMT;TPST2;GSTM4;MGST3;SLC35B3;CNDP2;MAT2A;UGP2;MGST2;ABHD10;MAT2B;GSTM2;BPNT1
prerank,Late Phase Of HIV Life Cycle R-HSA-162599,0.29774822929147304,1.0776623504314138,3.468328e-01,1.000000e+00,1.000000e+00,33/124,21.51%,VTA1;GTF2F2;SUPT4H1;RANGAP1;NELFA;TAF7;GTF2A1;UBAP1;POM121C;TAF6;NUP37;NCBP2;NUP88;CCNH;CTDP1;VPS37A;NUP188;NUP58;TAF15;TAF9;GTF2H3;NUP214;GTF2H5;POLR2D;UBA52;PPIA;GTF2H4;ERCC3;CHMP6;POLR2C;UBC;CDK7;CCNK
prerank,NIK To Noncanonical NF-kB Signaling R-HSA-5676590,0.3309411560720974,1.0775626223901447,3.486239e-01,1.000000e+00,1.000000e+00,16/55,20.96%,PSMD4;PSMA6;PSME3;PSMB10;PSMA7;PSMD11;PSMD5;PSMB2;PSMD13;PSMB9;CUL1;UBA52;PSMB8;UBC;PSMC3;PSMC5
prerank,Regulation Of PLK1 Activity At G2/M Transition R-HSA-2565942,-0.22622391337154532,-1.0773880148930641,3.255814e-01,5.986330e-01,1.000000e+00,17/75,12.74%,UBB;YWHAE;SKP1;MAPRE1;OFD1;TUBB4B;CSNK1D;DCTN3;PCM1;TUBA4A;HAUS3;PRKCA;CEP152;YWHAG;OPTN;CEP70;ACTR1A
prerank,Translocation Of SLC2A4 (GLUT4) To Plasma Membrane R-HSA-1445148,0.3367316104618199,1.0770013562241476,3.640607e-01,1.000000e+00,1.000000e+00,17/45,28.62%,YWHAB;PRKAB2;RALGAPB;RAB10;KIF3A;KIF3B;MYH9;LNPEP;VAMP2;C2CD5;EXOC2;EXOC6;RAB11A;EXOC5;PRKAG2;YWHAQ;ASPSCR1
prerank,MAP2K And MAPK Activation R-HSA-5674135,0.37274399126037316,1.0765689782973058,3.602015e-01,1.000000e+00,1.000000e+00,11/26,33.00%,YWHAB;APBB1IP;ARRB1;CSK;ARAF;RAP1B;BRAF;MARK3;MAPK3;IQGAP1;LAMTOR2
prerank,Infection With Mycobacterium Tuberculosis R-HSA-9635486,0.3917002526564203,1.0759389825594101,3.742099e-01,1.000000e+00,1.000000e+00,11/20,32.91%,HGS;TRIM27;RNF213;UBA52;UBC;GSK3A;KPNA1;KPNB1;DUSP16;MAPK3;PGK1
prerank,Nonsense Mediated Decay (NMD) Enhanced By Exon Junction Complex (EJC) R-HSA-975957,-0.2863097945281062,-1.0751349408474182,3.390805e-01,5.995354e-01,1.000000e+00,8/32,9.51%,MAGOH;PPP2CA;RSL24D1;PABPC1;UPF2;ETF1;EIF4G1;RNPS1
prerank,Protein Folding R-HSA-391251,0.32185825544373986,1.0722703749324813,3.762486e-01,1.000000e+00,1.000000e+00,33/62,36.42%,STAT3;USP11;WRAP53;FBXW4;GNG5;CCT7;TP53;AP3M1;CCT3;PFDN6;GNG10;GNB2;PDCL;CSNK2A2;FBXO4;CCT5;ARFGEF2;GNG2;TUBA1A;SKIC2;CCT2;XRN2;FBXW2;FBXL5;KIFC3;PFDN5;DCAF7;ARL2;FBXW5;GNB5;FBXL3;LONP2;NOP56
prerank,Iron Uptake And Transport R-HSA-917937,-0.2631331357099201,-1.0721813376543372,2.734375e-01,6.029826e-01,1.000000e+00,7/39,6.91%,FTL;FTH1;UBB;SKP1;ATP6V1G1;ATP6V1H;TCIRG1
prerank,rRNA Modification In Nucleus And Cytosol R-HSA-6790901,0.32133687673682454,1.0720850078013555,3.551724e-01,1.000000e+00,1.000000e+00,23/55,32.13%,TBL3;WDR75;DDX49;DCAF13;EMG1;DIMT1;RRP7A;NOC4L;BMS1;UTP14A;UTP3;DDX52;TSR3;IMP4;NAT10;UTP6;DHX37;NOP14;HEATR1;UTP4;RRP9;DKC1;WDR46
prerank,Initiation Of Nuclear Envelope (NE) Reformation R-HSA-2995383,-0.33037584016899246,-1.0717498630037607,3.519313e-01,5.988815e-01,1.000000e+00,6/16,19.45%,PPP2CA;ANKLE2;SIRT2;EMD;LEMD2;LBR
prerank,Signaling By TGFB Family Members R-HSA-9006936,0.3107451960526354,1.0706069745248592,3.672806e-01,1.000000e+00,1.000000e+00,30/80,32.08%,LTBP4;F11R;BMPR2;MTMR4;PRKCZ;SMURF2;SMAD4;RNF111;MEN1;PPP1CA;PPM1A;STAT1;ITGB1;NCOR1;UBA52;SMAD5;RHOA;UBC;CCNK;ARHGEF18;BMPR1A;TGFBR1;E2F4;CBL;SRFBP1;RBL1;YBX1;SMAD2;MAPK3;CCNC
prerank,Metabolism Of Porphyrins R-HSA-189445,0.41168787334607054,1.0702743878052192,3.989570e-01,1.000000e+00,1.000000e+00,7/16,34.57%,PPOX;ALAS1;COX15;UROD;HMOX2;ALAD;ABCC1
prerank,Dectin-1 Mediated Noncanonical NF-kB Signaling R-HSA-5607761,0.3287562611980099,1.0700479861256043,3.490783e-01,1.000000e+00,1.000000e+00,16/56,20.96%,PSMD4;PSMA6;PSME3;PSMB10;PSMA7;PSMD11;PSMD5;PSMB2;PSMD13;PSMB9;CUL1;UBA52;PSMB8;UBC;PSMC3;PSMC5
prerank,Homology Directed Repair R-HSA-5693538,0.3050524822893097,1.0699169857900601,3.776596e-01,1.000000e+00,1.000000e+00,23/88,20.53%,RFC2;POLK;XRCC1;HUS1;RNF8;RAD51C;H2BC15;ERCC4;RFC4;PPP4R2;RAD17;TOPBP1;HERC2;SPIDR;MDC1;SIRT6;BRCC3;UBA52;RAD50;NSD2;RNF4;PPP4C;UBC
prerank,RNA Polymerase III Chain Elongation R-HSA-73780,-0.3378935661927954,-1.069718518182469,3.416667e-01,5.997444e-01,1.000000e+00,8/16,19.47%,POLR3GL;POLR2L;POLR3H;POLR3D;POLR2F;POLR3F;CRCP;POLR3E
prerank,Interleukin-37 Signaling R-HSA-9008059,0.4074772028030651,1.069492670165396,3.766067e-01,1.000000e+00,1.000000e+00,6/16,18.25%,STAT3;PTPN4;SIGIRR;TBK1;PTPN18;CASP1
prerank,HIV Infection R-HSA-162906,0.2845966042821842,1.0678367580188484,3.393939e-01,1.000000e+00,1.000000e+00,59/207,24.59%,CD247;PSMD4;VTA1;PSMA6;PSME3;GTF2F2;PSMB10;SUPT4H1;RANGAP1;NELFA;TAF7;GTF2A1;UBAP1;POM121C;TAF6;NUP37;NCBP2;AP2A2;PSMA7;NUP88;PSMD11;CCNH;CTDP1;VPS37A;PSMD5;AP1B1;PSMB2;PSMD13;NUP188;NUP58;TAF15;TAF9;GTF2H3;PSMB9;NUP214;GTF2H5;PACS1;POLR2D;RBX1;UBA52;PSMB8;PPIA;GTF2H4;ERCC3;CHMP6;POLR2C;AP1S1;UBC;CDK7;PSMC3;PSMC5;CCNK;AP2A1;TBP;KPNA1;PSMB3;XRCC5;TAF5;GTF2B
prerank,Telomere Maintenance R-HSA-157579,-0.2329678564915062,-1.0677411750780759,2.674419e-01,6.005926e-01,1.000000e+00,15/75,12.61%,H3-3B;CHTF8;H2BC12;H2AX;H2AJ;TERF1;POLR2G;RTEL1;POLR2L;POLR2J;H2AZ1;TERF2IP;BLM;POLR2F;H2AC20
prerank,Signaling By WNT In Cancer R-HSA-4791275,0.38666270099660194,1.0672595266387321,3.883871e-01,1.000000e+00,1.000000e+00,8/20,23.27%,PORCN;PPP2R5D;PPP2R5C;PPP2R5E;PPP2R5A;GSK3B;TNKS;TNKS2
prerank,Cargo Recognition For Clathrin-Mediated Endocytosis R-HSA-8856825,0.3104327339567485,1.0670427675592533,3.688792e-01,1.000000e+00,1.000000e+00,27/65,29.96%,HGS;COPS5;PICALM;EPS15;CLTC;VAMP8;AP2A2;ARRB1;COPS7A;REPS1;IGF2R;VAMP2;UBQLN2;SH3GL1;ITSN2;UBA52;ADRB2;UBC;FCHO2;AP2A1;CBL;FCHO1;M6PR;AP2S1;EPN2;UBQLN1;VAMP4
prerank,Protein-protein Interactions At Synapses R-HSA-6794362,0.3754797953374603,1.0661318490812157,3.694830e-01,1.000000e+00,1.000000e+00,7/24,20.89%,DLGAP4;APBA3;PPFIA1;EPB41;RTN3;PDLIM5;SHARPIN
prerank,Insulin Receptor Recycling R-HSA-77387,0.40988622843120937,1.0659148138758403,3.911392e-01,1.000000e+00,1.000000e+00,8/16,25.57%,ATP6V1A;ATP6V0A2;ATP6V0D1;ATP6V0E1;ATP6V1D;ATP6V1B2;ATP6V0E2;ATP6AP1
prerank,Signaling By GPCR R-HSA-372790,-0.1967233749445217,-1.0652757788836937,2.500000e-01,6.028970e-01,1.000000e+00,47/195,16.57%,XCL1;XCL2;GRK6;CDC42;PIK3R1;PKN1;PPP2CA;ARHGEF1;GPR183;PPP3CA;RGS1;PPP2CB;PDE4D;CDK5;CD55;GNAI3;GNAQ;PDE4B;GNAS;HEBP1;GPR65;GRK2;GNA13;GNGT2;GNB1;CYSLTR1;RAMP1;VIPR2;ITPR3;DGKQ;PRKCA;VAV3;RHOC;RGS16;GNA12;AKT1;TIAM1;ARHGEF12;UTS2;SOS2;CXCR3;PLEKHG2;PRKAR2B;SOS1;KPNA2;PTCH2;ADCY9
prerank,RNA Pol II CTD Phosphorylation And Interaction With CE R-HSA-77075,0.3637644210649443,1.0644312744315116,3.930348e-01,1.000000e+00,1.000000e+00,9/27,20.56%,GTF2F2;CCNH;GTF2H3;GTF2H5;POLR2D;GTF2H4;ERCC3;POLR2C;CDK7
prerank,Signaling By PDGFR In Disease R-HSA-9671555,0.40832796178501196,1.0639513160141179,3.894737e-01,1.000000e+00,1.000000e+00,6/16,20.04%,STAT3;PIK3CA;STAT1;STRN;BIN2;GOLGA4
prerank,Regulation Of APC/C Activators Between G1/S And Early Anaphase R-HSA-176408,0.31395683635340516,1.0639214312682703,3.661504e-01,1.000000e+00,1.000000e+00,22/70,24.02%,PSMD4;PSMA6;PSME3;PSMB10;ANAPC10;CDC16;PSMA7;PSMD11;ANAPC7;PSMD5;PSMB2;PSMD13;UBE2E1;PSMB9;CUL1;UBA52;PSMB8;UBC;PSMC3;PSMC5;ANAPC1;PSMB3
prerank,P75 NTR Receptor-Mediated Signaling R-HSA-193704,0.3191148212217791,1.0623169274350617,3.839286e-01,1.000000e+00,1.000000e+00,23/60,27.72%,MAGED1;ARHGEF7;TRAF6;PSEN1;PRDM4;ARHGEF3;RTN4;BCL2L11;CASP2;IKBKB;UBA52;ARHGEF2;ABR;PRPF38B;RHOA;UBC;AATF;SMPD2;ARHGEF18;AKAP13;PSENEN;ADAM17;ARHGEF19
prerank,Nuclear Receptor Transcription Pathway R-HSA-383280,0.36173271749143554,1.0621127054911637,4.043849e-01,1.000000e+00,1.000000e+00,10/28,32.04%,NR2C2;NR2C2AP;NR1D2;NR2C1;MBD4;NCOR1;RXRB;RARG;PPARA;NRBF2
prerank,tRNA Processing R-HSA-72306,0.3006017660522889,1.060319228021826,3.618143e-01,1.000000e+00,1.000000e+00,18/95,15.54%,TYW3;ZBTB8OS;TRMT61B;TRMU;TP53RK;THADA;TSEN34;POM121C;RPP21;NUP37;TRNT1;NUP88;NSUN2;TYW1;NUP188;NUP58;ELAC2;NUP214
prerank,RHOJ GTPase Cycle R-HSA-9013409,-0.2658314380622269,-1.0590991106365506,3.445946e-01,6.157927e-01,1.000000e+00,9/39,10.74%,CDC42;PIK3R1;PKN1;SLC1A5;WAS;VAMP3;ARHGAP5;GIT1;CPNE8
prerank,Antigen Processing: Ubiquitination And Proteasome Degradation R-HSA-983168,0.2788629607980715,1.0572016326732436,3.580742e-01,1.000000e+00,1.000000e+00,60/247,21.52%,TRIM4;PSMD4;LRRC41;TRIM69;ASB1;UBE2O;PSMA6;BLMH;RNF14;PSME3;HERC1;RNF6;UBE2D4;PSMB10;GAN;TRIM37;UBE2V1;SMURF2;SIAH2;TRIM39;UBE2J2;ANAPC10;HECTD3;UBE2L3;FBXO22;FBXW4;CDC16;RNF111;PSMA7;LNPEP;PSMD11;ANAPC7;RNF213;PSMD5;HERC2;PSMB2;PSMD13;FBXL20;NPEPPS;UBE2E1;PSMB9;CUL1;UBE2D2;TRIM11;ASB8;THOP1;KLHL22;RBX1;FBXL4;UBA52;PSMB8;RNF4;FBXO21;UBE3B;HERC5;UBC;PSMC3;PSMC5;FBXO4;RLIM
prerank,PIWI-interacting RNA (piRNA) Biogenesis R-HSA-5601884,-0.3312102199387815,-1.0571074998717835,3.392070e-01,6.167832e-01,1.000000e+00,4/16,11.76%,POLR2G;POLR2L;POLR2J;POLR2F
prerank,Translesion Synthesis By POLH R-HSA-110320,0.4144039351665775,1.0570475419851901,4.210526e-01,1.000000e+00,1.000000e+00,8/16,29.97%,RFC2;RFC4;UBA52;NPLOC4;UBC;VCP;UFD1;SPRTN
prerank,Leishmania Infection R-HSA-9658195,0.29372965566399456,1.057016456896926,3.891835e-01,1.000000e+00,1.000000e+00,34/113,27.24%,CD247;DVL3;NCKAP1L;MAPK14;AHCYL1;CYFIP2;CRK;PTGER2;TXN2;GNG5;CYBA;PLCG1;ARPC3;MYH9;SUGT1;WASF2;WIPF2;ACTR3;GNG10;GNB2;ARPC2;GSDMD;CASP1;ADRB2;ABI1;RHBDF2;GNAI2;GNG2;ACTR2;ABI2;PRKACB;MC1R;ACTG1;ADAM17
prerank,Apoptosis R-HSA-109581,0.28873105556246664,1.0567445792357955,3.633540e-01,1.000000e+00,1.000000e+00,36/144,20.96%,YWHAB;PSMD4;STAT3;MAGED1;DAPK2;PSMA6;GZMB;PSME3;PPP3CC;SPTAN1;FADD;PSMB10;CYCS;MED12;ARHGAP10;BCL2L1;CDKN2A;FASLG;PSMA7;PSMD11;TP53;PSMD5;PSMB2;PSMD13;BCL2L11;PSMB9;ROCK1;BBC3;UBA52;GSDMD;DFFA;PSMB8;BCAP31;UBC;PSMC3;PSMC5
prerank,HDR Thru Homologous Recombination (HRR) Or Single Strand Annealing (SSA) R-HSA-5693567,0.30527533506112764,1.056732028423977,3.924731e-01,1.000000e+00,1.000000e+00,22/84,20.53%,RFC2;POLK;HUS1;RNF8;RAD51C;H2BC15;ERCC4;RFC4;PPP4R2;RAD17;TOPBP1;HERC2;SPIDR;MDC1;SIRT6;BRCC3;UBA52;RAD50;NSD2;RNF4;PPP4C;UBC
prerank,Deadenylation Of mRNA R-HSA-429947,0.3754815964528329,1.0565306459074617,4.037500e-01,1.000000e+00,1.000000e+00,8/23,24.29%,CNOT3;CNOT8;CNOT7;PARN;EIF4B;TUT7;CNOT6;CNOT6L
prerank,Hemostasis R-HSA-109582,0.27382506195402856,1.0558562712016815,3.460381e-01,1.000000e+00,1.000000e+00,114/307,32.35%,S100A9;PAFAH2;F11R;TEX264;WDR1;GLG1;ATP2A2;TMX3;CAP1;EHD1;MAPK14;ENDOD1;TOR4A;CEACAM21;KIF21B;PPP2R5D;APBB1IP;MFN1;CRK;BSG;PRKCZ;VTI1B;PPIL2;RAD51C;AKAP10;KIF3A;SOD1;PPP2R5C;STIM1;PPP2R5E;PIK3CA;PPP2R5A;GNG5;SCCPDH;FLNA;PLCG1;PTPN1;CAPZB;KIF3B;SELPLG;ORAI1;ARRB1;MFN2;SHC1;PIK3R3;SERPINB6;TP53;CSK;SPNS1;ITGB1;RASGRP2;STXBP2;KDM1A;RAP1B;ITGAL;GNG10;GNB2;PHF21A;F2R;ATP2A3;THBS1;CYB5R1;DGKZ;ANXA5;PPIA;FAM3C;RHOA;VPS45;CDC37L1;PICK1;VPS72;PLEK;KIF2A;DOCK8;ABHD12;ORAI2;GNAI2;ITPK1;LCP2;LAMP2;GNG2;RASGRP1;ANXA2;IRF2;DOCK11;JCHAIN;PRCP;PRKACB;RBSN;CHID1;SLC16A3;PRKCQ;DOCK5;CD48;KIF13B;INPP5D;ATP2B4;ITGB2;ATP1B3;KIF9;SRI;CD244;PRKCH;PRKCB;RAC2;PIK3R2;AAMP;CDK2;ITPR1;MAPK3;TAGLN2;DGKK;PIK3CG;KIFAP3
prerank,RHOF GTPase Cycle R-HSA-9035034,0.36417342840290345,1.0551313885000142,3.895782e-01,1.000000e+00,1.000000e+00,12/27,32.20%,FAM169A;ADD3;ARHGAP12;CAPZB;DIAPH1;ARHGAP1;SRGAP2;DIAPH2;TMPO;SLC4A7;PIK3R2;ESYT1
prerank,Diseases Of Programmed Cell Death R-HSA-9645723,-0.24138895258128903,-1.0542770850825303,3.008850e-01,6.198214e-01,1.000000e+00,8/53,9.36%,H3-3B;H2BC12;H2AX;H2AJ;YWHAE;CDK5;DNMT1;H2AZ1
prerank,Cytosolic Sensors Of Pathogen-Associated DNA R-HSA-1834949,-0.24348839828941,-1.0538858281266226,3.090909e-01,6.159772e-01,1.000000e+00,11/57,8.43%,UBB;IFI16;ZBP1;NFKBIA;CREBBP;POLR3GL;POLR2L;CHUK;NFKBIB;POLR3H;POLR3D
prerank,Ca-dependent Events R-HSA-111996,-0.31577942565230854,-1.0538701615140216,3.303571e-01,6.109824e-01,1.000000e+00,8/19,25.13%,GRK2;PRKCA;PRKAR2B;KPNA2;ADCY9;PRKX;CAMK4;PRKAR1B
prerank,UCH Proteinases R-HSA-5689603,0.30266025491419657,1.0513126757522075,3.923241e-01,1.000000e+00,1.000000e+00,25/87,25.06%,PSMD4;PSMA6;PSME3;PSMB10;MBD6;INO80D;ACTR8;PSMA7;PSMD11;PSMD5;PSMB2;INO80;PSMD13;FOXK1;PSMB9;INO80C;UBA52;PSMB8;RUVBL1;UBC;PSMC3;PSMC5;INO80B;PSMB3;TGFBR1
prerank,Signaling By NOTCH4 R-HSA-9013694,0.31185410527477264,1.0512883679390876,4.022222e-01,1.000000e+00,1.000000e+00,20/72,20.96%,MAML1;PSMD4;ACTA2;PSMA6;PSME3;PSMB10;PSEN1;PSMA7;PSMD11;PSMD5;PSMB2;PSMD13;PSMB9;CUL1;RBX1;UBA52;PSMB8;UBC;PSMC3;PSMC5
prerank,Major Pathway Of rRNA Processing In Nucleolus And Cytosol R-HSA-6791226,0.29275812180767335,1.05070150869965,3.717949e-01,1.000000e+00,1.000000e+00,37/97,29.41%,PES1;TBL3;GNL3;WDR75;DDX49;DCAF13;DDX56;RPP21;EMG1;NOL12;TSR1;RRP7A;WDR18;NOC4L;EBNA1BP2;BMS1;UTP14A;PELP1;NIP7;UTP3;DDX52;UBA52;RIOK2;IMP4;RBM28;UTP6;DHX37;NOP14;ERI1;MPHOSPH6;HEATR1;XRN2;NOL9;EXOSC6;EXOSC8;UTP4;RRP9
prerank,FGFR1 Mutant Receptor Activation R-HSA-1839124,0.3788662836788774,1.0499140499202748,4.090339e-01,1.000000e+00,1.000000e+00,6/20,15.16%,STAT3;STAT5A;PIK3CA;STAT1;STAT5B;TRIM24
prerank,NRAGE Signals Death Thru JNK R-HSA-193648,0.3474815107583078,1.0487903999805472,4.159613e-01,1.000000e+00,1.000000e+00,10/28,24.35%,MAGED1;ARHGEF7;ARHGEF3;BCL2L11;ARHGEF2;ABR;PRPF38B;AATF;ARHGEF18;AKAP13
prerank,Synthesis Of DNA R-HSA-69239,0.29611376267553446,1.048292120553734,3.976670e-01,1.000000e+00,1.000000e+00,31/100,27.34%,PSMD4;PSMA6;PSME3;RFC2;PSMB10;ANAPC10;CDC16;RFC4;MCM5;PSMA7;PSMD11;ANAPC7;PSMD5;PSMB2;PSMD13;UBE2E1;PSMB9;CUL1;RBX1;UBA52;PSMB8;UBC;PSMC3;PSMC5;ANAPC1;PSMB3;ORC3;MCM6;PSMC4;ORC5;POLA2
prerank,Diseases Of Metabolism R-HSA-5668914,0.29197770781278487,1.0474511671654947,3.931889e-01,1.000000e+00,1.000000e+00,40/116,32.24%,ALG6;GALNS;MAN1B1;MCCC2;HGSNAT;ALG3;C1GALT1C1;DHDDS;FDXR;HLCS;PCCB;MMAB;MTR;ALG12;GCLC;SLC26A2;HEXB;SRD5A3;THBS1;UBA52;LFNG;FDX2;B3GLCT;UBC;GNS;GALT;PCCA;CD320;GALNT3;MOGS;POMGNT1;GAA;DPM2;CYP2R1;DCXR;GYS1;LMBRD1;ST3GAL3;ABCD4;CTSA
prerank,TCF Dependent Signaling In Response To WNT R-HSA-201681,0.287547390909373,1.046691782751353,3.834197e-01,1.000000e+00,1.000000e+00,41/135,24.48%,CCDC88C;DVL3;PSMD4;PSMA6;BCL9L;PSME3;PSMB10;PPP2R5D;USP34;LEO1;SMURF2;ASH2L;H2BC15;PPP2R5C;TRRAP;PPP2R5E;PPP2R5A;RNF146;PSMA7;PSMD11;PSMD5;MEN1;PSMB2;PSMD13;PSMB9;RBX1;UBA52;PSMB8;RUVBL1;KMT2D;GSK3B;CSNK2A2;TNKS;UBC;PSMC3;PSMC5;TLE3;TNKS2;TLE1;PSMB3;FRAT2
prerank,Intrinsic Pathway For Apoptosis R-HSA-109606,0.32418556956744227,1.0464167819028711,3.948897e-01,1.000000e+00,1.000000e+00,11/48,17.93%,YWHAB;STAT3;GZMB;PPP3CC;CYCS;BCL2L1;CDKN2A;TP53;BCL2L11;BBC3;GSDMD
prerank,Cardiac Conduction R-HSA-5576891,0.3464191788125199,1.0460550545866698,3.919717e-01,1.000000e+00,1.000000e+00,12/34,21.88%,CACNA2D2;ATP1A3;ATP2A2;AHCYL1;HIPK2;STIM1;ORAI1;CES1;NPRL2;ATP2A3;DMPK;ORAI2
prerank,Nucleotide Catabolism R-HSA-8956319,-0.30101345536983215,-1.04570160635162,4.008811e-01,6.295576e-01,1.000000e+00,6/21,14.39%,DPYD;NUDT15;NUDT1;ITPA;SCO2;NT5C
prerank,Cargo Trafficking To Periciliary Membrane R-HSA-5620920,0.34032702541752624,1.044830303713701,4.372802e-01,1.000000e+00,1.000000e+00,15/35,31.70%,PTGES2;CCT3;ARL13B;BBIP1;EXOC2;EXOC6;CCT5;RAB11A;BBS2;CCT2;EXOC5;PRKD2;BBS4;EXOC8;PKD1
prerank,Export Of Viral Ribonucleoproteins From Nucleus R-HSA-168274,0.3427773063492635,1.0433707839143798,4.094675e-01,1.000000e+00,1.000000e+00,9/35,15.54%,GNL3;BLOC1S6;POM121C;NUP37;NUP88;NUP188;NUP58;HSPA1A;NUP214
prerank,Processing Of Intronless Pre-mRNAs R-HSA-77595,0.38579312407327715,1.0424013676824921,4.237726e-01,1.000000e+00,1.000000e+00,6/19,20.24%,CPSF3;CSTF1;NCBP2;NUDT21;PCF11;SYMPK
prerank,Regulation Of TP53 Activity R-HSA-5633007,0.28831741436564784,1.0417368469570563,3.939076e-01,1.000000e+00,1.000000e+00,35/124,25.45%,EHMT2;TTC5;MAPK14;RFC2;PRKAB2;NOC2L;HIPK2;HUS1;TP53RK;TAF7;NUAK1;PIP4P1;TAF6;CDKN2A;PPP2R5C;RFC4;RAD17;TOPBP1;TP53;STK11;TAF15;TAF9;UBA52;RAD50;MAP2K6;DYRK2;PIP4K2B;CSNK2A2;UBC;TBP;AKT3;KAT6A;MTOR;TAF5;CHD3
prerank,PINK1-PRKN Mediated Mitophagy R-HSA-5205685,0.3890394881179739,1.0410827609854323,4.135723e-01,1.000000e+00,1.000000e+00,9/20,20.53%,MFN1;TOMM5;MFN2;PINK1;TOMM70;TOMM6;ATG5;UBA52;UBC
prerank,RHOV GTPase Cycle R-HSA-9013424,-0.2703493988032471,-1.0409318699408625,3.806452e-01,6.378456e-01,1.000000e+00,4/32,1.14%,CDC42;PIK3R1;PKN1;NCK2
prerank,Glycosaminoglycan Metabolism R-HSA-1630316,-0.23282052266926087,-1.0401768608856174,3.595506e-01,6.349843e-01,1.000000e+00,12/61,9.61%,B3GNT7;B4GALT1;CD44;GLB1;CHST7;CHSY1;B4GALT4;PAPSS1;SLC35D2;B3GNT2;CSGALNACT2;UST
prerank,Defective Intrinsic Pathway For Apoptosis R-HSA-9734009,0.38684047793661935,1.0395726991360277,4.464516e-01,1.000000e+00,1.000000e+00,7/18,23.66%,CDKN2A;FASLG;TP53;BCL2L11;CAPN2;CAPN1;CAPNS1
prerank,Sialic Acid Metabolism R-HSA-4085001,0.39001100730365584,1.0386031778105431,4.348387e-01,1.000000e+00,1.000000e+00,11/18,35.83%,ST3GAL2;CMAS;SLC17A5;ST3GAL5;ST3GAL4;ST6GAL1;ST8SIA4;ST3GAL3;SLC35A1;CTSA;ST8SIA6
prerank,rRNA Processing In Nucleus And Cytosol R-HSA-8868773,0.2867204046788481,1.0371328677826108,4.112646e-01,1.000000e+00,1.000000e+00,40/107,29.41%,PES1;TBL3;GNL3;WDR75;DDX49;DCAF13;DDX56;RPP21;EMG1;DIMT1;NOL12;TSR1;RRP7A;WDR18;NOC4L;EBNA1BP2;BMS1;UTP14A;PELP1;NIP7;UTP3;DDX52;UBA52;TSR3;RIOK2;IMP4;RBM28;NAT10;UTP6;DHX37;NOP14;ERI1;MPHOSPH6;HEATR1;XRN2;NOL9;EXOSC6;EXOSC8;UTP4;RRP9
prerank,TP53 Regulates Metabolic Genes R-HSA-5628897,0.2993097364963648,1.0364754044513416,4.156692e-01,1.000000e+00,1.000000e+00,23/75,25.09%,YWHAB;UBL4A;PRKAB2;CYCS;MOV10;RRAGC;TXN2;TSC2;TP53;SLC38A9;GNPDA1;LRPPRC;SESN2;COX4I1;AGO4;RPTOR;COX14;TIGAR;RRAGB;AKT3;MTOR;COX6B1;AGO1
prerank,Nuclear Events Stimulated By ALK Signaling In Cancer R-HSA-9725371,0.4045447197989963,1.0362721563706658,4.196547e-01,1.000000e+00,1.000000e+00,6/16,17.16%,STAT3;MECP2;STAT5A;CLTC;CUL1;RBX1
prerank,Regulation Of TNFR1 Signaling R-HSA-5357905,-0.27125445324951264,-1.0361045303172778,3.770492e-01,6.414772e-01,1.000000e+00,13/32,18.46%,UBB;BIRC2;CYLD;CFLAR;CHUK;TRAF1;TAX1BP1;USP25;MADD;BIRC3;CASP8;RACK1;TNFAIP3
prerank,"Cell Death Signaling Via NRAGE, NRIF And NADE R-HSA-204998",0.32251379182846235,1.0342867613410296,4.288991e-01,1.000000e+00,1.000000e+00,17/43,27.72%,MAGED1;ARHGEF7;TRAF6;PSEN1;ARHGEF3;BCL2L11;CASP2;UBA52;ARHGEF2;ABR;PRPF38B;UBC;AATF;ARHGEF18;AKAP13;PSENEN;ARHGEF19
prerank,Nonhomologous End-Joining (NHEJ) R-HSA-5693571,0.326803867720483,1.0339904775378141,4.384707e-01,1.000000e+00,1.000000e+00,17/41,31.06%,RNF8;H2BC15;DCLRE1C;HERC2;MDC1;NHEJ1;BRCC3;RAD50;NSD2;TDP2;POLM;POLL;XRCC5;KAT5;XRCC6;H2BC21;UBE2V2
prerank,Signaling By CSF3 (G-CSF) R-HSA-9674555,-0.28443058743995336,-1.033073297543336,4.126984e-01,6.450433e-01,1.000000e+00,4/25,3.59%,SOCS1;UBB;JAK1;RNF7
prerank,Signaling By ALK Fusions And Activated Point Mutants R-HSA-9725370,0.3241177610192981,1.0305518087405479,4.381385e-01,1.000000e+00,1.000000e+00,14/47,17.16%,STAT3;MECP2;CARS1;SEC31A;STAT5A;PIK3CA;CLTC;PLCG1;MYH9;SHC1;RNF213;STRN;CUL1;RBX1
prerank,SARS-CoV-1 Infection R-HSA-9678108,0.3249571574296941,1.0304029765855418,4.225513e-01,1.000000e+00,1.000000e+00,14/41,21.53%,UVRAG;PARP9;PIK3C3;ST3GAL2;PARP6;GANAB;ST3GAL4;UBA52;ST6GAL1;CHMP6;GSK3B;UBC;VCP;GSK3A
prerank,Oncogenic MAPK Signaling R-HSA-6802957,0.3054055147852478,1.0290555270730706,4.174208e-01,1.000000e+00,1.000000e+00,11/57,15.16%,YWHAB;APBB1IP;KDM7A;FAM114A2;NF1;ARRB1;CSK;ARAF;BCL2L11;RAP1B;TRIM24
prerank,Diseases Associated With O-glycosylation Of Proteins R-HSA-3906995,0.38810774983265,1.0280461454506933,4.484925e-01,1.000000e+00,1.000000e+00,6/18,25.84%,C1GALT1C1;THBS1;LFNG;B3GLCT;GALNT3;POMGNT1
prerank,Smooth Muscle Contraction R-HSA-445355,-0.28996293320879246,-1.0272474383646257,3.787879e-01,6.559714e-01,1.000000e+00,5/24,10.94%,PKN1;GUCY1A1;MYL6;SORBS3;ANXA6
prerank,RAF/MAP Kinase Cascade R-HSA-5673001,0.2763223976873713,1.0269204726236907,4.237462e-01,1.000000e+00,1.000000e+00,63/164,33.19%,YWHAB;PSMD4;RASGEF1A;PDGFRB;PSMA6;PSME3;SPTAN1;PEA15;PSMB10;RCE1;PPP2R5D;APBB1IP;BCL2L1;NF1;ERBB2;PPP2R5C;PPP2R5E;PIK3CA;PPP2R5A;PSMA7;PSMD11;ARRB1;SHC1;PSMD5;PSMB2;PSMD13;CSK;SPNS1;ARAF;RAP1B;PSMB9;NRG2;ABHD17A;RBX1;UBA52;PSMB8;UBC;PSMC3;PSMC5;RASA3;PTPRA;IL5RA;BRAF;RASGRP1;PSMB3;ICMT;FRS2;DUSP5;PSMC4;MARK3;MAP3K11;PRKCQ;CUL3;PPP5C;LLGL1;DUSP16;PIK3R2;FGFR1;MAPK3;PSMA5;IQGAP1;LAMTOR2;ARL2
prerank,Transcriptional Regulation Of Granulopoiesis R-HSA-9616222,-0.25601503047132124,-1.0267430930992538,4.304636e-01,6.522728e-01,1.000000e+00,4/40,1.52%,H3-3B;H2BC12;H2AX;H2AJ
prerank,Telomere Extension By Telomerase R-HSA-171319,0.3753218811672085,1.025823757220199,4.554707e-01,1.000000e+00,1.000000e+00,9/20,22.41%,WRAP53;PIF1;ACD;TINF2;TERF2;RUVBL1;SHQ1;RUVBL2;PPP6R3
prerank,Antigen processing-Cross Presentation R-HSA-1236975,0.30021063736894177,1.0243878480710753,4.534502e-01,1.000000e+00,1.000000e+00,22/79,20.96%,S100A9;S100A8;PSMD4;PSMA6;PSME3;PSMB10;HLA-E;CYBA;VAMP8;PSMA7;LNPEP;PSMD11;PSMD5;PSMB2;PSMD13;PSMB9;IKBKB;UBA52;PSMB8;UBC;PSMC3;PSMC5
prerank,MAPK1/MAPK3 Signaling R-HSA-5684996,0.275080159356911,1.0242859725171993,4.336735e-01,1.000000e+00,1.000000e+00,64/167,33.19%,YWHAB;PSMD4;RASGEF1A;PDGFRB;PSMA6;PSME3;SPTAN1;PEA15;PSMB10;RCE1;PPP2R5D;APBB1IP;BCL2L1;NF1;ERBB2;PPP2R5C;PPP2R5E;PIK3CA;PPP2R5A;PSMA7;PSMD11;ARRB1;SHC1;PSMD5;PSMB2;PSMD13;CSK;SPNS1;ARAF;RAP1B;PSMB9;NRG2;ABHD17A;RBX1;UBA52;PSMB8;UBC;PSMC3;PSMC5;RASA3;PTPRA;IL5RA;BRAF;RASGRP1;PSMB3;ICMT;FRS2;DUSP5;PSMC4;MARK3;MAP3K11;PRKCQ;CUL3;PPP5C;LLGL1;TYK2;DUSP16;PIK3R2;FGFR1;MAPK3;PSMA5;IQGAP1;LAMTOR2;ARL2
prerank,Activation Of BAD And Translocation To Mitochondria R-HSA-111447,0.39800403671490125,1.022918577832727,4.359313e-01,1.000000e+00,1.000000e+00,2/15,2.55%,YWHAB;PPP3CC
prerank,Antiviral Mechanism By IFN-stimulated Genes R-HSA-1169410,0.2974465661013129,1.0224778455897354,4.489796e-01,1.000000e+00,1.000000e+00,23/78,23.28%,EIF4E3;GNL3;POM121C;OASL;NUP37;ARIH1;FLNA;PLCG1;NUP88;PDE12;NUP188;NUP58;STAT1;UBE2E1;NUP214;EIF4G3;IRF3;UBA52;TRIM25;HERC5;UBC;RIGI;KPNA1
prerank,E2F Mediated Regulation Of DNA Replication R-HSA-113510,-0.3205301374116361,-1.0215926365164765,4.120172e-01,6.622485e-01,1.000000e+00,3/16,10.07%,PPP2CA;PPP2CB;TFDP2
prerank,Signaling By EGFR In Cancer R-HSA-1643713,-0.3086239550547294,-1.0215548110887558,4.298643e-01,6.573297e-01,1.000000e+00,2/17,0.97%,UBB;PIK3R1
prerank,HIV Life Cycle R-HSA-162587,0.28083405147857454,1.0209861682420276,4.685243e-01,1.000000e+00,1.000000e+00,38/135,24.59%,VTA1;GTF2F2;SUPT4H1;RANGAP1;NELFA;TAF7;GTF2A1;UBAP1;POM121C;TAF6;NUP37;NCBP2;NUP88;CCNH;CTDP1;VPS37A;NUP188;NUP58;TAF15;TAF9;GTF2H3;NUP214;GTF2H5;POLR2D;UBA52;PPIA;GTF2H4;ERCC3;CHMP6;POLR2C;UBC;CDK7;CCNK;TBP;KPNA1;XRCC5;TAF5;GTF2B
prerank,RUNX1 Regulates Transcription Of Genes Involved In Differentiation Of HSCs R-HSA-8939236,0.29577683075918365,1.0205570037190872,4.526882e-01,1.000000e+00,1.000000e+00,21/76,20.96%,RUNX1;PSMD4;PSMA6;PSME3;PSMB10;TCF12;H2BC15;PSMA7;PSMD11;CCNH;PSMD5;PSMB2;PSMD13;KMT2A;PSMB9;UBA52;PSMB8;UBC;CDK7;PSMC3;PSMC5
prerank,Golgi Associated Vesicle Biogenesis R-HSA-432722,0.3175389537099948,1.0194852245214572,4.411085e-01,1.000000e+00,1.000000e+00,19/43,26.60%,BLOC1S1;BLOC1S6;HSPA8;PICALM;CLTC;VAMP8;ARRB1;ACBD3;AP1B1;PIK3C2A;IGF2R;VAMP2;YIPF6;SNX5;AP1S1;TPD52;PUM1;BLOC1S4;GOLGB1
prerank,tRNA Processing In Nucleus R-HSA-6784531,0.31284416763931716,1.0182075328419997,4.551646e-01,1.000000e+00,1.000000e+00,11/51,15.54%,ZBTB8OS;TSEN34;POM121C;RPP21;NUP37;TRNT1;NUP88;NUP188;NUP58;ELAC2;NUP214
prerank,Diseases Of Signal Transduction By Growth Factor Receptors And Second Messengers R-HSA-5663202,0.2643351580280464,1.0175627475386237,4.377510e-01,1.000000e+00,1.000000e+00,97/313,29.18%,PORCN;YWHAB;MAML1;PSMD4;STAT3;PDGFRB;TRIP11;PSMA6;PSME3;MECP2;GTF2F2;PSMB10;PSEN1;PPP2R5D;APBB1IP;CARS1;KDM7A;BCL2L1;FAM114A2;NF1;SEC31A;ERBB2;HDAC6;STAT5A;PPP2R5C;TSC2;PPP2R5E;SMAD4;PIK3CA;PPP2R5A;CLTC;PLCG1;SYVN1;CDKN1B;NCBP2;MYH9;HDAC5;PSMA7;PSMD11;ARRB1;SHC1;PIK3R3;RNF213;PSMD5;PSMB2;PSMD13;CSK;STAT1;STRN;ARAF;BCL2L11;RAP1B;STAT5B;TRIM24;PSMB9;NRG2;CUL1;NCOR1;BIN2;POLR2D;RBX1;UBA52;PSMB8;CLSTN1;POLR2C;GSK3B;GOLGA4;TNKS;UBC;VCP;PSMC3;PSMC5;GSK3A;EIF2AK3;BRAF;TNKS2;AKT3;MTOR;PSMB3;PIK3AP1;TGFBR1;CBL;HDAC4;PSENEN;ADAM10;FRS2;GOLGB1;PSMC4;ADAM17;HDAC8;MARK3;MAP3K11;DCTN1;LRRFIP1;CEBPB;LONP1;BAG4
prerank,Interferon Gamma Signaling R-HSA-877300,-0.226394264787863,-1.017221256218869,3.977273e-01,6.646421e-01,1.000000e+00,16/65,13.28%,SOCS1;HLA-A;HLA-DRB5;JAK1;IFNGR1;CD44;HLA-B;IRF8;SUMO1;PTPN2;IRF1;NCAM1;OAS1;OAS2;SOCS3;ICAM1
prerank,RHO GTPases Activate PAKs R-HSA-5627123,0.39727575012179295,1.0157795058367447,4.518229e-01,1.000000e+00,1.000000e+00,6/15,14.82%,ARHGEF7;PPP1R12B;FLNA;MYH9;MYL12B;NF2
prerank,Biosynthesis Of N-glycan Precursor (Dolichol LLO) And Transfer To Protein R-HSA-446193,0.3087037422033627,1.0154590883554697,4.580067e-01,1.000000e+00,1.000000e+00,15/58,19.55%,ALG6;ALG3;DHDDS;ST3GAL2;CMAS;SLC17A5;AMDHD2;ALG12;ST3GAL5;GMPPA;PMM1;SRD5A3;ST3GAL4;ST6GAL1;GMPPB
prerank,Pyroptosis R-HSA-5620971,0.37815978794768407,1.0138099567863355,4.727503e-01,1.000000e+00,1.000000e+00,6/19,19.22%,GZMB;CYCS;TP53;GSDMD;CASP1;CHMP6
prerank,S Phase R-HSA-69242,0.27788845829122877,1.0131612424926215,4.636929e-01,1.000000e+00,1.000000e+00,40/133,27.34%,LIN37;PSMD4;PSMA6;PSME3;RFC2;PSMB10;ANAPC10;CDK4;CDC16;CDKN1B;RFC4;MCM5;PSMA7;PSMD11;ANAPC7;CCNH;PSMD5;PSMB2;PSMD13;UBE2E1;PSMB9;CUL1;RBX1;UBA52;PSMB8;GSK3B;UBC;CDK7;PSMC3;LIN54;PSMC5;AKT3;ANAPC1;PSMB3;ORC3;E2F4;MCM6;PSMC4;ORC5;POLA2
prerank,VEGFR2 Mediated Cell Proliferation R-HSA-5218921,0.3956110444369828,1.0130186983080547,4.644243e-01,1.000000e+00,1.000000e+00,3/16,10.17%,AHCYL1;PRKCZ;PLCG1
prerank,rRNA Processing R-HSA-72312,0.2774945804474992,1.0129113422189553,4.557895e-01,1.000000e+00,1.000000e+00,42/117,29.41%,PES1;TBL3;GNL3;WDR75;DDX49;DCAF13;DDX56;RPP21;EMG1;DIMT1;NOL12;TSR1;RRP7A;WDR18;NOC4L;ELAC2;EBNA1BP2;BMS1;UTP14A;PELP1;NIP7;UTP3;DDX52;UBA52;TSR3;RIOK2;IMP4;RBM28;NAT10;UTP6;DHX37;MRM2;NOP14;ERI1;MPHOSPH6;HEATR1;XRN2;NOL9;EXOSC6;EXOSC8;UTP4;RRP9
prerank,Glucose Metabolism R-HSA-70326,0.2955848033730781,1.010586058843855,4.749455e-01,1.000000e+00,1.000000e+00,15/68,15.54%,PCNX4;SLC25A1;PPP2R5D;POM121C;PFKP;TPI1;NUP37;PKM;NUP88;NUP188;NUP58;GNPDA1;HOOK2;MDH1;NUP214
prerank,HDR Thru Homologous Recombination (HRR) R-HSA-5685942,0.31535108136551726,1.0104232628028462,4.588501e-01,1.000000e+00,1.000000e+00,11/48,20.53%,RFC2;POLK;HUS1;RAD51C;RFC4;RAD17;TOPBP1;SPIDR;UBA52;RAD50;UBC
prerank,ER-Phagosome Pathway R-HSA-1236974,0.2980939259208139,1.009746630875005,4.790287e-01,1.000000e+00,1.000000e+00,20/73,20.96%,S100A9;S100A8;PSMD4;PSMA6;PSME3;PSMB10;HLA-E;VAMP8;PSMA7;PSMD11;PSMD5;PSMB2;PSMD13;PSMB9;IKBKB;UBA52;PSMB8;UBC;PSMC3;PSMC5
prerank,Abortive Elongation Of HIV-1 Transcript In Absence Of Tat R-HSA-167242,0.35619354305763495,1.0096015941090108,4.583851e-01,1.000000e+00,1.000000e+00,7/23,19.40%,GTF2F2;SUPT4H1;NELFA;NCBP2;CTDP1;POLR2D;POLR2C
prerank,Signaling By TGF-beta Receptor Complex R-HSA-170834,0.29514695527977414,1.0095984529398985,4.806034e-01,1.000000e+00,1.000000e+00,27/73,32.08%,LTBP4;F11R;MTMR4;PRKCZ;SMURF2;SMAD4;RNF111;MEN1;PPP1CA;PPM1A;STAT1;ITGB1;NCOR1;UBA52;RHOA;UBC;CCNK;ARHGEF18;TGFBR1;E2F4;CBL;SRFBP1;RBL1;YBX1;SMAD2;MAPK3;CCNC
prerank,Regulation Of MECP2 Expression And Activity R-HSA-9022692,0.34734812365697443,1.0095879062916897,4.668305e-01,1.000000e+00,1.000000e+00,5/26,17.58%,MECP2;MOV10;HIPK2;NCOR1;AGO4
prerank,Ion Transport By P-type ATPases R-HSA-936837,0.34206529569397726,1.009389041873652,4.678007e-01,1.000000e+00,1.000000e+00,10/29,20.90%,ATP1A3;ATP2A2;ATP10D;ATP13A2;CUTC;ATP2C1;ATP2A3;ATP10A;PDZD11;ATP7A
prerank,Regulated Necrosis R-HSA-5218859,-0.23858460616627924,-1.0091912646720849,4.130435e-01,6.836454e-01,1.000000e+00,7/47,5.26%,UBB;BIRC2;FLOT1;CFLAR;HMGB1;MLKL;CASP4
prerank,DNA Double-Strand Break Repair R-HSA-5693532,0.28208736573375104,1.009002709077711,4.714588e-01,1.000000e+00,1.000000e+00,44/113,33.77%,RFC2;POLK;XRCC1;HUS1;RNF8;RAD51C;H2BC15;DCLRE1C;ERCC4;RFC4;PPP4R2;RAD17;TOPBP1;TP53;HERC2;SPIDR;BAZ1B;MDC1;NHEJ1;SIRT6;BRCC3;KDM4A;UBA52;RAD50;NSD2;RNF4;PPP4C;UBC;TDP2;POLM;POLL;XRCC5;KDM4B;ERCC1;KAT5;XRCC6;PPP5C;FEN1;H2BC21;UBE2V2;CDK2;UBE2I;MAPK8;TIMELESS
prerank,Integration Of Energy Metabolism R-HSA-163685,0.3060874916587154,1.007293966460119,4.781635e-01,1.000000e+00,1.000000e+00,12/53,15.91%,AKAP5;CACNA2D2;AGPAT1;PRKAB2;AHCYL1;PPP2R5D;GNG5;PLCB2;STK11;VAMP2;GNG10;GNB2
prerank,Sensory Processing Of Sound By Inner Hair Cells Of Cochlea R-HSA-9662360,-0.2722119456974557,-1.0070188123466959,4.022989e-01,6.851044e-01,1.000000e+00,5/28,5.56%,WHRN;ATP2B1;TRIOBP;CAPZA2;SPTBN1
prerank,EGFR Downregulation R-HSA-182971,-0.29460873398559234,-1.0069193411099968,4.170854e-01,6.803054e-01,1.000000e+00,5/20,8.81%,UBB;CDC42;PTPN12;SPRY1;STAM
prerank,APC/C-mediated Degradation Of Cell Cycle Proteins R-HSA-174143,0.29276013258981,1.0066078366726197,4.718004e-01,1.000000e+00,1.000000e+00,20/74,20.96%,PSMD4;PSMA6;PSME3;PSMB10;ANAPC10;CDC16;PSMA7;PSMD11;ANAPC7;PSMD5;PSMB2;PSMD13;UBE2E1;PSMB9;CUL1;UBA52;PSMB8;UBC;PSMC3;PSMC5
prerank,COPI-independent Golgi-to-ER Retrograde Traffic R-HSA-6811436,-0.2610425159606803,-1.0062059037540645,4.301676e-01,6.770916e-01,1.000000e+00,9/31,12.74%,CAPZA2;DCTN3;ACTR10;DYNLL2;PAFAH1B2;DCTN6;PLA2G6;RAB3GAP2;ACTR1A
prerank,Calnexin/calreticulin Cycle R-HSA-901042,-0.28369965761992383,-1.005778849928737,4.285714e-01,6.733486e-01,1.000000e+00,7/24,10.96%,UBB;PDIA3;RNF103;DERL2;EDEM1;MARCHF6;CALR
prerank,Signaling By NOTCH R-HSA-157118,0.27273960039152384,1.0051444628105406,4.984678e-01,1.000000e+00,1.000000e+00,53/160,27.96%,MAML1;RUNX1;PSMD4;ACTA2;ATP2A2;PSMA6;GZMB;PSME3;PSMB10;PSEN1;MOV10;H2BC15;HDAC6;HDAC5;PSMA7;PSMD11;ARRB1;IKZF1;TP53;PSMD5;PSMB2;PSMD13;HIF1A;STAT1;POGLUT1;PSMB9;CUL1;SIRT6;RAB6A;NCOR1;RBX1;ST3GAL4;AGO4;ATP2A3;PLXND1;UBA52;LFNG;PSMB8;UBC;PSMC3;PSMC5;NUMB;TLE3;TLE1;PSMB3;AGO1;HDAC4;PSENEN;ADAM10;PSMC4;ADAM17;HDAC8;MFNG
prerank,Interleukin-4 And Interleukin-13 Signaling R-HSA-6785807,-0.23274302716229373,-1.0049527470557142,4.245283e-01,6.708029e-01,1.000000e+00,12/59,13.28%,SOCS1;PIK3R1;JAK1;GATA3;RNASEH2A;IL2RG;TIMP1;IL4R;F13A1;SOCS3;AKT1;ICAM1
prerank,G2/M Transition R-HSA-69275,0.27249328336615763,1.004554734055932,5.072165e-01,1.000000e+00,1.000000e+00,39/154,20.96%,LIN37;PSMD4;PSMA6;PPME1;PSME3;PSMB10;CEP164;PHLDA1;ODF2;TUBGCP6;CEP63;CEP290;PPP1R12B;PSMA7;PSMD11;CCNH;PCNT;TP53;PSMD5;PSMB2;NDE1;HAUS4;PSMD13;CEP135;PSMB9;CUL1;HAUS6;RBX1;TUBGCP2;UBA52;PSMB8;PPP2R2A;TUBGCP4;DCTN2;UBC;CDK7;PSMC3;LIN54;PSMC5
prerank,Cell Cycle Checkpoints R-HSA-69620,0.2680141541001122,1.0040194222371976,4.878543e-01,1.000000e+00,1.000000e+00,50/206,21.05%,YWHAB;PSMD4;PSMA6;PSME3;RFC2;PSMB10;TAOK1;RANGAP1;PPP2R5D;HUS1;KANSL1;RNF8;ANAPC10;H2BC15;CDKN2A;PPP2R5C;MIS12;NUP37;PPP2R5E;CDC16;PPP2R5A;CENPL;CDKN1B;RFC4;MCM5;PSMA7;PSMD11;ANAPC7;RAD17;TOPBP1;TP53;PSMD5;HERC2;PSMB2;NDE1;PSMD13;MDC1;UBE2E1;PSMB9;CLIP1;BRCC3;UBA52;RAD50;PSMB8;NSD2;UBC;PSMC3;KIF2A;PSMC5;RCC2
prerank,MAPK6/MAPK4 Signaling R-HSA-5687128,0.2950769041972882,1.0034313415467555,5.054825e-01,1.000000e+00,1.000000e+00,20/74,20.96%,PSMD4;PSMA6;ARHGEF7;PSME3;PSMB10;MOV10;PSMA7;PSMD11;PSMD5;PSMB2;PSMD13;PSMB9;CCND3;NCOA3;AGO4;UBA52;PSMB8;UBC;PSMC3;PSMC5
prerank,Budding And Maturation Of HIV Virion R-HSA-162588,0.3613844987992113,1.002498999432876,4.646840e-01,1.000000e+00,1.000000e+00,7/21,20.53%,VTA1;UBAP1;VPS37A;UBA52;PPIA;CHMP6;UBC
prerank,Mitotic G2-G2/M Phases R-HSA-453274,0.2714449601170294,1.0013782022277051,5.123711e-01,1.000000e+00,1.000000e+00,39/155,20.96%,LIN37;PSMD4;PSMA6;PPME1;PSME3;PSMB10;CEP164;PHLDA1;ODF2;TUBGCP6;CEP63;CEP290;PPP1R12B;PSMA7;PSMD11;CCNH;PCNT;TP53;PSMD5;PSMB2;NDE1;HAUS4;PSMD13;CEP135;PSMB9;CUL1;HAUS6;RBX1;TUBGCP2;UBA52;PSMB8;PPP2R2A;TUBGCP4;DCTN2;UBC;CDK7;PSMC3;LIN54;PSMC5
prerank,TGF-beta Receptor Signaling Activates SMADs R-HSA-2173789,0.33448309537720866,1.0012682736180833,4.777911e-01,1.000000e+00,1.000000e+00,11/33,27.04%,LTBP4;MTMR4;SMURF2;SMAD4;PPP1CA;ITGB1;UBA52;UBC;TGFBR1;CBL;SRFBP1
prerank,Toll-like Receptor Cascades R-HSA-168898,0.28060867367402037,1.0007328921546828,4.905858e-01,1.000000e+00,1.000000e+00,27/113,18.07%,S100A9;LRRC14;S100A8;PTPN4;MAPK9;TRAF6;MAPK14;FADD;PPP2R5D;SIGIRR;UBE2V1;NKIRAS2;PIK3C3;EEA1;MAP2K4;TP53;TBK1;IRAK4;SARM1;CUL1;UBE2D2;TNIP2;IKBKB;IRF3;UBA52;GSDMD;MAP2K6
prerank,Interleukin-20 Family Signaling R-HSA-8854691,0.3938526417579515,0.9998202698078068,4.870801e-01,1.000000e+00,1.000000e+00,5/15,16.87%,STAT3;STAT5A;STAT1;STAT5B;STAT4
prerank,Signaling By ERBB2 R-HSA-1227986,-0.24944935782936323,-0.9986722016624368,4.840764e-01,6.839203e-01,1.000000e+00,5/36,3.99%,UBB;PIK3R1;PTPN12;MEMO1;MATK
prerank,G Alpha (I) Signaling Events R-HSA-418594,-0.213622237269109,-0.9964522601513107,4.594595e-01,6.853613e-01,1.000000e+00,15/87,8.57%,PPP2CA;GPR183;PPP3CA;RGS1;PPP2CB;PDE4D;CDK5;GNAI3;GNAQ;PDE4B;GNAS;HEBP1;GRK2;GNGT2;GNB1
prerank,PIP3 Activates AKT Signaling R-HSA-1257604,0.266206368641193,0.9964486060817159,5.217832e-01,1.000000e+00,1.000000e+00,60/196,27.12%,TRIM27;PSMD4;PDGFRB;PSMA6;PSME3;TRAF6;PSMB10;PPP2R5D;MOV10;RRAGC;MTA1;ERBB2;PPP2R5C;TSC2;PPP2R5E;PIK3CA;PPP2R5A;RNF146;CDKN1B;HDAC5;PSMA7;PSMD11;PIK3R3;TP53;PSMD5;PSMB2;PSMD13;SLC38A9;IRAK4;STRN;KDM1A;PSMB9;NRG2;AGO4;RING1;UBA52;PSMB8;CLSTN1;RPTOR;PIP4K2B;GSK3B;CSNK2A2;TNKS;UBC;PSMC3;PSMC5;GSK3A;RRAGB;TNKS2;AKT3;MTOR;PSMB3;CNOT6L;PIK3AP1;AGO1;CHD3;PHC1;FRS2;REST;PSMC4
prerank,Paradoxical Activation Of RAF Signaling By Kinase Inactive BRAF R-HSA-6802955,0.3335138961511109,0.995989636959955,4.860943e-01,1.000000e+00,1.000000e+00,11/29,32.74%,YWHAB;APBB1IP;ARRB1;CSK;ARAF;RAP1B;BRAF;MARK3;MAP3K11;MAPK3;IQGAP1
prerank,ERCC6 (CSB) And EHMT2 (G9a) Positively Regulate rRNA Expression R-HSA-427389,-0.25816170130375116,-0.9955528763582516,4.424242e-01,6.829332e-01,1.000000e+00,4/34,1.52%,H3-3B;H2BC12;H2AX;H2AJ
prerank,Citric Acid Cycle (TCA Cycle) R-HSA-71403,0.370350720753697,0.9912217539823198,4.922680e-01,1.000000e+00,1.000000e+00,3/18,11.22%,NNT;OGDH;IDH3A
prerank,Role Of Phospholipids In Phagocytosis R-HSA-2029485,0.37273121338393134,0.9910609313165613,4.640103e-01,1.000000e+00,1.000000e+00,5/18,14.23%,CD247;AHCYL1;PIK3CA;PLCG1;PLD3
prerank,Platelet Calcium Homeostasis R-HSA-418360,0.3905854803317013,0.9909386937366382,5.019405e-01,1.000000e+00,1.000000e+00,8/15,31.79%,ATP2A2;STIM1;ORAI1;ATP2A3;ORAI2;ATP2B4;SRI;ITPR1
prerank,Endosomal Sorting Complex Required For Transport (ESCRT) R-HSA-917729,0.34302419289862657,0.9894380506497177,4.849216e-01,1.000000e+00,1.000000e+00,7/25,20.53%,HGS;VTA1;UBAP1;VPS37A;UBA52;CHMP6;UBC
prerank,Fcgamma Receptor (FCGR) Dependent Phagocytosis R-HSA-2029480,0.29306838178229655,0.9894304725582449,5.134831e-01,1.000000e+00,1.000000e+00,15/64,16.70%,CD247;NCKAP1L;AHCYL1;CYFIP2;CRK;PIK3CA;PLCG1;ARPC3;MYH9;WASF2;WIPF2;PLD3;NF2;ACTR3;ARPC2
prerank,RND2 GTPase Cycle R-HSA-9696270,0.33153780027018787,0.9893761577988947,4.873035e-01,1.000000e+00,1.000000e+00,11/29,30.99%,FNBP1;SCRIB;WDR6;KCTD13;ARHGAP35;PLXND1;ANKRD26;ARHGAP1;FRS2;KIDINS220;PIK3R2
prerank,Rab Regulation Of Trafficking R-HSA-9007101,0.279100914557995,0.9892681200316144,5.084388e-01,1.000000e+00,1.000000e+00,30/101,24.15%,TBC1D25;TBC1D14;TBC1D10B;TBC1D7;TRAPPC12;RABGAP1;MON1A;TBC1D10C;DENND3;RAB35;RAB10;TRAPPC6B;GGA1;HPS4;RAB5B;TSC2;GGA2;ANKRD27;DENND4C;TRAPPC1;RAB6A;TRAPPC13;TBC1D13;RAB33A;SBF1;ALS2;RAB11A;TBC1D17;AKT3;CCZ1B
prerank,Downstream TCR Signaling R-HSA-202424,0.2827250885687833,0.9889837905827974,5.106610e-01,1.000000e+00,1.000000e+00,22/86,20.96%,CD247;PSMD4;PSMA6;PSME3;TRAF6;PSMB10;UBE2V1;PIK3CA;PSMA7;PSMD11;PSMD5;PSMB2;PSMD13;PSMB9;CUL1;UBE2D2;IKBKB;UBA52;PSMB8;UBC;PSMC3;PSMC5
prerank,Signaling By ALK R-HSA-201556,0.36292358690103643,0.9886209186212975,4.888889e-01,1.000000e+00,1.000000e+00,5/19,12.99%,STAT3;PIK3CA;PLCG1;SHC1;HIF1A
prerank,Constitutive Signaling By Ligand-Responsive EGFR Cancer Variants R-HSA-1236382,-0.31047721935609357,-0.9873987718501744,4.638298e-01,7.007374e-01,1.000000e+00,2/15,0.97%,UBB;PIK3R1
prerank,Organelle Biogenesis And Maintenance R-HSA-1852241,0.26065272748593893,0.9870904816671315,5.362903e-01,1.000000e+00,1.000000e+00,73/218,31.83%,C2CD3;TRIP11;MICOS10;MAPK14;CEP164;TMEM216;PRKAB2;CYCS;ATP5PO;ODF2;HELZ2;KIF3A;HDAC6;CEP63;CEP290;NCOA6;PTGES2;KIF3B;PCNT;DYNC2I1;NDE1;HAUS4;CCT3;MBD4;IFT88;DNAJC11;MICOS13;CEP135;ARL13B;NCOR1;SAMM50;HAUS6;BBIP1;MTERF1;ALAS1;TTBK2;EXOC2;EXOC6;DCTN2;IFT172;MARK4;CRTC3;DMAC2L;CCT5;RAB11A;IFT20;CEP162;ATP5MC3;BBS2;CRTC2;TUBA1A;TTC21B;DYNC1H1;DYNLT2B;CCT2;TFAM;EXOC5;PRKAG2;DCTN1;CEP57;PAFAH1B1;ATP5F1B;IFT57;GLUD1;PRKD2;BBS4;SIRT5;DYNC2H1;EXOC8;CRTC1;CNTRL;PKD1;PPARA
prerank,Signaling By NTRKs R-HSA-166520,0.2825975598612022,0.9857674012969999,5.120087e-01,1.000000e+00,1.000000e+00,15/80,11.64%,YWHAB;PCSK5;STAT3;MAPK14;PPP2R5D;TCF12;CRK;DNAL4;BCL11B;MAPK13;PIK3CA;CLTC;PLCG1;AP2A2;SHC1
prerank,Netrin-1 Signaling R-HSA-373752,0.3542075693975379,0.985095620069863,4.949875e-01,1.000000e+00,1.000000e+00,5/22,10.17%,AGAP2;MAPK14;SIAH2;MAPK13;PLCG1
prerank,Regulation Of NF-kappa B Signaling R-HSA-9758274,0.3775790107413738,0.9847705042426961,5.146125e-01,1.000000e+00,1.000000e+00,10/17,33.95%,LRRC14;TRAF6;TP53;IKBKB;UBA52;UBC;IKBIP;TANK;NLRC5;N4BP1
prerank,Developmental Biology R-HSA-1266738,0.25252648235191266,0.9844098800205314,5.505506e-01,1.000000e+00,1.000000e+00,124/439,27.99%,PTGDS;AGAP2;AKAP5;SCD5;MAML1;RUNX1;PSMD4;STAT3;PIAS2;MED27;PSMA6;SREBF2;CAP1;ARHGEF7;PSME3;SPTAN1;MAPK14;FAM120B;PSMB10;WDR5;PSEN1;MED24;ZSWIM8;TCF12;MED12;MED25;SIAH2;ASH2L;HELZ2;PPP3CB;DOK1;CDK4;ERBB2;H2BC15;MAPK13;CASC3;HSPA8;SMAD4;PIK3CA;NCOA6;CLTC;PLCG1;ARPC3;NCBP2;AP2A2;MYH9;PSMA7;PSMD11;MED7;SHC1;PIK3R3;MED17;PSMD5;PSMB2;MYL12B;PSMD13;MBD4;DEK;ITGB1;PAGR1;VASP;KMT2A;HOXB4;PSMB9;ACTR3;ROCK1;CCND3;NCOR1;CDK19;ARPC2;POLR2D;EZR;ARHGAP35;MED8;RBX1;NCOA3;TNF;PLXND1;UBA52;MAP2K6;PSMB8;CLSTN1;MYL12A;KMT2D;CAPN1;POLR2C;RHOA;GSK3B;ZNF335;CSNK2A2;VPS72;UBC;PSMC3;PSMC5;CNOT6;MEF2A;PTPRA;AP2A1;NUMB;CTNNA1;AKT3;CAPNS1;PSMB3;ACTR2;SRGAP2;RDX;HOXB2;RARG;ST8SIA4;MED21;PRKACB;MAP4K2;PSENEN;ADAM10;FRS2;DPYSL2;PERP;ACTG1;PSMC4;CTCF;MYL9;PRKCQ;MAPK7;NEO1
prerank,G Alpha (12/13) Signaling Events R-HSA-416482,0.3080019408942235,0.9833499482792197,5.087925e-01,1.000000e+00,1.000000e+00,13/37,24.35%,ARHGEF7;ARHGEF3;GNG5;ROCK1;GNG10;GNB2;ARHGEF2;ABR;PRPF38B;RHOA;ARHGEF18;GNG2;AKAP13
prerank,E3 Ubiquitin Ligases Ubiquitinate Target Proteins R-HSA-8866654,0.3044674099287258,0.9831947335111177,5.121387e-01,1.000000e+00,1.000000e+00,15/48,20.57%,TMEM129;LEO1;UBE2J2;PAF1;H2BC15;HLTF;PEX14;UBE2L3;PEX2;UBE2E1;SHPRH;UBE2D2;UBA52;UBC;VCP
prerank,B-WICH Complex Positively Regulates rRNA Expression R-HSA-5250924,-0.2373648088049436,-0.9818723589510034,4.390244e-01,7.106697e-01,1.000000e+00,4/47,1.52%,H3-3B;H2BC12;H2AX;H2AJ
prerank,TNFR2 Non-Canonical NF-kB Pathway R-HSA-5668541,0.28255748830929556,0.979267587898641,5.092091e-01,1.000000e+00,1.000000e+00,21/80,20.96%,PSMD4;PSMA6;PSME3;PSMB10;FASLG;TNFSF12;TNFRSF1A;PSMA7;PSMD11;PSMD5;PSMB2;PSMD13;PSMB9;CUL1;TNFRSF1B;TNF;UBA52;PSMB8;UBC;PSMC3;PSMC5
prerank,Centrosome Maturation R-HSA-380287,-0.20943552555882297,-0.9787330308924144,5.324675e-01,7.145596e-01,1.000000e+00,16/74,12.74%,CDK11A;YWHAE;MAPRE1;OFD1;MZT2A;TUBB4B;CSNK1D;DCTN3;PCM1;TUBA4A;HAUS3;PRKCA;CEP152;YWHAG;CEP70;ACTR1A
prerank,AURKA Activation By TPX2 R-HSA-8854518,-0.21369792248663808,-0.9770918214893491,5.384615e-01,7.144085e-01,1.000000e+00,14/63,12.74%,YWHAE;MAPRE1;OFD1;TUBB4B;CSNK1D;DCTN3;PCM1;TUBA4A;HAUS3;PRKCA;CEP152;YWHAG;CEP70;ACTR1A
prerank,Disorders Of Transmembrane Transporters R-HSA-5619115,0.27118809453326226,0.9762859932275835,5.260960e-01,1.000000e+00,1.000000e+00,48/113,38.58%,PSMD4;PSMA6;PSME3;PSMB10;BSG;POM121C;NUP37;SLC17A5;PSMA7;NUP88;PSMD11;PSMD5;SLC33A1;PSMB2;PSMD13;NUP188;NUP58;SLC26A2;PSMB9;NUP214;UBA52;PSMB8;UBC;VCP;PSMC3;PSMC5;SLC22A18;PSMB3;MAP4K2;PSMC4;SLC12A6;RNF185;NUP160;LMBRD1;ABCD4;SLC35A1;PSMA5;NUP153;SLC20A2;RANBP2;SLC35C1;NUP210;SLC11A2;PSMD12;SLC29A3;PSMC2;NUP54;PSMC1
prerank,Loss Of Nlp From Mitotic Centrosomes R-HSA-380259,-0.21455729257787176,-0.9751564627164849,5.809524e-01,7.147007e-01,1.000000e+00,14/62,12.74%,YWHAE;MAPRE1;OFD1;TUBB4B;CSNK1D;DCTN3;PCM1;TUBA4A;HAUS3;PRKCA;CEP152;YWHAG;CEP70;ACTR1A
prerank,Toll Like Receptor 4 (TLR4) Cascade R-HSA-166016,0.2755168624863625,0.974335439875821,5.387029e-01,1.000000e+00,1.000000e+00,24/103,18.07%,S100A9;LRRC14;S100A8;PTPN4;MAPK9;TRAF6;MAPK14;FADD;PPP2R5D;SIGIRR;UBE2V1;NKIRAS2;MAP2K4;TP53;TBK1;IRAK4;SARM1;CUL1;UBE2D2;TNIP2;IKBKB;IRF3;UBA52;MAP2K6
prerank,PKMTs Methylate Histone Lysines R-HSA-3214841,0.31198784272453944,0.9718360288856347,5.247642e-01,1.000000e+00,1.000000e+00,9/40,21.86%,EHMT2;WDR5;ASH2L;KMT5C;KMT2A;NSD2;KMT2D;SETDB2;NSD1
prerank,CLEC7A (Dectin-1) Signaling R-HSA-5607764,0.2787491705693922,0.9715115872312728,5.502703e-01,1.000000e+00,1.000000e+00,22/91,20.96%,PSMD4;PSMA6;PSME3;TRAF6;PSMB10;AHCYL1;UBE2V1;PPP3CB;PSMA7;PSMD11;PSMD5;PSMB2;PSMD13;PSMB9;CUL1;UBE2D2;IKBKB;UBA52;PSMB8;UBC;PSMC3;PSMC5
prerank,Fc Epsilon Receptor (FCERI) Signaling R-HSA-2454202,0.2699618580438457,0.9713082856232648,5.463158e-01,1.000000e+00,1.000000e+00,29/117,20.96%,PSMD4;PSMA6;PSME3;MAPK9;TRAF6;PSMB10;AHCYL1;UBE2V1;PPP3CB;PIK3CA;PLCG1;MAP2K4;PSMA7;PSMD11;SHC1;PSMD5;PSMB2;PSMD13;SPNS1;RASGRP2;PSMB9;CUL1;UBE2D2;IKBKB;UBA52;PSMB8;UBC;PSMC3;PSMC5
prerank,TRAF6 Mediated NF-kB Activation R-HSA-933542,0.3548449072971559,0.9712670020565696,4.911392e-01,1.000000e+00,1.000000e+00,7/21,22.75%,TRIM4;TRAF6;NKIRAS2;MAVS;IKBKB;TRIM25;RIGI
prerank,Programmed Cell Death R-HSA-5357801,0.2624364422010392,0.9711217228256175,5.682051e-01,1.000000e+00,1.000000e+00,39/169,20.96%,YWHAB;PSMD4;STAT3;MAGED1;DAPK2;PSMA6;GZMB;PSME3;PPP3CC;SPTAN1;FADD;PSMB10;CYCS;GNL3;MED12;ARHGAP10;BCL2L1;CDKN2A;FASLG;PSMA7;PSMD11;TP53;PSMD5;PSMB2;PSMD13;BCL2L11;PSMB9;ROCK1;BBC3;UBA52;GSDMD;DFFA;PSMB8;CASP1;CHMP6;BCAP31;UBC;PSMC3;PSMC5
prerank,Extracellular Matrix Organization R-HSA-1474244,0.2793146876771098,0.9705039139786638,5.331197e-01,1.000000e+00,1.000000e+00,18/88,19.38%,LTBP4;F11R;COL13A1;PSEN1;P3H1;ITGB7;BSG;COLGALT2;PLOD1;PLOD3;ADAM15;ADAM8;ITGB1;CAPN7;ITGAL;THBS1;CAPN2;CAPN1
prerank,Protein Localization R-HSA-9609507,0.2670726761752517,0.9701596125861127,5.639175e-01,1.000000e+00,1.000000e+00,32/139,18.08%,ACOT8;UBL4A;GET1;PHYH;AGPS;ACOT4;ABCD3;TIMM10B;HMGCL;UBE2J2;TOMM5;CHCHD10;ACAA1;PEX11B;PEX14;PEX2;CYB5A;PECR;TOMM70;SGTA;MLYCD;PAM16;DNAJC19;VAMP2;UBE2D2;GNPAT;TOMM6;MPV17;SAMM50;HSCB;UBA52;PITRM1
prerank,Downregulation Of ERBB2 Signaling R-HSA-8863795,-0.2856290325010467,-0.968802329263797,4.863636e-01,7.277110e-01,1.000000e+00,3/19,3.99%,UBB;PTPN12;MATK
prerank,Cytosolic tRNA Aminoacylation R-HSA-379716,0.33885476816352533,0.9669749480689169,5.095057e-01,1.000000e+00,1.000000e+00,12/24,37.72%,CARS1;FARSA;GARS1;RARS1;HARS1;AARS1;SARS1;DARS1;IARS1;AIMP2;QARS1;TARS1
prerank,MAPK Family Signaling Cascades R-HSA-5683057,0.25795616096196683,0.9669616927163943,5.702648e-01,1.000000e+00,1.000000e+00,73/196,33.19%,YWHAB;PSMD4;RASGEF1A;PDGFRB;PSMA6;ARHGEF7;PSME3;SPTAN1;PEA15;PSMB10;RCE1;PPP2R5D;MOV10;APBB1IP;BCL2L1;NF1;ERBB2;PPP2R5C;PPP2R5E;PIK3CA;PPP2R5A;PSMA7;PSMD11;ARRB1;SHC1;PSMD5;PSMB2;PSMD13;CSK;SPNS1;ARAF;RAP1B;PSMB9;CCND3;NRG2;ABHD17A;RBX1;NCOA3;AGO4;UBA52;PSMB8;UBC;PSMC3;PSMC5;RASA3;PTPRA;IL5RA;BRAF;RASGRP1;PSMB3;AGO1;PRKACB;ICMT;FRS2;DUSP5;PSMC4;MARK3;MAP3K11;PRKCQ;CUL3;PPP5C;LLGL1;TYK2;DUSP16;JUN;PIK3R2;FGFR1;MAPK3;PSMA5;IQGAP1;CDC42EP3;LAMTOR2;ARL2
prerank,Nervous System Development R-HSA-9675108,0.25400603299822405,0.9666523778920364,6.024218e-01,1.000000e+00,1.000000e+00,76/252,27.99%,AGAP2;AKAP5;SCD5;PSMD4;PSMA6;SREBF2;CAP1;ARHGEF7;PSME3;SPTAN1;MAPK14;PSMB10;PSEN1;ZSWIM8;SIAH2;PPP3CB;DOK1;ERBB2;MAPK13;CASC3;HSPA8;PIK3CA;CLTC;PLCG1;ARPC3;NCBP2;AP2A2;MYH9;PSMA7;PSMD11;SHC1;PIK3R3;PSMD5;PSMB2;MYL12B;PSMD13;ITGB1;VASP;PSMB9;ACTR3;ROCK1;ARPC2;EZR;ARHGAP35;RBX1;PLXND1;UBA52;PSMB8;CLSTN1;MYL12A;RHOA;GSK3B;CSNK2A2;VPS72;UBC;PSMC3;PSMC5;PTPRA;AP2A1;NUMB;PSMB3;ACTR2;SRGAP2;RDX;ST8SIA4;PRKACB;PSENEN;ADAM10;FRS2;DPYSL2;ACTG1;PSMC4;MYL9;PRKCQ;MAPK7;NEO1
prerank,TCR Signaling R-HSA-202403,0.27016056840933156,0.966334960511434,5.583596e-01,1.000000e+00,1.000000e+00,27/107,20.96%,CD247;PSMD4;PSMA6;ARHGEF7;PSME3;TRAF6;PSMB10;UBE2V1;PIK3CA;PLCG1;PSMA7;PSMD11;PSMD5;PSMB2;PSMD13;CSK;SPNS1;VASP;PSMB9;CUL1;UBE2D2;IKBKB;UBA52;PSMB8;UBC;PSMC3;PSMC5
prerank,Signaling By MET R-HSA-6806834,0.30949162454540036,0.9662264104266366,5.302326e-01,1.000000e+00,1.000000e+00,12/38,20.53%,HGS;STAT3;CRK;PIK3CA;EPS15;PTPN1;SHC1;ITGB1;RAP1B;SH3GL1;UBA52;UBC
prerank,ER To Golgi Anterograde Transport R-HSA-199977,-0.19805159171844824,-0.9651954686257366,4.666667e-01,7.323182e-01,1.000000e+00,29/111,14.58%,TMED2;TRAPPC10;TRAPPC2L;TRAPPC6A;SEC24C;RAB1A;TRAPPC2;CAPZA2;CD55;CSNK1D;DCTN3;SPTBN1;ACTR10;TMED7;DYNLL2;CNIH1;COPZ1;SAR1B;DCTN6;NAPG;ARF5;SEC22C;ACTR1A;RAB1B;SEC24A;TMED9;KDELR2;PPP6C;SEC22A
prerank,ISG15 Antiviral Mechanism R-HSA-1169408,0.2842239682100336,0.9648928516809728,5.341278e-01,1.000000e+00,1.000000e+00,20/70,23.28%,EIF4E3;GNL3;POM121C;NUP37;ARIH1;PLCG1;NUP88;NUP188;NUP58;STAT1;UBE2E1;NUP214;EIF4G3;IRF3;UBA52;TRIM25;HERC5;UBC;RIGI;KPNA1
prerank,Class I MHC Mediated Antigen Processing And Presentation R-HSA-983169,0.253421965426445,0.9647768451699625,6.016097e-01,1.000000e+00,1.000000e+00,67/296,21.09%,S100A9;S100A8;TRIM4;PSMD4;LRRC41;TRIM69;ASB1;UBE2O;PSMA6;BLMH;RNF14;PSME3;HERC1;RNF6;UBE2D4;PSMB10;GAN;TRIM37;UBE2V1;SMURF2;SIAH2;PIK3C3;TRIM39;UBE2J2;ANAPC10;SEC31A;HECTD3;UBE2L3;HLA-E;FBXO22;FBXW4;CDC16;RNF111;CYBA;VAMP8;PSMA7;LNPEP;PSMD11;ANAPC7;RNF213;PSMD5;HERC2;PSMB2;PSMD13;FBXL20;NPEPPS;UBE2E1;PSMB9;CUL1;UBE2D2;TRIM11;ASB8;THOP1;KLHL22;RBX1;IKBKB;FBXL4;UBA52;PSMB8;RNF4;FBXO21;UBE3B;HERC5;UBC;PSMC3;PSMC5;FBXO4
prerank,Beta-catenin Phosphorylation Cascade R-HSA-196299,0.36920857541900354,0.964076153363259,5.133333e-01,1.000000e+00,1.000000e+00,4/15,9.41%,PPP2R5D;PPP2R5C;PPP2R5E;PPP2R5A
prerank,NEP/NS2 Interacts With Cellular Export Machinery R-HSA-168333,0.3186868088087415,0.9638227076190319,5.286396e-01,1.000000e+00,1.000000e+00,8/34,15.54%,GNL3;BLOC1S6;POM121C;NUP37;NUP88;NUP188;NUP58;NUP214
prerank,Postmitotic Nuclear Pore Complex (NPC) Reformation R-HSA-9615933,-0.25528455165105446,-0.9637396874530267,4.923858e-01,7.316959e-01,1.000000e+00,6/27,9.29%,NUP98;SEH1L;AHCTF1;NUP155;SUMO1;RAN
prerank,Neddylation R-HSA-8951664,0.25823654639944177,0.9626601387435241,6.002035e-01,1.000000e+00,1.000000e+00,46/190,21.09%,DCAF6;PSMD4;LRRC41;ASB1;PSMA6;PSME3;PSMB10;WDR5;GAN;MUL1;COPS5;DCAF13;DDB2;CCDC22;WDTC1;FBXO22;FBXW4;DCAF5;PSMA7;PSMD11;PSMD5;COMMD1;PSMB2;COPS7A;PSMD13;HIF1A;DCAF11;FBXL20;PSMB9;CUL1;UBE2D2;ASB8;KLHL22;RBX1;FBXL4;UBXN7;UBA52;PSMB8;FBXO21;DCAF10;NPLOC4;UBC;VCP;PSMC3;PSMC5;FBXO4
prerank,Host Interactions Of HIV Factors R-HSA-162909,0.26894821640310984,0.9624986835905692,5.643979e-01,1.000000e+00,1.000000e+00,30/118,21.58%,CD247;PSMD4;PSMA6;PSME3;PSMB10;RANGAP1;POM121C;NUP37;AP2A2;PSMA7;NUP88;PSMD11;PSMD5;AP1B1;PSMB2;PSMD13;NUP188;NUP58;PSMB9;NUP214;PACS1;RBX1;UBA52;PSMB8;PPIA;AP1S1;UBC;PSMC3;PSMC5;AP2A1
prerank,Regulation Of Cholesterol Biosynthesis By SREBP (SREBF) R-HSA-1655829,0.2957287180963482,0.9622597398924615,5.445087e-01,1.000000e+00,1.000000e+00,8/49,9.40%,SCAP;SREBF2;HELZ2;MVK;INSIG2;FDPS;MBTPS1;NCOA6
prerank,O-linked Glycosylation R-HSA-5173105,0.31423761890519836,0.9621469211466617,5.348288e-01,1.000000e+00,1.000000e+00,12/36,27.65%,C1GALT1C1;GALNT6;ST3GAL2;ST3GAL4;THBS1;ST6GAL1;B3GLCT;POMK;GALNT2;GALNT3;POMGNT1;GCNT1
prerank,RNA Polymerase I Promoter Escape R-HSA-73772,-0.23331814998535094,-0.9619503414711256,5.416667e-01,7.314899e-01,1.000000e+00,4/48,1.52%,H3-3B;H2BC12;H2AX;H2AJ
prerank,Degradation Of Extracellular Matrix R-HSA-1474228,0.32538085383619114,0.9615135574241583,5.354610e-01,1.000000e+00,1.000000e+00,11/30,27.24%,COL13A1;PSEN1;BSG;ADAM15;ADAM8;CAPN7;CAPN2;CAPN1;CAPNS1;ADAM10;ADAM17
prerank,Signaling By FGFR In Disease R-HSA-1226099,0.30354718636426914,0.9615062338541759,5.380117e-01,1.000000e+00,1.000000e+00,11/42,19.40%,STAT3;GTF2F2;STAT5A;PIK3CA;PLCG1;NCBP2;STAT1;STAT5B;TRIM24;POLR2D;POLR2C
prerank,Mitochondrial Biogenesis R-HSA-1592230,0.2788373446019484,0.9599994851291604,5.578603e-01,1.000000e+00,1.000000e+00,25/74,31.83%,MICOS10;MAPK14;PRKAB2;CYCS;ATP5PO;HELZ2;NCOA6;MBD4;DNAJC11;MICOS13;NCOR1;SAMM50;MTERF1;ALAS1;CRTC3;DMAC2L;ATP5MC3;CRTC2;TFAM;PRKAG2;ATP5F1B;GLUD1;SIRT5;CRTC1;PPARA
prerank,DNA Damage Recognition In GG-NER R-HSA-5696394,0.3112052423279643,0.9592208534055244,5.432692e-01,1.000000e+00,1.000000e+00,13/35,22.84%,COPS5;INO80D;ACTR8;DDB2;RAD23B;INO80;COPS7A;RBX1;INO80C;UBA52;RUVBL1;UBC;INO80B
prerank,VEGFA-VEGFR2 Pathway R-HSA-4420097,0.28084425465324675,0.9586109593543237,5.637149e-01,1.000000e+00,1.000000e+00,21/70,25.71%,ARHGEF7;NCKAP1L;MAPK14;AHCYL1;CYFIP2;CRK;PRKCZ;MAPK13;PIK3CA;CYBA;PLCG1;WASF2;ROCK1;RHOA;SH2D2A;ABI1;CTNNA1;AKT3;MTOR;ABI2;PRKACB
prerank,Interleukin-2 Family Signaling R-HSA-451927,0.312550977134031,0.957377288967879,5.282792e-01,1.000000e+00,1.000000e+00,11/33,18.26%,STAT3;INPPL1;STAT5A;HAVCR2;PIK3CA;SHC1;PIK3R3;STAT1;STAT5B;STAT4;CLSTN1
prerank,Mitophagy R-HSA-5205647,0.33714160053658593,0.9571357900806537,5.440290e-01,1.000000e+00,1.000000e+00,10/25,20.53%,MFN1;TOMM5;MFN2;PINK1;TOMM70;TOMM6;ATG5;UBA52;CSNK2A2;UBC
prerank,NOTCH3 Intracellular Domain Regulates Transcription R-HSA-9013508,-0.3178778664513484,-0.9570287121815466,4.822134e-01,7.402491e-01,1.000000e+00,4/15,8.23%,SNW1;RBPJ;CREBBP;GATD3
prerank,Transport Of Small Molecules R-HSA-382551,0.2487630191559046,0.9560183670775506,6.332665e-01,1.000000e+00,1.000000e+00,114/351,30.39%,ABCB8;PCSK5;ATP1A3;RUNX1;PSMD4;SLC1A7;ATP2A2;PSMA6;PSME3;ATP10D;LRRC8A;ADD3;PSMB10;ATP6V1A;ATP6V0A2;ABCD3;BSG;SLC35B2;RAB11FIP2;SLC2A3;ATP13A2;MBTPS1;SLC4A2;CUTC;SLC2A13;GNG5;CLTC;SLC17A5;AP2A2;PSMA7;PSMD11;STOM;ABCC10;PSMD5;SLC33A1;ATP6V0D1;SLC41A1;PSMB2;SLC50A1;PSMD13;SLC26A2;ABCA2;ATP6V0E1;ATP6V1D;PSMB9;ATP6V1B2;CUL1;ATP2C1;GNG10;GNB2;MICU2;SLC5A3;LRRC8D;WNK1;CLCN7;SLC39A7;SLCO4C1;ATP2A3;UBA52;SLC44A2;PSMB8;CYB5R1;ABCA7;TSC22D3;ATP10A;SLC35B3;SLC20A1;IREB2;UBC;VCP;NIPA2;ATP6V0E2;SLC39A1;PSMC3;PDZD11;ATP7A;PSMC5;MICU1;RAB11A;SLC30A5;AP2A1;YME1L1;ABCC5;SLC22A18;GNG2;PSMB3;NIPA1;SLC12A2;MRS2;PEX3;MCOLN2;ATP6AP1;PRKACB;TFR2;SLC36A1;SLC30A6;SLC16A3;LMF1;PSMC4;SLC4A7;GLRX3;PHB2;ATP2B4;ANO6;FBXL5;MMGT1;SLC12A6;AP2S1;RNF185;HMOX2;ATP1B3;SRI;CYB5R4;SLC43A1
prerank,RHOB GTPase Cycle R-HSA-9013026,0.3015247552549271,0.9545233831572163,5.630734e-01,1.000000e+00,1.000000e+00,16/41,27.64%,STK10;MYO9A;ARHGEF3;DHDDS;STOM;ROCK1;DIAPH1;ARHGAP35;ARHGEF2;ABR;PRPF38B;SLK;ARHGAP1;AKAP13;OPHN1;FLOT2
prerank,Activation Of Kainate Receptors Upon Glutamate Binding R-HSA-451326,0.36972577018626995,0.95319678349512,5.439056e-01,1.000000e+00,1.000000e+00,7/15,33.54%,GNG5;PLCB2;GNG10;GNB2;GNG2;LLGL1;GNB5
prerank,NR1H3 And NR1H2 Regulate Gene Expression Linked To Cholesterol Transport And Efflux R-HSA-9029569,0.32289412649239924,0.9529146636583328,5.528554e-01,1.000000e+00,1.000000e+00,9/27,33.75%,MOV10;KDM1A;NCOR1;KDM4A;AGO4;RXRB;AGO1;GPS2;AGO3
prerank,Transport To Golgi And Subsequent Modification R-HSA-948021,-0.19404484217415863,-0.9527066080904155,6.216216e-01,7.478232e-01,1.000000e+00,33/130,14.58%,TMED2;B4GALT1;TRAPPC10;TRAPPC2L;TRAPPC6A;SEC24C;RAB1A;TRAPPC2;CAPZA2;CD55;CSNK1D;DCTN3;SPTBN1;B4GALT4;ACTR10;TMED7;DYNLL2;CNIH1;COPZ1;SAR1B;DCTN6;NAPG;ARF5;MAN2A1;MGAT4A;SEC22C;ACTR1A;RAB1B;SEC24A;TMED9;KDELR2;PPP6C;SEC22A
prerank,Signaling By ROBO Receptors R-HSA-376176,0.269684563477783,0.9514626791465541,5.779427e-01,1.000000e+00,1.000000e+00,25/99,20.96%,AKAP5;PSMD4;PSMA6;CAP1;ARHGEF7;PSME3;PSMB10;ZSWIM8;PPP3CB;CASC3;NCBP2;PSMA7;PSMD11;PSMD5;PSMB2;PSMD13;VASP;PSMB9;RBX1;UBA52;PSMB8;RHOA;UBC;PSMC3;PSMC5
prerank,Lagging Strand Synthesis R-HSA-69186,0.35910083080204297,0.951025873828121,5.588616e-01,1.000000e+00,1.000000e+00,6/17,36.43%,RFC2;RFC4;POLA2;LRIG1;FEN1;PRIM1
prerank,Transport Of Ribonucleoproteins Into Host Nucleus R-HSA-168271,0.3131289602432982,0.9487192781477666,5.550296e-01,1.000000e+00,1.000000e+00,8/34,15.54%,GNL3;BLOC1S6;POM121C;NUP37;NUP88;NUP188;NUP58;NUP214
prerank,Axon Guidance R-HSA-422475,0.24940340468057146,0.9471269721980301,6.467611e-01,1.000000e+00,1.000000e+00,74/242,27.99%,AGAP2;AKAP5;PSMD4;PSMA6;CAP1;ARHGEF7;PSME3;SPTAN1;MAPK14;PSMB10;PSEN1;ZSWIM8;SIAH2;PPP3CB;DOK1;ERBB2;MAPK13;CASC3;HSPA8;PIK3CA;CLTC;PLCG1;ARPC3;NCBP2;AP2A2;MYH9;PSMA7;PSMD11;SHC1;PIK3R3;PSMD5;PSMB2;MYL12B;PSMD13;ITGB1;VASP;PSMB9;ACTR3;ROCK1;ARPC2;EZR;ARHGAP35;RBX1;PLXND1;UBA52;PSMB8;CLSTN1;MYL12A;RHOA;GSK3B;CSNK2A2;VPS72;UBC;PSMC3;PSMC5;PTPRA;AP2A1;NUMB;PSMB3;ACTR2;SRGAP2;RDX;ST8SIA4;PRKACB;PSENEN;ADAM10;FRS2;DPYSL2;ACTG1;PSMC4;MYL9;PRKCQ;MAPK7;NEO1
prerank,tRNA Modification In Nucleus And Cytosol R-HSA-6782315,0.3042980709994795,0.9446873267682706,5.791908e-01,1.000000e+00,1.000000e+00,6/38,12.96%,TYW3;TRMU;TP53RK;THADA;NSUN2;TYW1
prerank,Transport Of SLBP Independent Mature mRNA R-HSA-159227,0.3104866763699346,0.9444776493950311,5.598592e-01,1.000000e+00,1.000000e+00,8/34,15.54%,POM121C;NUP37;NCBP2;NUP88;NUP188;NUP58;NXF1;NUP214
prerank,Cell Surface Interactions At Vascular Wall R-HSA-202733,0.2753894246740532,0.9441024403026909,5.678060e-01,1.000000e+00,1.000000e+00,12/67,15.22%,S100A9;F11R;GLG1;CEACAM21;BSG;PPIL2;PIK3CA;PLCG1;SELPLG;SHC1;ITGB1;ITGAL
prerank,Mitotic G1 Phase And G1/S Transition R-HSA-453279,0.261597544700777,0.9420156470641188,5.949896e-01,1.000000e+00,1.000000e+00,38/118,28.76%,LIN37;PSMD4;PSMA6;PSME3;PSMB10;CDK4;CDKN2A;CCND2;CDKN1B;MCM5;PSMA7;PSMD11;CCNH;PSMD5;PSMB2;PSMD13;PSMB9;CCND3;CUL1;UBA52;PSMB8;PPP2R2A;DHFR;UBC;CDK7;PSMC3;LIN54;PSMC5;AKT3;PSMB3;ORC3;E2F4;MCM6;PSMC4;ORC5;POLA2;RBL1;RBBP4
prerank,Mitotic Prometaphase R-HSA-68877,-0.17644387724179986,-0.9419164566698316,7.142857e-01,7.717587e-01,1.000000e+00,36/151,16.12%,PPP2CA;SMC3;YWHAE;MAPRE1;NUP98;PPP2CB;CENPM;OFD1;MZT2A;TUBB4B;CSNK2B;CSNK1D;DCTN3;RAD21;PCM1;TUBA4A;SEH1L;AHCTF1;HAUS3;DYNLL2;B9D2;PMEPA1;PRKCA;CEP152;YWHAG;CEP70;ACTR1A;BUB3;PDS5A;CENPH;SMC4;TUBGCP3;NDEL1;SMC1A;SEC13;PRKAR2B
prerank,Intracellular Signaling By Second Messengers R-HSA-9006925,0.2498384052309055,0.9415707546183452,6.552073e-01,1.000000e+00,1.000000e+00,63/219,27.12%,TRIM27;PSMD4;PDGFRB;PSMA6;PSME3;TRAF6;PSMB10;AHCYL1;PPP2R5D;MOV10;RRAGC;MTA1;ERBB2;PPP2R5C;TSC2;PPP2R5E;PIK3CA;PPP2R5A;RNF146;PLCG1;CDKN1B;HDAC5;PSMA7;PSMD11;PIK3R3;TP53;PSMD5;PSMB2;PSMD13;SLC38A9;IRAK4;STRN;KDM1A;PSMB9;NRG2;AGO4;RING1;UBA52;PSMB8;CLSTN1;RPTOR;PIP4K2B;GSK3B;CSNK2A2;TNKS;UBC;PSMC3;PSMC5;GSK3A;RRAGB;TNKS2;AKT3;MTOR;PSMB3;CNOT6L;PIK3AP1;AGO1;CHD3;PHC1;PRKACB;FRS2;REST;PSMC4
prerank,Termination Of Translesion DNA Synthesis R-HSA-5656169,0.32526310192031266,0.9414931652875336,5.829268e-01,1.000000e+00,1.000000e+00,7/27,20.53%,RFC2;POLK;RFC4;UBA52;USP32;TRIM25;UBC
prerank,HATs Acetylate Histones R-HSA-3214847,0.2671800356867172,0.9410265026991307,5.936170e-01,1.000000e+00,1.000000e+00,30/92,28.32%,SUPT7L;BRD8;KANSL3;WDR5;KANSL1;ENY2;ELP6;EP400;ATXN7;H2BC15;TRRAP;MRGBP;MSL1;ATXN7L3;TAF9;TAF5L;KAT8;RUVBL1;VPS72;DR1;RUVBL2;HAT1;YEATS2;KAT6B;KAT6A;JADE2;KAT5;TADA2A;SUPT20H;H2AC11
prerank,IRS-related Events Triggered By IGF1R R-HSA-2428928,-0.26080566039978254,-0.9409448081237373,5.537634e-01,7.697616e-01,1.000000e+00,7/23,16.23%,PIK3R1;IRS2;THEM4;PIK3CB;IGF1R;SOS1;PTPN11
prerank,CTLA4 Inhibitory Signaling R-HSA-389513,0.3558851849128778,0.9407131237780674,5.615894e-01,1.000000e+00,1.000000e+00,4/17,9.41%,PPP2R5D;PPP2R5C;PPP2R5E;PPP2R5A
prerank,VxPx Cargo-Targeting To Cilium R-HSA-5620916,0.3525550666912619,0.9402515813554597,5.510996e-01,1.000000e+00,1.000000e+00,8/17,31.70%,PTGES2;EXOC2;EXOC6;RAB11A;EXOC5;PRKD2;EXOC8;PKD1
prerank,Signaling By NTRK1 (TRKA) R-HSA-187037,0.27235628105438536,0.9385154654223803,5.988950e-01,1.000000e+00,1.000000e+00,14/72,11.64%,YWHAB;STAT3;MAPK14;PPP2R5D;TCF12;CRK;DNAL4;BCL11B;MAPK13;PIK3CA;CLTC;PLCG1;AP2A2;SHC1
prerank,Regulation Of Expression Of SLITs And ROBOs R-HSA-9010553,0.27646200809894594,0.9383623422662687,5.706522e-01,1.000000e+00,1.000000e+00,19/73,20.96%,PSMD4;PSMA6;PSME3;PSMB10;ZSWIM8;CASC3;NCBP2;PSMA7;PSMD11;PSMD5;PSMB2;PSMD13;PSMB9;RBX1;UBA52;PSMB8;UBC;PSMC3;PSMC5
prerank,Cilium Assembly R-HSA-5617833,0.255221138439076,0.9379040001474733,6.352332e-01,1.000000e+00,1.000000e+00,50/144,32.73%,C2CD3;TRIP11;CEP164;TMEM216;ODF2;KIF3A;HDAC6;CEP63;CEP290;PTGES2;KIF3B;PCNT;DYNC2I1;NDE1;HAUS4;CCT3;IFT88;CEP135;ARL13B;HAUS6;BBIP1;TTBK2;EXOC2;EXOC6;DCTN2;IFT172;MARK4;CCT5;RAB11A;IFT20;CEP162;BBS2;TUBA1A;TTC21B;DYNC1H1;DYNLT2B;CCT2;EXOC5;DCTN1;CEP57;PAFAH1B1;IFT57;PRKD2;BBS4;DYNC2H1;EXOC8;CNTRL;PKD1;KIFAP3;DYNLRB1
prerank,ER Quality Control Compartment (ERQC) R-HSA-901032,-0.27435475593003633,-0.9375016088051934,5.463415e-01,7.740276e-01,1.000000e+00,5/19,10.12%,UBB;RNF103;DERL2;EDEM1;MARCHF6
prerank,Effects Of PIP2 Hydrolysis R-HSA-114508,0.34810768742714693,0.9374393193865397,5.611326e-01,1.000000e+00,1.000000e+00,12/19,44.34%,RASGRP2;DGKZ;ABHD12;RASGRP1;PRKCQ;PRKCH;ITPR1;DGKK;ABHD6;ITPR2;PRKCD;PRKCE
prerank,Synthesis Of Substrates In N-glycan Biosythesis R-HSA-446219,0.2934837155945962,0.9365110658307936,5.722477e-01,1.000000e+00,1.000000e+00,12/46,19.55%,DHDDS;ST3GAL2;CMAS;SLC17A5;AMDHD2;ST3GAL5;GMPPA;PMM1;SRD5A3;ST3GAL4;ST6GAL1;GMPPB
prerank,TP53 Regulates Transcription Of Cell Cycle Genes R-HSA-6791312,0.3099921191276999,0.9356931727108684,5.624257e-01,1.000000e+00,1.000000e+00,14/34,36.92%,CNOT3;CNOT8;CNOT7;CDKN1B;TP53;CNOT6;CNOT6L;E2F4;ARID3A;RBL1;CDK2;PCBP4;CNOT4;BAX
prerank,Sema4D In Semaphorin Signaling R-HSA-400685,0.35245461549568136,0.9346715685091306,5.823293e-01,1.000000e+00,1.000000e+00,6/17,19.50%,ERBB2;MYH9;MYL12B;ROCK1;ARHGAP35;RHOA
prerank,Transport Of Mature mRNA Derived From An Intronless Transcript R-HSA-159231,0.2976523397492731,0.9346056836628018,5.908046e-01,1.000000e+00,1.000000e+00,9/41,15.54%,CPSF3;POM121C;NUP37;NCBP2;NUP88;NUP188;NUP58;NXF1;NUP214
prerank,N-glycan Trimming In ER And Calnexin/Calreticulin Cycle R-HSA-532668,-0.2428378828836989,-0.934485300220265,5.776398e-01,7.771030e-01,1.000000e+00,9/33,12.13%,UBB;PDIA3;RNF103;DERL2;EDEM1;MARCHF6;CALR;NGLY1;UBXN1
prerank,HDMs Demethylate Histones R-HSA-3214842,0.32985441183451797,0.9337353760923723,5.849057e-01,1.000000e+00,1.000000e+00,8/23,17.94%,KDM5B;KDM7A;UTY;KDM5C;KDM2B;KDM1A;KDM4A;KDM5D
prerank,Growth Hormone Receptor Signaling R-HSA-982772,0.3524683043360198,0.9336530144643342,5.725389e-01,1.000000e+00,1.000000e+00,5/17,15.11%,STAT3;STAT5A;PTPN1;STAT1;STAT5B
prerank,Glycosphingolipid Metabolism R-HSA-1660662,0.3160888644233552,0.9318929863702815,5.774818e-01,1.000000e+00,1.000000e+00,12/25,32.84%,GBA2;SMPD4;SMPD1;CPTP;HEXB;SUMF1;SMPD2;SMPD3;ARSG;ESYT1;CTSA;UGCG
prerank,Inositol Phosphate Metabolism R-HSA-1483249,0.3049404684701778,0.9286937495855074,5.682088e-01,1.000000e+00,1.000000e+00,7/32,15.23%,INPP4A;INPPL1;INPP5B;ISYNA1;PLCG1;PLCB2;PLCD1
prerank,G0 And Early G1 R-HSA-1538133,0.3563892574237313,0.9285262531769918,5.816062e-01,1.000000e+00,1.000000e+00,6/16,31.77%,LIN37;LIN54;E2F4;RBL1;RBBP4;CDK2
prerank,SMAD2/SMAD3:SMAD4 Heterotrimer Regulates Transcription R-HSA-2173796,-0.24795268477501148,-0.928061528062888,6.162791e-01,7.900856e-01,1.000000e+00,3/31,2.48%,UBB;TGIF1;RNASEH2A
prerank,SARS-CoV-2 Infection R-HSA-9694516,0.24817363927779085,0.9274647495185736,6.656566e-01,1.000000e+00,1.000000e+00,48/194,23.31%,YWHAB;VPS33A;TRIM4;VPS11;MAN1B1;TRAF6;UVRAG;PARP9;SRPK1;UBE2V1;VPS16;PIK3C3;CNBP;ST3GAL2;POM121C;RPN1;PARP6;NUP37;HLA-E;NUP88;TOMM70;GANAB;TBK1;NUP188;NUP58;STAT1;MAVS;NUP214;ISCU;G3BP1;SIKE1;ST3GAL4;IKBKB;IRF3;UBA52;ST6GAL1;VPS18;CHMP6;GSK3B;VPS45;TRIM25;UBC;VCP;VPS39;GSK3A;RIGI;ZDHHC20;AKT3
prerank,NOTCH1 Intracellular Domain Regulates Transcription R-HSA-2122947,-0.2402552058595546,-0.926464264914708,5.864662e-01,7.892984e-01,1.000000e+00,6/40,5.11%,UBB;SNW1;RBPJ;SKP1;TLE4;CREBBP
prerank,Translesion Synthesis By Y Family DNA Polymerases Bypasses Lesions On DNA Template R-HSA-110313,0.3051223689549597,0.9264117928270157,5.945946e-01,1.000000e+00,1.000000e+00,9/34,20.57%,RFC2;POLK;RFC4;UBA52;USP32;TRIM25;NPLOC4;UBC;VCP
prerank,Late SARS-CoV-2 Infection Events R-HSA-9772573,0.28540402684173366,0.9258547025682293,5.963512e-01,1.000000e+00,1.000000e+00,15/48,25.05%,MAN1B1;PARP9;SRPK1;ST3GAL2;RPN1;PARP6;GANAB;ST3GAL4;UBA52;ST6GAL1;GSK3B;UBC;GSK3A;ZDHHC20;MOGS
prerank,Nuclear Pore Complex (NPC) Disassembly R-HSA-3301854,0.3054519244358876,0.9253103647835459,5.976471e-01,1.000000e+00,1.000000e+00,7/32,15.54%,NEK9;POM121C;NUP37;NUP88;NUP188;NUP58;NUP214
prerank,Transcriptional Regulation By RUNX1 R-HSA-8878171,0.25117830518107004,0.9251079524782826,6.649538e-01,1.000000e+00,1.000000e+00,36/156,20.96%,RUNX1;PSMD4;PSMA6;PSME3;PSMB10;WDR5;MOV10;TCF12;HIPK2;ASH2L;SMARCC2;H2BC15;CCND2;SMARCA2;IFNG;PSMA7;PSMD11;CCNH;PSMD5;ELOF1;PSMB2;PSMD13;KMT2A;PSMB9;CCND3;AGO4;RING1;THBS1;UBA52;PSMB8;KMT2D;CSNK2A2;UBC;CDK7;PSMC3;PSMC5
prerank,Activation Of NF-kappaB In B Cells R-HSA-1169091,0.2775476771203345,0.92415393314446,6.202673e-01,1.000000e+00,1.000000e+00,17/63,20.96%,PSMD4;PSMA6;PSME3;PSMB10;PSMA7;PSMD11;PSMD5;PSMB2;PSMD13;PSMB9;CUL1;IKBKB;UBA52;PSMB8;UBC;PSMC3;PSMC5
prerank,Synthesis Of PIPs At Plasma Membrane R-HSA-1660499,0.29274482907025356,0.9238237210711991,5.928489e-01,1.000000e+00,1.000000e+00,18/41,32.22%,INPP4A;INPPL1;PLEKHA3;PLEKHA2;PIK3CA;MTMR3;PIK3R3;PIK3C2A;PLEKHA5;CLSTN1;PIP4K2B;PI4K2B;SYNJ2;INPP5D;PIP5K1C;MTMR9;PIK3R2;PIK3CG
prerank,"Nucleotide-binding Domain, Leucine Rich Repeat Containing NLR Signaling Pathways R-HSA-168643",0.2928197320082536,0.9233182830303143,5.878301e-01,1.000000e+00,1.000000e+00,11/43,18.25%,TRAF6;MAPK14;UBE2V1;BCL2L1;TXN2;MAPK13;SUGT1;CASP2;IKBKB;MAP2K6;CASP1
prerank,Gene And Protein Expression By JAK-STAT Signaling After Interleukin-12 Stimulation R-HSA-8950505,0.308417554421164,0.9218250238338467,5.971564e-01,1.000000e+00,1.000000e+00,10/30,24.60%,S100A9;SOD1;IFNG;RAP1B;STAT4;PPIA;VPS72;HNRNPDL;HNRNPF;ANXA2
prerank,Uptake And Actions Of Bacterial Toxins R-HSA-5339562,0.35555524861876486,0.9186847920559756,5.832241e-01,1.000000e+00,1.000000e+00,4/16,26.01%,MAP2K4;VAMP2;MAP2K6;MAP2K7
prerank,Fanconi Anemia Pathway R-HSA-6783310,0.3139135899448524,0.9182873125264377,5.958486e-01,1.000000e+00,1.000000e+00,11/28,31.37%,FANCA;FAAP20;ERCC4;UBA52;FANCF;UBC;FAN1;FANCG;ERCC1;FAAP100;DCLRE1A
prerank,Resolution Of Abasic Sites (AP Sites) R-HSA-73933,0.29933458333424606,0.917809215949496,6.023952e-01,1.000000e+00,1.000000e+00,22/34,49.86%,RFC2;XRCC1;RFC4;MBD4;MPG;SMUG1;TDG;LRIG1;FEN1;MUTYH;POLG2;POLE4;POLE3;POLD4;NEIL2;UNG;POLD2;NTHL1;PARG;PNKP;POLR1A;ADPRS
prerank,Metabolism Of Steroids R-HSA-8957322,0.26160986278988324,0.9166379066541342,6.529730e-01,1.000000e+00,1.000000e+00,38/88,40.57%,OSBPL3;SCAP;SREBF2;ACOT8;HELZ2;MVK;INSIG2;FDPS;MBTPS1;FDXR;NCOA6;MBD4;ARV1;SRD5A3;NFYC;FDX2;HSD17B11;STARD3NL;KPNB1;DHCR7;CYP2R1;MSMO1;AKR1C3;SLC51A;OSBPL7;SRD5A1;PPARA;AMACR;UBE2I;TSPOAP1;STARD3;TM7SF2;CYP51A1;LMBR1;SUMO2;OSBP;NFYA;SEC23A
prerank,Glycolysis R-HSA-70171,0.276477795270011,0.9163268474169303,6.223699e-01,1.000000e+00,1.000000e+00,12/56,15.54%,PPP2R5D;POM121C;PFKP;TPI1;NUP37;PKM;NUP88;NUP188;NUP58;GNPDA1;HOOK2;NUP214
prerank,Synthesis Of PC R-HSA-1483191,-0.273980933694115,-0.9158637768464261,5.751073e-01,8.125738e-01,1.000000e+00,4/18,6.70%,STARD10;CHPT1;CSNK2B;SLC44A1
prerank,G Beta:Gamma Signaling Thru PI3Kgamma R-HSA-392451,0.3595034996698481,0.9152769157186503,5.916230e-01,1.000000e+00,1.000000e+00,8/15,33.54%,GNG5;GNG10;GNB2;RHOA;AKT3;GNG2;PIK3CG;GNB5
prerank,Cellular Response To Starvation R-HSA-9711097,0.2725832077859354,0.9150657505965205,6.306011e-01,1.000000e+00,1.000000e+00,18/63,23.77%,ATP6V1A;RRAGC;SZT2;DEPDC5;NPRL3;ATP6V0D1;SLC38A9;ATP6V0E1;SESN2;ATP6V1D;ATP6V1B2;NPRL2;FNIP1;UBA52;RPTOR;ATP6V0E2;RRAGB;MTOR
prerank,SUMOylation Of RNA Binding Proteins R-HSA-4570464,-0.21637251468536184,-0.9144333956662302,6.666667e-01,8.111329e-01,1.000000e+00,12/43,16.09%,NUP98;TPR;SEH1L;NUP155;PHC2;SUMO1;CBX4;NOP58;HNRNPK;NUP50;PHC3;SEC13
prerank,Signaling By Interleukins R-HSA-449147,0.23885167318429806,0.9136343097328281,7.306533e-01,1.000000e+00,1.000000e+00,70/293,22.05%,S100A9;LRRC14;PSMD4;STAT3;INPPL1;PSMA6;PSME3;PTPN4;MAPK9;TRAF6;MAPK14;PSMB10;PPP2R5D;SIGIRR;IL10RA;CRK;UBE2V1;NKIRAS2;BCL2L1;SOD1;STAT5A;HAVCR2;HSPA8;FASLG;PIK3CA;TNFRSF1A;IFNG;MAP2K4;PSMA7;PSMD11;SHC1;PIK3R3;TP53;PSMD5;PSMB2;TBK1;PSMD13;HIF1A;STAT1;ITGB1;TOLLIP;IRAK4;STXBP2;RAP1B;STAT5B;PSMB9;VAMP2;CUL1;TNFRSF1B;TNIP2;PTPN18;STAT4;RBX1;IKBKB;TNF;UBA52;GSDMD;MAP2K6;PSMB8;CASP1;CLSTN1;PPIA;VPS72;UBC;PSMC3;PSMC5;HNRNPDL;MEF2A;HNRNPF;IL5RA
prerank,Epigenetic Regulation Of Gene Expression R-HSA-212165,0.2578363305664047,0.9132217363672746,6.748140e-01,1.000000e+00,1.000000e+00,23/100,20.56%,EHMT2;ERCC6;RRP8;MTA1;TET2;DDX56;H2BC15;BAZ2A;CCNH;TTF1;BAZ1B;DEK;UBTF;ARID4B;GTF2H3;GTF2H5;SIRT1;CBX3;POLR1H;GTF2H4;ERCC3;GSK3B;CDK7
prerank,RHO GTPases Activate Formins R-HSA-5663220,0.26187142714468803,0.9121190068129658,6.691810e-01,1.000000e+00,1.000000e+00,26/88,26.91%,DVL3;MRTFA;TAOK1;RANGAP1;PPP2R5D;KANSL1;PPP2R5C;MIS12;NUP37;PPP2R5E;PPP2R5A;CENPL;NDE1;ITGB1;SRF;CLIP1;DIAPH1;RHOA;KIF2A;RCC2;SCAI;ZWILCH;SRGAP2;DYNC1H1;DIAPH2;ACTG1
prerank,RUNX1 Regulates Genes Involved In Megakaryocyte Differentiation And Platelet Function R-HSA-8936459,-0.20826866404345748,-0.91152874153927,5.901639e-01,8.134939e-01,1.000000e+00,5/53,4.04%,H3-3B;H2BC12;H2AX;H2AJ;KMT2E
prerank,FCGR3A-mediated IL10 Synthesis R-HSA-9664323,0.3223876852476852,0.9111814898191498,5.815691e-01,1.000000e+00,1.000000e+00,3/23,10.17%,CD247;AHCYL1;PLCG1
prerank,Regulation Of TP53 Activity Thru Acetylation R-HSA-6804758,-0.25147312604789906,-0.9109908337870208,6.285714e-01,8.100155e-01,1.000000e+00,9/27,17.29%,PIP4K2A;BRD7;BRD1;GATAD2A;MEAF6;AKT1;ING5;CHD4;PML
prerank,Potential Therapeutics For SARS R-HSA-9679191,-0.2020664358521972,-0.910719934619081,6.944444e-01,8.056302e-01,1.000000e+00,18/78,16.66%,FXYD7;SAP18;FXYD2;JAK1;IFNGR1;ZBP1;AP2B1;NFE2L2;CYSLTR1;GATAD2A;HSP90AB1;PLCG2;SUDS3;ARID4A;NCK1;SOS1;CHD4;ATP1B1
prerank,Nicotinate Metabolism R-HSA-196807,0.3400376425349548,0.910499865259808,6.043534e-01,1.000000e+00,1.000000e+00,8/19,40.25%,PARP9;PARP6;NAXE;NMRK1;NAXD;NAPRT;PARP14;PARP10
prerank,Interleukin Receptor SHC Signaling R-HSA-912526,-0.2722443778971446,-0.9096591413057028,5.957447e-01,8.034701e-01,1.000000e+00,4/19,5.16%,PIK3R1;JAK1;IL2RB;IL2RG
prerank,Signaling By VEGF R-HSA-194138,0.2654756748072068,0.909462958884836,6.357759e-01,1.000000e+00,1.000000e+00,21/72,25.71%,ARHGEF7;NCKAP1L;MAPK14;AHCYL1;CYFIP2;CRK;PRKCZ;MAPK13;PIK3CA;CYBA;PLCG1;WASF2;ROCK1;RHOA;SH2D2A;ABI1;CTNNA1;AKT3;MTOR;ABI2;PRKACB
prerank,Extension Of Telomeres R-HSA-180786,0.28665003328563843,0.9081508932524991,6.451613e-01,1.000000e+00,1.000000e+00,17/43,31.77%,WRAP53;RFC2;PIF1;RFC4;CTC1;ACD;TINF2;TERF2;RUVBL1;SHQ1;RUVBL2;PPP6R3;POLA2;LRIG1;FEN1;DKC1;CDK2
prerank,Aberrant Regulation Of Mitotic Exit In Cancer Due To RB1 Defects R-HSA-9687136,0.3274713314767111,0.9081003150620738,6.091371e-01,1.000000e+00,1.000000e+00,10/20,35.99%,ANAPC10;CDC16;ANAPC7;UBE2E1;ANAPC1;ANAPC2;RB1;CDC23;ANAPC5;UBE2D1
prerank,Separation Of Sister Chromatids R-HSA-2467813,0.24875751438688964,0.9071777566330098,6.924665e-01,1.000000e+00,1.000000e+00,33/141,21.05%,PSMD4;PSMA6;PSME3;PSMB10;TAOK1;RANGAP1;PPP2R5D;KANSL1;ANAPC10;PPP2R5C;MIS12;NUP37;PPP2R5E;CDC16;PPP2R5A;CENPL;PSMA7;PSMD11;ANAPC7;PSMD5;PSMB2;NDE1;PSMD13;UBE2E1;PSMB9;CLIP1;UBA52;PSMB8;UBC;PSMC3;KIF2A;PSMC5;RCC2
prerank,MyD88:MAL(TIRAP) Cascade Initiated On Plasma Membrane R-HSA-166058,0.2637357266489746,0.9068208577595898,6.562500e-01,1.000000e+00,1.000000e+00,18/82,18.07%,S100A9;LRRC14;S100A8;MAPK9;TRAF6;MAPK14;PPP2R5D;SIGIRR;UBE2V1;NKIRAS2;MAP2K4;TP53;IRAK4;CUL1;TNIP2;IKBKB;UBA52;MAP2K6
prerank,"Transport Of Vitamins, Nucleosides, And Related Molecules R-HSA-425397",0.3340740472128055,0.9061004770679384,6.048593e-01,1.000000e+00,1.000000e+00,11/21,38.97%,SLC35B2;SLC33A1;SLCO4C1;SLC35B3;PDZD11;SLC35A1;ARL2;SLC5A6;SLC35C1;SLC29A3;SLC35B4
prerank,Signaling By NOTCH3 R-HSA-9012852,-0.23971721968829185,-0.9056592644119261,6.813187e-01,8.087709e-01,1.000000e+00,6/31,9.14%,UBB;SNW1;RBPJ;CREBBP;GATD3;MIB2
prerank,SUMOylation Of Transcription Cofactors R-HSA-3899300,0.2871529206064692,0.9055959255387442,6.277713e-01,1.000000e+00,1.000000e+00,7/39,13.03%,MRTFA;PIAS2;MBD1;HIPK2;DDX17;CASP8AP2;PIAS1
prerank,Mitochondrial Translation Termination R-HSA-5419276,-0.19629310138155287,-0.9055711197769777,7.209302e-01,8.041221e-01,1.000000e+00,11/81,7.43%,MRPL55;MRPL44;MRPL54;MRPL33;MRPL1;MRPS31;AURKAIP1;MRPL53;MRPL47;MRPL14;MRPL9
prerank,HSF1-dependent Transactivation R-HSA-3371571,-0.2511281309295631,-0.9053739377236406,6.108108e-01,7.997411e-01,1.000000e+00,3/26,5.11%,UBB;DNAJB6;CREBBP
prerank,Anti-inflammatory Response Favoring Leishmania Infection R-HSA-9662851,0.27696713963088976,0.903264948473529,6.357466e-01,1.000000e+00,1.000000e+00,16/54,27.24%,CD247;MAPK14;AHCYL1;PTGER2;GNG5;PLCG1;MYH9;GNG10;GNB2;ADRB2;RHBDF2;GNAI2;GNG2;PRKACB;MC1R;ADAM17
prerank,Transcriptional Activation Of Mitochondrial Biogenesis R-HSA-2151201,0.2875438238319366,0.9023604428941995,6.326291e-01,1.000000e+00,1.000000e+00,15/41,31.83%,CYCS;HELZ2;NCOA6;MBD4;NCOR1;MTERF1;ALAS1;CRTC3;CRTC2;TFAM;ATP5F1B;GLUD1;SIRT5;CRTC1;PPARA
prerank,Signaling By Receptor Tyrosine Kinases R-HSA-9006934,0.23688018845343567,0.9020313874164579,7.673019e-01,1.000000e+00,1.000000e+00,84/290,26.63%,FGFBP2;YWHAB;PCSK5;HGS;STAT3;PDGFRB;STK4;ARHGEF7;GTF2F2;NCKAP1L;MAPK14;PSEN1;ATP6V1A;AHCYL1;PPP2R5D;ATP6V0A2;TCF12;CYFIP2;CRK;DNAL4;BCL11B;PRKCZ;PIK3C3;ERBB2;MAPK13;STAT5A;TIA1;PIK3CA;EPS15;PDE3B;CLTC;CYBA;PLCG1;PTPN1;NCBP2;AP2A2;SHC1;PIK3R3;ATP6V0D1;HIF1A;CSK;WASF2;STAT1;ITGB1;SRF;ATP6V0E1;RAP1B;STAT5B;ATP6V1D;ROCK1;NRG2;ATP6V1B2;NCOR1;PTPN18;SH3GL1;DIAPH1;POLR2D;THBS1;UBA52;POLR2C;RHOA;MAP2K5;UBC;ATP6V0E2;SH2D2A;MEF2A;AP2A1;ABI1;HNRNPF;CTNNA1;BRAF;AKT3;MTOR;THBS3;GALNT3;ABI2;ATP6AP1;PRKACB;CBL;PSENEN;STAT6;ADAM10;FRS2;REST
prerank,RHOC GTPase Cycle R-HSA-9013106,0.2751126690793354,0.9009966399271766,6.340090e-01,1.000000e+00,1.000000e+00,18/49,28.23%,VAPB;ABCD3;STK10;DHDDS;STOM;ARHGAP18;ROCK1;DIAPH1;ARHGAP35;ABR;RHOA;SLK;ARHGAP1;AKAP13;TMPO;OPHN1;FLOT2;MACO1
prerank,G1/S Transition R-HSA-69206,0.2525047374748519,0.8998091377793769,6.722866e-01,1.000000e+00,1.000000e+00,34/106,28.76%,LIN37;PSMD4;PSMA6;PSME3;PSMB10;CDK4;CDKN1B;MCM5;PSMA7;PSMD11;CCNH;PSMD5;PSMB2;PSMD13;PSMB9;CUL1;UBA52;PSMB8;DHFR;UBC;CDK7;PSMC3;LIN54;PSMC5;AKT3;PSMB3;ORC3;E2F4;MCM6;PSMC4;ORC5;POLA2;RBL1;RBBP4
prerank,Polymerase Switching On C-strand Of Telomere R-HSA-174411,0.3224194687387668,0.8993648601996983,6.235885e-01,1.000000e+00,1.000000e+00,6/22,17.22%,RFC2;RFC4;CTC1;ACD;TINF2;TERF2
prerank,EML4 And NUDC In Mitotic Spindle Formation R-HSA-9648025,0.2628597519389724,0.8989282898553358,6.724701e-01,1.000000e+00,1.000000e+00,11/73,9.66%,NEK9;TAOK1;RANGAP1;PPP2R5D;KANSL1;PPP2R5C;MIS12;NUP37;PPP2R5E;PPP2R5A;CENPL
prerank,Interleukin-12 Family Signaling R-HSA-447115,0.2834784869597126,0.8984496717980412,6.368843e-01,1.000000e+00,1.000000e+00,11/41,21.85%,S100A9;STAT3;SOD1;IFNG;STAT1;RAP1B;STAT4;PPIA;VPS72;HNRNPDL;HNRNPF
prerank,Signaling By FLT3 Fusion Proteins R-HSA-9703465,0.34593171964997693,0.8974122962230106,6.203704e-01,1.000000e+00,1.000000e+00,4/15,15.11%,TRIP11;STAT5A;PIK3CA;STAT5B
prerank,RHOBTB2 GTPase Cycle R-HSA-9013418,0.3209445197586017,0.8963200259721577,6.304910e-01,1.000000e+00,1.000000e+00,8/23,28.58%,MYO6;DBN1;STK38;CCT7;MSI2;CCT2;ACTG1;CUL3
prerank,Cargo Concentration In ER R-HSA-5694530,-0.2553811265606344,-0.8958813629104415,6.256410e-01,8.177040e-01,1.000000e+00,5/22,13.65%,TMED2;SEC24C;CNIH1;SAR1B;SEC24A
prerank,Signaling By NOTCH2 R-HSA-1980145,0.3252415690969913,0.895749970578501,6.293970e-01,1.000000e+00,1.000000e+00,3/21,3.62%,MAML1;GZMB;PSEN1
prerank,Class B/2 (Secretin Family Receptors) R-HSA-373080,-0.2777320777542388,-0.8951103039715261,6.205357e-01,8.146207e-01,1.000000e+00,6/18,9.71%,CD55;GNAS;GNGT2;GNB1;RAMP1;VIPR2
prerank,Golgi-to-ER Retrograde Transport R-HSA-8856688,-0.18814458676872192,-0.8948502662724124,7.560976e-01,8.105681e-01,1.000000e+00,22/82,15.23%,TMED2;RAB1A;CAPZA2;DCTN3;ACTR10;TMED7;DYNLL2;PAFAH1B2;BNIP1;COPZ1;DCTN6;NAPG;PLA2G6;RAB3GAP2;ARF5;KIF22;ACTR1A;RAB1B;TMED9;KDELR2;UBE2Z;COPE
prerank,Signaling By EGFR R-HSA-177929,0.2927928623907725,0.8946671307874928,6.496437e-01,1.000000e+00,1.000000e+00,16/35,31.05%,HGS;ARHGEF7;PIK3CA;EPS15;PLCG1;SHC1;CSK;SH3GL1;UBA52;UBC;CBL;ADAM10;ADAM17;PAG1;LRIG1;AAMP
prerank,mRNA Decay By 5 To 3 Exoribonuclease R-HSA-430039,0.34416246110411725,0.8924170388112207,6.298201e-01,1.000000e+00,1.000000e+00,6/15,32.26%,PATL1;DCP1B;DCP1A;LSM3;EDC3;LSM5
prerank,Transport Of SLBP Dependant Mature mRNA R-HSA-159230,0.2910974022860154,0.8913990752200678,6.519208e-01,1.000000e+00,1.000000e+00,8/35,15.54%,POM121C;NUP37;NCBP2;NUP88;NUP188;NUP58;NXF1;NUP214
prerank,Cooperation Of Prefoldin And TriC/CCT In Actin And Tubulin Folding R-HSA-389958,-0.2586866755185452,-0.8910491482133412,6.142132e-01,8.143415e-01,1.000000e+00,6/22,11.85%,TUBB4B;TUBA4A;PFDN1;VBP1;PFDN2;TUBA1B
prerank,Mitochondrial Translation Elongation R-HSA-5389840,-0.193873651890053,-0.8903338045005563,7.500000e-01,8.114529e-01,1.000000e+00,11/81,7.43%,MRPL55;MRPL44;MRPL54;MRPL33;MRPL1;MRPS31;AURKAIP1;MRPL53;MRPL47;MRPL14;MRPL9
prerank,Transport Of Mature mRNAs Derived From Intronless Transcripts R-HSA-159234,0.2822170893546257,0.8902007235941038,6.616972e-01,1.000000e+00,1.000000e+00,9/42,15.54%,CPSF3;POM121C;NUP37;NCBP2;NUP88;NUP188;NUP58;NXF1;NUP214
prerank,Downstream Signaling Events Of B Cell Receptor (BCR) R-HSA-1168372,0.2610627177774305,0.8891701255140145,6.839207e-01,1.000000e+00,1.000000e+00,21/75,24.02%,PSMD4;PSMA6;PSME3;PSMB10;PPP3CB;PSMA7;PSMD11;PSMD5;PSMB2;PSMD13;PSMB9;CUL1;IKBKB;UBA52;PSMB8;PPIA;UBC;PSMC3;PSMC5;RASGRP1;PSMB3
prerank,Regulation Of TP53 Degradation R-HSA-6804757,-0.24147815957765129,-0.8889633043118769,6.566265e-01,8.100795e-01,1.000000e+00,3/30,2.91%,UBB;PPP2CA;PPP2CB
prerank,O-linked Glycosylation Of Mucins R-HSA-913709,0.31661935532650864,0.8887250638281499,6.260979e-01,1.000000e+00,1.000000e+00,9/22,31.46%,C1GALT1C1;GALNT6;ST3GAL2;ST3GAL4;ST6GAL1;GALNT2;GALNT3;GCNT1;ST3GAL3
prerank,Signaling By Insulin Receptor R-HSA-74752,0.28157571723852404,0.8878222222879303,6.685457e-01,1.000000e+00,1.000000e+00,10/41,15.36%,ATP6V1A;ATP6V0A2;PIK3C3;PIK3CA;PDE3B;SHC1;ATP6V0D1;ATP6V0E1;ATP6V1D;ATP6V1B2
prerank,FLT3 Signaling In Disease R-HSA-9682385,0.32119608242458675,0.8877138786431138,6.526181e-01,1.000000e+00,1.000000e+00,10/22,29.13%,TRIP11;BCL2L1;STAT5A;PIK3CA;STAT5B;UBA52;UBC;CBL;GOLGB1;LONP1
prerank,Viral Messenger RNA Synthesis R-HSA-168325,0.277723717134793,0.8876493347410868,6.381279e-01,1.000000e+00,1.000000e+00,11/46,19.40%,GTF2F2;GNL3;BLOC1S6;POM121C;NUP37;NUP88;NUP188;NUP58;NUP214;POLR2D;POLR2C
prerank,Death Receptor Signaling R-HSA-73887,0.2486241875446397,0.8860524621117519,7.103594e-01,1.000000e+00,1.000000e+00,32/99,27.72%,RNF31;MAGED1;ARHGEF7;TRAF6;FADD;PSEN1;PRDM4;ARHGEF3;FASLG;TNFRSF1A;RTN4;BCL2L11;CASP2;IKBKB;TNF;UBA52;ARHGEF2;ABR;PRPF38B;RHOA;UBC;AATF;SHARPIN;SMPD2;ARHGEF18;SMPD3;SPPL2B;AKAP13;OTULIN;PSENEN;ADAM17;ARHGEF19
prerank,Mitochondrial Fatty Acid Beta-Oxidation R-HSA-77289,0.30815466167963157,0.8856159171002219,6.271186e-01,1.000000e+00,1.000000e+00,11/27,37.79%,ACBD6;PCCB;HADH;ACOT13;MCEE;PCCA;HADHA;DECR1;MCAT;PCTP;MMUT
prerank,FCERI Mediated MAPK Activation R-HSA-2871796,0.3069917802928058,0.8851291359643968,6.468401e-01,1.000000e+00,1.000000e+00,10/25,33.60%,MAPK9;PLCG1;MAP2K4;SHC1;SPNS1;LCP2;MAP2K7;JUN;MAPK3;MAPK8
prerank,Processing Of Capped Intronless Pre-mRNA R-HSA-75067,0.3049375120668121,0.8841087190819437,6.514215e-01,1.000000e+00,1.000000e+00,7/27,20.24%,CPSF3;CSTF1;NCBP2;NUDT21;LSM10;PCF11;SYMPK
prerank,SUMOylation Of DNA Damage Response And Repair Proteins R-HSA-3108214,-0.19056449617066953,-0.8836088017624799,6.956522e-01,8.175998e-01,1.000000e+00,21/72,17.29%,SMC3;NUP98;TPR;XPC;RAD21;SEH1L;NUP155;PARP1;PHC2;SUMO1;CBX4;BLM;PMEPA1;XRCC4;NUP50;PHC3;SMC1A;PIAS4;SEC13;NSMCE4A;PML
prerank,RAC1 GTPase Cycle R-HSA-9013149,0.24493098332902266,0.8835138087947711,7.061910e-01,1.000000e+00,1.000000e+00,35/113,27.81%,ARHGEF7;NCKAP1L;ARHGAP12;ARHGAP25;CYFIP2;ARHGAP30;ARHGAP10;DHDDS;PIK3CA;PLEKHG3;ARHGAP17;CYBA;PIK3R3;WASF2;ITGB1;REPS1;WIPF2;ARHGAP35;ABR;ALS2;DOCK8;ARHGEF18;ABI1;IQGAP2;GIT2;SH3BP1;ARHGAP1;SRGAP2;DOCK11;ABI2;TMPO;OPHN1;ARHGEF19;GMIP;DOCK5
prerank,Transport Of Inorganic Cations/Anions And Amino Acids/Oligopeptides R-HSA-425393,-0.22274352678231688,-0.8835049228980736,7.483871e-01,8.131663e-01,1.000000e+00,4/41,2.76%,SLC15A4;SLC7A5;SLC1A5;SLC38A1
prerank,Cell Junction Organization R-HSA-446728,0.3000988063176426,0.8834129321739627,6.512195e-01,1.000000e+00,1.000000e+00,5/28,14.58%,F11R;FLNA;CADM1;ITGB1;VASP
prerank,Peptide Hormone Metabolism R-HSA-2980736,0.28873109742676,0.8825146597357999,6.592593e-01,1.000000e+00,1.000000e+00,17/35,40.45%,SPCS1;GZMH;CES1;VAMP2;SEC11C;EXOC2;SPCS3;EXOC6;SLC30A5;SLC30A6;EXOC5;EXOC8;RAB27A;ERO1B;EXOC3;CTNNB1;EXOC7
prerank,Activation Of ATR In Response To Replication Stress R-HSA-176187,0.3107258611821404,0.8818146040412143,6.577017e-01,1.000000e+00,1.000000e+00,5/25,11.40%,RFC2;HUS1;RFC4;MCM5;RAD17
prerank,Neutrophil Degranulation R-HSA-6798695,0.23005285133771117,0.8816960284835352,8.150000e-01,1.000000e+00,1.000000e+00,106/330,29.59%,S100A9;LYZ;S100A8;GALNS;CTSC;NIT2;CAP1;NCKAP1L;SPTAN1;MAPK14;HGSNAT;PSEN1;CEACAM21;TBC1D10C;CDK13;PYGB;STK10;SLC2A3;CD53;KCNAB2;RAB10;ACAA1;TSPAN14;SCAMP1;RAB5B;CEP290;HSPA8;PKM;PTGES2;CYBA;VAT1;PRDX4;VAMP8;TMBIM1;AP2A2;PSMD11;ADAM8;STOM;SERPINB6;PSMD13;GNPDA1;TOLLIP;ADA2;IGF2R;HSPA1A;ARMC8;RAP1B;TOM1;ATP6V1D;ITGAL;ROCK1;TRAPPC1;RAB6A;TNFRSF1B;HEXB;BIN2;DIAPH1;SLCO4C1;GSDMD;SLC44A2;FUCA1;DNAJC13;GHDC;PPIA;CAPN1;RHOA;CXCR2;CAB39;VCP;GNS;PSMC3;IQGAP2;CMTM6;PTPRN2;ACTR1B;LPCAT1;MGAM;LAMP2;OSTF1;TMEM179B;ACTR2;FAF2;UNC13D;XRCC5;ANXA2;DYNC1H1;NBEAL2;NME2;RAP2B;PRCP;CCT2;METTL7A;ADAM10;KPNB1;MANBA;FGL2;GAA;LTA4H;ANO6;PTPRJ;XRCC6;ITGB2;RAB37;HMOX2;CST3;VPS35L
prerank,Diseases Associated With N-glycosylation Of Proteins R-HSA-3781860,0.3371117213928193,0.8792785025570047,6.447876e-01,1.000000e+00,1.000000e+00,4/17,11.69%,ALG6;MAN1B1;ALG3;ALG12
prerank,Complex I Biogenesis R-HSA-6799198,-0.21572176481684746,-0.8765359269913684,7.070707e-01,8.245699e-01,1.000000e+00,14/51,16.36%,NDUFB9;NDUFB11;NDUFA1;NDUFB6;NDUFS8;NDUFS3;NDUFC2;NDUFB1;NDUFS6;NDUFB8;NDUFB7;NDUFA3;NDUFA7;NDUFA13
prerank,C-type Lectin Receptors (CLRs) R-HSA-5621481,0.24740615405452326,0.8763701336033162,7.286325e-01,1.000000e+00,1.000000e+00,23/106,20.96%,PSMD4;PSMA6;ARHGEF7;PSME3;TRAF6;PSMB10;AHCYL1;UBE2V1;PPP3CB;PSMA7;PSMD11;PSMD5;PSMB2;PSMD13;PSMB9;CUL1;UBE2D2;IKBKB;UBA52;PSMB8;UBC;PSMC3;PSMC5
prerank,Regulation Of TP53 Expression And Degradation R-HSA-6806003,-0.23324883055076107,-0.8761857120918656,6.904762e-01,8.207028e-01,1.000000e+00,3/31,2.91%,UBB;PPP2CA;PPP2CB
prerank,MicroRNA (miRNA) Biogenesis R-HSA-203927,-0.23642015428960805,-0.8742806479398306,6.504854e-01,8.202221e-01,1.000000e+00,6/24,11.76%,POLR2G;PRKRA;POLR2L;POLR2J;RAN;POLR2F
prerank,Chondroitin Sulfate/Dermatan Sulfate Metabolism R-HSA-1793185,0.30358922455864334,0.8734694210190266,6.503759e-01,1.000000e+00,1.000000e+00,3/26,6.25%,CHST12;B3GAT1;CHPF2
prerank,Recruitment Of NuMA To Mitotic Centrosomes R-HSA-380320,-0.18692963989705674,-0.8733983206493691,8.352941e-01,8.175934e-01,1.000000e+00,15/73,12.74%,YWHAE;MAPRE1;OFD1;MZT2A;TUBB4B;CSNK1D;DCTN3;PCM1;TUBA4A;HAUS3;PRKCA;CEP152;YWHAG;CEP70;ACTR1A
prerank,RHOBTB1 GTPase Cycle R-HSA-9013422,0.31036126145376436,0.873262276644227,6.403061e-01,1.000000e+00,1.000000e+00,5/22,15.27%,MYO6;DBN1;STK38;CCT7;ROCK1
prerank,Glucagon-like Peptide-1 (GLP1) Regulates Insulin Secretion R-HSA-381676,0.3181530875484721,0.8719033608439017,6.506936e-01,1.000000e+00,1.000000e+00,12/21,37.48%,AKAP5;GNG5;GNG10;GNB2;GNG2;PRKACB;ITPR1;IQGAP1;GNB5;PRKAR2A;RAP1A;ITPR2
prerank,Phosphorylation Of APC/C R-HSA-176412,0.3271458594077967,0.8714759324696892,6.536458e-01,1.000000e+00,1.000000e+00,9/17,35.99%,ANAPC10;CDC16;ANAPC7;UBE2E1;ANAPC1;ANAPC2;CDC23;ANAPC5;UBE2D1
prerank,RHOU GTPase Cycle R-HSA-9013420,0.28149097635318837,0.8701042550953325,6.690647e-01,1.000000e+00,1.000000e+00,7/35,13.42%,HGS;MYO6;ARHGEF7;SPTAN1;ARHGAP30;CLTC;WDR6
prerank,Nef-mediated Downmodulation Of Cell Surface Receptors By Recruitment To Clathrin Adapters R-HSA-164938,-0.2772241643344262,-0.8692815503895396,6.169355e-01,8.223858e-01,1.000000e+00,3/16,5.41%,HLA-A;AP2B1;ATP6V1H
prerank,Sphingolipid Metabolism R-HSA-428157,0.26208001821940047,0.8672006849084466,7.269663e-01,1.000000e+00,1.000000e+00,26/55,40.37%,VAPB;GBA2;SPTLC1;SMPD4;SMPD1;SPHK2;CPTP;CERS2;HEXB;SGPL1;SUMF1;SMPD2;SMPD3;ARSG;SPTLC2;SGMS1;PRKD2;ESYT1;CTSA;UGCG;PRKD3;CERT1;ORMDL3;ORMDL2;SGPP1;OSBP
prerank,SARS-CoV-2-host Interactions R-HSA-9705683,0.23905718353536673,0.8661158472396229,7.395833e-01,1.000000e+00,1.000000e+00,28/133,20.02%,YWHAB;VPS33A;TRIM4;VPS11;TRAF6;UVRAG;UBE2V1;VPS16;PIK3C3;CNBP;POM121C;NUP37;HLA-E;NUP88;TOMM70;TBK1;NUP188;NUP58;STAT1;MAVS;NUP214;G3BP1;SIKE1;IKBKB;IRF3;VPS18;VPS45;TRIM25
prerank,NOD1/2 Signaling Pathway R-HSA-168638,0.3002198913879144,0.865598000131174,6.757090e-01,1.000000e+00,1.000000e+00,8/28,18.25%,TRAF6;MAPK14;UBE2V1;MAPK13;CASP2;IKBKB;MAP2K6;CASP1
prerank,Ion Homeostasis R-HSA-5578775,0.3085151289933282,0.8646894292086921,7.001239e-01,1.000000e+00,1.000000e+00,12/24,31.79%,ATP1A3;ATP2A2;AHCYL1;STIM1;ORAI1;ATP2A3;DMPK;ORAI2;ATP2B4;ATP1B3;SRI;ITPR1
prerank,TNF Signaling R-HSA-75893,-0.21008267950031118,-0.8646602607471692,6.821705e-01,8.277670e-01,1.000000e+00,9/41,11.56%,UBB;BIRC2;CYLD;CFLAR;CHUK;TRAF1;TAX1BP1;USP25;MADD
prerank,RND1 GTPase Cycle R-HSA-9696273,0.30184479117077784,0.8626611284249635,6.641318e-01,1.000000e+00,1.000000e+00,10/23,32.97%,WDR6;ARHGAP35;FAM135A;ANKRD26;STIP1;FRS2;FLOT2;KIDINS220;PIK3R2;EPSTI1
prerank,Signaling By B Cell Receptor (BCR) R-HSA-983705,0.24476169059020386,0.8623890997336929,7.384284e-01,1.000000e+00,1.000000e+00,27/98,24.82%,PSMD4;PSMA6;PSME3;PSMB10;AHCYL1;PPP3CB;STIM1;ORAI1;PSMA7;PSMD11;PSMD5;PSMB2;PSMD13;PSMB9;CUL1;IKBKB;UBA52;PSMB8;CLSTN1;PPIA;UBC;PSMC3;PSMC5;ORAI2;RASGRP1;PSMB3;PIK3AP1
prerank,Oxidative Stress Induced Senescence R-HSA-2559580,-0.1923329769625393,-0.8617172546077909,7.901235e-01,8.296421e-01,1.000000e+00,14/74,12.61%,H3-3B;UBB;H2BC12;H2AX;H2AJ;MAP3K5;PHC2;MINK1;H2AZ1;TFDP2;CBX4;KDM6B;CDKN2D;H2AC20
prerank,Signaling By Erythropoietin R-HSA-9006335,0.30305978601672057,0.8588548437380578,6.611884e-01,1.000000e+00,1.000000e+00,6/23,18.26%,STAT5A;PIK3CA;PLCG1;SHC1;STAT5B;CLSTN1
prerank,Signaling By ERBB4 R-HSA-1236394,-0.2208101266062602,-0.8566416467293075,7.247191e-01,8.361066e-01,1.000000e+00,7/33,12.86%,UBB;PIK3R1;MXD4;ITCH;SPARC;STMN1;ADAP1
prerank,SARS-CoV-2 Activates/Modulates Innate And Adaptive Immune Responses R-HSA-9705671,0.2432548657901324,0.8559229314614725,7.513172e-01,1.000000e+00,1.000000e+00,20/94,17.57%,TRIM4;TRAF6;UBE2V1;PIK3C3;CNBP;POM121C;NUP37;HLA-E;NUP88;TOMM70;TBK1;NUP188;NUP58;STAT1;MAVS;NUP214;G3BP1;SIKE1;IKBKB;IRF3
prerank,Selenoamino Acid Metabolism R-HSA-2408522,-0.23000030216135758,-0.8554771781182641,7.129187e-01,8.339803e-01,1.000000e+00,10/26,18.89%,RSL24D1;LARS1;PAPSS1;EPRS1;SEPHS2;GSR;EEF1E1;TXNRD1;PSTK;FAU
prerank,RHO GTPases Activate ROCKs R-HSA-5627117,0.3298104490627811,0.8537375972383257,6.693548e-01,1.000000e+00,1.000000e+00,6/16,20.13%,PPP1R12B;MYH9;MYL12B;ROCK1;RHOA;VPS72
prerank,IRS-mediated Signaling R-HSA-112399,-0.23870672429067924,-0.8525615661337939,7.272727e-01,8.350768e-01,1.000000e+00,6/22,16.23%,PIK3R1;IRS2;THEM4;PIK3CB;SOS1;PTPN11
prerank,RET Signaling R-HSA-8853659,0.30360298911724787,0.8524724159035446,6.826425e-01,1.000000e+00,1.000000e+00,10/21,30.99%,DOK1;PIK3CA;PLCG1;SHC1;PIK3R3;CLSTN1;PRKACB;FRS2;MAPK7;PIK3R2
prerank,Insulin Processing R-HSA-264876,0.31527608188366235,0.8516800415787695,6.726804e-01,1.000000e+00,1.000000e+00,11/18,40.45%,VAMP2;EXOC2;EXOC6;SLC30A5;SLC30A6;EXOC5;EXOC8;RAB27A;ERO1B;EXOC3;EXOC7
prerank,Signaling By Nuclear Receptors R-HSA-9006931,0.22811468959907705,0.8512327005586698,7.991845e-01,1.000000e+00,1.000000e+00,34/172,17.82%,RUNX1;FKBP5;GTF2F2;RDH11;MOV10;ZNF217;PRKCZ;GTF2A1;RDH5;PDHB;H2BC15;PIK3CA;PDK2;GNG5;PPID;EBAG9;CDKN1B;UHMK1;SHC1;PIK3R3;ZDHHC21;MBD4;STRN;SRF;KDM1A;USF1;GNG10;GNB2;NCOR1;POLR2D;KDM4A;NCOA3;AGO4;FKBP4
prerank,Inflammasomes R-HSA-622312,0.32708748665732224,0.8511486233203684,6.860465e-01,1.000000e+00,1.000000e+00,4/16,18.25%,BCL2L1;TXN2;SUGT1;CASP1
prerank,Assembly Of Pre-Replicative Complex R-HSA-68867,0.24126333606137174,0.8503520330717463,7.803838e-01,1.000000e+00,1.000000e+00,29/95,27.31%,PSMD4;PSMA6;PSME3;PSMB10;ANAPC10;H2BC15;CDC16;MCM5;PSMA7;PSMD11;ANAPC7;PSMD5;PSMB2;PSMD13;UBE2E1;PSMB9;UBA52;PSMB8;UBC;PSMC3;PSMC5;KPNA1;ANAPC1;PSMB3;ORC3;MCM6;KPNB1;PSMC4;ORC5
prerank,Early SARS-CoV-2 Infection Events R-HSA-9772572,0.3206262159219445,0.8492431024385148,6.858238e-01,1.000000e+00,1.000000e+00,5/18,20.57%,UVRAG;PIK3C3;ISCU;CHMP6;VCP
prerank,Cytokine Signaling In Immune System R-HSA-1280215,0.21938943871700664,0.8489103005999811,9.109109e-01,1.000000e+00,1.000000e+00,94/477,18.26%,S100A9;EIF4E3;LRRC14;PSMD4;STAT3;INPPL1;PSMA6;GBP5;PSME3;PTPN4;MAPK9;TRAF6;MAPK14;PSMB10;PPP2R5D;GNL3;SIGIRR;TRIM38;IL10RA;CRK;BCL11B;UBE2V1;NKIRAS2;IFIT3;BCL2L1;POM121C;SOD1;STAT5A;OASL;NUP37;HAVCR2;HSPA8;ARIH1;HLA-E;FASLG;PIK3CA;FLNA;TNFSF12;TNFRSF1A;PLCG1;CDKN1B;IFNG;PTPN1;MAP2K4;PSMA7;NUP88;PSMD11;PDE12;TRIM5;SHC1;PIK3R3;TP53;PSMD5;PSMB2;TBK1;PSMD13;HIF1A;PIAS1;CSK;NUP188;NUP58;STAT1;ITGB1;TOLLIP;IRAK4;IRF9;BCL2L11;STXBP2;UBE2E1;RAP1B;STAT5B;PSMB9;VAMP2;CUL1;NUP214;SP100;EIF4G3;UBE2D2;TNFRSF1B;TNIP2;TRIM35;PTPN18;IFIT5;STAT4;RBX1;IKBKB;IRF3;TNF;UBA52;GSDMD;MAP2K6;PSMB8;CASP1;CLSTN1
prerank,FLT3 Signaling R-HSA-9607240,0.28437269065984017,0.8481807586491714,7.015834e-01,1.000000e+00,1.000000e+00,12/31,28.75%,STAT5A;PIK3CA;CDKN1B;CSK;BCL2L11;STAT5B;UBA52;UBC;AKT3;CBL;PTPRJ;SEPSECS
prerank,Negative Regulators Of DDX58/IFIH1 Signaling R-HSA-936440,0.2805917727968265,0.8480184843300763,7.198124e-01,1.000000e+00,1.000000e+00,11/33,22.75%,TRIM4;TBK1;MAVS;UBE2D2;ATG5;IRF3;UBA52;TRIM25;HERC5;UBC;RIGI
prerank,G-protein Beta:Gamma Signaling R-HSA-397795,-0.2573793172989285,-0.847773647490997,7.023256e-01,8.399254e-01,1.000000e+00,4/20,8.57%,CDC42;PKN1;GNGT2;GNB1
prerank,Sphingolipid De Novo Biosynthesis R-HSA-1660661,0.2835337199514515,0.847259081082766,7.017544e-01,1.000000e+00,1.000000e+00,14/30,40.37%,VAPB;SPTLC1;SPHK2;CERS2;SGPL1;SPTLC2;SGMS1;PRKD2;PRKD3;CERT1;ORMDL3;ORMDL2;SGPP1;OSBP
prerank,DAP12 Signaling R-HSA-2424491,0.2968581679810206,0.847248197873878,6.915297e-01,1.000000e+00,1.000000e+00,6/24,13.36%,HLA-E;PIK3CA;PLCG1;SHC1;KLRK1;SPNS1
prerank,XBP1(S) Activates Chaperone Genes R-HSA-381038,0.2696680690381038,0.8471727122058905,7.146172e-01,1.000000e+00,1.000000e+00,9/40,15.60%,EXTL3;SEC31A;KLHDC3;PREB;SYVN1;SHC1;ATP6V0D1;ACD;YIF1A
prerank,RNA Polymerase III Transcription Termination R-HSA-73980,0.31986322330287803,0.84696863954281,6.828309e-01,1.000000e+00,1.000000e+00,3/18,8.30%,POLR3C;POLR3A;NFIA
prerank,Glutathione Conjugation R-HSA-156590,0.3223832528617486,0.8464283463978979,6.749672e-01,1.000000e+00,1.000000e+00,8/16,34.90%,AKR1A1;GCLC;GSTM4;MGST3;CNDP2;MGST2;GSTM2;GSTO1
prerank,Rev-mediated Nuclear Export Of HIV RNA R-HSA-165054,0.27837177379150935,0.846154552333369,7.094118e-01,1.000000e+00,1.000000e+00,7/34,15.54%,RANGAP1;POM121C;NUP37;NUP88;NUP188;NUP58;NUP214
prerank,Apoptotic Cleavage Of Cellular Proteins R-HSA-111465,-0.22982581520479428,-0.8457203958136653,7.095238e-01,8.391757e-01,1.000000e+00,9/24,21.91%,BIRC2;GSN;STK26;CLSPN;CASP8;ACIN1;STK24;CASP3;VIM
prerank,RND3 GTPase Cycle R-HSA-9696264,0.29658764057774983,0.8448651633170802,6.950000e-01,1.000000e+00,1.000000e+00,7/25,21.98%,PICALM;SCRIB;WDR6;ROCK1;KCTD13;ARHGAP35;ANKRD26
prerank,Formation Of ATP By Chemiosmotic Coupling R-HSA-163210,-0.26280903139458806,-0.8431355312388149,6.877637e-01,8.397897e-01,1.000000e+00,2/16,3.96%,ATP5MC1;ATP5ME
prerank,Cellular Senescence R-HSA-2559583,0.23207711349018795,0.8425930566007169,8.175182e-01,1.000000e+00,1.000000e+00,27/128,18.61%,HIRA;EHMT2;STAT3;MAPK9;MAPK14;MOV10;EP400;ANAPC10;CDK4;H2BC15;TXN2;CDKN2A;CDC16;CDKN1B;MAP2K4;ANAPC7;TP53;ACD;UBE2E1;TINF2;TERF2;AGO4;RING1;UBA52;RAD50;MAP2K6;TNIK
prerank,EPH-Ephrin Signaling R-HSA-2682334,0.2569738355567005,0.8424283649959207,7.142857e-01,1.000000e+00,1.000000e+00,19/53,27.30%,ARHGEF7;PSEN1;CLTC;ARPC3;AP2A2;MYH9;MYL12B;ACTR3;ROCK1;ARPC2;MYL12A;RHOA;VPS72;AP2A1;ACTR2;PSENEN;ADAM10;ACTG1;MYL9
prerank,SUMOylation R-HSA-2990846,0.2303580409354546,0.8409203089900185,8.099174e-01,1.000000e+00,1.000000e+00,25/147,15.68%,TRIM27;MRTFA;PIAS2;MBD1;RANGAP1;HIPK2;MTA1;DDX17;POM121C;CDKN2A;NUP37;CASP8AP2;NUP88;L3MBTL2;NR2C1;TP53;HERC2;PIAS1;NUP188;NUP58;RWDD3;MDC1;SENP2;NUP214;SP100
prerank,Negative Regulation Of MET Activity R-HSA-6807004,0.3131266469544459,0.8408795528393063,6.906566e-01,1.000000e+00,1.000000e+00,9/18,29.92%,HGS;EPS15;PTPN1;SH3GL1;UBA52;UBC;CBL;PTPRJ;LRIG1
prerank,IGF1R Signaling Cascade R-HSA-2428924,-0.22850736543582162,-0.8401870809317257,7.459459e-01,8.368123e-01,1.000000e+00,7/24,16.23%,PIK3R1;IRS2;THEM4;PIK3CB;IGF1R;SOS1;PTPN11
prerank,Signaling By Type 1 Insulin-like Growth Factor 1 Receptor (IGF1R) R-HSA-2404192,-0.22850736543582162,-0.8401870809317257,7.459459e-01,8.368123e-01,1.000000e+00,7/24,16.23%,PIK3R1;IRS2;THEM4;PIK3CB;IGF1R;SOS1;PTPN11
prerank,"Plasma Lipoprotein Assembly, Remodeling, And Clearance R-HSA-174824",-0.2093869930919071,-0.8390756314515545,7.898551e-01,8.343882e-01,1.000000e+00,8/37,13.49%,UBB;NPC2;AP2B1;LSR;SAR1B;PRKCA;APOBR;NR1H2
prerank,IKK Complex Recruitment Mediated By RIP1 R-HSA-937041,0.3167469938119906,0.8388354208716593,7.219388e-01,1.000000e+00,1.000000e+00,7/19,20.53%,TRAF6;UBE2V1;SARM1;UBE2D2;IKBKB;UBA52;UBC
prerank,RHOH GTPase Cycle R-HSA-9013407,0.2780691881905669,0.8354929952730409,7.144578e-01,1.000000e+00,1.000000e+00,8/31,20.57%,DBN1;MTR;STOM;RALGAPA1;CSK;ROCK1;NSFL1C;VCP
prerank,DNA Strand Elongation R-HSA-69190,0.291905355979882,0.8343668799123448,7.289604e-01,1.000000e+00,1.000000e+00,7/24,30.20%,RFC2;RFC4;MCM5;MCM6;POLA2;LRIG1;FEN1
prerank,Muscle Contraction R-HSA-397014,0.250922992305609,0.8343001089822595,7.689732e-01,1.000000e+00,1.000000e+00,15/60,21.88%,CACNA2D2;ATP1A3;ACTA2;ATP2A2;AHCYL1;HIPK2;STIM1;ORAI1;CES1;MYL12B;NPRL2;ATP2A3;MYL12A;DMPK;ORAI2
prerank,Mitotic Spindle Checkpoint R-HSA-69618,0.23870428263095947,0.8336847432367566,7.902023e-01,1.000000e+00,1.000000e+00,16/86,16.12%,TAOK1;RANGAP1;PPP2R5D;KANSL1;ANAPC10;PPP2R5C;MIS12;NUP37;PPP2R5E;CDC16;PPP2R5A;CENPL;ANAPC7;NDE1;UBE2E1;CLIP1
prerank,DNA Damage Bypass R-HSA-73893,0.26559338388632103,0.8331251911187401,7.208766e-01,1.000000e+00,1.000000e+00,10/42,20.57%,RFC2;POLK;RFC4;RBX1;UBA52;USP32;TRIM25;NPLOC4;UBC;VCP
prerank,SARS-CoV Infections R-HSA-9679506,0.2194921067821512,0.8328500295510968,8.728729e-01,1.000000e+00,1.000000e+00,62/263,23.31%,YWHAB;VPS33A;ATP1A3;TRIM4;VPS11;MAN1B1;TRAF6;UVRAG;MTA1;PARP9;SRPK1;UBE2V1;VPS16;PIK3C3;CNBP;ST3GAL2;POM121C;RPN1;PARP6;NUP37;HLA-E;AP2A2;NUP88;TOMM70;GANAB;TBK1;NUP188;NUP58;STAT1;ITGB1;MAVS;ARID4B;KDM1A;ROCK1;NUP214;ISCU;G3BP1;BRD4;SIKE1;RBX1;ST3GAL4;PHF21A;COMT;IKBKB;IRF3;FKBP4;UBA52;ST6GAL1;VPS18;CHMP6;GSK3B;VPS45;TRIM25;UBC;VCP;VPS39;GSK3A;AP2A1;SIGMAR1;RIGI;ZDHHC20;AKT3
prerank,Protein Ubiquitination R-HSA-8852135,0.24448434756189774,0.831939364255719,7.645740e-01,1.000000e+00,1.000000e+00,16/67,20.57%,TMEM129;USP5;LEO1;UBE2J2;PAF1;H2BC15;HLTF;PEX14;UBE2L3;PEX2;UBE2E1;SHPRH;UBE2D2;UBA52;UBC;VCP
prerank,MAPK Targets/ Nuclear Events Mediated By MAP Kinases R-HSA-450282,0.3077271369795986,0.8309465439026062,7.319588e-01,1.000000e+00,1.000000e+00,3/19,4.07%,MAPK9;MAPK14;PPP2R5D
prerank,Diseases Of Glycosylation R-HSA-3781865,0.24873954418867708,0.8304807513616554,7.758433e-01,1.000000e+00,1.000000e+00,16/62,25.84%,ALG6;MAN1B1;ALG3;C1GALT1C1;DHDDS;ALG12;SLC26A2;HEXB;SRD5A3;THBS1;LFNG;B3GLCT;GALT;GALNT3;MOGS;POMGNT1
prerank,DDX58/IFIH1-mediated Induction Of Interferon-Alpha/Beta R-HSA-168928,0.24997853933939412,0.8297336951416379,7.581699e-01,1.000000e+00,1.000000e+00,16/61,20.53%,TRIM4;TRAF6;FADD;NKIRAS2;TOMM70;TBK1;MAVS;UBE2D2;SIKE1;ATG5;IKBKB;IRF3;UBA52;TRIM25;HERC5;UBC
prerank,Phase I - Functionalization Of Compounds R-HSA-211945,0.2767863986106197,0.828271937709824,7.316486e-01,1.000000e+00,1.000000e+00,11/31,37.40%,FDXR;CES2;CES1;CYB5B;FDX2;CYP4V2;NQO2;CYP2R1;CYB5R3;CYP51A1;PTGES3
prerank,Generation Of Second Messenger Molecules R-HSA-202433,0.2838061697601978,0.8277829281172527,7.324291e-01,1.000000e+00,1.000000e+00,5/26,14.58%,CD247;ARHGEF7;PLCG1;SPNS1;VASP
prerank,TP53 Regulates Transcription Of Cell Death Genes R-HSA-5633008,0.2803116320434965,0.8272566505788876,7.288557e-01,1.000000e+00,1.000000e+00,8/29,26.89%,NDRG1;TP53;PRELID1;BBC3;CASP2;CASP1;CRADD;PERP
prerank,Sensory Perception R-HSA-9709957,0.24475915713472352,0.8259180764987846,7.857143e-01,1.000000e+00,1.000000e+00,13/65,16.79%,GNAL;CACNA2D2;LRP10;RDH11;SPTAN1;RDH5;CAMKMT;CAPZB;PLCB2;MYH9;VAMP2;METAP1;EZR
prerank,SLC-mediated Transmembrane Transport R-HSA-425407,0.2310688892868648,0.8256781403386125,7.917548e-01,1.000000e+00,1.000000e+00,42/100,39.88%,RUNX1;SLC1A7;BSG;SLC35B2;SLC2A3;SLC4A2;SLC2A13;SLC17A5;SLC33A1;SLC41A1;SLC50A1;SLC26A2;SLC5A3;SLC39A7;SLCO4C1;SLC44A2;SLC35B3;SLC20A1;SLC39A1;PDZD11;SLC30A5;SLC22A18;SLC12A2;SLC36A1;SLC30A6;SLC16A3;SLC4A7;SLC12A6;SRI;SLC43A1;SLC35A1;SLC20A2;ARL2;SLC5A6;SLC35C1;SLC11A2;SLC29A3;SLC26A11;SLC35B4;AHCYL2;SLC39A3;SLC25A22
prerank,Chromatin Modifying Enzymes R-HSA-3247509,0.2207089599444944,0.8253797922315268,8.646999e-01,1.000000e+00,1.000000e+00,60/207,29.00%,EHMT2;SUPT7L;BRD8;KANSL3;WDR5;KDM5B;MTA1;KANSL1;ASH2L;ENY2;SMARCC2;KDM7A;ELP6;EP400;UTY;PRMT7;CDK4;ATXN7;H2BC15;KDM5C;TRRAP;SMARCA2;KMT5C;KDM2B;MRGBP;MSL1;ATXN7L3;KMT2A;ARID4B;TAF9;KDM1A;NCOR1;PHF21A;TAF5L;KDM4A;KDM5D;KAT8;RUVBL1;NSD2;KMT2D;VPS72;DR1;SETDB2;RUVBL2;HAT1;NSD1;YEATS2;KAT6B;KAT6A;JADE2;CHD3;KDM4B;REST;KAT5;TADA2A;HDAC8;SUPT20H;H2AC11;RBBP4;COPRS
prerank,Toll Like Receptor 3 (TLR3) Cascade R-HSA-168164,0.2369070759326513,0.82480859961087,7.913136e-01,1.000000e+00,1.000000e+00,19/84,18.07%,LRRC14;MAPK9;TRAF6;MAPK14;FADD;PPP2R5D;UBE2V1;NKIRAS2;MAP2K4;TP53;TBK1;SARM1;CUL1;UBE2D2;TNIP2;IKBKB;IRF3;UBA52;MAP2K6
prerank,Unattached Kinetochores Signal Amplification Via A MAD2 Inhibitory Signal R-HSA-141444,0.2435745864860535,0.8245441990556795,7.820372e-01,1.000000e+00,1.000000e+00,10/69,9.66%,TAOK1;RANGAP1;PPP2R5D;KANSL1;PPP2R5C;MIS12;NUP37;PPP2R5E;PPP2R5A;CENPL
prerank,MHC Class II Antigen Presentation R-HSA-2132295,-0.1868174539767485,-0.8237990651446105,9.010989e-01,8.582651e-01,1.000000e+00,21/66,19.35%,HLA-DRB5;CTSS;SEC24C;AP2B1;CAPZA2;DCTN3;ACTR10;DYNLL2;SAR1B;DCTN6;KIF22;ACTR1A;SEC24A;DNM2;SEC13;AP1S2;HLA-DRB1;KIF5B;CANX;CD74;SEC24D
prerank,Listeria Monocytogenes Entry Into Host Cells R-HSA-8876384,0.3165979135996734,0.8233459352921606,7.052632e-01,1.000000e+00,1.000000e+00,6/15,25.99%,HGS;EPS15;SH3GL1;UBA52;UBC;CBL
prerank,SLC Transporter Disorders R-HSA-5619102,0.24966110679956297,0.8225510853566949,7.701794e-01,1.000000e+00,1.000000e+00,23/53,38.43%,BSG;POM121C;NUP37;SLC17A5;NUP88;SLC33A1;NUP188;NUP58;SLC26A2;NUP214;SLC22A18;MAP4K2;SLC12A6;NUP160;SLC35A1;NUP153;SLC20A2;RANBP2;SLC35C1;NUP210;SLC11A2;SLC29A3;NUP54
prerank,Activation Of Gene Expression By SREBF (SREBP) R-HSA-2426168,0.2676891852316469,0.8219947703288767,7.675805e-01,1.000000e+00,1.000000e+00,6/36,13.50%,SREBF2;HELZ2;MVK;FDPS;NCOA6;MBD4
prerank,RHOQ GTPase Cycle R-HSA-9013406,0.2631154846004573,0.8216292913981845,7.633136e-01,1.000000e+00,1.000000e+00,18/40,32.80%,ARHGEF7;GOPC;PLEKHG3;ARHGAP17;FNBP1;STOM;SCRIB;ARL13B;ARHGAP35;GFOD1;GIT2;ARHGAP1;SRGAP2;SLC4A7;OPHN1;WWP2;IQGAP1;CDC42EP3
prerank,ESR-mediated Signaling R-HSA-8939211,0.2244116379547684,0.8211763342903844,8.326446e-01,1.000000e+00,1.000000e+00,28/135,17.82%,RUNX1;FKBP5;GTF2F2;MOV10;ZNF217;PRKCZ;GTF2A1;H2BC15;PIK3CA;GNG5;PPID;EBAG9;CDKN1B;UHMK1;SHC1;PIK3R3;ZDHHC21;MBD4;STRN;SRF;KDM1A;USF1;GNG10;GNB2;POLR2D;NCOA3;AGO4;FKBP4
prerank,Metabolism Of Cofactors R-HSA-8978934,0.3192759461094771,0.8203998806020797,7.247956e-01,1.000000e+00,1.000000e+00,6/15,22.22%,COQ9;COQ6;COQ5;PDSS2;DHFR;COQ7
prerank,SUMO E3 Ligases SUMOylate Target Proteins R-HSA-3108232,0.22423017424317684,0.8186654195371,8.353909e-01,1.000000e+00,1.000000e+00,23/141,15.68%,TRIM27;MRTFA;PIAS2;MBD1;RANGAP1;HIPK2;MTA1;DDX17;POM121C;CDKN2A;NUP37;CASP8AP2;NUP88;L3MBTL2;NR2C1;TP53;HERC2;PIAS1;NUP188;NUP58;MDC1;NUP214;SP100
prerank,Nuclear Envelope Breakdown R-HSA-2980766,0.25549244724590736,0.8178622591125249,7.785388e-01,1.000000e+00,1.000000e+00,19/47,38.43%,NEK9;POM121C;NUP37;NUP88;NUP188;NUP58;NUP214;CNEP1R1;NEK7;TMPO;PRKCB;NUP160;VRK1;NUP153;RANBP2;NUP210;LPIN1;BANF1;NUP54
prerank,Metabolism Of Non-Coding RNA R-HSA-194441,-0.1887645133296721,-0.8172462045761915,8.188976e-01,8.651098e-01,1.000000e+00,10/50,14.10%,NUP98;TPR;WDR77;SEH1L;NUP155;SNRPF;SNRPD2;PHAX;NUP50;SNRPG
prerank,RNA Polymerase I Transcription R-HSA-73864,0.24149744903853254,0.8161559607948422,8.030635e-01,1.000000e+00,1.000000e+00,14/66,20.56%,EHMT2;ERCC6;MTA1;H2BC15;CCNH;TTF1;UBTF;GTF2H3;GTF2H5;CBX3;POLR1H;GTF2H4;ERCC3;CDK7
prerank,RNA Polymerase I Promoter Clearance R-HSA-73854,0.24149744903853254,0.8161559607948422,8.030635e-01,1.000000e+00,1.000000e+00,14/66,20.56%,EHMT2;ERCC6;MTA1;H2BC15;CCNH;TTF1;UBTF;GTF2H3;GTF2H5;CBX3;POLR1H;GTF2H4;ERCC3;CDK7
prerank,FCERI Mediated Ca+2 Mobilization R-HSA-2871809,0.2775307610320589,0.815619661921314,7.356882e-01,1.000000e+00,1.000000e+00,5/26,13.36%,AHCYL1;PPP3CB;PLCG1;SHC1;SPNS1
prerank,Metal Ion SLC Transporters R-HSA-425410,0.305558108704278,0.8151684936035833,7.013333e-01,1.000000e+00,1.000000e+00,5/17,26.35%,SLC41A1;SLC39A7;SLC39A1;SLC30A5;SLC30A6
prerank,Deregulated CDK5 Triggers Neurodegenerative Pathways In Alzheimers Disease Models R-HSA-8862803,0.3154374763711081,0.8142756775951363,7.198444e-01,1.000000e+00,1.000000e+00,7/15,35.77%,FASLG;BCL2L11;CAPN2;CAPN1;CAPNS1;JUN;PRDX1
prerank,Cell Recruitment (Pro-Inflammatory Response) R-HSA-9664424,0.29609804021481195,0.8132379663993518,7.386364e-01,1.000000e+00,1.000000e+00,4/19,18.25%,TXN2;SUGT1;GSDMD;CASP1
prerank,Carboxyterminal Post-Translational Modifications Of Tubulin R-HSA-8955332,-0.23592706984158612,-0.8118977985204255,7.894737e-01,8.697552e-01,1.000000e+00,20/20,76.46%,TUBB4B;TUBA1B;AGBL5;SVBP;TUBB2A;VASH1;TUBB;TTLL3;AGBL2;TPGS1;AGTPBP1;TUBA1C;TUBB4A;TTL;TTLL4;TTLL12;NICN1;TTLL1;TPGS2;TUBA1A
prerank,IRE1alpha Activates Chaperones R-HSA-381070,0.2564827754094615,0.8118035050728146,7.725674e-01,1.000000e+00,1.000000e+00,9/42,15.60%,EXTL3;SEC31A;KLHDC3;PREB;SYVN1;SHC1;ATP6V0D1;ACD;YIF1A
prerank,Aquaporin-mediated Transport R-HSA-445717,0.29654108420592507,0.8117963307238063,7.403101e-01,1.000000e+00,1.000000e+00,7/20,25.71%,RAB11FIP2;GNG5;GNG10;GNB2;RAB11A;GNG2;PRKACB
prerank,PI3K Cascade R-HSA-109704,-0.24240224746409308,-0.8097592719895519,7.703349e-01,8.687681e-01,1.000000e+00,3/19,6.05%,PIK3R1;IRS2;THEM4
prerank,Base Excision Repair R-HSA-73884,-0.18637164688282679,-0.809653542726597,9.052632e-01,8.645310e-01,1.000000e+00,8/57,9.73%,H2BC12;H2AX;H2AJ;TERF1;PARP1;APEX1;H2AZ1;TERF2IP
prerank,VEGFR2 Mediated Vascular Permeability R-HSA-5218920,-0.22959050958487845,-0.8086766708752642,7.614213e-01,8.620813e-01,1.000000e+00,4/20,12.87%,PKN1;THEM4;VAV3;AKT1
prerank,Toll Like Receptor 9 (TLR9) Cascade R-HSA-168138,0.2352526623463478,0.8085120271072619,8.114224e-01,1.000000e+00,1.000000e+00,42/81,40.99%,LRRC14;MAPK9;TRAF6;MAPK14;PPP2R5D;UBE2V1;NKIRAS2;PIK3C3;EEA1;MAP2K4;TP53;IRAK4;CUL1;TNIP2;IKBKB;UBA52;MAP2K6;UBC;MEF2A;RBSN;IKBIP;MAP2K7;IRF7;MAPK7;TANK;JUN;MAPK3;NLRC5;MAPK8;N4BP1;TAB3;PELI2;PPP2R1A;NDUFA2;ECSIT;PIK3R4;MAP3K7;VRK3;CREB1;NOD1;USP14;MAPKAPK2
prerank,L1CAM Interactions R-HSA-373760,0.2618743495281297,0.8066441278822305,7.637232e-01,1.000000e+00,1.000000e+00,17/38,34.49%,SPTAN1;HSPA8;CLTC;AP2A2;ITGB1;EZR;CSNK2A2;AP2A1;NUMB;RDX;DPYSL2;AP2S1;LLGL1;FGFR1;MAPK3;RANBP9;ITGAV
prerank,"PI5P, PP2A And IER3 Regulate PI3K/AKT Signaling R-HSA-6811558",0.2429098478135842,0.8046144234215074,7.833523e-01,1.000000e+00,1.000000e+00,14/54,19.31%,PDGFRB;TRAF6;PPP2R5D;ERBB2;PPP2R5C;PPP2R5E;PIK3CA;PPP2R5A;PIK3R3;IRAK4;STRN;NRG2;CLSTN1;PIP4K2B
prerank,TNFR1-induced NFkappaB Signaling Pathway R-HSA-5357956,-0.22228987870266131,-0.80430544642525,8.020305e-01,8.646274e-01,1.000000e+00,8/25,18.46%,BIRC2;CYLD;CHUK;TRAF1;USP25;BIRC3;RACK1;TNFAIP3
prerank,Vasopressin Regulates Renal Water Homeostasis Via Aquaporins R-HSA-432040,0.29662927730025107,0.8026624672886147,7.529259e-01,1.000000e+00,1.000000e+00,7/19,25.71%,RAB11FIP2;GNG5;GNG10;GNB2;RAB11A;GNG2;PRKACB
prerank,Constitutive Signaling By AKT1 E17K In Cancer R-HSA-5674400,0.28105299812921386,0.8026153562761672,7.613065e-01,1.000000e+00,1.000000e+00,6/23,23.77%,TSC2;CDKN1B;GSK3B;GSK3A;AKT3;MTOR
prerank,Cristae Formation R-HSA-8949613,0.2678491826007659,0.8015476105560672,7.658537e-01,1.000000e+00,1.000000e+00,7/29,21.89%,MICOS10;ATP5PO;DNAJC11;MICOS13;SAMM50;DMAC2L;ATP5MC3
prerank,MyD88-independent TLR4 Cascade R-HSA-166166,0.2309215344411136,0.801136110466307,8.342189e-01,1.000000e+00,1.000000e+00,19/85,18.07%,LRRC14;MAPK9;TRAF6;MAPK14;FADD;PPP2R5D;UBE2V1;NKIRAS2;MAP2K4;TP53;TBK1;SARM1;CUL1;UBE2D2;TNIP2;IKBKB;IRF3;UBA52;MAP2K6
prerank,RORA Activates Gene Expression R-HSA-1368082,0.305398718719353,0.7980668562386976,7.440318e-01,1.000000e+00,1.000000e+00,3/16,13.50%,HELZ2;NCOA6;MBD4
prerank,Synthesis Of Active Ubiquitin: Roles Of E1 And E2 Enzymes R-HSA-8866652,0.27131977105625354,0.7976965335684404,7.478152e-01,1.000000e+00,1.000000e+00,9/28,26.55%,USP5;UBE2L3;UBE2E1;UBE2D2;UBA52;UBC;OTULIN;UBE2E3;UBE2H
prerank,Signaling By NOTCH1 R-HSA-1980143,0.24286869194096625,0.7972019279234932,8.214689e-01,1.000000e+00,1.000000e+00,19/56,27.42%,MAML1;PSEN1;HDAC6;HDAC5;ARRB1;HIF1A;CUL1;NCOR1;RBX1;UBA52;UBC;NUMB;TLE3;TLE1;HDAC4;PSENEN;ADAM10;ADAM17;HDAC8
prerank,PCNA-Dependent Long Patch Base Excision Repair R-HSA-5651801,0.2946331341510191,0.7953585235864141,7.652934e-01,1.000000e+00,1.000000e+00,10/18,48.90%,RFC2;RFC4;LRIG1;FEN1;POLG2;POLE4;POLE3;POLD4;POLD2;POLR1A
prerank,Activated NOTCH1 Transmits Signal To Nucleus R-HSA-2122948,0.29528474955307166,0.7939896173774345,7.554698e-01,1.000000e+00,1.000000e+00,8/20,27.24%,PSEN1;ARRB1;UBA52;UBC;NUMB;PSENEN;ADAM10;ADAM17
prerank,HCMV Late Events R-HSA-9610379,0.23378032583051733,0.7938977494048713,8.327833e-01,1.000000e+00,1.000000e+00,29/73,39.30%,TRMU;UBAP1;H2BC15;POM121C;TXN2;TARBP1;NUP37;NUP88;VPS37A;NUP188;NUP58;NUP214;CHMP6;CHMP1A;H2AC11;H2BC21;NUP160;RRM1;MVB12A;NUP153;VPS4A;RANBP2;H2AC25;NUP210;VPS28;H2BC9;NUP54;SNF8;H2AC4
prerank,SUMOylation Of Intracellular Receptors R-HSA-4090294,0.29265410839445694,0.793879214256485,7.743590e-01,1.000000e+00,1.000000e+00,9/20,39.43%,PIAS2;NR2C1;PIAS1;HDAC4;PPARA;UBE2I;THRA;RORA;SUMO2
prerank,Citric Acid (TCA) Cycle And Respiratory Electron Transport R-HSA-1428517,0.2154646346322707,0.7935686296380966,8.683128e-01,1.000000e+00,1.000000e+00,31/147,21.89%,NNT;ACAD9;PDPR;OGDH;CYCS;NDUFAF5;ATP5PO;BSG;UQCRH;PDHB;NDUFS7;MPC1;PDK2;D2HGDH;IDH3A;NDUFAF1;NDUFAF7;NDUFAF6;TIMMDC1;NDUFB3;LRPPRC;COX4I1;UQCRB;TRAP1;NDUFS2;ADHFE1;COX14;DMAC2L;UQCRC1;NDUFA11;ATP5MC3
prerank,SUMOylation Of Chromatin Organization Proteins R-HSA-4551638,0.244748837046059,0.7933573542518064,8.166479e-01,1.000000e+00,1.000000e+00,10/50,17.64%,PIAS2;POM121C;NUP37;NUP88;L3MBTL2;PIAS1;NUP188;NUP58;NUP214;RING1
prerank,Conversion From APC/C:Cdc20 To APC/C:Cdh1 In Late Anaphase R-HSA-176407,0.2889524076025469,0.7902032531246347,7.592830e-01,1.000000e+00,1.000000e+00,9/19,35.99%,ANAPC10;CDC16;ANAPC7;UBE2E1;ANAPC1;ANAPC2;CDC23;ANAPC5;UBE2D1
prerank,Cyclin D Associated Events In G1 R-HSA-69231,0.2583405177966549,0.7893630189190253,7.987952e-01,1.000000e+00,1.000000e+00,11/35,20.56%,CDK4;CDKN2A;CCND2;CDKN1B;CCNH;CCND3;CUL1;UBA52;PPP2R2A;UBC;CDK7
prerank,DAP12 Interactions R-HSA-2172127,0.2714548936636322,0.7892263925057151,7.959950e-01,1.000000e+00,1.000000e+00,6/27,13.36%,HLA-E;PIK3CA;PLCG1;SHC1;KLRK1;SPNS1
prerank,Cholesterol Biosynthesis R-HSA-191273,0.27816730925124566,0.7884534608237249,7.945545e-01,1.000000e+00,1.000000e+00,4/24,14.13%,SREBF2;MVK;FDPS;ARV1
prerank,Visual Phototransduction R-HSA-2187338,0.266834998678027,0.7881729617726909,7.785888e-01,1.000000e+00,1.000000e+00,4/28,6.83%,LRP10;RDH11;RDH5;CAMKMT
prerank,PI3K/AKT Signaling In Cancer R-HSA-2219528,0.2362897724267394,0.7881302351141052,8.179775e-01,1.000000e+00,1.000000e+00,18/55,31.65%,PDGFRB;ERBB2;TSC2;PIK3CA;CDKN1B;PIK3R3;STRN;NRG2;CLSTN1;GSK3B;GSK3A;AKT3;MTOR;PIK3AP1;FRS2;RAC2;PIK3R2;FGFR1
prerank,Downregulation Of SMAD2/3:SMAD4 Transcriptional Activity R-HSA-2173795,0.2694712788223877,0.7849444985251189,7.815126e-01,1.000000e+00,1.000000e+00,8/27,20.53%,SMURF2;SMAD4;RNF111;PPM1A;STAT1;NCOR1;UBA52;UBC
prerank,Activation Of BH3-only Proteins R-HSA-114452,0.26824764803101175,0.7843399428408326,7.911548e-01,1.000000e+00,1.000000e+00,5/26,15.83%,YWHAB;PPP3CC;TP53;BCL2L11;BBC3
prerank,Butyrate Response Factor 1 Binds And Destabilizes mRNA R-HSA-450385,0.2961588195715583,0.7834522171772121,7.810881e-01,1.000000e+00,1.000000e+00,2/17,6.01%,YWHAB;ZFP36L1
prerank,"TICAM1, RIP1-mediated IKK Complex Recruitment R-HSA-168927",0.29809086768230164,0.7832489565863548,7.855297e-01,1.000000e+00,1.000000e+00,6/18,20.53%,TRAF6;UBE2V1;UBE2D2;IKBKB;UBA52;UBC
prerank,Oncogene Induced Senescence R-HSA-2559585,0.26561408006821285,0.7823519462835994,7.804878e-01,1.000000e+00,1.000000e+00,11/27,33.75%,MOV10;CDK4;CDKN2A;TP53;AGO4;UBA52;UBC;AGO1;MAPK3;RB1;AGO3
prerank,Signaling By SCF-KIT R-HSA-1433557,0.26609808366950183,0.7816876295977455,8.077859e-01,1.000000e+00,1.000000e+00,6/29,15.11%,STAT3;STAT5A;PIK3CA;PIK3R3;STAT1;STAT5B
prerank,Recruitment And ATM-mediated Phosphorylation Of Repair And Signal Proteins At DNA Double Strand Breaks R-HSA-5693565,0.24249687636242204,0.7801105782808034,8.163743e-01,1.000000e+00,1.000000e+00,22/44,37.93%,RNF8;H2BC15;TP53;HERC2;BAZ1B;MDC1;BRCC3;KDM4A;UBA52;RAD50;NSD2;UBC;KDM4B;KAT5;PPP5C;H2BC21;UBE2V2;UBE2I;MAPK8;RNF168;H2BC9;APBB1
prerank,Opioid Signaling R-HSA-111885,0.23964469032287045,0.7794446728556178,8.279817e-01,1.000000e+00,1.000000e+00,11/52,16.94%,GNAL;PPP3CC;AHCYL1;PPP2R5D;PPP3CB;GNG5;PLCB2;PPP1CA;GNG10;GNB2;PDE4A
prerank,Synthesis Of Glycosylphosphatidylinositol (GPI) R-HSA-162710,0.2986960117369408,0.7778332050035874,7.817938e-01,1.000000e+00,1.000000e+00,13/16,53.72%,PIGF;PIGV;PIGN;DPM2;PIGB;PIGQ;PIGC;PIGH;PIGX;PIGM;PIGG;PIGL;PIGA
prerank,Semaphorin Interactions R-HSA-373755,0.24763038604585266,0.7769802133219469,8.244365e-01,1.000000e+00,1.000000e+00,11/40,20.13%,ARHGEF7;ERBB2;MYH9;MYL12B;ITGB1;ROCK1;ARHGAP35;PLXND1;RHOA;GSK3B;VPS72
prerank,G Alpha (S) Signaling Events R-HSA-418555,0.2438455392189444,0.7734599360921051,8.004695e-01,1.000000e+00,1.000000e+00,15/44,26.82%,GRK5;PTGER2;GNG5;PDE3B;ARRB1;SHC1;ITGB1;GNG10;GNB2;PDE4A;ADRB2;GNAI2;GNG2;PRKACB;MC1R
prerank,N-glycan Antennae Elongation In medial/trans-Golgi R-HSA-975576,-0.23780472493315935,-0.7720226870462513,7.787234e-01,9.086572e-01,1.000000e+00,4/16,12.32%,B4GALT1;B4GALT4;MAN2A1;MGAT4A
prerank,Interferon Signaling R-HSA-913531,0.21067706366502437,0.7717181658758817,8.919470e-01,1.000000e+00,1.000000e+00,45/157,27.09%,EIF4E3;GBP5;GNL3;TRIM38;BCL11B;IFIT3;POM121C;OASL;NUP37;ARIH1;HLA-E;FLNA;PLCG1;IFNG;PTPN1;NUP88;PDE12;TRIM5;PIAS1;NUP188;NUP58;STAT1;IRF9;UBE2E1;NUP214;SP100;EIF4G3;TRIM35;IFIT5;IRF3;UBA52;PSMB8;TRIM25;HERC5;UBC;GBP1;RIGI;KPNA1;TRIM22;TRIM21;IRF2;IFITM1;KPNB1;IRF7;KPNA5
prerank,Constitutive Signaling By Aberrant PI3K In Cancer R-HSA-2219530,0.2552190660799035,0.7702324837666769,8.121951e-01,1.000000e+00,1.000000e+00,12/31,31.65%,PDGFRB;ERBB2;PIK3CA;PIK3R3;STRN;NRG2;CLSTN1;PIK3AP1;FRS2;RAC2;PIK3R2;FGFR1
prerank,Inactivation Of APC/C Via Direct Inhibition Of APC/C Complex R-HSA-141430,0.28204599186137846,0.7681182289635485,7.877238e-01,1.000000e+00,1.000000e+00,9/19,35.99%,ANAPC10;CDC16;ANAPC7;UBE2E1;ANAPC1;ANAPC2;CDC23;ANAPC5;UBE2D1
prerank,GPER1 Signaling R-HSA-9634597,0.27440833367352213,0.7675276005281998,7.880711e-01,1.000000e+00,1.000000e+00,8/22,25.71%,GNG5;SHC1;ITGB1;GNG10;GNB2;GNAI2;GNG2;PRKACB
prerank,Regulation Of IGF Transport And Uptake By IGFBPs R-HSA-381426,0.24301731861152187,0.7666604275157689,8.208092e-01,1.000000e+00,1.000000e+00,7/43,18.17%,PRSS23;GOLM1;MBTPS1;GZMH;MEN1;PNPLA2;RCN1
prerank,Circadian Clock R-HSA-400253,0.23337283006634152,0.7661915054628213,8.413948e-01,1.000000e+00,1.000000e+00,15/54,23.76%,HELZ2;NCOA6;NFIL3;RBM4;PPP1CA;HIF1A;MBD4;CUL1;NCOR1;SIRT1;UBA52;UBC;CRTC3;CRTC2;CRY1
prerank,DNA Replication R-HSA-69306,0.21198149756844137,0.7661223526679913,8.906250e-01,1.000000e+00,1.000000e+00,34/124,27.34%,PSMD4;PSMA6;PSME3;RFC2;PSMB10;ANAPC10;H2BC15;CDC16;RFC4;MCM5;PSMA7;PSMD11;ANAPC7;PSMD5;PSMB2;PSMD13;UBE2E1;PSMB9;CUL1;RBX1;UBA52;PSMB8;UBC;PSMC3;PSMC5;KPNA1;ANAPC1;PSMB3;ORC3;MCM6;KPNB1;PSMC4;ORC5;POLA2
prerank,APC/C:Cdc20 Mediated Degradation Of Cyclin B R-HSA-174048,0.27879326741155064,0.765767588457164,7.969543e-01,1.000000e+00,1.000000e+00,11/20,35.99%,ANAPC10;CDC16;ANAPC7;UBE2E1;UBA52;UBC;ANAPC1;ANAPC2;CDC23;ANAPC5;UBE2D1
prerank,ZBP1(DAI) Mediated Induction Of Type I IFNs R-HSA-1606322,0.28788411823173493,0.7636533748997003,8.062419e-01,1.000000e+00,1.000000e+00,5/18,17.57%,NKIRAS2;TBK1;DHX9;IKBKB;IRF3
prerank,Prefoldin Mediated Transfer Of Substrate To CCT/TriC R-HSA-389957,-0.22668268940582575,-0.7630489421061721,7.897436e-01,9.163521e-01,1.000000e+00,5/21,11.82%,TUBB4B;TUBA4A;PFDN1;VBP1;PFDN2
prerank,Diseases Of Carbohydrate Metabolism R-HSA-5663084,0.2781508769192572,0.7611041722558958,8.017677e-01,1.000000e+00,1.000000e+00,9/21,33.87%,GALNS;HGSNAT;UBA52;UBC;GNS;GAA;DCXR;GYS1;NAGLU
prerank,"FOXO-mediated Transcription Of Oxidative Stress, Metabolic And Neuronal Genes R-HSA-9615017",-0.22960112456531837,-0.7605535517630775,8.744589e-01,9.149469e-01,1.000000e+00,4/17,15.63%,FBXO32;FOXO4;PLXNA4;SIN3A
prerank,Cytochrome P450 - Arranged By Substrate Type R-HSA-211897,0.2824658228973745,0.7573602537297872,7.951031e-01,1.000000e+00,1.000000e+00,4/18,28.38%,FDXR;FDX2;CYP4V2;CYP2R1
prerank,Metabolism Of Carbohydrates R-HSA-71387,0.20339595154942391,0.7573182153797489,9.256619e-01,1.000000e+00,1.000000e+00,63/177,34.55%,PCNX4;CHST12;MAN2B2;SLC25A1;UBL4A;B3GAT1;PPP2R5D;PYGB;SLC35B2;CRYL1;CHPF2;ST3GAL2;POM121C;PFKP;TPI1;NUP37;PKM;FUT11;NUP88;AKR1A1;NUP188;NUP58;SLC26A2;GNPDA1;HOOK2;MDH1;NUP214;HEXB;HS2ST1;ST3GAL4;UBA52;B4GALT3;SLC35B3;CHORDC1;UBC;GNS;GALT;SLC25A13;ABCC5;SLC25A11;PRKACB;MAP4K2;XYLT2;HS3ST3B1;SLC37A1;MANBA;GAA;GLYCTK;UGP2;ENO2;DCXR;ALDOC;GYS1;NUP160;ST3GAL3;NUP153;PGK1;RANBP2;NAGLU;PFKL;TKFC;FUT10;PHKG2
prerank,Influenza Viral RNA Transcription And Replication R-HSA-168273,0.23002754002535497,0.7564998636112478,8.651059e-01,1.000000e+00,1.000000e+00,12/55,19.40%,GTF2F2;GNL3;BLOC1S6;POM121C;NUP37;NUP88;NUP188;NUP58;NUP214;POLR2D;UBA52;POLR2C
prerank,RMTs Methylate Histone Arginines R-HSA-3214858,0.24196213954954365,0.7561227661584713,8.452521e-01,1.000000e+00,1.000000e+00,5/41,9.09%,WDR5;SMARCC2;PRMT7;CDK4;SMARCA2
prerank,Interleukin-12 Signaling R-HSA-9020591,0.24305912777443794,0.7548594853383045,8.521537e-01,1.000000e+00,1.000000e+00,10/36,24.60%,S100A9;SOD1;IFNG;RAP1B;STAT4;PPIA;VPS72;HNRNPDL;HNRNPF;ANXA2
prerank,Regulation Of Signaling By CBL R-HSA-912631,0.28695607698331876,0.7545679356947866,8.186597e-01,1.000000e+00,1.000000e+00,4/16,18.26%,CRK;PIK3CA;PIK3R3;CLSTN1
prerank,Glycogen Metabolism R-HSA-8982491,0.2905677769971405,0.7536272580244857,8.002577e-01,1.000000e+00,1.000000e+00,12/16,43.88%,PYGB;UBA52;UBC;GAA;UGP2;GYS1;PHKG2;PHKG1;GYG1;PHKB;PHKA2;AGL
prerank,DNA Double Strand Break Response R-HSA-5693606,0.23327169970762768,0.7532636277587561,8.513357e-01,1.000000e+00,1.000000e+00,22/45,37.93%,RNF8;H2BC15;TP53;HERC2;BAZ1B;MDC1;BRCC3;KDM4A;UBA52;RAD50;NSD2;UBC;KDM4B;KAT5;PPP5C;H2BC21;UBE2V2;UBE2I;MAPK8;RNF168;H2BC9;APBB1
prerank,NS1 Mediated Effects On Host Pathways R-HSA-168276,0.24016005226285955,0.7522531541861049,8.484848e-01,1.000000e+00,1.000000e+00,7/40,15.54%,GNL3;POM121C;NUP37;NUP88;NUP188;NUP58;NUP214
prerank,Defective TPR May Confer Susceptibility Towards Thyroid Papillary Carcinoma (TPC) R-HSA-5619107,0.24992966693796698,0.7486442464971613,8.464286e-01,1.000000e+00,1.000000e+00,6/31,15.54%,POM121C;NUP37;NUP88;NUP188;NUP58;NUP214
prerank,Interactions Of Rev With Host Cellular Proteins R-HSA-177243,0.2443554520686248,0.7485337528412285,8.478774e-01,1.000000e+00,1.000000e+00,7/36,15.54%,RANGAP1;POM121C;NUP37;NUP88;NUP188;NUP58;NUP214
prerank,NR1H2 And NR1H3-mediated Signaling R-HSA-9024446,0.24772593861253478,0.7483489737809628,8.438617e-01,1.000000e+00,1.000000e+00,7/31,25.09%,MOV10;KDM1A;NCOR1;KDM4A;AGO4;RXRB;AGO1
prerank,Regulation Of PTEN Gene Transcription R-HSA-8943724,0.23074832765803366,0.7466287174233729,8.695652e-01,1.000000e+00,1.000000e+00,18/51,34.32%,RRAGC;MTA1;HDAC5;TP53;SLC38A9;KDM1A;RING1;RPTOR;RRAGB;MTOR;CHD3;PHC1;REST;RBBP4;JUN;MAPK3;LAMTOR2;EED
prerank,Thrombin Signaling Thru Proteinase Activated Receptors (PARs) R-HSA-456926,0.2789506628507663,0.7459445833246415,8.236878e-01,1.000000e+00,1.000000e+00,6/17,23.33%,GNG5;ARRB1;GNG10;GNB2;F2R;GNG2
prerank,PLC Beta Mediated Events R-HSA-112043,-0.20703659485729634,-0.7454758032524194,8.989899e-01,9.287824e-01,1.000000e+00,8/26,19.25%,GNAQ;GRK2;ITPR3;PRKCA;PRKAR2B;KPNA2;ADCY9;PRKX
prerank,Post NMDA Receptor Activation Events R-HSA-438064,0.24638005829023163,0.7452940574956722,8.416565e-01,1.000000e+00,1.000000e+00,2/30,3.82%,ARHGEF7;PRKAB2
prerank,Mitotic Anaphase R-HSA-68882,0.20070767022641847,0.7450360023096703,9.532995e-01,1.000000e+00,1.000000e+00,43/187,24.94%,PSMD4;PSMA6;PSME3;PSMB10;TAOK1;RANGAP1;PPP2R5D;KANSL1;ANAPC10;PPP2R5C;MIS12;NUP37;PPP2R5E;CDC16;PPP2R5A;CENPL;PSMA7;PSMD11;ANAPC7;PSMD5;PSMB2;NDE1;PSMD13;NUP188;NUP58;UBE2E1;PSMB9;CLIP1;UBA52;PSMB8;PPP2R2A;CHMP6;UBC;PSMC3;KIF2A;PSMC5;RCC2;ZWILCH;TUBA1A;ANAPC1;PSMB3;DYNC1H1;CC2D1B
prerank,HCMV Infection R-HSA-9609646,0.21039093655917906,0.7411322036157467,8.936170e-01,1.000000e+00,1.000000e+00,39/98,40.07%,TRMU;UBAP1;H2BC15;POM121C;TXN2;TARBP1;NUP37;NUP88;VPS37A;NUP188;NUP58;ITGB1;NUP214;NCOR1;CHMP6;CHMP1A;DYNC1H1;CBX1;H2AC11;RBBP4;H2BC21;NUP160;DAXX;RRM1;GPS2;MVB12A;NUP153;VPS4A;RANBP2;EED;H2AC25;NUP210;VPS28;H2BC9;DYNC1LI2;NUP54;SNF8;H2AC4;CREB1
prerank,DNA Replication Pre-Initiation R-HSA-69002,0.20751025676114984,0.7396925425305049,9.154334e-01,1.000000e+00,1.000000e+00,30/108,27.34%,PSMD4;PSMA6;PSME3;PSMB10;ANAPC10;H2BC15;CDC16;MCM5;PSMA7;PSMD11;ANAPC7;PSMD5;PSMB2;PSMD13;UBE2E1;PSMB9;UBA52;PSMB8;UBC;PSMC3;PSMC5;KPNA1;ANAPC1;PSMB3;ORC3;MCM6;KPNB1;PSMC4;ORC5;POLA2
prerank,Senescence-Associated Secretory Phenotype (SASP) R-HSA-2559582,0.22131998587819332,0.7385300362474633,8.826816e-01,1.000000e+00,1.000000e+00,9/60,11.25%,EHMT2;STAT3;ANAPC10;CDK4;H2BC15;CDKN2A;CDC16;CDKN1B;ANAPC7
prerank,Formation Of Tubulin Folding Intermediates By CCT/TriC R-HSA-389960,0.2862591045568985,0.7370909758158635,8.320413e-01,1.000000e+00,1.000000e+00,5/16,25.61%,CCT7;CCT3;CCT5;TUBA1A;CCT2
prerank,Downregulation Of TGF-beta Receptor Signaling R-HSA-2173788,0.2644868397826229,0.7353851836354456,8.312343e-01,1.000000e+00,1.000000e+00,8/22,30.43%,MTMR4;SMURF2;PPP1CA;UBA52;UBC;TGFBR1;SRFBP1;SMAD2
prerank,Mitotic Metaphase And Anaphase R-HSA-2555396,0.19765765432115456,0.7336304475414673,9.613821e-01,1.000000e+00,1.000000e+00,43/188,24.94%,PSMD4;PSMA6;PSME3;PSMB10;TAOK1;RANGAP1;PPP2R5D;KANSL1;ANAPC10;PPP2R5C;MIS12;NUP37;PPP2R5E;CDC16;PPP2R5A;CENPL;PSMA7;PSMD11;ANAPC7;PSMD5;PSMB2;NDE1;PSMD13;NUP188;NUP58;UBE2E1;PSMB9;CLIP1;UBA52;PSMB8;PPP2R2A;CHMP6;UBC;PSMC3;KIF2A;PSMC5;RCC2;ZWILCH;TUBA1A;ANAPC1;PSMB3;DYNC1H1;CC2D1B
prerank,Positive Epigenetic Regulation Of rRNA Expression R-HSA-5250913,0.2198899085892948,0.733360459502422,8.927374e-01,1.000000e+00,1.000000e+00,11/61,19.62%,EHMT2;ERCC6;MTA1;DDX56;H2BC15;TTF1;BAZ1B;DEK;CBX3;POLR1H;GSK3B
prerank,TAK1-dependent IKK And NF-kappa-B Activation R-HSA-445989,0.24036823821522574,0.7316187732276029,8.625866e-01,1.000000e+00,1.000000e+00,8/37,20.53%,LRRC14;TRAF6;UBE2V1;NKIRAS2;TP53;IKBKB;UBA52;UBC
prerank,MyD88 Cascade Initiated On Plasma Membrane R-HSA-975871,0.21367533885823928,0.7297247685328383,8.949079e-01,1.000000e+00,1.000000e+00,15/74,18.07%,LRRC14;MAPK9;TRAF6;MAPK14;PPP2R5D;UBE2V1;NKIRAS2;MAP2K4;TP53;IRAK4;CUL1;TNIP2;IKBKB;UBA52;MAP2K6
prerank,MAP Kinase Activation R-HSA-450294,0.22737244986266067,0.7295353193091347,8.826237e-01,1.000000e+00,1.000000e+00,13/49,21.26%,MAPK9;TRAF6;MAPK14;PPP2R5D;UBE2V1;MAP2K4;CUL1;TNIP2;IKBKB;UBA52;MAP2K6;UBC;MEF2A
prerank,Metalloprotease DUBs R-HSA-5689901,-0.1991827109897102,-0.7293597066028773,8.830409e-01,9.411865e-01,1.000000e+00,4/28,12.61%,UBB;STAM;BABAM1;H2AC20
prerank,Negative Regulation Of PI3K/AKT Network R-HSA-199418,0.21663582996656303,0.7290479765389053,8.898876e-01,1.000000e+00,1.000000e+00,14/60,19.31%,PDGFRB;TRAF6;PPP2R5D;ERBB2;PPP2R5C;PPP2R5E;PIK3CA;PPP2R5A;PIK3R3;IRAK4;STRN;NRG2;CLSTN1;PIP4K2B
prerank,Role Of Nef In HIV-1 Replication And Disease Pathogenesis R-HSA-164952,0.2604415283967291,0.7281096087908955,8.422425e-01,1.000000e+00,1.000000e+00,6/21,21.58%,CD247;AP2A2;AP1B1;PACS1;AP1S1;AP2A1
prerank,HIV Elongation Arrest And Recovery R-HSA-167287,0.23974756358402247,0.7275822953504808,8.429952e-01,1.000000e+00,1.000000e+00,7/32,21.51%,GTF2F2;SUPT4H1;NELFA;CTDP1;POLR2D;POLR2C;CCNK
prerank,"Interleukin-3, Interleukin-5 And GM-CSF Signaling R-HSA-512988",0.235433922170077,0.7274007869817206,8.782816e-01,1.000000e+00,1.000000e+00,8/34,18.26%,INPPL1;CRK;STAT5A;PIK3CA;SHC1;PIK3R3;STAT5B;CLSTN1
prerank,RUNX1 Interacts With Co-Factors Whose Precise Effect On RUNX1 Targets Is Not Known R-HSA-8939243,0.24418678575281333,0.7272091773553135,8.751515e-01,1.000000e+00,1.000000e+00,4/31,9.09%,RUNX1;HIPK2;SMARCC2;SMARCA2
prerank,Mitochondrial Translation R-HSA-5368287,0.20757524354284088,0.7269266270818506,9.184783e-01,9.991924e-01,1.000000e+00,34/87,34.46%,MRPL15;MRPL49;MRPL40;MRPL30;MTFMT;MRPS6;MRPL36;GFM1;MRPL32;MRPL4;MRPL38;MRPS25;MRRF;MRPS16;CHCHD1;MRPL57;MRPL20;MRPL19;MRPL17;MRPL37;MRPL51;MRPL34;MRPS18A;MRPS22;MRPS7;MRPL45;MRPS34;MRPL23;MTIF2;MRPS33;MRPS10;MRPS18B;MRPS24;MRPS35
prerank,Transcriptional Activity Of SMAD2/SMAD3:SMAD4 Heterotrimer R-HSA-2173793,0.2312591502905045,0.7253668849479277,8.909513e-01,9.992616e-01,1.000000e+00,16/44,32.08%,SMURF2;SMAD4;RNF111;MEN1;PPM1A;STAT1;NCOR1;UBA52;UBC;CCNK;E2F4;RBL1;YBX1;SMAD2;MAPK3;CCNC
prerank,SUMOylation Of DNA Replication Proteins R-HSA-4615885,0.23285124737991802,0.72450204923038,8.841608e-01,9.986501e-01,1.000000e+00,7/40,15.54%,RANGAP1;POM121C;NUP37;NUP88;NUP188;NUP58;NUP214
prerank,Unfolded Protein Response (UPR) R-HSA-381119,0.20769878314882445,0.7224272152087995,9.054348e-01,9.993949e-01,1.000000e+00,23/78,29.16%,EXTL3;SEC31A;MBTPS1;ATF6;PARN;KLHDC3;PREB;SYVN1;SHC1;ATP6V0D1;ACD;YIF1A;NFYC;CREB3L2;GSK3A;KHSRP;EIF2AK3;TATDN2;GOSR2;DCTN1;CEBPB;EXOSC6;EXOSC8
prerank,COPI-dependent Golgi-to-ER Retrograde Traffic R-HSA-6811434,0.2221905307675033,0.7222829962603088,8.924122e-01,9.979198e-01,1.000000e+00,8/51,11.54%,KIF21B;NBAS;KIF3A;COPZ2;COPA;PTGES2;KIF3B;KDELR1
prerank,MyD88 Dependent Cascade Initiated On Endosome R-HSA-975155,0.20968476103736983,0.7202833752669145,9.098712e-01,9.969641e-01,1.000000e+00,38/77,40.99%,LRRC14;MAPK9;TRAF6;MAPK14;PPP2R5D;UBE2V1;NKIRAS2;MAP2K4;TP53;IRAK4;CUL1;TNIP2;IKBKB;UBA52;MAP2K6;UBC;MEF2A;IKBIP;MAP2K7;IRF7;MAPK7;TANK;JUN;MAPK3;NLRC5;MAPK8;N4BP1;TAB3;PELI2;PPP2R1A;NDUFA2;ECSIT;MAP3K7;VRK3;CREB1;NOD1;USP14;MAPKAPK2
prerank,Toll Like Receptor 7/8 (TLR7/8) Cascade R-HSA-168181,0.20968476103736983,0.7202833752669145,9.098712e-01,9.969641e-01,1.000000e+00,38/77,40.99%,LRRC14;MAPK9;TRAF6;MAPK14;PPP2R5D;UBE2V1;NKIRAS2;MAP2K4;TP53;IRAK4;CUL1;TNIP2;IKBKB;UBA52;MAP2K6;UBC;MEF2A;IKBIP;MAP2K7;IRF7;MAPK7;TANK;JUN;MAPK3;NLRC5;MAPK8;N4BP1;TAB3;PELI2;PPP2R1A;NDUFA2;ECSIT;MAP3K7;VRK3;CREB1;NOD1;USP14;MAPKAPK2
prerank,ADORA2B Mediated Anti-Inflammatory Cytokine Production R-HSA-9660821,-0.18428010164014666,-0.7187272941166442,9.329268e-01,9.468402e-01,1.000000e+00,10/33,16.93%,GNAI3;GNAS;GNGT2;GNB1;RAMP1;VIPR2;PRKCA;PRKAR2B;ADCY9;PTRH2
prerank,"Cell Cycle, Mitotic R-HSA-69278",0.1867496093618436,0.7185299846724328,9.899699e-01,9.973970e-01,1.000000e+00,79/413,21.05%,LIN37;PSMD4;PSMA6;PPME1;PSME3;NEK9;RFC2;PSMB10;BLZF1;CEP164;PHLDA1;TAOK1;RANGAP1;PPP2R5D;ODF2;KANSL1;ANAPC10;CDK4;TUBGCP6;H2BC15;POM121C;CDKN2A;PPP2R5C;CEP63;MIS12;CCND2;NUP37;ENSA;CEP290;PPP2R5E;PPP1R12B;CDC16;PPP2R5A;CENPL;CDKN1B;RFC4;MCM5;PSMA7;NUP88;PSMD11;ANAPC7;CCNH;PCNT;TP53;PSMD5;PSMB2;NDE1;HAUS4;PSMD13;NUP188;NUP58;CEP135;UBE2E1;NCAPD3;PSMB9;CCND3;CUL1;NUP214;CLIP1;HAUS6;RBX1;TUBGCP2;UBA52;PSMB8;NCAPH2;PPP2R2A;CHMP6;TUBGCP4;GSK3B;DCTN2;CSNK2A2;DHFR;UBC;CDK7;PSMC3;KIF2A;LIN54;PSMC5;RCC2
prerank,Factors Involved In Megakaryocyte Development And Platelet Production R-HSA-983231,0.20751067761406256,0.716231367966279,9.145022e-01,9.983150e-01,1.000000e+00,22/74,27.90%,EHD1;KIF21B;MFN1;RAD51C;AKAP10;KIF3A;CAPZB;KIF3B;MFN2;TP53;KDM1A;PHF21A;VPS45;KIF2A;DOCK8;ITPK1;IRF2;DOCK11;PRKACB;RBSN;DOCK5;KIF13B
prerank,GPVI-mediated Activation Cascade R-HSA-114604,-0.194319674912028,-0.716225450359464,9.362745e-01,9.447552e-01,1.000000e+00,2/26,0.97%,CDC42;PIK3R1
prerank,TRAF6 Mediated Induction Of NFkB And MAP Kinases Upon TLR7/8 Or 9 Activation R-HSA-975138,0.2084460237467072,0.7145347355303481,9.137001e-01,9.986066e-01,1.000000e+00,15/76,18.07%,LRRC14;MAPK9;TRAF6;MAPK14;PPP2R5D;UBE2V1;NKIRAS2;MAP2K4;TP53;IRAK4;CUL1;TNIP2;IKBKB;UBA52;MAP2K6
prerank,RHOBTB GTPase Cycle R-HSA-9706574,0.23219358242911,0.7136982554041641,8.769602e-01,9.979157e-01,1.000000e+00,6/34,18.80%,MYO6;DBN1;STK38;CCT7;ROCK1;MSI2
prerank,Pausing And Recovery Of Tat-mediated HIV Elongation R-HSA-167238,0.23840803164443058,0.7133649927617908,8.667482e-01,9.966620e-01,1.000000e+00,6/30,19.40%,GTF2F2;SUPT4H1;NELFA;CTDP1;POLR2D;POLR2C
prerank,Response Of EIF2AK4 (GCN2) To Amino Acid Deficiency R-HSA-9633012,-0.2116975734659574,-0.7124818875897989,8.771930e-01,9.433485e-01,1.000000e+00,2/17,6.86%,RSL24D1;ATF4
prerank,Asparagine N-linked Glycosylation R-HSA-446203,0.18861585298773242,0.7089416390335166,9.706478e-01,9.996805e-01,1.000000e+00,47/224,20.57%,ALG6;SEC23IP;CTSC;COG4;MAN1B1;SPTAN1;ALG3;COG1;SEC31A;DHDDS;COPZ2;ST3GAL2;TRAPPC6B;RPN1;SEC16A;CMAS;COPA;COG5;PREB;MAN1A1;PTGES2;SYVN1;CAPZB;SLC17A5;AMDHD2;KDELR1;RAD23B;ALG12;ST3GAL5;GMPPA;GANAB;PMM1;MCFD2;COG2;TRAPPC1;SRD5A3;ST3GAL4;COPB2;PPP6R1;UBA52;FUCA1;ST6GAL1;B4GALT3;GMPPB;DCTN2;UBC;VCP
prerank,Signaling By FGFR2 In Disease R-HSA-5655253,0.24363805068714287,0.7074251771100315,8.655257e-01,9.997087e-01,1.000000e+00,6/26,19.40%,GTF2F2;PIK3CA;PLCG1;NCBP2;POLR2D;POLR2C
prerank,Anchoring Of Basal Body To Plasma Membrane R-HSA-5620912,0.20202976062097355,0.7065609212435876,9.368984e-01,9.989803e-01,1.000000e+00,21/82,28.71%,C2CD3;CEP164;TMEM216;ODF2;CEP63;CEP290;PCNT;NDE1;HAUS4;CEP135;HAUS6;TTBK2;DCTN2;MARK4;RAB11A;CEP162;TUBA1A;DYNC1H1;DCTN1;CEP57;PAFAH1B1
prerank,Telomere C-strand (Lagging Strand) Synthesis R-HSA-174417,0.23996090255013464,0.7064189345908157,8.869988e-01,9.975060e-01,1.000000e+00,6/29,17.22%,RFC2;RFC4;CTC1;ACD;TINF2;TERF2
prerank,Sulfur Amino Acid Metabolism R-HSA-1614635,0.2666067805671076,0.7045750935995208,8.658854e-01,9.978501e-01,1.000000e+00,3/17,11.62%,TXN2;ADI1;MTR
prerank,EPHB-mediated Forward Signaling R-HSA-3928662,0.24755874776947207,0.704055424424861,8.594937e-01,9.967373e-01,1.000000e+00,8/24,26.91%,ARPC3;ACTR3;ROCK1;ARPC2;RHOA;VPS72;ACTR2;ACTG1
prerank,CDC42 GTPase Cycle R-HSA-9013148,0.19938193391369707,0.7026643432840423,9.404255e-01,9.965185e-01,1.000000e+00,26/92,27.74%,ARHGEF7;ARHGAP30;ARHGAP10;SHKBP1;PLEKHG3;ARHGAP17;FNBP1;STOM;SCRIB;REPS1;WIPF2;ARHGAP35;ABR;DOCK8;WDR81;IQGAP2;ARFGAP2;GIT2;ARHGAP1;SRGAP2;DOCK11;TMPO;OPHN1;MAP3K11;ARHGEF19;GMIP
prerank,RAC2 GTPase Cycle R-HSA-9013404,0.20778183992922397,0.7017622671236592,9.299221e-01,9.958195e-01,1.000000e+00,21/62,32.74%,VAPB;NCKAP1L;PIK3CA;ARHGAP17;CYBA;PIK3R3;WASF2;ITGB1;SAMM50;ARHGAP35;ABR;ABI1;GIT2;ARHGAP1;ABI2;TMPO;OPHN1;RAC2;PIK3R2;ESYT1;IQGAP1
prerank,Post-translational Protein Phosphorylation R-HSA-8957275,0.22466582247230293,0.7010424525355252,8.943089e-01,9.950116e-01,1.000000e+00,12/41,32.78%,PRSS23;GOLM1;MBTPS1;MEN1;PNPLA2;RCN1;ADAM10;DMTF1;IGFBP7;CST3;APOL1;LMNB2
prerank,Mitochondrial Translation Initiation R-HSA-5368286,0.20180008867379834,0.7007361772603049,9.398249e-01,9.937326e-01,1.000000e+00,32/81,34.46%,MRPL15;MRPL49;MRPL40;MRPL30;MTFMT;MRPS6;MRPL36;MRPL32;MRPL4;MRPL38;MRPS25;MRPS16;CHCHD1;MRPL57;MRPL20;MRPL19;MRPL17;MRPL37;MRPL51;MRPL34;MRPS18A;MRPS22;MRPS7;MRPL45;MRPS34;MRPL23;MTIF2;MRPS33;MRPS10;MRPS18B;MRPS24;MRPS35
prerank,Stimuli-sensing Channels R-HSA-2672351,0.23595623068730442,0.7007047362030301,8.874092e-01,9.921979e-01,1.000000e+00,12/31,37.97%,STOM;WNK1;CLCN7;UBA52;TSC22D3;UBC;MCOLN2;ANO6;SRI;TRPV2;SGK3;ANO10
prerank,Resolution Of Sister Chromatid Cohesion R-HSA-2500257,0.20345165313669364,0.6985900251625775,9.414951e-01,9.926486e-01,1.000000e+00,10/78,9.66%,TAOK1;RANGAP1;PPP2R5D;KANSL1;PPP2R5C;MIS12;NUP37;PPP2R5E;PPP2R5A;CENPL
prerank,RUNX2 Regulates Bone Development R-HSA-8941326,-0.21770458961825934,-0.6959858771514625,8.502024e-01,9.523721e-01,1.000000e+00,2/16,8.23%,RUNX2;GATD3
prerank,APC-Cdc20 Mediated Degradation Of Nek2A R-HSA-179409,0.24658934490457932,0.6950009773853169,8.677379e-01,9.946267e-01,1.000000e+00,11/22,35.99%,ANAPC10;CDC16;ANAPC7;UBE2E1;UBA52;UBC;ANAPC1;ANAPC2;CDC23;ANAPC5;UBE2D1
prerank,Deadenylation-dependent mRNA Decay R-HSA-429914,0.21176659328104963,0.6941410219642078,9.281706e-01,9.938794e-01,1.000000e+00,16/54,29.43%,PATL1;DCP1B;CNOT3;CNOT8;CNOT7;PARN;EIF4B;TUT7;CNOT6;DCP1A;CNOT6L;SKIC2;LSM3;EXOSC6;EXOSC8;EDC3
prerank,Interleukin-17 Signaling R-HSA-448424,0.21471830170409428,0.6934541196599675,9.051429e-01,9.929439e-01,1.000000e+00,13/51,21.26%,MAPK9;TRAF6;MAPK14;PPP2R5D;UBE2V1;MAP2K4;CUL1;TNIP2;IKBKB;UBA52;MAP2K6;UBC;MEF2A
prerank,Vpr-mediated Nuclear Import Of PICs R-HSA-180910,0.22897103608258207,0.6928787897370432,8.917346e-01,9.919719e-01,1.000000e+00,6/33,15.54%,POM121C;NUP37;NUP88;NUP188;NUP58;NUP214
prerank,Activation Of NMDA Receptors And Postsynaptic Events R-HSA-442755,0.222229617269599,0.6892078876767155,9.076739e-01,9.938740e-01,1.000000e+00,2/34,3.82%,ARHGEF7;PRKAB2
prerank,Signaling By FGFR2 IIIa TM R-HSA-8851708,0.26807785558575487,0.6871683927856962,8.738128e-01,9.941015e-01,1.000000e+00,4/16,19.40%,GTF2F2;NCBP2;POLR2D;POLR2C
prerank,NOTCH3 Activation And Transmission Of Signal To Nucleus R-HSA-9013507,0.2656140738869959,0.6859694973680714,8.756477e-01,9.936203e-01,1.000000e+00,7/16,31.67%,PSEN1;UBA52;UBC;PSENEN;ADAM10;YBX1;WWP2
prerank,Constitutive Signaling By NOTCH1 HD+PEST Domain Mutants R-HSA-2894862,0.2163763500962787,0.6851076507131412,9.286536e-01,9.928158e-01,1.000000e+00,14/46,27.42%,MAML1;PSEN1;HDAC6;HDAC5;CUL1;NCOR1;RBX1;UBA52;UBC;HDAC4;PSENEN;ADAM10;ADAM17;HDAC8
prerank,Nuclear Signaling By ERBB4 R-HSA-1251985,0.2559245173767298,0.6822074376481504,8.842653e-01,9.937918e-01,1.000000e+00,6/19,27.24%,PSEN1;STAT5A;NRG2;NCOR1;PSENEN;ADAM17
prerank,NCAM Signaling For Neurite Out-Growth R-HSA-375165,0.24776627914813076,0.6817488530041124,9.016603e-01,9.926406e-01,1.000000e+00,10/21,43.01%,SPTAN1;PTPRA;ST8SIA4;FGFR1;MAPK3;SPTBN2;GRB2;CREB1;PRNP;FYN
prerank,G1/S-Specific Transcription R-HSA-69205,0.2507782005767951,0.6807929468034976,8.877419e-01,9.918956e-01,1.000000e+00,6/19,28.76%,LIN37;DHFR;LIN54;E2F4;RBL1;RBBP4
prerank,FGFR2 Mutant Receptor Activation R-HSA-1839126,0.25902807581280207,0.6790145630866898,8.695652e-01,9.918167e-01,1.000000e+00,4/17,19.40%,GTF2F2;NCBP2;POLR2D;POLR2C
prerank,Glucagon Signaling In Metabolic Regulation R-HSA-163359,0.26434272998079134,0.675588442940015,8.741633e-01,9.931216e-01,1.000000e+00,5/15,25.71%,GNG5;GNG10;GNB2;GNG2;PRKACB
prerank,Recognition Of DNA Damage By PCNA-containing Replication Complex R-HSA-110314,0.23517419515727606,0.6742916205174363,9.024390e-01,9.926998e-01,1.000000e+00,5/25,20.53%,RFC2;RFC4;RBX1;UBA52;UBC
prerank,Influenza Infection R-HSA-168255,0.19752647235693394,0.6736295527824281,9.455338e-01,9.917282e-01,1.000000e+00,14/73,19.40%,GTF2F2;GNL3;BLOC1S6;POM121C;NUP37;CLTC;NUP88;NUP188;NUP58;HSPA1A;NUP214;POLR2D;UBA52;POLR2C
prerank,Interconversion Of Nucleotide Di- And Triphosphates R-HSA-499943,0.23223181325873404,0.673366617182123,9.086420e-01,9.904304e-01,1.000000e+00,7/23,26.81%,NME4;AK2;TXN2;CMPK1;AK5;NME2;AK1
prerank,Drug ADME R-HSA-9748784,0.23527985006584598,0.6719635066624564,9.088700e-01,9.899913e-01,1.000000e+00,10/25,36.07%,BSG;CES2;CES1;ABCC5;CNDP2;NME2;ACY1;GUK1;ABCC1;TPMT
prerank,Transcriptional Regulation By E2F6 R-HSA-8953750,0.22617974440853042,0.6694527812165246,9.146635e-01,9.904425e-01,1.000000e+00,5/29,17.64%,EHMT2;L3MBTL2;UXT;CBX3;RING1
prerank,Impaired BRCA2 Binding To PALB2 R-HSA-9709603,0.2589307785210562,0.6663319664804224,8.792208e-01,9.912420e-01,1.000000e+00,8/15,49.03%,RAD51C;RAD50;KAT5;WRN;BRCA2;TOP3A;ATM;RMI1
prerank,COPI-mediated Anterograde Transport R-HSA-6807878,0.19491640912346875,0.6617395783379915,9.537954e-01,9.932017e-01,1.000000e+00,31/68,39.31%,COG4;SPTAN1;COG1;COPZ2;COPA;COG5;PTGES2;CAPZB;KDELR1;COG2;COPB2;DCTN2;ARFGAP2;COPG1;DYNC1H1;GOSR2;COG3;COG7;GOLGB1;DCTN1;GOSR1;YKT6;COPB1;ARF3;USO1;SPTBN2;COG6;BET1;DYNC1LI2;ARFGAP1;TMEM115
prerank,"BMAL1:CLOCK,NPAS2 Activates Circadian Gene Expression R-HSA-1368108",0.2440391486009794,0.661613082120581,9.145861e-01,9.917854e-01,1.000000e+00,3/19,13.50%,HELZ2;NCOA6;MBD4
prerank,M Phase R-HSA-68886,0.1734183865946703,0.6612004085354872,9.969880e-01,9.905625e-01,1.000000e+00,60/312,21.46%,PSMD4;PSMA6;PSME3;NEK9;PSMB10;BLZF1;CEP164;TAOK1;RANGAP1;PPP2R5D;ODF2;KANSL1;ANAPC10;TUBGCP6;H2BC15;POM121C;PPP2R5C;CEP63;MIS12;NUP37;ENSA;CEP290;PPP2R5E;CDC16;PPP2R5A;CENPL;PSMA7;NUP88;PSMD11;ANAPC7;PCNT;PSMD5;PSMB2;NDE1;HAUS4;PSMD13;NUP188;NUP58;CEP135;UBE2E1;NCAPD3;PSMB9;NUP214;CLIP1;HAUS6;TUBGCP2;UBA52;PSMB8;NCAPH2;PPP2R2A;CHMP6;TUBGCP4;DCTN2;CSNK2A2;UBC;PSMC3;KIF2A;PSMC5;RCC2;CNEP1R1
prerank,"Tristetraprolin (TTP, ZFP36) Binds And Destabilizes mRNA R-HSA-450513",0.24838231010900613,0.6608359449780925,9.182390e-01,9.893037e-01,1.000000e+00,1/17,0.25%,YWHAB
prerank,KSRP (KHSRP) Binds And Destabilizes mRNA R-HSA-450604,0.2504036531169753,0.6593086831836492,9.035667e-01,9.888655e-01,1.000000e+00,7/16,35.87%,MAPK14;PARN;KHSRP;EXOSC6;EXOSC8;EXOSC1;EXOSC9
prerank,Cellular Response To Heat Stress R-HSA-3371556,0.1886511472453676,0.6580660901917371,9.581096e-01,9.881395e-01,1.000000e+00,16/83,20.57%,POM121C;HDAC6;HIKESHI;NUP37;HSPA8;NUP88;NUP188;NUP58;HSPA1A;NUP214;SIRT1;HSPA4;FKBP4;RPTOR;GSK3B;VCP
prerank,SUMOylation Of SUMOylation Proteins R-HSA-4085377,0.21493496271913648,0.6565081361832208,9.307512e-01,9.878378e-01,1.000000e+00,6/34,15.54%,POM121C;NUP37;NUP88;NUP188;NUP58;NUP214
prerank,Regulation Of HSF1-mediated Heat Shock Response R-HSA-3371453,0.19267252393740544,0.6548901330982181,9.592959e-01,9.874528e-01,1.000000e+00,13/69,19.62%,POM121C;HIKESHI;NUP37;HSPA8;NUP88;NUP188;NUP58;HSPA1A;NUP214;SIRT1;HSPA4;FKBP4;GSK3B
prerank,Activation Of HOX Genes During Differentiation R-HSA-5619507,0.19317874920793748,0.6522741443538511,9.569536e-01,9.877640e-01,1.000000e+00,21/67,30.94%,PIAS2;WDR5;ASH2L;H2BC15;NCOA6;PAGR1;HOXB4;NCOR1;POLR2D;NCOA3;KMT2D;POLR2C;ZNF335;CNOT6;HOXB2;RARG;CTCF;RBBP4;H2BC21;YY1;JUN
prerank,Resolution Of D-loop Structures Thru Holliday Junction Intermediates R-HSA-5693568,0.23522672698796143,0.6520009314890243,9.081886e-01,9.864761e-01,1.000000e+00,11/21,49.03%,RAD51C;SPIDR;RAD50;KAT5;MUS81;GEN1;WRN;BRCA2;TOP3A;ATM;RMI1
prerank,Nucleotide Salvage R-HSA-8956321,-0.200796812749004,-0.6499942584246431,9.223744e-01,9.772941e-01,1.000000e+00,17/17,79.96%,APRT;SCO2;DCK;ADA;UPP1;HPRT1;DGUOK;AMPD2;ADAL;PUDP;TK1;UCK2;TK2;UCKL1;ADK;UCK1;GMPR2
prerank,RAB Geranylgeranylation R-HSA-8873719,0.20890594186740669,0.6487421917573264,9.417249e-01,9.871830e-01,1.000000e+00,10/40,25.20%,RAB35;RAB10;PTP4A2;RAB5B;RAB6A;RAB22A;RAB33A;RAB11A;RAB29;RAB9A
prerank,Ca2+ Pathway R-HSA-4086398,0.21018516791263273,0.6470274513214112,9.553467e-01,9.868392e-01,1.000000e+00,10/37,25.09%,MOV10;PPP3CB;GNG5;PLCB2;GNG10;GNB2;AGO4;PDE6B;GNG2;AGO1
prerank,Interactions Of Vpr With Host Cellular Proteins R-HSA-176033,0.2125815358928056,0.6469173240922202,9.443155e-01,9.854195e-01,1.000000e+00,6/35,15.54%,POM121C;NUP37;NUP88;NUP188;NUP58;NUP214
prerank,Nuclear Import Of Rev Protein R-HSA-180746,0.2128951236797389,0.6442289592438678,9.395018e-01,9.856385e-01,1.000000e+00,6/33,15.54%,POM121C;NUP37;NUP88;NUP188;NUP58;NUP214
prerank,Phosphorylation Of CD3 And TCR Zeta Chains R-HSA-202427,0.2503438893719424,0.6381504430113204,9.226594e-01,9.879500e-01,1.000000e+00,1/15,0.20%,CD247
prerank,HSP90 Chaperone Cycle For Steroid Hormone Receptors (SHR) In Presence Of Ligand R-HSA-3371497,0.21126192094801777,0.6359308812366695,9.293413e-01,9.878206e-01,1.000000e+00,9/34,28.27%,FKBP5;HSPA8;CAPZB;HSPA1A;FKBP4;DCTN2;DYNC1H1;STIP1;DCTN1
prerank,G-protein Mediated Events R-HSA-112040,0.21570366622589415,0.635510433993224,9.410349e-01,9.865998e-01,1.000000e+00,3/29,10.84%,GNAL;AHCYL1;PLCB2
prerank,Cytoprotection By HMOX1 R-HSA-9707564,0.19369860890638294,0.635268249252431,9.545970e-01,9.852582e-01,1.000000e+00,8/49,17.27%,STAT3;CYCS;HELZ2;NCOA6;MBD4;LRPPRC;NCOR1;COX4I1
prerank,G Alpha (Z) Signaling Events R-HSA-418597,0.22816911448200214,0.6317896738009846,9.332509e-01,9.857204e-01,1.000000e+00,10/22,33.54%,GNG5;GNG10;GNB2;GNAI2;GNG2;PRKCQ;PRKCH;PRKCB;RGS17;GNB5
prerank,EPH-ephrin Mediated Repulsion Of Cells R-HSA-3928665,0.21933297724119816,0.6263382523721155,9.359296e-01,9.873790e-01,1.000000e+00,13/23,44.10%,PSEN1;CLTC;AP2A2;AP2A1;PSENEN;ADAM10;AP2S1;EFNA4;NCSTN;AP2M1;PSEN2;FYN;APH1B
prerank,Insulin Receptor Signaling Cascade R-HSA-74751,0.216397650484032,0.6239809454198324,9.413203e-01,9.872101e-01,1.000000e+00,4/25,11.64%,PIK3C3;PIK3CA;PDE3B;SHC1
prerank,Notch-HLH Transcription Pathway R-HSA-350054,0.223056473659955,0.621394675583283,9.501279e-01,9.871376e-01,1.000000e+00,4/23,16.06%,MAML1;HDAC6;HDAC5;NCOR1
prerank,Resolution Of AP Sites Via Multiple-Nucleotide Patch Replacement Pathway R-HSA-110373,0.21841846050979766,0.6108202446344015,9.557522e-01,9.909614e-01,1.000000e+00,12/22,49.86%,RFC2;RFC4;LRIG1;FEN1;POLG2;POLE4;POLE3;POLD4;POLD2;PARG;POLR1A;ADPRS
prerank,Antigen Activates B Cell Receptor Leading To Second Messenger Generation R-HSA-983695,0.2122584615327603,0.6075496049691109,9.563046e-01,9.910163e-01,1.000000e+00,6/24,24.82%,AHCYL1;STIM1;ORAI1;CLSTN1;ORAI2;PIK3AP1
prerank,Cell-Cell Communication R-HSA-1500931,0.18610549205396384,0.6069258440305976,9.734104e-01,9.898436e-01,1.000000e+00,7/50,14.58%,F11R;SPTAN1;PIK3CA;FLNA;CADM1;ITGB1;VASP
prerank,Apoptotic Factor-Mediated Response R-HSA-111471,0.22806800268032693,0.6067992975955993,9.351852e-01,9.884363e-01,1.000000e+00,2/17,8.04%,CYCS;CDKN2A
prerank,Activation Of Pre-Replicative Complex R-HSA-68962,-0.17157599388188727,-0.6062066769390676,9.834254e-01,9.900395e-01,1.000000e+00,1/24,0.40%,DBF4
prerank,"Gamma Carboxylation, Hypusine Formation And Arylsulfatase Activation R-HSA-163841",0.2065125550505817,0.6018825765706081,9.578313e-01,9.891236e-01,1.000000e+00,15/27,45.86%,FN3KRP;TPST2;SUMF1;ICMT;ARSG;DPH1;DOHH;DPH2;DNAJC24;DHPS;DPH6;EIF5A2;SUMF2;DPH3;ARSB
prerank,Processive Synthesis On C-strand Of Telomere R-HSA-174414,-0.1813481048084271,-0.5977481196111295,9.761905e-01,9.878684e-01,1.000000e+00,3/18,10.76%,TERF1;TERF2IP;BLM
prerank,Resolution Of D-loop Structures Thru Synthesis-Dependent Strand Annealing (SDSA) R-HSA-5693554,-0.18100804091733283,-0.5927681920300636,9.810427e-01,9.845244e-01,1.000000e+00,4/17,16.51%,RTEL1;BLM;SEM1;PALB2
prerank,HCMV Early Events R-HSA-9609690,0.17378581966274087,0.5920586837486184,9.879650e-01,9.916958e-01,1.000000e+00,29/77,40.07%,H2BC15;POM121C;TXN2;NUP37;NUP88;NUP188;NUP58;ITGB1;NUP214;NCOR1;DYNC1H1;CBX1;H2AC11;RBBP4;H2BC21;NUP160;DAXX;RRM1;GPS2;NUP153;RANBP2;EED;H2AC25;NUP210;H2BC9;DYNC1LI2;NUP54;H2AC4;CREB1
prerank,Heme Signaling R-HSA-9707616,0.17590310152833843,0.5260117718895486,9.925743e-01,1.000000e+00,1.000000e+00,7/32,22.51%,HELZ2;NCOA6;MBD4;NCOR1;SIRT1;CRTC3;CRTC2
prerank,Removal Of Flap Intermediate From C-strand R-HSA-174437,0.1975392436379088,0.5146733288211117,9.857328e-01,1.000000e+00,1.000000e+00,3/16,17.22%,ACD;TINF2;TERF2
prerank,ATF4 Activates Genes In Response To Endoplasmic Reticulum Stress R-HSA-380994,0.17763360581416315,0.5139899914064323,9.874529e-01,1.000000e+00,1.000000e+00,9/25,35.87%,ATF6;PARN;NFYC;KHSRP;CEBPB;EXOSC6;EXOSC8;EXOSC1;EXOSC9
prerank,Defective HDR Thru Homologous Recombination (HRR) Due To BRCA1 Loss-Of-Function R-HSA-9701192,0.19635011136075547,0.5136361650083459,9.756722e-01,1.000000e+00,1.000000e+00,8/16,49.03%,RAD51C;RAD50;KAT5;WRN;BRCA2;TOP3A;ATM;RMI1
prerank,Non-integrin membrane-ECM Interactions R-HSA-3000171,0.19583544895613886,0.5006179021818798,9.842932e-01,1.000000e+00,1.000000e+00,4/15,34.49%,ITGB1;THBS1;LMNB2;ITGAV
prerank,Heparan Sulfate/Heparin (HS-GAG) Metabolism R-HSA-1638091,0.17895695206189408,0.4968844464105015,9.924338e-01,1.000000e+00,1.000000e+00,4/21,25.83%,B3GAT1;HS2ST1;XYLT2;HS3ST3B1
prerank,Metabolism Of Nucleotides R-HSA-15869,0.14325132920512085,0.49157731781513986,9.989177e-01,1.000000e+00,1.000000e+00,5/69,7.76%,NME4;NUDT5;AK2;ADSL;TXN2
prerank,Post-translational Modification: Synthesis Of GPI-anchored Proteins R-HSA-163125,0.1584814655571843,0.48516837386977535,9.962825e-01,1.000000e+00,1.000000e+00,14/33,44.08%,PIGF;PIGV;PIGN;DPM2;VNN2;CD52;PIGB;PIGQ;PIGC;XPNPEP2;RECK;PIGH;PIGS;PIGX
prerank,PERK Regulates Gene Expression R-HSA-381042,0.1585747393406306,0.4721990425058143,9.987700e-01,1.000000e+00,1.000000e+00,8/30,29.16%,ATF6;PARN;NFYC;KHSRP;EIF2AK3;CEBPB;EXOSC6;EXOSC8
prerank,HDACs Deacetylate Histones R-HSA-3214815,0.14498618477764375,0.4689209169893948,1.000000e+00,1.000000e+00,1.000000e+00,13/50,32.11%,MTA1;H2BC15;ARID4B;KDM1A;NCOR1;PHF21A;CHD3;REST;HDAC8;H2AC11;RBBP4;H2BC21;GPS2
prerank,Resolution Of D-Loop Structures R-HSA-5693537,0.16210947961098296,0.45333866497338265,9.938800e-01,9.997245e-01,1.000000e+00,11/22,49.03%,RAD51C;SPIDR;RAD50;KAT5;MUS81;GEN1;WRN;BRCA2;TOP3A;ATM;RMI1
prerank,DAG And IP3 Signaling R-HSA-1489509,0.15399117500849657,0.4377864138638418,9.987639e-01,9.988279e-01,1.000000e+00,2/24,10.17%,AHCYL1;PLCG1
