Term,NES,FDR,pval,Lead_genes,metric,gene_set_db
Immunoregulatory Interactions Between A Lymphoid And A non-Lymphoid Cell R-HSA-198933,-1.9611256081765778,0.20920732546931659,0.001,KIR3DL1;KIR3DL2;KIR2DL4;HLA-A;LAIR2;KLRF1;CD96;SELL;SH2D1A;HCST;CD81;KIR2DL3;CRTAM;TREML1;HLA-B;CD3E;ICAM3;SH2D1B;CD160;NPDC1;LAIR1;SLAMF6;ICAM1;KLRG1;CD300A,wald_stat,Reactome_2022
DNA Methylation R-HSA-5334118,-1.8205147410989513,0.3616529734857178,0.001,H3-3B;H2BC12;H2AX;H2AJ;DNMT1;H2AZ1;H2AC20,wald_stat,Reactome_2022
Activated PKN1 Stimulates Transcription Of Androgen Receptor Regulated KLK2 And KLK3 R-HSA-5625886,-1.8135160418342995,0.2578601918575297,0.005154639175257732,H3-3B;H2BC12;PKN1;H2AX;H2AJ,wald_stat,Reactome_2022
SRP-dependent Cotranslational Protein Targeting To Membrane R-HSA-1799339,-1.7224669188909087,0.39246645553158616,0.001,SEC61G;TRAM1;RSL24D1;SRP68;SSR4;SRPRB;SEC61A1;RPN2;SRP19;SPCS2;SSR2;SRP14;SSR3;DDOST;FAU,wald_stat,Reactome_2022
Meiotic Synapsis R-HSA-1221632,-1.7171537602950322,0.32564985235844,0.001,H2BC12;H2AX;H2AJ;TERF1;SMC3;RAD21;H2AZ1;TERF2IP;PMEPA1;H2AC20;REC8;SUN1;SMC1A;H2AZ2;POT1,wald_stat,Reactome_2022
RHO GTPases Activate NADPH Oxidases R-HSA-5668599,1.7007224372830911,1.0,0.002617801047120419,S100A9;S100A8;MAPK14;PRKCZ;PIK3C3;CYBA,wald_stat,Reactome_2022
Chemokine Receptors Bind Chemokines R-HSA-380108,-1.6944940443578256,0.31462186931044506,0.024,XCL1;XCL2,wald_stat,Reactome_2022
Inhibition Of DNA Recombination At Telomere R-HSA-9670095,-1.6346889116999364,0.4005752665962883,0.01935483870967742,H3-3B;H2BC12;H2AX;H2AJ;TERF1;POLR2G;POLR2L;POLR2J;H2AZ1;TERF2IP;POLR2F;H2AC20,wald_stat,Reactome_2022
RNA Polymerase II Transcription Termination R-HSA-73856,-1.624435372555817,0.37705971450865194,0.001,SRRM1;U2AF1;MAGOH;SRSF5;PAPOLA;ZC3H11A;SRSF9;SRSF2;CPSF1;FYTTD1;SRSF6;CPSF6;SLBP;SNRPF;SRSF7;POLDIP3;THOC7;RNPS1,wald_stat,Reactome_2022
NGF-stimulated Transcription R-HSA-9031628,-1.6217653529203349,0.3423720227318704,0.009852216748768473,EGR1;RNASEH2A;ID2;CDK5;JUND;DNM2;ID1;MEF2D;CHD4,wald_stat,Reactome_2022
Peroxisomal Lipid Metabolism R-HSA-390918,1.6203262832827972,1.0,0.012738853503184714,ACOT8;PHYH;ACOT4;ACAA1;PECR;MLYCD,wald_stat,Reactome_2022
mRNA 3-End Processing R-HSA-72187,-1.5930727636538626,0.3708970180994782,0.001,SRRM1;U2AF1;MAGOH;SRSF5;PAPOLA;ZC3H11A;SRSF9;SRSF2;CPSF1;FYTTD1;SRSF6;CPSF6;SRSF7;POLDIP3;THOC7;RNPS1,wald_stat,Reactome_2022
"Antigen Presentation: Folding, Assembly, Peptide Loading Of Class I MHC R-HSA-983170",-1.5845003012214138,0.35501849170550687,0.01015228426395939,HLA-A;SEC24C;TAPBP;PDIA3;HLA-B;SAR1B;HSPA5;CALR;ATG14;SEC24A;B2M;SEC13;CANX;SEC24D,wald_stat,Reactome_2022
Complement Cascade R-HSA-166658,-1.5747107773956692,0.3467868198670971,0.03296703296703297,GZMM;CD81;CD55;CPNE1,wald_stat,Reactome_2022
RNA Polymerase I Promoter Opening R-HSA-73728,-1.555660803137167,0.3615282225462608,0.030303030303030304,H3-3B;H2BC12;H2AX;H2AJ,wald_stat,Reactome_2022
Signaling By Non-Receptor Tyrosine Kinases R-HSA-9006927,1.550293000170244,1.0,0.01575757575757576,STAT3;CRK;DOK1;CDK4;ERBB2;CDKN1B;PTPN1;HIF1A;PELP1;NRG2;ARHGAP35;UBA52;RHOA;UBC;KHDRBS1;CBL,wald_stat,Reactome_2022
Transcriptional Regulation Of White Adipocyte Differentiation R-HSA-381340,1.5363854274207613,1.0,0.009070294784580499,MED27;SREBF2;FAM120B;MED24;MED12;MED25;HELZ2;CDK4;NCOA6;MED7;MED17;MBD4;CCND3;NCOR1;CDK19;MED8;NCOA3;TNF,wald_stat,Reactome_2022
Lysosome Vesicle Biogenesis R-HSA-432720,1.531679185573292,1.0,0.01278772378516624,HGS;BLOC1S1;HSPA8;CLTC;VAMP8;ARRB1;AP1B1;VAMP2;AP1S1;AP4M1;GNS,wald_stat,Reactome_2022
Keratan Sulfate Biosynthesis R-HSA-2022854,-1.5255501354741223,0.4105375201900653,0.055299539170506916,B3GNT7;B4GALT1;B4GALT4;SLC35D2;B3GNT2,wald_stat,Reactome_2022
PRC2 Methylates Histones And DNA R-HSA-212300,-1.5214274781964925,0.3925745730124488,0.03424657534246575,H3-3B;H2BC12;H2AX;H2AJ;DNMT1;H2AZ1;H2AC20;PHF1;H2AZ2,wald_stat,Reactome_2022
Collagen Biosynthesis And Modifying Enzymes R-HSA-1650814,1.51480838304028,1.0,0.0267515923566879,COL13A1;P3H1;COLGALT2;PLOD1;PLOD3,wald_stat,Reactome_2022
Association Of TriC/CCT With Target Proteins During Biosynthesis R-HSA-390471,1.5134940330289937,1.0,0.021897810218978103,STAT3;USP11;WRAP53;FBXW4;CCT7;TP53;AP3M1;CCT3;FBXO4;CCT5;ARFGEF2;SKIC2;CCT2;XRN2;FBXW2;FBXL5;KIFC3;DCAF7;FBXW5;FBXL3;LONP2;NOP56,wald_stat,Reactome_2022
Formation Of A Pool Of Free 40S Subunits R-HSA-72689,-1.5081568350325198,0.39875078410673037,0.03404255319148936,EIF3G;RSL24D1;EIF3J;EIF3E;EIF3M,wald_stat,Reactome_2022
Interleukin-7 Signaling R-HSA-1266695,-1.5054601150849911,0.38130491559546664,0.039473684210526314,SOCS1;PIK3R1;IL7R;JAK1;IRS2;IL2RG,wald_stat,Reactome_2022
Keratan Sulfate/Keratin Metabolism R-HSA-1638074,-1.4970696559838648,0.38111412004100303,0.03349282296650718,B3GNT7;B4GALT1;GLB1;B4GALT4;SLC35D2;B3GNT2,wald_stat,Reactome_2022
Defective Pyroptosis R-HSA-9710421,-1.4946059128023848,0.3665182601245391,0.01910828025477707,H3-3B;H2BC12;H2AX;H2AJ;DNMT1;H2AZ1;H2AC20,wald_stat,Reactome_2022
CD28 Co-Stimulation R-HSA-389356,-1.48124728078712,0.3803843270451798,0.0273224043715847,MAP3K8;CDC42;PIK3R1;PKN1,wald_stat,Reactome_2022
Processing Of SMDT1 R-HSA-8949664,-1.474698715501783,0.37431816410106217,0.06451612903225806,MCUB;AFG3L2;STOML2;PHB1;MAIP1,wald_stat,Reactome_2022
Reproduction R-HSA-1474165,-1.470061600249786,0.36909833637239886,0.009433962264150943,H3-3B;H2BC12;B4GALT1;H2AX;H2AJ;TERF1;SMC3;RAD21;H2AZ1;TERF2IP;BLM;PMEPA1;H2AC20;REC8;SUN1;SMC1A;H2AZ2;POT1,wald_stat,Reactome_2022
Condensation Of Prophase Chromosomes R-HSA-2299718,-1.469277890830449,0.3548838790317055,0.05357142857142857,H3-3B;H2BC12;H2AX;H2AJ;SET;H2AZ1;H2AC20;SMC4;PHF8;H2AZ2,wald_stat,Reactome_2022
Energy Dependent Regulation Of mTOR By LKB1-AMPK R-HSA-380972,1.4604330822220508,1.0,0.049160671462829736,STRADA;PRKAB2;RRAGC;TSC2;PPM1A;SLC38A9;STK11;RPTOR;CAB39;RRAGB;MTOR;PRKAG2,wald_stat,Reactome_2022
Retrograde Transport At Trans-Golgi-Network R-HSA-6811440,1.4562091654567666,1.0,0.03496503496503497,NAA35;COG4;RABEPK;COG1;VTI1A;COG5;SYS1;SCOC;IGF2R;NAA30;RHOBTB3;COG2;STX6;RAB6A;VPS51;GOLGA4;STX16;PLIN3;RAB9A;COG3;COG7;M6PR,wald_stat,Reactome_2022
Transport Of Mature mRNA Derived From An Intron-Containing Transcript R-HSA-159236,-1.4530521627083215,0.3763839802532601,0.001,SRRM1;U2AF1;MAGOH;SRSF5;ZC3H11A;NUP98;SRSF9;TPR;SRSF2;FYTTD1;SRSF6;SEH1L;NUP155;SRSF7;POLDIP3;NXT1;THOC7;RNPS1,wald_stat,Reactome_2022
"Formation Of Ternary Complex, And Subsequently, 43S Complex R-HSA-72695",-1.4461054010419863,0.3768975382873579,0.0782608695652174,EIF3G;EIF3J;EIF3E;EIF3M,wald_stat,Reactome_2022
Translation Initiation Complex Formation R-HSA-72649,-1.4444085595790654,0.36464699603268474,0.0663265306122449,EIF3G;EIF3J;EIF3E;EIF3M;PABPC1;EIF4G1;EIF4A1;EIF4E;FAU;EIF3I;EIF2S2;EIF1AX,wald_stat,Reactome_2022
Transport Of Mature Transcript To Cytoplasm R-HSA-72202,-1.4417803152834259,0.35648736051116675,0.013888888888888888,SRRM1;U2AF1;MAGOH;SRSF5;ZC3H11A;NUP98;SRSF9;TPR;SRSF2;CPSF1;FYTTD1;SRSF6;SEH1L;NUP155;SLBP;SRSF7;POLDIP3;NXT1;THOC7;RNPS1,wald_stat,Reactome_2022
Packaging Of Telomere Ends R-HSA-171306,-1.4387734106588292,0.3503006379951347,0.07352941176470588,H2BC12;H2AX;H2AJ;TERF1;H2AZ1;TERF2IP;H2AC20;H2AZ2;POT1,wald_stat,Reactome_2022
"mRNA Activation Upon Binding Of Cap-Binding Complex And eIFs, Subsequent Binding To 43S R-HSA-72662",-1.4350379118292351,0.34476427733716564,0.06770833333333333,EIF3G;EIF3J;EIF3E;EIF3M;PABPC1;EIF4G1;EIF4A1;EIF4E;FAU;EIF3I;EIF2S2;EIF1AX;EIF4EBP1,wald_stat,Reactome_2022
Synthesis Of PIPs At Early Endosome Membrane R-HSA-1660516,1.4344311575153328,1.0,0.05774278215223097,INPP4A;MTMR4;PIK3C3;FIG4;PIK3C2A,wald_stat,Reactome_2022
TRAF6 Mediated IRF7 Activation R-HSA-933541,1.4332492790470874,1.0,0.05921052631578947,TRIM4;TRAF6;TBK1;MAVS;SIKE1;IRF3;TRIM25;RIGI;IRF7;TANK,wald_stat,Reactome_2022
Processing Of Capped Intron-Containing Pre-mRNA R-HSA-72203,-1.4319445179938253,0.3384617738406695,0.001,SRRM1;U2AF1;MAGOH;SRSF5;SNRNP27;SNW1;SF3B6;HNRNPM;PAPOLA;ZC3H11A;POLR2G;NUP98;TRA2B;SRSF9;SNRPB2;SYF2;TPR;SF3A1;SRSF2;HNRNPH1;CPSF1;HNRNPUL1;FYTTD1;SRSF6;CPSF6;POLR2L;LSM4;SEH1L;HNRNPA0;NUP155;SLBP;POLR2J;SRSF10;CWC15;SNRPF;SRSF7;WTAP;HNRNPA1;POLDIP3;SNU13;SNRPD2;NXT1;THOC7;RNPS1;LSM7;SNRNP25;U2SURP;SF3B2;RNPC3;POLR2F;PCBP1;MTREX;SLU7;PHF5A;HNRNPK;PQBP1;ELAVL1;CCAR1;NUP50;DNAJC8;DDX5;SNRNP40;SNRPG;ZRSR2;SF3B1;ALYREF;BUD31;PPIE;TFIP11;SRSF3;SEC13;PCBP2;WBP11;CWC25,wald_stat,Reactome_2022
Interferon Alpha/Beta Signaling R-HSA-909733,-1.427247390704495,0.3371172806512318,0.027777777777777776,SOCS1;HLA-A;EGR1;JAK1;IFI6;IFITM3;IFITM2;IP6K2;HLA-B;IRF8;IRF1;OAS1;OAS2;MX2;SOCS3;IFIT2;ISG15,wald_stat,Reactome_2022
Meiosis R-HSA-1500620,-1.4266573546519399,0.3273425666681966,0.035398230088495575,H3-3B;H2BC12;H2AX;H2AJ;TERF1;SMC3;RAD21;H2AZ1;TERF2IP;BLM;PMEPA1;H2AC20;REC8;SUN1;SMC1A;H2AZ2;POT1,wald_stat,Reactome_2022
Assembly Of ORC Complex At Origin Of Replication R-HSA-68616,-1.422128705235476,0.3259250604915451,0.06741573033707865,H3-3B;H2BC12;H2AX;H2AJ,wald_stat,Reactome_2022
Integrin Signaling R-HSA-354192,1.4186198790685014,1.0,0.05906040268456376,APBB1IP;CRK;PTPN1;SHC1;CSK;RASGRP2;RAP1B,wald_stat,Reactome_2022
Dual Incision In GG-NER R-HSA-5696400,1.4123631692072023,1.0,0.04439252336448598,RFC2;POLK;ERCC5;DDB2;ERCC4;RFC4;GTF2H3;GTF2H5;RBX1;UBA52;GTF2H4;ERCC3;UBC,wald_stat,Reactome_2022
mRNA Splicing R-HSA-72172,-1.4105444362454125,0.33913909805901526,0.001,SRRM1;U2AF1;MAGOH;SRSF5;SNRNP27;SNW1;SF3B6;HNRNPM;PAPOLA;POLR2G;TRA2B;SRSF9;SNRPB2;SYF2;SF3A1;SRSF2;HNRNPH1;CPSF1;HNRNPUL1;SRSF6;CPSF6;POLR2L;LSM4;HNRNPA0;POLR2J;SRSF10;CWC15;SNRPF;SRSF7;HNRNPA1;SNU13;SNRPD2;RNPS1;LSM7;SNRNP25;U2SURP;SF3B2;RNPC3;POLR2F;PCBP1;MTREX;SLU7;PHF5A;HNRNPK;PQBP1;ELAVL1;CCAR1;DNAJC8;DDX5;SNRNP40;SNRPG;ZRSR2;SF3B1;ALYREF;BUD31;PPIE;TFIP11;SRSF3;PCBP2;WBP11;CWC25,wald_stat,Reactome_2022
mRNA Splicing - Major Pathway R-HSA-72163,-1.4077038613621775,0.3350560731934946,0.001,SRRM1;U2AF1;MAGOH;SRSF5;SNRNP27;SNW1;SF3B6;HNRNPM;PAPOLA;POLR2G;TRA2B;SRSF9;SNRPB2;SYF2;SF3A1;SRSF2;HNRNPH1;CPSF1;HNRNPUL1;SRSF6;CPSF6;POLR2L;LSM4;HNRNPA0;POLR2J;SRSF10;CWC15;SNRPF;SRSF7;HNRNPA1;SNU13;SNRPD2;RNPS1;LSM7;U2SURP;SF3B2;POLR2F;PCBP1;MTREX;SLU7;PHF5A;HNRNPK;PQBP1;ELAVL1;CCAR1;DNAJC8;DDX5;SNRNP40;SNRPG;SF3B1;ALYREF;BUD31;PPIE;TFIP11;SRSF3;PCBP2;WBP11;CWC25,wald_stat,Reactome_2022
L13a-mediated Translational Silencing Of Ceruloplasmin Expression R-HSA-156827,-1.404818023267296,0.3310647361916467,0.062146892655367235,EIF3G;RSL24D1;EIF3J;EIF3E;EIF3M;PABPC1;EIF4G1;EIF4A1;EIF4E;FAU;EIF3I;EIF2S2;EIF1AX,wald_stat,Reactome_2022
RNA Polymerase III Abortive And Retractive Initiation R-HSA-749476,1.4030680370080302,1.0,0.06093189964157706,GTF3C2;BDP1;ZNF143;POLR3C;GTF3C3;POLR3A;NFIA;SNAPC2;GTF3C6,wald_stat,Reactome_2022
Intra-Golgi Traffic R-HSA-6811438,1.4006715209872083,1.0,0.06651108518086347,TRIP11;COG4;COG1;VTI1A;COG5;MAN1A1;CYTH4;COG2;STX6;VPS45;CYTH1;STX16;GOSR2;COG3;COG7;GOSR1;YKT6;CYTH3,wald_stat,Reactome_2022
Dual Incision In TC-NER R-HSA-6782135,1.3995565374378363,1.0,0.040748898678414094,ERCC6;RFC2;ZNF830;POLK;ERCC5;AQR;ERCC4;RFC4;CCNH;GTF2H3;GTF2H5;POLR2D;RBX1;UBA52;GTF2H4;ERCC3;POLR2C;UBC;CDK7;XAB2;UVSSA,wald_stat,Reactome_2022
Neurotransmitter Release Cycle R-HSA-112310,1.3991438222818422,1.0,0.07652399481193256,SLC1A7;ARL6IP5;PPFIA1;HSPA8;VAMP2,wald_stat,Reactome_2022
Synthesis Of Bile Acids And Bile Salts R-HSA-192105,1.398264288606439,1.0,0.10700132100396301,OSBPL3;ACOT8,wald_stat,Reactome_2022
Regulation Of Necroptotic Cell Death R-HSA-5675482,-1.3923356472124884,0.3446025545442629,0.07567567567567568,UBB;BIRC2;FLOT1;CFLAR;MLKL,wald_stat,Reactome_2022
TBC/RABGAPs R-HSA-8854214,1.3802234165509881,1.0,0.07364787111622555,TBC1D25;TBC1D14;TBC1D10B;TBC1D7;RABGAP1;TBC1D10C;RAB35;GGA1;RAB5B;TSC2;GGA2,wald_stat,Reactome_2022
Synthesis Of IP3 And IP4 In Cytosol R-HSA-1855204,1.3788572187670427,1.0,0.09424083769633508,INPPL1;INPP5B;PLCG1;PLCB2;PLCD1;ITPK1;INPP5D,wald_stat,Reactome_2022
MTOR Signaling R-HSA-165159,1.377531308370573,1.0,0.06611570247933884,YWHAB;STRADA;PRKAB2;RRAGC;TSC2;EIF4B;PPM1A;SLC38A9;STK11;RPTOR;CAB39;RRAGB;MTOR,wald_stat,Reactome_2022
Regulation Of TP53 Activity Thru Phosphorylation R-HSA-6804756,1.3754014699115231,1.0,0.044101433296582136,MAPK14;RFC2;PRKAB2;NOC2L;HIPK2;HUS1;TP53RK;TAF7;NUAK1;TAF6;RFC4;RAD17;TOPBP1;TP53;STK11;TAF15;TAF9;UBA52;RAD50;DYRK2;CSNK2A2;UBC,wald_stat,Reactome_2022
MAP3K8 (TPL2)-dependent MAPK1/3 Activation R-HSA-5684264,-1.3717284418804385,0.3768463247437914,0.07792207792207792,MAP3K8;UBB;SKP1;CHUK,wald_stat,Reactome_2022
Deposition Of New CENPA-containing Nucleosomes At Centromere R-HSA-606279,-1.369190808262465,0.3723815542790161,0.05,H2BC12;H2AX;H2AJ;CENPM;NPM1;H2AZ1;H2AC20;CENPH;MIS18A;H2AZ2,wald_stat,Reactome_2022
Platelet Aggregation (Plug Formation) R-HSA-76009,1.3672122151104174,1.0,0.0913907284768212,APBB1IP;CRK;PTPN1;SHC1;CSK;RASGRP2;RAP1B,wald_stat,Reactome_2022
Transcriptional Regulation By MECP2 R-HSA-8986944,1.3662303917417589,1.0,0.053613053613053616,FKBP5;MECP2;PTPN4;MOV10;HIPK2;SLC2A3;PTPN1;NCOR1;AGO4,wald_stat,Reactome_2022
Gap-filling DNA Repair Synthesis And Ligation In TC-NER R-HSA-6782210,1.3655569331304542,1.0,0.06138392857142857,ERCC6;RFC2;ZNF830;POLK;XRCC1;AQR;RFC4;CCNH;GTF2H3;GTF2H5;POLR2D;RBX1;UBA52;GTF2H4;ERCC3;POLR2C;UBC;CDK7;XAB2;UVSSA,wald_stat,Reactome_2022
FOXO-mediated Transcription Of Cell Death Genes R-HSA-9614657,1.3615043407466336,1.0,0.08885941644562334,FASLG;PINK1;STK11;CITED2;BCL2L11;BBC3;NFYC,wald_stat,Reactome_2022
Formation Of Early Elongation Complex R-HSA-113418,1.3582513966296448,1.0,0.07923169267707082,GTF2F2;SUPT4H1;NELFA;NCBP2;CCNH;CTDP1;GTF2H3;GTF2H5;POLR2D;GTF2H4;ERCC3;POLR2C;CDK7,wald_stat,Reactome_2022
Peptide Ligand-Binding Receptors R-HSA-375276,-1.3571253256892069,0.388493138109882,0.05319148936170213,XCL1;XCL2,wald_stat,Reactome_2022
Transcriptional Regulation By Small RNAs R-HSA-5578749,-1.3483514784048782,0.3985183974481687,0.023255813953488372,H3-3B;H2BC12;H2AX;H2AJ;POLR2G;NUP98;TPR;POLR2L;SEH1L;NUP155;POLR2J;RAN;H2AZ1;POLR2F;H2AC20;NUP50,wald_stat,Reactome_2022
Degradation Of AXIN R-HSA-4641257,1.3477219424676652,1.0,0.06605922551252848,PSMD4;PSMA6;PSME3;PSMB10;SMURF2;RNF146;PSMA7;PSMD11;PSMD5;PSMB2;PSMD13;PSMB9;UBA52;PSMB8;TNKS;UBC;PSMC3;PSMC5;TNKS2;PSMB3,wald_stat,Reactome_2022
Mitochondrial Calcium Ion Transport R-HSA-8949215,-1.3477019538675794,0.39053578623046653,0.09090909090909091,MCUB;AFG3L2;STOML2;PHB1;MAIP1;VDAC1;VDAC2,wald_stat,Reactome_2022
Formation Of beta-catenin:TCF Transactivating Complex R-HSA-201722,-1.3476345016798272,0.38160442024491525,0.058394160583941604,TCF7;H3-3B;H2BC12;H2AX;H2AJ;PYGO2;TLE4;CREBBP,wald_stat,Reactome_2022
Global Genome Nucleotide Excision Repair (GG-NER) R-HSA-5696399,1.3468829340457023,1.0,0.041758241758241756,RFC2;POLK;XRCC1;ERCC5;COPS5;INO80D;ACTR8;DDB2;RNF111;ERCC4;RFC4;RAD23B;CCNH;INO80;COPS7A;PIAS1;GTF2H3;GTF2H5;RBX1;INO80C;UBA52;RUVBL1;GTF2H4;ERCC3;UBC;CDK7,wald_stat,Reactome_2022
Nuclear Events (Kinase And Transcription Factor Activation) R-HSA-198725,-1.3463206328668538,0.37621197517006943,0.04838709677419355,EGR1;PPP2CA;RNASEH2A;PPP2CB;ID2;CDK5;DUSP4;DUSP6;JUND;DNM2;ID1;MEF2D;CHD4,wald_stat,Reactome_2022
Ribosomal Scanning And Start Codon Recognition R-HSA-72702,-1.3387317157228484,0.38417744866544606,0.1044776119402985,EIF3G;EIF3J;EIF3E;EIF3M;EIF4G1;EIF4A1;EIF4E;FAU;EIF3I;EIF2S2;EIF1AX,wald_stat,Reactome_2022
Neuronal System R-HSA-112316,1.3367963289829117,1.0,0.05098855359001041,AKAP5;MYO6;GNAL;CACNA2D2;DLGAP4;SLC1A7;ARHGEF7;ARL6IP5;NPTN;PRKAB2;KCNAB2;APBA3;PPFIA1;HSPA8;GNG5;CHRNE;PLCB2;AP2A2;EPB41;RTN3;VAMP2;PDLIM5;GNG10;GNB2,wald_stat,Reactome_2022
Formation Of RNA Pol II Elongation Complex R-HSA-112382,1.335944945675398,1.0,0.0802675585284281,GTF2F2;SUPT4H1;NELFA;AFF4;LEO1;PAF1;MLLT3;NCBP2;CCNH;CTDP1;GTF2H3;GTF2H5;IWS1;POLR2D;GTF2H4;ERCC3;POLR2C;CDK7;CCNK,wald_stat,Reactome_2022
RNA Polymerase III Transcription Initiation R-HSA-76046,1.3337142750430657,1.0,0.11017964071856287,GTF3C2;BDP1;ZNF143;POLR3C;GTF3C3;POLR3A;SNAPC2;GTF3C6,wald_stat,Reactome_2022
Fatty Acid Metabolism R-HSA-8978868,1.333392375455976,1.0,0.0563230605738576,PTGDS;SCD5;ACBD6;SLC25A1;ACOT8;PHYH;PRKAB2;ACOT4;ACAA1;HACD2;TECR;PTGES2;PCCB;PECR;HADH;MLYCD;HACD3;ACOT13;ACSF3;SLC27A3;CBR1;ACSL5;MCEE;ACSL4;PCCA;HPGD;CRAT;HADHA;PRKAG2;LTA4H;AKR1C3;ACSL3;DECR1;AMACR;MCAT;CPT1A;PPT1;ABCC1,wald_stat,Reactome_2022
Pyruvate Metabolism And Citric Acid (TCA) Cycle R-HSA-71406,1.332220066853868,1.0,0.09378663540445487,NNT;PDPR;OGDH;BSG;PDHB;MPC1;PDK2;D2HGDH;IDH3A,wald_stat,Reactome_2022
Peroxisomal Protein Import R-HSA-9033241,1.3311983817285855,1.0,0.0735632183908046,ACOT8;PHYH;AGPS;ACOT4;HMGCL;ACAA1;PEX14;PEX2;PECR;MLYCD;UBE2D2;GNPAT;MPV17;UBA52;UBC,wald_stat,Reactome_2022
GTP Hydrolysis And Joining Of 60S Ribosomal Subunit R-HSA-72706,-1.330428532061034,0.3942292405456518,0.12568306010928962,EIF3G;RSL24D1;EIF3J;EIF3E;EIF3M;EIF4G1;EIF4A1;EIF4E;FAU;EIF3I;EIF2S2;EIF1AX,wald_stat,Reactome_2022
Pyruvate Metabolism R-HSA-70268,1.326777697231469,1.0,0.12915601023017903,PDPR;BSG;PDHB;MPC1;PDK2,wald_stat,Reactome_2022
Ubiquitin-dependent Degradation Of Cyclin D R-HSA-75815,1.3250643605676824,1.0,0.08870967741935484,PSMD4;PSMA6;PSME3;PSMB10;CDK4;PSMA7;PSMD11;PSMD5;PSMB2;PSMD13;PSMB9;UBA52;PSMB8;GSK3B;UBC;PSMC3;PSMC5,wald_stat,Reactome_2022
Signaling To ERKs R-HSA-187687,1.3225625714137343,1.0,0.09813664596273292,YWHAB;MAPK14;CRK;BCL11B;MAPK13;SHC1,wald_stat,Reactome_2022
Signaling By RAF1 Mutants R-HSA-9656223,1.3223008698037377,1.0,0.10696517412935323,YWHAB;APBB1IP;ARRB1;CSK;ARAF;RAP1B;BRAF;MARK3;MAPK3;IQGAP1,wald_stat,Reactome_2022
SIRT1 Negatively Regulates rRNA Expression R-HSA-427359,-1.3210293057130886,0.4055095643931071,0.11666666666666667,H3-3B;H2BC12;H2AX;H2AJ,wald_stat,Reactome_2022
Branched-chain Amino Acid Catabolism R-HSA-70895,1.3187795215302047,1.0,0.10794044665012408,MCCC2;BCKDHB;AUH;ACADSB,wald_stat,Reactome_2022
Transcription-Coupled Nucleotide Excision Repair (TC-NER) R-HSA-6781827,1.3182626001601832,1.0,0.06564551422319474,ERCC6;RFC2;ZNF830;POLK;XRCC1;ERCC5;COPS5;AQR;ERCC4;RFC4;CCNH;COPS7A;GTF2H3;GTF2H5;POLR2D;RBX1;UBA52;GTF2H4;ERCC3;POLR2C;UBC;CDK7;XAB2;UVSSA,wald_stat,Reactome_2022
Caspase Activation Via Extrinsic Apoptotic Signaling Pathway R-HSA-5357769,1.3178402330380712,1.0,0.13282247765006386,MAGED1;DAPK2;FADD;FASLG,wald_stat,Reactome_2022
TP53 Regulates Transcription Of DNA Repair Genes R-HSA-6796648,1.3178206947259712,1.0,0.08520179372197309,GTF2F2;SUPT4H1;CDK13;NELFA;DDB2;PMS2;CCNH;CTDP1;TP53;MDC1;GTF2H3;GTF2H5;POLR2D;GTF2H4;ERCC3;POLR2C;CDK12;CDK7;CCNK,wald_stat,Reactome_2022
Hedgehog On State R-HSA-5632684,1.3132064410646904,1.0,0.0867630700778643,PSMD4;PSMA6;PSME3;PSMB10;PTCH1;SMURF2;KIF3A;PSMA7;PSMD11;ARRB1;PSMD5;PSMB2;PSMD13;SPOP;PSMB9;RBX1;UBA52;PSMB8;UBC;PSMC3;PSMC5;NUMB,wald_stat,Reactome_2022
Arachidonic Acid Metabolism R-HSA-2142753,1.3127378231991647,1.0,0.125,PTGDS;PTGES2;CBR1;HPGD;LTA4H;AKR1C3;ABCC1;ALOX5AP;PTGES3;MAPKAPK2;PON2,wald_stat,Reactome_2022
Regulation Of Apoptosis R-HSA-169911,1.3079306308270933,1.0,0.09545983701979045,PSMD4;PSMA6;PSME3;PSMB10;MED12;ARHGAP10;PSMA7;PSMD11;PSMD5;PSMB2;PSMD13;PSMB9;UBA52;PSMB8;UBC;PSMC3;PSMC5,wald_stat,Reactome_2022
Bile Acid And Bile Salt Metabolism R-HSA-194068,1.3078069875948612,1.0,0.1541501976284585,OSBPL3;ACOT8,wald_stat,Reactome_2022
Detoxification Of Reactive Oxygen Species R-HSA-3299685,1.3053347694879498,1.0,0.11538461538461539,CYCS;SOD1;TXN2;CYBA;GPX7,wald_stat,Reactome_2022
Regulation Of RUNX3 Expression And Activity R-HSA-8941858,1.304759159662306,1.0,0.09216589861751152,PSMD4;PSMA6;PSME3;PSMB10;SMURF2;CDKN2A;PSMA7;PSMD11;PSMD5;PSMB2;PSMD13;PSMB9;UBA52;PSMB8;UBC;PSMC3;PSMC5,wald_stat,Reactome_2022
RNA Polymerase II Pre-transcription Events R-HSA-674695,1.3032339611051251,1.0,0.08116883116883117,GTF2F2;SUPT4H1;NELFA;AFF4;LEO1;TAF7;GTF2A1;PAF1;TAF6;MLLT3;NCBP2;CCNH;CTDP1;TAF15;TAF9;GTF2H3;GTF2H5;IWS1;POLR2D;GTF2H4;ERCC3;POLR2C;CDK7;CCNK;TBP;TAF5;GTF2B,wald_stat,Reactome_2022
Metabolism Of Water-Soluble Vitamins And Cofactors R-HSA-196849,1.302497340020691,1.0,0.09900990099009901,MCCC2;SLC25A16;FLAD1;PARP9;SLC2A3;TPK1;PARP6;HLCS;PCCB;MMAB;MTR;CYB5A;PPCS;PANK3;MTHFD1;DHFR;PDZD11;MTHFR;GPHN;PCCA;CD320;NAXE;NMRK1;VNN2;LMBRD1;ABCD4;NAXD;CYB5R3;SLC5A6;ABCC1;NAPRT;GSTO1;FPGS;PARP14,wald_stat,Reactome_2022
Costimulation By CD28 Family R-HSA-388841,-1.3013843573269859,0.44277487084550926,0.056451612903225805,MAP3K8;CDC42;PIK3R1;HLA-DRB5;PKN1;PPP2CA;PPP2CB;THEM4;CD3E,wald_stat,Reactome_2022
Signaling By Retinoic Acid R-HSA-5362517,1.2978328153174823,1.0,0.12915601023017903,RDH11;RDH5;PDHB;PDK2;RXRB;RARG;AKR1C3;DLAT;DHRS4;CPT1A;PDK3;RDH13,wald_stat,Reactome_2022
mRNA Decay By 3 To 5 Exoribonuclease R-HSA-429958,-1.2976124621367062,0.4428734728848165,0.11627906976744186,HBS1L;EXOSC4;DIS3;NT5C3B;EXOSC3;EXOSC7;EXOSC5,wald_stat,Reactome_2022
Cleavage Of Damaged Purine R-HSA-110331,-1.2973665177331852,0.434729578800814,0.105,H2BC12;H2AX;H2AJ;TERF1;H2AZ1;TERF2IP;H2AC20;H2AZ2;POT1,wald_stat,Reactome_2022
Gluconeogenesis R-HSA-70263,1.2954954993903482,1.0,0.13659147869674185,PCNX4;SLC25A1;TPI1;GNPDA1;MDH1;SLC25A13;SLC25A11;SLC37A1;ENO2;ALDOC;PGK1,wald_stat,Reactome_2022
Asymmetric Localization Of PCP Proteins R-HSA-4608870,1.293716582504333,1.0,0.11327231121281464,PSMD4;PSMA6;PSME3;PSMB10;SMURF2;PSMA7;PSMD11;PSMD5;PSMB2;SCRIB;PSMD13;PSMB9;UBA52;PSMB8;UBC;PSMC3;PSMC5,wald_stat,Reactome_2022
AUF1 (hnRNP D0) Binds And Destabilizes mRNA R-HSA-450408,1.2925568570561166,1.0,0.10376282782212087,PSMD4;PSMA6;HNRNPD;PSME3;PSMB10;HSPA8;PSMA7;PSMD11;PSMD5;PSMB2;PSMD13;HSPA1A;PSMB9;UBA52;PSMB8;UBC;PSMC3;PSMC5,wald_stat,Reactome_2022
RHOG GTPase Cycle R-HSA-9013408,-1.2904228711386339,0.442900080428126,0.09174311926605505,CDC42;PIK3R1;HSPE1;ARHGDIA;NDUFS3;VAMP3;ANKLE2;ARHGAP5;PGRMC2;ELMO2,wald_stat,Reactome_2022
Nucleotide Excision Repair R-HSA-5696398,1.2896109785617647,1.0,0.07288317256162916,ERCC6;RFC2;ZNF830;POLK;XRCC1;ERCC5;COPS5;INO80D;ACTR8;DDB2;AQR;RNF111;ERCC4;RFC4;RAD23B;CCNH;INO80;COPS7A;PIAS1;GTF2H3;GTF2H5;POLR2D;RBX1;INO80C;UBA52;RUVBL1;GTF2H4;ERCC3;POLR2C;UBC;CDK7;XAB2;UVSSA;INO80B,wald_stat,Reactome_2022
Regulation Of RUNX1 Expression And Activity R-HSA-8934593,1.2869663269259197,1.0,0.1514360313315927,RUNX1;MOV10;CCND2;CCND3;AGO4,wald_stat,Reactome_2022
RNA Polymerase I Transcription Initiation R-HSA-73762,1.285789224930252,1.0,0.11136890951276102,EHMT2;ERCC6;MTA1;CCNH;TTF1;UBTF;GTF2H3;GTF2H5;POLR1H;GTF2H4;ERCC3;CDK7;TBP;CHD3,wald_stat,Reactome_2022
Signaling By ERBB2 KD Mutants R-HSA-9664565,1.2853915723084501,1.0,0.16285329744279947,ERBB2;PIK3CA;PLCG1;SHC1;NRG2,wald_stat,Reactome_2022
Oxygen-dependent Proline Hydroxylation Of Hypoxia-inducible Factor Alpha R-HSA-1234176,1.2836860208699905,1.0,0.11314285714285714,PSMD4;PSMA6;PSME3;PSMB10;PSMA7;PSMD11;PSMD5;PSMB2;LIMD1;PSMD13;HIF1A;PSMB9;UBE2D2;RBX1;UBA52;PSMB8;UBC;PSMC3;PSMC5,wald_stat,Reactome_2022
Degradation Of DVL R-HSA-4641258,1.2819476888889014,1.0,0.12214611872146118,DVL3;PSMD4;PSMA6;PSME3;PSMB10;PSMA7;PSMD11;PSMD5;PSMB2;PSMD13;PSMB9;RBX1;UBA52;PSMB8;UBC;PSMC3;PSMC5,wald_stat,Reactome_2022
Transmission Across Chemical Synapses R-HSA-112315,1.2819289884868441,1.0,0.08839190628328009,AKAP5;MYO6;GNAL;CACNA2D2;SLC1A7;ARHGEF7;ARL6IP5;NPTN;PRKAB2;PPFIA1;HSPA8;GNG5;CHRNE;PLCB2;AP2A2;VAMP2;GNG10;GNB2;COMT,wald_stat,Reactome_2022
Mitotic Prophase R-HSA-68875,-1.2804196466575537,0.45842851476945207,0.0625,H3-3B;H2BC12;PPP2CA;H2AX;H2AJ;RAB1A;NUP98;PPP2CB;GORASP2;TPR;SET;SEH1L;NUP155;H2AZ1;ARPP19;PRKCA;H2AC20;RAB1B;NUP50;EMD;SMC4;PHF8;RAB2A;SEC13;H2AZ2,wald_stat,Reactome_2022
Formation Of Incision Complex In GG-NER R-HSA-5696395,1.279691636027485,1.0,0.14069767441860465,ERCC5;DDB2;RNF111;ERCC4;RAD23B;CCNH;PIAS1;GTF2H3;GTF2H5;RBX1;UBA52;GTF2H4;ERCC3;UBC;CDK7,wald_stat,Reactome_2022
Regulation Of RAS By GAPs R-HSA-5658442,1.2787531488844508,1.0,0.12330316742081449,PSMD4;PSMA6;PSME3;PSMB10;NF1;PSMA7;PSMD11;PSMD5;PSMB2;PSMD13;PSMB9;RBX1;UBA52;PSMB8;UBC;PSMC3;PSMC5;RASA3,wald_stat,Reactome_2022
Glyoxylate Metabolism And Glycine Degradation R-HSA-389661,1.2768274897332799,1.0,0.14701986754966886,OGDH;PDHB;BCKDHB;LIPT1;GRHPR;DHTKD1;LIAS;GCSH;DLAT,wald_stat,Reactome_2022
Mitochondrial tRNA Aminoacylation R-HSA-379726,1.2756566069217634,1.0,0.1518324607329843,RARS2;GARS1;FARS2;IARS2;DTD1;PPA2;QARS1;SARS2;VARS2,wald_stat,Reactome_2022
RAS Processing R-HSA-9648002,1.2737753574924513,1.0,0.16452442159383032,RCE1;BCL2L1;ABHD17A;ICMT;PRKCQ;ARL2;ABHD17B;ABHD17C,wald_stat,Reactome_2022
Regulation Of PTEN Stability And Activity R-HSA-8948751,1.273583644624696,1.0,0.11444444444444445,TRIM27;PSMD4;PSMA6;PSME3;PSMB10;RNF146;PSMA7;PSMD11;PSMD5;PSMB2;PSMD13;PSMB9;UBA52;PSMB8;CSNK2A2;TNKS;UBC;PSMC3;PSMC5;TNKS2;AKT3;PSMB3,wald_stat,Reactome_2022
Meiotic Recombination R-HSA-912446,-1.2734024595018707,0.466455531586114,0.12987012987012986,H3-3B;H2BC12;H2AX;H2AJ,wald_stat,Reactome_2022
CD209 (DC-SIGN) Signaling R-HSA-5621575,-1.273082081386494,0.4585983146592685,0.1722689075630252,PKN1;CREBBP;ICAM3;PRKCA,wald_stat,Reactome_2022
Apoptotic Execution Phase R-HSA-75153,-1.2724655510927994,0.4519703854536553,0.09090909090909091,H1-3;BIRC2;GSN;H1-4;HMGB1;HMGB2;H1-2;STK26;CLSPN;H1-5;CASP8,wald_stat,Reactome_2022
RHO GTPases Activate PKNs R-HSA-5625740,-1.2698922808328454,0.4500679741304885,0.09859154929577464,H3-3B;H2BC12;PKN1;H2AX;H2AJ;YWHAE;MYL6,wald_stat,Reactome_2022
JNK (c-Jun Kinases) Phosphorylation And Activation Mediated By Activated Human TAK1 R-HSA-450321,1.2695668990417917,1.0,0.17769130998702984,MAPK9;TRAF6;UBE2V1;MAP2K4,wald_stat,Reactome_2022
Mitochondrial Protein Import R-HSA-1268020,-1.2688869211210836,0.44447665422027244,0.10416666666666667,HSPD1;TIMM17B;ATP5MC1;TIMM22;MTX1;TIMM8A;BCS1L;GRPEL2;TIMM8B;TIMM17A;CMC2;COX19;GRPEL1;TIMM23;NDUFB8;VDAC1;TOMM22;CHCHD2;TIMM44,wald_stat,Reactome_2022
RNA Polymerase I Transcription Termination R-HSA-73863,1.2684827513126236,1.0,0.15055079559363524,CCNH;TTF1;UBTF;GTF2H3;GTF2H5;POLR1H;GTF2H4;ERCC3;CDK7;TBP,wald_stat,Reactome_2022
Downstream Signal Transduction R-HSA-186763,1.2673270104593013,1.0,0.1614123581336696,STAT3;PDGFRB;CRK;STAT5A;PIK3CA;PLCG1;STAT1;STAT5B,wald_stat,Reactome_2022
Fatty acyl-CoA Biosynthesis R-HSA-75105,1.2625881037936675,1.0,0.15708812260536398,SCD5;SLC25A1;HACD2;TECR;HACD3;ACSF3;SLC27A3;ACSL5;ACSL4,wald_stat,Reactome_2022
Signaling By KIT In Disease R-HSA-9669938,1.2623877748295735,1.0,0.17801047120418848,STAT3;STAT5A;PIK3CA;PIK3R3;STAT1;STAT5B,wald_stat,Reactome_2022
Metabolism Of Lipids R-HSA-556833,1.2615059870316316,1.0,0.008008008008008008,PTGDS;OSBPL3;VAPB;SCD5;INPP4A;INPPL1;SCAP;FAR1;MED27;SREBF2;ACBD6;SLC25A1;ACOT8;PLEKHA3;CEPT1;LPCAT4;FAM120B;AGPAT1;PHYH;MED24;PRKAB2;MTMR4;PCYT2;AGPS;ACOT4;PITPNM1;DHRS7B;MED12;CHKB;GBA2;MED25;SPTLC1;PIP4P1;HMGCL;GDPD5;PIK3C3;GDE1;HELZ2;PLAAT4;MVK;INSIG2;FDPS;MBTPS1;ACAA1;PLEKHA2;HACD2;FDXR;SMPD4;PIK3CA;TECR;NCOA6;PTGES2;SMPD1;PCCB;FIG4;MTMR3;MED7;PIK3R3;MED17;MIGA2;PPP1CA;BDH2;PECR;PIK3C2A;CRLS1;HADH;MBD4;ARV1;PLD3;MLYCD;TNFAIP8L1;HACD3;SPHK2;CPTP;CERS2;ACOT13;GNPAT;NCOR1;HEXB;SRD5A3;PLEKHA5;CDK19;SGPL1;PNPLA2;MED8;ACSF3;DDHD1;NCOA3;ALAS1;SLC44A2;NFYC;PITPNM2;CLSTN1;SLC27A3;GSTM4;CBR1;PIP4K2B;SBF1;SUMF1;FDX2;CSNK2A2;ACSL5;SELENOI;HSD17B11;SMPD2;MCEE;ACSL4;PCCA;LPCAT1;SMPD3;PI4K2B;HPGD;RXRB;OXCT1;PLIN3;AACS;STARD3NL;BDH1;MED21;PRKACB;PLAAT3;ABHD4;SYNJ2;CRAT;GPCPD1;ARSG;CDIPT;KPNB1;HADHA;DHCR7;PRKAG2;LTA4H;PEMT;ABHD5;INPP5D;SPTLC2;ABHD3;GPD2;CYP2R1;MSMO1;SIN3B;AKR1C3;TAFAZZIN;SGMS1;AGPAT4;PIP5K1C;MTMR9;ACSL3;PRKD2;SLC51A;OSBPL7;PIK3R2;CDS2;SRD5A1;DECR1;GLIPR1;PPARA;GPAT4;CCNC;GPS2;ESYT1;PIK3CG;CTSA;AMACR;ARF3;UGCG;PISD;UBE2I;MCAT,wald_stat,Reactome_2022
Ub-specific Processing Proteases R-HSA-5689880,1.2607116800664415,1.0,0.07135575942915393,HGS;PSMD4;USP11;USP42;PSMA6;PSME3;TRAF6;USP28;PSMB10;USP5;RCE1;USP34;MUL1;SMURF2;SIAH2;DDB2;ATXN7;H2BC15;USP19;TRRAP;SMAD4;RNF146;PSMA7;PSMD11;ARRB1;TP53;PSMD5;USP37;PSMB2;TOMM70;PSMD13;HIF1A;PSMB9;USP3;UBA52;FKBP8;OTUB1;PSMB8;RUVBL1;USP32;ADRB2;TNKS;UBC;PSMC3;PSMC5;RHOT1;RIGI;TNKS2;PSMB3;UFD1;TGFBR1,wald_stat,Reactome_2022
Cross-presentation Of Soluble Exogenous Antigens (Endosomes) R-HSA-1236978,1.2590104748515019,1.0,0.14688601645123384,PSMD4;PSMA6;PSME3;PSMB10;PSMA7;PSMD11;PSMD5;PSMB2;PSMD13;PSMB9;PSMB8;PSMC3;PSMC5,wald_stat,Reactome_2022
GSK3B And BTRC:CUL1-mediated-degradation Of NFE2L2 R-HSA-9762114,1.2536122705746648,1.0,0.1413793103448276,PSMD4;PSMA6;PSME3;PSMB10;PSMA7;PSMD11;PSMD5;PSMB2;PSMD13;PSMB9;CUL1;RBX1;UBA52;PSMB8;GSK3B;UBC;PSMC3;PSMC5,wald_stat,Reactome_2022
Platelet Sensitization By LDL R-HSA-432142,1.2492754848132988,1.0,0.18386243386243387,MAPK14;PPP2R5D;PPP2R5C;PPP2R5E;PPP2R5A,wald_stat,Reactome_2022
SARS-CoV-2 Modulates Host Translation Machinery R-HSA-9754678,-1.2481090017497425,0.4871997379012793,0.16226415094339622,SNRPF;SNRPD2;SNRPG;FAU;SMN1;GEMIN4;SNRPB;GEMIN2;SNRPD3;GEMIN5;GEMIN8;DDX20;GEMIN6;SNRPE;GEMIN7,wald_stat,Reactome_2022
SCF(Skp2)-mediated Degradation Of P27/P21 R-HSA-187577,1.2447732375519576,1.0,0.1551528878822197,PSMD4;PSMA6;PSME3;PSMB10;CDK4;CDKN1B;PSMA7;PSMD11;PSMD5;PSMB2;PSMD13;PSMB9;CUL1;UBA52;PSMB8;UBC;PSMC3;PSMC5,wald_stat,Reactome_2022
COPII-mediated Vesicle Transport R-HSA-204005,-1.244533469637261,0.48859022601722535,0.1206896551724138,TMED2;TRAPPC10;TRAPPC2L;TRAPPC6A;SEC24C;RAB1A;TRAPPC2;CSNK1D;CNIH1;SAR1B;NAPG;SEC22C;RAB1B;SEC24A;PPP6C;SEC22A,wald_stat,Reactome_2022
Hh Mutants Abrogate Ligand Secretion R-HSA-5387390,1.2441306275137052,1.0,0.17109826589595376,PSMD4;PSMA6;PSME3;PSMB10;SYVN1;PSMA7;PSMD11;PSMD5;PSMB2;PSMD13;PSMB9;UBA52;PSMB8;UBC;VCP;PSMC3;PSMC5,wald_stat,Reactome_2022
Hh Mutants Are Degraded By ERAD R-HSA-5362768,1.2441306275137052,1.0,0.17109826589595376,PSMD4;PSMA6;PSME3;PSMB10;SYVN1;PSMA7;PSMD11;PSMD5;PSMB2;PSMD13;PSMB9;UBA52;PSMB8;UBC;VCP;PSMC3;PSMC5,wald_stat,Reactome_2022
PCP/CE Pathway R-HSA-4086400,1.241703647213522,1.0,0.13236929922135707,DVL3;PSMD4;PSMA6;PSME3;PSMB10;SMURF2;CLTC;AP2A2;PSMA7;PSMD11;PSMD5;PSMB2;SCRIB;PSMD13;PSMB9;NCOA3;UBA52;PSMB8;RHOA;UBC;PSMC3;PSMC5;AP2A1,wald_stat,Reactome_2022
FBXL7 Down-Regulates AURKA During Mitotic Entry And In Early Mitosis R-HSA-8854050,1.2413216230773967,1.0,0.15570934256055363,PSMD4;PSMA6;PSME3;PSMB10;PSMA7;PSMD11;PSMD5;PSMB2;PSMD13;PSMB9;CUL1;RBX1;UBA52;PSMB8;UBC;PSMC3;PSMC5,wald_stat,Reactome_2022
Cellular Response To Hypoxia R-HSA-1234174,1.2410536857309242,1.0,0.14510686164229472,PSMD4;PSMA6;PSME3;PSMB10;PSMA7;PSMD11;PSMD5;PSMB2;LIMD1;PSMD13;HIF1A;CITED2;PSMB9;UBE2D2;RBX1;UBA52;PSMB8;UBC;PSMC3;PSMC5,wald_stat,Reactome_2022
Presynaptic Phase Of Homologous DNA Pairing And Strand Exchange R-HSA-5693616,1.2384711911296467,1.0,0.1878048780487805,RFC2;HUS1;RAD51C;RFC4;RAD17;TOPBP1;RAD50,wald_stat,Reactome_2022
Pre-NOTCH Expression And Processing R-HSA-1912422,-1.2356110995371683,0.5032057853052024,0.125,H3-3B;TMED2;H2BC12;SNW1;B4GALT1;H2AX;H2AJ;RBPJ,wald_stat,Reactome_2022
Nuclear Envelope (NE) Reassembly R-HSA-2995410,-1.2351712547520104,0.4960997195650587,0.10784313725490197,PPP2CA;NUP98;TUBB4B;TUBA4A;SEH1L;AHCTF1;NUP155;ANKLE2;SUMO1;RAN;IST1;SIRT2;TUBA1B;EMD;CHMP2A;SEC13,wald_stat,Reactome_2022
RIPK1-mediated Regulated Necrosis R-HSA-5213460,-1.2320140571195979,0.49570993060377827,0.1907514450867052,UBB;BIRC2;FLOT1;CFLAR;MLKL,wald_stat,Reactome_2022
"Transport Of Bile Salts And Organic Acids, Metal Ions And Amine Compounds R-HSA-425366",1.2305684817935667,1.0,0.15375153751537515,RUNX1;BSG;SLC2A13;SLC41A1;SLC5A3;SLC39A7;SLC44A2;SLC39A1;SLC30A5;SLC22A18;SLC30A6;SLC16A3,wald_stat,Reactome_2022
RNA Polymerase III Transcription Initiation From Type 2 Promoter R-HSA-76066,1.230388971710922,1.0,0.21177944862155387,GTF3C2;BDP1;POLR3C;GTF3C3;POLR3A;GTF3C6,wald_stat,Reactome_2022
Collagen Formation R-HSA-1474290,1.2303228106109443,1.0,0.18942189421894218,COL13A1;P3H1;COLGALT2;PLOD1;PLOD3,wald_stat,Reactome_2022
Deubiquitination R-HSA-5688426,1.229997201557174,1.0,0.06445115810674723,HGS;TRIM4;PSMD4;USP11;USP42;PSMA6;PSME3;TRAF6;USP28;PSMB10;USP5;RCE1;USP34;MUL1;MBD6;SMURF2;SIAH2;INO80D;ACTR8;DDB2;ATXN7;H2BC15;USP19;TRRAP;SMAD4;RNF146;PSMA7;PSMD11;ARRB1;RAD23B;TP53;PSMD5;USP37;PSMB2;INO80;TOMM70;PSMD13;HIF1A;MAVS;FOXK1;PSMB9;TNIP2;USP3;BRCC3;INO80C;UBA52;FKBP8;OTUB1;PSMB8;RUVBL1;MYSM1;TNIP1;RHOA;USP32;ADRB2;TRIM25;TNKS;UBC;VCP;PSMC3;PSMC5,wald_stat,Reactome_2022
Cyclin E Associated Events During G1/S Transition R-HSA-69202,1.229736443385042,1.0,0.14285714285714285,LIN37;PSMD4;PSMA6;PSME3;PSMB10;CDK4;CDKN1B;PSMA7;PSMD11;CCNH;PSMD5;PSMB2;PSMD13;PSMB9;CUL1;UBA52;PSMB8;UBC;CDK7;PSMC3;LIN54;PSMC5;AKT3;PSMB3,wald_stat,Reactome_2022
Regulation Of Ornithine Decarboxylase (ODC) R-HSA-350562,1.2290763179208855,1.0,0.17001180637544275,PSMD4;PSMA6;PSME3;PSMB10;PSMA7;PSMD11;PSMD5;PSMB2;PSMD13;PSMB9;PSMB8;PSMC3;PSMC5,wald_stat,Reactome_2022
Ubiquitin Mediated Degradation Of Phosphorylated Cdc25A R-HSA-69601,1.2282773588851206,1.0,0.17301038062283736,PSMD4;PSMA6;PSME3;PSMB10;PSMA7;PSMD11;PSMD5;PSMB2;PSMD13;PSMB9;UBA52;PSMB8;UBC;PSMC3;PSMC5,wald_stat,Reactome_2022
Pre-NOTCH Transcription And Translation R-HSA-1912408,-1.2261452688383307,0.5023858944086603,0.15671641791044777,H3-3B;H2BC12;SNW1;H2AX;H2AJ;RBPJ;CREBBP,wald_stat,Reactome_2022
Cyclin A:Cdk2-associated Events At S Phase Entry R-HSA-69656,1.225502395843124,1.0,0.15148188803512624,LIN37;PSMD4;PSMA6;PSME3;PSMB10;CDK4;CDKN1B;PSMA7;PSMD11;CCNH;PSMD5;PSMB2;PSMD13;PSMB9;CUL1;UBA52;PSMB8;UBC;CDK7;PSMC3;LIN54;PSMC5;AKT3;PSMB3,wald_stat,Reactome_2022
Ovarian Tumor Domain Proteases R-HSA-5689896,1.2246290151023431,1.0,0.19506462984723855,TRIM4;TRAF6;TP53;MAVS;TNIP2;UBA52;OTUB1;TNIP1;RHOA;TRIM25;UBC;VCP;RIGI,wald_stat,Reactome_2022
Regulation Of Activated PAK-2p34 By Proteasome Mediated Degradation R-HSA-211733,1.2229597864559152,1.0,0.17990654205607476,PSMD4;PSMA6;PSME3;PSMB10;PSMA7;PSMD11;PSMD5;PSMB2;PSMD13;PSMB9;UBA52;PSMB8;UBC;PSMC3;PSMC5,wald_stat,Reactome_2022
HIV Transcription Initiation R-HSA-167161,1.2196189127615031,1.0,0.18757192174913695,GTF2F2;TAF7;GTF2A1;TAF6;CCNH;TAF15;TAF9;GTF2H3;GTF2H5;POLR2D;GTF2H4;ERCC3;POLR2C;CDK7;TBP;TAF5;GTF2B,wald_stat,Reactome_2022
p53-Dependent G1 DNA Damage Response R-HSA-69563,1.2194563909616711,1.0,0.17191011235955056,PSMD4;PSMA6;PSME3;PSMB10;CDKN2A;CDKN1B;PSMA7;PSMD11;TP53;PSMD5;PSMB2;PSMD13;PSMB9;UBA52;PSMB8;UBC;PSMC3;PSMC5,wald_stat,Reactome_2022
"Glutamate Binding, Activation Of AMPA Receptors And Synaptic Plasticity R-HSA-399721",1.2192915737321988,1.0,0.21352785145888595,AKAP5;MYO6;AP2A2;PICK1;AP2A1;AP2S1;LLGL1;PRKCB,wald_stat,Reactome_2022
G1/S DNA Damage Checkpoints R-HSA-69615,1.218291431091651,1.0,0.17410714285714285,PSMD4;PSMA6;PSME3;PSMB10;CDKN2A;CDKN1B;PSMA7;PSMD11;TP53;PSMD5;PSMB2;PSMD13;PSMB9;UBA52;PSMB8;UBC;PSMC3;PSMC5,wald_stat,Reactome_2022
Regulation Of Beta-Cell Development R-HSA-186712,-1.2178347870809225,0.5165312648215297,0.19455252918287938,SNW1;RBPJ;CREBBP;GATD3;AKT1,wald_stat,Reactome_2022
Stabilization Of P53 R-HSA-69541,1.217055161482974,1.0,0.1724137931034483,PSMD4;PSMA6;PSME3;PSMB10;CDKN2A;PSMA7;PSMD11;TP53;PSMD5;PSMB2;PSMD13;PSMB9;UBA52;PSMB8;UBC;PSMC3;PSMC5,wald_stat,Reactome_2022
RNA Polymerase II Transcribes snRNA Genes R-HSA-6807505,1.2169308880139502,1.0,0.16065573770491803,GTF2F2;ZNF143;SUPT4H1;INTS10;INTS12;GTF2A1;TAF6;SNAPC2;NCBP2;ICE2;INTS9;TAF9;INTS14;INTS11;POLR2D;INTS3;PCF11;INTS2;POLR2C;CDK7;CCNK;NABP2;TBP;INTS13;TAF5;GTF2B;INTS1;POU2F2;RPRD1A;SNAPC5;INTS8;GTF2E2;INTS7;ELL;INTS4;POLR2I;GTF2E1;POLR2B,wald_stat,Reactome_2022
Degradation Of GLI2 By Proteasome R-HSA-5610783,1.216761169381748,1.0,0.1755379388448471,PSMD4;PSMA6;PSME3;PSMB10;PSMA7;PSMD11;PSMD5;PSMB2;PSMD13;PSMB9;CUL1;RBX1;UBA52;PSMB8;GSK3B;UBC;PSMC3;PSMC5,wald_stat,Reactome_2022
GLI3 Is Processed To GLI3R By Proteasome R-HSA-5610785,1.216761169381748,1.0,0.1755379388448471,PSMD4;PSMA6;PSME3;PSMB10;PSMA7;PSMD11;PSMD5;PSMB2;PSMD13;PSMB9;CUL1;RBX1;UBA52;PSMB8;GSK3B;UBC;PSMC3;PSMC5,wald_stat,Reactome_2022
Chaperone Mediated Autophagy R-HSA-9613829,1.2148842148934758,1.0,0.20526315789473684,HDAC6;HSPA8;PCNT;IFT88;ARL13B;UBA52;UBC;LAMP2;PLIN3,wald_stat,Reactome_2022
Signaling By FGFR4 R-HSA-5654743,-1.2137998897846156,0.5202114175355099,0.15816326530612246,UBB;PIK3R1;PPP2CA;PPP2CB,wald_stat,Reactome_2022
Insertion Of Tail-Anchored Proteins Into Endoplasmic Reticulum Membrane R-HSA-9609523,1.2131504501052106,1.0,0.21501272264631044,UBL4A;GET1;UBE2J2;CYB5A;SGTA;VAMP2,wald_stat,Reactome_2022
Negative Regulation Of FGFR4 Signaling R-HSA-5654733,-1.2127771243536607,0.5001705460262775,0.19111111111111112,UBB;PPP2CA;PPP2CB,wald_stat,Reactome_2022
Negative Regulation Of FGFR3 Signaling R-HSA-5654732,-1.2127771243536607,0.5001705460262775,0.19111111111111112,UBB;PPP2CA;PPP2CB,wald_stat,Reactome_2022
Negative Regulation Of FGFR2 Signaling R-HSA-5654727,-1.2127771243536607,0.5001705460262775,0.19111111111111112,UBB;PPP2CA;PPP2CB,wald_stat,Reactome_2022
Protein Methylation R-HSA-8876725,1.209959264427725,1.0,0.22266139657444006,CAMKMT;HSPA8;METTL21A;VCPKMT;VCP,wald_stat,Reactome_2022
Vif-mediated Degradation Of APOBEC3G R-HSA-180585,1.2094885690895352,1.0,0.19724770642201836,PSMD4;PSMA6;PSME3;PSMB10;PSMA7;PSMD11;PSMD5;PSMB2;PSMD13;PSMB9;RBX1;UBA52;PSMB8;UBC;PSMC3;PSMC5,wald_stat,Reactome_2022
Hedgehog Ligand Biogenesis R-HSA-5358346,1.208715491966424,1.0,0.20436280137772675,PSMD4;PSMA6;PSME3;PSMB10;SYVN1;PSMA7;PSMD11;PSMD5;PSMB2;PSMD13;PSMB9;UBA52;PSMB8;UBC;VCP;PSMC3;PSMC5,wald_stat,Reactome_2022
Defective Homologous Recombination Repair (HRR) Due To BRCA2 Loss Of Function R-HSA-9701190,1.2080560749123723,1.0,0.20631067961165048,RFC2;HUS1;RAD51C;RFC4;RAD17;TOPBP1,wald_stat,Reactome_2022
Transcriptional Regulation By VENTX R-HSA-8853884,1.207138017498227,1.0,0.18801410105757932,EHMT2;MOV10;ANAPC10;CDKN2A;CDC16;ANAPC7;TP53;UBE2E1;AGO4;ANAPC1;AGO1;CEBPB;ANAPC2;CDC23;AGO3;ANAPC5;UBE2D1,wald_stat,Reactome_2022
RAF-independent MAPK1/3 Activation R-HSA-112409,-1.2068790173424488,0.5067889396437932,0.16371681415929204,DUSP2;JAK1;DUSP4;DUSP6,wald_stat,Reactome_2022
HDR Thru Single Strand Annealing (SSA) R-HSA-5685938,1.2049220938082204,1.0,0.21664626682986537,RFC2;HUS1;ERCC4;RFC4;RAD17;TOPBP1;RAD50;ERCC1;KAT5,wald_stat,Reactome_2022
Nephrin Family Interactions R-HSA-373753,-1.203802350119481,0.507171380049702,0.2032520325203252,PIK3R1;NCK2;CD2AP;SPTBN1;PIK3CB;NCK1,wald_stat,Reactome_2022
Neurexins And Neuroligins R-HSA-6794361,1.2021152342726003,1.0,0.24489795918367346,DLGAP4;APBA3;EPB41;PDLIM5;SHARPIN,wald_stat,Reactome_2022
Selective Autophagy R-HSA-9663891,1.2021006425700596,1.0,0.19005524861878453,PRKAB2;MFN1;UBE2V1;NBR1;TOMM5;HDAC6;HSPA8;MFN2;PCNT;PINK1;TOMM70;IFT88;ARL13B;TOMM6;ATG5;UBA52;CSNK2A2;UBC;VCP,wald_stat,Reactome_2022
Activated TAK1 Mediates P38 MAPK Activation R-HSA-450302,1.201468309204488,1.0,0.23016905071521457,TRAF6;MAPK14;UBE2V1,wald_stat,Reactome_2022
Homologous DNA Pairing And Strand Exchange R-HSA-5693579,1.200944644030501,1.0,0.22666666666666666,RFC2;HUS1;RAD51C;RFC4;RAD17;TOPBP1,wald_stat,Reactome_2022
Metabolism Of Polyamines R-HSA-351202,1.2005081763738688,1.0,0.19441210710128057,PSMD4;PSMA6;PSME3;PSMB10;PSMA7;PSMD11;PSMD5;PSMB2;PSMD13;PSMB9;NPRL2;PSMB8;PSMC3;PSMC5,wald_stat,Reactome_2022
Cap-dependent Translation Initiation R-HSA-72737,-1.199854833008872,0.5105809964205299,0.1791044776119403,EIF3G;RSL24D1;EIF3J;EIF3E;EIF3M;PABPC1;EIF4G1;EIF2B1;EIF4A1,wald_stat,Reactome_2022
Platelet Degranulation R-HSA-114608,1.1967784115029136,1.0,0.1737704918032787,TEX264;WDR1;TMX3;CAP1;ENDOD1;TOR4A;VTI1B;SOD1;SCCPDH;FLNA;STXBP2;THBS1;CYB5R1;ANXA5;PPIA;FAM3C;CDC37L1;VPS72;PLEK,wald_stat,Reactome_2022
Miscellaneous Transport And Binding Events R-HSA-5223345,1.1938898283241914,1.0,0.258148631029987,LRRC8A;ADD3;LRRC8D;NIPA2;NIPA1;MRS2;MMGT1;BPNT1,wald_stat,Reactome_2022
PI Metabolism R-HSA-1483255,1.1930408024985,1.0,0.20152505446623092,INPP4A;INPPL1;PLEKHA3;MTMR4;PIP4P1;GDPD5;PIK3C3;GDE1;PLEKHA2;PIK3CA;FIG4;MTMR3;PIK3R3;PIK3C2A;TNFAIP8L1;PLEKHA5;CLSTN1;PIP4K2B;SBF1,wald_stat,Reactome_2022
Translation R-HSA-72766,-1.1922905943534483,0.5234012297513468,0.001,SEC61G;MRPL55;EEF1G;EEF1B2;MRPL44;MRPL54;EIF3G;TRAM1;RSL24D1;SRP68;EIF3J;MRPL33;EIF3E;SSR4;MRPL1;MRPS31;AURKAIP1;MRPL53;EIF3M;LARS1;MRPL47;MRPL14;PABPC1;MRPL9;SRPRB;PPA1;ETF1;EPRS1;NARS1;EIF4G1;SEC61A1;RPN2;SRP19;TRMT112;SPCS2;SSR2;MRPS15;MRPL3;EIF2B1;EIF4A1;MRPL42,wald_stat,Reactome_2022
mRNA Splicing - Minor Pathway R-HSA-72165,-1.1907905888185228,0.5200302723357505,0.1357142857142857,SF3B6;POLR2G;SRSF2;SRSF6;POLR2L;POLR2J;SNRPF;SRSF7;SNRPD2;SNRNP25;SF3B2;RNPC3;POLR2F;SNRNP40;SNRPG;ZRSR2;SF3B1,wald_stat,Reactome_2022
CD28 Dependent PI3K/Akt Signaling R-HSA-389357,-1.1895807036259516,0.5160491192987636,0.21100917431192662,MAP3K8;PIK3R1;THEM4,wald_stat,Reactome_2022
RAC3 GTPase Cycle R-HSA-9013423,-1.188661204639901,0.5119578953810376,0.102803738317757,CDC42;PIK3R1;PKN1;SLC1A5;ARAP2;ARHGAP15;VAMP3;ARHGAP5;AMIGO2;PGRMC2;GIT1,wald_stat,Reactome_2022
Late Endosomal Microautophagy R-HSA-9615710,1.1879397237459497,1.0,0.23687423687423687,UBAP1;HDAC6;HSPA8;PCNT;VPS37A;IFT88;ARL13B;UBA52;CHMP6;UBC,wald_stat,Reactome_2022
NoRC Negatively Regulates rRNA Expression R-HSA-427413,-1.1877340912056855,0.5077609454857597,0.11926605504587157,SAP30BP;H3-3B;SAP18;H2BC12;H2AX;H2AJ;POLR2L;DNMT1;H2AZ1;POLR2F;SUDS3;H2AC20,wald_stat,Reactome_2022
Cleavage Of Damaged Pyrimidine R-HSA-110329,-1.1875301804003224,0.5015878844308642,0.15606936416184972,H2BC12;H2AX;H2AJ;TERF1;H2AZ1;TERF2IP;H2AC20;NEIL1;H2AZ2;POT1,wald_stat,Reactome_2022
Class I Peroxisomal Membrane Protein Import R-HSA-9603798,1.1872369581721596,1.0,0.23036649214659685,ABCD3;PEX11B;PEX14;PEX2,wald_stat,Reactome_2022
Amino Acids Regulate mTORC1 R-HSA-9639288,1.1860651701611173,1.0,0.22120866590649943,ATP6V1A;RRAGC;SZT2;DEPDC5;NPRL3;ATP6V0D1;SLC38A9;ATP6V0E1;SESN2;ATP6V1D;ATP6V1B2;NPRL2;FNIP1;RPTOR;ATP6V0E2;RRAGB;MTOR,wald_stat,Reactome_2022
Transcriptional Regulation By RUNX3 R-HSA-8878159,1.1857021823926175,1.0,0.20021528525296017,MAML1;RUNX1;PSMD4;PSMA6;PSME3;PSMB10;SMURF2;CDKN2A;SMAD4;PSMA7;PSMD11;TP53;PSMD5;PSMB2;PSMD13;BCL2L11;PSMB9;ITGAL;UBA52;PSMB8;UBC;PSMC3;PSMC5,wald_stat,Reactome_2022
Phospholipid Metabolism R-HSA-1483257,1.1854056043125019,1.0,0.14715025906735751,INPP4A;INPPL1;PLEKHA3;CEPT1;LPCAT4;AGPAT1;MTMR4;PCYT2;PITPNM1;CHKB;PIP4P1;GDPD5;PIK3C3;GDE1;PLAAT4;PLEKHA2;PIK3CA;FIG4;MTMR3;PIK3R3;MIGA2;PIK3C2A;CRLS1;PLD3;TNFAIP8L1;GNPAT;PLEKHA5;PNPLA2;DDHD1;SLC44A2;PITPNM2;CLSTN1;PIP4K2B;SBF1;CSNK2A2;SELENOI;LPCAT1;PI4K2B;PLAAT3;ABHD4;SYNJ2;GPCPD1;CDIPT;HADHA;PEMT;INPP5D;ABHD3;GPD2;TAFAZZIN;AGPAT4;PIP5K1C;MTMR9;PIK3R2;CDS2;GPAT4;PIK3CG;ARF3;PISD,wald_stat,Reactome_2022
Autodegradation Of Cdh1 By Cdh1:APC/C R-HSA-174084,1.185176322747151,1.0,0.19911504424778761,PSMD4;PSMA6;PSME3;PSMB10;ANAPC10;CDC16;PSMA7;PSMD11;ANAPC7;PSMD5;PSMB2;PSMD13;UBE2E1;PSMB9;UBA52;PSMB8;UBC;PSMC3;PSMC5;ANAPC1;PSMB3,wald_stat,Reactome_2022
Gene Silencing By RNA R-HSA-211000,-1.1837143621800923,0.5045967582801475,0.07462686567164178,H3-3B;H2BC12;H2AX;H2AJ;POLR2G;NUP98;PRKRA;TPR;TSN;POLR2L;SEH1L;NUP155;POLR2J;RAN;H2AZ1,wald_stat,Reactome_2022
RIP-mediated NFkB Activation Via ZBP1 R-HSA-1810476,-1.183554314454575,0.49857897298334725,0.19834710743801653,ZBP1;NFKBIA;CHUK;NFKBIB,wald_stat,Reactome_2022
RNA Polymerase III Transcription Initiation From Type 1 Promoter R-HSA-76061,1.181376128610257,1.0,0.24686716791979949,GTF3C2;BDP1;POLR3C;GTF3C3;POLR3A;GTF3C6,wald_stat,Reactome_2022
Deactivation Of Beta-Catenin Transactivating Complex R-HSA-3769402,-1.1808342428223109,0.49921895319839044,0.19786096256684493,TCF7;UBB;PYGO2;TLE4;CTBP1;SOX4,wald_stat,Reactome_2022
Regulation Of mRNA Stability By Proteins That Bind AU-rich Elements R-HSA-450531,1.1798270791374212,1.0,0.19782608695652174,YWHAB;PSMD4;PSMA6;HNRNPD;PSME3;MAPK14;PSMB10;ZFP36L1;PARN;HSPA8;PSMA7;PSMD11;PSMD5;PSMB2;PSMD13;HSPA1A;PSMB9;NUP214;UBA52;PSMB8;UBC;PSMC3;PSMC5;KHSRP;DCP1A,wald_stat,Reactome_2022
Formation Of HIV Elongation Complex In Absence Of HIV Tat R-HSA-167152,1.1774912302942,1.0,0.21744186046511627,GTF2F2;SUPT4H1;NELFA;NCBP2;CCNH;CTDP1;GTF2H3;GTF2H5;POLR2D;GTF2H4;ERCC3;POLR2C;CDK7;CCNK,wald_stat,Reactome_2022
Negative Regulation Of NOTCH4 Signaling R-HSA-9604323,1.1758407625803229,1.0,0.2140391254315305,PSMD4;PSMA6;PSME3;PSMB10;PSMA7;PSMD11;PSMD5;PSMB2;PSMD13;PSMB9;CUL1;RBX1;UBA52;PSMB8;UBC;PSMC3;PSMC5,wald_stat,Reactome_2022
GPCR Ligand Binding R-HSA-500792,-1.1749475461853907,0.5084524863904004,0.1553398058252427,XCL1;XCL2;GPR183;CD55;GNAS;HEBP1;GPR65;GNGT2;GNB1;CYSLTR1;RAMP1;VIPR2,wald_stat,Reactome_2022
Autodegradation Of E3 Ubiquitin Ligase COP1 R-HSA-349425,1.1748367242828526,1.0,0.23699421965317918,PSMD4;PSMA6;PSME3;PSMB10;PSMA7;PSMD11;TP53;PSMD5;PSMB2;PSMD13;PSMB9;UBA52;PSMB8;UBC;PSMC3;PSMC5,wald_stat,Reactome_2022
tRNA Aminoacylation R-HSA-379724,1.1728541316652281,1.0,0.24523809523809523,RARS2;CARS1;FARSA;GARS1;FARS2;RARS1;HARS1;AARS1;SARS1;IARS2;DTD1;DARS1;IARS1;AIMP2;PPA2;QARS1;SARS2;TARS1;VARS2,wald_stat,Reactome_2022
FGFR2 Alternative Splicing R-HSA-6803529,-1.1727120984044976,0.507809348529984,0.21052631578947367,HNRNPM;POLR2G;HNRNPH1;POLR2L;POLR2J;HNRNPA1,wald_stat,Reactome_2022
PPARA Activates Gene Expression R-HSA-1989781,1.1720120541544663,1.0,0.19656283566058003,MED27;SREBF2;FAM120B;MED24;MED12;MED25;HELZ2;NCOA6;MED7;MED17;MBD4;NCOR1;CDK19;MED8;NCOA3;ALAS1;NFYC,wald_stat,Reactome_2022
Negative Regulation Of FGFR1 Signaling R-HSA-5654726,-1.170643105982038,0.506908157714624,0.23318385650224216,UBB;PPP2CA;PPP2CB,wald_stat,Reactome_2022
Signaling By FGFR2 R-HSA-5654738,-1.1701854914321086,0.5019160982120545,0.18604651162790697,UBB;PIK3R1;PPP2CA;HNRNPM;POLR2G;PPP2CB;HNRNPH1;POLR2L;POLR2J;HNRNPA1,wald_stat,Reactome_2022
Role Of GTSE1 In G2/M Progression After G2 Checkpoint R-HSA-8852276,1.1697653023477168,1.0,0.25602755453501724,PSMD4;PSMA6;PSME3;PSMB10;PSMA7;PSMD11;TP53;PSMD5;PSMB2;PSMD13;PSMB9;UBA52;PSMB8;UBC;PSMC3;PSMC5,wald_stat,Reactome_2022
GABA Receptor Activation R-HSA-977443,1.1695883458779468,1.0,0.2734375,GNAL;NPTN;GNG5;GNG10;GNB2;GNAI2;GNG2,wald_stat,Reactome_2022
Orc1 Removal From Chromatin R-HSA-68949,1.1684934224711931,1.0,0.2258426966292135,PSMD4;PSMA6;PSME3;PSMB10;MCM5;PSMA7;PSMD11;PSMD5;PSMB2;PSMD13;PSMB9;CUL1;RBX1;UBA52;PSMB8;UBC;PSMC3;PSMC5;PSMB3;ORC3;MCM6;PSMC4;ORC5,wald_stat,Reactome_2022
ABC-family Proteins Mediated Transport R-HSA-382556,1.1656510385940555,1.0,0.2305159165751921,ABCB8;PSMD4;PSMA6;PSME3;PSMB10;ABCD3;PSMA7;PSMD11;ABCC10;PSMD5;PSMB2;PSMD13;ABCA2;PSMB9;UBA52;PSMB8;ABCA7;UBC;VCP;PSMC3;PSMC5;ABCC5,wald_stat,Reactome_2022
SCF-beta-TrCP Mediated Degradation Of Emi1 R-HSA-174113,1.1655705725332244,1.0,0.24169530355097366,PSMD4;PSMA6;PSME3;PSMB10;PSMA7;PSMD11;PSMD5;PSMB2;PSMD13;PSMB9;CUL1;UBA52;PSMB8;UBC;PSMC3;PSMC5,wald_stat,Reactome_2022
Interleukin-1 Family Signaling R-HSA-446652,1.1652687800336101,1.0,0.2182952182952183,LRRC14;PSMD4;STAT3;PSMA6;PSME3;PTPN4;TRAF6;PSMB10;SIGIRR;UBE2V1;NKIRAS2;MAP2K4;PSMA7;PSMD11;TP53;PSMD5;PSMB2;TBK1;PSMD13;TOLLIP;IRAK4;PSMB9;CUL1;TNIP2;PTPN18;RBX1;IKBKB;UBA52;GSDMD;MAP2K6;PSMB8;CASP1;UBC;PSMC3;PSMC5,wald_stat,Reactome_2022
KEAP1-NFE2L2 Pathway R-HSA-9755511,1.1648013771912513,1.0,0.20368364030335862,FBXL17;PSMD4;PSMA6;UBL4A;PSME3;PSMB10;MUL1;CDKN2A;PSMA7;PSMD11;GCLC;PSMD5;PSMB2;PSMD13;SESN2;PSMB9;CUL1;RBX1;UBXN7;UBA52;PSMB8;GSK3B;CSNK2A2;NPLOC4;UBC;VCP;PSMC3;PSMC5;AKT3;PSMB3;TRIM21;UFD1,wald_stat,Reactome_2022
Transcription Of HIV Genome R-HSA-167172,1.1643755507781142,1.0,0.22580645161290322,GTF2F2;SUPT4H1;NELFA;TAF7;GTF2A1;TAF6;NCBP2;CCNH;CTDP1;TAF15;TAF9;GTF2H3;GTF2H5;POLR2D;GTF2H4;ERCC3;POLR2C;CDK7;CCNK;TBP;TAF5;GTF2B,wald_stat,Reactome_2022
mTORC1-mediated Signaling R-HSA-166208,1.163955675326627,1.0,0.24685138539042822,YWHAB;RRAGC;EIF4B;SLC38A9;RPTOR;RRAGB;MTOR,wald_stat,Reactome_2022
Negative Regulation Of MAPK Pathway R-HSA-5675221,-1.1637856878883395,0.5128393708426594,0.16783216783216784,DUSP2;PEBP1;UBB;PPP2CA;PPP2CB;PTPN7;DUSP4,wald_stat,Reactome_2022
Degradation Of GLI1 By Proteasome R-HSA-5610780,1.1629163962677869,1.0,0.25736961451247165,PSMD4;PSMA6;PSME3;PSMB10;PSMA7;PSMD11;PSMD5;PSMB2;PSMD13;PSMB9;CUL1;RBX1;UBA52;PSMB8;UBC;PSMC3;PSMC5;NUMB;PSMB3;PRKACB;PSMC4,wald_stat,Reactome_2022
Formation Of TC-NER Pre-Incision Complex R-HSA-6781823,1.1623998522103125,1.0,0.2660443407234539,ERCC6;ZNF830;COPS5;AQR;CCNH;COPS7A;GTF2H3;GTF2H5;POLR2D;RBX1;UBA52;GTF2H4;ERCC3;POLR2C;UBC;CDK7;XAB2;UVSSA,wald_stat,Reactome_2022
Formation Of HIV-1 Elongation Complex Containing HIV-1 Tat R-HSA-167200,1.1620466367873474,1.0,0.24267291910902697,GTF2F2;SUPT4H1;NELFA;NCBP2;CCNH;CTDP1;GTF2H3;GTF2H5;POLR2D;GTF2H4;ERCC3;POLR2C;CDK7,wald_stat,Reactome_2022
Signaling By FGFR3 R-HSA-5654741,-1.16134140234887,0.5138723291003133,0.21739130434782608,UBB;PIK3R1;PPP2CA;PPP2CB,wald_stat,Reactome_2022
Cellular Response To Chemical Stress R-HSA-9711123,1.1607500832834514,1.0,0.17198764160659114,FBXL17;PSMD4;STAT3;PSMA6;UBL4A;PSME3;PSMB10;CYCS;MUL1;HELZ2;SOD1;TXN2;CDKN2A;NCOA6;CYBA;PSMA7;PSMD11;GPX7;GCLC;PSMD5;PSMB2;PSMD13;MBD4;LRPPRC;SESN2;PSMB9;CUL1;NCOR1;RBX1;COX4I1;UBXN7;UBA52;PSMB8;GSK3B;CSNK2A2;NPLOC4;UBC;VCP;PSMC3;COX14;ATP7A;PSMC5;AKT3;PSMB3;TRIM21;COX6B1;UFD1,wald_stat,Reactome_2022
Regulation Of RUNX2 Expression And Activity R-HSA-8939902,1.159949438803997,1.0,0.23378076062639822,PSMD4;PSMA6;PSME3;PSMB10;PSMA7;PSMD11;PSMD5;PSMB2;PSMD13;STAT1;PSMB9;CUL1;RBX1;UBA52;PSMB8;GSK3B;UBC;PSMC3;PSMC5,wald_stat,Reactome_2022
Vpu Mediated Degradation Of CD4 R-HSA-180534,1.1590216312137176,1.0,0.25145518044237486,PSMD4;PSMA6;PSME3;PSMB10;PSMA7;PSMD11;PSMD5;PSMB2;PSMD13;PSMB9;UBA52;PSMB8;UBC;PSMC3;PSMC5,wald_stat,Reactome_2022
DARPP-32 Events R-HSA-180024,-1.1582771964250198,0.5157203837150595,0.2885572139303483,PPP2CA;PPP3CA;PPP2CB;PDE4D;CDK5;PDE4B,wald_stat,Reactome_2022
ROS And RNS Production In Phagocytes R-HSA-1222556,1.1576218712373794,1.0,0.2638190954773869,ATP6V1A;ATP6V0A2;CYBA;ATP6V0D1;ATP6V0E1;ATP6V1D;ATP6V1B2;ATP6V0E2,wald_stat,Reactome_2022
Signaling By FGFR1 R-HSA-5654736,-1.155476835284444,0.5171578547674385,0.21787709497206703,UBB;PIK3R1;PPP2CA;PPP2CB,wald_stat,Reactome_2022
Metabolism Of Vitamins And Cofactors R-HSA-196854,1.1533273995430309,1.0,0.21762208067940553,LRP10;MCCC2;RDH11;SLC25A16;FLAD1;PARP9;SLC2A3;COQ9;TPK1;COQ6;PARP6;HLCS;PCCB;MMAB;MTR;CYB5A;PPCS;PANK3;UBIAD1;COQ5;PDSS2;MTHFD1;DHFR;PDZD11;MTHFR;GPHN;COQ7;PCCA;CD320;NAXE;AKR1C3;NMRK1;VNN2;LMBRD1;ABCD4;NAXD;CYB5R3;SLC5A6;ABCC1;NAPRT;GSTO1;FPGS;PARP14,wald_stat,Reactome_2022
Defective CFTR Causes Cystic Fibrosis R-HSA-5678895,1.153073331919244,1.0,0.27005649717514124,PSMD4;PSMA6;PSME3;PSMB10;PSMA7;PSMD11;PSMD5;PSMB2;PSMD13;PSMB9;UBA52;PSMB8;UBC;VCP;PSMC3;PSMC5,wald_stat,Reactome_2022
Signaling By Cytosolic FGFR1 Fusion Mutants R-HSA-1839117,1.1529592655770615,1.0,0.2690815006468305,STAT3;STAT5A;PIK3CA;STAT1;STAT5B;TRIM24,wald_stat,Reactome_2022
TNFs Bind Their Physiological Receptors R-HSA-5669034,-1.1522259257384482,0.5202758955491618,0.2641509433962264,TNFSF14;LTA;TNFRSF9;TNFRSF25;TNFSF13B;CD70,wald_stat,Reactome_2022
Chaperonin-mediated Protein Folding R-HSA-390466,1.1515145078872813,1.0,0.24404086265607264,STAT3;USP11;WRAP53;FBXW4;GNG5;CCT7;TP53;AP3M1;CCT3;PFDN6;GNG10;GNB2;PDCL;CSNK2A2;FBXO4;CCT5;ARFGEF2;GNG2;TUBA1A;SKIC2;CCT2;XRN2;FBXW2;FBXL5;KIFC3;PFDN5;DCAF7;FBXW5;GNB5;FBXL3;LONP2;NOP56,wald_stat,Reactome_2022
trans-Golgi Network Vesicle Budding R-HSA-199992,1.1491973386341547,1.0,0.24324324324324326,HGS;BLOC1S1;BLOC1S6;HSPA8;PICALM;CLTC;PTGES2;VAMP8;ARRB1;ACBD3;AP1B1;PIK3C2A;IGF2R;VAMP2;YIPF6;SNX5;AP1S1;AP4M1;GNS;TPD52;PUM1;DNASE2;BLOC1S4;GOLGB1;M6PR,wald_stat,Reactome_2022
Sensory Processing Of Sound By Outer Hair Cells Of Cochlea R-HSA-9662361,-1.1488825015798514,0.5232345486350168,0.23,WHRN;TRIOBP;GSN;SPTBN1,wald_stat,Reactome_2022
"Signaling By Rho GTPases, Miro GTPases And RHOBTB3 R-HSA-9716542",1.1446456365758646,1.0,0.092,S100A9;FAM169A;YWHAB;HGS;MYO6;VAPB;S100A8;DVL3;DBN1;MRTFA;LRRC41;ARHGEF7;NCKAP1L;SPTAN1;MAPK14;ADD3;ARHGAP12;TAOK1;RANGAP1;PPP2R5D;ABCD3;ARHGAP25;MFN1;CYFIP2;STK10;MYO9A;KANSL1;PRKCZ;PIK3C3;ARHGEF3;ARHGAP30;ARHGAP10;SHKBP1;DHDDS;EFHD2;H2BC15;STK38;GOPC;PPP2R5C;MIS12;NUP37;PPP2R5E;PPP1R12B;PIK3CA;PPP2R5A;PICALM;CENPL;FLNA;PLEKHG3;CLTC;ARHGAP17;CYBA;ARPC3;CDKN1B;CAPZB;FNBP1;MYH9;MFN2;MTR;DDRGK1;CCT7;PIK3R3;STOM;MEN1;RALGAPA1;ARHGAP18;NDE1;SCRIB;MYL12B;CSK;WASF2;WDR6;ITGB1;REPS1;WIPF2;SRF;NF2;ARL13B;KDM1A;RHOBTB3;ACTR3;ROCK1;RHOT2;KCTD13;CLIP1;SAMM50;ARPC2;DIAPH1;ARHGAP35;GFOD1;ITSN2;NCOA3;PLXND1;ARHGEF2;FAM135A;ABR;ARHGAP8;PRPF38B;MSI2;ANKFY1;NSFL1C;RHOA;VPS72;BCAP31;ALS2;VCP;KIF2A;DOCK8;RCC2;WDR81;ARHGEF18;SLK;ABI1;IQGAP2;ANKRD26;CTNNA1;ARFGAP2;RHOT1;GIT2;SH3BP1;ARHGAP1;SCAI;MYO19;ZWILCH;ACTR2;AKAP13;SRGAP2;FAF2;DYNC1H1;STIP1;PLIN3;DOCK11;RAB9A;ABI2;ATP6AP1;CCT2;DIAPH2;FRS2;ACTG1;TMPO;SLC4A7;OPHN1;MYL9;FLOT2;MAP3K11;ARHGEF19;GMIP;DOCK5;SCFD1;MACO1;KIDINS220;YWHAQ;CUL3;PAFAH1B1,wald_stat,Reactome_2022
Glycerophospholipid Biosynthesis R-HSA-1483206,1.1440738466840839,1.0,0.21892189218921893,CEPT1;LPCAT4;AGPAT1;PCYT2;PITPNM1;CHKB;PLAAT4;MIGA2;CRLS1;PLD3;GNPAT;PNPLA2;DDHD1;SLC44A2;PITPNM2;CSNK2A2;SELENOI;LPCAT1;PLAAT3;ABHD4;GPCPD1;CDIPT;HADHA;PEMT;ABHD3;GPD2;TAFAZZIN;AGPAT4;CDS2;GPAT4;PISD;DGAT1;PRKCSH;PCTP;LPIN1,wald_stat,Reactome_2022
APC:Cdc20 Mediated Degradation Of Cell Cycle Proteins Before Cycle Checkpoint Satisfied R-HSA-179419,1.14376967506581,1.0,0.25109649122807015,PSMD4;PSMA6;PSME3;PSMB10;ANAPC10;CDC16;PSMA7;PSMD11;ANAPC7;PSMD5;PSMB2;PSMD13;UBE2E1;PSMB9;UBA52;PSMB8;UBC;PSMC3;PSMC5;ANAPC1;PSMB3,wald_stat,Reactome_2022
Cdc20:Phospho-APC/C Mediated Degradation Of Cyclin A R-HSA-174184,1.14376967506581,1.0,0.25109649122807015,PSMD4;PSMA6;PSME3;PSMB10;ANAPC10;CDC16;PSMA7;PSMD11;ANAPC7;PSMD5;PSMB2;PSMD13;UBE2E1;PSMB9;UBA52;PSMB8;UBC;PSMC3;PSMC5;ANAPC1;PSMB3,wald_stat,Reactome_2022
Sensory Processing Of Sound R-HSA-9659379,-1.142653552605308,0.5337379836851999,0.23270440251572327,WHRN;ATP2B1;TRIOBP;GSN;CAPZA2;SPTBN1,wald_stat,Reactome_2022
Signaling By Hedgehog R-HSA-5358351,1.1423187833022017,1.0,0.25957446808510637,PSMD4;PSMA6;PSME3;PSMB10;PTCH1;SMURF2;KIF3A;SYVN1;PSMA7;PSMD11;ARRB1;PSMD5;PSMB2;PSMD13;SPOP;IFT88;PSMB9;CUL1;RBX1;UBA52;PSMB8;GSK3B;IFT172;UBC;VCP;PSMC3;PSMC5;NUMB;PSMB3;TTC21B;IQCE;PRKACB;PSMC4;ADAM17,wald_stat,Reactome_2022
APC/C:Cdc20 Mediated Degradation Of Securin R-HSA-174154,1.1418766092121715,1.0,0.25410733844468786,PSMD4;PSMA6;PSME3;PSMB10;ANAPC10;CDC16;PSMA7;PSMD11;ANAPC7;PSMD5;PSMB2;PSMD13;UBE2E1;PSMB9;UBA52;PSMB8;UBC;PSMC3;PSMC5;ANAPC1;PSMB3,wald_stat,Reactome_2022
FCGR3A-mediated Phagocytosis R-HSA-9664422,1.1415002689474247,1.0,0.26658624849215923,CD247;NCKAP1L;CYFIP2;CRK;ARPC3;MYH9;WASF2;WIPF2;ACTR3;ARPC2;ABI1;ACTR2;ABI2;ACTG1,wald_stat,Reactome_2022
Attenuation Phase R-HSA-3371568,-1.1409500058357527,0.5323963299481209,0.28640776699029125,UBB;DNAJB6;CREBBP;HSP90AB1,wald_stat,Reactome_2022
CDK-mediated Phosphorylation And Removal Of Cdc6 R-HSA-69017,1.14002294013602,1.0,0.24528301886792453,PSMD4;PSMA6;PSME3;PSMB10;ANAPC10;CDC16;PSMA7;PSMD11;ANAPC7;PSMD5;PSMB2;PSMD13;UBE2E1;PSMB9;UBA52;PSMB8;UBC;PSMC3;PSMC5;ANAPC1;PSMB3,wald_stat,Reactome_2022
RNA Polymerase III Transcription Initiation From Type 3 Promoter R-HSA-76071,1.139668605481734,1.0,0.30198019801980197,BDP1;ZNF143;POLR3C;POLR3A;SNAPC2,wald_stat,Reactome_2022
Regulation Of Insulin Secretion R-HSA-422356,1.1385699237235338,1.0,0.2809917355371901,AKAP5;CACNA2D2;AHCYL1;GNG5;PLCB2;VAMP2;GNG10;GNB2;ACSL4;GNAI2;GNG2;PRKACB;ACSL3;ITPR1;IQGAP1;GNB5;PRKAR2A;RAP1A;ITPR2,wald_stat,Reactome_2022
mRNA Capping R-HSA-72086,1.1380532691845147,1.0,0.30074257425742573,GTF2F2;NCBP2;CCNH;GTF2H3;GTF2H5;POLR2D;GTF2H4;ERCC3;POLR2C;CDK7,wald_stat,Reactome_2022
Transcriptional Regulation By RUNX2 R-HSA-8878166,1.137234258074543,1.0,0.24591947769314473,RUNX1;PSMD4;PSMA6;PSME3;PSMB10;CDK4;HDAC6;SMAD4;PSMA7;PSMD11;PSMD5;PSMB2;PSMD13;STAT1;PSMB9;CUL1;RBX1;UBA52;PSMB8;GSK3B;UBC;PSMC3;PSMC5,wald_stat,Reactome_2022
FOXO-mediated Transcription R-HSA-9614085,1.1363645421630624,1.0,0.28719723183391005,YWHAB;TXN2;SMAD4;FASLG;CDKN1B;PINK1;STK11;CITED2;BCL2L11;BBC3;SIRT1;NFYC,wald_stat,Reactome_2022
Nuclear Events Mediated By NFE2L2 R-HSA-9759194,1.134438240669802,1.0,0.2830188679245283,PSMD4;PSMA6;UBL4A;PSME3;PSMB10;CDKN2A;PSMA7;PSMD11;GCLC;PSMD5;PSMB2;PSMD13;PSMB9;CUL1;RBX1;UBA52;PSMB8;GSK3B;UBC;PSMC3;PSMC5,wald_stat,Reactome_2022
Diseases Of Mitotic Cell Cycle R-HSA-9675126,1.1320736636307522,1.0,0.28746928746928746,ANAPC10;CDK4;CCND2;CDC16;CDKN1B;ANAPC7;UBE2E1;CCND3;ANAPC1;DAXX;ANAPC2;CDK2;RB1;CDC23;ANAPC5;UBE2D1;ATRX,wald_stat,Reactome_2022
RHO GTPase Cycle R-HSA-9012999,1.1319150528904651,1.0,0.16016016016016016,FAM169A;HGS;MYO6;VAPB;DBN1;ARHGEF7;NCKAP1L;SPTAN1;ADD3;ARHGAP12;ABCD3;ARHGAP25;CYFIP2;STK10;MYO9A;ARHGEF3;ARHGAP30;ARHGAP10;SHKBP1;DHDDS;EFHD2;STK38;GOPC;PIK3CA;PICALM;PLEKHG3;CLTC;ARHGAP17;CYBA;CAPZB;FNBP1;MTR;DDRGK1;CCT7;PIK3R3;STOM;RALGAPA1;ARHGAP18;SCRIB;CSK;WASF2;WDR6;ITGB1;REPS1;WIPF2;ARL13B;ROCK1;KCTD13;SAMM50;DIAPH1;ARHGAP35;GFOD1;ITSN2;NCOA3;PLXND1;ARHGEF2;FAM135A;ABR;ARHGAP8;PRPF38B;MSI2;ANKFY1;NSFL1C;RHOA;BCAP31;ALS2;VCP;DOCK8;WDR81;ARHGEF18;SLK;ABI1;IQGAP2;ANKRD26;ARFGAP2;GIT2;SH3BP1;ARHGAP1;AKAP13;SRGAP2;FAF2;STIP1;DOCK11;ABI2;ATP6AP1;CCT2;DIAPH2;FRS2;ACTG1;TMPO;SLC4A7;OPHN1;FLOT2;MAP3K11;ARHGEF19;GMIP;DOCK5;SCFD1;MACO1;KIDINS220;CUL3,wald_stat,Reactome_2022
Impaired BRCA2 Binding To RAD51 R-HSA-9709570,1.131102364870027,1.0,0.29739776951672864,RFC2;HUS1;RFC4;RAD17;TOPBP1;RAD50,wald_stat,Reactome_2022
Interleukin-1 Signaling R-HSA-9020702,1.130279826275415,1.0,0.2781875658587987,LRRC14;PSMD4;PSMA6;PSME3;TRAF6;PSMB10;UBE2V1;NKIRAS2;MAP2K4;PSMA7;PSMD11;TP53;PSMD5;PSMB2;PSMD13;TOLLIP;IRAK4;PSMB9;CUL1;TNIP2;RBX1;IKBKB;UBA52;MAP2K6;PSMB8;UBC;PSMC3;PSMC5,wald_stat,Reactome_2022
"Respiratory Electron Transport, ATP Synthesis By Chemiosmotic Coupling, Heat Production By Uncoupling Proteins R-HSA-163200",-1.1290352372784787,0.5592115123072471,0.17647058823529413,NDUFB9;COX7B;ATP5MC1;UQCRFS1;NDUFB11;NDUFA1;UQCR11;ATP5ME;NDUFB6;UQCRQ;NDUFS8;NDUFS3;COX6A1;NDUFC2;SDHB;NDUFB1;COX19;SDHD;NDUFS6;COX16;NDUFB8;COX8A;SCO2;NDUFB7;NDUFA3;NDUFA7;ATP5F1C;NDUFA13,wald_stat,Reactome_2022
Regulation Of Lipid Metabolism By PPARalpha R-HSA-400206,1.1286619045393098,1.0,0.2545846817691478,MED27;SREBF2;FAM120B;MED24;MED12;MED25;HELZ2;NCOA6;MED7;MED17;MBD4;NCOR1;CDK19;MED8;NCOA3;ALAS1;NFYC,wald_stat,Reactome_2022
HSF1 Activation R-HSA-3371511,-1.1286240153567615,0.5542458626671445,0.2828282828282828,UBB;YWHAE;DNAJB6,wald_stat,Reactome_2022
FCERI Mediated NF-kB Activation R-HSA-2871837,1.1283624360203512,1.0,0.28492849284928495,PSMD4;PSMA6;PSME3;TRAF6;PSMB10;UBE2V1;PSMA7;PSMD11;PSMD5;PSMB2;PSMD13;RASGRP2;PSMB9;CUL1;UBE2D2;IKBKB;UBA52;PSMB8;UBC;PSMC3;PSMC5;RASGRP1;PSMB3,wald_stat,Reactome_2022
Intraflagellar Transport R-HSA-5620924,1.127344360285621,1.0,0.3050430504305043,TRIP11;KIF3A;KIF3B;DYNC2I1;IFT88;IFT172;IFT20;TTC21B;DYNLT2B;IFT57;DYNC2H1;KIFAP3;DYNLRB1;WDR35;DYNLT2;IFT27;TNPO1;DYNLL1;IFT52,wald_stat,Reactome_2022
G2/M DNA Damage Checkpoint R-HSA-69473,1.12530665695426,1.0,0.2790960451977401,YWHAB;RFC2;HUS1;RNF8;H2BC15;RFC4;RAD17;TOPBP1;TP53;HERC2;MDC1;BRCC3;RAD50;NSD2,wald_stat,Reactome_2022
RAB GEFs Exchange GTP For GDP On RABs R-HSA-8876198,-1.1253054941259244,0.5570497133732574,0.21686746987951808,RAB5C;RIN3;TRAPPC10;TRAPPC2L;TRAPPC6A;RAB1A;YWHAE;TRAPPC2;DENND1B;DENND2B;GDI1;DENND4A;RAB3GAP2;MADD;RAB27B;AKT1;RAB1B,wald_stat,Reactome_2022
Neurotransmitter Receptors And Postsynaptic Signal Transmission R-HSA-112314,1.12345856552207,1.0,0.2774122807017544,AKAP5;MYO6;GNAL;ARHGEF7;NPTN;PRKAB2;GNG5;CHRNE;PLCB2;AP2A2;GNG10;GNB2;PICK1;AP2A1;GNAI2;GNG2;PRKACB;PRKAG2;AP2S1;LLGL1;PRKCB;MAPK3,wald_stat,Reactome_2022
RHO GTPase Effectors R-HSA-195258,1.1231666038634782,1.0,0.22597137014314927,S100A9;YWHAB;S100A8;DVL3;MRTFA;ARHGEF7;NCKAP1L;MAPK14;TAOK1;RANGAP1;PPP2R5D;CYFIP2;KANSL1;PRKCZ;PIK3C3;DHDDS;H2BC15;GOPC;PPP2R5C;MIS12;NUP37;PPP2R5E;PPP1R12B;PPP2R5A;CENPL;FLNA;CYBA;ARPC3;CDKN1B;MYH9;MEN1;NDE1;MYL12B;WASF2;ITGB1;WIPF2;SRF;NF2;KDM1A;ACTR3;ROCK1;CLIP1;ARPC2;DIAPH1,wald_stat,Reactome_2022
Diseases Of DNA Repair R-HSA-9675135,1.1225843156653874,1.0,0.3055885850178359,RFC2;HUS1;RAD51C;PMS2;RFC4;RAD17;TOPBP1,wald_stat,Reactome_2022
Amyloid Fiber Formation R-HSA-977225,-1.1220347872981837,0.5604033113528454,0.18382352941176472,H3-3B;UBB;H2BC12;H2AX;GSN,wald_stat,Reactome_2022
Response Of Mtb To Phagocytosis R-HSA-9637690,1.1219642740222593,1.0,0.3282636248415716,HGS;TRIM27;RNF213;UBA52;UBC;GSK3A;KPNA1;KPNB1;DUSP16;MAPK3;PGK1,wald_stat,Reactome_2022
Synthesis Of PA R-HSA-1483166,1.1216382022634104,1.0,0.3093167701863354,LPCAT4;AGPAT1;MIGA2;GNPAT;DDHD1;LPCAT1;GPD2;AGPAT4;GPAT4;PRKCSH,wald_stat,Reactome_2022
Transcriptional Regulation By TP53 R-HSA-3700989,1.1216006680394617,1.0,0.19095477386934673,EHMT2;YWHAB;NDRG1;TTC5;UBL4A;GTF2F2;MAPK14;RFC2;PRKAB2;SUPT4H1;CYCS;NOC2L;MOV10;RRAGC;CNOT3;CDK13;HIPK2;NELFA;HUS1;TP53RK;TAF7;NUAK1;PIP4P1;CNOT8;DDB2;TXN2;TAF6;CDKN2A;CNOT7;PPP2R5C;TSC2;PMS2;CDKN1B;RFC4;RAD17;CCNH;TOPBP1;CTDP1;TP53;SLC38A9;GNPDA1;STK11;MDC1;TAF15;PRELID1;LRPPRC;TAF9;SESN2;GTF2H3;GTF2H5;BBC3;POLR2D;CASP2;COX4I1;AGO4;UBA52;RAD50;MAP2K6;CASP1;RPTOR;DYRK2;GTF2H4;ERCC3;PIP4K2B;POLR2C;CSNK2A2;CDK12;UBC;CDK7;COX14;CNOT6;TIGAR;CCNK;RRAGB;TBP;CRADD;AKT3;KAT6A;MTOR;CNOT6L;COX6B1;TAF5,wald_stat,Reactome_2022
Membrane Trafficking R-HSA-199991,1.1215767466904838,1.0,0.15,YWHAB;HGS;MYO6;TBC1D25;TBC1D14;BLOC1S1;NAA35;VTA1;TBC1D10B;TRIP11;SEC23IP;CTSC;COG4;SPTAN1;TBC1D7;TRAPPC12;RABEPK;RABGAP1;PRKAB2;KIF21B;MON1A;TBC1D10C;BLOC1S6;COG1;RALGAPB;COPS5;DENND3;UBAP1;NBAS;RAB35;RAB10;SEC31A;KIF3A;COPZ2;TRAPPC6B;GGA1;HPS4;RAB5B;TSC2;VTI1A;HSPA8;GGA2;SEC16A;COPA;COG5;PICALM;EPS15;PREB;MAN1A1;CLTC;PTGES2;CYTH4;ARPC3;SYS1;CAPZB;FNBP1;KIF3B;VAMP8;SCOC;AP2A2;MYH9;LNPEP;BICD2;ANKRD27;ARRB1;KDELR1;VPS37A;ACBD3;AP1B1;COPS7A;PIK3C2A;SNX18;REPS1;MCFD2;DENND4C;IGF2R;NAA30;RHOBTB3;ACTR3;COG2;TRAPPC1;VAMP2;STX6;RAB6A;C2CD5;UBQLN2;SH3GL1;ARPC2;TRAPPC13;YIPF6;ITSN2;COPB2;PPP6R1;UBA52;TBC1D13;EXOC2;RAB33A;CHMP6;VPS51;EXOC6;SBF1;SNX5;DCTN2;AP1S1;VPS45;ADRB2;GOLGA4;CYTH1;BIN1;ALS2;UBC;AP4M1;GNS;KIF2A;TPD52;FCHO2;PACSIN2;GALNT2;RAB11A;AP2A1;ARFGAP2;PPP6R3;TBC1D17;AKT3;COPG1;CCZ1B;ACTR2;PUM1;DYNC1H1;STX16;PLIN3;GOSR2;RAB9A;COG3;DNASE2;BLOC1S4;CBL;SYNJ2;COG7;GOLGB1;FCHO1;EXOC5;DENND4B;PRKAG2;KIF13B;M6PR;SCFD1;DCTN1;YWHAQ;ASPSCR1;PAFAH1B1;PAFAH1B3;DENND6A;AP2S1;GOSR1;PIP5K1C;EPN2;UBQLN1;KIF9;VAMP4,wald_stat,Reactome_2022
Disassembly Of Destruction Complex And Recruitment Of AXIN To Membrane R-HSA-4641262,1.1208953429416242,1.0,0.3221216041397154,DVL3;PPP2R5D;PPP2R5C;PPP2R5E;PPP2R5A,wald_stat,Reactome_2022
Signaling By BRAF And RAF1 Fusions R-HSA-6802952,1.1198781165160923,1.0,0.282021151586369,YWHAB;APBB1IP;KDM7A;FAM114A2;ARRB1;CSK;ARAF;BCL2L11;RAP1B;TRIM24,wald_stat,Reactome_2022
RHOD GTPase Cycle R-HSA-9013405,1.1198769528914838,1.0,0.3,VAPB;DBN1;ADD3;ARHGAP12;EFHD2;ARHGAP17;CAPZB;DIAPH1;ARHGAP35;ANKFY1;ARHGAP1;DIAPH2;TMPO;SLC4A7;PIK3R2;ESYT1;HINT2,wald_stat,Reactome_2022
Inactivation Of CSF3 (G-CSF) Signaling R-HSA-9705462,-1.11920390356217,0.5625842959096166,0.24761904761904763,SOCS1;UBB;JAK1;RNF7,wald_stat,Reactome_2022
Response To Elevated Platelet Cytosolic Ca2+ R-HSA-76005,1.1184913438541757,1.0,0.276013143483023,TEX264;WDR1;TMX3;CAP1;ENDOD1;TOR4A;VTI1B;SOD1;SCCPDH;FLNA;STXBP2;THBS1;CYB5R1;ANXA5;PPIA;FAM3C;CDC37L1;VPS72;PLEK,wald_stat,Reactome_2022
Diseases Associated With TLR Signaling Cascade R-HSA-5602358,1.1172914255605644,1.0,0.32655654383735705,S100A9;S100A8,wald_stat,Reactome_2022
DNA Damage/Telomere Stress Induced Senescence R-HSA-2559586,-1.1157597349840886,0.5672527054609423,0.22857142857142856,H2BC12;H1-3;H2AX;H2AJ;TERF1;H1-4,wald_stat,Reactome_2022
Signaling By FGFR1 In Disease R-HSA-5655302,1.1142462372874957,1.0,0.3196125907990315,STAT3;STAT5A;PIK3CA;PLCG1;STAT1;STAT5B;TRIM24;FRS2;LRRFIP1;BAG4;CNTRL;FGFR1,wald_stat,Reactome_2022
Plasma Lipoprotein Clearance R-HSA-8964043,-1.1140491698544852,0.5659622494432243,0.2857142857142857,UBB;NPC2;AP2B1;LSR,wald_stat,Reactome_2022
Aggrephagy R-HSA-9646399,1.1140384113266568,1.0,0.33969465648854963,UBE2V1;HDAC6;PCNT;IFT88;ARL13B;UBA52;UBC;VCP;DYNC1H1,wald_stat,Reactome_2022
Signaling By FGFR R-HSA-190236,-1.1138889409003372,0.5608053732348036,0.226890756302521,UBB;PIK3R1;PPP2CA;HNRNPM;POLR2G;PPP2CB;HNRNPH1;POLR2L;POLR2J;HNRNPA1,wald_stat,Reactome_2022
APC/C:Cdh1 Mediated Degradation Of Cdc20 And APC/C:Cdh1 Targets In Late Mitosis/Early G1 R-HSA-174178,1.1133885810185749,1.0,0.27332601536772777,PSMD4;PSMA6;PSME3;PSMB10;ANAPC10;CDC16;PSMA7;PSMD11;ANAPC7;PSMD5;PSMB2;PSMD13;UBE2E1;PSMB9;UBA52;PSMB8;UBC;PSMC3;PSMC5;ANAPC1;PSMB3,wald_stat,Reactome_2022
APC/C:Cdc20 Mediated Degradation Of Mitotic Proteins R-HSA-176409,1.1094711753082414,1.0,0.29276315789473684,PSMD4;PSMA6;PSME3;PSMB10;ANAPC10;CDC16;PSMA7;PSMD11;ANAPC7;PSMD5;PSMB2;PSMD13;UBE2E1;PSMB9;UBA52;PSMB8;UBC;PSMC3;PSMC5;ANAPC1;PSMB3,wald_stat,Reactome_2022
Activation Of APC/C And APC/C:Cdc20 Mediated Degradation Of Mitotic Proteins R-HSA-176814,1.1094711753082414,1.0,0.29276315789473684,PSMD4;PSMA6;PSME3;PSMB10;ANAPC10;CDC16;PSMA7;PSMD11;ANAPC7;PSMD5;PSMB2;PSMD13;UBE2E1;PSMB9;UBA52;PSMB8;UBC;PSMC3;PSMC5;ANAPC1;PSMB3,wald_stat,Reactome_2022
Estrogen-dependent Gene Expression R-HSA-9018519,-1.1082144034741408,0.5710369265227804,0.15714285714285714,H3-3B;H2BC12;H2AX;H2AJ;GATA3;SMC3;POLR2G;NRIP1;CREBBP;RAD21;POLR2L;POLR2J;CHD1;H2AZ1;HSP90AB1;PMEPA1;POLR2F;H2AC20;DDX5;JUND;GTF2A2;AXIN1;SMC1A;KPNA2;H2AZ2,wald_stat,Reactome_2022
Processing Of DNA Double-Strand Break Ends R-HSA-5693607,1.1078446316227133,1.0,0.3114382785956965,RFC2;HUS1;RNF8;H2BC15;RFC4;PPP4R2;RAD17;TOPBP1;HERC2;MDC1;SIRT6;BRCC3;UBA52;RAD50;NSD2;RNF4;PPP4C;UBC,wald_stat,Reactome_2022
PTEN Regulation R-HSA-6807070,1.1076624131466701,1.0,0.2736732570239334,TRIM27;PSMD4;PSMA6;PSME3;PSMB10;MOV10;RRAGC;MTA1;RNF146;HDAC5;PSMA7;PSMD11;TP53;PSMD5;PSMB2;PSMD13;SLC38A9;KDM1A;PSMB9;AGO4;RING1;UBA52;PSMB8;RPTOR;CSNK2A2;TNKS;UBC;PSMC3;PSMC5;RRAGB;TNKS2;AKT3;MTOR;PSMB3;CNOT6L;AGO1;CHD3;PHC1;REST;PSMC4,wald_stat,Reactome_2022
Signaling By ERBB2 In Cancer R-HSA-1227990,1.1072489942386425,1.0,0.356763925729443,ERBB2;PIK3CA;PLCG1;SHC1;NRG2,wald_stat,Reactome_2022
G Alpha (Q) Signaling Events R-HSA-416476,-1.106799000490935,0.5696360274805596,0.22988505747126436,XCL1;XCL2;PIK3R1;RGS1;GNAQ;GPR65;GRK2;GNGT2;GNB1;CYSLTR1;ITPR3;DGKQ;PRKCA;RGS16,wald_stat,Reactome_2022
Switching Of Origins To A Post-Replicative State R-HSA-69052,1.1062952768254641,1.0,0.2766884531590414,PSMD4;PSMA6;PSME3;PSMB10;ANAPC10;CDC16;MCM5;PSMA7;PSMD11;ANAPC7;PSMD5;PSMB2;PSMD13;UBE2E1;PSMB9;CUL1;RBX1;UBA52;PSMB8;UBC;PSMC3;PSMC5;ANAPC1;PSMB3;ORC3;MCM6;PSMC4;ORC5,wald_stat,Reactome_2022
Metabolism Of Amino Acids And Derivatives R-HSA-71291,1.1062558463959515,1.0,0.2507676560900716,PSMD4;QDPR;PSMA6;PSME3;MCCC2;CARNS1;OGDH;PSMB10;ALDH9A1;PDHB;TXN2;BCKDHB;SERINC3;OAT;CARNMT1;LIPT1;RARS1;PSMA7;PSMD11;ADI1;MTR;PSMD5;EEFSEC;PSMB2;PSMD13;AUH;SECISBP2;PYCR2;PSMB9;NPRL2;PCBD1;UBA52;PSMB8;ACADSB;PSMC3;PSMC5;SLC25A13;SARS1;ALDH18A1;MRI1;KYAT3;PSMB3;GRHPR;DHTKD1;RIDA;PSMC4;DARS1;FAH;PEMT;TMLHE;SEPSECS;GLUD1;LIAS;GCSH;DLAT,wald_stat,Reactome_2022
Hedgehog Off State R-HSA-5610787,1.106240393473807,1.0,0.31596091205211724,PSMD4;PSMA6;PSME3;PSMB10;PTCH1;KIF3A;PSMA7;PSMD11;PSMD5;PSMB2;PSMD13;IFT88;PSMB9;CUL1;RBX1;UBA52;PSMB8;GSK3B;IFT172;UBC;PSMC3;PSMC5;NUMB;PSMB3;TTC21B;PRKACB,wald_stat,Reactome_2022
Respiratory Electron Transport R-HSA-611105,-1.105602371679275,0.5674278313587138,0.203125,NDUFB9;COX7B;UQCRFS1;NDUFB11;NDUFA1;UQCR11;NDUFB6;UQCRQ;NDUFS8;NDUFS3;COX6A1;NDUFC2;SDHB;NDUFB1;COX19;SDHD;NDUFS6;COX16;NDUFB8;COX8A;SCO2;NDUFB7;NDUFA3;NDUFA7,wald_stat,Reactome_2022
Regulation Of Actin Dynamics For Phagocytic Cup Formation R-HSA-2029482,1.1053339627733807,1.0,0.3301997649823737,CD247;NCKAP1L;CYFIP2;CRK;ARPC3;MYH9;WASF2;WIPF2;NF2;ACTR3;ARPC2;VPS72;ABI1;ACTR2;ABI2;ACTG1,wald_stat,Reactome_2022
DNA Repair R-HSA-73894,1.104470542386966,1.0,0.2591093117408907,ASCC3;FANCA;ASCC1;ERCC6;RFC2;ZNF830;POLK;XRCC1;ERCC5;HUS1;FAAP20;RNF8;COPS5;INO80D;ACTR8;RAD51C;DDB2;H2BC15;PMS2;AQR;DCLRE1C;RNF111;ERCC4;RFC4;PPP4R2;RAD17;RAD23B;CCNH;TOPBP1;TP53;HERC2;INO80;COPS7A;PIAS1;SPIDR;BAZ1B;MBD4;MDC1;ACD;NHEJ1;GTF2H3;GTF2H5;SIRT6;MGMT;TINF2;POLR2D;RBX1;TERF2;BRCC3;INO80C;KDM4A;UBA52;RAD50;RUVBL1;NSD2;RNF4;GTF2H4;ERCC3;POLR2C;PPP4C;USP32;TRIM25;FANCF;NPLOC4;UBC;CDK7;VCP;XAB2;MPG;UVSSA;TDP2;INO80B;POLM;POLL;FAN1;XRCC5;UFD1;ERCC8;FANCG,wald_stat,Reactome_2022
Negative Epigenetic Regulation Of rRNA Expression R-HSA-5250941,-1.104463403657162,0.5651373496074464,0.22522522522522523,SAP30BP;H3-3B;SAP18;H2BC12;H2AX;H2AJ,wald_stat,Reactome_2022
Signaling By High-Kinase Activity BRAF Mutants R-HSA-6802948,1.1030496221657642,1.0,0.33588761174968074,YWHAB;APBB1IP;ARRB1;CSK;ARAF;RAP1B,wald_stat,Reactome_2022
Macroautophagy R-HSA-1632852,1.102200746786537,1.0,0.2992623814541623,ATG9A;UVRAG;PRKAB2;RRAGC;MFN1;UBE2V1;NBR1;PIK3C3;TOMM5;HDAC6;TSC2;HSPA8;MTMR3;MFN2;PCNT;PINK1;TOMM70;SLC38A9;IFT88;ARL13B;TOMM6;ATG5;UBA52;RPTOR;CHMP6;CSNK2A2;UBC;VCP;RRAGB;MTOR;DYNC1H1;PLIN3,wald_stat,Reactome_2022
Kinesins R-HSA-983189,1.0990999940917072,1.0,0.3539473684210526,KIF21B;KIF3A;KIF3B;KIF2A;KIF13B;KIF9;KIFAP3;KIF20B,wald_stat,Reactome_2022
Regulation Of TP53 Activity Thru Methylation R-HSA-6804760,1.0981413435662166,1.0,0.34300791556728233,EHMT2;TTC5;TP53;UBA52;UBC,wald_stat,Reactome_2022
Transferrin Endocytosis And Recycling R-HSA-917977,1.0980431829379094,1.0,0.360450563204005,ATP6V1A;ATP6V0A2;ATP6V0D1;ATP6V0E1;ATP6V1D;ATP6V1B2;ATP6V0E2;ATP6AP1;TFR2,wald_stat,Reactome_2022
Sealing Of Nuclear Envelope (NE) By ESCRT-III R-HSA-9668328,-1.098034648898202,0.5768067604024827,0.30917874396135264,TUBB4B;TUBA4A;IST1;TUBA1B;CHMP2A;LEMD2,wald_stat,Reactome_2022
RAF Activation R-HSA-5673000,1.0968036604341225,1.0,0.3353510895883777,YWHAB;PPP2R5D;PPP2R5C;PPP2R5E;PPP2R5A;ARAF,wald_stat,Reactome_2022
Estrogen-dependent Nuclear Events Downstream Of ESR-membrane Signaling R-HSA-9634638,1.096415242680244,1.0,0.35809018567639256,CDKN1B;UHMK1;SRF;AKT3;MAPK3;BCL2;XPO1;CREB1,wald_stat,Reactome_2022
Extra-nuclear Estrogen Signaling R-HSA-9009391,1.0955955216921336,1.0,0.3325608342989571,PRKCZ;PIK3CA;GNG5;CDKN1B;UHMK1;SHC1;PIK3R3;ZDHHC21;STRN;SRF;GNG10;GNB2;GNAI2;AKT3;GNG2,wald_stat,Reactome_2022
Signaling By Rho GTPases R-HSA-194315,1.0947953889840323,1.0,0.199,S100A9;FAM169A;YWHAB;HGS;MYO6;VAPB;S100A8;DVL3;DBN1;MRTFA;ARHGEF7;NCKAP1L;SPTAN1;MAPK14;ADD3;ARHGAP12;TAOK1;RANGAP1;PPP2R5D;ABCD3;ARHGAP25;CYFIP2;STK10;MYO9A;KANSL1;PRKCZ;PIK3C3;ARHGEF3;ARHGAP30;ARHGAP10;SHKBP1;DHDDS;EFHD2;H2BC15;STK38;GOPC;PPP2R5C;MIS12;NUP37;PPP2R5E;PPP1R12B;PIK3CA;PPP2R5A;PICALM;CENPL;FLNA;PLEKHG3;CLTC;ARHGAP17;CYBA;ARPC3;CDKN1B;CAPZB;FNBP1;MYH9;MTR;DDRGK1;CCT7;PIK3R3;STOM;MEN1;RALGAPA1;ARHGAP18;NDE1;SCRIB;MYL12B;CSK;WASF2;WDR6;ITGB1;REPS1;WIPF2;SRF;NF2;ARL13B;KDM1A;ACTR3;ROCK1;KCTD13;CLIP1;SAMM50;ARPC2;DIAPH1;ARHGAP35;GFOD1;ITSN2;NCOA3;PLXND1;ARHGEF2;FAM135A;ABR;ARHGAP8;PRPF38B;MSI2;ANKFY1;NSFL1C;RHOA;VPS72;BCAP31;ALS2;VCP;KIF2A;DOCK8;RCC2;WDR81;ARHGEF18;SLK;ABI1;IQGAP2;ANKRD26;CTNNA1;ARFGAP2;GIT2;SH3BP1;ARHGAP1;SCAI;ZWILCH;ACTR2;AKAP13;SRGAP2;FAF2;DYNC1H1;STIP1;DOCK11;ABI2;ATP6AP1;CCT2;DIAPH2;FRS2;ACTG1;TMPO;SLC4A7;OPHN1;MYL9;FLOT2;MAP3K11;ARHGEF19;GMIP;DOCK5;SCFD1;MACO1;KIDINS220;YWHAQ;CUL3;PAFAH1B1,wald_stat,Reactome_2022
Beta-catenin Independent WNT Signaling R-HSA-3858494,1.0943380975354713,1.0,0.3180851063829787,DVL3;PSMD4;PSMA6;PSME3;PSMB10;MOV10;SMURF2;PPP3CB;GNG5;CLTC;PLCB2;AP2A2;PSMA7;PSMD11;PSMD5;PSMB2;SCRIB;PSMD13;PSMB9;GNG10;GNB2;NCOA3;AGO4;UBA52;PSMB8;RHOA;UBC;PSMC3;PSMC5;AP2A1;PDE6B;GNG2;PSMB3,wald_stat,Reactome_2022
Intra-Golgi And Retrograde Golgi-to-ER Traffic R-HSA-6811442,1.0940997621504172,1.0,0.30268595041322316,NAA35;TRIP11;COG4;RABEPK;KIF21B;COG1;NBAS;KIF3A;COPZ2;VTI1A;COPA;COG5;MAN1A1;PTGES2;CYTH4;SYS1;CAPZB;KIF3B;SCOC;BICD2;KDELR1;IGF2R;NAA30;RHOBTB3;COG2;STX6;RAB6A;COPB2;VPS51;DCTN2;VPS45;GOLGA4;CYTH1;KIF2A;GALNT2;ARFGAP2;COPG1;DYNC1H1;STX16;PLIN3;GOSR2;RAB9A;COG3;COG7;KIF13B;M6PR;DCTN1;PAFAH1B1;PAFAH1B3;GOSR1;KIF9;VAMP4;YKT6;COPB1;CYTH3;KIFAP3;GOLGA1;ARF3,wald_stat,Reactome_2022
Class A/1 (Rhodopsin-like Receptors) R-HSA-373076,-1.0928388164150347,0.5869402242927739,0.30708661417322836,XCL1;XCL2;GPR183;HEBP1;GPR65;CYSLTR1,wald_stat,Reactome_2022
GPCR Downstream Signaling R-HSA-388396,-1.0919988898426836,0.5838192400023621,0.17391304347826086,XCL1;XCL2;GRK6;CDC42;PIK3R1;PKN1;PPP2CA;ARHGEF1;GPR183;PPP3CA;RGS1;PPP2CB;PDE4D;CDK5;GNAI3;GNAQ;PDE4B;GNAS;HEBP1;GPR65;GRK2;GNA13;GNGT2;GNB1;CYSLTR1;RAMP1;VIPR2;ITPR3;DGKQ;PRKCA;VAV3;RHOC;RGS16;GNA12;AKT1;TIAM1;ARHGEF12,wald_stat,Reactome_2022
Gap-filling DNA Repair Synthesis And Ligation In GG-NER R-HSA-5696397,1.0914050301088858,1.0,0.36259541984732824,RFC2;POLK;XRCC1;RFC4;UBA52;UBC,wald_stat,Reactome_2022
Signaling By PDGF R-HSA-186797,1.090403771020456,1.0,0.3567110036275695,STAT3;PDGFRB;CRK;STAT5A;PIK3CA;PLCG1;STAT1;STAT5B;THBS1,wald_stat,Reactome_2022
Autophagy R-HSA-9612973,1.0896749495025098,1.0,0.3280922431865828,ATG9A;UVRAG;PRKAB2;RRAGC;MFN1;UBE2V1;NBR1;PIK3C3;UBAP1;TOMM5;HDAC6;TSC2;HSPA8;MTMR3;MFN2;PCNT;VPS37A;PINK1;TOMM70;SLC38A9;IFT88;ARL13B;TOMM6;ATG5;UBA52;RPTOR;CHMP6;CSNK2A2;UBC;VCP;RRAGB;LAMP2;MTOR;DYNC1H1;PLIN3,wald_stat,Reactome_2022
Translation Of Structural Proteins R-HSA-9683701,1.089315861552816,1.0,0.3553921568627451,PARP9;ST3GAL2;PARP6;GANAB;ST3GAL4;UBA52;ST6GAL1;GSK3B;UBC;GSK3A;MOGS;ST3GAL3;UBE2I;PRKCSH;PARP14;GALNT1,wald_stat,Reactome_2022
Biological Oxidations R-HSA-211859,1.0891778629102513,1.0,0.3172866520787746,ABHD14B;BPNT2;SLC35B2;FDXR;CES2;MTR;AKR1A1;GCLC;CES1;CYB5B;SLC26A2;COMT;TPST2;GSTM4;MGST3;FDX2;SLC35B3;AKR7A2;CNDP2;CYP4V2;NQO2;MAT2A;CYP2R1;UGP2;MGST2;ABHD10;MAT2B;GSTM2;BPNT1;ACY1;CYB5R3;GSTO1;TPMT;CYP51A1;PTGES3,wald_stat,Reactome_2022
RHO GTPases Activate WASPs And WAVEs R-HSA-5663213,1.0890546196018258,1.0,0.376425855513308,NCKAP1L;CYFIP2;ARPC3;WASF2;WIPF2;ACTR3;ARPC2;ABI1;ACTR2;ABI2;ACTG1;MAPK3;ARPC1B,wald_stat,Reactome_2022
"Base-Excision Repair, AP Site Formation R-HSA-73929",-1.0887813916544469,0.5879789000916278,0.28654970760233917,H2BC12;H2AX;H2AJ;TERF1;H2AZ1;TERF2IP;H2AC20;NEIL1;H2AZ2;POT1,wald_stat,Reactome_2022
Ion Channel Transport R-HSA-983712,1.0877172785033142,1.0,0.3444924406047516,ATP1A3;ATP2A2;ATP10D;ATP6V1A;ATP6V0A2;ATP13A2;CUTC;STOM;ATP6V0D1;ATP6V0E1;ATP6V1D;ATP6V1B2;ATP2C1;WNK1;CLCN7;ATP2A3;UBA52;TSC22D3;ATP10A;UBC;ATP6V0E2;PDZD11;ATP7A,wald_stat,Reactome_2022
Aberrant Regulation Of Mitotic Cell Cycle Due To RB1 Defects R-HSA-9687139,1.0872489805668704,1.0,0.3684210526315789,ANAPC10;CDK4;CCND2;CDC16;CDKN1B;ANAPC7;UBE2E1;CCND3;ANAPC1;ANAPC2;CDK2;RB1;CDC23;ANAPC5;UBE2D1,wald_stat,Reactome_2022
RHOA GTPase Cycle R-HSA-8980692,1.0867896050239048,1.0,0.31769722814498935,VAPB;ARHGEF7;ABCD3;STK10;MYO9A;ARHGEF3;ARHGAP30;ARHGAP10;DHDDS;PLEKHG3;DDRGK1;STOM;ARHGAP18;ROCK1;DIAPH1;ARHGAP35;ARHGEF2;ABR;ARHGAP8;PRPF38B;RHOA;BCAP31;ARHGEF18;SLK;ARHGAP1;AKAP13;FAF2;ATP6AP1;TMPO;OPHN1;FLOT2;ARHGEF19;GMIP;SCFD1;MACO1;HMOX2;YKT6;PIK3R2,wald_stat,Reactome_2022
Cooperation Of PDCL (PhLP1) And TRiC/CCT In G-protein Beta Folding R-HSA-6814122,1.086670230818163,1.0,0.3667083854818523,GNG5;CCT7;CCT3;GNG10;GNB2;PDCL;CSNK2A2;CCT5;GNG2;CCT2,wald_stat,Reactome_2022
Clathrin-mediated Endocytosis R-HSA-8856828,1.0861594337493568,1.0,0.31343283582089554,HGS;COPS5;RAB5B;HSPA8;PICALM;EPS15;CLTC;ARPC3;FNBP1;VAMP8;AP2A2;ARRB1;COPS7A;PIK3C2A;SNX18;REPS1;IGF2R;ACTR3;VAMP2;UBQLN2;SH3GL1;ARPC2;ITSN2;UBA52;ADRB2;BIN1;UBC;FCHO2;PACSIN2;AP2A1;ACTR2;CBL;SYNJ2;FCHO1;M6PR;AP2S1;PIP5K1C;EPN2;UBQLN1;VAMP4,wald_stat,Reactome_2022
CaM Pathway R-HSA-111997,-1.0860523716277009,0.5904851095868547,0.30869565217391304,GRK2;PRKCA;PRKAR2B;KPNA2;ADCY9;PRKX;CAMK4;PRKAR1B,wald_stat,Reactome_2022
Interleukin-10 Signaling R-HSA-6783783,1.0851603277965063,1.0,0.35117493472584854,STAT3;IL10RA;TNFRSF1A;TNFRSF1B;TNF,wald_stat,Reactome_2022
ABC Transporter Disorders R-HSA-5619084,1.0849844598992926,1.0,0.34576271186440677,PSMD4;PSMA6;PSME3;PSMB10;PSMA7;PSMD11;PSMD5;PSMB2;PSMD13;PSMB9;UBA52;PSMB8;UBC;VCP;PSMC3;PSMC5,wald_stat,Reactome_2022
Vesicle-mediated Transport R-HSA-5653656,1.0849460942177043,1.0,0.232,YWHAB;HGS;MYO6;TBC1D25;TBC1D14;BLOC1S1;NAA35;VTA1;TBC1D10B;TRIP11;SEC23IP;CTSC;COG4;SPTAN1;TBC1D7;TRAPPC12;RABEPK;RABGAP1;PRKAB2;KIF21B;MON1A;TBC1D10C;BLOC1S6;COG1;RALGAPB;COPS5;DENND3;UBAP1;NBAS;RAB35;RAB10;SEC31A;KIF3A;COPZ2;TRAPPC6B;GGA1;HPS4;RAB5B;TSC2;VTI1A;HSPA8;GGA2;SEC16A;COPA;COG5;PICALM;EPS15;PREB;MAN1A1;CLTC;PTGES2;CYTH4;ARPC3;SYS1;CAPZB;FNBP1;KIF3B;VAMP8;SCOC;AP2A2;MYH9;LNPEP;BICD2;ANKRD27;ARRB1;KDELR1;VPS37A;ACBD3;AP1B1;COPS7A;PIK3C2A;SNX18;REPS1;MCFD2;DENND4C;IGF2R;NAA30;RHOBTB3;ACTR3;COG2;TRAPPC1;VAMP2;STX6;RAB6A;C2CD5;UBQLN2;SH3GL1;ARPC2;TRAPPC13;YIPF6;ITSN2;COPB2;PPP6R1;UBA52;TBC1D13;EXOC2;RAB33A;CHMP6;VPS51;EXOC6;SBF1;SNX5;DCTN2;AP1S1;VPS45;ADRB2;GOLGA4;CYTH1;BIN1;ALS2;UBC;AP4M1;GNS;KIF2A;TPD52;FCHO2;PACSIN2;GALNT2;RAB11A;AP2A1;ARFGAP2;PPP6R3;TBC1D17;AKT3;COPG1;CCZ1B;ACTR2;PUM1;DYNC1H1;STX16;PLIN3;GOSR2;JCHAIN;RAB9A;COG3;DNASE2;BLOC1S4;CBL;SYNJ2;COG7;GOLGB1;FCHO1;EXOC5;DENND4B;PRKAG2;KIF13B;M6PR;SCFD1;DCTN1;YWHAQ;ASPSCR1;PAFAH1B1;PAFAH1B3;DENND6A;AP2S1;GOSR1;PIP5K1C;EPN2;UBQLN1;KIF9;VAMP4,wald_stat,Reactome_2022
Chromosome Maintenance R-HSA-73886,-1.0849067990556505,0.5881394381692725,0.23076923076923078,H3-3B;CHTF8;H2BC12;H2AX;H2AJ;TERF1;POLR2G;CENPM;NPM1;RTEL1;POLR2L;POLR2J;H2AZ1;TERF2IP;BLM;POLR2F;H2AC20;CENPH;PPP6C;MIS18A,wald_stat,Reactome_2022
Integrin Cell Surface Interactions R-HSA-216083,1.0845220254098407,1.0,0.36079900124843944,F11R;COL13A1;ITGB7;BSG;ITGB1;ITGAL;THBS1,wald_stat,Reactome_2022
TP53 Regulates Transcription Of Additional Cell Cycle Genes With Uncertain Roles In P53 Pathway R-HSA-6804115,1.0836899666747657,1.0,0.3793103448275862,CNOT3;CNOT8;CNOT7;TP53;CNOT6;CNOT6L,wald_stat,Reactome_2022
Signaling By WNT R-HSA-195721,1.0818248706531044,1.0,0.3051881993896236,PORCN;CCDC88C;DVL3;PSMD4;PSMA6;BCL9L;PSME3;PSMB10;PPP2R5D;MOV10;USP34;LEO1;SMURF2;ASH2L;PPP3CB;H2BC15;PPP2R5C;TRRAP;PPP2R5E;PPP2R5A;GNG5;RNF146;CLTC;PLCB2;AP2A2;PSMA7;PSMD11;PSMD5;MEN1;PSMB2;SCRIB;PSMD13;TMED5;PSMB9;CUL1;GNG10;GNB2;RBX1;NCOA3;AGO4;UBA52;PSMB8;RUVBL1;KMT2D;RHOA;GSK3B;CSNK2A2;TNKS;UBC;PSMC3;PSMC5;AP2A1;TLE3;PDE6B;TNKS2;GNG2;TLE1;PSMB3;FRAT2;VPS35;AGO1,wald_stat,Reactome_2022
Transcriptional Regulation By AP-2 (TFAP2) Family Of Transcription Factors R-HSA-8864260,-1.080861800611459,0.5944123772186378,0.32599118942731276,HSPD1;NPM1;CREBBP;YEATS4;SUMO1,wald_stat,Reactome_2022
SUMOylation Of Ubiquitinylation Proteins R-HSA-3232142,1.0800646922426855,1.0,0.3651354534746761,TRIM27;PIAS2;POM121C;NUP37;NUP88;PIAS1;NUP188;NUP58;NUP214,wald_stat,Reactome_2022
Platelet Homeostasis R-HSA-418346,1.0800453131942362,1.0,0.3652762119503946,PAFAH2;ATP2A2;MAPK14;PPP2R5D;PPP2R5C;STIM1;PPP2R5E;PPP2R5A;GNG5;ORAI1;GNG10;GNB2;ATP2A3,wald_stat,Reactome_2022
"Platelet Activation, Signaling And Aggregation R-HSA-76002",1.0783140104606321,1.0,0.31991744066047473,TEX264;WDR1;TMX3;CAP1;MAPK14;ENDOD1;TOR4A;APBB1IP;CRK;PRKCZ;VTI1B;SOD1;PIK3CA;GNG5;SCCPDH;FLNA;PTPN1;ARRB1;SHC1;PIK3R3;CSK;SPNS1;RASGRP2;STXBP2;RAP1B;GNG10;GNB2;F2R;THBS1;CYB5R1;DGKZ;ANXA5;PPIA;FAM3C;RHOA;CDC37L1;VPS72;PLEK;ABHD12;GNAI2;LCP2;LAMP2;GNG2;RASGRP1,wald_stat,Reactome_2022
Degradation Of Beta-Catenin By Destruction Complex R-HSA-195253,1.0782698719791424,1.0,0.34051724137931033,PSMD4;PSMA6;PSME3;PSMB10;PPP2R5D;PPP2R5C;PPP2R5E;PPP2R5A;PSMA7;PSMD11;PSMD5;PSMB2;PSMD13;PSMB9;CUL1;RBX1;UBA52;PSMB8;GSK3B;UBC;PSMC3;PSMC5;TLE3;TLE1;PSMB3;FRAT2,wald_stat,Reactome_2022
G2/M Checkpoints R-HSA-69481,1.0782460666673446,1.0,0.33544303797468356,YWHAB;PSMD4;PSMA6;PSME3;RFC2;PSMB10;HUS1;RNF8;H2BC15;RFC4;MCM5;PSMA7;PSMD11;RAD17;TOPBP1;TP53;PSMD5;HERC2;PSMB2;PSMD13;MDC1;PSMB9;BRCC3;UBA52;RAD50;PSMB8;NSD2;UBC;PSMC3;PSMC5,wald_stat,Reactome_2022
Phase II - Conjugation Of Compounds R-HSA-156580,1.0781427780993167,1.0,0.365767878077374,ABHD14B;BPNT2;SLC35B2;MTR;AKR1A1;GCLC;SLC26A2;COMT;TPST2;GSTM4;MGST3;SLC35B3;CNDP2;MAT2A;UGP2;MGST2;ABHD10;MAT2B;GSTM2;BPNT1,wald_stat,Reactome_2022
Late Phase Of HIV Life Cycle R-HSA-162599,1.0776623504314138,1.0,0.34683281412253375,VTA1;GTF2F2;SUPT4H1;RANGAP1;NELFA;TAF7;GTF2A1;UBAP1;POM121C;TAF6;NUP37;NCBP2;NUP88;CCNH;CTDP1;VPS37A;NUP188;NUP58;TAF15;TAF9;GTF2H3;NUP214;GTF2H5;POLR2D;UBA52;PPIA;GTF2H4;ERCC3;CHMP6;POLR2C;UBC;CDK7;CCNK,wald_stat,Reactome_2022
NIK To Noncanonical NF-kB Signaling R-HSA-5676590,1.0775626223901447,1.0,0.3486238532110092,PSMD4;PSMA6;PSME3;PSMB10;PSMA7;PSMD11;PSMD5;PSMB2;PSMD13;PSMB9;CUL1;UBA52;PSMB8;UBC;PSMC3;PSMC5,wald_stat,Reactome_2022
Regulation Of PLK1 Activity At G2/M Transition R-HSA-2565942,-1.0773880148930641,0.5986329768516393,0.32558139534883723,UBB;YWHAE;SKP1;MAPRE1;OFD1;TUBB4B;CSNK1D;DCTN3;PCM1;TUBA4A;HAUS3;PRKCA;CEP152;YWHAG;OPTN;CEP70;ACTR1A,wald_stat,Reactome_2022
Translocation Of SLC2A4 (GLUT4) To Plasma Membrane R-HSA-1445148,1.0770013562241476,1.0,0.36406067677946324,YWHAB;PRKAB2;RALGAPB;RAB10;KIF3A;KIF3B;MYH9;LNPEP;VAMP2;C2CD5;EXOC2;EXOC6;RAB11A;EXOC5;PRKAG2;YWHAQ;ASPSCR1,wald_stat,Reactome_2022
MAP2K And MAPK Activation R-HSA-5674135,1.0765689782973058,1.0,0.3602015113350126,YWHAB;APBB1IP;ARRB1;CSK;ARAF;RAP1B;BRAF;MARK3;MAPK3;IQGAP1;LAMTOR2,wald_stat,Reactome_2022
Infection With Mycobacterium Tuberculosis R-HSA-9635486,1.0759389825594101,1.0,0.37420986093552466,HGS;TRIM27;RNF213;UBA52;UBC;GSK3A;KPNA1;KPNB1;DUSP16;MAPK3;PGK1,wald_stat,Reactome_2022
Nonsense Mediated Decay (NMD) Enhanced By Exon Junction Complex (EJC) R-HSA-975957,-1.0751349408474182,0.5995353511802997,0.3390804597701149,MAGOH;PPP2CA;RSL24D1;PABPC1;UPF2;ETF1;EIF4G1;RNPS1,wald_stat,Reactome_2022
Protein Folding R-HSA-391251,1.0722703749324813,1.0,0.3762486126526082,STAT3;USP11;WRAP53;FBXW4;GNG5;CCT7;TP53;AP3M1;CCT3;PFDN6;GNG10;GNB2;PDCL;CSNK2A2;FBXO4;CCT5;ARFGEF2;GNG2;TUBA1A;SKIC2;CCT2;XRN2;FBXW2;FBXL5;KIFC3;PFDN5;DCAF7;ARL2;FBXW5;GNB5;FBXL3;LONP2;NOP56,wald_stat,Reactome_2022
Iron Uptake And Transport R-HSA-917937,-1.0721813376543372,0.6029825715587143,0.2734375,FTL;FTH1;UBB;SKP1;ATP6V1G1;ATP6V1H;TCIRG1,wald_stat,Reactome_2022
rRNA Modification In Nucleus And Cytosol R-HSA-6790901,1.0720850078013555,1.0,0.35517241379310344,TBL3;WDR75;DDX49;DCAF13;EMG1;DIMT1;RRP7A;NOC4L;BMS1;UTP14A;UTP3;DDX52;TSR3;IMP4;NAT10;UTP6;DHX37;NOP14;HEATR1;UTP4;RRP9;DKC1;WDR46,wald_stat,Reactome_2022
Initiation Of Nuclear Envelope (NE) Reformation R-HSA-2995383,-1.0717498630037607,0.5988815295386225,0.351931330472103,PPP2CA;ANKLE2;SIRT2;EMD;LEMD2;LBR,wald_stat,Reactome_2022
Signaling By TGFB Family Members R-HSA-9006936,1.0706069745248592,1.0,0.36728060671722645,LTBP4;F11R;BMPR2;MTMR4;PRKCZ;SMURF2;SMAD4;RNF111;MEN1;PPP1CA;PPM1A;STAT1;ITGB1;NCOR1;UBA52;SMAD5;RHOA;UBC;CCNK;ARHGEF18;BMPR1A;TGFBR1;E2F4;CBL;SRFBP1;RBL1;YBX1;SMAD2;MAPK3;CCNC,wald_stat,Reactome_2022
Metabolism Of Porphyrins R-HSA-189445,1.0702743878052192,1.0,0.39895697522816165,PPOX;ALAS1;COX15;UROD;HMOX2;ALAD;ABCC1,wald_stat,Reactome_2022
Dectin-1 Mediated Noncanonical NF-kB Signaling R-HSA-5607761,1.0700479861256043,1.0,0.3490783410138249,PSMD4;PSMA6;PSME3;PSMB10;PSMA7;PSMD11;PSMD5;PSMB2;PSMD13;PSMB9;CUL1;UBA52;PSMB8;UBC;PSMC3;PSMC5,wald_stat,Reactome_2022
Homology Directed Repair R-HSA-5693538,1.0699169857900601,1.0,0.3776595744680851,RFC2;POLK;XRCC1;HUS1;RNF8;RAD51C;H2BC15;ERCC4;RFC4;PPP4R2;RAD17;TOPBP1;HERC2;SPIDR;MDC1;SIRT6;BRCC3;UBA52;RAD50;NSD2;RNF4;PPP4C;UBC,wald_stat,Reactome_2022
RNA Polymerase III Chain Elongation R-HSA-73780,-1.069718518182469,0.5997444431958528,0.3416666666666667,POLR3GL;POLR2L;POLR3H;POLR3D;POLR2F;POLR3F;CRCP;POLR3E,wald_stat,Reactome_2022
Interleukin-37 Signaling R-HSA-9008059,1.069492670165396,1.0,0.37660668380462725,STAT3;PTPN4;SIGIRR;TBK1;PTPN18;CASP1,wald_stat,Reactome_2022
HIV Infection R-HSA-162906,1.0678367580188484,1.0,0.3393939393939394,CD247;PSMD4;VTA1;PSMA6;PSME3;GTF2F2;PSMB10;SUPT4H1;RANGAP1;NELFA;TAF7;GTF2A1;UBAP1;POM121C;TAF6;NUP37;NCBP2;AP2A2;PSMA7;NUP88;PSMD11;CCNH;CTDP1;VPS37A;PSMD5;AP1B1;PSMB2;PSMD13;NUP188;NUP58;TAF15;TAF9;GTF2H3;PSMB9;NUP214;GTF2H5;PACS1;POLR2D;RBX1;UBA52;PSMB8;PPIA;GTF2H4;ERCC3;CHMP6;POLR2C;AP1S1;UBC;CDK7;PSMC3;PSMC5;CCNK;AP2A1;TBP;KPNA1;PSMB3;XRCC5;TAF5;GTF2B,wald_stat,Reactome_2022
Telomere Maintenance R-HSA-157579,-1.0677411750780759,0.6005926061922757,0.26744186046511625,H3-3B;CHTF8;H2BC12;H2AX;H2AJ;TERF1;POLR2G;RTEL1;POLR2L;POLR2J;H2AZ1;TERF2IP;BLM;POLR2F;H2AC20,wald_stat,Reactome_2022
Signaling By WNT In Cancer R-HSA-4791275,1.0672595266387321,1.0,0.38838709677419353,PORCN;PPP2R5D;PPP2R5C;PPP2R5E;PPP2R5A;GSK3B;TNKS;TNKS2,wald_stat,Reactome_2022
Cargo Recognition For Clathrin-Mediated Endocytosis R-HSA-8856825,1.0670427675592533,1.0,0.36887921653971706,HGS;COPS5;PICALM;EPS15;CLTC;VAMP8;AP2A2;ARRB1;COPS7A;REPS1;IGF2R;VAMP2;UBQLN2;SH3GL1;ITSN2;UBA52;ADRB2;UBC;FCHO2;AP2A1;CBL;FCHO1;M6PR;AP2S1;EPN2;UBQLN1;VAMP4,wald_stat,Reactome_2022
Protein-protein Interactions At Synapses R-HSA-6794362,1.0661318490812157,1.0,0.3694829760403531,DLGAP4;APBA3;PPFIA1;EPB41;RTN3;PDLIM5;SHARPIN,wald_stat,Reactome_2022
Insulin Receptor Recycling R-HSA-77387,1.0659148138758403,1.0,0.3911392405063291,ATP6V1A;ATP6V0A2;ATP6V0D1;ATP6V0E1;ATP6V1D;ATP6V1B2;ATP6V0E2;ATP6AP1,wald_stat,Reactome_2022
Signaling By GPCR R-HSA-372790,-1.0652757788836937,0.6028969745343917,0.25,XCL1;XCL2;GRK6;CDC42;PIK3R1;PKN1;PPP2CA;ARHGEF1;GPR183;PPP3CA;RGS1;PPP2CB;PDE4D;CDK5;CD55;GNAI3;GNAQ;PDE4B;GNAS;HEBP1;GPR65;GRK2;GNA13;GNGT2;GNB1;CYSLTR1;RAMP1;VIPR2;ITPR3;DGKQ;PRKCA;VAV3;RHOC;RGS16;GNA12;AKT1;TIAM1;ARHGEF12;UTS2;SOS2;CXCR3;PLEKHG2;PRKAR2B;SOS1;KPNA2;PTCH2;ADCY9,wald_stat,Reactome_2022
RNA Pol II CTD Phosphorylation And Interaction With CE R-HSA-77075,1.0644312744315116,1.0,0.39303482587064675,GTF2F2;CCNH;GTF2H3;GTF2H5;POLR2D;GTF2H4;ERCC3;POLR2C;CDK7,wald_stat,Reactome_2022
Signaling By PDGFR In Disease R-HSA-9671555,1.0639513160141179,1.0,0.3894736842105263,STAT3;PIK3CA;STAT1;STRN;BIN2;GOLGA4,wald_stat,Reactome_2022
Regulation Of APC/C Activators Between G1/S And Early Anaphase R-HSA-176408,1.0639214312682703,1.0,0.3661504424778761,PSMD4;PSMA6;PSME3;PSMB10;ANAPC10;CDC16;PSMA7;PSMD11;ANAPC7;PSMD5;PSMB2;PSMD13;UBE2E1;PSMB9;CUL1;UBA52;PSMB8;UBC;PSMC3;PSMC5;ANAPC1;PSMB3,wald_stat,Reactome_2022
P75 NTR Receptor-Mediated Signaling R-HSA-193704,1.0623169274350617,1.0,0.38392857142857145,MAGED1;ARHGEF7;TRAF6;PSEN1;PRDM4;ARHGEF3;RTN4;BCL2L11;CASP2;IKBKB;UBA52;ARHGEF2;ABR;PRPF38B;RHOA;UBC;AATF;SMPD2;ARHGEF18;AKAP13;PSENEN;ADAM17;ARHGEF19,wald_stat,Reactome_2022
Nuclear Receptor Transcription Pathway R-HSA-383280,1.0621127054911637,1.0,0.4043848964677223,NR2C2;NR2C2AP;NR1D2;NR2C1;MBD4;NCOR1;RXRB;RARG;PPARA;NRBF2,wald_stat,Reactome_2022
tRNA Processing R-HSA-72306,1.060319228021826,1.0,0.3618143459915612,TYW3;ZBTB8OS;TRMT61B;TRMU;TP53RK;THADA;TSEN34;POM121C;RPP21;NUP37;TRNT1;NUP88;NSUN2;TYW1;NUP188;NUP58;ELAC2;NUP214,wald_stat,Reactome_2022
RHOJ GTPase Cycle R-HSA-9013409,-1.0590991106365506,0.6157926520312076,0.34459459459459457,CDC42;PIK3R1;PKN1;SLC1A5;WAS;VAMP3;ARHGAP5;GIT1;CPNE8,wald_stat,Reactome_2022
Antigen Processing: Ubiquitination And Proteasome Degradation R-HSA-983168,1.0572016326732436,1.0,0.35807422266800404,TRIM4;PSMD4;LRRC41;TRIM69;ASB1;UBE2O;PSMA6;BLMH;RNF14;PSME3;HERC1;RNF6;UBE2D4;PSMB10;GAN;TRIM37;UBE2V1;SMURF2;SIAH2;TRIM39;UBE2J2;ANAPC10;HECTD3;UBE2L3;FBXO22;FBXW4;CDC16;RNF111;PSMA7;LNPEP;PSMD11;ANAPC7;RNF213;PSMD5;HERC2;PSMB2;PSMD13;FBXL20;NPEPPS;UBE2E1;PSMB9;CUL1;UBE2D2;TRIM11;ASB8;THOP1;KLHL22;RBX1;FBXL4;UBA52;PSMB8;RNF4;FBXO21;UBE3B;HERC5;UBC;PSMC3;PSMC5;FBXO4;RLIM,wald_stat,Reactome_2022
PIWI-interacting RNA (piRNA) Biogenesis R-HSA-5601884,-1.0571074998717835,0.6167831989514645,0.3392070484581498,POLR2G;POLR2L;POLR2J;POLR2F,wald_stat,Reactome_2022
Translesion Synthesis By POLH R-HSA-110320,1.0570475419851901,1.0,0.42105263157894735,RFC2;RFC4;UBA52;NPLOC4;UBC;VCP;UFD1;SPRTN,wald_stat,Reactome_2022
Leishmania Infection R-HSA-9658195,1.057016456896926,1.0,0.38918345705196183,CD247;DVL3;NCKAP1L;MAPK14;AHCYL1;CYFIP2;CRK;PTGER2;TXN2;GNG5;CYBA;PLCG1;ARPC3;MYH9;SUGT1;WASF2;WIPF2;ACTR3;GNG10;GNB2;ARPC2;GSDMD;CASP1;ADRB2;ABI1;RHBDF2;GNAI2;GNG2;ACTR2;ABI2;PRKACB;MC1R;ACTG1;ADAM17,wald_stat,Reactome_2022
Apoptosis R-HSA-109581,1.0567445792357955,1.0,0.36335403726708076,YWHAB;PSMD4;STAT3;MAGED1;DAPK2;PSMA6;GZMB;PSME3;PPP3CC;SPTAN1;FADD;PSMB10;CYCS;MED12;ARHGAP10;BCL2L1;CDKN2A;FASLG;PSMA7;PSMD11;TP53;PSMD5;PSMB2;PSMD13;BCL2L11;PSMB9;ROCK1;BBC3;UBA52;GSDMD;DFFA;PSMB8;BCAP31;UBC;PSMC3;PSMC5,wald_stat,Reactome_2022
HDR Thru Homologous Recombination (HRR) Or Single Strand Annealing (SSA) R-HSA-5693567,1.056732028423977,1.0,0.3924731182795699,RFC2;POLK;HUS1;RNF8;RAD51C;H2BC15;ERCC4;RFC4;PPP4R2;RAD17;TOPBP1;HERC2;SPIDR;MDC1;SIRT6;BRCC3;UBA52;RAD50;NSD2;RNF4;PPP4C;UBC,wald_stat,Reactome_2022
Deadenylation Of mRNA R-HSA-429947,1.0565306459074617,1.0,0.40375,CNOT3;CNOT8;CNOT7;PARN;EIF4B;TUT7;CNOT6;CNOT6L,wald_stat,Reactome_2022
Hemostasis R-HSA-109582,1.0558562712016815,1.0,0.3460381143430291,S100A9;PAFAH2;F11R;TEX264;WDR1;GLG1;ATP2A2;TMX3;CAP1;EHD1;MAPK14;ENDOD1;TOR4A;CEACAM21;KIF21B;PPP2R5D;APBB1IP;MFN1;CRK;BSG;PRKCZ;VTI1B;PPIL2;RAD51C;AKAP10;KIF3A;SOD1;PPP2R5C;STIM1;PPP2R5E;PIK3CA;PPP2R5A;GNG5;SCCPDH;FLNA;PLCG1;PTPN1;CAPZB;KIF3B;SELPLG;ORAI1;ARRB1;MFN2;SHC1;PIK3R3;SERPINB6;TP53;CSK;SPNS1;ITGB1;RASGRP2;STXBP2;KDM1A;RAP1B;ITGAL;GNG10;GNB2;PHF21A;F2R;ATP2A3;THBS1;CYB5R1;DGKZ;ANXA5;PPIA;FAM3C;RHOA;VPS45;CDC37L1;PICK1;VPS72;PLEK;KIF2A;DOCK8;ABHD12;ORAI2;GNAI2;ITPK1;LCP2;LAMP2;GNG2;RASGRP1;ANXA2;IRF2;DOCK11;JCHAIN;PRCP;PRKACB;RBSN;CHID1;SLC16A3;PRKCQ;DOCK5;CD48;KIF13B;INPP5D;ATP2B4;ITGB2;ATP1B3;KIF9;SRI;CD244;PRKCH;PRKCB;RAC2;PIK3R2;AAMP;CDK2;ITPR1;MAPK3;TAGLN2;DGKK;PIK3CG;KIFAP3,wald_stat,Reactome_2022
RHOF GTPase Cycle R-HSA-9035034,1.0551313885000142,1.0,0.38957816377171217,FAM169A;ADD3;ARHGAP12;CAPZB;DIAPH1;ARHGAP1;SRGAP2;DIAPH2;TMPO;SLC4A7;PIK3R2;ESYT1,wald_stat,Reactome_2022
Diseases Of Programmed Cell Death R-HSA-9645723,-1.0542770850825303,0.619821434193641,0.3008849557522124,H3-3B;H2BC12;H2AX;H2AJ;YWHAE;CDK5;DNMT1;H2AZ1,wald_stat,Reactome_2022
Cytosolic Sensors Of Pathogen-Associated DNA R-HSA-1834949,-1.0538858281266226,0.6159771919937216,0.3090909090909091,UBB;IFI16;ZBP1;NFKBIA;CREBBP;POLR3GL;POLR2L;CHUK;NFKBIB;POLR3H;POLR3D,wald_stat,Reactome_2022
Ca-dependent Events R-HSA-111996,-1.0538701615140216,0.6109824324020079,0.33035714285714285,GRK2;PRKCA;PRKAR2B;KPNA2;ADCY9;PRKX;CAMK4;PRKAR1B,wald_stat,Reactome_2022
UCH Proteinases R-HSA-5689603,1.0513126757522075,1.0,0.39232409381663114,PSMD4;PSMA6;PSME3;PSMB10;MBD6;INO80D;ACTR8;PSMA7;PSMD11;PSMD5;PSMB2;INO80;PSMD13;FOXK1;PSMB9;INO80C;UBA52;PSMB8;RUVBL1;UBC;PSMC3;PSMC5;INO80B;PSMB3;TGFBR1,wald_stat,Reactome_2022
Signaling By NOTCH4 R-HSA-9013694,1.0512883679390876,1.0,0.4022222222222222,MAML1;PSMD4;ACTA2;PSMA6;PSME3;PSMB10;PSEN1;PSMA7;PSMD11;PSMD5;PSMB2;PSMD13;PSMB9;CUL1;RBX1;UBA52;PSMB8;UBC;PSMC3;PSMC5,wald_stat,Reactome_2022
Major Pathway Of rRNA Processing In Nucleolus And Cytosol R-HSA-6791226,1.05070150869965,1.0,0.3717948717948718,PES1;TBL3;GNL3;WDR75;DDX49;DCAF13;DDX56;RPP21;EMG1;NOL12;TSR1;RRP7A;WDR18;NOC4L;EBNA1BP2;BMS1;UTP14A;PELP1;NIP7;UTP3;DDX52;UBA52;RIOK2;IMP4;RBM28;UTP6;DHX37;NOP14;ERI1;MPHOSPH6;HEATR1;XRN2;NOL9;EXOSC6;EXOSC8;UTP4;RRP9,wald_stat,Reactome_2022
FGFR1 Mutant Receptor Activation R-HSA-1839124,1.0499140499202748,1.0,0.4090338770388959,STAT3;STAT5A;PIK3CA;STAT1;STAT5B;TRIM24,wald_stat,Reactome_2022
NRAGE Signals Death Thru JNK R-HSA-193648,1.0487903999805472,1.0,0.4159613059250302,MAGED1;ARHGEF7;ARHGEF3;BCL2L11;ARHGEF2;ABR;PRPF38B;AATF;ARHGEF18;AKAP13,wald_stat,Reactome_2022
Synthesis Of DNA R-HSA-69239,1.048292120553734,1.0,0.39766702014846234,PSMD4;PSMA6;PSME3;RFC2;PSMB10;ANAPC10;CDC16;RFC4;MCM5;PSMA7;PSMD11;ANAPC7;PSMD5;PSMB2;PSMD13;UBE2E1;PSMB9;CUL1;RBX1;UBA52;PSMB8;UBC;PSMC3;PSMC5;ANAPC1;PSMB3;ORC3;MCM6;PSMC4;ORC5;POLA2,wald_stat,Reactome_2022
Diseases Of Metabolism R-HSA-5668914,1.0474511671654947,1.0,0.3931888544891641,ALG6;GALNS;MAN1B1;MCCC2;HGSNAT;ALG3;C1GALT1C1;DHDDS;FDXR;HLCS;PCCB;MMAB;MTR;ALG12;GCLC;SLC26A2;HEXB;SRD5A3;THBS1;UBA52;LFNG;FDX2;B3GLCT;UBC;GNS;GALT;PCCA;CD320;GALNT3;MOGS;POMGNT1;GAA;DPM2;CYP2R1;DCXR;GYS1;LMBRD1;ST3GAL3;ABCD4;CTSA,wald_stat,Reactome_2022
TCF Dependent Signaling In Response To WNT R-HSA-201681,1.046691782751353,1.0,0.38341968911917096,CCDC88C;DVL3;PSMD4;PSMA6;BCL9L;PSME3;PSMB10;PPP2R5D;USP34;LEO1;SMURF2;ASH2L;H2BC15;PPP2R5C;TRRAP;PPP2R5E;PPP2R5A;RNF146;PSMA7;PSMD11;PSMD5;MEN1;PSMB2;PSMD13;PSMB9;RBX1;UBA52;PSMB8;RUVBL1;KMT2D;GSK3B;CSNK2A2;TNKS;UBC;PSMC3;PSMC5;TLE3;TNKS2;TLE1;PSMB3;FRAT2,wald_stat,Reactome_2022
Intrinsic Pathway For Apoptosis R-HSA-109606,1.0464167819028711,1.0,0.3948896631823461,YWHAB;STAT3;GZMB;PPP3CC;CYCS;BCL2L1;CDKN2A;TP53;BCL2L11;BBC3;GSDMD,wald_stat,Reactome_2022
Cardiac Conduction R-HSA-5576891,1.0460550545866698,1.0,0.3919716646989374,CACNA2D2;ATP1A3;ATP2A2;AHCYL1;HIPK2;STIM1;ORAI1;CES1;NPRL2;ATP2A3;DMPK;ORAI2,wald_stat,Reactome_2022
Nucleotide Catabolism R-HSA-8956319,-1.04570160635162,0.6295576280814592,0.4008810572687225,DPYD;NUDT15;NUDT1;ITPA;SCO2;NT5C,wald_stat,Reactome_2022
Cargo Trafficking To Periciliary Membrane R-HSA-5620920,1.044830303713701,1.0,0.4372801875732708,PTGES2;CCT3;ARL13B;BBIP1;EXOC2;EXOC6;CCT5;RAB11A;BBS2;CCT2;EXOC5;PRKD2;BBS4;EXOC8;PKD1,wald_stat,Reactome_2022
Export Of Viral Ribonucleoproteins From Nucleus R-HSA-168274,1.0433707839143798,1.0,0.40946745562130177,GNL3;BLOC1S6;POM121C;NUP37;NUP88;NUP188;NUP58;HSPA1A;NUP214,wald_stat,Reactome_2022
Processing Of Intronless Pre-mRNAs R-HSA-77595,1.0424013676824921,1.0,0.42377260981912146,CPSF3;CSTF1;NCBP2;NUDT21;PCF11;SYMPK,wald_stat,Reactome_2022
Regulation Of TP53 Activity R-HSA-5633007,1.0417368469570563,1.0,0.3939075630252101,EHMT2;TTC5;MAPK14;RFC2;PRKAB2;NOC2L;HIPK2;HUS1;TP53RK;TAF7;NUAK1;PIP4P1;TAF6;CDKN2A;PPP2R5C;RFC4;RAD17;TOPBP1;TP53;STK11;TAF15;TAF9;UBA52;RAD50;MAP2K6;DYRK2;PIP4K2B;CSNK2A2;UBC;TBP;AKT3;KAT6A;MTOR;TAF5;CHD3,wald_stat,Reactome_2022
PINK1-PRKN Mediated Mitophagy R-HSA-5205685,1.0410827609854323,1.0,0.41357234314980795,MFN1;TOMM5;MFN2;PINK1;TOMM70;TOMM6;ATG5;UBA52;UBC,wald_stat,Reactome_2022
RHOV GTPase Cycle R-HSA-9013424,-1.0409318699408625,0.6378455653983262,0.38064516129032255,CDC42;PIK3R1;PKN1;NCK2,wald_stat,Reactome_2022
Glycosaminoglycan Metabolism R-HSA-1630316,-1.0401768608856174,0.6349842620095524,0.3595505617977528,B3GNT7;B4GALT1;CD44;GLB1;CHST7;CHSY1;B4GALT4;PAPSS1;SLC35D2;B3GNT2;CSGALNACT2;UST,wald_stat,Reactome_2022
Defective Intrinsic Pathway For Apoptosis R-HSA-9734009,1.0395726991360277,1.0,0.4464516129032258,CDKN2A;FASLG;TP53;BCL2L11;CAPN2;CAPN1;CAPNS1,wald_stat,Reactome_2022
Sialic Acid Metabolism R-HSA-4085001,1.0386031778105431,1.0,0.43483870967741933,ST3GAL2;CMAS;SLC17A5;ST3GAL5;ST3GAL4;ST6GAL1;ST8SIA4;ST3GAL3;SLC35A1;CTSA;ST8SIA6,wald_stat,Reactome_2022
rRNA Processing In Nucleus And Cytosol R-HSA-8868773,1.0371328677826108,1.0,0.4112646121147715,PES1;TBL3;GNL3;WDR75;DDX49;DCAF13;DDX56;RPP21;EMG1;DIMT1;NOL12;TSR1;RRP7A;WDR18;NOC4L;EBNA1BP2;BMS1;UTP14A;PELP1;NIP7;UTP3;DDX52;UBA52;TSR3;RIOK2;IMP4;RBM28;NAT10;UTP6;DHX37;NOP14;ERI1;MPHOSPH6;HEATR1;XRN2;NOL9;EXOSC6;EXOSC8;UTP4;RRP9,wald_stat,Reactome_2022
TP53 Regulates Metabolic Genes R-HSA-5628897,1.0364754044513416,1.0,0.41566920565832427,YWHAB;UBL4A;PRKAB2;CYCS;MOV10;RRAGC;TXN2;TSC2;TP53;SLC38A9;GNPDA1;LRPPRC;SESN2;COX4I1;AGO4;RPTOR;COX14;TIGAR;RRAGB;AKT3;MTOR;COX6B1;AGO1,wald_stat,Reactome_2022
Nuclear Events Stimulated By ALK Signaling In Cancer R-HSA-9725371,1.0362721563706658,1.0,0.4196547144754316,STAT3;MECP2;STAT5A;CLTC;CUL1;RBX1,wald_stat,Reactome_2022
Regulation Of TNFR1 Signaling R-HSA-5357905,-1.0361045303172778,0.6414771890145667,0.3770491803278688,UBB;BIRC2;CYLD;CFLAR;CHUK;TRAF1;TAX1BP1;USP25;MADD;BIRC3;CASP8;RACK1;TNFAIP3,wald_stat,Reactome_2022
"Cell Death Signaling Via NRAGE, NRIF And NADE R-HSA-204998",1.0342867613410296,1.0,0.4288990825688073,MAGED1;ARHGEF7;TRAF6;PSEN1;ARHGEF3;BCL2L11;CASP2;UBA52;ARHGEF2;ABR;PRPF38B;UBC;AATF;ARHGEF18;AKAP13;PSENEN;ARHGEF19,wald_stat,Reactome_2022
Nonhomologous End-Joining (NHEJ) R-HSA-5693571,1.0339904775378141,1.0,0.43847072879330945,RNF8;H2BC15;DCLRE1C;HERC2;MDC1;NHEJ1;BRCC3;RAD50;NSD2;TDP2;POLM;POLL;XRCC5;KAT5;XRCC6;H2BC21;UBE2V2,wald_stat,Reactome_2022
Signaling By CSF3 (G-CSF) R-HSA-9674555,-1.033073297543336,0.6450432501797708,0.4126984126984127,SOCS1;UBB;JAK1;RNF7,wald_stat,Reactome_2022
Signaling By ALK Fusions And Activated Point Mutants R-HSA-9725370,1.0305518087405479,1.0,0.43813847900113506,STAT3;MECP2;CARS1;SEC31A;STAT5A;PIK3CA;CLTC;PLCG1;MYH9;SHC1;RNF213;STRN;CUL1;RBX1,wald_stat,Reactome_2022
SARS-CoV-1 Infection R-HSA-9678108,1.0304029765855418,1.0,0.42255125284738043,UVRAG;PARP9;PIK3C3;ST3GAL2;PARP6;GANAB;ST3GAL4;UBA52;ST6GAL1;CHMP6;GSK3B;UBC;VCP;GSK3A,wald_stat,Reactome_2022
Oncogenic MAPK Signaling R-HSA-6802957,1.0290555270730706,1.0,0.417420814479638,YWHAB;APBB1IP;KDM7A;FAM114A2;NF1;ARRB1;CSK;ARAF;BCL2L11;RAP1B;TRIM24,wald_stat,Reactome_2022
Diseases Associated With O-glycosylation Of Proteins R-HSA-3906995,1.0280461454506933,1.0,0.4484924623115578,C1GALT1C1;THBS1;LFNG;B3GLCT;GALNT3;POMGNT1,wald_stat,Reactome_2022
Smooth Muscle Contraction R-HSA-445355,-1.0272474383646257,0.6559713856341566,0.3787878787878788,PKN1;GUCY1A1;MYL6;SORBS3;ANXA6,wald_stat,Reactome_2022
RAF/MAP Kinase Cascade R-HSA-5673001,1.0269204726236907,1.0,0.42374616171954965,YWHAB;PSMD4;RASGEF1A;PDGFRB;PSMA6;PSME3;SPTAN1;PEA15;PSMB10;RCE1;PPP2R5D;APBB1IP;BCL2L1;NF1;ERBB2;PPP2R5C;PPP2R5E;PIK3CA;PPP2R5A;PSMA7;PSMD11;ARRB1;SHC1;PSMD5;PSMB2;PSMD13;CSK;SPNS1;ARAF;RAP1B;PSMB9;NRG2;ABHD17A;RBX1;UBA52;PSMB8;UBC;PSMC3;PSMC5;RASA3;PTPRA;IL5RA;BRAF;RASGRP1;PSMB3;ICMT;FRS2;DUSP5;PSMC4;MARK3;MAP3K11;PRKCQ;CUL3;PPP5C;LLGL1;DUSP16;PIK3R2;FGFR1;MAPK3;PSMA5;IQGAP1;LAMTOR2;ARL2,wald_stat,Reactome_2022
Transcriptional Regulation Of Granulopoiesis R-HSA-9616222,-1.0267430930992538,0.6522727620446443,0.4304635761589404,H3-3B;H2BC12;H2AX;H2AJ,wald_stat,Reactome_2022
Telomere Extension By Telomerase R-HSA-171319,1.025823757220199,1.0,0.455470737913486,WRAP53;PIF1;ACD;TINF2;TERF2;RUVBL1;SHQ1;RUVBL2;PPP6R3,wald_stat,Reactome_2022
Antigen processing-Cross Presentation R-HSA-1236975,1.0243878480710753,1.0,0.4534501642935378,S100A9;S100A8;PSMD4;PSMA6;PSME3;PSMB10;HLA-E;CYBA;VAMP8;PSMA7;LNPEP;PSMD11;PSMD5;PSMB2;PSMD13;PSMB9;IKBKB;UBA52;PSMB8;UBC;PSMC3;PSMC5,wald_stat,Reactome_2022
MAPK1/MAPK3 Signaling R-HSA-5684996,1.0242859725171993,1.0,0.4336734693877551,YWHAB;PSMD4;RASGEF1A;PDGFRB;PSMA6;PSME3;SPTAN1;PEA15;PSMB10;RCE1;PPP2R5D;APBB1IP;BCL2L1;NF1;ERBB2;PPP2R5C;PPP2R5E;PIK3CA;PPP2R5A;PSMA7;PSMD11;ARRB1;SHC1;PSMD5;PSMB2;PSMD13;CSK;SPNS1;ARAF;RAP1B;PSMB9;NRG2;ABHD17A;RBX1;UBA52;PSMB8;UBC;PSMC3;PSMC5;RASA3;PTPRA;IL5RA;BRAF;RASGRP1;PSMB3;ICMT;FRS2;DUSP5;PSMC4;MARK3;MAP3K11;PRKCQ;CUL3;PPP5C;LLGL1;TYK2;DUSP16;PIK3R2;FGFR1;MAPK3;PSMA5;IQGAP1;LAMTOR2;ARL2,wald_stat,Reactome_2022
Activation Of BAD And Translocation To Mitochondria R-HSA-111447,1.022918577832727,1.0,0.43593130779392336,YWHAB;PPP3CC,wald_stat,Reactome_2022
Antiviral Mechanism By IFN-stimulated Genes R-HSA-1169410,1.0224778455897354,1.0,0.4489795918367347,EIF4E3;GNL3;POM121C;OASL;NUP37;ARIH1;FLNA;PLCG1;NUP88;PDE12;NUP188;NUP58;STAT1;UBE2E1;NUP214;EIF4G3;IRF3;UBA52;TRIM25;HERC5;UBC;RIGI;KPNA1,wald_stat,Reactome_2022
E2F Mediated Regulation Of DNA Replication R-HSA-113510,-1.0215926365164765,0.6622484566338612,0.41201716738197425,PPP2CA;PPP2CB;TFDP2,wald_stat,Reactome_2022
Signaling By EGFR In Cancer R-HSA-1643713,-1.0215548110887558,0.6573297114904496,0.4298642533936652,UBB;PIK3R1,wald_stat,Reactome_2022
HIV Life Cycle R-HSA-162587,1.0209861682420276,1.0,0.46852425180598556,VTA1;GTF2F2;SUPT4H1;RANGAP1;NELFA;TAF7;GTF2A1;UBAP1;POM121C;TAF6;NUP37;NCBP2;NUP88;CCNH;CTDP1;VPS37A;NUP188;NUP58;TAF15;TAF9;GTF2H3;NUP214;GTF2H5;POLR2D;UBA52;PPIA;GTF2H4;ERCC3;CHMP6;POLR2C;UBC;CDK7;CCNK;TBP;KPNA1;XRCC5;TAF5;GTF2B,wald_stat,Reactome_2022
RUNX1 Regulates Transcription Of Genes Involved In Differentiation Of HSCs R-HSA-8939236,1.0205570037190872,1.0,0.45268817204301076,RUNX1;PSMD4;PSMA6;PSME3;PSMB10;TCF12;H2BC15;PSMA7;PSMD11;CCNH;PSMD5;PSMB2;PSMD13;KMT2A;PSMB9;UBA52;PSMB8;UBC;CDK7;PSMC3;PSMC5,wald_stat,Reactome_2022
Golgi Associated Vesicle Biogenesis R-HSA-432722,1.0194852245214572,1.0,0.44110854503464203,BLOC1S1;BLOC1S6;HSPA8;PICALM;CLTC;VAMP8;ARRB1;ACBD3;AP1B1;PIK3C2A;IGF2R;VAMP2;YIPF6;SNX5;AP1S1;TPD52;PUM1;BLOC1S4;GOLGB1,wald_stat,Reactome_2022
tRNA Processing In Nucleus R-HSA-6784531,1.0182075328419997,1.0,0.4551645856980704,ZBTB8OS;TSEN34;POM121C;RPP21;NUP37;TRNT1;NUP88;NUP188;NUP58;ELAC2;NUP214,wald_stat,Reactome_2022
Diseases Of Signal Transduction By Growth Factor Receptors And Second Messengers R-HSA-5663202,1.0175627475386237,1.0,0.43775100401606426,PORCN;YWHAB;MAML1;PSMD4;STAT3;PDGFRB;TRIP11;PSMA6;PSME3;MECP2;GTF2F2;PSMB10;PSEN1;PPP2R5D;APBB1IP;CARS1;KDM7A;BCL2L1;FAM114A2;NF1;SEC31A;ERBB2;HDAC6;STAT5A;PPP2R5C;TSC2;PPP2R5E;SMAD4;PIK3CA;PPP2R5A;CLTC;PLCG1;SYVN1;CDKN1B;NCBP2;MYH9;HDAC5;PSMA7;PSMD11;ARRB1;SHC1;PIK3R3;RNF213;PSMD5;PSMB2;PSMD13;CSK;STAT1;STRN;ARAF;BCL2L11;RAP1B;STAT5B;TRIM24;PSMB9;NRG2;CUL1;NCOR1;BIN2;POLR2D;RBX1;UBA52;PSMB8;CLSTN1;POLR2C;GSK3B;GOLGA4;TNKS;UBC;VCP;PSMC3;PSMC5;GSK3A;EIF2AK3;BRAF;TNKS2;AKT3;MTOR;PSMB3;PIK3AP1;TGFBR1;CBL;HDAC4;PSENEN;ADAM10;FRS2;GOLGB1;PSMC4;ADAM17;HDAC8;MARK3;MAP3K11;DCTN1;LRRFIP1;CEBPB;LONP1;BAG4,wald_stat,Reactome_2022
Interferon Gamma Signaling R-HSA-877300,-1.017221256218869,0.6646420521860487,0.3977272727272727,SOCS1;HLA-A;HLA-DRB5;JAK1;IFNGR1;CD44;HLA-B;IRF8;SUMO1;PTPN2;IRF1;NCAM1;OAS1;OAS2;SOCS3;ICAM1,wald_stat,Reactome_2022
RHO GTPases Activate PAKs R-HSA-5627123,1.0157795058367447,1.0,0.4518229166666667,ARHGEF7;PPP1R12B;FLNA;MYH9;MYL12B;NF2,wald_stat,Reactome_2022
Biosynthesis Of N-glycan Precursor (Dolichol LLO) And Transfer To Protein R-HSA-446193,1.0154590883554697,1.0,0.458006718924972,ALG6;ALG3;DHDDS;ST3GAL2;CMAS;SLC17A5;AMDHD2;ALG12;ST3GAL5;GMPPA;PMM1;SRD5A3;ST3GAL4;ST6GAL1;GMPPB,wald_stat,Reactome_2022
Pyroptosis R-HSA-5620971,1.0138099567863355,1.0,0.47275031685678076,GZMB;CYCS;TP53;GSDMD;CASP1;CHMP6,wald_stat,Reactome_2022
S Phase R-HSA-69242,1.0131612424926215,1.0,0.4636929460580913,LIN37;PSMD4;PSMA6;PSME3;RFC2;PSMB10;ANAPC10;CDK4;CDC16;CDKN1B;RFC4;MCM5;PSMA7;PSMD11;ANAPC7;CCNH;PSMD5;PSMB2;PSMD13;UBE2E1;PSMB9;CUL1;RBX1;UBA52;PSMB8;GSK3B;UBC;CDK7;PSMC3;LIN54;PSMC5;AKT3;ANAPC1;PSMB3;ORC3;E2F4;MCM6;PSMC4;ORC5;POLA2,wald_stat,Reactome_2022
VEGFR2 Mediated Cell Proliferation R-HSA-5218921,1.0130186983080547,1.0,0.4644243208279431,AHCYL1;PRKCZ;PLCG1,wald_stat,Reactome_2022
rRNA Processing R-HSA-72312,1.0129113422189553,1.0,0.4557894736842105,PES1;TBL3;GNL3;WDR75;DDX49;DCAF13;DDX56;RPP21;EMG1;DIMT1;NOL12;TSR1;RRP7A;WDR18;NOC4L;ELAC2;EBNA1BP2;BMS1;UTP14A;PELP1;NIP7;UTP3;DDX52;UBA52;TSR3;RIOK2;IMP4;RBM28;NAT10;UTP6;DHX37;MRM2;NOP14;ERI1;MPHOSPH6;HEATR1;XRN2;NOL9;EXOSC6;EXOSC8;UTP4;RRP9,wald_stat,Reactome_2022
Glucose Metabolism R-HSA-70326,1.010586058843855,1.0,0.4749455337690632,PCNX4;SLC25A1;PPP2R5D;POM121C;PFKP;TPI1;NUP37;PKM;NUP88;NUP188;NUP58;GNPDA1;HOOK2;MDH1;NUP214,wald_stat,Reactome_2022
HDR Thru Homologous Recombination (HRR) R-HSA-5685942,1.0104232628028462,1.0,0.4588500563697858,RFC2;POLK;HUS1;RAD51C;RFC4;RAD17;TOPBP1;SPIDR;UBA52;RAD50;UBC,wald_stat,Reactome_2022
ER-Phagosome Pathway R-HSA-1236974,1.009746630875005,1.0,0.47902869757174393,S100A9;S100A8;PSMD4;PSMA6;PSME3;PSMB10;HLA-E;VAMP8;PSMA7;PSMD11;PSMD5;PSMB2;PSMD13;PSMB9;IKBKB;UBA52;PSMB8;UBC;PSMC3;PSMC5,wald_stat,Reactome_2022
Abortive Elongation Of HIV-1 Transcript In Absence Of Tat R-HSA-167242,1.0096015941090108,1.0,0.4583850931677019,GTF2F2;SUPT4H1;NELFA;NCBP2;CTDP1;POLR2D;POLR2C,wald_stat,Reactome_2022
Signaling By TGF-beta Receptor Complex R-HSA-170834,1.0095984529398985,1.0,0.48060344827586204,LTBP4;F11R;MTMR4;PRKCZ;SMURF2;SMAD4;RNF111;MEN1;PPP1CA;PPM1A;STAT1;ITGB1;NCOR1;UBA52;RHOA;UBC;CCNK;ARHGEF18;TGFBR1;E2F4;CBL;SRFBP1;RBL1;YBX1;SMAD2;MAPK3;CCNC,wald_stat,Reactome_2022
Regulation Of MECP2 Expression And Activity R-HSA-9022692,1.0095879062916897,1.0,0.4668304668304668,MECP2;MOV10;HIPK2;NCOR1;AGO4,wald_stat,Reactome_2022
Ion Transport By P-type ATPases R-HSA-936837,1.009389041873652,1.0,0.46780072904009723,ATP1A3;ATP2A2;ATP10D;ATP13A2;CUTC;ATP2C1;ATP2A3;ATP10A;PDZD11;ATP7A,wald_stat,Reactome_2022
Regulated Necrosis R-HSA-5218859,-1.0091912646720849,0.6836453889728847,0.41304347826086957,UBB;BIRC2;FLOT1;CFLAR;HMGB1;MLKL;CASP4,wald_stat,Reactome_2022
DNA Double-Strand Break Repair R-HSA-5693532,1.009002709077711,1.0,0.4714587737843552,RFC2;POLK;XRCC1;HUS1;RNF8;RAD51C;H2BC15;DCLRE1C;ERCC4;RFC4;PPP4R2;RAD17;TOPBP1;TP53;HERC2;SPIDR;BAZ1B;MDC1;NHEJ1;SIRT6;BRCC3;KDM4A;UBA52;RAD50;NSD2;RNF4;PPP4C;UBC;TDP2;POLM;POLL;XRCC5;KDM4B;ERCC1;KAT5;XRCC6;PPP5C;FEN1;H2BC21;UBE2V2;CDK2;UBE2I;MAPK8;TIMELESS,wald_stat,Reactome_2022
Integration Of Energy Metabolism R-HSA-163685,1.007293966460119,1.0,0.47816349384098544,AKAP5;CACNA2D2;AGPAT1;PRKAB2;AHCYL1;PPP2R5D;GNG5;PLCB2;STK11;VAMP2;GNG10;GNB2,wald_stat,Reactome_2022
Sensory Processing Of Sound By Inner Hair Cells Of Cochlea R-HSA-9662360,-1.0070188123466959,0.6851044370666163,0.40229885057471265,WHRN;ATP2B1;TRIOBP;CAPZA2;SPTBN1,wald_stat,Reactome_2022
EGFR Downregulation R-HSA-182971,-1.0069193411099968,0.680305398884206,0.41708542713567837,UBB;CDC42;PTPN12;SPRY1;STAM,wald_stat,Reactome_2022
APC/C-mediated Degradation Of Cell Cycle Proteins R-HSA-174143,1.0066078366726197,1.0,0.4718004338394794,PSMD4;PSMA6;PSME3;PSMB10;ANAPC10;CDC16;PSMA7;PSMD11;ANAPC7;PSMD5;PSMB2;PSMD13;UBE2E1;PSMB9;CUL1;UBA52;PSMB8;UBC;PSMC3;PSMC5,wald_stat,Reactome_2022
COPI-independent Golgi-to-ER Retrograde Traffic R-HSA-6811436,-1.0062059037540645,0.6770916427428263,0.4301675977653631,CAPZA2;DCTN3;ACTR10;DYNLL2;PAFAH1B2;DCTN6;PLA2G6;RAB3GAP2;ACTR1A,wald_stat,Reactome_2022
Calnexin/calreticulin Cycle R-HSA-901042,-1.005778849928737,0.6733486196728138,0.42857142857142855,UBB;PDIA3;RNF103;DERL2;EDEM1;MARCHF6;CALR,wald_stat,Reactome_2022
Signaling By NOTCH R-HSA-157118,1.0051444628105406,1.0,0.49846782431052095,MAML1;RUNX1;PSMD4;ACTA2;ATP2A2;PSMA6;GZMB;PSME3;PSMB10;PSEN1;MOV10;H2BC15;HDAC6;HDAC5;PSMA7;PSMD11;ARRB1;IKZF1;TP53;PSMD5;PSMB2;PSMD13;HIF1A;STAT1;POGLUT1;PSMB9;CUL1;SIRT6;RAB6A;NCOR1;RBX1;ST3GAL4;AGO4;ATP2A3;PLXND1;UBA52;LFNG;PSMB8;UBC;PSMC3;PSMC5;NUMB;TLE3;TLE1;PSMB3;AGO1;HDAC4;PSENEN;ADAM10;PSMC4;ADAM17;HDAC8;MFNG,wald_stat,Reactome_2022
Interleukin-4 And Interleukin-13 Signaling R-HSA-6785807,-1.0049527470557142,0.6708028537467451,0.42452830188679247,SOCS1;PIK3R1;JAK1;GATA3;RNASEH2A;IL2RG;TIMP1;IL4R;F13A1;SOCS3;AKT1;ICAM1,wald_stat,Reactome_2022
G2/M Transition R-HSA-69275,1.004554734055932,1.0,0.5072164948453608,LIN37;PSMD4;PSMA6;PPME1;PSME3;PSMB10;CEP164;PHLDA1;ODF2;TUBGCP6;CEP63;CEP290;PPP1R12B;PSMA7;PSMD11;CCNH;PCNT;TP53;PSMD5;PSMB2;NDE1;HAUS4;PSMD13;CEP135;PSMB9;CUL1;HAUS6;RBX1;TUBGCP2;UBA52;PSMB8;PPP2R2A;TUBGCP4;DCTN2;UBC;CDK7;PSMC3;LIN54;PSMC5,wald_stat,Reactome_2022
Cell Cycle Checkpoints R-HSA-69620,1.0040194222371976,1.0,0.48785425101214575,YWHAB;PSMD4;PSMA6;PSME3;RFC2;PSMB10;TAOK1;RANGAP1;PPP2R5D;HUS1;KANSL1;RNF8;ANAPC10;H2BC15;CDKN2A;PPP2R5C;MIS12;NUP37;PPP2R5E;CDC16;PPP2R5A;CENPL;CDKN1B;RFC4;MCM5;PSMA7;PSMD11;ANAPC7;RAD17;TOPBP1;TP53;PSMD5;HERC2;PSMB2;NDE1;PSMD13;MDC1;UBE2E1;PSMB9;CLIP1;BRCC3;UBA52;RAD50;PSMB8;NSD2;UBC;PSMC3;KIF2A;PSMC5;RCC2,wald_stat,Reactome_2022
MAPK6/MAPK4 Signaling R-HSA-5687128,1.0034313415467555,1.0,0.5054824561403509,PSMD4;PSMA6;ARHGEF7;PSME3;PSMB10;MOV10;PSMA7;PSMD11;PSMD5;PSMB2;PSMD13;PSMB9;CCND3;NCOA3;AGO4;UBA52;PSMB8;UBC;PSMC3;PSMC5,wald_stat,Reactome_2022
Budding And Maturation Of HIV Virion R-HSA-162588,1.002498999432876,1.0,0.4646840148698885,VTA1;UBAP1;VPS37A;UBA52;PPIA;CHMP6;UBC,wald_stat,Reactome_2022
Mitotic G2-G2/M Phases R-HSA-453274,1.0013782022277051,1.0,0.5123711340206185,LIN37;PSMD4;PSMA6;PPME1;PSME3;PSMB10;CEP164;PHLDA1;ODF2;TUBGCP6;CEP63;CEP290;PPP1R12B;PSMA7;PSMD11;CCNH;PCNT;TP53;PSMD5;PSMB2;NDE1;HAUS4;PSMD13;CEP135;PSMB9;CUL1;HAUS6;RBX1;TUBGCP2;UBA52;PSMB8;PPP2R2A;TUBGCP4;DCTN2;UBC;CDK7;PSMC3;LIN54;PSMC5,wald_stat,Reactome_2022
TGF-beta Receptor Signaling Activates SMADs R-HSA-2173789,1.0012682736180833,1.0,0.4777911164465786,LTBP4;MTMR4;SMURF2;SMAD4;PPP1CA;ITGB1;UBA52;UBC;TGFBR1;CBL;SRFBP1,wald_stat,Reactome_2022
Toll-like Receptor Cascades R-HSA-168898,1.0007328921546828,1.0,0.4905857740585774,S100A9;LRRC14;S100A8;PTPN4;MAPK9;TRAF6;MAPK14;FADD;PPP2R5D;SIGIRR;UBE2V1;NKIRAS2;PIK3C3;EEA1;MAP2K4;TP53;TBK1;IRAK4;SARM1;CUL1;UBE2D2;TNIP2;IKBKB;IRF3;UBA52;GSDMD;MAP2K6,wald_stat,Reactome_2022
Interleukin-20 Family Signaling R-HSA-8854691,0.9998202698078068,1.0,0.4870801033591731,STAT3;STAT5A;STAT1;STAT5B;STAT4,wald_stat,Reactome_2022
Signaling By ERBB2 R-HSA-1227986,-0.9986722016624368,0.6839202932285964,0.4840764331210191,UBB;PIK3R1;PTPN12;MEMO1;MATK,wald_stat,Reactome_2022
G Alpha (I) Signaling Events R-HSA-418594,-0.9964522601513107,0.6853613119324958,0.4594594594594595,PPP2CA;GPR183;PPP3CA;RGS1;PPP2CB;PDE4D;CDK5;GNAI3;GNAQ;PDE4B;GNAS;HEBP1;GRK2;GNGT2;GNB1,wald_stat,Reactome_2022
PIP3 Activates AKT Signaling R-HSA-1257604,0.9964486060817159,1.0,0.5217831813576495,TRIM27;PSMD4;PDGFRB;PSMA6;PSME3;TRAF6;PSMB10;PPP2R5D;MOV10;RRAGC;MTA1;ERBB2;PPP2R5C;TSC2;PPP2R5E;PIK3CA;PPP2R5A;RNF146;CDKN1B;HDAC5;PSMA7;PSMD11;PIK3R3;TP53;PSMD5;PSMB2;PSMD13;SLC38A9;IRAK4;STRN;KDM1A;PSMB9;NRG2;AGO4;RING1;UBA52;PSMB8;CLSTN1;RPTOR;PIP4K2B;GSK3B;CSNK2A2;TNKS;UBC;PSMC3;PSMC5;GSK3A;RRAGB;TNKS2;AKT3;MTOR;PSMB3;CNOT6L;PIK3AP1;AGO1;CHD3;PHC1;FRS2;REST;PSMC4,wald_stat,Reactome_2022
Paradoxical Activation Of RAF Signaling By Kinase Inactive BRAF R-HSA-6802955,0.995989636959955,1.0,0.4860943168077388,YWHAB;APBB1IP;ARRB1;CSK;ARAF;RAP1B;BRAF;MARK3;MAP3K11;MAPK3;IQGAP1,wald_stat,Reactome_2022
ERCC6 (CSB) And EHMT2 (G9a) Positively Regulate rRNA Expression R-HSA-427389,-0.9955528763582516,0.6829332045577423,0.44242424242424244,H3-3B;H2BC12;H2AX;H2AJ,wald_stat,Reactome_2022
Citric Acid Cycle (TCA Cycle) R-HSA-71403,0.9912217539823198,1.0,0.49226804123711343,NNT;OGDH;IDH3A,wald_stat,Reactome_2022
Role Of Phospholipids In Phagocytosis R-HSA-2029485,0.9910609313165613,1.0,0.4640102827763496,CD247;AHCYL1;PIK3CA;PLCG1;PLD3,wald_stat,Reactome_2022
Platelet Calcium Homeostasis R-HSA-418360,0.9909386937366382,1.0,0.5019404915912031,ATP2A2;STIM1;ORAI1;ATP2A3;ORAI2;ATP2B4;SRI;ITPR1,wald_stat,Reactome_2022
Endosomal Sorting Complex Required For Transport (ESCRT) R-HSA-917729,0.9894380506497177,1.0,0.48492159227985526,HGS;VTA1;UBAP1;VPS37A;UBA52;CHMP6;UBC,wald_stat,Reactome_2022
Fcgamma Receptor (FCGR) Dependent Phagocytosis R-HSA-2029480,0.9894304725582449,1.0,0.5134831460674157,CD247;NCKAP1L;AHCYL1;CYFIP2;CRK;PIK3CA;PLCG1;ARPC3;MYH9;WASF2;WIPF2;PLD3;NF2;ACTR3;ARPC2,wald_stat,Reactome_2022
RND2 GTPase Cycle R-HSA-9696270,0.9893761577988947,1.0,0.4873035066505441,FNBP1;SCRIB;WDR6;KCTD13;ARHGAP35;PLXND1;ANKRD26;ARHGAP1;FRS2;KIDINS220;PIK3R2,wald_stat,Reactome_2022
Rab Regulation Of Trafficking R-HSA-9007101,0.9892681200316144,1.0,0.5084388185654009,TBC1D25;TBC1D14;TBC1D10B;TBC1D7;TRAPPC12;RABGAP1;MON1A;TBC1D10C;DENND3;RAB35;RAB10;TRAPPC6B;GGA1;HPS4;RAB5B;TSC2;GGA2;ANKRD27;DENND4C;TRAPPC1;RAB6A;TRAPPC13;TBC1D13;RAB33A;SBF1;ALS2;RAB11A;TBC1D17;AKT3;CCZ1B,wald_stat,Reactome_2022
Downstream TCR Signaling R-HSA-202424,0.9889837905827974,1.0,0.5106609808102346,CD247;PSMD4;PSMA6;PSME3;TRAF6;PSMB10;UBE2V1;PIK3CA;PSMA7;PSMD11;PSMD5;PSMB2;PSMD13;PSMB9;CUL1;UBE2D2;IKBKB;UBA52;PSMB8;UBC;PSMC3;PSMC5,wald_stat,Reactome_2022
Signaling By ALK R-HSA-201556,0.9886209186212975,1.0,0.4888888888888889,STAT3;PIK3CA;PLCG1;SHC1;HIF1A,wald_stat,Reactome_2022
Constitutive Signaling By Ligand-Responsive EGFR Cancer Variants R-HSA-1236382,-0.9873987718501744,0.7007373679242225,0.46382978723404256,UBB;PIK3R1,wald_stat,Reactome_2022
Organelle Biogenesis And Maintenance R-HSA-1852241,0.9870904816671315,1.0,0.5362903225806451,C2CD3;TRIP11;MICOS10;MAPK14;CEP164;TMEM216;PRKAB2;CYCS;ATP5PO;ODF2;HELZ2;KIF3A;HDAC6;CEP63;CEP290;NCOA6;PTGES2;KIF3B;PCNT;DYNC2I1;NDE1;HAUS4;CCT3;MBD4;IFT88;DNAJC11;MICOS13;CEP135;ARL13B;NCOR1;SAMM50;HAUS6;BBIP1;MTERF1;ALAS1;TTBK2;EXOC2;EXOC6;DCTN2;IFT172;MARK4;CRTC3;DMAC2L;CCT5;RAB11A;IFT20;CEP162;ATP5MC3;BBS2;CRTC2;TUBA1A;TTC21B;DYNC1H1;DYNLT2B;CCT2;TFAM;EXOC5;PRKAG2;DCTN1;CEP57;PAFAH1B1;ATP5F1B;IFT57;GLUD1;PRKD2;BBS4;SIRT5;DYNC2H1;EXOC8;CRTC1;CNTRL;PKD1;PPARA,wald_stat,Reactome_2022
Signaling By NTRKs R-HSA-166520,0.9857674012969999,1.0,0.5120087336244541,YWHAB;PCSK5;STAT3;MAPK14;PPP2R5D;TCF12;CRK;DNAL4;BCL11B;MAPK13;PIK3CA;CLTC;PLCG1;AP2A2;SHC1,wald_stat,Reactome_2022
Netrin-1 Signaling R-HSA-373752,0.985095620069863,1.0,0.4949874686716792,AGAP2;MAPK14;SIAH2;MAPK13;PLCG1,wald_stat,Reactome_2022
Regulation Of NF-kappa B Signaling R-HSA-9758274,0.9847705042426961,1.0,0.5146124523506989,LRRC14;TRAF6;TP53;IKBKB;UBA52;UBC;IKBIP;TANK;NLRC5;N4BP1,wald_stat,Reactome_2022
Developmental Biology R-HSA-1266738,0.9844098800205314,1.0,0.5505505505505506,PTGDS;AGAP2;AKAP5;SCD5;MAML1;RUNX1;PSMD4;STAT3;PIAS2;MED27;PSMA6;SREBF2;CAP1;ARHGEF7;PSME3;SPTAN1;MAPK14;FAM120B;PSMB10;WDR5;PSEN1;MED24;ZSWIM8;TCF12;MED12;MED25;SIAH2;ASH2L;HELZ2;PPP3CB;DOK1;CDK4;ERBB2;H2BC15;MAPK13;CASC3;HSPA8;SMAD4;PIK3CA;NCOA6;CLTC;PLCG1;ARPC3;NCBP2;AP2A2;MYH9;PSMA7;PSMD11;MED7;SHC1;PIK3R3;MED17;PSMD5;PSMB2;MYL12B;PSMD13;MBD4;DEK;ITGB1;PAGR1;VASP;KMT2A;HOXB4;PSMB9;ACTR3;ROCK1;CCND3;NCOR1;CDK19;ARPC2;POLR2D;EZR;ARHGAP35;MED8;RBX1;NCOA3;TNF;PLXND1;UBA52;MAP2K6;PSMB8;CLSTN1;MYL12A;KMT2D;CAPN1;POLR2C;RHOA;GSK3B;ZNF335;CSNK2A2;VPS72;UBC;PSMC3;PSMC5;CNOT6;MEF2A;PTPRA;AP2A1;NUMB;CTNNA1;AKT3;CAPNS1;PSMB3;ACTR2;SRGAP2;RDX;HOXB2;RARG;ST8SIA4;MED21;PRKACB;MAP4K2;PSENEN;ADAM10;FRS2;DPYSL2;PERP;ACTG1;PSMC4;CTCF;MYL9;PRKCQ;MAPK7;NEO1,wald_stat,Reactome_2022
G Alpha (12/13) Signaling Events R-HSA-416482,0.9833499482792197,1.0,0.5087924970691676,ARHGEF7;ARHGEF3;GNG5;ROCK1;GNG10;GNB2;ARHGEF2;ABR;PRPF38B;RHOA;ARHGEF18;GNG2;AKAP13,wald_stat,Reactome_2022
E3 Ubiquitin Ligases Ubiquitinate Target Proteins R-HSA-8866654,0.9831947335111177,1.0,0.5121387283236994,TMEM129;LEO1;UBE2J2;PAF1;H2BC15;HLTF;PEX14;UBE2L3;PEX2;UBE2E1;SHPRH;UBE2D2;UBA52;UBC;VCP,wald_stat,Reactome_2022
B-WICH Complex Positively Regulates rRNA Expression R-HSA-5250924,-0.9818723589510034,0.710669716395608,0.43902439024390244,H3-3B;H2BC12;H2AX;H2AJ,wald_stat,Reactome_2022
TNFR2 Non-Canonical NF-kB Pathway R-HSA-5668541,0.979267587898641,1.0,0.5092091007583965,PSMD4;PSMA6;PSME3;PSMB10;FASLG;TNFSF12;TNFRSF1A;PSMA7;PSMD11;PSMD5;PSMB2;PSMD13;PSMB9;CUL1;TNFRSF1B;TNF;UBA52;PSMB8;UBC;PSMC3;PSMC5,wald_stat,Reactome_2022
Centrosome Maturation R-HSA-380287,-0.9787330308924144,0.714559615588543,0.5324675324675324,CDK11A;YWHAE;MAPRE1;OFD1;MZT2A;TUBB4B;CSNK1D;DCTN3;PCM1;TUBA4A;HAUS3;PRKCA;CEP152;YWHAG;CEP70;ACTR1A,wald_stat,Reactome_2022
AURKA Activation By TPX2 R-HSA-8854518,-0.9770918214893491,0.7144084707209883,0.5384615384615384,YWHAE;MAPRE1;OFD1;TUBB4B;CSNK1D;DCTN3;PCM1;TUBA4A;HAUS3;PRKCA;CEP152;YWHAG;CEP70;ACTR1A,wald_stat,Reactome_2022
Disorders Of Transmembrane Transporters R-HSA-5619115,0.9762859932275835,1.0,0.5260960334029228,PSMD4;PSMA6;PSME3;PSMB10;BSG;POM121C;NUP37;SLC17A5;PSMA7;NUP88;PSMD11;PSMD5;SLC33A1;PSMB2;PSMD13;NUP188;NUP58;SLC26A2;PSMB9;NUP214;UBA52;PSMB8;UBC;VCP;PSMC3;PSMC5;SLC22A18;PSMB3;MAP4K2;PSMC4;SLC12A6;RNF185;NUP160;LMBRD1;ABCD4;SLC35A1;PSMA5;NUP153;SLC20A2;RANBP2;SLC35C1;NUP210;SLC11A2;PSMD12;SLC29A3;PSMC2;NUP54;PSMC1,wald_stat,Reactome_2022
Loss Of Nlp From Mitotic Centrosomes R-HSA-380259,-0.9751564627164849,0.7147006780864454,0.580952380952381,YWHAE;MAPRE1;OFD1;TUBB4B;CSNK1D;DCTN3;PCM1;TUBA4A;HAUS3;PRKCA;CEP152;YWHAG;CEP70;ACTR1A,wald_stat,Reactome_2022
Toll Like Receptor 4 (TLR4) Cascade R-HSA-166016,0.974335439875821,1.0,0.5387029288702929,S100A9;LRRC14;S100A8;PTPN4;MAPK9;TRAF6;MAPK14;FADD;PPP2R5D;SIGIRR;UBE2V1;NKIRAS2;MAP2K4;TP53;TBK1;IRAK4;SARM1;CUL1;UBE2D2;TNIP2;IKBKB;IRF3;UBA52;MAP2K6,wald_stat,Reactome_2022
PKMTs Methylate Histone Lysines R-HSA-3214841,0.9718360288856347,1.0,0.5247641509433962,EHMT2;WDR5;ASH2L;KMT5C;KMT2A;NSD2;KMT2D;SETDB2;NSD1,wald_stat,Reactome_2022
CLEC7A (Dectin-1) Signaling R-HSA-5607764,0.9715115872312728,1.0,0.5502702702702703,PSMD4;PSMA6;PSME3;TRAF6;PSMB10;AHCYL1;UBE2V1;PPP3CB;PSMA7;PSMD11;PSMD5;PSMB2;PSMD13;PSMB9;CUL1;UBE2D2;IKBKB;UBA52;PSMB8;UBC;PSMC3;PSMC5,wald_stat,Reactome_2022
Fc Epsilon Receptor (FCERI) Signaling R-HSA-2454202,0.9713082856232648,1.0,0.5463157894736842,PSMD4;PSMA6;PSME3;MAPK9;TRAF6;PSMB10;AHCYL1;UBE2V1;PPP3CB;PIK3CA;PLCG1;MAP2K4;PSMA7;PSMD11;SHC1;PSMD5;PSMB2;PSMD13;SPNS1;RASGRP2;PSMB9;CUL1;UBE2D2;IKBKB;UBA52;PSMB8;UBC;PSMC3;PSMC5,wald_stat,Reactome_2022
TRAF6 Mediated NF-kB Activation R-HSA-933542,0.9712670020565696,1.0,0.4911392405063291,TRIM4;TRAF6;NKIRAS2;MAVS;IKBKB;TRIM25;RIGI,wald_stat,Reactome_2022
Programmed Cell Death R-HSA-5357801,0.9711217228256175,1.0,0.5682051282051283,YWHAB;PSMD4;STAT3;MAGED1;DAPK2;PSMA6;GZMB;PSME3;PPP3CC;SPTAN1;FADD;PSMB10;CYCS;GNL3;MED12;ARHGAP10;BCL2L1;CDKN2A;FASLG;PSMA7;PSMD11;TP53;PSMD5;PSMB2;PSMD13;BCL2L11;PSMB9;ROCK1;BBC3;UBA52;GSDMD;DFFA;PSMB8;CASP1;CHMP6;BCAP31;UBC;PSMC3;PSMC5,wald_stat,Reactome_2022
Extracellular Matrix Organization R-HSA-1474244,0.9705039139786638,1.0,0.5331196581196581,LTBP4;F11R;COL13A1;PSEN1;P3H1;ITGB7;BSG;COLGALT2;PLOD1;PLOD3;ADAM15;ADAM8;ITGB1;CAPN7;ITGAL;THBS1;CAPN2;CAPN1,wald_stat,Reactome_2022
Protein Localization R-HSA-9609507,0.9701596125861127,1.0,0.5639175257731959,ACOT8;UBL4A;GET1;PHYH;AGPS;ACOT4;ABCD3;TIMM10B;HMGCL;UBE2J2;TOMM5;CHCHD10;ACAA1;PEX11B;PEX14;PEX2;CYB5A;PECR;TOMM70;SGTA;MLYCD;PAM16;DNAJC19;VAMP2;UBE2D2;GNPAT;TOMM6;MPV17;SAMM50;HSCB;UBA52;PITRM1,wald_stat,Reactome_2022
Downregulation Of ERBB2 Signaling R-HSA-8863795,-0.968802329263797,0.7277110037930712,0.4863636363636364,UBB;PTPN12;MATK,wald_stat,Reactome_2022
Cytosolic tRNA Aminoacylation R-HSA-379716,0.9669749480689169,1.0,0.5095057034220533,CARS1;FARSA;GARS1;RARS1;HARS1;AARS1;SARS1;DARS1;IARS1;AIMP2;QARS1;TARS1,wald_stat,Reactome_2022
MAPK Family Signaling Cascades R-HSA-5683057,0.9669616927163943,1.0,0.570264765784114,YWHAB;PSMD4;RASGEF1A;PDGFRB;PSMA6;ARHGEF7;PSME3;SPTAN1;PEA15;PSMB10;RCE1;PPP2R5D;MOV10;APBB1IP;BCL2L1;NF1;ERBB2;PPP2R5C;PPP2R5E;PIK3CA;PPP2R5A;PSMA7;PSMD11;ARRB1;SHC1;PSMD5;PSMB2;PSMD13;CSK;SPNS1;ARAF;RAP1B;PSMB9;CCND3;NRG2;ABHD17A;RBX1;NCOA3;AGO4;UBA52;PSMB8;UBC;PSMC3;PSMC5;RASA3;PTPRA;IL5RA;BRAF;RASGRP1;PSMB3;AGO1;PRKACB;ICMT;FRS2;DUSP5;PSMC4;MARK3;MAP3K11;PRKCQ;CUL3;PPP5C;LLGL1;TYK2;DUSP16;JUN;PIK3R2;FGFR1;MAPK3;PSMA5;IQGAP1;CDC42EP3;LAMTOR2;ARL2,wald_stat,Reactome_2022
Nervous System Development R-HSA-9675108,0.9666523778920364,1.0,0.6024217961654894,AGAP2;AKAP5;SCD5;PSMD4;PSMA6;SREBF2;CAP1;ARHGEF7;PSME3;SPTAN1;MAPK14;PSMB10;PSEN1;ZSWIM8;SIAH2;PPP3CB;DOK1;ERBB2;MAPK13;CASC3;HSPA8;PIK3CA;CLTC;PLCG1;ARPC3;NCBP2;AP2A2;MYH9;PSMA7;PSMD11;SHC1;PIK3R3;PSMD5;PSMB2;MYL12B;PSMD13;ITGB1;VASP;PSMB9;ACTR3;ROCK1;ARPC2;EZR;ARHGAP35;RBX1;PLXND1;UBA52;PSMB8;CLSTN1;MYL12A;RHOA;GSK3B;CSNK2A2;VPS72;UBC;PSMC3;PSMC5;PTPRA;AP2A1;NUMB;PSMB3;ACTR2;SRGAP2;RDX;ST8SIA4;PRKACB;PSENEN;ADAM10;FRS2;DPYSL2;ACTG1;PSMC4;MYL9;PRKCQ;MAPK7;NEO1,wald_stat,Reactome_2022
TCR Signaling R-HSA-202403,0.966334960511434,1.0,0.5583596214511041,CD247;PSMD4;PSMA6;ARHGEF7;PSME3;TRAF6;PSMB10;UBE2V1;PIK3CA;PLCG1;PSMA7;PSMD11;PSMD5;PSMB2;PSMD13;CSK;SPNS1;VASP;PSMB9;CUL1;UBE2D2;IKBKB;UBA52;PSMB8;UBC;PSMC3;PSMC5,wald_stat,Reactome_2022
Signaling By MET R-HSA-6806834,0.9662264104266366,1.0,0.5302325581395348,HGS;STAT3;CRK;PIK3CA;EPS15;PTPN1;SHC1;ITGB1;RAP1B;SH3GL1;UBA52;UBC,wald_stat,Reactome_2022
ER To Golgi Anterograde Transport R-HSA-199977,-0.9651954686257366,0.7323181557789166,0.4666666666666667,TMED2;TRAPPC10;TRAPPC2L;TRAPPC6A;SEC24C;RAB1A;TRAPPC2;CAPZA2;CD55;CSNK1D;DCTN3;SPTBN1;ACTR10;TMED7;DYNLL2;CNIH1;COPZ1;SAR1B;DCTN6;NAPG;ARF5;SEC22C;ACTR1A;RAB1B;SEC24A;TMED9;KDELR2;PPP6C;SEC22A,wald_stat,Reactome_2022
ISG15 Antiviral Mechanism R-HSA-1169408,0.9648928516809728,1.0,0.5341278439869989,EIF4E3;GNL3;POM121C;NUP37;ARIH1;PLCG1;NUP88;NUP188;NUP58;STAT1;UBE2E1;NUP214;EIF4G3;IRF3;UBA52;TRIM25;HERC5;UBC;RIGI;KPNA1,wald_stat,Reactome_2022
Class I MHC Mediated Antigen Processing And Presentation R-HSA-983169,0.9647768451699625,1.0,0.6016096579476862,S100A9;S100A8;TRIM4;PSMD4;LRRC41;TRIM69;ASB1;UBE2O;PSMA6;BLMH;RNF14;PSME3;HERC1;RNF6;UBE2D4;PSMB10;GAN;TRIM37;UBE2V1;SMURF2;SIAH2;PIK3C3;TRIM39;UBE2J2;ANAPC10;SEC31A;HECTD3;UBE2L3;HLA-E;FBXO22;FBXW4;CDC16;RNF111;CYBA;VAMP8;PSMA7;LNPEP;PSMD11;ANAPC7;RNF213;PSMD5;HERC2;PSMB2;PSMD13;FBXL20;NPEPPS;UBE2E1;PSMB9;CUL1;UBE2D2;TRIM11;ASB8;THOP1;KLHL22;RBX1;IKBKB;FBXL4;UBA52;PSMB8;RNF4;FBXO21;UBE3B;HERC5;UBC;PSMC3;PSMC5;FBXO4,wald_stat,Reactome_2022
Beta-catenin Phosphorylation Cascade R-HSA-196299,0.964076153363259,1.0,0.5133333333333333,PPP2R5D;PPP2R5C;PPP2R5E;PPP2R5A,wald_stat,Reactome_2022
NEP/NS2 Interacts With Cellular Export Machinery R-HSA-168333,0.9638227076190319,1.0,0.5286396181384249,GNL3;BLOC1S6;POM121C;NUP37;NUP88;NUP188;NUP58;NUP214,wald_stat,Reactome_2022
Postmitotic Nuclear Pore Complex (NPC) Reformation R-HSA-9615933,-0.9637396874530267,0.7316958634863807,0.49238578680203043,NUP98;SEH1L;AHCTF1;NUP155;SUMO1;RAN,wald_stat,Reactome_2022
Neddylation R-HSA-8951664,0.9626601387435241,1.0,0.6002034587995931,DCAF6;PSMD4;LRRC41;ASB1;PSMA6;PSME3;PSMB10;WDR5;GAN;MUL1;COPS5;DCAF13;DDB2;CCDC22;WDTC1;FBXO22;FBXW4;DCAF5;PSMA7;PSMD11;PSMD5;COMMD1;PSMB2;COPS7A;PSMD13;HIF1A;DCAF11;FBXL20;PSMB9;CUL1;UBE2D2;ASB8;KLHL22;RBX1;FBXL4;UBXN7;UBA52;PSMB8;FBXO21;DCAF10;NPLOC4;UBC;VCP;PSMC3;PSMC5;FBXO4,wald_stat,Reactome_2022
Host Interactions Of HIV Factors R-HSA-162909,0.9624986835905692,1.0,0.5643979057591623,CD247;PSMD4;PSMA6;PSME3;PSMB10;RANGAP1;POM121C;NUP37;AP2A2;PSMA7;NUP88;PSMD11;PSMD5;AP1B1;PSMB2;PSMD13;NUP188;NUP58;PSMB9;NUP214;PACS1;RBX1;UBA52;PSMB8;PPIA;AP1S1;UBC;PSMC3;PSMC5;AP2A1,wald_stat,Reactome_2022
Regulation Of Cholesterol Biosynthesis By SREBP (SREBF) R-HSA-1655829,0.9622597398924615,1.0,0.5445086705202312,SCAP;SREBF2;HELZ2;MVK;INSIG2;FDPS;MBTPS1;NCOA6,wald_stat,Reactome_2022
O-linked Glycosylation R-HSA-5173105,0.9621469211466617,1.0,0.5348288075560803,C1GALT1C1;GALNT6;ST3GAL2;ST3GAL4;THBS1;ST6GAL1;B3GLCT;POMK;GALNT2;GALNT3;POMGNT1;GCNT1,wald_stat,Reactome_2022
RNA Polymerase I Promoter Escape R-HSA-73772,-0.9619503414711256,0.7314899390658767,0.5416666666666666,H3-3B;H2BC12;H2AX;H2AJ,wald_stat,Reactome_2022
Degradation Of Extracellular Matrix R-HSA-1474228,0.9615135574241583,1.0,0.5354609929078015,COL13A1;PSEN1;BSG;ADAM15;ADAM8;CAPN7;CAPN2;CAPN1;CAPNS1;ADAM10;ADAM17,wald_stat,Reactome_2022
Signaling By FGFR In Disease R-HSA-1226099,0.9615062338541759,1.0,0.5380116959064327,STAT3;GTF2F2;STAT5A;PIK3CA;PLCG1;NCBP2;STAT1;STAT5B;TRIM24;POLR2D;POLR2C,wald_stat,Reactome_2022
Mitochondrial Biogenesis R-HSA-1592230,0.9599994851291604,1.0,0.5578602620087336,MICOS10;MAPK14;PRKAB2;CYCS;ATP5PO;HELZ2;NCOA6;MBD4;DNAJC11;MICOS13;NCOR1;SAMM50;MTERF1;ALAS1;CRTC3;DMAC2L;ATP5MC3;CRTC2;TFAM;PRKAG2;ATP5F1B;GLUD1;SIRT5;CRTC1;PPARA,wald_stat,Reactome_2022
DNA Damage Recognition In GG-NER R-HSA-5696394,0.9592208534055244,1.0,0.5432692307692307,COPS5;INO80D;ACTR8;DDB2;RAD23B;INO80;COPS7A;RBX1;INO80C;UBA52;RUVBL1;UBC;INO80B,wald_stat,Reactome_2022
VEGFA-VEGFR2 Pathway R-HSA-4420097,0.9586109593543237,1.0,0.5637149028077754,ARHGEF7;NCKAP1L;MAPK14;AHCYL1;CYFIP2;CRK;PRKCZ;MAPK13;PIK3CA;CYBA;PLCG1;WASF2;ROCK1;RHOA;SH2D2A;ABI1;CTNNA1;AKT3;MTOR;ABI2;PRKACB,wald_stat,Reactome_2022
Interleukin-2 Family Signaling R-HSA-451927,0.957377288967879,1.0,0.5282791817087846,STAT3;INPPL1;STAT5A;HAVCR2;PIK3CA;SHC1;PIK3R3;STAT1;STAT5B;STAT4;CLSTN1,wald_stat,Reactome_2022
Mitophagy R-HSA-5205647,0.9571357900806537,1.0,0.5440289505428226,MFN1;TOMM5;MFN2;PINK1;TOMM70;TOMM6;ATG5;UBA52;CSNK2A2;UBC,wald_stat,Reactome_2022
NOTCH3 Intracellular Domain Regulates Transcription R-HSA-9013508,-0.9570287121815466,0.740249094301366,0.48221343873517786,SNW1;RBPJ;CREBBP;GATD3,wald_stat,Reactome_2022
Transport Of Small Molecules R-HSA-382551,0.9560183670775506,1.0,0.6332665330661322,ABCB8;PCSK5;ATP1A3;RUNX1;PSMD4;SLC1A7;ATP2A2;PSMA6;PSME3;ATP10D;LRRC8A;ADD3;PSMB10;ATP6V1A;ATP6V0A2;ABCD3;BSG;SLC35B2;RAB11FIP2;SLC2A3;ATP13A2;MBTPS1;SLC4A2;CUTC;SLC2A13;GNG5;CLTC;SLC17A5;AP2A2;PSMA7;PSMD11;STOM;ABCC10;PSMD5;SLC33A1;ATP6V0D1;SLC41A1;PSMB2;SLC50A1;PSMD13;SLC26A2;ABCA2;ATP6V0E1;ATP6V1D;PSMB9;ATP6V1B2;CUL1;ATP2C1;GNG10;GNB2;MICU2;SLC5A3;LRRC8D;WNK1;CLCN7;SLC39A7;SLCO4C1;ATP2A3;UBA52;SLC44A2;PSMB8;CYB5R1;ABCA7;TSC22D3;ATP10A;SLC35B3;SLC20A1;IREB2;UBC;VCP;NIPA2;ATP6V0E2;SLC39A1;PSMC3;PDZD11;ATP7A;PSMC5;MICU1;RAB11A;SLC30A5;AP2A1;YME1L1;ABCC5;SLC22A18;GNG2;PSMB3;NIPA1;SLC12A2;MRS2;PEX3;MCOLN2;ATP6AP1;PRKACB;TFR2;SLC36A1;SLC30A6;SLC16A3;LMF1;PSMC4;SLC4A7;GLRX3;PHB2;ATP2B4;ANO6;FBXL5;MMGT1;SLC12A6;AP2S1;RNF185;HMOX2;ATP1B3;SRI;CYB5R4;SLC43A1,wald_stat,Reactome_2022
RHOB GTPase Cycle R-HSA-9013026,0.9545233831572163,1.0,0.5630733944954128,STK10;MYO9A;ARHGEF3;DHDDS;STOM;ROCK1;DIAPH1;ARHGAP35;ARHGEF2;ABR;PRPF38B;SLK;ARHGAP1;AKAP13;OPHN1;FLOT2,wald_stat,Reactome_2022
Activation Of Kainate Receptors Upon Glutamate Binding R-HSA-451326,0.95319678349512,1.0,0.5439056356487549,GNG5;PLCB2;GNG10;GNB2;GNG2;LLGL1;GNB5,wald_stat,Reactome_2022
NR1H3 And NR1H2 Regulate Gene Expression Linked To Cholesterol Transport And Efflux R-HSA-9029569,0.9529146636583328,1.0,0.5528554070473876,MOV10;KDM1A;NCOR1;KDM4A;AGO4;RXRB;AGO1;GPS2;AGO3,wald_stat,Reactome_2022
Transport To Golgi And Subsequent Modification R-HSA-948021,-0.9527066080904155,0.7478231757200058,0.6216216216216216,TMED2;B4GALT1;TRAPPC10;TRAPPC2L;TRAPPC6A;SEC24C;RAB1A;TRAPPC2;CAPZA2;CD55;CSNK1D;DCTN3;SPTBN1;B4GALT4;ACTR10;TMED7;DYNLL2;CNIH1;COPZ1;SAR1B;DCTN6;NAPG;ARF5;MAN2A1;MGAT4A;SEC22C;ACTR1A;RAB1B;SEC24A;TMED9;KDELR2;PPP6C;SEC22A,wald_stat,Reactome_2022
Signaling By ROBO Receptors R-HSA-376176,0.9514626791465541,1.0,0.5779427359490986,AKAP5;PSMD4;PSMA6;CAP1;ARHGEF7;PSME3;PSMB10;ZSWIM8;PPP3CB;CASC3;NCBP2;PSMA7;PSMD11;PSMD5;PSMB2;PSMD13;VASP;PSMB9;RBX1;UBA52;PSMB8;RHOA;UBC;PSMC3;PSMC5,wald_stat,Reactome_2022
Lagging Strand Synthesis R-HSA-69186,0.951025873828121,1.0,0.5588615782664942,RFC2;RFC4;POLA2;LRIG1;FEN1;PRIM1,wald_stat,Reactome_2022
Transport Of Ribonucleoproteins Into Host Nucleus R-HSA-168271,0.9487192781477666,1.0,0.5550295857988166,GNL3;BLOC1S6;POM121C;NUP37;NUP88;NUP188;NUP58;NUP214,wald_stat,Reactome_2022
Axon Guidance R-HSA-422475,0.9471269721980301,1.0,0.6467611336032388,AGAP2;AKAP5;PSMD4;PSMA6;CAP1;ARHGEF7;PSME3;SPTAN1;MAPK14;PSMB10;PSEN1;ZSWIM8;SIAH2;PPP3CB;DOK1;ERBB2;MAPK13;CASC3;HSPA8;PIK3CA;CLTC;PLCG1;ARPC3;NCBP2;AP2A2;MYH9;PSMA7;PSMD11;SHC1;PIK3R3;PSMD5;PSMB2;MYL12B;PSMD13;ITGB1;VASP;PSMB9;ACTR3;ROCK1;ARPC2;EZR;ARHGAP35;RBX1;PLXND1;UBA52;PSMB8;CLSTN1;MYL12A;RHOA;GSK3B;CSNK2A2;VPS72;UBC;PSMC3;PSMC5;PTPRA;AP2A1;NUMB;PSMB3;ACTR2;SRGAP2;RDX;ST8SIA4;PRKACB;PSENEN;ADAM10;FRS2;DPYSL2;ACTG1;PSMC4;MYL9;PRKCQ;MAPK7;NEO1,wald_stat,Reactome_2022
tRNA Modification In Nucleus And Cytosol R-HSA-6782315,0.9446873267682706,1.0,0.5791907514450867,TYW3;TRMU;TP53RK;THADA;NSUN2;TYW1,wald_stat,Reactome_2022
Transport Of SLBP Independent Mature mRNA R-HSA-159227,0.9444776493950311,1.0,0.5598591549295775,POM121C;NUP37;NCBP2;NUP88;NUP188;NUP58;NXF1;NUP214,wald_stat,Reactome_2022
Cell Surface Interactions At Vascular Wall R-HSA-202733,0.9441024403026909,1.0,0.5678059536934951,S100A9;F11R;GLG1;CEACAM21;BSG;PPIL2;PIK3CA;PLCG1;SELPLG;SHC1;ITGB1;ITGAL,wald_stat,Reactome_2022
Mitotic G1 Phase And G1/S Transition R-HSA-453279,0.9420156470641188,1.0,0.5949895615866388,LIN37;PSMD4;PSMA6;PSME3;PSMB10;CDK4;CDKN2A;CCND2;CDKN1B;MCM5;PSMA7;PSMD11;CCNH;PSMD5;PSMB2;PSMD13;PSMB9;CCND3;CUL1;UBA52;PSMB8;PPP2R2A;DHFR;UBC;CDK7;PSMC3;LIN54;PSMC5;AKT3;PSMB3;ORC3;E2F4;MCM6;PSMC4;ORC5;POLA2;RBL1;RBBP4,wald_stat,Reactome_2022
Mitotic Prometaphase R-HSA-68877,-0.9419164566698316,0.7717587258138965,0.7142857142857143,PPP2CA;SMC3;YWHAE;MAPRE1;NUP98;PPP2CB;CENPM;OFD1;MZT2A;TUBB4B;CSNK2B;CSNK1D;DCTN3;RAD21;PCM1;TUBA4A;SEH1L;AHCTF1;HAUS3;DYNLL2;B9D2;PMEPA1;PRKCA;CEP152;YWHAG;CEP70;ACTR1A;BUB3;PDS5A;CENPH;SMC4;TUBGCP3;NDEL1;SMC1A;SEC13;PRKAR2B,wald_stat,Reactome_2022
Intracellular Signaling By Second Messengers R-HSA-9006925,0.9415707546183452,1.0,0.6552072800808898,TRIM27;PSMD4;PDGFRB;PSMA6;PSME3;TRAF6;PSMB10;AHCYL1;PPP2R5D;MOV10;RRAGC;MTA1;ERBB2;PPP2R5C;TSC2;PPP2R5E;PIK3CA;PPP2R5A;RNF146;PLCG1;CDKN1B;HDAC5;PSMA7;PSMD11;PIK3R3;TP53;PSMD5;PSMB2;PSMD13;SLC38A9;IRAK4;STRN;KDM1A;PSMB9;NRG2;AGO4;RING1;UBA52;PSMB8;CLSTN1;RPTOR;PIP4K2B;GSK3B;CSNK2A2;TNKS;UBC;PSMC3;PSMC5;GSK3A;RRAGB;TNKS2;AKT3;MTOR;PSMB3;CNOT6L;PIK3AP1;AGO1;CHD3;PHC1;PRKACB;FRS2;REST;PSMC4,wald_stat,Reactome_2022
Termination Of Translesion DNA Synthesis R-HSA-5656169,0.9414931652875336,1.0,0.5829268292682926,RFC2;POLK;RFC4;UBA52;USP32;TRIM25;UBC,wald_stat,Reactome_2022
HATs Acetylate Histones R-HSA-3214847,0.9410265026991307,1.0,0.5936170212765958,SUPT7L;BRD8;KANSL3;WDR5;KANSL1;ENY2;ELP6;EP400;ATXN7;H2BC15;TRRAP;MRGBP;MSL1;ATXN7L3;TAF9;TAF5L;KAT8;RUVBL1;VPS72;DR1;RUVBL2;HAT1;YEATS2;KAT6B;KAT6A;JADE2;KAT5;TADA2A;SUPT20H;H2AC11,wald_stat,Reactome_2022
IRS-related Events Triggered By IGF1R R-HSA-2428928,-0.9409448081237373,0.7697615871356649,0.553763440860215,PIK3R1;IRS2;THEM4;PIK3CB;IGF1R;SOS1;PTPN11,wald_stat,Reactome_2022
CTLA4 Inhibitory Signaling R-HSA-389513,0.9407131237780674,1.0,0.56158940397351,PPP2R5D;PPP2R5C;PPP2R5E;PPP2R5A,wald_stat,Reactome_2022
VxPx Cargo-Targeting To Cilium R-HSA-5620916,0.9402515813554597,1.0,0.5510996119016818,PTGES2;EXOC2;EXOC6;RAB11A;EXOC5;PRKD2;EXOC8;PKD1,wald_stat,Reactome_2022
Signaling By NTRK1 (TRKA) R-HSA-187037,0.9385154654223803,1.0,0.5988950276243094,YWHAB;STAT3;MAPK14;PPP2R5D;TCF12;CRK;DNAL4;BCL11B;MAPK13;PIK3CA;CLTC;PLCG1;AP2A2;SHC1,wald_stat,Reactome_2022
Regulation Of Expression Of SLITs And ROBOs R-HSA-9010553,0.9383623422662687,1.0,0.5706521739130435,PSMD4;PSMA6;PSME3;PSMB10;ZSWIM8;CASC3;NCBP2;PSMA7;PSMD11;PSMD5;PSMB2;PSMD13;PSMB9;RBX1;UBA52;PSMB8;UBC;PSMC3;PSMC5,wald_stat,Reactome_2022
Cilium Assembly R-HSA-5617833,0.9379040001474733,1.0,0.6352331606217616,C2CD3;TRIP11;CEP164;TMEM216;ODF2;KIF3A;HDAC6;CEP63;CEP290;PTGES2;KIF3B;PCNT;DYNC2I1;NDE1;HAUS4;CCT3;IFT88;CEP135;ARL13B;HAUS6;BBIP1;TTBK2;EXOC2;EXOC6;DCTN2;IFT172;MARK4;CCT5;RAB11A;IFT20;CEP162;BBS2;TUBA1A;TTC21B;DYNC1H1;DYNLT2B;CCT2;EXOC5;DCTN1;CEP57;PAFAH1B1;IFT57;PRKD2;BBS4;DYNC2H1;EXOC8;CNTRL;PKD1;KIFAP3;DYNLRB1,wald_stat,Reactome_2022
ER Quality Control Compartment (ERQC) R-HSA-901032,-0.9375016088051934,0.7740275997723101,0.5463414634146342,UBB;RNF103;DERL2;EDEM1;MARCHF6,wald_stat,Reactome_2022
Effects Of PIP2 Hydrolysis R-HSA-114508,0.9374393193865397,1.0,0.5611325611325612,RASGRP2;DGKZ;ABHD12;RASGRP1;PRKCQ;PRKCH;ITPR1;DGKK;ABHD6;ITPR2;PRKCD;PRKCE,wald_stat,Reactome_2022
Synthesis Of Substrates In N-glycan Biosythesis R-HSA-446219,0.9365110658307936,1.0,0.5722477064220184,DHDDS;ST3GAL2;CMAS;SLC17A5;AMDHD2;ST3GAL5;GMPPA;PMM1;SRD5A3;ST3GAL4;ST6GAL1;GMPPB,wald_stat,Reactome_2022
TP53 Regulates Transcription Of Cell Cycle Genes R-HSA-6791312,0.9356931727108684,1.0,0.5624256837098692,CNOT3;CNOT8;CNOT7;CDKN1B;TP53;CNOT6;CNOT6L;E2F4;ARID3A;RBL1;CDK2;PCBP4;CNOT4;BAX,wald_stat,Reactome_2022
Sema4D In Semaphorin Signaling R-HSA-400685,0.9346715685091306,1.0,0.5823293172690763,ERBB2;MYH9;MYL12B;ROCK1;ARHGAP35;RHOA,wald_stat,Reactome_2022
Transport Of Mature mRNA Derived From An Intronless Transcript R-HSA-159231,0.9346056836628018,1.0,0.5908045977011495,CPSF3;POM121C;NUP37;NCBP2;NUP88;NUP188;NUP58;NXF1;NUP214,wald_stat,Reactome_2022
N-glycan Trimming In ER And Calnexin/Calreticulin Cycle R-HSA-532668,-0.934485300220265,0.7771030017803133,0.577639751552795,UBB;PDIA3;RNF103;DERL2;EDEM1;MARCHF6;CALR;NGLY1;UBXN1,wald_stat,Reactome_2022
HDMs Demethylate Histones R-HSA-3214842,0.9337353760923723,1.0,0.5849056603773585,KDM5B;KDM7A;UTY;KDM5C;KDM2B;KDM1A;KDM4A;KDM5D,wald_stat,Reactome_2022
Growth Hormone Receptor Signaling R-HSA-982772,0.9336530144643342,1.0,0.572538860103627,STAT3;STAT5A;PTPN1;STAT1;STAT5B,wald_stat,Reactome_2022
Glycosphingolipid Metabolism R-HSA-1660662,0.9318929863702815,1.0,0.5774818401937046,GBA2;SMPD4;SMPD1;CPTP;HEXB;SUMF1;SMPD2;SMPD3;ARSG;ESYT1;CTSA;UGCG,wald_stat,Reactome_2022
Inositol Phosphate Metabolism R-HSA-1483249,0.9286937495855074,1.0,0.5682087781731909,INPP4A;INPPL1;INPP5B;ISYNA1;PLCG1;PLCB2;PLCD1,wald_stat,Reactome_2022
G0 And Early G1 R-HSA-1538133,0.9285262531769918,1.0,0.5816062176165803,LIN37;LIN54;E2F4;RBL1;RBBP4;CDK2,wald_stat,Reactome_2022
SMAD2/SMAD3:SMAD4 Heterotrimer Regulates Transcription R-HSA-2173796,-0.928061528062888,0.7900855986004894,0.6162790697674418,UBB;TGIF1;RNASEH2A,wald_stat,Reactome_2022
SARS-CoV-2 Infection R-HSA-9694516,0.9274647495185736,1.0,0.6656565656565656,YWHAB;VPS33A;TRIM4;VPS11;MAN1B1;TRAF6;UVRAG;PARP9;SRPK1;UBE2V1;VPS16;PIK3C3;CNBP;ST3GAL2;POM121C;RPN1;PARP6;NUP37;HLA-E;NUP88;TOMM70;GANAB;TBK1;NUP188;NUP58;STAT1;MAVS;NUP214;ISCU;G3BP1;SIKE1;ST3GAL4;IKBKB;IRF3;UBA52;ST6GAL1;VPS18;CHMP6;GSK3B;VPS45;TRIM25;UBC;VCP;VPS39;GSK3A;RIGI;ZDHHC20;AKT3,wald_stat,Reactome_2022
NOTCH1 Intracellular Domain Regulates Transcription R-HSA-2122947,-0.926464264914708,0.7892984093470622,0.5864661654135338,UBB;SNW1;RBPJ;SKP1;TLE4;CREBBP,wald_stat,Reactome_2022
Translesion Synthesis By Y Family DNA Polymerases Bypasses Lesions On DNA Template R-HSA-110313,0.9264117928270157,1.0,0.5945945945945946,RFC2;POLK;RFC4;UBA52;USP32;TRIM25;NPLOC4;UBC;VCP,wald_stat,Reactome_2022
Late SARS-CoV-2 Infection Events R-HSA-9772573,0.9258547025682293,1.0,0.5963511972633979,MAN1B1;PARP9;SRPK1;ST3GAL2;RPN1;PARP6;GANAB;ST3GAL4;UBA52;ST6GAL1;GSK3B;UBC;GSK3A;ZDHHC20;MOGS,wald_stat,Reactome_2022
Nuclear Pore Complex (NPC) Disassembly R-HSA-3301854,0.9253103647835459,1.0,0.5976470588235294,NEK9;POM121C;NUP37;NUP88;NUP188;NUP58;NUP214,wald_stat,Reactome_2022
Transcriptional Regulation By RUNX1 R-HSA-8878171,0.9251079524782826,1.0,0.6649537512846866,RUNX1;PSMD4;PSMA6;PSME3;PSMB10;WDR5;MOV10;TCF12;HIPK2;ASH2L;SMARCC2;H2BC15;CCND2;SMARCA2;IFNG;PSMA7;PSMD11;CCNH;PSMD5;ELOF1;PSMB2;PSMD13;KMT2A;PSMB9;CCND3;AGO4;RING1;THBS1;UBA52;PSMB8;KMT2D;CSNK2A2;UBC;CDK7;PSMC3;PSMC5,wald_stat,Reactome_2022
Activation Of NF-kappaB In B Cells R-HSA-1169091,0.92415393314446,1.0,0.6202672605790646,PSMD4;PSMA6;PSME3;PSMB10;PSMA7;PSMD11;PSMD5;PSMB2;PSMD13;PSMB9;CUL1;IKBKB;UBA52;PSMB8;UBC;PSMC3;PSMC5,wald_stat,Reactome_2022
Synthesis Of PIPs At Plasma Membrane R-HSA-1660499,0.9238237210711991,1.0,0.5928489042675894,INPP4A;INPPL1;PLEKHA3;PLEKHA2;PIK3CA;MTMR3;PIK3R3;PIK3C2A;PLEKHA5;CLSTN1;PIP4K2B;PI4K2B;SYNJ2;INPP5D;PIP5K1C;MTMR9;PIK3R2;PIK3CG,wald_stat,Reactome_2022
"Nucleotide-binding Domain, Leucine Rich Repeat Containing NLR Signaling Pathways R-HSA-168643",0.9233182830303143,1.0,0.5878300803673938,TRAF6;MAPK14;UBE2V1;BCL2L1;TXN2;MAPK13;SUGT1;CASP2;IKBKB;MAP2K6;CASP1,wald_stat,Reactome_2022
Gene And Protein Expression By JAK-STAT Signaling After Interleukin-12 Stimulation R-HSA-8950505,0.9218250238338467,1.0,0.5971563981042654,S100A9;SOD1;IFNG;RAP1B;STAT4;PPIA;VPS72;HNRNPDL;HNRNPF;ANXA2,wald_stat,Reactome_2022
Uptake And Actions Of Bacterial Toxins R-HSA-5339562,0.9186847920559756,1.0,0.583224115334207,MAP2K4;VAMP2;MAP2K6;MAP2K7,wald_stat,Reactome_2022
Fanconi Anemia Pathway R-HSA-6783310,0.9182873125264377,1.0,0.5958485958485958,FANCA;FAAP20;ERCC4;UBA52;FANCF;UBC;FAN1;FANCG;ERCC1;FAAP100;DCLRE1A,wald_stat,Reactome_2022
Resolution Of Abasic Sites (AP Sites) R-HSA-73933,0.917809215949496,1.0,0.6023952095808384,RFC2;XRCC1;RFC4;MBD4;MPG;SMUG1;TDG;LRIG1;FEN1;MUTYH;POLG2;POLE4;POLE3;POLD4;NEIL2;UNG;POLD2;NTHL1;PARG;PNKP;POLR1A;ADPRS,wald_stat,Reactome_2022
Metabolism Of Steroids R-HSA-8957322,0.9166379066541342,1.0,0.652972972972973,OSBPL3;SCAP;SREBF2;ACOT8;HELZ2;MVK;INSIG2;FDPS;MBTPS1;FDXR;NCOA6;MBD4;ARV1;SRD5A3;NFYC;FDX2;HSD17B11;STARD3NL;KPNB1;DHCR7;CYP2R1;MSMO1;AKR1C3;SLC51A;OSBPL7;SRD5A1;PPARA;AMACR;UBE2I;TSPOAP1;STARD3;TM7SF2;CYP51A1;LMBR1;SUMO2;OSBP;NFYA;SEC23A,wald_stat,Reactome_2022
Glycolysis R-HSA-70171,0.9163268474169303,1.0,0.6223698781838317,PPP2R5D;POM121C;PFKP;TPI1;NUP37;PKM;NUP88;NUP188;NUP58;GNPDA1;HOOK2;NUP214,wald_stat,Reactome_2022
Synthesis Of PC R-HSA-1483191,-0.9158637768464261,0.8125738207799758,0.575107296137339,STARD10;CHPT1;CSNK2B;SLC44A1,wald_stat,Reactome_2022
G Beta:Gamma Signaling Thru PI3Kgamma R-HSA-392451,0.9152769157186503,1.0,0.5916230366492147,GNG5;GNG10;GNB2;RHOA;AKT3;GNG2;PIK3CG;GNB5,wald_stat,Reactome_2022
Cellular Response To Starvation R-HSA-9711097,0.9150657505965205,1.0,0.6306010928961748,ATP6V1A;RRAGC;SZT2;DEPDC5;NPRL3;ATP6V0D1;SLC38A9;ATP6V0E1;SESN2;ATP6V1D;ATP6V1B2;NPRL2;FNIP1;UBA52;RPTOR;ATP6V0E2;RRAGB;MTOR,wald_stat,Reactome_2022
SUMOylation Of RNA Binding Proteins R-HSA-4570464,-0.9144333956662302,0.8111329329008,0.6666666666666666,NUP98;TPR;SEH1L;NUP155;PHC2;SUMO1;CBX4;NOP58;HNRNPK;NUP50;PHC3;SEC13,wald_stat,Reactome_2022
Signaling By Interleukins R-HSA-449147,0.9136343097328281,1.0,0.7306532663316583,S100A9;LRRC14;PSMD4;STAT3;INPPL1;PSMA6;PSME3;PTPN4;MAPK9;TRAF6;MAPK14;PSMB10;PPP2R5D;SIGIRR;IL10RA;CRK;UBE2V1;NKIRAS2;BCL2L1;SOD1;STAT5A;HAVCR2;HSPA8;FASLG;PIK3CA;TNFRSF1A;IFNG;MAP2K4;PSMA7;PSMD11;SHC1;PIK3R3;TP53;PSMD5;PSMB2;TBK1;PSMD13;HIF1A;STAT1;ITGB1;TOLLIP;IRAK4;STXBP2;RAP1B;STAT5B;PSMB9;VAMP2;CUL1;TNFRSF1B;TNIP2;PTPN18;STAT4;RBX1;IKBKB;TNF;UBA52;GSDMD;MAP2K6;PSMB8;CASP1;CLSTN1;PPIA;VPS72;UBC;PSMC3;PSMC5;HNRNPDL;MEF2A;HNRNPF;IL5RA,wald_stat,Reactome_2022
Epigenetic Regulation Of Gene Expression R-HSA-212165,0.9132217363672746,1.0,0.6748140276301806,EHMT2;ERCC6;RRP8;MTA1;TET2;DDX56;H2BC15;BAZ2A;CCNH;TTF1;BAZ1B;DEK;UBTF;ARID4B;GTF2H3;GTF2H5;SIRT1;CBX3;POLR1H;GTF2H4;ERCC3;GSK3B;CDK7,wald_stat,Reactome_2022
RHO GTPases Activate Formins R-HSA-5663220,0.9121190068129658,1.0,0.6691810344827587,DVL3;MRTFA;TAOK1;RANGAP1;PPP2R5D;KANSL1;PPP2R5C;MIS12;NUP37;PPP2R5E;PPP2R5A;CENPL;NDE1;ITGB1;SRF;CLIP1;DIAPH1;RHOA;KIF2A;RCC2;SCAI;ZWILCH;SRGAP2;DYNC1H1;DIAPH2;ACTG1,wald_stat,Reactome_2022
RUNX1 Regulates Genes Involved In Megakaryocyte Differentiation And Platelet Function R-HSA-8936459,-0.91152874153927,0.8134939455910676,0.5901639344262295,H3-3B;H2BC12;H2AX;H2AJ;KMT2E,wald_stat,Reactome_2022
FCGR3A-mediated IL10 Synthesis R-HSA-9664323,0.9111814898191498,1.0,0.5815691158156912,CD247;AHCYL1;PLCG1,wald_stat,Reactome_2022
Regulation Of TP53 Activity Thru Acetylation R-HSA-6804758,-0.9109908337870208,0.8100155033258891,0.6285714285714286,PIP4K2A;BRD7;BRD1;GATAD2A;MEAF6;AKT1;ING5;CHD4;PML,wald_stat,Reactome_2022
Potential Therapeutics For SARS R-HSA-9679191,-0.910719934619081,0.8056301568661255,0.6944444444444444,FXYD7;SAP18;FXYD2;JAK1;IFNGR1;ZBP1;AP2B1;NFE2L2;CYSLTR1;GATAD2A;HSP90AB1;PLCG2;SUDS3;ARID4A;NCK1;SOS1;CHD4;ATP1B1,wald_stat,Reactome_2022
Nicotinate Metabolism R-HSA-196807,0.910499865259808,1.0,0.6043533930857875,PARP9;PARP6;NAXE;NMRK1;NAXD;NAPRT;PARP14;PARP10,wald_stat,Reactome_2022
Interleukin Receptor SHC Signaling R-HSA-912526,-0.9096591413057028,0.8034701446001763,0.5957446808510638,PIK3R1;JAK1;IL2RB;IL2RG,wald_stat,Reactome_2022
Signaling By VEGF R-HSA-194138,0.909462958884836,1.0,0.6357758620689655,ARHGEF7;NCKAP1L;MAPK14;AHCYL1;CYFIP2;CRK;PRKCZ;MAPK13;PIK3CA;CYBA;PLCG1;WASF2;ROCK1;RHOA;SH2D2A;ABI1;CTNNA1;AKT3;MTOR;ABI2;PRKACB,wald_stat,Reactome_2022
Extension Of Telomeres R-HSA-180786,0.9081508932524991,1.0,0.6451612903225806,WRAP53;RFC2;PIF1;RFC4;CTC1;ACD;TINF2;TERF2;RUVBL1;SHQ1;RUVBL2;PPP6R3;POLA2;LRIG1;FEN1;DKC1;CDK2,wald_stat,Reactome_2022
Aberrant Regulation Of Mitotic Exit In Cancer Due To RB1 Defects R-HSA-9687136,0.9081003150620738,1.0,0.6091370558375635,ANAPC10;CDC16;ANAPC7;UBE2E1;ANAPC1;ANAPC2;RB1;CDC23;ANAPC5;UBE2D1,wald_stat,Reactome_2022
Separation Of Sister Chromatids R-HSA-2467813,0.9071777566330098,1.0,0.6924664602683178,PSMD4;PSMA6;PSME3;PSMB10;TAOK1;RANGAP1;PPP2R5D;KANSL1;ANAPC10;PPP2R5C;MIS12;NUP37;PPP2R5E;CDC16;PPP2R5A;CENPL;PSMA7;PSMD11;ANAPC7;PSMD5;PSMB2;NDE1;PSMD13;UBE2E1;PSMB9;CLIP1;UBA52;PSMB8;UBC;PSMC3;KIF2A;PSMC5;RCC2,wald_stat,Reactome_2022
MyD88:MAL(TIRAP) Cascade Initiated On Plasma Membrane R-HSA-166058,0.9068208577595898,1.0,0.65625,S100A9;LRRC14;S100A8;MAPK9;TRAF6;MAPK14;PPP2R5D;SIGIRR;UBE2V1;NKIRAS2;MAP2K4;TP53;IRAK4;CUL1;TNIP2;IKBKB;UBA52;MAP2K6,wald_stat,Reactome_2022
"Transport Of Vitamins, Nucleosides, And Related Molecules R-HSA-425397",0.9061004770679384,1.0,0.6048593350383632,SLC35B2;SLC33A1;SLCO4C1;SLC35B3;PDZD11;SLC35A1;ARL2;SLC5A6;SLC35C1;SLC29A3;SLC35B4,wald_stat,Reactome_2022
Signaling By NOTCH3 R-HSA-9012852,-0.9056592644119261,0.8087708616630196,0.6813186813186813,UBB;SNW1;RBPJ;CREBBP;GATD3;MIB2,wald_stat,Reactome_2022
SUMOylation Of Transcription Cofactors R-HSA-3899300,0.9055959255387442,1.0,0.6277712952158693,MRTFA;PIAS2;MBD1;HIPK2;DDX17;CASP8AP2;PIAS1,wald_stat,Reactome_2022
Mitochondrial Translation Termination R-HSA-5419276,-0.9055711197769777,0.8041221453911381,0.7209302325581395,MRPL55;MRPL44;MRPL54;MRPL33;MRPL1;MRPS31;AURKAIP1;MRPL53;MRPL47;MRPL14;MRPL9,wald_stat,Reactome_2022
HSF1-dependent Transactivation R-HSA-3371571,-0.9053739377236406,0.7997411446027592,0.6108108108108108,UBB;DNAJB6;CREBBP,wald_stat,Reactome_2022
Anti-inflammatory Response Favoring Leishmania Infection R-HSA-9662851,0.903264948473529,1.0,0.6357466063348416,CD247;MAPK14;AHCYL1;PTGER2;GNG5;PLCG1;MYH9;GNG10;GNB2;ADRB2;RHBDF2;GNAI2;GNG2;PRKACB;MC1R;ADAM17,wald_stat,Reactome_2022
Transcriptional Activation Of Mitochondrial Biogenesis R-HSA-2151201,0.9023604428941995,1.0,0.6326291079812206,CYCS;HELZ2;NCOA6;MBD4;NCOR1;MTERF1;ALAS1;CRTC3;CRTC2;TFAM;ATP5F1B;GLUD1;SIRT5;CRTC1;PPARA,wald_stat,Reactome_2022
Signaling By Receptor Tyrosine Kinases R-HSA-9006934,0.9020313874164579,1.0,0.7673019057171514,FGFBP2;YWHAB;PCSK5;HGS;STAT3;PDGFRB;STK4;ARHGEF7;GTF2F2;NCKAP1L;MAPK14;PSEN1;ATP6V1A;AHCYL1;PPP2R5D;ATP6V0A2;TCF12;CYFIP2;CRK;DNAL4;BCL11B;PRKCZ;PIK3C3;ERBB2;MAPK13;STAT5A;TIA1;PIK3CA;EPS15;PDE3B;CLTC;CYBA;PLCG1;PTPN1;NCBP2;AP2A2;SHC1;PIK3R3;ATP6V0D1;HIF1A;CSK;WASF2;STAT1;ITGB1;SRF;ATP6V0E1;RAP1B;STAT5B;ATP6V1D;ROCK1;NRG2;ATP6V1B2;NCOR1;PTPN18;SH3GL1;DIAPH1;POLR2D;THBS1;UBA52;POLR2C;RHOA;MAP2K5;UBC;ATP6V0E2;SH2D2A;MEF2A;AP2A1;ABI1;HNRNPF;CTNNA1;BRAF;AKT3;MTOR;THBS3;GALNT3;ABI2;ATP6AP1;PRKACB;CBL;PSENEN;STAT6;ADAM10;FRS2;REST,wald_stat,Reactome_2022
RHOC GTPase Cycle R-HSA-9013106,0.9009966399271766,1.0,0.634009009009009,VAPB;ABCD3;STK10;DHDDS;STOM;ARHGAP18;ROCK1;DIAPH1;ARHGAP35;ABR;RHOA;SLK;ARHGAP1;AKAP13;TMPO;OPHN1;FLOT2;MACO1,wald_stat,Reactome_2022
G1/S Transition R-HSA-69206,0.8998091377793769,1.0,0.672286617492097,LIN37;PSMD4;PSMA6;PSME3;PSMB10;CDK4;CDKN1B;MCM5;PSMA7;PSMD11;CCNH;PSMD5;PSMB2;PSMD13;PSMB9;CUL1;UBA52;PSMB8;DHFR;UBC;CDK7;PSMC3;LIN54;PSMC5;AKT3;PSMB3;ORC3;E2F4;MCM6;PSMC4;ORC5;POLA2;RBL1;RBBP4,wald_stat,Reactome_2022
Polymerase Switching On C-strand Of Telomere R-HSA-174411,0.8993648601996983,1.0,0.6235884567126725,RFC2;RFC4;CTC1;ACD;TINF2;TERF2,wald_stat,Reactome_2022
EML4 And NUDC In Mitotic Spindle Formation R-HSA-9648025,0.8989282898553358,1.0,0.6724700761697497,NEK9;TAOK1;RANGAP1;PPP2R5D;KANSL1;PPP2R5C;MIS12;NUP37;PPP2R5E;PPP2R5A;CENPL,wald_stat,Reactome_2022
Interleukin-12 Family Signaling R-HSA-447115,0.8984496717980412,1.0,0.6368843069873997,S100A9;STAT3;SOD1;IFNG;STAT1;RAP1B;STAT4;PPIA;VPS72;HNRNPDL;HNRNPF,wald_stat,Reactome_2022
Signaling By FLT3 Fusion Proteins R-HSA-9703465,0.8974122962230106,1.0,0.6203703703703703,TRIP11;STAT5A;PIK3CA;STAT5B,wald_stat,Reactome_2022
RHOBTB2 GTPase Cycle R-HSA-9013418,0.8963200259721577,1.0,0.6304909560723514,MYO6;DBN1;STK38;CCT7;MSI2;CCT2;ACTG1;CUL3,wald_stat,Reactome_2022
Cargo Concentration In ER R-HSA-5694530,-0.8958813629104415,0.8177040232359036,0.6256410256410256,TMED2;SEC24C;CNIH1;SAR1B;SEC24A,wald_stat,Reactome_2022
Signaling By NOTCH2 R-HSA-1980145,0.895749970578501,1.0,0.6293969849246231,MAML1;GZMB;PSEN1,wald_stat,Reactome_2022
Class B/2 (Secretin Family Receptors) R-HSA-373080,-0.8951103039715261,0.8146206993377054,0.6205357142857143,CD55;GNAS;GNGT2;GNB1;RAMP1;VIPR2,wald_stat,Reactome_2022
Golgi-to-ER Retrograde Transport R-HSA-8856688,-0.8948502662724124,0.8105681348150904,0.7560975609756098,TMED2;RAB1A;CAPZA2;DCTN3;ACTR10;TMED7;DYNLL2;PAFAH1B2;BNIP1;COPZ1;DCTN6;NAPG;PLA2G6;RAB3GAP2;ARF5;KIF22;ACTR1A;RAB1B;TMED9;KDELR2;UBE2Z;COPE,wald_stat,Reactome_2022
Signaling By EGFR R-HSA-177929,0.8946671307874928,1.0,0.649643705463183,HGS;ARHGEF7;PIK3CA;EPS15;PLCG1;SHC1;CSK;SH3GL1;UBA52;UBC;CBL;ADAM10;ADAM17;PAG1;LRIG1;AAMP,wald_stat,Reactome_2022
mRNA Decay By 5 To 3 Exoribonuclease R-HSA-430039,0.8924170388112207,1.0,0.6298200514138818,PATL1;DCP1B;DCP1A;LSM3;EDC3;LSM5,wald_stat,Reactome_2022
Transport Of SLBP Dependant Mature mRNA R-HSA-159230,0.8913990752200678,1.0,0.6519208381839348,POM121C;NUP37;NCBP2;NUP88;NUP188;NUP58;NXF1;NUP214,wald_stat,Reactome_2022
Cooperation Of Prefoldin And TriC/CCT In Actin And Tubulin Folding R-HSA-389958,-0.8910491482133412,0.8143414944478305,0.6142131979695431,TUBB4B;TUBA4A;PFDN1;VBP1;PFDN2;TUBA1B,wald_stat,Reactome_2022
Mitochondrial Translation Elongation R-HSA-5389840,-0.8903338045005563,0.8114529417013717,0.75,MRPL55;MRPL44;MRPL54;MRPL33;MRPL1;MRPS31;AURKAIP1;MRPL53;MRPL47;MRPL14;MRPL9,wald_stat,Reactome_2022
Transport Of Mature mRNAs Derived From Intronless Transcripts R-HSA-159234,0.8902007235941038,1.0,0.661697247706422,CPSF3;POM121C;NUP37;NCBP2;NUP88;NUP188;NUP58;NXF1;NUP214,wald_stat,Reactome_2022
Downstream Signaling Events Of B Cell Receptor (BCR) R-HSA-1168372,0.8891701255140145,1.0,0.683920704845815,PSMD4;PSMA6;PSME3;PSMB10;PPP3CB;PSMA7;PSMD11;PSMD5;PSMB2;PSMD13;PSMB9;CUL1;IKBKB;UBA52;PSMB8;PPIA;UBC;PSMC3;PSMC5;RASGRP1;PSMB3,wald_stat,Reactome_2022
Regulation Of TP53 Degradation R-HSA-6804757,-0.8889633043118769,0.8100795458362371,0.6566265060240963,UBB;PPP2CA;PPP2CB,wald_stat,Reactome_2022
O-linked Glycosylation Of Mucins R-HSA-913709,0.8887250638281499,1.0,0.6260978670012547,C1GALT1C1;GALNT6;ST3GAL2;ST3GAL4;ST6GAL1;GALNT2;GALNT3;GCNT1;ST3GAL3,wald_stat,Reactome_2022
Signaling By Insulin Receptor R-HSA-74752,0.8878222222879303,1.0,0.6685456595264938,ATP6V1A;ATP6V0A2;PIK3C3;PIK3CA;PDE3B;SHC1;ATP6V0D1;ATP6V0E1;ATP6V1D;ATP6V1B2,wald_stat,Reactome_2022
FLT3 Signaling In Disease R-HSA-9682385,0.8877138786431138,1.0,0.6526181353767561,TRIP11;BCL2L1;STAT5A;PIK3CA;STAT5B;UBA52;UBC;CBL;GOLGB1;LONP1,wald_stat,Reactome_2022
Viral Messenger RNA Synthesis R-HSA-168325,0.8876493347410868,1.0,0.6381278538812786,GTF2F2;GNL3;BLOC1S6;POM121C;NUP37;NUP88;NUP188;NUP58;NUP214;POLR2D;POLR2C,wald_stat,Reactome_2022
Death Receptor Signaling R-HSA-73887,0.8860524621117519,1.0,0.7103594080338267,RNF31;MAGED1;ARHGEF7;TRAF6;FADD;PSEN1;PRDM4;ARHGEF3;FASLG;TNFRSF1A;RTN4;BCL2L11;CASP2;IKBKB;TNF;UBA52;ARHGEF2;ABR;PRPF38B;RHOA;UBC;AATF;SHARPIN;SMPD2;ARHGEF18;SMPD3;SPPL2B;AKAP13;OTULIN;PSENEN;ADAM17;ARHGEF19,wald_stat,Reactome_2022
Mitochondrial Fatty Acid Beta-Oxidation R-HSA-77289,0.8856159171002219,1.0,0.6271186440677966,ACBD6;PCCB;HADH;ACOT13;MCEE;PCCA;HADHA;DECR1;MCAT;PCTP;MMUT,wald_stat,Reactome_2022
FCERI Mediated MAPK Activation R-HSA-2871796,0.8851291359643968,1.0,0.6468401486988847,MAPK9;PLCG1;MAP2K4;SHC1;SPNS1;LCP2;MAP2K7;JUN;MAPK3;MAPK8,wald_stat,Reactome_2022
Processing Of Capped Intronless Pre-mRNA R-HSA-75067,0.8841087190819437,1.0,0.6514215080346106,CPSF3;CSTF1;NCBP2;NUDT21;LSM10;PCF11;SYMPK,wald_stat,Reactome_2022
SUMOylation Of DNA Damage Response And Repair Proteins R-HSA-3108214,-0.8836088017624799,0.8175998356381153,0.6956521739130435,SMC3;NUP98;TPR;XPC;RAD21;SEH1L;NUP155;PARP1;PHC2;SUMO1;CBX4;BLM;PMEPA1;XRCC4;NUP50;PHC3;SMC1A;PIAS4;SEC13;NSMCE4A;PML,wald_stat,Reactome_2022
RAC1 GTPase Cycle R-HSA-9013149,0.8835138087947711,1.0,0.7061909758656874,ARHGEF7;NCKAP1L;ARHGAP12;ARHGAP25;CYFIP2;ARHGAP30;ARHGAP10;DHDDS;PIK3CA;PLEKHG3;ARHGAP17;CYBA;PIK3R3;WASF2;ITGB1;REPS1;WIPF2;ARHGAP35;ABR;ALS2;DOCK8;ARHGEF18;ABI1;IQGAP2;GIT2;SH3BP1;ARHGAP1;SRGAP2;DOCK11;ABI2;TMPO;OPHN1;ARHGEF19;GMIP;DOCK5,wald_stat,Reactome_2022
Transport Of Inorganic Cations/Anions And Amino Acids/Oligopeptides R-HSA-425393,-0.8835049228980736,0.8131663168611807,0.7483870967741936,SLC15A4;SLC7A5;SLC1A5;SLC38A1,wald_stat,Reactome_2022
Cell Junction Organization R-HSA-446728,0.8834129321739627,1.0,0.651219512195122,F11R;FLNA;CADM1;ITGB1;VASP,wald_stat,Reactome_2022
Peptide Hormone Metabolism R-HSA-2980736,0.8825146597357999,1.0,0.6592592592592592,SPCS1;GZMH;CES1;VAMP2;SEC11C;EXOC2;SPCS3;EXOC6;SLC30A5;SLC30A6;EXOC5;EXOC8;RAB27A;ERO1B;EXOC3;CTNNB1;EXOC7,wald_stat,Reactome_2022
Activation Of ATR In Response To Replication Stress R-HSA-176187,0.8818146040412143,1.0,0.6577017114914425,RFC2;HUS1;RFC4;MCM5;RAD17,wald_stat,Reactome_2022
Neutrophil Degranulation R-HSA-6798695,0.8816960284835352,1.0,0.815,S100A9;LYZ;S100A8;GALNS;CTSC;NIT2;CAP1;NCKAP1L;SPTAN1;MAPK14;HGSNAT;PSEN1;CEACAM21;TBC1D10C;CDK13;PYGB;STK10;SLC2A3;CD53;KCNAB2;RAB10;ACAA1;TSPAN14;SCAMP1;RAB5B;CEP290;HSPA8;PKM;PTGES2;CYBA;VAT1;PRDX4;VAMP8;TMBIM1;AP2A2;PSMD11;ADAM8;STOM;SERPINB6;PSMD13;GNPDA1;TOLLIP;ADA2;IGF2R;HSPA1A;ARMC8;RAP1B;TOM1;ATP6V1D;ITGAL;ROCK1;TRAPPC1;RAB6A;TNFRSF1B;HEXB;BIN2;DIAPH1;SLCO4C1;GSDMD;SLC44A2;FUCA1;DNAJC13;GHDC;PPIA;CAPN1;RHOA;CXCR2;CAB39;VCP;GNS;PSMC3;IQGAP2;CMTM6;PTPRN2;ACTR1B;LPCAT1;MGAM;LAMP2;OSTF1;TMEM179B;ACTR2;FAF2;UNC13D;XRCC5;ANXA2;DYNC1H1;NBEAL2;NME2;RAP2B;PRCP;CCT2;METTL7A;ADAM10;KPNB1;MANBA;FGL2;GAA;LTA4H;ANO6;PTPRJ;XRCC6;ITGB2;RAB37;HMOX2;CST3;VPS35L,wald_stat,Reactome_2022
Diseases Associated With N-glycosylation Of Proteins R-HSA-3781860,0.8792785025570047,1.0,0.6447876447876448,ALG6;MAN1B1;ALG3;ALG12,wald_stat,Reactome_2022
Complex I Biogenesis R-HSA-6799198,-0.8765359269913684,0.8245698790472419,0.7070707070707071,NDUFB9;NDUFB11;NDUFA1;NDUFB6;NDUFS8;NDUFS3;NDUFC2;NDUFB1;NDUFS6;NDUFB8;NDUFB7;NDUFA3;NDUFA7;NDUFA13,wald_stat,Reactome_2022
C-type Lectin Receptors (CLRs) R-HSA-5621481,0.8763701336033162,1.0,0.7286324786324786,PSMD4;PSMA6;ARHGEF7;PSME3;TRAF6;PSMB10;AHCYL1;UBE2V1;PPP3CB;PSMA7;PSMD11;PSMD5;PSMB2;PSMD13;PSMB9;CUL1;UBE2D2;IKBKB;UBA52;PSMB8;UBC;PSMC3;PSMC5,wald_stat,Reactome_2022
Regulation Of TP53 Expression And Degradation R-HSA-6806003,-0.8761857120918656,0.8207027899845439,0.6904761904761905,UBB;PPP2CA;PPP2CB,wald_stat,Reactome_2022
MicroRNA (miRNA) Biogenesis R-HSA-203927,-0.8742806479398306,0.8202220944117924,0.6504854368932039,POLR2G;PRKRA;POLR2L;POLR2J;RAN;POLR2F,wald_stat,Reactome_2022
Chondroitin Sulfate/Dermatan Sulfate Metabolism R-HSA-1793185,0.8734694210190266,1.0,0.650375939849624,CHST12;B3GAT1;CHPF2,wald_stat,Reactome_2022
Recruitment Of NuMA To Mitotic Centrosomes R-HSA-380320,-0.8733983206493691,0.8175934000737782,0.8352941176470589,YWHAE;MAPRE1;OFD1;MZT2A;TUBB4B;CSNK1D;DCTN3;PCM1;TUBA4A;HAUS3;PRKCA;CEP152;YWHAG;CEP70;ACTR1A,wald_stat,Reactome_2022
RHOBTB1 GTPase Cycle R-HSA-9013422,0.873262276644227,1.0,0.6403061224489796,MYO6;DBN1;STK38;CCT7;ROCK1,wald_stat,Reactome_2022
Glucagon-like Peptide-1 (GLP1) Regulates Insulin Secretion R-HSA-381676,0.8719033608439017,1.0,0.6506935687263556,AKAP5;GNG5;GNG10;GNB2;GNG2;PRKACB;ITPR1;IQGAP1;GNB5;PRKAR2A;RAP1A;ITPR2,wald_stat,Reactome_2022
Phosphorylation Of APC/C R-HSA-176412,0.8714759324696892,1.0,0.6536458333333334,ANAPC10;CDC16;ANAPC7;UBE2E1;ANAPC1;ANAPC2;CDC23;ANAPC5;UBE2D1,wald_stat,Reactome_2022
RHOU GTPase Cycle R-HSA-9013420,0.8701042550953325,1.0,0.6690647482014388,HGS;MYO6;ARHGEF7;SPTAN1;ARHGAP30;CLTC;WDR6,wald_stat,Reactome_2022
Nef-mediated Downmodulation Of Cell Surface Receptors By Recruitment To Clathrin Adapters R-HSA-164938,-0.8692815503895396,0.8223857621686476,0.6169354838709677,HLA-A;AP2B1;ATP6V1H,wald_stat,Reactome_2022
Sphingolipid Metabolism R-HSA-428157,0.8672006849084466,1.0,0.7269662921348314,VAPB;GBA2;SPTLC1;SMPD4;SMPD1;SPHK2;CPTP;CERS2;HEXB;SGPL1;SUMF1;SMPD2;SMPD3;ARSG;SPTLC2;SGMS1;PRKD2;ESYT1;CTSA;UGCG;PRKD3;CERT1;ORMDL3;ORMDL2;SGPP1;OSBP,wald_stat,Reactome_2022
SARS-CoV-2-host Interactions R-HSA-9705683,0.8661158472396229,1.0,0.7395833333333334,YWHAB;VPS33A;TRIM4;VPS11;TRAF6;UVRAG;UBE2V1;VPS16;PIK3C3;CNBP;POM121C;NUP37;HLA-E;NUP88;TOMM70;TBK1;NUP188;NUP58;STAT1;MAVS;NUP214;G3BP1;SIKE1;IKBKB;IRF3;VPS18;VPS45;TRIM25,wald_stat,Reactome_2022
NOD1/2 Signaling Pathway R-HSA-168638,0.865598000131174,1.0,0.6757090012330457,TRAF6;MAPK14;UBE2V1;MAPK13;CASP2;IKBKB;MAP2K6;CASP1,wald_stat,Reactome_2022
Ion Homeostasis R-HSA-5578775,0.8646894292086921,1.0,0.7001239157372986,ATP1A3;ATP2A2;AHCYL1;STIM1;ORAI1;ATP2A3;DMPK;ORAI2;ATP2B4;ATP1B3;SRI;ITPR1,wald_stat,Reactome_2022
TNF Signaling R-HSA-75893,-0.8646602607471692,0.8277670372038572,0.6821705426356589,UBB;BIRC2;CYLD;CFLAR;CHUK;TRAF1;TAX1BP1;USP25;MADD,wald_stat,Reactome_2022
RND1 GTPase Cycle R-HSA-9696273,0.8626611284249635,1.0,0.6641318124207858,WDR6;ARHGAP35;FAM135A;ANKRD26;STIP1;FRS2;FLOT2;KIDINS220;PIK3R2;EPSTI1,wald_stat,Reactome_2022
Signaling By B Cell Receptor (BCR) R-HSA-983705,0.8623890997336929,1.0,0.7384284176533907,PSMD4;PSMA6;PSME3;PSMB10;AHCYL1;PPP3CB;STIM1;ORAI1;PSMA7;PSMD11;PSMD5;PSMB2;PSMD13;PSMB9;CUL1;IKBKB;UBA52;PSMB8;CLSTN1;PPIA;UBC;PSMC3;PSMC5;ORAI2;RASGRP1;PSMB3;PIK3AP1,wald_stat,Reactome_2022
Oxidative Stress Induced Senescence R-HSA-2559580,-0.8617172546077909,0.8296421480264756,0.7901234567901234,H3-3B;UBB;H2BC12;H2AX;H2AJ;MAP3K5;PHC2;MINK1;H2AZ1;TFDP2;CBX4;KDM6B;CDKN2D;H2AC20,wald_stat,Reactome_2022
Signaling By Erythropoietin R-HSA-9006335,0.8588548437380578,1.0,0.661188369152971,STAT5A;PIK3CA;PLCG1;SHC1;STAT5B;CLSTN1,wald_stat,Reactome_2022
Signaling By ERBB4 R-HSA-1236394,-0.8566416467293075,0.8361065600214993,0.7247191011235955,UBB;PIK3R1;MXD4;ITCH;SPARC;STMN1;ADAP1,wald_stat,Reactome_2022
SARS-CoV-2 Activates/Modulates Innate And Adaptive Immune Responses R-HSA-9705671,0.8559229314614725,1.0,0.7513171759747103,TRIM4;TRAF6;UBE2V1;PIK3C3;CNBP;POM121C;NUP37;HLA-E;NUP88;TOMM70;TBK1;NUP188;NUP58;STAT1;MAVS;NUP214;G3BP1;SIKE1;IKBKB;IRF3,wald_stat,Reactome_2022
Selenoamino Acid Metabolism R-HSA-2408522,-0.8554771781182641,0.8339802601518305,0.7129186602870813,RSL24D1;LARS1;PAPSS1;EPRS1;SEPHS2;GSR;EEF1E1;TXNRD1;PSTK;FAU,wald_stat,Reactome_2022
RHO GTPases Activate ROCKs R-HSA-5627117,0.8537375972383257,1.0,0.6693548387096774,PPP1R12B;MYH9;MYL12B;ROCK1;RHOA;VPS72,wald_stat,Reactome_2022
IRS-mediated Signaling R-HSA-112399,-0.8525615661337939,0.8350767523890886,0.7272727272727273,PIK3R1;IRS2;THEM4;PIK3CB;SOS1;PTPN11,wald_stat,Reactome_2022
RET Signaling R-HSA-8853659,0.8524724159035446,1.0,0.6826424870466321,DOK1;PIK3CA;PLCG1;SHC1;PIK3R3;CLSTN1;PRKACB;FRS2;MAPK7;PIK3R2,wald_stat,Reactome_2022
Insulin Processing R-HSA-264876,0.8516800415787695,1.0,0.6726804123711341,VAMP2;EXOC2;EXOC6;SLC30A5;SLC30A6;EXOC5;EXOC8;RAB27A;ERO1B;EXOC3;EXOC7,wald_stat,Reactome_2022
Signaling By Nuclear Receptors R-HSA-9006931,0.8512327005586698,1.0,0.799184505606524,RUNX1;FKBP5;GTF2F2;RDH11;MOV10;ZNF217;PRKCZ;GTF2A1;RDH5;PDHB;H2BC15;PIK3CA;PDK2;GNG5;PPID;EBAG9;CDKN1B;UHMK1;SHC1;PIK3R3;ZDHHC21;MBD4;STRN;SRF;KDM1A;USF1;GNG10;GNB2;NCOR1;POLR2D;KDM4A;NCOA3;AGO4;FKBP4,wald_stat,Reactome_2022
Inflammasomes R-HSA-622312,0.8511486233203684,1.0,0.686046511627907,BCL2L1;TXN2;SUGT1;CASP1,wald_stat,Reactome_2022
Assembly Of Pre-Replicative Complex R-HSA-68867,0.8503520330717463,1.0,0.7803837953091685,PSMD4;PSMA6;PSME3;PSMB10;ANAPC10;H2BC15;CDC16;MCM5;PSMA7;PSMD11;ANAPC7;PSMD5;PSMB2;PSMD13;UBE2E1;PSMB9;UBA52;PSMB8;UBC;PSMC3;PSMC5;KPNA1;ANAPC1;PSMB3;ORC3;MCM6;KPNB1;PSMC4;ORC5,wald_stat,Reactome_2022
Early SARS-CoV-2 Infection Events R-HSA-9772572,0.8492431024385148,1.0,0.685823754789272,UVRAG;PIK3C3;ISCU;CHMP6;VCP,wald_stat,Reactome_2022
Cytokine Signaling In Immune System R-HSA-1280215,0.8489103005999811,1.0,0.9109109109109109,S100A9;EIF4E3;LRRC14;PSMD4;STAT3;INPPL1;PSMA6;GBP5;PSME3;PTPN4;MAPK9;TRAF6;MAPK14;PSMB10;PPP2R5D;GNL3;SIGIRR;TRIM38;IL10RA;CRK;BCL11B;UBE2V1;NKIRAS2;IFIT3;BCL2L1;POM121C;SOD1;STAT5A;OASL;NUP37;HAVCR2;HSPA8;ARIH1;HLA-E;FASLG;PIK3CA;FLNA;TNFSF12;TNFRSF1A;PLCG1;CDKN1B;IFNG;PTPN1;MAP2K4;PSMA7;NUP88;PSMD11;PDE12;TRIM5;SHC1;PIK3R3;TP53;PSMD5;PSMB2;TBK1;PSMD13;HIF1A;PIAS1;CSK;NUP188;NUP58;STAT1;ITGB1;TOLLIP;IRAK4;IRF9;BCL2L11;STXBP2;UBE2E1;RAP1B;STAT5B;PSMB9;VAMP2;CUL1;NUP214;SP100;EIF4G3;UBE2D2;TNFRSF1B;TNIP2;TRIM35;PTPN18;IFIT5;STAT4;RBX1;IKBKB;IRF3;TNF;UBA52;GSDMD;MAP2K6;PSMB8;CASP1;CLSTN1,wald_stat,Reactome_2022
FLT3 Signaling R-HSA-9607240,0.8481807586491714,1.0,0.7015834348355664,STAT5A;PIK3CA;CDKN1B;CSK;BCL2L11;STAT5B;UBA52;UBC;AKT3;CBL;PTPRJ;SEPSECS,wald_stat,Reactome_2022
Negative Regulators Of DDX58/IFIH1 Signaling R-HSA-936440,0.8480184843300763,1.0,0.7198124267291911,TRIM4;TBK1;MAVS;UBE2D2;ATG5;IRF3;UBA52;TRIM25;HERC5;UBC;RIGI,wald_stat,Reactome_2022
G-protein Beta:Gamma Signaling R-HSA-397795,-0.847773647490997,0.839925393374698,0.7023255813953488,CDC42;PKN1;GNGT2;GNB1,wald_stat,Reactome_2022
Sphingolipid De Novo Biosynthesis R-HSA-1660661,0.847259081082766,1.0,0.7017543859649122,VAPB;SPTLC1;SPHK2;CERS2;SGPL1;SPTLC2;SGMS1;PRKD2;PRKD3;CERT1;ORMDL3;ORMDL2;SGPP1;OSBP,wald_stat,Reactome_2022
DAP12 Signaling R-HSA-2424491,0.847248197873878,1.0,0.6915297092288243,HLA-E;PIK3CA;PLCG1;SHC1;KLRK1;SPNS1,wald_stat,Reactome_2022
XBP1(S) Activates Chaperone Genes R-HSA-381038,0.8471727122058905,1.0,0.7146171693735499,EXTL3;SEC31A;KLHDC3;PREB;SYVN1;SHC1;ATP6V0D1;ACD;YIF1A,wald_stat,Reactome_2022
RNA Polymerase III Transcription Termination R-HSA-73980,0.84696863954281,1.0,0.6828309305373526,POLR3C;POLR3A;NFIA,wald_stat,Reactome_2022
Glutathione Conjugation R-HSA-156590,0.8464283463978979,1.0,0.6749672346002621,AKR1A1;GCLC;GSTM4;MGST3;CNDP2;MGST2;GSTM2;GSTO1,wald_stat,Reactome_2022
Rev-mediated Nuclear Export Of HIV RNA R-HSA-165054,0.846154552333369,1.0,0.7094117647058824,RANGAP1;POM121C;NUP37;NUP88;NUP188;NUP58;NUP214,wald_stat,Reactome_2022
Apoptotic Cleavage Of Cellular Proteins R-HSA-111465,-0.8457203958136653,0.8391756812491801,0.7095238095238096,BIRC2;GSN;STK26;CLSPN;CASP8;ACIN1;STK24;CASP3;VIM,wald_stat,Reactome_2022
RND3 GTPase Cycle R-HSA-9696264,0.8448651633170802,1.0,0.695,PICALM;SCRIB;WDR6;ROCK1;KCTD13;ARHGAP35;ANKRD26,wald_stat,Reactome_2022
Formation Of ATP By Chemiosmotic Coupling R-HSA-163210,-0.8431355312388149,0.8397896614723164,0.6877637130801688,ATP5MC1;ATP5ME,wald_stat,Reactome_2022
Cellular Senescence R-HSA-2559583,0.8425930566007169,1.0,0.8175182481751825,HIRA;EHMT2;STAT3;MAPK9;MAPK14;MOV10;EP400;ANAPC10;CDK4;H2BC15;TXN2;CDKN2A;CDC16;CDKN1B;MAP2K4;ANAPC7;TP53;ACD;UBE2E1;TINF2;TERF2;AGO4;RING1;UBA52;RAD50;MAP2K6;TNIK,wald_stat,Reactome_2022
EPH-Ephrin Signaling R-HSA-2682334,0.8424283649959207,1.0,0.7142857142857143,ARHGEF7;PSEN1;CLTC;ARPC3;AP2A2;MYH9;MYL12B;ACTR3;ROCK1;ARPC2;MYL12A;RHOA;VPS72;AP2A1;ACTR2;PSENEN;ADAM10;ACTG1;MYL9,wald_stat,Reactome_2022
SUMOylation R-HSA-2990846,0.8409203089900185,1.0,0.8099173553719008,TRIM27;MRTFA;PIAS2;MBD1;RANGAP1;HIPK2;MTA1;DDX17;POM121C;CDKN2A;NUP37;CASP8AP2;NUP88;L3MBTL2;NR2C1;TP53;HERC2;PIAS1;NUP188;NUP58;RWDD3;MDC1;SENP2;NUP214;SP100,wald_stat,Reactome_2022
Negative Regulation Of MET Activity R-HSA-6807004,0.8408795528393063,1.0,0.6906565656565656,HGS;EPS15;PTPN1;SH3GL1;UBA52;UBC;CBL;PTPRJ;LRIG1,wald_stat,Reactome_2022
IGF1R Signaling Cascade R-HSA-2428924,-0.8401870809317257,0.8368123200739895,0.745945945945946,PIK3R1;IRS2;THEM4;PIK3CB;IGF1R;SOS1;PTPN11,wald_stat,Reactome_2022
Signaling By Type 1 Insulin-like Growth Factor 1 Receptor (IGF1R) R-HSA-2404192,-0.8401870809317257,0.8368123200739895,0.745945945945946,PIK3R1;IRS2;THEM4;PIK3CB;IGF1R;SOS1;PTPN11,wald_stat,Reactome_2022
"Plasma Lipoprotein Assembly, Remodeling, And Clearance R-HSA-174824",-0.8390756314515545,0.8343882118796632,0.7898550724637681,UBB;NPC2;AP2B1;LSR;SAR1B;PRKCA;APOBR;NR1H2,wald_stat,Reactome_2022
IKK Complex Recruitment Mediated By RIP1 R-HSA-937041,0.8388354208716593,1.0,0.7219387755102041,TRAF6;UBE2V1;SARM1;UBE2D2;IKBKB;UBA52;UBC,wald_stat,Reactome_2022
RHOH GTPase Cycle R-HSA-9013407,0.8354929952730409,1.0,0.7144578313253012,DBN1;MTR;STOM;RALGAPA1;CSK;ROCK1;NSFL1C;VCP,wald_stat,Reactome_2022
DNA Strand Elongation R-HSA-69190,0.8343668799123448,1.0,0.7289603960396039,RFC2;RFC4;MCM5;MCM6;POLA2;LRIG1;FEN1,wald_stat,Reactome_2022
Muscle Contraction R-HSA-397014,0.8343001089822595,1.0,0.7689732142857143,CACNA2D2;ATP1A3;ACTA2;ATP2A2;AHCYL1;HIPK2;STIM1;ORAI1;CES1;MYL12B;NPRL2;ATP2A3;MYL12A;DMPK;ORAI2,wald_stat,Reactome_2022
Mitotic Spindle Checkpoint R-HSA-69618,0.8336847432367566,1.0,0.7902023429179978,TAOK1;RANGAP1;PPP2R5D;KANSL1;ANAPC10;PPP2R5C;MIS12;NUP37;PPP2R5E;CDC16;PPP2R5A;CENPL;ANAPC7;NDE1;UBE2E1;CLIP1,wald_stat,Reactome_2022
DNA Damage Bypass R-HSA-73893,0.8331251911187401,1.0,0.720876585928489,RFC2;POLK;RFC4;RBX1;UBA52;USP32;TRIM25;NPLOC4;UBC;VCP,wald_stat,Reactome_2022
SARS-CoV Infections R-HSA-9679506,0.8328500295510968,1.0,0.8728728728728729,YWHAB;VPS33A;ATP1A3;TRIM4;VPS11;MAN1B1;TRAF6;UVRAG;MTA1;PARP9;SRPK1;UBE2V1;VPS16;PIK3C3;CNBP;ST3GAL2;POM121C;RPN1;PARP6;NUP37;HLA-E;AP2A2;NUP88;TOMM70;GANAB;TBK1;NUP188;NUP58;STAT1;ITGB1;MAVS;ARID4B;KDM1A;ROCK1;NUP214;ISCU;G3BP1;BRD4;SIKE1;RBX1;ST3GAL4;PHF21A;COMT;IKBKB;IRF3;FKBP4;UBA52;ST6GAL1;VPS18;CHMP6;GSK3B;VPS45;TRIM25;UBC;VCP;VPS39;GSK3A;AP2A1;SIGMAR1;RIGI;ZDHHC20;AKT3,wald_stat,Reactome_2022
Protein Ubiquitination R-HSA-8852135,0.831939364255719,1.0,0.7645739910313901,TMEM129;USP5;LEO1;UBE2J2;PAF1;H2BC15;HLTF;PEX14;UBE2L3;PEX2;UBE2E1;SHPRH;UBE2D2;UBA52;UBC;VCP,wald_stat,Reactome_2022
MAPK Targets/ Nuclear Events Mediated By MAP Kinases R-HSA-450282,0.8309465439026062,1.0,0.7319587628865979,MAPK9;MAPK14;PPP2R5D,wald_stat,Reactome_2022
Diseases Of Glycosylation R-HSA-3781865,0.8304807513616554,1.0,0.7758433079434167,ALG6;MAN1B1;ALG3;C1GALT1C1;DHDDS;ALG12;SLC26A2;HEXB;SRD5A3;THBS1;LFNG;B3GLCT;GALT;GALNT3;MOGS;POMGNT1,wald_stat,Reactome_2022
DDX58/IFIH1-mediated Induction Of Interferon-Alpha/Beta R-HSA-168928,0.8297336951416379,1.0,0.7581699346405228,TRIM4;TRAF6;FADD;NKIRAS2;TOMM70;TBK1;MAVS;UBE2D2;SIKE1;ATG5;IKBKB;IRF3;UBA52;TRIM25;HERC5;UBC,wald_stat,Reactome_2022
Phase I - Functionalization Of Compounds R-HSA-211945,0.828271937709824,1.0,0.7316486161251504,FDXR;CES2;CES1;CYB5B;FDX2;CYP4V2;NQO2;CYP2R1;CYB5R3;CYP51A1;PTGES3,wald_stat,Reactome_2022
Generation Of Second Messenger Molecules R-HSA-202433,0.8277829281172527,1.0,0.7324290998766955,CD247;ARHGEF7;PLCG1;SPNS1;VASP,wald_stat,Reactome_2022
TP53 Regulates Transcription Of Cell Death Genes R-HSA-5633008,0.8272566505788876,1.0,0.7288557213930348,NDRG1;TP53;PRELID1;BBC3;CASP2;CASP1;CRADD;PERP,wald_stat,Reactome_2022
Sensory Perception R-HSA-9709957,0.8259180764987846,1.0,0.7857142857142857,GNAL;CACNA2D2;LRP10;RDH11;SPTAN1;RDH5;CAMKMT;CAPZB;PLCB2;MYH9;VAMP2;METAP1;EZR,wald_stat,Reactome_2022
SLC-mediated Transmembrane Transport R-HSA-425407,0.8256781403386125,1.0,0.7917547568710359,RUNX1;SLC1A7;BSG;SLC35B2;SLC2A3;SLC4A2;SLC2A13;SLC17A5;SLC33A1;SLC41A1;SLC50A1;SLC26A2;SLC5A3;SLC39A7;SLCO4C1;SLC44A2;SLC35B3;SLC20A1;SLC39A1;PDZD11;SLC30A5;SLC22A18;SLC12A2;SLC36A1;SLC30A6;SLC16A3;SLC4A7;SLC12A6;SRI;SLC43A1;SLC35A1;SLC20A2;ARL2;SLC5A6;SLC35C1;SLC11A2;SLC29A3;SLC26A11;SLC35B4;AHCYL2;SLC39A3;SLC25A22,wald_stat,Reactome_2022
Chromatin Modifying Enzymes R-HSA-3247509,0.8253797922315268,1.0,0.8646998982706002,EHMT2;SUPT7L;BRD8;KANSL3;WDR5;KDM5B;MTA1;KANSL1;ASH2L;ENY2;SMARCC2;KDM7A;ELP6;EP400;UTY;PRMT7;CDK4;ATXN7;H2BC15;KDM5C;TRRAP;SMARCA2;KMT5C;KDM2B;MRGBP;MSL1;ATXN7L3;KMT2A;ARID4B;TAF9;KDM1A;NCOR1;PHF21A;TAF5L;KDM4A;KDM5D;KAT8;RUVBL1;NSD2;KMT2D;VPS72;DR1;SETDB2;RUVBL2;HAT1;NSD1;YEATS2;KAT6B;KAT6A;JADE2;CHD3;KDM4B;REST;KAT5;TADA2A;HDAC8;SUPT20H;H2AC11;RBBP4;COPRS,wald_stat,Reactome_2022
Toll Like Receptor 3 (TLR3) Cascade R-HSA-168164,0.82480859961087,1.0,0.7913135593220338,LRRC14;MAPK9;TRAF6;MAPK14;FADD;PPP2R5D;UBE2V1;NKIRAS2;MAP2K4;TP53;TBK1;SARM1;CUL1;UBE2D2;TNIP2;IKBKB;IRF3;UBA52;MAP2K6,wald_stat,Reactome_2022
Unattached Kinetochores Signal Amplification Via A MAD2 Inhibitory Signal R-HSA-141444,0.8245441990556795,1.0,0.7820372398685652,TAOK1;RANGAP1;PPP2R5D;KANSL1;PPP2R5C;MIS12;NUP37;PPP2R5E;PPP2R5A;CENPL,wald_stat,Reactome_2022
MHC Class II Antigen Presentation R-HSA-2132295,-0.8237990651446105,0.8582651329923494,0.9010989010989011,HLA-DRB5;CTSS;SEC24C;AP2B1;CAPZA2;DCTN3;ACTR10;DYNLL2;SAR1B;DCTN6;KIF22;ACTR1A;SEC24A;DNM2;SEC13;AP1S2;HLA-DRB1;KIF5B;CANX;CD74;SEC24D,wald_stat,Reactome_2022
Listeria Monocytogenes Entry Into Host Cells R-HSA-8876384,0.8233459352921606,1.0,0.7052631578947368,HGS;EPS15;SH3GL1;UBA52;UBC;CBL,wald_stat,Reactome_2022
SLC Transporter Disorders R-HSA-5619102,0.8225510853566949,1.0,0.7701793721973094,BSG;POM121C;NUP37;SLC17A5;NUP88;SLC33A1;NUP188;NUP58;SLC26A2;NUP214;SLC22A18;MAP4K2;SLC12A6;NUP160;SLC35A1;NUP153;SLC20A2;RANBP2;SLC35C1;NUP210;SLC11A2;SLC29A3;NUP54,wald_stat,Reactome_2022
Activation Of Gene Expression By SREBF (SREBP) R-HSA-2426168,0.8219947703288767,1.0,0.767580452920143,SREBF2;HELZ2;MVK;FDPS;NCOA6;MBD4,wald_stat,Reactome_2022
RHOQ GTPase Cycle R-HSA-9013406,0.8216292913981845,1.0,0.7633136094674556,ARHGEF7;GOPC;PLEKHG3;ARHGAP17;FNBP1;STOM;SCRIB;ARL13B;ARHGAP35;GFOD1;GIT2;ARHGAP1;SRGAP2;SLC4A7;OPHN1;WWP2;IQGAP1;CDC42EP3,wald_stat,Reactome_2022
ESR-mediated Signaling R-HSA-8939211,0.8211763342903844,1.0,0.8326446280991735,RUNX1;FKBP5;GTF2F2;MOV10;ZNF217;PRKCZ;GTF2A1;H2BC15;PIK3CA;GNG5;PPID;EBAG9;CDKN1B;UHMK1;SHC1;PIK3R3;ZDHHC21;MBD4;STRN;SRF;KDM1A;USF1;GNG10;GNB2;POLR2D;NCOA3;AGO4;FKBP4,wald_stat,Reactome_2022
Metabolism Of Cofactors R-HSA-8978934,0.8203998806020797,1.0,0.7247956403269755,COQ9;COQ6;COQ5;PDSS2;DHFR;COQ7,wald_stat,Reactome_2022
SUMO E3 Ligases SUMOylate Target Proteins R-HSA-3108232,0.8186654195371,1.0,0.8353909465020576,TRIM27;MRTFA;PIAS2;MBD1;RANGAP1;HIPK2;MTA1;DDX17;POM121C;CDKN2A;NUP37;CASP8AP2;NUP88;L3MBTL2;NR2C1;TP53;HERC2;PIAS1;NUP188;NUP58;MDC1;NUP214;SP100,wald_stat,Reactome_2022
Nuclear Envelope Breakdown R-HSA-2980766,0.8178622591125249,1.0,0.7785388127853882,NEK9;POM121C;NUP37;NUP88;NUP188;NUP58;NUP214;CNEP1R1;NEK7;TMPO;PRKCB;NUP160;VRK1;NUP153;RANBP2;NUP210;LPIN1;BANF1;NUP54,wald_stat,Reactome_2022
Metabolism Of Non-Coding RNA R-HSA-194441,-0.8172462045761915,0.8651098254152946,0.8188976377952756,NUP98;TPR;WDR77;SEH1L;NUP155;SNRPF;SNRPD2;PHAX;NUP50;SNRPG,wald_stat,Reactome_2022
RNA Polymerase I Transcription R-HSA-73864,0.8161559607948422,1.0,0.8030634573304157,EHMT2;ERCC6;MTA1;H2BC15;CCNH;TTF1;UBTF;GTF2H3;GTF2H5;CBX3;POLR1H;GTF2H4;ERCC3;CDK7,wald_stat,Reactome_2022
RNA Polymerase I Promoter Clearance R-HSA-73854,0.8161559607948422,1.0,0.8030634573304157,EHMT2;ERCC6;MTA1;H2BC15;CCNH;TTF1;UBTF;GTF2H3;GTF2H5;CBX3;POLR1H;GTF2H4;ERCC3;CDK7,wald_stat,Reactome_2022
FCERI Mediated Ca+2 Mobilization R-HSA-2871809,0.815619661921314,1.0,0.7356881851400731,AHCYL1;PPP3CB;PLCG1;SHC1;SPNS1,wald_stat,Reactome_2022
Metal Ion SLC Transporters R-HSA-425410,0.8151684936035833,1.0,0.7013333333333334,SLC41A1;SLC39A7;SLC39A1;SLC30A5;SLC30A6,wald_stat,Reactome_2022
Deregulated CDK5 Triggers Neurodegenerative Pathways In Alzheimers Disease Models R-HSA-8862803,0.8142756775951363,1.0,0.7198443579766537,FASLG;BCL2L11;CAPN2;CAPN1;CAPNS1;JUN;PRDX1,wald_stat,Reactome_2022
Cell Recruitment (Pro-Inflammatory Response) R-HSA-9664424,0.8132379663993518,1.0,0.7386363636363636,TXN2;SUGT1;GSDMD;CASP1,wald_stat,Reactome_2022
Carboxyterminal Post-Translational Modifications Of Tubulin R-HSA-8955332,-0.8118977985204255,0.8697552331646058,0.7894736842105263,TUBB4B;TUBA1B;AGBL5;SVBP;TUBB2A;VASH1;TUBB;TTLL3;AGBL2;TPGS1;AGTPBP1;TUBA1C;TUBB4A;TTL;TTLL4;TTLL12;NICN1;TTLL1;TPGS2;TUBA1A,wald_stat,Reactome_2022
IRE1alpha Activates Chaperones R-HSA-381070,0.8118035050728146,1.0,0.772567409144197,EXTL3;SEC31A;KLHDC3;PREB;SYVN1;SHC1;ATP6V0D1;ACD;YIF1A,wald_stat,Reactome_2022
Aquaporin-mediated Transport R-HSA-445717,0.8117963307238063,1.0,0.7403100775193798,RAB11FIP2;GNG5;GNG10;GNB2;RAB11A;GNG2;PRKACB,wald_stat,Reactome_2022
PI3K Cascade R-HSA-109704,-0.8097592719895519,0.8687680883157872,0.7703349282296651,PIK3R1;IRS2;THEM4,wald_stat,Reactome_2022
Base Excision Repair R-HSA-73884,-0.809653542726597,0.8645309762252082,0.9052631578947369,H2BC12;H2AX;H2AJ;TERF1;PARP1;APEX1;H2AZ1;TERF2IP,wald_stat,Reactome_2022
VEGFR2 Mediated Vascular Permeability R-HSA-5218920,-0.8086766708752642,0.8620812862333034,0.7614213197969543,PKN1;THEM4;VAV3;AKT1,wald_stat,Reactome_2022
Toll Like Receptor 9 (TLR9) Cascade R-HSA-168138,0.8085120271072619,1.0,0.8114224137931034,LRRC14;MAPK9;TRAF6;MAPK14;PPP2R5D;UBE2V1;NKIRAS2;PIK3C3;EEA1;MAP2K4;TP53;IRAK4;CUL1;TNIP2;IKBKB;UBA52;MAP2K6;UBC;MEF2A;RBSN;IKBIP;MAP2K7;IRF7;MAPK7;TANK;JUN;MAPK3;NLRC5;MAPK8;N4BP1;TAB3;PELI2;PPP2R1A;NDUFA2;ECSIT;PIK3R4;MAP3K7;VRK3;CREB1;NOD1;USP14;MAPKAPK2,wald_stat,Reactome_2022
L1CAM Interactions R-HSA-373760,0.8066441278822305,1.0,0.7637231503579952,SPTAN1;HSPA8;CLTC;AP2A2;ITGB1;EZR;CSNK2A2;AP2A1;NUMB;RDX;DPYSL2;AP2S1;LLGL1;FGFR1;MAPK3;RANBP9;ITGAV,wald_stat,Reactome_2022
"PI5P, PP2A And IER3 Regulate PI3K/AKT Signaling R-HSA-6811558",0.8046144234215074,1.0,0.7833523375142531,PDGFRB;TRAF6;PPP2R5D;ERBB2;PPP2R5C;PPP2R5E;PIK3CA;PPP2R5A;PIK3R3;IRAK4;STRN;NRG2;CLSTN1;PIP4K2B,wald_stat,Reactome_2022
TNFR1-induced NFkappaB Signaling Pathway R-HSA-5357956,-0.80430544642525,0.8646274471453056,0.8020304568527918,BIRC2;CYLD;CHUK;TRAF1;USP25;BIRC3;RACK1;TNFAIP3,wald_stat,Reactome_2022
Vasopressin Regulates Renal Water Homeostasis Via Aquaporins R-HSA-432040,0.8026624672886147,1.0,0.752925877763329,RAB11FIP2;GNG5;GNG10;GNB2;RAB11A;GNG2;PRKACB,wald_stat,Reactome_2022
Constitutive Signaling By AKT1 E17K In Cancer R-HSA-5674400,0.8026153562761672,1.0,0.7613065326633166,TSC2;CDKN1B;GSK3B;GSK3A;AKT3;MTOR,wald_stat,Reactome_2022
Cristae Formation R-HSA-8949613,0.8015476105560672,1.0,0.7658536585365854,MICOS10;ATP5PO;DNAJC11;MICOS13;SAMM50;DMAC2L;ATP5MC3,wald_stat,Reactome_2022
MyD88-independent TLR4 Cascade R-HSA-166166,0.801136110466307,1.0,0.8342189160467588,LRRC14;MAPK9;TRAF6;MAPK14;FADD;PPP2R5D;UBE2V1;NKIRAS2;MAP2K4;TP53;TBK1;SARM1;CUL1;UBE2D2;TNIP2;IKBKB;IRF3;UBA52;MAP2K6,wald_stat,Reactome_2022
RORA Activates Gene Expression R-HSA-1368082,0.7980668562386976,1.0,0.7440318302387268,HELZ2;NCOA6;MBD4,wald_stat,Reactome_2022
Synthesis Of Active Ubiquitin: Roles Of E1 And E2 Enzymes R-HSA-8866652,0.7976965335684404,1.0,0.7478152309612984,USP5;UBE2L3;UBE2E1;UBE2D2;UBA52;UBC;OTULIN;UBE2E3;UBE2H,wald_stat,Reactome_2022
Signaling By NOTCH1 R-HSA-1980143,0.7972019279234932,1.0,0.8214689265536723,MAML1;PSEN1;HDAC6;HDAC5;ARRB1;HIF1A;CUL1;NCOR1;RBX1;UBA52;UBC;NUMB;TLE3;TLE1;HDAC4;PSENEN;ADAM10;ADAM17;HDAC8,wald_stat,Reactome_2022
PCNA-Dependent Long Patch Base Excision Repair R-HSA-5651801,0.7953585235864141,1.0,0.7652933832709113,RFC2;RFC4;LRIG1;FEN1;POLG2;POLE4;POLE3;POLD4;POLD2;POLR1A,wald_stat,Reactome_2022
Activated NOTCH1 Transmits Signal To Nucleus R-HSA-2122948,0.7939896173774345,1.0,0.7554697554697555,PSEN1;ARRB1;UBA52;UBC;NUMB;PSENEN;ADAM10;ADAM17,wald_stat,Reactome_2022
HCMV Late Events R-HSA-9610379,0.7938977494048713,1.0,0.8327832783278328,TRMU;UBAP1;H2BC15;POM121C;TXN2;TARBP1;NUP37;NUP88;VPS37A;NUP188;NUP58;NUP214;CHMP6;CHMP1A;H2AC11;H2BC21;NUP160;RRM1;MVB12A;NUP153;VPS4A;RANBP2;H2AC25;NUP210;VPS28;H2BC9;NUP54;SNF8;H2AC4,wald_stat,Reactome_2022
SUMOylation Of Intracellular Receptors R-HSA-4090294,0.793879214256485,1.0,0.7743589743589744,PIAS2;NR2C1;PIAS1;HDAC4;PPARA;UBE2I;THRA;RORA;SUMO2,wald_stat,Reactome_2022
Citric Acid (TCA) Cycle And Respiratory Electron Transport R-HSA-1428517,0.7935686296380966,1.0,0.8683127572016461,NNT;ACAD9;PDPR;OGDH;CYCS;NDUFAF5;ATP5PO;BSG;UQCRH;PDHB;NDUFS7;MPC1;PDK2;D2HGDH;IDH3A;NDUFAF1;NDUFAF7;NDUFAF6;TIMMDC1;NDUFB3;LRPPRC;COX4I1;UQCRB;TRAP1;NDUFS2;ADHFE1;COX14;DMAC2L;UQCRC1;NDUFA11;ATP5MC3,wald_stat,Reactome_2022
SUMOylation Of Chromatin Organization Proteins R-HSA-4551638,0.7933573542518064,1.0,0.8166479190101237,PIAS2;POM121C;NUP37;NUP88;L3MBTL2;PIAS1;NUP188;NUP58;NUP214;RING1,wald_stat,Reactome_2022
Conversion From APC/C:Cdc20 To APC/C:Cdh1 In Late Anaphase R-HSA-176407,0.7902032531246347,1.0,0.7592829705505761,ANAPC10;CDC16;ANAPC7;UBE2E1;ANAPC1;ANAPC2;CDC23;ANAPC5;UBE2D1,wald_stat,Reactome_2022
Cyclin D Associated Events In G1 R-HSA-69231,0.7893630189190253,1.0,0.7987951807228916,CDK4;CDKN2A;CCND2;CDKN1B;CCNH;CCND3;CUL1;UBA52;PPP2R2A;UBC;CDK7,wald_stat,Reactome_2022
DAP12 Interactions R-HSA-2172127,0.7892263925057151,1.0,0.7959949937421777,HLA-E;PIK3CA;PLCG1;SHC1;KLRK1;SPNS1,wald_stat,Reactome_2022
Cholesterol Biosynthesis R-HSA-191273,0.7884534608237249,1.0,0.7945544554455446,SREBF2;MVK;FDPS;ARV1,wald_stat,Reactome_2022
Visual Phototransduction R-HSA-2187338,0.7881729617726909,1.0,0.7785888077858881,LRP10;RDH11;RDH5;CAMKMT,wald_stat,Reactome_2022
PI3K/AKT Signaling In Cancer R-HSA-2219528,0.7881302351141052,1.0,0.8179775280898877,PDGFRB;ERBB2;TSC2;PIK3CA;CDKN1B;PIK3R3;STRN;NRG2;CLSTN1;GSK3B;GSK3A;AKT3;MTOR;PIK3AP1;FRS2;RAC2;PIK3R2;FGFR1,wald_stat,Reactome_2022
Downregulation Of SMAD2/3:SMAD4 Transcriptional Activity R-HSA-2173795,0.7849444985251189,1.0,0.7815126050420168,SMURF2;SMAD4;RNF111;PPM1A;STAT1;NCOR1;UBA52;UBC,wald_stat,Reactome_2022
Activation Of BH3-only Proteins R-HSA-114452,0.7843399428408326,1.0,0.7911547911547911,YWHAB;PPP3CC;TP53;BCL2L11;BBC3,wald_stat,Reactome_2022
Butyrate Response Factor 1 Binds And Destabilizes mRNA R-HSA-450385,0.7834522171772121,1.0,0.7810880829015544,YWHAB;ZFP36L1,wald_stat,Reactome_2022
"TICAM1, RIP1-mediated IKK Complex Recruitment R-HSA-168927",0.7832489565863548,1.0,0.7855297157622739,TRAF6;UBE2V1;UBE2D2;IKBKB;UBA52;UBC,wald_stat,Reactome_2022
Oncogene Induced Senescence R-HSA-2559585,0.7823519462835994,1.0,0.7804878048780488,MOV10;CDK4;CDKN2A;TP53;AGO4;UBA52;UBC;AGO1;MAPK3;RB1;AGO3,wald_stat,Reactome_2022
Signaling By SCF-KIT R-HSA-1433557,0.7816876295977455,1.0,0.8077858880778589,STAT3;STAT5A;PIK3CA;PIK3R3;STAT1;STAT5B,wald_stat,Reactome_2022
Recruitment And ATM-mediated Phosphorylation Of Repair And Signal Proteins At DNA Double Strand Breaks R-HSA-5693565,0.7801105782808034,1.0,0.816374269005848,RNF8;H2BC15;TP53;HERC2;BAZ1B;MDC1;BRCC3;KDM4A;UBA52;RAD50;NSD2;UBC;KDM4B;KAT5;PPP5C;H2BC21;UBE2V2;UBE2I;MAPK8;RNF168;H2BC9;APBB1,wald_stat,Reactome_2022
Opioid Signaling R-HSA-111885,0.7794446728556178,1.0,0.8279816513761468,GNAL;PPP3CC;AHCYL1;PPP2R5D;PPP3CB;GNG5;PLCB2;PPP1CA;GNG10;GNB2;PDE4A,wald_stat,Reactome_2022
Synthesis Of Glycosylphosphatidylinositol (GPI) R-HSA-162710,0.7778332050035874,1.0,0.7817938420348058,PIGF;PIGV;PIGN;DPM2;PIGB;PIGQ;PIGC;PIGH;PIGX;PIGM;PIGG;PIGL;PIGA,wald_stat,Reactome_2022
Semaphorin Interactions R-HSA-373755,0.7769802133219469,1.0,0.8244365361803084,ARHGEF7;ERBB2;MYH9;MYL12B;ITGB1;ROCK1;ARHGAP35;PLXND1;RHOA;GSK3B;VPS72,wald_stat,Reactome_2022
G Alpha (S) Signaling Events R-HSA-418555,0.7734599360921051,1.0,0.8004694835680751,GRK5;PTGER2;GNG5;PDE3B;ARRB1;SHC1;ITGB1;GNG10;GNB2;PDE4A;ADRB2;GNAI2;GNG2;PRKACB;MC1R,wald_stat,Reactome_2022
N-glycan Antennae Elongation In medial/trans-Golgi R-HSA-975576,-0.7720226870462513,0.9086571502883982,0.7787234042553192,B4GALT1;B4GALT4;MAN2A1;MGAT4A,wald_stat,Reactome_2022
Interferon Signaling R-HSA-913531,0.7717181658758817,1.0,0.891946992864424,EIF4E3;GBP5;GNL3;TRIM38;BCL11B;IFIT3;POM121C;OASL;NUP37;ARIH1;HLA-E;FLNA;PLCG1;IFNG;PTPN1;NUP88;PDE12;TRIM5;PIAS1;NUP188;NUP58;STAT1;IRF9;UBE2E1;NUP214;SP100;EIF4G3;TRIM35;IFIT5;IRF3;UBA52;PSMB8;TRIM25;HERC5;UBC;GBP1;RIGI;KPNA1;TRIM22;TRIM21;IRF2;IFITM1;KPNB1;IRF7;KPNA5,wald_stat,Reactome_2022
Constitutive Signaling By Aberrant PI3K In Cancer R-HSA-2219530,0.7702324837666769,1.0,0.8121951219512196,PDGFRB;ERBB2;PIK3CA;PIK3R3;STRN;NRG2;CLSTN1;PIK3AP1;FRS2;RAC2;PIK3R2;FGFR1,wald_stat,Reactome_2022
Inactivation Of APC/C Via Direct Inhibition Of APC/C Complex R-HSA-141430,0.7681182289635485,1.0,0.7877237851662404,ANAPC10;CDC16;ANAPC7;UBE2E1;ANAPC1;ANAPC2;CDC23;ANAPC5;UBE2D1,wald_stat,Reactome_2022
GPER1 Signaling R-HSA-9634597,0.7675276005281998,1.0,0.7880710659898477,GNG5;SHC1;ITGB1;GNG10;GNB2;GNAI2;GNG2;PRKACB,wald_stat,Reactome_2022
Regulation Of IGF Transport And Uptake By IGFBPs R-HSA-381426,0.7666604275157689,1.0,0.8208092485549133,PRSS23;GOLM1;MBTPS1;GZMH;MEN1;PNPLA2;RCN1,wald_stat,Reactome_2022
Circadian Clock R-HSA-400253,0.7661915054628213,1.0,0.8413948256467941,HELZ2;NCOA6;NFIL3;RBM4;PPP1CA;HIF1A;MBD4;CUL1;NCOR1;SIRT1;UBA52;UBC;CRTC3;CRTC2;CRY1,wald_stat,Reactome_2022
DNA Replication R-HSA-69306,0.7661223526679913,1.0,0.890625,PSMD4;PSMA6;PSME3;RFC2;PSMB10;ANAPC10;H2BC15;CDC16;RFC4;MCM5;PSMA7;PSMD11;ANAPC7;PSMD5;PSMB2;PSMD13;UBE2E1;PSMB9;CUL1;RBX1;UBA52;PSMB8;UBC;PSMC3;PSMC5;KPNA1;ANAPC1;PSMB3;ORC3;MCM6;KPNB1;PSMC4;ORC5;POLA2,wald_stat,Reactome_2022
APC/C:Cdc20 Mediated Degradation Of Cyclin B R-HSA-174048,0.765767588457164,1.0,0.7969543147208121,ANAPC10;CDC16;ANAPC7;UBE2E1;UBA52;UBC;ANAPC1;ANAPC2;CDC23;ANAPC5;UBE2D1,wald_stat,Reactome_2022
ZBP1(DAI) Mediated Induction Of Type I IFNs R-HSA-1606322,0.7636533748997003,1.0,0.8062418725617685,NKIRAS2;TBK1;DHX9;IKBKB;IRF3,wald_stat,Reactome_2022
Prefoldin Mediated Transfer Of Substrate To CCT/TriC R-HSA-389957,-0.7630489421061721,0.9163521295923954,0.7897435897435897,TUBB4B;TUBA4A;PFDN1;VBP1;PFDN2,wald_stat,Reactome_2022
Diseases Of Carbohydrate Metabolism R-HSA-5663084,0.7611041722558958,1.0,0.8017676767676768,GALNS;HGSNAT;UBA52;UBC;GNS;GAA;DCXR;GYS1;NAGLU,wald_stat,Reactome_2022
"FOXO-mediated Transcription Of Oxidative Stress, Metabolic And Neuronal Genes R-HSA-9615017",-0.7605535517630775,0.9149468579758329,0.8744588744588745,FBXO32;FOXO4;PLXNA4;SIN3A,wald_stat,Reactome_2022
Cytochrome P450 - Arranged By Substrate Type R-HSA-211897,0.7573602537297872,1.0,0.7951030927835051,FDXR;FDX2;CYP4V2;CYP2R1,wald_stat,Reactome_2022
Metabolism Of Carbohydrates R-HSA-71387,0.7573182153797489,1.0,0.9256619144602851,PCNX4;CHST12;MAN2B2;SLC25A1;UBL4A;B3GAT1;PPP2R5D;PYGB;SLC35B2;CRYL1;CHPF2;ST3GAL2;POM121C;PFKP;TPI1;NUP37;PKM;FUT11;NUP88;AKR1A1;NUP188;NUP58;SLC26A2;GNPDA1;HOOK2;MDH1;NUP214;HEXB;HS2ST1;ST3GAL4;UBA52;B4GALT3;SLC35B3;CHORDC1;UBC;GNS;GALT;SLC25A13;ABCC5;SLC25A11;PRKACB;MAP4K2;XYLT2;HS3ST3B1;SLC37A1;MANBA;GAA;GLYCTK;UGP2;ENO2;DCXR;ALDOC;GYS1;NUP160;ST3GAL3;NUP153;PGK1;RANBP2;NAGLU;PFKL;TKFC;FUT10;PHKG2,wald_stat,Reactome_2022
Influenza Viral RNA Transcription And Replication R-HSA-168273,0.7564998636112478,1.0,0.8651059085841695,GTF2F2;GNL3;BLOC1S6;POM121C;NUP37;NUP88;NUP188;NUP58;NUP214;POLR2D;UBA52;POLR2C,wald_stat,Reactome_2022
RMTs Methylate Histone Arginines R-HSA-3214858,0.7561227661584713,1.0,0.8452520515826495,WDR5;SMARCC2;PRMT7;CDK4;SMARCA2,wald_stat,Reactome_2022
Interleukin-12 Signaling R-HSA-9020591,0.7548594853383045,1.0,0.8521536670547147,S100A9;SOD1;IFNG;RAP1B;STAT4;PPIA;VPS72;HNRNPDL;HNRNPF;ANXA2,wald_stat,Reactome_2022
Regulation Of Signaling By CBL R-HSA-912631,0.7545679356947866,1.0,0.8186596583442839,CRK;PIK3CA;PIK3R3;CLSTN1,wald_stat,Reactome_2022
Glycogen Metabolism R-HSA-8982491,0.7536272580244857,1.0,0.8002577319587629,PYGB;UBA52;UBC;GAA;UGP2;GYS1;PHKG2;PHKG1;GYG1;PHKB;PHKA2;AGL,wald_stat,Reactome_2022
DNA Double Strand Break Response R-HSA-5693606,0.7532636277587561,1.0,0.851335656213705,RNF8;H2BC15;TP53;HERC2;BAZ1B;MDC1;BRCC3;KDM4A;UBA52;RAD50;NSD2;UBC;KDM4B;KAT5;PPP5C;H2BC21;UBE2V2;UBE2I;MAPK8;RNF168;H2BC9;APBB1,wald_stat,Reactome_2022
NS1 Mediated Effects On Host Pathways R-HSA-168276,0.7522531541861049,1.0,0.8484848484848485,GNL3;POM121C;NUP37;NUP88;NUP188;NUP58;NUP214,wald_stat,Reactome_2022
Defective TPR May Confer Susceptibility Towards Thyroid Papillary Carcinoma (TPC) R-HSA-5619107,0.7486442464971613,1.0,0.8464285714285714,POM121C;NUP37;NUP88;NUP188;NUP58;NUP214,wald_stat,Reactome_2022
Interactions Of Rev With Host Cellular Proteins R-HSA-177243,0.7485337528412285,1.0,0.847877358490566,RANGAP1;POM121C;NUP37;NUP88;NUP188;NUP58;NUP214,wald_stat,Reactome_2022
NR1H2 And NR1H3-mediated Signaling R-HSA-9024446,0.7483489737809628,1.0,0.8438617401668653,MOV10;KDM1A;NCOR1;KDM4A;AGO4;RXRB;AGO1,wald_stat,Reactome_2022
Regulation Of PTEN Gene Transcription R-HSA-8943724,0.7466287174233729,1.0,0.8695652173913043,RRAGC;MTA1;HDAC5;TP53;SLC38A9;KDM1A;RING1;RPTOR;RRAGB;MTOR;CHD3;PHC1;REST;RBBP4;JUN;MAPK3;LAMTOR2;EED,wald_stat,Reactome_2022
Thrombin Signaling Thru Proteinase Activated Receptors (PARs) R-HSA-456926,0.7459445833246415,1.0,0.8236877523553163,GNG5;ARRB1;GNG10;GNB2;F2R;GNG2,wald_stat,Reactome_2022
PLC Beta Mediated Events R-HSA-112043,-0.7454758032524194,0.9287824204533474,0.898989898989899,GNAQ;GRK2;ITPR3;PRKCA;PRKAR2B;KPNA2;ADCY9;PRKX,wald_stat,Reactome_2022
Post NMDA Receptor Activation Events R-HSA-438064,0.7452940574956722,1.0,0.8416565164433617,ARHGEF7;PRKAB2,wald_stat,Reactome_2022
Mitotic Anaphase R-HSA-68882,0.7450360023096703,1.0,0.9532994923857868,PSMD4;PSMA6;PSME3;PSMB10;TAOK1;RANGAP1;PPP2R5D;KANSL1;ANAPC10;PPP2R5C;MIS12;NUP37;PPP2R5E;CDC16;PPP2R5A;CENPL;PSMA7;PSMD11;ANAPC7;PSMD5;PSMB2;NDE1;PSMD13;NUP188;NUP58;UBE2E1;PSMB9;CLIP1;UBA52;PSMB8;PPP2R2A;CHMP6;UBC;PSMC3;KIF2A;PSMC5;RCC2;ZWILCH;TUBA1A;ANAPC1;PSMB3;DYNC1H1;CC2D1B,wald_stat,Reactome_2022
HCMV Infection R-HSA-9609646,0.7411322036157467,1.0,0.8936170212765957,TRMU;UBAP1;H2BC15;POM121C;TXN2;TARBP1;NUP37;NUP88;VPS37A;NUP188;NUP58;ITGB1;NUP214;NCOR1;CHMP6;CHMP1A;DYNC1H1;CBX1;H2AC11;RBBP4;H2BC21;NUP160;DAXX;RRM1;GPS2;MVB12A;NUP153;VPS4A;RANBP2;EED;H2AC25;NUP210;VPS28;H2BC9;DYNC1LI2;NUP54;SNF8;H2AC4;CREB1,wald_stat,Reactome_2022
DNA Replication Pre-Initiation R-HSA-69002,0.7396925425305049,1.0,0.9154334038054969,PSMD4;PSMA6;PSME3;PSMB10;ANAPC10;H2BC15;CDC16;MCM5;PSMA7;PSMD11;ANAPC7;PSMD5;PSMB2;PSMD13;UBE2E1;PSMB9;UBA52;PSMB8;UBC;PSMC3;PSMC5;KPNA1;ANAPC1;PSMB3;ORC3;MCM6;KPNB1;PSMC4;ORC5;POLA2,wald_stat,Reactome_2022
Senescence-Associated Secretory Phenotype (SASP) R-HSA-2559582,0.7385300362474633,1.0,0.88268156424581,EHMT2;STAT3;ANAPC10;CDK4;H2BC15;CDKN2A;CDC16;CDKN1B;ANAPC7,wald_stat,Reactome_2022
Formation Of Tubulin Folding Intermediates By CCT/TriC R-HSA-389960,0.7370909758158635,1.0,0.8320413436692506,CCT7;CCT3;CCT5;TUBA1A;CCT2,wald_stat,Reactome_2022
Downregulation Of TGF-beta Receptor Signaling R-HSA-2173788,0.7353851836354456,1.0,0.8312342569269522,MTMR4;SMURF2;PPP1CA;UBA52;UBC;TGFBR1;SRFBP1;SMAD2,wald_stat,Reactome_2022
Mitotic Metaphase And Anaphase R-HSA-2555396,0.7336304475414673,1.0,0.9613821138211383,PSMD4;PSMA6;PSME3;PSMB10;TAOK1;RANGAP1;PPP2R5D;KANSL1;ANAPC10;PPP2R5C;MIS12;NUP37;PPP2R5E;CDC16;PPP2R5A;CENPL;PSMA7;PSMD11;ANAPC7;PSMD5;PSMB2;NDE1;PSMD13;NUP188;NUP58;UBE2E1;PSMB9;CLIP1;UBA52;PSMB8;PPP2R2A;CHMP6;UBC;PSMC3;KIF2A;PSMC5;RCC2;ZWILCH;TUBA1A;ANAPC1;PSMB3;DYNC1H1;CC2D1B,wald_stat,Reactome_2022
Positive Epigenetic Regulation Of rRNA Expression R-HSA-5250913,0.733360459502422,1.0,0.8927374301675978,EHMT2;ERCC6;MTA1;DDX56;H2BC15;TTF1;BAZ1B;DEK;CBX3;POLR1H;GSK3B,wald_stat,Reactome_2022
TAK1-dependent IKK And NF-kappa-B Activation R-HSA-445989,0.7316187732276029,1.0,0.8625866050808314,LRRC14;TRAF6;UBE2V1;NKIRAS2;TP53;IKBKB;UBA52;UBC,wald_stat,Reactome_2022
MyD88 Cascade Initiated On Plasma Membrane R-HSA-975871,0.7297247685328383,1.0,0.894907908992416,LRRC14;MAPK9;TRAF6;MAPK14;PPP2R5D;UBE2V1;NKIRAS2;MAP2K4;TP53;IRAK4;CUL1;TNIP2;IKBKB;UBA52;MAP2K6,wald_stat,Reactome_2022
MAP Kinase Activation R-HSA-450294,0.7295353193091347,1.0,0.8826237054085155,MAPK9;TRAF6;MAPK14;PPP2R5D;UBE2V1;MAP2K4;CUL1;TNIP2;IKBKB;UBA52;MAP2K6;UBC;MEF2A,wald_stat,Reactome_2022
Metalloprotease DUBs R-HSA-5689901,-0.7293597066028773,0.9411865203540757,0.8830409356725146,UBB;STAM;BABAM1;H2AC20,wald_stat,Reactome_2022
Negative Regulation Of PI3K/AKT Network R-HSA-199418,0.7290479765389053,1.0,0.8898876404494382,PDGFRB;TRAF6;PPP2R5D;ERBB2;PPP2R5C;PPP2R5E;PIK3CA;PPP2R5A;PIK3R3;IRAK4;STRN;NRG2;CLSTN1;PIP4K2B,wald_stat,Reactome_2022
Role Of Nef In HIV-1 Replication And Disease Pathogenesis R-HSA-164952,0.7281096087908955,1.0,0.8422425032594524,CD247;AP2A2;AP1B1;PACS1;AP1S1;AP2A1,wald_stat,Reactome_2022
HIV Elongation Arrest And Recovery R-HSA-167287,0.7275822953504808,1.0,0.8429951690821256,GTF2F2;SUPT4H1;NELFA;CTDP1;POLR2D;POLR2C;CCNK,wald_stat,Reactome_2022
"Interleukin-3, Interleukin-5 And GM-CSF Signaling R-HSA-512988",0.7274007869817206,1.0,0.8782816229116945,INPPL1;CRK;STAT5A;PIK3CA;SHC1;PIK3R3;STAT5B;CLSTN1,wald_stat,Reactome_2022
RUNX1 Interacts With Co-Factors Whose Precise Effect On RUNX1 Targets Is Not Known R-HSA-8939243,0.7272091773553135,1.0,0.8751515151515151,RUNX1;HIPK2;SMARCC2;SMARCA2,wald_stat,Reactome_2022
Mitochondrial Translation R-HSA-5368287,0.7269266270818506,0.999192377695475,0.9184782608695652,MRPL15;MRPL49;MRPL40;MRPL30;MTFMT;MRPS6;MRPL36;GFM1;MRPL32;MRPL4;MRPL38;MRPS25;MRRF;MRPS16;CHCHD1;MRPL57;MRPL20;MRPL19;MRPL17;MRPL37;MRPL51;MRPL34;MRPS18A;MRPS22;MRPS7;MRPL45;MRPS34;MRPL23;MTIF2;MRPS33;MRPS10;MRPS18B;MRPS24;MRPS35,wald_stat,Reactome_2022
Transcriptional Activity Of SMAD2/SMAD3:SMAD4 Heterotrimer R-HSA-2173793,0.7253668849479277,0.9992615800092884,0.8909512761020881,SMURF2;SMAD4;RNF111;MEN1;PPM1A;STAT1;NCOR1;UBA52;UBC;CCNK;E2F4;RBL1;YBX1;SMAD2;MAPK3;CCNC,wald_stat,Reactome_2022
SUMOylation Of DNA Replication Proteins R-HSA-4615885,0.72450204923038,0.9986500583085879,0.8841607565011821,RANGAP1;POM121C;NUP37;NUP88;NUP188;NUP58;NUP214,wald_stat,Reactome_2022
Unfolded Protein Response (UPR) R-HSA-381119,0.7224272152087995,0.9993949125075121,0.9054347826086957,EXTL3;SEC31A;MBTPS1;ATF6;PARN;KLHDC3;PREB;SYVN1;SHC1;ATP6V0D1;ACD;YIF1A;NFYC;CREB3L2;GSK3A;KHSRP;EIF2AK3;TATDN2;GOSR2;DCTN1;CEBPB;EXOSC6;EXOSC8,wald_stat,Reactome_2022
COPI-dependent Golgi-to-ER Retrograde Traffic R-HSA-6811434,0.7222829962603088,0.9979197882363721,0.8924122310305775,KIF21B;NBAS;KIF3A;COPZ2;COPA;PTGES2;KIF3B;KDELR1,wald_stat,Reactome_2022
MyD88 Dependent Cascade Initiated On Endosome R-HSA-975155,0.7202833752669145,0.9969640642043474,0.9098712446351931,LRRC14;MAPK9;TRAF6;MAPK14;PPP2R5D;UBE2V1;NKIRAS2;MAP2K4;TP53;IRAK4;CUL1;TNIP2;IKBKB;UBA52;MAP2K6;UBC;MEF2A;IKBIP;MAP2K7;IRF7;MAPK7;TANK;JUN;MAPK3;NLRC5;MAPK8;N4BP1;TAB3;PELI2;PPP2R1A;NDUFA2;ECSIT;MAP3K7;VRK3;CREB1;NOD1;USP14;MAPKAPK2,wald_stat,Reactome_2022
Toll Like Receptor 7/8 (TLR7/8) Cascade R-HSA-168181,0.7202833752669145,0.9969640642043474,0.9098712446351931,LRRC14;MAPK9;TRAF6;MAPK14;PPP2R5D;UBE2V1;NKIRAS2;MAP2K4;TP53;IRAK4;CUL1;TNIP2;IKBKB;UBA52;MAP2K6;UBC;MEF2A;IKBIP;MAP2K7;IRF7;MAPK7;TANK;JUN;MAPK3;NLRC5;MAPK8;N4BP1;TAB3;PELI2;PPP2R1A;NDUFA2;ECSIT;MAP3K7;VRK3;CREB1;NOD1;USP14;MAPKAPK2,wald_stat,Reactome_2022
ADORA2B Mediated Anti-Inflammatory Cytokine Production R-HSA-9660821,-0.7187272941166442,0.9468401571609235,0.9329268292682927,GNAI3;GNAS;GNGT2;GNB1;RAMP1;VIPR2;PRKCA;PRKAR2B;ADCY9;PTRH2,wald_stat,Reactome_2022
"Cell Cycle, Mitotic R-HSA-69278",0.7185299846724328,0.997396971602217,0.9899699097291875,LIN37;PSMD4;PSMA6;PPME1;PSME3;NEK9;RFC2;PSMB10;BLZF1;CEP164;PHLDA1;TAOK1;RANGAP1;PPP2R5D;ODF2;KANSL1;ANAPC10;CDK4;TUBGCP6;H2BC15;POM121C;CDKN2A;PPP2R5C;CEP63;MIS12;CCND2;NUP37;ENSA;CEP290;PPP2R5E;PPP1R12B;CDC16;PPP2R5A;CENPL;CDKN1B;RFC4;MCM5;PSMA7;NUP88;PSMD11;ANAPC7;CCNH;PCNT;TP53;PSMD5;PSMB2;NDE1;HAUS4;PSMD13;NUP188;NUP58;CEP135;UBE2E1;NCAPD3;PSMB9;CCND3;CUL1;NUP214;CLIP1;HAUS6;RBX1;TUBGCP2;UBA52;PSMB8;NCAPH2;PPP2R2A;CHMP6;TUBGCP4;GSK3B;DCTN2;CSNK2A2;DHFR;UBC;CDK7;PSMC3;KIF2A;LIN54;PSMC5;RCC2,wald_stat,Reactome_2022
Factors Involved In Megakaryocyte Development And Platelet Production R-HSA-983231,0.716231367966279,0.9983149951860975,0.9145021645021645,EHD1;KIF21B;MFN1;RAD51C;AKAP10;KIF3A;CAPZB;KIF3B;MFN2;TP53;KDM1A;PHF21A;VPS45;KIF2A;DOCK8;ITPK1;IRF2;DOCK11;PRKACB;RBSN;DOCK5;KIF13B,wald_stat,Reactome_2022
GPVI-mediated Activation Cascade R-HSA-114604,-0.716225450359464,0.944755215358822,0.9362745098039216,CDC42;PIK3R1,wald_stat,Reactome_2022
TRAF6 Mediated Induction Of NFkB And MAP Kinases Upon TLR7/8 Or 9 Activation R-HSA-975138,0.7145347355303481,0.9986065645668575,0.9137001078748651,LRRC14;MAPK9;TRAF6;MAPK14;PPP2R5D;UBE2V1;NKIRAS2;MAP2K4;TP53;IRAK4;CUL1;TNIP2;IKBKB;UBA52;MAP2K6,wald_stat,Reactome_2022
RHOBTB GTPase Cycle R-HSA-9706574,0.7136982554041641,0.997915715077059,0.8769601930036188,MYO6;DBN1;STK38;CCT7;ROCK1;MSI2,wald_stat,Reactome_2022
Pausing And Recovery Of Tat-mediated HIV Elongation R-HSA-167238,0.7133649927617908,0.996661999102922,0.8667481662591687,GTF2F2;SUPT4H1;NELFA;CTDP1;POLR2D;POLR2C,wald_stat,Reactome_2022
Response Of EIF2AK4 (GCN2) To Amino Acid Deficiency R-HSA-9633012,-0.7124818875897989,0.9433485243272093,0.8771929824561403,RSL24D1;ATF4,wald_stat,Reactome_2022
Asparagine N-linked Glycosylation R-HSA-446203,0.7089416390335166,0.9996805260544104,0.9706477732793523,ALG6;SEC23IP;CTSC;COG4;MAN1B1;SPTAN1;ALG3;COG1;SEC31A;DHDDS;COPZ2;ST3GAL2;TRAPPC6B;RPN1;SEC16A;CMAS;COPA;COG5;PREB;MAN1A1;PTGES2;SYVN1;CAPZB;SLC17A5;AMDHD2;KDELR1;RAD23B;ALG12;ST3GAL5;GMPPA;GANAB;PMM1;MCFD2;COG2;TRAPPC1;SRD5A3;ST3GAL4;COPB2;PPP6R1;UBA52;FUCA1;ST6GAL1;B4GALT3;GMPPB;DCTN2;UBC;VCP,wald_stat,Reactome_2022
Signaling By FGFR2 In Disease R-HSA-5655253,0.7074251771100315,0.9997087085763282,0.8655256723716381,GTF2F2;PIK3CA;PLCG1;NCBP2;POLR2D;POLR2C,wald_stat,Reactome_2022
Anchoring Of Basal Body To Plasma Membrane R-HSA-5620912,0.7065609212435876,0.9989802576721348,0.9368983957219251,C2CD3;CEP164;TMEM216;ODF2;CEP63;CEP290;PCNT;NDE1;HAUS4;CEP135;HAUS6;TTBK2;DCTN2;MARK4;RAB11A;CEP162;TUBA1A;DYNC1H1;DCTN1;CEP57;PAFAH1B1,wald_stat,Reactome_2022
Telomere C-strand (Lagging Strand) Synthesis R-HSA-174417,0.7064189345908157,0.9975059967697316,0.8869987849331713,RFC2;RFC4;CTC1;ACD;TINF2;TERF2,wald_stat,Reactome_2022
Sulfur Amino Acid Metabolism R-HSA-1614635,0.7045750935995208,0.9978500718188613,0.8658854166666666,TXN2;ADI1;MTR,wald_stat,Reactome_2022
EPHB-mediated Forward Signaling R-HSA-3928662,0.704055424424861,0.9967373216920488,0.859493670886076,ARPC3;ACTR3;ROCK1;ARPC2;RHOA;VPS72;ACTR2;ACTG1,wald_stat,Reactome_2022
CDC42 GTPase Cycle R-HSA-9013148,0.7026643432840423,0.9965184584265009,0.9404255319148936,ARHGEF7;ARHGAP30;ARHGAP10;SHKBP1;PLEKHG3;ARHGAP17;FNBP1;STOM;SCRIB;REPS1;WIPF2;ARHGAP35;ABR;DOCK8;WDR81;IQGAP2;ARFGAP2;GIT2;ARHGAP1;SRGAP2;DOCK11;TMPO;OPHN1;MAP3K11;ARHGEF19;GMIP,wald_stat,Reactome_2022
RAC2 GTPase Cycle R-HSA-9013404,0.7017622671236592,0.9958194533795031,0.9299221357063404,VAPB;NCKAP1L;PIK3CA;ARHGAP17;CYBA;PIK3R3;WASF2;ITGB1;SAMM50;ARHGAP35;ABR;ABI1;GIT2;ARHGAP1;ABI2;TMPO;OPHN1;RAC2;PIK3R2;ESYT1;IQGAP1,wald_stat,Reactome_2022
Post-translational Protein Phosphorylation R-HSA-8957275,0.7010424525355252,0.9950115593569465,0.8943089430894309,PRSS23;GOLM1;MBTPS1;MEN1;PNPLA2;RCN1;ADAM10;DMTF1;IGFBP7;CST3;APOL1;LMNB2,wald_stat,Reactome_2022
Mitochondrial Translation Initiation R-HSA-5368286,0.7007361772603049,0.9937326122990772,0.9398249452954048,MRPL15;MRPL49;MRPL40;MRPL30;MTFMT;MRPS6;MRPL36;MRPL32;MRPL4;MRPL38;MRPS25;MRPS16;CHCHD1;MRPL57;MRPL20;MRPL19;MRPL17;MRPL37;MRPL51;MRPL34;MRPS18A;MRPS22;MRPS7;MRPL45;MRPS34;MRPL23;MTIF2;MRPS33;MRPS10;MRPS18B;MRPS24;MRPS35,wald_stat,Reactome_2022
Stimuli-sensing Channels R-HSA-2672351,0.7007047362030301,0.9921978598538802,0.887409200968523,STOM;WNK1;CLCN7;UBA52;TSC22D3;UBC;MCOLN2;ANO6;SRI;TRPV2;SGK3;ANO10,wald_stat,Reactome_2022
Resolution Of Sister Chromatid Cohesion R-HSA-2500257,0.6985900251625775,0.9926486103133931,0.9414951245937161,TAOK1;RANGAP1;PPP2R5D;KANSL1;PPP2R5C;MIS12;NUP37;PPP2R5E;PPP2R5A;CENPL,wald_stat,Reactome_2022
RUNX2 Regulates Bone Development R-HSA-8941326,-0.6959858771514625,0.9523720626155564,0.8502024291497976,RUNX2;GATD3,wald_stat,Reactome_2022
APC-Cdc20 Mediated Degradation Of Nek2A R-HSA-179409,0.6950009773853169,0.9946267137551513,0.8677379480840544,ANAPC10;CDC16;ANAPC7;UBE2E1;UBA52;UBC;ANAPC1;ANAPC2;CDC23;ANAPC5;UBE2D1,wald_stat,Reactome_2022
Deadenylation-dependent mRNA Decay R-HSA-429914,0.6941410219642078,0.9938793775761774,0.9281705948372615,PATL1;DCP1B;CNOT3;CNOT8;CNOT7;PARN;EIF4B;TUT7;CNOT6;DCP1A;CNOT6L;SKIC2;LSM3;EXOSC6;EXOSC8;EDC3,wald_stat,Reactome_2022
Interleukin-17 Signaling R-HSA-448424,0.6934541196599675,0.9929439043296103,0.9051428571428571,MAPK9;TRAF6;MAPK14;PPP2R5D;UBE2V1;MAP2K4;CUL1;TNIP2;IKBKB;UBA52;MAP2K6;UBC;MEF2A,wald_stat,Reactome_2022
Vpr-mediated Nuclear Import Of PICs R-HSA-180910,0.6928787897370432,0.9919719296858616,0.8917345750873108,POM121C;NUP37;NUP88;NUP188;NUP58;NUP214,wald_stat,Reactome_2022
Activation Of NMDA Receptors And Postsynaptic Events R-HSA-442755,0.6892078876767155,0.9938739510365227,0.907673860911271,ARHGEF7;PRKAB2,wald_stat,Reactome_2022
Signaling By FGFR2 IIIa TM R-HSA-8851708,0.6871683927856962,0.9941015430512825,0.8738127544097694,GTF2F2;NCBP2;POLR2D;POLR2C,wald_stat,Reactome_2022
NOTCH3 Activation And Transmission Of Signal To Nucleus R-HSA-9013507,0.6859694973680714,0.9936202983736451,0.8756476683937824,PSEN1;UBA52;UBC;PSENEN;ADAM10;YBX1;WWP2,wald_stat,Reactome_2022
Constitutive Signaling By NOTCH1 HD+PEST Domain Mutants R-HSA-2894862,0.6851076507131412,0.9928157530187657,0.9286536248561565,MAML1;PSEN1;HDAC6;HDAC5;CUL1;NCOR1;RBX1;UBA52;UBC;HDAC4;PSENEN;ADAM10;ADAM17;HDAC8,wald_stat,Reactome_2022
Nuclear Signaling By ERBB4 R-HSA-1251985,0.6822074376481504,0.9937917772515228,0.8842652795838751,PSEN1;STAT5A;NRG2;NCOR1;PSENEN;ADAM17,wald_stat,Reactome_2022
NCAM Signaling For Neurite Out-Growth R-HSA-375165,0.6817488530041124,0.9926405592704718,0.9016602809706258,SPTAN1;PTPRA;ST8SIA4;FGFR1;MAPK3;SPTBN2;GRB2;CREB1;PRNP;FYN,wald_stat,Reactome_2022
G1/S-Specific Transcription R-HSA-69205,0.6807929468034976,0.991895645564409,0.8877419354838709,LIN37;DHFR;LIN54;E2F4;RBL1;RBBP4,wald_stat,Reactome_2022
FGFR2 Mutant Receptor Activation R-HSA-1839126,0.6790145630866898,0.9918167087159335,0.8695652173913043,GTF2F2;NCBP2;POLR2D;POLR2C,wald_stat,Reactome_2022
Glucagon Signaling In Metabolic Regulation R-HSA-163359,0.675588442940015,0.9931216204051679,0.8741633199464525,GNG5;GNG10;GNB2;GNG2;PRKACB,wald_stat,Reactome_2022
Recognition Of DNA Damage By PCNA-containing Replication Complex R-HSA-110314,0.6742916205174363,0.9926998240371446,0.9024390243902439,RFC2;RFC4;RBX1;UBA52;UBC,wald_stat,Reactome_2022
Influenza Infection R-HSA-168255,0.6736295527824281,0.9917281595677673,0.9455337690631809,GTF2F2;GNL3;BLOC1S6;POM121C;NUP37;CLTC;NUP88;NUP188;NUP58;HSPA1A;NUP214;POLR2D;UBA52;POLR2C,wald_stat,Reactome_2022
Interconversion Of Nucleotide Di- And Triphosphates R-HSA-499943,0.673366617182123,0.9904304116246043,0.908641975308642,NME4;AK2;TXN2;CMPK1;AK5;NME2;AK1,wald_stat,Reactome_2022
Drug ADME R-HSA-9748784,0.6719635066624564,0.989991251173017,0.9088699878493317,BSG;CES2;CES1;ABCC5;CNDP2;NME2;ACY1;GUK1;ABCC1;TPMT,wald_stat,Reactome_2022
Transcriptional Regulation By E2F6 R-HSA-8953750,0.6694527812165246,0.990442549296375,0.9146634615384616,EHMT2;L3MBTL2;UXT;CBX3;RING1,wald_stat,Reactome_2022
Impaired BRCA2 Binding To PALB2 R-HSA-9709603,0.6663319664804224,0.9912420484123554,0.8792207792207792,RAD51C;RAD50;KAT5;WRN;BRCA2;TOP3A;ATM;RMI1,wald_stat,Reactome_2022
COPI-mediated Anterograde Transport R-HSA-6807878,0.6617395783379915,0.9932016838220861,0.9537953795379538,COG4;SPTAN1;COG1;COPZ2;COPA;COG5;PTGES2;CAPZB;KDELR1;COG2;COPB2;DCTN2;ARFGAP2;COPG1;DYNC1H1;GOSR2;COG3;COG7;GOLGB1;DCTN1;GOSR1;YKT6;COPB1;ARF3;USO1;SPTBN2;COG6;BET1;DYNC1LI2;ARFGAP1;TMEM115,wald_stat,Reactome_2022
"BMAL1:CLOCK,NPAS2 Activates Circadian Gene Expression R-HSA-1368108",0.661613082120581,0.9917853933357713,0.9145860709592641,HELZ2;NCOA6;MBD4,wald_stat,Reactome_2022
M Phase R-HSA-68886,0.6612004085354872,0.9905625025605856,0.9969879518072289,PSMD4;PSMA6;PSME3;NEK9;PSMB10;BLZF1;CEP164;TAOK1;RANGAP1;PPP2R5D;ODF2;KANSL1;ANAPC10;TUBGCP6;H2BC15;POM121C;PPP2R5C;CEP63;MIS12;NUP37;ENSA;CEP290;PPP2R5E;CDC16;PPP2R5A;CENPL;PSMA7;NUP88;PSMD11;ANAPC7;PCNT;PSMD5;PSMB2;NDE1;HAUS4;PSMD13;NUP188;NUP58;CEP135;UBE2E1;NCAPD3;PSMB9;NUP214;CLIP1;HAUS6;TUBGCP2;UBA52;PSMB8;NCAPH2;PPP2R2A;CHMP6;TUBGCP4;DCTN2;CSNK2A2;UBC;PSMC3;KIF2A;PSMC5;RCC2;CNEP1R1,wald_stat,Reactome_2022
"Tristetraprolin (TTP, ZFP36) Binds And Destabilizes mRNA R-HSA-450513",0.6608359449780925,0.989303681859997,0.9182389937106918,YWHAB,wald_stat,Reactome_2022
KSRP (KHSRP) Binds And Destabilizes mRNA R-HSA-450604,0.6593086831836492,0.9888654716018178,0.9035667107001321,MAPK14;PARN;KHSRP;EXOSC6;EXOSC8;EXOSC1;EXOSC9,wald_stat,Reactome_2022
Cellular Response To Heat Stress R-HSA-3371556,0.6580660901917371,0.9881394826540352,0.958109559613319,POM121C;HDAC6;HIKESHI;NUP37;HSPA8;NUP88;NUP188;NUP58;HSPA1A;NUP214;SIRT1;HSPA4;FKBP4;RPTOR;GSK3B;VCP,wald_stat,Reactome_2022
SUMOylation Of SUMOylation Proteins R-HSA-4085377,0.6565081361832208,0.9878378223010066,0.9307511737089202,POM121C;NUP37;NUP88;NUP188;NUP58;NUP214,wald_stat,Reactome_2022
Regulation Of HSF1-mediated Heat Shock Response R-HSA-3371453,0.6548901330982181,0.9874527834357205,0.9592959295929593,POM121C;HIKESHI;NUP37;HSPA8;NUP88;NUP188;NUP58;HSPA1A;NUP214;SIRT1;HSPA4;FKBP4;GSK3B,wald_stat,Reactome_2022
Activation Of HOX Genes During Differentiation R-HSA-5619507,0.6522741443538511,0.9877639737614452,0.956953642384106,PIAS2;WDR5;ASH2L;H2BC15;NCOA6;PAGR1;HOXB4;NCOR1;POLR2D;NCOA3;KMT2D;POLR2C;ZNF335;CNOT6;HOXB2;RARG;CTCF;RBBP4;H2BC21;YY1;JUN,wald_stat,Reactome_2022
Resolution Of D-loop Structures Thru Holliday Junction Intermediates R-HSA-5693568,0.6520009314890243,0.9864761061275159,0.9081885856079405,RAD51C;SPIDR;RAD50;KAT5;MUS81;GEN1;WRN;BRCA2;TOP3A;ATM;RMI1,wald_stat,Reactome_2022
Nucleotide Salvage R-HSA-8956321,-0.6499942584246431,0.9772940845502224,0.9223744292237442,APRT;SCO2;DCK;ADA;UPP1;HPRT1;DGUOK;AMPD2;ADAL;PUDP;TK1;UCK2;TK2;UCKL1;ADK;UCK1;GMPR2,wald_stat,Reactome_2022
RAB Geranylgeranylation R-HSA-8873719,0.6487421917573264,0.9871830348230132,0.9417249417249417,RAB35;RAB10;PTP4A2;RAB5B;RAB6A;RAB22A;RAB33A;RAB11A;RAB29;RAB9A,wald_stat,Reactome_2022
Ca2+ Pathway R-HSA-4086398,0.6470274513214112,0.9868391504541656,0.9553466509988249,MOV10;PPP3CB;GNG5;PLCB2;GNG10;GNB2;AGO4;PDE6B;GNG2;AGO1,wald_stat,Reactome_2022
Interactions Of Vpr With Host Cellular Proteins R-HSA-176033,0.6469173240922202,0.9854195221308597,0.9443155452436195,POM121C;NUP37;NUP88;NUP188;NUP58;NUP214,wald_stat,Reactome_2022
Nuclear Import Of Rev Protein R-HSA-180746,0.6442289592438678,0.9856384663639323,0.9395017793594306,POM121C;NUP37;NUP88;NUP188;NUP58;NUP214,wald_stat,Reactome_2022
Phosphorylation Of CD3 And TCR Zeta Chains R-HSA-202427,0.6381504430113204,0.987950026191272,0.9226594301221167,CD247,wald_stat,Reactome_2022
HSP90 Chaperone Cycle For Steroid Hormone Receptors (SHR) In Presence Of Ligand R-HSA-3371497,0.6359308812366695,0.9878206357815527,0.9293413173652695,FKBP5;HSPA8;CAPZB;HSPA1A;FKBP4;DCTN2;DYNC1H1;STIP1;DCTN1,wald_stat,Reactome_2022
G-protein Mediated Events R-HSA-112040,0.635510433993224,0.9865998493677891,0.941034897713598,GNAL;AHCYL1;PLCB2,wald_stat,Reactome_2022
Cytoprotection By HMOX1 R-HSA-9707564,0.635268249252431,0.9852581677446997,0.9545970488081725,STAT3;CYCS;HELZ2;NCOA6;MBD4;LRPPRC;NCOR1;COX4I1,wald_stat,Reactome_2022
G Alpha (Z) Signaling Events R-HSA-418597,0.6317896738009846,0.9857204332353999,0.9332509270704573,GNG5;GNG10;GNB2;GNAI2;GNG2;PRKCQ;PRKCH;PRKCB;RGS17;GNB5,wald_stat,Reactome_2022
EPH-ephrin Mediated Repulsion Of Cells R-HSA-3928665,0.6263382523721155,0.9873790401687634,0.9359296482412061,PSEN1;CLTC;AP2A2;AP2A1;PSENEN;ADAM10;AP2S1;EFNA4;NCSTN;AP2M1;PSEN2;FYN;APH1B,wald_stat,Reactome_2022
Insulin Receptor Signaling Cascade R-HSA-74751,0.6239809454198324,0.987210133733985,0.941320293398533,PIK3C3;PIK3CA;PDE3B;SHC1,wald_stat,Reactome_2022
Notch-HLH Transcription Pathway R-HSA-350054,0.621394675583283,0.9871375820391609,0.9501278772378516,MAML1;HDAC6;HDAC5;NCOR1,wald_stat,Reactome_2022
Resolution Of AP Sites Via Multiple-Nucleotide Patch Replacement Pathway R-HSA-110373,0.6108202446344015,0.9909614249515982,0.9557522123893806,RFC2;RFC4;LRIG1;FEN1;POLG2;POLE4;POLE3;POLD4;POLD2;PARG;POLR1A;ADPRS,wald_stat,Reactome_2022
Antigen Activates B Cell Receptor Leading To Second Messenger Generation R-HSA-983695,0.6075496049691109,0.9910162556280727,0.9563046192259675,AHCYL1;STIM1;ORAI1;CLSTN1;ORAI2;PIK3AP1,wald_stat,Reactome_2022
Cell-Cell Communication R-HSA-1500931,0.6069258440305976,0.9898436390279798,0.9734104046242774,F11R;SPTAN1;PIK3CA;FLNA;CADM1;ITGB1;VASP,wald_stat,Reactome_2022
Apoptotic Factor-Mediated Response R-HSA-111471,0.6067992975955993,0.9884362795318078,0.9351851851851852,CYCS;CDKN2A,wald_stat,Reactome_2022
Activation Of Pre-Replicative Complex R-HSA-68962,-0.6062066769390676,0.9900394949369108,0.9834254143646409,DBF4,wald_stat,Reactome_2022
"Gamma Carboxylation, Hypusine Formation And Arylsulfatase Activation R-HSA-163841",0.6018825765706081,0.9891236055204629,0.9578313253012049,FN3KRP;TPST2;SUMF1;ICMT;ARSG;DPH1;DOHH;DPH2;DNAJC24;DHPS;DPH6;EIF5A2;SUMF2;DPH3;ARSB,wald_stat,Reactome_2022
Processive Synthesis On C-strand Of Telomere R-HSA-174414,-0.5977481196111295,0.9878683978322074,0.9761904761904762,TERF1;TERF2IP;BLM,wald_stat,Reactome_2022
Resolution Of D-loop Structures Thru Synthesis-Dependent Strand Annealing (SDSA) R-HSA-5693554,-0.5927681920300636,0.9845244105812334,0.981042654028436,RTEL1;BLM;SEM1;PALB2,wald_stat,Reactome_2022
HCMV Early Events R-HSA-9609690,0.5920586837486184,0.99169578490884,0.9879649890590809,H2BC15;POM121C;TXN2;NUP37;NUP88;NUP188;NUP58;ITGB1;NUP214;NCOR1;DYNC1H1;CBX1;H2AC11;RBBP4;H2BC21;NUP160;DAXX;RRM1;GPS2;NUP153;RANBP2;EED;H2AC25;NUP210;H2BC9;DYNC1LI2;NUP54;H2AC4;CREB1,wald_stat,Reactome_2022
Heme Signaling R-HSA-9707616,0.5260117718895486,1.0,0.9925742574257426,HELZ2;NCOA6;MBD4;NCOR1;SIRT1;CRTC3;CRTC2,wald_stat,Reactome_2022
Removal Of Flap Intermediate From C-strand R-HSA-174437,0.5146733288211117,1.0,0.9857328145265889,ACD;TINF2;TERF2,wald_stat,Reactome_2022
ATF4 Activates Genes In Response To Endoplasmic Reticulum Stress R-HSA-380994,0.5139899914064323,1.0,0.9874529485570891,ATF6;PARN;NFYC;KHSRP;CEBPB;EXOSC6;EXOSC8;EXOSC1;EXOSC9,wald_stat,Reactome_2022
Defective HDR Thru Homologous Recombination (HRR) Due To BRCA1 Loss-Of-Function R-HSA-9701192,0.5136361650083459,1.0,0.9756722151088348,RAD51C;RAD50;KAT5;WRN;BRCA2;TOP3A;ATM;RMI1,wald_stat,Reactome_2022
Non-integrin membrane-ECM Interactions R-HSA-3000171,0.5006179021818798,1.0,0.9842931937172775,ITGB1;THBS1;LMNB2;ITGAV,wald_stat,Reactome_2022
Heparan Sulfate/Heparin (HS-GAG) Metabolism R-HSA-1638091,0.4968844464105015,1.0,0.9924337957124842,B3GAT1;HS2ST1;XYLT2;HS3ST3B1,wald_stat,Reactome_2022
Metabolism Of Nucleotides R-HSA-15869,0.49157731781513986,1.0,0.9989177489177489,NME4;NUDT5;AK2;ADSL;TXN2,wald_stat,Reactome_2022
Post-translational Modification: Synthesis Of GPI-anchored Proteins R-HSA-163125,0.48516837386977535,1.0,0.9962825278810409,PIGF;PIGV;PIGN;DPM2;VNN2;CD52;PIGB;PIGQ;PIGC;XPNPEP2;RECK;PIGH;PIGS;PIGX,wald_stat,Reactome_2022
PERK Regulates Gene Expression R-HSA-381042,0.4721990425058143,1.0,0.998769987699877,ATF6;PARN;NFYC;KHSRP;EIF2AK3;CEBPB;EXOSC6;EXOSC8,wald_stat,Reactome_2022
HDACs Deacetylate Histones R-HSA-3214815,0.4689209169893948,1.0,1.0,MTA1;H2BC15;ARID4B;KDM1A;NCOR1;PHF21A;CHD3;REST;HDAC8;H2AC11;RBBP4;H2BC21;GPS2,wald_stat,Reactome_2022
Resolution Of D-Loop Structures R-HSA-5693537,0.45333866497338265,0.9997244653833006,0.9938800489596084,RAD51C;SPIDR;RAD50;KAT5;MUS81;GEN1;WRN;BRCA2;TOP3A;ATM;RMI1,wald_stat,Reactome_2022
DAG And IP3 Signaling R-HSA-1489509,0.4377864138638418,0.9988279193753744,0.9987639060568603,AHCYL1;PLCG1,wald_stat,Reactome_2022
