Name,Term,ES,NES,NOM p-val,FDR q-val,FWER p-val,Tag %,Gene %,Lead_genes
prerank,Reactome_2022__RMTs Methylate Histone Arginines R-HSA-3214858,-0.7181205385724458,-2.0267970939909143,1.449275e-02,6.191717e-01,1.860000e-01,5/9,11.54%,RBBP7;H2AX;H2AZ1;SMARCE1;SMARCA2
prerank,Reactome_2022__RUNX1 Interacts With Co-Factors Whose Precise Effect On RUNX1 Targets Is Not Known R-HSA-8939243,-0.7808445925677964,-1.9256256681499826,4.048583e-03,7.809553e-01,3.910000e-01,4/6,11.54%,CSNK2B;CBX4;SMARCE1;SMARCA2
prerank,Reactome_2022__ERCC6 (CSB) And EHMT2 (G9a) Positively Regulate rRNA Expression R-HSA-427389,-0.6618676691080667,-1.916027595067551,4.366812e-03,5.605834e-01,4.150000e-01,4/9,6.94%,CHD4;RBBP7;H2AX;H2AZ1
prerank,Reactome_2022__Amino Acids Regulate mTORC1 R-HSA-9639288,-0.7316481693515883,-1.888076551039186,7.662835e-03,5.297913e-01,4.720000e-01,4/7,9.03%,LAMTOR5;ATP6V0C;LAMTOR1;TCIRG1
prerank,Reactome_2022__EPHB-mediated Forward Signaling R-HSA-3928662,-0.5554717477005979,-1.8195044110902199,1.000000e-03,6.930729e-01,6.260000e-01,9/13,16.19%,ARPC3;CDC42;PKN1;ACTG1;ARPC1B;ROCK1;ARPC2;LYN;RHOA
prerank,Reactome_2022__Transcriptional Regulation By Small RNAs R-HSA-5578749,-0.5346697220559474,-1.808956414521439,2.112676e-02,6.281597e-01,6.590000e-01,9/15,20.73%,POLR2J;POLR2K;H2AX;H2AZ1;RAN;POLR2G;POLR2E;H2AZ2;H3-3B
prerank,Reactome_2022__RNA Polymerase I Promoter Clearance R-HSA-73854,-0.49401105684516944,-1.8028455309657454,6.097561e-03,4.851011e-01,6.620000e-01,5/16,6.94%,CHD4;POLR2K;RBBP7;H2AX;H2AZ1
prerank,Reactome_2022__RNA Polymerase I Transcription R-HSA-73864,-0.49401105684516944,-1.8028455309657454,6.097561e-03,4.851011e-01,6.620000e-01,5/16,6.94%,CHD4;POLR2K;RBBP7;H2AX;H2AZ1
prerank,Reactome_2022__Sphingolipid Metabolism R-HSA-428157,-0.781353122786934,-1.778420499437756,1.369863e-02,5.033267e-01,7.170000e-01,3/5,5.93%,ESYT2;SPTSSB;GLTP
prerank,Reactome_2022__Activation Of HOX Genes During Differentiation R-HSA-5619507,-0.4889683317692192,-1.7344959396016384,1.492537e-02,5.962025e-01,8.010000e-01,6/18,6.94%,CREBBP;POLR2J;POLR2K;RBBP7;H2AX;H2AZ1
prerank,Reactome_2022__EPH-Ephrin Signaling R-HSA-2682334,-0.43327547621703927,-1.6558138593327012,2.173913e-02,8.399673e-01,9.030000e-01,12/20,16.19%,ARPC3;CDC42;PKN1;AP2M1;ACTG1;ARPC1B;ROCK1;MYL6;VAV3;ARPC2;LYN;RHOA
prerank,Reactome_2022__CDC42 GTPase Cycle R-HSA-9013148,0.5320390915942621,1.6101856026573993,8.752735e-03,1.000000e+00,9.100000e-01,15/34,20.35%,CDC42SE2;TAGAP;ARHGAP45;KTN1;FNBP1;LBR;STOM;DEF6;ARHGAP30;IQGAP2;FMNL1;WIPF1;ARFGAP3;GNA13;DOCK10
prerank,Reactome_2022__Diseases Of Mitotic Cell Cycle R-HSA-9675126,0.7141433922384888,1.6049272848355254,1.562500e-02,1.000000e+00,9.180000e-01,5/9,16.77%,ATRX;CDKN1B;CCND2;CCND3;ANAPC16
prerank,Reactome_2022__MicroRNA (miRNA) Biogenesis R-HSA-203927,-0.5885042180847171,-1.6042304204521878,3.913043e-02,9.968332e-01,9.510000e-01,5/8,17.68%,POLR2J;POLR2K;RAN;POLR2G;POLR2E
prerank,Reactome_2022__Unattached Kinetochores Signal Amplification Via A MAD2 Inhibitory Signal R-HSA-141444,0.6393031975766122,1.5923356248935323,7.281553e-03,1.000000e+00,9.430000e-01,6/13,9.56%,KIF2A;DYNC1H1;PPP2R1A;BUB3;PPP1CC;PPP2R5C
prerank,Reactome_2022__Resolution Of Sister Chromatid Cohesion R-HSA-2500257,0.6189445959466598,1.592153759060655,1.199041e-02,1.000000e+00,9.430000e-01,6/15,9.56%,KIF2A;DYNC1H1;PPP2R1A;BUB3;PPP1CC;PPP2R5C
prerank,Reactome_2022__Translocation Of SLC2A4 (GLUT4) To Plasma Membrane R-HSA-1445148,0.6759191294420475,1.5845470328389402,1.673102e-02,1.000000e+00,9.570000e-01,6/10,17.63%,RAB14;VAMP2;LNPEP;MYH9;YWHAZ;KIFAP3
prerank,Reactome_2022__Regulation Of PTEN Gene Transcription R-HSA-8943724,-0.46483376204306237,-1.57414269026258,3.296703e-02,1.000000e+00,9.630000e-01,6/13,8.81%,CHD4;LAMTOR5;RBBP7;CBX4;LAMTOR1;MAF1
prerank,Reactome_2022__Mitotic Prometaphase R-HSA-68877,0.5175602850255124,1.5469816135689438,1.117318e-02,1.000000e+00,9.830000e-01,10/31,9.56%,KIF2A;TUBA1A;DYNC1H1;SSNA1;PPP2R1A;AKAP9;BUB3;CEP78;PPP1CC;PPP2R5C
prerank,Reactome_2022__CTLA4 Inhibitory Signaling R-HSA-389513,0.7600586617651842,1.5449917991848576,1.973684e-02,1.000000e+00,9.850000e-01,4/6,14.10%,FYN;PPP2R1A;PPP2R5C;LCK
prerank,Reactome_2022__Intrinsic Pathway For Apoptosis R-HSA-109606,0.612365609424899,1.5449059219050227,2.073171e-02,1.000000e+00,9.850000e-01,6/14,17.52%,CYCS;PPP3CC;MAPK1;GZMB;YWHAZ;CASP8
prerank,Reactome_2022__mRNA Splicing - Minor Pathway R-HSA-72165,-0.3707573308418553,-1.5353626376572422,1.020408e-02,1.000000e+00,9.770000e-01,6/25,5.56%,SNRPF;POLR2J;POLR2K;SF3B5;SNRPE;SF3B6
prerank,Reactome_2022__Mitotic Spindle Checkpoint R-HSA-69618,0.5824175147776334,1.5295882270270162,1.882353e-02,1.000000e+00,9.940000e-01,8/17,20.14%,KIF2A;DYNC1H1;PPP2R1A;BUB3;PPP1CC;PPP2R5C;ANAPC16;NUDC
prerank,Reactome_2022__AURKA Activation By TPX2 R-HSA-8854518,0.5732442668848252,1.5281899120342592,2.130326e-02,9.126320e-01,9.940000e-01,6/17,8.92%,TUBA1A;DYNC1H1;SSNA1;PPP2R1A;AKAP9;CEP78
prerank,Reactome_2022__Loss Of Nlp From Mitotic Centrosomes R-HSA-380259,0.5732442668848252,1.5281899120342592,2.130326e-02,9.126320e-01,9.940000e-01,6/17,8.92%,TUBA1A;DYNC1H1;SSNA1;PPP2R1A;AKAP9;CEP78
prerank,Reactome_2022__Diseases Associated With TLR Signaling Cascade R-HSA-5602358,-0.6521919695308926,-1.5257474372643323,6.859206e-02,1.000000e+00,9.820000e-01,2/5,4.86%,NFKBIA;HMGB1
prerank,Reactome_2022__TRAF6 Mediated NF-kB Activation R-HSA-933542,-0.5534475715851608,-1.5254374489111029,5.263158e-02,1.000000e+00,9.820000e-01,2/7,4.86%,NFKBIA;HMGB1
prerank,Reactome_2022__Recruitment Of NuMA To Mitotic Centrosomes R-HSA-380320,0.5530971318050116,1.5245437938667834,2.870813e-02,8.713040e-01,9.950000e-01,6/19,8.92%,TUBA1A;DYNC1H1;SSNA1;PPP2R1A;AKAP9;CEP78
prerank,Reactome_2022__Transcriptional Regulation By MECP2 R-HSA-8986944,0.645366414233073,1.5127923911169392,3.156566e-02,9.108858e-01,9.980000e-01,7/10,29.81%,PTPN4;TNRC6B;SLC2A3;LBR;PTPN1;GPS2;CALM1
prerank,custom_senescence_signatures.gmt__REACTOME_SASP,0.7820032137118371,1.5127773009563,1.955307e-02,7.519975e-02,7.600000e-02,5/5,22.01%,H1-4;H1-3;CABIN1;UBN1;H1-2
prerank,Reactome_2022__Formation Of Senescence-Associated Heterochromatin Foci (SAHF) R-HSA-2559584,0.7820032137118371,1.5127773009563,1.955307e-02,8.459340e-01,9.980000e-01,5/5,22.01%,H1-4;H1-3;CABIN1;UBN1;H1-2
prerank,Reactome_2022__Complex I Biogenesis R-HSA-6799198,-0.36669150854610366,-1.5117675300567506,3.092784e-02,1.000000e+00,9.850000e-01,9/22,23.02%,NDUFA6;NDUFS8;NDUFS6;NDUFB8;NDUFB11;NDUFA13;NDUFB9;NDUFS5;NDUFA12
prerank,Reactome_2022__Anchoring Of Basal Body To Plasma Membrane R-HSA-5620912,0.551320656689255,1.5116081122765612,2.673147e-02,7.993185e-01,9.980000e-01,6/19,8.92%,TUBA1A;DYNC1H1;SSNA1;PPP2R1A;AKAP9;CEP78
prerank,Reactome_2022__SUMOylation Of Transcription Factors R-HSA-3232118,0.7843166659136556,1.5092472194706366,1.264045e-02,7.662845e-01,9.980000e-01,1/5,5.77%,PIAS1
prerank,Reactome_2022__Estrogen-dependent Gene Expression R-HSA-9018519,-0.34470776702923206,-1.5046792810088645,2.105263e-02,1.000000e+00,9.850000e-01,15/32,20.73%,CREBBP;POLR2J;POLR2K;GTF2A2;H2AX;H2AZ1;FOS;HSP90AA1;CCNT1;POLR2G;JUND;POLR2E;CTSD;H2AZ2;H3-3B
prerank,Reactome_2022__EML4 And NUDC In Mitotic Spindle Formation R-HSA-9648025,0.594890427348441,1.5010632900099987,2.403846e-02,7.826715e-01,9.980000e-01,6/14,9.56%,KIF2A;DYNC1H1;PPP2R1A;BUB3;PPP1CC;PPP2R5C
prerank,Reactome_2022__DNA Damage/Telomere Stress Induced Senescence R-HSA-2559586,0.6108436476543546,1.4951349402460654,3.995157e-02,7.815443e-01,9.980000e-01,8/12,22.01%,CDKN1B;H1-4;H1-3;CABIN1;UBN1;ATM;TINF2;H1-2
prerank,Reactome_2022__Amyloid Fiber Formation R-HSA-977225,-0.44940951338832047,-1.4887197793716556,4.848485e-02,1.000000e+00,9.870000e-01,4/13,7.53%,UBB;H2AX;H2AZ1;FURIN
prerank,Reactome_2022__Centrosome Maturation R-HSA-380287,0.5319346884943813,1.4865253901805295,4.428904e-02,8.059582e-01,9.980000e-01,6/20,8.92%,TUBA1A;DYNC1H1;SSNA1;PPP2R1A;AKAP9;CEP78
prerank,Reactome_2022__Aberrant Regulation Of Mitotic Cell Cycle Due To RB1 Defects R-HSA-9687139,0.6688892047068667,1.4835411653662494,4.203822e-02,7.896554e-01,9.980000e-01,4/8,16.77%,CDKN1B;CCND2;CCND3;ANAPC16
prerank,Reactome_2022__RNA Polymerase I Transcription Initiation R-HSA-73762,-0.46856047842421433,-1.4734724731523885,8.808290e-02,1.000000e+00,9.920000e-01,3/11,3.95%,CHD4;POLR2K;RBBP7
prerank,Reactome_2022__Cytosolic Sensors Of Pathogen-Associated DNA R-HSA-1834949,-0.37662442482142705,-1.471297783349593,2.702703e-02,1.000000e+00,9.920000e-01,4/23,3.04%,CREBBP;NFKBIA;UBB;POLR2K
prerank,Reactome_2022__Cholesterol Biosynthesis R-HSA-191273,0.7211429969955401,1.4690953450842317,3.846154e-02,8.624138e-01,9.980000e-01,3/6,9.40%,LBR;IDI1;HMGCS1
prerank,Reactome_2022__VEGFR2 Mediated Vascular Permeability R-HSA-5218920,-0.6586375047875785,-1.4671042359359476,9.491525e-02,1.000000e+00,9.920000e-01,4/5,12.93%,PKN1;RICTOR;HSP90AA1;VAV3
prerank,Reactome_2022__PIWI-interacting RNA (piRNA) Biogenesis R-HSA-5601884,-0.5144832927057371,-1.4642606909038942,8.571429e-02,9.706146e-01,9.930000e-01,5/9,17.68%,POLR2J;POLR2K;HSP90AA1;POLR2G;POLR2E
prerank,Reactome_2022__Regulation Of PLK1 Activity At G2/M Transition R-HSA-2565942,0.5065423448025674,1.4545662264821635,4.566745e-02,9.422136e-01,1.000000e+00,7/23,8.92%,TUBA1A;DYNC1H1;SSNA1;PPP2R1A;UBA52;AKAP9;CEP78
prerank,Reactome_2022__Reproduction R-HSA-1474165,0.5528376314081513,1.4534649418019145,6.100478e-02,9.103403e-01,1.000000e+00,5/16,16.83%,SYNE1;SYNE2;SUN2;ATM;TINF2
prerank,Reactome_2022__Gene Silencing By RNA R-HSA-211000,-0.3889161226912923,-1.4527132516375518,7.438017e-02,9.765270e-01,9.940000e-01,10/19,20.73%,POLR2J;POLR2K;H2AX;H2AZ1;RAN;HSP90AA1;POLR2G;POLR2E;H2AZ2;H3-3B
prerank,Reactome_2022__NCAM Signaling For Neurite Out-Growth R-HSA-375165,0.6593482716832982,1.450605178433718,5.208333e-02,8.945514e-01,1.000000e+00,5/8,28.21%,FYN;SPTAN1;MAPK1;COL6A2;GRB2
prerank,Reactome_2022__Meiosis R-HSA-1500620,0.5591343238840897,1.449731595112052,5.854241e-02,8.656050e-01,1.000000e+00,5/15,16.83%,SYNE1;SYNE2;SUN2;ATM;TINF2
prerank,Reactome_2022__Sensory Processing Of Sound By Inner Hair Cells Of Cochlea R-HSA-9662360,0.6094813109888754,1.446424691196257,5.620915e-02,8.577032e-01,1.000000e+00,4/11,7.91%,VAMP2;RIPOR2;SPTAN1;MYH9
prerank,Reactome_2022__DARPP-32 Events R-HSA-180024,0.6431582088487892,1.4462006089488524,4.987531e-02,8.275838e-01,1.000000e+00,3/9,7.96%,PPP3CC;PPP2R1A;PPP1CA
prerank,Reactome_2022__Oncogene Induced Senescence R-HSA-2559585,0.6337331578269916,1.4436295438964037,5.989583e-02,8.156126e-01,1.000000e+00,4/9,7.37%,ETS1;TNRC6B;UBA52;MAPK1
prerank,Reactome_2022__p75NTR Signals Via NF-kB R-HSA-193639,-0.5445787142646858,-1.4372019896392965,8.045977e-02,9.641718e-01,9.970000e-01,2/7,1.92%,NFKBIA;UBB
prerank,Reactome_2022__NF-kB Is Activated And Signals Survival R-HSA-209560,-0.5445787142646858,-1.4372019896392965,8.045977e-02,9.641718e-01,9.970000e-01,2/7,1.92%,NFKBIA;UBB
prerank,Reactome_2022__Oxidative Stress Induced Senescence R-HSA-2559580,-0.3838622581774276,-1.4308413011284373,9.090909e-02,9.525776e-01,9.970000e-01,7/19,8.01%,UBB;CDKN2D;RBBP7;CBX4;H2AX;H2AZ1;FOS
prerank,Reactome_2022__Signaling By FGFR2 IIIa TM R-HSA-8851708,-0.5465077271899768,-1.4278371448239304,9.126984e-02,8.987977e-01,9.970000e-01,4/7,17.68%,POLR2J;POLR2K;POLR2G;POLR2E
prerank,Reactome_2022__FGFR2 Mutant Receptor Activation R-HSA-1839126,-0.5465077271899768,-1.4278371448239304,9.126984e-02,8.987977e-01,9.970000e-01,4/7,17.68%,POLR2J;POLR2K;POLR2G;POLR2E
prerank,Reactome_2022__Sensory Processing Of Sound R-HSA-9659379,0.5837928480300754,1.4277618704386736,5.541562e-02,9.006897e-01,1.000000e+00,4/12,7.91%,VAMP2;RIPOR2;SPTAN1;MYH9
prerank,Reactome_2022__RAB GEFs Exchange GTP For GDP On RABs R-HSA-8876198,0.5296231815679543,1.4272827908396548,5.424528e-02,8.741262e-01,1.000000e+00,8/18,21.79%,RAB14;DENND4C;HPS1;RAB27A;GDI2;DENND2D;RAB9A;TRAPPC1
prerank,Reactome_2022__TP53 Regulates Transcription Of Cell Cycle Genes R-HSA-6791312,0.5998368620715213,1.4252381081339767,7.277290e-02,8.608304e-01,1.000000e+00,8/10,34.78%,CDKN1B;RBL2;RGCC;CNOT6L;NPM1;CNOT2;BTG2;BAX
prerank,Reactome_2022__Transcriptional Regulation By VENTX R-HSA-8853884,0.643632438547665,1.4252191986010387,5.851064e-02,8.340514e-01,1.000000e+00,3/8,18.70%,TNRC6B;ANAPC16;EHMT1
prerank,Reactome_2022__Macroautophagy R-HSA-1632852,-0.3544757844144948,-1.4210850980480652,3.703704e-02,8.961346e-01,9.970000e-01,11/28,13.68%,VDAC1;CSNK2B;UBB;LAMTOR5;GABARAPL2;DYNLL1;LAMTOR1;MAP1LC3B;PARK7;HSP90AA1;PRKAG1
prerank,Reactome_2022__Sensory Processing Of Sound By Outer Hair Cells Of Cochlea R-HSA-9662361,0.6153726854708188,1.4201407025357922,6.701031e-02,8.429461e-01,1.000000e+00,3/9,7.91%,RIPOR2;SPTAN1;MYH9
prerank,Reactome_2022__Cilium Assembly R-HSA-5617833,0.4824416666782074,1.41619987356368,5.336427e-02,8.433307e-01,1.000000e+00,10/27,19.34%,TUBA1A;DYNC1H1;SSNA1;PPP2R1A;CCT2;AKAP9;CEP78;CCT3;KIFAP3;ARF4
prerank,Reactome_2022__RNA Polymerase III Chain Elongation R-HSA-73780,-0.5637727759914255,-1.4131966794315156,8.764940e-02,8.977668e-01,9.980000e-01,6/6,43.86%,POLR2K;POLR2E;POLR3GL;POLR2F;POLR2L;POLR1D
prerank,Reactome_2022__SLC-mediated Transmembrane Transport R-HSA-425407,0.5437129592749326,1.4022677392165663,7.701564e-02,9.168660e-01,1.000000e+00,9/14,29.81%,ARL2BP;SLC20A1;SLC2A3;EMB;SLC3A2;SLC39A10;SLC44A2;SLC38A1;CALM1
prerank,Reactome_2022__Carboxyterminal Post-Translational Modifications Of Tubulin R-HSA-8955332,0.7259426858994091,1.4010810921513472,5.925926e-02,9.002846e-01,1.000000e+00,2/5,3.74%,TUBA1A;AGTPBP1
prerank,Reactome_2022__Cellular Response To Starvation R-HSA-9711097,-0.4368249086568282,-1.3998337252361777,6.282723e-02,9.190830e-01,9.980000e-01,6/13,11.27%,RSL24D1;LAMTOR5;ATP6V0C;LAMTOR1;TCIRG1;ATF4
prerank,Reactome_2022__Prefoldin Mediated Transfer Of Substrate To CCT/TriC R-HSA-389957,0.5717648785096561,1.399830382963832,6.674907e-02,8.842621e-01,1.000000e+00,4/12,10.74%,TUBA1A;PFDN5;CCT2;CCT3
prerank,Reactome_2022__RHOA GTPase Cycle R-HSA-8980692,0.4693990726432894,1.3978470690136207,6.140351e-02,8.750380e-01,1.000000e+00,9/33,11.27%,TAGAP;ARHGEF3;ARHGAP45;KTN1;LBR;STOM;DEF6;ARHGEF1;ARHGAP30
prerank,Reactome_2022__KEAP1-NFE2L2 Pathway R-HSA-9755511,-0.3060456386866517,-1.3962339822726748,3.571429e-02,9.048502e-01,9.990000e-01,11/37,14.48%,PSMB1;CSNK2B;CREBBP;UBB;PSMB4;MAP1LC3B;PSMA1;ATF4;PSMD7;PSMA6;PSMA3
prerank,Reactome_2022__APC Truncation Mutants Have Impaired AXIN Binding R-HSA-5467337,0.7207593558754578,1.3905447706155234,6.478873e-02,8.372389e-01,1.000000e+00,3/5,16.08%,PPP2R1A;PPP2R5C;GSK3B
prerank,Reactome_2022__CTNNB1 S33 Mutants Not Phosphorylated R-HSA-5358747,0.7207593558754578,1.3905447706155234,6.478873e-02,8.372389e-01,1.000000e+00,3/5,16.08%,PPP2R1A;PPP2R5C;GSK3B
prerank,Reactome_2022__Beta-catenin Phosphorylation Cascade R-HSA-196299,0.7207593558754578,1.3905447706155234,6.478873e-02,8.372389e-01,1.000000e+00,3/5,16.08%,PPP2R1A;PPP2R5C;GSK3B
prerank,Reactome_2022__Disassembly Of Destruction Complex And Recruitment Of AXIN To Membrane R-HSA-4641262,0.7207593558754578,1.3905447706155234,6.478873e-02,8.372389e-01,1.000000e+00,3/5,16.08%,PPP2R1A;PPP2R5C;GSK3B
prerank,Reactome_2022__Cooperation Of Prefoldin And TriC/CCT In Actin And Tubulin Folding R-HSA-389958,0.5615246819785727,1.3883228254686717,7.134071e-02,8.314331e-01,1.000000e+00,4/13,10.74%,TUBA1A;PFDN5;CCT2;CCT3
prerank,Reactome_2022__Positive Epigenetic Regulation Of rRNA Expression R-HSA-5250913,-0.3675307637587061,-1.3875512126448917,7.692308e-02,9.097830e-01,9.990000e-01,5/19,6.94%,CHD4;POLR2K;RBBP7;H2AX;H2AZ1
prerank,Reactome_2022__Intra-Golgi And Retrograde Golgi-to-ER Traffic R-HSA-6811442,0.45204204600012843,1.380582127735997,6.209150e-02,8.623184e-01,1.000000e+00,18/32,32.91%,KIF2A;CYTH1;DYNC1H1;KDELR2;GCC2;GOLGA4;NAA38;KIFAP3;ARFGAP3;ARF4;RAB9A;KDELR1;TMED9;CAPZB;TMED2;DCTN3;TGOLN2;RAB1B
prerank,Reactome_2022__Nephrin Family Interactions R-HSA-373753,0.6791146505612473,1.3772109870674722,6.793478e-02,8.642767e-01,1.000000e+00,2/6,4.38%,FYN;SPTAN1
prerank,Reactome_2022__ALK Mutants Bind TKIs R-HSA-9700645,0.7098362905525205,1.3765315813652348,8.869814e-02,8.496442e-01,1.000000e+00,4/5,24.63%,PPM1B;BIRC6;NPM1;EML4
prerank,Reactome_2022__Oncogenic MAPK Signaling R-HSA-6802957,0.5059162124226705,1.3720989366441687,8.421053e-02,8.591439e-01,1.000000e+00,11/18,35.26%,MAPK1;AKAP9;PPP1CC;ZC3HAV1;SND1;CSK;FXR1;CALM1;TLN1;AGK;IQGAP1
prerank,Reactome_2022__Downregulation Of TGF-beta Receptor Signaling R-HSA-2173788,0.5644826185287648,1.37043327996494,1.031056e-01,8.514544e-01,1.000000e+00,7/11,25.96%,UBA52;PPP1CA;PPP1CC;UCHL5;STUB1;SMAD7;USP15
prerank,Reactome_2022__Maturation Of Nucleoprotein R-HSA-9683610,0.6987595295033829,1.3679483198695503,9.555855e-02,8.510698e-01,1.000000e+00,2/5,16.08%,PARP10;GSK3B
prerank,Reactome_2022__TBC/RABGAPs R-HSA-8854214,-0.43086457751715734,-1.3675814139989981,1.161616e-01,9.587175e-01,9.990000e-01,3/12,8.28%,RAB5C;GABARAPL2;MAP1LC3B
prerank,Reactome_2022__Meiotic Synapsis R-HSA-1221632,0.5482696400586083,1.3666659596879185,9.447853e-02,8.416957e-01,1.000000e+00,4/13,16.83%,SYNE1;SYNE2;SUN2;TINF2
prerank,Reactome_2022__Interleukin-1 Signaling R-HSA-9020702,-0.29298304497533995,-1.3662047031608622,4.878049e-02,9.372462e-01,9.990000e-01,14/39,20.09%,PSMB1;NFKBIA;MAP3K8;UBB;HMGB1;PSMB4;PSMA1;PSMD7;PSMA6;PSMA3;PSME2;S100B;PSME1;PSMB10
prerank,Reactome_2022__Late Phase Of HIV Life Cycle R-HSA-162599,-0.3210362143770895,-1.3622554590946316,5.825243e-02,9.259505e-01,9.990000e-01,11/29,18.86%,POLR2J;UBB;POLR2K;GTF2A2;RAN;FURIN;RANBP1;CCNT1;POLR2G;POLR2E;TAF15
prerank,Reactome_2022__Negative Regulation Of MAPK Pathway R-HSA-5675221,0.5483651885859393,1.3601643824109169,1.055901e-01,8.651876e-01,1.000000e+00,4/12,9.56%,PPP2R1A;UBA52;MAPK1;PPP2R5C
prerank,Reactome_2022__Cyclin D Associated Events In G1 R-HSA-69231,0.5323569501353449,1.3593647647705889,9.145608e-02,8.539066e-01,1.000000e+00,6/14,14.80%,CDKN1B;CCND2;PPP2R1A;UBA52;RBL2;CCND3
prerank,Reactome_2022__Eukaryotic Translation Elongation R-HSA-156842,0.6103003650442915,1.3565631350896892,9.461235e-02,8.554483e-01,1.000000e+00,4/8,6.62%,EEF1D;EEF1A1;FAU;UBA52
prerank,Reactome_2022__Mitochondrial Calcium Ion Transport R-HSA-8949215,-0.47277655927282186,-1.3561500964221918,1.097046e-01,9.228707e-01,9.990000e-01,2/9,1.55%,VDAC1;VDAC2
prerank,Reactome_2022__PTEN Regulation R-HSA-6807070,-0.28692918433473635,-1.3500953710649628,1.587302e-02,9.223559e-01,1.000000e+00,15/46,14.48%,PSMB1;CSNK2B;CHD4;UBB;LAMTOR5;RBBP7;CBX4;PSMB4;LAMTOR1;MAF1;MKRN1;PSMA1;PSMD7;PSMA6;PSMA3
prerank,Reactome_2022__RNA Polymerase I Promoter Escape R-HSA-73772,-0.4233142731390962,-1.3471090736589135,1.137725e-01,9.099328e-01,1.000000e+00,6/12,20.73%,POLR2K;H2AX;H2AZ1;POLR2E;H2AZ2;H3-3B
prerank,Reactome_2022__TGF-beta Receptor Signaling Activates SMADs R-HSA-2173789,0.523777503034516,1.3435431941022955,1.182147e-01,9.235356e-01,1.000000e+00,8/14,25.96%,NEDD8;UBA52;PPP1CA;PPP1CC;UCHL5;STUB1;SMAD7;USP15
prerank,Reactome_2022__Citric Acid (TCA) Cycle And Respiratory Electron Transport R-HSA-1428517,-0.2596749022616614,-1.3424331057789851,4.347826e-02,9.045461e-01,1.000000e+00,22/66,18.16%,VDAC1;NDUFA6;UQCRFS1;NDUFS8;COQ10B;COX5B;UQCRC2;NDUFS6;LDHA;COX6A1;NDUFB8;ATP5PF;ATP5F1C;NDUFB11;COX8A;BSG;COX4I1;ATP5F1D;COX6C;NDUFA13;UCP2;ATP5MF
prerank,"Reactome_2022__Formation Of Ternary Complex, And Subsequently, 43S Complex R-HSA-72695",0.5232660380086811,1.3412311808595254,1.014320e-01,9.219817e-01,1.000000e+00,10/14,35.63%,EIF3A;FAU;EIF3B;EIF3F;EIF3E;EIF3I;EIF3G;EIF3L;EIF2S3;EIF3H
prerank,Reactome_2022__DAP12 Signaling R-HSA-2424491,0.5307615372900465,1.3383415289910519,1.150652e-01,9.234933e-01,1.000000e+00,7/13,28.21%,FYN;KLRK1;LCK;HLA-E;PLCG2;KLRC2;GRB2
prerank,"Reactome_2022__Signaling By Rho GTPases, Miro GTPases And RHOBTB3 R-HSA-9716542",0.380086854831977,1.3351507035800154,1.402806e-02,9.287028e-01,1.000000e+00,48/148,23.02%,CDC42SE2;KIF2A;TAGAP;CDKN1B;ARHGAP25;ARHGEF3;DYNC1H1;ARHGAP45;SPTAN1;KDM4C;PPP2R1A;KTN1;PHIP;MAPK1;ADD3;CCT2;FNBP1;MYH9;LBR;STK38;BUB3;STOM;PPP1CC;PPP2R5C;DEF6;ARHGEF1;ARHGAP30;RAP1GDS1;ITSN2;RHOH;LCK;IQGAP2;FMNL1;YWHAZ;CYFIP2;ARHGAP15;WIPF1;ARFGAP3;GNA13;ZAP70;HMOX2;NUDC;DOCK10;RAB9A;MYL12B;ABI1;CSK;CAPZB
prerank,Reactome_2022__RAF Activation R-HSA-5673000,0.6346421116995683,1.3347685377848961,9.946237e-02,9.146684e-01,1.000000e+00,3/7,9.56%,PPP2R1A;PPP1CC;PPP2R5C
prerank,Reactome_2022__MECP2 Regulates Neuronal Receptors And Channels R-HSA-9022699,0.6863523835102152,1.3342155921641645,1.036415e-01,9.024588e-01,1.000000e+00,2/5,8.01%,PTPN4;SLC2A3
prerank,"Reactome_2022__PI5P, PP2A And IER3 Regulate PI3K/AKT Signaling R-HSA-6811558",0.5267057704718352,1.333609881183867,1.152019e-01,8.770019e-01,1.000000e+00,5/14,14.10%,FYN;PPP2R1A;MAPK1;PPP2R5C;LCK
prerank,Reactome_2022__Negative Regulation Of PI3K/AKT Network R-HSA-199418,0.5267057704718352,1.333609881183867,1.152019e-01,8.770019e-01,1.000000e+00,5/14,14.10%,FYN;PPP2R1A;MAPK1;PPP2R5C;LCK
prerank,Reactome_2022__Drug ADME R-HSA-9748784,-0.49937922856619177,-1.3300905692763072,1.493776e-01,9.251434e-01,1.000000e+00,4/7,13.46%,NME2;GSTP1;VAV3;BSG
prerank,Reactome_2022__Signaling By ROBO Receptors R-HSA-376176,-0.2742957307103319,-1.3240651306169384,7.936508e-02,9.259242e-01,1.000000e+00,19/47,20.09%,PSMB1;RSL24D1;UBB;CDC42;PKN1;RBM8A;PSMB4;PFN1;PSMA1;PSMD7;PSMA6;PSMA3;MAGOH;RHOA;EIF4G1;CXCR4;PSME2;PSME1;PSMB10
prerank,Reactome_2022__Dual Incision In TC-NER R-HSA-6782135,-0.387140150485391,-1.3218717518899317,1.292517e-01,9.132783e-01,1.000000e+00,4/15,5.02%,POLR2J;UBB;POLR2K;XPA
prerank,Reactome_2022__ER-Phagosome Pathway R-HSA-1236974,-0.28983190583724044,-1.3207335126901953,1.111111e-01,8.971110e-01,1.000000e+00,12/40,14.53%,PSMB1;UBB;HMGB1;PDIA3;SEC61G;PSMB4;PSMA1;PSMD7;PSMA6;TAPBP;PSMA3;VAMP8
prerank,Reactome_2022__Gluconeogenesis R-HSA-70263,-0.58880076418544,-1.3191600804785124,1.512027e-01,8.819941e-01,1.000000e+00,1/5,0.48%,ENO1
prerank,Reactome_2022__Signaling By BRAF And RAF1 Fusions R-HSA-6802952,0.4882213419663864,1.3157343179960606,1.260306e-01,9.745950e-01,1.000000e+00,10/17,35.26%,MAPK1;AKAP9;ZC3HAV1;SND1;CSK;FXR1;CALM1;TLN1;AGK;IQGAP1
prerank,Reactome_2022__HIV Transcription Initiation R-HSA-167161,-0.41654306964890725,-1.307772049650846,1.359223e-01,9.013475e-01,1.000000e+00,6/12,18.86%,POLR2J;POLR2K;GTF2A2;POLR2G;POLR2E;TAF15
prerank,Reactome_2022__TP53 Regulates Transcription Of Additional Cell Cycle Genes With Uncertain Roles In P53 Pathway R-HSA-6804115,0.6684520621317622,1.3065448142852563,1.274788e-01,1.000000e+00,1.000000e+00,5/5,33.33%,RGCC;CNOT6L;NPM1;CNOT2;BTG2
prerank,Reactome_2022__Cellular Senescence R-HSA-2559583,0.42749270929901295,1.305571893401444,1.070270e-01,1.000000e+00,1.000000e+00,13/39,18.70%,ETS1;CDKN1B;TNRC6B;UBA52;MAPK1;H1-4;H1-3;CABIN1;UBN1;ATM;ANAPC16;TINF2;EHMT1
prerank,Reactome_2022__COPI-dependent Golgi-to-ER Retrograde Traffic R-HSA-6811434,0.5116547421667161,1.3035944051614767,1.516646e-01,1.000000e+00,1.000000e+00,8/14,27.40%,KIF2A;KDELR2;KIFAP3;ARFGAP3;ARF4;KDELR1;TMED9;TMED2
prerank,Reactome_2022__Signaling By Rho GTPases R-HSA-194315,0.37090169404636125,1.3029148574268699,2.404810e-02,9.952997e-01,1.000000e+00,46/146,23.02%,CDC42SE2;KIF2A;TAGAP;CDKN1B;ARHGAP25;ARHGEF3;DYNC1H1;ARHGAP45;SPTAN1;KDM4C;PPP2R1A;KTN1;PHIP;MAPK1;ADD3;CCT2;FNBP1;MYH9;LBR;STK38;BUB3;STOM;PPP1CC;PPP2R5C;DEF6;ARHGEF1;ARHGAP30;ITSN2;RHOH;LCK;IQGAP2;FMNL1;YWHAZ;CYFIP2;ARHGAP15;WIPF1;ARFGAP3;GNA13;ZAP70;HMOX2;NUDC;DOCK10;MYL12B;ABI1;CSK;CAPZB
prerank,Reactome_2022__G-protein Beta:Gamma Signaling R-HSA-397795,-0.5083929017865767,-1.302766759194646,1.612903e-01,8.987145e-01,1.000000e+00,5/7,16.19%,CDC42;PKN1;GNB1;GNB2;RHOA
prerank,Reactome_2022__Phosphorylation Of CD3 And TCR Zeta Chains R-HSA-202427,0.6120153858873465,1.3022552805604757,1.452055e-01,9.844743e-01,1.000000e+00,4/7,22.33%,PTPRC;LCK;PTPN22;CSK
prerank,Reactome_2022__Golgi-to-ER Retrograde Transport R-HSA-8856688,0.4655240509774671,1.300057569130662,1.385332e-01,9.836984e-01,1.000000e+00,11/21,28.42%,KIF2A;DYNC1H1;KDELR2;KIFAP3;ARFGAP3;ARF4;KDELR1;TMED9;CAPZB;TMED2;DCTN3
prerank,Reactome_2022__Estrogen-dependent Nuclear Events Downstream Of ESR-membrane Signaling R-HSA-9634638,0.6749775936625171,1.2978890145093336,1.256983e-01,9.833521e-01,1.000000e+00,3/5,15.81%,CDKN1B;MAPK1;UHMK1
prerank,Reactome_2022__Assembly Of Pre-Replicative Complex R-HSA-68867,-0.29593660493428103,-1.2969274333934158,8.641975e-02,9.007542e-01,1.000000e+00,16/35,21.69%,PSMB1;UBB;H2AX;H2AZ1;PSMB4;UBE2S;PSMA1;PSMD7;PSMA6;PSMA3;PSME2;PSME1;H2AZ2;PSMB10;H3-3B;PSMD13
prerank,Reactome_2022__Opioid Signaling R-HSA-111885,0.4993400731155583,1.29513517497044,1.244076e-01,9.861036e-01,1.000000e+00,5/16,7.96%,PPP3CC;GNG2;PPP2R1A;MAPK1;PPP1CA
prerank,Reactome_2022__Autophagy R-HSA-9612973,-0.3022374155224537,-1.2947557026691405,1.354167e-01,8.900893e-01,1.000000e+00,11/32,13.68%,VDAC1;CSNK2B;UBB;LAMTOR5;GABARAPL2;DYNLL1;LAMTOR1;MAP1LC3B;PARK7;HSP90AA1;PRKAG1
prerank,Reactome_2022__Regulation Of TP53 Activity Thru Acetylation R-HSA-6804758,-0.5259632676875031,-1.2875374795973764,1.555556e-01,8.989935e-01,1.000000e+00,2/6,3.95%,CHD4;RBBP7
prerank,Reactome_2022__RHO GTPase Cycle R-HSA-9012999,0.3740155295755654,1.2871179288566743,4.954499e-02,1.000000e+00,1.000000e+00,34/107,23.02%,CDC42SE2;TAGAP;ARHGAP25;ARHGEF3;ARHGAP45;SPTAN1;KTN1;PHIP;ADD3;CCT2;FNBP1;LBR;STK38;STOM;DEF6;ARHGEF1;ARHGAP30;ITSN2;RHOH;LCK;IQGAP2;FMNL1;CYFIP2;ARHGAP15;WIPF1;ARFGAP3;GNA13;ZAP70;HMOX2;NUDC;DOCK10;ABI1;CSK;CAPZB
prerank,Reactome_2022__SUMOylation Of Immune Response Proteins R-HSA-4755510,-0.5387060642223636,-1.2870831274435468,1.804511e-01,8.833952e-01,1.000000e+00,1/6,1.28%,NFKBIA
prerank,Reactome_2022__tRNA Processing In Nucleus R-HSA-6784531,-0.5010167868697315,-1.286556154477642,1.598361e-01,8.685740e-01,1.000000e+00,2/7,7.69%,RAN;TSEN54
prerank,Reactome_2022__Pyruvate Metabolism R-HSA-70268,-0.5766320414101421,-1.2850902478536987,1.781818e-01,8.576675e-01,1.000000e+00,3/5,13.46%,VDAC1;LDHA;BSG
prerank,Reactome_2022__Mitophagy R-HSA-5205647,-0.42786442944628245,-1.2833947342120597,1.576355e-01,8.475934e-01,1.000000e+00,4/11,8.28%,VDAC1;CSNK2B;UBB;MAP1LC3B
prerank,Reactome_2022__TAK1-dependent IKK And NF-kappa-B Activation R-HSA-445989,-0.3900464799611799,-1.2815881886269536,1.564246e-01,8.391275e-01,1.000000e+00,3/12,4.86%,NFKBIA;UBB;HMGB1
prerank,Reactome_2022__SARS-CoV-1 Infection R-HSA-9678108,0.5094381106333109,1.2815027759927944,1.508314e-01,1.000000e+00,1.000000e+00,5/13,18.27%,DDX5;PARP10;UBA52;GSK3B;CANX
prerank,Reactome_2022__MAP3K8 (TPL2)-dependent MAPK1/3 Activation R-HSA-5684264,-0.5324800858675957,-1.2813070880409643,1.963636e-01,8.251068e-01,1.000000e+00,2/6,1.92%,MAP3K8;UBB
prerank,Reactome_2022__G Beta:Gamma Signaling Thru CDC42 R-HSA-8964616,-0.5288642409354853,-1.2811499846384233,1.694915e-01,8.112252e-01,1.000000e+00,4/6,11.81%,CDC42;PKN1;GNB1;GNB2
prerank,Reactome_2022__RND2 GTPase Cycle R-HSA-9696270,0.59702057136526,1.281051449747126,1.592689e-01,1.000000e+00,1.000000e+00,3/7,20.14%,KTN1;FNBP1;NUDC
prerank,Reactome_2022__Ub-specific Processing Proteases R-HSA-5689880,-0.2716507336226725,-1.2810115709800514,7.017544e-02,7.978480e-01,1.000000e+00,14/49,15.01%,VDAC1;PSMB1;TADA3;NFKBIA;VDAC2;UBB;ADRM1;PSMB4;PSMA1;OTUB1;PSMD7;PSMA6;PSMA3;BIRC2
prerank,Reactome_2022__RAC1 GTPase Cycle R-HSA-9013149,0.4134220063598565,1.2805787424147355,1.326861e-01,1.000000e+00,1.000000e+00,15/40,22.28%,TAGAP;ARHGAP25;ARHGAP45;KTN1;LBR;DEF6;ARHGAP30;IQGAP2;FMNL1;CYFIP2;ARHGAP15;WIPF1;GNA13;DOCK10;ABI1
prerank,Reactome_2022__Assembly Of ORC Complex At Origin Of Replication R-HSA-68616,-0.5610661042759864,-1.2761866138732363,1.888889e-01,7.984985e-01,1.000000e+00,4/5,20.73%,H2AX;H2AZ1;H2AZ2;H3-3B
prerank,Reactome_2022__tRNA Processing R-HSA-72306,-0.46604491586178987,-1.2728702663320024,1.555556e-01,7.955587e-01,1.000000e+00,2/8,7.69%,RAN;TSEN54
prerank,Reactome_2022__Regulation Of MECP2 Expression And Activity R-HSA-9022692,0.6247937849210298,1.2692222880191502,1.448468e-01,1.000000e+00,1.000000e+00,4/6,29.81%,TNRC6B;LBR;GPS2;CALM1
prerank,Reactome_2022__Defective Pyroptosis R-HSA-9710421,-0.4840597421034273,-1.2690218286670025,1.712062e-01,7.944212e-01,1.000000e+00,3/7,6.94%,RBBP7;H2AX;H2AZ1
prerank,Reactome_2022__DNA Methylation R-HSA-5334118,-0.5477224563454878,-1.2683341210897205,1.754386e-01,7.836501e-01,1.000000e+00,4/5,20.73%,H2AX;H2AZ1;H2AZ2;H3-3B
prerank,Reactome_2022__Pre-NOTCH Expression And Processing R-HSA-1912422,-0.39194665872038637,-1.2670858683590158,1.657754e-01,7.756187e-01,1.000000e+00,4/12,7.53%,CREBBP;H2AX;H2AZ1;FURIN
prerank,Reactome_2022__Respiratory Electron Transport R-HSA-611105,-0.25896992845340017,-1.2627558524095448,4.651163e-02,7.768685e-01,1.000000e+00,14/46,16.77%,NDUFA6;UQCRFS1;NDUFS8;COQ10B;COX5B;UQCRC2;NDUFS6;COX6A1;NDUFB8;NDUFB11;COX8A;COX4I1;COX6C;NDUFA13
prerank,Reactome_2022__Negative Regulation Of FGFR3 Signaling R-HSA-5654732,0.5742969484762054,1.2626401916255385,1.551499e-01,1.000000e+00,1.000000e+00,3/8,7.37%,PPP2R1A;UBA52;MAPK1
prerank,Reactome_2022__Negative Regulation Of FGFR4 Signaling R-HSA-5654733,0.5742969484762054,1.2626401916255385,1.551499e-01,1.000000e+00,1.000000e+00,3/8,7.37%,PPP2R1A;UBA52;MAPK1
prerank,Reactome_2022__Negative Regulation Of FGFR2 Signaling R-HSA-5654727,0.5742969484762054,1.2626401916255385,1.551499e-01,1.000000e+00,1.000000e+00,3/8,7.37%,PPP2R1A;UBA52;MAPK1
prerank,Reactome_2022__Negative Regulation Of FGFR1 Signaling R-HSA-5654726,0.5742969484762054,1.2626401916255385,1.551499e-01,1.000000e+00,1.000000e+00,3/8,7.37%,PPP2R1A;UBA52;MAPK1
prerank,Reactome_2022__Spry Regulation Of FGF Signaling R-HSA-1295596,0.5742969484762054,1.2626401916255385,1.551499e-01,1.000000e+00,1.000000e+00,3/8,7.37%,PPP2R1A;UBA52;MAPK1
prerank,Reactome_2022__Processing Of Capped Intronless Pre-mRNA R-HSA-75067,-0.42500601895832646,-1.2610558907560292,1.764706e-01,7.697884e-01,1.000000e+00,2/10,4.70%,SNRPF;SNRPE
prerank,Reactome_2022__Translation R-HSA-72766,0.38248503388293514,1.2572674952664855,1.280992e-01,1.000000e+00,1.000000e+00,28/60,32.37%,EEF1D;EEF1A1;EIF4A2;EIF3A;FAU;UBA52;MRPS6;SRPRA;TRAM1;EIF3B;EIF4B;SPCS2;SPCS1;EIF3F;EIF3E;EIF3I;EEF2;EIF5B;MRPS7;EEF1B2;MRPS15;MRPL10;MRPL14;SRP14;RPN1;SPCS3;EIF3G;EIF3L
prerank,Reactome_2022__DNA Replication Pre-Initiation R-HSA-69002,-0.27976692532315955,-1.254239876749442,1.025641e-01,7.770799e-01,1.000000e+00,16/36,21.69%,PSMB1;UBB;H2AX;H2AZ1;PSMB4;UBE2S;PSMA1;PSMD7;PSMA6;PSMA3;PSME2;PSME1;H2AZ2;PSMB10;H3-3B;PSMD13
prerank,Reactome_2022__Interleukin-2 Family Signaling R-HSA-451927,0.5242688368517201,1.251733713013278,1.909425e-01,1.000000e+00,1.000000e+00,8/11,42.57%,STAT4;LCK;GRB2;STAT1;INPP5D;JAK1;IL2RG;PIK3R1
prerank,Reactome_2022__MyD88 Cascade Initiated On Plasma Membrane R-HSA-975871,-0.31549480252962736,-1.2485782263792615,1.278195e-01,7.719529e-01,1.000000e+00,5/20,8.01%,NFKBIA;MAP3K8;UBB;HMGB1;FOS
prerank,Reactome_2022__TRAF6 Mediated Induction Of NFkB And MAP Kinases Upon TLR7/8 Or 9 Activation R-HSA-975138,-0.31549480252962736,-1.2485782263792615,1.278195e-01,7.719529e-01,1.000000e+00,5/20,8.01%,NFKBIA;MAP3K8;UBB;HMGB1;FOS
prerank,custom_senescence_signatures.gmt__GSE9650_EFFECTOR_VS_EXHAUSTED_CD8_TCELL_DN,0.46139371501814913,1.24602364299074,1.851852e-01,4.211186e-01,6.030000e-01,7/19,18.48%,EOMES;PTGER2;H1-4;SPOCK2;EIF2AK2;CANX;SUB1
prerank,Reactome_2022__COPI-mediated Anterograde Transport R-HSA-6807878,0.45610519447108716,1.2434566579490745,1.877214e-01,1.000000e+00,1.000000e+00,10/19,28.42%,DYNC1H1;SPTAN1;KDELR2;ARFGAP3;ARF4;KDELR1;TMED9;CAPZB;TMED2;DCTN3
prerank,Reactome_2022__PI3K/AKT Signaling In Cancer R-HSA-2219528,0.5208560704385009,1.241325514513143,1.911765e-01,1.000000e+00,1.000000e+00,4/11,16.08%,CDKN1B;FYN;LCK;GSK3B
prerank,Reactome_2022__Membrane Trafficking R-HSA-199991,0.354315768032999,1.2379663973154342,9.475806e-02,1.000000e+00,1.000000e+00,32/102,23.02%,KIF2A;NEDD8;CYTH1;RAB14;VAMP2;DYNC1H1;SPTAN1;LNPEP;KDELR2;UBA52;GCC2;FNBP1;MYH9;DENND4C;HPS1;RAB27A;ADRB2;ITSN2;COPS6;GDI2;GOLGA4;NAA38;YWHAZ;DENND2D;KIFAP3;ARFGAP3;ARF4;RAB9A;KDELR1;TRAPPC1;TMED9;CAPZB
prerank,Reactome_2022__Regulation Of HSF1-mediated Heat Shock Response R-HSA-3371453,0.45883146658382273,1.2364246449745597,1.958285e-01,1.000000e+00,1.000000e+00,11/18,35.42%,DNAJB1;DEDD2;MAPK1;GSK3B;ATM;ST13;DNAJC2;HSPA8;RANBP2;HSPH1;HSPA5
prerank,Reactome_2022__Abortive Elongation Of HIV-1 Transcript In Absence Of Tat R-HSA-167242,-0.4443351920089257,-1.2346552087971496,1.912351e-01,8.025265e-01,1.000000e+00,4/8,17.68%,POLR2J;POLR2K;POLR2G;POLR2E
prerank,Reactome_2022__Translation Initiation Complex Formation R-HSA-72649,0.4475260147954989,1.2309615944232333,2.052452e-01,1.000000e+00,1.000000e+00,12/20,35.63%,EIF4A2;EIF3A;FAU;EIF3B;EIF4B;EIF3F;EIF3E;EIF3I;EIF3G;EIF3L;EIF2S3;EIF3H
prerank,"Reactome_2022__mRNA Activation Upon Binding Of Cap-Binding Complex And eIFs, Subsequent Binding To 43S R-HSA-72662",0.4475260147954989,1.2309615944232333,2.052452e-01,1.000000e+00,1.000000e+00,12/20,35.63%,EIF4A2;EIF3A;FAU;EIF3B;EIF4B;EIF3F;EIF3E;EIF3I;EIF3G;EIF3L;EIF2S3;EIF3H
prerank,Reactome_2022__Inflammasomes R-HSA-622312,0.6002060453658258,1.230765964927967,2.074967e-01,1.000000e+00,1.000000e+00,2/6,23.40%,PSTPIP1;NFKB2
prerank,Reactome_2022__NLRP3 Inflammasome R-HSA-844456,0.6002060453658258,1.230765964927967,2.074967e-01,1.000000e+00,1.000000e+00,2/6,23.40%,PSTPIP1;NFKB2
prerank,Reactome_2022__Cell Recruitment (Pro-Inflammatory Response) R-HSA-9664424,0.6002060453658258,1.230765964927967,2.074967e-01,1.000000e+00,1.000000e+00,2/6,23.40%,PSTPIP1;NFKB2
prerank,Reactome_2022__Selective Autophagy R-HSA-9663891,-0.3258047448683722,-1.2305342847824456,1.963190e-01,8.042200e-01,1.000000e+00,8/20,13.68%,VDAC1;CSNK2B;UBB;DYNLL1;MAP1LC3B;PARK7;HSP90AA1;PRKAG1
prerank,Reactome_2022__Viral Messenger RNA Synthesis R-HSA-168325,-0.4148671117111057,-1.2272586196350788,2.050000e-01,8.036472e-01,1.000000e+00,4/10,17.68%,POLR2J;POLR2K;POLR2G;POLR2E
prerank,Reactome_2022__Caspase-mediated Cleavage Of Cytoskeletal Proteins R-HSA-264870,0.6010736804823519,1.226590506828447,1.991585e-01,1.000000e+00,1.000000e+00,3/6,17.52%,SPTAN1;ADD1;CASP8
prerank,Reactome_2022__Organelle Biogenesis And Maintenance R-HSA-1852241,0.3778363430013844,1.2238217082051754,1.712474e-01,1.000000e+00,1.000000e+00,10/49,10.74%,CYCS;ATP5PO;TUBA1A;DYNC1H1;SSNA1;PPP2R1A;CCT2;AKAP9;CEP78;CCT3
prerank,Reactome_2022__MAPK Targets/ Nuclear Events Mediated By MAP Kinases R-HSA-450282,0.6066687553108396,1.22170966798008,2.008141e-01,1.000000e+00,1.000000e+00,2/6,7.37%,PPP2R1A;MAPK1
prerank,Reactome_2022__Cargo Recognition For Clathrin-Mediated Endocytosis R-HSA-8856825,0.44114276315603856,1.2213498339255402,2.071759e-01,1.000000e+00,1.000000e+00,6/19,12.18%,NEDD8;VAMP2;UBA52;ADRB2;ITSN2;COPS6
prerank,Reactome_2022__ZBP1(DAI) Mediated Induction Of Type I IFNs R-HSA-1606322,-0.5200988240117986,-1.2206003135461598,2.015209e-01,8.024401e-01,1.000000e+00,1/5,1.28%,NFKBIA
prerank,Reactome_2022__RIP-mediated NFkB Activation Via ZBP1 R-HSA-1810476,-0.5200988240117986,-1.2206003135461598,2.015209e-01,8.024401e-01,1.000000e+00,1/5,1.28%,NFKBIA
prerank,Reactome_2022__Ribosomal Scanning And Start Codon Recognition R-HSA-72702,0.4410493656207648,1.218884214782325,2.043880e-01,1.000000e+00,1.000000e+00,12/20,35.63%,EIF4A2;EIF3A;FAU;EIF3B;EIF4B;EIF3F;EIF3E;EIF3I;EIF3G;EIF3L;EIF2S3;EIF3H
prerank,Reactome_2022__NGF-stimulated Transcription R-HSA-9031628,-0.4180284126844403,-1.2182290943957204,2.000000e-01,7.987182e-01,1.000000e+00,3/9,9.19%,CHD4;FOS;ID2
prerank,Reactome_2022__Activated PKN1 Stimulates Transcription Of Androgen Receptor Regulated KLK2 And KLK3 R-HSA-5625886,-0.46819717964153307,-1.217597004852675,2.386364e-01,7.904689e-01,1.000000e+00,3/7,6.94%,PKN1;H2AX;H2AZ1
prerank,Reactome_2022__RNA Polymerase III Transcription Termination R-HSA-73980,-0.4568364611260054,-1.2158303578819956,2.151899e-01,7.850018e-01,1.000000e+00,7/7,54.54%,POLR2K;POLR2E;POLR3GL;POLR2F;POLR2L;POLR1D;SSB
prerank,Reactome_2022__Arachidonic Acid Metabolism R-HSA-2142753,0.6171584026627259,1.21572586138817,2.222222e-01,1.000000e+00,1.000000e+00,3/5,22.22%,ALOX5AP;PTGES3;PTGDS
prerank,Reactome_2022__Signal Transduction By L1 R-HSA-445144,-0.5186733013398328,-1.2156786735203426,2.147651e-01,7.752962e-01,1.000000e+00,2/6,2.62%,CSNK2B;PKN1
prerank,Reactome_2022__Translation Of Structural Proteins R-HSA-9683701,0.5169856869498057,1.2145222126954967,2.123116e-01,1.000000e+00,1.000000e+00,4/10,18.27%,PARP10;UBA52;GSK3B;CANX
prerank,Reactome_2022__Signaling By FGFR1 R-HSA-5654736,0.5346929254896549,1.2142661159047727,1.936709e-01,1.000000e+00,1.000000e+00,3/9,7.37%,PPP2R1A;UBA52;MAPK1
prerank,Reactome_2022__Signaling By FGFR3 R-HSA-5654741,0.5346929254896549,1.2142661159047727,1.936709e-01,1.000000e+00,1.000000e+00,3/9,7.37%,PPP2R1A;UBA52;MAPK1
prerank,Reactome_2022__Signaling By FGFR4 R-HSA-5654743,0.5346929254896549,1.2142661159047727,1.936709e-01,1.000000e+00,1.000000e+00,3/9,7.37%,PPP2R1A;UBA52;MAPK1
prerank,Reactome_2022__DAP12 Interactions R-HSA-2172127,0.4672889319063533,1.2141729241260992,2.178571e-01,1.000000e+00,1.000000e+00,7/15,28.21%,FYN;KLRK1;LCK;HLA-E;PLCG2;KLRC2;GRB2
prerank,Reactome_2022__Synthesis Of Active Ubiquitin: Roles Of E1 And E2 Enzymes R-HSA-8866652,0.5285397315400113,1.2132238021740664,2.183288e-01,1.000000e+00,1.000000e+00,3/9,6.62%,UBE2D2;UBE2G2;UBA52
prerank,Reactome_2022__DNA Replication R-HSA-69306,-0.2682227710773343,-1.2103367780033616,1.081081e-01,7.809300e-01,1.000000e+00,16/38,21.69%,PSMB1;UBB;H2AX;H2AZ1;PSMB4;UBE2S;PSMA1;PSMD7;PSMA6;PSMA3;PSME2;PSME1;H2AZ2;PSMB10;H3-3B;PSMD13
prerank,Reactome_2022__Chaperonin-mediated Protein Folding R-HSA-390466,0.4300311704861886,1.2102723061645795,2.107675e-01,1.000000e+00,1.000000e+00,6/24,10.74%,TUBA1A;USP11;PFDN5;GNG2;CCT2;CCT3
prerank,Reactome_2022__Interleukin-10 Signaling R-HSA-6783783,0.5651080740693372,1.209401147687742,2.289973e-01,1.000000e+00,1.000000e+00,2/7,19.02%,IL10RA;CCL3
prerank,Reactome_2022__G Alpha (I) Signaling Events R-HSA-418594,0.41562761240316315,1.2077195090763966,2.089888e-01,1.000000e+00,1.000000e+00,6/28,7.96%,PPP3CC;GNG2;PPP2R1A;CX3CR1;MAPK1;PPP1CA
prerank,Reactome_2022__HSF1 Activation R-HSA-3371511,0.5051642335715019,1.2058276082480432,2.420786e-01,1.000000e+00,1.000000e+00,4/10,15.01%,EEF1A1;DNAJB1;DEDD2;PTGES3
prerank,Reactome_2022__Developmental Biology R-HSA-1266738,-0.18790692839910128,-1.2056946421485202,1.000000e-03,7.848251e-01,1.000000e+00,40/137,17.68%,PSMB1;ARPC3;RSL24D1;CSNK2B;CREBBP;POLR2J;UBB;CDC42;PKN1;POLR2K;RBM8A;RHOC;RBBP7;CAPNS1;MED30;H2AX;H2AZ1;PSMB4;AP2M1;FURIN;ACTG1;PFN1;ARPC1B;ROCK1;PSMA1;PSMD7;MYL6;HSP90AA1;VAV3;PSMA6;ARPC2;PSMA3;LYN;MAGOH;POLR2G;RHOA;EIF4G1;CXCR4;DRAP1;POLR2E
prerank,Reactome_2022__Regulation Of Actin Dynamics For Phagocytic Cup Formation R-HSA-2029482,-0.31961838431499284,-1.204530119294449,1.621622e-01,7.780949e-01,1.000000e+00,9/22,13.57%,ARPC3;CDC42;PKN1;BRK1;ACTG1;ARPC1B;HSP90AA1;VAV3;ARPC2
prerank,Reactome_2022__HIV Life Cycle R-HSA-162587,-0.2621937204964592,-1.2024012995180877,1.444444e-01,7.740865e-01,1.000000e+00,12/34,18.86%,POLR2J;UBB;POLR2K;GTF2A2;RAN;FURIN;RANBP1;CCNT1;POLR2G;CXCR4;POLR2E;TAF15
prerank,Reactome_2022__Transcription-Coupled Nucleotide Excision Repair (TC-NER) R-HSA-6781827,-0.33874664510621627,-1.202057053999014,1.917808e-01,7.562740e-01,1.000000e+00,4/16,5.02%,POLR2J;UBB;POLR2K;XPA
prerank,Reactome_2022__Formation Of TC-NER Pre-Incision Complex R-HSA-6781823,-0.33874664510621627,-1.202057053999014,1.917808e-01,7.562740e-01,1.000000e+00,4/16,5.02%,POLR2J;UBB;POLR2K;XPA
prerank,Reactome_2022__PKMTs Methylate Histone Lysines R-HSA-3214841,0.4738065317977763,1.1955608082341942,2.368742e-01,1.000000e+00,1.000000e+00,8/13,37.82%,NSD3;ASH1L;KMT2A;EHMT1;NFKB2;RBBP4;KMT2C;ATF7IP
prerank,"Reactome_2022__Plasma Lipoprotein Assembly, Remodeling, And Clearance R-HSA-174824",-0.42083410986922587,-1.1952864098994727,2.488263e-01,7.663866e-01,1.000000e+00,4/9,7.53%,NR1H2;UBB;AP2M1;FURIN
prerank,Reactome_2022__Apoptotic Cleavage Of Cellular Proteins R-HSA-111465,0.4778562054225421,1.1934918875468306,2.592593e-01,1.000000e+00,1.000000e+00,4/13,17.52%,ACIN1;SPTAN1;ADD1;CASP8
prerank,Reactome_2022__FOXO-mediated Transcription R-HSA-9614085,0.4874992149263464,1.1934086972788236,2.444717e-01,1.000000e+00,1.000000e+00,4/12,16.40%,CDKN1B;CITED2;RBL2;YWHAZ
prerank,Reactome_2022__Regulation Of TP53 Degradation R-HSA-6804757,0.517187710468342,1.1932443848926713,2.471042e-01,1.000000e+00,1.000000e+00,4/9,16.19%,PPP2R1A;UBA52;PPP2R5C;ATM
prerank,Reactome_2022__DDX58/IFIH1-mediated Induction Of Interferon-Alpha/Beta R-HSA-168928,-0.2987077034972386,-1.1917222318485492,1.694915e-01,7.673456e-01,1.000000e+00,5/25,6.14%,CREBBP;NFKBIA;UBB;HMGB1;PCBP2
prerank,Reactome_2022__Toll Like Receptor 9 (TLR9) Cascade R-HSA-168138,-0.30385393259454696,-1.1914037515355194,1.612903e-01,7.424001e-01,1.000000e+00,5/21,8.01%,NFKBIA;MAP3K8;UBB;HMGB1;FOS
prerank,Reactome_2022__MyD88 Dependent Cascade Initiated On Endosome R-HSA-975155,-0.30385393259454696,-1.1914037515355194,1.612903e-01,7.424001e-01,1.000000e+00,5/21,8.01%,NFKBIA;MAP3K8;UBB;HMGB1;FOS
prerank,Reactome_2022__Toll Like Receptor 7/8 (TLR7/8) Cascade R-HSA-168181,-0.30385393259454696,-1.1914037515355194,1.612903e-01,7.424001e-01,1.000000e+00,5/21,8.01%,NFKBIA;MAP3K8;UBB;HMGB1;FOS
prerank,Reactome_2022__Vesicle-mediated Transport R-HSA-5653656,0.34033745507696916,1.1903359550042192,1.471774e-01,1.000000e+00,1.000000e+00,43/107,33.23%,KIF2A;NEDD8;CYTH1;RAB14;VAMP2;DYNC1H1;SPTAN1;LNPEP;KDELR2;UBA52;GCC2;FNBP1;MYH9;DENND4C;HPS1;RAB27A;ADRB2;ITSN2;COPS6;GDI2;GOLGA4;NAA38;YWHAZ;DENND2D;KIFAP3;ARFGAP3;ARF4;RAB9A;KDELR1;TRAPPC1;TMED9;CAPZB;IL7R;TMED2;GRB2;DCTN3;ACTR3;CALM1;HSPA8;TGOLN2;RAB1B;HSPH1;TBC1D10C
prerank,Reactome_2022__Peptide Chain Elongation R-HSA-156902,0.6162783860998382,1.189954039706754,2.357955e-01,1.000000e+00,1.000000e+00,3/5,6.62%,EEF1A1;FAU;UBA52
prerank,Reactome_2022__Rap1 Signaling R-HSA-392517,0.5564377704774872,1.189276169028217,2.416107e-01,1.000000e+00,1.000000e+00,3/7,20.67%,RASGRP1;YWHAZ;SIPA1
prerank,Reactome_2022__Early SARS-CoV-2 Infection Events R-HSA-9772572,0.6095794604315293,1.1870157087184645,2.661972e-01,1.000000e+00,1.000000e+00,2/5,6.25%,DDX5;ISCU
prerank,Reactome_2022__Protein Methylation R-HSA-8876725,0.6149187684820865,1.185618758692268,2.372159e-01,1.000000e+00,1.000000e+00,4/5,32.48%,EEF1A1;EEF2;CALM1;HSPA8
prerank,Reactome_2022__FCGR3A-mediated IL10 Synthesis R-HSA-9664323,0.522106599607094,1.184391365597984,2.652005e-01,1.000000e+00,1.000000e+00,7/9,39.58%,FYN;FGR;PLCG2;PRKX;CALM1;PRKACB;CD247
prerank,Reactome_2022__Signaling By NOTCH4 R-HSA-9013694,-0.2748196362178663,-1.1826421954704944,1.935484e-01,7.582523e-01,1.000000e+00,12/31,20.09%,PSMB1;CREBBP;UBB;PSMB4;PSMA1;PSMD7;PSMA6;PSMA3;PSME2;APH1A;PSME1;PSMB10
prerank,Reactome_2022__Deubiquitination R-HSA-5688426,-0.2347206942459535,-1.1823154132292362,9.090909e-02,7.506442e-01,1.000000e+00,18/61,16.19%,VDAC1;PSMB1;TADA3;NFKBIA;VDAC2;UBB;ADRM1;PSMB4;INO80E;PSMA1;OTUB1;PSMD7;STAM;PSMA6;PSMA3;BIRC2;OGT;RHOA
prerank,Reactome_2022__Formation Of Tubulin Folding Intermediates By CCT/TriC R-HSA-389960,0.48804910986735706,1.1817394102494454,2.462871e-01,1.000000e+00,1.000000e+00,3/12,10.74%,TUBA1A;CCT2;CCT3
prerank,Reactome_2022__Protein Folding R-HSA-391251,0.40971038826390765,1.181139520078736,2.378805e-01,1.000000e+00,1.000000e+00,8/27,19.82%,TUBA1A;USP11;PFDN5;GNG2;CCT2;CCT3;TBCC;XRN2
prerank,Reactome_2022__Association Of TriC/CCT With Target Proteins During Biosynthesis R-HSA-390471,0.47416592957575576,1.1795457028211414,2.705314e-01,1.000000e+00,1.000000e+00,7/13,39.16%,USP11;CCT2;CCT3;XRN2;DCAF7;CCT4;CCT7
prerank,Reactome_2022__Gap-filling DNA Repair Synthesis And Ligation In TC-NER R-HSA-6782210,-0.3514533091414616,-1.1784021283667214,2.264151e-01,7.539697e-01,1.000000e+00,3/14,3.04%,POLR2J;UBB;POLR2K
prerank,Reactome_2022__Cell Cycle R-HSA-1640170,0.33884293887516626,1.1772858305598135,1.344793e-01,1.000000e+00,1.000000e+00,40/132,24.68%,ATRX;SYNE1;KIF2A;TUBA1A;SYNE2;CDKN1B;CCND2;DYNC1H1;MIS18BP1;SSNA1;PPP2R1A;UBA52;MAPK1;AKAP9;LBR;RBL2;BUB3;CEP78;SMARCA5;PPP1CC;PPP2R5C;SUN2;NIPBL;SET;CCND3;GSK3B;ATM;YWHAZ;ANAPC16;TINF2;NUDC;PSMC3;POLR2A;PHLDA1;NPM1;RSF1;PSMA5;PSMF1;EML4;PSMD4
prerank,custom_senescence_signatures.gmt__GSE9650_EXHAUSTED_VS_MEMORY_CD8_TCELL_UP,0.40689517775590534,1.1765515205742434,2.353591e-01,4.364719e-01,7.810000e-01,9/27,22.70%,EOMES;H1-4;ATP5IF1;SPOCK2;GZMB;CANX;LRP10;HIF1A;ZNF292
prerank,Reactome_2022__Regulation Of TP53 Expression And Degradation R-HSA-6806003,0.49748923308948645,1.1757600585553245,2.587776e-01,1.000000e+00,1.000000e+00,4/10,16.19%,PPP2R1A;UBA52;PPP2R5C;ATM
prerank,Reactome_2022__HATs Acetylate Histones R-HSA-3214847,-0.3788356976616741,-1.1734666617971619,2.500000e-01,7.604236e-01,1.000000e+00,3/13,3.95%,CREBBP;TADA3;RBBP7
prerank,Reactome_2022__Epigenetic Regulation Of Gene Expression R-HSA-212165,-0.28467232351162874,-1.1723245667572082,1.894737e-01,7.554575e-01,1.000000e+00,6/27,6.94%,CHD4;SAP30BP;POLR2K;RBBP7;H2AX;H2AZ1
prerank,Reactome_2022__MyD88:MAL(TIRAP) Cascade Initiated On Plasma Membrane R-HSA-166058,-0.28501065209728293,-1.1707951831696526,2.047244e-01,7.516682e-01,1.000000e+00,5/22,8.01%,NFKBIA;MAP3K8;UBB;HMGB1;FOS
prerank,Reactome_2022__Activation Of NF-kappaB In B Cells R-HSA-1169091,-0.271584457673799,-1.1706864677650117,2.083333e-01,7.443584e-01,1.000000e+00,8/34,14.48%,PSMB1;NFKBIA;UBB;PSMB4;PSMA1;PSMD7;PSMA6;PSMA3
prerank,Reactome_2022__Circadian Clock R-HSA-400253,0.4459552746602724,1.1690291203198906,2.614458e-01,1.000000e+00,1.000000e+00,5/16,9.46%,CRY1;UBA52;PPP1CA;RORA;PPP1CC
prerank,Reactome_2022__Axon Guidance R-HSA-422475,-0.2110478341304018,-1.1680829608019727,2.000000e-01,7.433355e-01,1.000000e+00,28/91,17.04%,PSMB1;ARPC3;RSL24D1;CSNK2B;UBB;CDC42;PKN1;RBM8A;RHOC;PSMB4;AP2M1;ACTG1;PFN1;ARPC1B;ROCK1;PSMA1;PSMD7;MYL6;HSP90AA1;VAV3;PSMA6;ARPC2;PSMA3;LYN;MAGOH;RHOA;EIF4G1;CXCR4
prerank,Reactome_2022__Inactivation Of APC/C Via Direct Inhibition Of APC/C Complex R-HSA-141430,0.6038733192050479,1.1674976799936714,2.589532e-01,1.000000e+00,1.000000e+00,2/5,16.77%,BUB3;ANAPC16
prerank,Reactome_2022__Regulation Of PTEN Stability And Activity R-HSA-8948751,-0.28364182258434856,-1.1672139320844652,2.653061e-01,7.380535e-01,1.000000e+00,9/30,14.48%,PSMB1;CSNK2B;UBB;PSMB4;MKRN1;PSMA1;PSMD7;PSMA6;PSMA3
prerank,Reactome_2022__FGFR2 Alternative Splicing R-HSA-6803529,-0.3436704208806569,-1.166550008079674,2.195122e-01,7.325352e-01,1.000000e+00,5/13,17.68%,POLR2J;POLR2K;HNRNPH1;POLR2G;POLR2E
prerank,Reactome_2022__HIV Elongation Arrest And Recovery R-HSA-167287,-0.3734925425514785,-1.165165491654069,2.436548e-01,7.216090e-01,1.000000e+00,5/11,17.68%,POLR2J;POLR2K;CCNT1;POLR2G;POLR2E
prerank,Reactome_2022__Pausing And Recovery Of Tat-mediated HIV Elongation R-HSA-167238,-0.3734925425514785,-1.165165491654069,2.436548e-01,7.216090e-01,1.000000e+00,5/11,17.68%,POLR2J;POLR2K;CCNT1;POLR2G;POLR2E
prerank,Reactome_2022__Cellular Response To Chemical Stress R-HSA-9711123,-0.23492375666483634,-1.1643970324961448,1.860465e-01,7.165904e-01,1.000000e+00,18/61,16.35%,PSMB1;CSNK2B;CREBBP;UBB;COX5B;PSMB4;MAP1LC3B;PRDX5;COX6A1;PSMA1;ATF4;PSMD7;GSTP1;PSMA6;COX8A;PSMA3;COX4I1;COX6C
prerank,Reactome_2022__Deadenylation Of mRNA R-HSA-429947,0.5146581364765715,1.1638811113324234,2.812089e-01,1.000000e+00,1.000000e+00,5/9,25.59%,EIF4A2;EIF4B;CNOT6L;EIF4A3;CNOT2
prerank,Reactome_2022__GTP Hydrolysis And Joining Of 60S Ribosomal Subunit R-HSA-72706,0.4083966083232006,1.160450700457165,2.705750e-01,1.000000e+00,1.000000e+00,14/23,35.63%,EIF4A2;EIF3A;FAU;UBA52;EIF3B;EIF4B;EIF3F;EIF3E;EIF3I;EIF5B;EIF3G;EIF3L;EIF2S3;EIF3H
prerank,Reactome_2022__Translocation Of ZAP-70 To Immunological Synapse R-HSA-202430,0.5698587319242692,1.1591673137866647,2.928177e-01,1.000000e+00,1.000000e+00,3/6,18.96%,LCK;PTPN22;ZAP70
prerank,Reactome_2022__Pre-NOTCH Transcription And Translation R-HSA-1912408,-0.42431027977015356,-1.1555270559685067,2.420091e-01,7.324571e-01,1.000000e+00,3/8,6.94%,CREBBP;H2AX;H2AZ1
prerank,Reactome_2022__Interleukin-35 Signaling R-HSA-8984722,0.5439591798370909,1.1541904383907535,2.794118e-01,1.000000e+00,1.000000e+00,5/7,37.98%,STAT4;CANX;STAT1;IL12RB2;JAK1
prerank,Reactome_2022__Cap-dependent Translation Initiation R-HSA-72737,0.4051007116556826,1.1530184264622565,2.755906e-01,1.000000e+00,1.000000e+00,14/24,35.63%,EIF4A2;EIF3A;FAU;UBA52;EIF3B;EIF4B;EIF3F;EIF3E;EIF3I;EIF5B;EIF3G;EIF3L;EIF2S3;EIF3H
prerank,Reactome_2022__GPCR Downstream Signaling R-HSA-388396,0.3532977710474286,1.1528300091340813,2.448133e-01,1.000000e+00,1.000000e+00,12/58,11.43%,PRKCH;PPP3CC;RASGRP1;ARHGEF3;GNG2;PPP2R1A;PTGER2;CX3CR1;MAPK1;PPP1CA;ARHGEF1;ADRB2
prerank,Reactome_2022__Ion Channel Transport R-HSA-983712,-0.33996841758270746,-1.1507567299740689,2.329545e-01,7.385313e-01,1.000000e+00,5/14,9.03%,UBB;ATP8B4;SRI;ATP6V0C;TCIRG1
prerank,Reactome_2022__Transcriptional Regulation By RUNX1 R-HSA-8878171,-0.2273365750515966,-1.147524986190457,1.666667e-01,7.405522e-01,1.000000e+00,14/54,14.48%,PSMB1;CSNK2B;CREBBP;UBB;CBX4;H2AX;H2AZ1;PSMB4;SMARCE1;PSMA1;PSMD7;SMARCA2;PSMA6;PSMA3
prerank,Reactome_2022__Platelet Aggregation (Plug Formation) R-HSA-76009,0.5148386383094508,1.1460798272101287,3.062016e-01,1.000000e+00,1.000000e+00,5/8,34.83%,RASGRP1;CSK;PTPN1;GRB2;TLN1
prerank,Reactome_2022__Integrin Signaling R-HSA-354192,0.5148386383094508,1.1460798272101287,3.062016e-01,1.000000e+00,1.000000e+00,5/8,34.83%,RASGRP1;CSK;PTPN1;GRB2;TLN1
prerank,Reactome_2022__Signaling By GPCR R-HSA-372790,0.34916513325033616,1.145429154694154,2.512927e-01,1.000000e+00,1.000000e+00,13/62,11.43%,PRKCH;PPP3CC;RASGRP1;ARHGEF3;GNG2;PPP2R1A;PTGER2;CX3CR1;MAPK1;PPP1CA;ARHGEF1;ADGRE5;ADRB2
prerank,"Reactome_2022__Respiratory Electron Transport, ATP Synthesis By Chemiosmotic Coupling, Heat Production By Uncoupling Proteins R-HSA-163200",-0.2234451781614403,-1.1454092152305868,1.034483e-01,7.392752e-01,1.000000e+00,19/60,18.16%,NDUFA6;UQCRFS1;NDUFS8;COQ10B;COX5B;UQCRC2;NDUFS6;COX6A1;NDUFB8;ATP5PF;ATP5F1C;NDUFB11;COX8A;COX4I1;ATP5F1D;COX6C;NDUFA13;UCP2;ATP5MF
prerank,Reactome_2022__Regulation Of RUNX3 Expression And Activity R-HSA-8941858,-0.2791953549522283,-1.1452125303949394,2.429907e-01,7.328328e-01,1.000000e+00,12/28,21.69%,PSMB1;UBB;PSMB4;PSMA1;PSMD7;PSMA6;PSMA3;RUNX3;PSME2;PSME1;PSMB10;PSMD13
prerank,Reactome_2022__G Alpha (Z) Signaling Events R-HSA-418597,0.5208546129136301,1.1418858560647178,2.934211e-01,1.000000e+00,1.000000e+00,2/8,3.85%,PRKCH;GNG2
prerank,Reactome_2022__mRNA Capping R-HSA-72086,-0.37564854184412794,-1.141169845284876,2.123894e-01,7.304357e-01,1.000000e+00,2/10,3.04%,POLR2J;POLR2K
prerank,Reactome_2022__RNA Pol II CTD Phosphorylation And Interaction With CE R-HSA-77075,-0.37564854184412794,-1.141169845284876,2.123894e-01,7.304357e-01,1.000000e+00,2/10,3.04%,POLR2J;POLR2K
prerank,Reactome_2022__Sealing Of Nuclear Envelope (NE) By ESCRT-III R-HSA-9668328,0.5940878743554435,1.1406087101634812,2.969871e-01,1.000000e+00,1.000000e+00,1/5,1.34%,TUBA1A
prerank,Reactome_2022__Formation Of Early Elongation Complex R-HSA-113418,-0.38836338583705166,-1.1405170722916989,2.456897e-01,7.255748e-01,1.000000e+00,2/9,3.04%,POLR2J;POLR2K
prerank,Reactome_2022__ESR-mediated Signaling R-HSA-8939211,-0.2398121292319765,-1.1399104678575485,2.272727e-01,7.206216e-01,1.000000e+00,16/43,18.38%,CREBBP;POLR2J;GNAI2;GNB1;POLR2K;GTF2A2;H2AX;H2AZ1;FOS;GNB2;HSP90AA1;CCNT1;POLR2G;JUND;POLR2E;CTSD
prerank,Reactome_2022__MTOR Signaling R-HSA-165159,-0.4301801792086226,-1.1379559958552008,2.727273e-01,7.195553e-01,1.000000e+00,4/7,16.51%,LAMTOR5;LAMTOR1;PRKAG1;EIF4G1
prerank,Reactome_2022__Formation Of A Pool Of Free 40S Subunits R-HSA-72689,0.43751825838488306,1.1372768039260035,3.022700e-01,1.000000e+00,1.000000e+00,10/15,35.63%,EIF3A;FAU;UBA52;EIF3B;EIF3F;EIF3E;EIF3I;EIF3G;EIF3L;EIF3H
prerank,Reactome_2022__Interactions Of Vpr With Host Cellular Proteins R-HSA-176033,0.5569708389545156,1.1357362039897536,3.147632e-01,1.000000e+00,1.000000e+00,3/6,33.97%,PSIP1;RANBP2;BANF1
prerank,Reactome_2022__PLC Beta Mediated Events R-HSA-112043,0.5813438059276042,1.1323940437812925,2.869081e-01,1.000000e+00,1.000000e+00,4/5,37.07%,MAPK1;PRKX;CALM1;PRKACB
prerank,Reactome_2022__Ca-dependent Events R-HSA-111996,0.5813438059276042,1.1323940437812925,2.869081e-01,1.000000e+00,1.000000e+00,4/5,37.07%,MAPK1;PRKX;CALM1;PRKACB
prerank,Reactome_2022__Cleavage Of Damaged Purine R-HSA-110331,-0.456247671642769,-1.1323044379752991,2.736842e-01,7.223145e-01,1.000000e+00,4/6,19.93%,H2AX;H2AZ1;MPG;H2AZ2
prerank,"Reactome_2022__Base-Excision Repair, AP Site Formation R-HSA-73929",-0.456247671642769,-1.1323044379752991,2.736842e-01,7.223145e-01,1.000000e+00,4/6,19.93%,H2AX;H2AZ1;MPG;H2AZ2
prerank,Reactome_2022__Interleukin Receptor SHC Signaling R-HSA-912526,0.5546019345495234,1.1317888693589657,3.049268e-01,1.000000e+00,1.000000e+00,5/6,42.57%,GRB2;INPP5D;JAK1;IL2RG;PIK3R1
prerank,Reactome_2022__RND1 GTPase Cycle R-HSA-9696273,-0.42680965147453087,-1.1301285209668201,2.905660e-01,7.215739e-01,1.000000e+00,7/7,57.53%,TMEM59;TXNL1;LEMD3;RRAS2;RBMX;FLOT2;PIK3R1
prerank,Reactome_2022__FLT3 Signaling R-HSA-9607240,0.4853142106301352,1.1300857366195702,3.201483e-01,1.000000e+00,1.000000e+00,6/10,28.21%,CDKN1B;FYN;UBA52;LCK;CSK;GRB2
prerank,Reactome_2022__RAC3 GTPase Cycle R-HSA-9013423,-0.2753192592507013,-1.1292091594195515,2.131148e-01,7.175746e-01,1.000000e+00,5/22,8.49%,CDC42;PKN1;TAOK3;LAMTOR1;BRK1
prerank,Reactome_2022__Transcription Of HIV Genome R-HSA-167172,-0.3164398939576532,-1.128972847054453,2.807018e-01,7.121414e-01,1.000000e+00,7/17,18.86%,POLR2J;POLR2K;GTF2A2;CCNT1;POLR2G;POLR2E;TAF15
prerank,Reactome_2022__NR1H2 And NR1H3-mediated Signaling R-HSA-9024446,0.5475084219142066,1.127250188956857,3.227147e-01,1.000000e+00,1.000000e+00,2/6,4.33%,TNRC6B;MYLIP
prerank,Reactome_2022__Signaling By NOTCH2 R-HSA-1980145,0.5445883387595267,1.1271616053112898,3.132695e-01,1.000000e+00,1.000000e+00,3/6,15.76%,UBA52;MIB2;GZMB
prerank,Reactome_2022__Post-chaperonin Tubulin Folding Pathway R-HSA-389977,0.5166233437862224,1.1259735454326805,3.233696e-01,1.000000e+00,1.000000e+00,2/8,15.87%,TUBA1A;TBCC
prerank,Reactome_2022__Signaling By TGF-beta Receptor Complex R-HSA-170834,0.39098583245766483,1.1256075094154514,3.018868e-01,1.000000e+00,1.000000e+00,7/25,15.54%,NEDD8;UBA52;MAPK1;PPP1CA;PPP1CC;UCHL5;STUB1
prerank,Reactome_2022__Anti-inflammatory Response Favoring Leishmania Infection R-HSA-9662851,0.40057445285635945,1.1240721576057389,3.217593e-01,1.000000e+00,1.000000e+00,9/22,24.04%,FYN;GNG2;PTGER2;MYH9;ADRB2;FGR;PLCG2;PTGER4;PRKX
prerank,Reactome_2022__L13a-mediated Translational Silencing Of Ceruloplasmin Expression R-HSA-156827,0.40285625886102555,1.122498165612465,3.287982e-01,1.000000e+00,1.000000e+00,9/22,21.96%,EIF4A2;EIF3A;FAU;UBA52;EIF3B;EIF4B;EIF3F;EIF3E;EIF3I
prerank,Reactome_2022__Regulation Of IFNG Signaling R-HSA-877312,0.4963661558562845,1.1215515942309833,3.418367e-01,1.000000e+00,1.000000e+00,7/9,44.39%,PIAS1;PTPN1;STAT1;IFNG;SOCS1;JAK1;PTPN2
prerank,Reactome_2022__PCP/CE Pathway R-HSA-4086400,-0.26296006789185195,-1.1201602090709053,2.244898e-01,7.288724e-01,1.000000e+00,13/32,20.09%,PSMB1;UBB;PSMB4;AP2M1;PFN1;PSMA1;PSMD7;PSMA6;PSMA3;RHOA;PSME2;PSME1;PSMB10
prerank,Reactome_2022__Antigen processing-Cross Presentation R-HSA-1236975,-0.24573225505975316,-1.1185921561573193,2.179487e-01,7.266750e-01,1.000000e+00,12/42,14.53%,PSMB1;UBB;HMGB1;PDIA3;SEC61G;PSMB4;PSMA1;PSMD7;PSMA6;TAPBP;PSMA3;VAMP8
prerank,Reactome_2022__Nervous System Development R-HSA-9675108,-0.20910070343810194,-1.1183533656182454,2.307692e-01,7.211353e-01,1.000000e+00,28/92,17.04%,PSMB1;ARPC3;RSL24D1;CSNK2B;UBB;CDC42;PKN1;RBM8A;RHOC;PSMB4;AP2M1;ACTG1;PFN1;ARPC1B;ROCK1;PSMA1;PSMD7;MYL6;HSP90AA1;VAV3;PSMA6;ARPC2;PSMA3;LYN;MAGOH;RHOA;EIF4G1;CXCR4
prerank,Reactome_2022__Diseases Of Programmed Cell Death R-HSA-9645723,-0.32365865568073354,-1.1179203119970074,2.588235e-01,7.165951e-01,1.000000e+00,4/14,6.94%,RBBP7;CAPNS1;H2AX;H2AZ1
prerank,Reactome_2022__Rev-mediated Nuclear Export Of HIV RNA R-HSA-165054,-0.4997684204183792,-1.1176502409452134,3.053691e-01,7.116055e-01,1.000000e+00,2/5,9.67%,RAN;RANBP1
prerank,Reactome_2022__NRAGE Signals Death Thru JNK R-HSA-193648,0.5181299054841173,1.1170158890210424,3.468835e-01,1.000000e+00,1.000000e+00,3/7,18.91%,ARHGEF3;ARHGEF1;GNA13
prerank,Reactome_2022__Interleukin-7 Signaling R-HSA-1266695,0.5227872853375594,1.116073284012642,3.392371e-01,1.000000e+00,1.000000e+00,6/7,42.57%,IL7R;SOCS1;JAK1;IL2RG;BRWD1;PIK3R1
prerank,Reactome_2022__Interleukin-37 Signaling R-HSA-9008059,0.5219561484725304,1.1158786409565966,3.554633e-01,1.000000e+00,1.000000e+00,6/7,44.39%,PTPN4;IL18R1;PTPN7;SIGIRR;PTPN12;PTPN2
prerank,Reactome_2022__Cargo Trafficking To Periciliary Membrane R-HSA-5620920,0.5381424960993171,1.1158385276942702,3.359788e-01,1.000000e+00,1.000000e+00,3/6,19.34%,CCT2;CCT3;ARF4
prerank,Reactome_2022__Nuclear Events Mediated By NFE2L2 R-HSA-9759194,-0.25615032999054943,-1.113550024988066,2.448980e-01,7.159691e-01,1.000000e+00,9/33,14.48%,PSMB1;CREBBP;UBB;PSMB4;PSMA1;ATF4;PSMD7;PSMA6;PSMA3
prerank,Reactome_2022__Cellular Response To Heat Stress R-HSA-3371556,0.38770712864060985,1.1132705884226959,3.492770e-01,1.000000e+00,1.000000e+00,8/24,17.25%,EEF1A1;DNAJB1;DEDD2;MAPK1;PTGES3;GSK3B;ATM;ST13
prerank,Reactome_2022__Calcineurin Activates NFAT R-HSA-2025928,0.5771829138673796,1.112535915912184,3.585714e-01,1.000000e+00,1.000000e+00,3/5,29.81%,NFATC2;NFATC3;CALM1
prerank,Reactome_2022__RHO GTPases Activate Formins R-HSA-5663220,0.3909158573049336,1.1099072208111114,3.589450e-01,1.000000e+00,1.000000e+00,6/23,9.56%,KIF2A;DYNC1H1;PPP2R1A;BUB3;PPP1CC;PPP2R5C
prerank,Reactome_2022__Transport To Golgi And Subsequent Modification R-HSA-948021,0.3726574858103192,1.1075699844064197,3.542601e-01,1.000000e+00,1.000000e+00,12/30,28.42%,DYNC1H1;SPTAN1;KDELR2;MGAT4A;ARFGAP3;ARF4;KDELR1;TRAPPC1;TMED9;CAPZB;TMED2;DCTN3
prerank,Reactome_2022__G Alpha (Q) Signaling Events R-HSA-416476,0.4183593314211487,1.106561087429446,3.516999e-01,1.000000e+00,1.000000e+00,4/17,7.37%,PRKCH;RASGRP1;GNG2;MAPK1
prerank,Reactome_2022__Vpr-mediated Nuclear Import Of PICs R-HSA-180910,0.5657312275437898,1.105618317992685,3.391053e-01,1.000000e+00,1.000000e+00,3/5,33.97%,PSIP1;RANBP2;BANF1
prerank,Reactome_2022__Regulation Of Expression Of SLITs And ROBOs R-HSA-9010553,-0.24183280462350235,-1.1049713476413274,2.875000e-01,7.315859e-01,1.000000e+00,14/37,20.09%,PSMB1;RSL24D1;UBB;RBM8A;PSMB4;PSMA1;PSMD7;PSMA6;PSMA3;MAGOH;EIF4G1;PSME2;PSME1;PSMB10
prerank,Reactome_2022__Signaling By TGFB Family Members R-HSA-9006936,0.3808122118971607,1.104663206516317,3.311185e-01,1.000000e+00,1.000000e+00,7/26,15.54%,NEDD8;UBA52;MAPK1;PPP1CA;PPP1CC;UCHL5;STUB1
prerank,Reactome_2022__Constitutive Signaling By NOTCH1 HD+PEST Domain Mutants R-HSA-2894862,-0.35859841975296014,-1.103558950274013,2.685185e-01,7.294083e-01,1.000000e+00,2/10,1.92%,CREBBP;UBB
prerank,Reactome_2022__IKK Complex Recruitment Mediated By RIP1 R-HSA-937041,0.5172271212123682,1.1010371051964007,3.314840e-01,1.000000e+00,1.000000e+00,2/7,6.62%,UBE2D2;UBA52
prerank,"Reactome_2022__TICAM1, RIP1-mediated IKK Complex Recruitment R-HSA-168927",0.5172271212123682,1.1010371051964007,3.314840e-01,1.000000e+00,1.000000e+00,2/7,6.62%,UBE2D2;UBA52
prerank,Reactome_2022__Integration Of Energy Metabolism R-HSA-163685,0.44108283268585535,1.1007978504918305,3.585366e-01,1.000000e+00,1.000000e+00,3/13,5.82%,VAMP2;GNG2;PPP2R1A
prerank,Reactome_2022__Transcriptional Regulation By RUNX3 R-HSA-8878159,-0.25060783381496826,-1.1004574109049927,2.467532e-01,7.323695e-01,1.000000e+00,9/33,14.96%,PSMB1;CREBBP;UBB;PSMB4;PSMA1;PSMD7;PSMA6;PSMA3;RUNX3
prerank,Reactome_2022__Role Of GTSE1 In G2/M Progression After G2 Checkpoint R-HSA-8852276,-0.2729789306986506,-1.0982428094036638,2.843137e-01,7.320601e-01,1.000000e+00,12/28,21.69%,PSMB1;UBB;PSMB4;PSMA1;PSMD7;HSP90AA1;PSMA6;PSMA3;PSME2;PSME1;PSMB10;PSMD13
prerank,Reactome_2022__Ion Transport By P-type ATPases R-HSA-936837,-0.482742933905765,-1.0937475943983088,3.484321e-01,7.376851e-01,1.000000e+00,2/5,3.37%,ATP8B4;SRI
prerank,"Reactome_2022__Interleukin-3, Interleukin-5 And GM-CSF Signaling R-HSA-512988",0.4759132195277783,1.093668049627715,3.665390e-01,1.000000e+00,1.000000e+00,7/10,42.57%,FYN;YWHAZ;GRB2;INPP5D;JAK1;IL2RG;PIK3R1
prerank,Reactome_2022__MHC Class II Antigen Presentation R-HSA-2132295,0.4155492324425865,1.0933316516113951,3.738208e-01,1.000000e+00,1.000000e+00,7/16,28.42%,KIF2A;DYNC1H1;KIFAP3;CANX;CD74;CAPZB;DCTN3
prerank,Reactome_2022__Cell-Cell Communication R-HSA-1500931,0.43289929108721414,1.0917754357844416,3.544458e-01,1.000000e+00,1.000000e+00,8/14,46.47%,FYN;SPTAN1;FYB1;GRB2;IQGAP1;VASP;PIK3R1;ITGB1
prerank,Reactome_2022__RAB Geranylgeranylation R-HSA-8873719,0.4326654720160038,1.0908820868949827,3.862239e-01,1.000000e+00,1.000000e+00,3/14,9.13%,RAB14;RAB37;RAB27A
prerank,Reactome_2022__Signaling By KIT In Disease R-HSA-9669938,0.5238940785022819,1.0897277861704004,3.614776e-01,1.000000e+00,1.000000e+00,4/7,28.79%,FYN;LCK;GRB2;STAT1
prerank,Reactome_2022__Signaling By FGFR2 In Disease R-HSA-5655253,-0.3885213136848876,-1.0872298784844534,3.250000e-01,7.498342e-01,1.000000e+00,2/9,3.04%,POLR2J;POLR2K
prerank,Reactome_2022__BBSome-mediated Cargo-Targeting To Cilium R-HSA-5620922,0.556827269168192,1.0859089735732763,3.760218e-01,1.000000e+00,1.000000e+00,2/5,10.74%,CCT2;CCT3
prerank,custom_senescence_signatures.gmt__GSE9650_EFFECTOR_VS_EXHAUSTED_CD8_TCELL_UP,0.32815885670064426,1.084454902110632,3.485005e-01,5.252232e-01,9.190000e-01,19/66,20.19%,PRKCH;ETS1;ATP5PO;PIK3CD;RNF167;SSNA1;SEPTIN6;DNAJB1;STK38;RORA;ELAVL1;KLRK1;EIF3B;ANAPC16;ST13;ITGAL;EIF4A3;CIB1;MBP
prerank,Reactome_2022__TP53 Regulates Metabolic Genes R-HSA-5628897,-0.27113737320161646,-1.0829911797417013,2.857143e-01,7.549440e-01,1.000000e+00,10/24,16.35%,DDIT4;LAMTOR5;COX5B;LAMTOR1;PRDX5;COX6A1;COX8A;PRKAG1;COX4I1;COX6C
prerank,Reactome_2022__EGFR Downregulation R-HSA-182971,-0.35742839995038445,-1.0807049459224698,2.948718e-01,7.546851e-01,1.000000e+00,2/10,1.98%,UBB;CDC42
prerank,Reactome_2022__NOTCH2 Activation And Transmission Of Signal To Nucleus R-HSA-2979096,0.5519350508393908,1.0791891651081844,4.005764e-01,1.000000e+00,1.000000e+00,2/5,7.64%,UBA52;MIB2
prerank,Reactome_2022__Interleukin-2 Signaling R-HSA-9020558,0.5542592922869953,1.0789261235973593,3.755274e-01,1.000000e+00,1.000000e+00,3/5,38.78%,LCK;JAK1;IL2RG
prerank,Reactome_2022__Nuclear Events (Kinase And Transcription Factor Activation) R-HSA-198725,0.43223525936609664,1.0767298504872034,3.769140e-01,1.000000e+00,1.000000e+00,3/13,7.37%,PPP2R1A;REST;MAPK1
prerank,Reactome_2022__Rab Regulation Of Trafficking R-HSA-9007101,0.3736956279567853,1.0765648260386842,3.808438e-01,1.000000e+00,1.000000e+00,8/25,21.79%,RAB14;DENND4C;HPS1;RAB27A;GDI2;DENND2D;RAB9A;TRAPPC1
prerank,Reactome_2022__Activation Of BH3-only Proteins R-HSA-114452,0.5078684934715688,1.0757168854268488,3.845090e-01,1.000000e+00,1.000000e+00,2/7,16.40%,PPP3CC;YWHAZ
prerank,Reactome_2022__APC-Cdc20 Mediated Degradation Of Nek2A R-HSA-179409,0.48398502048029024,1.0755952605216437,3.942181e-01,1.000000e+00,1.000000e+00,3/8,16.77%,UBA52;BUB3;ANAPC16
prerank,Reactome_2022__Signaling By ALK Fusions And Activated Point Mutants R-HSA-9725370,0.37727556076848534,1.073836213566217,3.866513e-01,1.000000e+00,1.000000e+00,9/24,28.21%,GCC2;RNF213;MAPK1;MYH9;PPM1B;BIRC6;NPM1;EML4;GRB2
prerank,Reactome_2022__Antiviral Mechanism By IFN-stimulated Genes R-HSA-1169410,0.3903137477509626,1.0734228614300163,3.807339e-01,1.000000e+00,1.000000e+00,10/20,32.75%,EIF4A2;UBA52;EIF4G2;EIF2AK2;EIF4A3;PPM1B;ISG15;STAT1;RANBP2;KPNB1
prerank,Reactome_2022__SUMOylation Of Intracellular Receptors R-HSA-4090294,0.4771739847210491,1.0733246924575952,4.092072e-01,1.000000e+00,1.000000e+00,2/9,9.29%,PIAS1;RORA
prerank,Reactome_2022__Cross-presentation Of Soluble Exogenous Antigens (Endosomes) R-HSA-1236978,-0.2802764806307626,-1.072798911038408,3.360000e-01,7.703937e-01,1.000000e+00,10/23,21.69%,PSMB1;PSMB4;PSMA1;PSMD7;PSMA6;PSMA3;PSME2;PSME1;PSMB10;PSMD13
prerank,Reactome_2022__RHOV GTPase Cycle R-HSA-9013424,-0.3564891608344284,-1.072457880381617,3.424658e-01,7.654122e-01,1.000000e+00,3/10,10.20%,CDC42;PKN1;TPM3
prerank,Reactome_2022__RHO GTPases Activate ROCKs R-HSA-5627117,-0.37863943264215694,-1.0721778450236024,3.227092e-01,7.604752e-01,1.000000e+00,5/9,16.19%,PKN1;RHOC;ROCK1;MYL6;RHOA
prerank,Reactome_2022__Formation Of HIV Elongation Complex In Absence Of HIV Tat R-HSA-167152,-0.3315501079050194,-1.0718861372474244,3.406593e-01,7.500702e-01,1.000000e+00,5/12,17.68%,POLR2J;POLR2K;CCNT1;POLR2G;POLR2E
prerank,Reactome_2022__Formation Of HIV-1 Elongation Complex Containing HIV-1 Tat R-HSA-167200,-0.3315501079050194,-1.0718861372474244,3.406593e-01,7.500702e-01,1.000000e+00,5/12,17.68%,POLR2J;POLR2K;CCNT1;POLR2G;POLR2E
prerank,Reactome_2022__Apoptotic Execution Phase R-HSA-75153,0.39418197101033287,1.0718654025013903,3.960739e-01,1.000000e+00,1.000000e+00,7/19,22.01%,ACIN1;SPTAN1;H1-4;H1-3;ADD1;CASP8;H1-2
prerank,Reactome_2022__PI Metabolism R-HSA-1483255,0.5245155988848007,1.071787289958466,3.844122e-01,1.000000e+00,1.000000e+00,5/6,42.57%,RAB14;PIP4K2A;INPP5D;SACM1L;PIK3R1
prerank,Reactome_2022__Transcriptional Regulation Of Granulopoiesis R-HSA-9616222,0.47082996161774027,1.0717133103135301,3.902760e-01,1.000000e+00,1.000000e+00,2/9,5.50%,FLI1;KMT2A
prerank,Reactome_2022__Signaling By WNT In Cancer R-HSA-4791275,0.503596404912777,1.070978091081889,3.914209e-01,1.000000e+00,1.000000e+00,3/7,16.08%,PPP2R1A;PPP2R5C;GSK3B
prerank,Reactome_2022__Regulation Of KIT Signaling R-HSA-1433559,0.557343970657257,1.0696927557626579,3.975241e-01,1.000000e+00,1.000000e+00,4/5,35.31%,FYN;LCK;GRB2;SOCS1
prerank,Reactome_2022__RUNX1 Regulates Transcription Of Genes Involved In Differentiation Of HSCs R-HSA-8939236,-0.2599849831197931,-1.0695825508130727,3.378378e-01,7.509954e-01,1.000000e+00,15/34,21.69%,PSMB1;UBB;H2AX;H2AZ1;PSMB4;PSMA1;PSMD7;PSMA6;PSMA3;PSME2;PSME1;H2AZ2;PSMB10;H3-3B;PSMD13
prerank,Reactome_2022__Interleukin-21 Signaling R-HSA-9020958,0.5539820421590684,1.0663415555639446,3.877551e-01,1.000000e+00,1.000000e+00,4/5,38.78%,STAT4;STAT1;JAK1;IL2RG
prerank,Reactome_2022__ISG15 Antiviral Mechanism R-HSA-1169408,0.39323116699946203,1.0656922843045393,3.925234e-01,1.000000e+00,1.000000e+00,10/19,32.75%,EIF4A2;UBA52;EIF4G2;EIF2AK2;EIF4A3;PPM1B;ISG15;STAT1;RANBP2;KPNB1
prerank,Reactome_2022__TP53 Regulates Transcription Of DNA Repair Genes R-HSA-6796648,-0.2915029678415169,-1.0651067536023944,3.437500e-01,7.576097e-01,1.000000e+00,6/15,17.68%,POLR2J;POLR2K;FOS;CCNT1;POLR2G;POLR2E
prerank,Reactome_2022__MAP Kinase Activation R-HSA-450294,0.42622003546703335,1.0644803514086458,3.980930e-01,1.000000e+00,1.000000e+00,3/13,7.37%,PPP2R1A;UBA52;MAPK1
prerank,Reactome_2022__Interleukin-17 Signaling R-HSA-448424,0.42622003546703335,1.0644803514086458,3.980930e-01,1.000000e+00,1.000000e+00,3/13,7.37%,PPP2R1A;UBA52;MAPK1
prerank,Reactome_2022__SUMOylation Of Ubiquitinylation Proteins R-HSA-3232142,0.5250065626297022,1.062631647308932,4.155125e-01,1.000000e+00,1.000000e+00,1/6,5.77%,PIAS1
prerank,Reactome_2022__Sensory Perception R-HSA-9709957,0.39435101750105805,1.0618658283144715,4.004684e-01,1.000000e+00,1.000000e+00,4/18,7.91%,VAMP2;RIPOR2;SPTAN1;MYH9
prerank,Reactome_2022__Nuclear Events Stimulated By ALK Signaling In Cancer R-HSA-9725371,0.5000503416936427,1.0602428153135273,3.997290e-01,1.000000e+00,1.000000e+00,3/7,24.63%,MAPK1;NPM1;EML4
prerank,Reactome_2022__FCERI Mediated Ca+2 Mobilization R-HSA-2871809,0.435188556883062,1.058211443993894,4.205379e-01,1.000000e+00,1.000000e+00,6/11,33.92%,NFATC2;PLCG2;NFATC3;GRB2;CALM1;TXK
prerank,Reactome_2022__Regulation Of TP53 Activity Thru Methylation R-HSA-6804760,0.5378100712716747,1.0570400572291072,4.085714e-01,1.000000e+00,1.000000e+00,3/5,18.70%,UBA52;ATM;EHMT1
prerank,Reactome_2022__Endosomal/Vacuolar Pathway R-HSA-1236977,0.4962492427674964,1.0563905188212452,4.319444e-01,1.000000e+00,1.000000e+00,6/7,48.93%,LNPEP;HLA-E;HLA-C;HLA-F;HLA-A;HLA-B
prerank,Reactome_2022__Signaling By Non-Receptor Tyrosine Kinases R-HSA-9006927,0.44440030310131307,1.0555719985863896,4.347826e-01,1.000000e+00,1.000000e+00,5/10,26.07%,CDKN1B;UBA52;HIF1A;KHDRBS1;PTPN1
prerank,Reactome_2022__Binding And Uptake Of Ligands By Scavenger Receptors R-HSA-2173782,-0.40086878031046663,-1.055447125824313,3.424125e-01,7.788861e-01,1.000000e+00,3/7,14.05%,C1D;HSP90AA1;FTH1
prerank,Reactome_2022__TP53 Regulates Transcription Of Genes Involved In Cytochrome C Release R-HSA-6803204,-0.4630240809152485,-1.0553809890196437,3.627119e-01,7.679656e-01,1.000000e+00,2/5,8.39%,CREBBP;PRELID1
prerank,Reactome_2022__TP53 Regulates Transcription Of Cell Death Genes R-HSA-5633008,-0.4630240809152485,-1.0553809890196437,3.627119e-01,7.679656e-01,1.000000e+00,2/5,8.39%,CREBBP;PRELID1
prerank,Reactome_2022__CD28 Co-Stimulation R-HSA-389356,-0.3713188223163121,-1.0549203522505184,3.644860e-01,7.640624e-01,1.000000e+00,3/9,2.62%,MAP3K8;CDC42;PKN1
prerank,Reactome_2022__Meiotic Recombination R-HSA-912446,-0.4574246108968701,-1.0544194704143661,3.680556e-01,7.598227e-01,1.000000e+00,4/5,20.73%,H2AX;H2AZ1;H2AZ2;H3-3B
prerank,Reactome_2022__Base Excision Repair R-HSA-73884,-0.4060699943310863,-1.0539237624433446,3.664122e-01,7.556836e-01,1.000000e+00,4/7,19.93%,H2AX;H2AZ1;MPG;H2AZ2
prerank,Reactome_2022__Antigen Activates B Cell Receptor Leading To Second Messenger Generation R-HSA-983695,0.4802331167333516,1.0522960843581424,4.156171e-01,1.000000e+00,1.000000e+00,6/8,42.57%,FYN;PLCG2;GRB2;CALM1;ORAI1;PIK3R1
prerank,"Reactome_2022__Cell Death Signaling Via NRAGE, NRIF And NADE R-HSA-204998",0.41959895667660035,1.0521515227642646,4.121287e-01,1.000000e+00,1.000000e+00,4/12,18.91%,ARHGEF3;UBA52;ARHGEF1;GNA13
prerank,Reactome_2022__Transcriptional Regulation By TP53 R-HSA-3700989,-0.19983258853152736,-1.0508483093453533,2.903226e-01,7.586679e-01,1.000000e+00,22/72,16.35%,CSNK2B;CREBBP;CHD4;DDIT4;POLR2J;UBB;LAMTOR5;POLR2K;RBBP7;COX5B;FOS;LAMTOR1;PRELID1;PRDX5;COX6A1;RICTOR;COX8A;PRKAG1;CCNT1;COX4I1;POLR2G;COX6C
prerank,Reactome_2022__Cell Cycle Checkpoints R-HSA-69620,0.32666491727306407,1.0496964692070316,4.031746e-01,1.000000e+00,1.000000e+00,16/53,24.68%,KIF2A;CDKN1B;DYNC1H1;PPP2R1A;UBA52;BUB3;PPP1CC;PPP2R5C;ATM;YWHAZ;ANAPC16;NUDC;PSMC3;PSMA5;PSMF1;PSMD4
prerank,Reactome_2022__Regulation Of Apoptosis R-HSA-169911,-0.2641669834866931,-1.0493587481043702,3.839286e-01,7.423224e-01,1.000000e+00,11/26,21.69%,PSMB1;UBB;PSMB4;PSMA1;PSMD7;PSMA6;PSMA3;PSME2;PSME1;PSMB10;PSMD13
prerank,Reactome_2022__Asymmetric Localization Of PCP Proteins R-HSA-4608870,-0.2641669834866931,-1.0493587481043702,3.839286e-01,7.423224e-01,1.000000e+00,11/26,21.69%,PSMB1;UBB;PSMB4;PSMA1;PSMD7;PSMA6;PSMA3;PSME2;PSME1;PSMB10;PSMD13
prerank,Reactome_2022__Ubiquitin Mediated Degradation Of Phosphorylated Cdc25A R-HSA-69601,-0.2641669834866931,-1.0493587481043702,3.839286e-01,7.423224e-01,1.000000e+00,11/26,21.69%,PSMB1;UBB;PSMB4;PSMA1;PSMD7;PSMA6;PSMA3;PSME2;PSME1;PSMB10;PSMD13
prerank,Reactome_2022__Regulation Of Activated PAK-2p34 By Proteasome Mediated Degradation R-HSA-211733,-0.2641669834866931,-1.0493587481043702,3.839286e-01,7.423224e-01,1.000000e+00,11/26,21.69%,PSMB1;UBB;PSMB4;PSMA1;PSMD7;PSMA6;PSMA3;PSME2;PSME1;PSMB10;PSMD13
prerank,Reactome_2022__Vpu Mediated Degradation Of CD4 R-HSA-180534,-0.2561057394739565,-1.0488862844769629,3.727273e-01,7.335485e-01,1.000000e+00,11/27,21.69%,PSMB1;UBB;PSMB4;PSMA1;PSMD7;PSMA6;PSMA3;PSME2;PSME1;PSMB10;PSMD13
prerank,Reactome_2022__SCF-beta-TrCP Mediated Degradation Of Emi1 R-HSA-174113,-0.2561057394739565,-1.0488862844769629,3.727273e-01,7.335485e-01,1.000000e+00,11/27,21.69%,PSMB1;UBB;PSMB4;PSMA1;PSMD7;PSMA6;PSMA3;PSME2;PSME1;PSMB10;PSMD13
prerank,Reactome_2022__NS1 Mediated Effects On Host Pathways R-HSA-168276,0.47814248444364876,1.047778401939358,4.236200e-01,1.000000e+00,1.000000e+00,4/8,32.75%,EIF2AK2;ISG15;RANBP2;KPNB1
prerank,Reactome_2022__Signal Transduction R-HSA-162582,0.28767898068801784,1.0462859778999798,3.460000e-01,1.000000e+00,1.000000e+00,95/390,22.33%,CDC42SE2;PRKCH;KIF2A;TAGAP;PPP3CC;CCDC88C;NEDD8;DDX5;RASGRP1;CDKN1B;FYN;ARHGAP25;ARHGEF3;DYNC1H1;ARHGAP45;TNRC6B;GNG2;RASA3;MYLIP;SPTAN1;KDM4C;DNAJB1;PPP2R1A;KTN1;ERLEC1;REST;UBA52;SH2D2A;PTGER2;CX3CR1;PHIP;MAPK1;ADD3;MIB2;CCT2;FNBP1;MYH9;PPP1CA;LBR;STK38;CDC73;BUB3;STK4;RORA;STOM;PPP1CC;PPP2R5C;DEF6;SEPTIN7;ARHGEF1;UCHL5;ADGRE5;ARHGAP30;RAP1GDS1;ADRB2;ITSN2;TLE1;IKZF1;RHOH;LCK;CCND3;PTGES3;EIF4B;IQGAP2;STUB1;GZMB;UHMK1;GSK3B;FMNL1;YWHAZ;CYFIP2;CNOT6L;DGKD;ARHGAP15;CASP8;COL6A2;WIPF1;PLCG2;ARFGAP3;GNA13;ZAP70;CCL3;HMOX2;NUDC;PSMC3;HIF1A;DOCK10;RAB9A;POLR2A;TLE4;PTGER4;TIAL1;MYL12B;ABI1;CSK
prerank,Reactome_2022__Constitutive Signaling By Aberrant PI3K In Cancer R-HSA-2219530,0.47349211994385426,1.0443771109333637,4.331210e-01,1.000000e+00,1.000000e+00,5/8,42.57%,FYN;LCK;GRB2;RAC2;PIK3R1
prerank,Reactome_2022__Degradation Of DVL R-HSA-4641258,-0.2549365751139546,-1.0436282443552551,4.159292e-01,7.419417e-01,1.000000e+00,12/28,22.70%,PSMB1;UBB;PSMB4;PSMA1;PSMD7;PSMA6;PSMA3;PSME2;PSME1;PSMB10;PSMD13;CUL3
prerank,Reactome_2022__Signaling By FGFR In Disease R-HSA-1226099,-0.33183509534970324,-1.0432496014364478,3.727811e-01,7.380715e-01,1.000000e+00,5/12,17.68%,POLR2J;POLR2K;POLR2G;LRRFIP1;POLR2E
prerank,Reactome_2022__Telomere Maintenance R-HSA-157579,-0.3057101535753087,-1.0420301647401193,3.806452e-01,7.313056e-01,1.000000e+00,4/14,6.94%,POLR2J;POLR2K;H2AX;H2AZ1
prerank,Reactome_2022__Inhibition Of DNA Recombination At Telomere R-HSA-9670095,-0.3057101535753087,-1.0420301647401193,3.806452e-01,7.313056e-01,1.000000e+00,4/14,6.94%,POLR2J;POLR2K;H2AX;H2AZ1
prerank,Reactome_2022__Dual Incision In GG-NER R-HSA-5696400,-0.4328721726414935,-1.0412396950397478,3.874539e-01,7.285126e-01,1.000000e+00,2/6,5.02%,UBB;XPA
prerank,Reactome_2022__Assembly Of HIV Virion R-HSA-175474,-0.3901479125839598,-1.0404296838993479,3.369176e-01,7.258698e-01,1.000000e+00,2/7,7.53%,UBB;FURIN
prerank,Reactome_2022__RHO GTPases Activate WASPs And WAVEs R-HSA-5663213,-0.30367922969558747,-1.040331613054308,3.774834e-01,7.215158e-01,1.000000e+00,6/16,13.57%,ARPC3;CDC42;BRK1;ACTG1;ARPC1B;ARPC2
prerank,Reactome_2022__Nonsense Mediated Decay (NMD) Independent Of Exon Junction Complex (EJC) R-HSA-975956,0.545291162215435,1.0396025650865366,4.300000e-01,1.000000e+00,1.000000e+00,2/5,6.62%,FAU;UBA52
prerank,Reactome_2022__Interleukin-1 Family Signaling R-HSA-446652,-0.2152296740726482,-1.036779546784008,3.870968e-01,7.255200e-01,1.000000e+00,11/47,14.48%,PSMB1;NFKBIA;MAP3K8;UBB;HMGB1;PSMB4;PSMA1;PSMD7;IL18RAP;PSMA6;PSMA3
prerank,Reactome_2022__Metabolism Of Water-Soluble Vitamins And Cofactors R-HSA-196849,0.4618822332083069,1.0363772704867247,4.528061e-01,1.000000e+00,1.000000e+00,4/9,27.62%,PARP10;SLC2A3;CD320;FPGS
prerank,Reactome_2022__Influenza Viral RNA Transcription And Replication R-HSA-168273,-0.2874032205448435,-1.0356325238561723,3.712575e-01,7.242562e-01,1.000000e+00,3/17,3.04%,RSL24D1;POLR2J;POLR2K
prerank,Reactome_2022__ER To Golgi Anterograde Transport R-HSA-199977,0.3530526889316552,1.0354620856525647,4.489338e-01,1.000000e+00,1.000000e+00,11/28,28.42%,DYNC1H1;SPTAN1;KDELR2;ARFGAP3;ARF4;KDELR1;TRAPPC1;TMED9;CAPZB;TMED2;DCTN3
prerank,Reactome_2022__Signaling By PDGFR In Disease R-HSA-9671555,0.48958706914590616,1.034413906324767,4.577836e-01,1.000000e+00,1.000000e+00,5/7,42.57%,GOLGA4;GRB2;STAT1;BIN2;PIK3R1
prerank,Reactome_2022__Platelet Homeostasis R-HSA-418346,0.4146250533554361,1.0328694704263532,4.533170e-01,1.000000e+00,1.000000e+00,4/13,11.70%,GNG2;PPP2R1A;PPP2R5C;FGR
prerank,Reactome_2022__RHOBTB2 GTPase Cycle R-HSA-9013418,0.39858675297001156,1.0314666918646072,4.300948e-01,1.000000e+00,1.000000e+00,3/15,8.23%,PHIP;CCT2;STK38
prerank,Reactome_2022__CD209 (DC-SIGN) Signaling R-HSA-5621575,-0.34929515022064817,-1.0313125115495905,3.300971e-01,7.303646e-01,1.000000e+00,2/10,2.62%,CREBBP;PKN1
prerank,Reactome_2022__CDK-mediated Phosphorylation And Removal Of Cdc6 R-HSA-69017,-0.24946550805954276,-1.0299143255921641,3.939394e-01,7.163145e-01,1.000000e+00,11/30,20.09%,PSMB1;UBB;PSMB4;UBE2S;PSMA1;PSMD7;PSMA6;PSMA3;PSME2;PSME1;PSMB10
prerank,Reactome_2022__Autodegradation Of Cdh1 By Cdh1:APC/C R-HSA-174084,-0.24946550805954276,-1.0299143255921641,3.939394e-01,7.163145e-01,1.000000e+00,11/30,20.09%,PSMB1;UBB;PSMB4;UBE2S;PSMA1;PSMD7;PSMA6;PSMA3;PSME2;PSME1;PSMB10
prerank,Reactome_2022__APC/C:Cdh1 Mediated Degradation Of Cdc20 And APC/C:Cdh1 Targets In Late Mitosis/Early G1 R-HSA-174178,-0.24946550805954276,-1.0299143255921641,3.939394e-01,7.163145e-01,1.000000e+00,11/30,20.09%,PSMB1;UBB;PSMB4;UBE2S;PSMA1;PSMD7;PSMA6;PSMA3;PSME2;PSME1;PSMB10
prerank,Reactome_2022__APC/C:Cdc20 Mediated Degradation Of Securin R-HSA-174154,-0.24946550805954276,-1.0299143255921641,3.939394e-01,7.163145e-01,1.000000e+00,11/30,20.09%,PSMB1;UBB;PSMB4;UBE2S;PSMA1;PSMD7;PSMA6;PSMA3;PSME2;PSME1;PSMB10
prerank,Reactome_2022__Class A/1 (Rhodopsin-like Receptors) R-HSA-373076,0.3812577374109115,1.0297932569175814,4.448316e-01,1.000000e+00,1.000000e+00,5/17,21.37%,PTGER2;CX3CR1;ADRB2;CCL3;PTGER4
prerank,Reactome_2022__Leishmania Infection R-HSA-9658195,0.32336035970218635,1.0281390544734064,4.608051e-01,1.000000e+00,1.000000e+00,19/47,29.81%,FYN;GNG2;PSTPIP1;PTGER2;MAPK1;MYH9;ADRB2;FGR;CYFIP2;WIPF1;PLCG2;PTGER4;ABI1;NFKB2;PRKX;CYBA;GRB2;ACTR3;CALM1
prerank,Reactome_2022__SUMOylation Of Transcription Cofactors R-HSA-3899300,0.420796241026857,1.0274934617747191,4.738761e-01,1.000000e+00,1.000000e+00,5/12,21.47%,DDX5;PIAS1;DDX17;SAFB;NPM1
prerank,Reactome_2022__Retrograde Transport At Trans-Golgi-Network R-HSA-6811440,0.44516400437427806,1.026754361503744,4.381443e-01,1.000000e+00,1.000000e+00,4/9,20.83%,GCC2;GOLGA4;NAA38;RAB9A
prerank,Reactome_2022__Condensation Of Prophase Chromosomes R-HSA-2299718,-0.4476651345924836,-1.0247421349782977,4.375000e-01,7.241758e-01,1.000000e+00,4/5,20.73%,H2AX;H2AZ1;H2AZ2;H3-3B
prerank,Reactome_2022__GPCR Ligand Binding R-HSA-500792,0.3556795483786717,1.0239486714386807,4.547511e-01,1.000000e+00,1.000000e+00,7/25,21.37%,GNG2;PTGER2;CX3CR1;ADGRE5;ADRB2;CCL3;PTGER4
prerank,Reactome_2022__Folding Of Actin By CCT/TriC R-HSA-390450,0.47874204411038157,1.0229522308955281,4.644295e-01,1.000000e+00,1.000000e+00,2/7,10.74%,CCT2;CCT3
prerank,Reactome_2022__RHO GTPase Effectors R-HSA-195258,0.3110390820058016,1.0229506441970053,4.446764e-01,1.000000e+00,1.000000e+00,24/63,29.81%,KIF2A;CDKN1B;DYNC1H1;KDM4C;PPP2R1A;KTN1;MAPK1;MYH9;BUB3;PPP1CC;PPP2R5C;IQGAP2;FMNL1;YWHAZ;CYFIP2;WIPF1;NUDC;MYL12B;ABI1;CYBA;EVL;GRB2;ACTR3;CALM1
prerank,Reactome_2022__Apoptosis R-HSA-109581,0.31326970944032967,1.0224889680808373,4.649948e-01,1.000000e+00,1.000000e+00,17/59,24.68%,CYCS;PPP3CC;ACIN1;SPTAN1;UBA52;MAPK1;H1-4;H1-3;ADD1;GZMB;YWHAZ;CASP8;PSMC3;H1-2;PSMA5;PSMF1;PSMD4
prerank,Reactome_2022__PINK1-PRKN Mediated Mitophagy R-HSA-5205685,-0.3480339243885663,-1.0223917512376395,3.901345e-01,7.259750e-01,1.000000e+00,3/10,8.28%,VDAC1;UBB;MAP1LC3B
prerank,Reactome_2022__SIRT1 Negatively Regulates rRNA Expression R-HSA-427359,-0.44458384896156095,-1.019536114542448,4.033898e-01,7.285136e-01,1.000000e+00,4/5,20.73%,H2AX;H2AZ1;H2AZ2;H3-3B
prerank,Reactome_2022__Signaling By SCF-KIT R-HSA-1433557,0.4575789591837491,1.0177938130912938,4.626109e-01,1.000000e+00,1.000000e+00,5/9,35.31%,FYN;LCK;GRB2;STAT1;SOCS1
prerank,Reactome_2022__Growth Hormone Receptor Signaling R-HSA-982772,0.49720246991057454,1.0172193381982328,4.439946e-01,1.000000e+00,1.000000e+00,4/6,35.31%,MAPK1;PTPN1;STAT1;SOCS1
prerank,Reactome_2022__Activated NOTCH1 Transmits Signal To Nucleus R-HSA-2122948,0.4933758654132875,1.0167444722024188,4.825175e-01,1.000000e+00,1.000000e+00,2/6,7.64%,UBA52;MIB2
prerank,Reactome_2022__MAPK Family Signaling Cascades R-HSA-5683057,0.30326967661814086,1.0165371039896314,4.770174e-01,1.000000e+00,1.000000e+00,12/73,9.88%,RASGRP1;FYN;TNRC6B;RASA3;SPTAN1;DNAJB1;PPP2R1A;UBA52;MAPK1;PPP1CC;PPP2R5C;SEPTIN7
prerank,Reactome_2022__ADP Signaling Thru P2Y Purinoceptor 12 R-HSA-392170,-0.4453601112688619,-1.0149799474316084,3.885135e-01,7.225683e-01,1.000000e+00,3/5,11.81%,GNAI2;GNB1;GNB2
prerank,Reactome_2022__Activation Of GABAB Receptors R-HSA-991365,-0.4453601112688619,-1.0149799474316084,3.885135e-01,7.225683e-01,1.000000e+00,3/5,11.81%,GNAI2;GNB1;GNB2
prerank,"Reactome_2022__Adrenaline,noradrenaline Inhibits Insulin Secretion R-HSA-400042",-0.4453601112688619,-1.0149799474316084,3.885135e-01,7.225683e-01,1.000000e+00,3/5,11.81%,GNAI2;GNB1;GNB2
prerank,Reactome_2022__GABA Receptor Activation R-HSA-977443,-0.4453601112688619,-1.0149799474316084,3.885135e-01,7.225683e-01,1.000000e+00,3/5,11.81%,GNAI2;GNB1;GNB2
prerank,Reactome_2022__Detoxification Of Reactive Oxygen Species R-HSA-3299685,0.49612477414509987,1.0139825293933848,4.790503e-01,1.000000e+00,1.000000e+00,1/6,0.53%,CYCS
prerank,custom_senescence_signatures.gmt__CELLAGE_SENESCENCE_INDUCES,0.3066845820622588,1.0135685335785802,4.596013e-01,5.655021e-01,9.760000e-01,13/64,19.71%,ATRX;PRKCH;ETS1;CDKN1B;PPP2R1A;MAPK1;RBL2;STK4;ITSN2;PIM1;EIF2AK2;ARID4B;XAF1
prerank,Reactome_2022__Deadenylation-dependent mRNA Decay R-HSA-429914,0.39043191301053937,1.0130264135380256,4.621849e-01,1.000000e+00,1.000000e+00,7/15,29.91%,EIF4A2;EIF4B;CNOT6L;EIF4A3;LSM7;CNOT2;LSM4
prerank,Reactome_2022__Regulation Of TP53 Activity R-HSA-5633007,-0.2567376587881248,-1.007165288717875,4.153846e-01,7.367601e-01,1.000000e+00,4/22,3.95%,CSNK2B;CHD4;UBB;RBBP7
prerank,Reactome_2022__Dectin-1 Mediated Noncanonical NF-kB Signaling R-HSA-5607761,-0.23895980576084974,-1.0055425727109268,4.242424e-01,7.365549e-01,1.000000e+00,12/30,21.69%,PSMB1;UBB;PSMB4;PSMA1;PSMD7;PSMA6;PSMA3;PSME2;PSME1;PSMB10;RELB;PSMD13
prerank,Reactome_2022__FBXL7 Down-Regulates AURKA During Mitotic Entry And In Early Mitosis R-HSA-8854050,-0.24906711684804206,-1.0047314171194348,4.660194e-01,7.304887e-01,1.000000e+00,11/28,21.69%,PSMB1;UBB;PSMB4;PSMA1;PSMD7;PSMA6;PSMA3;PSME2;PSME1;PSMB10;PSMD13
prerank,Reactome_2022__Orc1 Removal From Chromatin R-HSA-68949,-0.24906711684804206,-1.0047314171194348,4.660194e-01,7.304887e-01,1.000000e+00,11/28,21.69%,PSMB1;UBB;PSMB4;PSMA1;PSMD7;PSMA6;PSMA3;PSME2;PSME1;PSMB10;PSMD13
prerank,Reactome_2022__NOTCH3 Activation And Transmission Of Signal To Nucleus R-HSA-9013507,0.489608189199173,1.0046552226158083,4.748603e-01,1.000000e+00,1.000000e+00,2/6,7.64%,UBA52;MIB2
prerank,Reactome_2022__Switching Of Origins To A Post-Replicative State R-HSA-69052,-0.23698845429741797,-1.004322735056025,4.782609e-01,7.231226e-01,1.000000e+00,8/32,14.48%,PSMB1;UBB;PSMB4;UBE2S;PSMA1;PSMD7;PSMA6;PSMA3
prerank,Reactome_2022__Synthesis Of DNA R-HSA-69239,-0.23698845429741797,-1.004322735056025,4.782609e-01,7.231226e-01,1.000000e+00,8/32,14.48%,PSMB1;UBB;PSMB4;UBE2S;PSMA1;PSMD7;PSMA6;PSMA3
prerank,Reactome_2022__Clathrin-mediated Endocytosis R-HSA-8856828,0.33221335118018924,1.0036033278127705,4.802198e-01,1.000000e+00,1.000000e+00,7/31,12.18%,NEDD8;VAMP2;UBA52;FNBP1;ADRB2;ITSN2;COPS6
prerank,Reactome_2022__SUMOylation Of RNA Binding Proteins R-HSA-4570464,-0.32814178302900104,-1.0034950489211467,4.245283e-01,7.209127e-01,1.000000e+00,10/10,67.41%,CBX4;UBE2I;TPR;SUMO2;SUMO1;POM121;HNRNPC;HNRNPK;NOP58;RANBP2
prerank,Reactome_2022__Biological Oxidations R-HSA-211859,-0.33366476381753846,-1.0031143322205849,4.037559e-01,7.177510e-01,1.000000e+00,5/11,18.22%,VDAC2;GSTK1;GSTP1;AURKAIP1;TPST2
prerank,Reactome_2022__Separation Of Sister Chromatids R-HSA-2467813,0.31784206616611904,1.0024949279354705,4.978587e-01,1.000000e+00,1.000000e+00,13/45,24.68%,KIF2A;DYNC1H1;PPP2R1A;UBA52;BUB3;PPP1CC;PPP2R5C;ANAPC16;NUDC;PSMC3;PSMA5;PSMF1;PSMD4
prerank,Reactome_2022__Extracellular Matrix Organization R-HSA-1474244,-0.24420740447702016,-1.001785984671795,4.234234e-01,7.171291e-01,1.000000e+00,8/25,14.90%,ITGAM;CAPNS1;PPIB;CD44;FURIN;ITGAE;BSG;ITGAX
prerank,Reactome_2022__Degradation Of AXIN R-HSA-4641257,-0.2435240092905086,-1.000986383128379,4.770642e-01,7.151642e-01,1.000000e+00,11/27,21.69%,PSMB1;UBB;PSMB4;PSMA1;PSMD7;PSMA6;PSMA3;PSME2;PSME1;PSMB10;PSMD13
prerank,Reactome_2022__Synthesis Of PIPs At Plasma Membrane R-HSA-1660499,0.5160059454999404,1.000197862232888,4.958217e-01,1.000000e+00,1.000000e+00,4/5,42.57%,RAB14;PIP4K2A;INPP5D;PIK3R1
prerank,Reactome_2022__Metabolism R-HSA-1430728,-0.16988563431917128,-1.0,1.000000e+00,7.136355e-01,1.000000e+00,51/237,13.46%,VDAC1;PSMB1;ENO1;RSL24D1;CSNK2B;NDUFA6;CREBBP;UQCRFS1;VDAC2;NR1H2;UBB;GNAI2;GNB1;NT5C;ESYT2;NDUFS8;ACAA2;SPTSSB;MED30;COQ10B;COX5B;GLTP;CD44;GSTK1;UQCRC2;NDUFS6;PSMB4;RAN;MMADHC;LDHA;HSD17B11;NME2;TSPO;DBI;OSBPL5;COX6A1;PSMA1;MVD;NDUFB8;PSMD7;C1D;GNB2;GSTP1;ATP5PF;ATP5F1C;NDUFB11;HSP90AA1;PSMA6;AURKAIP1;COX8A;BSG
prerank,custom_senescence_signatures.gmt__GSE9650_EXHAUSTED_VS_MEMORY_CD8_TCELL_DN,0.29646444602751976,0.9995405426615481,5.151822e-01,4.944384e-01,9.800000e-01,34/80,35.15%,ETS1;PIK3CD;FAM107B;PITPNC1;STK38;ELAVL1;ADRB2;KLF6;TRAM1;ADD1;KLRK1;CCND3;EIF3B;IQGAP2;ANAPC16;ITGAL;MBP;RABAC1;TLE4;IL18R1;IL7R;OAZ1;ABLIM1;ARL6IP5;SARAF;FBL;RNPS1;RPN1;ICAM2;TOB1;NSMCE1;ANXA6;TAGLN2;SACM1L
prerank,Reactome_2022__Pyruvate Metabolism And Citric Acid (TCA) Cycle R-HSA-71406,-0.3912821832564606,-0.9975881030083704,3.992395e-01,7.159010e-01,1.000000e+00,3/7,13.46%,VDAC1;LDHA;BSG
prerank,Reactome_2022__NoRC Negatively Regulates rRNA Expression R-HSA-427413,-0.27591433533434306,-0.9958197709749731,4.927536e-01,7.126059e-01,1.000000e+00,4/18,6.94%,SAP30BP;POLR2K;H2AX;H2AZ1
prerank,Reactome_2022__Negative Epigenetic Regulation Of rRNA Expression R-HSA-5250941,-0.27591433533434306,-0.9958197709749731,4.927536e-01,7.126059e-01,1.000000e+00,4/18,6.94%,SAP30BP;POLR2K;H2AX;H2AZ1
prerank,Reactome_2022__Ca2+ Pathway R-HSA-4086398,0.43955807866267216,0.992413649773542,5.123217e-01,1.000000e+00,1.000000e+00,2/9,3.85%,TNRC6B;GNG2
prerank,Reactome_2022__GPER1 Signaling R-HSA-9634597,-0.33558650275869095,-0.9901245083391883,4.425532e-01,7.218793e-01,1.000000e+00,3/9,11.81%,GNAI2;GNB1;GNB2
prerank,Reactome_2022__Peroxisomal Protein Import R-HSA-9033241,0.4636539836896861,0.9886186820991053,5.103448e-01,1.000000e+00,1.000000e+00,2/7,6.62%,UBE2D2;UBA52
prerank,Reactome_2022__Integrin Cell Surface Interactions R-HSA-216083,-0.29666373785534766,-0.9886026344659152,4.385965e-01,7.216198e-01,1.000000e+00,5/13,14.90%,ITGAM;CD44;ITGAE;BSG;ITGAX
prerank,Reactome_2022__EPHA-mediated Growth Cone Collapse R-HSA-3928663,0.4632980094659031,0.9884052309838942,5.047106e-01,1.000000e+00,1.000000e+00,3/7,21.85%,FYN;MYH9;MYL12B
prerank,Reactome_2022__SLC Transporter Disorders R-HSA-5619102,0.47951545407081675,0.9880066078332158,4.919786e-01,1.000000e+00,1.000000e+00,3/6,32.69%,MAP4K5;SLC3A2;RANBP2
prerank,Reactome_2022__NIK To Noncanonical NF-kB Signaling R-HSA-5676590,-0.23978153716778938,-0.9875349221310169,4.660194e-01,7.202851e-01,1.000000e+00,12/29,21.69%,PSMB1;UBB;PSMB4;PSMA1;PSMD7;PSMA6;PSMA3;PSME2;PSME1;PSMB10;RELB;PSMD13
prerank,Reactome_2022__Late SARS-CoV-2 Infection Events R-HSA-9772573,0.36007211139317186,0.9872938642921932,5.045872e-01,1.000000e+00,1.000000e+00,7/19,29.75%,PARP10;UBA52;MGAT4A;GSK3B;CANX;SRPK2;RPN1
prerank,Reactome_2022__HDMs Demethylate Histones R-HSA-3214842,0.5071333819123907,0.9870310432461604,5.095168e-01,1.000000e+00,1.000000e+00,2/5,27.94%,KDM4C;KDM5A
prerank,Reactome_2022__Infection With Mycobacterium Tuberculosis R-HSA-9635486,0.40629833870630966,0.9867122657602561,5.100251e-01,1.000000e+00,1.000000e+00,3/12,7.37%,UBA52;RNF213;MAPK1
prerank,Reactome_2022__PRC2 Methylates Histones And DNA R-HSA-212300,-0.34767212485065313,-0.9857409712683751,4.549763e-01,7.208462e-01,1.000000e+00,3/9,6.94%,RBBP7;H2AX;H2AZ1
prerank,Reactome_2022__RUNX1 Regulates Genes Involved In Megakaryocyte Differentiation And Platelet Function R-HSA-8936459,0.4073126881733087,0.9854547916141545,5.000000e-01,1.000000e+00,1.000000e+00,2/11,5.50%,TNRC6B;KMT2A
prerank,Reactome_2022__Cleavage Of Damaged Pyrimidine R-HSA-110329,-0.43304878292423105,-0.9850323913870781,4.622951e-01,7.149603e-01,1.000000e+00,2/5,6.94%,H2AX;H2AZ1
prerank,Reactome_2022__Packaging Of Telomere Ends R-HSA-171306,-0.43304878292423105,-0.9850323913870781,4.622951e-01,7.149603e-01,1.000000e+00,2/5,6.94%,H2AX;H2AZ1
prerank,Reactome_2022__RHOF GTPase Cycle R-HSA-9035034,0.480701857048499,0.9822411468271383,5.115646e-01,1.000000e+00,1.000000e+00,5/6,48.77%,ADD3;CAPZB;RHOF;PIK3R1;DIAPH1
prerank,Reactome_2022__Thrombin Signaling Thru Proteinase Activated Receptors (PARs) R-HSA-456926,0.47673429011011487,0.9813491752104192,5.076072e-01,1.000000e+00,1.000000e+00,3/6,18.91%,GNG2;MAPK1;GNA13
prerank,Reactome_2022__Protein Ubiquitination R-HSA-8852135,0.35502441335115037,0.9806814017488801,5.035461e-01,1.000000e+00,1.000000e+00,4/19,8.28%,UBE2D2;UBE2G2;UBA52;CDC73
prerank,Reactome_2022__Asparagine N-linked Glycosylation R-HSA-446203,0.3030753609180713,0.9794122897889784,5.252101e-01,1.000000e+00,1.000000e+00,17/48,29.75%,DYNC1H1;SPTAN1;KDELR2;UBA52;MGAT4A;CANX;ARFGAP3;ARF4;KDELR1;TRAPPC1;TMED9;MLEC;CAPZB;DERL1;TMED2;DCTN3;RPN1
prerank,Reactome_2022__Regulation Of TP53 Activity Thru Phosphorylation R-HSA-6804756,-0.3365487148430333,-0.9770138427122068,4.444444e-01,7.298113e-01,1.000000e+00,2/9,1.92%,CSNK2B;UBB
prerank,Reactome_2022__Smooth Muscle Contraction R-HSA-445355,-0.3353139442967071,-0.9760041081068309,4.599156e-01,7.283968e-01,1.000000e+00,4/10,12.45%,PKN1;ANXA1;TPM3;MYL6
prerank,Reactome_2022__Transport Of Inorganic Cations/Anions And Amino Acids/Oligopeptides R-HSA-425393,0.4483758377651987,0.9759740659911356,5.317139e-01,1.000000e+00,1.000000e+00,4/7,29.81%,SLC20A1;SLC3A2;SLC38A1;CALM1
prerank,Reactome_2022__Chemokine Receptors Bind Chemokines R-HSA-380108,0.4425941270919886,0.9747945371805223,5.260417e-01,1.000000e+00,1.000000e+00,2/8,19.02%,CX3CR1;CCL3
prerank,Reactome_2022__Signaling By Receptor Tyrosine Kinases R-HSA-9006934,-0.1765147160093853,-0.9730824490797472,6.666667e-01,7.311962e-01,1.000000e+00,27/93,17.68%,CHD4;POLR2J;UBB;CDC42;PKN1;POLR2K;CDC37;ATP6V0C;AP2M1;FURIN;FOS;BRK1;TCIRG1;ID2;ROCK1;RICTOR;STAM;HSP90AA1;VAV3;HNRNPH1;LYN;POLR2G;MATK;RHOA;JUND;FGFBP2;POLR2E
prerank,Reactome_2022__Nuclear Envelope (NE) Reassembly R-HSA-2995410,0.36407426416088084,0.9723171294552446,5.378347e-01,1.000000e+00,1.000000e+00,3/18,8.07%,TUBA1A;PPP2R1A;LBR
prerank,Reactome_2022__Response Of Mtb To Phagocytosis R-HSA-9637690,0.4101629544750369,0.9710334357031035,5.299363e-01,1.000000e+00,1.000000e+00,3/11,7.37%,UBA52;RNF213;MAPK1
prerank,Reactome_2022__Signal Regulatory Protein Family Interactions R-HSA-391160,0.5020244881099718,0.9707125710981614,5.330520e-01,1.000000e+00,1.000000e+00,2/5,28.21%,FYB1;GRB2
prerank,Reactome_2022__Chaperone Mediated Autophagy R-HSA-9613829,0.43659789385808245,0.9705799425643226,5.181208e-01,1.000000e+00,1.000000e+00,2/8,6.62%,EEF1A1;UBA52
prerank,Reactome_2022__Post NMDA Receptor Activation Events R-HSA-438064,0.4688429258306648,0.9702109939770501,5.430917e-01,1.000000e+00,1.000000e+00,4/6,37.07%,MAPK1;PRKX;CALM1;PRKACB
prerank,Reactome_2022__Activation Of NMDA Receptors And Postsynaptic Events R-HSA-442755,0.4688429258306648,0.9702109939770501,5.430917e-01,1.000000e+00,1.000000e+00,4/6,37.07%,MAPK1;PRKX;CALM1;PRKACB
prerank,Reactome_2022__Signaling By EGFR In Cancer R-HSA-1643713,-0.3517436430905829,-0.9696184889372358,4.516129e-01,7.349251e-01,1.000000e+00,2/8,3.10%,UBB;CDC37
prerank,Reactome_2022__Deactivation Of Beta-Catenin Transactivating Complex R-HSA-3769402,0.40886944685870796,0.9690076551192338,5.411914e-01,1.000000e+00,1.000000e+00,4/10,21.31%,UBA52;TLE1;YWHAZ;TLE4
prerank,Reactome_2022__Autodegradation Of E3 Ubiquitin Ligase COP1 R-HSA-349425,-0.23495303549752475,-0.96849262615924,5.048544e-01,7.338103e-01,1.000000e+00,12/28,22.12%,PSMB1;UBB;PSMB4;PSMA1;PSMD7;PSMA6;PSMA3;PSME2;PSME1;PSMB10;PSMD13;CARD16
prerank,"Reactome_2022__Cell Cycle, Mitotic R-HSA-69278",0.28161276489322773,0.9683183223241795,5.682508e-01,1.000000e+00,1.000000e+00,28/106,24.68%,KIF2A;TUBA1A;CDKN1B;CCND2;DYNC1H1;SSNA1;PPP2R1A;UBA52;MAPK1;AKAP9;LBR;RBL2;BUB3;CEP78;PPP1CC;PPP2R5C;NIPBL;SET;CCND3;GSK3B;ANAPC16;NUDC;PSMC3;PHLDA1;PSMA5;PSMF1;EML4;PSMD4
prerank,Reactome_2022__Platelet Degranulation R-HSA-114608,-0.2517098941990862,-0.9677923996156081,5.179856e-01,7.317787e-01,1.000000e+00,4/21,9.24%,CD63;MANF;SRGN;PFN1
prerank,Reactome_2022__AUF1 (hnRNP D0) Binds And Destabilizes mRNA R-HSA-450408,-0.23248527235510708,-0.9673851387059597,5.000000e-01,7.289244e-01,1.000000e+00,11/30,20.09%,PSMB1;UBB;PSMB4;PSMA1;PSMD7;PSMA6;PSMA3;EIF4G1;PSME2;PSME1;PSMB10
prerank,Reactome_2022__L1CAM Interactions R-HSA-373760,-0.29631476171141746,-0.9643254381245023,4.950000e-01,7.324901e-01,1.000000e+00,3/13,7.48%,CSNK2B;PKN1;AP2M1
prerank,Reactome_2022__Regulation Of Ornithine Decarboxylase (ODC) R-HSA-350562,-0.24849423467204138,-0.9642974977430742,5.084746e-01,7.288956e-01,1.000000e+00,10/24,21.69%,PSMB1;PSMB4;PSMA1;PSMD7;PSMA6;PSMA3;PSME2;PSME1;PSMB10;PSMD13
prerank,Reactome_2022__IRF3-mediated Induction Of Type I IFN R-HSA-3270619,0.49677698999804054,0.9642179820274351,5.535977e-01,1.000000e+00,1.000000e+00,3/5,40.54%,PRKDC;NLRC3;XRCC6
prerank,Reactome_2022__STING Mediated Induction Of Host Immune Responses R-HSA-1834941,0.49677698999804054,0.9642179820274351,5.535977e-01,1.000000e+00,1.000000e+00,3/5,40.54%,PRKDC;NLRC3;XRCC6
prerank,Reactome_2022__SUMOylation Of DNA Damage Response And Repair Proteins R-HSA-3108214,0.3730777083670388,0.963950708099841,5.417661e-01,1.000000e+00,1.000000e+00,2/16,5.77%,NSMCE3;PIAS1
prerank,Reactome_2022__RHOQ GTPase Cycle R-HSA-9013406,-0.3393519430873615,-0.9618750254859296,4.852941e-01,7.310518e-01,1.000000e+00,3/10,8.23%,CDC42;PKN1;LAMTOR1
prerank,Reactome_2022__Response To Elevated Platelet Cytosolic Ca2+ R-HSA-76005,-0.24562447708997825,-0.9607995420524711,4.857143e-01,7.299693e-01,1.000000e+00,4/22,9.24%,CD63;MANF;SRGN;PFN1
prerank,Reactome_2022__Hedgehog Ligand Biogenesis R-HSA-5358346,-0.22032945242519797,-0.9600965652905046,4.629630e-01,7.278499e-01,1.000000e+00,11/31,20.09%,PSMB1;UBB;PSMB4;PSMA1;PSMD7;PSMA6;PSMA3;PSME2;OS9;PSME1;PSMB10
prerank,Reactome_2022__Signaling By NTRKs R-HSA-166520,0.3376578762485255,0.9598683525660663,5.632563e-01,1.000000e+00,1.000000e+00,4/24,7.37%,FYN;PPP2R1A;REST;MAPK1
prerank,Reactome_2022__Vif-mediated Degradation Of APOBEC3G R-HSA-180585,-0.22734238771339055,-0.9593714305590305,5.000000e-01,7.257901e-01,1.000000e+00,11/30,21.69%,PSMB1;UBB;PSMB4;PSMA1;PSMD7;PSMA6;PSMA3;PSME2;PSME1;PSMB10;PSMD13
prerank,Reactome_2022__Factors Involved In Megakaryocyte Development And Platelet Production R-HSA-983231,0.36282583664252505,0.9591142656277541,5.477032e-01,1.000000e+00,1.000000e+00,2/17,0.43%,KIF2A;EHD1
prerank,Reactome_2022__Chromosome Maintenance R-HSA-73886,0.35328298181527457,0.9590432846211335,5.569620e-01,1.000000e+00,1.000000e+00,7/20,21.63%,ATRX;MIS18BP1;SMARCA5;TINF2;POLR2A;NPM1;RSF1
prerank,Reactome_2022__SARS-CoV Infections R-HSA-9679506,0.28429558396629,0.9579320559878137,5.831622e-01,1.000000e+00,1.000000e+00,27/79,29.75%,DDX5;CRBN;FAU;PARP10;ISCU;REST;UBA52;CNBP;MGAT4A;G3BP2;HLA-E;PTGES3;NFE2L2;GSK3B;YWHAZ;ARID4B;CANX;PLCG2;ITGA4;SRPK2;SNRPB;SNRPD2;GRB2;RBBP4;ISG15;STAT1;RPN1
prerank,Reactome_2022__Mitochondrial Translation Termination R-HSA-5419276,0.4049719027503278,0.9577024739109136,5.238095e-01,1.000000e+00,1.000000e+00,5/10,27.72%,MRPS6;MRPS7;MRPS15;MRPL10;MRPL14
prerank,Reactome_2022__Mitochondrial Translation Initiation R-HSA-5368286,0.4049719027503278,0.9577024739109136,5.238095e-01,1.000000e+00,1.000000e+00,5/10,27.72%,MRPS6;MRPS7;MRPS15;MRPL10;MRPL14
prerank,Reactome_2022__Hemostasis R-HSA-109582,0.27912083427330886,0.9568024147126263,5.961538e-01,1.000000e+00,1.000000e+00,43/100,37.13%,PRKCH;KIF2A;EHD1;RASGRP1;FYN;CYRIB;GNG2;PPP2R1A;MAPK1;PPP2R5C;FGR;LCK;YWHAZ;SELPLG;DGKD;ITGAL;KIFAP3;SLC3A2;PLCG2;ITGA4;GNA13;DOCK10;CSK;CD74;CAPZB;CD2;PLEK;PTPN1;GLG1;GRB2;CALM1;GYPC;DOK2;CD244;DOCK8;INPP5D;TAGLN2;TLN1;HSPA5;ORAI1;RAC2;PRKACB;CAP1
prerank,Reactome_2022__Interleukin-15 Signaling R-HSA-8983432,0.49145767135317203,0.9566610245004322,5.448179e-01,1.000000e+00,1.000000e+00,3/5,38.78%,GRB2;JAK1;IL2RG
prerank,Reactome_2022__RNA Polymerase II Transcription Termination R-HSA-73856,-0.23336869803681354,-0.9566139631562757,5.308642e-01,7.285885e-01,1.000000e+00,5/29,8.44%,SNRPF;SRSF3;RBM8A;SNRPE;SLU7
prerank,Reactome_2022__Role Of Nef In HIV-1 Replication And Disease Pathogenesis R-HSA-164952,0.43038912683774555,0.9557431502381731,5.458167e-01,1.000000e+00,1.000000e+00,2/8,14.10%,FYN;LCK
prerank,Reactome_2022__Ovarian Tumor Domain Proteases R-HSA-5689896,-0.34436626519703917,-0.9533149182373152,4.599156e-01,7.322861e-01,1.000000e+00,3/8,16.19%,UBB;OTUB1;RHOA
prerank,"Reactome_2022__Nucleotide-binding Domain, Leucine Rich Repeat Containing NLR Signaling Pathways R-HSA-168643",0.38195777765517525,0.9527362842067869,5.551471e-01,1.000000e+00,1.000000e+00,5/13,41.24%,PSTPIP1;CASP8;NFKB2;CASP4;ITCH
prerank,Reactome_2022__Glycolysis R-HSA-70171,0.41151630518013693,0.9520136876878976,5.588235e-01,1.000000e+00,1.000000e+00,2/10,5.93%,PPP2R1A;MAP4K5
prerank,Reactome_2022__Peptide Hormone Metabolism R-HSA-2980736,0.3930937091039494,0.9508475394494327,5.652725e-01,1.000000e+00,1.000000e+00,4/12,16.72%,VAMP2;RAB27A;SPCS2;SPCS1
prerank,Reactome_2022__mTORC1-mediated Signaling R-HSA-166208,-0.37959366036545894,-0.9495258998401092,5.174825e-01,7.372830e-01,1.000000e+00,3/6,16.51%,LAMTOR5;LAMTOR1;EIF4G1
prerank,Reactome_2022__Signaling By RAF1 Mutants R-HSA-9656223,0.398186208983677,0.9456236411485506,5.758323e-01,1.000000e+00,1.000000e+00,5/10,35.26%,MAPK1;CSK;CALM1;TLN1;IQGAP1
prerank,Reactome_2022__Mitochondrial Translation R-HSA-5368287,0.38747510340612257,0.9451826298278116,5.471464e-01,1.000000e+00,1.000000e+00,5/11,27.72%,MRPS6;MRPS7;MRPS15;MRPL10;MRPL14
prerank,Reactome_2022__Mitochondrial Translation Elongation R-HSA-5389840,0.38747510340612257,0.9451826298278116,5.471464e-01,1.000000e+00,1.000000e+00,5/11,27.72%,MRPS6;MRPS7;MRPS15;MRPL10;MRPL14
prerank,Reactome_2022__Constitutive Signaling By Ligand-Responsive EGFR Cancer Variants R-HSA-1236382,-0.3652113893080381,-0.9449905140167618,5.082645e-01,7.437897e-01,1.000000e+00,2/7,3.10%,UBB;CDC37
prerank,Reactome_2022__Interleukin-27 Signaling R-HSA-9020956,0.48657192533655985,0.944504468064405,5.639944e-01,1.000000e+00,1.000000e+00,3/5,37.98%,CANX;STAT1;JAK1
prerank,Reactome_2022__Nucleotide Excision Repair R-HSA-5696398,-0.23691973925360418,-0.942220375586015,5.434783e-01,7.462874e-01,1.000000e+00,4/24,5.02%,POLR2J;UBB;POLR2K;XPA
prerank,Reactome_2022__Response Of EIF2AK4 (GCN2) To Amino Acid Deficiency R-HSA-9633012,0.46820551670382493,0.9389924896364338,5.778689e-01,1.000000e+00,1.000000e+00,2/6,6.62%,FAU;UBA52
prerank,Reactome_2022__Signaling By EGFR R-HSA-177929,-0.289367383996488,-0.9386911244216488,5.291262e-01,7.508629e-01,1.000000e+00,2/12,1.98%,UBB;CDC42
prerank,Reactome_2022__Signaling By NOTCH1 R-HSA-1980143,0.36352906998000756,0.936546105597452,5.703883e-01,1.000000e+00,1.000000e+00,5/14,21.31%,UBA52;MIB2;TLE1;HIF1A;TLE4
prerank,Reactome_2022__HDR Thru Homologous Recombination (HRR) R-HSA-5685942,0.4751876636339071,0.9360717792742936,5.744986e-01,1.000000e+00,1.000000e+00,2/5,16.19%,UBA52;ATM
prerank,Reactome_2022__RAC2 GTPase Cycle R-HSA-9013404,-0.23018192750459435,-0.9342952097458914,5.855856e-01,7.570439e-01,1.000000e+00,5/23,8.49%,CDC42;PKN1;TAOK3;LAMTOR1;BRK1
prerank,Reactome_2022__Cell Surface Interactions At Vascular Wall R-HSA-202733,0.3213212988589123,0.9336015188337967,5.745614e-01,1.000000e+00,1.000000e+00,14/29,34.40%,FYN;LCK;SELPLG;ITGAL;SLC3A2;ITGA4;CD74;CD2;GLG1;GRB2;GYPC;DOK2;CD244;INPP5D
prerank,Reactome_2022__Hh Mutants Are Degraded By ERAD R-HSA-5362768,-0.222122737764481,-0.9330110110105605,5.607477e-01,7.527034e-01,1.000000e+00,11/30,20.09%,PSMB1;UBB;PSMB4;PSMA1;PSMD7;PSMA6;PSMA3;PSME2;OS9;PSME1;PSMB10
prerank,Reactome_2022__Hh Mutants Abrogate Ligand Secretion R-HSA-5387390,-0.222122737764481,-0.9330110110105605,5.607477e-01,7.527034e-01,1.000000e+00,11/30,20.09%,PSMB1;UBB;PSMB4;PSMA1;PSMD7;PSMA6;PSMA3;PSME2;OS9;PSME1;PSMB10
prerank,Reactome_2022__RNA Polymerase II Pre-transcription Events R-HSA-674695,-0.24201220282691227,-0.9329297598599697,5.785714e-01,7.494718e-01,1.000000e+00,3/19,4.43%,POLR2J;POLR2K;GTF2A2
prerank,Reactome_2022__RAF/MAP Kinase Cascade R-HSA-5673001,0.28180230119718763,0.9317310498286,6.317949e-01,1.000000e+00,1.000000e+00,19/64,30.82%,RASGRP1;FYN;RASA3;SPTAN1;PPP2R1A;UBA52;MAPK1;PPP1CC;PPP2R5C;PSMC3;CSK;PSMA5;PSMF1;PSMD4;RASAL3;GRB2;PTPN7;CALM1;PSMC5
prerank,Reactome_2022__MAPK1/MAPK3 Signaling R-HSA-5684996,0.28180230119718763,0.9317310498286,6.317949e-01,1.000000e+00,1.000000e+00,19/64,30.82%,RASGRP1;FYN;RASA3;SPTAN1;PPP2R1A;UBA52;MAPK1;PPP1CC;PPP2R5C;PSMC3;CSK;PSMA5;PSMF1;PSMD4;RASAL3;GRB2;PTPN7;CALM1;PSMC5
prerank,Reactome_2022__Paradoxical Activation Of RAF Signaling By Kinase Inactive BRAF R-HSA-6802955,0.3820368669999093,0.9315813703574972,5.877301e-01,1.000000e+00,1.000000e+00,9/11,54.70%,MAPK1;CSK;CALM1;TLN1;IQGAP1;APBB1IP;YWHAB;RAP1A;PEBP1
prerank,Reactome_2022__Metabolism Of Amino Acids And Derivatives R-HSA-71291,0.3024108861071753,0.9315330008803762,5.915493e-01,1.000000e+00,1.000000e+00,15/37,31.89%,FAU;UBA52;SERINC1;SBDS;PHYKPL;SLC3A2;PSMC3;PSMA5;TSTD1;PSMF1;PSMD4;SLC38A1;OAZ1;PSMC5;NDUFAB1
prerank,Reactome_2022__SRP-dependent Cotranslational Protein Targeting To Membrane R-HSA-1799339,0.3373615902763851,0.9309632917983005,5.777262e-01,1.000000e+00,1.000000e+00,6/20,16.72%,FAU;UBA52;SRPRA;TRAM1;SPCS2;SPCS1
prerank,Reactome_2022__DNA Double Strand Break Response R-HSA-5693606,0.39669073601005733,0.9294593229562361,5.909091e-01,1.000000e+00,1.000000e+00,3/10,16.19%,UBA52;SMARCA5;ATM
prerank,Reactome_2022__Recruitment And ATM-mediated Phosphorylation Of Repair And Signal Proteins At DNA Double Strand Breaks R-HSA-5693565,0.39669073601005733,0.9294593229562361,5.909091e-01,1.000000e+00,1.000000e+00,3/10,16.19%,UBA52;SMARCA5;ATM
prerank,Reactome_2022__Complement Cascade R-HSA-166658,-0.39013933547695606,-0.9294087421584888,5.035971e-01,7.540191e-01,1.000000e+00,6/6,61.16%,CD81;GZMM;HNRNPC;PSMA7;CPNE1;CD55
prerank,Reactome_2022__Beta-catenin Independent WNT Signaling R-HSA-3858494,-0.20023306547836514,-0.9293526736638128,6.142857e-01,7.507193e-01,1.000000e+00,11/41,14.48%,PSMB1;UBB;GNB1;PSMB4;AP2M1;PFN1;PSMA1;PSMD7;GNB2;PSMA6;PSMA3
prerank,Reactome_2022__HIV Infection R-HSA-162906,-0.18122779511071568,-0.9274846032673181,6.000000e-01,7.513069e-01,1.000000e+00,22/72,20.09%,PSMB1;POLR2J;UBB;POLR2K;GTF2A2;PSMB4;RAN;AP2M1;FURIN;RANBP1;PSMA1;PSMD7;PSMA6;CCNT1;PSMA3;POLR2G;CXCR4;POLR2E;PSME2;TAF15;PSME1;PSMB10
prerank,Reactome_2022__M Phase R-HSA-68886,0.2740061487619504,0.9266096838439832,6.479592e-01,1.000000e+00,1.000000e+00,22/86,24.68%,KIF2A;TUBA1A;DYNC1H1;SSNA1;PPP2R1A;UBA52;MAPK1;AKAP9;LBR;BUB3;CEP78;PPP1CC;PPP2R5C;NIPBL;SET;ANAPC16;NUDC;PSMC3;PSMA5;PSMF1;EML4;PSMD4
prerank,Reactome_2022__Regulation Of Insulin Secretion R-HSA-422356,0.38314119919640105,0.9234769529546535,6.074534e-01,1.000000e+00,1.000000e+00,2/11,3.85%,VAMP2;GNG2
prerank,Reactome_2022__EPH-ephrin Mediated Repulsion Of Cells R-HSA-3928665,0.46863794455315316,0.9233949294419914,6.114206e-01,1.000000e+00,1.000000e+00,1/5,1.92%,FYN
prerank,Reactome_2022__Nonsense Mediated Decay (NMD) Enhanced By Exon Junction Complex (EJC) R-HSA-975957,0.3700186793986844,0.9232884406307331,6.148325e-01,1.000000e+00,1.000000e+00,5/14,17.90%,FAU;PPP2R1A;UBA52;UPF3A;EIF4A3
prerank,Reactome_2022__RHO GTPases Activate PKNs R-HSA-5625740,-0.25377397560952897,-0.9222644674357243,5.602410e-01,7.601521e-01,1.000000e+00,4/17,6.94%,PKN1;RHOC;H2AX;H2AZ1
prerank,Reactome_2022__Phase I - Functionalization Of Compounds R-HSA-211945,-0.4036235379852261,-0.9212111399206617,5.275081e-01,7.589575e-01,1.000000e+00,2/5,13.30%,VDAC2;AURKAIP1
prerank,custom_senescence_signatures.gmt__CELLAGE_SENESCENCE_INHIBITS,-0.17473252462595246,-0.9210122477822348,7.000000e-01,5.834684e-01,6.257669e-01,14/99,8.01%,PSMB1;ENO1;SIRT2;HMGB2;SRSF3;DDIT4;NR1H2;GAPDH;HMGB1;PPIB;COX5B;ATP6V0C;RAN;FOS
prerank,Reactome_2022__Aggrephagy R-HSA-9646399,0.3979717585698781,0.9207155624264609,5.928382e-01,1.000000e+00,1.000000e+00,2/9,6.62%,DYNC1H1;UBA52
prerank,Reactome_2022__Formation Of beta-catenin:TCF Transactivating Complex R-HSA-201722,-0.29430015721222064,-0.9205548632184789,5.505051e-01,7.570235e-01,1.000000e+00,3/11,6.94%,CREBBP;H2AX;H2AZ1
prerank,Reactome_2022__SUMOylation Of DNA Replication Proteins R-HSA-4615885,0.43788176685449026,0.9188038266241115,6.185984e-01,1.000000e+00,1.000000e+00,2/7,32.69%,TOP1;RANBP2
prerank,Reactome_2022__Degradation Of GLI2 By Proteasome R-HSA-5610783,-0.21429144442869996,-0.9177463016369203,6.300000e-01,7.562619e-01,1.000000e+00,11/31,20.09%,PSMB1;UBB;PSMB4;PSMA1;PSMD7;PSMA6;PSMA3;PSME2;CSNK1A1;PSME1;PSMB10
prerank,Reactome_2022__GLI3 Is Processed To GLI3R By Proteasome R-HSA-5610785,-0.21429144442869996,-0.9177463016369203,6.300000e-01,7.562619e-01,1.000000e+00,11/31,20.09%,PSMB1;UBB;PSMB4;PSMA1;PSMD7;PSMA6;PSMA3;PSME2;CSNK1A1;PSME1;PSMB10
prerank,Reactome_2022__Degradation Of GLI1 By Proteasome R-HSA-5610780,-0.21882112960962385,-0.9171629668725603,6.057692e-01,7.544194e-01,1.000000e+00,11/30,21.69%,PSMB1;UBB;PSMB4;PSMA1;PSMD7;PSMA6;PSMA3;PSME2;PSME1;PSMB10;PSMD13
prerank,Reactome_2022__APC/C:Cdc20 Mediated Degradation Of Mitotic Proteins R-HSA-176409,-0.21758192315107674,-0.9140801945721068,6.122449e-01,7.473511e-01,1.000000e+00,8/31,14.48%,PSMB1;UBB;PSMB4;UBE2S;PSMA1;PSMD7;PSMA6;PSMA3
prerank,Reactome_2022__APC:Cdc20 Mediated Degradation Of Cell Cycle Proteins Before Cycle Checkpoint Satisfied R-HSA-179419,-0.21758192315107674,-0.9140801945721068,6.122449e-01,7.473511e-01,1.000000e+00,8/31,14.48%,PSMB1;UBB;PSMB4;UBE2S;PSMA1;PSMD7;PSMA6;PSMA3
prerank,Reactome_2022__Activation Of APC/C And APC/C:Cdc20 Mediated Degradation Of Mitotic Proteins R-HSA-176814,-0.21758192315107674,-0.9140801945721068,6.122449e-01,7.473511e-01,1.000000e+00,8/31,14.48%,PSMB1;UBB;PSMB4;UBE2S;PSMA1;PSMD7;PSMA6;PSMA3
prerank,Reactome_2022__Cdc20:Phospho-APC/C Mediated Degradation Of Cyclin A R-HSA-174184,-0.21758192315107674,-0.9140801945721068,6.122449e-01,7.473511e-01,1.000000e+00,8/31,14.48%,PSMB1;UBB;PSMB4;UBE2S;PSMA1;PSMD7;PSMA6;PSMA3
prerank,Reactome_2022__FCERI Mediated NF-kB Activation R-HSA-2871837,-0.2047583992366792,-0.9127028843732817,5.975610e-01,7.469397e-01,1.000000e+00,9/35,15.12%,PSMB1;NFKBIA;UBB;PSMB4;PSMA1;PSMD7;PSMA6;PSMA3;LYN
prerank,Reactome_2022__Stabilization Of P53 R-HSA-69541,-0.2225680502105042,-0.9115844714171708,6.060606e-01,7.459152e-01,1.000000e+00,12/29,22.12%,PSMB1;UBB;PSMB4;PSMA1;PSMD7;PSMA6;PSMA3;PSME2;PSME1;PSMB10;PSMD13;CARD16
prerank,Reactome_2022__ROS And RNS Production In Phagocytes R-HSA-1222556,-0.3697933798486124,-0.9113098534440378,5.305344e-01,7.431531e-01,1.000000e+00,2/6,9.03%,ATP6V0C;TCIRG1
prerank,Reactome_2022__Sema4D In Semaphorin Signaling R-HSA-400685,-0.3246016982877077,-0.9108969904703882,5.450980e-01,7.408538e-01,1.000000e+00,4/8,16.19%,RHOC;ROCK1;MYL6;RHOA
prerank,Reactome_2022__Potassium Channels R-HSA-1296071,-0.3924642358108626,-0.910669382526217,5.574324e-01,7.381628e-01,1.000000e+00,3/5,11.81%,GNB1;KCNAB2;GNB2
prerank,Reactome_2022__APC/C-mediated Degradation Of Cell Cycle Proteins R-HSA-174143,-0.21258278404593453,-0.9104860290105818,6.489362e-01,7.322630e-01,1.000000e+00,8/32,14.48%,PSMB1;UBB;PSMB4;UBE2S;PSMA1;PSMD7;PSMA6;PSMA3
prerank,Reactome_2022__Regulation Of APC/C Activators Between G1/S And Early Anaphase R-HSA-176408,-0.21258278404593453,-0.9104860290105818,6.489362e-01,7.322630e-01,1.000000e+00,8/32,14.48%,PSMB1;UBB;PSMB4;UBE2S;PSMA1;PSMD7;PSMA6;PSMA3
prerank,Reactome_2022__Calnexin/calreticulin Cycle R-HSA-901042,-0.3094674248345769,-0.9102977028747314,5.281385e-01,7.294733e-01,1.000000e+00,2/9,5.40%,UBB;PDIA3
prerank,Reactome_2022__E3 Ubiquitin Ligases Ubiquitinate Target Proteins R-HSA-8866654,0.34184436795069834,0.9099461335787652,6.070560e-01,1.000000e+00,1.000000e+00,7/16,33.12%,UBE2D2;UBA52;CDC73;PRKDC;DERL1;WAC;SELENOS
prerank,Reactome_2022__Extra-nuclear Estrogen Signaling R-HSA-9009391,0.35685931293403683,0.9098144674310727,6.038415e-01,1.000000e+00,1.000000e+00,4/14,15.81%,CDKN1B;GNG2;MAPK1;UHMK1
prerank,Reactome_2022__Programmed Cell Death R-HSA-5357801,0.2740060735559582,0.9093438778511432,6.621901e-01,1.000000e+00,1.000000e+00,18/67,24.68%,CYCS;PPP3CC;ACIN1;SPTAN1;UBA52;MAPK1;H1-4;H1-3;ADD1;STUB1;GZMB;YWHAZ;CASP8;PSMC3;H1-2;PSMA5;PSMF1;PSMD4
prerank,Reactome_2022__Metabolism Of Vitamins And Cofactors R-HSA-196854,0.3609215112441579,0.9087487772216739,6.046229e-01,1.000000e+00,1.000000e+00,6/14,29.81%,PARP10;SLC2A3;LRP10;CD320;FPGS;CALM1
prerank,Reactome_2022__RHOBTB1 GTPase Cycle R-HSA-9013422,0.3733782856125444,0.9084121201296074,6.301370e-01,1.000000e+00,1.000000e+00,2/12,8.23%,CCT2;STK38
prerank,Reactome_2022__Netrin-1 Signaling R-HSA-373752,-0.39444773300398067,-0.9063797479563664,5.466238e-01,7.345195e-01,1.000000e+00,2/5,2.62%,CDC42;PKN1
prerank,Reactome_2022__Mitotic Anaphase R-HSA-68882,0.27818817007902574,0.9062900523403139,6.871741e-01,1.000000e+00,1.000000e+00,9/61,9.56%,KIF2A;TUBA1A;DYNC1H1;PPP2R1A;UBA52;LBR;BUB3;PPP1CC;PPP2R5C
prerank,Reactome_2022__Mitotic Metaphase And Anaphase R-HSA-2555396,0.27818817007902574,0.9062900523403139,6.871741e-01,1.000000e+00,1.000000e+00,9/61,9.56%,KIF2A;TUBA1A;DYNC1H1;PPP2R1A;UBA52;LBR;BUB3;PPP1CC;PPP2R5C
prerank,Reactome_2022__Degradation Of Extracellular Matrix R-HSA-1474228,-0.3099889723141059,-0.9053752253601236,5.739130e-01,7.334223e-01,1.000000e+00,5/9,18.38%,CAPNS1;CD44;FURIN;BSG;CTSD
prerank,Reactome_2022__Hedgehog On State R-HSA-5632684,-0.21305888456961744,-0.9050573251903135,6.300000e-01,7.310388e-01,1.000000e+00,13/31,22.70%,PSMB1;UBB;PSMB4;PSMA1;PSMD7;PSMA6;PSMA3;PSME2;CSNK1A1;PSME1;PSMB10;PSMD13;CUL3
prerank,Reactome_2022__TNFR2 Non-Canonical NF-kB Pathway R-HSA-5668541,-0.20642442699284927,-0.9038348913630114,5.813953e-01,7.305727e-01,1.000000e+00,13/34,21.69%,PSMB1;UBB;PSMB4;PSMA1;PSMD7;PSMA6;PSMA3;BIRC2;PSME2;PSME1;PSMB10;RELB;PSMD13
prerank,Reactome_2022__Semaphorin Interactions R-HSA-373755,0.3354329185767944,0.9035532552809047,6.255981e-01,1.000000e+00,1.000000e+00,5/17,21.85%,PTPRC;FYN;MYH9;GSK3B;MYL12B
prerank,Reactome_2022__Visual Phototransduction R-HSA-2187338,-0.3632967025607361,-0.9034795576144736,5.527273e-01,7.283949e-01,1.000000e+00,3/6,15.28%,GNB1;C1D;RNF7
prerank,Reactome_2022__Interferon Signaling R-HSA-913531,0.27768399046420705,0.9029791808733129,6.596859e-01,1.000000e+00,1.000000e+00,19/56,32.75%,GBP5;EIF4A2;ISG20;PIAS1;UBA52;TRIM22;HLA-E;EIF4G2;EIF2AK2;EIF4A3;PPM1B;XAF1;SMAD7;PTPN1;ISG15;STAT1;IFNG;RANBP2;KPNB1
prerank,Reactome_2022__Ubiquitin-dependent Degradation Of Cyclin D R-HSA-75815,-0.2300602589761453,-0.9018486659123341,6.666667e-01,7.285626e-01,1.000000e+00,11/27,21.69%,PSMB1;UBB;PSMB4;PSMA1;PSMD7;PSMA6;PSMA3;PSME2;PSME1;PSMB10;PSMD13
prerank,Reactome_2022__Metabolism Of Proteins R-HSA-392499,0.24860254045193614,0.9010331600535036,8.050000e-01,1.000000e+00,1.000000e+00,104/308,33.76%,EEF1D;NEDD8;NSMCE3;TUBA1A;DDX5;EEF1A1;UBE2D2;RAB14;EIF4A2;VAMP2;USP11;DYNC1H1;PFDN5;EIF3A;AGTPBP1;GNG2;SPTAN1;UBE2G2;FAU;PIAS1;KTN1;KDELR2;UBA52;COMMD6;CCT2;CDC73;MRPS6;RAB37;RAB27A;RORA;SRPRA;CCT3;UCHL5;ADRB2;MGAT4A;DDX17;COPS6;TRAM1;EIF3B;EIF4B;SHISA5;NFE2L2;SPCS2;TBCC;SPCS1;CANX;ARFGAP3;ARF4;EIF3F;XRN2;EIF3E;PSMC3;HIF1A;PRKDC;RAB9A;FBXO7;SAFB;NPM1;KDELR1;TRAPPC1;EIF3I;TMED9;EEF2;TOMM20;PSMA5;MLEC;CAPZB;EIF5B;DERL1;NFKB2;MRPS7;EEF1B2;PSMF1;SMAD7;PSMD4;RAD23A;MRPS15;MRPL10;USP15;TMED2;MRPL14;SRP14;DCTN3;DNAJC3;RPN1;CALM1;WAC;PSMC5;MAT2B;CUL5;TOP1;DNMT1;SPCS3;EIF3G;EIF3L;HSPA8;TGOLN2;RANBP2;RAB1B;SELENOS;TNKS2;DCAF5;B3GNT2;NSMCE1
prerank,Reactome_2022__Class B/2 (Secretin Family Receptors) R-HSA-373080,0.4113041895719688,0.9009724359053441,6.278146e-01,1.000000e+00,1.000000e+00,2/8,11.11%,GNG2;ADGRE5
prerank,Reactome_2022__Insertion Of Tail-Anchored Proteins Into Endoplasmic Reticulum Membrane R-HSA-9609523,0.40458959374547,0.8990848478895253,6.322581e-01,1.000000e+00,1.000000e+00,1/8,2.46%,VAMP2
prerank,Reactome_2022__ADORA2B Mediated Anti-Inflammatory Cytokine Production R-HSA-9660821,0.35353457714993564,0.8981818933239649,6.229913e-01,1.000000e+00,1.000000e+00,5/14,24.04%,GNG2;PTGER2;ADRB2;PTGER4;PRKX
prerank,Reactome_2022__Cytokine Signaling In Immune System R-HSA-1280215,0.25342525974989344,0.8981412744842415,7.437437e-01,1.000000e+00,1.000000e+00,55/174,32.75%,IL10RA;PTPN4;GBP5;UBE2D2;CDKN1B;FYN;EIF4A2;VAMP2;ISG20;MCL1;HNRNPDL;HNRNPA2B1;PIAS1;PPP2R1A;UBA52;TRIM22;MAPK1;RORA;IL16;STAT4;LCK;HLA-E;EIF4G2;YWHAZ;TNFRSF14;EIF2AK2;CASP8;EIF4A3;PPM1B;CANX;CCL3;XAF1;PSMC3;HIF1A;CSK;TOX4;PSMA5;NFKB2;PSMF1;SMAD7;PSMD4;IL18R1;PTPN1;IL7R;GRB2;ISG15;STAT1;IL12RB2;PTPN7;PSMC5;CUL5;IFNG;HSPA8;RANBP2;KPNB1
prerank,Reactome_2022__RHOBTB GTPase Cycle R-HSA-9706574,0.33299432453596634,0.8974113014823422,6.251455e-01,1.000000e+00,1.000000e+00,3/18,8.23%,PHIP;CCT2;STK38
prerank,Reactome_2022__Mitochondrial Biogenesis R-HSA-1592230,0.322038138595783,0.8969409434803959,6.473988e-01,1.000000e+00,1.000000e+00,2/22,0.96%,CYCS;ATP5PO
prerank,Reactome_2022__Sema4D Induced Cell Migration And Growth-Cone Collapse R-HSA-416572,-0.3407386860906494,-0.8967144067840279,5.897436e-01,7.359784e-01,1.000000e+00,4/7,16.19%,RHOC;ROCK1;MYL6;RHOA
prerank,Reactome_2022__RHOJ GTPase Cycle R-HSA-9013409,-0.29960992168436845,-0.8964433962163912,5.639810e-01,7.335515e-01,1.000000e+00,3/11,8.23%,CDC42;PKN1;LAMTOR1
prerank,Reactome_2022__PD-1 Signaling R-HSA-389948,0.4595607927155866,0.8951690272737612,6.425470e-01,1.000000e+00,1.000000e+00,5/5,54.17%,LCK;CSK;CD247;CD3D;CD3E
prerank,Reactome_2022__Negative Regulation Of NOTCH4 Signaling R-HSA-9604323,-0.2172981456712277,-0.8949487659978482,6.800000e-01,7.337695e-01,1.000000e+00,11/29,21.69%,PSMB1;UBB;PSMB4;PSMA1;PSMD7;PSMA6;PSMA3;PSME2;PSME1;PSMB10;PSMD13
prerank,Reactome_2022__Metabolism Of Nucleotides R-HSA-15869,-0.32129391902091303,-0.8942004556015306,5.750000e-01,7.323861e-01,1.000000e+00,2/8,9.51%,NT5C;NME2
prerank,Reactome_2022__Toll Like Receptor 4 (TLR4) Cascade R-HSA-166016,0.3004315491917082,0.8934082574491539,6.482085e-01,1.000000e+00,1.000000e+00,5/31,7.37%,PTPN4;UBE2D2;PPP2R1A;UBA52;MAPK1
prerank,Reactome_2022__HSP90 Chaperone Cycle For Steroid Hormone Receptors (SHR) In Presence Of Ligand R-HSA-3371497,0.3502247221189303,0.8929682246772828,6.437346e-01,1.000000e+00,1.000000e+00,6/13,32.48%,DYNC1H1;DNAJB1;PTGES3;CAPZB;DCTN3;HSPA8
prerank,Reactome_2022__Nuclear Envelope Breakdown R-HSA-2980766,-0.32778969957081544,-0.8923959643257028,5.627706e-01,7.334238e-01,1.000000e+00,8/8,67.41%,EMD;LMNA;TPR;PRKCB;LEMD3;POM121;BANF1;RANBP2
prerank,Reactome_2022__RHOD GTPase Cycle R-HSA-9013405,0.3694602739241953,0.8884672969050869,6.313869e-01,1.000000e+00,1.000000e+00,2/11,8.07%,ADD3;LBR
prerank,Reactome_2022__Adaptive Immune System R-HSA-1280218,0.24907418197556325,0.8873728803393306,7.743230e-01,1.000000e+00,1.000000e+00,57/185,31.68%,KIF2A;PTPRC;RASGRP1;UBE2D2;FYN;DYNC1H1;BTN3A3;MYLIP;UBE2G2;LNPEP;PPP2R1A;UBA52;RNF213;MIB2;PPP2R5C;RNF19A;CD160;RNF126;SH2D1A;NFATC2;KLRK1;LCK;HLA-E;PTPN22;STUB1;YWHAZ;TNFRSF14;ITGAL;KIFAP3;CANX;PLCG2;ITGA4;ZAP70;PSMC3;CBLB;SIPA1;FBXO7;CSK;CD74;PSMA5;CAPZB;BTN3A2;PSMF1;PSMD4;NFATC3;CYBA;EVL;FYB1;HECTD1;GRB2;DCTN3;LAIR1;CALM1;PSMC5;CUL5;ICAM2;RBCK1
prerank,Reactome_2022__Interferon Gamma Signaling R-HSA-877300,0.30470201353739107,0.887253774981025,6.647919e-01,1.000000e+00,1.000000e+00,15/27,44.71%,GBP5;PIAS1;TRIM22;HLA-E;SMAD7;PTPN1;STAT1;IFNG;SOCS1;SP100;JAK1;HLA-C;HLA-F;PTPN2;IRF7
prerank,Reactome_2022__Regulation Of Necroptotic Cell Death R-HSA-5675482,-0.2782473065231446,-0.8867469047609303,6.650485e-01,7.385702e-01,1.000000e+00,5/12,15.87%,UBB;CDC37;HSP90AA1;BIRC2;OGT
prerank,Reactome_2022__RIPK1-mediated Regulated Necrosis R-HSA-5213460,-0.2782473065231446,-0.8867469047609303,6.650485e-01,7.385702e-01,1.000000e+00,5/12,15.87%,UBB;CDC37;HSP90AA1;BIRC2;OGT
prerank,Reactome_2022__Signaling By VEGF R-HSA-194138,-0.2360243961875792,-0.8866260826002963,6.474820e-01,7.329239e-01,1.000000e+00,7/20,12.93%,CDC42;PKN1;BRK1;ROCK1;RICTOR;HSP90AA1;VAV3
prerank,Reactome_2022__VEGFA-VEGFR2 Pathway R-HSA-4420097,-0.2360243961875792,-0.8866260826002963,6.474820e-01,7.329239e-01,1.000000e+00,7/20,12.93%,CDC42;PKN1;BRK1;ROCK1;RICTOR;HSP90AA1;VAV3
prerank,Reactome_2022__SARS-CoV-2 Infection R-HSA-9694516,0.27525466657206366,0.885585352671185,6.948258e-01,1.000000e+00,1.000000e+00,18/54,29.75%,DDX5;FAU;PARP10;ISCU;UBA52;CNBP;MGAT4A;G3BP2;HLA-E;GSK3B;YWHAZ;CANX;SRPK2;SNRPB;SNRPD2;ISG15;STAT1;RPN1
prerank,Reactome_2022__Metabolism Of Non-Coding RNA R-HSA-194441,-0.30792426172629456,-0.8854905311726149,5.641026e-01,7.320763e-01,1.000000e+00,2/9,4.70%,SNRPF;SNRPE
prerank,Reactome_2022__MAP2K And MAPK Activation R-HSA-5674135,0.37163830846966844,0.8853981643506116,6.509901e-01,1.000000e+00,1.000000e+00,8/10,54.70%,MAPK1;CSK;TLN1;IQGAP1;APBB1IP;YWHAB;RAP1A;PEBP1
prerank,Reactome_2022__Signaling By High-Kinase Activity BRAF Mutants R-HSA-6802948,0.37163830846966844,0.8853981643506116,6.509901e-01,1.000000e+00,1.000000e+00,8/10,54.70%,MAPK1;CSK;TLN1;IQGAP1;APBB1IP;YWHAB;RAP1A;PEBP1
prerank,Reactome_2022__RHO GTPases Activate CIT R-HSA-5625900,0.39543495424993125,0.8851795948173846,6.472149e-01,1.000000e+00,1.000000e+00,2/8,7.91%,CDKN1B;MYH9
prerank,Reactome_2022__Viral mRNA Translation R-HSA-192823,0.4585327966359378,0.8849233528089321,6.643454e-01,1.000000e+00,1.000000e+00,2/5,6.62%,FAU;UBA52
prerank,Reactome_2022__Toll-like Receptor Cascades R-HSA-168898,0.2937817856726138,0.882932104911151,6.530612e-01,1.000000e+00,1.000000e+00,5/33,7.37%,PTPN4;UBE2D2;PPP2R1A;UBA52;MAPK1
prerank,Reactome_2022__Negative Regulators Of DDX58/IFIH1 Signaling R-HSA-936440,0.3559388623705465,0.8818483810212182,6.633292e-01,1.000000e+00,1.000000e+00,2/13,6.62%,UBE2D2;UBA52
prerank,Reactome_2022__Deposition Of New CENPA-containing Nucleosomes At Centromere R-HSA-606279,0.3855196954404444,0.8805095665863542,6.524548e-01,1.000000e+00,1.000000e+00,5/9,28.31%,MIS18BP1;SMARCA5;NPM1;RSF1;RBBP4
prerank,Reactome_2022__RHOB GTPase Cycle R-HSA-9013026,0.3477082428602507,0.8803858577937803,6.406250e-01,1.000000e+00,1.000000e+00,3/14,10.31%,ARHGEF3;STOM;ARHGEF1
prerank,Reactome_2022__Metabolism Of Carbohydrates R-HSA-71387,0.30239014884110166,0.8778719108953833,6.632997e-01,1.000000e+00,1.000000e+00,12/27,37.07%,CHST12;PPP2R1A;MAP4K5;UBA52;DCXR;CALM1;AKR1B1;RANBP2;B3GNT2;MDH1;PHKG2;PRKACB
prerank,Reactome_2022__G2/M Checkpoints R-HSA-69481,-0.20177338774001558,-0.8774676389728714,6.829268e-01,7.454376e-01,1.000000e+00,8/33,14.48%,PSMB1;UBB;H2AX;PSMB4;PSMA1;PSMD7;PSMA6;PSMA3
prerank,Reactome_2022__Phospholipid Metabolism R-HSA-1483257,0.31941068006428497,0.8774646074460006,6.678121e-01,1.000000e+00,1.000000e+00,11/20,39.26%,RAB14;PLAAT4;LPCAT1;SLC44A2;OSBPL8;PIP4K2A;INPP5D;AGK;SACM1L;HADHA;PTDSS1
prerank,Reactome_2022__Senescence-Associated Secretory Phenotype (SASP) R-HSA-2559582,0.3158293941799505,0.8765308020013599,6.651481e-01,1.000000e+00,1.000000e+00,5/21,18.70%,CDKN1B;UBA52;MAPK1;ANAPC16;EHMT1
prerank,Reactome_2022__Interleukin-12 Family Signaling R-HSA-447115,0.3097361317219194,0.876281307633166,6.583428e-01,1.000000e+00,1.000000e+00,12/24,41.88%,HNRNPDL;HNRNPA2B1;STAT4;CANX;TOX4;STAT1;IL12RB2;IFNG;CNN2;JAK1;HSPA9;HNRNPF
prerank,Reactome_2022__Signaling By CSF3 (G-CSF) R-HSA-9674555,0.34632727590935547,0.8745484209210406,6.609125e-01,1.000000e+00,1.000000e+00,8/14,39.48%,UBE2D2;UBA52;GRB2;STAT1;CUL5;SOCS1;JAK1;UBE2D3
prerank,Reactome_2022__SARS-CoV-2 Modulates Host Translation Machinery R-HSA-9754678,-0.34605906804700975,-0.8729445495907399,6.104869e-01,7.509246e-01,1.000000e+00,2/6,4.70%,SNRPF;SNRPE
prerank,Reactome_2022__Disease R-HSA-1643685,0.2410514039487479,0.8728782199424757,8.420000e-01,1.000000e+00,1.000000e+00,92/292,31.09%,ATRX;DDX5;CDKN1B;FYN;VAMP2;CCND2;DYNC1H1;GNG2;CRBN;FAU;PARP10;PPP2R1A;MAP4K5;ERLEC1;ISCU;PSTPIP1;REST;UBA52;GCC2;PTGER2;RNF213;MAPK1;CAPN2;MIB2;AKAP9;MYH9;PPP1CC;PPP2R5C;CNBP;ADRB2;MGAT4A;FGR;PSIP1;G3BP2;ZC3HAV1;LCK;HLA-E;GOLGA4;CCND3;PTGES3;NFE2L2;GSK3B;ATM;YWHAZ;CYFIP2;ANAPC16;EIF2AK2;SND1;CASP8;ARID4B;SLC3A2;PPM1B;WIPF1;BIRC6;CANX;PLCG2;ITGA4;PSMC3;POLR2A;PTGER4;NPM1;ABI1;CSK;EEF2;PSMA5;TCEA1;DERL1;NFKB2;SRPK2;PRKX;CD320;PSMF1;EML4;PSMD4;CYBA;FXR1;DCXR;SNRPB;SNRPD2;GRB2;RBBP4;DNAJC3;ISG15;STAT1;ACTR3;GPS2;RPN1;CALM1;TAF7;PSMC5;CUL5;DNMT1
prerank,Reactome_2022__Neurotransmitter Receptors And Postsynaptic Signal Transmission R-HSA-112314,-0.2565545005740834,-0.8715056940850123,6.455026e-01,7.504863e-01,1.000000e+00,5/14,13.68%,GNAI2;GNB1;AP2M1;GNB2;PRKAG1
prerank,Reactome_2022__Plasma Lipoprotein Clearance R-HSA-8964043,0.4170035765419826,0.8706013578481946,6.414566e-01,1.000000e+00,1.000000e+00,2/6,6.62%,MYLIP;UBA52
prerank,Reactome_2022__VLDLR Internalisation And Degradation R-HSA-8866427,0.4170035765419826,0.8706013578481946,6.414566e-01,1.000000e+00,1.000000e+00,2/6,6.62%,MYLIP;UBA52
prerank,Reactome_2022__RHO GTPases Activate PAKs R-HSA-5627123,-0.3225545547000783,-0.8684661885125106,6.289062e-01,7.535467e-01,1.000000e+00,2/8,2.62%,CDC42;PKN1
prerank,Reactome_2022__rRNA Modification In Nucleus And Cytosol R-HSA-6790901,0.39760720799833493,0.8671126735958772,6.818774e-01,1.000000e+00,1.000000e+00,4/8,41.99%,THUMPD1;FBL;NOP58;SNU13
prerank,Reactome_2022__Fatty Acid Metabolism R-HSA-8978868,0.3431717407831216,0.8670543218396887,6.582734e-01,1.000000e+00,1.000000e+00,7/13,40.28%,ALOX5AP;PTGES3;PTGDS;DECR1;NDUFAB1;HADHA;GPX4
prerank,Reactome_2022__Toll Like Receptor 3 (TLR3) Cascade R-HSA-168164,0.3063349715110463,0.8669443849354295,6.741826e-01,1.000000e+00,1.000000e+00,4/24,7.37%,UBE2D2;PPP2R1A;UBA52;MAPK1
prerank,Reactome_2022__MyD88-independent TLR4 Cascade R-HSA-166166,0.3063349715110463,0.8669443849354295,6.741826e-01,1.000000e+00,1.000000e+00,4/24,7.37%,UBE2D2;PPP2R1A;UBA52;MAPK1
prerank,Reactome_2022__HDACs Deacetylate Histones R-HSA-3214815,-0.2897167450458804,-0.865858632776552,6.452991e-01,7.557594e-01,1.000000e+00,2/9,3.95%,CHD4;RBBP7
prerank,Reactome_2022__Diseases Of Signal Transduction By Growth Factor Receptors And Second Messengers R-HSA-5663202,0.2501520832342063,0.8637232799263036,7.620968e-01,1.000000e+00,1.000000e+00,39/109,35.47%,CDKN1B;FYN;PPP2R1A;ERLEC1;UBA52;GCC2;RNF213;MAPK1;MIB2;AKAP9;MYH9;PPP1CC;PPP2R5C;ZC3HAV1;LCK;GOLGA4;GSK3B;SND1;PPM1B;BIRC6;PSMC3;POLR2A;NPM1;CSK;PSMA5;PSMF1;EML4;PSMD4;FXR1;GRB2;STAT1;CALM1;PSMC5;RANBP2;TNKS2;TLN1;AGK;IQGAP1;BIN2
prerank,Reactome_2022__RHOH GTPase Cycle R-HSA-9013407,0.3377376118854009,0.8635809094711544,6.786571e-01,1.000000e+00,1.000000e+00,5/15,22.33%,STOM;RHOH;LCK;ZAP70;CSK
prerank,Reactome_2022__Post-translational Protein Phosphorylation R-HSA-8957275,0.3274436743767498,0.8635621301718583,6.615746e-01,1.000000e+00,1.000000e+00,7/16,41.67%,KTN1;MGAT4A;SHISA5;DNAJC3;TGOLN2;PRSS23;IGFBP4
prerank,Reactome_2022__Muscle Contraction R-HSA-397014,-0.25421606180690776,-0.8629360937771625,6.379310e-01,7.585667e-01,1.000000e+00,6/16,14.32%,PKN1;ANXA1;SRI;TPM3;MYL6;VIM
prerank,Reactome_2022__Post-translational Protein Modification R-HSA-597592,0.2398624459998821,0.8626178312386742,8.490000e-01,1.000000e+00,1.000000e+00,73/219,33.76%,NEDD8;NSMCE3;TUBA1A;DDX5;EEF1A1;UBE2D2;RAB14;USP11;DYNC1H1;AGTPBP1;SPTAN1;UBE2G2;PIAS1;KTN1;KDELR2;UBA52;COMMD6;CDC73;RAB37;RAB27A;RORA;UCHL5;ADRB2;MGAT4A;DDX17;COPS6;SHISA5;NFE2L2;CANX;ARFGAP3;ARF4;PSMC3;HIF1A;PRKDC;RAB9A;FBXO7;SAFB;NPM1;KDELR1;TRAPPC1;TMED9;EEF2;TOMM20;PSMA5;MLEC;CAPZB;DERL1;NFKB2;PSMF1;SMAD7;PSMD4;RAD23A;USP15;TMED2;DCTN3;DNAJC3;RPN1;CALM1;WAC;PSMC5;MAT2B;CUL5;TOP1;DNMT1;HSPA8;TGOLN2;RANBP2;RAB1B;SELENOS;TNKS2;DCAF5;B3GNT2;NSMCE1
prerank,Reactome_2022__Signal Amplification R-HSA-392518,-0.3477443424195867,-0.8596539606376862,6.845878e-01,7.622390e-01,1.000000e+00,3/6,11.81%,GNAI2;GNB1;GNB2
prerank,Reactome_2022__Metabolism Of Polyamines R-HSA-351202,-0.2188748040653123,-0.8586527442036562,6.486486e-01,7.613047e-01,1.000000e+00,10/25,21.69%,PSMB1;PSMB4;PSMA1;PSMD7;PSMA6;PSMA3;PSME2;PSME1;PSMB10;PSMD13
prerank,Reactome_2022__Mitochondrial Fatty Acid Beta-Oxidation R-HSA-77289,-0.3474858090025984,-0.8578185067884009,5.756458e-01,7.598188e-01,1.000000e+00,2/6,9.94%,ACAA2;DBI
prerank,Reactome_2022__Defective CFTR Causes Cystic Fibrosis R-HSA-5678895,-0.20043252624076735,-0.857663011720134,6.923077e-01,7.572618e-01,1.000000e+00,11/31,20.09%,PSMB1;UBB;PSMB4;PSMA1;PSMD7;PSMA6;PSMA3;PSME2;OS9;PSME1;PSMB10
prerank,Reactome_2022__Mitochondrial Protein Import R-HSA-1268020,-0.2487619411579331,-0.8572632974131059,6.875000e-01,7.550508e-01,1.000000e+00,2/16,1.01%,VDAC1;COX17
prerank,Reactome_2022__Pyroptosis R-HSA-5620971,0.41861727815891325,0.8549412840704066,6.800535e-01,1.000000e+00,1.000000e+00,4/6,34.78%,CYCS;GZMB;CASP4;BAX
prerank,Reactome_2022__Cellular Responses To Stress R-HSA-2262752,0.24326094028850717,0.8541702578317327,8.196393e-01,1.000000e+00,1.000000e+00,38/156,24.68%,ETS1;CYCS;EEF1A1;UBE2D2;CDKN1B;DYNC1H1;TNRC6B;FAU;DNAJB1;DEDD2;UBA52;CITED2;MAPK1;H1-4;RORA;SRPRA;H1-3;ADD1;COX14;CABIN1;PTGES3;NFE2L2;UBN1;GSK3B;ATM;ANAPC16;TINF2;ST13;EHMT1;HMOX2;PSMC3;HIF1A;H1-2;PSMA5;CAPZB;DNAJC2;PSMF1;PSMD4
prerank,Reactome_2022__Glucose Metabolism R-HSA-70326,0.3543404682447459,0.8538318133944317,6.720698e-01,1.000000e+00,1.000000e+00,2/12,5.93%,PPP2R1A;MAP4K5
prerank,Reactome_2022__Immune System R-HSA-168256,0.232971157306779,0.8494909849240482,9.100000e-01,1.000000e+00,1.000000e+00,120/427,29.49%,KIF2A;IL10RA;PTPN4;GBP5;PTPRC;EEF1A1;RASGRP1;UBE2D2;CDKN1B;FYN;RAB14;EIF4A2;VAMP2;DYNC1H1;ARHGAP45;ISG20;MCL1;BTN3A3;MYLIP;SPTAN1;UBE2G2;HNRNPDL;LNPEP;HNRNPA2B1;PIAS1;PPP2R1A;PSTPIP1;UBA52;TRIM22;RNF213;MAPK1;MIB2;CCT2;MYH9;SLC2A3;RAB37;RAB27A;RORA;STOM;PPP2R5C;IL16;RNF19A;ADGRE5;LPCAT1;CD160;FGR;RNF126;SH2D1A;NFATC2;STAT4;KLRK1;LCK;HLA-E;GDI2;PTPN22;EIF4G2;IQGAP2;STUB1;YWHAZ;CYFIP2;TNFRSF14;EIF2AK2;ITGAL;CASP8;KIFAP3;EIF4A3;PPM1B;WIPF1;CANX;PLCG2;ITGA4;ZAP70;CCL3;HMOX2;XAF1;PSMC3;HIF1A;CBLB;SIPA1;PRKDC;FBXO7;TRAPPC1;ABI1;CSK;TOX4;EEF2;CD74;PSMA5;MLEC;KLRC2;CAPZB;NFKB2;SLC44A2;BTN3A2;PSMF1;SMAD7;PSMD4;NFATC3;LAMP1;ATP8A1;GLIPR1;IL18R1;PTPN1;CYBA;EVL;IL7R;FYB1;HECTD1;NLRC3;SRP14;GRB2;DCTN3;DNAJC3;ISG15;STAT1;IL12RB2;ACTR3;OSTF1;PTPN7;LAIR1
prerank,Reactome_2022__Recognition Of DNA Damage By PCNA-containing Replication Complex R-HSA-110314,-0.38357295590721197,-0.8454327382451153,6.572327e-01,7.747818e-01,1.000000e+00,2/5,10.26%,UBB;UBE2B
prerank,Reactome_2022__Transport Of Small Molecules R-HSA-382551,0.24811932024837483,0.8449433262161431,7.660224e-01,1.000000e+00,1.000000e+00,25/84,25.69%,NEDD8;GNG2;MYLIP;ARL2BP;SLC20A1;ERLEC1;UBA52;ADD3;SLC2A3;STOM;EMB;ADD1;SLC3A2;TSC22D3;HMOX2;PSMC3;PHB2;PSMA5;DERL1;SLC39A10;SLC44A2;PSMF1;PSMD4;SLC38A1;ATP8A1
prerank,Reactome_2022__Cooperation Of PDCL (PhLP1) And TRiC/CCT In G-protein Beta Folding R-HSA-6814122,0.3405485821976496,0.8439028070603426,6.836228e-01,1.000000e+00,1.000000e+00,3/12,10.74%,GNG2;CCT2;CCT3
prerank,Reactome_2022__Hedgehog Off State R-HSA-5610787,-0.18906194192576783,-0.8410844124465721,7.500000e-01,7.799830e-01,1.000000e+00,11/35,20.09%,PSMB1;UBB;PSMB4;PSMA1;PSMD7;PSMA6;PSMA3;PSME2;CSNK1A1;PSME1;PSMB10
prerank,Reactome_2022__SCF(Skp2)-mediated Degradation Of P27/P21 R-HSA-187577,-0.20120780031646018,-0.8408027449464277,6.635514e-01,7.775914e-01,1.000000e+00,10/28,20.09%,PSMB1;UBB;PSMB4;PSMA1;PSMD7;PSMA6;PSMA3;PSME2;PSME1;PSMB10
prerank,Reactome_2022__NOTCH1 Intracellular Domain Regulates Transcription R-HSA-2122947,0.34673927888865647,0.839904412538627,6.927017e-01,1.000000e+00,1.000000e+00,4/11,21.31%,UBA52;TLE1;HIF1A;TLE4
prerank,Reactome_2022__Transcriptional Regulation By E2F6 R-HSA-8953750,0.387378470581316,0.8396654419186955,6.827048e-01,1.000000e+00,1.000000e+00,5/7,41.77%,UXT;EHMT1;RBBP4;EPC1;TFDP2
prerank,Reactome_2022__Cellular Responses To Stimuli R-HSA-8953897,0.23903623403094193,0.8394480751642894,8.376754e-01,1.000000e+00,1.000000e+00,38/157,24.68%,ETS1;CYCS;EEF1A1;UBE2D2;CDKN1B;DYNC1H1;TNRC6B;FAU;DNAJB1;DEDD2;UBA52;CITED2;MAPK1;H1-4;RORA;SRPRA;H1-3;ADD1;COX14;CABIN1;PTGES3;NFE2L2;UBN1;GSK3B;ATM;ANAPC16;TINF2;ST13;EHMT1;HMOX2;PSMC3;HIF1A;H1-2;PSMA5;CAPZB;DNAJC2;PSMF1;PSMD4
prerank,Reactome_2022__CD28 Dependent PI3K/Akt Signaling R-HSA-389357,0.4433581834811965,0.8389074124902391,7.320169e-01,1.000000e+00,1.000000e+00,2/5,14.10%,FYN;LCK
prerank,Reactome_2022__Metabolism Of Lipids R-HSA-556833,0.2554832530263613,0.8372855844674356,7.798354e-01,1.000000e+00,1.000000e+00,30/66,37.39%,RAB14;PLAAT4;PPP1CA;LBR;THRAP3;IDI1;RORA;HMGCS1;PPP1CC;LPCAT1;ALOX5AP;PTGES3;PTGDS;SLC44A2;MED15;MED10;GLIPR1;GPS2;AKR1B1;DECR1;NDUFAB1;CHD9;KPNB1;OSBPL8;PIP4K2A;INPP5D;AGK;SACM1L;PRKACB;HADHA
prerank,Reactome_2022__Integration Of Provirus R-HSA-162592,0.4281540561785227,0.8371006601113354,6.963504e-01,1.000000e+00,1.000000e+00,3/5,40.54%,PSIP1;BANF1;XRCC6
prerank,Reactome_2022__Formation Of Incision Complex In GG-NER R-HSA-5696395,0.3420603252984923,0.8357252340234829,7.002457e-01,1.000000e+00,1.000000e+00,2/12,6.62%,PIAS1;UBA52
prerank,Reactome_2022__RNA Polymerase III Transcription Initiation From Type 3 Promoter R-HSA-76071,-0.315898725228961,-0.8356791848847025,6.680000e-01,7.842618e-01,1.000000e+00,1/7,3.04%,POLR2K
prerank,Reactome_2022__Regulated Necrosis R-HSA-5218859,0.3136572915661069,0.8351359298394643,7.209026e-01,1.000000e+00,1.000000e+00,5/18,17.52%,CYCS;UBA52;STUB1;GZMB;CASP8
prerank,Reactome_2022__Regulation Of RUNX2 Expression And Activity R-HSA-8939902,-0.19789605236351257,-0.8334353223674775,7.500000e-01,7.851885e-01,1.000000e+00,8/32,14.48%,PSMB1;UBB;PSMB4;PSMA1;NR3C1;PSMD7;PSMA6;PSMA3
prerank,Reactome_2022__DEx/H-box Helicases Activate Type I IFN And Inflammatory Cytokines Production R-HSA-3134963,0.4285689720861385,0.8310798330737338,7.280453e-01,1.000000e+00,1.000000e+00,3/5,53.31%,NFKB2;IRF7;DHX36
prerank,Reactome_2022__ABC Transporter Disorders R-HSA-5619084,-0.19681481892439942,-0.8284910583925486,7.634409e-01,7.912761e-01,1.000000e+00,11/32,20.09%,PSMB1;UBB;PSMB4;PSMA1;PSMD7;PSMA6;PSMA3;PSME2;OS9;PSME1;PSMB10
prerank,Reactome_2022__Iron Uptake And Transport R-HSA-917937,0.33600112933051024,0.8270973665199404,7.005013e-01,1.000000e+00,1.000000e+00,2/12,6.62%,NEDD8;UBA52
prerank,Reactome_2022__trans-Golgi Network Vesicle Budding R-HSA-199992,-0.24582837795143217,-0.8270670300773559,7.584270e-01,7.909641e-01,1.000000e+00,4/13,14.53%,RAB5C;M6PR;FTH1;VAMP8
prerank,Reactome_2022__Signaling To ERKs R-HSA-187687,0.40378812900030603,0.8268961024913358,7.260638e-01,1.000000e+00,1.000000e+00,2/6,28.21%,MAPK1;GRB2
prerank,Reactome_2022__Downregulation Of SMAD2/3:SMAD4 Transcriptional Activity R-HSA-2173795,0.3468559688403673,0.8268553897884112,7.256858e-01,1.000000e+00,1.000000e+00,4/11,28.79%,UBA52;MAPK1;SMAD7;STAT1
prerank,Reactome_2022__PPARA Activates Gene Expression R-HSA-1989781,0.3217153202923518,0.8265241356002052,7.112172e-01,1.000000e+00,1.000000e+00,8/15,31.94%,THRAP3;RORA;HMGCS1;MED15;MED10;GLIPR1;GPS2;CHD9
prerank,Reactome_2022__Regulation Of Lipid Metabolism By PPARalpha R-HSA-400206,0.3217153202923518,0.8265241356002052,7.112172e-01,1.000000e+00,1.000000e+00,8/15,31.94%,THRAP3;RORA;HMGCS1;MED15;MED10;GLIPR1;GPS2;CHD9
prerank,Reactome_2022__P75 NTR Receptor-Mediated Signaling R-HSA-193704,0.2987325339663636,0.8249402742600418,7.087719e-01,1.000000e+00,1.000000e+00,4/19,18.91%,ARHGEF3;UBA52;ARHGEF1;GNA13
prerank,Reactome_2022__SUMOylation Of Chromatin Organization Proteins R-HSA-4551638,0.35256469305233096,0.8242044588724668,7.232704e-01,1.000000e+00,1.000000e+00,1/10,5.77%,PIAS1
prerank,Reactome_2022__N-glycan Trimming In ER And Calnexin/Calreticulin Cycle R-HSA-532668,0.3223401338399157,0.823607292826515,7.132530e-01,1.000000e+00,1.000000e+00,4/13,23.29%,UBA52;CANX;MLEC;DERL1
prerank,Reactome_2022__FCGR3A-mediated Phagocytosis R-HSA-9664422,0.29130787242953843,0.8219446519997401,7.098976e-01,1.000000e+00,1.000000e+00,9/22,29.11%,FYN;MAPK1;MYH9;FGR;CYFIP2;WIPF1;ABI1;GRB2;ACTR3
prerank,Reactome_2022__Global Genome Nucleotide Excision Repair (GG-NER) R-HSA-5696399,0.3144503324255432,0.8203272405782019,7.297297e-01,1.000000e+00,1.000000e+00,3/15,12.18%,PIAS1;UBA52;COPS6
prerank,Reactome_2022__RHOU GTPase Cycle R-HSA-9013420,0.32699501285228666,0.8198001873366296,7.123947e-01,1.000000e+00,1.000000e+00,3/13,12.13%,SPTAN1;ARHGAP30;ITSN2
prerank,Reactome_2022__SUMOylation Of SUMOylation Proteins R-HSA-4085377,-0.327438370846731,-0.8173223888184489,7.265918e-01,8.057119e-01,1.000000e+00,6/6,67.41%,UBE2I;TPR;SUMO2;SUMO1;POM121;RANBP2
prerank,Reactome_2022__Costimulation By CD28 Family R-HSA-388841,0.31107699262845395,0.8169038271998913,7.470726e-01,1.000000e+00,1.000000e+00,6/17,22.33%,FYN;PPP2R1A;PPP2R5C;LCK;TNFRSF14;CSK
prerank,Reactome_2022__Transcriptional Activation Of Mitochondrial Biogenesis R-HSA-2151201,0.3712047716837351,0.8162356996196299,7.250996e-01,1.000000e+00,1.000000e+00,1/8,0.53%,CYCS
prerank,Reactome_2022__Processing Of SMDT1 R-HSA-8949664,0.37819040013196564,0.8148072466691108,7.249322e-01,1.000000e+00,1.000000e+00,4/7,40.60%,PHB2;MCUB;MICU2;YME1L1
prerank,Reactome_2022__Immunoregulatory Interactions Between A Lymphoid And A non-Lymphoid Cell R-HSA-198933,0.2550676529904543,0.8144143362082618,7.811159e-01,1.000000e+00,1.000000e+00,27/41,54.17%,CD160;SH2D1A;KLRK1;HLA-E;ITGAL;ITGA4;LAIR1;ICAM2;CD8A;NCR1;HLA-C;CD247;KLRD1;HLA-F;KLRC1;ITGB7;CLEC2D;ITGB1;ITGB2;HLA-A;IFITM1;HLA-B;CD3D;KLRG1;KIR3DL1;SELL;CD3E
prerank,Reactome_2022__APC/C:Cdc20 Mediated Degradation Of Cyclin B R-HSA-174048,0.38039481843514467,0.8134681827720732,7.428181e-01,1.000000e+00,1.000000e+00,2/7,16.77%,UBA52;ANAPC16
prerank,Reactome_2022__COPI-independent Golgi-to-ER Retrograde Traffic R-HSA-6811436,0.37701096310058874,0.8131633187437775,7.307692e-01,1.000000e+00,1.000000e+00,3/7,28.42%,DYNC1H1;CAPZB;DCTN3
prerank,Reactome_2022__Initiation Of Nuclear Envelope (NE) Reformation R-HSA-2995383,0.3568780561107743,0.8127761313524507,7.496823e-01,1.000000e+00,1.000000e+00,2/9,8.07%,PPP2R1A;LBR
prerank,Reactome_2022__Gene Expression (Transcription) R-HSA-74160,0.22830195896026437,0.8124092116900498,9.219219e-01,1.000000e+00,1.000000e+00,78/234,33.33%,CYCS;PTPN4;CDKN1B;SSU72;INTS11;CCND2;TNRC6B;THOC2;KMT2A;PPP2R1A;UBA52;CITED2;MAPK1;SLC2A3;LBR;CDC73;RBL2;SMARCA5;RORA;PPP2R5C;PHAX;NFATC2;COX14;TAF1D;CCND3;BDP1;CDC40;STUB1;UXT;GSK3B;ATM;RGCC;YWHAZ;CNOT6L;ANAPC16;ITGAL;ARID4B;EIF4A3;ITGA4;EHMT1;PHF1;PSMC3;HSPD1;POLR2A;NPM1;PSMA5;TCEA1;ZNF331;MED15;PSMF1;SMAD7;PSMD4;MED10;SRSF4;CNOT2;PTPN1;SNRPB;GTF3A;U2AF2;PCF11;ZNF600;RBBP4;STAT1;NR4A3;GPS2;RNPS1;CALM1;COX7C;TAF7;PSMC5;DNMT1;SUPT5H;SRSF11;IFNG;GTF3C1;RANBP2;BTG1;BTG2
prerank,Reactome_2022__Generation Of Second Messenger Molecules R-HSA-202433,0.33128684161203176,0.8115984044390085,7.281796e-01,1.000000e+00,1.000000e+00,10/12,50.91%,LCK;PLCG2;ZAP70;EVL;FYB1;VASP;CD247;WAS;CD3D;LCP2
prerank,Reactome_2022__ATF6 (ATF6-alpha) Activates Chaperone Genes R-HSA-381183,-0.35457953936797,-0.8113872860648862,7.058824e-01,8.099788e-01,1.000000e+00,5/5,64.69%,ATF4;HSP90B1;CALR;DDIT3;HSPA5
prerank,Reactome_2022__ATF6 (ATF6-alpha) Activates Chaperones R-HSA-381033,-0.35457953936797,-0.8113872860648862,7.058824e-01,8.099788e-01,1.000000e+00,5/5,64.69%,ATF4;HSP90B1;CALR;DDIT3;HSPA5
prerank,Reactome_2022__Inactivation Of CSF3 (G-CSF) Signaling R-HSA-9705462,0.3239384584448266,0.8079534592106091,7.534418e-01,1.000000e+00,1.000000e+00,7/13,39.48%,UBE2D2;UBA52;STAT1;CUL5;SOCS1;JAK1;UBE2D3
prerank,"Reactome_2022__Platelet Activation, Signaling And Aggregation R-HSA-76002",0.2504526219453335,0.8066223224479637,8.052910e-01,1.000000e+00,1.000000e+00,21/53,37.13%,PRKCH;RASGRP1;FYN;CYRIB;GNG2;MAPK1;LCK;YWHAZ;DGKD;PLCG2;GNA13;CSK;PLEK;PTPN1;GRB2;CALM1;TAGLN2;TLN1;HSPA5;RAC2;CAP1
prerank,Reactome_2022__Regulation Of IGF Transport And Uptake By IGFBPs R-HSA-381426,0.30354889492205506,0.8059960807608755,7.378985e-01,1.000000e+00,1.000000e+00,7/17,41.67%,KTN1;MGAT4A;SHISA5;DNAJC3;TGOLN2;PRSS23;IGFBP4
prerank,Reactome_2022__Formation Of ATP By Chemiosmotic Coupling R-HSA-163210,0.3194210164012716,0.8046458835002086,7.604790e-01,1.000000e+00,1.000000e+00,1/13,0.96%,ATP5PO
prerank,Reactome_2022__SARS-CoV-2 Activates/Modulates Innate And Adaptive Immune Responses R-HSA-9705671,0.29096466471307875,0.8045885739483961,7.523148e-01,1.000000e+00,1.000000e+00,14/20,50.75%,CNBP;G3BP2;HLA-E;ISG15;STAT1;RANBP2;G3BP1;JAK1;HLA-C;HLA-F;IRF7;HLA-A;HLA-B;HSP90AB1
prerank,Reactome_2022__Downregulation Of ERBB2 Signaling R-HSA-8863795,-0.28166491221292167,-0.804573371522858,7.586207e-01,8.187296e-01,1.000000e+00,4/9,16.08%,UBB;CDC37;HSP90AA1;MATK
prerank,Reactome_2022__Response Of EIF2AK1 (HRI) To Heme Deficiency R-HSA-9648895,-0.34654525977504014,-0.8039197608867876,7.386760e-01,8.171614e-01,1.000000e+00,5/5,65.49%,ATF4;DDIT3;EIF2AK1;PPP1R15A;EIF2S3
prerank,Reactome_2022__G Alpha (S) Signaling Events R-HSA-418555,0.3028047985229742,0.8034161609759417,7.494062e-01,1.000000e+00,1.000000e+00,3/16,11.43%,GNG2;PTGER2;ADRB2
prerank,Reactome_2022__Downstream TCR Signaling R-HSA-202424,-0.17664155787306485,-0.8027722901170269,8.701299e-01,8.163572e-01,1.000000e+00,8/39,14.48%,PSMB1;NFKBIA;UBB;PSMB4;PSMA1;PSMD7;PSMA6;PSMA3
prerank,Reactome_2022__G2/M DNA Damage Checkpoint R-HSA-69473,0.3936892537294075,0.8020305736453518,7.576975e-01,1.000000e+00,1.000000e+00,2/6,16.40%,ATM;YWHAZ
prerank,Reactome_2022__Activation Of Gene Expression By SREBF (SREBP) R-HSA-2426168,0.3797712435568219,0.8004973738129642,7.456022e-01,1.000000e+00,1.000000e+00,2/7,9.40%,IDI1;HMGCS1
prerank,Reactome_2022__Signaling By NTRK1 (TRKA) R-HSA-187037,0.289263452757494,0.800124362680082,7.751678e-01,1.000000e+00,1.000000e+00,3/21,7.37%,PPP2R1A;REST;MAPK1
prerank,Reactome_2022__Signaling By ERBB2 In Cancer R-HSA-1227990,-0.3507742119608914,-0.8000387426752689,7.234043e-01,8.177653e-01,1.000000e+00,2/5,12.87%,CDC37;HSP90AA1
prerank,Reactome_2022__Membrane Binding And Targetting Of GAG Proteins R-HSA-174490,0.40923314605370276,0.7993258664309536,7.734488e-01,1.000000e+00,1.000000e+00,1/5,6.62%,UBA52
prerank,Reactome_2022__Transmission Across Chemical Synapses R-HSA-112315,0.2903066055697837,0.7988007492752145,7.550059e-01,1.000000e+00,1.000000e+00,8/19,32.48%,VAMP2;GNG2;MAPK1;PRKX;SLC38A1;ARL6IP5;CALM1;HSPA8
prerank,Reactome_2022__Interleukin-12 Signaling R-HSA-9020591,0.291344827339048,0.7985690972787197,7.584204e-01,1.000000e+00,1.000000e+00,10/20,41.88%,HNRNPDL;HNRNPA2B1;STAT4;TOX4;IL12RB2;IFNG;CNN2;JAK1;HSPA9;HNRNPF
prerank,Reactome_2022__Signaling By ALK R-HSA-201556,0.39116324326888013,0.7970704305153336,7.464387e-01,1.000000e+00,1.000000e+00,5/6,57.00%,HIF1A;IL2RG;PIK3R1;PRDM1;STAT3
prerank,Reactome_2022__Antigen Processing: Ubiquitination And Proteasome Degradation R-HSA-983168,0.23828231716587978,0.7969223452739153,8.317853e-01,1.000000e+00,1.000000e+00,16/70,24.68%,UBE2D2;MYLIP;UBE2G2;LNPEP;UBA52;RNF213;MIB2;RNF19A;RNF126;STUB1;PSMC3;CBLB;FBXO7;PSMA5;PSMF1;PSMD4
prerank,Reactome_2022__RND3 GTPase Cycle R-HSA-9696264,0.37266522165184424,0.7954023989107062,7.635403e-01,1.000000e+00,1.000000e+00,1/7,6.04%,KTN1
prerank,Reactome_2022__HDR Thru Homologous Recombination (HRR) Or Single Strand Annealing (SSA) R-HSA-5693567,-0.25868553632568814,-0.794748578807091,7.661692e-01,8.236967e-01,1.000000e+00,2/11,5.61%,UBB;H2AX
prerank,Reactome_2022__Formation Of RNA Pol II Elongation Complex R-HSA-112382,-0.2270058122073115,-0.7947178542693074,7.517241e-01,8.207802e-01,1.000000e+00,2/15,3.04%,POLR2J;POLR2K
prerank,Reactome_2022__GRB2:SOS Provides Linkage To MAPK Signaling For Integrins R-HSA-354194,0.4117064475691408,0.7943737556011249,7.946176e-01,1.000000e+00,1.000000e+00,4/5,52.83%,GRB2;TLN1;APBB1IP;RAP1A
prerank,Reactome_2022__RNA Polymerase II Transcription R-HSA-73857,0.22410357714519108,0.7935161663654159,9.250000e-01,1.000000e+00,1.000000e+00,63/211,30.29%,CYCS;PTPN4;CDKN1B;SSU72;INTS11;CCND2;TNRC6B;THOC2;KMT2A;PPP2R1A;UBA52;CITED2;MAPK1;SLC2A3;LBR;CDC73;RBL2;RORA;PPP2R5C;PHAX;NFATC2;COX14;CCND3;CDC40;STUB1;UXT;GSK3B;ATM;RGCC;YWHAZ;CNOT6L;ANAPC16;ITGAL;EIF4A3;ITGA4;EHMT1;PSMC3;HSPD1;POLR2A;NPM1;PSMA5;TCEA1;ZNF331;MED15;PSMF1;SMAD7;PSMD4;MED10;SRSF4;CNOT2;PTPN1;SNRPB;U2AF2;PCF11;ZNF600;RBBP4;STAT1;NR4A3;GPS2;RNPS1;CALM1;COX7C;TAF7
prerank,Reactome_2022__GSK3B And BTRC:CUL1-mediated-degradation Of NFE2L2 R-HSA-9762114,-0.19086828022844154,-0.7931942280711495,8.113208e-01,8.202670e-01,1.000000e+00,7/30,14.48%,PSMB1;UBB;PSMB4;PSMA1;PSMD7;PSMA6;PSMA3
prerank,Reactome_2022__Signaling By NOTCH3 R-HSA-9012852,0.34709896396091316,0.7925598442174504,7.866492e-01,1.000000e+00,1.000000e+00,3/9,13.51%,UBA52;MIB2;IKZF1
prerank,Reactome_2022__Regulation Of Complement Cascade R-HSA-977606,0.41351464139776317,0.7918321873506786,7.691198e-01,1.000000e+00,1.000000e+00,4/5,51.87%,CD55;CPNE1;PSMA7;HNRNPC
prerank,Reactome_2022__Transcriptional Regulation By AP-2 (TFAP2) Family Of Transcription Factors R-HSA-8864260,0.36330025350117456,0.7916721619553099,7.643229e-01,1.000000e+00,1.000000e+00,3/8,21.47%,CITED2;HSPD1;NPM1
prerank,Reactome_2022__Downstream Signaling Events Of B Cell Receptor (BCR) R-HSA-1168372,-0.17356909185324276,-0.7905944475167885,8.730159e-01,8.219752e-01,1.000000e+00,8/40,14.48%,PSMB1;NFKBIA;UBB;PSMB4;PSMA1;PSMD7;PSMA6;PSMA3
prerank,Reactome_2022__Postmitotic Nuclear Pore Complex (NPC) Reformation R-HSA-9615933,-0.3388276157821205,-0.7905644369880696,7.380074e-01,8.190816e-01,1.000000e+00,1/5,7.43%,RAN
prerank,Reactome_2022__Chromatin Modifying Enzymes R-HSA-3247509,0.24601416342492477,0.7876327900392807,8.091684e-01,1.000000e+00,1.000000e+00,6/46,6.41%,NSD3;ASH1L;KDM4C;KMT2A;KDELR2;REST
prerank,Reactome_2022__SUMO E3 Ligases SUMOylate Target Proteins R-HSA-3108232,0.25573423212543245,0.7871804975652927,8.052910e-01,1.000000e+00,1.000000e+00,15/39,36.91%,NSMCE3;DDX5;PIAS1;RORA;DDX17;SAFB;NPM1;NFKB2;TOP1;DNMT1;RANBP2;NSMCE1;RNF168;NOP58;SP100
prerank,Reactome_2022__SUMOylation R-HSA-2990846,0.25573423212543245,0.7871804975652927,8.052910e-01,1.000000e+00,1.000000e+00,15/39,36.91%,NSMCE3;DDX5;PIAS1;RORA;DDX17;SAFB;NPM1;NFKB2;TOP1;DNMT1;RANBP2;NSMCE1;RNF168;NOP58;SP100
prerank,Reactome_2022__Interleukin-4 And Interleukin-13 Signaling R-HSA-6785807,-0.19167782058459204,-0.7871239025525246,8.536585e-01,8.216853e-01,1.000000e+00,7/25,14.90%,ITGAM;ANXA1;FOS;CCM2;HSP90AA1;VIM;ITGAX
prerank,"Reactome_2022__Synthesis, Secretion, And Deacylation Of Ghrelin R-HSA-422085",0.40576045743638484,0.7863354286093834,7.731214e-01,1.000000e+00,1.000000e+00,3/5,31.25%,SPCS2;SPCS1;SPCS3
prerank,"Reactome_2022__Synthesis, Secretion, And Inactivation Of Glucose-dependent Insulinotropic Polypeptide (GIP) R-HSA-400511",0.40576045743638484,0.7863354286093834,7.731214e-01,1.000000e+00,1.000000e+00,3/5,31.25%,SPCS2;SPCS1;SPCS3
prerank,Reactome_2022__G Alpha (12/13) Signaling Events R-HSA-416482,0.30049348159741723,0.7855982405185609,7.735399e-01,1.000000e+00,1.000000e+00,4/15,18.91%,ARHGEF3;GNG2;ARHGEF1;GNA13
prerank,Reactome_2022__Interferon Alpha/Beta Signaling R-HSA-909733,0.27045530327237555,0.7840456505574526,7.823129e-01,1.000000e+00,1.000000e+00,16/26,48.93%,ISG20;HLA-E;XAF1;PTPN1;ISG15;STAT1;KPNB1;SOCS1;JAK1;HLA-C;SAMHD1;HLA-F;IRF7;HLA-A;IFITM1;HLA-B
prerank,Reactome_2022__FCERI Mediated MAPK Activation R-HSA-2871796,-0.26971929324886645,-0.7828374971296449,7.577093e-01,8.255225e-01,1.000000e+00,4/9,15.12%,PKN1;FOS;VAV3;LYN
prerank,Reactome_2022__Potential Therapeutics For SARS R-HSA-9679191,0.26359817682247433,0.7828009854983105,7.904656e-01,1.000000e+00,1.000000e+00,7/29,18.59%,CRBN;REST;PTGES3;NFE2L2;ARID4B;PLCG2;ITGA4
prerank,Reactome_2022__Infectious Disease R-HSA-5663205,0.21777059324202147,0.7816991064985778,9.340000e-01,1.000000e+00,1.000000e+00,63/207,30.93%,DDX5;FYN;VAMP2;DYNC1H1;GNG2;CRBN;FAU;PARP10;ISCU;PSTPIP1;REST;UBA52;PTGER2;RNF213;MAPK1;MYH9;CNBP;ADRB2;MGAT4A;FGR;PSIP1;G3BP2;LCK;HLA-E;PTGES3;NFE2L2;GSK3B;YWHAZ;CYFIP2;EIF2AK2;ARID4B;WIPF1;CANX;PLCG2;ITGA4;PSMC3;POLR2A;PTGER4;NPM1;ABI1;EEF2;PSMA5;TCEA1;NFKB2;SRPK2;PRKX;PSMF1;PSMD4;CYBA;SNRPB;SNRPD2;GRB2;RBBP4;DNAJC3;ISG15;STAT1;ACTR3;GPS2;RPN1;CALM1;TAF7;PSMC5;CUL5
prerank,Reactome_2022__Signaling By Interleukins R-HSA-449147,0.22644042210224155,0.781460001666487,8.838384e-01,1.000000e+00,1.000000e+00,31/114,29.33%,IL10RA;PTPN4;FYN;VAMP2;MCL1;HNRNPDL;HNRNPA2B1;PPP2R1A;UBA52;MAPK1;RORA;IL16;STAT4;LCK;YWHAZ;CASP8;CANX;CCL3;PSMC3;HIF1A;TOX4;PSMA5;NFKB2;PSMF1;PSMD4;IL18R1;IL7R;GRB2;STAT1;IL12RB2;PTPN7
prerank,Reactome_2022__TNFR1-induced NFkappaB Signaling Pathway R-HSA-5357956,-0.3172561629153269,-0.7789772781215986,7.552448e-01,8.288071e-01,1.000000e+00,6/6,68.43%,BIRC2;CYLD;TNFAIP3;TNF;RACK1;RBCK1
prerank,Reactome_2022__ER Quality Control Compartment (ERQC) R-HSA-901032,0.3943951530080205,0.7789016341978162,7.837446e-01,1.000000e+00,1.000000e+00,1/5,6.62%,UBA52
prerank,Reactome_2022__PERK Regulates Gene Expression R-HSA-381042,-0.34654525977504014,-0.7767500310811142,7.383513e-01,8.297083e-01,1.000000e+00,5/5,65.49%,ATF4;DDIT3;HERPUD1;HSPA5;EIF2S3
prerank,Reactome_2022__Signaling By PDGF R-HSA-186797,0.36899008854699855,0.7767490578842968,8.015873e-01,1.000000e+00,1.000000e+00,5/7,42.57%,COL6A2;GRB2;STAT1;PTPN12;PIK3R1
prerank,Reactome_2022__Glycosaminoglycan Metabolism R-HSA-1630316,0.362290291061419,0.7766036465504811,7.765668e-01,1.000000e+00,1.000000e+00,1/7,4.91%,CHST12
prerank,Reactome_2022__Cardiac Conduction R-HSA-5576891,0.38355599104035676,0.7765635846108769,7.902996e-01,1.000000e+00,1.000000e+00,5/6,42.09%,AKAP9;RANGRF;CALM1;ORAI1;ATP2B4
prerank,Reactome_2022__Glucagon-type Ligand Receptors R-HSA-420092,0.4048219489734388,0.7765203838897183,7.886525e-01,1.000000e+00,1.000000e+00,1/5,3.85%,GNG2
prerank,Reactome_2022__Prostacyclin Signaling Thru Prostacyclin Receptor R-HSA-392851,0.4048219489734388,0.7765203838897183,7.886525e-01,1.000000e+00,1.000000e+00,1/5,3.85%,GNG2
prerank,Reactome_2022__Uptake And Actions Of Bacterial Toxins R-HSA-5339562,0.35450257049147105,0.7748776282082437,7.955145e-01,1.000000e+00,1.000000e+00,3/7,29.81%,VAMP2;EEF2;CALM1
prerank,Reactome_2022__HCMV Late Events R-HSA-9610379,0.34456960287943245,0.7737732863751549,7.871486e-01,1.000000e+00,1.000000e+00,5/8,54.59%,RANBP2;VPS36;CEBPD;HNRNPK;POM121
prerank,Reactome_2022__Lysosome Vesicle Biogenesis R-HSA-432720,0.3734678810013497,0.7727114031132791,7.898936e-01,1.000000e+00,1.000000e+00,1/6,2.46%,VAMP2
prerank,Reactome_2022__Neuronal System R-HSA-112316,0.27008738434055424,0.7718141073491951,8.029782e-01,1.000000e+00,1.000000e+00,4/24,9.19%,VAMP2;GNG2;MAPK1;EPB41
prerank,Reactome_2022__IRE1alpha Activates Chaperones R-HSA-381070,0.3080990450095947,0.7715435514590556,7.881773e-01,1.000000e+00,1.000000e+00,5/13,35.42%,SRPRA;ADD1;DNAJC3;TLN1;HSPA5
prerank,Reactome_2022__NR1H3 And NR1H2 Regulate Gene Expression Linked To Cholesterol Transport And Efflux R-HSA-9029569,0.3942888038223682,0.7714732238750165,8.016878e-01,1.000000e+00,1.000000e+00,1/5,3.21%,TNRC6B
prerank,Reactome_2022__Homology Directed Repair R-HSA-5693538,-0.24416102168081022,-0.7711767696804483,8.601036e-01,8.357740e-01,1.000000e+00,2/12,5.61%,UBB;H2AX
prerank,Reactome_2022__Processing Of DNA Double-Strand Break Ends R-HSA-5693607,-0.26343307241488967,-0.7694384526631229,8.101852e-01,8.354657e-01,1.000000e+00,2/10,5.61%,UBB;H2AX
prerank,Reactome_2022__Stimuli-sensing Channels R-HSA-2672351,0.3586883117040432,0.7682159884607074,7.844712e-01,1.000000e+00,1.000000e+00,3/7,19.18%,UBA52;STOM;TSC22D3
prerank,Reactome_2022__DNA Double-Strand Break Repair R-HSA-5693532,0.285957000806112,0.767103512913453,8.102017e-01,1.000000e+00,1.000000e+00,4/18,20.78%,UBA52;SMARCA5;ATM;PRKDC
prerank,Reactome_2022__Signaling By Nuclear Receptors R-HSA-9006931,0.24526253854176497,0.7663819314825528,8.370847e-01,1.000000e+00,1.000000e+00,6/48,7.37%,DDX5;CDKN1B;TNRC6B;GNG2;MYLIP;MAPK1
prerank,Reactome_2022__rRNA Processing R-HSA-72312,0.3005362275541591,0.7650974753627572,7.985525e-01,1.000000e+00,1.000000e+00,4/15,19.82%,FAU;UBA52;THUMPD1;XRN2
prerank,Reactome_2022__rRNA Processing In Nucleus And Cytosol R-HSA-8868773,0.3005362275541591,0.7650974753627572,7.985525e-01,1.000000e+00,1.000000e+00,4/15,19.82%,FAU;UBA52;THUMPD1;XRN2
prerank,Reactome_2022__Pexophagy R-HSA-9664873,0.36950512254993095,0.7650165166135748,8.027778e-01,1.000000e+00,1.000000e+00,2/6,16.19%,UBA52;ATM
prerank,Reactome_2022__G2/M Transition R-HSA-69275,0.23260933300304723,0.7642828030789521,8.380652e-01,1.000000e+00,1.000000e+00,7/56,8.92%,TUBA1A;DYNC1H1;SSNA1;PPP2R1A;UBA52;AKAP9;CEP78
prerank,Reactome_2022__Mitotic G2-G2/M Phases R-HSA-453274,0.23260933300304723,0.7642828030789521,8.380652e-01,1.000000e+00,1.000000e+00,7/56,8.92%,TUBA1A;DYNC1H1;SSNA1;PPP2R1A;UBA52;AKAP9;CEP78
prerank,Reactome_2022__Generic Transcription Pathway R-HSA-212436,0.2168951976589033,0.7627527583944678,9.299299e-01,1.000000e+00,1.000000e+00,52/174,30.82%,CYCS;PTPN4;CDKN1B;CCND2;TNRC6B;KMT2A;PPP2R1A;UBA52;CITED2;MAPK1;SLC2A3;LBR;RBL2;RORA;PPP2R5C;NFATC2;COX14;CCND3;STUB1;UXT;GSK3B;ATM;RGCC;YWHAZ;CNOT6L;ANAPC16;ITGAL;ITGA4;EHMT1;PSMC3;HSPD1;POLR2A;NPM1;PSMA5;TCEA1;ZNF331;MED15;PSMF1;SMAD7;PSMD4;MED10;CNOT2;PTPN1;ZNF600;RBBP4;STAT1;NR4A3;GPS2;CALM1;COX7C;TAF7;PSMC5
prerank,Reactome_2022__Budding And Maturation Of HIV Virion R-HSA-162588,0.37003024115382926,0.7621642998542798,7.888112e-01,1.000000e+00,1.000000e+00,1/6,6.62%,UBA52
prerank,Reactome_2022__Metabolism Of Steroids R-HSA-8957322,0.29281456234691156,0.761284272968633,7.848700e-01,1.000000e+00,1.000000e+00,3/15,9.40%,LBR;IDI1;HMGCS1
prerank,Reactome_2022__Nuclear Receptor Transcription Pathway R-HSA-383280,-0.26963842622821677,-0.7604485881726563,7.811159e-01,8.466183e-01,1.000000e+00,2/8,11.32%,NR1H2;NR3C1
prerank,Reactome_2022__G-protein Mediated Events R-HSA-112040,0.3653131194723238,0.7559132335238483,8.000000e-01,1.000000e+00,1.000000e+00,4/6,37.07%,MAPK1;PRKX;CALM1;PRKACB
prerank,Reactome_2022__Cristae Formation R-HSA-8949613,0.29556370143715677,0.7552649450430701,8.221957e-01,1.000000e+00,1.000000e+00,1/14,0.96%,ATP5PO
prerank,Reactome_2022__Late Endosomal Microautophagy R-HSA-9615710,-0.29269673113169536,-0.7543507161234474,8.050542e-01,8.533826e-01,1.000000e+00,2/7,11.06%,UBB;PARK7
prerank,Reactome_2022__Host Interactions Of HIV Factors R-HSA-162909,-0.15630946591176453,-0.7540168901269304,8.888889e-01,8.510540e-01,1.000000e+00,11/51,14.48%,PSMB1;UBB;PSMB4;RAN;AP2M1;RANBP1;PSMA1;PSMD7;PSMA6;CCNT1;PSMA3
prerank,Reactome_2022__Negative Regulation Of FLT3 R-HSA-9706369,-0.3365486620927826,-0.7535953782831111,8.090615e-01,8.487619e-01,1.000000e+00,2/5,8.33%,UBB;SLA2
prerank,Reactome_2022__Death Receptor Signaling R-HSA-73887,0.252744574736362,0.7529666171611852,8.236607e-01,1.000000e+00,1.000000e+00,5/29,18.91%,ARHGEF3;UBA52;ARHGEF1;CASP8;GNA13
prerank,Reactome_2022__CLEC7A (Dectin-1) Signaling R-HSA-5607764,0.23789067229367244,0.7481647800569274,8.667377e-01,1.000000e+00,1.000000e+00,11/41,24.95%,UBE2D2;UBA52;NFATC2;CASP8;PLCG2;PSMC3;PSMA5;NFKB2;PSMF1;PSMD4;NFATC3
prerank,Reactome_2022__ABC-family Proteins Mediated Transport R-HSA-382556,-0.17172349358746278,-0.7480584275753877,8.800000e-01,8.539089e-01,1.000000e+00,11/33,20.09%,PSMB1;UBB;PSMB4;PSMA1;PSMD7;PSMA6;PSMA3;PSME2;OS9;PSME1;PSMB10
prerank,Reactome_2022__TGF-beta Receptor Signaling In EMT (Epithelial To Mesenchymal Transition) R-HSA-2173791,0.37849301985499395,0.7479696414483844,8.312057e-01,1.000000e+00,1.000000e+00,1/5,6.62%,UBA52
prerank,Reactome_2022__SMAD2/SMAD3:SMAD4 Heterotrimer Regulates Transcription R-HSA-2173796,0.3158360022578332,0.7463747981207913,8.068182e-01,1.000000e+00,1.000000e+00,2/10,7.37%,UBA52;MAPK1
prerank,Reactome_2022__Phase II - Conjugation Of Compounds R-HSA-156580,-0.31213188158938227,-0.7463084173865978,8.014184e-01,8.533686e-01,1.000000e+00,3/6,18.22%,GSTK1;GSTP1;TPST2
prerank,Reactome_2022__Transport Of Mature mRNA Derived From An Intronless Transcript R-HSA-159231,-0.32726298875200854,-0.7461076434058189,7.913669e-01,8.478860e-01,1.000000e+00,5/5,67.41%,WDR33;TPR;FIP1L1;POM121;RANBP2
prerank,Reactome_2022__Transport Of Mature mRNAs Derived From Intronless Transcripts R-HSA-159234,-0.32726298875200854,-0.7461076434058189,7.913669e-01,8.478860e-01,1.000000e+00,5/5,67.41%,WDR33;TPR;FIP1L1;POM121;RANBP2
prerank,Reactome_2022__Nuclear Import Of Rev Protein R-HSA-180746,0.36685162734556176,0.7454309835777421,8.151147e-01,1.000000e+00,1.000000e+00,3/6,32.75%,NPM1;RANBP2;KPNB1
prerank,Reactome_2022__Defective Intrinsic Pathway For Apoptosis R-HSA-9734009,0.36665394389131445,0.7448087141850463,8.083333e-01,1.000000e+00,1.000000e+00,1/6,7.59%,CAPN2
prerank,Reactome_2022__XBP1(S) Activates Chaperone Genes R-HSA-381038,0.30715370209268844,0.743711842068186,8.121137e-01,1.000000e+00,1.000000e+00,4/11,34.83%,SRPRA;ADD1;DNAJC3;TLN1
prerank,"Reactome_2022__Antigen Presentation: Folding, Assembly, Peptide Loading Of Class I MHC R-HSA-983170",0.2925672502142652,0.7424154315734919,8.080194e-01,1.000000e+00,1.000000e+00,9/13,48.93%,HLA-E;CANX;HSPA5;HLA-C;HLA-F;ERAP2;HLA-A;SEC31A;HLA-B
prerank,Reactome_2022__Recycling Pathway Of L1 R-HSA-437239,0.38440150349383967,0.7421463688085908,8.232819e-01,1.000000e+00,1.000000e+00,1/5,7.37%,MAPK1
prerank,Reactome_2022__TCR Signaling R-HSA-202403,0.23055550583237036,0.7410520405810145,8.612593e-01,1.000000e+00,1.000000e+00,14/50,26.92%,PTPRC;UBE2D2;UBA52;LCK;PTPN22;PLCG2;ZAP70;PSMC3;CSK;PSMA5;PSMF1;PSMD4;EVL;FYB1
prerank,Reactome_2022__Protein Localization R-HSA-9609507,0.24622577355386452,0.7409434009283568,8.438865e-01,1.000000e+00,1.000000e+00,5/32,8.97%,UBE2D2;VAMP2;UBA52;DNAJC19;TOMM7
prerank,Reactome_2022__Regulation Of RAS By GAPs R-HSA-5658442,-0.17705691533904552,-0.7390426015873389,8.988764e-01,8.550986e-01,1.000000e+00,7/31,14.48%,PSMB1;UBB;PSMB4;PSMA1;PSMD7;PSMA6;PSMA3
prerank,Reactome_2022__STAT3 Nuclear Events Downstream Of ALK Signaling R-HSA-9701898,0.3822984946909318,0.7374616050527135,8.411498e-01,1.000000e+00,1.000000e+00,4/5,57.00%,HIF1A;IL2RG;PRDM1;STAT3
prerank,Reactome_2022__Regulation Of BACH1 Activity R-HSA-9708530,0.3769058948670694,0.7361983158708518,8.326055e-01,1.000000e+00,1.000000e+00,1/5,6.62%,UBA52
prerank,Reactome_2022__Thromboxane Signaling Thru TP Receptor R-HSA-428930,0.377163553044741,0.7338057790285989,8.482659e-01,1.000000e+00,1.000000e+00,2/5,18.91%,GNG2;GNA13
prerank,Reactome_2022__Mitotic G1 Phase And G1/S Transition R-HSA-453279,0.23345602983427305,0.7331557705616375,8.651805e-01,1.000000e+00,1.000000e+00,10/40,24.68%,CDKN1B;CCND2;PPP2R1A;UBA52;RBL2;CCND3;PSMC3;PSMA5;PSMF1;PSMD4
prerank,Reactome_2022__RNA Polymerase II Transcribes snRNA Genes R-HSA-6807505,0.28620947051456025,0.7328469436476593,8.196126e-01,1.000000e+00,1.000000e+00,3/15,11.22%,SSU72;INTS11;PHAX
prerank,"Reactome_2022__Synthesis, Secretion, And Inactivation Of Glucagon-like Peptide-1 (GLP-1) R-HSA-381771",-0.3081558283161953,-0.7327330828911861,7.491166e-01,8.577021e-01,1.000000e+00,2/6,6.09%,GNB1;SEC11A
prerank,"Reactome_2022__Incretin Synthesis, Secretion, And Inactivation R-HSA-400508",-0.3081558283161953,-0.7327330828911861,7.491166e-01,8.577021e-01,1.000000e+00,2/6,6.09%,GNB1;SEC11A
prerank,Reactome_2022__NOD1/2 Signaling Pathway R-HSA-168638,0.3434649466124554,0.7309670022028164,8.235294e-01,1.000000e+00,1.000000e+00,3/7,41.24%,CASP8;CASP4;ITCH
prerank,Reactome_2022__Deregulated CDK5 Triggers Neurodegenerative Pathways In Alzheimers Disease Models R-HSA-8862803,0.3753488017454597,0.7306563580149077,8.250356e-01,1.000000e+00,1.000000e+00,1/5,7.59%,CAPN2
prerank,Reactome_2022__Repression Of WNT Target Genes R-HSA-4641265,0.3534113108106319,0.7278609497969035,8.430311e-01,1.000000e+00,1.000000e+00,3/6,35.95%,TLE1;TLE4;TCF7
prerank,Reactome_2022__Degradation Of Beta-Catenin By Destruction Complex R-HSA-195253,0.23360574309734933,0.7249900559803597,8.552916e-01,1.000000e+00,1.000000e+00,10/39,24.68%,PPP2R1A;UBA52;PPP2R5C;TLE1;GSK3B;PSMC3;TLE4;PSMA5;PSMF1;PSMD4
prerank,Reactome_2022__HSF1-dependent Transactivation R-HSA-3371571,0.30234309897444894,0.7224781907468005,8.533502e-01,1.000000e+00,1.000000e+00,3/10,15.01%,DNAJB1;DEDD2;PTGES3
prerank,Reactome_2022__Attenuation Phase R-HSA-3371568,0.30234309897444894,0.7224781907468005,8.533502e-01,1.000000e+00,1.000000e+00,3/10,15.01%,DNAJB1;DEDD2;PTGES3
prerank,Reactome_2022__COPII-mediated Vesicle Transport R-HSA-204005,-0.21881720430107526,-0.7220454075706809,8.550725e-01,8.687778e-01,1.000000e+00,12/12,78.31%,LMAN2;STX5;CSNK1D;TRAPPC10;AREG;TRAPPC6A;SEC31A;CTSC;LMAN1;RAB1B;TMED2;TRAPPC1
prerank,Reactome_2022__Gene And Protein Expression By JAK-STAT Signaling After Interleukin-12 Stimulation R-HSA-8950505,0.27376455573957637,0.7219753455097554,8.423529e-01,1.000000e+00,1.000000e+00,3/17,12.39%,HNRNPDL;HNRNPA2B1;STAT4
prerank,Reactome_2022__mRNA 3-End Processing R-HSA-72187,0.24894531369219192,0.7218535694043142,8.524229e-01,1.000000e+00,1.000000e+00,8/25,32.10%,THOC2;CDC40;EIF4A3;SRSF4;U2AF2;PCF11;RNPS1;SRSF11
prerank,Reactome_2022__NRIF Signals Cell Death From Nucleus R-HSA-205043,0.3700107095803437,0.7217143980326642,8.538350e-01,1.000000e+00,1.000000e+00,1/5,6.62%,UBA52
prerank,Reactome_2022__PIP3 Activates AKT Signaling R-HSA-1257604,0.22003361472324195,0.7205458047639598,8.952880e-01,1.000000e+00,1.000000e+00,12/62,16.61%,CDKN1B;FYN;TNRC6B;PPP2R1A;REST;UBA52;MAPK1;PPP2R5C;LCK;STUB1;GSK3B;CNOT6L
prerank,Reactome_2022__Transcriptional Regulation Of White Adipocyte Differentiation R-HSA-381340,0.2740444663815047,0.7174250775054685,8.413069e-01,1.000000e+00,1.000000e+00,8/15,42.47%,THRAP3;CCND3;MED15;MED10;CHD9;ZNF638;CEBPD;MED4
prerank,Reactome_2022__Nonhomologous End-Joining (NHEJ) R-HSA-5693571,0.3502038087907212,0.7149814434040187,8.581267e-01,1.000000e+00,1.000000e+00,4/6,40.54%,ATM;PRKDC;RNF168;XRCC6
prerank,Reactome_2022__G Beta:Gamma Signaling Thru PI3Kgamma R-HSA-392451,0.3649093262495523,0.714522810680257,8.567376e-01,1.000000e+00,1.000000e+00,1/5,3.85%,GNG2
prerank,Reactome_2022__DNA Damage Bypass R-HSA-73893,-0.2618297632720392,-0.7141751228317393,8.723404e-01,8.760905e-01,1.000000e+00,2/8,10.26%,UBB;UBE2B
prerank,Reactome_2022__Intracellular Signaling By Second Messengers R-HSA-9006925,0.21632811917707886,0.7131440422072364,9.178794e-01,1.000000e+00,1.000000e+00,21/66,30.82%,CDKN1B;FYN;TNRC6B;PPP2R1A;REST;UBA52;MAPK1;PPP2R5C;LCK;STUB1;GSK3B;CNOT6L;PSMC3;PSMA5;PRKX;PSMF1;PSMD4;GRB2;RBBP4;CALM1;PSMC5
prerank,Reactome_2022__Neddylation R-HSA-8951664,0.21855958649218177,0.7117772816326636,8.894737e-01,1.000000e+00,1.000000e+00,12/52,24.68%,NEDD8;UBE2D2;UBA52;COMMD6;COPS6;NFE2L2;PSMC3;HIF1A;FBXO7;PSMA5;PSMF1;PSMD4
prerank,Reactome_2022__RNA Polymerase I Transcription Termination R-HSA-73863,-0.27427410549794684,-0.7113827511713674,8.433735e-01,8.767279e-01,1.000000e+00,1/7,3.04%,POLR2K
prerank,Reactome_2022__mRNA Splicing - Major Pathway R-HSA-72163,0.2071939571555063,0.706915190351769,9.464105e-01,1.000000e+00,1.000000e+00,36/96,37.66%,DDX5;HNRNPA2B1;RBM42;SF3A1;BCAS2;SNRPB2;ELAVL1;HNRNPU;PRPF6;DDX46;CDC40;EIF4A3;LSM7;POLR2A;SRSF4;FUS;SNRPB;SNRPD2;U2AF2;PCF11;HNRNPD;SNRPA;RNPS1;LSM4;TXNL4A;HNRNPA3;SRSF11;HSPA8;PRPF40A;PUF60;CWC15;HNRNPL;HNRNPUL1;SNRNP70;SF1;HNRNPA0
prerank,Reactome_2022__mRNA Splicing R-HSA-72172,0.2071939571555063,0.706915190351769,9.464105e-01,1.000000e+00,1.000000e+00,36/96,37.66%,DDX5;HNRNPA2B1;RBM42;SF3A1;BCAS2;SNRPB2;ELAVL1;HNRNPU;PRPF6;DDX46;CDC40;EIF4A3;LSM7;POLR2A;SRSF4;FUS;SNRPB;SNRPD2;U2AF2;PCF11;HNRNPD;SNRPA;RNPS1;LSM4;TXNL4A;HNRNPA3;SRSF11;HSPA8;PRPF40A;PUF60;CWC15;HNRNPL;HNRNPUL1;SNRNP70;SF1;HNRNPA0
prerank,Reactome_2022__Processing Of Capped Intron-Containing Pre-mRNA R-HSA-72203,0.20575309678011564,0.7066440379728322,9.465726e-01,1.000000e+00,1.000000e+00,38/104,37.66%,DDX5;THOC2;HNRNPA2B1;RBM42;SF3A1;BCAS2;SNRPB2;ELAVL1;HNRNPU;PRPF6;DDX46;CDC40;EIF4A3;LSM7;POLR2A;SRSF4;FUS;SNRPB;SNRPD2;U2AF2;PCF11;HNRNPD;SNRPA;RNPS1;LSM4;TXNL4A;HNRNPA3;SRSF11;HSPA8;RANBP2;PRPF40A;PUF60;CWC15;HNRNPL;HNRNPUL1;SNRNP70;SF1;HNRNPA0
prerank,Reactome_2022__B-WICH Complex Positively Regulates rRNA Expression R-HSA-5250924,0.27714488008541394,0.7019926756294042,8.605483e-01,1.000000e+00,1.000000e+00,3/14,16.08%,SMARCA5;TAF1D;GSK3B
prerank,Reactome_2022__Fcgamma Receptor (FCGR) Dependent Phagocytosis R-HSA-2029480,0.2372842788283384,0.701921086951489,8.910891e-01,1.000000e+00,1.000000e+00,10/28,29.11%,FYN;MAPK1;MYH9;FGR;CYFIP2;WIPF1;PLCG2;ABI1;GRB2;ACTR3
prerank,Reactome_2022__Aquaporin-mediated Transport R-HSA-445717,0.3316131613806646,0.7013100991873014,8.506057e-01,1.000000e+00,1.000000e+00,1/7,3.85%,GNG2
prerank,Reactome_2022__Glucagon Signaling In Metabolic Regulation R-HSA-163359,0.3316131613806646,0.7013100991873014,8.506057e-01,1.000000e+00,1.000000e+00,1/7,3.85%,GNG2
prerank,Reactome_2022__Vasopressin Regulates Renal Water Homeostasis Via Aquaporins R-HSA-432040,0.3316131613806646,0.7013100991873014,8.506057e-01,1.000000e+00,1.000000e+00,1/7,3.85%,GNG2
prerank,Reactome_2022__Mitotic Prophase R-HSA-68875,0.2551843701009069,0.7007903515023849,8.680319e-01,1.000000e+00,1.000000e+00,3/20,14.48%,PPP2R1A;MAPK1;SET
prerank,Reactome_2022__Peptide Ligand-Binding Receptors R-HSA-375276,0.3065172364713863,0.7000192877333407,8.762887e-01,1.000000e+00,1.000000e+00,2/9,19.02%,CX3CR1;CCL3
prerank,Reactome_2022__RNA Polymerase III Transcription Initiation From Type 2 Promoter R-HSA-76066,-0.2545717829687806,-0.6995954850451737,8.348214e-01,8.875850e-01,1.000000e+00,1/8,3.04%,POLR2K
prerank,Reactome_2022__CD28 Dependent Vav1 Pathway R-HSA-389359,0.36513476519066507,0.6971617803393477,8.755187e-01,1.000000e+00,1.000000e+00,2/5,14.10%,FYN;LCK
prerank,Reactome_2022__TCF Dependent Signaling In Response To WNT R-HSA-201681,0.21707025324501517,0.6941784175314382,9.157895e-01,1.000000e+00,1.000000e+00,13/51,24.68%,CCDC88C;PPP2R1A;UBA52;CDC73;PPP2R5C;TLE1;GSK3B;YWHAZ;PSMC3;TLE4;PSMA5;PSMF1;PSMD4
prerank,Reactome_2022__Heme Signaling R-HSA-9707616,0.3558251492042865,0.6878606680552425,8.882521e-01,1.000000e+00,1.000000e+00,2/5,15.49%,RORA;NFE2L2
prerank,Reactome_2022__Apoptosis Induced DNA Fragmentation R-HSA-140342,0.3409059977157168,0.6834390725851103,8.681627e-01,1.000000e+00,1.000000e+00,3/6,22.01%,H1-4;H1-3;H1-2
prerank,Reactome_2022__Metabolism Of RNA R-HSA-8953854,0.19379965216843437,0.6818324674611903,9.769076e-01,1.000000e+00,1.000000e+00,62/175,37.66%,DDX5;EIF4A2;THOC2;FAU;HNRNPA2B1;PPP2R1A;RBM42;UBA52;SF3A1;BCAS2;SNRPB2;ELAVL1;PHAX;HNRNPU;UPF3A;PRPF6;ZFP36L1;DDX46;SET;CDC40;EIF4B;YWHAZ;CNOT6L;EIF4A3;THUMPD1;LSM7;XRN2;PSMC3;POLR2A;PSMA5;PSMF1;PSMD4;SRSF4;CNOT2;FUS;SNRPB;SNRPD2;U2AF2;PCF11;HNRNPD;SNRPA;FBL;RNPS1;LSM4;TXNL4A;HNRNPA3;PSMC5;SUPT5H;SRSF11;HSPA8;RANBP2;SMG1;PRPF40A;PUF60;CWC15;HNRNPL;HNRNPUL1;NOP58;SNRNP70;PNRC2;SF1;HNRNPA0
prerank,Reactome_2022__Fc Epsilon Receptor (FCERI) Signaling R-HSA-2454202,0.2116155950048768,0.6813490229442571,9.192872e-01,1.000000e+00,1.000000e+00,15/52,30.82%,RASGRP1;UBE2D2;FYN;UBA52;MAPK1;NFATC2;PLCG2;PSMC3;PSMA5;PSMF1;PSMD4;NFATC3;GRB2;CALM1;PSMC5
prerank,Reactome_2022__RHOG GTPase Cycle R-HSA-9013408,0.24732554124039324,0.6794989517893306,8.799534e-01,1.000000e+00,1.000000e+00,4/20,18.64%,KTN1;LBR;IQGAP2;ARFGAP3
prerank,Reactome_2022__Early Phase Of HIV Life Cycle R-HSA-162594,0.329283493016964,0.6767119421476822,8.799435e-01,1.000000e+00,1.000000e+00,3/6,40.54%,PSIP1;BANF1;XRCC6
prerank,Reactome_2022__Cargo Concentration In ER R-HSA-5694530,-0.27438370846730975,-0.6766556002159186,9.107143e-01,9.107291e-01,1.000000e+00,6/6,72.70%,LMAN2;STX5;AREG;CTSC;LMAN1;TMED2
prerank,Reactome_2022__DNA Damage Recognition In GG-NER R-HSA-5696394,0.2923375322535748,0.6745147923847302,8.820446e-01,1.000000e+00,1.000000e+00,3/9,24.73%,UBA52;COPS6;RAD23A
prerank,Reactome_2022__Major Pathway Of rRNA Processing In Nucleolus And Cytosol R-HSA-6791226,0.2722784701867562,0.6731475700213845,8.772783e-01,1.000000e+00,1.000000e+00,2/13,6.62%,FAU;UBA52
prerank,Reactome_2022__GPVI-mediated Activation Cascade R-HSA-114604,0.26937019264836515,0.6728116530262334,8.707317e-01,1.000000e+00,1.000000e+00,3/13,18.38%,FYN;LCK;PLCG2
prerank,Reactome_2022__Signaling By B Cell Receptor (BCR) R-HSA-983705,0.21175381566018667,0.6727814497473257,9.268548e-01,1.000000e+00,1.000000e+00,13/47,30.82%,RASGRP1;FYN;UBA52;NFATC2;PLCG2;PSMC3;PSMA5;PSMF1;PSMD4;NFATC3;GRB2;CALM1;PSMC5
prerank,Reactome_2022__Disorders Of Transmembrane Transporters R-HSA-5619115,0.21582223119721325,0.6686404322066101,9.115426e-01,1.000000e+00,1.000000e+00,9/38,24.68%,MAP4K5;ERLEC1;UBA52;SLC3A2;PSMC3;PSMA5;DERL1;PSMF1;PSMD4
prerank,Reactome_2022__Interactions Of Rev With Host Cellular Proteins R-HSA-177243,-0.25537537183325104,-0.6672690134798435,9.128788e-01,9.174154e-01,1.000000e+00,2/7,9.67%,RAN;RANBP1
prerank,Reactome_2022__Activation Of Kainate Receptors Upon Glutamate Binding R-HSA-451326,0.3309276946709697,0.664436120968096,8.857546e-01,1.000000e+00,1.000000e+00,1/6,3.85%,GNG2
prerank,Reactome_2022__RHO GTPases Activate KTN1 R-HSA-5625970,0.3455414448741113,0.6643323931905274,8.945827e-01,1.000000e+00,1.000000e+00,1/5,6.04%,KTN1
prerank,Reactome_2022__Class I MHC Mediated Antigen Processing And Presentation R-HSA-983169,0.19222283996577857,0.660034155919745,9.563008e-01,1.000000e+00,1.000000e+00,20/89,27.03%,UBE2D2;MYLIP;UBE2G2;LNPEP;UBA52;RNF213;MIB2;RNF19A;RNF126;HLA-E;STUB1;CANX;PSMC3;CBLB;FBXO7;PSMA5;PSMF1;PSMD4;CYBA;HECTD1
prerank,Reactome_2022__Josephin Domain DUBs R-HSA-5689877,0.33597175896959597,0.6596082830359115,9.000000e-01,1.000000e+00,1.000000e+00,2/5,24.73%,UBA52;RAD23A
prerank,Reactome_2022__MAPK6/MAPK4 Signaling R-HSA-5687128,0.2142388499337062,0.6578728186056805,9.137555e-01,1.000000e+00,1.000000e+00,9/35,24.68%,TNRC6B;DNAJB1;UBA52;SEPTIN7;CCND3;PSMC3;PSMA5;PSMF1;PSMD4
prerank,Reactome_2022__FGFR1 Mutant Receptor Activation R-HSA-1839124,0.34253858631204465,0.6551342593372138,9.178273e-01,1.000000e+00,1.000000e+00,3/5,42.57%,GRB2;STAT1;PIK3R1
prerank,Reactome_2022__Signaling By Cytosolic FGFR1 Fusion Mutants R-HSA-1839117,0.34253858631204465,0.6551342593372138,9.178273e-01,1.000000e+00,1.000000e+00,3/5,42.57%,GRB2;STAT1;PIK3R1
prerank,Reactome_2022__Signaling By FGFR1 In Disease R-HSA-5655302,0.34253858631204465,0.6551342593372138,9.178273e-01,1.000000e+00,1.000000e+00,3/5,42.57%,GRB2;STAT1;PIK3R1
prerank,Reactome_2022__RHOC GTPase Cycle R-HSA-9013106,0.24189390485244655,0.6533649570106466,9.080460e-01,1.000000e+00,1.000000e+00,3/19,10.31%,LBR;STOM;ARHGEF1
prerank,Reactome_2022__Signaling By NOTCH R-HSA-157118,0.2025828839954479,0.6531589520542596,9.438559e-01,1.000000e+00,1.000000e+00,16/53,30.82%,TNRC6B;UBA52;MIB2;TLE1;IKZF1;GZMB;YWHAZ;PSMC3;HIF1A;TLE4;PSMA5;PSMF1;PSMD4;TMED2;STAT1;PSMC5
prerank,Reactome_2022__Signaling By WNT R-HSA-195721,0.19705100907227896,0.6523042762799237,9.516958e-01,1.000000e+00,1.000000e+00,16/69,24.68%,CCDC88C;TNRC6B;GNG2;PPP2R1A;UBA52;CDC73;RORA;PPP2R5C;TLE1;GSK3B;YWHAZ;PSMC3;TLE4;PSMA5;PSMF1;PSMD4
prerank,Reactome_2022__Glycerophospholipid Biosynthesis R-HSA-1483206,0.2546283605914246,0.6519540551614199,9.101796e-01,1.000000e+00,1.000000e+00,7/14,39.26%,PLAAT4;LPCAT1;SLC44A2;OSBPL8;AGK;HADHA;PTDSS1
prerank,Reactome_2022__Prevention Of Phagosomal-Lysosomal Fusion R-HSA-9636383,0.32226141879256454,0.6510791290380655,9.092219e-01,1.000000e+00,1.000000e+00,1/6,6.62%,UBA52
prerank,Reactome_2022__Signaling By FGFR2 R-HSA-5654738,0.23116080636526276,0.648937544398301,9.296089e-01,1.000000e+00,1.000000e+00,3/23,7.37%,PPP2R1A;UBA52;MAPK1
prerank,Reactome_2022__Signaling By FGFR R-HSA-190236,0.23116080636526276,0.648937544398301,9.296089e-01,1.000000e+00,1.000000e+00,3/23,7.37%,PPP2R1A;UBA52;MAPK1
prerank,Reactome_2022__Regulation Of Cholesterol Biosynthesis By SREBP (SREBF) R-HSA-1655829,0.28705297143569153,0.6431057174246992,9.115385e-01,1.000000e+00,1.000000e+00,2/9,9.40%,IDI1;HMGCS1
prerank,Reactome_2022__SARS-CoV-2-host Interactions R-HSA-9705683,0.2145878418388324,0.6423852217664787,9.303867e-01,1.000000e+00,1.000000e+00,20/31,50.75%,FAU;CNBP;G3BP2;HLA-E;YWHAZ;SNRPB;SNRPD2;ISG15;STAT1;RANBP2;G3BP1;JAK1;HLA-C;HLA-F;IRF7;SNRPD3;HLA-A;HLA-B;YWHAB;HSP90AB1
prerank,Reactome_2022__Cytoprotection By HMOX1 R-HSA-9707564,0.23031094170110336,0.6386213411492384,9.209040e-01,1.000000e+00,1.000000e+00,4/21,19.60%,CYCS;COX14;NFE2L2;HMOX2
prerank,Reactome_2022__Signaling By ERBB2 R-HSA-1227986,0.2518127619132321,0.6370742472783492,9.148148e-01,1.000000e+00,1.000000e+00,3/14,15.54%,FYN;UBA52;STUB1
prerank,Reactome_2022__S Phase R-HSA-69242,0.20122235889809414,0.6344260828514521,9.466951e-01,1.000000e+00,1.000000e+00,11/41,30.82%,CDKN1B;UBA52;RBL2;GSK3B;ANAPC16;PSMC3;PSMA5;PSMF1;PSMD4;RBBP4;PSMC5
prerank,Reactome_2022__Termination Of Translesion DNA Synthesis R-HSA-5656169,0.32083746954923126,0.6264473842086703,9.306931e-01,1.000000e+00,1.000000e+00,1/5,6.62%,UBA52
prerank,Reactome_2022__HCMV Early Events R-HSA-9609690,0.26095272993451457,0.6264263830574416,9.200508e-01,1.000000e+00,1.000000e+00,4/11,32.69%,DYNC1H1;RBBP4;GPS2;RANBP2
prerank,Reactome_2022__G1/S Transition R-HSA-69206,0.20335232280807855,0.6249095616032001,9.347826e-01,1.000000e+00,1.000000e+00,10/36,30.82%,CDKN1B;PPP2R1A;UBA52;RBL2;PSMC3;PSMA5;PSMF1;PSMD4;RBBP4;PSMC5
prerank,Reactome_2022__Diseases Of Carbohydrate Metabolism R-HSA-5663084,0.32566141490802286,0.6244763384262308,9.381295e-01,1.000000e+00,1.000000e+00,2/5,26.44%,UBA52;DCXR
prerank,Reactome_2022__UCH Proteinases R-HSA-5689603,0.2029653448003098,0.6240778411483637,9.450549e-01,1.000000e+00,1.000000e+00,9/35,25.96%,NEDD8;UBA52;UCHL5;PSMC3;PSMA5;PSMF1;SMAD7;PSMD4;USP15
prerank,Reactome_2022__C-type Lectin Receptors (CLRs) R-HSA-5621481,0.19359646842836065,0.6235605628681624,9.663866e-01,1.000000e+00,1.000000e+00,15/49,31.36%,UBE2D2;FYN;UBA52;NFATC2;CASP8;PLCG2;PSMC3;PSMA5;NFKB2;PSMF1;PSMD4;NFATC3;CALM1;PSMC5;ICAM2
prerank,Reactome_2022__Transport Of Mature mRNA Derived From An Intron-Containing Transcript R-HSA-159236,0.2187724101698943,0.6220757498410258,9.380631e-01,1.000000e+00,1.000000e+00,8/23,32.69%,THOC2;CDC40;EIF4A3;SRSF4;U2AF2;RNPS1;SRSF11;RANBP2
prerank,Reactome_2022__Endosomal Sorting Complex Required For Transport (ESCRT) R-HSA-917729,0.28941946213935577,0.6210025163565663,9.227468e-01,1.000000e+00,1.000000e+00,1/7,6.62%,UBA52
prerank,Reactome_2022__Regulation Of mRNA Stability By Proteins That Bind AU-rich Elements R-HSA-450531,0.19830796107070953,0.617578941694273,9.509072e-01,1.000000e+00,1.000000e+00,12/39,32.48%,UBA52;ELAVL1;ZFP36L1;SET;YWHAZ;PSMC3;PSMA5;PSMF1;PSMD4;HNRNPD;PSMC5;HSPA8
prerank,Reactome_2022__Glucagon-like Peptide-1 (GLP1) Regulates Insulin Secretion R-HSA-381676,0.272652341958722,0.6168001399748824,9.119171e-01,1.000000e+00,1.000000e+00,1/9,3.85%,GNG2
prerank,Reactome_2022__Golgi Associated Vesicle Biogenesis R-HSA-432722,0.25595691219753763,0.6140300006439299,9.289277e-01,1.000000e+00,1.000000e+00,1/11,2.46%,VAMP2
prerank,Reactome_2022__Cellular Response To Hypoxia R-HSA-1234174,0.20132450819010145,0.6127371802873346,9.504950e-01,1.000000e+00,1.000000e+00,8/33,24.68%,UBE2D2;UBA52;CITED2;PSMC3;HIF1A;PSMA5;PSMF1;PSMD4
prerank,Reactome_2022__Transcriptional Activity Of SMAD2/SMAD3:SMAD4 Heterotrimer R-HSA-2173793,0.23666757527167792,0.6122267958501989,9.310345e-01,1.000000e+00,1.000000e+00,2/15,7.37%,UBA52;MAPK1
prerank,Reactome_2022__Processing Of Intronless Pre-mRNAs R-HSA-77595,0.29749995025528336,0.6099563783472403,9.427012e-01,1.000000e+00,1.000000e+00,1/6,27.67%,PCF11
prerank,Reactome_2022__Neutrophil Degranulation R-HSA-6798695,0.17358524658079724,0.6074666763410506,9.869347e-01,1.000000e+00,1.000000e+00,39/132,33.23%,PTPRC;EEF1A1;RAB14;DYNC1H1;ARHGAP45;SPTAN1;MAPK1;CCT2;SLC2A3;RAB37;RAB27A;STOM;ADGRE5;LPCAT1;FGR;GDI2;IQGAP2;ITGAL;HMOX2;PSMC3;TRAPPC1;EEF2;PSMA5;MLEC;SLC44A2;LAMP1;ATP8A1;GLIPR1;CYBA;SRP14;DNAJC3;OSTF1;LAIR1;PA2G4;RHOF;STK10;HSPA8;KPNB1;TBC1D10C
prerank,Reactome_2022__Influenza Infection R-HSA-168255,0.21284625605416882,0.6071937246894242,9.426966e-01,1.000000e+00,1.000000e+00,9/26,32.75%,FAU;UBA52;EIF2AK2;CANX;POLR2A;DNAJC3;ISG15;RANBP2;KPNB1
prerank,Reactome_2022__Unfolded Protein Response (UPR) R-HSA-381119,0.22019986695886773,0.6052375567391239,9.491525e-01,1.000000e+00,1.000000e+00,6/20,35.42%,SRPRA;ADD1;DNAJC3;EIF2S3;TLN1;HSPA5
prerank,Reactome_2022__Translesion Synthesis By Y Family DNA Polymerases Bypasses Lesions On DNA Template R-HSA-110313,0.2937168538457862,0.6034616718746811,9.463549e-01,1.000000e+00,1.000000e+00,1/6,6.62%,UBA52
prerank,Reactome_2022__Transport Of Mature Transcript To Cytoplasm R-HSA-72202,0.20894962312475607,0.5989714738412094,9.583802e-01,1.000000e+00,1.000000e+00,8/25,32.69%,THOC2;CDC40;EIF4A3;SRSF4;U2AF2;RNPS1;SRSF11;RANBP2
prerank,Reactome_2022__Glycogen Metabolism R-HSA-8982491,0.30783268861805235,0.5978988992841227,9.549419e-01,1.000000e+00,1.000000e+00,3/5,36.22%,UBA52;CALM1;PHKG2
prerank,Reactome_2022__G1/S DNA Damage Checkpoints R-HSA-69615,0.1992852378401868,0.5959871745396946,9.555061e-01,1.000000e+00,1.000000e+00,7/30,24.68%,CDKN1B;UBA52;ATM;PSMC3;PSMA5;PSMF1;PSMD4
prerank,Reactome_2022__p53-Dependent G1 DNA Damage Response R-HSA-69563,0.1992852378401868,0.5959871745396946,9.555061e-01,1.000000e+00,1.000000e+00,7/30,24.68%,CDKN1B;UBA52;ATM;PSMC3;PSMA5;PSMF1;PSMD4
prerank,Reactome_2022__Negative Regulation Of MET Activity R-HSA-6807004,0.2573155353366261,0.5946065901104878,9.377483e-01,1.000000e+00,1.000000e+00,3/9,28.21%,UBA52;PTPN1;GRB2
prerank,Reactome_2022__Innate Immune System R-HSA-168249,0.1645214742295683,0.5891160952566948,1.000000e+00,1.000000e+00,1.000000e+00,64/247,30.82%,PTPN4;PTPRC;EEF1A1;RASGRP1;UBE2D2;FYN;RAB14;DYNC1H1;ARHGAP45;SPTAN1;PPP2R1A;PSTPIP1;UBA52;MAPK1;CCT2;MYH9;SLC2A3;RAB37;RAB27A;STOM;ADGRE5;LPCAT1;FGR;NFATC2;KLRK1;LCK;HLA-E;GDI2;IQGAP2;CYFIP2;ITGAL;CASP8;WIPF1;PLCG2;HMOX2;PSMC3;PRKDC;TRAPPC1;ABI1;EEF2;PSMA5;MLEC;KLRC2;NFKB2;SLC44A2;PSMF1;PSMD4;NFATC3;LAMP1;ATP8A1;GLIPR1;CYBA;NLRC3;SRP14;GRB2;DNAJC3;ISG15;ACTR3;OSTF1;LAIR1;CALM1;PA2G4;RHOF;PSMC5
prerank,Reactome_2022__DNA Repair R-HSA-73894,0.18505696746688471,0.5840757089436499,9.726027e-01,1.000000e+00,1.000000e+00,10/44,24.73%,PIAS1;UBA52;SMARCA5;COPS6;ATM;TINF2;PRKDC;POLR2A;TCEA1;RAD23A
prerank,Reactome_2022__Advanced Glycosylation Endproduct Receptor Signaling R-HSA-879415,0.2854269829001434,0.5821227933179931,9.461642e-01,1.000000e+00,1.000000e+00,1/6,7.37%,MAPK1
prerank,Reactome_2022__Oxygen-dependent Proline Hydroxylation Of Hypoxia-inducible Factor Alpha R-HSA-1234176,0.1920134003185744,0.5794659564665333,9.625551e-01,1.000000e+00,1.000000e+00,7/31,24.68%,UBE2D2;UBA52;PSMC3;HIF1A;PSMA5;PSMF1;PSMD4
prerank,Reactome_2022__Cyclin E Associated Events During G1/S Transition R-HSA-69202,0.1907067757039356,0.5741772753873787,9.690949e-01,1.000000e+00,1.000000e+00,9/32,30.82%,CDKN1B;UBA52;RBL2;PSMC3;PSMA5;PSMF1;PSMD4;RBBP4;PSMC5
prerank,Reactome_2022__MET Promotes Cell Motility R-HSA-8875878,0.2954883083814085,0.573099961189535,9.714286e-01,1.000000e+00,1.000000e+00,3/5,52.83%,GRB2;ITGB1;RAP1A
prerank,Reactome_2022__FLT3 Signaling In Disease R-HSA-9682385,0.27884994408785363,0.5699794897574079,9.783784e-01,1.000000e+00,1.000000e+00,1/6,6.62%,UBA52
prerank,Reactome_2022__InlB-mediated Entry Of Listeria Monocytogenes Into Host Cell R-HSA-8875360,0.2624219623357824,0.5662896041977943,9.638889e-01,9.981573e-01,1.000000e+00,1/7,6.62%,UBA52
prerank,Reactome_2022__Listeria Monocytogenes Entry Into Host Cells R-HSA-8876384,0.2624219623357824,0.5662896041977943,9.638889e-01,9.981573e-01,1.000000e+00,1/7,6.62%,UBA52
prerank,Reactome_2022__mRNA Decay By 5 To 3 Exoribonuclease R-HSA-430039,0.27311923238587477,0.5612562632787322,9.598338e-01,9.985451e-01,1.000000e+00,3/6,38.68%,LSM7;LSM4;DDX6
prerank,Reactome_2022__Transcriptional Regulation By RUNX2 R-HSA-8878166,0.18317175375558237,0.5588970475377033,9.681668e-01,9.976065e-01,1.000000e+00,10/35,30.82%,UBA52;MAPK1;STUB1;GSK3B;PSMC3;PSMA5;PSMF1;PSMD4;STAT1;PSMC5
prerank,Reactome_2022__Suppression Of Phagosomal Maturation R-HSA-9637687,0.26407601649370904,0.5571354330237025,9.739011e-01,9.964124e-01,1.000000e+00,1/7,6.62%,UBA52
prerank,Reactome_2022__RNA Polymerase III Transcription Initiation R-HSA-76046,0.24535917814402314,0.5541011371947351,9.681529e-01,9.938726e-01,1.000000e+00,3/9,32.59%,BDP1;GTF3A;GTF3C1
prerank,Reactome_2022__RNA Polymerase III Transcription Initiation From Type 1 Promoter R-HSA-76061,0.24535917814402314,0.5541011371947351,9.681529e-01,9.938726e-01,1.000000e+00,3/9,32.59%,BDP1;GTF3A;GTF3C1
prerank,Reactome_2022__Cyclin A:Cdk2-associated Events At S Phase Entry R-HSA-69656,0.18186297848872687,0.5523135656395847,9.791438e-01,9.926849e-01,1.000000e+00,9/33,30.82%,CDKN1B;UBA52;RBL2;PSMC3;PSMA5;PSMF1;PSMD4;RBBP4;PSMC5
prerank,Reactome_2022__TNF Signaling R-HSA-75893,0.2178761457379014,0.5510972555252884,9.614428e-01,9.894385e-01,1.000000e+00,2/13,17.52%,UBA52;CASP8
prerank,Reactome_2022__Regulation Of TNFR1 Signaling R-HSA-5357905,0.2178761457379014,0.5510972555252884,9.614428e-01,9.894385e-01,1.000000e+00,2/13,17.52%,UBA52;CASP8
prerank,Reactome_2022__HCMV Infection R-HSA-9609646,0.20648120495631028,0.5493041959516805,9.667853e-01,9.882439e-01,1.000000e+00,9/16,51.23%,DYNC1H1;RBBP4;GPS2;RANBP2;VPS36;CEBPD;ITGB1;HNRNPK;NCOR1
prerank,Reactome_2022__Signaling By Insulin Receptor R-HSA-74752,0.2514630382632605,0.5324268251761186,9.748344e-01,9.921215e-01,1.000000e+00,1/7,7.37%,MAPK1
prerank,Reactome_2022__Signaling By Hedgehog R-HSA-5358351,0.16701712782351738,0.5243735018295469,9.869707e-01,9.928050e-01,1.000000e+00,8/42,24.68%,ERLEC1;UBA52;CDC73;GSK3B;PSMC3;PSMA5;PSMF1;PSMD4
prerank,Reactome_2022__Nef-mediated Downmodulation Of Cell Surface Receptors By Recruitment To Clathrin Adapters R-HSA-164938,0.25020838863049916,0.5124380641564767,9.887482e-01,9.942575e-01,1.000000e+00,1/6,14.10%,LCK
prerank,Reactome_2022__Diseases Of Metabolism R-HSA-5668914,0.20851440017353978,0.5123925693190238,9.912609e-01,9.924292e-01,1.000000e+00,3/12,26.44%,UBA52;CD320;DCXR
prerank,Reactome_2022__RNA Polymerase III Abortive And Retractive Initiation R-HSA-749476,0.1993955736191364,0.4627127616045556,9.924623e-01,1.000000e+00,1.000000e+00,3/10,32.59%,BDP1;GTF3A;GTF3C1
prerank,Reactome_2022__Signaling By ERBB4 R-HSA-1236394,0.20145818454122366,0.46249978409260484,9.949495e-01,9.981788e-01,1.000000e+00,1/9,6.62%,UBA52
prerank,Reactome_2022__Basigin Interactions R-HSA-210991,0.23691737837188034,0.4608777771329152,9.985775e-01,9.965355e-01,1.000000e+00,1/5,17.79%,SLC3A2
prerank,Reactome_2022__Signaling By MET R-HSA-6806834,0.14802008705693748,0.38640059440952795,9.987730e-01,9.994476e-01,1.000000e+00,3/15,28.21%,UBA52;PTPN1;GRB2
