feature_name,baseMean,log2FoldChange,lfcSE,stat,pvalue,padj
DUSP1,23.838364876290864,2.4629291981023558,0.640093484027067,4.384615618189818,1.161907591321021e-05,0.0010689549840153393
