Name,Term,ES,NES,NOM p-val,FDR q-val,FWER p-val,Tag %,Gene %,Lead_genes
prerank,"Positive Regulation Of mRNA Splicing, Via Spliceosome (GO:0048026)",-0.6649323178507076,-2.1598119948704917,1.000000e-03,6.601512e-02,4.600000e-02,6/17,6.18%,SNW1;RBM3;NUP98;TRA2B;CIRBP;WDR77
prerank,Regulation Of Monoatomic Ion Transmembrane Transporter Activity (GO:0032412),-0.5479019932482204,-1.9576244011662018,1.000000e-03,2.530580e-01,2.880000e-01,7/21,4.47%,FXYD7;PPIF;FXYD2;FXYD5;FHL1;YWHAE;RANGRF
prerank,Positive Regulation Of RNA Splicing (GO:0033120),-0.4999016854824618,-1.874001606140453,1.000000e-03,3.283497e-01,4.830000e-01,9/29,12.91%,SNW1;PIK3R1;RBM3;NUP98;TRA2B;CIRBP;WDR77;RBMXL1;DYRK1A
prerank,Protein Secretion (GO:0009306),0.6059041916774441,1.8732216478028736,1.000000e-03,2.043011e-01,1.760000e-01,13/37,12.46%,PORCN;PCSK5;TVP23B;PRF1;MIA2;TANGO2;NAGPA;MON1A;TVP23C;TMEM167A;PREB;MEN1;AP1B1
prerank,"Regulation Of mRNA Splicing, Via Spliceosome (GO:0048024)",-0.4016800966971043,-1.8600324509858432,1.000000e-03,2.689145e-01,5.050000e-01,29/73,17.09%,SRRM1;MAGOH;SAP18;SNW1;RBM3;NUP98;JMJD6;TRA2B;SRSF9;RBM38;CIRBP;SRSF6;RBM39;WDR77;HNRNPA0;SRSF10;SRSF7;WTAP;HNRNPA1;RNPS1;RBMXL1;HNRNPK;FXR1;DDX5;YTHDC1;SRSF3;NCL;RBM15;RBM5
prerank,Actomyosin Structure Organization (GO:0031032),0.6237806435744614,1.856562841683239,1.000000e-03,1.336901e-01,2.250000e-01,14/29,19.50%,F11R;WDR1;PDLIM1;EPB41L4A;FLII;ALKBH4;MYH9;ARRB1;EPB41;ITGB1;ROCK1;KCTD13;ZYX;RHOA
prerank,Regulation Of Necroptotic Process (GO:0060544),-0.5663341806282477,-1.8543566797649054,8.547009e-03,2.272991e-01,5.270000e-01,8/16,16.25%,BIRC2;CYLD;CFLAR;ITCH;PARP1;OGT;BIRC3;CASP8
prerank,Positive Regulation Of T Cell Cytokine Production (GO:0002726),-0.5884616453248478,-1.8419730297034878,6.993007e-03,2.066748e-01,5.530000e-01,7/15,7.35%,XCL1;HLA-A;CD81;IL18R1;CD55;DENND1B;MALT1
prerank,Regulation Of Type II Interferon Production (GO:0032649),-0.4138817638841419,-1.8062697851616345,1.000000e-03,2.331795e-01,6.400000e-01,22/53,16.74%,XCL1;HLA-A;MYDGF;SLC7A5;HSPD1;HMGB1;PDE4D;IL18R1;CRTAM;LGALS9;PDE4B;ZC3H12A;IFNL1;PTPN22;SLAMF6;BTN3A1;ISG15;CD2;LGALS9B;C1QBP;HLA-DRB1;ZFPM1
prerank,Bile Acid Metabolic Process (GO:0008206),0.6826613122344544,1.7737940934196075,1.300390e-03,3.539963e-01,6.190000e-01,6/15,9.36%,OSBPL3;ACOT8;ABCD3;GBA2;ACAA1;SCP2
prerank,Regulation Of DNA Binding (GO:0051101),-0.4537174224347603,-1.7292088897006843,5.988024e-03,3.624360e-01,8.390000e-01,12/31,12.59%,IFI16;NME1;NFKBIA;PYHIN1;HMGB1;CSNK2B;GZMA;HMGB2;CPNE1;SUMO1;SIRT2;SUMO3
prerank,Response To Type II Interferon (GO:0034341),-0.42135045129804904,-1.707482336703958,6.172840e-03,3.706339e-01,8.680000e-01,11/40,10.83%,XCL1;XCL2;NUB1;GCH1;SLC22A5;IFITM3;LGALS9;IFITM2;IRF8;EPRS1;SHFL
prerank,Regulation Of Mitochondrion Organization (GO:0010821),0.5541974405096678,1.7069121601460941,1.000000e-03,7.152891e-01,9.040000e-01,19/38,26.59%,HTRA2;SREBF2;MUL1;SIRT7;HDAC6;MARCHF5;PINK1;MTCH2;TMEM102;FKBP8;GSK3B;CSNK2A2;MFF;GSK3A;PLSCR3;RHOT1;MYO19;VPS35;GOLPH3
prerank,Establishment Of Protein Localization To Extracellular Region (GO:0035592),0.5961172048559711,1.6917518174106758,2.442002e-03,6.966948e-01,9.430000e-01,9/25,12.11%,TVP23B;PRF1;MIA2;TANGO2;MON1A;TVP23C;TMEM167A;PREB;MEN1
prerank,Nucleotide-Excision Repair (GO:0006289),0.5124070249788769,1.6698405993491088,1.117318e-03,7.842524e-01,9.800000e-01,23/50,28.78%,ERCC6;ERCC5;HUS1;DDB2;RNF111;ERCC4;RAD23B;TP53;RPA2;COMMD1;MRPL36;GTF2H3;GTF2H5;SIRT1;GTF2H4;ERCC3;XAB2;UVSSA;POLL;ERCC8;ERCC1;KAT5;MMS19
prerank,"Vesicle Targeting, Rough ER To cis-Golgi (GO:0048207)",-0.49309002534554414,-1.6672782282421825,8.097166e-03,3.938549e-01,9.230000e-01,5/19,3.93%,TMED10;TMED2;TRAPPC2L;TRAPPC6A;TRAPPC2
prerank,COPII Vesicle Coating (GO:0048208),-0.49309002534554414,-1.6672782282421825,8.097166e-03,3.938549e-01,9.230000e-01,5/19,3.93%,TMED10;TMED2;TRAPPC2L;TRAPPC6A;TRAPPC2
prerank,Amino Acid Catabolic Process (GO:0009063),0.5976705609971503,1.642405589940508,3.802281e-03,9.413450e-01,9.970000e-01,5/21,8.69%,BLMH;MCCC2;CARNS1;BCKDHB;CARNMT1
prerank,U2-type Prespliceosome Assembly (GO:1903241),-0.46441359372303015,-1.6358623800354724,1.843318e-02,4.460335e-01,9.530000e-01,10/23,14.44%,SF3B6;SNRPD1;SNRPB2;SF3A1;SNRPF;SNRPD2;SF3B2;PHF5A;SNRPG;SF3B1
prerank,COPII-coated Vesicle Budding (GO:0090114),-0.4168807706821272,-1.6326266443303854,1.212121e-02,4.207842e-01,9.580000e-01,9/35,5.08%,TMED10;TMED2;SAR1A;TRAPPC2L;TRAPPC6A;SEC24C;RAB1A;TRAPPC2;CSNK1D
prerank,Rho Protein Signal Transduction (GO:0007266),-0.415811569640254,-1.6286506227125965,5.747126e-03,4.018231e-01,9.620000e-01,11/31,14.32%,CDC42;ARHGEF1;ARHGAP4;ARHGDIA;WAS;GNA13;ARHGAP5;TNFRSF25;CFL1;GNA12;EPS8
prerank,Positive Regulation Of Type II Interferon Production (GO:0032729),-0.4097443788158719,-1.6284802305709545,6.024096e-03,3.755527e-01,9.620000e-01,14/37,13.24%,HLA-A;MYDGF;SLC7A5;HSPD1;PDE4D;IL18R1;CRTAM;LGALS9;PDE4B;IFNL1;PTPN22;SLAMF6;ISG15;CD2
prerank,post-Golgi Vesicle-Mediated Transport (GO:0006892),0.4965110912598129,1.6199553018907922,2.270148e-03,1.000000e+00,1.000000e+00,28/51,31.26%,SCAMP2;SCAMP3;VTI1B;RAB10;CCDC22;GOPC;GGA1;SCAMP1;VTI1A;GGA2;SEC16A;EPS15;SYS1;COMMD1;GBF1;CCDC93;EXOC2;EXOC6;VPS13A;AP4M1;AP2A1;ARFGEF2;DOP1B;EXOC5;SCFD1;VPS35L;LLGL1;EXOC8
prerank,Organelle Fusion (GO:0048284),0.5828384152724303,1.6170722128855546,8.905852e-03,9.903318e-01,1.000000e+00,9/21,21.44%,CIDEB;RCC1L;VPS11;MFN1;EEA1;MFN2;MIGA2;VPS18;MFF
prerank,Endosomal Transport (GO:0016197),0.4394020154286711,1.6157834476903847,1.000000e-03,9.044794e-01,1.000000e+00,58/142,25.72%,AGAP2;HGS;SNX17;TRIM27;BLOC1S1;TBC1D10B;UBE2O;EHD1;PLEKHA3;RGP1;WASHC5;TBC1D10C;VPS16;VTI1B;RAB35;RAB10;CCDC22;GGA1;VTI1A;TBC1D23;SNX12;PICALM;CLEC16A;EPS15;AP5S1;CLTC;ANKRD27;ACAP2;SNX18;REPS1;CHMP3;RHOBTB3;GBF1;TOM1;STX6;RAB6A;NSG1;EIPR1;ITSN2;CCDC93;ANKFY1;VPS51;SNX5;ALS2;TMEM87B;VPS39;CMTM6;TBC1D17;ARHGAP1;AP5Z1;RAB29;CHMP1A;STX12;SLC66A2;STX16;VPS35;RAB9A;RBSN
prerank,Response To Tumor Necrosis Factor (GO:0034612),-0.36277616362895926,-1.6149977189098237,1.000000e-03,3.846837e-01,9.740000e-01,14/56,9.75%,XCL1;XCL2;GATA3;NUB1;NFKBIA;GCH1;SLC22A5;NFE2L2;CHUK;ZC3H12A;INPP5K;YTHDC2;ZFP36L2;ZFP36
prerank,Regulation Of p38MAPK Cascade (GO:1900744),-0.4322637043639425,-1.611874068255009,3.061224e-02,3.696694e-01,9.750000e-01,8/26,9.96%,GADD45B;CYLD;GADD45G;LGALS9;ZC3H12A;RELL1;MINK1;PTPN22
prerank,Negative Regulation Of NIK/NF-kappaB Signaling (GO:1901223),-0.5120845531680865,-1.6112761640636313,2.127660e-02,3.505705e-01,9.750000e-01,6/15,12.21%,CYLD;NLRP2;CPNE1;ZC3H12A;HDAC9;DDX3X
prerank,Regulation Of Organelle Organization (GO:0033043),0.4674545843882558,1.6102883072178482,2.188184e-03,8.763462e-01,1.000000e+00,35/78,27.63%,S100A9;S100A8;TBC1D25;F11R;ZEB2;VPS11;TAOK1;MUL1;SIRT7;ATP13A2;INO80D;ACTR8;CLEC16A;PREB;PINK1;INO80;MAVS;NF2;TOM1;DIAPH1;EZR;ATG5;INO80C;RUVBL1;CAPN2;RUVBL2;MFF;RHOT1;INO80B;RDX;VPS35;RBSN;GOLPH3;TECPR1;SYT11
prerank,Lysosome Organization (GO:0007040),0.5375522334899391,1.608630899156852,8.547009e-03,8.193225e-01,1.000000e+00,15/31,27.38%,VPS33A;GNPTAB;NAGPA;TMEM165;TMEM175;MBTPS1;HPS4;AKTIP;HOOK2;GBA1;SPG11;VPS18;MTOR;TPP1;GAA
prerank,Cytoplasmic Microtubule Organization (GO:0031122),0.516334098681981,1.6075398323558838,1.077844e-02,7.654953e-01,1.000000e+00,20/39,27.82%,CCDC88C;KATNA1;MBD1;CCDC88B;TUBGCP6;FSD1;KATNB1;KATNAL1;HOOK2;CLIP1;EZR;TUBGCP2;TUBGCP4;RHOA;RAB11A;SLAIN1;CEP126;DYNC1H1;KPNB1;CHP1
prerank,Mitochondrial ATP Synthesis Coupled Electron Transport (GO:0042775),-0.35229301430588017,-1.6065600097540578,1.000000e-03,3.421341e-01,9.790000e-01,24/65,15.43%,NDUFB9;COX7B;UQCRFS1;NDUFA1;UQCR11;NDUFB6;UQCRQ;NDUFS8;NDUFS3;COX6A1;NDUFC2;SDHB;NDUFB1;UQCC3;SDHD;CYC1;NDUFS6;NDUFA4;NDUFB8;COX7A2;COX8A;NDUFB7;NDUFA3;NDUFA7
prerank,Chemokine-Mediated Signaling Pathway (GO:0070098),-0.4922436441196757,-1.604136204565072,1.304348e-02,3.300756e-01,9.810000e-01,3/18,5.01%,XCL1;XCL2;OXSR1
prerank,Positive Regulation Of Production Of Molecular Mediator Of Immune Response (GO:0002702),-0.47170304161015447,-1.6019626133383875,1.904762e-02,3.183026e-01,9.820000e-01,6/20,9.96%,XCL1;SLC7A5;DNAJB9;VAMP3;PHB1;PTPN22
prerank,Positive Regulation Of Cytokine Production Involved In Immune Response (GO:0002720),-0.48423233942439936,-1.5978921005246436,3.493450e-02,3.109536e-01,9.840000e-01,8/18,11.74%,XCL1;KIR2DL4;HLA-A;SLC7A5;CD55;MALT1;CD160;PLCG2
prerank,Positive Regulation Of Mitochondrion Organization (GO:0010822),0.5023918210755638,1.5974943573129103,9.422850e-03,8.004593e-01,1.000000e+00,18/44,21.53%,CIDEB;HTRA2;BNIP3;MUL1;RALBP1;FAM162A;CHCHD10;MARCHF5;ZDHHC6;TP53;PINK1;MLLT11;BCL2L11;BBC3;DDHD1;GSK3B;MFF;GSK3A
prerank,Proton Motive Force-Driven Mitochondrial ATP Synthesis (GO:0042776),-0.3692017945136078,-1.595084476681459,7.936508e-03,3.027241e-01,9.860000e-01,19/52,17.34%,NDUFB9;NDUFB11;NDUFA1;ATP5ME;NDUFB6;NDUFS8;NDUFS3;NDUFC2;SDHB;NDUFB1;SDHD;NDUFS6;NDUFB8;NDUFB7;NDUFA3;NDUFA7;ATP5F1C;NDUFA13;ATP5MG
prerank,Histone Deubiquitination (GO:0016578),0.5266847464501525,1.5924426066057735,8.433735e-03,7.900268e-01,1.000000e+00,11/32,17.23%,SUPT7L;TAF7;ENY2;ATXN7;TAF6;TRRAP;ATXN7L3;TAF9;MPND;USP3;TAF5L
prerank,Very Long-Chain Fatty Acid Metabolic Process (GO:0000038),0.59786289803333,1.5903444534372098,1.626016e-02,7.572437e-01,1.000000e+00,7/18,14.76%,ACOT4;ABCD3;ACAA1;HACD2;TECR;PEX2;HACD3
prerank,Regulation Of Cardiac Muscle Contraction (GO:0055117),-0.48299180295613064,-1.5862057938263805,3.587444e-02,3.074234e-01,9.890000e-01,9/16,18.69%,RGS2;CALM3;PDE4D;PDE4B;ZC3H12A;PRKACA;SLC9A1;ATP1B1;P2RX4
prerank,Lipid Droplet Organization (GO:0034389),0.5854556717737245,1.5856279881659214,1.540436e-02,7.516883e-01,1.000000e+00,11/18,31.18%,CIDEB;BSCL2;PPID;RNF213;PNPLA2;LDAF1;PPIA;FAF2;PLIN3;KAT5;CDS2
prerank,Regulation Of Erythrocyte Differentiation (GO:0045646),0.5305285253082908,1.5730475501819234,1.349693e-02,8.092016e-01,1.000000e+00,10/28,16.68%,STAT3;NCKAP1L;MAPK14;MED1;ZFP36L1;HIF1A;STAT1;HSPA1A;STAT5B;FAM210B
prerank,Peptide Metabolic Process (GO:0006518),0.5343126314033335,1.572458155919825,1.320528e-02,7.711708e-01,1.000000e+00,11/31,18.95%,PCSK5;PSEN1;CPD;SPPL3;SPCS1;CARNMT1;LNPEP;NPEPPS;THOP1;SEC11C;SPCS3
prerank,Response To Peptide Hormone (GO:0043434),0.5325421350945028,1.568191040126479,1.425178e-02,7.656582e-01,1.000000e+00,14/29,26.36%,STAT3;ZBTB7B;TCF12;ZFP36L1;STAT5A;STAT1;STAT5B;ROCK1;SIRT1;STAT4;EIF2B3;EIF2B5;CRY1;STAT6
prerank,Negative Regulation Of DNA Recombination (GO:0045910),-0.4204533223834925,-1.567273887805768,6.289308e-03,3.318360e-01,9.920000e-01,11/30,17.21%,H1-3;H1-4;RTEL1;H1-2;SHLD1;TERF2IP;BLM;MSH2;TP53BP1;H1-5;CGAS
prerank,Positive Regulation Of Erythrocyte Differentiation (GO:0045648),0.5761616680871676,1.5665609532204163,1.653944e-02,7.424238e-01,1.000000e+00,9/19,16.68%,STAT3;NCKAP1L;MAPK14;MED1;HIF1A;STAT1;HSPA1A;STAT5B;FAM210B
prerank,Positive Regulation Of Establishment Of Protein Localization To Mitochondrion (GO:1903749),0.5350031105337165,1.5628651517301193,9.661836e-03,7.369217e-01,1.000000e+00,15/28,21.53%,RNF31;HTRA2;SREBF2;GZMB;VPS11;UBE2J2;HPS4;UBE2L3;LEPROT;PINK1;NPEPPS;BBC3;SH3GLB1;CSNK2A2;GSK3A
prerank,Vesicle Cargo Loading (GO:0035459),-0.45888798002776715,-1.5580628009758424,2.242152e-02,3.376429e-01,9.950000e-01,5/18,2.36%,TMED10;TMED2;SAR1A;SEC24C;RAB1A
prerank,Transcription Elongation By RNA Polymerase II (GO:0006368),0.53756035695909,1.5465470456502386,1.359703e-02,8.343964e-01,1.000000e+00,12/26,20.35%,SART3;GTF2F2;SUPT4H1;LEO1;ELP4;SRCAP;PEX2;CTDP1;ELOF1;IWS1;ERCC3;PCID2
prerank,Axonal Transport (GO:0098930),0.5187575494049652,1.5412490489555979,1.941748e-02,8.423496e-01,1.000000e+00,10/30,12.99%,BLOC1S1;AP3S2;ARL8B;BLOC1S6;KIF3A;HDAC6;SOD1;KIF3B;AP3M1;HIF1A
prerank,Vesicle Coating (GO:0006901),-0.41995361437387557,-1.5398719224068025,5.000000e-03,3.648810e-01,9.950000e-01,7/28,5.08%,TMED10;TMED2;TRAPPC10;TRAPPC2L;TRAPPC6A;TRAPPC2;CSNK1D
prerank,Positive Regulation Of Transcription By RNA Polymerase III (GO:0045945),0.5862811940540186,1.5389984226720255,4.319372e-02,8.269579e-01,1.000000e+00,7/15,23.77%,ERCC6;ZNF143;BAZ1B;DEK;ICE2;RPTOR;MTOR
prerank,Chromosome Organization (GO:0051276),-0.3914189091174123,-1.5366715275908127,2.051282e-02,3.588763e-01,9.950000e-01,10/31,14.56%,H1-3;H1-4;LATS1;NUP155;H1-2;TOP2B;HHEX;CENPH;MSH2;H1-5
prerank,Aerobic Electron Transport Chain (GO:0019646),-0.3467013341212331,-1.533571780453477,1.086957e-02,3.534643e-01,9.950000e-01,24/63,15.43%,NDUFB9;COX7B;UQCRFS1;NDUFA1;UQCR11;NDUFB6;UQCRQ;NDUFS8;NDUFS3;COX6A1;NDUFC2;SDHB;NDUFB1;UQCC3;SDHD;CYC1;NDUFS6;NDUFA4;NDUFB8;COX7A2;COX8A;NDUFB7;NDUFA3;NDUFA7
prerank,NIK/NF-kappaB Signaling (GO:0038061),-0.41451173749607895,-1.5291765975925211,2.105263e-02,3.507431e-01,9.950000e-01,7/25,7.35%,REL;BIRC2;COPS8;NFKBIA;CREBBP;CHUK;MALT1
prerank,Positive Regulation Of Wound Healing (GO:0090303),0.5870561268016167,1.5289877648543768,2.960103e-02,8.798126e-01,1.000000e+00,7/16,23.77%,ARFGEF1;ITGB1;ST3GAL4;F2R;THBS1;RREB1;MTOR
prerank,Monoubiquitinated Histone H2A Deubiquitination (GO:0035522),0.5268637277864692,1.5277526501283285,1.958384e-02,8.276950e-01,1.000000e+00,9/26,17.23%,SUPT7L;TAF7;ENY2;ATXN7;TAF6;TRRAP;ATXN7L3;TAF9;TAF5L
prerank,Monoubiquitinated Histone Deubiquitination (GO:0035521),0.5268637277864692,1.5277526501283285,1.958384e-02,8.276950e-01,1.000000e+00,9/26,17.23%,SUPT7L;TAF7;ENY2;ATXN7;TAF6;TRRAP;ATXN7L3;TAF9;TAF5L
prerank,Protein Targeting To ER (GO:0045047),-0.4250457183880312,-1.5262544770683686,1.010101e-02,3.462767e-01,9.970000e-01,13/23,16.49%,SEC61G;SRP9;CHMP4A;ZFAND2A;ZFAND2B;SRPRB;EDEM1;SEC61A1;SEC63;SPCS2;GET4;SRP14;SGTB
prerank,Negative Regulation Of Protein Localization To Plasma Membrane (GO:1903077),0.6040253721708713,1.5260298658354323,3.157895e-02,8.137954e-01,1.000000e+00,10/15,22.33%,BCL2L1;PPFIA1;PPP2R5A;PICALM;CLTC;TMBIM1;CSK;LRPAP1;NUMB;GBP1
prerank,Positive Regulation Of mRNA Processing (GO:0050685),-0.43829300860725157,-1.5239796849302363,2.392344e-02,3.395410e-01,9.970000e-01,6/21,6.18%,SNW1;RBM3;NUP98;TRA2B;CIRBP;WDR77
prerank,"Regulation Of Alternative mRNA Splicing, Via Spliceosome (GO:0000381)",-0.375375544148535,-1.5227599832283067,1.307190e-02,3.312131e-01,9.970000e-01,17/38,19.77%,MAGOH;SAP18;TRA2B;RBM38;SRSF6;HNRNPA0;WTAP;HNRNPA1;RNPS1;FXR1;DDX5;YTHDC1;RBM15;RBM5;FAM172A;HNRNPU;NSRP1
prerank,rRNA Transcription (GO:0009303),0.5933274952996477,1.5219857299374577,1.470588e-02,8.184281e-01,1.000000e+00,7/15,16.13%,GTF3C2;GTF3C3;ZFP36L1;SIRT7;SPIN1;GTF3C6;GTF3C1
prerank,mRNA Processing (GO:0006397),-0.2679365976396777,-1.5218582525436644,1.000000e-03,3.232228e-01,9.970000e-01,63/197,16.53%,SRRM1;U2AF1;MAGOH;SRSF5;SNRNP27;SNW1;SF3B6;HNRNPM;PAPOLA;RPRD1B;HEXIM1;SNRPD1;PIN1;TRA2B;SRSF9;MFAP1;SNRPB2;SYF2;RAMAC;SF3A1;SRSF2;HNRNPH1;SRSF6;CPSF6;LSM4;HNRNPA0;PABPC1;RBM41;PRPF18;SRSF10;CWC15;SNRPF;SRSF7;HNRNPA1;SNU13;RNMT;SNRPD2;PRKACA;RNPS1;LSM7;FRG1;SF3B2;RNPC3;RNF113A;MTREX;SLU7;PHF5A;HNRNPK;DDX5;SNRNP40;SNRPG;ZRSR2;SF3B1;ALYREF;BUD31;YTHDC1;PPIE;PRPF4B;ALKBH5;TFIP11;SRSF3;CWC25;RPRD2
prerank,Proton Motive Force-Driven ATP Synthesis (GO:0015986),-0.3509458989696029,-1.5179514467050497,2.857143e-02,3.211626e-01,9.970000e-01,20/58,17.34%,NDUFB9;ATP5MC1;NDUFB11;NDUFA1;ATP5ME;NDUFB6;NDUFS8;NDUFS3;NDUFC2;SDHB;NDUFB1;SDHD;NDUFS6;NDUFB8;NDUFB7;NDUFA3;NDUFA7;ATP5F1C;NDUFA13;ATP5MG
prerank,DNA-templated Transcription Elongation (GO:0006354),0.5326359826630462,1.5168884212555467,2.098765e-02,8.294738e-01,1.000000e+00,11/24,20.35%,GTF2F2;SUPT4H1;LEO1;ELP4;SRCAP;PEX2;CTDP1;ELOF1;TCEA2;ERCC3;PCID2
prerank,Positive Regulation Of Histone Methylation (GO:0031062),0.5764423189395605,1.5163329458406878,2.755906e-02,8.075540e-01,1.000000e+00,8/17,18.19%,RRP8;KANSL3;WDR5;KANSL1;SMAD4;BAZ2A;SIRT1;KAT8
prerank,Positive Regulation Of Protein Targeting To Mitochondrion (GO:1903955),0.5304382306539668,1.5090011468202618,2.846535e-02,8.403418e-01,1.000000e+00,13/25,21.53%,RNF31;HTRA2;SREBF2;VPS11;UBE2J2;HPS4;UBE2L3;LEPROT;PINK1;NPEPPS;SH3GLB1;CSNK2A2;GSK3A
prerank,Cytoplasmic Translation (GO:0002181),-0.48430394209575317,-1.5006722987983931,4.247104e-02,3.462198e-01,9.980000e-01,10/15,20.29%,ZC3H15;EIF3M;DRG2;RWDD1;ETF1;EIF4A1;MRPS12;RACK1;FAU;EIF3I
prerank,Regulation Of Glycolytic Process (GO:0006110),0.507346513549211,1.499623617902301,3.444034e-02,8.908058e-01,1.000000e+00,14/30,27.48%,ZBTB7A;PGAM1;PSEN1;ZBTB20;IFNG;HIF1A;SIRT6;NCOR1;RPTOR;TIGAR;JMJD8;MTOR;HDAC4;PRKAG2
prerank,Neural Tube Closure (GO:0001843),0.5777147653320676,1.4993096436093831,3.989362e-02,8.679365e-01,1.000000e+00,7/16,21.91%,DVL3;TSC2;KDM2B;SCRIB;VASP;MTHFD1;MTHFR
prerank,Regulation Of Cellular Component Biogenesis (GO:0044087),0.5284394895598137,1.4967354527066306,2.111801e-02,8.640167e-01,1.000000e+00,10/25,16.79%,VPS11;NCLN;HSPA8;TRAF2;PINK1;METTL18;NF2;RAP1B;ROCK1;EZR
prerank,Glycerophospholipid Metabolic Process (GO:0006650),0.49253875593411106,1.491158267758193,3.341289e-02,8.863648e-01,1.000000e+00,21/32,41.06%,PDGFRB;FAR1;GDE1;SMPD4;PLCG1;PLCB2;PLCD1;PIGV;PLEK;ABHD12;PIGN;GPCPD1;ABHD3;PAFAH1B1;ABHD6;PIGB;HDHD5;GDPD1;PIP5K1A;CLN3;PGPEP1
prerank,Cellular Response To Type II Interferon (GO:0071346),-0.3898793316695019,-1.488507472333781,2.777778e-02,3.627508e-01,9.980000e-01,8/33,9.93%,XCL1;XCL2;JAK1;IFNGR1;LGALS9;IRF8;EPRS1;IRF1
prerank,Negative Regulation Of Autophagy (GO:0010507),0.4712404489504576,1.4878998653309388,2.331002e-02,8.892522e-01,1.000000e+00,15/44,18.53%,TRIM27;TBC1D14;STAT3;RUBCN;RRAGC;IL10RA;PIK3CA;PINK1;WDR6;FOXK1;CPTP;EIF4G3;KLHL22;KDM4A;RPTOR
prerank,Steroid Metabolic Process (GO:0008202),0.5133651556302578,1.487728631754942,3.007519e-02,8.679475e-01,1.000000e+00,19/26,37.28%,LSS;GBA2;RDH5;ACAA1;FDXR;SCP2;ARV1;CBR1;CYP4V2;BDH1;CYP2R1;MSMO1;AKR1C3;SRD5A1;DHRS4;AMACR;NPC1;STARD3;CYP51A1
prerank,Vesicle Fusion (GO:0006906),0.4442835060846642,1.487708506812984,1.425439e-02,8.464607e-01,1.000000e+00,26/60,25.14%,VPS33A;VPS11;STX7;UVRAG;ARL8B;VPS8;VPS16;VTI1B;ATP13A2;VTI1A;EEA1;VAMP8;YIPF4;CHMP3;TOM1;VAMP2;STX6;VPS18;CHMP6;PIP4K2B;TGFBRAP1;VPS39;CHMP1A;STX12;STX16;GOSR2
prerank,DNA Damage Checkpoint Signaling (GO:0000077),0.4920547753026667,1.4867159032840849,2.706027e-02,8.334390e-01,1.000000e+00,9/30,12.82%,ERCC6;USP28;ZNF830;PARP9;HUS1;CEP63;ERCC4;RAD17;MRPL36
prerank,Negative Regulation Of Cellular Catabolic Process (GO:0031330),0.4753787921649837,1.4862448123482335,2.813599e-02,8.170473e-01,1.000000e+00,18/42,23.77%,TRIM27;TBC1D14;STAT3;RUBCN;RRAGC;IL10RA;WDR6;FOXK1;ROCK1;CPTP;NRDE2;EIF4G3;KLHL22;KDM4A;RPTOR;GSK3A;RRAGB;MTOR
prerank,Steroid Biosynthetic Process (GO:0006694),0.5222173918100548,1.4860819031686765,2.948718e-02,7.993599e-01,1.000000e+00,6/23,9.36%,OSBPL3;LSS;ACOT8;ABCD3;FDXR;SCP2
prerank,Positive Regulation Of Cellular Catabolic Process (GO:0031331),0.41261800724587455,1.4842231825921837,7.399577e-03,7.955288e-01,1.000000e+00,43/108,24.91%,TTC5;BNIP3;PSEN1;ZBTB20;MOV10;ZSWIM8;TRIM38;CNOT8;ATF6;CNOT7;DEPDC5;LAPTM5;NPRL3;IFNG;PTPN1;TRIM65;TRIM5;ADAM8;NRDC;TBK1;PIK3C2A;HIF1A;STK11;ENDOG;ROCK1;NPRL2;TNFRSF1B;PNPLA2;TNF;RPTOR;SH3GLB1;GSK3B;CDK16;GSK3A;KHSRP;CCNY;MTLN;TRIM22;MTOR;PNPT1;DXO;TRIM21;MTDH
prerank,Intracellular Protein Transmembrane Transport (GO:0065002),-0.35413385138325765,-1.4824941592704277,1.000000e-03,3.667280e-01,9.990000e-01,14/42,10.85%,SEC61G;HSPD1;TIMM17B;ROMO1;GRPEL2;TIMM17A;ZFAND2B;PEX1;GRPEL1;SEC61A1;HYOU1;TIMM23;HSPA5;SEC63
prerank,Response To Interferon-Alpha (GO:0035455),-0.47881112822280675,-1.4820267761617125,4.897959e-02,3.583536e-01,9.990000e-01,5/15,6.25%,GATA3;PYHIN1;TPR;IFITM3;IFITM2
prerank,Positive Regulation Of Rho Protein Signal Transduction (GO:0035025),0.5729812553500521,1.4819135123463838,3.689567e-02,7.952782e-01,1.000000e+00,6/15,17.52%,ADGRG1;F11R;ARHGEF3;GPR174;ARRB1;F2R
prerank,Vesicle-Mediated Transport To The Plasma Membrane (GO:0098876),0.43815528235104817,1.4806258690041052,1.199564e-02,7.877932e-01,1.000000e+00,34/69,32.10%,HGS;SNX17;EHD1;RAB35;RAB10;CCDC22;GOPC;GGA1;VTI1A;GGA2;SEC16A;SNX12;EPS15;ANKRD27;COMMD1;STX6;EIPR1;CCDC93;EXOC2;VPS51;EXOC6;VPS39;CMTM6;ARFGEF2;STX12;STX16;VPS35;EXOC5;PTPN23;VPS35L;VAMP4;LLGL1;EXOC8;MICALL1
prerank,Negative Regulation Of Protein Localization (GO:1903828),0.48880363325985915,1.4806064078632886,2.810304e-02,7.712720e-01,1.000000e+00,18/33,30.25%,ANKRD13A;GOPC;PICALM;LEPROT;COMMD1;UBXN2B;SIRT6;TTBK2;LATS2;RNF4;NSFL1C;GSK3B;VCP;CTNNA1;MTOR;MACROH2A1;BTF3;TAX1BP3
prerank,Cellular Response To Hormone Stimulus (GO:0032870),0.47809837232332675,1.478482471939901,2.497027e-02,7.709933e-01,1.000000e+00,14/38,18.37%,ATP1A3;STAT3;BRD8;MED1;ZFP36L1;SERPINB9;HSPA8;UBE2L3;PELP1;HSPA1A;STAT5B;TRIM24;NCOA3;NSMF
prerank,Positive Regulation Of Cell-Cell Adhesion (GO:0022409),-0.453330837935131,-1.4774336870768394,7.929515e-02,3.583909e-01,9.990000e-01,5/18,7.36%,JAK1;FLOT1;CD44;FUT7;CD3E
prerank,Negative Regulation Of Phosphoprotein Phosphatase Activity (GO:0032515),0.5483469953891106,1.4766813841404633,5.398458e-02,7.668254e-01,1.000000e+00,6/17,19.62%,NCKAP1L;PPP1R11;ROCK1;IKBKB;TNF;GSK3B
prerank,Positive Regulation Of Interleukin-1 Production (GO:0032732),-0.3751104364668027,-1.4754331590607654,4.705882e-02,3.534066e-01,9.990000e-01,9/32,8.35%,TMED10;EGR1;IFI16;PYHIN1;HMGB1;LGALS9;NLRP2;MALT1;LCP1
prerank,Lysosomal Transport (GO:0007041),0.42268883784337374,1.4745670565428852,5.347594e-03,7.666091e-01,1.000000e+00,30/87,21.34%,VPS33A;HGS;VPS11;HGSNAT;NAGPA;ARL8B;VPS16;PIK3C3;ATP13A2;DENND3;CCDC91;EPG5;LAPTM5;CLEC16A;PINK1;AP3M1;AKTIP;CHMP3;HOOK2;IGF2R;HSPA1A;ANKFY1;VPS18;CHMP6;VPS51;TGFBRAP1;BIN1;ALS2;AP4M1;VPS39
prerank,Response To Amino Acid (GO:0043200),0.5399826989671507,1.474544978047019,4.325700e-02,7.516883e-01,1.000000e+00,9/19,23.77%,TMBIM6;CPEB4;RRAGC;SLC38A9;SESN2;NSMF;RPTOR;RRAGB;MTOR
prerank,Regulation Of Cytokine Production Involved In Inflammatory Response (GO:1900015),0.5077192124748281,1.4734928644654854,3.358209e-02,7.433705e-01,1.000000e+00,6/25,2.90%,STAT3;CD6;GBP5;MAPK9;MAPK14;EXTL3
prerank,Negative Regulation Of Immune System Process (GO:0002683),0.5605113791594962,1.4725038279475313,2.933673e-02,7.363613e-01,1.000000e+00,10/18,34.86%,LRRC14;FADD;NFKBIL1;OTUD4;TSC22D3;FCRLB;CACTIN;FCGR2B;GPS2;GPR108
prerank,Regulation Of mRNA Processing (GO:0050684),-0.3832177342669766,-1.470019958157227,2.325581e-02,3.561488e-01,9.990000e-01,8/31,9.50%,SRRM1;MAGOH;PAPOLA;CDK11A;JMJD6;RBM39;SRSF10;SAFB2
prerank,Golgi To Plasma Membrane Transport (GO:0006893),0.4686359105274971,1.4700128599576747,2.227433e-02,7.400552e-01,1.000000e+00,22/42,31.26%,BLZF1;RAB10;CCDC22;GOPC;GGA1;GGA2;SEC16A;SYS1;COMMD1;VAMP2;CCDC93;EXOC2;EXOC6;GOLGA4;BBS2;ARFGEF2;GOLPH3;EXOC5;VPS35L;PREPL;LLGL1;EXOC8
prerank,Cellular Response To Acid Chemical (GO:0071229),0.5283168620442849,1.4681298904377253,4.207921e-02,7.383767e-01,1.000000e+00,9/20,23.77%,CPEB4;RRAGC;KLF2;SLC38A9;SESN2;NSMF;RPTOR;RRAGB;MTOR
prerank,Regulation Of Telomere Maintenance Via Telomerase (GO:0032210),0.4569538876863934,1.4654818765835558,2.991945e-02,7.417514e-01,1.000000e+00,23/44,27.75%,MAP3K4;PIF1;SMG5;PARN;GNL3L;SMG6;CCT7;CCT3;CTC1;TINF2;TERF2;ATR;TNIP1;TNKS;FBXO4;CCT5;NAT10;NEK7;TNKS2;XRCC5;CCT2;MAP2K7;PRKCQ
prerank,Epithelial Cell Migration (GO:0010631),0.5223085623066336,1.4652366947631579,3.699137e-02,7.304725e-01,1.000000e+00,10/22,19.50%,S100A9;ZEB2;SMAD4;PIK3CA;TNFSF12;MEN1;STAT1;ROCK1;PLXND1;RHOA
prerank,Regulation Of Mitochondrial Fission (GO:0090140),0.5370132668408321,1.4620618689413623,4.182510e-02,7.382823e-01,1.000000e+00,9/19,25.01%,BNIP3;MUL1;RALBP1;MARCHF5;PINK1;DDHD1;MFF;MYO19;VPS35
prerank,Mitochondrial Calcium Ion Homeostasis (GO:0051560),-0.45875179023922563,-1.4609566561556293,7.949791e-02,3.661085e-01,9.990000e-01,4/16,10.94%,MCUB;PDZD8;MAIP1;ANXA6
prerank,Regulation Of Interleukin-10 Production (GO:0032653),-0.41690758994005955,-1.4602955851895738,4.522613e-02,3.593470e-01,9.990000e-01,8/23,12.98%,XCL1;HSPD1;TRIB2;HMGB1;LGALS9;PIBF1;PLCG2;ISG15
prerank,Phospholipid Metabolic Process (GO:0006644),0.4954547393858235,1.4557430838046603,3.743961e-02,7.669388e-01,1.000000e+00,15/28,29.06%,AGPAT1;PCYT2;PIP4P1;GDE1;PLAAT4;SMPD1;PLCB2;PLCD1;SMPD2;ABHD12;LPCAT1;SMPD3;PLAAT3;CLN8;AGPAT4
prerank,Histone H3-K4 Methylation (GO:0051568),0.5043589139019606,1.454679706402783,4.893350e-02,7.615942e-01,1.000000e+00,9/25,22.01%,WDR5;NCOA6;HCFC2;MEN1;PAGR1;KMT2A;NFYC;KMT2D;BOD1
prerank,Cellular Response To Decreased Oxygen Levels (GO:0036294),0.44786095411990207,1.450195284793779,3.002309e-02,7.785727e-01,1.000000e+00,15/47,21.16%,NDRG1;BNIP3;CPEB4;HIPK2;FAM162A;ZFP36L1;ADAM8;TP53;PINK1;HIF1A;NPEPPS;SIRT1;RPTOR;PICK1;TIGAR
prerank,Positive Regulation Of Telomere Maintenance Via Telomerase (GO:0032212),0.49397460406761823,1.4500792589355695,3.703704e-02,7.666073e-01,1.000000e+00,15/28,27.75%,MAP3K4;PARN;CCT7;CCT3;ATR;TNIP1;TNKS;FBXO4;CCT5;NEK7;TNKS2;XRCC5;CCT2;MAP2K7;PRKCQ
prerank,Organic Anion Transport (GO:0015711),0.4629551958181214,1.4487832246592494,3.767123e-02,7.633755e-01,1.000000e+00,14/40,22.37%,SLC25A42;LRRC8A;SLC35B2;SLC2A3;SLC4A2;SLC25A24;SLC35C2;CPTP;MFSD10;LRRC8D;SLCO4C1;CYB5R1;SLC35B3;ABCC5
prerank,Regulation Of Androgen Receptor Signaling Pathway (GO:0060765),0.5229042060383479,1.4476324872470472,5.032258e-02,7.593326e-01,1.000000e+00,9/22,17.94%,PIAS2;ZBTB7A;RNF14;RNF6;HDAC6;KDM1A;NCOR1;SIRT1;KDM5D
prerank,Circulatory System Development (GO:0072359),0.44145511649694813,1.4475607316595394,2.394527e-02,7.481576e-01,1.000000e+00,24/55,25.06%,PCSK5;PDLIM1;SMYD4;TCF25;HEG1;UTY;NF1;TSC2;BORCS8;PIK3CA;NCOA6;CDKN1B;STK11;CITED2;SRF;PDLIM5;POLR2D;CACYBP;BCOR;MTHFD1;MEF2A;ZDHHC16;AKAP13;TGFBR1
prerank,Endothelial Cell Migration (GO:0043542),0.5289822131162154,1.4472695935919861,6.132666e-02,7.388474e-01,1.000000e+00,8/20,19.50%,S100A9;PIK3CA;TNFSF12;MYH9;MEN1;STAT1;PLXND1;RHOA
prerank,Platelet Dense Granule Organization (GO:0060155),0.5305444318033208,1.4463244990031394,4.915912e-02,7.342556e-01,1.000000e+00,8/19,19.68%,BLOC1S1;AP3S2;HPS6;HPS4;AP1B1;AP3M1;F2R;AP1S1
prerank,Interstrand Cross-Link Repair (GO:0036297),0.5008349048696541,1.4452118079224203,4.636591e-02,7.305327e-01,1.000000e+00,8/25,11.06%,FANCA;FAAP20;RNF8;DCLRE1C;ERCC6L2;ERCC4;RFWD3;NUCKS1
prerank,Regulation Of Telomere Capping (GO:1904353),0.5342389598207578,1.4435705161022512,5.370844e-02,7.305199e-01,1.000000e+00,12/18,31.80%,MAP3K4;HNRNPD;SMG6;TERF2;RAD50;TNKS;NABP2;NEK7;TNKS2;MAP2K7;PRKCQ;MAPK3
prerank,Gluconeogenesis (GO:0006094),0.5159246618956531,1.442758540092132,4.844720e-02,7.247778e-01,1.000000e+00,9/22,23.76%,SLC25A1;PGAM1;TPI1;MDH1;POLR2D;KHSRP;SLC25A13;CRTC2;CRY1
prerank,Activation Of GTPase Activity (GO:0090630),0.4425411827019794,1.441481174324486,3.043968e-02,7.221943e-01,1.000000e+00,10/51,5.57%,AGAP2;AGAP1;TBC1D25;TBC1D14;TBC1D10B;TBC1D7;RANGAP1;TBC1D10C;ARHGAP25;RALGAPB
prerank,Anterograde Axonal Transport (GO:0008089),0.4951952247279404,1.441209286791367,3.473945e-02,7.135499e-01,1.000000e+00,8/28,12.86%,BLOC1S1;AP3S2;ARL8B;BLOC1S6;KIF3A;SOD1;KIF3B;AP3M1
prerank,"DNA Damage Response, Signal Transduction By P53 Class Mediator (GO:0030330)",0.4909879039110199,1.4409034491711399,4.668305e-02,7.057356e-01,1.000000e+00,8/25,16.91%,NDRG1;MYO6;HIPK2;CDKN1B;TP53;SESN2;SP100;CASP2
prerank,Positive Regulation Of p38MAPK Cascade (GO:1900745),-0.4568212998709896,-1.44027140746504,7.017544e-02,3.935307e-01,1.000000e+00,5/16,9.04%,GADD45B;GADD45G;ZC3H12A;RELL1;MINK1
prerank,Positive Regulation Of Establishment Of Protein Localization (GO:1904951),0.5613052567308222,1.4382061221053737,5.744125e-02,7.132216e-01,1.000000e+00,9/15,31.72%,CEP120;WRAP53;CCT7;CCT3;CEP135;TNF;CCT5;CHP1;DKC1
prerank,Lytic Vacuole Organization (GO:0080171),0.4901943749169253,1.4342582255158338,5.086849e-02,7.273871e-01,1.000000e+00,12/27,27.38%,GNPTAB;NAGPA;MBTPS1;HPS4;AKTIP;HOOK2;GBA1;SPG11;VPS18;MTOR;TPP1;GAA
prerank,Transport Across Blood-Brain Barrier (GO:0150104),-0.3655640901809109,-1.433933913027162,4.137931e-02,3.996363e-01,1.000000e+00,7/32,6.70%,SLC7A5;FABP5;SLC1A5;ABCB1;SLC38A1;SLC22A5;SLC44A1
prerank,Positive Regulation Of T Cell Mediated Immunity (GO:0002711),-0.40083328689065734,-1.4330448993383562,7.142857e-02,3.932540e-01,1.000000e+00,7/24,7.68%,XCL1;HLA-A;HSPD1;CD55;HLA-B;MALT1;ZBTB1
prerank,Long-Chain Fatty Acid Metabolic Process (GO:0001676),0.4758198264721397,1.4327284170347756,5.421687e-02,7.269213e-01,1.000000e+00,11/31,21.93%,ACAD9;ACOT8;ACOT4;ABCD3;ACAA1;SCP2;SLC27A3;GSTM4;ACSL5;ABHD12;ACSL4
prerank,Regulation Of DNA Damage Checkpoint (GO:2000001),0.5596791248329046,1.432357319374546,5.844156e-02,7.195960e-01,1.000000e+00,9/16,26.50%,TELO2;RFWD3;WDR76;RPA2;THOC1;ETAA1;THOC5;CRY1;CCAR2
prerank,Regulation Of Protein Targeting To Mitochondrion (GO:1903214),0.4841173061631053,1.4304374716433084,4.191617e-02,7.226942e-01,1.000000e+00,13/30,21.53%,RNF31;HTRA2;SREBF2;VPS11;UBE2J2;HPS4;UBE2L3;LEPROT;PINK1;NPEPPS;SH3GLB1;CSNK2A2;GSK3A
prerank,Inorganic Anion Transmembrane Transport (GO:0098661),0.5085810697059489,1.430180430899639,5.384615e-02,7.152027e-01,1.000000e+00,13/22,34.47%,SLC1A7;LRRC8A;SLC25A3;SLC26A2;SLC20A1;SLC12A2;SLC25A11;SLC37A1;ANO6;SLC12A6;APOL1;SLC20A2;SLC5A6
prerank,Nuclear-Transcribed mRNA poly(A) Tail Shortening (GO:0000289),0.5466048002236432,1.4288786464374732,7.441253e-02,7.131943e-01,1.000000e+00,8/16,24.29%,SAMD4B;CNOT3;CNOT8;CNOT7;PARN;TUT7;CNOT6;CNOT6L
prerank,Myeloid Leukocyte Differentiation (GO:0002573),-0.36650924301186316,-1.4285077706251188,3.468208e-02,3.953626e-01,1.000000e+00,8/35,7.52%,SOCS1;CDC42;IFI16;GPR183;GATA3;FARP2;LGALS9;PARP1
prerank,Positive Regulation Of Ras Protein Signal Transduction (GO:0046579),0.4850393812733182,1.4282238934062796,5.372405e-02,7.084691e-01,1.000000e+00,11/28,24.35%,ADGRG1;RASGEF1A;F11R;STK19;ARHGEF3;GPR174;ARRB1;F2R;ALS2;RASGRP1;AKAP13
prerank,Protein Autoubiquitination (GO:0051865),0.4333594973823175,1.4282039539751104,3.483146e-02,6.999096e-01,1.000000e+00,29/52,36.54%,TRAF6;TRIM37;RNF8;DDB2;RNF146;MARCHF5;RNF213;TRAF2;OBI1;UBE2D2;TRIM11;RNFT1;BFAR;RNF4;RNF220;TRIM21;ERCC8;UBE3A;TRIM52;RNF13;CUL3;RNF185;KLHL24;WWP2;RAD18;UBE3D;CNOT4;LRSAM1;RNF115
prerank,Positive Regulation Of Mitochondrial Fission (GO:0090141),0.548090835790401,1.4269190334703317,7.387863e-02,6.990996e-01,1.000000e+00,8/16,25.01%,BNIP3;MUL1;RALBP1;MARCHF5;PINK1;DDHD1;MFF;VPS35
prerank,Histone H3 Acetylation (GO:0043966),0.4725612021714301,1.4268213649027297,4.668305e-02,6.912589e-01,1.000000e+00,14/34,27.85%,SUPT7L;WDR5;TAF7;ENY2;TAF6;TRRAP;ATXN7L3;TAF9;TAF5L;DR1;YEATS2;TAF5;TADA2A;SUPT20H
prerank,Cellular Defense Response (GO:0006968),-0.3862329088990507,-1.4266933757896438,4.123711e-02,3.911772e-01,1.000000e+00,7/26,9.58%,KIR3DL2;KIR2DL4;GNLY;KLRC2;TCIRG1;TRAT1;LSP1
prerank,Signal Transduction In Response To DNA Damage (GO:0042770),0.4365704049968252,1.426504055997513,3.583815e-02,6.849208e-01,1.000000e+00,15/51,18.96%,NDRG1;MYO6;ERCC6;MAPK14;USP28;PARP9;HUS1;CEP63;ERCC4;RAD17;TP53;MRPL36;SESN2;MAP2K6;ATR
prerank,Branched-Chain Amino Acid Catabolic Process (GO:0009083),0.5416249987450349,1.4251121173662207,6.313131e-02,6.846308e-01,1.000000e+00,4/16,16.19%,MCCC2;HMGCL;BCKDHB;ACAT1
prerank,Regulation Of Filopodium Assembly (GO:0051489),-0.3967327321258671,-1.4243317035401586,6.632653e-02,3.886090e-01,1.000000e+00,4/24,4.78%,CDC42;PIK3R1;ARF6;RHOQ
prerank,Negative Regulation Of Catabolic Process (GO:0009895),0.4449343754028416,1.4236284071194625,5.140187e-02,6.852131e-01,1.000000e+00,15/45,21.16%,AGAP2;CSNK2A1;RGP1;BSCL2;HIPK2;TRIM39;SNX12;PDE3B;FLNA;SGTA;SIRT6;NCOR1;TNF;CSNK2A2;TIGAR
prerank,Lysosome Localization (GO:0032418),0.4748149045224119,1.4235240256806925,3.721489e-02,6.779187e-01,1.000000e+00,12/31,23.78%,VPS33A;BLOC1S1;HPS6;PIP4P1;HDAC6;FAM98A;BORCS8;MYH9;BORCS6;KXD1;BORCS5;DEF8
prerank,Translesion Synthesis (GO:0019985),-0.4059744246018646,-1.4212068411789904,3.317536e-02,3.872583e-01,1.000000e+00,7/20,14.66%,PCLAF;PRIMPOL;ZBTB1;USP10;TNFSF13B;POLDIP2;REV3L
prerank,"RNA Splicing, Via Transesterification Reactions With Bulged Adenosine As Nucleophile (GO:0000377)",-0.25334325064607893,-1.4199251028027213,1.000000e-03,3.825989e-01,1.000000e+00,51/168,16.41%,SRRM1;U2AF1;MAGOH;SRSF5;SNRNP27;SNW1;SF3B6;HNRNPM;SNRPD1;PIN1;TRA2B;SRSF9;MFAP1;SNRPB2;SYF2;SF3A1;SRSF2;HNRNPH1;SRSF6;LSM4;PABPC1;RBM41;SRSF10;CWC15;SNRPF;SRSF7;HNRNPA1;SNU13;SNRPD2;RNPS1;LSM7;FRG1;SF3B2;RNPC3;RNF113A;MTREX;SLU7;PHF5A;HNRNPK;DDX5;SNRNP40;SNRPG;ZRSR2;SF3B1;BUD31;YTHDC1;PPIE;PRPF4B;TFIP11;SRSF3;CWC25
prerank,Regulation Of Defense Response (GO:0031347),-0.3215967825283608,-1.4190227817441226,1.000000e-02,3.770653e-01,1.000000e+00,11/56,9.96%,XCL1;CARD16;BIRC2;CYLD;CASP4;NFE2L2;LETMD1;NLRP2;SETD6;IRF1;PTPN22
prerank,"Nuclear-Transcribed mRNA Catabolic Process, Deadenylation-Dependent Decay (GO:0000288)",0.46551779369562035,1.41868286574193,5.005959e-02,6.973824e-01,1.000000e+00,14/34,24.29%,PATL1;SAMD4B;DCP1B;CNOT3;CNOT8;CNOT7;PARN;PDE12;PATL2;RC3H1;TUT7;CNOT6;DCP1A;CNOT6L
prerank,Negative Regulation Of Neuron Apoptotic Process (GO:0043524),0.47413606391600377,1.414714202904707,4.975728e-02,7.124489e-01,1.000000e+00,8/30,12.99%,AGAP2;SOD2;CPEB4;SOD1;NONO;KDM2B;PINK1;HIF1A
prerank,Wnt Signaling Pathway (GO:0016055),0.4852095828281232,1.4132195230317968,6.082725e-02,7.129793e-01,1.000000e+00,6/28,6.13%,PORCN;CCDC88C;DVL3;BCL9L;USP34;SIAH2
prerank,Protein Acetylation (GO:0006473),0.4951157984071601,1.4130469945287054,7.875000e-02,7.061096e-01,1.000000e+00,13/24,29.73%,BLOC1S1;NAA35;NAA20;SIRT1;NAA15;HAT1;NAT10;KAT6A;NAA80;GTF2B;KAT5;NAA16;ING4
prerank,Calcium Ion Homeostasis (GO:0055074),0.48341131351990296,1.4130138510452535,4.773562e-02,6.986790e-01,1.000000e+00,12/28,22.57%,VAPB;TMEM203;ATP2A2;NPTN;TMEM165;ATP13A2;STIM1;ATP2C1;ATP2A3;DMPK;CHERP;SLC10A7
prerank,Positive Regulation Of Myeloid Cell Differentiation (GO:0045639),0.5012498862867604,1.4118421028017332,5.822785e-02,6.977164e-01,1.000000e+00,9/23,16.68%,STAT3;NCKAP1L;MAPK14;MED1;HIF1A;STAT1;HSPA1A;STAT5B;FAM210B
prerank,Positive Regulation Of Glucose Transmembrane Transport (GO:0010828),-0.45963908405784704,-1.4113271380323253,8.333333e-02,3.870298e-01,1.000000e+00,6/15,16.23%,PIK3R1;IRS2;RHOQ;ARPP19;AKT1;PTPN11
prerank,Antiviral Innate Immune Response (GO:0140374),0.4561878674244435,1.4070915193901412,6.242638e-02,7.170209e-01,1.000000e+00,13/35,23.57%,TRAF6;ATAD3A;IFIT3;NMB;PDE12;TBK1;MAVS;DHX16;MORC3;TNF;TRIM25;RIGI;DHX15
prerank,Response To Ionizing Radiation (GO:0010212),0.4170693736137304,1.406114263343847,3.171008e-02,7.150341e-01,1.000000e+00,20/60,17.00%,MAPK14;USP28;CLK2;MTA1;HUS1;RNF8;COP1;ERCC4;SMPD1;RFWD3;TOPBP1;TP53;MEN1;INO80;SPIDR;STK11;SWI5;NHEJ1;SIRT1;INTS3
prerank,Positive Regulation Of Signaling Receptor Activity (GO:2000273),0.559547336406351,1.403416674167133,7.085561e-02,7.234445e-01,1.000000e+00,6/15,19.98%,HDAC6;IFNG;HIF1A;ITGB1;NCOA3;ADRB2
prerank,Positive Regulation Of Telomere Maintenance (GO:0032206),0.43914747103604507,1.4032737866920018,4.640371e-02,7.170039e-01,1.000000e+00,27/47,31.80%,MAP3K4;HNRNPD;PPP1R10;GNL3;INO80D;ACTR8;INO80;SIRT6;TINF2;TERF2;INO80C;RAD50;RUVBL1;TNIP1;DHX36;TNKS;RUVBL2;NABP2;INO80B;NEK7;TNKS2;MAP2K7;ERCC1;PRKCQ;HNRNPA2B1;YY1;MAPK3
prerank,Regulation Of Dendrite Morphogenesis (GO:0048814),0.539852281635395,1.4031792842493203,8.213820e-02,7.103320e-01,1.000000e+00,6/16,19.62%,RAP2A;CAPRIN2;SARM1;NSMF;TNIK;GSK3B
prerank,Antigen Processing And Presentation Of Peptide Antigen Via MHC Class I (GO:0002474),-0.4664035962112958,-1.4017433528875447,9.126984e-02,4.014802e-01,1.000000e+00,8/15,17.18%,HLA-A;TAPBP;PDIA3;SAR1B;CALR;TAPBPL;B2M;FCER1G
prerank,Histone Lysine Methylation (GO:0034968),0.4682230830574787,1.4004863961027445,5.683192e-02,7.185936e-01,1.000000e+00,11/30,22.01%,EHMT2;WDR5;NCOA6;HCFC2;MEN1;PAGR1;KMT2A;KMT2D;SETDB2;MLLT10;BOD1
prerank,Regulation Of Autophagy (GO:0010506),0.37697609588139896,1.3999727833048954,6.091371e-03,7.140796e-01,1.000000e+00,67/186,25.01%,TRIM27;TBC1D14;STAT3;RUBCN;HTRA2;DAPK2;SREBF2;BNIP3;ATP6V1A;UVRAG;MTMR4;ATP6V0A2;RRAGC;TRIM38;IL10RA;PIK3C3;ATP13A2;GPR137B;ATF6;HDAC6;DEPDC5;DCAF12;NPRL3;IFNG;MTMR3;TRIM65;TRIM5;ATP6V0D1;PINK1;TBK1;PIK3C2A;WDR6;STK11;ENDOG;FOXK1;ATP6V0E1;GBA1;ATP6V1D;ROCK1;ATP6V1B2;CPTP;NPRL2;EIF4G3;UBQLN2;KLHL22;DRAM2;KDM4A;FKBP8;KAT8;RPTOR;PIP4K2B;CAPN1;SNX5;SH3GLB1;GSK3B;CSNK2A2;ATP6V0E2;CDK16;GSK3A;RRAGB;CCNY;TRIM22;CAPNS1;MTOR;TRIM21;MTDH;VPS35
prerank,Fc Receptor Signaling Pathway (GO:0038093),0.5110118161636741,1.3999605672272262,7.969152e-02,7.071434e-01,1.000000e+00,6/21,10.51%,CD247;FCGR3A;MAPK9;TRAF6;PLCG1;MAP2K4
prerank,Endosome To Lysosome Transport (GO:0008333),0.4462279061348311,1.3994084693327273,5.158265e-02,7.034680e-01,1.000000e+00,14/41,21.34%,VPS33A;VPS11;ARL8B;VPS16;DENND3;EPG5;CLEC16A;AKTIP;HOOK2;VPS18;TGFBRAP1;BIN1;VCP;VPS39
prerank,Regulation Of Telomerase Activity (GO:0051972),0.45826455359870205,1.3984984599411365,4.945718e-02,7.019816e-01,1.000000e+00,18/34,31.80%,MAP3K4;WRAP53;PIF1;PARN;ERCC4;SMG6;TP53;MEN1;TNIP1;TNKS;NABP2;NEK7;XRCC5;CCT2;MAP2K7;PRKCQ;DKC1;MAPK3
prerank,Negative Regulation Of Protein Localization To Cell Periphery (GO:1904376),0.5538669813024412,1.3976220975469411,7.142857e-02,7.003263e-01,1.000000e+00,9/15,22.33%,BCL2L1;PPFIA1;PPP2R5A;PICALM;CLTC;TMBIM1;LRPAP1;NUMB;GBP1
prerank,Response To Steroid Hormone (GO:0048545),0.5438875602622861,1.3971364359973804,7.335907e-02,6.963662e-01,1.000000e+00,8/16,27.95%,ATP1A3;MED1;HSPA8;UBE2L3;HSPA1A;THBS1;UBE3A;ABHD2
prerank,Phosphatidylinositol Metabolic Process (GO:0046488),0.4368757432575072,1.3966865216515132,4.685714e-02,6.923570e-01,1.000000e+00,20/46,29.29%,INPP4A;INPPL1;PDGFRB;MTMR4;PITPNM1;INPP5B;PIP4P1;PLCG1;FIG4;PLCB2;MTMR3;PIK3C2A;PLCD1;PITPNM2;PLEK;PI4K2B;SYNJ2;CDIPT;INPP5D;PIP5K1C
prerank,snRNA Processing (GO:0016180),0.5314955896588697,1.3962536977829154,7.412224e-02,6.882041e-01,1.000000e+00,10/17,23.72%,INTS10;INTS12;INTS9;INTS14;INTS11;USB1;INTS3;INTS2;INTS6L;INTS13
prerank,Positive Regulation Of Stress Fiber Assembly (GO:0051496),-0.3882305270389289,-1.3943815594585485,4.591837e-02,4.122016e-01,1.000000e+00,6/24,11.98%,CDC42;TESK1;GPR65;S100A10;SORBS3;RHOC
prerank,Neutral Amino Acid Transport (GO:0015804),-0.45261352465821125,-1.3915039163430274,1.093750e-01,4.117599e-01,1.000000e+00,4/15,8.21%,SLC7A5;SLC1A5;SLC38A1;SLC3A2
prerank,Antigen Processing And Presentation Of Peptide Antigen Via MHC Class II (GO:0002495),-0.4289406924172739,-1.3880163070200073,5.579399e-02,4.129404e-01,1.000000e+00,7/16,22.57%,HLA-DRB5;CTSS;DNM2;HLA-DRB1;FCER1G;HLA-DQA2;MARCHF8
prerank,Heart Development (GO:0007507),0.4112215223479366,1.3876975714694646,3.650442e-02,7.293184e-01,1.000000e+00,24/64,25.06%,PCSK5;PDLIM1;SMYD4;TCF25;BMPR2;CRELD1;HEG1;UTY;NF1;TSC2;BORCS8;NCOA6;CDKN1B;CITED2;SRF;PDLIM5;POLR2D;CACYBP;BCOR;MTHFD1;MEF2A;ZDHHC16;AKAP13;TGFBR1
prerank,Amino Acid Transport (GO:0006865),-0.43397407771715363,-1.3875186921297304,9.009009e-02,4.071700e-01,1.000000e+00,4/18,8.21%,SLC7A5;SLC1A5;SLC38A1;SLC3A2
prerank,Regulation Of Transport (GO:0051049),0.4836054258902479,1.3869316741260431,7.930607e-02,7.271132e-01,1.000000e+00,13/25,28.03%,MYO6;ARL6IP5;MUL1;MBTPS1;EPB41;PINK1;VAMP2;TMEM102;RAB11A;PTPRN2;REEP5;ACTG1;SCFD1
prerank,Phosphatidylethanolamine Metabolic Process (GO:0046337),0.5366826365726207,1.3867410269472997,8.854167e-02,7.216568e-01,1.000000e+00,4/15,6.59%,CEPT1;PCYT2;CHKB;PLAAT4
prerank,Dicarboxylic Acid Metabolic Process (GO:0043648),0.45201370574127153,1.3860804765425434,7.646356e-02,7.187608e-01,1.000000e+00,13/35,23.00%,ACOT8;NIT2;OGDH;PHYH;ACOT4;ME2;D2HGDH;GCLC;MDH1;DHFR;ADHFE1;MTHFS;ALDH18A1
prerank,Regulation Of NIK/NF-kappaB Signaling (GO:1901222),-0.3311813849704306,-1.3855637368909501,3.252033e-02,4.051948e-01,1.000000e+00,15/48,13.50%,CYLD;PDCD4;NFKBIA;TNFSF14;LGALS9;NLRP2;CPNE1;ZC3H12A;PHB1;LIMS1;TERF2IP;PTPN22;HDAC9;DDX3X;ADGRG3
prerank,Unsaturated Fatty Acid Metabolic Process (GO:0033559),0.5098816228061261,1.3833188553463462,8.998733e-02,7.278803e-01,1.000000e+00,4/18,9.36%,SCD5;ACOT8;ACAA1;SCP2
prerank,ncRNA-mediated Post-Transcriptional Gene Silencing (GO:0035194),0.5395818510250233,1.382728028273775,8.479139e-02,7.248979e-01,1.000000e+00,6/15,12.58%,MOV10;HELZ2;CNOT8;CNOT7;NCBP2;LIMD1
prerank,Negative Regulation Of Carbohydrate Metabolic Process (GO:0045912),0.5083482205560942,1.3819843266317615,9.067688e-02,7.227697e-01,1.000000e+00,10/20,26.09%,CLK2;CLTC;SIRT6;NCOR1;PLEK;TIGAR;GSK3A;AP2A1;CRY1;HDAC4
prerank,Regulation Of Cilium Assembly (GO:1902017),0.42163725753621994,1.3819686312238835,4.875283e-02,7.166201e-01,1.000000e+00,24/53,31.22%,TBC1D14;CDK10;TCHP;TBC1D10B;CEP120;TBC1D7;RABGAP1;TBC1D10C;TBC1D19;KCTD17;WDPCP;IFT88;ATG5;TBC1D13;GSK3B;MARK4;IFT20;TBC1D17;MPHOSPH9;DYNLT2B;TBC1D22A;CDKL1;BBS4;RABEP2
prerank,Organelle Fission (GO:0048285),0.5178746212868715,1.381402835911711,8.634021e-02,7.134483e-01,1.000000e+00,4/17,8.33%,WASHC5;MUL1;MTFR1L;PEX11B
prerank,Establishment Of Protein Localization To Organelle (GO:0072594),0.4008057046370351,1.3806542103819808,4.870130e-02,7.116229e-01,1.000000e+00,19/70,15.54%,STAT3;STK4;PPP1R10;IPO9;HK1;IL10RA;TSPAN17;CSE1L;IPO8;FAM53B;POM121C;HIKESHI;TSC2;NUP88;PINK1;SCRIB;NUP188;EIF4ENIF1;NUP214
prerank,Regulation Of DNA Biosynthetic Process (GO:2000278),0.5046819085519476,1.3800608907695353,8.215661e-02,7.090053e-01,1.000000e+00,10/20,30.28%,PDGFRB;BMPR2;SMG5;SMG6;TERF2;TNKS;NABP2;JADE2;ING4;PRKD2
prerank,Negative Regulation Of Peptidyl-Tyrosine Phosphorylation (GO:0050732),-0.4010320122698963,-1.3795432541084678,7.960199e-02,4.118783e-01,1.000000e+00,8/21,14.91%,SOCS1;PPP2CA;PIBF1;PTPN2;SOCS3;DMTN;CD300A;PTPRC
prerank,Intracellular pH Reduction (GO:0051452),0.48056757756990326,1.378261006359674,7.720145e-02,7.127235e-01,1.000000e+00,10/25,20.62%,ATP6V1A;ATP6V0A2;ATP6V0D1;GPR89B;GPR89A;ATP6V0E1;ATP6V1D;ATP6V1B2;TMEM9;ATP6V0E2
prerank,Protein Targeting To Lysosome (GO:0006622),0.4873371179896271,1.3763148315114746,7.653701e-02,7.171895e-01,1.000000e+00,9/25,23.25%,HGS;GNPTAB;NAGPA;PIK3C3;HSPA8;LAPTM5;AP4M1;GNPTG;LAMP2
prerank,Positive Regulation Of B Cell Proliferation (GO:0030890),-0.418595699587968,-1.376112552353084,7.296137e-02,4.128137e-01,1.000000e+00,7/18,14.91%,GPR183;IRS2;CD81;TNFSF13B;VAV3;CD38;PTPRC
prerank,Positive Regulation Of Telomere Maintenance Via Telomere Lengthening (GO:1904358),0.4599430716814771,1.375526472777345,6.884058e-02,7.154395e-01,1.000000e+00,18/31,31.80%,MAP3K4;PARN;CCT7;CCT3;ATR;TNIP1;DHX36;TNKS;FBXO4;CCT5;NEK7;TNKS2;XRCC5;CCT2;MAP2K7;PRKCQ;HNRNPA2B1;MAPK3
prerank,Regulation Of Receptor-Mediated Endocytosis (GO:0048259),-0.3961671152925889,-1.373240827354361,8.080808e-02,4.127126e-01,1.000000e+00,9/21,18.12%,ARF1;ARF6;FLOT1;HIP1;PIK3CB;HNRNPK;LDLRAP1;B2M;MKLN1
prerank,Regulation Of DNA-templated Transcription Elongation (GO:0032784),0.43877702618274006,1.3727691075320787,6.884481e-02,7.247708e-01,1.000000e+00,25/41,34.35%,ERCC6;SUPT4H1;INTS10;INTS12;SRCAP;TCEA2;THOC1;SCAF8;INTS9;INTS14;INTS11;INTS3;ZNF326;THOC5;INTS2;CCNK;ZC3H4;INTS13;CCAR2;INTS1;WDR82;INTS8;INTS7;ELL;HTATSF1
prerank,Epigenetic Regulation Of Gene Expression (GO:0040029),0.4056473983335623,1.3711356333872493,4.581006e-02,7.278092e-01,1.000000e+00,30/69,29.58%,TRIM27;MECP2;WDR5;CREBZF;NOC2L;MTA1;TRIM37;RNF8;ASH2L;SIRT7;PRMT7;HDAC6;RBM14;HDAC5;BMI1;TP53;MEN1;KMT2A;SPHK2;SIRT6;ZNF335;VPS72;MPHOSPH8;CGGBP1;MACROH2A1;HDAC4;MTF2;CTCF;TDG;USP21
prerank,Regulation Of DNA Repair (GO:0006282),0.38208828956312946,1.3710552581043745,2.771855e-02,7.224311e-01,1.000000e+00,37/113,21.31%,SUPT7L;ERCC6;EPC2;WRAP53;BRD8;PHF10;UBE2V1;RNF8;TAF7;ENY2;SMARCC2;SIRT7;EP400;PPP4R3B;INO80D;ACTR8;ATXN7;TAF6;TRRAP;SMARCA2;PPP4R2;MRGBP;INO80;DEK;ATXN7L3;TAF9;DHX9;SIRT1;CCDC117;TAF5L;INO80C;RUVBL1;ATR;PPP4C;VPS72;TIGAR;RUVBL2
prerank,Regulation Of Autophagy Of Mitochondrion (GO:1903146),0.5222210181813594,1.3702233586521557,9.068010e-02,7.211135e-01,1.000000e+00,7/17,21.53%,HTRA2;SREBF2;HDAC6;PINK1;FKBP8;CSNK2A2;GSK3A
prerank,Antigen Processing And Presentation Of Exogenous Peptide Antigen Via MHC Class II (GO:0019886),-0.43568423851996774,-1.3693082185570906,7.346939e-02,4.157092e-01,1.000000e+00,6/15,20.65%,HLA-DRB5;CTSS;DNM2;HLA-DRB1;FCER1G;HLA-DQA2
prerank,"Mitochondrial Electron Transport, NADH To Ubiquinone (GO:0006120)",-0.35973824217595124,-1.3681769768606595,6.666667e-02,4.118627e-01,1.000000e+00,12/34,15.43%,NDUFB9;NDUFB6;NDUFS8;NDUFS3;NDUFC2;NDUFB1;NDUFS6;NDUFA4;NDUFB8;NDUFB7;NDUFA3;NDUFA7
prerank,Phosphatidylinositol-Mediated Signaling (GO:0048015),0.4401613725885893,1.366719425593496,7.228916e-02,7.343392e-01,1.000000e+00,14/36,18.20%,STAT3;PDGFRB;FCGR3A;ZFP36L1;PIK3C3;NF1;ERBB2;PIK3CA;PLCG1;PLCB2;PIK3C2A;PLCD1;EZR;PITPNM2
prerank,Peptidyl-Threonine Phosphorylation (GO:0018107),0.4350842843627507,1.3657098123366624,6.658879e-02,7.340304e-01,1.000000e+00,17/43,21.53%,CDK10;DYRK4;CSNK2A1;HIPK3;HIPK2;DYRK1B;STK39;TBK1;STK11;ROCK1;WNK1;DYRK2;GSK3B;CSNK2A2;TNKS;SBK1;GSK3A
prerank,Positive Regulation Of Leukocyte Chemotaxis (GO:0002690),-0.3928928775892406,-1.3654330701024164,8.189655e-02,4.115649e-01,1.000000e+00,7/21,15.57%,XCL1;HMGB1;LGALS9;VEGFB;CALR;NEDD9;C1QBP
prerank,Regulation Of Peptide Hormone Secretion (GO:0090276),0.49577237805644825,1.3651111200703774,1.029601e-01,7.316974e-01,1.000000e+00,13/20,39.88%,PPP3CB;ENSA;IFNG;EIPR1;TNF;PICK1;TFR2;HADHA;CCL5;CHD7;GIPR;BMAL1;SLC25A22
prerank,Peptidyl-Threonine Modification (GO:0018210),0.4247236574581336,1.3639139255108959,6.436782e-02,7.328476e-01,1.000000e+00,21/49,25.06%,CDK10;DYRK4;CSNK2A1;HIPK3;HIPK2;DYRK1B;GALNT6;STK39;TBK1;STK11;ROCK1;WNK1;DYRK2;GSK3B;CSNK2A2;TNKS;SBK1;GALNT2;GSK3A;GALNT3;TGFBR1
prerank,Regulation Of Autophagosome Maturation (GO:1901096),0.5260942095878202,1.3633734563450766,1.061599e-01,7.302000e-01,1.000000e+00,9/15,27.21%,TBC1D25;RUBCN;UVRAG;CLEC16A;TOM1;ATG5;PHF23;FYCO1;TECPR1
prerank,Regulation Of Canonical Wnt Signaling Pathway (GO:0060828),0.38618576282093053,1.3627875842822985,2.959831e-02,7.274213e-01,1.000000e+00,38/100,24.90%,CCDC88C;ZEB2;STK4;RNF14;DRAXIN;CSNK1G1;PSEN1;USP34;SMURF2;SIAH2;FAM53B;CAPRIN2;MLLT3;RNF146;PPP1CA;TMEM64;PPM1A;LIMD1;STK11;INVS;WNK1;TMEM9;RBX1;LATS2;RUVBL1;GSK3B;TNKS;VCP;RUVBL2;GSK3A;TLE3;NPHP3;CCNY;TNKS2;RNF220;TLE1;ILK;OTULIN
prerank,Establishment Of Protein Localization To Endoplasmic Reticulum (GO:0072599),-0.4270636793924801,-1.3597729330954857,1.097046e-01,4.176514e-01,1.000000e+00,7/15,11.51%,SEC61G;ZFAND2A;ZFAND2B;SRPRB;SEC61A1;RAB3GAP2;SPCS2
prerank,Monoatomic Cation Transmembrane Transport (GO:0098655),0.38524736630683565,1.359340643317994,3.594080e-02,7.408594e-01,1.000000e+00,35/91,29.77%,ABCB8;NNT;ATP1A3;ATP2A2;ATP6V1A;ATP6V0A2;ATP5PO;TMEM165;TMEM175;ORAI1;ATP6V0D1;SLC41A1;CCDC51;ATP6V0E1;ATP6V1D;ATP6V1B2;ATP2C1;SLC39A13;SLC39A7;ATP2A3;ATP6V0E2;SLC39A1;COX15;DMAC2L;SLC30A5;SLC12A2;SLC39A11;MCOLN2;ATP6AP1;SLC36A1;ATP2B4;ANO6;ATP5F1B;SLC12A6;ATP1B3
prerank,Organic Substance Transport (GO:0071702),0.38950779419208603,1.3581346785945492,4.613734e-02,7.419280e-01,1.000000e+00,35/83,31.84%,SCAMP2;ARL6IP5;SCAMP3;NME4;PSEN1;KIF3A;HIKESHI;SCAMP1;CEP290;MYH9;SLC50A1;SNX18;CHMP3;ABCA2;CD3G;TAP1;SCAMP4;TOM1;VAMP2;ATP2C1;NMUR1;ATP2A3;PICK1;CMTM6;SLC22A18;CHMP1A;APOL2;CD320;CLN8;MFSD12;CCL5;TPT1;PKD1;ITPR1;ABCD4
prerank,Cardiac Muscle Tissue Development (GO:0048738),0.4818739367143959,1.3578201656771776,1.020151e-01,7.381827e-01,1.000000e+00,10/23,24.35%,MAML1;BMPR2;MSC;GARS1;SMAD4;SIRT6;POLR2D;SMAD5;BMPR1A;AKAP13
prerank,Cellular Response To Hypoxia (GO:0071456),0.4207144613077096,1.354958569683635,7.549361e-02,7.477839e-01,1.000000e+00,14/45,23.77%,NDRG1;BNIP3;HIPK2;FAM162A;ZFP36L1;ADAM8;TP53;PINK1;HIF1A;NPEPPS;SIRT1;RPTOR;TIGAR;MTOR
prerank,Protein Polymerization (GO:0051258),-0.3573137171005553,-1.3548565913770083,9.395973e-02,4.222455e-01,1.000000e+00,9/34,10.68%,MAP7D3;GSN;PSTPIP1;PIN1;CHMP4A;ZNF207;WAS;CORO7;PSTPIP2
prerank,Fatty Acid Catabolic Process (GO:0009062),0.42022516025964246,1.3526931299058864,6.422018e-02,7.554926e-01,1.000000e+00,22/48,36.56%,ACOT8;PHYH;ABCD3;ACAA1;SCP2;PCCB;PEX2;BDH2;AUH;ACAT1;MCEE;PCCA;MTLN;HADHA;ABHD2;ABHD3;DECR1;ABCD4;MCAT;NUDT8;LPIN1;ILVBL
prerank,Inorganic Cation Transmembrane Transport (GO:0098662),0.3830097118661019,1.352660769770078,3.911205e-02,7.501818e-01,1.000000e+00,35/92,29.77%,ABCB8;NNT;ATP1A3;ATP2A2;ATP6V1A;ATP6V0A2;ATP5PO;TMEM165;TMEM175;ORAI1;ATP6V0D1;SLC41A1;CCDC51;ATP6V0E1;ATP6V1D;ATP6V1B2;ATP2C1;SLC39A13;SLC39A7;ATP2A3;ATP6V0E2;SLC39A1;COX15;DMAC2L;SLC30A5;SLC12A2;SLC39A11;MCOLN2;ATP6AP1;SLC36A1;ATP2B4;ANO6;ATP5F1B;SLC12A6;ATP1B3
prerank,Regulation Of Rho Protein Signal Transduction (GO:0035023),0.4292573897447963,1.3526582789724226,7.415991e-02,7.448187e-01,1.000000e+00,17/43,28.58%,ADGRG1;F11R;RALBP1;HEG1;ARHGEF3;GPR174;ARRB1;KCTD13;ARHGAP35;F2R;ARHGEF2;ARHGEF18;SCAI;RAF1;AKAP13;OPHN1;CUL3
prerank,Regulation Of Cytoskeleton Organization (GO:0051493),0.39643932881384625,1.3517621115627745,4.921700e-02,7.441790e-01,1.000000e+00,22/69,23.77%,S100A9;S100A8;F11R;CDK10;PDGFRB;TAOK1;CRK;SLC4A2;ARHGAP17;BICD2;ARHGAP18;CDK2AP2;ROCK1;DIAPH1;EZR;ARHGAP35;CAPN2;RHOA;GSK3B;IQGAP2;SH3BP1;MTOR
prerank,Negative Regulation Of Neuron Death (GO:1901215),0.43105168926074705,1.3511470310704528,8.685446e-02,7.422731e-01,1.000000e+00,12/39,17.52%,AGAP2;SOD2;HTRA2;CPEB4;ATP13A2;SOD1;KDM2B;TRAF2;PINK1;GBA1;TNFRSF1B;F2R
prerank,Negative Regulation Of Microtubule Polymerization Or Depolymerization (GO:0031111),0.5017254670323058,1.3503675217511673,9.948980e-02,7.412096e-01,1.000000e+00,7/19,18.10%,HDGFL3;TAOK1;ATXN7;KATNB1;FKBP4;TTBK2;ARHGEF2
prerank,Protein K63-linked Ubiquitination (GO:0070534),0.42219076671510763,1.349956557840867,7.251462e-02,7.380541e-01,1.000000e+00,24/44,38.59%,TRIM27;UBE2O;TRAF6;UBE2D4;UBE2V1;RNF8;ZFP91;TRIM65;TRIM5;RNF213;TRAF2;BFAR;RNF4;TRIM22;TRIM21;UBE2E3;RNF167;UBE2V2;WWP2;TRIM56;RNF115;RNF168;HECTD1;UBE2B
prerank,Cellular Response To Chemokine (GO:1990869),-0.38856637945056716,-1.3487205669535047,9.302326e-02,4.306835e-01,1.000000e+00,4/22,6.71%,XCL1;XCL2;OXSR1;ZC3H12A
prerank,Cellular Response To Tumor Necrosis Factor (GO:0071356),-0.2982089005560414,-1.3473808905822695,1.923077e-02,4.276190e-01,1.000000e+00,15/66,9.75%,XCL1;XCL2;BIRC2;GATA3;NFKBIA;COMMD7;NFE2L2;CHUK;ZC3H12A;INPP5K;TRAF1;TRAF5;ZFP36L2;LIMS1;ZFP36
prerank,Metallo-Sulfur Cluster Assembly (GO:0031163),0.460283130911649,1.3463516760854175,9.299517e-02,7.473270e-01,1.000000e+00,14/27,31.68%,CIAO2A;BOLA2;BOLA1;CIAO3;CIAO1;CIAPIN1;ISCU;HSCB;FDX2;NUBP1;GLRX3;MMS19;LYRM4;NDOR1
prerank,Iron-Sulfur Cluster Assembly (GO:0016226),0.460283130911649,1.3463516760854175,9.299517e-02,7.473270e-01,1.000000e+00,14/27,31.68%,CIAO2A;BOLA2;BOLA1;CIAO3;CIAO1;CIAPIN1;ISCU;HSCB;FDX2;NUBP1;GLRX3;MMS19;LYRM4;NDOR1
prerank,Regulation Of Peptidyl-Threonine Phosphorylation (GO:0010799),-0.3970067741158796,-1.3456024557531467,8.095238e-02,4.256435e-01,1.000000e+00,8/19,17.49%,CALM3;INPP5K;EIF4G1;SIRT2;DGKQ;DMTN;AXIN1;SPRY2
prerank,Positive Regulation Of Neuron Projection Development (GO:0010976),0.4347730833639002,1.3445042863147874,9.964413e-02,7.520745e-01,1.000000e+00,14/37,31.89%,S100A9;CBFA2T2;DBN1;NPTN;P3H1;CAPRIN2;SETX;ARHGAP35;DHX36;CAMK1D;RETREG3;KIDINS220;SERPINI1;PTK2B
prerank,Positive Regulation Of Synaptic Transmission (GO:0050806),0.47943949482790826,1.3431703293049049,9.656925e-02,7.543236e-01,1.000000e+00,9/22,18.26%,AKAP5;NPTN;PRKCZ;ZDHHC12;RGS14;VAMP2;KCTD13;TNF;CLSTN1
prerank,Interleukin-1-Mediated Signaling Pathway (GO:0070498),0.5264018513331946,1.3412404806945464,1.229404e-01,7.595450e-01,1.000000e+00,5/15,17.40%,TRAF6;TOLLIP;IRAK4;TNIP2;IKBKB
prerank,"Positive Regulation Of DNA-templated Transcription, Elongation (GO:0032786)",0.40888650937723997,1.3410925919141448,6.966292e-02,7.552435e-01,1.000000e+00,17/54,21.70%,ERCC6;MED27;MED1;SUPT4H1;CDK13;LEO1;NCBP2;MED7;MED17;THOC1;SCAF8;BRD4;MED8;THOC5;CDK12;CCNK;TCERG1
prerank,Regulation Of Protein-Containing Complex Disassembly (GO:0043244),0.5043467095205418,1.3409684847826733,1.054018e-01,7.508299e-01,1.000000e+00,7/17,17.59%,TBC1D25;BNIP3;HDAC6;CLEC16A;GBA1;ATG5;TNF
prerank,Peptidyl-Serine Modification (GO:0018209),0.3687964268340358,1.340505485965639,2.606882e-02,7.482268e-01,1.000000e+00,55/125,31.77%,STK4;DYRK4;MAPK9;MAPK14;CSNK2A1;HIPK3;CSNK1G1;HIPK2;SRPK1;PRKCZ;DYRK1B;MAST3;STK38;MAPK13;UHMK1;STK39;PINK1;TBK1;NTMT1;POGLUT1;ROCK1;MORC3;WNK1;IKBKB;TTBK2;LATS2;DYRK2;ATR;GSK3B;CSNK2A2;CAB39;DMPK;TNKS;SBK1;GALNT2;EIF2AK3;NEK7;AKT3;SMG1;MTOR;CAMK1D;GALNT3;TGFBR1;PRKACB;MAP3K13;MAST4;STK32C;MARK3;PRKCQ;PRKD2;PRKCH;PRKCB;VRK1;PKD1;CDK2
prerank,Regulation Of DNA Metabolic Process (GO:0051052),0.37449664090947604,1.3398975576222187,4.153686e-02,7.463827e-01,1.000000e+00,50/114,31.06%,EHMT2;YLPM1;SUPT7L;HNRNPD;ANKRD17;PIF1;UBE2V1;TAF7;ENY2;SIRT7;SMG5;INO80D;ACTR8;ATXN7;TAF6;TRRAP;SMG6;NUCKS1;BAZ2A;USP37;INO80;OBI1;THOC1;ATXN7L3;TAF9;MPV17;BAZ1A;TERF2;TAF5L;INO80C;RUVBL1;SMC5;RUVBL2;ZBTB38;MPHOSPH8;INO80B;KPNA1;SMG1;JADE2;XRCC5;TAF5;ORC3;ORC5;HDAC8;SUPT20H;CHRAC1;ING4;EID3;YY1;UBE2V2
prerank,Non-Motile Cilium Assembly (GO:1905515),0.5005401316088389,1.339051474394097,1.045161e-01,7.460887e-01,1.000000e+00,6/18,14.94%,C2CD3;MBD1;TMEM216;TOGARAM1;IFT88;ARL13B
prerank,DNA Integrity Checkpoint Signaling (GO:0031570),0.44192136229255435,1.3375698215514094,9.268293e-02,7.489592e-01,1.000000e+00,8/31,12.82%,ERCC6;USP28;PARP9;HUS1;CEP63;ERCC4;RAD17;MRPL36
prerank,Regulation Of Interferon-Alpha Production (GO:0032647),0.49734111817072657,1.3375172681667007,9.160305e-02,7.444127e-01,1.000000e+00,11/18,26.88%,NMB;HAVCR2;TBK1;STAT1;MAVS;DHX9;IRF3;DHX36;RIGI;NLRC3;IRF7
prerank,Regulation Of Telomere Maintenance (GO:0032204),0.430550417178771,1.3373592109129495,7.385698e-02,7.404495e-01,1.000000e+00,18/38,27.42%,YLPM1;HNRNPD;PPP1R10;GNL3;PIF1;SMG5;ERCC4;SMG6;SIRT6;TINF2;TERF2;RAD50;DHX36;SMC5;SMG1;XRCC5;ERCC1;HDAC8
prerank,Response To Cytokine (GO:0034097),-0.2869210262761831,-1.3369197810161197,4.477612e-02,4.400289e-01,1.000000e+00,29/80,19.36%,REL;SELL;NUB1;GCH1;SLC22A5;IFITM3;LGALS9;IFITM2;TIMP1;YTHDC2;SHFL;PRKCA;TNFRSF11A;MX2;CALCOCO2;ISG15;SETD2;NFKB2;IFNLR1;LDLRAP1;CASP8;IGBP1;DDOST;PML;JAK3;IKBKE;MAPKAPK3;CD74;RELB
prerank,Antigen Processing And Presentation Of Exogenous Peptide Antigen (GO:0002478),-0.38978906996926277,-1.336134051507435,1.046025e-01,4.361112e-01,1.000000e+00,3/19,1.32%,HLA-A;HLA-DRB5;CTSS
prerank,Regulation Of Stress Fiber Assembly (GO:0051492),-0.31786544092590663,-1.336031610592342,5.147059e-02,4.304802e-01,1.000000e+00,13/45,13.36%,CDC42;PIK3R1;PHLDB2;WAS;TESK1;INPP5K;GPR65;PFN1;S100A10;SORBS3;RHOC;STMN1;SLC9A1
prerank,Negative Regulation Of Transport (GO:0051051),0.48162012224881506,1.3351914228783224,9.523810e-02,7.466352e-01,1.000000e+00,5/21,9.44%,RUBCN;LILRB1;ARL6IP5;NDFIP1;SNX12
prerank,Regulation Of TOR Signaling (GO:0032006),0.4009682730571821,1.3311772942318907,8.237986e-02,7.621277e-01,1.000000e+00,21/55,22.63%,TBC1D7;RRAGC;NUAK1;TELO2;TSC2;PIK3CA;DEPDC5;NPRL3;PIH1D1;SLC38A9;ENDOG;ARAF;TNFAIP8L1;GBA1;NPRL2;SIRT1;FNIP1;TMEM127;RPTOR;GSK3A;RRAGB
prerank,Non-Membrane-Bounded Organelle Assembly (GO:0140694),0.37515387120159,1.329916940674242,5.668449e-02,7.639307e-01,1.000000e+00,40/90,29.69%,DHX29;PATL1;BSCL2;FLII;UBAP2L;TUBGCP6;CEP63;MIS12;TIA1;RBM14;GOLGA8O;RNF213;PATL2;RC3H1;LIMD1;ATXN2;INO80;HAUS4;EIF4ENIF1;G3BP1;NCOR1;BIN2;HAUS6;TUBGCP2;LDAF1;CSDE1;YTHDF1;TUBGCP4;GOLGA8A;TNKS;NEK7;DHX37;DYNC1H1;E2F4;ATXN2L;MYL9;LSM3;GOLGA8Q;EDC3;CCDC61
prerank,Double-Strand Break Repair Via Nonhomologous End Joining (GO:0006303),0.43106390810058565,1.329733501202554,9.219858e-02,7.600387e-01,1.000000e+00,16/37,28.69%,ERCC6;ZBTB7A;UVRAG;RNF8;DCLRE1C;ERCC4;SMARCAL1;NHEJ1;SMC5;POLM;POLL;XRCC5;ERCC8;ERCC1;HELQ;XRCC6
prerank,Positive Regulation Of DNA Metabolic Process (GO:0051054),0.38432723400887286,1.3289277085984943,5.327414e-02,7.595225e-01,1.000000e+00,26/76,21.31%,ERCC6;PDGFRB;MECP2;WRAP53;PPP1R10;GNL3;RNF8;INO80D;ACTR8;INO80;CTC1;ACD;SIRT6;TINF2;DHX9;SIRT1;CCDC117;BAZ1A;TERF2;INO80C;OTUD4;RAD50;RUVBL1;DHX36;TIGAR;RUVBL2
prerank,Negative Regulation Of Epithelial Cell Proliferation (GO:0050680),0.44752486611731396,1.328122503262124,9.806295e-02,7.589720e-01,1.000000e+00,10/31,17.81%,MAGED1;MED1;NF1;PTPRM;PEX2;MEN1;STAT1;MTSS1;TINF2;THBS1
prerank,Hexose Biosynthetic Process (GO:0019319),0.4715648138252665,1.3279121161264071,1.088861e-01,7.555402e-01,1.000000e+00,9/23,23.76%,SLC25A1;PGAM1;TPI1;MDH1;POLR2D;KHSRP;SLC25A13;CRTC2;CRY1
prerank,Positive Regulation Of Release Of Cytochrome C From Mitochondria (GO:0090200),0.4888530161544973,1.3271166405789114,1.268164e-01,7.551871e-01,1.000000e+00,8/20,15.83%,CIDEB;BNIP3;FAM162A;TP53;PINK1;MLLT11;BCL2L11;BBC3
prerank,Positive Regulation Of Transcription Initiation By RNA Polymerase II (GO:0060261),0.41784525689720237,1.3269145099666242,8.419839e-02,7.515118e-01,1.000000e+00,13/48,17.05%,MED27;MED1;MED12;TAF7;GTF2A1;TAF6;MED7;MED17;TP53;MDC1;SRF;TAF9;MED8
prerank,Glycolytic Process (GO:0006096),0.507230740980263,1.3267216960286443,1.324675e-01,7.479487e-01,1.000000e+00,4/15,10.04%,PGAM1;HK1;TPI1;PKM
prerank,Cytosolic Transport (GO:0016482),0.3701287166007009,1.324123875629274,4.616999e-02,7.574513e-01,1.000000e+00,39/105,25.72%,TRIM27;TBC1D10B;UBE2O;PLEKHA3;RGP1;TBC1D10C;PIK3C3;VTI1B;CCDC91;GGA1;VTI1A;TBC1D23;LAPTM5;EPS15;EEA1;CLTC;SYS1;ANKRD27;HOOK2;RHOBTB3;GBF1;STX6;RAB6A;ANKFY1;VPS51;SNX5;VPS13A;AP4M1;WDR81;TMEM87B;AP2A1;TBC1D17;RAB29;SLC66A2;STX16;VPS35;RAB9A;DOP1B;RBSN
prerank,Endosome Transport Via Multivesicular Body Sorting Pathway (GO:0032509),0.49341680882702393,1.3224904801169535,1.368821e-01,7.611974e-01,1.000000e+00,8/19,21.84%,VTA1;LEPROT;CHMP3;TMEM50B;CHMP6;LEPROTL1;VCP;TMEM50A
prerank,Regulation Of Protein Transport (GO:0051223),0.4666708363578731,1.322160648916756,1.023720e-01,7.583868e-01,1.000000e+00,14/23,31.67%,P3H1;NDFIP1;ATP13A2;HSPA8;SNX12;PTPN1;SIRT6;TNF;LLGL2;RHBDF2;CHP1;SCFD1;LLGL1;WWP2
prerank,Regulation Of Protein Localization To Cell Surface (GO:2000008),0.47752453092317704,1.321854908228342,1.163085e-01,7.552936e-01,1.000000e+00,9/22,18.35%,RAB11FIP5;KCNAB2;GOPC;PICALM;LEPROT;COMMD1;GBF1;TNF;ABCA7
prerank,Negative Regulation Of TOR Signaling (GO:0032007),0.41569941649503017,1.3214236689516496,9.112426e-02,7.530460e-01,1.000000e+00,14/40,17.13%,TBC1D7;NUAK1;TSC2;SZT2;DEPDC5;NPRL3;STK11;ENDOG;TNFAIP8L1;SESN2;NPRL2;SIRT1;FNIP1;TMEM127
prerank,Neuron Development (GO:0048666),0.38080836200017815,1.3206228360956749,6.645230e-02,7.527348e-01,1.000000e+00,24/77,22.31%,RUNX1;HDGFL3;BLOC1S1;ERCC6;EHD1;TAOK1;BLOC1S6;GBA2;FRY;RAB35;PTPRM;TBC1D23;UHMK1;SRF;GBA1;ROCK1;RAB6A;WNK1;THOC2;GSK3B;ATP7A;CDK16;RAB11A;TDP2
prerank,Negative Regulation Of Angiogenesis (GO:0016525),0.4265385394009637,1.3202111397951934,9.684947e-02,7.505986e-01,1.000000e+00,18/37,30.02%,HGS;MECP2;KLF2;PTPRM;FASLG;PDE3B;STAT1;ROCK1;TNF;THBS1;SARS1;SLC12A2;AGO1;SYNJ2BP;NAXE;ATP2B4;EPN2;GTF2I
prerank,Regulation Of Telomerase RNA Localization To Cajal Body (GO:1904872),0.5015162095607255,1.3196881512944194,1.373057e-01,7.486656e-01,1.000000e+00,8/17,21.37%,PARN;CCT7;CCT3;RUVBL1;TNIP1;SHQ1;RUVBL2;CCT5
prerank,Response To Peptide (GO:1901652),0.48246784137717497,1.3186779207823411,1.355721e-01,7.493155e-01,1.000000e+00,8/20,26.36%,STAT3;STAT5A;STAT1;STAT5B;STAT4;EIF2B3;EIF2B5;STAT6
prerank,Mitotic DNA Damage Checkpoint Signaling (GO:0044773),0.41408466735464383,1.3183584322639677,9.872242e-02,7.466949e-01,1.000000e+00,10/42,13.65%,ZNF830;TAOK1;HUS1;TRIM39;RFWD3;RAD17;TOPBP1;TP53;RPA2;MDC1
prerank,Regulation Of Protein Modification Process (GO:0031399),-0.3447361178485484,-1.3163492806945383,9.756098e-02,4.725647e-01,1.000000e+00,5/31,3.85%,SOCS1;PPP2CA;PPIB;PIN1;RB1CC1
prerank,Regulation Of Blood Vessel Endothelial Cell Migration (GO:0043535),0.4346955289912493,1.3159571456110026,9.123223e-02,7.547421e-01,1.000000e+00,17/34,31.65%,MECP2;MAPK14;NF1;STAT5A;PLCG1;HIF1A;SIRT1;TNF;THBS1;SH3BP1;AKT3;PRCP;ADAM17;ATP2B4;ATP5F1B;PRKD2;FGFR1
prerank,Positive Regulation Of Mitotic Nuclear Division (GO:0045840),0.5097903174207363,1.3157229167774034,1.454784e-01,7.516973e-01,1.000000e+00,7/15,35.13%,PDGFRB;CDC16;ANAPC7;CUL3;RB1;CDC23;ANAPC5
prerank,Transcription Initiation-Coupled Chromatin Remodeling (GO:0045815),0.4448545830122565,1.3151674082351128,9.477521e-02,7.502066e-01,1.000000e+00,9/30,15.21%,WDR5;NOC2L;ASH2L;SIRT7;RBM14;TP53;MEN1;KMT2A;SPHK2
prerank,Melanosome Assembly (GO:1903232),0.5037815842529916,1.3141108321473176,1.324503e-01,7.510548e-01,1.000000e+00,6/16,19.68%,AP3S2;HPS6;HPS4;AP1B1;AP3M1;AP1S1
prerank,Chromatin Remodeling (GO:0006338),0.3494667830833482,1.3118849271795776,2.947154e-02,7.584008e-01,1.000000e+00,82/193,31.44%,HIRA;SART3;HDGFL3;ERCC6;BICRAL;ZBTB7A;GET1;NUDT5;GATAD1;KDM5B;MTA1;PHF10;EZH1;RNF8;SMARCC2;SIRT7;INO80D;ACTR8;HDAC6;KDM5C;SMARCA2;KDM2B;HDAC5;PIH1D1;BAZ2A;BMI1;HCFC2;MBD3;INO80;BAZ1B;SS18;DEK;KDM1A;ZNF827;IWS1;CBX3;BAZ1A;USP3;HDGFL2;INO80C;KDM4A;RING1;KDM5D;RUVBL1;MYSM1;BCOR;ZNF274;ZNF335;MCM3AP;DR1;PCID2;SETDB2;LIN54;RUVBL2;MTHFR;BRPF1;CHD6;YEATS2;INO80B;SETD4;CGGBP1;MACROH2A1;CHD3;PHC1;KDM4B;HDAC4;REST;KAT5;MTF2;CTCF;TADA2A;RBBP4;CHRAC1;TDG;COPRS;SFPQ;WAC;CHD7;YY1;RSF1;DAXX;ARID2
prerank,Negative Regulation Of Protein Dephosphorylation (GO:0035308),0.4953691332461519,1.3115898413009601,1.423174e-01,7.556459e-01,1.000000e+00,4/17,8.64%,YWHAB;PPP1R8;PPP1R11;ENSA
prerank,Fatty Acid Beta-Oxidation (GO:0006635),0.41310870964489854,1.311585776035138,1.007026e-01,7.515476e-01,1.000000e+00,16/42,33.28%,ACOT8;ABCD3;ACAA1;SCP2;PEX2;BDH2;AUH;ACAT1;MTLN;ETFDH;CRAT;HADHA;DECR1;ABCD4;AMACR;MCAT
prerank,Negative Regulation Of Protein Polymerization (GO:0032272),-0.4117015682761448,-1.3113060238563767,1.031390e-01,4.793931e-01,1.000000e+00,5/17,12.91%,MAPRE1;MYADM;PFN1;STMN1;DYRK1A
prerank,Positive Regulation Of Phosphate Metabolic Process (GO:0045937),0.49454398621883167,1.3108528387024578,1.439791e-01,7.509885e-01,1.000000e+00,8/17,30.16%,NCKAP1L;PSEN1;IFNG;ROCK1;THBS1;ILK;CCL5;CD244
prerank,Regulation Of Chromosome Organization (GO:0033044),0.4229989665606212,1.307584662658234,9.305065e-02,7.632244e-01,1.000000e+00,19/38,30.82%,YLPM1;HNRNPD;PIF1;SMG5;INO80D;ACTR8;SMG6;INO80;TERF2;INO80C;RUVBL1;SMC5;RUVBL2;INO80B;SMG1;XRCC5;HDAC8;EID3;YY1
prerank,Negative Regulation Of Macroautophagy (GO:0016242),0.48719113868606706,1.307217218661708,1.368970e-01,7.609685e-01,1.000000e+00,10/18,28.03%,RUBCN;TSC2;PIK3CA;CLEC16A;PINK1;FEZ1;PHF23;FEZ2;MTOR;SCFD1
prerank,Positive Regulation Of Actin Filament Bundle Assembly (GO:0032233),-0.3475725226160757,-1.3071379100193878,1.038251e-01,4.835898e-01,1.000000e+00,7/27,11.98%,CDC42;TESK1;GPR65;PFN1;S100A10;SORBS3;RHOC
prerank,Protein Polyubiquitination (GO:0000209),0.3478794039189734,1.306431385559874,2.456499e-02,7.609521e-01,1.000000e+00,89/190,36.77%,FBXL17;TRIM27;FBXO28;RNF31;UBE2O;BLMH;TMEM129;RNF14;TRAF6;RNF6;UBE2D4;MUL1;TRIM38;UBE2V1;RNF8;IRF2BP1;UBE2J2;ANAPC10;PPIL2;DDB2;ARIH1;UBE2L3;FBXO22;CDC16;RNF146;MARCHF5;UBE4B;ZFP91;SYVN1;LNPEP;ANAPC7;TRIM65;TRIM5;RNF213;TRAF2;RC3H1;MYCBP2;SPOP;NPEPPS;UBE2E1;SHPRH;CUL1;UBE2D2;THOP1;RBX1;BFAR;RNF4;UBE3B;TRIM25;TNKS;SHARPIN;FBXO4;RUSC1;TNKS2;RNF114;TRIM22;ANAPC1;TRIM21;RNF26;ERCC8;UBE3A;UBE2E3;UBE2H;RNF25;WSB2;CUL3;RNF185;RNF167;CDC34;UBE2V2;ANAPC2;WWP2;CDC23;RNF144A;TRIM56;AMFR;RFFL;TRIM62;UBE3D;ANAPC5;NHLRC3;PELI2;TRIP12;BCL2;UBE2D1;LRSAM1;RNF115;RNF168;KLHL20
prerank,fatty-acyl-CoA Biosynthetic Process (GO:0046949),0.49116479813017067,1.3060445060455992,1.547619e-01,7.588826e-01,1.000000e+00,10/16,34.11%,SLC25A1;HACD2;TECR;ACAT1;ACSF3;ACSL5;ACSL4;ACSL3;PPT2;PPT1
prerank,Transcription By RNA Polymerase II (GO:0006366),0.3528725917858777,1.3055932484988182,3.684749e-02,7.571388e-01,1.000000e+00,51/160,24.89%,ERCC6;ZBTB7B;MED27;TRIP11;TFCP2;GTF2F2;MED1;SUPT4H1;LEO1;TAF7;GTF2A1;ELP4;SRCAP;TAF6;HLTF;SNAPC2;PEX2;NCBP2;MED7;CCNH;CTDP1;MED17;ELOF1;DEK;ICE2;SCAF8;IRF9;SETX;TAF9;GTF2H3;TRIM24;GTF2H5;POLR2D;TAF5L;PAAF1;PCF11;RREB1;GTF2H4;ERCC3;POLR2C;CDK12;PCID2;CDK7;ZNF141;CCNK;TBP;RXRB;TAF5;GTF2B;ANXA2;KLF13
prerank,Activation Of Cysteine-Type Endopeptidase Activity Involved In Apoptotic Process (GO:0006919),0.4031867705594849,1.3042700576889277,1.102273e-01,7.597195e-01,1.000000e+00,17/49,23.18%,S100A9;S100A8;CYCS;MUL1;FAM162A;FASLG;CASP8AP2;LAPTM5;BBC3;CASP2;F2R;TNF;ATP2A3;VCP;EIF2AK3;AIFM1;CRADD
prerank,Regulation Of Receptor Internalization (GO:0002090),-0.38867095617607095,-1.3028447737519369,1.447368e-01,4.890064e-01,1.000000e+00,5/20,4.65%,ARF1;RIN3;FLOT1;ANKRD13D;ATAD1
prerank,Regulation Of Release Of Cytochrome C From Mitochondria (GO:0090199),0.4357297511730432,1.302373044421557,1.365854e-01,7.650433e-01,1.000000e+00,12/31,22.66%,CIDEB;BNIP3;FAM162A;BCL2L1;TP53;PINK1;PRELID1;MLLT11;BCL2L11;BBC3;MFF;PLSCR3
prerank,Regulation Of Peptidase Activity (GO:0052547),0.5174033160386038,1.3016874719794942,1.411451e-01,7.645794e-01,1.000000e+00,5/15,18.12%,CST7;ATP13A2;NRDC;PINK1;PSMB8
prerank,T Cell Activation (GO:0042110),-0.28647804647030717,-1.3009910672135416,3.809524e-02,4.874370e-01,1.000000e+00,23/63,17.26%,CD7;PIK3R1;NCK2;HSPD1;PPP3CA;GATA3;CD44;CRTAM;TNFSF14;CD3E;LCP1;SOX4;PTPN2;PTPN22;SLAMF6;CD2;MSN;SLA2;NCK1;PTPRC;CASP8;CD8B;DDOST
prerank,Cell-Cell Adhesion Via Plasma-Membrane Adhesion Molecules (GO:0098742),0.44739090609254645,1.3006851094012433,1.240695e-01,7.656521e-01,1.000000e+00,8/27,15.65%,PALLD;CD6;NPTN;PTPRM;CADM1;ITGB1;ITGAL;ATP2C1
prerank,Cellular Respiration (GO:0045333),-0.27928929072821523,-1.3000054361888773,7.692308e-02,4.837226e-01,1.000000e+00,24/80,15.43%,NDUFB9;COX7B;UQCRFS1;NDUFB11;NDUFA1;UQCR11;NDUFB6;UQCRQ;NDUFS8;NDUFS3;COX6A1;NDUFC2;SDHB;NDUFB1;ME3;CYC1;NDUFS6;NDUFA4;NDUFB8;COX7A2;COX8A;NDUFB7;NDUFA3;NDUFA7
prerank,Regulation Of Macroautophagy (GO:0016241),0.37924057067138883,1.299793200985835,7.775378e-02,7.662527e-01,1.000000e+00,26/76,20.62%,TBC1D25;BNIP3;ATP6V1A;ATP6V0A2;PIK3C3;ATP13A2;HDAC6;TSC2;PIK3CA;CLEC16A;SCOC;ATP6V0D1;PINK1;TBK1;ATP6V0E1;SESN2;GBA1;ATP6V1D;ATP6V1B2;SIRT1;UBQLN2;ATG5;CAPN1;SNX5;SH3GLB1;ATP6V0E2
prerank,Autophagosome Maturation (GO:0097352),0.4214514633199392,1.2994002627066987,1.037736e-01,7.643124e-01,1.000000e+00,15/38,24.12%,VPS33A;ATP2A2;UVRAG;VPS16;PIK3C3;VTI1B;EPG5;LIX1L;VAMP8;CHMP3;SNX14;CHMP6;VCP;LAMP2;CHMP1A
prerank,Negative Regulation Of DNA Metabolic Process (GO:0051053),-0.334978749650149,-1.2987084013973578,9.289617e-02,4.812504e-01,1.000000e+00,11/29,14.56%,H1-3;TERF1;H1-4;RTEL1;SUB1;H1-2;TERF2IP;BLM;PDS5A;MSH2;H1-5
prerank,Histone Acetylation (GO:0016573),0.3943815908914477,1.2986109642436374,9.204545e-02,7.643661e-01,1.000000e+00,23/55,27.85%,SUPT7L;EPC2;BRD8;WDR5;TAF7;ENY2;EP400;ATXN7;TAF6;TRRAP;MRGBP;ATXN7L3;TAF9;TAF5L;RUVBL1;VPS72;DR1;RUVBL2;YEATS2;TAF5;KAT5;TADA2A;SUPT20H
prerank,Membrane Protein Ectodomain Proteolysis (GO:0006509),0.508706016995662,1.2969330767371943,1.421384e-01,7.688494e-01,1.000000e+00,10/15,40.18%,PSEN1;SPPL3;MYH9;SPPL2B;PSENEN;ADAM17;PRKCQ;NCSTN;ERAP1;PSEN2
prerank,Arachidonic Acid Metabolic Process (GO:0019369),0.5017803370239621,1.2969211161559033,1.380208e-01,7.649949e-01,1.000000e+00,6/15,37.40%,PTGDS;PTGES2;CBR1;AKR1C3;ABHD6;PTGES3
prerank,Secretory Granule Organization (GO:0033363),0.46303409025270514,1.2955424619974572,1.272494e-01,7.678546e-01,1.000000e+00,8/22,19.68%,BLOC1S1;AP3S2;HPS6;HPS4;AP1B1;AP3M1;F2R;AP1S1
prerank,Establishment Or Maintenance Of Epithelial Cell Apical/Basal Polarity (GO:0045197),0.43867490291369443,1.2935388875662504,1.299020e-01,7.736702e-01,1.000000e+00,10/28,22.98%,RAP2A;WDR1;MYO9A;PRKCZ;SCRIB;EZR;RHOA;LLGL2;PDZD11;SH3BP1
prerank,Positive Regulation Of Substrate Adhesion-Dependent Cell Spreading (GO:1900026),-0.3800669799485267,-1.2927830128129416,1.111111e-01,4.898568e-01,1.000000e+00,10/22,15.57%,CDC42;TRIOBP;MYADM;TESK1;S100A10;LIMS1;CALR;NEDD9;DMTN;C1QBP
prerank,Regulation Of Epithelial Cell Migration (GO:0010632),0.4567488762770222,1.2927256277141956,1.396226e-01,7.737978e-01,1.000000e+00,11/24,27.81%,BMPR2;HDAC6;PLCG1;IFNG;RTN4;HIF1A;CAPN7;RREB1;RAB11A;PTPN23;DOCK5
prerank,Regulation Of Cyclin-Dependent Protein Kinase Activity (GO:1904029),0.43434695741624857,1.2922082938140185,1.444175e-01,7.724979e-01,1.000000e+00,9/28,21.51%,CDKN2A;CCND2;CDKN1B;CCNH;CCND3;CNPPD1;HERC5;CDK7;CCNK
prerank,Regulation Of Cytoplasmic Translation (GO:2000765),0.4784551999050751,1.2914588844401758,1.625488e-01,7.725512e-01,1.000000e+00,6/17,19.82%,HNRNPD;CPEB4;PKM;DHX9;CSDE1;DHX36
prerank,Protein-Containing Complex Disassembly (GO:0032984),0.39334134124975867,1.291388886144225,1.135074e-01,7.691241e-01,1.000000e+00,21/54,24.48%,VPS33A;UVRAG;VPS16;PIK3C3;VTI1B;EPG5;PEX14;HSPA8;LIX1L;PEX2;VAMP8;PPP1CA;CHMP3;SNX14;CHMP6;GSK3B;SEPTIN9;VCP;LAMP2;CHMP1A;FRAT2
prerank,Translational Elongation (GO:0006414),-0.3203793202953034,-1.2893313175931416,1.060606e-01,4.931406e-01,1.000000e+00,6/40,2.71%,HBS1L;LTN1;EEF1G;EEF1B2;MRPL44;NEMF
prerank,Protein Transport (GO:0015031),0.34160543942158855,1.2886686777237903,1.314459e-02,7.785760e-01,1.000000e+00,82/242,25.01%,VPS33A;MYO6;SNX17;TVP23B;SCAMP2;SEC23IP;EHD1;ARL6IP5;PRF1;MIA2;TANGO2;SCAMP3;BLZF1;STX7;MON1A;STX2;IL10RA;RAB35;SYNRG;RPGR;RAB10;SEC31A;KIF3A;COPZ2;HDAC6;HIKESHI;GGA1;SCAMP1;RAB5B;CEP290;GGA2;COPA;LAPTM5;TVP23C;TMEM167A;PREB;CLTC;SYS1;KIF3B;MYH9;HERC2;MEN1;TMED5;SNX18;ACD;CHMP3;PAM16;DNAJC19;CD3G;STXBP2;SCAMP4;TOM1;VAMP2;STX6;RAB6A;ARFIP1;COPB2;GSDMD;RAB22A;ARHGEF2;TBC1D13;SEPTIN9;VPS45;PICK1;GOLGA4;TIMM50;AP4M1;AP2A1;BBS2;CMTM6;SNX15;SLC10A7;ARHGAP1;LAMP2;RAB29;COPG1;SIL1;CHMP1A;SNX13;STX12;STX16;VPS35
prerank,Positive Regulation Of DNA-templated Transcription Initiation (GO:2000144),0.40478518406726255,1.2875829992032783,1.079219e-01,7.800980e-01,1.000000e+00,17/49,25.70%,MED27;MED1;MED12;TAF7;GTF2A1;TAF6;MED7;MED17;MDC1;SETX;SRF;TAF9;MED8;DHX36;TBP;TAF5;MED21
prerank,Cholesterol Metabolic Process (GO:0008203),0.4096456388458578,1.287356478071806,1.239766e-01,7.774665e-01,1.000000e+00,14/43,28.50%,SNX17;LSS;GBA2;PIP4P1;MVK;INSIG2;CES1;ARV1;GBA1;SH2D2A;APOL2;DHCR7;CLN8;MSMO1
prerank,Regulation Of Signal Transduction By P53 Class Mediator (GO:1901796),0.4169849227294755,1.2866800123194864,1.298246e-01,7.770329e-01,1.000000e+00,11/36,23.77%,GET1;HIPK2;TP53RK;NUAK1;PIP4P1;MLF1;STK11;MAP2K6;DYRK2;KAT6A;MTOR
prerank,Melanosome Organization (GO:0032438),0.4441618479185029,1.284325513476814,1.286255e-01,7.847479e-01,1.000000e+00,16/27,39.28%,BLOC1S1;AP3S2;HPS6;BLOC1S6;HPS4;AP1B1;AP3M1;AP1S1;RAB29;BLOC1S4;HPS5;SNAPIN;HPS3;BLOC1S5;AP3B1;AP1M1
prerank,Vascular Transport (GO:0010232),-0.32817628545961475,-1.28373350171905,1.088435e-01,5.013852e-01,1.000000e+00,8/31,12.41%,SLC7A5;SLC1A5;ABCB1;SLC38A1;SLC22A5;SLC44A1;SLCO3A1;ATP8A1
prerank,RNA Phosphodiester Bond Hydrolysis (GO:0090501),0.46744154558676176,1.2832613917418458,1.441799e-01,7.863595e-01,1.000000e+00,6/20,11.34%,CPSF3;TRIR;KHNYN;PARN;RNASEH1;PDE12
prerank,Negative Regulation Of Cell Motility (GO:2000146),-0.27242731839839934,-1.282852276977533,5.000000e-02,4.977403e-01,1.000000e+00,17/71,13.16%,ADARB1;GATA3;ARHGAP4;PIN1;EPHA4;ING1;WAS;ING2;RAP2C;SINHCAF;RNF20;OGT;STK26;SUDS3;NEDD9;ARID4A;LDLRAD4
prerank,RNA Processing (GO:0006396),-0.23686903810855564,-1.282812473901206,1.000000e-03,4.921031e-01,1.000000e+00,43/168,14.44%,SRRM1;U2AF1;MAGOH;ADARB1;SRSF5;FASTKD5;RBM3;PPP2CA;SNRPD1;DNTTIP2;SRSF9;SF3A1;SRSF2;HNRNPH1;PPP1R9B;HNRNPUL1;RBM39;EXOSC4;CPSF6;LSM4;HNRNPA0;PRPF18;SNRPF;SRSF7;DIS3;DUSP11;EXOSC10;TENT4B;SNRPD2;PRKACA;RP9;RNPS1;SNRNP25;SF3B2;RNPC3;FASTKD3;SLU7;HNRNPK;PPIG;SNRNP40;SNRPG;ZRSR2;SF3B1
prerank,tRNA Methylation (GO:0030488),0.4252209373232224,1.2822853694733947,1.315789e-01,7.877997e-01,1.000000e+00,8/32,13.42%,TYW3;DALRD3;TRMT61B;THADA;TARBP1;METTL2B;NSUN2;WDR6
prerank,Late Endosome To Vacuole Transport Via Multivesicular Body Sorting Pathway (GO:0032511),0.46204893515717993,1.2817585941258587,1.457286e-01,7.866239e-01,1.000000e+00,9/21,21.84%,HGS;VTA1;UBAP1;LEPROT;VPS37A;TMEM50B;CHMP6;LEPROTL1;TMEM50A
prerank,Negative Regulation Of T Cell Activation (GO:0050868),0.46811873618104766,1.2814410076827139,1.566416e-01,7.845707e-01,1.000000e+00,5/20,9.53%,LILRB1;NCKAP1L;LAX1;HAVCR2;LAPTM5
prerank,Regulation Of Insulin Secretion (GO:0050796),0.40876360210864837,1.281084306992825,1.232394e-01,7.825894e-01,1.000000e+00,16/38,29.51%,LRRC8A;PPP3CB;TM7SF3;ENSA;IFNG;SIRT6;POLR2D;EIPR1;TNF;PICK1;CDK16;ACSL4;REST;HADHA;CCL5;GLUD1
prerank,Cilium Assembly (GO:0060271),0.34781253587480365,1.280866170620166,4.791667e-02,7.800574e-01,1.000000e+00,49/134,29.33%,C2CD3;MBD1;EHD1;CEP164;TMEM216;CPLANE1;RPGR;KIF3A;HDAC6;TOGARAM1;CEP290;NUDCD3;CCDC65;FLNA;WDPCP;KIF3B;PCNT;CILK1;DYNC2I1;ATP6V0D1;IFT88;NEK1;NME8;ARL13B;GBF1;ATP6V1D;ACTR3;CFAP298;BBIP1;TTBK2;WDR54;IFT172;IFT20;CEP162;BBS2;POC1B;NPHP3;CEP126;TMEM250;ACTR2;TTC21B;DYNLT2B;E2F4;JHY;SPAG16;PTPN23;DCTN1;SSX2IP;IFT57
prerank,Proteoglycan Biosynthetic Process (GO:0030166),0.4713288254873489,1.280815846285887,1.589487e-01,7.766726e-01,1.000000e+00,4/21,3.57%,CHST12;B3GAT1;EXTL3;BMPR2
prerank,Regulation Of Response To External Stimulus (GO:0032101),-0.27745689028576626,-1.280210636691668,5.263158e-02,4.928891e-01,1.000000e+00,12/67,9.96%,XCL1;CARD16;BIRC2;CYLD;CD55;CASP4;NFE2L2;LETMD1;NLRP2;SETD6;IRF1;PTPN22
prerank,protein-DNA Complex Organization (GO:0071824),0.3999835645698671,1.279928084619909,1.279070e-01,7.773323e-01,1.000000e+00,10/44,16.53%,ZBTB7A;HIRIP3;HMGN4;GATAD1;SUPT4H1;HMG20A;HDAC5;NUCKS1;SIRT1;CBX3
prerank,Regulation Of Cell Morphogenesis (GO:0022604),-0.37703980629258305,-1.279918839473559,1.460674e-01,4.879794e-01,1.000000e+00,9/19,14.54%,ZMYM4;PDZD8;CD44;SPARC;CFL1;ZMYM3;CAMSAP1;SH3D19;MACF1
prerank,DNA-templated Transcription (GO:0006351),0.3443735481172557,1.2796090122562342,5.413687e-02,7.753861e-01,1.000000e+00,51/159,25.31%,GTF3C2;ERCC6;ZBTB7B;TRIP11;GTF2F2;IVNS1ABP;HIPK3;GTF3C3;RRAGC;POLR3A;TAF7;ZFP36L1;GTF2A1;GARS1;TAF6;SNAPC2;SMAD4;NCOA6;GTF3C6;BAZ2A;CCNH;TP53;MLF1;TCEA2;DEK;IRF9;SETX;UBTF;GTF2H3;TRIM24;GTF2H5;GTF3C1;POLR2D;TAF5L;MTERF1;RREB1;GTF2H4;ERCC3;POLR2C;CDK12;CDK7;ZNF141;MEF2A;CCNK;XAB2;TBP;FUBP3;TAF5;GTF2B;KLF13;GTF3A
prerank,Negative Regulation Of Viral Genome Replication (GO:0045071),-0.3054872714333197,-1.2788482730323072,8.000000e-02,4.853180e-01,1.000000e+00,13/43,12.98%,SETDB1;IFI16;APOBEC3F;RESF1;IFITM3;IFITM2;INPP5K;SHFL;OAS1;ZNFX1;OAS2;MORC2;ISG15
prerank,Peptidyl-Serine Phosphorylation (GO:0018105),0.35185055862516557,1.2780751109309176,6.263048e-02,7.790678e-01,1.000000e+00,51/123,31.77%,STK4;DYRK4;MAPK9;MAPK14;CSNK2A1;HIPK3;CSNK1G1;HIPK2;SRPK1;PRKCZ;DYRK1B;MAST3;STK38;MAPK13;UHMK1;STK39;PINK1;TBK1;ROCK1;MORC3;WNK1;IKBKB;TTBK2;LATS2;DYRK2;ATR;GSK3B;CSNK2A2;CAB39;DMPK;TNKS;SBK1;EIF2AK3;NEK7;AKT3;SMG1;MTOR;CAMK1D;TGFBR1;PRKACB;MAP3K13;MAST4;STK32C;MARK3;PRKCQ;PRKD2;PRKCH;PRKCB;VRK1;PKD1;CDK2
prerank,Regulation Of Transcription By RNA Polymerase III (GO:0006359),0.44972086115805243,1.2780214381600261,1.500000e-01,7.757962e-01,1.000000e+00,9/24,23.77%,ERCC6;ZNF143;POLR3C;BAZ1B;DEK;ICE2;RPTOR;DHX36;MTOR
prerank,Peroxisome Organization (GO:0007031),0.47018813236345863,1.2779665094017172,1.548732e-01,7.724861e-01,1.000000e+00,12/20,35.64%,ACOT8;ABCD3;PEX11B;PEX14;PEX2;MFF;PEX3;PLAAT3;ABCD4;TMEM135;DNM1L;LONP2
prerank,Negative Regulation Of Protein Binding (GO:0032091),0.39242049660856276,1.2770429629932623,1.209302e-01,7.733830e-01,1.000000e+00,15/47,20.24%,TMBIM6;ATP2A2;STYX;PEX14;GNL3L;ADAM15;PPP1CA;KDM1A;ROCK1;ATP2A3;TTBK2;LRPAP1;GSK3B;ADRB2;SYMPK
prerank,Cilium Organization (GO:0044782),0.3461361650206826,1.2766336817076323,4.786681e-02,7.717894e-01,1.000000e+00,48/139,27.57%,C2CD3;MBD1;EHD1;CEP164;TMEM216;CPLANE1;RPGR;KIF3A;HDAC6;TOGARAM1;CEP290;NUDCD3;CCDC65;FLNA;WDPCP;KIF3B;RRP7A;PCNT;CILK1;DYNC2I1;ATP6V0D1;IFT88;NEK1;NME8;ARL13B;GBF1;ATP6V1D;ACTR3;CFAP298;BBIP1;TTBK2;IQCG;WDR54;IFT172;MARK4;IFT20;CEP162;BBS2;POC1B;NPHP3;CEP126;TMEM250;ACTR2;TTC21B;DYNLT2B;SPAG16;RTTN;PTPN23
prerank,Protein Localization To Membrane (GO:0072657),0.3549934925941884,1.2761650251768266,7.083333e-02,7.706514e-01,1.000000e+00,35/113,22.50%,HGS;RAP2A;F11R;EHD1;PTCH1;HPS6;ITGB7;BSG;PPIL2;RAB10;TSPAN14;SEC16A;FLNA;TNFRSF1A;EFR3A;DENND4C;ITGAL;ROCK1;RAB6A;ABHD17A;PACS1;C2CD5;HYCC2;EZR;IKBKB;TNF;TNIK;SH3GLB1;LRPAP1;PICK1;AP4M1;PDZD11;FCHO2;RAB11A;BRAF
prerank,Proton Transmembrane Transport (GO:1902600),0.4239938246239813,1.273814393185983,1.411483e-01,7.786077e-01,1.000000e+00,13/33,20.94%,NNT;ATP1A3;ATP6V1A;ATP6V0A2;ATP5PO;TMEM175;ATP6V0D1;ATP6V0E1;ATP6V1D;ATP6V1B2;ATP6V0E2;COX15;DMAC2L
prerank,Positive Regulation Of Cellular Response To Transforming Growth Factor Beta Stimulus (GO:1903846),0.48144189496690815,1.2733696880966268,1.679790e-01,7.738339e-01,1.000000e+00,8/17,17.81%,ZEB2;HIPK2;SMAD4;RNF111;MEN1;STK11;CITED2;THBS1
prerank,Positive Regulation Of Transforming Growth Factor Beta Receptor Signaling Pathway (GO:0030511),0.48144189496690815,1.2733696880966268,1.679790e-01,7.738339e-01,1.000000e+00,8/17,17.81%,ZEB2;HIPK2;SMAD4;RNF111;MEN1;STK11;CITED2;THBS1
prerank,Regulation Of Cellular Response To Stress (GO:0080135),0.36310019042139874,1.272220863719081,9.052183e-02,7.757750e-01,1.000000e+00,31/93,24.57%,SUPT7L;UBE2V1;TAF7;ENY2;SIRT7;INO80D;ACTR8;ATXN7;TAF6;USP19;TRRAP;RFWD3;WDR76;RPA2;PINK1;INO80;ATXN7L3;ETAA1;TAF9;SIRT1;TAF5L;INO80C;RUVBL1;ATR;GSK3B;CHORDC1;RUVBL2;INO80B;CRY1;MTOR;TAF5
prerank,Chromatin Organization (GO:0006325),0.33596021675491905,1.2716600005403582,3.943377e-02,7.750596e-01,1.000000e+00,93/218,34.72%,HIRA;SART3;HDGFL3;ERCC6;BICRAL;ZBTB7A;HIRIP3;HMGN4;GET1;NUDT5;GATAD1;SUPT4H1;KDM5B;MTA1;PHF10;EZH1;SMARCC2;INO80D;ACTR8;H2BC15;KDM5C;SMARCA2;HMG20A;KDM2B;HDAC5;PIH1D1;NUCKS1;BAZ2A;BMI1;HCFC2;MBD3;INO80;NASP;BAZ1B;SS18;DEK;ZNF827;IWS1;SIRT1;CBX3;BAZ1A;HDGFL2;INO80C;KDM4A;RING1;KDM5D;RUVBL1;MYSM1;BCOR;ZNF274;DR1;RUVBL2;HAT1;BRPF1;CHD6;YEATS2;INO80B;KAT6B;SETD4;CHAF1B;MACROH2A1;CHD3;PHC1;KDM4B;HDAC4;REST;CBX1;MTF2;CTCF;TADA2A;HDAC8;H3-3A;RBBP4;CHRAC1;COPRS;SFPQ;WAC;ING4;CHD7;H2BC21;YY1;RSF1;DAXX;ARID2;SAFB;PBRM1;SMARCA4;RB1;ASF1A;CFDP1;KDM5A;TTI1;CHTOP
prerank,"Retrograde Transport, Endosome To Golgi (GO:0042147)",0.37056562808448035,1.2712206356488918,1.088362e-01,7.738962e-01,1.000000e+00,27/77,25.72%,TRIM27;TBC1D14;TBC1D10B;UBE2O;PLEKHA3;RGP1;TBC1D10C;VTI1B;GGA1;VTI1A;TBC1D23;SNX12;CLTC;RHOBTB3;GBF1;STX6;RAB6A;VPS51;SNX5;TMEM87B;TBC1D17;RAB29;SLC66A2;STX16;VPS35;RAB9A;RBSN
prerank,Negative Regulation Of DNA Biosynthetic Process (GO:2000279),0.46293340096465346,1.2705696573483978,1.643132e-01,7.737576e-01,1.000000e+00,9/20,17.22%,BMPR2;PIF1;GNL3L;ERCC4;TP53;MEN1;CTC1;TINF2;TERF2
prerank,Regulation Of Small Molecule Metabolic Process (GO:0062012),0.42787338080366993,1.269788713411405,1.489104e-01,7.741315e-01,1.000000e+00,16/30,38.41%,ZBTB7A;PGAM1;PDK2;HIF1A;ARV1;MLYCD;FOXK1;SIRT1;FMO5;JMJD8;PRKAG2;PPARA;ARL2;PDK3;ADIPOR1;RORA
prerank,Regulation Of Tumor Necrosis Factor Production (GO:0032680),0.37074330693715385,1.2695070657001075,1.054945e-01,7.722476e-01,1.000000e+00,30/74,28.46%,TRIM27;STAT3;FCGR3A;LILRB1;FADD;ELF4;PSEN1;HAVCR2;HLA-E;CYBA;IFNG;NFKBIL1;TMEM106A;MAVS;SPHK2;DHX9;SPN;THBS1;ARHGEF2;CACTIN;ARFGEF2;RIGI;RASGRP1;SETD4;NLRC3;MC1R;CX3CR1;SYT11;DDT;PTPRJ
prerank,Negative Regulation Of Osteoblast Differentiation (GO:0045668),0.4918054754077852,1.2690929791766785,1.633987e-01,7.709108e-01,1.000000e+00,5/16,12.58%,PTCH1;NBR1;MEN1;TMEM64;LIMD1
prerank,Pyruvate Metabolic Process (GO:0006090),0.437634103467766,1.2688661819747358,1.554726e-01,7.686840e-01,1.000000e+00,6/26,10.04%,PGAM1;HK1;PDHB;TPI1;ME2;PKM
prerank,Zymogen Activation (GO:0031638),0.4777874335596074,1.268618926696296,1.692506e-01,7.666675e-01,1.000000e+00,4/18,5.06%,CIDEB;FADD;CYCS;CYFIP2
prerank,Phosphatidylinositol 3-Kinase Signaling (GO:0014065),0.46061272874010967,1.2681470998759434,1.532468e-01,7.658717e-01,1.000000e+00,7/20,12.97%,STAT3;FCGR3A;ZFP36L1;NF1;ERBB2;PIK3CA;PIK3C2A
prerank,Peptidyl-Proline Modification (GO:0018208),-0.40331246740355703,-1.2675832530159843,1.935484e-01,5.081726e-01,1.000000e+00,7/16,18.27%,PPIF;PPIB;PIN1;NKTR;PPIG;PPIE;PPIL3
prerank,Protein Ubiquitination (GO:0016567),0.32870812129270544,1.265759378979543,2.618328e-02,7.739080e-01,1.000000e+00,143/315,36.77%,FBXL17;FANCA;TRIM4;FBXO28;RNF31;TRIM69;ASB1;UBE2O;BLMH;TMEM129;RNF14;VPS11;TRAF6;RNF6;UBE2D4;USP5;GAN;ZSWIM8;MUL1;TRIM38;TRIM37;FAAP20;UBE2V1;RNF8;TSPAN17;IRF2BP1;SMURF2;TRIM39;UBE2J2;PPIL2;RPGR;DDB2;HLTF;ARIH1;UBE2L3;FBXO22;RNF146;MARCHF5;UBE4B;RNF111;SYVN1;PEX2;RFWD3;LNPEP;ANAPC7;ARRB1;TRIM5;RNF213;HERC2;TRAF2;RC3H1;PINK1;MYCBP2;OBI1;SPOP;NPEPPS;LZTR1;UBE2E1;TRIM24;SHPRH;CUL1;UBE2D2;TRIM11;FBXO25;THOP1;KCTD13;SIRT1;RNFT1;TRIM35;KLHL22;EIPR1;KLHL18;RBX1;BFAR;UBA52;RNF4;VPS18;CHFR;UBE3B;TRIM25;FANCF;TNKS;HERC5;VCP;FBXO4;RLIM;RUSC1;UVSSA;TNKS2;RNF220;RNF114;TRIM22;TRIM21;RNF26;ERCC8;OTULIN;FANCG;MAGEF1;UBE3A;CBL;UBE2H;TRIM52;RNF25;KLHL21;RNF13;WSB2;FBXL5;CUL3;RNF185;RNF167;FAAP100;CDC34;AMBRA1;KLHL24;UBE2V2;KLHL7;KLHL12;WWP2;FBXO2;RAD18;FBXW5;RNF144A;TRIM56;AMFR;TRIM62;UBE3D;NHLRC3;CAND1;PELI2;FBXL3;CUL2;TRIP12;TRIM41;BCL2;CNOT4;UBE2D1;LRSAM1;RNF38;RNF115;HERC6;RNF168;CUL4A;KLHL20
prerank,Regulation Of Actin Filament-Based Process (GO:0032970),0.39247041337436794,1.2655615652587384,1.329480e-01,7.714814e-01,1.000000e+00,18/46,27.72%,F11R;CDK10;PDGFRB;TAOK1;CRK;SLC4A2;ARHGAP17;ARHGAP18;ROCK1;EZR;ARHGAP35;RHOA;IQGAP2;SH3BP1;MTOR;ABRACL;PEAK3;ARHGEF19
prerank,Glycoprotein Biosynthetic Process (GO:0009101),0.39311785135232924,1.2649585587713357,1.252874e-01,7.711306e-01,1.000000e+00,24/47,35.97%,CHST12;BMPR2;ALG3;ST3GAL2;ARFGEF1;TMEM106A;ST3GAL5;ST3GAL4;TNIP1;GMPPB;ATP7A;ST8SIA4;COG3;COG7;GOLPH3;GCNT1;ST3GAL3;CHST10;NPC1;FUT10;FKTN;ST8SIA6;ALG1;CSGALNACT1
prerank,Carbohydrate Derivative Biosynthetic Process (GO:1901137),0.4550468459758115,1.264786107472972,1.749681e-01,7.687512e-01,1.000000e+00,9/20,27.65%,ALG6;ST3GAL2;TPI1;SCCPDH;GK5;ST3GAL4;TNIP1;GOLPH3;GCNT1
prerank,Non-Canonical Wnt Signaling Pathway (GO:0035567),0.4939240327925909,1.2646613258956598,1.811024e-01,7.661620e-01,1.000000e+00,3/15,6.08%,CCDC88C;DVL3;SMURF2
prerank,Positive Regulation Of Immunoglobulin Production (GO:0002639),-0.3629016201960171,-1.2638217120783999,1.522843e-01,5.115212e-01,1.000000e+00,7/24,14.91%,XCL1;DNAJB9;VAMP3;PHB1;SHLD1;TP53BP1;PTPRC
prerank,Negative Regulation Of Type II Interferon Production (GO:0032689),-0.4151780202885875,-1.2621163568159321,1.614173e-01,5.107308e-01,1.000000e+00,8/15,18.53%,XCL1;HMGB1;LGALS9;ZC3H12A;LGALS9B;C1QBP;HLA-DRB1;RARA
prerank,Organic Hydroxy Compound Transport (GO:0015850),0.4998312616358795,1.2612375321339688,1.514360e-01,7.787934e-01,1.000000e+00,7/15,22.79%,RALBP1;ABCD3;SLC2A13;SLC5A3;POLR2D;SLC44A2;SLC10A3
prerank,Positive Regulation Of Tumor Necrosis Factor Production (GO:0032760),0.3891169077961261,1.261023098941281,1.417234e-01,7.766589e-01,1.000000e+00,19/48,23.70%,STAT3;FCGR3A;FADD;PSEN1;HAVCR2;HLA-E;CYBA;IFNG;TMEM106A;MAVS;SPHK2;DHX9;SPN;THBS1;ARHGEF2;ARFGEF2;RIGI;RASGRP1;SETD4
prerank,Cytokine-Mediated Signaling Pathway (GO:0019221),-0.25030870407907296,-1.2607476533434843,2.222222e-02,5.091084e-01,1.000000e+00,24/126,11.94%,XCL1;XCL2;SOCS1;EGR1;IL7R;BIRC2;JAK1;IL18RAP;IL2RB;NFKBIA;IL18R1;CSNK2B;COMMD7;IL2RG;IL21R;CHUK;TRAF1;TRAF5;PRKACA;LIMS1;IL4R;OAS1;OAS2;TNFRSF11A
prerank,Positive Regulation Of miRNA Transcription (GO:1902895),0.4470167728257504,1.2604211506516845,1.586294e-01,7.762748e-01,1.000000e+00,7/23,17.59%,STAT3;MRTFA;GNL3;TP53;HIF1A;SRF;TNF
prerank,Negative Regulation Of Cell-Substrate Adhesion (GO:0010812),0.46440494856146686,1.259787486374782,1.730013e-01,7.760355e-01,1.000000e+00,7/19,22.33%,CDKN2A;ADAM15;NF2;THBS1;RHOA;RCC2;GBP1
prerank,"Regulation Of Nuclear-Transcribed mRNA Catabolic Process, Deadenylation-Dependent Decay (GO:1900151)",0.4685593781729431,1.2597255179326379,1.655886e-01,7.732215e-01,1.000000e+00,8/19,19.82%,HNRNPD;ZFP36L1;CNOT7;TOB1;RC3H1;DHX9;CSDE1;DHX36
prerank,Protein Localization To Lysosome (GO:0061462),0.4251439365010703,1.259706099477607,1.604790e-01,7.701796e-01,1.000000e+00,15/31,33.63%,HGS;NAGPA;PIK3C3;ATP13A2;SZT2;LAPTM5;RTN4;AP3M1;AP4M1;MFSD1;GLMP;M6PR;LMBRD1;KICS2;VPS4A
prerank,Regulation Of Lymphocyte Differentiation (GO:0045619),0.4831046999101222,1.2594409173329977,1.810919e-01,7.684325e-01,1.000000e+00,5/15,14.06%,NCKAP1L;IKZF3;ZFP36L1;ZNF683;PRELID1
prerank,rRNA Metabolic Process (GO:0016072),0.36976147552481087,1.2591200144676646,1.096197e-01,7.668614e-01,1.000000e+00,28/66,29.41%,TRIR;NOL8;PES1;DIS3L;ZFP36L1;SIRT7;DDX49;DCAF13;SPIN1;EMG1;NOLC1;RRP7A;PIH1D1;ESF1;WDR18;NOC4L;EBNA1BP2;PELP1;GTF3C1;SLFN12;SPPL2B;MRM2;NOP14;GTF3A;XRN2;PIN4;EXOSC6;RRP9
prerank,Blood Circulation (GO:0008015),-0.39221132795550795,-1.2581171607900805,1.744681e-01,5.114313e-01,1.000000e+00,3/16,4.47%,XCL2;GUCY1A1;RANGRF
prerank,Regulation Of Hydrolase Activity (GO:0051336),0.4048748664872633,1.258102643109201,1.545779e-01,7.685398e-01,1.000000e+00,8/36,7.69%,TBC1D10B;ARHGAP12;RABGAP1;RALBP1;CRK;GPR137B;NF1;SOD1
prerank,tRNA Metabolic Process (GO:0006399),0.46773351704196603,1.2578433251086205,1.615894e-01,7.666707e-01,1.000000e+00,7/18,24.85%,ZFP36L1;RPP21;FARS2;ELAC2;GTF3C1;DTD1;POP7
prerank,Second-Messenger-Mediated Signaling (GO:0019932),-0.3293226109326104,-1.2565565548785884,1.148649e-01,5.100673e-01,1.000000e+00,10/32,15.06%,PPP2CA;NUDT4;GUCY1A1;INPP5A;PPP1R9B;PLCG2;DDAH2;LAT2;KLRG1;NCALD
prerank,Regulation Of Transcription By RNA Polymerase I (GO:0006356),0.4357061319896679,1.2563477250789483,1.600000e-01,7.705135e-01,1.000000e+00,9/27,14.53%,ERCC6;SIRT7;WDR75;ERBB2;FLNA;BAZ2A;BAZ1B;DEK;UBTF
prerank,Positive Regulation Of Telomerase Activity (GO:0051973),0.43997997789971244,1.255871591287017,1.592357e-01,7.695742e-01,1.000000e+00,12/25,31.80%,MAP3K4;WRAP53;PARN;TNIP1;TNKS;NEK7;XRCC5;CCT2;MAP2K7;PRKCQ;DKC1;MAPK3
prerank,Positive Regulation Of DNA Biosynthetic Process (GO:2000573),0.39022670601015585,1.2553362339596223,1.270208e-01,7.690485e-01,1.000000e+00,22/47,31.80%,PDGFRB;MAP3K4;WRAP53;RFC2;PARN;RFC4;CCT7;CCT3;ATR;TNIP1;TNKS;FBXO4;CCT5;NEK7;TNKS2;XRCC5;CCT2;MAP2K7;PRKCQ;PRKD2;DKC1;MAPK3
prerank,Positive Regulation Of Catalytic Activity (GO:0043085),0.4157866762491916,1.2549938614009901,1.682353e-01,7.675448e-01,1.000000e+00,17/32,40.18%,YWHAB;MAPK14;PSEN1;SOD1;NHEJ1;SLC5A3;FDX2;ATP7A;XRCC5;BCAS3;PSENEN;MAPK3;MAPK8;CHTOP;NCSTN;WRN;PSEN2
prerank,Regulation Of Release Of Sequestered Calcium Ion Into Cytosol (GO:0051279),-0.36530672629322053,-1.2549678645392919,1.576577e-01,5.085564e-01,1.000000e+00,3/20,3.52%,XCL1;CALM3;PDE4D
prerank,Positive Regulation Of Tumor Necrosis Factor Superfamily Cytokine Production (GO:1903557),0.3852190395616097,1.25473748101601,1.476888e-01,7.658112e-01,1.000000e+00,19/49,23.70%,STAT3;FCGR3A;FADD;PSEN1;HAVCR2;HLA-E;CYBA;IFNG;TMEM106A;MAVS;SPHK2;DHX9;SPN;THBS1;ARHGEF2;ARFGEF2;RIGI;RASGRP1;SETD4
prerank,Organelle Assembly (GO:0070925),0.33039769599835483,1.254377392410991,4.742684e-02,7.645288e-01,1.000000e+00,69/225,24.51%,HGS;C2CD3;VTA1;MBD1;ATP2A2;EHD1;ATG9A;CEP164;STX7;TMEM216;AP3S2;HPS6;CPLANE1;PIK3C3;UBAP1;RAB35;RPGR;KIF3A;HDAC6;TOGARAM1;HPS4;CEP290;NUDCD3;CCDC65;FLNA;WDPCP;KIF3B;PCNT;CILK1;DYNC2I1;VPS37A;ATP6V0D1;AP1B1;TMEM41B;AP3M1;IFT88;NEK1;CHMP3;NME8;UBXN2B;ARL13B;GBF1;ATP6V1D;ACTR3;CFAP298;UBQLN2;BBIP1;ATG5;TTBK2;YTHDF1;NSFL1C;CHMP6;WDR54;AP1S1;IFT172;AP4M1;RAB11A;IFT20;CEP162;BBS2;POC1B;NPHP3;ATG2B;CEP126;TMEM250;CHMP1A;ACTR2;STX12;TTC21B
prerank,Regulation Of Double-Strand Break Repair (GO:2000779),0.3701178654040192,1.254255392064305,1.247241e-01,7.621622e-01,1.000000e+00,25/71,21.31%,RNF169;EPC2;WRAP53;BRD8;PHF10;SMARCC2;EP400;PPP4R3B;TRRAP;SMARCA2;PPP4R2;MRGBP;RPA2;SPIDR;DEK;KDM1A;SIRT6;MGMT;SIRT1;OTUB1;RUVBL1;ATR;PPP4C;VPS72;RUVBL2
prerank,Brain Development (GO:0007420),0.3598448264374295,1.2535512309029326,1.114684e-01,7.624536e-01,1.000000e+00,34/78,31.01%,ADGRG1;PTCH1;PITPNM1;MAP1S;NF1;TBC1D23;NCOA6;RTN4;ANAPC7;SPATA5;RTN3;UTP3;CDK5RAP1;SPEF2;TUBGCP2;VPS51;ZNF335;POMK;BBS2;GIT2;DHX37;UBE3A;KDM4B;SYNJ2;CIC;JHY;CX3CR1;NDUFS4;UGP2;PAFAH1B1;PAFAH1B3;RBBP4;BBS4;PBX3
prerank,Negative Regulation Of Canonical Wnt Signaling Pathway (GO:0090090),0.38632347818974005,1.2522757621437548,1.457399e-01,7.653940e-01,1.000000e+00,17/47,23.82%,CCDC88C;STK4;DRAXIN;SIAH2;MLLT3;TMEM64;LIMD1;STK11;INVS;RBX1;LATS2;GSK3B;RUVBL2;GSK3A;TLE3;NPHP3;TLE1
prerank,Cortical Cytoskeleton Organization (GO:0030865),0.4587746720833654,1.2520457437129469,1.730769e-01,7.634896e-01,1.000000e+00,8/20,20.18%,NCKAP1L;STRIP1;ROCK1;EZR;IKBKB;TNF;LLGL2;PLEK
prerank,Intracellular Monoatomic Cation Homeostasis (GO:0030003),0.3544541712877848,1.2518629640540164,1.164530e-01,7.614278e-01,1.000000e+00,37/90,28.79%,VAPB;ATP1A3;TMEM203;ATP2A2;BOLA2;NPTN;ATP6V1A;ATP6V0A2;NDFIP1;TMEM165;ATP13A2;CCDC22;SOD1;STIM1;SMAD4;PICALM;ATP6V0D1;SLC41A1;ATP2C1;ISCU;SLC39A13;SLC39A7;ATP2A3;DMPK;IREB2;ATP7A;NUBP1;SLC30A5;CHERP;SLC10A7;SLC12A2;ATP6AP1;TFR2;GLRX3;ATP2B4;FBXL5;CCL5
prerank,Regulation Of TORC1 Signaling (GO:1903432),0.3959721562198051,1.2514913129745526,1.641086e-01,7.602518e-01,1.000000e+00,14/41,16.88%,RRAGC;PIP4P1;TELO2;GPR137B;SZT2;DEPDC5;CLEC16A;NPRL3;PIH1D1;SLC38A9;STK11;SESN2;NPRL2;KLHL22
prerank,Late Endosome To Vacuole Transport (GO:0045324),0.47435562995314323,1.25139909627275,2.040558e-01,7.577595e-01,1.000000e+00,8/17,24.12%,VTA1;LEPROT;CHMP3;TMEM50B;CHMP6;LEPROTL1;TMEM50A;CHMP1A
prerank,Negative Regulation Of Wnt Signaling Pathway (GO:0030178),0.3726485644026767,1.2513023199036057,1.384615e-01,7.553568e-01,1.000000e+00,21/57,26.79%,CCDC88C;STK4;DRAXIN;SIAH2;TSC2;MLLT3;RNF213;TMEM64;LIMD1;STK11;INVS;RBX1;LATS2;GSK3B;RUVBL2;GSK3A;TLE3;NPHP3;TLE1;HIC1;VGLL4
prerank,B Cell Activation (GO:0042113),-0.2926566130180607,-1.249218669879574,1.297710e-01,5.181260e-01,1.000000e+00,18/48,14.91%,PIK3R1;HSPD1;GPR183;DNAJB9;PHB1;MALT1;SLC25A5;PTPN2;RABL3;HDAC9;TOP2B;HHEX;PLCG2;ADGRG3;LAT2;CD70;MSH2;PTPRC
prerank,Neuron Differentiation (GO:0030182),-0.2880273200207466,-1.248787377257973,7.692308e-02,5.139220e-01,1.000000e+00,12/51,10.11%,ITM2C;RUNX2;DDIT4;IER2;PIN1;CFLAR;ID2;DTNB;CDK5;SOX4;UGDH;MYEF2
prerank,Positive Regulation Of Cilium Assembly (GO:0045724),0.4482045514275815,1.2463145188571634,1.989664e-01,7.745696e-01,1.000000e+00,9/20,21.61%,CEP120;KCTD17;IFT88;CEP135;ARHGAP35;GSK3B;SEPTIN9;MARK4;IFT20
prerank,Regulation Of Organelle Assembly (GO:1902115),0.3788501966425387,1.246203976164472,1.367713e-01,7.722169e-01,1.000000e+00,25/56,31.22%,TBC1D14;TBC1D10B;SENP6;VPS11;TRAPPC12;RABGAP1;TBC1D10C;TBC1D19;WDPCP;MTMR3;IFT88;NF2;UBQLN2;EZR;ATG5;TBC1D13;RNF4;IFT20;TBC1D17;RDX;DYNLT2B;TBC1D22A;CDKL1;KIF9;RABEP2
prerank,Positive Regulation Of T Cell Migration (GO:2000406),-0.3916847522201096,-1.2459526577080389,1.780822e-01,5.155168e-01,1.000000e+00,3/16,5.01%,XCL1;XCL2;OXSR1
prerank,"Regulation Of DNA Damage Response, Signal Transduction By P53 Class Mediator (GO:0043516)",-0.34984337586337055,-1.2453826975277766,1.793722e-01,5.116690e-01,1.000000e+00,10/21,19.79%,CD44;PMAIP1;COPS3;SOX4;DYRK1A;DDX5;EEF1E1;MARCHF7;CD74;SNAI1
prerank,Glycerophospholipid Biosynthetic Process (GO:0046474),0.3640372113164439,1.2452797223077958,1.389497e-01,7.736127e-01,1.000000e+00,31/75,31.95%,INPP4A;INPPL1;FAR1;CEPT1;AGPAT1;MTMR4;PCYT2;PITPNM1;CHKB;FIG4;MTMR3;PIK3C2A;GNPAT;SLC44A2;PITPNM2;DGKZ;TAMM41;SELENOI;LPCAT1;PI4K2B;ABHD4;SYNJ2;CDIPT;PLSCR1;ABHD5;INPP5D;AGPAT4;PIP5K1C;CDS2;IMPA1;GPAT4
prerank,Negative Regulation Of Cell Junction Assembly (GO:1901889),0.48340618666188034,1.2450758834841413,1.924084e-01,7.716471e-01,1.000000e+00,7/16,24.83%,ROCK1;IKBKB;TNF;THBS1;RCC2;DUSP22;BCAS3
prerank,Negative Regulation Of Secretion By Cell (GO:1903531),0.44907352793284744,1.2450016454261983,1.660330e-01,7.691818e-01,1.000000e+00,5/21,15.95%,SERGEF;LILRB1;TNFRSF1A;VAMP8;TNFRSF1B
prerank,Negative Regulation Of Immune Response (GO:0050777),0.38621971801109845,1.24431057752373,1.603666e-01,7.693999e-01,1.000000e+00,15/49,24.34%,TRIM27;TRAFD1;LILRB1;MAPK14;MUL1;CEP63;HAVCR2;PLCG1;RC3H1;ATG5;FCRLB;CACTIN;RHBDF2;TRIM21;NLRC3
prerank,Transcription By RNA Polymerase III (GO:0006383),0.4268983502218754,1.2428675704576717,1.621951e-01,7.728512e-01,1.000000e+00,8/27,16.13%,GTF3C2;IVNS1ABP;GTF3C3;ZFP36L1;SNAPC2;GTF3C6;ICE2;GTF3C1
prerank,Skeletal System Development (GO:0001501),0.3892774829999943,1.2426074865118997,1.400463e-01,7.712160e-01,1.000000e+00,18/45,25.52%,PCSK5;TRIP11;COL13A1;BPNT2;P3H1;CMKLR1;DYM;DDRGK1;SPEF2;POLR2D;CREB3L2;ATP7A;EIF2AK3;SLC10A7;AKAP13;UFD1;TGFBR1;GDF11
prerank,Monoubiquitinated Protein Deubiquitination (GO:0035520),0.41075846999447607,1.2423770769201434,1.622596e-01,7.694387e-01,1.000000e+00,9/32,17.23%,SUPT7L;TAF7;ENY2;ATXN7;TAF6;TRRAP;ATXN7L3;TAF9;TAF5L
prerank,Organic Hydroxy Compound Biosynthetic Process (GO:1901617),0.44041707218471826,1.2417714482331075,1.878941e-01,7.695128e-01,1.000000e+00,4/22,9.36%,OSBPL3;ACOT8;ABCD3;SCP2
prerank,Cellular Response To Cytokine Stimulus (GO:0071345),-0.2513718319184633,-1.2409941845970482,5.882353e-02,5.178682e-01,1.000000e+00,31/159,10.72%,XCL1;XCL2;TCF7;SOCS1;EGR1;IFI16;IL7R;JAK1;GATA3;IL2RB;NFKBIA;PYHIN1;TPR;OXSR1;IL2RG;IL21R;NFE2L2;LGALS9;IFITM2;CHUK;ZC3H12A;INPP5K;PHB1;IRF8;EPRS1;ZFP36L2;PRKACA;ZFP36;IRF1;USP10;IL4R
prerank,Regulation Of Endocytosis (GO:0030100),0.39754184262379316,1.2407041936671928,1.635945e-01,7.714048e-01,1.000000e+00,10/41,10.45%,SNX17;RUBCN;LILRB1;RAB4B;RAB5B;TSC2;SNX12;PICALM;SMPD1;PTPN1
prerank,Positive Regulation Of I-kappaB kinase/NF-kappaB Signaling (GO:0043123),0.3425251303898992,1.2405368797572383,1.210856e-01,7.694597e-01,1.000000e+00,45/130,24.91%,RNF31;TRAF6;TMEM101;FADD;ANKRD17;MUL1;NDFIP1;TRIM38;SLC35B2;UBE2V1;CCDC22;FASLG;FLNA;TNFRSF1A;TMEM106A;TRIM5;TRAF2;PPM1A;PINK1;TBK1;GPR89A;MAVS;IRAK4;ATP2C1;TNIP2;BRD4;IFIT5;IKBKB;F2R;TNF;SLC44A2;CASP1;LITAF;RHOA;DHX36;TRIM25;SLC20A1;SHARPIN;JMJD8;DHX15;TRIM22;TRIM21;AKAP13;APOL2;MTDH
prerank,Regulation Of Transcription Initiation By RNA Polymerase II (GO:0060260),0.3834230047927636,1.240214008455563,1.465909e-01,7.680718e-01,1.000000e+00,18/53,25.70%,MED27;MED1;MED12;TAF7;GTF2A1;CDK4;TAF6;MED7;MED17;MDC1;SRF;TAF9;MED8;DHX36;PCID2;TBP;TAF5;MED21
prerank,Myeloid Cell Development (GO:0061515),0.4857159646882133,1.2394998831774469,2.039216e-01,7.684995e-01,1.000000e+00,10/16,37.55%,NCKAP1L;MED1;FLNA;ALAS1;ANXA2;ATP6AP1;NRROS;CEBPB;GP1BB;SH2B3
prerank,Cellular Response To Mechanical Stimulus (GO:0071260),0.4102710651571855,1.2393318804253823,1.646635e-01,7.665050e-01,1.000000e+00,11/32,23.18%,F11R;FADD;BNIP3;CASP8AP2;TNFRSF1A;MAP2K4;MAP3K2;CASP2;CASP1;FAS;CRADD
prerank,Positive Regulation Of Transcription By RNA Polymerase I (GO:0045943),0.41337980015892734,1.2377912889100902,1.772616e-01,7.702237e-01,1.000000e+00,11/30,25.90%,ERCC6;SIRT7;WDR75;ERBB2;PIH1D1;BAZ1B;DEK;UBTF;EIF2AK3;MTOR;HEATR1
prerank,Cellular Response To Chemical Stress (GO:0062197),0.36318191551903084,1.2373592892590917,1.341463e-01,7.694017e-01,1.000000e+00,23/68,24.30%,SOD2;HTRA2;PYROXD1;STX2;ATP13A2;ERMP1;PIK3CA;SLC25A24;GPX7;SERPINB6;PINK1;SETX;PYCR2;SESN2;HSPA1A;LRRC8D;RBX1;RPTOR;PPIA;FAS;MTOR;PNPT1;TRIM21
prerank,Regulation Of Defense Response To Virus By Host (GO:0050691),0.41911231730130183,1.2369167070286187,1.775362e-01,7.687280e-01,1.000000e+00,10/29,23.62%,TARBP2;LILRB1;MUL1;PARP9;TOMM70;STAT1;MAVS;DHX9;RIGI;TRIM22
prerank,Vacuolar Transport (GO:0007034),0.3945740862630103,1.236396429154612,1.735053e-01,7.683001e-01,1.000000e+00,12/39,19.61%,HGSNAT;VPS8;VTI1B;ATP13A2;VTI1A;VPS37A;ATP6V0D1;CHMP3;IGF2R;HSPA1A;VPS51;VPS13A
prerank,Cellular Response To Oxidative Stress (GO:0034599),0.3531609060375551,1.2362572307996196,1.320132e-01,7.662623e-01,1.000000e+00,21/87,16.10%,SOD2;HTRA2;MAPK9;PYROXD1;STX2;ATP13A2;ERMP1;PEX14;PDK2;SLC25A24;ERCC6L2;PEX2;GPX7;TP53;PINK1;HIF1A;SETX;PYCR2;SESN2;HSPA1A;MPV17
prerank,Positive Regulation Of MAP Kinase Activity (GO:0043406),0.3973731400492349,1.2339963159638623,1.755006e-01,7.737157e-01,1.000000e+00,15/39,27.69%,DVL3;PDGFRB;MAP3K4;TRAF6;ERBB2;PTPN1;TRAF2;TNF;THBS1;MAP2K5;RASGRP1;MAP4K2;MAP2K7;MAP3K13;MAP3K11
prerank,Cortical Actin Cytoskeleton Organization (GO:0030866),0.46974451477566226,1.232945141783575,2.064935e-01,7.756745e-01,1.000000e+00,7/16,20.18%,NCKAP1L;STRIP1;ROCK1;IKBKB;TNF;LLGL2;PLEK
prerank,Regulation Of Protein Serine/Threonine Kinase Activity (GO:0071900),0.35595854407894056,1.232588423276492,1.517467e-01,7.746031e-01,1.000000e+00,22/70,21.51%,HGS;UVRAG;LIME1;TELO2;CDKN2A;CCND2;CDKN1B;IFNG;PIH1D1;CCNH;ETAA1;CCND3;SIRT1;CNPPD1;RPTOR;RHOA;ADRB2;CDK12;CAB39;HERC5;CDK7;CCNK
prerank,Regulation Of Macromolecule Metabolic Process (GO:0060255),0.35136189254123723,1.2314586379694719,1.122995e-01,7.768245e-01,1.000000e+00,30/87,25.01%,SART3;TRIM4;HNRNPD;PSEN1;MTMR4;CIAO3;AFF4;ZFP36L1;UTY;CDK4;ZNF683;HMG20A;MTMR3;TOB1;BMI1;HIF1A;NFKBID;UBAP2;GBA1;ZNF827;TRIM11;ZNF335;EOLA1;HNRNPDL;KHSRP;COQ7;CHD6;FUBP3;CGGBP1;VPS35
prerank,Fc-gamma Receptor Signaling Pathway (GO:0038094),0.4619552890644325,1.2311097000570286,2.023196e-01,7.758373e-01,1.000000e+00,3/18,7.68%,CD247;FCGR3A;MYO1G
prerank,Negative Regulation Of Protein Phosphorylation (GO:0001933),-0.2555116180130896,-1.229985802456058,6.024096e-02,5.421565e-01,1.000000e+00,24/89,14.91%,NCK2;TRIB2;CALM3;PDE4D;MYADM;DNAJC3;GNAQ;TESK1;ZC3H12A;INPP5K;DTNBP1;NIBAN1;EIF4G1;TERF2IP;PMEPA1;SIRT2;DGKQ;YWHAG;ATG14;AKT1;LDLRAD4;DMTN;NCK1;PTPRC
prerank,Positive Regulation Of Response To Endoplasmic Reticulum Stress (GO:1905898),-0.38083036450114466,-1.2298557947413458,1.782609e-01,5.372447e-01,1.000000e+00,3/16,3.62%,PIK3R1;NCK2;PMAIP1
prerank,DNA Repair (GO:0006281),0.3224893990081899,1.2288409977798795,6.250000e-02,7.834238e-01,1.000000e+00,91/242,32.70%,RNF169;ASCC3;FANCA;ASCC1;ERCC6;TEX264;RFC2;UVRAG;XRCC1;ERCC5;MTA1;PARP9;HUS1;FAAP20;UBE2V1;RNF8;EP400;ACTR8;RAD51C;DDB2;HLTF;TRRAP;PMS2;DCLRE1C;ERCC6L2;ERCC4;KMT5C;RFWD3;RFC4;NUCKS1;SMARCAL1;RAD17;RAD23B;TOPBP1;TP53;MEN1;RPA2;COMMD1;INO80;MRPL36;MBD4;RNASEH2B;SETX;NHEJ1;GTF2H3;GTF2H5;MPND;SIRT6;MGMT;SIRT1;INTS3;USP3;RAD50;NSD2;ATR;GTF2H4;ERCC3;LIG1;FANCF;VCP;MPG;TDP2;NABP2;ZNF668;POLL;XRCC5;ERCC8;FANCG;MACROH2A1;ERCC1;MC1R;KAT5;REXO4;APTX;SMUG1;MGME1;XRCC6;ATXN3;MMS19;TDG;PPP5C;SPRTN;FEN1;FAAP100;EID3;UBE2V2;DCLRE1A;RRM1;RAD18;MLH1;MUTYH
prerank,Regulation Of Transcription Elongation By RNA Polymerase II (GO:0034243),0.35874971787795296,1.2279197828398603,1.569704e-01,7.846830e-01,1.000000e+00,23/74,21.70%,MED27;MED1;SUPT4H1;INTS10;CDK13;NELFA;LEO1;RNF8;INTS12;SRCAP;NCBP2;MED7;MED17;INTS9;INTS14;SIRT6;INTS11;INTS3;MED8;INTS2;CDK12;CCNK;TCERG1
prerank,Positive Regulation Of Cell Division (GO:0051781),-0.3909109724969377,-1.227185588636887,1.848341e-01,5.394222e-01,1.000000e+00,5/16,15.82%,CDC42;SIRT2;GIPC1;SVIL;CDC14A
prerank,Regulation Of Proteolysis Involved In Protein Catabolic Process (GO:1903050),-0.3588781870138045,-1.226792213548174,1.906977e-01,5.353574e-01,1.000000e+00,7/21,9.18%,UBB;NUB1;EPHA4;LATS1;NUDT15;TMF1;PRKACA
prerank,Endosome Organization (GO:0007032),0.39214996039204614,1.2265175642995585,1.785311e-01,7.879863e-01,1.000000e+00,16/41,25.57%,VPS11;PLEKHA3;ATP6V1A;WASHC5;EEA1;HOOK2;ATP6V1D;TMEM9;RAB22A;DNAJC13;VPS18;ALS2;ARFGEF2;PI4K2B;RNF26;ATP6AP1
prerank,miRNA-mediated Gene Silencing (GO:0035195),0.4345274536566391,1.2252004246121047,1.795511e-01,7.912130e-01,1.000000e+00,9/23,21.14%,MOV10;CNOT8;CNOT7;RBM4;NCBP2;LIMD1;EIF4ENIF1;AGO4;CNOT6
prerank,tRNA Aminoacylation For Protein Translation (GO:0006418),0.39888969254014045,1.2245487915620867,1.898428e-01,7.912913e-01,1.000000e+00,10/34,23.42%,RARS2;CARS1;FARSA;GARS1;FARS2;RARS1;HARS1;HARS2;SARS1;IARS2
prerank,Positive Regulation Of miRNA Metabolic Process (GO:2000630),0.418952705250037,1.224444189047484,1.990111e-01,7.890930e-01,1.000000e+00,8/28,17.59%,STAT3;MRTFA;GNL3;ZSWIM8;TP53;HIF1A;SRF;TNF
prerank,Protein Targeting To Vacuole (GO:0006623),0.4171433276219296,1.2237259714194648,2.087379e-01,7.896391e-01,1.000000e+00,9/30,20.65%,HGS;NAGPA;VPS8;PIK3C3;LAPTM5;VPS37A;AP3M1;VPS13A;AP4M1
prerank,Positive Regulation Of Response To External Stimulus (GO:0032103),0.35041996506626055,1.223407922392216,1.423948e-01,7.883458e-01,1.000000e+00,20/78,19.02%,S100A9;S100A8;RNF31;PDGFRB;GBP5;FADD;POLR3C;NKG7;MAPK13;TNFRSF1A;CYBA;IFNG;ADAM8;USF1;DHX9;TNF;THBS1;GSDMD;CASP1;TNIP1
prerank,Endocytic Recycling (GO:0032456),0.3786364928047858,1.223328211923274,1.528090e-01,7.860318e-01,1.000000e+00,22/52,29.96%,HGS;SNX17;EHD1;RAB35;CCDC22;VTI1A;SNX12;EPS15;ANKRD27;STX6;EIPR1;CCDC93;VPS51;VPS39;CMTM6;STX12;STX16;VPS35;ATP6AP1;PTPN23;VPS35L;VAMP4
prerank,Regulation Of Protein Tyrosine Kinase Activity (GO:0061097),-0.3772408056324382,-1.223162027989954,1.822034e-01,5.404423e-01,1.000000e+00,6/17,14.91%,NCK2;EPHA4;RAP2C;UNC119;NEDD9;PTPRC
prerank,ncRNA Processing (GO:0034470),0.3483092488156861,1.222989829308408,1.431647e-01,7.848780e-01,1.000000e+00,33/80,29.41%,NOL8;PES1;INTS10;INTS12;DDX49;DCAF13;TSEN34;RPP21;EMG1;FARS2;NOLC1;RRP7A;PIH1D1;ESF1;WDR18;NOC4L;EBNA1BP2;INTS9;PELP1;INTS14;INTS11;INTS3;INTS2;SPPL2B;MRM2;INTS13;NOP14;TSEN54;POP7;XRN2;PIN4;INTS1;RRP9
prerank,Transforming Growth Factor Beta Receptor Signaling Pathway (GO:0007179),0.38775169928437825,1.2227164640343102,1.711292e-01,7.834263e-01,1.000000e+00,17/40,31.59%,STAT3;USP9Y;GARS1;SMAD4;ITGB1;SIRT1;ZYX;SMAD5;TGFBRAP1;BMPR1A;ZMIZ2;HPGD;TGFBR1;NRROS;SMAD2;JUN;TWSG1
prerank,Regulation Of Spindle Organization (GO:0090224),0.47288969387396046,1.222266917280634,1.949602e-01,7.826864e-01,1.000000e+00,7/16,28.27%,SENP6;FSD1;CLTC;RAE1;RNF4;DYNC1H1;DCTN1
prerank,Regulation Of Early Endosome To Late Endosome Transport (GO:2000641),0.465848722012739,1.2220662658751358,2.153048e-01,7.809696e-01,1.000000e+00,8/17,31.80%,VPS11;SNX12;NF2;EZR;DNAJC13;RDX;PTPN23;MAPK3
prerank,Defense Response To Gram-positive Bacterium (GO:0050830),-0.34459116615171426,-1.2220258495140675,1.747573e-01,5.384521e-01,1.000000e+00,5/23,5.96%,HLA-A;H2BC12;ROMO1;CASP4;HMGB2
prerank,Negative Regulation Of Plasma Membrane Bounded Cell Projection Assembly (GO:0120033),0.46885176167928183,1.2212396414899915,2.180157e-01,7.819003e-01,1.000000e+00,5/17,15.48%,CDK10;TCHP;TBC1D7;CAPZB;UXT
prerank,Oxidative Phosphorylation (GO:0006119),-0.2765733529365116,-1.220922016648421,6.000000e-02,5.365706e-01,1.000000e+00,20/60,17.34%,NDUFB9;NDUFB11;NDUFA1;ATP5ME;NDUFB6;NDUFS8;NDUFS3;NDUFC2;SDHB;NDUFB1;TEFM;SDHD;NDUFS6;NDUFB8;NDUFB7;NDUFA3;NDUFA7;ATP5F1C;NDUFA13;ATP5MG
prerank,Inositol Phosphate Metabolic Process (GO:0043647),-0.3724009955921968,-1.2202798426572647,1.949153e-01,5.336430e-01,1.000000e+00,5/18,6.83%,NUDT4;NUDT11;INPP5A;PPIP5K2;IP6K2
prerank,Organonitrogen Compound Catabolic Process (GO:1901565),0.3806323146464038,1.220130298284039,1.681514e-01,7.843447e-01,1.000000e+00,23/48,37.49%,HTRA2;DENND3;GGACT;LNPEP;AMDHD2;GNPDA1;NPEPPS;TRIM24;SGPL1;SMPD2;MTOR;SLC16A3;TPP1;RIDA;LTA4H;CLN8;NAALADL1;PPT1;USE1;LRSAM1;CASP7;RIPK1;ERAP1
prerank,Regulation Of calcineurin-NFAT Signaling Cascade (GO:0070884),0.440151956132217,1.2199093887080215,2.136422e-01,7.828111e-01,1.000000e+00,10/20,28.16%,AKAP5;PPP3CC;PPP3CB;SPPL3;TNF;DYRK2;GSK3B;CHERP;CHP1;ATP2B4
prerank,Regulation Of DNA Strand Elongation (GO:0060382),0.4689842984275907,1.2198824652576399,1.935065e-01,7.803979e-01,1.000000e+00,8/16,22.84%,INO80D;ACTR8;NUCKS1;INO80;INO80C;RUVBL1;RUVBL2;INO80B
prerank,Regulation Of RNA Metabolic Process (GO:0051252),0.3539810924363371,1.2188791281573865,1.506696e-01,7.821867e-01,1.000000e+00,19/74,17.95%,SUPT7L;TARBP2;MED1;CLK2;ENY2;MBNL2;ATXN7;OASL;TRRAP;PTBP3;RC3H1;AHNAK;ATXN7L3;METTL18;TAF9;HNRNPH2;TNFRSF1B;TAF5L;ZNF326
prerank,Regulation Of Cellular Component Size (GO:0032535),0.3971408480600388,1.2188471774132388,1.886792e-01,7.797819e-01,1.000000e+00,16/37,24.98%,BLOC1S1;ATP13A2;PEX11B;BORCS8;PICALM;PPP1CA;BORCS6;EZR;ARHGAP35;RAB22A;RPTOR;KXD1;BORCS5;MTOR;RDX;RARG
prerank,Regulation Of Mitotic Cell Cycle (GO:0007346),-0.26062260144490096,-1.2161383867761688,1.358025e-01,5.398648e-01,1.000000e+00,12/85,4.64%,PIM3;MKI67;CYLD;ANAPC11;CDK11A;YWHAE;CKS1B;PIN1;DYNLT3;BRD7;PIM2;XPC
prerank,Regulation Of Stress-Activated MAPK Cascade (GO:0032872),0.40179732532036283,1.2154492670230552,2.007126e-01,7.917722e-01,1.000000e+00,5/33,6.26%,RAP2A;ARL6IP5;TAOK1;NBR1;COPS5
prerank,Inositol Lipid-Mediated Signaling (GO:0048017),0.4584006506696089,1.2152515011575384,2.031250e-01,7.899828e-01,1.000000e+00,7/17,18.20%,PDGFRB;PIK3C3;PLCG1;PLCB2;PLCD1;EZR;PITPNM2
prerank,Cellular Response To Radiation (GO:0071478),0.42044464391260156,1.2147369998596353,2.029888e-01,7.896907e-01,1.000000e+00,8/25,16.26%,MAPK14;HUS1;ERCC4;TP53;INO80;SPIDR;SWI5;SIRT1
prerank,Monocarboxylic Acid Biosynthetic Process (GO:0072330),0.4060018411236032,1.2136594393747848,1.973841e-01,7.921171e-01,1.000000e+00,7/32,17.09%,OSBPL3;CHST12;ACOT8;ABCD3;SCP2;MLYCD;ACSF3
prerank,Response To Estrogen (GO:0043627),0.44630247460658207,1.2136400108351906,2.176697e-01,7.896861e-01,1.000000e+00,8/18,24.83%,ASH2L;SERPINB9;CITED2;PELP1;TRIM24;KMT2D;TRIM25;BCAS3
prerank,Negative Regulation Of Organelle Assembly (GO:1902116),0.4054362672681644,1.213059255719627,1.988024e-01,7.896421e-01,1.000000e+00,8/30,12.88%,CDK10;TCHP;TBC1D7;TRIM37;SMAD4;RBM14;PINK1;FEZ1
prerank,Muscle Cell Differentiation (GO:0042692),0.45739733449623843,1.2127640423217394,2.282322e-01,7.884609e-01,1.000000e+00,5/16,23.49%,MRTFA;KDM1A;HDGFL2;CHRNB1;MTLN
prerank,Cellular Response To Topologically Incorrect Protein (GO:0035967),0.45664795798611124,1.212741311857833,2.210526e-01,7.861087e-01,1.000000e+00,6/17,18.63%,TMBIM6;TM7SF3;HDAC6;PTPN1;HSPA1A;DNAJB12
prerank,Protein Localization To Cell Periphery (GO:1990778),0.34873151974122674,1.2101699293406831,1.575563e-01,7.945998e-01,1.000000e+00,26/83,21.49%,RAP2A;F11R;EHD1;PTCH1;BSG;PPIL2;RAB10;TSPAN14;SEC16A;FLNA;TNFRSF1A;EFR3A;DENND4C;ROCK1;PACS1;C2CD5;HYCC2;EZR;IKBKB;TNF;TNIK;LRPAP1;AP4M1;PDZD11;FCHO2;RAB11A
prerank,Chromosome Condensation (GO:0030261),-0.3681587766592738,-1.2085695557311276,1.954545e-01,5.562832e-01,1.000000e+00,7/19,14.56%,H1-3;H1-4;H1-2;TTN;NUSAP1;SMC4;H1-5
prerank,Chordate Embryonic Development (GO:0043009),0.4279145222397968,1.2085344715484256,2.070263e-01,7.992573e-01,1.000000e+00,9/24,31.70%,PCSK5;PTCH1;WDPCP;ZNF568;POLR2D;TGFBR1;CHD7;FGFR1;PKD1
prerank,Fatty Acid Metabolic Process (GO:0006631),0.36067311931247237,1.2082048008908433,1.701657e-01,7.981605e-01,1.000000e+00,20/66,23.90%,ACAD9;ACOT8;PHYH;ACOT4;ABCD3;ACAA1;AOAH;PCCB;PEX2;CES1;MLYCD;GNPAT;SGPL1;ACSF3;ACADSB;SLC27A3;ACSL5;ACSL4;PCCA;HPGD
prerank,RNA Splicing (GO:0008380),-0.24789423809058203,-1.2066624936850336,6.493506e-02,5.567946e-01,1.000000e+00,26/92,14.44%,SRRM1;U2AF1;MAGOH;PPP2CA;SNRPD1;TRA2B;SRSF2;PPP1R9B;LSM4;PRPF18;SRSF10;SNRPF;SRSF7;SNRPD2;RP9;RNPS1;SNRNP25;SF3B2;RNPC3;RNF113A;SLU7;PPIG;SNRNP40;SNRPG;ZRSR2;SF3B1
prerank,Regulation Of mRNA Stability (GO:0043488),-0.2786675731845446,-1.206431892075903,1.188119e-01,5.525545e-01,1.000000e+00,18/60,13.38%,FASTKD5;TENT5C;CARHSP1;PUM2;YTHDF3;NPM1;RBM38;CIRBP;PABPC1;APEX1;ZFP36L2;YTHDF2;ZFP36;PRKCA;FASTKD3;NOCT;ELAVL1;FXR1
prerank,Response To Interferon-Beta (GO:0035456),-0.33778826510731774,-1.2059087962711035,1.625616e-01,5.491836e-01,1.000000e+00,7/22,11.40%,IFI16;PYHIN1;IFITM3;IFITM2;IRF1;SHFL;OAS1
prerank,Negative Regulation Of Blood Vessel Morphogenesis (GO:2000181),0.40560544976270324,1.2056719565832954,2.040573e-01,8.068158e-01,1.000000e+00,14/30,30.02%,HGS;MECP2;PTPRM;FASLG;PDE3B;STAT1;ROCK1;THBS1;SARS1;AGO1;SYNJ2BP;NAXE;ATP2B4;GTF2I
prerank,Negative Regulation Of Intracellular Steroid Hormone Receptor Signaling Pathway (GO:0033144),0.43600630928579975,1.205578286484836,2.260870e-01,8.046939e-01,1.000000e+00,7/22,23.76%,PIAS2;ZBTB7A;VPS11;NCOR1;SIRT1;VPS18;CRY1
prerank,Regulation Of Embryonic Development (GO:0045995),0.374165443800937,1.2044452817008258,1.802326e-01,8.071007e-01,1.000000e+00,16/47,22.84%,RBM19;NR2C2;WDR5;INO80D;ACTR8;WDPCP;INO80;POGLUT1;INO80C;RUVBL1;DHX36;DR1;RUVBL2;NPHP3;YEATS2;INO80B
prerank,Glycosaminoglycan Biosynthetic Process (GO:0006024),-0.2879918056419478,-1.204194104724834,1.554054e-01,5.493494e-01,1.000000e+00,9/36,9.61%,B3GNT7;CHST7;CHSY1;B4GALT4;SLC35D2;B3GNT2;CSGALNACT2;UGDH;UST
prerank,Regulation Of Catabolic Process (GO:0009894),0.44799912218412724,1.2036519557380376,2.343750e-01,8.079980e-01,1.000000e+00,11/19,31.89%,HGS;ODC1;CENATAC;ITGB1;SIRT6;TMEM9;CHMP6;UBE3A;ZDHHC7;ZDHHC2;PTK2B
prerank,Generation Of Neurons (GO:0048699),-0.2838555238056023,-1.20287247829182,1.363636e-01,5.479054e-01,1.000000e+00,8/51,4.69%,ITM2C;RUNX2;DDIT4;IER2;PIN1;CFLAR;DTNB;CDK5
prerank,Regulation Of Intracellular Protein Transport (GO:0033157),0.39587957955175884,1.2026048867763142,2.203791e-01,8.101258e-01,1.000000e+00,14/33,28.09%,MBD1;SIRT7;ATP13A2;CEP290;PTPN1;UHMK1;PCNT;VAMP2;GSK3B;RAB29;FRAT2;BCAS3;ERGIC3;RUFY3
prerank,Amide Biosynthetic Process (GO:0043604),0.40918851588653865,1.200661322751488,2.153465e-01,8.160727e-01,1.000000e+00,12/27,29.51%,PCSK5;CERS5;SPTLC1;SMPD4;SMPD1;GBA1;CERS2;SMPD2;CLN8;SPTLC2;SGMS1;GLUD1
prerank,Regulation Of Myoblast Differentiation (GO:0045661),0.3928845916096195,1.2004948555256139,2.247596e-01,8.143166e-01,1.000000e+00,6/33,9.09%,MAPK14;LRRC8A;PHF10;ZFP36L1;SMARCC2;SMARCA2
prerank,Negative Regulation Of MAPK Cascade (GO:0043409),-0.2680407316576474,-1.1999524122149223,1.142857e-01,5.509889e-01,1.000000e+00,15/60,14.91%,DUSP2;RGS2;PEBP1;PIN1;EPHA4;SPRY1;INPP5K;PHB1;DUSP4;PTPN2;DUSP6;PIK3CB;IGF1R;CD300A;PTPRC
prerank,mRNA Splice Site Recognition (GO:0006376),-0.34702096470524174,-1.1981881427649095,1.935484e-01,5.511133e-01,1.000000e+00,6/22,7.66%,SRSF5;SRSF9;SF3A1;SRSF6;SRSF10;PRPF39
prerank,Positive Regulation Of Interferon-Alpha Production (GO:0032727),0.4584072062670888,1.196666512094661,2.442159e-01,8.289570e-01,1.000000e+00,9/16,26.88%,NMB;TBK1;STAT1;MAVS;DHX9;IRF3;DHX36;RIGI;IRF7
prerank,Positive Regulation Of Endopeptidase Activity (GO:0010950),0.46123943389625066,1.195213775012004,2.377717e-01,8.327643e-01,1.000000e+00,4/16,14.06%,STAT3;PSME3;PICALM;PRELID1
prerank,Receptor Signaling Pathway Via STAT (GO:0097696),0.4350240736459769,1.19507961284833,2.271574e-01,8.308741e-01,1.000000e+00,13/20,35.90%,STAT3;STAT5A;IFNG;PIAS1;STAT1;STAT5B;STAT4;STAT6;TYK2;IFNAR2;PKD1;CTR9;IFNAR1
prerank,Regulation Of DNA Recombination (GO:0000018),-0.30500807795595086,-1.194430718231556,1.893491e-01,5.570005e-01,1.000000e+00,11/30,16.42%,IL7R;H1-3;H1-4;RTEL1;H1-2;TERF2IP;BLM;SETD2;MSH2;H1-5;KPNA2
prerank,Regulation Of Smooth Muscle Cell Proliferation (GO:0048660),0.418317491983412,1.1943574079090011,2.368421e-01,8.315419e-01,1.000000e+00,11/26,28.79%,PDGFRB;BMPR2;IFNG;MFN2;STAT1;TNF;THBS1;XRCC5;RBPMS2;XRCC6;CCL5
prerank,Positive Regulation Of Myoblast Differentiation (GO:0045663),0.41045730336643277,1.1937933084693872,2.286774e-01,8.315215e-01,1.000000e+00,5/26,9.09%,MAPK14;LRRC8A;PHF10;SMARCC2;SMARCA2
prerank,Regulation Of Cell Cycle G1/S Phase Transition (GO:1902806),0.36103365700924583,1.1925348228285622,2.035398e-01,8.345116e-01,1.000000e+00,13/54,14.46%,PSME3;PHF10;SMARCC2;TRIM39;CDKN2A;SMARCA2;CDKN1B;PEX2;CCNH;DDRGK1;MLF1;INO80;PAGR1
prerank,Regulation Of Vasculature Development (GO:1901342),0.4537310994007311,1.192127429653415,2.619974e-01,8.336337e-01,1.000000e+00,12/16,48.27%,NF1;ERBB2;SP100;PLXND1;HTATIP2;PIK3CG;RNH1;KRIT1;CTNNB1;CCM2;EGLN1;PDCD10
prerank,Regulation Of Protein Catabolic Process (GO:0042176),0.34164596403142056,1.1919791478863817,1.811280e-01,8.318364e-01,1.000000e+00,22/90,21.53%,AGAP2;HGS;PSME3;VPS11;CSNK2A1;RGP1;ODC1;CENATAC;ATP13A2;SNX12;FLNA;TNFSF12;CDKN1B;PINK1;EZR;TMEM9;RBX1;TNF;CHMP6;GSK3B;VCP;GSK3A
prerank,Monoatomic Anion Transmembrane Transport (GO:0098656),0.45932416860241904,1.1915028523928761,2.386667e-01,8.314801e-01,1.000000e+00,9/16,37.97%,SLC1A7;LRRC8A;LRRC8D;SLC12A2;ANO6;SLC12A6;APOL1;SLC5A6;ANO10
prerank,DNA Repair-Dependent Chromatin Remodeling (GO:0140861),0.46128886262480945,1.1914810952394754,2.354571e-01,8.291370e-01,1.000000e+00,10/15,37.89%,RNF8;SIRT7;KDM1A;USP3;HDGFL2;KAT5;ASF1A;TRIP12;RNF168;HPF1
prerank,Spliceosomal Complex Assembly (GO:0000245),-0.2737137635366164,-1.191231779326651,1.214953e-01,5.611825e-01,1.000000e+00,18/55,17.48%,SRSF5;SF3B6;SNRPD1;SRSF9;SNRPB2;SF3A1;SRSF6;SRSF10;SNRPF;SNRPD2;SF3B2;PHF5A;SNRPG;ZRSR2;SF3B1;YTHDC1;RBM5;DDX46
prerank,Intracellular Iron Ion Homeostasis (GO:0006879),0.3898564436130615,1.1908919600540255,2.398082e-01,8.293657e-01,1.000000e+00,16/34,28.52%,BOLA2;ATP6V1A;ATP6V0A2;NDFIP1;ATP13A2;SOD1;SMAD4;PICALM;ATP6V0D1;ISCU;IREB2;NUBP1;ATP6AP1;TFR2;GLRX3;FBXL5
prerank,Vesicle Budding From Membrane (GO:0006900),-0.31988371521681136,-1.1892464369578926,1.818182e-01,5.623213e-01,1.000000e+00,5/28,3.93%,TMED10;TRAPPC10;TRAPPC2L;CHMP4A;TRAPPC2
prerank,Regulation Of I-kappaB kinase/NF-kappaB Signaling (GO:0043122),0.32140573588849974,1.1883137843947602,1.274210e-01,8.382020e-01,1.000000e+00,56/177,24.91%,RNF31;TRAF6;TMEM101;FADD;TRIM59;ANKRD17;MUL1;NDFIP1;TRIM38;SLC35B2;UBE2V1;TRIM39;LIME1;CCDC22;FASLG;FLNA;TNFRSF1A;TMEM106A;TRIM5;TRAF2;PPM1A;PINK1;TBK1;GPR89A;STAT1;MAVS;IRAK4;SPHK2;ATP2C1;SIRT1;TNIP2;BRD4;IFIT5;IKBKB;F2R;TNF;SLC44A2;CASP1;TNIP1;LITAF;RHOA;DHX36;TRIM25;SLC20A1;SHARPIN;CACTIN;JMJD8;DHX15;TRIM22;TLE1;TRIM21;NLRC3;AKAP13;ZFAND6;APOL2;MTDH
prerank,Organelle Membrane Fusion (GO:0090174),0.42557986530653,1.1873746096374203,2.311496e-01,8.399930e-01,1.000000e+00,10/21,29.20%,STX7;EEA1;VAMP8;VAMP2;STX6;STX12;STX16;GOSR2;SYT11;GOSR1
prerank,Regulation Of Intracellular Signal Transduction (GO:1902531),0.31831807950760443,1.1868864909814323,1.246201e-01,8.396015e-01,1.000000e+00,49/178,24.50%,AKAP5;DAPK2;STK4;TRAF6;SLA;RRAGC;RALBP1;CMKLR1;HIPK2;CRK;MYO9A;TP53RK;UBE2V1;NUAK1;PIP4P1;ARHGEF3;ARHGAP30;LIME1;TELO2;PLEKHG3;MLF1;ARHGAP18;STK11;ARAF;NF2;GBA1;SPHK2;EZR;ARHGAP35;TMEM127;TNF;AKAP7;MAP2K6;ARHGEF2;ARHGAP8;DYRK2;TNIK;WDR54;ARHGAP19;DOCK8;GBP1;RRAGB;SH3BP1;PAK6;ARHGAP1;KAT6A;MTOR;AKAP13;ZFAND6
prerank,MAPK Cascade (GO:0000165),0.3486658625380334,1.1848792904326082,2.205240e-01,8.459097e-01,1.000000e+00,30/65,34.91%,MAP3K4;MAPK14;RCE1;ZFP36L1;NF1;MAPK13;MAP2K4;MEN1;KRAS;SETX;RBX1;IKBKB;TNF;MAP2K6;TNIK;MAP2K5;MEF2A;BRAF;MAP2K7;MAP3K13;DUSP5;MAP3K11;CCL5;PPP5C;TAOK2;FGFR1;MAPK3;MAPK8;ITGAV;HSF1
prerank,Organelle Disassembly (GO:1903008),0.3694292697121053,1.1846032274255,2.130584e-01,8.446686e-01,1.000000e+00,20/46,31.57%,ASCC3;TEX264;DENR;HDAC6;RRP7A;DDRGK1;GBF1;PNPLA2;TRIP4;MRRF;VCP;ATG2B;PLIN3;RETREG3;PLAAT3;KAT5;MCTS1;KIF9;MTIF2;VRK1
prerank,Signal Transduction By P53 Class Mediator (GO:0072331),0.4078477431038849,1.1829590023078835,2.500000e-01,8.494874e-01,1.000000e+00,7/26,14.91%,NDRG1;MYO6;RRP8;PDK2;TP53;STK11;SESN2
prerank,Protein Localization To Plasma Membrane (GO:0072659),0.3448851807987061,1.1829429973903656,1.969532e-01,8.470921e-01,1.000000e+00,24/78,21.49%,RAP2A;F11R;EHD1;PTCH1;BSG;PPIL2;RAB10;TSPAN14;SEC16A;FLNA;TNFRSF1A;EFR3A;DENND4C;ROCK1;PACS1;C2CD5;HYCC2;EZR;IKBKB;TNF;TNIK;LRPAP1;FCHO2;RAB11A
prerank,Positive Regulation Of Protein Serine/Threonine Kinase Activity (GO:0071902),0.3594202748713306,1.1828614217731501,2.169492e-01,8.449602e-01,1.000000e+00,19/56,23.37%,PDGFRB;TELO2;ERBB2;CCND2;IFNG;PIH1D1;ADAM8;ETAA1;CCND3;SIRT1;TNF;THBS1;RPTOR;RHOA;ADRB2;CAB39;MAP2K5;CCNY;RASGRP1
prerank,intra-Golgi Vesicle-Mediated Transport (GO:0006891),0.4016518339482107,1.1807904057696037,2.377451e-01,8.515790e-01,1.000000e+00,16/30,32.27%,COG4;VTI1B;COPZ2;VTI1A;COPA;COG5;COG2;RAB6A;COPB2;COPG1;GOSR2;COG3;COG7;GOSR1;COPB1;GOLGA5
prerank,Cellular Response To Virus (GO:0098586),-0.31018788887019827,-1.1806398382649481,1.623037e-01,5.814254e-01,1.000000e+00,12/32,15.53%,JAK1;IFNGR1;IFI6;LGALS9;LGALS8;CHUK;ZC3H12A;IFNL1;OAS1;DDX3X;RIOK3;IFNLR1
prerank,Negative Regulation Of Small Molecule Metabolic Process (GO:0062014),0.4486739909260258,1.180382937567154,2.480620e-01,8.508924e-01,1.000000e+00,8/17,31.83%,CLK2;SIRT6;NCOR1;TIGAR;GSK3A;CRY1;HDAC4;PPARA
prerank,Positive Regulation Of Response To Stimulus (GO:0048584),0.36139036583703055,1.1803072986697223,2.220957e-01,8.487518e-01,1.000000e+00,19/51,24.81%,ERCC6;EXTL3;WRAP53;RNF8;INO80D;ACTR8;INO80;MAVS;TAF9;DHX9;SIRT1;CCDC117;INO80C;RUVBL1;TIGAR;RUVBL2;RIGI;INO80B;ILK
prerank,Telomere Organization (GO:0032200),0.35897578385487827,1.179921028300051,2.031603e-01,8.480129e-01,1.000000e+00,21/54,24.54%,HUS1;EZH1;INO80D;ACTR8;DCLRE1C;ERCC4;RPA2;INO80;CTC1;ZNF827;SIRT6;SP100;TINF2;TERF2;INO80C;RAD50;RUVBL1;ATR;RUVBL2;INO80B;XRCC5
prerank,Regulation Of Interleukin-6 Production (GO:0032675),0.35381995592360554,1.1797696385056757,2.107023e-01,8.462483e-01,1.000000e+00,20/56,24.34%,STAT3;NCKAP1L;ELF4;NMB;MAPK13;CYBA;IFNG;TMEM106A;ARRB1;MAVS;GBA1;SPHK2;DHX9;F2R;TNF;ARHGEF2;EOLA1;RIGI;SETD4;NLRC3
prerank,Regulation Of Gluconeogenesis (GO:0006111),0.41627043133067965,1.1794499270205676,2.295082e-01,8.453072e-01,1.000000e+00,6/21,16.26%,ZNF692;CLK2;SIRT7;PDK2;SIRT6;SIRT1
prerank,Cognition (GO:0050890),0.4256547491708353,1.178322782022134,2.496766e-01,8.476879e-01,1.000000e+00,8/20,30.40%,NF1;LINS1;NSUN5;ST3GAL4;TNF;DOP1B;BBS4;CHD7
prerank,Establishment Of Protein Localization To Membrane (GO:0090150),0.36831896822034993,1.1766371962460305,2.157773e-01,8.526304e-01,1.000000e+00,21/42,34.25%,RAB10;ZDHHC12;ZDHHC6;ZDHHC4;VPS37A;ZDHHC21;NACA;ZDHHC24;RAB11A;YIF1B;RTP4;BRAF;ZDHHC20;RDX;ICMT;ZDHHC7;ZDHHC2;TAOK2;MICALL1;NPC1;RABGEF1
prerank,Positive Regulation Of Developmental Process (GO:0051094),0.3213270223903314,1.1765013081080413,1.697917e-01,8.507457e-01,1.000000e+00,30/132,19.62%,DVL3;BICRAL;RBM19;NR2C2;ARHGEF7;BNIP3;BMPR2;PSEN1;MUL1;RALBP1;PHF10;SMURF2;SMARCC2;SMARCA2;MARCHF5;ZDHHC6;KMT5C;RTN4;PINK1;SS18;SRF;ARID4B;SIRT6;SIRT1;TRAPPC13;DDHD1;NCOA3;TNF;RREB1;GSK3B
prerank,Protein K63-linked Deubiquitination (GO:0070536),-0.3184403577077432,-1.1764460402923091,2.331606e-01,5.883691e-01,1.000000e+00,8/25,19.48%,CYLD;USP33;BABAM1;USP25;OTUD5;YOD1;TNFAIP3;UIMC1
prerank,Plasma Membrane Bounded Cell Projection Assembly (GO:0120031),0.3165999101685327,1.1763812210786877,1.466942e-01,8.489112e-01,1.000000e+00,58/165,29.33%,C2CD3;RAP2A;MBD1;ARHGEF7;EHD1;CEP164;TMEM216;CPLANE1;RPGR;KIF3A;HDAC6;TOGARAM1;CEP290;NUDCD3;CCDC65;FLNA;WDPCP;KIF3B;PCNT;CILK1;DYNC2I1;ATP6V0D1;ITGB1;IFT88;NEK1;NME8;MTSS1;ARL13B;RAP1B;GBF1;ATP6V1D;ACTR3;CFAP298;EZR;BBIP1;TTBK2;TNIK;WDR54;IFT172;EMP3;IFT20;CEP162;BBS2;POC1B;NPHP3;CEP126;TMEM250;ACTR2;TTC21B;RAP2B;DYNLT2B;SPAG16;GOLPH3;OPHN1;PTPN23;ANO6;SSX2IP;IFT57
prerank,Protein Export From Nucleus (GO:0006611),0.4147963223037967,1.1761728644175893,2.496863e-01,8.474236e-01,1.000000e+00,12/25,31.70%,XPO6;STYX;STRADA;CSE1L;NUP214;XPO4;XPO7;RANBP3;CHP1;XPO5;DUSP16;PKD1
prerank,Extrinsic Apoptotic Signaling Pathway (GO:0097191),0.35862901471062403,1.1761102538665473,2.118172e-01,8.453647e-01,1.000000e+00,17/54,23.18%,FADD;BCL2L1;FASLG;CASP8AP2;TNFSF12;TNFRSF1A;IFNG;MLLT11;TNFRSF1B;CASP2;TNF;GSK3B;DELE1;DEDD;GSK3A;FAS;CRADD
prerank,Positive Regulation Of Phosphorylation (GO:0042327),0.32640882271141797,1.175473177489072,1.770285e-01,8.458252e-01,1.000000e+00,27/112,19.09%,DVL3;RAP2A;PDGFRB;STK4;NCKAP1L;NPTN;PSEN1;RALBP1;MOB2;ERBB2;CCND2;WDFY2;ARRB1;PIK3R3;PINK1;MAVS;KRAS;AKTIP;CCND3;SIRT1;FNIP1;TNF;THBS1;RAD50;TNIK;PPIA;DSTYK
prerank,Translation (GO:0006412),-0.23030305127470366,-1.1742545480296323,2.941176e-02,5.902633e-01,1.000000e+00,24/145,9.11%,HBS1L;MRPL55;EEF1G;EEF1B2;MRPL44;MRPL54;MRPL22;MRPL33;MRPL1;MRPS31;ZC3H15;AURKAIP1;MRPL53;LARS1;MRPL47;MRPL14;DRG2;MRPL9;RWDD1;ABCF1;ETF1;EPRS1;NARS1;EIF4G1
prerank,Positive Regulation Of Cell Projection Organization (GO:0031346),0.35915630954280237,1.1742079917150565,2.232451e-01,8.489876e-01,1.000000e+00,17/50,31.89%,S100A9;CBFA2T2;DVL3;NPTN;P3H1;CAPRIN2;NRDC;SETX;ARHGAP35;PLXND1;CAMK1D;RETREG3;MAP3K13;METRN;KIDINS220;SERPINI1;PTK2B
prerank,Skeletal System Morphogenesis (GO:0048705),0.4483837564738148,1.174024332270701,2.634409e-01,8.474330e-01,1.000000e+00,8/16,36.24%,ATG9A;DYNC2I1;HOXB4;SPEF2;TGFBR1;HOXA9;FGFR1;HOXC4
prerank,Positive Regulation Of GTPase Activity (GO:0043547),0.32437611844739345,1.1736175145138907,1.680498e-01,8.468102e-01,1.000000e+00,25/124,13.62%,AGAP2;AGAP1;TBC1D25;DVL3;TBC1D14;RASGEF1A;TBC1D10B;ARHGEF7;RGS9;TBC1D7;RGP1;RANGAP1;TBC1D10C;RALBP1;ARHGAP25;RALGAPB;RAB11FIP2;NF1;ERBB2;PICALM;RALGAPA1;SCRIB;SNX18;ITGB1;RASGRP2
prerank,Mitotic G2/M Transition Checkpoint (GO:0044818),0.38166742418909905,1.1736090430028638,2.402367e-01,8.445175e-01,1.000000e+00,10/36,22.73%,ZNF830;TAOK1;HUS1;TRIM39;RAD17;TOPBP1;INTS3;RAD50;CHFR;NABP2
prerank,Positive Regulation Of Pattern Recognition Receptor Signaling Pathway (GO:0062208),-0.32711843198528157,-1.1734085808696426,2.187500e-01,5.880989e-01,1.000000e+00,8/27,12.84%,SLC15A4;FLOT1;HMGB1;PUM2;PTPN22;USP15;DDX3X;ZDHHC5
prerank,Exocytosis (GO:0006887),0.36034193164252076,1.1729555768151279,2.101033e-01,8.450772e-01,1.000000e+00,17/55,21.49%,JAGN1;STX2;SNAP47;RAB11FIP5;RAB11FIP2;COPS5;RAB10;ARFGEF1;TMEM167A;MYH9;PIK3C2A;VAMP2;SYTL3;EXOC2;EXOC6;CDK16;RAB11A
prerank,Inner Mitochondrial Membrane Organization (GO:0007007),-0.30218087753963896,-1.1729497886380962,1.977401e-01,5.847567e-01,1.000000e+00,9/33,9.91%,ROMO1;TIMM22;MTX1;TIMM8A;TIMM8B;TMEM11;UQCC3;OPA1;MAIP1
prerank,Regulation Of Autophagosome Assembly (GO:2000785),0.39258542944239255,1.1716935258131793,2.680902e-01,8.481521e-01,1.000000e+00,12/29,23.21%,TBC1D14;MTMR3;PINK1;FEZ1;SNX18;IFT88;UBQLN2;PIP4K2B;SH3GLB1;PHF23;IFT20;FEZ2
prerank,Positive Regulation Of Autophagy (GO:0010508),0.3384821868204684,1.1706508147938153,2.143634e-01,8.503176e-01,1.000000e+00,27/81,24.91%,BNIP3;TRIM38;ATF6;TSC2;DEPDC5;NPRL3;IFNG;SCOC;TRIM65;TRIM5;PINK1;TBK1;PIK3C2A;STK11;ENDOG;SESN2;ROCK1;NPRL2;SIRT1;SH3GLB1;GSK3B;CDK16;GSK3A;CCNY;TRIM22;TRIM21;MTDH
prerank,Cellular Response To Osmotic Stress (GO:0071470),0.4315734534082753,1.1706345895777408,2.653846e-01,8.480837e-01,1.000000e+00,9/19,23.77%,ZFP36L1;SERPINB6;STK39;LRRC8D;ARHGEF2;CASP1;RPTOR;CAB39;MTOR
prerank,Regulation Of Endopeptidase Activity (GO:0052548),0.390213393839824,1.1703415975391975,2.605042e-01,8.470917e-01,1.000000e+00,10/32,21.35%,PSME3;ATP13A2;SERPINB9;PICALM;SERPINB6;NRDC;PRELID1;PSMB9;PSMB8;SPOCK2
prerank,ATP Biosynthetic Process (GO:0006754),-0.325431628532162,-1.1696291576280224,1.990050e-01,5.896821e-01,1.000000e+00,3/23,3.96%,ALDOA;ATP5MC1;ATP5ME
prerank,snRNA Metabolic Process (GO:0016073),0.4206654022599031,1.168554575554875,2.712500e-01,8.527336e-01,1.000000e+00,14/21,41.26%,INTS10;INTS12;INTS9;INTS14;INTS11;INTS3;INTS2;INTS13;INTS8;INTS7;INTS4;MEPCE;INTS5;ZCCHC8
prerank,Mitochondrial Fusion (GO:0008053),0.44865613400806237,1.1677441905667159,2.513158e-01,8.539447e-01,1.000000e+00,4/16,11.91%,RCC1L;MFN1;MFN2;MIGA2
prerank,Regulation Of Anatomical Structure Morphogenesis (GO:0022603),0.3422524540354248,1.1674152940954354,2.081949e-01,8.530235e-01,1.000000e+00,21/66,19.62%,RAP2A;BCL9L;NF1;ERBB2;MARCHF5;STRIP1;CAPZB;RC3H1;POGLUT1;MTCH2;SARM1;PDLIM5;SP100;ZMYM6;ARHGAP35;PLXND1;LFNG;NSMF;TANC2;TNIK;GSK3B
prerank,RNA Transport (GO:0050658),-0.2997591196384151,-1.1670874278595451,2.164948e-01,5.921439e-01,1.000000e+00,8/30,9.75%,FLOT1;NUP98;TPR;NUP155;SLBP;HNRNPA1;RFTN1;ZFP36
prerank,Protein Kinase B Signaling (GO:0043491),0.4538829374730851,1.1668544034010229,2.588235e-01,8.530587e-01,1.000000e+00,5/15,17.59%,ZFP36L1;TSC2;PIK3R3;SETX;TNF
prerank,Vesicle-Mediated Transport (GO:0016192),0.30454757942497435,1.1659367764536122,1.174699e-01,8.547451e-01,1.000000e+00,91/290,25.14%,AGAP2;VPS33A;HGS;MYO6;SNX17;TVP23B;BLOC1S1;RUBCN;VTA1;INPPL1;EHD1;VPS11;MIA2;STX7;CSNK1G1;UVRAG;AP3S2;JAGN1;WASHC5;RALBP1;STX2;SNAP47;VPS16;PIK3C3;VTI1B;DENND3;RAB35;RAB10;EPG5;RAB4B;RAB5B;TSC2;TBC1D23;PICALM;TVP23C;ARFGEF1;CLEC16A;EPS15;AP5S1;EEA1;VAMP8;AP2A2;COMMD1;AP1B1;SCRIB;AP3M1;PIK3C2A;SNX18;REPS1;AKTIP;CHMP3;HOOK2;STXBP2;TOM1;VAMP2;STX6;NSG1;ITSN2;SYTL3;RAB22A;EXOC2;ANKFY1;VPS18;CHMP6;VPS51;EXOC6;AP1S1;SEPTIN9;VPS45;ADRB2;GOLGA4;TGFBRAP1;CYTH1;BIN1;ALS2;AP4M1;VPS39;CDK16;RAB11A;AP2A1;KXD1;SLC10A7;ARHGAP1;AP5Z1;CHMP1A;CCZ1B;STX12;ANXA2;STX16;PLIN3;GOSR2
prerank,Regulation Of Microtubule-Based Process (GO:0032886),0.3953742106399411,1.1653735879428968,2.493766e-01,8.547630e-01,1.000000e+00,9/26,20.23%,TAOK1;ERBB2;HDAC6;BICD2;CDK2AP2;ROCK1;DIAPH1;GSK3B;MARK4
prerank,"mRNA Splicing, Via Spliceosome (GO:0000398)",-0.2184246344183366,-1.1652800330375488,1.000000e-03,5.927714e-01,1.000000e+00,54/197,16.41%,SRRM1;U2AF1;MAGOH;SRSF5;SNRNP27;SNW1;SF3B6;HNRNPM;SNRPD1;PIN1;TRA2B;SRSF9;MFAP1;SNRPB2;SYF2;SF3A1;SRSF2;HNRNPH1;SRSF6;LSM4;WDR77;PABPC1;RBM41;SRSF10;CWC15;SNRPF;SRSF7;HNRNPA1;SNU13;STRAP;SNRPD2;RNPS1;LSM7;FRG1;SF3B2;RNPC3;RNF113A;MTREX;SLU7;PHF5A;HNRNPK;PQBP1;DDX5;SNRNP40;SNRPG;ZRSR2;SF3B1;BUD31;YTHDC1;PPIE;PRPF4B;TFIP11;SRSF3;CWC25
prerank,Ubiquitin-Dependent ERAD Pathway (GO:0030433),0.3428573826944118,1.1647421768860193,2.281879e-01,8.551789e-01,1.000000e+00,25/63,32.28%,TMEM129;MAN1B1;ANKZF1;UBE2J2;USP19;UBE4B;MAN1A1;SYVN1;UBXN8;RNF121;SGTA;UBQLN2;UBXN4;TRIM25;NPLOC4;VCP;TMUB1;FAF2;UFD1;TMUB2;RNF185;UBQLN1;EDEM2;SELENOS;FBXO2
prerank,Fatty Acid Oxidation (GO:0019395),0.3718314681142672,1.1645261517721077,2.520420e-01,8.537396e-01,1.000000e+00,14/40,33.28%,PHYH;ABCD3;ACAA1;SCP2;PEX2;BDH2;AUH;ACAT1;CYP4V2;MTLN;HADHA;DECR1;ABCD4;MCAT
prerank,Regulation Of Epithelial To Mesenchymal Transition (GO:0010717),-0.288066924643723,-1.1643167625505664,2.064516e-01,5.909498e-01,1.000000e+00,10/35,17.49%,PPP2CA;GATA3;EPHA4;SPRY1;PHLDB2;TIAM1;LDLRAD4;USF3;SDHAF2;SPRY2
prerank,Regulation Of Protein Secretion (GO:0050708),0.3505587796857482,1.1641423699900983,2.334456e-01,8.530900e-01,1.000000e+00,31/51,40.45%,SERGEF;P3H1;ATP13A2;PPP3CB;ENSA;PPID;IFNG;ADAM8;SIRT6;ARFIP1;EZR;EIPR1;TNF;PPIA;PICK1;LLGL2;RHBDF2;SLC12A2;GOLPH3;HADHA;CCL5;LLGL1;DNM1L;GIPR;CYP51A1;APBB1;BMAL1;IER3IP1;SLC25A22;ERP29;EXOC7
prerank,Response To Interleukin-1 (GO:0070555),-0.2786732440768658,-1.1629699289858975,1.811594e-01,5.902627e-01,1.000000e+00,8/40,11.94%,XCL1;XCL2;LGALS9;ZC3H12A;YTHDC2;USP10;PRKCA;TNFRSF11A
prerank,Protein Quality Control For Misfolded Or Incompletely Synthesized Proteins (GO:0006515),0.40663137266573424,1.1628313955514722,2.837500e-01,8.563986e-01,1.000000e+00,13/25,34.71%,FBXL17;ANKZF1;HDAC6;VCP;YME1L1;UFD1;CUL3;ATXN3;ZER1;LONP1;RNF185;KLHL15;OMA1
prerank,Regulation Of Protein Dephosphorylation (GO:0035304),0.38044076127733456,1.1625125878642986,2.494118e-01,8.554456e-01,1.000000e+00,12/34,22.41%,YWHAB;PPP1R8;SPPL3;ENSA;PPP2R5A;SMPD1;GBA1;PPP6R1;NSMF;PPIA;CNEP1R1;PPP6R3
prerank,Negative Regulation Of Cell-Matrix Adhesion (GO:0001953),0.4355948451840989,1.1624729970152132,2.728443e-01,8.533857e-01,1.000000e+00,7/18,24.83%,CDKN2A;ADAM15;NF2;THBS1;RCC2;DUSP22;BCAS3
prerank,Negative Regulation Of Protein Localization To Membrane (GO:1905476),0.43121805263601143,1.1618870380454995,2.791563e-01,8.537469e-01,1.000000e+00,9/19,22.33%,BCL2L1;PPFIA1;PPP2R5A;PICALM;CLTC;TMBIM1;LRPAP1;NUMB;GBP1
prerank,Regulation Of Cholesterol Efflux (GO:0010874),0.4344827961383817,1.1614568242546117,2.814136e-01,8.533049e-01,1.000000e+00,6/19,18.35%,SREBF2;PTCH1;CES1;ABCA2;SIRT1;ABCA7
prerank,Macroautophagy (GO:0016236),0.33177976043073054,1.1612586773400206,2.123799e-01,8.519556e-01,1.000000e+00,26/90,21.34%,VPS33A;HGS;VTA1;UVRAG;ARL8B;NBR1;VPS16;PIK3C3;VTI1B;ATP13A2;EPG5;VTI1A;LIX1L;VAMP8;MTMR3;VPS37A;SNX18;CHMP3;TOM1;SNX14;ATG5;SPG11;CHMP6;PIP4K2B;VCP;VPS39
prerank,Extracellular Structure Organization (GO:0043062),0.4311123666236757,1.1607608416863566,2.657253e-01,8.518580e-01,1.000000e+00,7/18,27.33%,COL13A1;NF1;ATP7A;SPOCK2;TGFBR1;MMP23B;COLQ
prerank,Regulation Of MAP Kinase Activity (GO:0043405),0.3523715474220816,1.1606384345874479,2.270694e-01,8.501706e-01,1.000000e+00,15/54,20.36%,HGS;PDGFRB;LAX1;LIME1;NF1;ERBB2;STK38;SMPD1;PTPN1;RGS14;GBA1;TNF;THBS1;CDK12;MAP2K5
prerank,Negative Regulation Of Cell Cycle (GO:0045786),0.3593350897723513,1.1593257373335977,2.311266e-01,8.534743e-01,1.000000e+00,12/50,18.02%,HTRA2;RRP8;LILRB1;TAF6;CDKN2A;CDKN1B;MEN1;SCRIB;CDK5RAP1;SIRT1;TRIM35;LATS2
prerank,Cellular Response To Ionizing Radiation (GO:0071479),0.36646148346549384,1.159221176639497,2.546948e-01,8.517114e-01,1.000000e+00,11/38,18.96%,MAPK14;HUS1;ERCC4;NUCKS1;TP53;INO80;SPIDR;SWI5;KDM1A;SIRT1;ATR
prerank,Regulation Of Lysosomal Lumen pH (GO:0035751),0.4232757115873596,1.1583340487409253,2.902439e-01,8.532370e-01,1.000000e+00,6/20,17.01%,VPS33A;ATP6V1A;TMEM165;TMEM175;ATP6V1D;TMEM9
prerank,Positive Regulation Of Defense Response (GO:0031349),0.3359312136209776,1.1578899419556363,2.236842e-01,8.527752e-01,1.000000e+00,17/69,19.02%,S100A9;S100A8;RNF31;GBP5;FADD;POLR3C;NKG7;MAPK13;TNFRSF1A;CYBA;IFNG;ADAM8;DHX9;TNF;GSDMD;CASP1;TNIP1
prerank,Regulation Of Exosomal Secretion (GO:1903541),0.4466795260301588,1.1573204945307747,2.994723e-01,8.528769e-01,1.000000e+00,5/15,23.03%,HGS;IFNG;CHMP3;CHMP6;SMPD3
prerank,Plasma Membrane Bounded Cell Projection Organization (GO:0120036),0.3405357791272504,1.1572220738131962,2.206208e-01,8.510807e-01,1.000000e+00,20/71,21.49%,HDGFL3;BLOC1S1;ERCC6;EHD1;BLOC1S6;FRY;RAB35;PTPRM;TBC1D23;WDPCP;UHMK1;GBA1;ROCK1;RAB6A;IQCG;GSK3B;PLEK;MARK4;CDK16;RAB11A
prerank,Positive Regulation Of Viral Genome Replication (GO:0045070),0.40580441754427576,1.1563046989535004,2.622549e-01,8.527816e-01,1.000000e+00,8/24,18.93%,VAPB;TARBP2;SRPK1;CNOT7;PPID;PDE12;HACD3;PPIA
prerank,Cellular Response To Organic Substance (GO:0071310),0.3838706447434983,1.1552875913108391,2.611312e-01,8.547917e-01,1.000000e+00,10/34,21.65%,STAT3;ARL6IP5;TRAF6;HDAC6;STAT5B;NCOA3;TNF;CASP1;RHOA;KHSRP
prerank,Regulation Of Interleukin-1 Beta Production (GO:0032651),-0.29196490716848167,-1.1549311597974106,2.255639e-01,6.094827e-01,1.000000e+00,10/40,8.65%,EGR1;CARD16;IFI16;PYHIN1;LGALS9;NLRP2;ZC3H12A;MALT1;LCP1;GIT1
prerank,Positive Regulation Of Organelle Organization (GO:0010638),0.40283159636738897,1.1547458215698632,2.807018e-01,8.547847e-01,1.000000e+00,8/26,24.60%,HTRA2;UVRAG;ATL3;TOM1;C2CD5;GSK3B;FYCO1;ANXA2
prerank,Positive Regulation Of Cytokine-Mediated Signaling Pathway (GO:0001961),0.38967561510462434,1.154611668921134,2.681427e-01,8.531992e-01,1.000000e+00,8/28,18.25%,FADD;AGPAT1;PARP9;LAPTM5;HIF1A;MAVS;HSPA1A;CASP1
prerank,Regulation Of Substrate Adhesion-Dependent Cell Spreading (GO:1900024),-0.305587874782375,-1.1542799717817156,2.167488e-01,6.067785e-01,1.000000e+00,10/30,15.57%,CDC42;TRIOBP;MYADM;TESK1;S100A10;LIMS1;CALR;NEDD9;DMTN;C1QBP
prerank,Endocytosis (GO:0006897),0.32021885731761207,1.154102883115892,2.021053e-01,8.530658e-01,1.000000e+00,33/112,21.58%,MYO6;INPPL1;EHD1;MESD;RABEPK;CSNK1G1;ANXA11;RALBP1;IL10RA;RAB11FIP2;PIK3C3;RAB5B;TSC2;PICALM;EPS15;EEA1;CLTC;AP3M1;PIK3C2A;SNX18;ITGB1;REPS1;HOOK2;IGF2R;TOM1;RAB22A;DNAJC13;SNX5;AP1S1;ADRB2;BIN1;PACSIN2;AP2A1
prerank,Regulation Of Programmed Cell Death (GO:0043067),0.3171777161889063,1.1534931139883409,2.143600e-01,8.533400e-01,1.000000e+00,44/131,26.84%,CIDEB;EPC2;MAGED1;DAPK2;USP42;ZBTB7A;DDX42;BRD8;BNIP3;IKZF3;HS1BP3;EP400;TM7SF3;TRRAP;RTN4;TP53;MRGBP;TRAF2;PINK1;TOMM70;STAT1;BCL2L11;NF2;TRIM24;SIRT1;SLC39A7;IRF3;TNF;DFFA;RUVBL1;VPS72;MARK4;VCP;PSMC5;TIGAR;RUVBL2;FAS;PLSCR3;RAF1;RARG;NME2;HTATIP2;REST;KAT5
prerank,Regulation Of Cellular Biosynthetic Process (GO:0031326),0.3560002407092088,1.1529018553651955,2.590498e-01,8.536506e-01,1.000000e+00,21/48,31.96%,MED1;ELP6;ELP4;DUS3L;NOLC1;CES1;ATXN2;METTL18;TNFRSF1B;METAP1;SIRT1;MSI2;JADE2;CX3CR1;MFSD12;CCL5;GCN1;ELP1;ING4;SIRT5;PCIF1
prerank,Sulfur Compound Biosynthetic Process (GO:0044272),-0.2728142218723747,-1.152232341135548,1.935484e-01,6.084616e-01,1.000000e+00,11/42,9.61%,B3GNT7;CHST7;CHSY1;MPST;B4GALT4;PAPSS1;SLC35D2;B3GNT2;CSGALNACT2;UGDH;UST
prerank,Cytoskeleton-Dependent Intracellular Transport (GO:0030705),0.445502251083272,1.1515212043857599,2.727273e-01,8.571747e-01,1.000000e+00,2/16,1.70%,CCDC88C;CCDC88B
prerank,Positive Regulation Of Signaling (GO:0023056),0.4401014157286822,1.1514520830431865,2.710280e-01,8.553071e-01,1.000000e+00,9/16,27.57%,NMB;SCRIB;KCTD13;TNF;CLSTN1;RAB29;ANXA2;ILK;PTPN23
prerank,Receptor Signaling Pathway Via JAK-STAT (GO:0007259),0.41294014491482267,1.1512295284727723,2.699620e-01,8.540812e-01,1.000000e+00,13/22,35.90%,STAT3;STAT5A;IFNG;PIAS1;STAT1;STAT5B;STAT4;STAT6;TYK2;IFNAR2;PKD1;CTR9;IFNAR1
prerank,Regulation Of Protein Metabolic Process (GO:0051246),0.34167117401150215,1.1508936704192279,2.458836e-01,8.532491e-01,1.000000e+00,18/65,20.36%,HGS;ODC1;CENATAC;ELP6;KLF2;ELP4;DUS3L;NOLC1;ATXN2;SPOP;METTL18;GBA1;RHOBTB3;METAP1;TMEM9;MSI2;CHMP6;MAP2K5
prerank,Negative Regulation Of Neuron Projection Development (GO:0010977),-0.3436187548709871,-1.1497185070762566,2.000000e-01,6.111361e-01,1.000000e+00,4/20,7.30%,ITM2C;GAK;EPHA4;GDI1
prerank,Positive Regulation Of JUN Kinase Activity (GO:0043507),0.4277128573100352,1.1495209926385714,2.976501e-01,8.568139e-01,1.000000e+00,10/19,27.69%,DVL3;MAP3K4;TRAF6;PTPN1;TRAF2;TNF;MAP4K2;MAP2K7;MAP3K13;MAP3K11
prerank,Peroxisomal Membrane Transport (GO:0015919),0.4435160844025917,1.148430317714621,3.057851e-01,8.591198e-01,1.000000e+00,4/15,10.58%,ABCD3;TRIM37;PEX14;PEX2
prerank,Positive Regulation Of Extrinsic Apoptotic Signaling Pathway (GO:2001238),0.4062608165412797,1.147594129805461,2.938144e-01,8.604450e-01,1.000000e+00,6/22,17.81%,HTRA2;FADD;TNFSF12;TRAF2;TNF;THBS1
prerank,Regulation Of Translational Initiation (GO:0006446),-0.2651620247147281,-1.1467603199360248,2.123894e-01,6.150466e-01,1.000000e+00,12/53,12.76%,NCK2;BZW1;POLR2G;EIF3E;YTHDF3;TPR;NPM1;DNAJC3;EIF4G1;YTHDF2;DDX3X;EIF1
prerank,Response To Gamma Radiation (GO:0010332),0.43131920842890326,1.1439532707250533,2.815013e-01,8.731077e-01,1.000000e+00,8/18,38.36%,TP53;MEN1;KDM1A;ATR;XRCC5;XRCC6;HSF1;WRN
prerank,Organelle Transport Along Microtubule (GO:0072384),0.3796614204496066,1.142876045377172,2.713936e-01,8.754583e-01,1.000000e+00,15/33,23.81%,BLOC1S1;MAP1S;PEX14;BORCS8;BICD2;NDE1;LRPPRC;UXT;RAB6A;RHOT2;BORCS6;KXD1;BORCS5;RHOT1;COPG1
prerank,Memory (GO:0007613),0.40098342123604624,1.142404976097742,2.842767e-01,8.752399e-01,1.000000e+00,9/23,33.35%,PSEN1;PPP3CB;RGS14;YTHDF1;CIC;SYT11;ATXN1L;ATXN1;EIF4EBP2
prerank,Telomere Maintenance (GO:0000723),0.34840730792863506,1.1421722864467942,2.679372e-01,8.740925e-01,1.000000e+00,21/56,24.54%,HUS1;INO80D;ACTR8;DCLRE1C;ERCC4;RPA2;INO80;CTC1;ZNF827;SP100;TINF2;TRAPPC13;TERF2;INO80C;RAD50;RUVBL1;ATR;SMC5;RUVBL2;INO80B;XRCC5
prerank,Positive Regulation Of Viral Process (GO:0048524),0.37636054023888266,1.1421211745617774,2.741176e-01,8.721720e-01,1.000000e+00,10/34,18.93%,VAPB;TARBP2;SRPK1;CNOT7;PPID;PDE12;HACD3;DHX9;ATG5;PPIA
prerank,Negative Regulation Of Mitotic Cell Cycle Phase Transition (GO:1901991),-0.31439396605489295,-1.1420295691063544,2.331839e-01,6.237564e-01,1.000000e+00,5/25,8.94%,FHL1;BRD7;USP47;FBXO5;ZFP36L2
prerank,Phosphate-Containing Compound Metabolic Process (GO:0006796),0.31685833381980716,1.1419500795459536,2.377399e-01,8.707634e-01,1.000000e+00,44/106,32.91%,STAT3;INPP4A;AGPAT1;NUDT5;TAOK1;INPP5B;HK1;COQ8A;PIP4P1;GDE1;PLAAT4;PPP3CB;PFKP;DUSP28;PIK3CA;GK5;PLCB2;PPP1CA;PPM1A;LIMD1;TOLLIP;PANK3;SPHK2;PLCD1;RPTOR;IP6K1;SLC20A1;TIGAR;DUSP18;KHSRP;DUSP22;MTOR;PLAAT3;DUSP5;CLN8;INPP5D;ALDOC;LHPP;DUSP16;FRA10AC1;IMPA1;MAPK3;PIK3CG;PGK1
prerank,Negative Regulation Of Inflammatory Response (GO:0050728),0.3421126641661199,1.1405697905093888,2.536640e-01,8.745319e-01,1.000000e+00,17/58,25.01%,STAT3;MAPK14;EXTL3;ELF4;IL10RA;MVK;AOAH;TNFRSF1A;PLCG1;TRIM65;GBA1;TNFRSF1B;SHARPIN;RHBDF2;NLRC3;OTULIN;VPS35
prerank,Regulation Of Cell Cycle Process (GO:0010564),-0.2335950553555485,-1.1405525388284161,1.428571e-01,6.238044e-01,1.000000e+00,17/90,11.29%,DBF4;CDC42;MKI67;RPRD1B;CALM3;PIN1;PUM2;BRD7;KLHL9;ZNF207;AHCTF1;MCM2;GIT1;FBXO5;YTHDF2;KIF13A;BCL7C
prerank,RNA Polymerase II Preinitiation Complex Assembly (GO:0051123),0.367366972511302,1.1394354483862403,2.863850e-01,8.770655e-01,1.000000e+00,13/42,25.70%,MED27;MED1;TAF7;GTF2A1;TAF6;MED7;MED17;TAF9;MED8;TBP;TAF5;GTF2B;MED21
prerank,Negative Regulation Of Cell Death (GO:0060548),0.36454520473021707,1.137049728859311,2.924855e-01,8.848955e-01,1.000000e+00,14/40,25.01%,HTRA2;BNIP3;ATP13A2;TM7SF3;TRAF2;PINK1;CHMP3;GBA1;TNFRSF1B;CHMP6;PSMC5;TIGAR;CHMP1A;VPS35
prerank,Regulation Of Protein Export From Nucleus (GO:0046825),0.41851277462719016,1.1363577739223787,3.170103e-01,8.857149e-01,1.000000e+00,8/19,24.48%,RANGAP1;SIRT7;UHMK1;SIRT6;SP100;GSK3B;XPO4;FRAT2
prerank,T Cell Differentiation (GO:0030217),-0.2995207732003244,-1.136074853721408,2.196532e-01,6.327078e-01,1.000000e+00,8/32,9.96%,TCF7;PIK3R1;GATA3;SOX4;ZFP36L2;PTPN2;RABL3;PTPN22
prerank,Regulation Of Telomere Maintenance Via Telomere Lengthening (GO:1904356),0.4461365355283046,1.1360721431402778,3.022636e-01,8.847401e-01,1.000000e+00,9/15,23.27%,SMG5;ERCC4;SMG6;TINF2;TERF2;TNIP1;DHX36;TNKS;TNKS2
prerank,Macromolecule Modification (GO:0043412),0.3372261305209423,1.1354983194938733,2.737430e-01,8.850470e-01,1.000000e+00,26/60,34.30%,UBL4A;NAGPA;ST3GAL2;STK38;PARN;UBE2L3;FBXO22;LIPT1;PPP4R2;ARAF;UBE2D2;ST3GAL4;UBA52;ST6GAL1;ST8SIA4;ICMT;MANBA;FBXW2;CDC34;WWP2;SLC35A1;FBXO2;UBE2I;UBA3;NTAQ1;MSRA
prerank,Cellular Response To Interleukin-1 (GO:0071347),-0.28193387096237654,-1.135425271202358,2.781955e-01,6.303704e-01,1.000000e+00,3/39,0.74%,XCL1;XCL2;EGR1
prerank,mRNA Transcription (GO:0009299),0.36836347809980197,1.135274309578113,2.957422e-01,8.838088e-01,1.000000e+00,9/38,14.91%,TFCP2;HIPK3;MED1;TAF7;TAF6;HLTF;NCBP2;TP53;TAF9
prerank,Negative Regulation Of Mitochondrion Organization (GO:0010823),0.40075289082912946,1.1348528427476057,2.743142e-01,8.833230e-01,1.000000e+00,7/24,14.99%,BNIP3;MUL1;BCL2L1;TMEM14A;PINK1;PRELID1;HSPA1A
prerank,Cytoskeleton-Dependent Cytokinesis (GO:0061640),-0.26184108354114866,-1.134534962291796,2.056075e-01,6.285161e-01,1.000000e+00,13/55,13.43%,SEPTIN7;SEPTIN6;CHMP4A;SEPTIN1;DCTN3;SPTBN1;SNX9;CFL1;IST1;RHOC;UNC119;STMN1;NUSAP1
prerank,Sterol Metabolic Process (GO:0016125),0.38984078970683744,1.134490883820208,2.858881e-01,8.827276e-01,1.000000e+00,11/29,28.50%,GBA2;PIP4P1;CES1;ARV1;GBA1;SH2D2A;CYP4V2;APOL2;PRKAG2;CLN8;MSMO1
prerank,Regulation Of Protein Localization To Nucleus (GO:1900180),-0.2827577462886956,-1.134099570655649,2.129032e-01,6.252658e-01,1.000000e+00,8/37,7.87%,JAK1;PIN1;PYHIN1;LATS1;TPR;CREBBP;TESK1;BYSL
prerank,Negative Regulation Of Protein Secretion (GO:0050709),0.4305663590219783,1.1340249841989762,3.034759e-01,8.824117e-01,1.000000e+00,5/17,26.63%,SERGEF;RAB11FIP5;F2R;RHBDF2;REST
prerank,Protein Localization To Nucleus (GO:0034504),0.3162285874307463,1.1331471790769372,2.391534e-01,8.839669e-01,1.000000e+00,21/103,16.31%,SUPT7L;STAT3;STK4;ZBTB7A;NOL8;PPP1R10;IPO9;CSE1L;CHCHD10;IPO8;FAM53B;POM121C;HIKESHI;TSC2;PEX2;RRP7A;NUP88;NUP188;EIF4ENIF1;NUP214;MORC3
prerank,Regulation Of NLRP3 Inflammasome Complex Assembly (GO:1900225),0.41737453244845246,1.1322984445553275,2.857143e-01,8.852683e-01,1.000000e+00,8/19,24.34%,GBP5;HSPA8;ZDHHC12;MAVS;CPTP;MARK4;NEK7;NLRC3
prerank,Positive Regulation Of Transcription Elongation By RNA Polymerase II (GO:0032968),0.359201785353493,1.132293782930761,2.897196e-01,8.831964e-01,1.000000e+00,11/41,21.70%,MED27;MED1;CDK13;LEO1;NCBP2;MED7;MED17;MED8;CDK12;CCNK;TCERG1
prerank,Positive Regulation Of ERK1 And ERK2 Cascade (GO:0070374),-0.24987730841168387,-1.1321633870036556,1.864407e-01,6.263154e-01,1.000000e+00,17/63,17.49%,XCL1;XCL2;GPR183;CD44;HMGB1;LGALS9;DENND2B;PHB1;PTPN22;PRKCA;TNFRSF11A;ICAM1;PTPRC;FBXW7;PTPN11;HLA-DRB1;SPRY2
prerank,poly(A)+ mRNA Export From Nucleus (GO:0016973),0.4371061215680123,1.131151739643958,2.947510e-01,8.856869e-01,1.000000e+00,7/17,20.35%,ENY2;GLE1;NXF1;IWS1;THOC2;MCM3AP;PCID2
prerank,Transcription Preinitiation Complex Assembly (GO:0070897),0.360458438387817,1.1307148145487758,2.925408e-01,8.852752e-01,1.000000e+00,14/45,25.70%,MED27;MED1;TAF7;GTF2A1;TAF6;MED7;MED17;TAF9;PTPN18;MED8;TBP;TAF5;GTF2B;MED21
prerank,Positive Regulation Of Protein Catabolic Process (GO:0045732),0.33748531950952665,1.1304362903292695,2.804878e-01,8.843440e-01,1.000000e+00,20/63,26.79%,VPS11;CSNK2A1;TNFSF12;CDKN1B;IFNG;ADAM8;DDRGK1;NRDC;TNFRSF1B;EZR;RBX1;TNF;GSK3B;VCP;PSMC3;PSMC5;GSK3A;RDX;VPS35;VGLL4
prerank,Regulation Of Cysteine-Type Endopeptidase Activity Involved In Apoptotic Process (GO:0043281),-0.2578772595660448,-1.1301691643966587,1.965812e-01,6.275661e-01,1.000000e+00,18/54,16.36%,CARD16;MAP3K5;CD44;DNAJB6;HMGB1;IFI6;PMAIP1;USP47;NLRP2;MALT1;ARL6IP1;DDX3X;CDKN2D;AKT1;LAMTOR5;TRIAP1;IGBP1;NDUFA13
prerank,Regulation Of Mitotic Nuclear Division (GO:0007088),-0.30911749391570575,-1.1295475903669632,2.437500e-01,6.250681e-01,1.000000e+00,5/26,13.43%,MKI67;PIN1;AURKAIP1;FBXO5;NUSAP1
prerank,Cellular Response To Amino Acid Stimulus (GO:0071230),0.3847401184742887,1.1292029689465324,3.075995e-01,8.874048e-01,1.000000e+00,9/27,23.77%,CPEB4;RRAGC;SLC38A9;SESN2;KLHL22;NSMF;RPTOR;RRAGB;MTOR
prerank,Positive Regulation Of Intracellular Protein Transport (GO:0090316),0.3163984200400226,1.1287345804927358,2.566278e-01,8.872547e-01,1.000000e+00,44/106,33.91%,AKAP5;RNF31;HTRA2;MBD1;SREBF2;GZMB;VPS11;PSEN1;UBE2J2;ERBB2;HPS4;CEP290;UBE2L3;FLNA;IFNG;LEPROT;PCNT;PINK1;MAVS;NPEPPS;VAMP2;SIRT6;BBC3;C2CD5;SH3GLB1;GSK3B;CSNK2A2;MFF;GSK3A;RAB29;XPO4;BCAS3;ERGIC3;CHP1;RUFY3;ITGB2;ZDHHC2;RAC2;PIK3R2;TM9SF4;DMAP1;ATG13;MAPK8;OAZ1
prerank,Regulation Of Protein Localization To Plasma Membrane (GO:1903076),0.34360615755403806,1.127962631614087,2.826577e-01,8.882936e-01,1.000000e+00,18/54,22.33%,AKAP5;STX7;VTI1B;CNPY4;BCL2L1;PPFIA1;PPP2R5A;PICALM;CLTC;IFNG;VAMP8;TMBIM1;ITGB1;SIRT6;TNF;LRPAP1;NUMB;GBP1
prerank,Protein K11-linked Ubiquitination (GO:0070979),0.38887206493960275,1.127822605408108,2.959309e-01,8.868127e-01,1.000000e+00,12/25,35.13%,UBE2D4;ANAPC10;UBE2L3;CDC16;ANAPC7;RNF4;RNF26;UBE2E3;UBE2H;ANAPC2;CDC23;ANAPC5
prerank,Tail-Anchored Membrane Protein Insertion Into ER Membrane (GO:0071816),0.43815540255660806,1.1266612773170224,3.307593e-01,8.894503e-01,1.000000e+00,10/16,34.56%,UBL4A;GET1;EMC2;SGTA;EMC9;EMC1;EMC4;MMGT1;GET3;EMC8
prerank,Positive Regulation Of Mitotic Cell Cycle Phase Transition (GO:1901992),0.3565244209985033,1.1260569292785316,2.972350e-01,8.898066e-01,1.000000e+00,22/44,35.13%,MECP2;CPSF3;ANKRD17;RAD51C;CDK4;CCND2;CDC16;ANAPC7;LSM10;BRD4;KLHL18;RPTOR;RCC2;RAB11A;RDX;PHB2;CUL3;RRM1;AIF1;RB1;CDC23;ANAPC5
prerank,Positive Regulation Of ATP-dependent Activity (GO:0032781),-0.30856378196593504,-1.1254883405360658,2.523810e-01,6.327203e-01,1.000000e+00,9/26,19.07%,FXYD2;PFN1;AHSA2P;MSH2;SSBP1;ATP1B1;POT1;DNAJB11;HNRNPU
prerank,Glucose Homeostasis (GO:0042593),0.3564278874547384,1.1253860029125191,2.933644e-01,8.903647e-01,1.000000e+00,12/40,16.74%,STAT3;LRRC8A;HK1;PDK2;NUCKS1;HIF1A;STK11;FOXK1;USF1;SIRT1;LRRC8D;POLR2D
prerank,Defense Response To Virus (GO:0051607),0.3079377437870622,1.1248075150803085,2.433538e-01,8.905165e-01,1.000000e+00,49/140,28.14%,DDX60;LILRB1;GBP5;PRF1;TRAF6;FADD;BNIP3;MOV10;ATAD3A;IFIT3;NMB;BCL2L1;DDX56;CNOT7;OASL;TBKBP1;SERINC3;TTC4;PDE12;TRIM5;ZCCHC3;TBK1;STAT1;MAVS;APOBEC3C;CHMP3;DHX16;G3BP1;TRIM11;MORC3;TRIM35;IFIT5;IRF3;TNF;CASP1;TRIM25;RTP4;RIGI;DHX15;MICA;TRIM21;IRF2;IFITM1;IRF7;TRIM52;PLSCR1;IFI44L;APOBEC3D;PHB2
prerank,Regulation Of Transforming Growth Factor Beta Receptor Signaling Pathway (GO:0017015),0.33186320779220435,1.1246444029525178,2.632159e-01,8.891272e-01,1.000000e+00,18/71,18.02%,LTBP4;ZEB2;BCL9L;ZBTB7A;MTMR4;HIPK2;SMURF2;SMAD4;RNF111;MEN1;PPM1A;STK11;CITED2;ARID4B;HSPA1A;SIRT1;THBS1;LATS2
prerank,Neutrophil Chemotaxis (GO:0030593),-0.29605156178391,-1.124631395892816,2.842640e-01,6.308816e-01,1.000000e+00,3/29,1.26%,XCL1;XCL2;PPIB
prerank,Protein Palmitoylation (GO:0018345),0.4049284470849132,1.123357350107202,2.965779e-01,8.923098e-01,1.000000e+00,10/21,30.91%,PORCN;ZDHHC12;ZDHHC6;ZDHHC4;ZDHHC21;ZDHHC24;ZDHHC16;ZDHHC20;ZDHHC7;ZDHHC2
prerank,Regulation Of Cholesterol Metabolic Process (GO:0090181),0.4313380862827298,1.1231117410322802,3.184211e-01,8.912851e-01,1.000000e+00,5/16,20.99%,MBTPS1;CES1;ARV1;FMO5;SH2D2A
prerank,DNA Damage Response (GO:0006974),0.29350037812247143,1.123001554460525,1.755266e-01,8.896660e-01,1.000000e+00,95/317,26.92%,RNF169;FANCA;CIDEB;HTRA2;TTC5;MAPK14;USP28;RFC2;PSEN1;UVRAG;TAOK1;HUS1;FAAP20;RNF8;ASH2L;SIRT7;EP400;PPP4R3B;BCL2L1;RAD51C;DDB2;HLTF;CEP63;TRRAP;NCOA6;ERCC4;KMT5C;RFWD3;RFC4;SMARCAL1;WDR76;RAD17;TOPBP1;TP53;HERC2;MEN1;INO80;MRPL36;SPIDR;BAZ1B;MBD4;STK11;ENDOG;BCL2L11;SETX;ETAA1;TAF9;KDM1A;GTF2H3;SHPRH;NRDE2;TNFRSF1B;MGMT;SIRT1;CBX3;TRAPPC13;CASP2;INTS3;USP3;RBX1;HDGFL2;IRF3;RAD50;OTUB1;MAP2K6;RPTOR;DYRK2;ATR;GTF2H4;ERCC3;LIG1;FANCF;SMC5;VCP;TIGAR;CCNK;ZBTB38;ZDHHC16;NABP2;CRADD;SMG1;ZNF668;CRY1;MTOR;MICA;XRCC5;ERCC8;FANCG;MACROH2A1;ERCC1;HIC1;KAT5;IRF7;REXO4;CBX1
prerank,Organophosphate Ester Transport (GO:0015748),0.4164940454921739,1.1228190524546695,3.186951e-01,8.883788e-01,1.000000e+00,5/19,14.06%,PITPNM1;EPG5;SCP2;PITPNC1;PRELID1
prerank,Regulation Of Protein-Containing Complex Assembly (GO:0043254),0.3218092416641426,1.1227666795784195,2.765273e-01,8.866223e-01,1.000000e+00,27/81,23.61%,VPS33A;VPS11;VPS8;NCLN;VPS16;PRKCZ;HDAC6;GNL3L;HSPA8;PREB;IFNG;TRAF2;PINK1;SPIDR;BCL2L11;GBA1;FNIP1;TNF;VPS18;SH3GLB1;GSK3B;SEPTIN9;TGFBRAP1;VCP;VPS39;MTLN;RAF1
prerank,Intracellular Glucose Homeostasis (GO:0001678),0.38380812591313535,1.1227115762285895,3.060960e-01,8.848143e-01,1.000000e+00,8/26,16.57%,LRRC8A;ZBTB20;HK1;NUCKS1;HIF1A;FOXK1;SIRT1;LRRC8D
prerank,Response To Glucose (GO:0009749),-0.30649598335685324,-1.1225320310028304,2.500000e-01,6.329510e-01,1.000000e+00,11/28,17.89%,SELENOT;IRS2;TRA2B;LCP1;SOX4;PRKACA;EIF2B1;KLRG1;IGF1R;TCF7L2;RACK1
prerank,Regulation Of T Cell Receptor Signaling Pathway (GO:0050856),-0.3019341853816742,-1.1223334471462088,2.747253e-01,6.293893e-01,1.000000e+00,10/27,14.83%,SH2D1A;CD81;TRAT1;PTPN2;PHPT1;PTPN22;PVRIG;CD160;SLA2;CD300A
prerank,Zinc Ion Transport (GO:0006829),0.42607647613153166,1.122078656070148,3.091655e-01,8.853236e-01,1.000000e+00,6/16,26.35%,SLC39A13;SLC39A7;SLC39A1;SLC30A5;SLC39A11;SLC30A6
prerank,Positive Regulation Of Cysteine-Type Endopeptidase Activity Involved In Apoptotic Process (GO:0043280),0.32538802255607874,1.1217139414739772,2.956522e-01,8.848448e-01,1.000000e+00,23/77,23.18%,S100A9;S100A8;HTRA2;ARL6IP5;CYCS;MUL1;FAM162A;FASLG;CASP8AP2;LAPTM5;BBC3;SIRT1;CASP2;F2R;TNF;ATP2A3;CASP1;BCAP31;VCP;FAS;EIF2AK3;AIFM1;CRADD
prerank,Negative Regulation Of Cell Differentiation (GO:0045596),-0.22289807942839404,-1.1214066687669062,2.068966e-01,6.279376e-01,1.000000e+00,23/103,13.49%,TENT5C;PPP2CA;TRIB2;GATA3;PDCD4;HOPX;NFKBIA;ID2;EPHA4;SPRY1;OXSR1;SOX4;ZFP36L2;YTHDF2;SINHCAF;HDAC9;CALR;SIRT2;BCL7C;NOCT;LDLRAD4;BRD9;NR1H2
prerank,Negative Regulation Of RNA Splicing (GO:0033119),-0.3583501242255843,-1.1208278539046026,2.734694e-01,6.255706e-01,1.000000e+00,6/15,9.51%,SAP18;SRSF9;SRSF6;SRSF10;SRSF7;RNPS1
prerank,Positive Regulation Of Double-Strand Break Repair Via Homologous Recombination (GO:1905168),0.3684620158300694,1.1198169690589546,2.974607e-01,8.903567e-01,1.000000e+00,19/33,33.77%,ERCC6;EPC2;WRAP53;BRD8;EP400;TRRAP;MRGBP;HDGFL2;RUVBL1;VPS72;RUVBL2;ACTR2;KAT5;HELQ;MMS19;ARID2;MBTD1;DMAP1;TIMELESS
prerank,Purine Ribonucleotide Catabolic Process (GO:0009154),-0.34739329271628816,-1.1193879110286933,2.969432e-01,6.256363e-01,1.000000e+00,3/17,4.79%,NUDT4;NUDT11;HINT1
prerank,Regulation Of Histone Acetylation (GO:0035065),0.4294637878479946,1.1188452242517544,3.204272e-01,8.923035e-01,1.000000e+00,5/17,18.06%,ERCC6;NOC2L;BAZ1B;DEK;NFYC
prerank,Regulation Of BMP Signaling Pathway (GO:0030510),0.3753072963841445,1.1183173246349005,2.975904e-01,8.924049e-01,1.000000e+00,5/30,9.07%,UBE2O;BMPR2;HIPK2;SMURF2;SMAD4
prerank,Membrane Lipid Biosynthetic Process (GO:0046467),0.3630041232069691,1.11796039497946,3.136574e-01,8.918642e-01,1.000000e+00,10/36,17.19%,CERS5;SPTLC1;ST3GAL2;HACD2;SCCPDH;HACD3;SPHK2;CERS2;SGPL1;ST3GAL4
prerank,Multivesicular Body Sorting Pathway (GO:0071985),0.42000951154955424,1.1177378836641578,3.312263e-01,8.907798e-01,1.000000e+00,3/18,3.69%,RUBCN;VTA1;UVRAG
prerank,Protein Import Into Nucleus (GO:0006606),0.3268330973632938,1.1158653054895362,2.864924e-01,8.961465e-01,1.000000e+00,14/66,15.54%,STAT3;STK4;PPP1R10;IPO9;CSE1L;IPO8;FAM53B;POM121C;HIKESHI;TSC2;NUP88;NUP188;EIF4ENIF1;NUP214
prerank,Neuron Projection Development (GO:0031175),0.3143805526231979,1.1150248686517232,2.808511e-01,8.973737e-01,1.000000e+00,25/93,21.49%,HDGFL3;BLOC1S1;ERCC6;EHD1;NCKAP1L;BLOC1S6;MAP1S;FRY;RAB35;PTPRM;TBC1D23;ANKRD27;UHMK1;IFT88;GBA1;ROCK1;RAB6A;ARHGAP35;TNIK;GSK3B;ZNF335;ALS2;ATP7A;CDK16;RAB11A
prerank,Positive Regulation Of Chemokine Production (GO:0032722),-0.3069241192617614,-1.1144248335059646,2.361809e-01,6.352528e-01,1.000000e+00,6/23,12.21%,EGR1;HMGB1;LGALS9;LCP1;OAS1;DDX3X
prerank,Vacuolar Acidification (GO:0007035),0.3895080626105944,1.1142669688241367,3.313253e-01,8.983751e-01,1.000000e+00,8/25,20.62%,ATP6V1A;ATP6V0A2;ATP6V0D1;ATP6V0E1;ATP6V1D;ATP6V1B2;TMEM9;ATP6V0E2
prerank,Positive Regulation Of Intracellular Transport (GO:0032388),0.37110614723085433,1.1136588055723018,3.210024e-01,8.988392e-01,1.000000e+00,12/31,28.09%,MBD1;EHD1;CEP290;PCNT;STK11;VAMP2;EIPR1;RAB29;DYNC1H1;BCAS3;ERGIC3;RUFY3
prerank,Positive Regulation Of Double-Strand Break Repair (GO:2000781),0.327201055665826,1.1135633974131185,2.972678e-01,8.972445e-01,1.000000e+00,32/69,33.77%,ERCC6;EPC2;WRAP53;BRD8;PHF10;SMARCC2;EP400;TRRAP;SMARCA2;KMT5C;MRGBP;SPIDR;SIRT6;MGMT;SIRT1;TRAPPC13;HDGFL2;RUVBL1;VPS72;RUVBL2;ACTR2;KAT5;HELQ;MMS19;SPIRE1;UBE2V2;ARID2;PBRM1;MBTD1;SMARCA4;DMAP1;TIMELESS
prerank,Nucleic Acid-Templated Transcription (GO:0097659),0.37991227936562444,1.1134160320872826,3.087331e-01,8.958632e-01,1.000000e+00,13/29,30.81%,RRAGC;POLR3A;GARS1;SMAD4;MLF1;TCEA2;MEF2A;XAB2;FUBP3;MMS19;PPP5C;SMAD2;THAP1
prerank,Positive Regulation Of T Cell Mediated Cytotoxicity (GO:0001916),-0.35318650433963766,-1.1133564233354603,2.760000e-01,6.342209e-01,1.000000e+00,2/16,0.51%,XCL1;HLA-A
prerank,Positive Regulation Of Metabolic Process (GO:0009893),0.33328975702420144,1.1133093372204446,2.965909e-01,8.942654e-01,1.000000e+00,33/56,44.16%,ZBTB7B;PRKAB2;BSCL2;CNOT3;CMKLR1;IFNG;MFN2;KDM1A;SIRT6;TNF;ADRB2;CAMK1D;DYNC1H1;JCHAIN;STAT6;HADHA;CEBPB;DECR1;FH;TRPV2;SMARCA4;OMA1;HSF1;THRA;LPIN1;ADIPOR1;PRKAB1;APLP2;UCP2;HDAC3;ELOVL6;ALMS1;JAK2
prerank,Secondary Alcohol Metabolic Process (GO:1902652),0.3951815396133117,1.1124584638956445,3.260606e-01,8.957232e-01,1.000000e+00,8/25,28.10%,GBA2;PIP4P1;IDH3A;CES1;GBA1;SH2D2A;APOL2;CLN8
prerank,Glycolipid Biosynthetic Process (GO:0009247),0.3788074921712985,1.1117083264617622,3.069428e-01,8.969202e-01,1.000000e+00,13/28,36.98%,ST3GAL2;MPPE1;SCCPDH;ST3GAL5;PIGV;ST3GAL4;SLC30A5;PIGN;DPM2;PIGB;PIGQ;ST8SIA6;PIGC
prerank,Small GTPase Mediated Signal Transduction (GO:0007264),0.3270588809738143,1.1108567229142408,2.835498e-01,8.983516e-01,1.000000e+00,19/73,24.99%,CCDC88C;RASGEF1A;RRAGC;RALBP1;SIAH2;ARHGAP30;NF1;CDKN2A;TP53;ARHGAP18;RASGRP2;KRAS;HACD3;G3BP1;ARHGAP8;ARHGEF18;ARHGAP1;RASGRP1;ORC3
prerank,Eye Development (GO:0001654),0.4234600658182594,1.1101829335423885,3.240372e-01,8.990762e-01,1.000000e+00,5/16,22.39%,HIPK2;ATF6;CEP290;POLR2D;ZDHHC16
prerank,RNA-mediated Gene Silencing (GO:0031047),0.4210967525278713,1.1101788333717677,3.354511e-01,8.971444e-01,1.000000e+00,7/18,17.58%,TARBP2;MOV10;HELZ2;CNOT7;NRDE2;DHX9;AGO4
prerank,Protein O-linked Glycosylation (GO:0006493),0.3382025477883774,1.1098053793092069,3.057758e-01,8.966382e-01,1.000000e+00,25/54,38.21%,TET2;C1GALT1C1;GALNT6;RXYLT1;ST3GAL2;PLOD1;PLOD3;POGLUT1;ST3GAL4;ST6GAL1;OGA;B3GLCT;POMK;GALNT2;GALNT3;POMGNT1;GCNT1;DPM2;ST3GAL3;FKTN;ST8SIA6;SLC35C1;PGM3;GALNT1;TMTC4
prerank,Positive Regulation Of TOR Signaling (GO:0032008),0.35370386716358615,1.109784233273304,3.164109e-01,8.947890e-01,1.000000e+00,12/39,18.53%,NCKAP1L;PIP4P1;TELO2;GPR137B;PIK3CA;CLEC16A;PIH1D1;SLC38A9;SESN2;FNIP1;KLHL22;RPTOR
prerank,Neuron Projection Extension (GO:1990138),-0.33567368793002034,-1.1095040306945305,2.838428e-01,6.415868e-01,1.000000e+00,6/19,16.26%,LLPH;CDK5;CPNE1;HSP90AB1;CDKL3;AUTS2
prerank,Regulation Of Actin Cytoskeleton Organization (GO:0032956),0.3324982825102929,1.1091738710445347,3.130631e-01,8.952417e-01,1.000000e+00,16/58,23.77%,F11R;CDK10;PDGFRB;TAOK1;CRK;SLC4A2;PIK3CA;ARHGAP17;ARHGAP18;ROCK1;EZR;ARHGAP35;RHOA;IQGAP2;SH3BP1;MTOR
prerank,Endomembrane System Organization (GO:0010256),0.302529134603295,1.1089296025796034,2.656410e-01,8.942540e-01,1.000000e+00,49/149,26.60%,ATL1;VAPB;TRIP11;SEC23IP;ARHGEF7;COG4;VPS11;PLEKHA3;TANGO2;TRAPPC12;BLZF1;JAGN1;WASHC5;COG1;DYM;SEC31A;SEC16A;SMPD4;COG5;ARFGEF1;GOLGA8O;REEP3;AKTIP;HOOK2;UBXN2B;ATL3;GBF1;COG2;RAB22A;DNAJC13;NSFL1C;VPS18;VPS51;NPLOC4;GOLGA8A;DMPK;ALS2;EIF2AK3;ARFGEF2;PI4K2B;RAB29;RNF26;BCAS3;DOP1B;COG3;REEP5;COG7;GOLPH3;GOLGB1
prerank,Regulation Of Actin Polymerization Or Depolymerization (GO:0008064),0.42043631404724435,1.1088468353345604,3.397190e-01,8.926818e-01,1.000000e+00,8/18,24.44%,FCHSD1;WDR1;GBA2;MEGF9;ARHGAP18;ARHGAP35;SH3BP1;NAA80
prerank,Response To Organic Cyclic Compound (GO:0014070),0.37409742745918373,1.1088468308791226,2.967581e-01,8.907744e-01,1.000000e+00,7/28,18.65%,STAT3;ARL6IP5;HLCS;STAT5B;TNF;ALAS1;ATF1
prerank,Regulation Of Notch Signaling Pathway (GO:0008593),0.36120155618051303,1.1083841090626039,3.258560e-01,8.906557e-01,1.000000e+00,16/38,32.08%,STAT3;SREBF2;ZBTB7A;TSPAN14;ARRB1;POGLUT1;NEPRO;LFNG;LLGL2;TM2D3;SYNJ2BP;MFNG;EPN2;LLGL1;WWP2;CCNC
prerank,Purine Ribonucleotide Metabolic Process (GO:0009150),0.35583360525783797,1.1081713982102497,3.341149e-01,8.895679e-01,1.000000e+00,11/41,20.06%,ACOT8;ABHD14B;ACOT4;MFN1;HSPA8;CLPX;MLYCD;HSPA1A;ACAT1;TPST2;GMPR2
prerank,Regulation Of Signal Transduction (GO:0009966),-0.22367357947087807,-1.1080091356350885,2.222222e-01,6.422203e-01,1.000000e+00,26/110,11.45%,RGS2;GRK6;SNW1;PPP2CA;NCK2;DYNLT1;GATA3;CD55;CREBBP;USP33;ZFAND2B;FUT7;CD3E;DTNBP1;IGFBP4;TIMP1;GIT1;SUMO1;PTPN2;CD63;OGT;RFNG;NCAM1;DGKQ;YWHAG;GALNT11
prerank,Positive Regulation Of Protein Localization (GO:1903829),0.32998888210179894,1.1068574603191177,3.103448e-01,8.925945e-01,1.000000e+00,16/59,20.23%,CEP120;TRAPPC12;GNL3;PARP9;PPP3CB;GPR137B;GNL3L;RTN4;DDRGK1;CEP135;SESN2;SIRT6;SLC5A3;TNF;GSK3B;MARK4
prerank,Organonitrogen Compound Biosynthetic Process (GO:1901566),0.32414043577596774,1.1067511719422747,3.117453e-01,8.911004e-01,1.000000e+00,23/67,30.28%,PCSK5;TYW3;CERS5;SPTLC1;ST3GAL2;HACD2;AKR1A1;TYW1;HACD3;SPHK2;CERS2;SGPL1;ST3GAL4;ALAS1;SLC44A2;TNIP1;GPHN;GOLPH3;GCNT1;SPTLC2;ABHD3;SGMS1;PRKD2
prerank,"Negative Regulation Of Gene Expression, Epigenetic (GO:0045814)",0.3517616492799232,1.1064369078691854,3.137255e-01,8.904465e-01,1.000000e+00,12/41,18.76%,TRIM27;CREBZF;TRIM37;EZH1;ZNF445;HDAC5;BAZ2A;BMI1;SIRT6;SIRT1;CBX3;KMT2D
prerank,Positive Regulation Of Organelle Assembly (GO:1902117),0.33940172318111655,1.1056585953037794,3.183908e-01,8.915294e-01,1.000000e+00,15/48,24.70%,CEP120;UBAP2L;KCTD17;SNX18;IFT88;G3BP1;TNF;PIP4K2B;SH3GLB1;GSK3B;MARK4;CNOT6;IFT20;CNOT6L;DYNC1H1
prerank,Regulation Of Chromatin Organization (GO:1902275),0.39520192531193965,1.1052607722294803,3.468869e-01,8.911708e-01,1.000000e+00,8/23,21.52%,KANSL3;WDR5;KANSL1;ZNF445;MLLT3;MSL1;KAT8;RLIM
prerank,Positive Regulation Of Cholesterol Transport (GO:0032376),0.4283320575853337,1.105078469611724,3.456954e-01,8.900344e-01,1.000000e+00,5/16,18.35%,PTCH1;SCP2;CES1;SIRT1;ABCA7
prerank,Positive Regulation Of Proteolysis Involved In Protein Catabolic Process (GO:1903052),0.3952261818224374,1.104944375768141,3.401937e-01,8.886935e-01,1.000000e+00,8/23,25.04%,CTSC;CCDC22;LAPTM5;DDRGK1;GBA1;PSMC3;PSMC5;MAGEF1
prerank,Negative Regulation Of Supramolecular Fiber Organization (GO:1902904),0.3476724730494963,1.1041199735376237,3.260870e-01,8.899581e-01,1.000000e+00,11/43,18.10%,HDGFL3;TAOK1;ATXN7;HSPA8;SMAD4;PIK3CA;ARFGEF1;KATNB1;PFDN6;TTBK2;ARHGEF2
prerank,Positive Regulation Of Angiogenesis (GO:0045766),0.3422134419015863,1.1037412386705765,3.254505e-01,8.894819e-01,1.000000e+00,12/51,17.81%,RUNX1;HIPK2;GARS1;STIM1;TNFSF12;PKM;PLCG1;HIF1A;ITGB1;SIRT6;SIRT1;THBS1
prerank,Calcium Ion Transport (GO:0006816),0.34315905631188204,1.103565297472248,3.314021e-01,8.883114e-01,1.000000e+00,19/47,32.44%,ATP2A2;PSEN1;ORAI3;TMEM165;STIM1;ORAI1;ATP2C1;NMUR1;ATP2A3;MICU1;ORAI2;MCOLN2;ATP2B4;ANO6;CCL5;TPT1;PKD1;ITPR1;TRPV2
prerank,Positive Regulation Of Interleukin-1 Beta Production (GO:0032731),-0.2961404098725991,-1.103124758666871,2.569832e-01,6.528217e-01,1.000000e+00,7/28,8.35%,EGR1;IFI16;PYHIN1;LGALS9;NLRP2;MALT1;LCP1
prerank,Actin Cytoskeleton Reorganization (GO:0031532),0.3764606527849909,1.102799866111812,3.377246e-01,8.893262e-01,1.000000e+00,9/30,20.18%,RAP2A;FLNA;PTPN1;MYH9;ATP2C1;EZR;TNIK;RHOA;PLEK
prerank,Transmembrane Receptor Protein Serine/Threonine Kinase Signaling Pathway (GO:0007178),0.3317378728334343,1.1025756273424447,3.190045e-01,8.883152e-01,1.000000e+00,23/56,31.80%,STAT3;BMPR2;HIPK2;USP9Y;SMURF2;GARS1;SMAD4;RNF111;ITGB1;SIRT1;ZYX;SMAD5;TGFBRAP1;BMPR1A;ZMIZ2;HPGD;TGFBR1;GDF11;NRROS;SMAD2;JUN;TWSG1;MAPK3
prerank,Regulation Of Angiogenesis (GO:0045765),0.3164821455892264,1.1019965383794503,3.054083e-01,8.886377e-01,1.000000e+00,20/89,17.81%,HGS;RUNX1;MECP2;HIPK2;NF1;ERBB2;PTPRM;STIM1;FASLG;PDE3B;TNFSF12;PLCG1;HIF1A;STAT1;ITGB1;ROCK1;SP100;SIRT1;PLXND1;THBS1
prerank,Import Into Nucleus (GO:0051170),0.32271259510570716,1.101808609556716,3.029638e-01,8.874864e-01,1.000000e+00,14/65,15.54%,STAT3;STK4;PPP1R10;IPO9;CSE1L;IPO8;FAM53B;POM121C;HIKESHI;TSC2;NUP88;NUP188;EIF4ENIF1;NUP214
prerank,Entrainment Of Circadian Clock By Photoperiod (GO:0043153),0.40634593189683094,1.1011879930946153,3.492647e-01,8.879821e-01,1.000000e+00,5/20,12.17%,FBXL17;MTA1;RBM4;TP53;PPP1CA
prerank,Positive Regulation Of Cell Cycle G2/M Phase Transition (GO:1902751),0.4320302828300157,1.0989492992736547,3.517330e-01,8.945857e-01,1.000000e+00,6/15,21.49%,MECP2;RAD51C;CDK4;BRD4;RCC2;RAB11A
prerank,Cellular Response To Alcohol (GO:0097306),0.3908090409337139,1.0987356781167887,3.304455e-01,8.935375e-01,1.000000e+00,14/23,41.14%,PTCH1;PTGER2;CES1;SPIDR;SPHK2;CTNNA1;GNG2;GOLPH3;AKR1C3;OSBPL7;PTGER4;CREB1;CTNNB1;GRAMD1A
prerank,Positive Regulation Of Inflammatory Response (GO:0050729),0.33052181724328367,1.098285963675644,3.325843e-01,8.934563e-01,1.000000e+00,13/54,19.02%,S100A9;S100A8;NKG7;MAPK13;TNFRSF1A;IFNG;VAMP8;ADAM8;DHX9;TNF;GSDMD;CASP1;TNIP1
prerank,ERAD Pathway (GO:0036503),0.3177305014667458,1.0975979480299511,3.109890e-01,8.943555e-01,1.000000e+00,22/73,24.74%,TMEM129;MAN1B1;ANKZF1;UBE2J2;ATF6;USP19;UBE4B;MAN1A1;SYVN1;UBXN8;RNF121;SGTA;UBQLN2;DNAJB12;UBXN4;TRIM25;NPLOC4;VCP;TMUB1;FAF2;UFD1;TMUB2
prerank,Ubiquitin-Dependent Protein Catabolic Process (GO:0006511),0.28669544527595353,1.0975163159711154,2.233400e-01,8.928569e-01,1.000000e+00,79/307,21.53%,FBXL17;PSMD4;ATE1;PSMA6;RNF14;UBL4A;KCTD5;USP28;RNF6;UBE2D4;ZSWIM8;NDFIP1;MTA1;PPP1R11;SH3BGRL;RNF8;SMURF2;SIAH2;UBAP1;RPGR;HECTD3;PPP2R5C;KLHDC3;COP1;ARIH1;UBE2L3;KCTD17;FBXO22;FBXW4;RNF146;UBE4B;RNF111;SYVN1;PSMA7;PSMD11;ARRB1;RAD23B;RNF213;VPS37A;RC3H1;PINK1;PSMB2;PSMD13;DCAF11;SPOP;TOLLIP;CHMP3;UBXN2B;UBE2E1;ARMC8;RHOBTB3;CUL1;UBE2D2;KCTD13;SIRT1;KLHL22;KLHDC2;RBX1;FBXL4;UBXN7;BFAR;RNF4;FBXO21;NSFL1C;CHMP6;CHFR;GSK3B;UBE3B;MAEA;TRIM25;NPLOC4;HERC5;VCP;PSMC3;SHARPIN;PSMC5;WDR81;RLIM;GSK3A
prerank,Protein Insertion Into ER Membrane (GO:0045048),-0.2936894161113628,-1.097332964214727,3.146067e-01,6.661563e-01,1.000000e+00,5/28,1.95%,EMC6;CCDC47;WDR83OS;TRAM1;RAB5IF
prerank,Regulation Of Adaptive Immune Response (GO:0002819),0.43351331467216053,1.0971451409378807,3.424479e-01,8.924037e-01,1.000000e+00,10/15,45.08%,TRIM27;FADD;SIRT1;IRF7;FCGR2B;PYCARD;AKIRIN2;RIPK3;SAMSN1;EIF2AK4
prerank,Glycolipid Metabolic Process (GO:0006664),0.4027946724322459,1.096660048151911,3.727034e-01,8.924747e-01,1.000000e+00,8/20,19.49%,GBA2;ST3GAL2;SCCPDH;SMPD1;CPTP;ST3GAL4;FUCA1;SUMF1
prerank,Protein Monoubiquitination (GO:0006513),0.3475460710472334,1.096461917556446,3.329412e-01,8.914245e-01,1.000000e+00,21/39,37.23%,FANCA;UBE2O;TRIM37;FAAP20;PEX2;OBI1;KLHL22;RBX1;TRIM25;FANCF;RNF220;TRIM21;FANCG;WAC;FAAP100;KLHL12;RAD18;TRIM56;UBE3D;TRIM41;MGRN1
prerank,Positive Regulation Of Cell-Substrate Adhesion (GO:0010811),-0.27016099022372597,-1.0963569357743828,2.685714e-01,6.648730e-01,1.000000e+00,11/37,15.57%,CDC42;TRIOBP;MYADM;TESK1;CD3E;S100A10;LIMS1;CALR;NEDD9;DMTN;C1QBP
prerank,Plasma Membrane Repair (GO:0001778),0.435051606795333,1.0961556783612045,3.818898e-01,8.907940e-01,1.000000e+00,7/15,27.63%,ARL8B;SMPD1;MYH9;CHMP3;CHMP6;CHMP1A;SYT11
prerank,Modulation By Host Of Symbiont Process (GO:0051851),-0.28320762428392743,-1.0958947970411521,3.024691e-01,6.620928e-01,1.000000e+00,5/33,8.98%,SAP30BP;CDC42;SNW1;INPP5K;CHD1
prerank,Protein Deacylation (GO:0035601),0.40582400943568087,1.0957440239994727,3.422392e-01,8.905635e-01,1.000000e+00,11/19,38.66%,SIRT7;HDAC6;SIRT6;ABHD17A;SIRT1;HDAC4;SIRT5;LYPLAL1;PPT1;ABHD17B;ABHD17C
prerank,DNA-templated Transcription Initiation (GO:0006352),0.3335081332711218,1.095604553523309,3.303167e-01,8.892919e-01,1.000000e+00,18/53,24.59%,MED27;GTF2F2;TAF7;ZFP36L1;TAF6;NCOA6;MED7;CCNH;MED17;UBTF;GTF3C1;POLR2D;PAAF1;ERCC3;CDK7;TBP;TAF5;GTF2B
prerank,Golgi To Plasma Membrane Protein Transport (GO:0043001),0.39047862119490134,1.095537476167761,3.417722e-01,8.877375e-01,1.000000e+00,10/24,29.84%,BLZF1;RAB10;GGA1;GGA2;SYS1;VAMP2;GOLGA4;BBS2;GOLPH3;PREPL
prerank,Positive Regulation Of Wnt Signaling Pathway (GO:0030177),0.33536297998693243,1.095370468792029,3.480726e-01,8.866393e-01,1.000000e+00,19/57,26.50%,ZEB2;CSNK2A1;CSNK1G1;USP34;SMURF2;FAM53B;SPIN1;CAPRIN2;RNF146;PPM1A;WNK1;TMEM9;RUVBL1;TNKS;VCP;TNKS2;RNF220;ILK;CCAR2
prerank,Regulation Of miRNA Transcription (GO:1902893),0.3618086819272198,1.0953392065431695,3.587224e-01,8.849926e-01,1.000000e+00,8/32,17.59%,STAT3;MRTFA;GNL3;TP53;HIF1A;SRF;NCOR1;TNF
prerank,Positive Regulation Of Nucleic Acid-Templated Transcription (GO:1903508),0.2849406231968463,1.0950164788217733,2.124248e-01,8.844503e-01,1.000000e+00,115/362,28.88%,SUPT7L;DVL3;RUNX1;STAT3;EPC2;BICRAL;RNF14;HNRNPD;ATMIN;RNF6;BRD8;KANSL3;ELF4;WDR5;MED1;PSEN1;HIPK2;MTA1;PARP9;MED12;KANSL1;UBE2V1;TAF7;DYRK1B;ENY2;SMARCC2;EP400;KLF2;PPP3CB;INO80D;ACTR8;SPIN1;ATXN7;CNBP;TAF6;TRRAP;CEP290;SMAD4;SMARCA2;NCOA6;PICALM;MLLT3;NFIL3;RNF111;CALCOCO1;NR1D2;SHC1;MBD3;MED17;TP53;MRGBP;PPM1A;INO80;EDRF1;HIF1A;STAT1;MSL1;TAF15;CITED2;ATXN7L3;ZNF398;MLLT11;KMT2A;FOXK1;TAF9;SP100;BRD4;TAF5L;IKBKB;INO80C;F2R;TNF;NAA15;GPATCH3;CASZ1;KAT8;RUVBL1;TRIP4;RREB1;CREB3L2;RNF4;SMAD5;SNX5;VPS72;PCID2;PSMC5;RUVBL2;NSD1;BRPF1;INO80B;KAT6B;KAT6A;FUBP3;DXO;RXRB;TAF5;ILK;NME2;TGFBR1;CHD3;MAP2K7;HDAC4;TFAM;REST;KAT5;IRF7;TASP1;CTCF;NAA16;ILF3;SUPT20H;XRCC6;RBBP4;MMS19;CEBPB
prerank,Protein Tetramerization (GO:0051262),0.351677058499916,1.0942193554411292,3.497653e-01,8.856522e-01,1.000000e+00,8/39,15.73%,SOD2;GBP5;FARSA;ALDH9A1;CUTC;NUDT21;CRYZ;ACOT13
prerank,Protein Import Into Mitochondrial Matrix (GO:0030150),-0.33416356967715466,-1.0938588100551405,3.362445e-01,6.640746e-01,1.000000e+00,6/17,10.32%,TIMM17B;ROMO1;GRPEL2;TIMM17A;GRPEL1;TIMM23
prerank,Negative Regulation Of Tumor Necrosis Factor Superfamily Cytokine Production (GO:1903556),0.3882642245352192,1.0933743896397023,3.474471e-01,8.853819e-01,1.000000e+00,9/23,27.63%,TRIM27;LILRB1;ELF4;HAVCR2;NFKBIL1;CACTIN;NLRC3;MC1R;SYT11
prerank,Negative Regulation Of Tumor Necrosis Factor Production (GO:0032720),0.3882642245352192,1.0933743896397023,3.474471e-01,8.853819e-01,1.000000e+00,9/23,27.63%,TRIM27;LILRB1;ELF4;HAVCR2;NFKBIL1;CACTIN;NLRC3;MC1R;SYT11
prerank,Protein Processing (GO:0016485),0.33307116994236236,1.0932026140692357,3.277962e-01,8.841838e-01,1.000000e+00,20/58,27.24%,PCSK5;HTRA2;PSEN1;RCE1;PTCH1;CPD;MBTPS1;SPPL3;SPCS1;METAP1;CASP2;PITRM1;CASP1;SEC11C;SPCS3;PCSK7;YME1L1;PSENEN;ADAM10;ADAM17
prerank,Proteasome-Mediated Ubiquitin-Dependent Protein Catabolic Process (GO:0043161),0.2862170276065881,1.0920221794733833,2.648540e-01,8.866108e-01,1.000000e+00,69/273,21.53%,ASCC3;FBXL17;PSMD4;PSMA6;TMEM129;KCTD5;MAN1B1;ZSWIM8;MTA1;ANKZF1;FBXL6;SH3BGRL;SMURF2;SIAH2;UBE2J2;ANAPC10;HECTD3;USP19;PPP2R5C;KLHDC3;COP1;KCTD17;FBXW4;CDC16;UBE4B;MAN1A1;DCAF12;SYVN1;UBXN8;PSMA7;PSMD11;ANAPC7;ARRB1;RAD23B;RNF121;PSMB2;PSMD13;SGTA;DCAF11;SPOP;FBXL20;UBXN2B;ARMC8;RHOBTB3;CUL1;KCTD13;SIRT1;UBQLN2;KLHL22;KLHDC2;RBX1;FBXL4;UBXN7;BFAR;TRIP4;UBXN4;RNF4;NSFL1C;GSK3B;MAEA;TRIM25;NPLOC4;VCP;TMUB1;PSMC3;SHARPIN;PSMC5;FBXO4;GSK3A
prerank,Negative Regulation Of Signal Transduction (GO:0009968),0.3018832992083004,1.091783589436258,3.197917e-01,8.857089e-01,1.000000e+00,48/117,32.11%,YWHAB;HGS;LRRC14;INPPL1;TMBIM6;ZBTB7A;CSNK2A1;PTCH1;SIGIRR;PRKCZ;TSC2;SMPD1;PTPN1;TMBIM1;NFKBIL1;LEPROT;ARRB1;RGS14;GBA1;PTPN18;TNF;OTUD4;THBS1;SMAD5;PIP4K2B;LRPAP1;LEPROTL1;CSNK2A2;PLEK;VCP;GRINA;GSK3A;CACTIN;CRY1;TLE1;HIC1;VGLL4;CX3CR1;PRKCQ;INPP5D;PTPRJ;CCL5;EPN2;TAX1BP3;PRKCB;WWP2;CCNC;GPS2
prerank,Positive Regulation Of T Cell Activation (GO:0050870),-0.24816468983716164,-1.0904454843817062,3.500000e-01,6.708022e-01,1.000000e+00,10/64,7.68%,HLA-A;HLA-DRB5;NCK2;HSPD1;GATA3;CD81;BRD7;LGALS9;CD3E;ZBTB1
prerank,Positive Regulation Of Ubiquitin-Protein Transferase Activity (GO:0051443),-0.30981459992638327,-1.0902790471676764,2.731707e-01,6.670759e-01,1.000000e+00,6/22,15.11%,SKP1;PIN1;DCUN1D1;UBE2S;AXIN1;FBXW7
prerank,Protein Phosphorylation (GO:0006468),0.28354143535654336,1.0896662093481666,2.577733e-01,8.915161e-01,1.000000e+00,115/317,31.89%,MAML1;CDK10;PDGFRB;DAPK2;STK4;DYRK4;STK19;MAPK9;MAPK14;CSNK2A1;STRADA;HIPK3;BMPR2;CSNK1G1;UVRAG;TAOK1;CLK2;GRK5;COQ8A;HIPK2;STK10;SRPK1;TP53RK;TAF7;PRKCZ;DYRK1B;NUAK1;PIK3C3;ATP13A2;PPP3CB;MAST3;CDK4;ERBB2;STK38;MAPK13;TAF6;PDK2;PRDX4;UHMK1;CILK1;STK39;PINK1;TBK1;CSK;STK11;NEK1;TAF9;ROCK1;COQ8B;MORC3;CDK19;WNK1;IKBKB;TTBK2;LATS2;DYRK2;TNIK;ATR;GSK3B;STK16;CSNK2A2;PICK1;CDK12;CAB39;MARK4;DMPK;TNKS;SBK1;RIOK2;CDK16;GSK3A;EIF2AK3;BRAF;NEK7;PAK6;TBP;ABI3;AKT3;BMPR1A;SMG1;MTOR;TAF5;CAMK1D;ILK;TGFBR1;ABI2;HTATIP2;PRKACB;MAP4K2;CLK4;MAP3K13;MAST4;ADAM10;PEAK3;STK32C;PRKAG2;MARK3;MAP3K11;PRKCQ;ILF3;GLYCTK;CDKL1;TAF3;PRKD2;SMAD2;PRKCH;PRKCB;TBCK;TAOK2;VRK1;FGFR1;PKD1;CDK2;MAPK3;PTK2B
prerank,Positive Regulation Of Canonical Wnt Signaling Pathway (GO:0090263),0.3436740342415104,1.08933568629354,3.494253e-01,8.910436e-01,1.000000e+00,17/46,26.50%,ZEB2;CSNK1G1;USP34;SMURF2;FAM53B;CAPRIN2;RNF146;PPM1A;WNK1;TMEM9;RUVBL1;TNKS;VCP;TNKS2;RNF220;ILK;CCAR2
prerank,Positive Regulation Of Natural Killer Cell Mediated Immunity (GO:0002717),-0.3344512069011272,-1.0892698013413415,3.228346e-01,6.656367e-01,1.000000e+00,6/17,11.96%,KIR2DL4;CRTAM;KLRC2;SH2D1B;CD160;SLAMF6
prerank,RNA Biosynthetic Process (GO:0032774),0.38190876811160557,1.0892088310363843,3.475000e-01,8.898073e-01,1.000000e+00,13/25,36.43%,TAF7;ZFP36L1;TAF6;NCOA6;TCEA2;SETX;MTERF1;TBP;TAF5;POLA2;RSF1;PRMT5;PRIM1
prerank,Positive Regulation Of DNA-binding Transcription Factor Activity (GO:0051091),0.2979203803117434,1.08877981570601,3.193018e-01,8.896151e-01,1.000000e+00,46/150,28.14%,S100A9;S100A8;TRIM27;RNF31;STAT3;PSMA6;ZBTB7A;TRAF6;HIPK2;TRIM38;TRIM37;UBE2V1;PRKCZ;COPS5;HDAC5;TRIM5;ADAM8;DDRGK1;TRAF2;MAVS;SRF;HSPA1A;KDM1A;LPAR5;DHX9;IKBKB;TNF;ARHGEF2;PPIA;TRIM25;CRTC3;CRTC2;RIGI;RNF220;TRIM22;TRIM21;CAMK1D;MTDH;HDAC4;MAP3K13;CX3CR1;TRIM52;RNF25;FLOT2;PRKCQ;PHB2
prerank,Mitotic G1 DNA Damage Checkpoint Signaling (GO:0031571),0.4146766805501255,1.0887114540601037,3.478261e-01,8.881487e-01,1.000000e+00,8/17,31.77%,CDKN1B;RFWD3;TP53;RPA2;CASP2;CRADD;WAC;CDK2
prerank,Positive Regulation Of Macromolecule Metabolic Process (GO:0010604),0.2957596178805258,1.088530086853891,3.112245e-01,8.869877e-01,1.000000e+00,48/160,25.06%,HGS;STAT3;ACTA2;ZBTB7B;LILRB1;MAPK9;MAPK14;BMPR2;MED1;PSEN1;ATP13A2;KLF2;GARS1;FAM98A;LAPTM5;IFNG;PTPN1;CALCOCO1;DDRGK1;PIK3R3;TP53;SCRIB;HIF1A;KRAS;CITED2;GBA1;HSPA1A;ROCK1;UXT;EZR;TERF2;TNF;GSK3B;DHX36;MAP2K5;GSK3A;EIF2AK3;BRAF;RIGI;BMPR1A;RAB29;MTOR;TLE1;FUBP3;ANXA2;RDX;VPS35;TGFBR1
prerank,Positive Regulation Of Myeloid Leukocyte Differentiation (GO:0002763),0.3728698458878079,1.087396804430826,3.504274e-01,8.895054e-01,1.000000e+00,6/27,12.38%,RUNX1;TRAF6;FADD;ZFP36L1;IFNG;TMEM64
prerank,Leukocyte Cell-Cell Adhesion (GO:0007159),0.3972574482349867,1.0872828762562947,3.741851e-01,8.882053e-01,1.000000e+00,10/20,30.95%,F11R;CERCAM;ITGB1;ITGAL;ROCK1;EZR;TNIP1;CCL5;ITGB2;SEMA4D
prerank,Neutrophil Migration (GO:1990266),-0.2814577591832035,-1.0871172398064495,3.655914e-01,6.682001e-01,1.000000e+00,3/31,1.26%,XCL1;XCL2;PPIB
prerank,Carbohydrate Catabolic Process (GO:0016052),0.3819619468948123,1.086796565384696,3.403990e-01,8.883453e-01,1.000000e+00,11/23,34.17%,PGAM1;HK1;TPI1;PKM;CTBS;ENOSF1;MANBA;ENO2;ALDOC;PGK1;PFKL
prerank,Transcription Initiation At RNA Polymerase II Promoter (GO:0006367),0.3275784340783292,1.086550190501998,3.378227e-01,8.875762e-01,1.000000e+00,19/60,25.70%,MED27;GTF2F2;MED1;TAF7;GTF2A1;TAF6;MED7;MED17;TAF9;POLR2D;MED8;PAAF1;ERCC3;DR1;CDK7;TBP;TAF5;GTF2B;MED21
prerank,Negative Regulation Of Cell Projection Organization (GO:0031345),-0.31623048830225714,-1.0862310765092182,3.221154e-01,6.670366e-01,1.000000e+00,3/22,3.36%,ITM2C;GAK;EPHA4
prerank,Regulation Of Cation Channel Activity (GO:2001257),-0.3321908734611872,-1.0859218439822318,3.373984e-01,6.639337e-01,1.000000e+00,3/17,9.18%,CTSS;PDE4D;PRKACA
prerank,Water-Soluble Vitamin Metabolic Process (GO:0006767),0.36641298245939363,1.0855766245231353,3.499407e-01,8.894541e-01,1.000000e+00,13/29,35.19%,FLAD1;SLC2A3;HLCS;MMAB;MTR;BTD;DHFR;MTHFS;MMAA;VNN2;ABCD4;GSTO1;FPGS
prerank,Response To Molecule Of Bacterial Origin (GO:0002237),0.35655833345502763,1.0854283053123999,3.341375e-01,8.883168e-01,1.000000e+00,3/37,1.07%,S100A9;S100A8;CD6
prerank,Negative Regulation Of Cysteine-Type Endopeptidase Activity Involved In Apoptotic Process (GO:0043154),-0.27642077237828977,-1.085359019268779,3.030303e-01,6.616845e-01,1.000000e+00,11/31,16.34%,CARD16;CD44;DNAJB6;IFI6;USP47;ARL6IP1;DDX3X;CDKN2D;LAMTOR5;TRIAP1;IGBP1
prerank,Ceramide Biosynthetic Process (GO:0046513),0.37348507328713065,1.084909255726151,3.460591e-01,8.884954e-01,1.000000e+00,12/27,29.04%,CERS5;SPTLC1;SMPD4;SMPD1;ST3GAL5;GBA1;CERS2;SMPD2;ST8SIA4;CLN8;SPTLC2;SGMS1
prerank,Negative Regulation Of ERK1 And ERK2 Cascade (GO:0070373),-0.3089801975631266,-1.0845058469831748,3.000000e-01,6.603810e-01,1.000000e+00,7/24,10.90%,PIN1;EPHA4;SPRY1;PHB1;DUSP4;PTPN2;DUSP6
prerank,Histone Modification (GO:0016570),0.31640827225472257,1.0843399324062595,3.179318e-01,8.888743e-01,1.000000e+00,28/72,29.73%,EPC2;BRD8;MTA1;ENY2;EP400;HDAC6;TRRAP;HDAC5;MBD3;MRGBP;ATXN7L3;TAF9;SIRT6;SIRT1;USP3;TAF5L;RUVBL1;VPS72;RUVBL2;YEATS2;JADE2;CHD3;HDAC4;KAT5;TADA2A;HDAC8;RBBP4;ING4
prerank,Dephosphorylation (GO:0016311),0.307826706217054,1.0834281232338299,3.261803e-01,8.904932e-01,1.000000e+00,26/92,22.82%,PDPR;PPP3CC;MTMR4;PPP2R5D;CTDSP1;PPP4R3B;PPP3CB;PTPRM;PPP2R5C;DUSP28;PPP2R5E;PPP2R5A;PTPN1;MTMR3;CTDP1;PPP1CA;PPM1A;STK11;PTPN18;UBLCP1;PPP2R2A;SBF1;TIMM50;PTPRA;DUSP18;DUSP22
prerank,Negative Regulation Of Stem Cell Population Maintenance (GO:1902455),-0.32601985714383486,-1.0831136739272964,3.658537e-01,6.602350e-01,1.000000e+00,6/17,15.63%,ING1;ING2;SINHCAF;OGT;SUDS3;SIN3A
prerank,Protein Localization (GO:0008104),0.28369486295229146,1.0818688939398464,2.805247e-01,8.944127e-01,1.000000e+00,77/250,26.42%,VPS33A;HGS;MYO6;SNX17;RAP2A;SEC23IP;EHD1;MESD;DDX42;ATG9A;STX7;HPS6;RRAGC;STX2;HEG1;RAB35;SYNRG;RPGR;SEC31A;AKAP10;KIF3A;COPZ2;HDAC6;AKAP11;GOPC;GGA1;PEX14;RAB5B;TSC2;GGA2;COPA;LAPTM5;FLNA;CLTC;ODR4;MFN2;TP53;HERC2;TMED5;ACD;AKTIP;HOOK2;PAM16;DNAJC19;STXBP2;STX6;RAB6A;ARFIP1;ABHD17A;COPB2;RAB22A;ARHGEF2;TBC1D13;ERCC3;VPS13A;SEPTIN9;VPS45;PICK1;TIMM50;AP4M1;AP2A1;RTP4;BBS2;SNX15;RRAGB;RAB29;SIL1;SNX13;STX12;RNF26;NBEAL2;STX16;VPS35;COG3;NIN;ATG4D;COG7
prerank,Histone H4 Acetylation (GO:0043967),0.3552118938715643,1.0817903419464676,3.582630e-01,8.929294e-01,1.000000e+00,13/36,21.31%,EPC2;BRD8;KANSL3;WDR5;KANSL1;EP400;TRRAP;MRGBP;MSL1;KAT8;RUVBL1;VPS72;RUVBL2
prerank,Positive Regulation Of Macroautophagy (GO:0016239),0.3388068004518594,1.0815760315465857,3.612079e-01,8.920698e-01,1.000000e+00,14/49,19.46%,RNF31;BNIP3;UVRAG;SPTLC1;TSC2;SCOC;PINK1;TBK1;SNX18;SESN2;TOM1;SIRT1;PIP4K2B;SH3GLB1
prerank,Regulation Of Cellular Catabolic Process (GO:0031329),0.33707834488242133,1.0813025027216003,3.488636e-01,8.913767e-01,1.000000e+00,13/50,19.31%,DAPK2;UVRAG;MTMR4;PIK3C3;GPR137B;HDAC6;DCAF12;MTMR3;ROCK1;DRAM2;KAT8;RPTOR;PIP4K2B
prerank,Positive Regulation Of Cellular Biosynthetic Process (GO:0031328),-0.2130709972718058,-1.0809870412123304,2.333333e-01,6.626189e-01,1.000000e+00,25/106,13.49%,EGR1;RBM3;GUF1;IRS2;EIF3E;YTHDF3;NPM1;HBB;CIRBP;NIBAN1;POLDIP3;SOX4;LPGAT1;PTPN2;ARPP19;HSP90AB1;OGT;SIRT2;DDX3X;DDAH2;GIPC1;AKT1;ELAVL1;FXR1;NR1H2
prerank,External Encapsulating Structure Organization (GO:0045229),0.4077768673452097,1.0808365542948468,3.696498e-01,8.914307e-01,1.000000e+00,6/17,27.33%,COL13A1;NF1;ATP7A;SPOCK2;MMP23B;COLQ
prerank,Negative Regulation Of Response To Endoplasmic Reticulum Stress (GO:1903573),0.39466300432838525,1.0793742239026691,3.549618e-01,8.950004e-01,1.000000e+00,5/19,14.99%,TMBIM6;BCL2L1;SYVN1;PTPN1;HSPA1A
prerank,Cellular Response To Light Stimulus (GO:0071482),0.3384955181235467,1.0792396927343324,3.604119e-01,8.937975e-01,1.000000e+00,13/44,21.31%,USP28;NOC2L;DDB2;MAPK13;ERCC4;SMPD1;TP53;INO80;KDM1A;RBX1;ATR;DHX36;RUVBL2
prerank,Protein Dephosphorylation (GO:0006470),0.3071610288272003,1.078287666658025,3.358209e-01,8.955214e-01,1.000000e+00,25/87,22.82%,PDPR;PPP3CC;MTMR4;PPP2R5D;CTDSP1;PPP4R3B;PPP3CB;PTPRM;PPP2R5C;PPP2R5E;PPP2R5A;PTPN1;MTMR3;CTDP1;PPP1CA;PPM1A;STK11;PTPN18;UBLCP1;PPP2R2A;SBF1;TIMM50;PTPRA;DUSP18;DUSP22
prerank,Epithelium Development (GO:0060429),0.33812271522177134,1.0781388454006215,3.497653e-01,8.943878e-01,1.000000e+00,25/45,45.14%,PTCH1;WDPCP;PIH1D1;CES1;BDH2;STAT1;TOLLIP;PTER;CBR1;MTHFD1;TPP1;ALDOC;PKD1;TAGLN2;PGK1;TIMELESS;CPT1A;HNRNPH3;KRIT1;VCL;AHI1;CCM2;JAK2;PKD2;FUZ
prerank,Positive Regulation Of JNK Cascade (GO:0046330),-0.26865650710807615,-1.0780966776873666,2.985075e-01,6.675941e-01,1.000000e+00,8/42,9.04%,GADD45B;MAP3K10;MAP3K5;HMGB1;GADD45G;TRAF1;TRAF5;MINK1
prerank,Maintenance Of Protein Location In Nucleus (GO:0051457),0.40104887139551637,1.077095875809599,3.635188e-01,8.964498e-01,1.000000e+00,5/18,16.31%,SUPT7L;RANGAP1;CHCHD10;SP100;MORC3
prerank,Regulation Of Intracellular Estrogen Receptor Signaling Pathway (GO:0033146),0.4088817765836451,1.0767307857205572,3.968872e-01,8.960690e-01,1.000000e+00,6/17,26.08%,VPS11;DDRGK1;PAGR1;KMT2D;VPS18;UFSP2
prerank,Cellular Response To UV (GO:0034644),0.3235885058970026,1.0764493406178672,3.632337e-01,8.953806e-01,1.000000e+00,17/59,21.31%,MAPK14;USP28;NOC2L;DDB2;MAPK13;ERCC4;PPID;SMPD1;TP53;INO80;STK11;KDM1A;SIRT1;RBX1;ATR;DHX36;RUVBL2
prerank,Negative Regulation Of Multicellular Organismal Process (GO:0051241),-0.22012230890978687,-1.0757802768196625,1.951220e-01,6.704841e-01,1.000000e+00,33/111,17.49%,RGS2;PPP2CA;ATP2B1;IFNGR1;GATA3;RBPJ;EPHA4;SRGN;CHSY1;ING1;SPRY1;IL18R1;SRSF6;ATF4;ING2;PARP1;TIMP1;SINHCAF;PGAM5;HDAC9;OGT;CALR;SUDS3;ARID4A;LDLRAD4;NR1H2;RAB11FIP1;ID1;SIN3A;USF3;SDHAF2;WWC3;SPRY2
prerank,Secondary Alcohol Biosynthetic Process (GO:1902653),0.38126438106336613,1.0754013592031706,3.650190e-01,8.976690e-01,1.000000e+00,5/23,14.13%,LSS;MVK;INSIG2;CES1;ARV1
prerank,Nucleic Acid Metabolic Process (GO:0090304),0.3825070490697596,1.075228940018114,3.650386e-01,8.966387e-01,1.000000e+00,10/21,30.20%,POLG;PDE12;TOPBP1;ATXN2;RAD50;DXO;DNASE2;XRN2;MMS19;FEN1
prerank,Protein Acylation (GO:0043543),0.35948101140064226,1.0742149206486593,3.758865e-01,8.985491e-01,1.000000e+00,13/30,30.91%,PORCN;ZDHHC12;ZDHHC6;ZDHHC21;ZDHHC16;NAT10;ZDHHC20;KAT6A;NAA80;GTF2B;ZDHHC7;ING4;ZDHHC2
prerank,Endoplasmic Reticulum To Cytosol Transport (GO:1903513),0.4135045023936762,1.0738492074812311,3.927614e-01,8.982679e-01,1.000000e+00,6/15,24.71%,TMEM129;SYVN1;NPLOC4;VCP;FAF2;UFD1
prerank,Phosphorylation (GO:0016310),0.278713759199052,1.0727472333500492,3.035176e-01,9.004411e-01,1.000000e+00,105/295,32.22%,MAML1;STAT3;CDK10;DAPK2;STK4;STK19;MAPK9;GNPTAB;CSNK2A1;STRADA;HIPK3;BMPR2;UVRAG;TAOK1;CLK2;GRK5;HK1;COQ8A;HIPK2;STK10;SRPK1;TP53RK;TAF7;PRKCZ;DYRK1B;NUAK1;PIK3C3;PPP3CB;CDK4;ERBB2;STK38;TAF6;PIK3CA;PDK2;GK5;CILK1;STK39;PINK1;LIMD1;TBK1;CSK;STK11;TOLLIP;PANK3;NEK1;TAF9;SPHK2;ROCK1;COQ8B;MORC3;CDK19;WNK1;IKBKB;LATS2;DGKZ;RPTOR;DYRK2;TNIK;ATR;GSK3B;CSNK2A2;PICK1;MARK4;DMPK;POMK;CDK16;GNPTG;GSK3A;EIF2AK3;BRAF;NEK7;PAK6;TBP;AKT3;BMPR1A;SMG1;MTOR;TAF5;ILK;TGFBR1;PRKACB;MAP4K2;MAP3K13;ADAM10;PEAK3;PRKAG2;MARK3;MAP3K11;PRKCQ;ILF3;GLYCTK;CDKL1;TAF3;PRKD2;PRKCH;PRKCB;TBCK;TAOK2;VRK1;FGFR1;CDK2;MAPK3;PTK2B;DGKK;PIK3CG
prerank,Phospholipid Dephosphorylation (GO:0046839),0.4080384153830906,1.0726249104868586,3.761118e-01,8.991968e-01,1.000000e+00,4/17,11.12%,INPP5B;PIP4P1;FIG4;MTMR3
prerank,Regulation Of Histone Deacetylation (GO:0031063),0.3939341566013255,1.0725172992621232,3.740053e-01,8.978977e-01,1.000000e+00,7/19,27.35%,RRP8;WDR5;BAZ2A;SIRT1;DR1;YEATS2;TADA2A
prerank,Photoperiodism (GO:0009648),0.3897934991146049,1.0720821095668938,3.742331e-01,8.978147e-01,1.000000e+00,5/21,12.17%,FBXL17;MTA1;RBM4;TP53;PPP1CA
prerank,Protein Maturation (GO:0051604),0.3128970644420618,1.071053645056834,3.707743e-01,8.996705e-01,1.000000e+00,28/74,27.62%,PCSK5;CIAO2A;NAA35;BOLA2;GZMB;PSEN1;PTCH1;CPD;MBTPS1;TSPAN14;LIPT1;CIAO1;NAA20;METAP1;CASP2;NAA15;PITRM1;CASP1;GALNT2;PCSK7;MAGEF1;PSENEN;ADAM10;LMF1;TASP1;ADAM17;NAA16;GLRX3
prerank,Negative Regulation Of Antigen Receptor-Mediated Signaling Pathway (GO:0050858),-0.3203175383349996,-1.0707947882719624,3.574661e-01,6.813975e-01,1.000000e+00,8/19,14.83%,SH2D1A;PTPN2;PHPT1;PTPN22;PVRIG;LPXN;SLA2;CD300A
prerank,Positive Regulation Of DNA Recombination (GO:0045911),0.3357227112986826,1.0703980254558714,3.583815e-01,9.004254e-01,1.000000e+00,22/44,33.77%,ERCC6;EPC2;WRAP53;BRD8;EP400;TRRAP;KMT5C;MRGBP;TRAPPC13;HDGFL2;RUVBL1;VPS72;RUVBL2;ACTR2;KAT5;HELQ;MMS19;HMCES;ARID2;MBTD1;DMAP1;TIMELESS
prerank,Golgi To Vacuole Transport (GO:0006896),0.41735917240557363,1.0703967499017526,4.036458e-01,8.987720e-01,1.000000e+00,4/15,9.53%,VTI1B;CCDC91;VTI1A;LAPTM5
prerank,Positive Regulation Of Cytokinesis (GO:0032467),-0.3312697144236493,-1.0684822085709393,3.472222e-01,6.845454e-01,1.000000e+00,4/17,15.82%,CDC42;GIPC1;SVIL;CDC14A
prerank,Plasma Membrane Organization (GO:0007009),0.3319438615992401,1.068312812050168,3.849711e-01,9.045424e-01,1.000000e+00,21/47,33.63%,ARL8B;STX2;SMPD1;MYH9;SNX18;CHMP3;ARV1;BIN2;ABCA7;CHMP6;BIN1;PACSIN2;PLSCR3;CHMP1A;PLSCR1;SYT11;ANO6;BIN3;MICALL1;UGCG;VPS4A
prerank,Regulation Of Cellular Component Organization (GO:0051128),0.3011268757767599,1.0672133179482295,3.605870e-01,9.068931e-01,1.000000e+00,28/99,24.43%,LTBP4;SNX17;NCLN;ATAD3A;RAB4B;RAB5B;TSC2;HSPA8;ALKBH4;SNX12;PICALM;MLLT3;EBAG9;PTPN1;TRAF2;PINK1;STK11;RASGRP2;RAP1B;ROCK1;TNF;RPTOR;MARK4;NUBP1;PACSIN2;PAK6;MTOR;JADE2
prerank,Supramolecular Fiber Organization (GO:0097435),0.29114387631049576,1.0668102166693894,3.660807e-01,9.067773e-01,1.000000e+00,19/138,7.99%,CCDC88C;MYO6;KATNA1;HDGFL3;DBN1;INPPL1;MBD1;CCDC88B;ARHGAP12;BFSP1;ARHGAP25;COLGALT2;SIAH2;FLII;NF1;TUBGCP6;MYO1G;PLOD3;FSD1
prerank,Negative Regulation Of Cellular Metabolic Process (GO:0031324),0.37108873138862775,1.0667601706876324,3.768293e-01,9.052789e-01,1.000000e+00,13/27,34.49%,PINK1;SIRT6;NCOR1;SIRT1;TERF2;TIGAR;AKT3;HDAC4;RBL1;YBX1;SIRT5;PPARA;ITGAV
prerank,Positive Regulation Of Cell Cycle G1/S Phase Transition (GO:1902808),0.36621991068336346,1.066606888102467,3.752998e-01,9.041976e-01,1.000000e+00,8/28,18.53%,CPSF3;ANKRD17;CCND2;PEX2;DDRGK1;LSM10;PAGR1;RPTOR
prerank,mRNA Destabilization (GO:0061157),0.34509498485768125,1.066308427658578,3.864169e-01,9.036252e-01,1.000000e+00,14/36,26.96%,MOV10;ZFP36L1;DIS3L2;PDE12;RC3H1;ROCK1;METTL16;TUT7;AGO4;YTHDF1;DHX36;KHSRP;PUM1;RIDA
prerank,Actin Filament Polymerization (GO:0030041),-0.32541146883156047,-1.0651967016980308,3.425926e-01,6.901801e-01,1.000000e+00,5/18,10.68%,GSN;PSTPIP1;WAS;CORO7;PSTPIP2
prerank,Regulation Of Transmembrane Receptor Protein Serine/Threonine Kinase Signaling Pathway (GO:0090092),0.40406205453094135,1.0650759070003126,3.923885e-01,9.064859e-01,1.000000e+00,4/17,18.02%,LTBP4;SMURF2;SMAD4;LATS2
prerank,Proteasomal Protein Catabolic Process (GO:0010498),0.2851975520936127,1.0645624660917046,3.540183e-01,9.065731e-01,1.000000e+00,47/188,21.53%,FBXL17;PSMD4;ATE1;PSMA6;KCTD5;ZSWIM8;MTA1;SH3BGRL;SMURF2;SIAH2;ATF6;HECTD3;PPP2R5C;KLHDC3;COP1;KCTD17;UBE4B;SYVN1;PSMA7;PSMD11;ARRB1;RAD23B;PSMB2;PSMD13;DCAF11;SPOP;UBXN2B;ARMC8;RHOBTB3;CUL1;KCTD13;SIRT1;KLHL22;KLHDC2;RBX1;UBXN7;BFAR;DNAJB12;RNF4;NSFL1C;GSK3B;MAEA;VCP;PSMC3;SHARPIN;PSMC5;GSK3A
prerank,Neuron Projection Guidance (GO:0097485),0.3513660201682518,1.062843618221936,3.806147e-01,9.111376e-01,1.000000e+00,14/35,33.08%,PALLD;DRAXIN;CYFIP2;MYCBP2;FEZ1;VASP;ARHGAP35;FEZ2;OPHN1;PRKCQ;NEO1;SEMA4D;KLF7;SEMA7A
prerank,Positive Regulation Of DNA Repair (GO:0045739),0.3099022503977154,1.062275060383515,3.600000e-01,9.115323e-01,1.000000e+00,21/68,22.84%,ERCC6;WRAP53;XRCC1;PHF10;RNF8;SMARCC2;INO80D;ACTR8;SMARCA2;INO80;SPIDR;SIRT6;MGMT;DHX9;SIRT1;CCDC117;INO80C;RUVBL1;TIGAR;RUVBL2;INO80B
prerank,Negative Regulation Of Protein Modification Process (GO:0031400),0.325989412872113,1.0619790325419987,3.988571e-01,9.109756e-01,1.000000e+00,12/48,21.74%,YWHAB;PPP1R8;P3H1;CDYL;ENSA;MEN1;IBTK;SIRT1;FKBP8;PPIA;GSK3B;CACTIN
prerank,Regulation Of JUN Kinase Activity (GO:0043506),0.36737274278900073,1.0612838368655642,3.857678e-01,9.118551e-01,1.000000e+00,12/27,27.69%,DVL3;MAP3K4;TRAF6;HIPK3;PTPN1;TRAF2;TNF;ZNF675;MAP4K2;MAP2K7;MAP3K13;MAP3K11
prerank,Positive Regulation Of T Cell Proliferation (GO:0042102),0.3573114513709655,1.0609772186029787,3.997540e-01,9.112930e-01,1.000000e+00,4/31,3.04%,CD6;CCDC88B;NCKAP1L;FADD
prerank,Negative Regulation Of Intrinsic Apoptotic Signaling Pathway (GO:2001243),0.33139176064394793,1.0608096872314692,3.728223e-01,9.102015e-01,1.000000e+00,12/46,18.93%,SOD2;TMBIM6;HTRA2;NOC2L;BCL2L1;SYVN1;PTPN1;PINK1;HSPA1A;SIRT1;ARHGEF2;PPIA
prerank,Fc-epsilon Receptor Signaling Pathway (GO:0038095),0.39555013600346944,1.0606614107362453,3.743590e-01,9.091105e-01,1.000000e+00,7/19,27.75%,MAPK9;TRAF6;PLCG1;MAP2K4;IKBKB;MAP2K7;PRKCQ
prerank,Negative Regulation Of Apoptotic Signaling Pathway (GO:2001234),0.31785213684524327,1.0598068954958162,4.070796e-01,9.104140e-01,1.000000e+00,18/59,22.36%,TMBIM6;PSME3;CSNK2A1;NOC2L;SIAH2;BCL2L1;TMEM14A;TMBIM1;PIH1D1;MEN1;PINK1;PRELID1;HSPA1A;TNF;THBS1;CSNK2A2;GRINA;CAAP1
prerank,Maintenance Of Protein Localization In Organelle (GO:0072595),0.4077976161463635,1.0594580080162908,4.026316e-01,9.100230e-01,1.000000e+00,5/16,16.31%,SUPT7L;HK1;CHCHD10;PINK1;MORC3
prerank,Positive Regulation Of Interleukin-6 Production (GO:0032755),0.34134129177019745,1.0591565794992501,3.844311e-01,9.094457e-01,1.000000e+00,13/38,23.70%,STAT3;MAPK13;CYBA;IFNG;TMEM106A;MAVS;SPHK2;DHX9;F2R;TNF;ARHGEF2;RIGI;SETD4
prerank,Negative Regulation Of Gene Expression (GO:0010629),0.2825372566815877,1.0587954789995169,3.447581e-01,9.091180e-01,1.000000e+00,68/212,28.20%,TRIM27;STAT3;TMBIM6;ASB1;GZMB;MECP2;CSNK2A1;NPTN;PSEN1;CREBZF;NDFIP1;ZNF410;PARP9;PPP1R11;TRIM37;SFMBT2;DIS3L2;CNOT7;PTBP3;HAVCR2;TIA1;SNX12;PICALM;RBM4;IFNG;PARP15;TOB1;BMI1;DDRGK1;PATL2;PINK1;HIF1A;CITED2;EIF4ENIF1;HSPA1A;BTN2A2;SIRT6;METTL16;SIRT1;TERF2;KDM4A;AGO4;TNF;SMAD5;CNPY2;SHQ1;GSK3B;DHX36;DHFR;SETDB2;IFRD2;EIF2AK3;MPHOSPH8;BMPR1A;PNPT1;DXO;CHMP1A;PUM1;MACROH2A1;ADAM10;REST;ZNF148;RIDA;SYT11;FLOT2;ILF3;ATP2B4;RBL1
prerank,Regulation Of Vesicle-Mediated Transport (GO:0060627),0.32019704358737655,1.0584059407580553,3.957637e-01,9.088198e-01,1.000000e+00,13/56,21.49%,SNX17;MBTPS1;RAB4B;RAB5B;TSC2;SNX12;PICALM;PTPN1;CHMP3;VAMP2;DNAJC13;PACSIN2;RAB11A
prerank,Response To Organonitrogen Compound (GO:0010243),0.3660005193394659,1.0582793295026158,3.913580e-01,9.076346e-01,1.000000e+00,8/25,23.77%,RRAGC;ATF6;HLCS;SYVN1;DNAJB12;ATF1;VCP;MTOR
prerank,Regulation Of Mitochondrial Membrane Permeability (GO:0046902),-0.3342277381578156,-1.0582221762276796,3.755274e-01,7.079495e-01,1.000000e+00,6/15,11.13%,PPIF;PMAIP1;THEM4;SLC25A5;HEBP2;NAIF1
prerank,Negative Regulation Of Response To External Stimulus (GO:0032102),0.3050503468357559,1.0581919861799154,3.837953e-01,9.063653e-01,1.000000e+00,24/79,25.01%,STAT3;TRAFD1;EXTL3;ELF4;MUL1;SIGIRR;IL10RA;CRK;MVK;CEP63;AOAH;TNFRSF1A;NFKBIL1;TRIM65;GBA1;CERS2;ATG5;SHARPIN;CACTIN;TRIM21;NLRC3;RNF26;OTULIN;VPS35
prerank,Negative Regulation Of Blood Vessel Endothelial Cell Migration (GO:0043537),0.4026847779398548,1.0578414372254936,3.738796e-01,9.059440e-01,1.000000e+00,6/17,20.36%,MECP2;HDAC5;TNF;THBS1;RHOA;MAP2K5
prerank,Regulation Of Interleukin-2 Production (GO:0032663),-0.2764856037183432,-1.0578312387944675,3.526316e-01,7.050557e-01,1.000000e+00,9/29,11.74%,XCL1;PDE4D;SPTBN1;PDE4B;STOML2;MALT1;ZFP36;HDAC9;PLCG2
prerank,Positive Regulation Of Small Molecule Metabolic Process (GO:0062013),0.3861729843343243,1.0560273734280843,4.007833e-01,9.106361e-01,1.000000e+00,7/21,23.77%,PSEN1;ZBTB20;IFNG;CES1;HIF1A;RPTOR;MTOR
prerank,"Maturation Of SSU-rRNA From Tricistronic rRNA Transcript (SSU-rRNA, 5.8S rRNA, LSU-rRNA) (GO:0000462)",0.36859160943882047,1.0551022057362485,3.909774e-01,9.122589e-01,1.000000e+00,12/23,32.36%,TBL3;DCAF13;TSR1;BMS1;UTP3;UTP6;DHX37;NOP14;HEATR1;UTP4;WDR46;NOL10
prerank,Negative Regulation Of Insulin Receptor Signaling Pathway (GO:0046627),-0.31564459961679536,-1.054767383423157,3.767442e-01,7.104887e-01,1.000000e+00,4/17,9.62%,SOCS1;PIP4K2A;INPP5K;PTPN2
prerank,Negative Regulation Of Myeloid Cell Differentiation (GO:0045638),0.4070008266744909,1.0545338360914034,4.043127e-01,9.125265e-01,1.000000e+00,3/16,10.58%,LEO1;ZFP36L1;PEX2
prerank,Protein Transmembrane Import Into Intracellular Organelle (GO:0044743),-0.2698098833820273,-1.0539505860520917,3.463687e-01,7.090297e-01,1.000000e+00,8/29,10.32%,HSPD1;TIMM17B;ROMO1;GRPEL2;TIMM17A;PEX1;GRPEL1;TIMM23
prerank,Positive Regulation Of Protein Modification Process (GO:0031401),0.2885325536458456,1.0537068273328538,3.685864e-01,9.137364e-01,1.000000e+00,30/126,18.93%,DVL3;RAP2A;STK4;RRP8;NPTN;TAOK1;RALBP1;MOB2;ERBB2;SPPL3;CCND2;PPP2R5A;SMPD1;WDFY2;IFNG;BAZ2A;ARRB1;PIK3R3;PINK1;MAVS;KRAS;AKTIP;GBA1;CCND3;SIRT1;FNIP1;TNF;NSMF;TNIK;PPIA
prerank,Positive Regulation Of Protein Targeting To Membrane (GO:0090314),0.39320665479965244,1.0528102555007584,4.048531e-01,9.153205e-01,1.000000e+00,8/17,45.02%,ERBB2;C2CD5;MFF;CHP1;ITGB2;PRNP;FYN;TCAF1
prerank,Plasma Membrane Invagination (GO:0099024),0.39723325086548317,1.0525564663090023,4.064103e-01,9.145907e-01,1.000000e+00,11/17,31.58%,ARHGAP12;ARHGAP25;ALKBH4;MYH9;SNX18;BIN2;RHOA;SH3BP1;ITGB2;SPIRE1;FCGR2B
prerank,Regulation Of Fibroblast Proliferation (GO:0048145),0.3525913519351094,1.0514588645847331,3.894118e-01,9.168354e-01,1.000000e+00,7/29,16.31%,NF1;CDK4;PEX2;BMI1;TP53;DHX9;MORC3
prerank,Ribosome Biogenesis (GO:0042254),0.28834862962471625,1.0512716500897321,4.025157e-01,9.159171e-01,1.000000e+00,38/118,26.07%,DHX29;NOL8;PES1;TBL3;NOC2L;WDR75;DDX49;DCAF13;EMG1;NOM1;SURF6;DIMT1;NOLC1;RRP7A;PIH1D1;ESF1;WDR18;NOC4L;MRPL36;SPATA5;EBNA1BP2;BMS1;METTL17;PELP1;NIP7;UTP3;TNIP1;RBIS;RIOK2;NAT10;UTP6;DHX37;SPPL2B;MRM2;NOP14;GTF3A;HEATR1;XRN2
prerank,Positive Regulation Of Amide Metabolic Process (GO:0034250),-0.23838942838542418,-1.0512368645078503,3.786408e-01,7.138587e-01,1.000000e+00,16/65,13.38%,RBM3;IFNGR1;GUF1;EIF3E;EPHA4;YTHDF3;NPM1;CIRBP;NIBAN1;POLDIP3;SOX4;OGT;PLA2G6;DDX3X;ELAVL1;FXR1
prerank,Regulation Of Response To Biotic Stimulus (GO:0002831),-0.28574276260082465,-1.0510389549830939,3.588235e-01,7.105267e-01,1.000000e+00,8/27,17.21%,BIRC2;CD55;NFE2L2;IRF1;PTPN22;BIRC3;CASP8;CGAS
prerank,Positive Regulation Of Multicellular Organismal Process (GO:0051240),0.2795325596856435,1.0498564017206307,3.778004e-01,9.192076e-01,1.000000e+00,39/183,19.98%,BICRAL;ZBTB7B;RBM19;NR2C2;CCDC88B;BCL9L;AGPAT1;BMPR2;MED1;PRKAB2;BSCL2;CNOT3;CMKLR1;PHF10;SMURF2;NMB;PLAAT4;SOD1;SMAD4;SMARCA2;CADM1;IFNG;RTN4;ADAM8;MFN2;TMEM64;SS18;ARID4B;KDM1A;ROCK1;SIRT6;SIRT1;F2R;NCOA3;TNF;ABCA7;RREB1;LRPAP1;ADRB2
prerank,Axon Guidance (GO:0007411),0.3321957275447323,1.0494441153209397,3.870968e-01,9.190570e-01,1.000000e+00,16/43,33.08%,PALLD;DRAXIN;CYFIP2;PTPRM;MYCBP2;FEZ1;VASP;ARHGAP35;PLXND1;FEZ2;OPHN1;PRKCQ;NEO1;SEMA4D;KLF7;SEMA7A
prerank,Regulation Of Cell-Matrix Adhesion (GO:0001952),0.336222143398306,1.048346209484088,3.961353e-01,9.212898e-01,1.000000e+00,10/37,21.42%,NF1;CDKN2A;PLEKHA2;ADAM15;NF2;ROCK1;THBS1;RHOA;GSK3B;PTPRA
prerank,Positive Regulation Of Notch Signaling Pathway (GO:0045747),0.4041975765244739,1.0476161998124962,4.276316e-01,9.222792e-01,1.000000e+00,4/16,15.02%,STAT3;TSPAN14;POGLUT1;NEPRO
prerank,Organelle Organization (GO:0006996),0.27138911714832037,1.0476100359787177,3.724900e-01,9.207101e-01,1.000000e+00,92/292,26.85%,PALLD;ATL1;VAPB;TRIP11;SEC23IP;ARHGEF7;COG4;VPS11;TANGO2;TRAPPC12;BLZF1;STX7;HPS6;JAGN1;BSCL2;ABCD3;COG1;ATAD3A;DYM;CHCHD10;MAST3;SEC31A;ATXN7;KIF3A;PEX11B;PEX14;SEC16A;SMPD4;SH3BGRL3;COG5;ARFGEF1;EPS15;STRIP1;PPID;WDPCP;CAPZB;PEX2;GOLGA8O;PINK1;LIMD1;CHMP3;UBXN2B;ATL3;GBA1;GBF1;COG2;RHOT2;ZMYM6;SNX11;DNAJA3;DIAPH1;YTHDF1;IQCG;TNIK;PPIA;NSFL1C;VPS18;CHMP6;VPS51;CLUH;NPLOC4;GOLGA8A;MARK4;BIN1;ATP7A;WDR81;PACSIN2;HAT1;YME1L1;EIF2AK3;RHOT1;PAK6;PI4K2B;KAT6A;RAB29;MTOR;CHMP1A;FAF2;BCAS3;FANCG;ABI2;DOP1B;PEX3;COG3;PLAAT3;REEP5;MAST4;COG7;GOLPH3;GOLGB1;DPYSL2;CFAP410
prerank,Positive Regulation Of Apoptotic Signaling Pathway (GO:2001235),0.32546968751579597,1.047425830530925,4.112903e-01,9.196910e-01,1.000000e+00,13/43,25.06%,S100A9;S100A8;FADD;TRIM39;TNFSF12;TP53;TRAF2;BBC3;TNF;BCAP31;FAS;CRADD;TGFBR1
prerank,Cellular Response To Organonitrogen Compound (GO:0071417),0.316618440072468,1.0467132234975762,4.102564e-01,9.205470e-01,1.000000e+00,17/54,28.16%,CPEB4;RRAGC;ZFP36L1;MAPK13;SLC38A9;SESN2;RAP1B;DIAPH1;EZR;NSMF;CAPN2;RPTOR;CTNNA1;RRAGB;MTOR;GOLPH3;ATP2B4
prerank,Cellular Response To Interferon-Beta (GO:0035458),-0.3301635151404483,-1.045973574098009,3.717949e-01,7.225094e-01,1.000000e+00,5/15,11.40%,IFI16;PYHIN1;IFITM2;IRF1;OAS1
prerank,Mitochondrial Respiratory Chain Complex I Assembly (GO:0032981),-0.24618398986591952,-1.0446979172448723,3.539823e-01,7.185118e-01,1.000000e+00,9/53,7.41%,NDUFB9;NDUFB11;NDUFA1;BCS1L;NDUFB6;NDUFS8;NDUFS3;NDUFC2;NDUFB1
prerank,NADH Dehydrogenase Complex Assembly (GO:0010257),-0.24618398986591952,-1.0446979172448723,3.539823e-01,7.185118e-01,1.000000e+00,9/53,7.41%,NDUFB9;NDUFB11;NDUFA1;BCS1L;NDUFB6;NDUFS8;NDUFS3;NDUFC2;NDUFB1
prerank,Glucose Metabolic Process (GO:0006006),0.33687980092454956,1.0445114744505561,4.073171e-01,9.266290e-01,1.000000e+00,13/37,28.95%,SLC25A1;PGAM1;HK1;TPI1;MDH1;POLR2D;KHSRP;SLC25A13;CRTC2;CRY1;GAA;ENO2;DCXR
prerank,Regulation Of Protein Polymerization (GO:0032271),0.40289736584971453,1.0441487927057451,4.383736e-01,9.263159e-01,1.000000e+00,4/17,12.45%,FCHSD1;GBA2;MEGF9;ARHGAP18
prerank,Regulation Of Glucose Import (GO:0046324),-0.3333822747217254,-1.0438258172391903,3.761905e-01,7.173142e-01,1.000000e+00,6/17,16.23%,PIK3R1;IRS2;RHOQ;ARPP19;AKT1;PTPN11
prerank,Regulation Of ERK1 And ERK2 Cascade (GO:0070372),-0.21587314330096147,-1.0434728944110039,3.230769e-01,7.145097e-01,1.000000e+00,16/94,11.26%,XCL1;XCL2;GPR183;PIN1;CD44;EPHA4;HMGB1;SPRY1;LGALS9;DENND2B;PHB1;DUSP4;PTPN2;PTPN22;DUSP6;PRKCA
prerank,Regulation Of Amide Metabolic Process (GO:0034248),0.342975109288504,1.0429923682458473,4.185493e-01,9.285820e-01,1.000000e+00,12/33,21.16%,PGAM1;ELP6;ELP4;DUS3L;PICALM;NOLC1;ATXN2;METTL18;ROCK1;METAP1;MSI2;TIGAR
prerank,Vesicle Organization (GO:0016050),0.30890627041849705,1.0429115325493659,4.219780e-01,9.272850e-01,1.000000e+00,27/72,25.14%,VPS11;PLEKHA3;STX7;WASHC5;TRAPPC6B;PICALM;EPS15;EEA1;VAMP8;HOOK2;TRAPPC1;VAMP2;STX6;SNX11;TRAPPC13;RAB22A;DNAJC13;VPS18;CHMP6;ALS2;ARFGEF2;PI4K2B;STX12;RNF26;ANXA2;STX16;GOSR2
prerank,tRNA Aminoacylation (GO:0043039),0.37503097902228383,1.0428162792301505,4.198966e-01,9.260229e-01,1.000000e+00,7/21,23.42%,RARS2;GARS1;FARS2;RARS1;HARS1;HARS2;IARS2
prerank,Positive Regulation Of Cellular Component Organization (GO:0051130),0.30670509120757944,1.042356561080389,4.077778e-01,9.259851e-01,1.000000e+00,22/64,28.27%,RUNX1;BNIP3;GNL3L;SMPD1;IFNG;SPIDR;AHNAK;BCL2L11;GBA1;FNIP1;TNF;SH3GLB1;GSK3B;ATP10A;VCP;MTLN;ANXA2;TGFBR1;CHAF1B;TFR2;PTPN23;DCTN1
prerank,Protein Localization To Organelle (GO:0033365),0.29305167274835175,1.0422968982357472,4.038257e-01,9.246160e-01,1.000000e+00,33/101,26.42%,ZBTB7A;GBP5;EHD1;GET1;TSPAN17;RAB35;TIA1;MARCHF5;SYS1;PEX2;BICD2;DDRGK1;RPA2;MAVS;TOLLIP;MTCH2;GBF1;ATP6V1D;SARM1;RAB6A;DHX9;FKBP8;PACSIN2;CNEP1R1;RAB11A;IFT20;DCP1A;BBS2;GBP1;TTC21B;VPS35;COG3;COG7
prerank,Synapse Organization (GO:0050808),0.3558137711930529,1.0422160696776004,4.154412e-01,9.233121e-01,1.000000e+00,13/27,30.91%,PSEN1;CHCHD10;CAST;PPFIA1;F2R;PLXND1;SPOCK2;GPHN;RAB29;REST;CX3CR1;DCTN1;ZDHHC2
prerank,Regulation Of T Cell Proliferation (GO:0042129),0.3434754014288683,1.0419746998299737,4.148148e-01,9.225878e-01,1.000000e+00,4/33,2.72%,CD6;CCDC88B;LILRB1;NCKAP1L
prerank,Regulation Of Bone Resorption (GO:0045124),0.3930214334706257,1.0418023800315825,4.236842e-01,9.216750e-01,1.000000e+00,4/16,12.38%,GPR137B;NF1;SLC4A2;TMEM64
prerank,Regulation Of Protein Binding (GO:0043393),0.2984190615917577,1.0413088895332783,4.034707e-01,9.218180e-01,1.000000e+00,17/81,15.27%,TMBIM6;STK4;STYX;PSEN1;HIPK2;CRK;PRMT7;SPPL3;PEX14;CAPRIN2;GNL3L;HDAC5;EPB41;PPP1CA;AKTIP;KDM1A;ROCK1
prerank,Positive Regulation Of Protein Modification By Small Protein Conjugation Or Removal (GO:1903322),0.3111920294041713,1.040399689402592,4.184009e-01,9.233283e-01,1.000000e+00,26/65,30.58%,TRAF6;TBC1D7;GNL3;MUL1;NDFIP1;UBE2L3;LAPTM5;COMMD1;PINK1;MYCBP2;PIAS1;RWDD3;KDM1A;TNIP1;GSK3B;PHF23;FBXO4;GSK3A;CRY1;UBE3A;HDAC4;CUL3;TANK;UBQLN1;SPRTN;UBA2
prerank,Negative Regulation Of Protein Serine/Threonine Kinase Activity (GO:0071901),0.31610697700047075,1.0401232867662558,4.041096e-01,9.227290e-01,1.000000e+00,14/52,18.02%,LAX1;HEG1;NF1;STK38;CDKN2A;SMPD1;CDKN1B;PTPN1;MEN1;RGS14;GBA1;CDK5RAP1;SIRT1;LATS2
prerank,Positive Regulation Of Blood Vessel Endothelial Cell Migration (GO:0043536),0.3550214085009439,1.039796116249018,4.316808e-01,9.223435e-01,1.000000e+00,11/28,31.65%,MAPK14;STAT5A;PLCG1;PIK3C2A;HIF1A;SIRT1;THBS1;AKT3;ATP5F1B;PRKD2;FGFR1
prerank,Regulation Of Intracellular Transport (GO:0032386),0.3707045466201069,1.0396071313701492,4.221939e-01,9.214671e-01,1.000000e+00,10/23,28.03%,ATP13A2;RBM4;PTPN1;GRIPAP1;NUP214;TTC21B;DYNC1H1;DYNLT2B;REEP5;SCFD1
prerank,Negative Regulation Of Extrinsic Apoptotic Signaling Pathway (GO:2001237),0.32032208268452084,1.0395093505971593,4.167598e-01,9.202852e-01,1.000000e+00,12/46,20.36%,PSME3;PEA15;SIAH2;BCL2L1;TMBIM1;MEN1;HSPA1A;TNF;THBS1;ARHGEF2;GSK3B;MAP2K5
prerank,Negative Regulation Of Cytokine-Mediated Signaling Pathway (GO:0001960),-0.26339666343457036,-1.0393620781147315,3.664122e-01,7.233641e-01,1.000000e+00,11/38,14.91%,CARD16;CYLD;PPP2CB;YTHDF3;YTHDF2;PTPN2;OAS1;RNF113A;ISG15;NR1H2;PTPRC
prerank,Cellular Response To Starvation (GO:0009267),0.2924770248686298,1.0393219155783204,4.121406e-01,9.193822e-01,1.000000e+00,29/97,23.77%,EHMT2;TTC5;RRP8;SREBF2;CPEB4;BMPR2;RRAGC;NUAK1;PIK3C3;HSPA8;SZT2;DEPDC5;CLEC16A;NPRL3;MTMR3;TP53;SESN2;NPRL2;SIRT1;FNIP1;ATG5;RPTOR;SH3GLB1;PICK1;FAS;EIF2AK3;RRAGB;LAMP2;MTOR
prerank,Positive Regulation Of Protein Kinase B Signaling (GO:0051897),-0.23889616919324133,-1.0392926569246332,3.586207e-01,7.196874e-01,1.000000e+00,13/47,18.69%,MAZ;MYDGF;GATA3;CPNE1;PHB1;HIP1;HSP90AB1;PIK3CB;IGF1R;C1QBP;TCF7L2;SPRY2;P2RX4
prerank,Ribonucleoprotein Complex Biogenesis (GO:0022613),0.29631105480314124,1.0385111647261276,4.041621e-01,9.204453e-01,1.000000e+00,28/84,25.90%,PES1;TBL3;NOC2L;WDR75;EMG1;NOM1;SURF6;DIMT1;RRP7A;MRPL36;SPATA5;EBNA1BP2;BMS1;METTL17;NIP7;UTP3;TNIP1;SHQ1;TGS1;RBIS;RIOK2;NAT10;UTP6;DHX37;SPPL2B;NOP14;GTF3A;HEATR1
prerank,Recombinational Repair (GO:0000725),0.3026005339639044,1.0384873704641362,4.197802e-01,9.189843e-01,1.000000e+00,35/76,39.08%,RNF169;ERCC5;HUS1;RAD51C;AP5S1;ERCC4;RFWD3;NUCKS1;RPA2;INO80;SPIDR;SWI5;INTS3;PPP4C;SMC5;NABP2;AP5Z1;POLL;XRCC5;KAT5;HELQ;XRCC6;SFPQ;MMS22L;FEN1;EID3;YY1;MBTD1;NPC1;ZSWIM7;RAD52;GEN1;WRN;LIG3;RECQL
prerank,Response To Lipid (GO:0033993),0.3159619375392644,1.037036767154919,4.122402e-01,9.223794e-01,1.000000e+00,4/54,1.07%,S100A9;S100A8;STAT3;CD6
prerank,Positive Regulation Of Interleukin-17 Production (GO:0032740),-0.32882186966046534,-1.0368499445207953,4.034335e-01,7.234412e-01,1.000000e+00,4/15,11.96%,SLC7A5;PHB1;RFTN1;SLAMF6
prerank,Regulation Of Phosphorylation (GO:0042325),0.31698220372715047,1.036643902377357,4.284078e-01,9.221440e-01,1.000000e+00,13/52,17.81%,CCDC88C;NCKAP1L;PSEN1;CDKN2A;CDKN1B;RAD17;SESN2;ROCK1;UXT;SIRT1;FNIP1;IKBKB;THBS1
prerank,Negative Regulation Of Cellular Response To Insulin Stimulus (GO:1900077),-0.30517397660085555,-1.0358482073538533,4.333333e-01,7.229066e-01,1.000000e+00,4/18,9.62%,SOCS1;PIP4K2A;INPP5K;PTPN2
prerank,Negative Regulation Of Protein Tyrosine Kinase Activity (GO:0061099),0.39772084928796286,1.0356020594733857,4.355670e-01,9.240746e-01,1.000000e+00,5/16,25.99%,ZFYVE28;ZGPAT;CHMP6;DUSP22;CBL
prerank,Proteolysis (GO:0006508),0.28541010031784203,1.0351384928346363,4.214876e-01,9.240831e-01,1.000000e+00,53/136,32.28%,PCSK5;HTRA2;PSMA6;SENP6;CTSC;GZMB;PSEN1;PTCH1;FBXL6;ERMP1;CPD;MBTPS1;SPPL3;SPCS1;ADAM15;CLPX;LNPEP;ADAM8;CAPN7;NPEPPS;THOP1;CASP2;PITRM1;CASP1;CAPN2;SPCS3;CAPN1;PCSK7;CNDP2;SPPL2B;CAPNS1;UBE3A;MMP23B;UFSP2;ATG4D;PSENEN;ADAM10;TPP1;TASP1;CTSF;PSMC4;ADAM17;FBXW2;PRSS57;LONP1;DPP3;ATG4C;SPRTN;ATG4A;RNF123;PM20D2;CTSA;FBXO2
prerank,DNA Synthesis Involved In DNA Repair (GO:0000731),-0.29451266679247473,-1.0347210831541858,3.924731e-01,7.224786e-01,1.000000e+00,7/22,13.59%,PCLAF;PRIMPOL;ZBTB1;USP10;TNFSF13B;RRM2B;POLDIP2
prerank,Positive Regulation Of Reactive Oxygen Species Metabolic Process (GO:2000379),0.3601828518244558,1.0346824555097867,4.387879e-01,9.241352e-01,1.000000e+00,17/27,41.10%,PDGFRB;MAPK14;SOD1;CYBA;TP53;SLC5A3;THBS1;CBR1;AKR1C3;DCXR;ITGB2;DHRS4;RAB27A;RIPK1;GRB2;RNF41;PRKCD
prerank,Intracellular Protein Transport (GO:0006886),0.27149620455432233,1.0341725797901018,4.128257e-01,9.242863e-01,1.000000e+00,85/267,28.14%,VPS33A;HGS;MYO6;SNX17;STAT3;STK4;SEC23IP;EHD1;XPO6;STRADA;STX7;PPP1R10;IPO9;STX2;CSE1L;UBAP1;RAB35;SYNRG;RPGR;IPO8;FAM53B;SEC31A;COPZ2;POM121C;HDAC6;HIKESHI;GGA1;HPS4;RAB5B;TSC2;GGA2;SEC16A;COPA;LAPTM5;PREB;CLTC;NUP88;KATNB1;VPS37A;HERC2;TMED5;NUP188;ACD;PAM16;DNAJC19;STXBP2;EIF4ENIF1;STX6;NUP214;RAB6A;ARFIP1;C2CD5;COPB2;RAB22A;ARHGEF2;TBC1D13;SEPTIN9;VPS45;PICK1;TIMM50;AP4M1;AP2A1;SNX15;LAMP2;KPNA1;RAB29;SIL1;XPO4;SNX13;STX12;STX16;VPS35;XPO7;IPO11;ATP6AP1;COG7;KPNB1;KPNA5;RANBP3;PTPN23;RPAIN;CHP1;KIF13B;SCFD1;PHB2
prerank,Positive Regulation Of Leukocyte Mediated Cytotoxicity (GO:0001912),-0.2669422830140908,-1.0339121789246177,4.269663e-01,7.213374e-01,1.000000e+00,7/32,11.96%,XCL1;HLA-A;CRTAM;KLRC2;HLA-B;CD160;SLAMF6
prerank,Cell-Cell Junction Assembly (GO:0007043),0.36630072224399424,1.0330873398919862,4.262087e-01,9.263554e-01,1.000000e+00,12/22,43.38%,WDR1;LIM2;ARVCF;RHOA;CTNNA1;ACTG1;PIP5K1C;SMAD7;CTNNB1;VCL;FBF1;TBCD
prerank,Regulation Of Cyclin-Dependent Protein Serine/Threonine Kinase Activity (GO:0000079),0.3187846174726693,1.0324737774955406,4.336384e-01,9.269198e-01,1.000000e+00,13/47,23.24%,CDKN2A;CCND2;CDKN1B;CCNH;MEN1;CCND3;CDK5RAP1;CNPPD1;LATS2;HERC5;CDK7;CCNK;CCNY
prerank,Regulation Of Intracellular Steroid Hormone Receptor Signaling Pathway (GO:0033143),0.3751358344468937,1.031905548301127,4.289340e-01,9.272601e-01,1.000000e+00,6/20,17.94%,RNF14;RNF6;HDAC6;DDRGK1;KDM1A;KDM5D
prerank,Cell Junction Assembly (GO:0034329),0.3624145834272435,1.0318494558230216,4.321608e-01,9.259459e-01,1.000000e+00,10/23,30.91%,MYO9A;LIM2;ARVCF;PLXND1;RHOA;SPOCK2;SH3BP1;RAB29;OPHN1;ZDHHC2
prerank,Regulation Of Cell Communication (GO:0010646),0.3610455460219446,1.0318059425513804,4.390244e-01,9.245544e-01,1.000000e+00,5/23,10.45%,GRK5;CDK13;NCLN;CRK;PTPN1
prerank,Negative Regulation Of Hydrolase Activity (GO:0051346),0.35340583360815575,1.0315075476304607,4.451295e-01,9.240475e-01,1.000000e+00,13/29,29.56%,CST7;ARFGEF1;KLRK1;LRCH1;WNK1;TERF2;RCC2;RDX;BCAS3;GMIP;MAPK7;CHP1;CST3
prerank,Axon Development (GO:0061564),0.34252625047569646,1.0314547070493838,4.366029e-01,9.227235e-01,1.000000e+00,11/32,33.06%,ATL1;MAP1S;RAB10;RTN4;MTR;ARHGAP35;DHFR;LLGL1;TAOK2;MAPK8IP3;KLF7
prerank,Fat Cell Differentiation (GO:0045444),0.33874823273288657,1.030961690597798,4.380952e-01,9.228367e-01,1.000000e+00,8/35,21.99%,ZBTB7A;FAM120B;MED1;BSCL2;SIRT1;SLC39A13;PSMB8;BBS2
prerank,Protein Lipidation (GO:0006497),0.31592426469743295,1.0308149897680101,4.241020e-01,9.218643e-01,1.000000e+00,25/50,40.23%,PORCN;PIK3C3;MPPE1;ZDHHC12;ZDHHC6;ZDHHC21;ATG5;PIGV;SLC30A5;ZDHHC16;ZDHHC20;PIGN;ATG16L2;DPM2;ZDHHC7;ZDHHC2;UGCG;ZDHHC13;PIGB;PIGQ;PIGC;ATG10;GLUL;WIPI2;ZDHHC17
prerank,Response To Amino Acid Starvation (GO:1990928),0.3394577098963526,1.030641466445436,4.398542e-01,9.209119e-01,1.000000e+00,17/36,33.60%,RRAGC;SZT2;DEPDC5;NPRL3;PEX2;SESN2;NPRL2;SH3GLB1;FAS;EIF2AK3;RRAGB;MTOR;GCN1;KICS2;MIOS;MAPK3;MAPK8
prerank,Positive Regulation Of Neurogenesis (GO:0050769),0.34203357259969797,1.0305431996964836,4.492574e-01,9.197386e-01,1.000000e+00,11/32,27.27%,NPTN;CAPRIN2;IFNG;NRDC;RGS14;KDM1A;PLXND1;ZNF335;NUMB;CX3CR1;METRN
prerank,Lipid Biosynthetic Process (GO:0008610),0.3302358341302286,1.0303664936009558,4.274100e-01,9.188216e-01,1.000000e+00,15/39,33.28%,LSS;PCYT2;AGPS;MVK;FDXR;SCP2;MLYCD;ACSF3;PDSS2;LPCAT1;CLN8;AGPAT4;SRD5A1;GPAT4;MCAT
prerank,Protein Localization To Cilium (GO:0061512),0.3931632153746066,1.0298685053974153,4.421855e-01,9.190935e-01,1.000000e+00,8/16,35.34%,EHD1;INVS;ATP6V1D;IFT20;RAB29;TTC21B;BBS4;WDR35
prerank,Sphingolipid Biosynthetic Process (GO:0030148),0.323232981523301,1.029705423741196,4.436782e-01,9.181214e-01,1.000000e+00,11/44,16.96%,CERS5;SPTLC1;HACD2;SMPD4;SMPD1;ST3GAL5;HACD3;GBA1;SPHK2;CERS2;SGPL1
prerank,Phospholipid Biosynthetic Process (GO:0008654),0.3778148023264942,1.0297012916674517,4.283920e-01,9.166650e-01,1.000000e+00,14/21,41.56%,FAR1;PCYT2;FDPS;DHDDS;SPHK2;SRD5A3;LPCAT1;SGMS1;AGPAT4;HDHD5;PIP5K1A;OSBP;CLN3;DOLPP1
prerank,Nuclear-Transcribed mRNA Catabolic Process (GO:0000956),0.29309973939841,1.0296840303564723,4.307525e-01,9.152390e-01,1.000000e+00,31/78,30.01%,PATL1;SAMD4B;DCP1B;PNRC2;CNOT3;ZFP36L1;SMG5;CNOT8;NBAS;DIS3L2;CNOT7;PARN;NCBP2;SMG6;PDE12;PATL2;RC3H1;TUT7;CSDE1;CNOT6;DCP1A;SMG1;DXO;ERI1;CNOT6L;XRN2;PYM1;EXOSC6;EXOSC8;NBDY;PAN2
prerank,Carboxylic Acid Transport (GO:0046942),-0.2984514463357779,-1.0296783396837186,3.990610e-01,7.303031e-01,1.000000e+00,4/22,8.21%,SLC7A5;SLC1A5;SLC38A1;SLC3A2
prerank,"Retrograde Protein Transport, ER To Cytosol (GO:0030970)",0.3862630886066476,1.029584399319968,4.488189e-01,9.140846e-01,1.000000e+00,6/17,24.71%,TMEM129;SYVN1;NPLOC4;VCP;FAF2;UFD1
prerank,Mitotic Cell Cycle Checkpoint Signaling (GO:0007093),0.3800391629732371,1.029015348513533,4.437257e-01,9.144282e-01,1.000000e+00,7/19,33.63%,ZFYVE19;INTS3;RAD50;CHFR;NABP2;PABIR1;VPS4A
prerank,Neurogenesis (GO:0022008),0.36727420742404626,1.0287970519885115,4.298357e-01,9.137074e-01,1.000000e+00,5/22,19.44%,ERCC6;ERBB2;KAT8;THOC2;NDUFS2
prerank,Protein Modification Process (GO:0036211),0.26368810902153544,1.0284179597538097,4.150000e-01,9.134844e-01,1.000000e+00,165/486,31.89%,PORCN;MAML1;CDK10;ATE1;DAPK2;STK4;PDPR;UBL4A;STK19;PPP3CC;MAPK9;CSNK2A1;STRADA;HIPK3;BMPR2;UVRAG;RCE1;NAGPA;MTMR4;TAOK1;CLK2;PPP2R5D;P3H1;GRK5;COQ8A;HIPK2;ALG3;STK10;SRPK1;TP53RK;CTDSP1;TAF7;PRKCZ;DYRK1B;NUAK1;PIK3C3;COPS5;PPP4R3B;PPP3CB;CDK4;ERBB2;ST3GAL2;PTPRM;STK38;TAF6;JMJD7;PPP2R5C;PPP2R5E;UBE2L3;FBXO22;LIPT1;HLCS;PDK2;PPP2R5A;JMJD4;ARFGEF1;PTPN1;PPP4R2;MTMR3;CTDP1;CILK1;ST3GAL5;PPP1CA;STK39;PPM1A;PINK1;TBK1;CSK;BAZ1B;STK11;NEK1;ARAF;TAF9;ROCK1;SIRT6;UBE2D2;FN3KRP;COQ8B;METAP1;MORC3;PTPN18;CDK19;WNK1;ATG5;RBX1;ST3GAL4;IKBKB;THBS1;UBLCP1;UBA52;LATS2;ABCA7;DYRK2;TNIK;OGA;ATR;PPP2R2A;SBF1;SUMF1;GMPPB;GSK3B;CSNK2A2;PICK1;TIMM50;MARK4;DMPK;CDK16;PTPRA;GSK3A;EIF2AK3;BRAF;NEK7;PAK6;TBP;AKT3;BMPR1A;SMG1;MTOR;JADE2;NAA80;TAF5;ILK;TGFBR1;ST8SIA4;COG3;PRKACB;MAP4K2;ICMT;ATG4D;MAP3K13;ADAM10;PEAK3;COG7;ATG16L2;MANBA;DUSP5;PRKAG2;MARK3;MAP3K11;PRKCQ;ILF3;FBXW2;GLYCTK;PTPRJ;PPP5C;ATG4C;CDKL1;ING4;TAF3;PRKD2;ATG4A;PRKCH;CDC34;PRKCB;OARD1;DUSP16;TBCK;ST3GAL3;TAOK2;VRK1;FGFR1;WWP2;CDK2;MAPK3;PTK2B
prerank,Regulation Of Double-Strand Break Repair Via Homologous Recombination (GO:0010569),0.3076186500726117,1.028387343812897,4.437086e-01,9.121167e-01,1.000000e+00,28/62,34.44%,ERCC6;EPC2;WRAP53;BRD8;EP400;TRRAP;PPP4R2;MRGBP;RPA2;SPIDR;KDM1A;SIRT6;TRAPPC13;HDGFL2;RUVBL1;PPP4C;VPS72;RUVBL2;ACTR2;MAGEF1;KAT5;HELQ;MMS19;ARID2;MBTD1;DMAP1;TIMELESS;KLHL15
prerank,Regulation Of Tumor Necrosis Factor-Mediated Signaling Pathway (GO:0010803),-0.2543589393912015,-1.0277574891556867,3.910256e-01,7.324193e-01,1.000000e+00,7/37,9.62%,CARD16;CYLD;PPP2CB;CASP4;CPNE1;MIB2;PTPN2
prerank,Microtubule Bundle Formation (GO:0001578),0.3858967475347752,1.0276446190440158,4.479578e-01,9.130690e-01,1.000000e+00,7/17,27.82%,MAP1S;TOGARAM1;CLIP1;MARK4;JHY;SPAG16;CHP1
prerank,Regulation Of Macromolecule Biosynthetic Process (GO:0010556),0.3278358337553799,1.0274642463800925,4.437939e-01,9.121905e-01,1.000000e+00,11/41,18.80%,S100A9;MED1;ELP6;ELP4;DUS3L;NOLC1;ATXN2;METTL18;TNFRSF1B;METAP1;MSI2
prerank,Defense Response To Symbiont (GO:0140546),0.28603540207034805,1.0269524280158604,4.281282e-01,9.124667e-01,1.000000e+00,37/109,27.83%,DDX60;LILRB1;GBP5;PRF1;FADD;BNIP3;MOV10;IFIT3;BCL2L1;DDX56;CNOT7;OASL;TBKBP1;SERINC3;TTC4;PDE12;TRIM5;ZCCHC3;TBK1;STAT1;MAVS;APOBEC3C;G3BP1;IFIT5;IRF3;CASP1;RTP4;RIGI;DHX15;MICA;IRF2;IFITM1;IRF7;TRIM52;PLSCR1;IFI44L;APOBEC3D
prerank,Regulation Of Osteoclast Differentiation (GO:0045670),0.3687412234710307,1.0266589086449394,4.550063e-01,9.120106e-01,1.000000e+00,6/21,18.09%,TRAF6;GPR137B;IFNG;TMEM64;TNF;ZNF675
prerank,Regulation Of Endothelial Cell Proliferation (GO:0001936),0.3277149991597508,1.0266528672601822,4.347826e-01,9.105892e-01,1.000000e+00,13/40,25.60%,BMPR2;NF1;PTPRM;STAT5A;TNFSF12;MEN1;HIF1A;STAT1;SIRT1;THBS1;AKT3;TGFBR1;SYNJ2BP
prerank,Regulation Of GTPase Activity (GO:0043087),0.2849797689928723,1.026413849584867,4.296218e-01,9.099533e-01,1.000000e+00,36/116,25.12%,DVL3;RASGEF1A;TBC1D10B;ARHGEF7;RGS9;TBC1D7;ARHGAP12;RABGAP1;RGP1;RALBP1;CRK;RAB11FIP2;GPR137B;NF1;ERBB2;SOD1;PICALM;ARFGEF1;KLRK1;LRCH1;SNX18;ITGB1;RASGRP2;WNK1;F2R;PLXND1;GSK3B;ALS2;DOCK8;RCC2;SH3BP1;RASGRP1;SNX13;RDX;BCAS3;DOCK11
prerank,Positive Regulation Of G1/S Transition Of Mitotic Cell Cycle (GO:1900087),0.36838647802002045,1.0248729127726315,4.325638e-01,9.134516e-01,1.000000e+00,5/22,12.64%,CDK10;CPSF3;ANKRD17;CCND2;LSM10
prerank,Double-Strand Break Repair (GO:0006302),0.2806185921208111,1.0247674958694255,4.390496e-01,9.123543e-01,1.000000e+00,47/135,31.37%,RNF169;ERCC5;MTA1;PARP9;HUS1;RNF8;ACTR8;RAD51C;DCLRE1C;AP5S1;ERCC4;RFWD3;NUCKS1;SMARCAL1;RPA2;INO80;MRPL36;SPIDR;SWI5;SETX;NHEJ1;MPND;SIRT6;INTS3;RAD50;NSD2;PPP4C;SMC5;VCP;TDP2;NABP2;POLM;AP5Z1;POLL;XRCC5;ERCC1;KAT5;HELQ;XRCC6;SFPQ;PPP5C;MMS22L;FEN1;EID3;YY1;UBE2V2;DCLRE1A
prerank,Maturation Of SSU-rRNA (GO:0030490),0.34357198813707684,1.024232743268435,4.278668e-01,9.125375e-01,1.000000e+00,17/31,34.63%,DCAF13;TSR1;UTP3;DDX52;TSR3;RIOK2;NAT10;UTP6;DHX37;SPPL2B;NOP14;HEATR1;SRFBP1;UTP4;WDR46;NOL10;NOB1
prerank,Positive Regulation Of Vasculature Development (GO:1904018),0.32623672187919467,1.0237240806038448,4.625144e-01,9.127481e-01,1.000000e+00,9/44,17.81%,RUNX1;HIPK2;STIM1;TNFSF12;PLCG1;HIF1A;ITGB1;SIRT1;THBS1
prerank,Connective Tissue Development (GO:0061448),0.39380884416342093,1.0236688190871241,4.415918e-01,9.115024e-01,1.000000e+00,6/16,20.90%,TRIP11;DYRK1B;DDRGK1;SLC39A13;CREB3L2;ATP7A
prerank,Cardiac Ventricle Morphogenesis (GO:0003208),-0.33571134043678436,-1.023221578198549,3.983402e-01,7.420361e-01,1.000000e+00,3/15,8.38%,GATA3;RBPJ;SOX4
prerank,Regulation Of Telomere Maintenance In Response To DNA Damage (GO:1904505),0.4032354920886864,1.0229576793095065,4.321809e-01,9.123422e-01,1.000000e+00,7/15,22.84%,INO80D;ACTR8;INO80;INO80C;RUVBL1;RUVBL2;INO80B
prerank,Regulation Of rRNA Processing (GO:2000232),0.3973371311429718,1.0216902972582955,4.493333e-01,9.149521e-01,1.000000e+00,7/15,25.90%,SIRT7;WDR75;DIMT1;METTL18;SHQ1;RIOK2;HEATR1
prerank,Negative Regulation Of Defense Response (GO:0031348),0.2994552493660268,1.0213445182517524,4.508734e-01,9.146576e-01,1.000000e+00,20/68,25.01%,STAT3;TRAFD1;EXTL3;ELF4;MUL1;IL10RA;MVK;CEP63;AOAH;TNFRSF1A;TRIM65;GBA1;ATG5;SHARPIN;CACTIN;TRIM21;NLRC3;RNF26;OTULIN;VPS35
prerank,Negative Regulation Of Cell Population Proliferation (GO:0008285),0.27255065460878586,1.0212186073219258,4.292981e-01,9.136392e-01,1.000000e+00,39/197,17.81%,HGS;ADGRG1;SOD2;MAGED1;CDK10;GET1;BMPR2;P3H1;PHF14;IFIT3;PLAAT4;NF1;DIS3L2;CDKN2A;CNOT7;PPP2R5C;TSC2;SMARCA2;CDKN1B;KDM2B;IFNG;PEX2;TOB1;MFN2;TP53;MEN1;WDR6;STK11;STRN;MTSS1;NF2;HSPA1A;TINF2;MORC3;DNAJA3;POLR2D;TMEM127;F2R;THBS1
prerank,Regulation Of T Cell Mediated Cytotoxicity (GO:0001914),-0.2969582452011084,-1.0212068822603537,4.464286e-01,7.445444e-01,1.000000e+00,2/20,0.51%,XCL1;HLA-A
prerank,Negative Regulation Of Type I Interferon Production (GO:0032480),0.3405678309582453,1.020029472211462,4.553039e-01,9.160508e-01,1.000000e+00,13/32,24.71%,TRIM27;LILRB1;DDX56;HAVCR2;MORC3;KLHL22;ATG5;RBX1;GPATCH3;NPLOC4;CACTIN;NLRC3;UFD1
prerank,Positive Regulation Of Catabolic Process (GO:0009896),0.3117553379293925,1.0196307808801401,4.573379e-01,9.158669e-01,1.000000e+00,16/57,26.79%,VPS11;CSNK2A1;CCDC22;LAPTM5;TNFSF12;CDKN1B;EZR;RBX1;TNF;GSK3B;VCP;GSK3A;RDX;VPS35;MAGEF1;VGLL4
prerank,DNA Duplex Unwinding (GO:0032508),0.3376830917934708,1.0195887725339252,4.656212e-01,9.145818e-01,1.000000e+00,9/31,26.16%,ASCC3;ASCC1;PURA;MCM5;DHX9;RAD50;ERCC3;DTD1;MCM6
prerank,Nervous System Development (GO:0007399),0.2764551918721017,1.0191800368342703,4.426060e-01,9.144764e-01,1.000000e+00,60/162,35.10%,FBXL17;ESS2;STAT3;ERCC6;ZEB2;NR2C2;PCDH1;SLC25A16;PPP2R5D;TMEM223;GBA2;MAP1S;NF1;ERBB2;THOC6;SZT2;WDPCP;SMPD1;DHX30;MTR;FEZ1;GSS;NHEJ1;SH3GL1;PLXND1;KAT8;MSI2;NDUFS2;BTD;MARK4;SPOCK2;CHERP;ITM2B;FEZ2;RAB29;HOXB2;TGFBR1;ST8SIA4;GDF11;HDAC4;TPP1;OPHN1;CLN8;DCTN1;ATXN3;PAFAH1B3;CRIM1;CHD7;SERPINI1;ZDHHC2;PKD1;BPNT1;ATXN1;NUMBL;NAGLU;PPT1;FUT10;SPG7;FKTN;MBD5
prerank,Hemopoiesis (GO:0030097),-0.22798691376471694,-1.0188337752071768,3.983051e-01,7.479099e-01,1.000000e+00,13/59,11.47%,RUNX2;IFI16;IL7R;CD164;ARIH2;ATF4;MKNK2;SBDS;ZFP36L2;YTHDF2;OGT;PBXIP1;GLRX5
prerank,Endoplasmic Reticulum Calcium Ion Homeostasis (GO:0032469),0.38749578266786633,1.018591220289729,4.528796e-01,9.149684e-01,1.000000e+00,4/17,9.14%,ATP2A2;PSEN1;THADA;KCTD17
prerank,Regulation Of B Cell Proliferation (GO:0030888),-0.28775693825723564,-1.0185336726463483,3.926702e-01,7.450427e-01,1.000000e+00,8/25,14.91%,GPR183;IRS2;CD81;TNFSF13B;VAV3;CD38;CD300A;PTPRC
prerank,Intrinsic Apoptotic Signaling Pathway (GO:0097193),0.2925390696226288,1.0181836753709537,4.296619e-01,9.148903e-01,1.000000e+00,19/81,17.65%,CIDEB;HTRA2;RRP8;ARL6IP5;BNIP3;CYCS;HIPK2;BCL2L1;PDK2;TP53;TRAF2;STK11;MLLT11;BCL2L11;CUL1;BBC3;TNFRSF1B;CASP2;ATP2A3
prerank,Sterol Biosynthetic Process (GO:0016126),0.35184758555522233,1.017812433279294,4.364982e-01,9.146256e-01,1.000000e+00,5/25,14.13%,LSS;MVK;INSIG2;CES1;ARV1
prerank,Cellular Response To Nutrient Levels (GO:0031669),0.30403538254364665,1.0169981384893458,4.398664e-01,9.158715e-01,1.000000e+00,9/58,9.73%,EHMT2;TTC5;SREBF2;BMPR2;PRKAB2;RRAGC;HSPA8;PDK2;CLEC16A
prerank,Positive Regulation Of Defense Response To Virus By Host (GO:0002230),0.3715588560195964,1.0167985661249244,4.691824e-01,9.151354e-01,1.000000e+00,7/21,23.62%,LILRB1;PARP9;TOMM70;STAT1;MAVS;RIGI;TRIM22
prerank,Intrinsic Apoptotic Signaling Pathway In Response To DNA Damage By P53 Class Mediator (GO:0042771),-0.31738089909568606,-1.0166372384383162,4.453125e-01,7.471099e-01,1.000000e+00,3/17,1.72%,SNW1;IFI16;DDIT4
prerank,Positive Regulation Of Proteolysis (GO:0045862),0.3274864139821247,1.0163569785633906,4.432870e-01,9.151974e-01,1.000000e+00,10/37,19.02%,CTSC;FADD;CYFIP2;IFNG;NRDC;PINK1;GBA1;TNFRSF1B;TNF;TNIP1
prerank,Response To Transforming Growth Factor Beta (GO:0071559),-0.30568140459904913,-1.015713475866205,3.818182e-01,7.462845e-01,1.000000e+00,3/19,9.47%,XCL1;ZFP36L2;LIMS1
prerank,Negative Regulation Of Mitotic Metaphase/Anaphase Transition (GO:0045841),-0.3173213340603437,-1.015234920099768,4.267241e-01,7.440062e-01,1.000000e+00,4/16,12.78%,TPR;ZNF207;FBXO5;BUB3
prerank,Early Endosome To Late Endosome Transport (GO:0045022),0.376616311940631,1.014806385758993,4.677207e-01,9.185673e-01,1.000000e+00,10/19,41.27%,PIK3C3;EEA1;ANKRD27;HOOK2;WDR81;PTPN23;PIK3R4;HOOK3;SNF8;BECN1
prerank,Adenylate Cyclase-Modulating G Protein-Coupled Receptor Signaling Pathway (GO:0007188),0.3404176477535611,1.0147257658396205,4.644150e-01,9.174437e-01,1.000000e+00,6/32,8.79%,AKAP5;ADGRG1;GNAL;GRK5;PTGER2;ADGRG5
prerank,Axonogenesis (GO:0007409),0.3022101772834463,1.0146865289911264,4.575524e-01,9.161658e-01,1.000000e+00,12/66,17.48%,PALLD;ATL1;DRAXIN;CYFIP2;MAP1S;PPP3CB;RAB10;MYCBP2;FEZ1;VASP;ARHGAP35;SPG11
prerank,Positive Regulation Of Receptor Signaling Pathway Via JAK-STAT (GO:0046427),-0.30507086075549544,-1.014569647073241,4.478261e-01,7.421839e-01,1.000000e+00,4/18,9.52%,IL7R;OCIAD2;PIBF1;IFNL1
prerank,Aerobic Respiration (GO:0009060),-0.23333997288586317,-1.0142419846486075,4.380952e-01,7.393897e-01,1.000000e+00,17/57,16.36%,NDUFB9;NDUFB11;NDUFA1;NDUFB6;NDUFS8;NDUFS3;NDUFC2;SDHB;NDUFB1;ME3;TEFM;NDUFS6;NDUFB8;NDUFB7;NDUFA3;NDUFA7;NDUFA13
prerank,Ribosomal Small Subunit Biogenesis (GO:0042274),0.30353513829152085,1.0128996235586414,4.481186e-01,9.202482e-01,1.000000e+00,23/57,29.48%,TBL3;WDR75;EMG1;NOM1;SURF6;DIMT1;RRP7A;BMS1;METTL17;UTP3;DDX52;TSR3;RIOK2;NAT10;UTP6;DHX37;SPPL2B;NOP14;HEATR1;SRFBP1;UTP4;RRP9;MRPS7
prerank,Protein Methylation (GO:0006479),0.3479442210286834,1.0127688412612181,4.473039e-01,9.192260e-01,1.000000e+00,11/27,36.23%,PRMT7;CAMKMT;FAM98A;METTL21A;RAB6A;VCPKMT;ICMT;PCMT1;EEF1AKMT2;METTL22;PRMT5
prerank,Positive Regulation Of NF-kappaB Transcription Factor Activity (GO:0051092),0.2880769640482154,1.0125617647072724,4.616205e-01,9.184583e-01,1.000000e+00,30/101,27.75%,S100A9;S100A8;RNF31;STAT3;PSMA6;ZBTB7A;TRAF6;TRIM38;TRIM37;UBE2V1;PRKCZ;TRIM5;DDRGK1;TRAF2;HSPA1A;DHX9;IKBKB;TNF;ARHGEF2;PPIA;TRIM25;TRIM22;TRIM21;MTDH;MAP3K13;CX3CR1;TRIM52;RNF25;FLOT2;PRKCQ
prerank,Positive Regulation Of Cold-Induced Thermogenesis (GO:0120162),0.3059969241650035,1.0124767668994485,4.747706e-01,9.173234e-01,1.000000e+00,29/52,44.16%,ZBTB7B;PRKAB2;BSCL2;CNOT3;CMKLR1;MFN2;KDM1A;SIRT6;ADRB2;DYNC1H1;STAT6;HADHA;CEBPB;DECR1;FH;TRPV2;SMARCA4;OMA1;HSF1;THRA;LPIN1;ADIPOR1;PRKAB1;APLP2;UCP2;HDAC3;ELOVL6;ALMS1;JAK2
prerank,Glycoprotein Metabolic Process (GO:0009100),0.32947927452096787,1.01229172404436,4.595899e-01,9.164783e-01,1.000000e+00,17/35,38.57%,MAN1B1;ST3GAL2;MAN1A1;GANAB;HIF1A;ST3GAL4;OGA;TNIP1;ST8SIA4;GOLPH3;MANBA;GCNT1;FBXO2;PRKCSH;ST8SIA6;MAN2A2;GANC
prerank,mRNA Transcription By RNA Polymerase II (GO:0042789),0.3396294054234559,1.0118297605850466,4.795322e-01,9.165573e-01,1.000000e+00,10/33,24.57%,TFCP2;MED1;TAF7;TAF6;HLTF;NCBP2;TAF9;TBP;RXRB;TAF5
prerank,Regulation Of Extrinsic Apoptotic Signaling Pathway (GO:2001236),0.3136651721085876,1.0118044927894976,4.348328e-01,9.152331e-01,1.000000e+00,9/44,17.81%,PSME3;FADD;SIAH2;TNFSF12;MEN1;TRAF2;SP100;TNF;THBS1
prerank,Negative Regulation Of Peptidase Activity (GO:0010466),0.3647126301265786,1.0114419702419866,4.406566e-01,9.149295e-01,1.000000e+00,7/20,33.93%,CST7;SERPINB9;SERPINB6;SPOCK2;CST3;SERPINI1;SERPINB1
prerank,Regulation Of Histone Modification (GO:0031056),0.3825008178574958,1.0110418134179204,4.412533e-01,9.147556e-01,1.000000e+00,5/16,27.35%,WDR5;NFYC;MTHFR;YEATS2;TADA2A
prerank,Extrinsic Apoptotic Signaling Pathway Via Death Domain Receptors (GO:0008625),0.3538067793353491,1.0107324014520078,4.579208e-01,9.143222e-01,1.000000e+00,8/24,23.18%,FADD;FASLG;CASP8AP2;TNFRSF1A;TNF;DELE1;DEDD;CRADD
prerank,Vesicle Docking (GO:0048278),0.3826421210032346,1.0098751717713528,4.924242e-01,9.156276e-01,1.000000e+00,5/17,24.84%,STX7;STX2;STX6;STX12;STX16
prerank,Negative Regulation Of DNA Binding (GO:0043392),-0.29754894689540573,-1.0088969376315406,4.203540e-01,7.519536e-01,1.000000e+00,6/20,15.63%,IFI16;NFKBIA;GZMA;SUMO1;SUMO3;SIN3A
prerank,Negative Regulation Of Growth (GO:0045926),0.29147088957911954,1.0082637601920164,4.790287e-01,9.191165e-01,1.000000e+00,18/75,16.26%,TCHP;BMPR2;MUL1;MT1E;CDKN2A;CAPRIN2;SMAD4;SMARCA2;ADAM15;CDKN1B;RTN4;TP53;STK11;SESN2;HSPA1A;SPHK2;MT1F;SIRT1
prerank,Peptidyl-Lysine Methylation (GO:0018022),0.3780058565601593,1.00789363585213,4.578005e-01,9.188995e-01,1.000000e+00,5/18,23.70%,EHMT2;METTL21A;METTL18;VCPKMT;SETD4
prerank,Regulation Of Cellular Metabolic Process (GO:0031323),0.3233260356481291,1.0075154199202914,4.673913e-01,9.186549e-01,1.000000e+00,11/37,23.92%,CIDEB;ZBTB7A;PGAM1;NUAK1;PDK2;PINK1;HIF1A;MPV17;JMJD8;COQ7;PNPT1
prerank,Intrinsic Apoptotic Signaling Pathway In Response To Endoplasmic Reticulum Stress (GO:0070059),-0.2902257799856456,-1.0059955173071036,4.056604e-01,7.570815e-01,1.000000e+00,4/21,6.86%,SELENOK;MAP3K5;CASP4;ATF4
prerank,Regulation Of Fatty Acid Biosynthetic Process (GO:0042304),-0.30714842372153195,-1.0058575939921284,4.247788e-01,7.538118e-01,1.000000e+00,5/15,15.91%,UBR4;LPGAT1;SIRT2;NR1H2;ELOVL5
prerank,Negative Regulation Of Telomere Maintenance Via Telomere Lengthening (GO:1904357),0.36141882319373514,1.0056021283324972,4.574333e-01,9.231466e-01,1.000000e+00,9/21,23.27%,PIF1;GNL3L;ERCC4;CTC1;TINF2;TERF2;TNKS;NAT10;TNKS2
prerank,Protein-Containing Complex Organization (GO:0043933),-0.21342798908621538,-1.0053895323435218,5.128205e-01,7.515568e-01,1.000000e+00,17/85,8.67%,IL2RB;TAPBP;NEMF;NUP98;CAPZA2;TPR;TSPAN4;CSNK2B;CD2AP;CREBBP;WAS;SEH1L;VAMP3;CD3E;SNX9;TRAF1;EPRS1
prerank,Phospholipase C-activating G Protein-Coupled Receptor Signaling Pathway (GO:0007200),0.38110993491948975,1.0053852603832678,4.586160e-01,9.224482e-01,1.000000e+00,5/17,19.88%,CMKLR1;GPR174;NMUR1;F2R;CXCR2
prerank,Post-Transcriptional Regulation Of Gene Expression (GO:0010608),0.3135800068682053,1.0051158522459511,4.561003e-01,9.218301e-01,1.000000e+00,13/44,19.84%,PARP9;ELP6;ELP4;DUS3L;NOLC1;NUDT21;RC3H1;ATXN2;METTL18;METTL16;METAP1;MSI2;ZC3H7B
prerank,Positive Regulation Of Cysteine-Type Endopeptidase Activity (GO:2001056),0.3153346677349807,1.0049500400646871,4.708625e-01,9.210156e-01,1.000000e+00,11/44,20.25%,CIDEB;HTRA2;ARL6IP5;FADD;CYCS;CYFIP2;SIRT1;F2R;TNF;CASP1;BCAP31
prerank,Positive Regulation Of NIK/NF-kappaB Signaling (GO:1901224),-0.26834963953148894,-1.0041475410559288,4.457143e-01,7.513176e-01,1.000000e+00,7/29,12.21%,PDCD4;TNFSF14;LGALS9;PHB1;LIMS1;TERF2IP;DDX3X
prerank,Intrinsic Apoptotic Signaling Pathway In Response To DNA Damage (GO:0008630),0.3210338603768743,1.004085373511046,4.606205e-01,9.221464e-01,1.000000e+00,12/42,20.74%,CIDEB;HTRA2;USP28;HIPK2;BCL2L1;TP53;BCL2L11;TNFRSF1B;SIRT1;CASP2;DYRK2;CDIP1
prerank,DNA-templated DNA Replication Maintenance Of Fidelity (GO:0045005),0.3349826236136726,1.0039173195357327,4.866828e-01,9.212683e-01,1.000000e+00,14/32,38.36%,RFWD3;NUCKS1;SMARCAL1;THOC1;ETAA1;ATR;MMS22L;DONSON;TIMELESS;ASF1A;ATRX;MUS81;GEN1;WRN
prerank,Regulation Of Activated T Cell Proliferation (GO:0046006),-0.31931437292235354,-1.0035471068045396,4.650206e-01,7.495459e-01,1.000000e+00,4/16,6.17%,PPP3CA;HMGB1;CRTAM;LGALS9
prerank,Porphyrin-Containing Compound Biosynthetic Process (GO:0006779),0.3888756000706468,1.0034102498988997,4.656085e-01,9.215457e-01,1.000000e+00,5/17,24.31%,NFE2L1;RSAD1;ALAS1;COX15;UROD
prerank,Monoatomic Ion Transport (GO:0006811),0.32104006843041005,1.0031615534042275,4.710059e-01,9.209461e-01,1.000000e+00,13/37,28.92%,SLC1A7;ATP10D;LRRC8A;SLC4A2;SLC17A5;WNK1;CHRNB1;SLC20A1;SLC39A1;SLC12A2;SLC36A1;ANO6;SLC12A6
prerank,Negative Regulation Of Transcription By RNA Polymerase II (GO:0000122),0.256478298913363,1.0027650358504805,4.964965e-01,9.207046e-01,1.000000e+00,157/468,33.17%,SP2;EHMT2;LIN37;TRIM27;RUNX1;STAT3;MAGED1;ZEB2;NR2C2;PURA;SREBF2;ZBTB7A;ZNF692;MECP2;TRAF6;GET1;TCF25;MED1;PSEN1;SUPT4H1;PTCH1;ZBTB20;ZNF641;NOC2L;ZNF217;PHF14;MTA1;PARP9;TRIM37;EZH1;UBE2V1;IRF2BP1;TAF7;ASCL2;SMURF2;SIRT7;KLF2;ZBTB2;CNBP;HDAC6;E4F1;SMAD4;SMARCA2;FASLG;NFIL3;PPID;ZGPAT;KDM2B;IFNG;PEX2;PARP15;HDAC5;NR1D2;BMI1;HCFC2;MBD3;ZNF75A;NR2C1;TP53;MEN1;PPM1A;ZNF568;STAT1;ZNF875;CITED2;ZNF398;ARID4B;HSPA1A;KDM1A;UXT;SIRT6;SP100;ZNF559;KLF12;NCOR1;ZNF3;SIRT1;MORC3;FNIP1;DNAJA3;CBX3;EZR;PHF21A;TNF;ZNF675;RREB1;ZNF254;BCOR;ZNF274;VPS72;DR1;PCID2;MAP2K5;ZNF263;BIN1;ZNF141;MEF2A;TCERG1;NSD1;SARS1;YEATS2;DUSP22;ZNF785;CRY1;LCOR;ZNF266;CGGBP1;IRF2;MTDH;RARG;MAGEF1;MACROH2A1;MCPH1;CHD3;ZNF684;PHF6;HDAC4;ERF;HIC1;REST;ZNF148;KAT5;IRF7;CBX1;CTCF;ZNF550;HDAC8;MLX;ZNF10;LRRFIP1;SIN3B;RBBP4;CEBPB;SFPQ;CC2D1A;TAF3;CBX7;UBA2;THAP1;YY1;JUN;SEMA4D;THAP7;WWP2;NFIC;PPARA;NACC2;GPS2;MXD1;ATXN1;ZFP90;PRDM1;SMARCA4;KLF7;DMAP1;N4BP2L2;UBE2I
prerank,Endoplasmic Reticulum Organization (GO:0007029),0.31687881430487247,1.0024133165611138,4.789227e-01,9.204250e-01,1.000000e+00,11/42,14.62%,VAPB;GET1;JAGN1;RAB10;SEC31A;SEC16A;SMPD4;RTN4;REEP3;RTN3;ATL3
prerank,Protein N-linked Glycosylation Via Asparagine (GO:0018279),-0.30137118247871086,-1.0019582017743844,4.326531e-01,7.506436e-01,1.000000e+00,11/19,23.84%,RPN2;NUDT14;DAD1;OST4;MAGT1;STT3B;DDOST;OSTC;DPM1;UBE2J1;ALG8
prerank,Regulation Of Apoptotic Process (GO:0042981),0.25790788130793124,1.0019504914004511,5.040000e-01,9.205402e-01,1.000000e+00,104/444,20.57%,PNMA1;NAA35;CIDEB;EPC2;MAGED1;TMBIM6;HTRA2;DAPK2;USP42;STK4;LILRB1;ZBTB7A;ARHGEF7;ARL6IP5;DDX42;NCKAP1L;FADD;BRD8;BNIP3;HIPK3;MED1;PSEN1;ZNF830;PHLDA1;IKZF3;GRK5;ANKRD13C;ERCC5;FAM162A;ATAD3A;SPTLC1;HS1BP3;IFIT3;SIAH2;COPS5;ATP13A2;EP400;BCL2L1;NF1;ERBB2;ATF6;SOD1;TMEM14A;SERPINB9;CCND2;TRRAP;HIGD2A;THOC6;FASLG;FLNA;PPID;SMPD1;RTN4;SHC1;DDRGK1;GCLC;TP53;MRGBP;TRAF2;PINK1;TOMM70;SCRIB;STAT1;ITGB1;CITED2;PRELID1;PTMS;ARAF;MLLT11;BCL2L11;SETX;MTCH2;CIAPIN1;NF2;TAF9;HSPA1A;TRIM24;SPHK2;MGMT;SIRT1;TRIM35;DNAJA3;CASP2;IRF3;TNF;NAA15;BFAR;THBS1;FKBP8;DFFA;LATS2;NSMF;ANXA5;RUVBL1;SMAD5;PPIA;DSTYK;ERCC3;SHQ1;GSK3B;VPS72;PCID2;BIN1;VCP
prerank,Fatty Acid Biosynthetic Process (GO:0006633),0.33599964982460007,1.0001676853525299,4.884569e-01,9.245066e-01,1.000000e+00,8/31,19.11%,SCD5;ABCD3;HACD2;TECR;MLYCD;HACD3;ACSF3;GSTM4
prerank,"Retrograde Vesicle-Mediated Transport, Golgi To Endoplasmic Reticulum (GO:0006890)",0.3129980635882485,1.0000576725262373,4.761350e-01,9.234825e-01,1.000000e+00,17/43,28.03%,COG4;UVRAG;NBAS;COPZ2;COPA;BICD2;KDELR1;GBF1;RAB6A;COPB2;PICK1;RER1;COG3;COG7;GOLPH3;ERGIC3;SCFD1
prerank,Establishment Of Protein Localization To Plasma Membrane (GO:0061951),0.34199053527371936,0.9987568078785293,4.759556e-01,9.260662e-01,1.000000e+00,11/29,26.59%,BLZF1;RAB10;GGA1;GGA2;SYS1;VAMP2;GOLGA4;BBS2;RDX;ATP6AP1;GOLPH3
prerank,snRNA 3'-End Processing (GO:0034472),0.36659008659458475,0.9985076739957919,4.866242e-01,9.254125e-01,1.000000e+00,12/20,35.87%,INTS12;INTS9;INTS14;USB1;INTS2;INTS6L;INTS1;EXOSC6;EXOSC8;INTS8;INTS7;EXOSC9
prerank,Regulation Of Neuron Projection Development (GO:0010975),0.2925373782467083,0.9982581101478658,4.878855e-01,9.248389e-01,1.000000e+00,22/73,28.25%,S100A9;CBFA2T2;DBN1;NPTN;PSEN1;P3H1;MYCBP2;SETX;PDLIM5;ARHGAP35;FKBP4;YTHDF1;TANC2;GSK3B;GSK3A;ABI3;RAB29;CAMK1D;RETREG3;KIF13B;RUFY3;KIDINS220
prerank,Negative Regulation Of Cytokine Production (GO:0001818),0.27840309404145785,0.9975488041881284,5.015806e-01,9.256237e-01,1.000000e+00,30/104,22.54%,TRIM27;ASB1;LILRB1;NCKAP1L;EXTL3;NPTN;ELF4;CMKLR1;SIGIRR;PPP1R11;NMB;DDX56;HAVCR2;LAPTM5;IFNG;ARRB1;GBA1;BTN2A2;EZR;KLHL22;ATG5;RBX1;TNF;GPATCH3;THBS1;NPLOC4;MAP2K5;CACTIN;GBP1;SARS1
prerank,Negative Regulation Of I-kappaB kinase/NF-kappaB Signaling (GO:0043124),0.3265401064358389,0.9969570782885239,4.930716e-01,9.260354e-01,1.000000e+00,10/35,24.34%,TRIM59;TRIM39;CCDC22;PPM1A;STAT1;SIRT1;TNIP1;CACTIN;TLE1;NLRC3
prerank,Vesicle-Mediated Transport Between Endosomal Compartments (GO:0098927),0.36454978967124324,0.9954920058150678,4.895013e-01,9.290476e-01,1.000000e+00,10/20,41.27%,PIK3C3;EEA1;ANKRD27;HOOK2;WDR81;PTPN23;PIK3R4;HOOK3;SNF8;BECN1
prerank,Positive Regulation Of Chromosome Organization (GO:2001252),0.3481641573611392,0.9949571393505445,4.925373e-01,9.292635e-01,1.000000e+00,13/27,30.77%,PPP1R10;GNL3;NCAPD3;SIRT6;TINF2;TERF2;RAD50;NCAPH2;DHX36;KAT5;SMC2;FEN1;NCAPG2
prerank,Rescue Of Stalled Ribosome (GO:0072344),0.34822078047256755,0.9944749366614987,4.757653e-01,9.293384e-01,1.000000e+00,4/23,5.21%,ASCC3;RNF14;TCF25;ANKZF1
prerank,Cholesterol Biosynthetic Process (GO:0006695),0.34975852480847525,0.9938340677863559,4.880803e-01,9.298675e-01,1.000000e+00,5/24,14.13%,LSS;MVK;INSIG2;CES1;ARV1
prerank,Natural Killer Cell Mediated Cytotoxicity (GO:0042267),0.3759312210845416,0.99382272879891,4.900662e-01,9.285488e-01,1.000000e+00,6/17,15.44%,FCGR3A;GZMB;SLAMF7;NKG7;KLRK1;VAMP2
prerank,Regulation Of Neuron Apoptotic Process (GO:0043523),0.30664747596364667,0.9932209154854589,4.819005e-01,9.291087e-01,1.000000e+00,11/46,18.37%,AGAP2;SOD2;CPEB4;ATP13A2;NF1;SOD1;KDM2B;PINK1;F2R;TNF;NSMF
prerank,Defense Response To Bacterium (GO:0042742),0.2863400447112264,0.9927624614946124,4.866667e-01,9.291522e-01,1.000000e+00,14/67,18.25%,S100A9;LYZ;S100A8;RNF31;ANKRD17;PPP1R11;HLA-E;SHC1;RNF213;MAVS;MR1;SPN;GSDMD;CASP1
prerank,Receptor-Mediated Endocytosis (GO:0006898),0.290864140416967,0.9924980242721655,4.819277e-01,9.285869e-01,1.000000e+00,35/68,40.84%,HGS;LILRB1;RABEPK;PICALM;EPS15;CLTC;AP2A2;ITGB1;IGF2R;DNAJC13;AP1S1;CXCR2;ADRB2;FCHO2;AP2A1;TFR2;FCHO1;GPR107;M6PR;AP2S1;ITGB2;PIP5K1C;LMBRD1;FCGR2B;MICALL1;RNASEK;PPT1;SORL1;AP2M1;GRB2;PI4KB;DAB2;RALA;CXCR1;CLN3
prerank,Transport Along Microtubule (GO:0010970),0.38866325483594144,0.9922159614967037,4.774536e-01,9.281151e-01,1.000000e+00,7/15,23.81%,BLOC1S1;BORCS8;BORCS6;SPG11;KXD1;BORCS5;COPG1
prerank,Membrane Fission (GO:0090148),0.32340328826543746,0.9920618431327808,4.900585e-01,9.272413e-01,1.000000e+00,19/35,41.02%,HGS;UBAP1;VPS37A;CHMP3;EXOC2;CHMP6;EXOC6;SH3GLB1;EXOC5;EXOC8;MVB12A;VPS4A;DNM1L;TMCC1;VPS28;SNF8;EXOC3;EXOC7;TSG101
prerank,Protein Homooligomerization (GO:0051260),0.2900279716055788,0.9920146606611407,5.032538e-01,9.260656e-01,1.000000e+00,7/69,4.55%,ATL1;SOD2;GBP5;EHD1;PRF1;TRMT61B;ALDH9A1
prerank,Cellular Response To Metal Ion (GO:0071248),0.29360412906504363,0.9919936453797246,4.939227e-01,9.248032e-01,1.000000e+00,26/59,36.84%,MAPK9;BNIP3;MT1E;ATP13A2;SLC25A24;SMPD1;CDKN1B;SLC41A1;RASGRP2;MT1F;TIGAR;MEF2A;BRAF;NEK7;SLC12A2;TFR2;SYT11;AKR1C3;JUN;DAXX;MAPK3;IQGAP1;MAPK8;HSF1;ALOX5AP;ITPKB
prerank,Establishment Of Endothelial Barrier (GO:0061028),-0.30706016579862294,-0.9915559723688121,4.502165e-01,7.787244e-01,1.000000e+00,7/18,14.18%,RAB1A;PDE4D;MYADM;RAP2C;ICAM1;RAB1B;MSN
prerank,Protein Exit From Endoplasmic Reticulum (GO:0032527),0.34576742700290203,0.991161611590106,4.777070e-01,9.260062e-01,1.000000e+00,8/23,24.71%,TMEM129;SEC16A;PREB;SYVN1;NPLOC4;VCP;FAF2;UFD1
prerank,Negative Regulation Of Apoptotic Process (GO:0043066),0.25866180402608635,0.9905827867724832,5.297080e-01,9.264172e-01,1.000000e+00,66/276,20.36%,AGAP2;SOD2;NAA35;TMBIM6;NCKAP1L;CSNK2A1;BNIP3;CPEB4;HIPK3;MED1;PSEN1;ZNF830;GRK5;ERCC5;ATAD3A;IFIT3;SIAH2;COPS5;BCL2L1;ERBB2;SOD1;TMEM14A;SERPINB9;CCND2;HIGD2A;THOC6;PIK3CA;FLNA;KDM2B;TMBIM1;ADAM8;SHC1;DDRGK1;GCLC;PIK3R3;TP53;PINK1;ITGB1;CITED2;PRELID1;PTMS;ARAF;SETX;CIAPIN1;TAF9;HSPA1A;MGMT;SIRT1;FNIP1;DNAJA3;CASP2;F2R;TNF;NAA15;BFAR;THBS1;FKBP8;DFFA;ANXA5;SMAD5;DSTYK;GSK3B;MAEA;CSNK2A2;PCID2;MAP2K5
prerank,Regulation Of Neuron Differentiation (GO:0045664),0.3279407289185038,0.9903292849017881,4.880952e-01,9.258882e-01,1.000000e+00,9/32,20.44%,MED1;GDPD5;NEPRO;ROCK1;CDK5RAP1;CASZ1;ARHGEF2;RHOA;BIN1
prerank,Positive Regulation Of Cell Differentiation (GO:0045597),0.271954701249859,0.9901504660447825,5.124224e-01,9.251106e-01,1.000000e+00,26/121,19.82%,BCL9L;MAPK9;MAPK14;LRRC8A;BMPR2;CMKLR1;BLOC1S6;PHF10;ZFP36L1;GDPD5;SMARCC2;SMAD4;SMARCA2;WDFY2;RBM4;NUDT21;ADAM8;TMEM64;MTCH2;SRF;HOXB4;SIRT6;ARHGEF2;RHOA;GSK3B;DHX36
prerank,Icosanoid Metabolic Process (GO:0006690),0.3773154653891519,0.9897702526495563,4.804178e-01,9.248520e-01,1.000000e+00,8/16,40.99%,ABCC10;CASP1;ABHD12;HPGD;ABHD6;PYCARD;NAIP;MAPKAPK2
prerank,Positive Regulation Of Interleukin-2 Production (GO:0032743),-0.3076484449886939,-0.9893890185927341,4.782609e-01,7.817167e-01,1.000000e+00,7/17,14.91%,PDE4D;SPTBN1;PDE4B;STOML2;MALT1;PLCG2;PTPRC
prerank,Positive Regulation Of mRNA Catabolic Process (GO:0061014),0.3126272268167605,0.9882504907782989,4.733796e-01,9.280134e-01,1.000000e+00,14/40,24.56%,TTC5;MOV10;ZFP36L1;CNOT8;CNOT7;TOB1;EIF4ENIF1;ROCK1;METTL16;YTHDF1;DHX36;KHSRP;PNPT1;PUM1
prerank,Negative Regulation Of Cell Migration (GO:0030336),-0.21164522184923917,-0.9879224352939089,5.074627e-01,7.825822e-01,1.000000e+00,17/84,13.16%,ADARB1;ARHGAP4;EPHA4;ING1;PHLDB2;ING2;TIMP1;RAP2C;SINHCAF;RNF20;OGT;STK26;CALR;SUDS3;NEDD9;ARID4A;LDLRAD4
prerank,Positive Regulation Of Programmed Cell Death (GO:0043068),0.265563877678311,0.9867330087173273,5.154639e-01,9.311219e-01,1.000000e+00,42/164,23.18%,PNMA1;HTRA2;DAPK2;STK4;LILRB1;GBP5;ARHGEF7;ARL6IP5;PRF1;FADD;BNIP3;PHLDA1;FAM162A;NF1;ATF6;HDAC6;SOD1;FASLG;LAPTM5;PPID;SMPD1;IFNG;TP53;SCRIB;ITGB1;MLLT11;BCL2L11;MTCH2;SPHK2;SIRT1;TRIM35;CASP2;TNF;LATS2;ERCC3;SHQ1;MARK4;BIN1;FAS;GBP1;AIFM1;CRADD
prerank,Regulation Of DNA Replication (GO:0006275),0.300506287350519,0.9851047285556066,4.988789e-01,9.346458e-01,1.000000e+00,20/56,24.99%,EHMT2;ANKRD17;INO80D;ACTR8;NUCKS1;RAD17;USP37;INO80;OBI1;CTC1;DHX9;BAZ1A;INO80C;RUVBL1;ATR;RUVBL2;ZBTB38;INO80B;JADE2;ORC3
prerank,Positive Regulation Of Carbohydrate Metabolic Process (GO:0045913),0.3734362658986072,0.984704454802546,5.058978e-01,9.344775e-01,1.000000e+00,6/18,23.77%,PSEN1;ZBTB20;IFNG;HIF1A;RPTOR;MTOR
prerank,Antimicrobial Humoral Immune Response Mediated By Antimicrobial Peptide (GO:0061844),-0.31782890147679377,-0.9844705017042349,4.285714e-01,7.890568e-01,1.000000e+00,3/16,4.52%,H2BC12;ROMO1;GNLY
prerank,Apical Junction Assembly (GO:0043297),0.3592677581069308,0.984256983403955,5.026042e-01,9.344608e-01,1.000000e+00,10/19,46.01%,WDR1;STRN;RHOA;CTNNA1;CHAF1B;ARL2;VCL;FBF1;TBCD;OCEL1
prerank,Gland Development (GO:0048732),0.3457424274582727,0.9839563967506777,5.205993e-01,9.340774e-01,1.000000e+00,6/24,16.83%,FADD;NF1;SOD1;CITED2;EZR;ARHGAP35
prerank,Negative Regulation Of Endothelial Cell Migration (GO:0010596),0.37137022818342846,0.9835832030202131,4.896373e-01,9.338445e-01,1.000000e+00,7/18,28.16%,MECP2;PTPRM;SP100;TNF;THBS1;SYNJ2BP;ATP2B4
prerank,Protein Deubiquitination (GO:0016579),0.28717527818768995,0.9823204494650533,5.222717e-01,9.361990e-01,1.000000e+00,16/68,19.53%,USP11;USP42;USP28;USP5;USP34;USP9Y;ENY2;COPS5;USP19;USP37;ATXN7L3;EIF3F;USP3;OTUD4;OTUB1;USP32
prerank,Nuclear Export (GO:0051168),0.3087066207328261,0.981088573658359,5.022779e-01,9.386155e-01,1.000000e+00,20/44,33.68%,XPO6;STRADA;RANGAP1;CSE1L;POM121C;CDKN1B;NUP188;NUP214;RAE1;LSG1;XPO4;XPO7;RANBP3;CHP1;XPO5;PKD1;NUP153;ATXN1;UBE2I;RANBP2
prerank,Response To Light Stimulus (GO:0009416),0.32320201838853485,0.9807546903451458,4.826762e-01,9.382469e-01,1.000000e+00,13/34,26.50%,ERCC5;DDB2;UBE4B;ERCC4;MEN1;SIRT6;USF1;ERCC3;UVSSA;CRY1;ERCC8;MAP2K7;CCAR2
prerank,Negative Regulation Of TORC1 Signaling (GO:1904262),0.3587758491020201,0.9804738166002906,5.166667e-01,9.377846e-01,1.000000e+00,6/20,15.62%,SZT2;DEPDC5;NPRL3;STK11;SESN2;NPRL2
prerank,Modification-Dependent Protein Catabolic Process (GO:0019941),0.2638219962262818,0.9804343318454481,5.318930e-01,9.366145e-01,1.000000e+00,51/161,29.46%,RNF14;UBL4A;RNF6;UBE2D4;NDFIP1;PPP1R11;RNF8;SMURF2;SIAH2;RPGR;ARIH1;UBE2L3;FBXO22;FBXW4;RNF146;UBE4B;SYVN1;PSMD11;ARRB1;RNF213;RC3H1;PINK1;PSMD13;TOLLIP;UBE2E1;UBE2D2;KLHL22;RBX1;FBXL4;BFAR;UBA52;FBXO21;CHFR;UBE3B;TRIM25;NPLOC4;HERC5;WDR81;RLIM;RNF114;RNF26;UFD1;CBL;UBE2H;RNF25;RNF13;CUL3;ATXN3;LONP1;RNF185;RNF167
prerank,Establishment Or Maintenance Of Apical/Basal Cell Polarity (GO:0035088),0.3779001285744572,0.9802072363884379,5.178336e-01,9.359998e-01,1.000000e+00,4/15,30.31%,PRKCZ;SCRIB;LLGL2;LLGL1
prerank,Positive Regulation Of Cell Growth (GO:0030307),0.2981219363711085,0.9795769356113372,5.229563e-01,9.364356e-01,1.000000e+00,23/58,35.98%,S100A9;S100A8;CSNK2A1;DDX49;ERBB2;INO80;KLHL22;ITSN2;HDGFL2;RPTOR;GOLGA4;MTOR;TGFBR1;MAP3K13;ADAM17;H3-3A;RUFY3;SEMA4D;PABIR1;SEMA7A;EXOSC9;BCL2;CEP43
prerank,rRNA Methylation (GO:0031167),0.36500528833981294,0.9791538908637695,5.094086e-01,9.363262e-01,1.000000e+00,5/18,23.59%,EMG1;NSUN5;METTL16;METTL5;MRM2
prerank,Positive Regulation Of Response To Biotic Stimulus (GO:0002833),0.343816300409085,0.9790845714401136,4.963235e-01,9.352169e-01,1.000000e+00,6/23,16.17%,GBP5;FADD;POLR3C;CYBA;ADAM8;DHX9
prerank,Regulation Of G Protein-Coupled Receptor Signaling Pathway (GO:0008277),-0.2459927768582357,-0.9787366895292452,4.939024e-01,8.025428e-01,1.000000e+00,9/34,12.22%,RGS2;GRK6;DYNLT1;PPP1R9B;USP33;PHB1;GIT1;DGKQ;RGS16
prerank,Response To Insulin (GO:0032868),0.30014238240302743,0.9777679733760737,5.148741e-01,9.376458e-01,1.000000e+00,12/50,16.48%,ZBTB7B;ZFP36L1;RAB10;INSIG2;PDE3B;PKM;HDAC5;DENND4C;VAMP2;USF1;SIRT1;C2CD5
prerank,Protein Glycosylation (GO:0006486),0.2774582375105854,0.9777000248847671,5.310493e-01,9.365273e-01,1.000000e+00,27/92,26.42%,ALG6;MGAT2;ALG3;TET2;TMEM165;C1GALT1C1;GALNT6;ST3GAL2;PLOD1;PLOD3;ARFGEF1;ALG12;ST3GAL5;KRTCAP2;PMM1;POGLUT1;ST3GAL4;OGA;GMPPB;POMK;GALNT2;GALNT3;MOGS;ST8SIA4;COG3;POMGNT1;COG7
prerank,Microtubule Cytoskeleton Organization Involved In Mitosis (GO:1902850),0.31164630669765925,0.9775845872126063,5.299043e-01,9.355692e-01,1.000000e+00,12/40,26.80%,MECP2;MAP1S;KIF3B;PCNT;RMDN1;DCTN2;TNKS;KIF2A;CEP126;INTS13;DYNC1H1;KPNB1
prerank,Protein Alkylation (GO:0008213),0.36155058807796925,0.977558513666155,5.192308e-01,9.343554e-01,1.000000e+00,7/19,34.37%,CAMKMT;FAM98A;METTL21A;VCPKMT;PCMT1;EEF1AKMT2;METTL22
prerank,Negative Regulation Of Calcium Ion Transmembrane Transporter Activity (GO:1901020),-0.2969509764621486,-0.9771844506508922,4.458333e-01,8.036164e-01,1.000000e+00,3/18,2.55%,PPP3CA;CALM3;YWHAE
prerank,Cellular Response To Glucose Starvation (GO:0042149),0.3204676260813302,0.9769416766989335,5.115431e-01,9.348541e-01,1.000000e+00,14/35,26.84%,RRP8;CPEB4;NUAK1;PIK3C3;SZT2;MTMR3;TP53;SESN2;SIRT1;SH3GLB1;PICK1;EIF2AK3;PLIN3;KAT5
prerank,Protein Modification By Small Protein Conjugation (GO:0032446),0.25646025824858054,0.9766157908887204,5.560040e-01,9.345084e-01,1.000000e+00,52/267,17.16%,FBXL17;TRIM27;TRIM4;PIAS2;TRIM69;ASB1;TMEM129;RNF14;VPS11;RNF6;UBE2D4;USP5;GAN;RANGAP1;ZSWIM8;MUL1;TSPAN17;SMURF2;COPS5;TRIM39;RPGR;HLTF;ARIH1;UBE2L3;RNF111;COPS7B;SYVN1;RFWD3;ANAPC7;ARRB1;DDRGK1;RNF213;HERC2;PINK1;MYCBP2;COPS7A;PIAS1;AKTIP;LZTR1;UBE2E1;TRIM24;SHPRH;CUL1;UBE2D2;TRIM11;FBXO25;KCTD13;SIRT1;TRIM35;EIPR1;KLHL18;RBX1
prerank,Cellular Response To Organic Cyclic Compound (GO:0071407),0.2880353474982554,0.976123500946193,5.305011e-01,9.346408e-01,1.000000e+00,22/75,26.84%,ATP1A3;ARL6IP5;MED1;ZFP36L1;EPG5;HSPA8;UBE2L3;PDE12;SPIDR;HSPA1A;RAP1B;FAM210B;DIAPH1;EZR;NCOA3;TNF;RUVBL2;CTNNA1;GNG2;LCOR;GOLPH3;KAT5
prerank,Substantia Nigra Development (GO:0021762),-0.2629455293187474,-0.9760757512691455,5.105263e-01,8.033740e-01,1.000000e+00,7/28,11.81%,CDC42;CALM3;YWHAE;NDUFS3;HSPA5;SIRT2;SUDS3
prerank,Golgi Organization (GO:0007030),0.2729906482504711,0.9757010312756621,5.358650e-01,9.345934e-01,1.000000e+00,31/101,26.60%,TRIP11;SEC23IP;ARHGEF7;COG4;TANGO2;TRAPPC12;BLZF1;COG1;DYM;VTI1B;VTI1A;SEC16A;COG5;GOLGA8O;YIPF4;TMED5;UBXN2B;ATL3;GBF1;COG2;NSFL1C;VPS51;NPLOC4;GOLGA8A;PI4K2B;RAB29;BCAS3;COG3;COG7;GOLPH3;GOLGB1
prerank,Positive Regulation Of Peptidase Activity (GO:0010952),0.3822336664231214,0.9753676745885779,5.258398e-01,9.341953e-01,1.000000e+00,7/15,29.72%,PSME3;DDRGK1;PINK1;PRELID1;VCP;PSENEN;TANK
prerank,Regulation Of Extrinsic Apoptotic Signaling Pathway Via Death Domain Receptors (GO:1902041),0.3427835065533172,0.9745636032260456,5.018360e-01,9.352498e-01,1.000000e+00,6/23,19.62%,PEA15;BCL2L1;TMBIM1;SP100;THBS1;GSK3B
prerank,Regulation Of Viral Transcription (GO:0046782),0.3798044676264577,0.9745521932946161,5.053050e-01,9.340107e-01,1.000000e+00,2/15,0.82%,TARBP2;TRIM27
prerank,Positive Regulation Of Stress-Activated MAPK Cascade (GO:0032874),-0.23274104828215972,-0.9742986540001419,4.949495e-01,8.051847e-01,1.000000e+00,10/57,9.04%,GADD45B;MAP3K10;MAP3K5;HMGB1;GADD45G;ZC3H12A;TRAF1;TRAF5;RELL1;MINK1
prerank,Positive Regulation Of Transport (GO:0051050),0.3268199543550528,0.9741356540161971,5.211268e-01,9.339091e-01,1.000000e+00,12/32,28.88%,CHCHD10;SMPD1;KMT2A;C2CD5;TNF;GSK3B;GSK3A;ANXA2;DYNC1H1;TFR2;CHP1;CEBPB
prerank,Golgi Vesicle Transport (GO:0048193),0.26221024319989017,0.9733119874533269,5.550978e-01,9.349135e-01,1.000000e+00,54/171,27.28%,VAPB;SCAMP2;TBC1D14;TRIP11;COG4;MIA2;SCAMP3;TRAPPC12;UVRAG;COG1;VTI1B;NBAS;SEC31A;TEX261;COPZ2;TRAPPC6B;GOPC;SCAMP1;VTI1A;SEC16A;COPA;SNX12;COG5;MPPE1;PREB;BICD2;YIPF4;KDELR1;TMED5;ATL3;GBF1;COG2;TRAPPC1;YIF1A;RAB6A;TRAPPC13;COPB2;VPS51;PICK1;GOLGA4;BCAP31;AP4M1;YIF1B;SLC10A7;RER1;RAB29;COPG1;GOSR2;COG3;RBSN;COG7;GOLPH3;ERGIC3;EXOC5
prerank,Regulation Of Arp2/3 Complex-Mediated Actin Nucleation (GO:0034315),-0.2848068564928379,-0.9726041066976181,5.000000e-01,8.065553e-01,1.000000e+00,2/22,0.68%,ARF1;GMFG
prerank,Visual Perception (GO:0007601),0.32758984153668824,0.9725392960161926,5.098765e-01,9.357640e-01,1.000000e+00,9/31,16.99%,MYO9A;RPGR;ATXN7;ATF6;OAT;ARRB1;DNAJC19;CRYZ;DRAM2
prerank,Cytoplasmic Translational Initiation (GO:0002183),-0.2624991959397739,-0.9717133668732929,4.975124e-01,8.057054e-01,1.000000e+00,6/28,9.11%,EIF3G;EIF3J;EIF3E;EIF3M;SLBP;EIF4G1
prerank,Regulation Of RNA Splicing (GO:0043484),0.2732037076404372,0.9716226062716736,5.326902e-01,9.369806e-01,1.000000e+00,19/86,17.95%,SUPT7L;TMBIM6;CLK2;SRPK1;ENY2;MBNL2;ATXN7;TRRAP;PTBP3;TIA1;AHNAK;ATXN7L3;SETX;TAF9;HSPA1A;HNRNPH2;METTL16;TAF5L;ZNF326
prerank,Positive Regulation Of B Cell Activation (GO:0050871),-0.25487675591971526,-0.9714739462910059,4.834437e-01,8.028808e-01,1.000000e+00,13/35,21.37%,GPR183;IRS2;CD81;SHLD1;TNFSF13B;VAV3;CD38;TP53BP1;PTPRC;PPP2R3C;CD74;SH3KBP1;PAXIP1
prerank,Retinoid Metabolic Process (GO:0001523),0.3857629501128852,0.9713605083869423,5.277778e-01,9.364400e-01,1.000000e+00,8/15,36.78%,RDH11;RDH5;CYP4V2;AKR1C3;DHRS4;NAPEPLD;KDM5A;RDH13
prerank,Post-Translational Protein Modification (GO:0043687),0.31111725600578166,0.9704172894029697,5.390995e-01,9.378463e-01,1.000000e+00,12/38,23.27%,PARP9;COPS5;PARP6;HLCS;PARP15;BAZ1B;PARP12;FN3KRP;RBX1;SUMF1;TNKS;TNKS2
prerank,Negative Regulation Of Cell Growth (GO:0030308),0.27986155833344245,0.9693894723109617,5.495103e-01,9.394551e-01,1.000000e+00,17/75,16.26%,TCHP;RNF6;BMPR2;MUL1;CDKN2A;CAPRIN2;SMAD4;SMARCA2;ADAM15;CDKN1B;RTN4;TP53;STK11;SESN2;HSPA1A;SPHK2;SIRT1
prerank,Multivesicular Body Assembly (GO:0036258),0.33680310577103983,0.9687719181588514,5.242236e-01,9.397823e-01,1.000000e+00,7/26,21.49%,HGS;VTA1;UBAP1;VPS37A;CHMP3;CHMP6;RAB11A
prerank,Stress-Activated MAPK Cascade (GO:0051403),0.31608436622127406,0.9687640490958136,5.119332e-01,9.385356e-01,1.000000e+00,16/34,33.60%,MAPK9;MAPK14;ZFP36L1;MAPK13;MAP2K4;IKBKB;MAP2K6;MAP4K2;MAP2K7;MAP3K13;MAP3K11;DAXX;TAOK2;MAPK3;GPS2;MAPK8
prerank,Muscle Contraction (GO:0006936),-0.2528981556882884,-0.9686743130531539,5.500000e-01,8.075229e-01,1.000000e+00,6/29,14.78%,ALDOA;MYL6;ASPH;TTN;EMD;UTS2
prerank,Positive Regulation Of Transferase Activity (GO:0051347),0.28078357108608065,0.968568228618488,5.531453e-01,9.378138e-01,1.000000e+00,26/78,31.80%,PDGFRB;MAP3K4;HNRNPD;WRAP53;RFC2;PLAAT4;ERBB2;PARN;UBE2L3;RFC4;BMI1;PINK1;RAD50;TNIP1;DSTYK;TNKS;GSK3A;NEK7;XRCC5;CCT2;MAP2K7;PRKCQ;HNRNPA2B1;FGFR1;DKC1;MAPK3
prerank,Renal System Development (GO:0072001),0.355484800164846,0.9676894978356573,5.207026e-01,9.390327e-01,1.000000e+00,7/20,25.06%,PCSK5;CEP290;STAT1;IFT88;POLR2D;NPHP3;TGFBR1
prerank,Negative Regulation Of MAP Kinase Activity (GO:0043407),0.321758754288192,0.9672116694335569,5.405079e-01,9.391461e-01,1.000000e+00,9/32,18.09%,LAX1;HIPK3;NF1;STK38;SMPD1;PTPN1;RGS14;GBA1;ZNF675
prerank,Regulation Of Wnt Signaling Pathway (GO:0030111),0.3067174696691665,0.9667019968948015,5.315421e-01,9.393501e-01,1.000000e+00,15/42,30.25%,RNF14;CSNK2A1;PSEN1;FAM53B;SPIN1;TSC2;PPP1CA;STK11;CCNY;TLE1;OTULIN;HIC1;VGLL4;GSKIP;TAX1BP3
prerank,Regulation Of Cardiac Muscle Hypertrophy (GO:0010611),-0.323292216347082,-0.9659468145316695,4.978541e-01,8.122853e-01,1.000000e+00,4/15,13.36%,RGS2;PARP1;PRKCA;SLC9A1
prerank,Import Into Cell (GO:0098657),0.3654412418160344,0.9658107798748546,5.468354e-01,9.406175e-01,1.000000e+00,5/18,16.57%,SLC1A7;LRRC8A;IL10RA;SLC5A3;LRRC8D
prerank,Regulation Of Nucleic Acid-Templated Transcription (GO:1903506),0.2511410660243356,0.9657666527359366,6.008024e-01,9.394831e-01,1.000000e+00,103/308,31.39%,ASCC1;STAT3;MAGED1;NR2C2;RNF14;HNRNPD;RNF6;ZNF143;WDR5;ZNF506;SUPT4H1;ZNF217;ZNF138;ZNF562;ZNF664;UBE2V1;ZNF628;ACTR8;MSC;SRCAP;SPIN1;CNBP;NFIA;TRRAP;UBE2L3;NONO;SMARCA2;GCFC2;HMG20A;NFIL3;ZNF195;NR1D2;BAZ2A;ZNF430;HCFC2;TP53;MLF1;GLI4;LIMD1;HIF1A;BNC2;ZNF398;MLLT6;TAF9;SBNO1;SPIN2B;BAZ1A;TAF5L;ATF7;ZNHIT3;NFYC;ZNF675;RUVBL1;TRIP4;NSD2;RREB1;KMT2D;ZNF274;VPS72;DR1;GON4L;ZNF263;TGFBRAP1;ZNF141;LIN54;ZNF33A;RUVBL2;NSD1;BRPF1;ZBTB38;YEATS2;KAT6B;PAK6;KAT6A;TRIM22;ZNF680;JADE2;IRF2;TGFBR1;CHD3;HIC1;REST;RALY;DMTF1;REXO4;MTF2;ZNF85;TADA2A;PRKCQ;MLX;RBBP4;CEBPB;SFPQ;YBX1;UTP4;ING4;ATXN1L;MYCBP;CHD7;THAP1;RSF1;DAXX;THAP7
prerank,Receptor Internalization (GO:0031623),0.32532519617778094,0.9657144835036969,5.421836e-01,9.383731e-01,1.000000e+00,6/30,13.57%,HGS;LILRB1;PICALM;CLTC;ARRB1;ITGB1
prerank,Clathrin-Dependent Endocytosis (GO:0072583),0.36027417396051403,0.9656287281814119,5.328185e-01,9.373503e-01,1.000000e+00,10/18,31.40%,PICALM;CLTC;AP2A2;ITSN2;FCHO2;FCHO1;GPR107;AP2S1;PIP5K1C;LMBRD1
prerank,Histone H2A Acetylation (GO:0043968),0.35150923090872566,0.9655602324534901,5.164141e-01,9.362938e-01,1.000000e+00,8/20,21.31%,EPC2;BRD8;EP400;TRRAP;MRGBP;RUVBL1;VPS72;RUVBL2
prerank,Positive Regulation Of Protein-Containing Complex Assembly (GO:0031334),0.283504679181588,0.9650333258776075,5.541761e-01,9.365590e-01,1.000000e+00,19/61,25.07%,GBP5;GNL3L;IFNG;TP53;SPIDR;MAVS;BCL2L11;RAP1B;FNIP1;TNF;ATR;SH3GLB1;GSK3B;PLEK;MARK4;VCP;NEK7;MTLN;CHAF1B
prerank,protein-RNA Complex Assembly (GO:0022618),-0.19278479070345428,-0.9635237677589433,6.250000e-01,8.160102e-01,1.000000e+00,19/120,9.00%,SRSF5;EIF3G;HEXIM1;SNRPD1;EIF3J;EIF3E;SRSF9;RAMAC;BRIX1;EIF3M;SRSF6;CPSF6;LSM4;WDR77;PRPF18;SRSF10;SNRPF;STRAP;SNRPD2
prerank,Regulation Of Ubiquitin-Dependent Protein Catabolic Process (GO:2000058),0.3182709272448583,0.9634439601731033,5.377358e-01,9.398607e-01,1.000000e+00,8/33,12.93%,CSNK2A1;HIPK2;TRIM39;CCDC22;LAPTM5;RAD23B;COMMD1;SGTA
prerank,DNA Geometric Change (GO:0032392),0.34011206655537146,0.9631632316789999,5.299878e-01,9.394178e-01,1.000000e+00,6/23,19.82%,ASCC3;ASCC1;DHX9;MTERF1;RAD50;DHX36
prerank,Protein Homotetramerization (GO:0051289),0.33261719195924777,0.9626224174485734,5.478788e-01,9.397002e-01,1.000000e+00,5/27,15.73%,SOD2;GBP5;ALDH9A1;CRYZ;ACOT13
prerank,Cell Junction Organization (GO:0034330),0.3594073957866241,0.9618148195527884,5.371795e-01,9.407326e-01,1.000000e+00,4/17,8.37%,PSEN1;MYO9A;PPFIA1;AJM1
prerank,Regulation Of Metal Ion Transport (GO:0010959),0.35947495111667893,0.9617821228461364,5.427461e-01,9.395853e-01,1.000000e+00,6/18,30.00%,STIM1;ORAI1;EPB41;WNK1;SLC30A6;SRI
prerank,Membrane Protein Proteolysis (GO:0033619),0.34582973006253787,0.9613028585717683,5.343980e-01,9.397458e-01,1.000000e+00,8/23,27.75%,PSEN1;MBTPS1;SPPL3;MYH9;SPPL2B;PSENEN;ADAM17;PRKCQ
prerank,Wound Healing (GO:0042060),0.3070916834183985,0.9609470342733242,5.264395e-01,9.394860e-01,1.000000e+00,13/39,27.63%,ARL8B;NF1;ERBB2;SMPD1;MYH9;CHMP3;SRF;CHMP6;RAF1;CHMP1A;TGFBR1;PRCP;SYT11
prerank,Positive Regulation Of Transmembrane Receptor Protein Serine/Threonine Kinase Signaling Pathway (GO:0090100),0.3110584430406394,0.9607248072915773,5.439430e-01,9.388796e-01,1.000000e+00,9/38,13.83%,ZEB2;UBE2O;BMPR2;HIPK2;SMAD4;RNF111;MEN1;STK11;CITED2
prerank,Stem Cell Differentiation (GO:0048863),0.3413858630497992,0.9599896171143288,5.135834e-01,9.396535e-01,1.000000e+00,8/21,27.18%,FBXL17;MLLT3;PSMD11;TP53;HOXB4;METTL5;PUM1;MTF2
prerank,Positive Regulation Of TORC1 Signaling (GO:1904263),0.3358586152711407,0.9595136699795753,5.164975e-01,9.396844e-01,1.000000e+00,8/25,16.88%,PIP4P1;TELO2;GPR137B;CLEC16A;PIH1D1;SLC38A9;SESN2;KLHL22
prerank,Negative Regulation Of Transferase Activity (GO:0051348),0.3291688215806976,0.9591014737600516,5.335821e-01,9.395916e-01,1.000000e+00,10/29,21.53%,XRCC1;PIF1;ERCC4;CDKN1B;TP53;MEN1;NPRL2;TINF2;GSK3B;GSK3A
prerank,Natural Killer Cell Activation (GO:0030101),0.33885884933100263,0.9586562424951933,5.363409e-01,9.396002e-01,1.000000e+00,5/22,11.68%,FCGR3A;ELF4;SLAMF7;NFIL3;KLRK1
prerank,Regulation Of Reactive Oxygen Species Metabolic Process (GO:2000377),0.3233332065034052,0.9582373479982337,5.555556e-01,9.395312e-01,1.000000e+00,18/32,39.65%,PDGFRB;MAPK14;TP53;PINK1;SPHK2;MPV17;THBS1;CBR1;COQ7;AKR1C3;DCXR;SIRT5;RAC2;DHRS4;PDK3;RIPK1;GRB2;RNF41
prerank,SCF-dependent Proteasomal Ubiquitin-Dependent Protein Catabolic Process (GO:0031146),0.3231066455396912,0.9579421380733143,5.407674e-01,9.391609e-01,1.000000e+00,13/31,35.54%,FBXL17;FBXL6;FBXW4;FBXL20;CUL1;RBX1;FBXL4;FBXO4;FBXL5;FBXO2;FBXW5;FBXL3;CUL2
prerank,Protein Complex Oligomerization (GO:0051259),0.28337206870484843,0.9574883521732306,5.647841e-01,9.391651e-01,1.000000e+00,15/67,23.92%,ATL1;EHD1;PRF1;LRRC8A;HGSNAT;TRMT61B;CUTC;NUDT21;ATL3;LRRC8D;GSDMD;ALS2;MICU1;YME1L1;PNPT1
prerank,Release Of Cytochrome C From Mitochondria (GO:0001836),0.3663481903791448,0.9574007003417643,5.366795e-01,9.381714e-01,1.000000e+00,5/17,21.44%,SOD2;BCL2L1;BBC3;TIMM50;MFF
prerank,Regulation Of Stem Cell Population Maintenance (GO:2000036),0.29697738739187624,0.9562024514453994,5.483120e-01,9.401997e-01,1.000000e+00,10/47,17.56%,BICRAL;CNOT3;PHF10;ZNF706;SMARCA2;SS18;ARID4B;SIRT6;TAF5L;NCOA3
prerank,Positive Regulation Of Phosphatidylinositol 3-Kinase Signaling (GO:0014068),-0.25209029922258375,-0.9561902507613522,5.150000e-01,8.340036e-01,1.000000e+00,3/26,2.09%,MAZ;MYDGF;HCST
prerank,Transition Metal Ion Transport (GO:0000041),0.3633585849217823,0.9557722004666466,5.380577e-01,9.401805e-01,1.000000e+00,9/16,36.19%,CUTC;ATP2C1;SLC39A13;ATP7A;SLC30A5;TFR2;SLC30A6;SLC30A9;SLC11A2
prerank,Response To UV (GO:0009411),0.2752359019108371,0.9556666357774574,5.658324e-01,9.392566e-01,1.000000e+00,25/83,26.82%,MAP3K4;USP28;NOC2L;ERCC5;DDB2;MAPK13;UBE4B;ERCC4;SMPD1;TP53;MEN1;INO80;KDM1A;SIRT6;USF1;RBX1;ATR;ERCC3;DHX36;RUVBL2;UVSSA;ERCC8;MAP2K7;CCAR2;MC1R
prerank,Cellular Response To dsRNA (GO:0071359),0.3727928768206913,0.9555451727963505,5.367454e-01,9.383534e-01,1.000000e+00,6/15,22.75%,MUL1;PDE12;ZCCHC3;MAVS;DHX9;RIGI
prerank,Regulation Of Immunoglobulin Production (GO:0002637),-0.29813633666269296,-0.9550746459436804,5.299145e-01,8.336255e-01,1.000000e+00,3/16,7.20%,DNAJB9;VAMP3;PHB1
prerank,Carboxylic Acid Transmembrane Transport (GO:1905039),-0.28925103221527937,-0.9547905199486971,5.175439e-01,8.307811e-01,1.000000e+00,2/17,2.76%,SLC7A5;SLC38A1
prerank,Positive Regulation Of Tyrosine Phosphorylation Of STAT Protein (GO:0042531),0.3568718123679564,0.9544915524037628,5.415070e-01,9.399453e-01,1.000000e+00,4/18,17.59%,PARP9;TNFRSF1A;IFNG;TNF
prerank,Negative Regulation Of Developmental Process (GO:0051093),0.28897833867224465,0.9543869016020603,5.668203e-01,9.390119e-01,1.000000e+00,11/58,15.27%,BICRAL;BNIP3;PHF14;MUL1;ZNF706;SMARCA2;RC3H1;PINK1;SS18;ARID4B;ROCK1
prerank,Positive Regulation Of Immune Effector Process (GO:0002699),0.35808829053444285,0.9536103971820641,5.350318e-01,9.398921e-01,1.000000e+00,3/18,10.43%,DDX60;LILRB1;IFNG
prerank,Positive Regulation Of Cytoskeleton Organization (GO:0051495),-0.23273859156728852,-0.95304345285119,5.925926e-01,8.323422e-01,1.000000e+00,7/39,8.82%,NCK2;ARF6;GSN;CDK5;PFN1;SNX9;SORBS3
prerank,Regulation Of Intrinsic Apoptotic Signaling Pathway (GO:2001242),0.3048550222531866,0.9527473126996326,5.464037e-01,9.409426e-01,1.000000e+00,7/38,12.44%,S100A9;S100A8;DAPK2;NOC2L;BCL2L1;TP53;PINK1
prerank,Positive Regulation Of Biosynthetic Process (GO:0009891),0.3445011789226183,0.9527156442550123,5.472637e-01,9.398028e-01,1.000000e+00,6/23,18.53%,RUNX1;ZBTB20;CYBA;SLC5A3;F2R;RPTOR
prerank,Positive Regulation Of Cell Cycle (GO:0045787),0.3124511118040235,0.9525603081164683,5.441527e-01,9.389544e-01,1.000000e+00,9/35,24.30%,ANKRD17;USP19;CCND2;CITED2;CCND3;CCPG1;MARK4;CCNY;TRIM21
prerank,Negative Regulation Of Kinase Activity (GO:0033673),0.29669561426825247,0.9524630066637844,5.481998e-01,9.380028e-01,1.000000e+00,7/41,10.35%,TARBP2;TRIM27;TAF7;NF1;TSC2;PPP2R5A;CDKN1B
prerank,Positive Regulation Of Endocytosis (GO:0045807),-0.23203255613976145,-0.9523080144569063,5.285714e-01,8.308619e-01,1.000000e+00,12/44,17.58%,CDC42;FLOT1;IL2RB;IL2RG;HIP1;CALR;HNRNPK;IL15RA;LDLRAP1;B2M;FCER1G;CD151
prerank,Nitrogen Compound Transport (GO:0071705),0.27634416741548573,0.9521568161122083,5.774194e-01,9.375915e-01,1.000000e+00,24/80,26.24%,SCAMP2;ARL6IP5;SCAMP3;RALBP1;KIF3A;HIKESHI;SCAMP1;CEP290;MYH9;SLC26A2;SNX18;CHMP3;CD3G;SCAMP4;TOM1;VAMP2;LRRC8D;PICK1;CMTM6;CHMP1A;SLC12A2;CD320;SLC25A11;SLC36A1
prerank,Regulation Of Cell Cycle (GO:0051726),0.2501135497833874,0.9520195029548482,6.093117e-01,9.367624e-01,1.000000e+00,60/217,24.56%,STAT3;EPC2;CDK10;HTRA2;RRP8;LILRB1;NEK9;BRD8;PES1;WDR5;ANKRD17;GRK5;HIPK2;PRCC;TBRG4;EP400;ANAPC10;INO80D;ACTR8;CDK4;E4F1;TAF6;CDKN2A;TRRAP;TSC2;CDC16;CDKN1B;ANAPC7;UHMK1;TP53;MRGBP;MEN1;PPM1A;INO80;STK11;CITED2;NF2;GBF1;SIRT1;INO80C;MAP2K6;RUVBL1;CCPG1;MAEA;VPS72;DR1;MARK4;BIN1;CDK7;RUVBL2;YEATS2;INO80B;NEK7;INTS13;ANAPC1;HPGD;PNPT1;TRIM21;JADE2;PUM1
prerank,Cytosolic Pattern Recognition Receptor Signaling Pathway (GO:0002753),0.3380421692521205,0.9511917682649289,5.639752e-01,9.377281e-01,1.000000e+00,9/23,28.14%,TRAF6;TBK1;MAVS;IRF3;MAP2K6;TRIM25;RIGI;IRF7;PHB2
prerank,Positive Regulation Of Axonogenesis (GO:0050772),0.3679716122770127,0.9510959936594717,5.455746e-01,9.367878e-01,1.000000e+00,8/16,33.08%,NRDC;PLXND1;GOLGA4;MAP3K13;METRN;RUFY3;SEMA4D;SEMA7A
prerank,Protein Catabolic Process (GO:0030163),0.27957420498046875,0.9508554140869723,5.660173e-01,9.362659e-01,1.000000e+00,30/70,36.83%,ATE1;HTRA2;PSMA6;CTSC;GZMB;BNIP3;DENND3;HSPA8;CLPX;TRIM24;CAPN2;OGA;VCP;YME1L1;LAMP2;MTOR;TRIM21;SLC16A3;MANBA;TPP1;CTSF;CLN8;LONP1;RNF123;FBXO2;PPT1;USE1;LRSAM1;CASP7;RIPK1
prerank,mRNA Export From Nucleus (GO:0006406),0.2874676869251719,0.9506155802564488,5.736961e-01,9.357334e-01,1.000000e+00,17/57,20.35%,ENY2;SMG5;CASC3;THOC6;NCBP2;SMG6;NUP88;GLE1;NXF1;THOC1;NUP214;IWS1;RAE1;THOC5;THOC2;MCM3AP;PCID2
prerank,Base-Excision Repair (GO:0006284),0.3133814253166464,0.9504919239580067,5.489260e-01,9.348808e-01,1.000000e+00,15/32,39.01%,ERCC6;XRCC1;ERCC5;POLG;RPA2;LIG1;MPG;POLL;SMUG1;TDG;FEN1;MUTYH;APEX2;WRN;LIG3
prerank,Regulation Of Multicellular Organismal Development (GO:2000026),0.29603213736682876,0.9504005939202536,5.592635e-01,9.339069e-01,1.000000e+00,15/45,23.41%,WDR5;INO80D;ACTR8;INO80;INO80C;RUVBL1;MYSM1;DHX36;DR1;RUVBL2;BRPF1;YEATS2;INO80B;KAT6B;KAT6A
prerank,Mitochondrial Gene Expression (GO:0140053),-0.19611133867609826,-0.949767594133564,6.056338e-01,8.347514e-01,1.000000e+00,13/101,8.02%,MRPL55;FASTKD5;MRPL44;MRPL54;MRPL22;MRPL33;MRPL1;MRPS31;MRPL53;MRPL47;MRPL14;MRPL9;TEFM
prerank,Regulation Of T Cell Differentiation (GO:0045580),0.30926940150782856,0.9483131753016371,5.581948e-01,9.381885e-01,1.000000e+00,8/36,14.06%,FANCA;PHF10;SMARCC2;SOD1;ZNF683;SMARCA2;CLPTM1;PRELID1
prerank,Regulation Of G1/S Transition Of Mitotic Cell Cycle (GO:2000045),0.27472243569094146,0.947945815118227,5.625000e-01,9.379036e-01,1.000000e+00,13/75,12.94%,PSME3;CPSF3;ANKRD17;PHF10;SMARCC2;CDKN2A;CCND2;SMARCA2;CDKN1B;CCNH;INO80;LSM10;CDK2AP2
prerank,Positive Regulation Of Nervous System Development (GO:0051962),0.3625030971729382,0.947700113131942,5.592992e-01,9.373735e-01,1.000000e+00,8/16,33.33%,IFNG;RGS14;CLSTN1;ZNF335;NUMB;CX3CR1;NUMBL;IL1RAP
prerank,Establishment Of Protein Localization To Vacuole (GO:0072666),0.3470893153901057,0.9473777198303421,5.584082e-01,9.370605e-01,1.000000e+00,4/19,11.98%,HGS;VPS8;UBAP1;VPS37A
prerank,Positive Regulation Of Insulin Secretion (GO:0032024),0.3544477296290779,0.9469655021733742,5.554090e-01,9.369185e-01,1.000000e+00,9/18,33.88%,LRRC8A;PPP3CB;TM7SF3;SIRT6;POLR2D;ACSL4;GLUD1;C2CD2L;CAPN10
prerank,Mitochondrion Organization (GO:0007005),0.2589530207952186,0.9454568993478847,6.073298e-01,9.397784e-01,1.000000e+00,43/128,29.15%,RCC1L;BNIP3;MUL1;MFN1;MTFR1L;ATAD3A;TOMM5;CHCHD10;BCL2L1;HIGD2A;MFN2;MIGA2;PINK1;TOMM70;DNAJC19;GBA1;RHOT2;MPV17;SAMM50;DNAJA3;PITRM1;CLUH;TIMM50;BCAP31;ATP7A;WDR81;MEF2A;MFF;YME1L1;RHOT1;AIFM1;AKT3;RAB29;PNPT1;TIMM13;FANCG;TMEM242;CHCHD7;PHB2;MGME1;TAFAZZIN;LONP1;ATPAF1
prerank,Positive Regulation Of Binding (GO:0051099),-0.21322735577615332,-0.9453344601909612,5.670103e-01,8.439469e-01,1.000000e+00,12/57,13.09%,FLOT1;NME1;PIN1;PYHIN1;HMGB1;SUB1;USP33;HMGB2;RAN;SIRT2;STMN1;TIAM1
prerank,Negative Regulation Of Cellular Component Organization (GO:0051129),0.2879378203537198,0.9446675849608663,5.667789e-01,9.405986e-01,1.000000e+00,14/50,24.61%,RUBCN;LILRB1;SACS;PRKCZ;HDAC6;HSPA8;GBA1;HSPA1A;TERF2;TNF;GSK3B;RAF1;XRCC5;RDX
prerank,DNA Replication Initiation (GO:0006270),0.35200849163150033,0.9434739393865443,5.639098e-01,9.424850e-01,1.000000e+00,6/17,27.34%,PURA;MCM5;TOPBP1;ORC3;ORC5;POLA2
prerank,Cellular Response To Amino Acid Starvation (GO:0034198),0.306953287634939,0.9433524664992227,5.739857e-01,9.416429e-01,1.000000e+00,17/36,33.60%,RRAGC;SZT2;DEPDC5;NPRL3;SESN2;NPRL2;SH3GLB1;FAS;EIF2AK3;RRAGB;MTOR;RNF167;GCN1;KICS2;MIOS;MAPK3;MAPK8
prerank,tRNA Processing (GO:0008033),0.29325884085535026,0.9433328355454301,5.671642e-01,9.404978e-01,1.000000e+00,16/46,31.42%,ZBTB8OS;RPP21;FAM98A;FARS2;TRNT1;METTL2B;NSUN2;ELAC2;DTWD1;SARS1;TSEN54;POP7;METTL6;TRPT1;ANKRD16;TRMT1
prerank,Proteolysis Involved In Protein Catabolic Process (GO:0051603),0.2872221624315201,0.9429466600484665,5.816777e-01,9.403077e-01,1.000000e+00,9/59,9.70%,FBXL17;ATE1;PSMA6;CTSC;GZMB;USP28;ANKZF1;HDAC6;CLPX
prerank,Keratinocyte Differentiation (GO:0030216),-0.29769991379626903,-0.9429122178444687,5.146444e-01,8.471579e-01,1.000000e+00,2/15,3.13%,PPP3CA;CFLAR
prerank,Cellular Response To Misfolded Protein (GO:0071218),0.3525146283319117,0.9422744034042008,5.491481e-01,9.408589e-01,1.000000e+00,8/17,34.44%,DNAJB12;VCP;UFD1;CUL3;ATXN3;RNF185;DNAJB14;KLHL15
prerank,Negative Regulation Of Extrinsic Apoptotic Signaling Pathway Via Death Domain Receptors (GO:1902042),0.3590838766515676,0.9421789563553697,5.503185e-01,9.399418e-01,1.000000e+00,4/16,19.62%,PEA15;BCL2L1;TMBIM1;GSK3B
prerank,Positive Regulation Of Lamellipodium Assembly (GO:0010592),-0.2999143906170703,-0.942136405997224,5.347826e-01,8.455290e-01,1.000000e+00,2/16,0.97%,CDC42;PIK3R1
prerank,Regulation Of Type I Interferon Production (GO:0032479),0.28828806655415035,0.9416094640014039,5.594170e-01,9.402509e-01,1.000000e+00,19/53,29.72%,TRIM27;DDX56;TRAF3IP3;ZCCHC3;TBK1;MAVS;G3BP1;KLHL22;ATG5;RBX1;IRF3;GPATCH3;NPLOC4;TRIM21;RNF26;UFD1;IRF7;CUL3;TANK
prerank,Response To Endoplasmic Reticulum Stress (GO:0034976),-0.20059776196380324,-0.9413448756508122,5.967742e-01,8.443491e-01,1.000000e+00,16/88,10.59%,PIK3R1;CCDC47;FLOT1;SELENOK;MAP3K5;DNAJB9;GORASP2;PDIA3;CASP4;UFC1;ATF4;NIBAN1;PDIA6;MARCHF6;HYOU1;HSPA5
prerank,Regulation Of Stem Cell Differentiation (GO:2000736),0.3161812237067078,0.9404336914280769,5.822329e-01,9.420895e-01,1.000000e+00,11/32,28.76%,MTA1;NUDT21;NSUN2;MBD3;MTCH2;HOXB4;SIRT6;BMPR1A;CHD3;KAT5;RBBP4
prerank,Regulation Of Interleukin-12 Production (GO:0032655),0.32696884179747765,0.9404231410680645,5.612745e-01,9.409454e-01,1.000000e+00,5/27,10.43%,LILRB1;MAPK14;CMKLR1;LAPTM5;IFNG
prerank,Nucleocytoplasmic Transport (GO:0006913),-0.21512033582060403,-0.9401541667815397,5.517241e-01,8.441171e-01,1.000000e+00,9/48,7.38%,NEMF;NUP98;TPR;NPM1;SEH1L;AHCTF1;NUP155;MALT1;HNRNPA1
prerank,Positive Regulation Of Cytokine Production (GO:0001819),0.25148910690780035,0.9399503673143091,6.285425e-01,9.409953e-01,1.000000e+00,39/184,18.25%,TRIM27;RUNX1;STAT3;CD6;ZBTB7B;CCDC88B;LILRB1;GBP5;MAPK9;TRAF6;MAPK14;FADD;AGPAT1;PRKCZ;SOD1;MAPK13;HAVCR2;HLA-E;LAPTM5;CYBA;CADM1;IFNG;TMEM106A;TRAF3IP3;TRAF2;ZCCHC3;SCRIB;TBK1;HIF1A;MAVS;HSPA1A;SPHK2;G3BP1;DHX9;F2R;IRF3;TNF;ARHGEF2;CASP1
prerank,Positive Regulation Of Peptidyl-Serine Phosphorylation (GO:0033138),0.29806839228124293,0.9392875658042171,5.696347e-01,9.415193e-01,1.000000e+00,12/41,23.61%,STK4;HDAC6;CAPRIN2;IFNG;PINK1;TBK1;ARAF;FNIP1;TNF;RPTOR;BRAF;RAF1
prerank,Epidermal Growth Factor Receptor Signaling Pathway (GO:0007173),0.3433444188394974,0.9390290771940517,5.774648e-01,9.410339e-01,1.000000e+00,9/20,32.74%,ERBB2;PIK3CA;PLCG1;SHC1;PIK3C2A;BRAF;CBL;PTK2B;IQGAP1
prerank,Positive Regulation Of Intracellular Signal Transduction (GO:1902533),0.24591576762167702,0.9386491068306495,6.710262e-01,9.408207e-01,1.000000e+00,90/297,29.19%,S100A9;S100A8;RNF31;PDGFRB;TRAF6;TMEM101;EXTL3;FADD;GET1;BMPR2;ANKRD17;MUL1;NDFIP1;TRIM38;SLC35B2;UBE2V1;ERBB2;CCDC22;SOD1;SMAD4;FASLG;PIK3CA;LAPTM5;FLNA;TNFRSF1A;TMEM106A;RTN4;TRIM5;ADAM8;SHC1;TP53;TRAF2;PPM1A;PINK1;TBK1;SLC38A9;GPR89A;ITGB1;MAVS;IRAK4;SPHK2;ROCK1;ATP2C1;BBC3;SIRT1;TNIP2;BRD4;FNIP1;IFIT5;IKBKB;F2R;TNF;THBS1;SLC44A2;CASP1;RPTOR;PPIA;LITAF;RHOA;DHX36;ADRB2;TRIM25;BCAP31;SLC20A1;SHARPIN;JMJD8;RRAGB;BMPR1A;DHX15;RAF1;TRIM22;TRIM21;AKAP13;APOL2;ILK;PIK3AP1;MTDH;TGFBR1;CBL;GOLPH3;MC1R;CX3CR1;TRIM52;RNF13;PHB2;PTPRJ;CCL5;AKR1C3;PPP5C;SPATC1L
prerank,Negative Regulation Of Cellular Biosynthetic Process (GO:0031327),0.2700507802113533,0.938043680550818,6.111111e-01,9.411435e-01,1.000000e+00,25/88,29.21%,GZMB;CSNK2A1;BMPR2;CLK2;WDTC1;TIA1;DCAF5;RBM4;TOB1;PATL2;EIF4ENIF1;SIRT6;SIRT1;DHX36;PLEK;DHFR;KHSRP;IFRD2;EIF2AK3;CRY1;RIDA;ILF3;ATP2B4;AKR1C3;YBX1
prerank,Antigen Receptor-Mediated Signaling Pathway (GO:0050851),0.2681187939124176,0.9369423176240986,5.965480e-01,9.428067e-01,1.000000e+00,28/83,28.46%,CD247;RNF31;TRAF6;NCKAP1L;LAX1;BTN3A3;LIME1;SPPL3;PIK3CA;PLCG1;RC3H1;CSK;NFKBID;CD3G;BTN2A2;WNK1;IKBKB;EIF2B3;SPG21;BTN2A1;EIF2B5;LCP2;KHDRBS1;ORC3;THEMIS2;FCHO1;INPP5D;PTPRJ
prerank,Regulation Of Cell Size (GO:0008361),0.34847918227984753,0.9368774561274933,5.623410e-01,9.418088e-01,1.000000e+00,8/19,24.98%,EZR;ARHGAP35;RPTOR;RHOA;PLEK;MTOR;RDX;RARG
prerank,Cellular Response To Transforming Growth Factor Beta Stimulus (GO:0071560),0.28748098534190747,0.9366247989331241,5.701149e-01,9.413005e-01,1.000000e+00,19/49,31.59%,STAT3;USP9Y;ZFP36L1;GARS1;SMAD4;ITGB1;SIRT1;ZYX;SMAD5;TGFBRAP1;BMPR1A;ZMIZ2;HPGD;TGFBR1;NRROS;MAPK7;SMAD2;JUN;TWSG1
prerank,Toll-Like Receptor Signaling Pathway (GO:0002224),-0.2827796268240422,-0.9352417686868373,5.352113e-01,8.550343e-01,1.000000e+00,4/18,11.74%,HSPD1;CTSS;TNIP3;PLCG2
prerank,Negative Regulation Of Double-Strand Break Repair (GO:2000780),0.32433974088347906,0.9350343774149642,5.635697e-01,9.442343e-01,1.000000e+00,2/26,1.12%,RNF169;ERCC6
prerank,Glycosphingolipid Metabolic Process (GO:0006687),0.35115037157003914,0.934112761773302,5.764249e-01,9.454657e-01,1.000000e+00,6/17,19.49%,GBA2;SMPD1;ST3GAL5;ABCA2;CPTP;SUMF1
prerank,rRNA Processing (GO:0006364),0.26605762798282767,0.9340310495915497,6.113537e-01,9.445066e-01,1.000000e+00,28/80,29.41%,NOL8;PES1;DDX49;DCAF13;EMG1;NOLC1;RRP7A;PIH1D1;ESF1;WDR18;NOC4L;EBNA1BP2;PELP1;DDX52;TSR3;RIOK2;NAT10;SPPL2B;MRM2;NOP14;ERI1;MPHOSPH6;XRN2;NOL9;SRFBP1;PIN4;UTP4;RRP9
prerank,Regulation Of Actin Filament Bundle Assembly (GO:0032231),-0.29023802505632507,-0.9336442025571575,5.276596e-01,8.558634e-01,1.000000e+00,3/15,7.55%,CDC42;WAS;PFN1
prerank,Inflammatory Response (GO:0006954),0.260968981375315,0.9333117597737999,6.271008e-01,9.452119e-01,1.000000e+00,21/104,17.81%,S100A9;LYZ;S100A8;STAT3;F11R;MAPK9;CMKLR1;PTGER2;GPR68;TNFRSF1A;CYBA;IFNG;HDAC5;ADAM8;MEN1;TBK1;ITGAL;IKBKB;F2R;TNF;THBS1
prerank,Multivesicular Body Organization (GO:0036257),0.32269780119375535,0.9332657833920518,5.835381e-01,9.441676e-01,1.000000e+00,7/27,21.49%,HGS;VTA1;UBAP1;VPS37A;CHMP3;CHMP6;RAB11A
prerank,Regulation Of Viral Genome Replication (GO:0045069),0.28359141559748224,0.9332385764643695,5.937500e-01,9.430948e-01,1.000000e+00,14/55,19.02%,VAPB;TARBP2;SRPK1;CNOT7;OASL;PPID;PDE12;MAVS;APOBEC3C;HACD3;IFIT5;TNF;PPIA;TNIP1
prerank,Spindle Assembly (GO:0051225),0.2811056874653137,0.9332129755006199,6.022346e-01,9.420004e-01,1.000000e+00,17/58,22.91%,TUBGCP6;CEP63;FLNA;GOLGA8O;KIF3B;INO80;HAUS4;NCOR1;HAUS6;TUBGCP2;TUBGCP4;RHOA;GOLGA8A;TNKS;KIF2A;RAB11A;NEK7
prerank,Positive Regulation Of Cell Death (GO:0010942),0.315886909337789,0.9328270689229096,5.914634e-01,9.417408e-01,1.000000e+00,12/29,31.15%,CIDEB;ATG9A;BNIP3;PICALM;IFNG;TNF;MARK4;RARG;HTATIP2;REST;ITGB2;DAXX
prerank,Protein Localization To Chromatin (GO:0071168),-0.2653907457436324,-0.9328210117301726,5.879397e-01,8.546437e-01,1.000000e+00,7/23,19.22%,RAD21;PARP1;PPHLN1;MSH2;H1-5;LRWD1;LEMD2
prerank,Positive Regulation Of Microtubule Polymerization Or Depolymerization (GO:0031112),0.36934418419448123,0.9327974064351923,5.731070e-01,9.406553e-01,1.000000e+00,12/15,47.00%,TOGARAM1;KATNB1;CLIP1;SLAIN1;DCTN1;ARL2;SLAIN2;CDK5RAP2;FES;DRG1;CLASP1;NUMA1
prerank,Heme Biosynthetic Process (GO:0006783),0.368912234532214,0.9326978793294124,5.907895e-01,9.397584e-01,1.000000e+00,4/15,24.31%,NFE2L1;ALAS1;COX15;UROD
prerank,Regulation Of Ubiquitin-Protein Transferase Activity (GO:0051438),-0.2588905813514505,-0.9326941349238024,5.470588e-01,8.514171e-01,1.000000e+00,8/26,16.94%,PIN1;DCUN1D1;FBXO5;BUB3;AXIN1;FEM1A;FBXW7;FEM1B
prerank,Modulation By Host Of Viral Process (GO:0044788),-0.3034540716453399,-0.9324958717081732,5.672269e-01,8.485019e-01,1.000000e+00,2/15,1.26%,CDC42;PPIB
prerank,Cellular Response To Insulin Stimulus (GO:0032869),0.2757192198515647,0.93200001353458,5.906040e-01,9.403259e-01,1.000000e+00,14/63,16.48%,ZFP36L1;RAB10;INSIG2;PDK2;PDE3B;PKM;HDAC5;SHC1;PIK3R3;PIK3C2A;DENND4C;VAMP2;USF1;C2CD5
prerank,Protein K48-linked Ubiquitination (GO:0070936),0.27713510404230557,0.9304997750935536,6.082131e-01,9.429226e-01,1.000000e+00,18/60,26.55%,RNF6;UBE2D4;RNF8;RNF146;SYVN1;TRIM65;MYCBP2;UBE2E1;CUL1;UBE2D2;RBX1;BFAR;RNF4;TRIM25;TRIM21;UBE3A;UBE2E3;UBE2H
prerank,Positive Regulation Of Cellular Process (GO:0048522),0.24315144002045488,0.9299201010715374,6.917671e-01,9.433064e-01,1.000000e+00,66/283,25.06%,S100A9;CST7;ADGRG1;S100A8;CIDEB;BICRAL;PDGFRB;MECP2;CSNK2A1;ANKRD17;GRK5;PHF10;TBRG4;ZFP36L1;ASH2L;SMARCC2;DDX49;CNOT8;CDK4;ERBB2;CNBP;NACC1;CNOT7;CCND2;FAM98A;SMARCA2;IFNG;ADAM8;SHC1;DDRGK1;NRDC;INO80;CIAO1;SS18;KRAS;CITED2;TSPAN31;SRF;TNFRSF1B;SIRT1;CCDC117;TMEM102;KLHL22;HDGFL2;F2R;TNF;THBS1;RPTOR;KMT2D;CAPN1;CCPG1;GSK3B;DHX36;CXCR2;MARK4;CNOT6;SPOCK2;GNAI2;MTLN;CAPNS1;MTOR;TMEM250;CNOT6L;TRIM21;DYNC1H1;TGFBR1
prerank,Microtubule Polymerization (GO:0046785),-0.24836095838902977,-0.9297056458705465,5.767196e-01,8.530510e-01,1.000000e+00,4/28,5.08%,MAP7D3;PIN1;ZNF207;CSNK1D
prerank,Negative Regulation Of mRNA Catabolic Process (GO:1902373),0.3179251720337264,0.9277387838761435,5.685786e-01,9.475454e-01,1.000000e+00,8/26,20.45%,HNRNPD;NBAS;TAF15;EIF4ENIF1;NRDE2;DHX9;CSDE1;IREB2
prerank,Regulation Of Protein Localization (GO:0032880),0.2751703903207088,0.9276511510396624,6.201814e-01,9.466331e-01,1.000000e+00,19/60,25.20%,DVL3;TRIM38;RAB11FIP5;KCNAB2;ATP13A2;CEP290;PICALM;WDPCP;TRIM5;ABCA2;KDM1A;GBF1;STX6;TRIM25;VCP;TRIM22;RABGAP1L;TRIM21;RAB9A
prerank,Protein Insertion Into Mitochondrial Membrane (GO:0051204),-0.25470828251700683,-0.9265560359708187,5.521472e-01,8.579835e-01,1.000000e+00,5/27,5.77%,ROMO1;TIMM22;MTX1;TIMM8A;TIMM8B
prerank,Negative Regulation Of Cellular Response To Growth Factor Stimulus (GO:0090288),0.31422397426511595,0.9257118832954532,5.898673e-01,9.502891e-01,1.000000e+00,9/30,29.89%,HGS;HIPK2;SMURF2;PTPN1;THBS1;RBPMS2;ATP2B4;CRIM1;EPN2
prerank,Purine Nucleotide Biosynthetic Process (GO:0006164),0.3497460703182098,0.9248693697430644,5.813953e-01,9.512381e-01,1.000000e+00,5/17,29.76%,ADSL;PRPSAP1;MTHFD1;SLC4A7;PRPSAP2
prerank,Cellular Response To Cadmium Ion (GO:0071276),0.35531793788000476,0.9247542365544773,5.858311e-01,9.503644e-01,1.000000e+00,8/16,34.91%,MAPK9;MT1E;MT1F;JUN;DAXX;MAPK3;MAPK8;HSF1
prerank,Cellular Response To Reactive Oxygen Species (GO:0034614),0.2850532798042175,0.924554111580471,6.045977e-01,9.496734e-01,1.000000e+00,11/51,16.26%,MAPK9;ANKZF1;HDAC6;MAPK13;PEX14;PDK2;ERCC6L2;PEX2;SETX;MPV17;SIRT1
prerank,Phagocytosis (GO:0006909),0.2993735755075472,0.9237141681007058,6.002345e-01,9.505892e-01,1.000000e+00,8/37,16.45%,MESD;ARHGAP12;ANXA11;ARHGAP25;RAB11FIP2;MYH9;ITGB1;BIN2
prerank,Negative Regulation Of Protein-Containing Complex Assembly (GO:0031333),0.2977004995589081,0.9229112164587779,5.939323e-01,9.514982e-01,1.000000e+00,12/37,24.34%,PRKCZ;HDAC6;HSPA8;ZDHHC12;PPM1A;GBA1;ZNF827;CPTP;TRIM11;GSK3B;RAF1;NLRC3
prerank,Double-Strand Break Repair Via Homologous Recombination (GO:0000724),0.26204657830535827,0.9226591298566841,6.153017e-01,9.509509e-01,1.000000e+00,38/89,39.08%,RNF169;XRCC1;ERCC5;HUS1;RAD51C;AP5S1;ERCC4;RFWD3;MCM5;NUCKS1;RPA2;INO80;SPIDR;SWI5;INTS3;PPP4C;SMC5;NABP2;AP5Z1;POLL;MCM6;KAT5;HELQ;SFPQ;MMS22L;FEN1;EID3;YY1;MBTD1;NPC1;ZSWIM7;RAD52;ATRX;MUS81;GEN1;WRN;LIG3;RECQL
prerank,Mitochondrial Respiratory Chain Complex Assembly (GO:0033108),-0.19492763483069175,-0.9223401468340201,6.774194e-01,8.664936e-01,1.000000e+00,24/89,17.74%,NDUFB9;UQCRFS1;NDUFB11;NDUFA1;BCS1L;NDUFB6;NDUFS8;NDUFS3;NDUFC2;NDUFB1;COX19;UQCC3;COX16;NDUFB8;FASTKD3;SCO2;PET100;NDUFB7;DMAC1;NDUFA3;NDUFA13;TTC19;SDHAF2;TMEM186
prerank,Stress-Activated Protein Kinase Signaling Cascade (GO:0031098),0.3440690696632612,0.922242390371768,5.933504e-01,9.508265e-01,1.000000e+00,9/19,33.60%,MAPK14;MAPK13;IKBKB;MAP2K6;MAP2K7;MAP3K13;TAOK2;MAPK3;MAPK8
prerank,Receptor Metabolic Process (GO:0043112),0.36634996249391927,0.9221393637127858,5.953905e-01,9.499528e-01,1.000000e+00,4/15,19.46%,PLEKHA3;UVRAG;NSG1;SH3GLB1
prerank,Pattern Recognition Receptor Signaling Pathway (GO:0002221),0.30434612563707114,0.9216632245049502,5.954382e-01,9.500464e-01,1.000000e+00,8/31,22.75%,TRAF6;TBK1;MAVS;IRAK4;IRF3;CASP1;TRIM25;RIGI
prerank,Response To Reactive Oxygen Species (GO:0000302),0.2839820143688971,0.9215155264584066,6.029748e-01,9.492467e-01,1.000000e+00,9/46,16.26%,MAPK9;SOD1;PEX14;PDK2;ERCC6L2;PEX2;HIF1A;MPV17;SIRT1
prerank,Negative Regulation Of NF-kappaB Transcription Factor Activity (GO:0032088),0.2723342920605793,0.9199055909698683,6.020067e-01,9.520675e-01,1.000000e+00,19/59,28.11%,LRRC14;CMKLR1;TRIM37;CCDC22;CDKN2A;HAVCR2;NFKBIL1;ARRB1;COMMD1;RWDD3;SIRT1;ZNF675;MAP2K5;CACTIN;TRIM21;NLRC3;OTULIN;CHP1;COMMD6
prerank,Negative Regulation Of Catalytic Activity (GO:0043086),0.3503694624594613,0.9196507436757582,5.816993e-01,9.515381e-01,1.000000e+00,5/17,16.26%,PARP9;HDAC6;TMBIM1;TP53;SIRT1
prerank,Negative Regulation Of Proteolysis Involved In Protein Catabolic Process (GO:1903051),0.35058432875048373,0.919086271524022,5.733333e-01,9.517684e-01,1.000000e+00,5/16,19.94%,CSNK2A1;HIPK2;TRIM39;SGTA;CSNK2A2
prerank,Regulation Of Protein Kinase Activity (GO:0045859),0.2656994453556458,0.9182857940388359,6.381579e-01,9.525688e-01,1.000000e+00,30/74,36.22%,AGAP2;TARBP2;TRIM27;UVRAG;TAF7;NF1;SOD1;TSC2;SIRT1;PPIA;ALS2;LCP2;CCNY;XRCC5;ORC3;RAP2B;PRKAG2;CHP1;XRCC6;GSKIP;DAXX;PTK2B;IQGAP1;RB1;ANKRD54;CACUL1;AKT1S1;CEP43;PRKRIP1;QARS1
prerank,Positive Regulation Of Type I Interferon Production (GO:0032481),0.28118475098366214,0.9180391950539053,6.162403e-01,9.520608e-01,1.000000e+00,14/54,19.82%,POLR3C;POLR3A;NMB;TRAF3IP3;TRIM65;ZCCHC3;TOMM70;TBK1;STAT1;MAVS;G3BP1;DHX9;IRF3;DHX36
prerank,Regulation Of Cell Division (GO:0051302),0.2775119098208757,0.9180188611990785,6.150393e-01,9.509826e-01,1.000000e+00,15/54,27.39%,WDR5;UVRAG;PIK3C3;BCL2L1;FSD1;MLLT3;CDK2AP2;NCOA3;SH3GLB1;DR1;RAB11A;YEATS2;MYO19;TADA2A;KLHL21
prerank,Sensory Organ Development (GO:0007423),0.3377705435848598,0.9179934251404881,5.986928e-01,9.499148e-01,1.000000e+00,7/19,31.01%,HIPK2;ASCL2;ATF6;POLR2D;ZDHHC16;CHD7;PBX3
prerank,Positive Regulation Of Gene Expression (GO:0010628),0.24239574110544815,0.9179610251097894,7.082495e-01,9.488607e-01,1.000000e+00,64/250,25.13%,HGS;STAT3;ACTA2;ZBTB7B;CCDC88B;LILRB1;HNRNPD;MAPK9;MAPK14;AGPAT1;WDR5;BMPR2;MED1;PSEN1;NOC2L;ASH2L;SIRT7;ATP13A2;ERBB2;GARS1;SOD1;FAM98A;CADM1;IFNG;RBM14;CALCOCO1;DDRGK1;PIK3R3;TP53;MEN1;LARP4B;HIF1A;KRAS;CITED2;NSUN5;SETX;KMT2A;HSPA1A;SPHK2;ROCK1;UXT;EIF4G3;EZR;TERF2;TNF;THBS1;YTHDF1;GSK3B;DHX36;VPS72;METTL5;GSK3A;EIF2AK3;NAT10;BRAF;RIGI;BMPR1A;MTOR;TLE1;FUBP3;RDX;VPS35;TGFBR1;MACROH2A1
prerank,ATP Metabolic Process (GO:0046034),0.32197791210390636,0.9179366479114879,6.117497e-01,9.478259e-01,1.000000e+00,9/24,28.86%,NUDT5;ATP5PO;HSPA8;CLPX;HSPA1A;SLC25A13;NUDT2;PRKAG2;ATP5F1B
prerank,Regulation Of Apoptotic Signaling Pathway (GO:2001233),0.3072927604856618,0.9179226796645454,5.982478e-01,9.467378e-01,1.000000e+00,14/29,29.04%,TMBIM6;DAPK2;CSNK2A1;TRIM39;TMBIM1;TNF;PPIA;CSNK2A2;GRINA;FAS;CRADD;TGFBR1;CX3CR1;SGMS1
prerank,Internal Peptidyl-Lysine Acetylation (GO:0018393),0.29907860724309593,0.9171959280173984,6.021765e-01,9.473151e-01,1.000000e+00,13/35,27.35%,EPC2;BRD8;EP400;TRRAP;MRGBP;TAF9;TAF5L;RUVBL1;VPS72;RUVBL2;YEATS2;KAT5;TADA2A
prerank,Monoatomic Cation Homeostasis (GO:0055080),0.2996716586623187,0.9161605467867366,6.062053e-01,9.487216e-01,1.000000e+00,10/33,28.92%,ATP13A2;CUTC;PICALM;COMMD1;WNK1;ATP7A;SLC12A2;TFR2;NEO1;SLC12A6
prerank,mRNA Transport (GO:0051028),0.28101138094657246,0.9160287464353314,6.149425e-01,9.479368e-01,1.000000e+00,15/51,19.92%,ZFP36L1;SMG5;CASC3;THOC6;NCBP2;SMG6;NUP88;GLE1;NXF1;THOC1;NUP214;RAE1;THOC5;THOC2;MCM3AP
prerank,Regulation Of Extrinsic Apoptotic Signaling Pathway In Absence Of Ligand (GO:2001239),0.35228944637307713,0.9158733817708843,5.782493e-01,9.472092e-01,1.000000e+00,5/15,20.36%,HTRA2;BCL2L1;HSPA1A;TNF;MAP2K5
prerank,Regulation Of Neuron Death (GO:1901214),0.30053343500768914,0.9149737752544534,6.077283e-01,9.483155e-01,1.000000e+00,13/33,25.01%,HTRA2;ATP13A2;PICALM;IFNG;TRAF2;TBK1;GBA1;SARM1;TNFRSF1B;NSMF;SIGMAR1;RAB29;VPS35
prerank,Regulation Of Proteolysis (GO:0030162),-0.21802364472301788,-0.9149343991013107,6.190476e-01,8.837309e-01,1.000000e+00,11/38,16.71%,AURKAIP1;CDK5;ITCH;DNAJC1;OGT;IST1;ASPH;BAG6;GSAP;CASP8;RNF139
prerank,Positive Regulation Of Cation Channel Activity (GO:2001259),0.3444667524478495,0.9148302592890898,5.861619e-01,9.475439e-01,1.000000e+00,3/18,6.69%,AKAP5;PPP3CC;PPP3CB
prerank,Positive Regulation Of Receptor Signaling Pathway Via STAT (GO:1904894),-0.27384039203851973,-0.914663881980877,6.199095e-01,8.808593e-01,1.000000e+00,2/18,1.70%,IL7R;OCIAD2
prerank,Spliceosomal snRNP Assembly (GO:0000387),-0.2312200120475558,-0.9146139562224587,6.308725e-01,8.774136e-01,1.000000e+00,7/36,9.00%,SNRPD1;LSM4;WDR77;SRSF10;SNRPF;STRAP;SNRPD2
prerank,Phosphatidylinositol Biosynthetic Process (GO:0006661),0.2649460582717187,0.9138975810414958,6.339869e-01,9.486372e-01,1.000000e+00,28/79,32.22%,INPP4A;INPPL1;MTMR4;PITPNM1;PIK3C3;PIK3CA;MPPE1;FIG4;MTMR3;PIK3R3;EFR3A;PIK3C2A;HYCC2;PIGV;PITPNM2;IP6K1;SLC30A5;PI4K2B;SMG1;PIGN;SYNJ2;CDIPT;DPM2;INPP5D;PIP5K1C;PIK3R2;IMPA1;PIK3CG
prerank,T Cell Receptor Signaling Pathway (GO:0050852),0.26656956727926656,0.9132023467736208,6.357688e-01,9.491491e-01,1.000000e+00,24/68,28.46%,CD247;RNF31;TRAF6;BTN3A3;SPPL3;PIK3CA;PLCG1;RC3H1;CSK;NFKBID;CD3G;BTN2A2;WNK1;IKBKB;EIF2B3;BTN2A1;EIF2B5;LCP2;KHDRBS1;ORC3;THEMIS2;FCHO1;INPP5D;PTPRJ
prerank,Regulation Of Cytokine Production (GO:0001817),0.2581984590159593,0.9124463748909969,6.447793e-01,9.498075e-01,1.000000e+00,23/90,24.42%,ASB1;CCDC88B;MAPK14;AGPAT1;NPTN;ZBTB20;BTN3A3;PPP1R11;ZBTB2;SOD1;CADM1;IFNG;TBK1;PLD3;BTN2A2;TNFRSF1B;TNF;LITAF;EOLA1;BTN2A1;RIGI;TRIM21;RNF26
prerank,Natural Killer Cell Mediated Immunity (GO:0002228),0.34764324971685434,0.9119011407053241,6.226667e-01,9.499924e-01,1.000000e+00,5/17,11.68%,FCGR3A;GZMB;SLAMF7;NKG7;KLRK1
prerank,Regulation Of Viral Entry Into Host Cell (GO:0046596),-0.2491210199891849,-0.9109660086197887,6.229508e-01,8.840013e-01,1.000000e+00,5/26,6.25%,GSN;HMGB1;IFITM3;LGALS9;IFITM2
prerank,Regulation Of Inflammatory Response (GO:0050727),0.2497119740736518,0.9108497354871705,6.917450e-01,9.514062e-01,1.000000e+00,25/121,19.02%,S100A9;S100A8;STAT3;PSMA6;EXTL3;ELF4;IL10RA;MVK;NKG7;MAPK13;AKNA;AOAH;TNFRSF1A;IFNG;NR1D2;TRIM65;GBA1;VAMP2;TNFRSF1B;DHX9;BRD4;TNF;GSDMD;CASP1;TNIP1
prerank,Embryonic Limb Morphogenesis (GO:0030326),0.34599550722657324,0.9105233622004378,5.968586e-01,9.510775e-01,1.000000e+00,3/16,10.09%,PTCH1;FBXW4;WDPCP
prerank,O-glycan Processing (GO:0016266),0.314265248489223,0.9102390120557229,6.187500e-01,9.505907e-01,1.000000e+00,9/27,27.65%,C1GALT1C1;GALNT6;ST3GAL2;ST3GAL4;ST6GAL1;GALNT2;GALNT3;POMGNT1;GCNT1
prerank,miRNA Processing (GO:0035196),0.3127654091896782,0.9102214155623238,6.173594e-01,9.495281e-01,1.000000e+00,17/29,41.37%,TARBP2;GARS1;NCBP2;TUT7;AGO4;ZC3H7B;PUM1;AGO1;HNRNPA2B1;SMAD2;BCDIN3D;AGO3;SPOUT1;METTL3;DICER1;DROSHA;SRRT
prerank,Macromolecule Catabolic Process (GO:0009057),0.27001069846356424,0.9095388873769933,6.424642e-01,9.499944e-01,1.000000e+00,30/67,38.25%,HTRA2;PPP1R8;HNRNPD;DIS3L;UVRAG;DENND3;RNASEH1;RNASEH2B;TRIM24;SH3GLB1;MTOR;PNPT1;XRN2;SLC16A3;TPP1;REXO4;CLN8;EXOSC6;EXOSC8;MVB12A;DFFB;PPT1;EXOSC1;USE1;EXOSC9;LRSAM1;CASP7;RIPK1;PIK3R4;MUS81
prerank,Negative Regulation Of Macromolecule Biosynthetic Process (GO:0010558),0.2697875855128409,0.9093970066004089,6.510870e-01,9.492221e-01,1.000000e+00,17/69,22.40%,GZMB;CSNK2A1;BMPR2;TAF7;TIA1;CLTC;RBM4;TOB1;PATL2;EIF4ENIF1;GSK3B;DHX36;DHFR;GSK3A;AP2A1;IFRD2;EIF2AK3
prerank,Cellular Response To Hexose Stimulus (GO:0071331),-0.2861122488010742,-0.9093383715355797,5.665399e-01,8.848074e-01,1.000000e+00,5/15,17.89%,TRA2B;SOX4;PRKACA;IGF1R;RACK1
prerank,Positive Regulation Of Interferon-Beta Production (GO:0032728),0.30708420908848744,0.9082936601716247,6.166667e-01,9.506925e-01,1.000000e+00,8/30,17.57%,POLR3C;POLR3A;TRIM65;TOMM70;TBK1;MAVS;DHX9;IRF3
prerank,Negative Regulation Of Macromolecule Metabolic Process (GO:0010605),0.2526605282947599,0.907437695356054,6.691023e-01,9.515372e-01,1.000000e+00,33/104,28.20%,STAT3;MECP2;PSEN1;NDFIP1;ZNF410;PARP9;SFMBT2;CNOT7;HAVCR2;SNX12;PICALM;IFNG;PARP15;DDRGK1;PINK1;HIF1A;CITED2;SIRT1;TERF2;KDM4A;TNF;SMAD5;CNPY2;GSK3B;SETDB2;BMPR1A;CHMP1A;ADAM10;REST;ZNF148;FLOT2;ATP2B4;RBL1
prerank,Positive Regulation Of Leukocyte Cell-Cell Adhesion (GO:1903039),-0.2415525343615773,-0.9073585303819315,5.706522e-01,8.865184e-01,1.000000e+00,4/27,7.19%,HLA-DRB5;HSPD1;CD44;FUT7
prerank,Interferon-Mediated Signaling Pathway (GO:0140888),-0.23930484332982127,-0.9071388926512973,6.571429e-01,8.835743e-01,1.000000e+00,7/28,11.92%,JAK1;IFNGR1;IFITM3;IFITM2;IFNL1;IRF1;OAS2
prerank,Establishment Of Epithelial Cell Polarity (GO:0090162),0.35683372062303925,0.9066364071336132,6.115486e-01,9.522809e-01,1.000000e+00,8/15,27.19%,RAP2A;MYO9A;EZR;RHOA;CYTH1;SH3BP1;GOLPH3;OPHN1
prerank,Cellular Response To Salt (GO:1902075),-0.21239496533091246,-0.9066056184947802,6.890756e-01,8.814601e-01,1.000000e+00,7/51,7.38%,EGR1;PPIF;ZNF16;PPP1R9B;CPNE1;ZC3H12A;HNRNPA1
prerank,Regulation Of Cell Development (GO:0060284),-0.23361340676194967,-0.9065085475052449,6.114650e-01,8.782063e-01,1.000000e+00,11/32,15.96%,HMGB2;S100A10;YTHDF2;BRD1;HDAC9;MEAF6;BHLHE40;AKT1;FXR1;ING5;CLOCK
prerank,Cellular Response To Lipid (GO:0071396),0.2546857035907832,0.906392060755194,6.781250e-01,9.517858e-01,1.000000e+00,25/107,21.74%,ATP1A3;HTRA2;LILRB1;TRAF6;MAPK14;MED1;HSPA8;UBE2L3;ADAM15;PEX2;NFKBIL1;SETX;HSPA1A;SPHK2;UXT;TNFRSF1B;TNIP2;FAM210B;NCOA3;CASP1;TNIP1;RHOA;GSK3B;RUVBL2;CACTIN
prerank,Telomere Maintenance Via Telomere Lengthening (GO:0010833),0.34137259683730325,0.9063290861322998,6.243590e-01,9.508118e-01,1.000000e+00,5/18,17.88%,WRAP53;PIF1;TELO2;CTC1;RAD50
prerank,Peptidyl-Threonine Dephosphorylation (GO:0035970),-0.28122067101210435,-0.9054149374125374,5.630631e-01,8.774293e-01,1.000000e+00,3/16,10.26%,PPP2CA;PPP2CB;PGAM5
prerank,Regulation Of Fat Cell Differentiation (GO:0045598),-0.2265663583163991,-0.9050812718983552,6.493506e-01,8.749377e-01,1.000000e+00,10/41,12.87%,TRIB2;ID2;ZC3H12A;SYAP1;LCP1;ZFP36L2;ZFP36;SIRT2;NOCT;AKT1
prerank,Positive Regulation Of Growth (GO:0045927),0.27841917913811576,0.9047042185716748,6.587031e-01,9.535452e-01,1.000000e+00,9/50,18.53%,S100A9;S100A8;CSNK2A1;DDX49;ERBB2;INO80;KLHL22;HDGFL2;RPTOR
prerank,Positive Regulation Of Secretion By Cell (GO:1903532),-0.22903158026916173,-0.9043837432191933,6.390977e-01,8.733554e-01,1.000000e+00,8/37,13.05%,TMED10;ARF6;CD2AP;GRK2;DTNBP1;S100A10;RAB27B;TTN
prerank,Central Nervous System Development (GO:0007417),0.2505216965117123,0.9042209724805783,6.876972e-01,9.536115e-01,1.000000e+00,43/122,31.70%,ADGRG1;STAT3;PTCH1;PITPNM1;GBA2;MAP1S;NF1;TBC1D23;THOC6;SZT2;NCOA6;RTN4;DHX30;ANAPC7;SPATA5;RTN3;NHEJ1;UTP3;CDK5RAP1;SH3GL1;TUBGCP2;MSI2;BTD;ZNF335;POMK;EIF2B5;GIT2;DHX37;UBE3A;KDM4B;SYNJ2;CIC;JHY;TPP1;CX3CR1;NDUFS4;UGP2;PAFAH1B3;RBBP4;CHD7;SERPINI1;PBX3;PKD1
prerank,Regulation Of Interleukin-4 Production (GO:0032673),-0.28285170426570794,-0.9041065366894774,5.925926e-01,8.707378e-01,1.000000e+00,7/17,18.53%,SLC7A5;GATA3;LGALS9;HLA-DRB1;ZFPM1;FCER1G;RARA
prerank,Energy Derivation By Oxidation Of Organic Compounds (GO:0015980),-0.24673255817726164,-0.9036286716278381,6.204819e-01,8.685770e-01,1.000000e+00,8/29,12.75%,COX7B;UQCR11;UQCRQ;COX6A1;CYC1;NDUFA4;COX7A2;COX8A
prerank,Modulation By Host Of Viral Genome Replication (GO:0044827),0.338793921007673,0.9034224298573782,6.174583e-01,9.543832e-01,1.000000e+00,6/18,21.51%,PIK3C3;DDX56;NUCKS1;TMEM41B;SMC5;CCNK
prerank,B Cell Differentiation (GO:0030183),-0.22592527130341805,-0.9019728048948092,6.250000e-01,8.693515e-01,1.000000e+00,14/36,17.78%,PIK3R1;DNAJB9;SLC25A5;PTPN2;RABL3;HDAC9;TOP2B;HHEX;PLCG2;ADGRG3;MSH2;PTPRC;JAK3;IRF2BP2
prerank,Negative Regulation Of Receptor-Mediated Endocytosis (GO:0048261),0.3372569333338094,0.9018295689771096,5.994798e-01,9.570015e-01,1.000000e+00,7/18,19.64%,PSEN1;ANKRD13A;PICALM;ATXN2;UBQLN2;LRPAP1;WDR54
prerank,Positive Regulation Of Signal Transduction (GO:0009967),0.252030109645977,0.9012435131324897,7.029289e-01,9.572493e-01,1.000000e+00,31/115,25.06%,STAT3;ZBTB7B;CSNK2A1;AGPAT1;NPTN;UBE2V1;PRKCZ;TRIM39;KLF2;SPIN1;TSPAN14;GKAP1;FLNA;PIH1D1;SPRING1;HIF1A;RWDD3;CITED2;POGLUT1;NEPRO;SIRT1;DSTYK;SNX5;PDCL;FAS;CRADD;TM2D3;RXRB;ILK;VPS35;TGFBR1
prerank,Positive Regulation Of Innate Immune Response (GO:0045089),0.3047052693550567,0.9009571067881752,6.164053e-01,9.567783e-01,1.000000e+00,15/29,39.80%,GBP5;FADD;POLR3C;HLA-E;MAVS;DHX9;PLSCR1;CCL5;RNF185;NLRC5;TRIM56;TRIM62;TRIM41;AKIRIN2;TIRAP
prerank,Protein Autophosphorylation (GO:0046777),0.2525604358535115,0.9003773314152134,6.673706e-01,9.570635e-01,1.000000e+00,32/100,31.89%,PDGFRB;DAPK2;STK4;TAOK1;CLK2;GRK5;STK10;ATP13A2;ERBB2;UHMK1;STK39;PINK1;STK11;TNIK;ATR;GSK3B;STK16;CDK12;RIOK2;EIF2AK3;SMG1;MTOR;HTATIP2;MAP3K13;MARK3;MAP3K11;PRKD2;TAOK2;VRK1;FGFR1;MAPK3;PTK2B
prerank,RNA Stabilization (GO:0043489),0.3105789118957304,0.9002685556854698,6.075795e-01,9.562161e-01,1.000000e+00,9/26,20.45%,PARN;ZCCHC17;NSUN2;TAF15;EIF4ENIF1;NRDE2;TNIP1;DHX36;IREB2
prerank,Regulation Of Receptor Signaling Pathway Via JAK-STAT (GO:0046425),-0.23506435373544782,-0.9001181776554203,6.529412e-01,8.708271e-01,1.000000e+00,9/31,17.56%,SOCS1;IL7R;OCIAD2;IFNL1;PTPN2;SOCS3;PTPRC;BCL3;JAK3
prerank,Regulation Of Protein Phosphorylation (GO:0001932),0.24612529033600597,0.8992523294655058,7.114788e-01,9.574266e-01,1.000000e+00,33/137,23.37%,CCDC88C;DVL3;RAP2A;STK4;NPTN;RALBP1;MOB2;ERBB2;SOD1;CCND2;WDFY2;ARRB1;PIK3R3;MEN1;PINK1;IBTK;MAVS;KRAS;AKTIP;SESN2;CCND3;SIRT1;FNIP1;TNF;FKBP8;TNIK;PPIA;CACTIN;NSD1;FAS;EIF2AK3;CCNY;RASGRP1
prerank,Regulation Of Heart Contraction (GO:0008016),-0.2525264305186723,-0.8985805143515847,5.849057e-01,8.716119e-01,1.000000e+00,3/21,3.52%,ATP2B1;CALM3;PDE4D
prerank,Amino Acid Transmembrane Transport (GO:0003333),-0.26803944351554077,-0.8981341196142194,6.188119e-01,8.693177e-01,1.000000e+00,2/19,2.76%,SLC7A5;SLC38A1
prerank,Monocarboxylic Acid Metabolic Process (GO:0032787),0.2731075039513424,0.897931892888515,6.419612e-01,9.593300e-01,1.000000e+00,23/53,34.74%,ACOT4;GBA2;ACAA1;AOAH;ME2;HLCS;SCP2;PCCB;GNPAT;SGPL1;ACSF3;ACADSB;BTD;ACSL4;PCCA;GRHPR;MSMO1;ACSL3;VNN2;AMACR;NPC1;CPT1A;GAMT
prerank,Cellular Response To Vascular Endothelial Growth Factor Stimulus (GO:0035924),0.33924111301723936,0.8977874469886566,6.169666e-01,9.585602e-01,1.000000e+00,2/16,9.29%,MAPK14;PIK3CA
prerank,SMAD Protein Signal Transduction (GO:0060395),0.34398754067127435,0.8973687687733062,6.130268e-01,9.584111e-01,1.000000e+00,8/16,30.94%,HIPK2;GARS1;SMAD4;SMAD5;ZMIZ2;GDF11;SMAD2;JUN
prerank,Positive Regulation Of Calcium Ion Transmembrane Transporter Activity (GO:1901021),-0.2900792516084291,-0.8966760678406296,5.891473e-01,8.698266e-01,1.000000e+00,5/15,16.66%,PPP3CA;CALM3;APEX1;SLC9A1;ATP1B1
prerank,Positive Regulation Of Protein Phosphorylation (GO:0001934),0.24024640486863308,0.8966636593832058,7.185261e-01,9.589226e-01,1.000000e+00,59/180,31.89%,AGAP2;DVL3;RAP2A;STK4;NPTN;BMPR2;RALBP1;MOB2;ERBB2;HDAC6;CCND2;CAPRIN2;SMAD4;WDFY2;ARRB1;DDRGK1;PIK3R3;TP53;PINK1;TBK1;MAVS;KRAS;AKTIP;ARAF;CCND3;SIRT1;FNIP1;TNF;RAD50;ARHGEF2;RPTOR;TNIK;PPIA;CAB39;ALS2;FAS;BRAF;LCP2;RASGRP1;BMPR1A;RAF1;XRCC5;ILK;ORC3;TGFBR1;GDF11;CX3CR1;ADAM17;PRKAG2;ATP2B4;PTPRJ;XRCC6;PRKD2;SEMA4D;DAXX;TAOK2;TWSG1;MAPK3;PTK2B
prerank,Cellular Response To Epidermal Growth Factor Stimulus (GO:0071364),0.33696944744249324,0.8962943989272186,6.240409e-01,9.587104e-01,1.000000e+00,5/18,15.11%,MED1;ZFP36L1;ERBB2;PLCG1;STAT5B
prerank,RNA-templated DNA Biosynthetic Process (GO:0006278),0.34358946764072057,0.8955276035483598,6.382166e-01,9.583025e-01,1.000000e+00,3/16,6.75%,WRAP53;PIF1;TELO2
prerank,Telomere Maintenance Via Telomerase (GO:0007004),0.34358946764072057,0.8955276035483598,6.382166e-01,9.583025e-01,1.000000e+00,3/16,6.75%,WRAP53;PIF1;TELO2
prerank,Chloride Transport (GO:0006821),0.31637361587908996,0.8954782942576933,6.316456e-01,9.573398e-01,1.000000e+00,9/24,31.76%,SLC1A7;LRRC8A;CLCN7;NMUR1;PACC1;SLC12A2;ANO6;SLC12A6;APOL1
prerank,Mitotic Cytokinetic Process (GO:1902410),0.34976246750285733,0.8951083419828788,6.240106e-01,9.571357e-01,1.000000e+00,7/15,33.89%,CHMP3;CNTROB;CHMP6;RHOA;CHMP1A;VPS4A;MITD1
prerank,Intrinsic Apoptotic Signaling Pathway By P53 Class Mediator (GO:0072332),0.3017003691181564,0.89471931838997,6.140567e-01,9.569363e-01,1.000000e+00,9/29,20.74%,RRP8;USP28;HIPK2;PDK2;TP53;STK11;SIRT1;DYRK2;CDIP1
prerank,Cellular Response To Ketone (GO:1901655),0.3289951687955671,0.892956840831069,6.457565e-01,9.599036e-01,1.000000e+00,9/20,40.79%,PTGER2;ADAM15;SPHK2;GNG2;GOLPH3;AKR1C3;PTGER4;CREB1;PCK2
prerank,Anterior/Posterior Pattern Specification (GO:0009952),0.3382250841859985,0.8927512702132407,6.279373e-01,9.592457e-01,1.000000e+00,7/18,31.51%,PCSK5;BMPR2;HOXB4;HOXC5;TGFBR1;SMAD2;HOXA9
prerank,Regulation Of Double-Strand Break Repair Via Nonhomologous End Joining (GO:2001032),0.32902535204418115,0.8927061009191247,6.318471e-01,9.582577e-01,1.000000e+00,4/19,16.78%,ERCC6;WRAP53;KMT5C;TRAPPC13
prerank,Protein Modification By Small Protein Removal (GO:0070646),0.25747475895860494,0.8921668624652082,6.796009e-01,9.584357e-01,1.000000e+00,12/73,12.70%,USP11;USP42;SENP6;USP28;USP5;USP34;USP9Y;COPS5;USP19;COPS7B;USP37;COPS7A
prerank,Antimicrobial Humoral Response (GO:0019730),0.3142722044137841,0.8919872162982591,6.323155e-01,9.577287e-01,1.000000e+00,2/22,0.54%,S100A9;LYZ
prerank,Regulation Of Cell Growth (GO:0001558),0.2420383740257088,0.8916968443407588,7.316062e-01,9.572904e-01,1.000000e+00,28/150,17.17%,S100A9;LTBP4;S100A8;TCHP;CSNK2A1;BMPR2;MUL1;ATAD3A;DDX49;ERBB2;CDKN2A;CAPRIN2;SMAD4;SMARCA2;ADAM15;EBAG9;CDKN1B;RTN4;TP53;INO80;STK11;RASGRP2;SESN2;HSPA1A;SPHK2;SIRT1;KLHL22;HDGFL2
prerank,Regulation Of Ras Protein Signal Transduction (GO:0046578),0.27437819157387683,0.8909895587903885,6.643438e-01,9.578368e-01,1.000000e+00,16/52,27.37%,RASGEF1A;STK19;DENND3;ARHGAP17;MFN2;DENND4C;LZTR1;ARHGEF2;ARHGEF18;GIT2;SH3BP1;RASGRP1;RAF1;RDX;OPHN1;DENND4B
prerank,Regulation Of Epithelial Cell Proliferation (GO:0050678),0.2845259967443992,0.8903868919489631,6.424385e-01,9.581060e-01,1.000000e+00,6/37,16.08%,MAGED1;ZFP36L1;ERBB2;PEX2;MTSS1;TINF2
prerank,Regulation Of Insulin Receptor Signaling Pathway (GO:0046626),0.3059743387659957,0.8903182977088931,6.512758e-01,9.571638e-01,1.000000e+00,10/27,21.53%,ZBTB7B;PRKCZ;TSC2;GKAP1;PTPN1;NUCKS1;SIRT1;PIP4K2B;SNX5;GSK3A
prerank,mRNA Polyadenylation (GO:0006378),0.31754235350808724,0.8902960552218792,6.216561e-01,9.561449e-01,1.000000e+00,8/22,23.92%,PAPOLG;CPSF3;LEO1;PEX2;SCAF8;PCF11;SYMPK;PNPT1
prerank,RNA Modification (GO:0009451),-0.20230317703896394,-0.8899124616816797,7.200000e-01,8.835651e-01,1.000000e+00,5/48,4.61%,ADARB1;JMJD6;OSGEP;APOBEC3F;ELP5
prerank,Negative Regulation Of Signaling (GO:0023057),-0.2640364146342319,-0.8897760346824652,6.244898e-01,8.806119e-01,1.000000e+00,4/18,11.34%,PPP3CA;TRAT1;HSP90AB1;OPTN
prerank,Regulation Of Cell Adhesion (GO:0030155),-0.19088884613372045,-0.8896904152453572,7.021277e-01,8.775398e-01,1.000000e+00,21/74,19.25%,PPP2CA;PPP3CA;SIPA1;EPHA4;MYADM;CD164;FUT7;MINK1;YTHDF2;CYTIP;PRKCA;LPXN;PLXNA4;CXCR3;C1QBP;PPP1CB;PTPN11;PLXNC1;STX3;RIPOR2;PRKX
prerank,Regulation Of Amyloid-Beta Formation (GO:1902003),0.3087333295577109,0.8893155241086864,6.338730e-01,9.573136e-01,1.000000e+00,10/24,21.53%,PICALM;SLC2A13;IFNG;RTN4;RTN3;ROCK1;TNF;ABCA7;BIN1;GSK3A
prerank,Organophosphate Biosynthetic Process (GO:0090407),0.31295541057075416,0.8893001395809513,6.393035e-01,9.562821e-01,1.000000e+00,7/23,22.78%,PCYT2;TPI1;TPK1;GK5;IP6K1;GPHN;LPCAT1
prerank,Sensory Perception Of Light Stimulus (GO:0050953),0.2990257378541637,0.8890391556799463,6.320293e-01,9.557776e-01,1.000000e+00,9/30,16.99%,MYO9A;RPGR;ATXN7;ATF6;OAT;ARRB1;DNAJC19;CRYZ;DRAM2
prerank,Regulation Of Endoplasmic Reticulum Stress-Induced Intrinsic Apoptotic Signaling Pathway (GO:1902235),0.3268678248363568,0.8885037024191379,6.299616e-01,9.558632e-01,1.000000e+00,9/19,31.58%,TMBIM6;SYVN1;PTPN1;BCL2L11;HSPA1A;EIF2AK3;CREB3;SELENOS;FCGR2B
prerank,RNA 3'-End Processing (GO:0031123),0.2932412461675562,0.8877513683543871,6.599287e-01,9.563729e-01,1.000000e+00,12/33,23.92%,INTS12;TRNT1;NCBP2;NUDT21;ELAC2;INTS9;INTS14;TUT7;USB1;INTS2;INTS6L;PNPT1
prerank,Triglyceride Metabolic Process (GO:0006641),0.32894471658711844,0.8867280441608586,6.280566e-01,9.576151e-01,1.000000e+00,12/19,44.37%,GK5;SIRT1;PNPLA2;PLAAT3;LMF1;GPAT4;DGAT1;LPIN1;GPAT2;GALK2;LIPC;SEL1L
prerank,Response To Metal Ion (GO:0010038),0.2889365650875467,0.8863713159137273,6.454653e-01,9.573251e-01,1.000000e+00,13/37,29.17%,NDRG1;AHCYL1;ANXA11;SEC31A;D2HGDH;PPP1CA;HIF1A;THBS1;GPHN;SLC25A13;TFR2;PLSCR1;PPP5C
prerank,mRNA Methylation (GO:0080009),0.3467056461492889,0.8851262970928344,6.334197e-01,9.590416e-01,1.000000e+00,4/15,15.96%,TRMT61B;CMTR1;NSUN2;METTL16
prerank,Monoatomic Anion Transport (GO:0006820),0.32549397810079067,0.8840802107591151,6.556122e-01,9.602862e-01,1.000000e+00,6/20,17.72%,LRRC8A;SLC4A2;SLC17A5;LRRC8D;NMUR1;PACC1
prerank,Regulation Of Protein Localization To Cell Periphery (GO:1904375),0.34230579950598483,0.883865314584417,6.287582e-01,9.596659e-01,1.000000e+00,8/16,33.63%,STX7;VTI1B;VAMP8;SIRT6;GBP1;ZDHHC7;ZDHHC2;VPS4A
prerank,Cellular Nitrogen Compound Biosynthetic Process (GO:0044271),-0.2678282790073249,-0.8834946813232669,6.293103e-01,8.899897e-01,1.000000e+00,3/19,3.37%,SPTSSB;GCHFR;GCH1
prerank,Regulation Of Protein Neddylation (GO:2000434),0.33987699925396897,0.8832610465923282,6.440903e-01,9.599499e-01,1.000000e+00,4/16,12.99%,COPS5;COPS7B;COPS7A;HIF1A
prerank,protein-DNA Complex Assembly (GO:0065004),0.2823035073848608,0.8830861016544512,6.554217e-01,9.592515e-01,1.000000e+00,21/42,38.05%,HIRA;SART3;H2BC15;NASP;GTF2H5;BAZ1A;HAT1;KAT6B;CHAF1B;MACROH2A1;H3-3A;RBBP4;CHRAC1;H2BC21;RSF1;DAXX;ASF1A;ATRX;UBN1;H2BC9;SSRP1
prerank,Positive Regulation Of Protein Localization To Membrane (GO:1905477),0.2696173291415059,0.882482105601015,6.662831e-01,9.595064e-01,1.000000e+00,10/52,17.59%,AKAP5;GZMB;CNPY4;ERBB2;IFNG;ITGB1;BBC3;C2CD5;SLC5A3;TNF
prerank,Intracellular Calcium Ion Homeostasis (GO:0006874),0.2665015090196851,0.882102110134238,6.815642e-01,9.592817e-01,1.000000e+00,17/57,22.57%,VAPB;TMEM203;ATP2A2;NPTN;PSEN1;TMEM165;ATP13A2;STIM1;KCTD17;TMEM64;ATP2C1;MICU2;ATP2A3;DMPK;MICU1;CHERP;SLC10A7
prerank,Activation Of Protein Kinase Activity (GO:0032147),0.2751544704381212,0.8815800822584964,6.609977e-01,9.593531e-01,1.000000e+00,10/45,20.07%,TRAF6;STRADA;PRRC1;ZFP91;TRAF2;PINK1;STK11;PPIA;ADRB2;CAB39
prerank,Macrophage Activation (GO:0042116),0.32380666799890007,0.8813803263353815,6.429463e-01,9.587214e-01,1.000000e+00,5/20,20.75%,FCGR3A;IFNG;TMEM106A;TNF;CRTC3
prerank,Integrin-Mediated Signaling Pathway (GO:0007229),0.27432552787691006,0.879556086735876,6.616279e-01,9.616507e-01,1.000000e+00,21/45,36.18%,ITGB7;ADAM15;MYH9;ITGB1;ITGAL;ZYX;PLEK;RCC2;PTPRA;ILK;ORC3;NME2;ADAM10;CUL3;ITGB2;PTK2B;FYB1;SEMA7A;ITGAV;ITGAX;FERMT3
prerank,Regulation Of T Cell Activation (GO:0050863),-0.21666302516749603,-0.8790810371414985,7.210884e-01,8.978163e-01,1.000000e+00,10/37,17.56%,MYDGF;HLA-DRB5;HSPD1;CRTAM;SIT1;PTPN22;CD2;B2M;HLA-DRB1;JAK3
prerank,Regulation Of Myeloid Cell Differentiation (GO:0045637),0.32002905779054985,0.8787785124679015,6.589447e-01,9.622981e-01,1.000000e+00,11/20,49.08%,LEO1;PEX2;HOXA9;PTK2B;CTR9;CNOT4;FES;EIF6;L3MBTL1;CDK6;SKIC8
prerank,Negative Regulation Of G1/S Transition Of Mitotic Cell Cycle (GO:2000134),-0.25687671611459406,-0.8783115726395124,6.486486e-01,8.964275e-01,1.000000e+00,2/20,4.36%,FHL1;BRD7
prerank,Substrate Adhesion-Dependent Cell Spreading (GO:0034446),-0.2724705634091661,-0.8779892214150616,6.344538e-01,8.938601e-01,1.000000e+00,4/18,12.07%,PIK3R1;VAMP3;MLF2;LPXN
prerank,Protein Stabilization (GO:0050821),0.23714439085833885,0.8770194737844715,7.474333e-01,9.650926e-01,1.000000e+00,53/157,29.77%,DVL3;STK4;CSNK2A1;GET1;P3H1;MUL1;NCLN;TRIM37;TRIM39;TELO2;USP19;CEP63;HPS4;AAK1;SEC16A;FLNA;SYVN1;PIH1D1;RTN4;DNLZ;CCNH;CCT7;PINK1;CCT3;PFDN6;TAF9;HSPA1A;DNAAF2;UXT;MORC3;TNIP2;NAA15;RUVBL1;CDC37L1;CDK7;WDR81;RUVBL2;CCT5;LAMP2;COA8;STX12;COG3;CCT2;MFSD1;COG7;NAA16;FLOT2;GLMP;CHP1;PHB2;BAG4;MTMR9;ATP1B3
prerank,Positive Regulation Of Lymphocyte Proliferation (GO:0050671),0.2794794004857992,0.876772860932876,6.867612e-01,9.645745e-01,1.000000e+00,4/40,2.72%,CD6;CCDC88B;FCGR3A;NCKAP1L
prerank,Regulation Of Fibroblast Migration (GO:0010762),0.3418267930290046,0.8761346380987469,6.453333e-01,9.648656e-01,1.000000e+00,3/16,17.81%,ARHGEF7;ITGB1;THBS1
prerank,Positive Regulation Of Protein Ubiquitination (GO:0031398),0.26191560396762137,0.8749491799888023,6.975983e-01,9.662851e-01,1.000000e+00,16/66,21.53%,TRAF6;TBC1D7;NDFIP1;MTA1;UBE2L3;LAPTM5;BMI1;COMMD1;PINK1;MYCBP2;KDM1A;RBX1;GSK3B;PHF23;FBXO4;GSK3A
prerank,Mitotic Cytokinesis (GO:0000281),-0.2125532713928412,-0.8748383339991933,7.089552e-01,8.983664e-01,1.000000e+00,9/42,13.43%,SEPTIN6;CHMP4A;SPTBN1;SNX9;CFL1;RHOC;UNC119;STMN1;NUSAP1
prerank,Regulation Of Spindle Assembly (GO:0090169),0.30945009602484397,0.8747863720147135,6.604245e-01,9.655472e-01,1.000000e+00,7/24,24.70%,SENP6;CHMP3;HSPA1A;RNF4;CHMP6;CHMP1A;DYNC1H1
prerank,Positive Regulation Of Protein Import Into Nucleus (GO:0042307),-0.25380442108612983,-0.8741812423155846,6.666667e-01,8.968291e-01,1.000000e+00,5/23,10.82%,PIK3R1;TPR;ZC3H12A;RAN;TRIM28
prerank,Regulation Of Tyrosine Phosphorylation Of STAT Protein (GO:0042509),-0.24987323296388228,-0.8738507543892289,6.820513e-01,8.943975e-01,1.000000e+00,6/26,12.53%,SOCS1;PPP2CA;PIBF1;IFNL1;PTPN2;SOCS3
prerank,Negative Regulation Of Protein Kinase Activity (GO:0006469),0.26256029166678135,0.873569093949347,6.727689e-01,9.671072e-01,1.000000e+00,8/54,10.45%,TARBP2;TRIM27;TAF7;NF1;TSC2;CDKN1B;IFNG;PTPN1
prerank,Purine-Containing Compound Biosynthetic Process (GO:0072522),0.33456585100496067,0.8732319503432091,6.569921e-01,9.667594e-01,1.000000e+00,5/16,29.76%,ADSL;PRPSAP1;MTHFD1;SLC4A7;PRPSAP2
prerank,Protein K48-linked Deubiquitination (GO:0071108),0.3306596131101325,0.8729101845970677,6.483376e-01,9.664420e-01,1.000000e+00,5/17,17.92%,USP5;USP34;USP37;OTUD4;OTUB1
prerank,Negative Regulation Of Epidermal Growth Factor Receptor Signaling Pathway (GO:0042059),0.3432465622043255,0.8726634963023021,6.371912e-01,9.659141e-01,1.000000e+00,8/15,41.04%,ZFYVE28;ZGPAT;CHMP6;PTPRJ;RNF115;SOCS5;TSG101;SNX6
prerank,Positive Regulation Of Plasma Membrane Bounded Cell Projection Assembly (GO:0120034),0.2635659883483668,0.8720211516365575,6.886364e-01,9.662290e-01,1.000000e+00,16/56,25.12%,CEP120;FAM98A;KCTD17;PIK3CA;WASF2;IFT88;ACTR3;ARPC2;ARHGAP35;GSK3B;MARK4;IFT20;DEF8;ACTR2;BCAS3;DOCK11
prerank,mRNA 3'-End Processing (GO:0031124),0.28850428883670975,0.8713186802684557,6.787004e-01,9.666511e-01,1.000000e+00,10/35,20.24%,PAPOLG;CPSF3;LEO1;PEX2;NCBP2;NUDT21;LSM10;SCAF8;PCF11;SYMPK
prerank,Negative Regulation Of Ubiquitin-Dependent Protein Catabolic Process (GO:2000059),0.28982674782738627,0.8706980618443222,6.602410e-01,9.668994e-01,1.000000e+00,6/30,14.91%,CSNK2A1;HIPK2;TRIM39;DDRGK1;SGTA;TAF9
prerank,Regulation Of Smoothened Signaling Pathway (GO:0008589),0.29882445187283513,0.8702183593453213,6.522811e-01,9.668212e-01,1.000000e+00,2/25,3.97%,FBXL17;PTCH1
prerank,Peptidyl-Tyrosine Modification (GO:0018212),0.3013462300375028,0.8699406019325349,6.756757e-01,9.663506e-01,1.000000e+00,15/26,44.16%,PDGFRB;CLK2;ERBB2;TPST2;ABI3;CLK4;FGFR1;PTK2B;NTRK1;LCK;FES;PTPN6;FYN;FGR;JAK2
prerank,Autophagosome Assembly (GO:0000045),0.2638751317848054,0.8697626360437325,7.048998e-01,9.656712e-01,1.000000e+00,16/55,26.53%,ATP2A2;ATG9A;PIK3C3;RAB35;MFN2;TMEM41B;UBXN2B;TOM1;UBQLN2;ATG5;NSFL1C;AP4M1;ATG2B;STX12;ATG4D;ATG16L2
prerank,Selective Autophagy (GO:0061912),0.2704547523431605,0.8693926085413186,6.912442e-01,9.654386e-01,1.000000e+00,17/48,30.54%,TEX264;SPATA33;PIK3C3;PEX2;DDRGK1;RNF213;PINK1;SNX18;ATG5;WDR81;ATG2B;RETREG3;ATG4D;PHB2;TAFAZZIN;UBQLN1;AMBRA1
prerank,Negative Regulation Of Mitotic Cell Cycle (GO:0045930),0.30502630258060903,0.8693663304065218,6.708075e-01,9.644552e-01,1.000000e+00,6/22,22.73%,ZFP36L1;CDKN1B;SCRIB;TRIM35;CHFR;NABP2
prerank,Maturation Of LSU-rRNA (GO:0000470),0.3281808383791831,0.8692026496986069,6.713555e-01,9.637679e-01,1.000000e+00,3/17,17.97%,PES1;DDX18;ZNHIT3
prerank,Positive Regulation Of Intrinsic Apoptotic Signaling Pathway (GO:2001244),0.29361767243915593,0.8687565026939051,6.650426e-01,9.636562e-01,1.000000e+00,6/28,15.83%,S100A9;S100A8;SOD1;TP53;BCL2L11;BBC3
prerank,Negative Regulation Of Cell Cycle G1/S Phase Transition (GO:1902807),-0.25392210508201457,-0.8686979377764983,6.523605e-01,9.035247e-01,1.000000e+00,2/20,4.36%,FHL1;BRD7
prerank,Positive Regulation Of Lamellipodium Organization (GO:1902745),0.3185797847398322,0.8681564053331587,6.570713e-01,9.638674e-01,1.000000e+00,6/20,18.55%,ARHGEF7;PIK3CA;WASF2;ACTR3;ARPC2;RREB1
prerank,Negative Regulation Of Cell Cycle Process (GO:0010948),0.3242249868992386,0.8677216955137113,6.407035e-01,9.637528e-01,1.000000e+00,5/17,17.22%,PPP1R10;ZFYVE19;TP53;BAZ1B;TERF2
prerank,Regulation Of Interferon-Beta Production (GO:0032648),0.2782139393169856,0.8674830313744836,7.010429e-01,9.632361e-01,1.000000e+00,13/42,24.34%,LILRB1;POLR3C;POLR3A;TRIM65;TOMM70;TBK1;MAVS;DHX9;MORC3;IRF3;CACTIN;RIGI;NLRC3
prerank,"Phagocytosis, Engulfment (GO:0006911)",0.3307379529019848,0.8673440338683522,6.531646e-01,9.624895e-01,1.000000e+00,9/17,33.29%,ARHGAP12;ARHGAP25;MYH9;BIN2;THBS1;SH3BP1;ITGB2;FCGR2B;AIF1
prerank,Negative Regulation Of Endocytosis (GO:0045806),0.3251905259697946,0.8672224970098175,6.729323e-01,9.617253e-01,1.000000e+00,3/18,9.54%,RUBCN;LILRB1;PICALM
prerank,Regulation Of Plasma Membrane Bounded Cell Projection Assembly (GO:0120032),0.2657183240435375,0.8672040620109724,7.238636e-01,9.607332e-01,1.000000e+00,14/50,25.34%,TBC1D14;TBC1D10B;RABGAP1;TBC1D10C;TBC1D19;WDPCP;CAPZB;IFT88;ATG5;TBC1D13;IFT20;TBC1D17;RDX;DYNLT2B
prerank,Negative Regulation Of BMP Signaling Pathway (GO:0030514),0.32223399179561213,0.8671800234070364,6.679198e-01,9.597682e-01,1.000000e+00,9/19,45.59%,HIPK2;SMURF2;RBPMS2;CRIM1;UBE2D1;SORL1;SMAD7;SKI;UBE2D3
prerank,Peptidyl-Lysine Modification (GO:0018205),0.2563059850520335,0.8663988312676524,7.235683e-01,9.604061e-01,1.000000e+00,24/71,33.68%,TRIM27;BLOC1S1;PIAS2;SENP6;RANGAP1;PLOD1;HDAC6;PLOD3;LIPT1;PIAS1;METTL21A;SIRT1;SMC5;VCPKMT;ZMIZ2;HDAC4;KAT5;GCSH;SIRT5;UBA2;EID3;EEF1AKMT2;UBE2I;RANBP2
prerank,Embryonic Organ Development (GO:0048568),0.2987413583795591,0.8663876269406149,6.632783e-01,9.594106e-01,1.000000e+00,8/27,23.39%,PCSK5;TBC1D23;KMT2A;CDC40;POLR2D;TNF;ERCC3;BMPR1A
prerank,Nucleosome Assembly (GO:0006334),0.2764535000883665,0.8663053207686897,6.733967e-01,9.585439e-01,1.000000e+00,20/40,38.05%,HIRA;SART3;H2BC15;NASP;BAZ1A;HAT1;KAT6B;CHAF1B;MACROH2A1;H3-3A;RBBP4;CHRAC1;H2BC21;RSF1;DAXX;ASF1A;ATRX;UBN1;H2BC9;SSRP1
prerank,Negative Regulation Of Protein Catabolic Process (GO:0042177),0.27921059051065655,0.8658551071694992,6.670616e-01,9.584351e-01,1.000000e+00,11/37,32.67%,AGAP2;RGP1;SNX12;FLNA;ROCK1;ANXA2;OPHN1;CST3;ALAD;CTSA;BANP
prerank,Negative Regulation Of Binding (GO:0051100),-0.19845918663095136,-0.8654400866224498,8.217054e-01,9.077985e-01,1.000000e+00,11/58,12.87%,CARD16;IFI16;PIN1;NFKBIA;GZMA;USP33;CPNE1;SUMO1;SUMO3;IFIT2;AKT1
prerank,Positive Regulation Of Proteasomal Ubiquitin-Dependent Protein Catabolic Process (GO:0032436),0.2609904541142702,0.8649990240501796,7.043673e-01,9.591484e-01,1.000000e+00,16/62,21.53%,RNF14;USP5;COP1;ARIH1;FBXO22;DDRGK1;SGTA;PIAS1;HSPA1A;SIRT6;UBQLN2;RBX1;GSK3B;BCAP31;VCP;GSK3A
prerank,Regulation Of Metaphase/Anaphase Transition Of Cell Cycle (GO:1902099),0.3077527023334036,0.8646386639640657,6.793409e-01,9.588939e-01,1.000000e+00,8/23,33.58%,PHF10;SMARCC2;SMARCA2;RIOK2;ARID2;PBRM1;SMARCA4;CDC23
prerank,Negative Regulation Of Programmed Cell Death (GO:0043069),0.22825493594186672,0.8644337463529804,8.250758e-01,9.583039e-01,1.000000e+00,55/237,22.50%,NAA35;TMBIM6;NCKAP1L;BNIP3;HIPK3;MED1;PSEN1;ZNF830;GRK5;ERCC5;ATAD3A;IFIT3;SIAH2;COPS5;BCL2L1;TM7SF3;ERBB2;TMEM14A;SERPINB9;CCND2;HIGD2A;THOC6;LAPTM5;FLNA;SHC1;DDRGK1;GCLC;TP53;CITED2;PRELID1;PTMS;ARAF;SETX;CIAPIN1;TAF9;HSPA1A;MGMT;SIRT1;DNAJA3;CASP2;ATG5;NAA15;BFAR;THBS1;FKBP8;ANXA5;SMAD5;DSTYK;GSK3B;PCID2;PSMC5;TIGAR;FAS;YME1L1;BRAF
prerank,Negative Regulation Of Innate Immune Response (GO:0045824),-0.21423554533840725,-0.8633585707865036,6.870748e-01,9.091993e-01,1.000000e+00,16/40,20.70%,IFI16;YTHDF3;PARP1;YTHDF2;PTPN2;USP15;OAS1;AKT1;ISG15;PPP6C;PCBP2;CGAS;TNFAIP3;LYAR;USP18;YWHAZ
prerank,Regulation Of Protein Import Into Nucleus (GO:0042306),-0.22567256101998412,-0.8633425482082111,7.091837e-01,9.059544e-01,1.000000e+00,6/30,10.82%,PIK3R1;TPR;ZC3H12A;SUMO1;RAN;TRIM28
prerank,DNA Metabolic Process (GO:0006259),0.22680628046212456,0.8620603276829814,8.222222e-01,9.620242e-01,1.000000e+00,77/238,32.70%,FANCA;PURA;RFC2;UVRAG;ERCC5;HUS1;EP400;INO80D;ACTR8;RAD51C;DDB2;CNBP;HLTF;POLG;TRRAP;RBMS1;DCLRE1C;ERCC4;KMT5C;RFC4;MCM5;SMARCAL1;RAD17;TOPBP1;MEN1;RPA2;INO80;MRPL36;CTC1;MBD4;ENDOG;PTMS;GTF2H3;ZNF827;SP100;MGMT;INTS3;USP3;TERF2;INO80C;RAD50;RUVBL1;ATR;GTF2H4;ERCC3;LIG1;VCP;RUVBL2;NABP2;INO80B;ZNF668;POLL;XRCC5;FANCG;ORC3;MACROH2A1;DNASE2;MCM6;ERCC1;REXO4;ORC5;POLA2;XRCC6;MMS19;TDG;LONP1;FEN1;CDC34;EID3;YY1;UBE2V2;DONSON;CDK2;RRM1;DFFB;RAD18;MUTYH
prerank,Adenylate Cyclase-Activating G Protein-Coupled Receptor Signaling Pathway (GO:0007189),-0.241120889002344,-0.8617725756203275,7.187500e-01,9.062016e-01,1.000000e+00,9/23,16.57%,GNAQ;GNAS;GPR65;GNA13;GNB1;RAMP1;ADGRG3;UTS2;ADCY9
prerank,Phosphatidylcholine Metabolic Process (GO:0046470),-0.24106012258399823,-0.8613304356270863,6.836735e-01,9.039465e-01,1.000000e+00,6/23,13.49%,CHPT1;SLC44A1;TSPO;LPGAT1;PLA2G6;NR1H2
prerank,mRNA Catabolic Process (GO:0006402),0.2717159118571383,0.8605420773383472,6.848837e-01,9.641623e-01,1.000000e+00,20/40,38.61%,NBAS;DIS3L2;PDE12;RC3H1;HSPA1A;METTL16;TUT7;AGO4;PNPT1;DXO;XRN2;RIDA;NBDY;LSM5;AGO3;SND1;EXOSC9;RNH1;UPF1;METTL3
prerank,Pore Complex Assembly (GO:0046931),-0.275641611087892,-0.8598817565237581,6.525424e-01,9.042546e-01,1.000000e+00,3/16,6.38%,NUP98;TPR;AHCTF1
prerank,Positive Regulation Of Kinase Activity (GO:0033674),0.27116939799355666,0.8584044040468236,7.003567e-01,9.674316e-01,1.000000e+00,19/44,37.33%,AGAP2;PDGFRB;ERBB2;RAD50;DSTYK;ALS2;TIGAR;LCP2;XRCC5;ORC3;PRKAG2;XRCC6;DAXX;FGFR1;PTK2B;IQGAP1;CACUL1;NTRK1;RAP1A
prerank,Canonical Wnt Signaling Pathway (GO:0060070),0.30600168003233086,0.8582169900821657,6.662500e-01,9.668084e-01,1.000000e+00,7/22,24.98%,DVL3;BCL9L;SIAH2;PPP1CA;GSK3B;FRAT2;RARG
prerank,Regulation Of Epidermal Growth Factor-Activated Receptor Activity (GO:0007176),0.3370943066356811,0.8581620989007398,6.610390e-01,9.658957e-01,1.000000e+00,4/15,19.22%,ZFYVE28;ZGPAT;SHC1;CHMP6
prerank,Regulation Of Primary Metabolic Process (GO:0080090),0.2949345198314427,0.8580742251699817,6.884236e-01,9.650629e-01,1.000000e+00,11/26,32.11%,NR1D2;RNF213;GBA1;SIRT6;CERS2;VPS35;MACROH2A1;BBS4;PPARA;PM20D2;GPS2
prerank,Positive Regulation Of Dephosphorylation (GO:0035306),0.30814479679076795,0.8579712419635092,6.628499e-01,9.642724e-01,1.000000e+00,8/23,21.46%,SPPL3;PPP2R5A;SMPD1;GBA1;ROCK1;NSMF;PPIA;CNEP1R1
prerank,Positive Regulation Of Endothelial Cell Proliferation (GO:0001938),0.28245168972964846,0.8577301587119771,6.782297e-01,9.637733e-01,1.000000e+00,8/33,16.26%,BMPR2;STAT5A;TNFSF12;PLCG1;MEN1;HIF1A;SIRT6;SIRT1
prerank,Regulation Of Type I Interferon-Mediated Signaling Pathway (GO:0060338),0.29605311736772644,0.8572103323181288,6.795181e-01,9.638140e-01,1.000000e+00,5/27,13.64%,FADD;MUL1;CNOT7;PTPN1;MAVS
prerank,Epithelial Cell Differentiation (GO:0030855),0.26684173192198984,0.8552152755474205,6.932084e-01,9.668935e-01,1.000000e+00,18/45,37.10%,RAB10;PIH1D1;CES1;BDH2;SCRIB;TOLLIP;PTER;CBR1;E2F4;PLAAT3;TPP1;ZDHHC7;ALDOC;TAGLN2;PGK1;CPT1A;HNRNPH3;MESP1
prerank,Regulation Of Protein Kinase B Signaling (GO:0051896),-0.18467283666826517,-0.8540489265897135,8.217822e-01,9.146257e-01,1.000000e+00,16/71,18.69%,MAZ;MYDGF;PPP2CA;GATA3;CPNE1;INPP5K;PHB1;HIP1;HSP90AB1;PIK3CB;IGF1R;C1QBP;TCF7L2;SPRY2;RACK1;P2RX4
prerank,"Negative Regulation Of DNA-templated Transcription, Elongation (GO:0032785)",0.3205057483985626,0.8537392583925241,6.813333e-01,9.688630e-01,1.000000e+00,6/18,22.83%,SUPT4H1;NELFA;RNF8;SIRT6;TCERG1;ZC3H4
prerank,Positive Regulation Of Lymphocyte Differentiation (GO:0045621),0.2854721988160257,0.8536583091783237,6.924035e-01,9.680186e-01,1.000000e+00,4/30,9.09%,NCKAP1L;PHF10;SMARCC2;SMARCA2
prerank,Autophagosome Organization (GO:1905037),0.2622425691973206,0.8532603569682472,7.416107e-01,9.677752e-01,1.000000e+00,14/51,24.36%,ATP2A2;ATG9A;PIK3C3;ATP13A2;RAB35;TMEM41B;UBXN2B;UBQLN2;ATG5;SPG11;NSFL1C;AP4M1;ATG2B;STX12
prerank,Regulatory ncRNA Processing (GO:0070918),-0.25942915217945106,-0.8518731560728159,6.527197e-01,9.162846e-01,1.000000e+00,4/17,6.07%,PUM2;PRKRA;ZC3H7A;TSN
prerank,Response To cAMP (GO:0051591),0.323462372671531,0.8518443629511214,6.739409e-01,9.695328e-01,1.000000e+00,4/17,16.79%,ZFP36L1;STAT1;RAP1B;EZR
prerank,Membrane Organization (GO:0061024),0.2353413509585708,0.8510027857171202,7.814776e-01,9.702220e-01,1.000000e+00,47/128,34.73%,HGS;VAPB;VTI1B;UBAP1;HSPA8;AAK1;PICALM;MFN2;VPS37A;REEP3;PIK3C2A;CHMP3;UBXN2B;VAMP2;CPTP;ATP2C1;CHRNB1;EXOC2;NSFL1C;CHMP6;EXOC6;SH3GLB1;PICK1;TIMM50;DMPK;BIN1;FCHO2;RTP4;CHMP1A;ANXA2;PLAAT3;SYNJ2;REEP5;EXOC5;REEP4;CHP1;PIP5K1C;EXOC8;ESYT1;MVB12A;LMNB2;VPS4A;NPC1;MITD1;PPT1;DNM1L;TMEM170A
prerank,Regulation Of Peptidyl-Serine Phosphorylation (GO:0033135),-0.19588178998734837,-0.8495713412145245,7.684211e-01,9.180918e-01,1.000000e+00,12/53,14.86%,NCK2;SH2D1A;CD44;PDE4D;LATS1;INPP5K;EIF4G1;HSP90AB1;AKT1;DMTN;NCK1;AXIN1
prerank,Heterochromatin Formation (GO:0031507),0.29226332730119936,0.8491043739065537,6.978417e-01,9.729218e-01,1.000000e+00,7/27,18.76%,EZH1;HDAC5;BAZ2A;NRDE2;SIRT1;CBX3;KMT2D
prerank,Protein Sumoylation (GO:0016925),-0.21316778225021593,-0.8488305013108094,7.973856e-01,9.163723e-01,1.000000e+00,13/39,17.29%,ZNF451;SENP5;SLF1;SLF2;SUMO1;CBX4;HDAC9;TRIM28;SUMO3;ZMIZ1;PIAS4;NSMCE4A;PML
prerank,Regulation Of Vascular Associated Smooth Muscle Cell Proliferation (GO:1904705),0.33352514169181063,0.8484433899475097,6.798419e-01,9.731949e-01,1.000000e+00,3/15,11.56%,SOD2;CDKN1B;MFN2
prerank,Response To Calcium Ion (GO:0051592),0.2637632806190632,0.8480176351131413,7.164179e-01,9.730069e-01,1.000000e+00,12/48,22.50%,AHCYL1;ANXA11;SEC31A;STIM1;SLC25A24;D2HGDH;SMPD1;RASGRP2;THBS1;MEF2A;SLC25A13;BRAF
prerank,Cell-Matrix Adhesion (GO:0007160),0.2635700548945997,0.8479762953852394,7.307692e-01,9.721000e-01,1.000000e+00,19/44,36.81%,ARHGEF7;COL13A1;ITGB7;TIMM10B;PPFIA1;ADAM15;ITGB1;ITGAL;ZYX;RCC2;THBS3;ILK;ITGB2;TAOK2;PKD1;ITGAV;ITGAX;FERMT3;BCR
prerank,Positive Regulation Of Exocytosis (GO:0045921),0.30162640199272434,0.8475527985876327,7.141058e-01,9.718824e-01,1.000000e+00,11/24,41.02%,HGS;ATP13A2;IFNG;SMPD3;UNC13D;RAB9A;VPS4A;RAB27A;RAB2B;SNF8;TSG101
prerank,Regulation Of Protein Modification By Small Protein Conjugation Or Removal (GO:1903320),-0.22904752695552197,-0.8475154688425097,7.050000e-01,9.160001e-01,1.000000e+00,6/28,10.55%,EGR1;COPS8;COPS3;ITCH;DCUN1D1;HSP90AB1
prerank,Negative Regulation Of Fibroblast Proliferation (GO:0048147),0.3275831348286219,0.8471715427556529,6.871728e-01,9.716302e-01,1.000000e+00,4/15,16.31%,NF1;PEX2;TP53;MORC3
prerank,Positive Regulation Of Microtubule Polymerization (GO:0031116),0.31479919241673066,0.8456985413575727,7.064935e-01,9.734879e-01,1.000000e+00,14/20,47.00%,MECP2;TOGARAM1;HSPA1A;CLIP1;SLAIN1;DCTN1;ARL2;SLAIN2;PDE4DIP;CDK5RAP2;FES;DRG1;CLASP1;NUMA1
prerank,Regulated Exocytosis (GO:0045055),0.30048546034897294,0.845490315211865,7.191011e-01,9.728473e-01,1.000000e+00,7/24,20.18%,RAB11FIP5;RAB11FIP2;PPP3CB;RAB10;MYH9;VAMP2;PLEK
prerank,Positive Regulation Of ERBB Signaling Pathway (GO:1901186),-0.267589045314731,-0.8452942762970288,6.862745e-01,9.175133e-01,1.000000e+00,3/16,8.79%,RBPJ;APEX1;HIP1
prerank,Positive Regulation Of Cellular Component Biogenesis (GO:0044089),0.2522907239887469,0.8450405944615891,7.293065e-01,9.727180e-01,1.000000e+00,17/59,26.49%,HGS;ATP13A2;GNL3L;IFNG;SPIDR;BCL2L11;MTSS1;FNIP1;TNF;SH3GLB1;GSK3B;PLEK;VCP;SMPD3;MTLN;CHAF1B;ERCC1
prerank,Negative Regulation Of Ras Protein Signal Transduction (GO:0046580),0.2990444832434759,0.8446559195840228,6.838710e-01,9.724360e-01,1.000000e+00,6/22,23.13%,HEG1;MFN2;LZTR1;KCTD13;ARHGAP35;SCAI
prerank,Cellular Response To Heat (GO:0034605),-0.2190511578322159,-0.8442460719887859,7.175141e-01,9.166301e-01,1.000000e+00,7/29,12.06%,YWHAE;ZFAND1;TPR;SUMO1;PRKACA;HSP90AB1;SLU7
prerank,Positive Regulation Of Smooth Muscle Cell Proliferation (GO:0048661),0.2980982628823521,0.844238814923893,6.851852e-01,9.722310e-01,1.000000e+00,10/25,33.29%,PDGFRB;MFN2;STAT1;TNF;THBS1;BMPR1A;RBPMS2;CCL5;JUN;AIF1
prerank,Protein Targeting To Membrane (GO:0006612),0.25705211091561264,0.8438583511036089,7.372593e-01,9.719722e-01,1.000000e+00,23/52,35.79%,UBL4A;ZDHHC12;ZDHHC6;ZDHHC4;VPS37A;ZDHHC21;SGTA;NACA;ZDHHC24;YIF1B;RTP4;ZDHHC20;SIL1;PEX3;ICMT;ZDHHC7;ZDHHC2;TAOK2;MICALL1;GET3;RABGEF1;SEC62;SRPRA
prerank,Regulation Of Lamellipodium Assembly (GO:0010591),-0.24059507170604333,-0.8438556383556144,7.317073e-01,9.142699e-01,1.000000e+00,6/22,16.26%,CDC42;PIK3R1;WAS;CARMIL2;DMTN;AUTS2
prerank,Peptide Biosynthetic Process (GO:0043043),0.2512294301346028,0.842880301640663,7.212932e-01,9.729471e-01,1.000000e+00,23/62,33.35%,PCSK5;CARNS1;COPS5;MRPS6;MRPL36;HARS1;HARS2;MRPL27;MRRF;TNIP1;MRPS16;SARS1;MRPL37;MRPL51;MRPL34;MRPS18A;DARS1;MRPS7;RRBP1;MRPL23;MRPS33;MRPS18B;EIF4EBP2
prerank,RNA Polyadenylation (GO:0043631),0.2965497816959666,0.8426824792411283,6.942356e-01,9.723294e-01,1.000000e+00,8/23,23.92%,PAPOLG;CPSF3;LEO1;PEX2;SCAF8;PCF11;SYMPK;PNPT1
prerank,Negative Regulation Of Proteasomal Protein Catabolic Process (GO:1901799),-0.22620689189414284,-0.8426260888969336,7.344633e-01,9.137131e-01,1.000000e+00,7/31,13.08%,RYBP;HSP90AB1;OGT;USP25;UBXN1;GIPC1;BAG6
prerank,Protein Neddylation (GO:0045116),-0.24537163662902695,-0.8423141549472797,7.232143e-01,9.111738e-01,1.000000e+00,4/21,7.77%,COPS8;RNF7;COPS3;DCUN1D1
prerank,Regulation Of Phosphoprotein Phosphatase Activity (GO:0043666),0.27962436977599214,0.8413901434745775,7.210719e-01,9.738994e-01,1.000000e+00,9/30,26.03%,PDGFRB;PPP1R11;NUAK1;PPP6R1;GSK3B;BOD1;PPP6R3;MTOR;PPP6R2
prerank,Mesenchymal Cell Differentiation (GO:0048762),0.2908656522274289,0.8395667105463063,7.225806e-01,9.763720e-01,1.000000e+00,6/27,19.62%,FBXL17;DDX17;SMAD4;HIF1A;ROCK1;GSK3B
prerank,Sensory Perception Of Sound (GO:0007605),-0.22901724626378928,-0.8393524519325813,7.113402e-01,9.145414e-01,1.000000e+00,3/24,5.77%,WHRN;NDUFB9;TIMM8B
prerank,Nuclear Membrane Reassembly (GO:0031468),0.30408644508990806,0.839317240414057,6.869565e-01,9.758998e-01,1.000000e+00,9/22,33.63%,REEP3;CHMP3;UBXN2B;NSFL1C;CHMP6;CHMP1A;REEP4;UBE2I;VPS4A
prerank,Regulation Of Centriole Replication (GO:0046599),0.3294697797797589,0.8392445929308869,7.144720e-01,9.750519e-01,1.000000e+00,2/15,10.52%,TRIM37;RBM14
prerank,Positive Regulation Of Stem Cell Population Maintenance (GO:1902459),0.27327705488358256,0.8388422839183688,7.168459e-01,9.747950e-01,1.000000e+00,7/36,17.56%,BICRAL;PHF10;SMARCA2;SS18;ARID4B;SIRT6;NCOA3
prerank,RNA Export From Nucleus (GO:0006405),0.25203361714630346,0.8385216898087989,7.635747e-01,9.744188e-01,1.000000e+00,16/58,19.92%,SMG5;POM121C;CASC3;THOC6;NCBP2;SMG6;NUP88;GLE1;NUP188;NXF1;THOC1;NUP214;RAE1;THOC5;THOC2;MCM3AP
prerank,Regulation Of Axon Extension (GO:0030516),0.3241451772908876,0.8367484541694049,7.014342e-01,9.767002e-01,1.000000e+00,7/16,33.08%,RNF6;RTN4;GSK3B;GOLGA4;MAP3K13;RUFY3;SEMA7A
prerank,Negative Regulation Of Cellular Process (GO:0048523),0.21816571693586123,0.8359973891162026,8.864322e-01,9.771907e-01,1.000000e+00,52/300,17.81%,HGS;ADGRG1;SOD2;BICRAL;CDK10;HTRA2;TCHP;RRP8;LILRB1;GET1;BMPR2;P3H1;PHF14;MUL1;CRK;IFIT3;PLAAT4;TAF6;DIS3L2;CDKN2A;CNOT7;PPP2R5C;CAPRIN2;TSC2;SMAD4;SMARCA2;ADAM15;PDE3B;CDKN1B;VAMP8;MYH9;TOB1;RTN4;TP53;MEN1;SS18;WDR6;STK11;APOBEC3C;CHMP3;STRN;NF2;SESN2;HSPA1A;SPHK2;SIRT1;DNAJA3;TMEM127;F2R;PLXND1;SPN;THBS1
prerank,Positive Regulation Of Amyloid Precursor Protein Catabolic Process (GO:1902993),0.3256467827346565,0.835505786945461,6.894737e-01,9.771114e-01,1.000000e+00,5/15,21.53%,PICALM;SLC2A13;IFNG;TNF;GSK3A
prerank,Positive Regulation Of Epithelial Cell Proliferation (GO:0050679),0.2613515864185195,0.8352450989646,7.258065e-01,9.766017e-01,1.000000e+00,13/46,25.06%,BMPR2;ERBB2;STAT5A;TNFSF12;RTN4;MEN1;HIF1A;SIRT1;TNF;RREB1;AKT3;NME2;TGFBR1
prerank,Epidermal Cell Differentiation (GO:0009913),-0.23785806716748506,-0.8349270929946333,7.030568e-01,9.201733e-01,1.000000e+00,2/20,3.13%,PPP3CA;CFLAR
prerank,Regulation Of Interleukin-17 Production (GO:0032660),0.30338669626370296,0.8347632165286074,7.088123e-01,9.765165e-01,1.000000e+00,3/20,10.43%,ZBTB7B;NCKAP1L;IFNG
prerank,Negative Regulation Of Response To Biotic Stimulus (GO:0002832),0.2762069684180016,0.8335625146246768,7.362768e-01,9.778704e-01,1.000000e+00,10/34,24.42%,TRAFD1;MUL1;SIGIRR;CEP63;NFKBIL1;ATG5;CACTIN;TRIM21;NLRC3;RNF26
prerank,Positive Regulation Of Cell Adhesion (GO:0045785),0.26895973649588145,0.8328655227053752,7.300832e-01,9.781534e-01,1.000000e+00,7/39,17.59%,ADGRG1;NCKAP1L;ERBB2;ADAM8;CITED2;TMEM102;TNF
prerank,Cell Cycle G1/S Phase Transition (GO:0044843),0.27402468177455697,0.8326073859760377,7.206235e-01,9.776475e-01,1.000000e+00,17/36,36.76%,CDK4;CCND2;ZNF324;CDKN1B;USP37;CCND3;CUL1;LATS2;KHDRBS1;MAP3K11;CUL3;CDC34;CDK2;GPR132;CACUL1;CUL2;CUL4A
prerank,Cellular Response To Fibroblast Growth Factor Stimulus (GO:0044344),0.30049511500364356,0.8325894790686825,7.414449e-01,9.766924e-01,1.000000e+00,10/21,35.27%,ZFP36L1;CHURC1;SETX;DSTYK;GALNT3;FRS2;CEP57;CCL5;FGFR1;RAB14
prerank,Platelet Aggregation (GO:0070527),0.2868864071810279,0.8323334837177121,7.220844e-01,9.752220e-01,1.000000e+00,10/25,27.30%,FLNA;MYH9;METAP1;MYL12A;PPIA;PLEK;ILK;RAP2B;ACTG1;MYL9
prerank,Homotypic Cell-Cell Adhesion (GO:0034109),0.2868864071810279,0.8323334837177121,7.220844e-01,9.752220e-01,1.000000e+00,10/25,27.30%,FLNA;MYH9;METAP1;MYL12A;PPIA;PLEK;ILK;RAP2B;ACTG1;MYL9
prerank,Negative Regulation Of Telomere Maintenance Via Telomerase (GO:0032211),0.3196036880469212,0.8320838469106383,6.903821e-01,9.746908e-01,1.000000e+00,6/16,22.43%,PIF1;GNL3L;CTC1;TINF2;TERF2;NAT10
prerank,I-kappaB kinase/NF-kappaB Signaling (GO:0007249),0.2733745125629199,0.8317754010774804,7.156627e-01,9.742222e-01,1.000000e+00,9/36,18.09%,TRAF6;NKIRAS2;TBKBP1;PRDX4;NFKBIL1;TBK1;ROCK1;IKBKB;ZNF675
prerank,Regulation Of Cell Cycle Phase Transition (GO:1901987),0.31649695843423775,0.8317104663811566,7.126289e-01,9.733556e-01,1.000000e+00,6/17,19.17%,TRIM39;CDKN1B;TP53;MLF1;CCNQ;ERCC3
prerank,Positive Regulation Of RNA Metabolic Process (GO:0051254),0.2728691468530651,0.8316826201018922,7.331759e-01,9.724378e-01,1.000000e+00,9/31,25.90%,SIRT7;WDR75;DIMT1;SETX;HSPA1A;RIOK2;PNPT1;DXO;HEATR1
prerank,Regulation Of Phosphatase Activity (GO:0010921),0.32424526156685696,0.8316339447231824,6.988111e-01,9.715474e-01,1.000000e+00,6/15,29.54%,ROCK1;PPP6R1;PPP6R3;PPP6R2;CHP1;MTMR9
prerank,Granulocyte Chemotaxis (GO:0071621),0.2748955731916316,0.8312778891161832,7.396594e-01,9.712271e-01,1.000000e+00,4/32,5.42%,S100A9;S100A8;NCKAP1L;BSG
prerank,Metaphase Plate Congression (GO:0051310),0.27147766431460396,0.8312268847852301,7.209581e-01,9.703547e-01,1.000000e+00,19/35,44.05%,TRAPPC12;MAP1S;CHMP3;CHMP6;DCTN2;RAB11A;BOD1;CHMP1A;KPNB1;CUL3;SPICE1;CDC23;VPS4A;ZW10;NDC80;BECN1;RRS1;SPDL1;CHMP5
prerank,Regulation Of Macrophage Derived Foam Cell Differentiation (GO:0010743),-0.2501940087072254,-0.8309685153482416,7.250000e-01,9.250599e-01,1.000000e+00,6/15,22.18%,NFKBIA;LCP1;NR1H2;ITGB3;ABCG1;PF4
prerank,Positive Regulation Of Receptor-Mediated Endocytosis (GO:0048260),-0.23200541961953636,-0.8299893654709763,7.464789e-01,9.240004e-01,1.000000e+00,6/22,15.71%,ATAD1;HIP1;CD63;HNRNPK;LDLRAP1;B2M
prerank,Macromolecule Biosynthetic Process (GO:0009059),-0.16856625058733307,-0.8292661216488244,9.342105e-01,9.223074e-01,1.000000e+00,14/87,13.64%,HBS1L;MRPL55;EEF1G;EEF1B2;TYMS;MRPL14;MRPL9;ABCF1;EIF4G1;EIF5AL1;MRPS15;MRPL3;MRPL42;EXT1
prerank,Nucleus Organization (GO:0006997),-0.20200270347687743,-0.8284816280427755,8.227848e-01,9.208488e-01,1.000000e+00,5/40,6.57%,NUP98;CHMP4A;TPR;SEH1L;NUP155
prerank,Potassium Ion Transport (GO:0006813),0.3266282603156102,0.8275208231647959,7.088435e-01,9.762635e-01,1.000000e+00,7/15,36.71%,TMEM175;CCDC51;CHP1;SLC12A6;ATP1B3;SLC9A6;KCNA3
prerank,Cellular Response To Type I Interferon (GO:0071357),0.2958617776213063,0.8273598775985183,7.071339e-01,9.755870e-01,1.000000e+00,10/22,30.96%,TBKBP1;TBK1;STAT1;MAVS;SP100;IFITM1;HDAC4;TANK;TYK2;IFNAR2
prerank,Type I Interferon-Mediated Signaling Pathway (GO:0060337),0.3010199483858937,0.825742932038705,7.186312e-01,9.775805e-01,1.000000e+00,10/21,30.96%,TBKBP1;TBK1;STAT1;MAVS;SP100;IFITM1;HDAC4;TANK;TYK2;IFNAR2
prerank,Ceramide Metabolic Process (GO:0006672),0.26960418900707667,0.824771376801391,7.451923e-01,9.783510e-01,1.000000e+00,12/34,29.04%,CERS5;SPTLC1;SMPD4;SMPD1;ABCA2;GBA1;CERS2;SGPL1;SMPD2;CLN8;SPTLC2;SGMS1
prerank,Positive Regulation Of Hydrolase Activity (GO:0051345),0.2329848176667925,0.8238135284273332,7.978836e-01,9.791040e-01,1.000000e+00,26/97,25.12%,DVL3;RASGEF1A;ARHGEF7;RGS9;TBC1D7;RGP1;RALBP1;RAB11FIP2;NF1;ERBB2;PICALM;PINK1;SNX18;ITGB1;RASGRP2;ROCK1;F2R;RHOA;GSK3B;ALS2;DOCK8;SH3BP1;RASGRP1;SNX13;BCAS3;DOCK11
prerank,Cellular Response To Peptide Hormone Stimulus (GO:0071375),0.2550824766160367,0.8234979926177863,7.508691e-01,9.786885e-01,1.000000e+00,10/49,16.48%,ZFP36L1;RAB10;INSIG2;PDE3B;PKM;HDAC5;DENND4C;VAMP2;USF1;C2CD5
prerank,Monocarboxylic Acid Transport (GO:0015718),-0.22739419274520745,-0.823228137833069,7.574257e-01,9.279816e-01,1.000000e+00,2/24,2.24%,FABP5;GOT2
prerank,Regulation Of Cold-Induced Thermogenesis (GO:0120161),0.23537392883087724,0.8228430520420998,8.030303e-01,9.789218e-01,1.000000e+00,34/82,38.85%,ZBTB7B;PRKAB2;BSCL2;CNOT3;CMKLR1;LNPEP;MFN2;NRDC;STK11;KDM1A;SIRT6;ACOT13;MAP2K6;ADRB2;IP6K1;TLE3;DYNC1H1;STAT6;HADHA;ADAM17;CEBPB;DECR1;FH;TRPV2;SMARCA4;RB1;OMA1;HSF1;THRA;PCTP;LPIN1;ADIPOR1;PRKAB1;BMAL1
prerank,Regulation Of Sprouting Angiogenesis (GO:1903670),0.31057254134449286,0.8220750459720152,7.273902e-01,9.793666e-01,1.000000e+00,7/17,29.89%,KLF2;GARS1;PKM;THBS1;JMJD8;SYNJ2BP;EPN2
prerank,Epidermis Development (GO:0008544),-0.26091965257190375,-0.8217201255132255,7.276995e-01,9.278908e-01,1.000000e+00,3/16,6.21%,PPP3CA;FABP5;WAS
prerank,Negative Regulation Of Cell Adhesion (GO:0007162),-0.21693162564192442,-0.8211961349192888,7.368421e-01,9.258524e-01,1.000000e+00,8/30,16.58%,SIPA1;EPHA4;CD164;LPXN;DMTN;PTPRC;PLXNA4;PLXNC1
prerank,Intracellular Steroid Hormone Receptor Signaling Pathway (GO:0030518),0.28335851549670604,0.8210697999888278,7.285012e-01,9.801893e-01,1.000000e+00,9/26,31.85%,RNF14;MED1;DDX17;CALCOCO1;TRIP4;UBE3A;ZDHHC7;DAXX;SAFB
prerank,Mitotic G2 DNA Damage Checkpoint Signaling (GO:0007095),0.28945782112894086,0.8203469969979936,7.358491e-01,9.805500e-01,1.000000e+00,3/24,11.72%,TAOK1;TRIM39;TOPBP1
prerank,Positive Regulation Of Protein Dephosphorylation (GO:0035307),0.2789403043361001,0.819827364161562,7.209877e-01,9.804694e-01,1.000000e+00,9/28,23.77%,PDGFRB;SPPL3;PPP2R5A;SMPD1;GBA1;NSMF;PPIA;CNEP1R1;MTOR
prerank,Protein Targeting (GO:0006605),0.23140374655274154,0.8191608589968223,7.953340e-01,9.807081e-01,1.000000e+00,28/96,24.50%,VPS8;TOMM5;SPCS1;HPS4;ZDHHC12;MAN1A1;ZDHHC6;ZDHHC4;MFN2;KATNB1;VPS37A;ZDHHC21;TOMM70;NACA;DNAJC19;PITRM1;SPCS3;ZDHHC24;VPS13A;BCAP31;AP4M1;MFF;YIF1B;RTP4;ZDHHC20;LAMP2;TIMM13;ZFAND6
prerank,Regulation Of Neutrophil Chemotaxis (GO:0090022),0.31062893276196135,0.8183353362032997,7.164948e-01,9.811508e-01,1.000000e+00,2/16,2.72%,DAPK2;NCKAP1L
prerank,Mitochondrial Membrane Organization (GO:0007006),0.2736545367462163,0.8177682648501934,7.518072e-01,9.811368e-01,1.000000e+00,8/30,20.11%,MICOS10;BNIP3;BCL2L1;MFN2;DNAJC11;MICOS13;SAMM50;TIMM50
prerank,Plasma Membrane Bounded Cell Projection Morphogenesis (GO:0120039),0.28305298591555195,0.8172928470316638,7.343173e-01,9.809706e-01,1.000000e+00,6/26,20.90%,NCKAP1L;MAP1S;ANKRD27;TNIK;ZNF335;ATP7A
prerank,Ribosome Assembly (GO:0042255),-0.2180146278842165,-0.8172316740392336,7.840909e-01,9.303300e-01,1.000000e+00,5/29,12.21%,MRPL22;NPM1;BRIX1;SBDS;DDX3X
prerank,Regulation Of Natural Killer Cell Mediated Cytotoxicity (GO:0042269),-0.2370848080258183,-0.8168599839489935,7.644231e-01,9.279143e-01,1.000000e+00,6/23,11.96%,KIR2DL4;CRTAM;KLRC2;LGALS9;CD160;SLAMF6
prerank,Phosphatidic Acid Biosynthetic Process (GO:0006654),0.29841020380143024,0.8168570280948001,7.392947e-01,9.807640e-01,1.000000e+00,7/20,31.95%,AGPAT1;GNPAT;DGKZ;LPCAT1;ABHD5;AGPAT4;GPAT4
prerank,Sphingolipid Metabolic Process (GO:0006665),0.24571471363989708,0.8165894562239465,7.891832e-01,9.802940e-01,1.000000e+00,16/57,23.03%,CERS5;GBA2;SPTLC1;HACD2;TECR;SMPD1;ARV1;ABCA2;HACD3;SPHK2;CPTP;CERS2;SGPL1;SUMF1;SMPD2;SMPD3
prerank,Regulation Of Small GTPase Mediated Signal Transduction (GO:0051056),0.24149484808350652,0.8149099329171402,7.807309e-01,9.822184e-01,1.000000e+00,18/62,27.74%,ARHGAP12;RALBP1;ARHGAP25;MYO9A;ARHGEF3;ARHGAP30;PLEKHG3;ARHGAP18;ARHGAP35;ARHGEF2;ARHGAP8;ARHGAP19;DOCK8;SH3BP1;ARHGAP1;AKAP13;ARHGEF19;GMIP
prerank,Response To Exogenous dsRNA (GO:0043330),0.30711988425771847,0.8147686717441707,7.326203e-01,9.815159e-01,1.000000e+00,5/17,22.75%,MUL1;ZCCHC3;MAVS;DHX9;RIGI
prerank,Protein-Containing Complex Assembly (GO:0065003),0.21512489967708692,0.8145009725677811,8.800813e-01,9.809940e-01,1.000000e+00,53/217,21.00%,CD247;FANCA;COG4;NCKAP1L;HGSNAT;FADD;TRAPPC12;UVRAG;PSMG1;CHCHD10;GARS1;MIS12;PEX14;HIGD2A;SMAD4;PICALM;CCDC65;EPS15;PREB;PPID;CLTC;CYBA;VAMP8;PIH1D1;PSMD11;TP53;NDUFAF1;TRAF2;PIK3C2A;CHMP3;CD3G;KMT2A;PFDN6;HSPA1A;DNAAF2;TRAPPC1;VAMP2;DHX9;SAMM50;BIN2;NSG1;TUBGCP2;HSPA4;GSDMD;CASP1;DNAJB12;KMT2D;TUBGCP4;SHQ1;PDCL;ADRB2;PDZD11;FCHO2
prerank,Establishment Of Protein Localization To Mitochondrion (GO:0072655),0.26193395873150027,0.8137144801770557,7.639535e-01,9.813702e-01,1.000000e+00,13/40,21.44%,HK1;TOMM5;DNLZ;MFN2;PINK1;TOMM70;TIMM23B;PAM16;DNAJC19;PITRM1;TIMM50;BCAP31;MFF
prerank,Sensory Perception Of Mechanical Stimulus (GO:0050954),-0.2220148886794124,-0.8136555212091222,8.021390e-01,9.310138e-01,1.000000e+00,3/25,5.77%,WHRN;NDUFB9;TIMM8B
prerank,Synaptic Vesicle Exocytosis (GO:0016079),0.3121907280907989,0.813651948058582,7.381865e-01,9.805094e-01,1.000000e+00,7/16,36.45%,STX2;SNAP47;VAMP2;SYT11;PIP5K1C;SNAPIN;DNAJC5
prerank,Positive Regulation Of Epithelial To Mesenchymal Transition (GO:0010718),0.3010467930485981,0.8133035821136013,7.500000e-01,9.801658e-01,1.000000e+00,5/20,30.43%,BCL9L;SMAD4;MTOR;TGFBR1;SMAD2
prerank,Release Of Sequestered Calcium Ion Into Cytosol (GO:0051209),0.28408185343624603,0.8129867124799259,7.435265e-01,9.797565e-01,1.000000e+00,8/24,21.71%,FASLG;FLNA;PLCG1;PLCB2;IBTK;PLCD1;F2R;CHERP
prerank,Regulation Of G2/M Transition Of Mitotic Cell Cycle (GO:0010389),0.2939046676287451,0.8124357319057093,7.418546e-01,9.798055e-01,1.000000e+00,6/21,21.49%,MECP2;RAD51C;CDK4;BRD4;RCC2;RAB11A
prerank,Sister Chromatid Segregation (GO:0000819),-0.23564725589073995,-0.8124036636587483,7.537688e-01,9.302523e-01,1.000000e+00,7/22,15.49%,LATS1;ZNF207;RAN;TOP2B;NUSAP1;SMC4;SMC1A
prerank,Regulation Of Mitotic Cell Cycle Phase Transition (GO:1901990),0.24066922767876134,0.8118088127099352,7.806236e-01,9.798930e-01,1.000000e+00,14/63,21.32%,PSME3;PHF10;ZFP36L1;SMARCC2;CDK4;CDKN2A;SMARCA2;CDKN1B;CCNH;INO80;KLHL18;ERCC3;CDK7;RIOK2
prerank,Apoptotic Process (GO:0006915),0.21936322519905224,0.8115464913601346,8.498468e-01,9.793660e-01,1.000000e+00,39/161,23.77%,CIDEB;DAPK2;STK4;TCHP;GZMB;PRF1;FADD;BNIP3;AHCYL1;RRAGC;FAM162A;CYFIP2;BCL2L1;DDX41;TSC2;GZMH;FASLG;PIK3CA;TNFSF12;IFNG;IFI27L2;RTN4;THOC1;STK11;BCL2L11;BBC3;NSG1;CASP2;IRF3;PPIA;ERCC3;EMP3;DMPK;FAS;PLSCR3;PAK6;AIFM1;RAF1;MTOR
prerank,Protein Targeting To Mitochondrion (GO:0006626),0.24818097335139502,0.81108794385565,7.762864e-01,9.792596e-01,1.000000e+00,18/55,24.18%,TIMM10B;TOMM5;DNLZ;MFN2;TOMM70;TIMM23B;PAM16;DNAJC19;MTCH2;SAMM50;HSPA4;PITRM1;TRMT10B;TIMM50;BCAP31;MFF;AIFM1;TIMM13
prerank,Cellular Response To Growth Factor Stimulus (GO:0071363),0.23056836771184186,0.8102587135067154,8.210412e-01,9.797554e-01,1.000000e+00,13/79,15.11%,HTRA2;EHD1;MAPK14;BMPR2;MED1;ZFP36L1;RAB35;ERBB2;SMAD4;PLCG1;SHC1;SETX;STAT5B
prerank,Regulation Of Cell Population Proliferation (GO:0042127),0.21004837520313274,0.8100508617829302,9.299299e-01,9.791597e-01,1.000000e+00,68/373,19.88%,HGS;ADGRG1;RUNX1;STAT3;SOD2;BICRAL;CDK10;PDGFRB;MECP2;CSNK2A1;GET1;BMPR2;P3H1;GNL3;GRK5;PHF14;TBRG4;NUAK1;ZFP36L1;IFIT3;ASH2L;PLAAT4;CNOT8;CDK4;ERBB2;CNBP;NACC1;STAT5A;DIS3L2;CDKN2A;CNOT7;PPP2R5C;CCND2;FAM98A;TSC2;SMARCA2;CDKN1B;IFNG;TOB1;SHC1;DDRGK1;TP53;MEN1;PIAS1;CIAO1;SS18;WDR6;STAT1;STK11;KRAS;TSPAN31;STRN;NF2;HSPA1A;STAT5B;SIRT1;CCDC117;DNAJA3;STAT4;TMEM127;F2R;THBS1;ARHGEF2;KMT2D;CAPN1;RHOA;CCPG1;CXCR2
prerank,Positive Regulation Of Biomineral Tissue Development (GO:0070169),-0.2538940717290587,-0.810010943893623,7.287449e-01,9.315737e-01,1.000000e+00,4/16,12.98%,ATP2B1;OXSR1;FBXO5;ISG15
prerank,Mitotic Nuclear Division (GO:0140014),0.2702944575948311,0.8099911104748142,7.585799e-01,9.783068e-01,1.000000e+00,7/33,16.93%,MIS12;KIF3B;CTDP1;NDE1;INO80;KLHL22;NSL1
prerank,Regulation Of Chromosome Segregation (GO:0051983),0.31358477658121536,0.8092436018992044,7.346939e-01,9.786114e-01,1.000000e+00,9/16,32.42%,CSNK2A1;NCAPD3;NCAPH2;CSNK2A2;SMC5;PUM1;SMC2;NCAPG2;RAD18
prerank,Positive Regulation Of Cell Motility (GO:2000147),-0.16272759831511815,-0.8088558110274504,9.655172e-01,9.307092e-01,1.000000e+00,17/101,14.29%,MAZ;CDC42;PPP3CA;EPHA4;MYADM;ELP5;PHPT1;CARMIL2;HSPA5;SEMA4F;PRKCA;RHOC;NEDD9;TIAM1;CCAR1;CFAP20;IGF1R
prerank,Regulation Of MAPK Cascade (GO:0043408),0.22724476154153372,0.8083268414451275,8.250265e-01,9.792244e-01,1.000000e+00,32/98,32.74%,STK4;STYX;SLA;NBR1;NF1;ERBB2;SOD1;LAPTM5;TMEM106A;TRIM5;SHC1;ROCK1;F2R;TNF;TNIK;PPIA;WDR54;ADRB2;FAS;PAK6;RASGRP1;RAF1;TGFBR1;DUSP5;PHB2;PTPRJ;DUSP16;PIK3R2;TAOK2;FGFR1;MAPK3;IQGAP1
prerank,Regulation Of Protein Ubiquitination (GO:0031396),0.23088232751758314,0.8072813914394594,8.230277e-01,9.800274e-01,1.000000e+00,26/89,29.97%,TRAF6;IVNS1ABP;TBC1D7;NDFIP1;SIRT7;GNL3L;UBE2L3;LAPTM5;ARRB1;COMMD1;PINK1;MYCBP2;HSPA1A;KDM1A;GSK3B;PHF23;FBXO4;GSK3A;CRY1;TGFBR1;UBE3A;HDAC8;CHP1;CUL3;UBQLN1;SPRTN
prerank,Regulation Of Chemotaxis (GO:0050920),0.31908638149524526,0.8072057878510449,7.474093e-01,9.792042e-01,1.000000e+00,4/15,18.36%,PDGFRB;MYCBP2;THBS1;YTHDF1
prerank,Positive Regulation Of Immune Response (GO:0050778),0.25337783150125337,0.8069925249527474,7.712952e-01,9.786171e-01,1.000000e+00,8/45,16.26%,LILRB1;GBP5;FADD;POLR3C;IFNG;SPHK2;DHX9;SIRT1
prerank,Nuclear Transport (GO:0051169),0.26258505986107433,0.8065725066217673,7.803738e-01,9.783960e-01,1.000000e+00,9/37,18.33%,RANGAP1;NUP37;NUP88;GLE1;NUP188;NUP58;RGS14;NUP214;RAE1
prerank,Positive Regulation Of Fat Cell Differentiation (GO:0045600),0.2738175337436939,0.8046120871293457,7.702703e-01,9.807033e-01,1.000000e+00,7/28,18.55%,ZBTB7B;CMKLR1;ZFP36L1;WDFY2;TMEM64;SIRT6;RREB1
prerank,Insulin Receptor Signaling Pathway (GO:0008286),0.27358267400898356,0.8043766828530844,7.655087e-01,9.801517e-01,1.000000e+00,8/28,21.53%,PIK3CA;PDK2;SHC1;PIK3R3;PIK3C2A;C2CD5;GSK3B;GSK3A
prerank,Mitochondrial Transport (GO:0006839),0.2516487152739393,0.8043331629154421,7.668571e-01,9.792944e-01,1.000000e+00,15/49,25.01%,BNIP3;SLC25A16;TOMM5;BCL2L1;SLC25A24;MFN2;PINK1;TOMM70;DNAJC19;PITRM1;BCAP31;MFF;SLC25A13;TIMM13;VPS35
prerank,Regulation Of Centrosome Duplication (GO:0010824),0.28360325670989606,0.8038951630474475,7.458913e-01,9.790645e-01,1.000000e+00,6/24,24.12%,CEP120;CENATAC;CHMP3;SIRT1;NAT10;CHMP1A
prerank,Negative Regulation Of Stress-Activated MAPK Cascade (GO:0032873),0.2823095373811487,0.8035720595609585,7.636139e-01,9.786860e-01,1.000000e+00,6/24,18.93%,MEN1;PINK1;NCOR1;EZR;ZNF675;PPIA
prerank,Acylglycerol Metabolic Process (GO:0006639),0.2920375427418134,0.8026980317734128,7.458065e-01,9.791974e-01,1.000000e+00,12/19,44.37%,GK5;PNPLA2;DGKZ;PLAAT3;LMF1;ABHD2;DGKK;DGAT1;ABHD6;GALK2;PGS1;SEL1L
prerank,Pyroptosis (GO:0070269),0.2961104305350477,0.8025197851843701,7.483531e-01,9.785859e-01,1.000000e+00,5/18,24.30%,GZMB;DHX9;GSDMD;CASP1;TRIM21
prerank,Positive Regulation Of Protein Transport (GO:0051222),0.24844337946376285,0.8018854417738908,7.951389e-01,9.787504e-01,1.000000e+00,26/47,40.84%,MBD1;ATP13A2;CEP290;PPID;ADAM8;PCNT;VAMP2;ATP2C1;EZR;TNF;PPIA;RAB29;BCAS3;GOLPH3;ERGIC3;CHP1;RUFY3;ACSL3;OAZ1;DNM1L;KIF20B;VPS28;APBB1;IER3IP1;EXOC7;CLN3
prerank,mRNA Metabolic Process (GO:0016071),0.23285357603833134,0.8017178553422949,8.109620e-01,9.781072e-01,1.000000e+00,26/73,29.62%,SRSF4;SF3A3;CPSF3;HIPK3;TBRG4;DIS3L2;NCBP2;NUDT21;TP53;USP39;HSPA1A;METTL16;AGO4;PCF11;PRPF3;TCERG1;DHX15;PNPT1;DXO;ATXN2L;SRSF1;RIDA;LSM3;SFPQ;HNRNPA2B1;HNRNPR
prerank,Regulation Of Defense Response To Virus (GO:0050688),0.31130857882943935,0.8016700702557541,7.451488e-01,9.772548e-01,1.000000e+00,5/16,24.42%,DHX9;ATG5;ELMOD2;HERC5;RNF26
prerank,Negative Regulation Of Cation Channel Activity (GO:2001258),-0.26419991656036534,-0.8013187651469461,7.468880e-01,9.408741e-01,1.000000e+00,2/15,1.93%,PPP3CA;CALM3
prerank,Negative Regulation Of Cysteine-Type Endopeptidase Activity (GO:2000117),0.2719531816023047,0.8003876633425749,7.615481e-01,9.784478e-01,1.000000e+00,9/29,20.36%,CST7;CSNK2A1;SIAH2;CAST;FNIP1;TNF;THBS1;PCID2;MAP2K5
prerank,Cellular Response To Peptide (GO:1901653),0.2665798580082905,0.800212624886467,7.636364e-01,9.777942e-01,1.000000e+00,7/31,19.98%,ATP1A3;PSEN1;ZFP36L1;TP53;ARHGEF2;GSK3B;ADRB2
prerank,Sterol Transport (GO:0015918),-0.2520884470663731,-0.8000334599565505,7.500000e-01,9.402633e-01,1.000000e+00,2/15,5.81%,NPC2;GRAMD1B
prerank,Regulation Of Microtubule Cytoskeleton Organization (GO:0070507),0.29423530213896887,0.7998056140236892,7.643979e-01,9.775767e-01,1.000000e+00,5/19,19.62%,TAOK1;BICD2;CDK2AP2;ROCK1;GSK3B
prerank,Mitotic Spindle Checkpoint Signaling (GO:0071174),-0.2563027220115822,-0.7992655306107586,7.435897e-01,9.324208e-01,1.000000e+00,3/15,12.78%,TPR;ZNF207;BUB3
prerank,Spindle Assembly Checkpoint Signaling (GO:0071173),-0.2563027220115822,-0.7992655306107586,7.435897e-01,9.324208e-01,1.000000e+00,3/15,12.78%,TPR;ZNF207;BUB3
prerank,Mitotic Spindle Assembly Checkpoint Signaling (GO:0007094),-0.2563027220115822,-0.7992655306107586,7.435897e-01,9.324208e-01,1.000000e+00,3/15,12.78%,TPR;ZNF207;BUB3
prerank,BMP Signaling Pathway (GO:0030509),0.2946691922454422,0.7992129400169865,7.454308e-01,9.766991e-01,1.000000e+00,4/19,9.07%,BMPR2;USP9Y;GARS1;SMAD4
prerank,Cellular Response To BMP Stimulus (GO:0071773),0.2946691922454422,0.7992129400169865,7.454308e-01,9.766991e-01,1.000000e+00,4/19,9.07%,BMPR2;USP9Y;GARS1;SMAD4
prerank,Replication Fork Processing (GO:0031297),0.2599506568176321,0.7991401392356131,7.748815e-01,9.758815e-01,1.000000e+00,16/34,42.54%,RFWD3;NUCKS1;SMARCAL1;THOC1;ETAA1;RAD50;ATR;MMS22L;DONSON;ASF1A;ATRX;MUS81;GEN1;WRN;BRCA2;SAMHD1
prerank,Protein N-linked Glycosylation (GO:0006487),0.250610690314322,0.7983588768017115,7.897196e-01,9.762231e-01,1.000000e+00,9/46,18.32%,ALG6;MGAT2;ALG3;TMEM165;ALG12;KRTCAP2;PMM1;SRD5A3;ST6GAL1
prerank,Lipid Translocation (GO:0034204),-0.24745356512467181,-0.7980792572002395,7.692308e-01,9.313996e-01,1.000000e+00,6/16,17.62%,ABCB1;ATP8B4;ATP8A1;TRIAP1;ATP11B;ATP9B
prerank,Stress Granule Assembly (GO:0034063),0.2878592238440602,0.7980623365283879,7.487500e-01,9.757476e-01,1.000000e+00,7/20,26.12%,UBAP2L;TIA1;G3BP1;CSDE1;YTHDF1;DYNC1H1;ATXN2L
prerank,mRNA Stabilization (GO:0048255),0.2647214550856679,0.7974500450066037,7.869249e-01,9.758836e-01,1.000000e+00,8/33,20.45%,HNRNPD;MAPK14;TAF15;EIF4ENIF1;NRDE2;DHX9;CSDE1;IREB2
prerank,Hexose Metabolic Process (GO:0019318),-0.21414485172550274,-0.7972571863007611,8.217822e-01,9.298665e-01,1.000000e+00,2/28,2.56%,ALDOA;IRS2
prerank,Negative Regulation Of Viral Process (GO:0048525),0.24403348287684845,0.7960889451372126,8.068812e-01,9.771747e-01,1.000000e+00,16/49,28.79%,TRIM27;SRPK1;OASL;STAT1;MAVS;APOBEC3C;TRIM11;IFIT5;TNF;PPIA;TNIP1;TRIM21;IFITM1;PLSCR1;ILF3;CCL5
prerank,Nucleosome Organization (GO:0034728),0.23819755731254677,0.7957155848201503,8.264278e-01,9.768019e-01,1.000000e+00,26/58,38.05%,HIRA;SART3;SMARCC2;H2BC15;NASP;BAZ1A;MCM3AP;LIN54;HAT1;KAT6B;CHAF1B;MACROH2A1;H3-3A;RBBP4;CHRAC1;H2BC21;RSF1;DAXX;ARID2;SMARCA4;ASF1A;H2AC25;ATRX;UBN1;H2BC9;SSRP1
prerank,Regulation Of Epidermal Growth Factor Receptor Signaling Pathway (GO:0042058),-0.20551358160918623,-0.7956225464230988,8.162162e-01,9.295672e-01,1.000000e+00,5/29,9.62%,PTPN12;IFI6;APEX1;HIP1;PTPN2
prerank,Regulation Of Secretion By Cell (GO:1903530),0.270669919787394,0.7955936715206076,7.806373e-01,9.760867e-01,1.000000e+00,7/28,21.75%,P3H1;VAMP8;VAMP2;SIRT6;ARFIP1;LLGL2;RHBDF2
prerank,Regulation Of Platelet Activation (GO:0010543),-0.25807129900301,-0.7952948440122459,7.350427e-01,9.272128e-01,1.000000e+00,6/15,19.89%,GNAQ;TEC;PRKCA;FUNDC2;FCER1G;TXK
prerank,Antigen Processing And Presentation Of Endogenous Peptide Antigen (GO:0002483),-0.25571291130409096,-0.7950909452045151,7.421875e-01,9.245528e-01,1.000000e+00,2/15,6.97%,HLA-A;HLA-B
prerank,Regulation Of Plasma Membrane Bounded Cell Projection Organization (GO:0120035),0.3064618071094639,0.7946828975228254,7.516255e-01,9.766322e-01,1.000000e+00,6/16,37.30%,PSEN1;GSK3B;GSK3A;VPS35;FCGR2B;ULK4
prerank,Positive Regulation Of Interleukin-12 Production (GO:0032735),0.31452961462411905,0.794014562849785,7.526316e-01,9.768600e-01,1.000000e+00,3/15,10.43%,MAPK14;LAPTM5;IFNG
prerank,RNA Methylation (GO:0001510),0.23696245127772353,0.7925713856295702,7.945824e-01,9.782672e-01,1.000000e+00,10/58,15.96%,TYW3;TRMT61B;THADA;TARBP1;CMTR1;DIMT1;METTL2B;NSUN2;WDR6;METTL16
prerank,Regulation Of mRNA Catabolic Process (GO:0061013),0.24951776812430065,0.7919815626181296,7.934272e-01,9.782760e-01,1.000000e+00,14/42,24.56%,TTC5;MOV10;ZFP36L1;CNOT8;CNOT7;CASC3;RC3H1;YTHDF1;DHX36;PCID2;ZC3H14;KHSRP;PNPT1;PUM1
prerank,Regulation Of Mitochondrial Membrane Potential (GO:0051881),0.27517844601792923,0.7907720794622934,7.741546e-01,9.792528e-01,1.000000e+00,8/26,23.49%,ARL6IP5;BCL2L1;SOD1;PINK1;PRELID1;VCP;TUSC2;MTLN
prerank,Vesicle Cytoskeletal Trafficking (GO:0099518),0.27911172856023986,0.7907526951877437,7.765152e-01,9.783572e-01,1.000000e+00,6/23,23.32%,MYO6;MYO1G;NDE1;MYO1F;TANC2;MYO19
prerank,Negative Regulation Of Proteolysis (GO:0045861),0.2883879433390906,0.7904398396113097,7.675277e-01,9.779367e-01,1.000000e+00,4/20,15.27%,CST7;HDAC6;SNX12;ROCK1
prerank,Regulation Of RIG-I Signaling Pathway (GO:0039535),0.3057501890612779,0.7903651191649644,7.631918e-01,9.771304e-01,1.000000e+00,7/16,24.71%,DDX60;OASL;ZCCHC3;GPATCH3;NPLOC4;PUM1;UFD1
prerank,Glycosaminoglycan Metabolic Process (GO:0030203),0.2906416357456381,0.789951625717767,7.518797e-01,9.768723e-01,1.000000e+00,6/19,31.02%,HEXB;FUCA1;GNS;XYLT2;HS3ST3B1;EXT2
prerank,Positive Regulation Of Monoatomic Ion Transport (GO:0043270),-0.24176595850772403,-0.7871625545105596,8.434783e-01,9.348169e-01,1.000000e+00,2/18,2.33%,ATP2B1;FHL1
prerank,Regulation Of Translation (GO:0006417),0.21489652353425528,0.7870283270717618,8.815654e-01,9.805214e-01,1.000000e+00,35/156,22.43%,HNRNPD;GZMB;CSNK2A1;ELP6;ELP4;ERBB2;TIA1;DUS3L;NOLC1;RBM4;NCBP2;EIF4B;TOB1;PATL2;RC3H1;LARP4B;ATXN2;NSUN5;LRPPRC;METTL18;MIF4GD;EIF4ENIF1;EIF4G3;METAP1;DHX9;CSDE1;THBS1;YTHDF1;MSI2;DHX36;DHFR;METTL5;IFRD2;EIF2AK3;NAT10
prerank,Regulation Of Nucleotide-Excision Repair (GO:2000819),0.2845582252545078,0.786731180021219,7.798742e-01,9.800784e-01,1.000000e+00,3/21,9.09%,PHF10;SMARCC2;SMARCA2
prerank,Mismatch Repair (GO:0006298),-0.22561651710436575,-0.7867088626106167,7.931034e-01,9.325907e-01,1.000000e+00,3/23,4.64%,RNASEH2A;RNASEH2C;XPC
prerank,"Maturation Of 5.8S rRNA From Tricistronic rRNA Transcript (SSU-rRNA, 5.8S rRNA, LSU-rRNA) (GO:0000466)",0.2880781659410443,0.7857164363941173,7.770701e-01,9.807289e-01,1.000000e+00,6/18,29.16%,PES1;ERI3;NOP14;ERI1;NOL9;EXOSC8
prerank,Positive Regulation Of Viral Life Cycle (GO:1903902),-0.24931327205586887,-0.7856237198012671,8.361345e-01,9.314124e-01,1.000000e+00,3/16,6.17%,HMGB1;VPS37B;LGALS9
prerank,Tumor Necrosis Factor-Mediated Signaling Pathway (GO:0033209),0.2620287452178153,0.784951064496189,7.766990e-01,9.810822e-01,1.000000e+00,8/31,17.59%,TRAF6;TNFRSF1A;TP53;TRAF2;STAT1;TNFRSF1B;IKBKB;TNF
prerank,Positive Regulation Of Cell Population Proliferation (GO:0008284),0.20826723475195003,0.7844353267023289,9.182644e-01,9.809901e-01,1.000000e+00,55/210,28.94%,BICRAL;PDGFRB;MECP2;CSNK2A1;GRK5;TBRG4;ASH2L;CNOT8;CDK4;ERBB2;CNBP;NACC1;CNOT7;CCND2;FAM98A;SMARCA2;IFNG;BMI1;SHC1;DDRGK1;CIAO1;SS18;STAT1;KRAS;TSPAN31;KDM1A;SIRT6;DHX9;SIRT1;CCDC117;F2R;TNF;THBS1;KMT2D;CAPN1;CCPG1;CXCR2;CNOT6;IL5RA;GNAI2;BMPR1A;CAPNS1;TMEM250;CNOT6L;NME2;TGFBR1;RBPMS2;HDAC4;ADAM10;ADAM17;NDUFS4;CUL3;MCTS1;CCL5;AKR1C3
prerank,Regulation Of Innate Immune Response (GO:0045088),0.23222344405794684,0.7841137522584419,8.382514e-01,9.805763e-01,1.000000e+00,10/66,11.51%,TRAFD1;GBP5;FADD;POLR3C;MUL1;PARP9;CEP63;HLA-E;PTPN1;ADAM8
prerank,Positive Regulation Of Nitrogen Compound Metabolic Process (GO:0051173),0.2952654166215235,0.7840828019934108,7.773386e-01,9.797079e-01,1.000000e+00,6/18,20.36%,KLF2;IFNG;TMEM106A;GBA1;TNF;MAP2K5
prerank,Protein Deacetylation (GO:0006476),0.255972392363995,0.7830491811761281,8.149038e-01,9.803374e-01,1.000000e+00,8/36,16.26%,MTA1;SIRT7;HDAC6;FLNA;HDAC5;MBD3;SIRT6;SIRT1
prerank,Heart Morphogenesis (GO:0003007),0.2929921820709179,0.7825447076187755,7.669271e-01,9.801650e-01,1.000000e+00,10/18,43.96%,BMPR1A;TGFBR1;TAFAZZIN;CHD7;SMAD2;TGFBR3;MESP1;HEY2;NIPBL;DYNLL1
prerank,Synaptic Vesicle Endocytosis (GO:0048488),0.287251632607545,0.7823767773566047,7.833982e-01,9.795413e-01,1.000000e+00,9/20,29.29%,PICALM;VAMP2;SH3GL1;ITSN2;FCHO2;SYNJ2;OPHN1;AP2S1;PIP5K1C
prerank,Modulation Of Chemical Synaptic Transmission (GO:0050804),0.2529884612407786,0.7820867230106718,8.101266e-01,9.790820e-01,1.000000e+00,17/37,36.81%,DLGAP4;ITGB1;TPRG1L;KCTD13;TNF;CLSTN1;DGKZ;GSK3B;SLC12A2;CX3CR1;OPHN1;RNF167;BTBD9;MCTP2;EIF4EBP2;AKAP9;BCR
prerank,Aortic Valve Development (GO:0003176),0.29888035831074156,0.7818881817085306,7.945946e-01,9.784988e-01,1.000000e+00,4/16,15.95%,BMPR2;TNFRSF1A;ROCK1;TNFRSF1B
prerank,Phospholipid Transport (GO:0015914),0.2520329757385948,0.7818091405752621,7.968937e-01,9.777234e-01,1.000000e+00,8/37,20.08%,ATP10D;PITPNM1;SCP2;PITPNC1;PRELID1;CPTP;ABCA7;ATP10A
prerank,Regulation Of Lipid Metabolic Process (GO:0019216),0.264183729799674,0.7812403853856645,8.017032e-01,9.776899e-01,1.000000e+00,11/28,32.11%,CIDEB;NR1D2;RNF213;SIRT6;CERS2;ABCA7;MACROH2A1;PRKAG2;BBS4;PPARA;GPS2
prerank,Mitochondrion Disassembly (GO:0061726),-0.20952601174197377,-0.7810334667927921,7.760417e-01,9.358574e-01,1.000000e+00,6/29,13.97%,MAP1LC3B;WDR45B;RB1CC1;FUNDC2;FBXO7;USP30
prerank,Positive Regulation Of Apoptotic Process (GO:0043065),0.209575005561076,0.780152488543831,9.051020e-01,9.784067e-01,1.000000e+00,32/173,19.35%,PNMA1;HTRA2;DAPK2;STK4;LILRB1;ARHGEF7;ARL6IP5;FADD;BNIP3;PHLDA1;FAM162A;TRIM39;NF1;ATF6;SOD1;FASLG;PPID;SMPD1;TP53;SCRIB;ITGB1;MLLT11;BCL2L11;MTCH2;SPHK2;SIRT1;TRIM35;CASP2;TNF;LATS2;ERCC3;SHQ1
prerank,Chondroitin Sulfate Proteoglycan Biosynthetic Process (GO:0050650),0.3069350863128466,0.7800717538339488,7.519582e-01,9.776179e-01,1.000000e+00,2/15,6.25%,CHST12;CHPF2
prerank,mRNA Modification (GO:0016556),0.27142658484423215,0.7800671120615515,7.836186e-01,9.767229e-01,1.000000e+00,5/26,16.11%,TRMT61B;CMTR1;NSUN2;METTL16;TRUB2
prerank,Regulation Of Interleukin-8 Production (GO:0032677),0.24086799522876598,0.7793573935449913,8.262371e-01,9.768431e-01,1.000000e+00,10/46,22.75%,STAT3;FADD;ARRB1;MAVS;HSPA1A;F2R;TNF;MAP2K5;CACTIN;RIGI
prerank,Purine Ribonucleoside Triphosphate Metabolic Process (GO:0009205),0.2913601978213303,0.7790826901462881,7.919897e-01,9.763731e-01,1.000000e+00,4/19,14.99%,MFN1;HSPA8;CLPX;HSPA1A
prerank,Sprouting Angiogenesis (GO:0002040),0.2939945632091466,0.7790594331484457,7.735602e-01,9.755190e-01,1.000000e+00,7/18,31.89%,PIK3R3;RNF213;SRF;THBS1;OTULIN;NAXE;PTK2B
prerank,Positive Regulation Of Cell Migration (GO:0030335),0.21346468529274623,0.7789966566056077,8.966942e-01,9.747183e-01,1.000000e+00,22/133,18.55%,STAT3;SOD2;PDGFRB;ARHGEF7;NCKAP1L;BMPR2;SMURF2;ELP6;HDAC6;PLCG1;IFNG;RTN4;DDRGK1;PIK3R3;HIF1A;ITGB1;CAPN7;F2R;THBS1;ARHGEF2;NSMF;RREB1
prerank,Response To Epidermal Growth Factor (GO:0070849),0.2812419327955994,0.7789330253688835,8.123426e-01,9.739035e-01,1.000000e+00,5/21,15.11%,MED1;ZFP36L1;ERBB2;PLCG1;STAT5B
prerank,Regulation Of Phosphatidylinositol 3-Kinase Signaling (GO:0014066),0.24787570193953232,0.7776555810915184,8.066038e-01,9.749137e-01,1.000000e+00,23/37,44.16%,PDGFRB;EXTL3;LIME1;TSC2;SIRT1;F2R;TNF;NLRC3;PIK3AP1;CBL;CCL5;PIP5K1C;SEMA4D;FGFR1;NTRK1;PDGFD;HCLS1;PIP5K1A;STAMBP;BECN1;PTPN6;FGR;JAK2
prerank,Positive Regulation Of Phosphatase Activity (GO:0010922),0.2948213450011319,0.7764628344111278,7.774869e-01,9.757918e-01,1.000000e+00,5/16,23.77%,PDGFRB;IFNG;ROCK1;PLEK;MTOR
prerank,Regulation Of Glucose Metabolic Process (GO:0010906),0.28367382592045726,0.7756014164142747,7.849873e-01,9.761730e-01,1.000000e+00,5/20,16.26%,ZNF692;PDK2;MLYCD;FOXK1;SIRT1
prerank,Regulation Of Cell-Substrate Adhesion (GO:0010810),-0.2230495534628793,-0.7752081830365954,8.071066e-01,9.418076e-01,1.000000e+00,5/22,13.82%,MYADM;MINK1;LIMS1;PIK3CB;DMTN
prerank,Extracellular Matrix Organization (GO:0030198),0.2484329806119125,0.7749858849076876,8.183962e-01,9.761636e-01,1.000000e+00,14/40,31.26%,COL13A1;COLGALT2;NF1;PLOD3;ADAM15;ADAM8;ATP7A;SPOCK2;TGFBR1;MMP23B;ADAM10;COLQ;KIF9;EXOC8
prerank,Positive Regulation Of Protein Localization To Cell Periphery (GO:1904377),0.26120316512206937,0.7747132676502153,8.103448e-01,9.756728e-01,1.000000e+00,6/29,17.59%,AKAP5;CNPY4;IFNG;EPB41;ITGB1;TNF
prerank,Negative Regulation Of Proteasomal Ubiquitin-Dependent Protein Catabolic Process (GO:0032435),0.26455952476619854,0.7743749725759645,8.000000e-01,9.753015e-01,1.000000e+00,5/27,14.91%,STYX;TRIM39;DDRGK1;SGTA;TAF9
prerank,Positive Regulation Of Endothelial Cell Migration (GO:0010595),0.2402199593011688,0.7742877105782257,8.452787e-01,9.745506e-01,1.000000e+00,15/48,32.22%,MAPK14;BMPR2;STAT5A;PLCG1;HIF1A;SIRT1;THBS1;AKT3;BCAS3;ADAM17;ATP5F1B;PRKD2;FGFR1;PTK2B;PIK3CG
prerank,Cellular Response To Oxygen-Containing Compound (GO:1901701),0.20686868668987318,0.7741825870850652,9.164149e-01,9.738259e-01,1.000000e+00,48/200,24.65%,HTRA2;LILRB1;MAPK9;TRAF6;MAPK14;CPEB4;RRAGC;ZFP36L1;PEX14;PDK2;SLC25A24;ERCC6L2;SMPD1;CDKN1B;PEX2;NFKBIL1;MTR;SLC38A9;RASGRP2;SETX;SESN2;RAP1B;UXT;TNFRSF1B;MPV17;TNIP2;FAM210B;EZR;NCOA3;CASP1;NSMF;CAPN2;RPTOR;TNIP1;RHOA;GSK3B;DHX36;VCP;MEF2A;RUVBL2;CACTIN;BRAF;RRAGB;NEK7;GNG2;MTOR;LCOR;SLC12A2
prerank,Maturation Of 5.8S rRNA (GO:0000460),-0.24825988606238816,-0.7741700749599529,7.991632e-01,9.404181e-01,1.000000e+00,4/16,11.97%,EXOSC4;RRP15;EXOSC10;MTREX
prerank,Cell Cycle G2/M Phase Transition (GO:0044839),-0.22582098075074336,-0.773702046200089,8.294931e-01,9.382372e-01,1.000000e+00,5/21,14.06%,LATS1;AKAP8;FBXL15;ARPP19;DNM2
prerank,Cellular Component Assembly (GO:0022607),0.21171008644446518,0.7733543309405428,8.918919e-01,9.741177e-01,1.000000e+00,28/131,19.50%,CD247;FANCA;NCKAP1L;STX7;CYFIP2;MYO9A;CHCHD10;PEX14;TOGARAM1;PICALM;PPID;RTN4;TP53;NDUFAF1;TRAF2;ACD;RTN3;CD3G;KMT2A;VAMP2;TINF2;DHX9;EZR;TUBGCP2;YTHDF1;DNAJB12;TUBGCP4;RHOA
prerank,B Cell Receptor Signaling Pathway (GO:0050853),-0.2312643590499598,-0.7730404634075838,8.116592e-01,9.363223e-01,1.000000e+00,7/20,14.91%,RFTN1;TEC;PLCG2;VAV3;CD38;LAT2;PTPRC
prerank,Myeloid Cell Differentiation (GO:0030099),0.24717798218308515,0.7727225510613747,8.197320e-01,9.741600e-01,1.000000e+00,5/38,11.38%,RUNX1;HIPK2;TET2;NCOA6;IKZF1
prerank,Regulation Of Protein Autophosphorylation (GO:0031952),-0.23106980306907995,-0.7723621876676969,8.333333e-01,9.344791e-01,1.000000e+00,4/20,12.21%,CALM3;TESK1;RAP2C;DDX3X
prerank,Calcium Ion Transmembrane Transport (GO:0070588),0.2503068754686997,0.7719754247027587,8.057211e-01,9.743945e-01,1.000000e+00,13/36,34.49%,ATP2A2;TMEM165;ORAI1;ATP2C1;MICU2;ATP2A3;MICU1;MCOLN2;ATP2B4;GHITM;PKD1;TRPV2;ITGAV
prerank,Cellular Response To Glucose Stimulus (GO:0071333),0.28112655942156456,0.7718774878101387,7.927461e-01,9.736564e-01,1.000000e+00,3/19,6.02%,ZBTB20;RAB11FIP5;RAB11FIP2
prerank,Regulation Of Calcium Ion Transport (GO:0051924),0.270384892806356,0.7718756844733963,7.943350e-01,9.727737e-01,1.000000e+00,5/25,17.52%,LILRB1;STIM1;ORAI1;EPB41;F2R
prerank,Response To Lipopolysaccharide (GO:0032496),0.22129878555297502,0.7718594517595581,8.660999e-01,9.719130e-01,1.000000e+00,6/89,2.77%,S100A9;S100A8;CD6;LILRB1;TRAF6;MAPK14
prerank,Negative Regulation Of Phosphorylation (GO:0042326),0.23824067035959628,0.771302028925526,8.140590e-01,9.718267e-01,1.000000e+00,11/44,21.74%,CDKN2A;CDKN1B;MEN1;IBTK;ROCK1;UXT;NPRL2;SIRT1;FKBP8;PPIA;CACTIN
prerank,Cytoskeleton Organization (GO:0007010),0.22496804237103069,0.7703977371108228,8.653846e-01,9.722325e-01,1.000000e+00,18/63,26.85%,PALLD;LRCH3;MAST3;SH3BGRL3;STRIP1;WDPCP;CAPZB;LIMD1;ZMYM6;DIAPH1;TNIK;BIN1;PACSIN2;PAK6;MTOR;MAST4;DPYSL2;CFAP410
prerank,Potassium Ion Transmembrane Transport (GO:0071805),0.2723515443596566,0.7696819902150684,7.945545e-01,9.723961e-01,1.000000e+00,9/22,36.71%,ATP1A3;TMEM175;CCDC51;SLC12A2;GHITM;SLC12A6;ATP1B3;SLC9A6;KCNA3
prerank,Positive Regulation Of Nucleocytoplasmic Transport (GO:0046824),0.24932734738196827,0.7689187862189425,8.239521e-01,9.726554e-01,1.000000e+00,11/37,24.03%,PSEN1;FLNA;IFNG;NCBP2;MAVS;SIRT6;NRDE2;DHX9;GSK3B;KHDRBS1;XPO4
prerank,Regulation Of Actin Filament Polymerization (GO:0030833),0.24574319506027043,0.7685236375057996,8.113426e-01,9.723930e-01,1.000000e+00,7/40,14.58%,FCHSD1;NCKAP1L;GBA2;ARFGEF1;MEGF9;ARHGAP18;VASP
prerank,Transmembrane Receptor Protein Tyrosine Kinase Signaling Pathway (GO:0007169),0.21158383946781795,0.7680000503322785,8.771552e-01,9.722930e-01,1.000000e+00,17/117,15.48%,STAT3;PDGFRB;ARHGEF7;MAPK14;CRK;ERBB2;CHURC1;TSC2;PIK3CA;PDK2;SHC1;PIK3R3;PIK3C2A;RGS14;SETX;MTSS1;UXT
prerank,RNA Catabolic Process (GO:0006401),0.23493347156560368,0.7671065200798566,8.494869e-01,9.727170e-01,1.000000e+00,20/50,35.87%,PPP1R8;HNRNPD;DIS3L;DIS3L2;RNASEH1;RNASEH2B;HSPA1A;METTL16;AGO4;PNPT1;DXO;XRN2;RIDA;EXOSC6;EXOSC8;FEN1;LSM5;SND1;EXOSC1;EXOSC9
prerank,Regulation Of Sodium Ion Transport (GO:0002028),-0.23745678931728262,-0.7652066308784818,8.211382e-01,9.415449e-01,1.000000e+00,9/16,31.08%,RANGRF;SIK1;P2RX4;YWHAH;SNTA1;SPTBN4;GPD1L;P2RX7;DLG1
prerank,Positive Regulation Of Actin Filament Polymerization (GO:0030838),0.2775456319108215,0.7644168130451786,8.038217e-01,9.758427e-01,1.000000e+00,2/21,2.72%,FCHSD1;NCKAP1L
prerank,Regulation Of Meiotic Cell Cycle (GO:0051445),0.2921991881916677,0.7643996750396129,8.047182e-01,9.749845e-01,1.000000e+00,3/16,11.25%,ANAPC10;CDC16;ANAPC7
prerank,Membrane Assembly (GO:0071709),0.2670180422080092,0.7632231742092216,8.173077e-01,9.757700e-01,1.000000e+00,7/25,24.60%,STX2;CHMP3;UBXN2B;NSFL1C;CHMP6;CHMP1A;ANXA2
prerank,Apoptotic Mitochondrial Changes (GO:0008637),0.2617503825405063,0.7620926450158273,8.069544e-01,9.765211e-01,1.000000e+00,8/27,26.50%,SOD2;BNIP3;BCL2L1;BBC3;TIMM50;MFF;VPS35;CCAR2
prerank,Heterochromatin Organization (GO:0070828),0.2543085092221544,0.7620424929329349,8.337292e-01,9.757052e-01,1.000000e+00,9/31,21.91%,EZH1;HDAC5;BAZ2A;SIRT1;CBX3;KMT2D;PCID2;SETDB2;MTHFR
prerank,Regulation Of Kinase Activity (GO:0043549),0.24533390986362663,0.7613639200649812,8.155340e-01,9.757925e-01,1.000000e+00,14/38,37.25%,PDGFRB;ERBB2;SOD1;CDKN1B;NPRL2;RAD50;DSTYK;CCNY;RBL1;FGFR1;NLRC5;RB1;ANKRD54;NTRK1
prerank,Chaperone-Mediated Protein Complex Assembly (GO:0051131),0.29639548409525407,0.760971003090407,7.965879e-01,9.754536e-01,1.000000e+00,5/15,17.24%,PSMG1;NDUFAF1;PFDN6;HSPA1A;HSPA4
prerank,Chemical Synaptic Transmission (GO:0007268),0.23238496411399337,0.7604309648590344,8.344519e-01,9.753374e-01,1.000000e+00,19/54,37.16%,FCHSD1;APBA3;CHRNE;STXBP2;NSG1;SPG11;CHRNB1;SEPTIN9;PDZD11;PTPRN2;ATXN3;PAFAH1B1;SLC12A6;CNP;SNAPIN;AKAP9;TSPOAP1;DHX8;LIN7C
prerank,"Nuclear-Transcribed mRNA Catabolic Process, Exonucleolytic (GO:0000291)",0.28649252039889256,0.7603585157082493,8.049096e-01,9.745717e-01,1.000000e+00,3/17,8.09%,CNOT8;DIS3L2;CNOT7
prerank,Mitotic Spindle Organization (GO:0007052),0.22760493988651265,0.7601909081057597,8.648649e-01,9.739652e-01,1.000000e+00,20/62,33.42%,MECP2;MAP1S;FLNA;KIF3B;PCNT;RMDN1;RHOA;DCTN2;TNKS;VCP;KIF2A;RAB11A;CEP126;INTS13;DYNC1H1;KPNB1;CCDC61;WRAP73;SUN2;SPICE1
prerank,Positive Regulation Of Protein Binding (GO:0032092),0.24509239266995586,0.7600716643181353,8.400927e-01,9.732591e-01,1.000000e+00,7/38,13.95%,STK4;PSEN1;HIPK2;SPPL3;CAPRIN2;EPB41;AKTIP
prerank,Negative Regulation Of Protein Localization To Nucleus (GO:1900181),0.28212479314116773,0.7585005340036749,8.100128e-01,9.746115e-01,1.000000e+00,6/18,27.82%,SIRT6;LATS2;GSK3B;CTNNA1;MTOR;CHP1
prerank,"mRNA Cis Splicing, Via Spliceosome (GO:0045292)",0.29757515998580586,0.7579635315024464,8.028909e-01,9.744623e-01,1.000000e+00,9/16,42.86%,SNRNP200;NCBP2;WBP4;CACTIN;SRSF1;SFSWAP;SDE2;DCPS;SART1
prerank,Regulation Of Axonogenesis (GO:0050770),0.2817063492029155,0.7577545195985238,7.935065e-01,9.738706e-01,1.000000e+00,7/18,28.09%,NRDC;ARHGAP35;PLXND1;GSK3B;METRN;KIF13B;RUFY3
prerank,Regulation Of Microtubule Polymerization (GO:0031113),0.27088143895419253,0.7577105272998848,8.286067e-01,9.730717e-01,1.000000e+00,15/23,47.00%,GBA2;TOGARAM1;CLIP1;SLAIN1;DCTN1;ARL2;SLAIN2;EML2;AKAP9;CDK5RAP2;FES;TBCD;DRG1;CLASP1;NUMA1
prerank,Glutamine Family Amino Acid Metabolic Process (GO:0009064),0.2787771096178977,0.7576267338652057,7.810881e-01,9.723378e-01,1.000000e+00,8/18,35.19%,NIT2;ADSL;GCLC;MTHFS;ALDH18A1;GLUD1;GOT1;FPGS
prerank,Lymphocyte Differentiation (GO:0030098),0.2293492173220449,0.7566871987213821,8.376260e-01,9.727228e-01,1.000000e+00,12/51,17.91%,ZBTB7A;NFIL3;HDAC5;IKZF1;PIK3R3;GPR89B;GPR89A;ITGB1;NHEJ1;FNIP1;SLC39A7;LFNG
prerank,Positive Regulation Of Ubiquitin-Dependent Protein Catabolic Process (GO:2000060),0.22854283215399138,0.7565409039099048,8.595133e-01,9.720605e-01,1.000000e+00,14/63,21.53%,RNF14;USP5;CCDC22;COP1;ARIH1;FBXO22;LAPTM5;DDRGK1;PIAS1;HSPA1A;RBX1;GSK3B;VCP;GSK3A
prerank,Positive Regulation Of Neutrophil Migration (GO:1902624),0.28896106052248627,0.7558327377303579,8.102094e-01,9.721384e-01,1.000000e+00,2/16,2.72%,DAPK2;NCKAP1L
prerank,Regulation Of Mitotic Spindle Organization (GO:0060236),0.24933788172826088,0.7538485224011845,8.359469e-01,9.738719e-01,1.000000e+00,9/33,28.27%,FSD1;CLTC;CHMP3;HSPA1A;RAE1;CHMP6;CHMP1A;DYNC1H1;DCTN1
prerank,Microtubule Nucleation (GO:0007020),0.26701169409154113,0.7531337573674348,8.149556e-01,9.739697e-01,1.000000e+00,5/22,22.55%,TUBGCP6;NDE1;TUBGCP2;TUBGCP4;SLAIN1
prerank,Positive Regulation Of Macromolecule Biosynthetic Process (GO:0010557),0.2187762533485986,0.7529295008389556,8.824834e-01,9.733959e-01,1.000000e+00,19/76,23.77%,PDGFRB;HNRNPD;RFXAP;ERBB2;IFNG;RFXANK;TMEM106A;LARP4B;NSUN5;EIF4G3;SIRT1;THBS1;YTHDF1;DYRK2;METTL5;RFX5;SLC25A37;NAT10;MTOR
prerank,Endoplasmic Reticulum To Golgi Vesicle-Mediated Transport (GO:0006888),0.21304770778083026,0.7522313950914135,9.043571e-01,9.734915e-01,1.000000e+00,22/100,17.34%,VAPB;TRIP11;MIA2;TRAPPC12;SEC31A;TEX261;TRAPPC6B;GOPC;VTI1A;SEC16A;COPA;MPPE1;PREB;YIPF4;KDELR1;TMED5;ATL3;GBF1;TRAPPC1;YIF1A;TRAPPC13;COPB2
prerank,Positive Regulation Of Peptidyl-Tyrosine Phosphorylation (GO:0050731),-0.17822168721760465,-0.7521604146550762,9.531250e-01,9.560956e-01,1.000000e+00,17/50,22.81%,CD44;EPHA4;CD81;PIBF1;IFNL1;DGKQ;PLCG2;UNC119;NEDD9;PTPRC;PTPN11;ITGB3;CD74;LRP8;DLG3;ARL2BP;ITGA5
prerank,Cholesterol Transport (GO:0030301),0.26530149681735093,0.7520162187036875,8.244275e-01,9.729291e-01,1.000000e+00,11/24,42.31%,CES1;ABCA7;STX12;STARD3NL;LIMA1;VPS4A;NPC1;RELCH;STARD3;OSBP;LIPC
prerank,Neuron Migration (GO:0001764),-0.22325374610797089,-0.7512133040436374,8.650000e-01,9.543039e-01,1.000000e+00,6/20,21.90%,DDIT4;CDK5;MDGA1;AUTS2;PEX13;NR4A2
prerank,Postreplication Repair (GO:0006301),-0.22654708196698042,-0.7489668102078728,8.482143e-01,9.542121e-01,1.000000e+00,6/19,14.11%,PCLAF;PRIMPOL;ZBTB1;USP10;TNFSF13B;MSH2
prerank,RNA Metabolic Process (GO:0016070),0.21057148879962287,0.7489200447178469,9.031216e-01,9.761352e-01,1.000000e+00,16/95,14.50%,PAPOLG;PPP1R8;HNRNPD;ZNF830;DIS3L;TBRG4;TP53RK;DDX17;PARN;RBMS1;RNASEH1;RBM4;ATXN2;THOC1;RNASEH2B;SETX
prerank,Cell Morphogenesis Involved In Neuron Differentiation (GO:0048667),0.2542471897441588,0.7486115999425674,8.399519e-01,9.757007e-01,1.000000e+00,3/29,7.10%,ATL1;MAP1S;RAB10
prerank,Regulation Of Cell Migration (GO:0030334),-0.13936491669523704,-0.7472977589326718,1.000000e+00,9.534403e-01,1.000000e+00,32/209,13.50%,MAZ;ADARB1;CDC42;PPP3CA;ARHGAP4;EPHA4;YTHDF3;MYADM;ING1;ELP5;ING2;BEX4;MINK1;RAP2C;CARMIL2;SINHCAF;RNF20;HSPA5;SEMA4F;OGT;STK26;PRKCA;SUDS3;RHOC;GNA12;AKT1;NEDD9;TIAM1;ARID4A;LDLRAD4;CCAR1;ADGRG3
prerank,Positive Regulation Of Epidermal Growth Factor Receptor Signaling Pathway (GO:0045742),-0.22552792252808168,-0.7472485015342114,8.608247e-01,9.506060e-01,1.000000e+00,4/17,17.65%,APEX1;HIP1;FBXW7;PDE6G
prerank,Positive Regulation Of Supramolecular Fiber Organization (GO:1902905),0.2316883583296106,0.7471375273937878,8.561721e-01,9.767329e-01,1.000000e+00,11/48,22.55%,FCHSD1;NCKAP1L;PSEN1;TOGARAM1;KATNB1;MTSS1;VASP;CLIP1;PLEK;BIN1;SLAIN1
prerank,Negative Regulation Of Intracellular Signal Transduction (GO:1902532),0.2021784655835832,0.7455953271117912,9.279094e-01,9.778385e-01,1.000000e+00,27/145,17.81%,MAPK14;TBC1D7;ARHGAP12;TRIM59;NOC2L;MUL1;ARHGAP25;NUAK1;TRIM39;BCL2L1;NF1;CCDC22;TSC2;DEPDC5;PDE3B;NPRL3;PPM1A;PINK1;LIMD1;STAT1;ENDOG;TNFAIP8L1;NPRL2;SIRT1;FNIP1;TMEM127;THBS1
prerank,Lipid Transport (GO:0006869),0.231083243102244,0.7453939873782935,8.678161e-01,9.772293e-01,1.000000e+00,17/49,32.84%,NME4;PITPNM1;ABCD3;SCP2;TMEM41B;PITPNC1;PRELID1;ABCA2;CPTP;SLC27A3;SLC10A3;APOL2;CLN8;SLC51A;PITPNA;ESYT1;UGCG
prerank,Ribosomal Large Subunit Biogenesis (GO:0042273),0.24087088280751284,0.7448386121453168,8.486998e-01,9.770932e-01,1.000000e+00,6/38,14.73%,PES1;NOC2L;SURF6;SPATA5;EBNA1BP2;NIP7
prerank,Positive Regulation Of Protein Polymerization (GO:0032273),0.2446650547389928,0.7442799894696333,8.331347e-01,9.769754e-01,1.000000e+00,14/36,33.38%,FCHSD1;NCKAP1L;TOGARAM1;PINK1;VASP;CLIP1;BIN1;SLAIN1;DCTN1;AMBRA1;PTK2B;CDC42EP3;ARL2;SLAIN2
prerank,Positive Regulation Of Neuron Death (GO:1901216),0.27101630973788404,0.743579560022685,8.239796e-01,9.770185e-01,1.000000e+00,11/20,43.01%,NF1;PICALM;IFNG;TNF;ITGB2;DAXX;BAX;CTNNB1;PRNP;CCL3;FYN
prerank,Positive Regulation Of Cellular Metabolic Process (GO:0031325),0.24700113289381131,0.7428290371885805,8.507282e-01,9.771858e-01,1.000000e+00,19/33,39.65%,PDGFRB;MAPK14;IFNG;TP53;PRELID1;SIRT1;MORC3;THBS1;CBR1;GHITM;CCL5;AKR1C3;DCXR;DHRS4;IFNAR1;RIPK1;YPEL3;GRB2;RNF41
prerank,Calcium Ion Transmembrane Import Into Cytosol (GO:0097553),0.2634231988455287,0.7420558412191466,8.553459e-01,9.772993e-01,1.000000e+00,13/23,37.70%,FLNA;PLCG1;PLCB2;IBTK;PLCD1;F2R;CHERP;ATP2B4;ITPR1;TRPV2;GP1BB;ITPR2;LCK
prerank,Negative Regulation Of Sequestering Of Calcium Ion (GO:0051283),0.27132392699218355,0.7416006171568397,8.495575e-01,9.770372e-01,1.000000e+00,7/20,21.71%,FLNA;PLCG1;PLCB2;IBTK;PLCD1;F2R;CHERP
prerank,Regulation Of Bone Mineralization (GO:0030500),-0.2086815133753298,-0.7411938145131723,8.780488e-01,9.551838e-01,1.000000e+00,3/24,5.01%,ATP2B1;SRGN;OXSR1
prerank,Regulation Of Neurogenesis (GO:0050767),0.236407001776116,0.7408654231224854,8.574850e-01,9.771474e-01,1.000000e+00,11/38,27.06%,MBD1;ASCL2;HLTF;IFNG;RGS14;NF2;TNF;ZNF335;NUMB;REST;CX3CR1
prerank,Regulation Of Macrophage Activation (GO:0043030),-0.2248709842388693,-0.7394771604662437,8.479263e-01,9.544589e-01,1.000000e+00,7/16,25.33%,HSPD1;ZC3H12A;SHPK;CD74;SPHK1;CD84;NR1H3
prerank,Negative Regulation Of Transforming Growth Factor Beta Receptor Signaling Pathway (GO:0030512),0.23419570360318195,0.7392805125677805,8.788927e-01,9.783506e-01,1.000000e+00,8/45,16.26%,BCL9L;ZBTB7A;MTMR4;SMURF2;PPM1A;ARID4B;HSPA1A;SIRT1
prerank,Erythrocyte Differentiation (GO:0030218),0.23967656129520626,0.7373924324085314,8.550898e-01,9.798966e-01,1.000000e+00,6/35,17.60%,NCKAP1L;MED1;HIPK2;IKZF1;HSCB;ALAS1
prerank,Regulation Of Cell Differentiation (GO:0045595),0.20436178659327173,0.7371605729935535,9.232387e-01,9.793491e-01,1.000000e+00,24/116,21.35%,RUNX1;BICRAL;MTA1;PHF10;ZFP36L1;DDX17;SMARCC2;NF1;SMARCA2;NR1D2;NSUN2;MBD3;SS18;SRF;ROCK1;CDK5RAP1;TNF;PLEKHB2;CASZ1;TRIP4;GSK3B;BIN1;MCRIP1;SPOCK2
prerank,Negative Regulation Of Endopeptidase Activity (GO:0010951),-0.2134923805020819,-0.7364171085481835,8.823529e-01,9.551260e-01,1.000000e+00,3/20,7.88%,IFI16;SPINK2;TIMP1
prerank,Lamellipodium Organization (GO:0097581),0.28415363903814317,0.7354232871735351,8.222222e-01,9.806822e-01,1.000000e+00,2/16,13.57%,ARHGEF7;ITGB1
prerank,Actin Polymerization Or Depolymerization (GO:0008154),-0.19013333364220608,-0.7347445884472021,9.084507e-01,9.542157e-01,1.000000e+00,7/35,10.68%,GSN;PSTPIP1;WAS;MICAL3;CORO7;CFL1;PSTPIP2
prerank,Regulation Of Endothelial Cell Apoptotic Process (GO:2000351),0.268835158664073,0.7343894241642307,8.276299e-01,9.810887e-01,1.000000e+00,6/21,17.81%,FASLG;PLCG1;MEN1;TNIP2;TNF;THBS1
prerank,Response To Retinoic Acid (GO:0032526),0.2631728070054108,0.7326635417166685,8.554839e-01,9.823934e-01,1.000000e+00,6/22,24.98%,HTRA2;SETX;POLR2D;GSK3B;RXRB;RARG
prerank,Anterograde Trans-Synaptic Signaling (GO:0098916),-0.19047654583365597,-0.732587391624995,8.797468e-01,9.538634e-01,1.000000e+00,7/31,14.78%,SYPL1;CDK5;APEX1;MINK1;UNC119;GIPC1;UTS2
prerank,Metal Ion Transport (GO:0030001),0.2348631689760533,0.7318220620209229,8.670588e-01,9.826036e-01,1.000000e+00,16/40,36.71%,PSEN1;NDFIP1;SLC41A1;ATP2C1;NMUR1;ATP2A3;NIPA1;CHP1;CCL5;MMGT1;TPT1;PKD1;ITPR1;SLC5A6;SLC11A2;KCNA3
prerank,rRNA Modification (GO:0000154),0.280290313025386,0.7314549141701243,8.308921e-01,9.822166e-01,1.000000e+00,11/16,50.35%,TSR3;METTL5;NAT10;MRM2;DKC1;NOP10;TFB1M;ZCCHC4;NSUN4;FBL;NSUN3
prerank,Negative Regulation Of Amide Metabolic Process (GO:0034249),0.21740403139096762,0.7300758724235551,8.970427e-01,9.830659e-01,1.000000e+00,15/69,22.40%,GZMB;CSNK2A1;TIA1;RBM4;TOB1;RTN4;PATL2;RTN3;EIF4ENIF1;ROCK1;DHX36;DHFR;BIN1;IFRD2;EIF2AK3
prerank,Negative Regulation Of Response To Stimulus (GO:0048585),-0.1931738671440619,-0.730038657453353,9.071038e-01,9.538445e-01,1.000000e+00,3/31,4.92%,PIM3;EPHA4;RTEL1
prerank,GPI Anchor Metabolic Process (GO:0006505),0.26229588130704473,0.7292331630608893,8.467433e-01,9.832114e-01,1.000000e+00,8/21,36.98%,MPPE1;PIGV;SLC30A5;PIGN;DPM2;PIGB;PIGQ;PIGC
prerank,Protein Depolymerization (GO:0051261),0.2718523694418457,0.7284428747313997,8.400000e-01,9.832721e-01,1.000000e+00,4/17,20.85%,WDR1;KATNB1;DSTN;KIF2A
prerank,Positive Regulation Of Peptide Hormone Secretion (GO:0090277),0.2752006984526388,0.7276438981384669,8.383706e-01,9.833961e-01,1.000000e+00,7/17,29.51%,LRRC8A;TM7SF3;SIRT6;POLR2D;ACSL4;TFR2;GLUD1
prerank,Positive Regulation Of Protein Metabolic Process (GO:0051247),0.1976111073211461,0.7274343373632837,9.414784e-01,9.827967e-01,1.000000e+00,37/138,28.62%,HNRNPD;VPS11;CSNK2A1;FADD;PSEN1;CYFIP2;KLF2;ERBB2;TNFSF12;CDKN1B;LARP4B;NSUN5;GBA1;EIF4G3;EZR;RBX1;TNF;THBS1;YTHDF1;GSK3B;MAP2K5;VCP;METTL5;GSK3A;SLC25A37;NAT10;RIGI;RASGRP1;MTOR;RDX;VPS35;TFR2;VGLL4;PERP;MAPK7;PYM1;ASPSCR1
prerank,Positive Regulation Of Protein Secretion (GO:0050714),0.23870855931784235,0.726057431629174,8.604091e-01,9.836458e-01,1.000000e+00,13/33,29.51%,LRRC8A;ATP13A2;TM7SF3;PPID;ADAM8;SIRT6;POLR2D;EZR;PPIA;ACSL4;GOLPH3;PTPN23;GLUD1
prerank,Calcium-Mediated Signaling (GO:0019722),0.2281630270754214,0.724762091137929,8.966318e-01,9.842787e-01,1.000000e+00,10/44,24.99%,ATP2A2;FCGR3A;PPP3CC;PPP3CB;PLCG1;NMUR1;BCAP31;DMPK;EIF2AK3;ORC3
prerank,Positive Regulation Of Proteasomal Protein Catabolic Process (GO:1901800),0.21839303754320086,0.7246788298467233,8.943270e-01,9.835474e-01,1.000000e+00,15/66,21.53%,RNF14;USP5;COP1;ARIH1;FBXO22;DDRGK1;PIAS1;HSPA1A;RNFT1;RBX1;GSK3B;VCP;PSMC3;PSMC5;GSK3A
prerank,Integrated Stress Response Signaling (GO:0140467),0.2571763645272447,0.7231407829393983,8.573232e-01,9.845029e-01,1.000000e+00,13/23,50.13%,CREBZF;EIF2AK3;CREB3;CEBPB;GCN1;JUN;OMA1;BATF;IMPACT;EIF2AK4;EIF2S1;CEBPG;DDIT3
prerank,Phosphatidic Acid Metabolic Process (GO:0046473),0.26185550597929697,0.7212833040443428,8.457649e-01,9.858309e-01,1.000000e+00,7/21,31.95%,AGPAT1;GNPAT;DGKZ;LPCAT1;ABHD5;AGPAT4;GPAT4
prerank,Kidney Development (GO:0001822),0.25446401159082055,0.7205632721658856,8.598015e-01,9.857775e-01,1.000000e+00,4/24,13.69%,PCSK5;NF1;CEP290;IFT88
prerank,Positive Regulation Of Interleukin-8 Production (GO:0032757),0.23227610749758468,0.7201535796572051,8.669778e-01,9.854378e-01,1.000000e+00,6/35,17.59%,STAT3;FADD;MAVS;HSPA1A;F2R;TNF
prerank,Actin Filament Organization (GO:0007015),0.20862567983180433,0.7196820433699842,9.172113e-01,9.851051e-01,1.000000e+00,8/72,9.84%,MYO6;DBN1;INPPL1;ARHGAP12;ARHGAP25;FLII;MYO1G;FLNA
prerank,Positive Regulation Of Epithelial Cell Migration (GO:0010634),0.22075748253460195,0.7193971213981316,8.975834e-01,9.846152e-01,1.000000e+00,16/52,32.22%,BMPR2;HDAC6;PLCG1;IFNG;RTN4;HIF1A;CAPN7;THBS1;RREB1;RAB11A;MTOR;BCAS3;DOCK5;PRKD2;PTK2B;PIK3CG
prerank,Cellular Response To Amyloid-Beta (GO:1904646),0.2728234533376983,0.7192141831671603,8.463576e-01,9.831514e-01,1.000000e+00,2/17,3.62%,ATP1A3;PSEN1
prerank,Response To Amyloid-Beta (GO:1904645),0.2728234533376983,0.7192141831671603,8.463576e-01,9.831514e-01,1.000000e+00,2/17,3.62%,ATP1A3;PSEN1
prerank,Chaperone Cofactor-Dependent Protein Refolding (GO:0051085),-0.20981625457774702,-0.7191758408370839,9.082569e-01,9.625602e-01,1.000000e+00,5/21,16.03%,HSPE1;GAK;HSPA5;HSPA14;ST13
prerank,Regulation Of Mitotic Metaphase/Anaphase Transition (GO:0030071),0.23314134842998974,0.7190015999580212,8.713942e-01,9.825351e-01,1.000000e+00,13/35,35.13%,PHF10;SMARCC2;SMARCA2;CDC16;ANAPC7;RIOK2;CUL3;ARID2;PBRM1;SMARCA4;RB1;CDC23;ANAPC5
prerank,Muscle Organ Development (GO:0007517),-0.22383108608727825,-0.7187988933300411,8.613445e-01,9.600532e-01,1.000000e+00,6/17,20.11%,FHL1;FXR1;EMD;MEF2D;CHD2;FHL3
prerank,Ras Protein Signal Transduction (GO:0007265),0.20154772175689092,0.7185634240410258,9.279661e-01,9.821774e-01,1.000000e+00,15/95,16.83%,ADGRG1;RAP2A;RASGEF1A;NKIRAS2;ARHGEF3;NF1;CDKN2A;TP53;RASGRP2;KRAS;HACD3;RAP1B;ROCK1;G3BP1;ARHGAP35
prerank,Mitotic Sister Chromatid Segregation (GO:0000070),0.2088208395587033,0.718166811252967,9.291167e-01,9.818051e-01,1.000000e+00,28/80,35.53%,DIS3L2;MIS12;FLNA;KIF3B;INO80;CHMP3;NCAPD3;KLHL22;NSL1;NCAPH2;CHMP6;RHOA;DCTN2;KIF2A;RAB11A;BOD1;CHMP1A;KPNB1;CUL3;CCDC61;SMC2;NCAPG2;WRAP73;SPICE1;CDC23;VPS4A;ZW10;ABRAXAS2
prerank,Cellular Response To Hydrogen Peroxide (GO:0070301),0.25287838041499383,0.7177502460455275,8.723668e-01,9.814711e-01,1.000000e+00,5/24,16.26%,ANKZF1;HDAC6;MAPK13;SETX;SIRT1
prerank,Regulation Of Mitotic Spindle Assembly (GO:1901673),-0.21884187065606936,-0.7169904315266812,8.766520e-01,9.591341e-01,1.000000e+00,2/18,4.41%,CHMP4A;TPR
prerank,Regulation Of Chemokine Production (GO:0032642),0.2726185805654574,0.7169743309801373,8.571429e-01,9.815132e-01,1.000000e+00,4/16,17.59%,SIGIRR;IFNG;HIF1A;TNF
prerank,Negative Regulation Of DNA-binding Transcription Factor Activity (GO:0043433),0.1990721418017626,0.7165507051255898,9.400428e-01,9.811384e-01,1.000000e+00,27/100,28.14%,LRRC14;PTCH1;CMKLR1;SIGIRR;TRIM37;CDKN2A;PEX14;HAVCR2;FLNA;NFKBIL1;ARRB1;MEN1;COMMD1;RWDD3;KDM1A;SP100;SIRT1;ZNF675;MAP2K5;CACTIN;TRIM21;NLRC3;OTULIN;HDAC4;CHP1;COMMD6;PHB2
prerank,Regulation Of G0 To G1 Transition (GO:0070316),0.2545935486239264,0.7155338060365058,8.587642e-01,9.814556e-01,1.000000e+00,3/23,9.09%,PHF10;SMARCC2;SMARCA2
prerank,Skin Development (GO:0043588),-0.198951379761709,-0.7154298951086099,8.650000e-01,9.578741e-01,1.000000e+00,2/25,3.13%,PPP3CA;CFLAR
prerank,Regulation Of Osteoblast Differentiation (GO:0045667),0.23751955717237772,0.7142931875694213,8.699284e-01,9.819935e-01,1.000000e+00,6/33,12.58%,BMPR2;PTCH1;NBR1;MEN1;TMEM64;LIMD1
prerank,Autophagy Of Nucleus (GO:0044804),-0.2321196901411242,-0.7138589797780855,8.565401e-01,9.566631e-01,1.000000e+00,2/15,3.85%,WDR45B;RB1CC1
prerank,Negative Regulation Of Protein Metabolic Process (GO:0051248),0.20121763240665622,0.7123805961637779,9.339623e-01,9.832445e-01,1.000000e+00,14/104,15.27%,AGAP2;GZMB;CSNK2A1;RGP1;HDAC6;TIA1;SNX12;FLNA;RBM4;TOB1;PATL2;PFDN6;EIF4ENIF1;ROCK1
prerank,Negative Regulation Of Neurogenesis (GO:0050768),0.28258737111511206,0.7119262672911367,8.556150e-01,9.829022e-01,1.000000e+00,5/15,28.09%,MBD1;NF1;TNF;REST;RUFY3
prerank,Protein Heterooligomerization (GO:0051291),0.2760229290213848,0.7110919797780795,8.633377e-01,9.829946e-01,1.000000e+00,2/15,11.01%,FARSA;NUDT21
prerank,"RNA Splicing, Via Transesterification Reactions (GO:0000375)",0.2467067366848496,0.709342382067557,8.518041e-01,9.840092e-01,1.000000e+00,6/24,21.65%,SRSF4;SF3A3;SMNDC1;TXNL4A;PRPF3;KHSRP
prerank,Positive Regulation Of Lymphocyte Activation (GO:0051251),0.2533202692673443,0.7088551886856402,8.866242e-01,9.837125e-01,1.000000e+00,8/23,29.53%,CCDC88B;NCKAP1L;TNIP2;ZNF335;FCHO1;PRKCQ;XRCC6;HLA-DQA1
prerank,DNA Replication (GO:0006260),0.20939863489916388,0.708772869966558,9.160221e-01,9.829713e-01,1.000000e+00,28/63,42.36%,RFC2;POLG;RBMS1;RNASEH1;RFC4;MCM5;WDR18;RPA2;PTMS;BAZ1A;POLL;ORC3;MCM6;ORC5;POLA2;CHRAC1;FEN1;DONSON;CDK2;POLG2;REV1;UPF1;WRN;POLE4;WRNIP1;POLE3;KIN;GRWD1
prerank,Mitotic Spindle Assembly (GO:0090307),-0.1881131218174577,-0.708613886279538,9.418605e-01,9.590435e-01,1.000000e+00,4/32,7.94%,SMC3;OFD1;ZNF207;PIBF1
prerank,Protein Localization To Golgi Apparatus (GO:0034067),0.24755060426828843,0.7082825438287903,8.694030e-01,9.826871e-01,1.000000e+00,9/24,26.59%,GBP5;SYS1;BICD2;GBF1;RAB6A;VPS13A;IFT20;COG7;GOLPH3
prerank,Positive Regulation Of Translation (GO:0045727),0.2020810833692518,0.7067659886105636,9.479393e-01,9.835455e-01,1.000000e+00,21/84,23.77%,RCC1L;HNRNPD;ERBB2;CNBP;JMJD4;PKM;UHMK1;LARP4B;NSUN5;EIF4G3;TRUB2;DHX9;CSDE1;THBS1;YTHDF1;DHX36;METTL5;EIF2B5;NAT10;KHDRBS1;MTOR
prerank,Regulation Of Protein Localization To Membrane (GO:1905475),0.26271049408681946,0.7067035652643358,8.655570e-01,9.827802e-01,1.000000e+00,9/19,33.63%,STX7;VTI1B;VAMP8;SIRT6;SLC5A3;GBP1;ZDHHC7;ZDHHC2;VPS4A
prerank,Regulation Of Centrosome Cycle (GO:0046605),-0.21868686830196374,-0.7066820619329568,8.775510e-01,9.579646e-01,1.000000e+00,5/18,16.59%,CHMP4A;NPM1;MCM2;CHMP2A;CCNL2
prerank,Ventricular Septum Development (GO:0003281),0.271774798370478,0.7063828575563074,8.556150e-01,9.822901e-01,1.000000e+00,5/15,25.06%,BMPR2;SMAD4;CITED2;BMPR1A;TGFBR1
prerank,Histone Deacetylation (GO:0016575),0.23749575055054417,0.7062151402204677,8.941469e-01,9.816340e-01,1.000000e+00,11/32,28.76%,MTA1;SIRT7;HDAC6;HDAC5;MBD3;SIRT6;SIRT1;CHD3;HDAC4;HDAC8;RBBP4
prerank,DNA Recombination (GO:0006310),-0.18495691212719184,-0.7030731234484733,9.160839e-01,9.584685e-01,1.000000e+00,4/31,6.07%,HMGB1;RTEL1;RAD21;TSN
prerank,Negative Regulation Of Transmembrane Receptor Protein Serine/Threonine Kinase Signaling Pathway (GO:0090101),0.21376984911520724,0.702848175196785,9.297659e-01,9.844152e-01,1.000000e+00,9/58,16.26%,BCL9L;ZBTB7A;MTMR4;HIPK2;SMURF2;PPM1A;ARID4B;HSPA1A;SIRT1
prerank,Response To Hydrogen Peroxide (GO:0042542),0.23097894192959778,0.7024061563217425,8.946746e-01,9.840641e-01,1.000000e+00,6/34,16.26%,ANKZF1;HDAC6;SOD1;MAPK13;SETX;SIRT1
prerank,Purine Ribonucleotide Biosynthetic Process (GO:0009152),0.23008973912556577,0.7014807692235294,8.935913e-01,9.841957e-01,1.000000e+00,11/34,28.86%,SLC25A16;ATP5PO;ADSL;PPCS;PANK3;AK5;SLC25A13;IMPDH1;NUDT2;PRKAG2;ATP5F1B
prerank,"Nuclear-Transcribed mRNA Catabolic Process, Nonsense-Mediated Decay (GO:0000184)",0.2371514227715549,0.7006315708431281,8.707317e-01,9.842254e-01,1.000000e+00,5/28,12.43%,PNRC2;SMG5;NCBP2;SMG6;RC3H1
prerank,Negative Regulation Of JNK Cascade (GO:0046329),0.2558208287199602,0.700443066846795,8.844720e-01,9.835892e-01,1.000000e+00,5/20,18.09%,HIPK3;MEN1;PINK1;NCOR1;ZNF675
prerank,Regulation Of Peptidyl-Tyrosine Phosphorylation (GO:0050730),-0.17256620260427724,-0.699507507281155,9.637681e-01,9.588907e-01,1.000000e+00,11/41,19.28%,CD44;PDCL3;CD81;RAP2C;DGKQ;PLCG2;DMTN;PTPRC;PTPN11;ITGB3;CD74
prerank,Oligosaccharide Metabolic Process (GO:0009311),-0.20022096238936304,-0.6994447574324664,9.108911e-01,9.561792e-01,1.000000e+00,3/22,7.19%,B4GALT1;MAN2C1;FUT7
prerank,Positive Regulation Of Protein Localization To Plasma Membrane (GO:1903078),0.23380701676394447,0.6994358499320176,8.967193e-01,9.838193e-01,1.000000e+00,6/31,17.59%,AKAP5;CNPY4;IFNG;ITGB1;ATP2C1;TNF
prerank,Regulation Of Immune Response (GO:0050776),-0.16419058859649302,-0.6990143601277609,9.722222e-01,9.537855e-01,1.000000e+00,12/50,17.21%,BIRC2;SH2D1A;DENND1B;NFE2L2;IFNL1;IRF1;PTPN22;BIRC3;SLA2;CASP8;HLA-DRB1;CGAS
prerank,Positive Regulation Of Phagocytosis (GO:0050766),0.23392492464115552,0.6978935888328885,8.934625e-01,9.845925e-01,1.000000e+00,13/30,38.07%,NCKAP1L;CYBA;IFNG;UXT;TNF;CAMK1D;ANO6;PTPRJ;FCGR2B;RAB27A;PYCARD;LMAN2;FCN1
prerank,Regulation Of Cellular Senescence (GO:2000772),0.2337211233619645,0.6956510103921638,8.815629e-01,9.860434e-01,1.000000e+00,10/27,29.21%,NUAK1;TP53;SIRT6;SIRT1;MORC3;TERF2;AKT3;PNPT1;RBL1;YBX1
prerank,Negative Regulation Of Fat Cell Differentiation (GO:0045599),-0.21128291513963637,-0.6953106911566648,8.927039e-01,9.541952e-01,1.000000e+00,3/19,11.17%,TRIB2;ZFP36L2;SIRT2
prerank,DNA Methylation (GO:0006306),0.26572104892267834,0.6951102615288649,8.549020e-01,9.857589e-01,1.000000e+00,2/16,11.28%,EHMT2;BAZ2A
prerank,ncRNA Catabolic Process (GO:0034661),0.23334754221931017,0.6940920999337057,8.832117e-01,9.859299e-01,1.000000e+00,4/29,8.21%,TRIR;DIS3L;DIS3L2;PARN
prerank,Negative Regulation Of Nucleic Acid-Templated Transcription (GO:1903507),0.18009422424637317,0.6935477962519624,9.939638e-01,9.856365e-01,1.000000e+00,94/304,33.17%,CBFA2T2;RRP8;ZBTB7A;MECP2;TRAF6;CREBZF;ZNF217;MTA1;UBE2V1;TAF7;SMURF2;SMARCC2;ZNF706;NACC1;HDAC6;KDM5C;CDKN2A;CNOT7;PEX14;HSPA8;NONO;SMAD4;SMARCA2;GCFC2;NFIL3;ZGPAT;CDKN1B;IFNG;HDAC5;NR1D2;IKZF1;SHC1;MBD3;GCLC;TP53;MEN1;LIMD1;ZNF568;CITED2;FOXK1;KDM1A;ZNF827;NCOR1;SIRT1;CBX3;KDM4A;TNF;RING1;KAT8;BCOR;SETDB2;RLIM;ZBTB38;MPHOSPH8;YEATS2;BAHD1;KAT6B;KHDRBS1;KAT6A;CRY1;TLE1;XRCC5;ZBTB14;CHD3;HDAC4;CIC;CCAR2;REST;ZNF148;VGLL4;KAT5;CTCF;RCOR3;ILF3;MLX;PHB2;YWHAQ;XRCC6;RBBP4;SFPQ;ING4;SMAD2;JUN;RSF1;DAXX;THAP7;WWP2;NACC2;PFDN5;ZNF318;ATXN1;SMARCA4;DMAP1;UBE2I
prerank,Positive Regulation Of Vacuole Organization (GO:0044090),0.2597059927531172,0.6925127458358658,8.684547e-01,9.858418e-01,1.000000e+00,4/17,19.46%,PPP3CB;SNX18;PIP4K2B;SH3GLB1
prerank,Establishment Of Spindle Orientation (GO:0051294),0.24569324579201413,0.6920995518425445,8.778338e-01,9.854301e-01,1.000000e+00,16/23,47.00%,NDE1;ITGB1;UBXN2B;NSFL1C;LLGL2;KAT5;DCTN1;PAFAH1B1;LLGL1;ZW10;CDK5RAP2;NDC80;SPDL1;HDAC3;CLASP1;NUMA1
prerank,ERBB Signaling Pathway (GO:0038127),0.2452489445901629,0.6917657709904769,9.024081e-01,9.849127e-01,1.000000e+00,8/24,32.74%,PIK3CA;PLCG1;SHC1;PIK3C2A;BRAF;CBL;PTK2B;IQGAP1
prerank,Mitotic Metaphase Plate Congression (GO:0007080),-0.17732138924574242,-0.6910204721517186,9.241379e-01,9.549475e-01,1.000000e+00,5/37,7.94%,MAPRE1;CHMP4A;CENPC;SEH1L;PIBF1
prerank,Neuron Projection Morphogenesis (GO:0048812),0.20602520960143042,0.6907688877055386,9.168514e-01,9.851040e-01,1.000000e+00,12/61,21.26%,ATL1;NCKAP1L;MAP1S;RAB10;ANKRD27;ROCK1;ARHGAP35;TNIK;ZNF335;ALS2;ATP7A;MEF2A
prerank,Positive Regulation Of Lipid Biosynthetic Process (GO:0046889),0.24871643346674843,0.6881987719121075,8.729763e-01,9.867665e-01,1.000000e+00,7/20,31.83%,ZBTB20;RPTOR;CNEP1R1;MTOR;KAT5;CHP1;PPARA
prerank,Synaptic Vesicle Recycling (GO:0036465),0.24423394829875578,0.6849356738454484,8.961202e-01,9.890371e-01,1.000000e+00,8/23,29.29%,AP3S2;VAMP2;FCHO2;GIT2;SYNJ2;OPHN1;AP2S1;PIP5K1C
prerank,"Alternative mRNA Splicing, Via Spliceosome (GO:0000380)",0.26844497515348914,0.6842000831818722,8.753281e-01,9.889097e-01,1.000000e+00,7/15,29.12%,DDX17;NCBP2;DHX9;RBM17;RSRC1;SRSF1;SFPQ
prerank,Cellular Response To Lipopolysaccharide (GO:0071222),0.19995853921817847,0.684113552854129,9.465241e-01,9.881735e-01,1.000000e+00,13/73,19.50%,CD6;LILRB1;TRAF6;MAPK14;PEX2;NFKBIL1;UXT;TNFRSF1B;TNIP2;TNF;CASP1;TNIP1;RHOA
prerank,Positive Regulation Of Ossification (GO:0045778),-0.2195272698271557,-0.6838384343461187,9.163180e-01,9.577851e-01,1.000000e+00,2/16,5.01%,ATP2B1;OXSR1
prerank,Negative Regulation Of G2/M Transition Of Mitotic Cell Cycle (GO:0010972),0.2433126569497105,0.6836810123954847,8.891753e-01,9.877482e-01,1.000000e+00,8/22,34.06%,ZFYVE19;INTS3;RAD50;CHFR;NABP2;PABIR1;VPS4A;GPR132
prerank,DNA-templated DNA Replication (GO:0006261),0.20837134212369313,0.6835834440568949,9.330357e-01,9.870375e-01,1.000000e+00,7/56,11.72%,PURA;RFC2;POLG;RFC4;MCM5;WDR18;TOPBP1
prerank,Phosphatidylinositol Phosphate Biosynthetic Process (GO:0046854),0.217256669286354,0.683148575508448,9.189189e-01,9.866612e-01,1.000000e+00,11/38,23.43%,UVRAG;PIK3C3;PIK3CA;PIK3R3;EFR3A;PIK3C2A;HYCC2;PIP4K2B;IP6K1;PI4K2B;SMG1
prerank,Regulation Of Proteasomal Protein Catabolic Process (GO:0061136),0.22014262808435245,0.6831392939775259,9.149184e-01,9.858532e-01,1.000000e+00,9/41,20.96%,PSME3;USP19;RAD23B;DDRGK1;COMMD1;PINK1;ARAF;PSMC3;PSMC5
prerank,Regulation Of Cell-Cell Adhesion (GO:0022407),0.2595097459288994,0.6829887957135542,8.666667e-01,9.851838e-01,1.000000e+00,7/16,38.83%,ADAM8;CITED2;NF2;FLOT2;ZDHHC2;FERMT3;SMAD7
prerank,rRNA Catabolic Process (GO:0016075),0.26026937037985026,0.6829293735560164,8.937008e-01,9.844226e-01,1.000000e+00,2/17,3.68%,TRIR;DIS3L
prerank,RNA Destabilization (GO:0050779),0.2579259324593012,0.6828520414774134,8.909091e-01,9.836835e-01,1.000000e+00,6/16,26.96%,ROCK1;METTL16;YTHDF1;DXO;PUM1;RIDA
prerank,Negative Regulation Of Cell-Cell Adhesion (GO:0022408),0.2470893149363537,0.6824879272768113,8.883249e-01,9.831785e-01,1.000000e+00,7/21,31.83%,AKNA;NF2;WNK1;MAP2K5;RDX;MAPK7;PPARA
prerank,Protein Localization To Chromosome (GO:0034502),0.22665710496075323,0.6804870607345272,9.088729e-01,9.842101e-01,1.000000e+00,12/32,29.82%,RPA2;SIRT6;TINF2;TERF2;ATR;TNKS;BOD1;TNKS2;XRCC5;TPP1;CTCF;MMS22L
prerank,Regulation Of Cell Death (GO:0010941),0.22545920447384374,0.6771999025378945,9.143207e-01,9.863021e-01,1.000000e+00,8/33,25.01%,CIDEB;TBK1;CHMP3;SARM1;CHMP6;RAB29;CHMP1A;VPS35
prerank,Regulation Of Proteasomal Ubiquitin-Dependent Protein Catabolic Process (GO:0032434),0.1947956132019235,0.6765457812799689,9.501085e-01,9.860092e-01,1.000000e+00,17/86,21.53%,RNF14;USP5;TRIM39;COP1;ARIH1;FBXO22;RAD23B;DDRGK1;COMMD1;PIAS1;ARAF;TAF9;HSPA1A;RBX1;GSK3B;VCP;GSK3A
prerank,Positive Regulation Of T Cell Differentiation (GO:0045582),0.2167845130394231,0.6764705323848204,9.301513e-01,9.852664e-01,1.000000e+00,5/41,11.51%,NCKAP1L;PHF10;SMARCC2;SMARCA2;ADAM8
prerank,Nuclear Membrane Organization (GO:0071763),0.24325133128322357,0.6754865406381688,8.945409e-01,9.853169e-01,1.000000e+00,6/23,28.27%,CHMP3;UBXN2B;NSFL1C;CHMP6;CHMP1A;DCTN1
prerank,Anaphase-Promoting Complex-Dependent Catabolic Process (GO:0031145),0.2493318370889344,0.6741782576966376,8.941935e-01,9.856559e-01,1.000000e+00,3/18,11.25%,ANAPC10;CDC16;ANAPC7
prerank,G2/M Transition Of Mitotic Cell Cycle (GO:0000086),0.24601282284665768,0.6738498733313559,8.954248e-01,9.851298e-01,1.000000e+00,4/20,23.24%,PPME1;ENSA;KHDRBS1;CCNY
prerank,Positive Regulation Of MAPK Cascade (GO:0043410),0.18829468832259647,0.6730441597017781,9.695378e-01,9.850589e-01,1.000000e+00,39/115,33.08%,PDGFRB;ARL6IP5;TAOK1;PRKCZ;ERBB2;SOD1;LAPTM5;TMEM106A;ARRB1;TRIM5;ADAM8;SHC1;ROCK1;F2R;TNF;THBS1;ARHGAP8;PPIA;DSTYK;ADRB2;MAP2K5;BRAF;RASGRP1;RAF1;TGFBR1;MAP2K7;PHB2;DDT;PTPRJ;CCL5;MFAP3;PRKD2;TAOK2;FGFR1;MAPK3;PTK2B;PIK3CG;IQGAP1;SEMA7A
prerank,Protein Destabilization (GO:0031648),0.22675317098221565,0.6717294809567831,9.124538e-01,9.853581e-01,1.000000e+00,5/29,16.26%,CCDC88C;MUL1;PEX2;SIRT6;SIRT1
prerank,Respiratory Chain Complex IV Assembly (GO:0008535),0.23085866723140047,0.6711418845849998,9.129353e-01,9.850515e-01,1.000000e+00,7/26,29.95%,SMIM20;TMEM223;COX14;COX15;COA8;COA3;COA6
prerank,Regulation Of Mitochondrial Translation (GO:0070129),0.23976626390165323,0.6681868402434306,9.226933e-01,9.867434e-01,1.000000e+00,3/22,16.11%,RCC1L;LRPPRC;TRUB2
prerank,Negative Regulation Of Protein Modification By Small Protein Conjugation Or Removal (GO:1903321),0.21189660494256723,0.6677787099632864,9.244392e-01,9.862860e-01,1.000000e+00,15/41,40.16%,IVNS1ABP;SIRT7;GNL3L;ARRB1;HSPA1A;CRY1;TRIM21;HDAC8;CHP1;U2AF2;N4BP1;USP4;VPS28;SMAD7;CTNNB1
prerank,Regulation Of Endothelial Cell Migration (GO:0010594),0.21338556829733252,0.6677226005315187,9.437939e-01,9.855285e-01,1.000000e+00,12/41,32.22%,BMPR2;NF1;PTPRM;SP100;THBS1;SH3BP1;BCAS3;PRCP;SYNJ2BP;PRKD2;PTK2B;PIK3CG
prerank,tRNA Modification (GO:0006400),0.19977286483392076,0.6673269380148852,9.472527e-01,9.850415e-01,1.000000e+00,8/62,13.42%,TYW3;THADA;TARBP1;DUS3L;METTL2B;NSUN2;TYW1;WDR6
prerank,Ubiquitin-Dependent Protein Catabolic Process Via The Multivesicular Body Sorting Pathway (GO:0043162),0.22874447913283674,0.6644511951272244,9.148418e-01,9.866216e-01,1.000000e+00,5/28,19.22%,HGS;UBAP1;VPS37A;CHMP3;CHMP6
prerank,Regulation Of JNK Cascade (GO:0046328),0.20093410794060776,0.664403096676496,9.491713e-01,9.858573e-01,1.000000e+00,26/62,38.10%,RAP2A;TRAF6;TAOK1;HIPK2;COPS5;MEN1;TRAF2;PINK1;NCOR1;ZNF675;TNIK;RASGRP1;MAP4K2;MAP3K11;TAOK2;FCGR2B;PTK2B;MAPK8IP3;GPS2;FKTN;MTURN;TGFBR3;RIPK1;ULK4;PYCARD;ZMYND11
prerank,Sterol Homeostasis (GO:0055092),0.22488496475266045,0.6642898144536662,9.062885e-01,9.851568e-01,1.000000e+00,5/30,16.26%,EHD1;CNBP;CES1;ABCA2;SIRT1
prerank,Positive Regulation Of Natural Killer Cell Mediated Cytotoxicity (GO:0045954),0.2587943580365197,0.663979884392351,9.031378e-01,9.845993e-01,1.000000e+00,7/15,34.12%,HLA-E;CADM1;KLRK1;RASGRP1;KLRC3;CD226;KLRD1
prerank,Regulation Of Cellular Localization (GO:0060341),0.205054595043836,0.6614782482858877,9.275862e-01,9.858562e-01,1.000000e+00,13/45,26.37%,DVL3;TRIM38;PICALM;WDPCP;TRIM5;KDM1A;STX6;TRIM25;TRIM22;RABGAP1L;TRIM21;RAB9A;REEP5
prerank,Cholesterol Homeostasis (GO:0042632),0.22603559241250373,0.6611381731795526,9.160494e-01,9.853432e-01,1.000000e+00,5/29,16.26%,EHD1;CNBP;CES1;ABCA2;SIRT1
prerank,G1/S Transition Of Mitotic Cell Cycle (GO:0000082),0.2088054604672208,0.6571050555964211,9.387991e-01,9.877033e-01,1.000000e+00,18/44,36.76%,CDK4;CCND2;ZNF324;CDKN1B;USP37;CCND3;CUL1;BRD4;LATS2;CDK16;KHDRBS1;CUL3;CDC34;CDK2;GPR132;CACUL1;CUL2;CUL4A
prerank,L-alpha-amino Acid Transmembrane Transport (GO:1902475),0.23592676154520573,0.6544741767997649,9.206549e-01,9.889076e-01,1.000000e+00,3/21,12.92%,SLC1A7;PRAF2;SLC38A9
prerank,Phospholipid Translocation (GO:0045332),0.23642742057922844,0.6542413650143235,9.218750e-01,9.882756e-01,1.000000e+00,7/20,28.34%,ATP10D;ABCA7;ATP10A;PLSCR3;SLC66A2;PLSCR1;ANO6
prerank,Regulation Of Transferase Activity (GO:0051338),-0.20010023581262876,-0.6541463439592874,9.407115e-01,9.752581e-01,1.000000e+00,4/17,16.94%,SPTSSB;SPINDOC;FEM1A;FEM1B
prerank,Mitochondrial Cytochrome C Oxidase Assembly (GO:0033617),0.23594830975543626,0.6536107889744638,9.084967e-01,9.879397e-01,1.000000e+00,2/22,5.08%,SMIM20;TMEM223
prerank,Enzyme-Linked Receptor Protein Signaling Pathway (GO:0007167),0.2053804867269216,0.6522341776146516,9.425837e-01,9.881699e-01,1.000000e+00,5/40,15.48%,PDGFRB;BMPR2;ERBB2;MTSS1;UXT
prerank,Positive Regulation Of Protein Localization To Nucleus (GO:1900182),0.19570745105614512,0.6520493569860226,9.595960e-01,9.874938e-01,1.000000e+00,9/55,14.91%,PSEN1;PARP9;PPP3CB;FLNA;IFNG;CCT7;CCT3;MAVS;SESN2
prerank,Regulation Of Nervous System Development (GO:0051960),0.23298223304489793,0.6507828047264804,9.402036e-01,9.876362e-01,1.000000e+00,6/23,27.06%,ASCL2;HLTF;NSUN5;TNFRSF1B;NPHP3;CX3CR1
prerank,JNK Cascade (GO:0007254),0.23305570432951972,0.649049443017619,9.217172e-01,9.881565e-01,1.000000e+00,11/22,38.87%,MAPK9;MAP2K4;MAP4K2;MAP2K7;MAP3K13;MAP3K11;DAXX;GPS2;MAPK8;MAP3K7;PTGER4
prerank,Sodium Ion Transmembrane Transport (GO:0035725),0.2577403360033043,0.6473511946012535,9.211564e-01,9.886207e-01,1.000000e+00,1/15,0.68%,ATP1A3
prerank,Notch Signaling Pathway (GO:0007219),0.24645495535952938,0.64647342084355,9.168831e-01,9.884432e-01,1.000000e+00,1/18,0.65%,MAML1
prerank,Response To Unfolded Protein (GO:0006986),0.2140682479984599,0.6415518759033526,9.348093e-01,9.911139e-01,1.000000e+00,6/34,17.24%,TMBIM6;TM7SF3;HSPA8;PTPN1;HSPA1A;HSPA4
prerank,Positive Regulation Of Antigen Receptor-Mediated Signaling Pathway (GO:0050857),0.24205225865440116,0.6404615740984688,9.205729e-01,9.910621e-01,1.000000e+00,6/16,30.52%,UXT;RAB29;CD226;PRKD2;PRKCH;PRKCB
prerank,Epithelial To Mesenchymal Transition (GO:0001837),0.21991853153156618,0.6394918496527756,9.231738e-01,9.909222e-01,1.000000e+00,5/26,19.62%,DDX17;SMAD4;HIF1A;ROCK1;GSK3B
prerank,Regulation Of Phagocytosis (GO:0050764),-0.17185423413520912,-0.6354186398595468,9.745223e-01,9.827251e-01,1.000000e+00,9/32,19.16%,IL2RB;IL2RG;LETMD1;CALR;IL15RA;PTPRC;FCER1G;RACK1;LYAR
prerank,Histone mRNA Metabolic Process (GO:0008334),0.2301075201558469,0.6336487177521537,9.337500e-01,9.938231e-01,1.000000e+00,4/21,16.21%,CPSF3;NCBP2;LSM10;TUT7
prerank,Mitochondrial Translation (GO:0032543),0.17768416729124703,0.6336130868054048,9.849138e-01,9.930526e-01,1.000000e+00,44/97,41.28%,RARS2;MRPL49;MRPL40;MRPL30;MRPS6;MRPL36;GFM1;HARS1;MRPL4;MRPL38;MRPS25;MRPL27;MRPS16;CHCHD1;MRPL57;IARS2;MRPL20;MRPL19;MRPL17;MRPL37;MRPL51;MRPL34;MRPS18A;MRPS22;MRPS7;MRPL45;MRPS34;MRPL23;MTIF2;MRPS33;MRPS10;MRPS18B;MRPS24;MTRF1;GATC;MRPS18C;MRPL24;MRPL35;MTG1;QRSL1;MRPL13;MRPL46;DROSHA;MRPS23
prerank,'De Novo' Post-Translational Protein Folding (GO:0051084),-0.1700125949798364,-0.6318345848281942,9.690722e-01,9.816059e-01,1.000000e+00,2/26,3.22%,HSPE1;GAK
prerank,Autophagy Of Mitochondrion (GO:0000422),0.20015499362890554,0.6295610092695266,9.501779e-01,9.947862e-01,1.000000e+00,3/40,3.24%,SPATA33;ATG9A;BNIP3
prerank,Mitotic Cell Cycle Phase Transition (GO:0044772),0.18432788546383208,0.6294526355540795,9.670330e-01,9.940514e-01,1.000000e+00,23/71,36.76%,PPME1;CDK4;CCND2;ENSA;ZNF324;CDKN1B;CTDP1;USP37;CCND3;CUL1;LATS2;KHDRBS1;CCNY;ANAPC1;CUL3;CDC34;ANAPC2;CDK2;CDC23;GPR132;CACUL1;CUL2;CUL4A
prerank,Gene Expression (GO:0010467),0.16712199353979987,0.6289448206448185,9.989806e-01,9.935692e-01,1.000000e+00,77/191,38.75%,HNRNPD;GZMB;ZNF830;DIS3L;DDX17;COPS5;SMG5;MBTPS1;TSPAN14;CASC3;RBMS1;THOC6;RBM4;NCBP2;SMG6;NUP88;MRPS6;MRPL36;GLE1;NXF1;HARS1;THOC1;SETX;NUP214;CASP1;HARS2;RAE1;MRPL27;MRRF;TNIP1;THOC5;THOC2;MCM3AP;MRPS16;GALNT2;HNRNPF;SARS1;SMG1;MRPL37;MRPL51;XRN2;MRPL34;GOLPH3;NOL9;LMF1;TASP1;MRPS18A;DARS1;PRPF4;EXOSC6;EXOSC8;HNRNPA2B1;MRPS7;RRBP1;MRPL23;NUP160;DKC1;ATXN1;MRPS33;MRPS18B;EIF4EBP2;EXOSC1;CHTOP;NUFIP1;EXOSC9;HNRNPH3;DHX8;DHPS;CASP7;XPO1;AGFG1;MRPS18C;MRPL24;RBM6;UPF1;MRPL35;SORL1
prerank,GPI Anchor Biosynthetic Process (GO:0006506),0.21882625540361106,0.6288331716398607,9.468354e-01,9.928396e-01,1.000000e+00,8/25,36.98%,MPPE1;PIGV;SLC30A5;PIGN;DPM2;PIGB;PIGQ;PIGC
prerank,Inorganic Cation Import Across Plasma Membrane (GO:0098659),0.2313830681540858,0.6286608532908744,9.349805e-01,9.921681e-01,1.000000e+00,7/20,33.99%,ATP1A3;SLC12A2;ATP2B4;SLC12A6;ATP1B3;TRPV2;SLC9A6
prerank,Cell Chemotaxis (GO:0060326),0.24458151917933418,0.6285923349775991,9.282869e-01,9.914206e-01,1.000000e+00,1/15,1.40%,PDGFRB
prerank,Regulation Of Cell Motility (GO:2000145),0.1893279510939307,0.6269452575891298,9.721604e-01,9.916658e-01,1.000000e+00,13/60,23.61%,CRK;FLNA;PLEKHG3;ARHGAP18;ROCK1;PLXND1;TTBK2;RHOA;KIF2A;RCC2;SPOCK2;RIGI;RAF1
prerank,Inorganic Anion Transport (GO:0015698),-0.1829906921224499,-0.6206035107698864,9.504132e-01,9.837950e-01,1.000000e+00,4/18,14.01%,CLIC3;SLC4A10;CLCN6;BEST1
prerank,Positive Regulation Of Protein Kinase Activity (GO:0045860),0.1775514914623008,0.618463322944186,9.755319e-01,9.957812e-01,1.000000e+00,24/81,32.74%,AGAP2;TRAF6;STRADA;TELO2;IFNG;PTPN1;PIH1D1;STK11;ETAA1;RPTOR;RHOA;ADRB2;CAB39;ALS2;LCP2;XRCC5;ORC3;PRKAG2;XRCC6;CCL5;DAXX;TAOK2;PTK2B;IQGAP1
prerank,Peptidyl-Tyrosine Phosphorylation (GO:0018108),0.20739474186718865,0.6165667268714402,9.579327e-01,9.960345e-01,1.000000e+00,3/30,7.34%,PDGFRB;CLK2;ERBB2
prerank,Regulation Of Nitric Oxide Biosynthetic Process (GO:0045428),0.22039907558159344,0.616159192634095,9.508197e-01,9.954781e-01,1.000000e+00,6/22,28.16%,KLF2;IFNG;TNF;KHSRP;CX3CR1;ATP2B4
prerank,Negative Regulation Of Intrinsic Apoptotic Signaling Pathway In Response To DNA Damage (GO:1902230),0.23096355173389144,0.6139186847659298,9.346405e-01,9.959146e-01,1.000000e+00,4/18,16.26%,BCL2L1;TAF9;KDM1A;SIRT1
prerank,Positive Regulation Of Mitotic Cell Cycle (GO:0045931),0.23860951060687158,0.6135932968084555,9.327957e-01,9.952824e-01,1.000000e+00,4/15,34.91%,PPP1R10;KLHL18;CUL3;HSF1
prerank,Regulation Of Cell-Substrate Junction Assembly (GO:0090109),0.230894750278218,0.6114301652288743,9.442177e-01,9.956559e-01,1.000000e+00,3/16,21.42%,ROCK1;RHOA;PTPRA
prerank,Liver Development (GO:0001889),-0.1938399462135541,-0.6088738103464805,9.504132e-01,9.858586e-01,1.000000e+00,2/16,5.03%,ARID5B;LSR
prerank,Regulation Of Protein Targeting To Membrane (GO:0090313),0.21828024659813544,0.6077254484190268,9.482121e-01,9.967680e-01,1.000000e+00,5/20,29.10%,ERBB2;C2CD5;MFF;CHP1;ITGB2
prerank,Membrane Fusion (GO:0061025),0.2209982476627674,0.6066290763536668,9.437500e-01,9.965148e-01,1.000000e+00,4/21,19.12%,VTI1B;UBXN2B;VAMP2;NSFL1C
prerank,Establishment Of Mitotic Spindle Orientation (GO:0000132),0.22481027484134863,0.6062318823800297,9.564103e-01,9.959286e-01,1.000000e+00,12/19,43.69%,NDE1;ITGB1;UBXN2B;NSFL1C;KAT5;DCTN1;PAFAH1B1;ZW10;CDK5RAP2;NDC80;SPDL1;HDAC3
prerank,Positive Regulation Of Developmental Growth (GO:0048639),0.23851846931358467,0.6061134429129706,9.368557e-01,9.951987e-01,1.000000e+00,6/15,33.08%,ITSN2;GOLGA4;MAP3K13;RUFY3;SEMA4D;SEMA7A
prerank,Vesicle Transport Along Microtubule (GO:0047496),0.2291151689867065,0.604622879263984,9.557641e-01,9.951416e-01,1.000000e+00,3/17,12.56%,KIF3A;KIF3B;NDE1
prerank,Negative Regulation Of Cold-Induced Thermogenesis (GO:0120163),0.20523079492627466,0.6043945489762728,9.564165e-01,9.944735e-01,1.000000e+00,7/28,22.09%,LNPEP;NRDC;STK11;ACOT13;MAP2K6;IP6K1;TLE3
prerank,Nucleobase-Containing Compound Catabolic Process (GO:0034655),0.19429052948070466,0.6024289655816234,9.642005e-01,9.946553e-01,1.000000e+00,16/36,39.37%,PPP1R8;HNRNPD;DIS3L;RNASEH1;RNASEH2B;PNPT1;XRN2;REXO4;EXOSC6;EXOSC8;ENTPD4;DFFB;EXOSC1;EXOSC9;MUS81;DNASE1
prerank,Regulation Of Cytokinesis (GO:0032465),0.1874810391407395,0.6017941363894087,9.780854e-01,9.941735e-01,1.000000e+00,5/48,7.99%,UVRAG;ZFYVE19;PIK3C3;BCL2L1;FSD1
prerank,Negative Regulation Of Metabolic Process (GO:0009892),0.19837175330102313,0.5997104166298964,9.704841e-01,9.943790e-01,1.000000e+00,9/31,28.61%,LNPEP;NRDC;STK11;ACOT13;MAP2K6;IP6K1;TLE3;ADAM17;ZDHHC7
prerank,Regulation Of Focal Adhesion Assembly (GO:0051893),0.19237625649239237,0.5962888889350105,9.735577e-01,9.952199e-01,1.000000e+00,9/35,28.46%,ROCK1;THBS1;RHOA;RCC2;PTPRA;DUSP22;BCAS3;ACTG1;PTPRJ
prerank,Establishment Of Vesicle Localization (GO:0051650),0.22721493191495284,0.594124381716411,9.512516e-01,9.953600e-01,1.000000e+00,7/16,36.64%,COPS5;SPG11;RAB11A;SYT11;TMEM230;SNAPIN;RAB27A
prerank,Negative Regulation Of Cytoskeleton Organization (GO:0051494),0.22586272402344354,0.5933998328332646,9.546044e-01,9.948917e-01,1.000000e+00,10/17,45.96%,SMAD4;PIK3CA;FKBP4;LIMA1;SSH3;PRKCD;SSH1;CYRIB;KANK3;CLASP1
prerank,Cellular Response To Molecule Of Bacterial Origin (GO:0071219),0.17612649978411152,0.5918573372358711,9.839056e-01,9.947814e-01,1.000000e+00,11/65,19.50%,LILRB1;TRAF6;MAPK14;PEX2;NFKBIL1;UXT;TNFRSF1B;TNIP2;CASP1;TNIP1;RHOA
prerank,TOR Signaling (GO:0031929),0.20540374372444115,0.5894485913206894,9.522059e-01,9.950356e-01,1.000000e+00,8/25,35.16%,NPRL3;PINK1;FNIP1;RPTOR;MTOR;LAMTOR2;EIF4EBP2;RHEBL1
prerank,Negative Regulation Of Signal Transduction By P53 Class Mediator (GO:1901797),-0.18754259748355098,-0.5882825714184288,9.760956e-01,9.895941e-01,1.000000e+00,6/15,21.33%,CD44;DYRK1A;MARCHF7;CD74;SNAI1;HAPSTR1
prerank,Positive Regulation Of Cell Cycle Process (GO:0090068),0.17508342350723316,0.5870691219067841,9.869565e-01,9.952350e-01,1.000000e+00,19/66,32.42%,PDGFRB;CEP120;USP19;INO80;UBXN2B;NCAPD3;NCAPH2;NSFL1C;RHOA;SMC5;PCID2;DYNC1H1;PLSCR1;CUL3;SMC2;FEN1;NCAPG2;RRM1;RAD18
prerank,Negative Regulation Of Intracellular Protein Transport (GO:0090317),0.22044294025873923,0.58454311043184,9.590793e-01,9.954731e-01,1.000000e+00,3/17,15.68%,RANGAP1;SIRT6;SP100
prerank,Nuclear Envelope Organization (GO:0006998),0.2227735143185408,0.5835121343099869,9.529412e-01,9.951225e-01,1.000000e+00,6/17,34.73%,REEP3;DMPK;REEP4;LMNB2;VPS4A;TMEM170A
prerank,Regulation Of Pathway-Restricted SMAD Protein Phosphorylation (GO:0060393),0.22079801329169613,0.581092733360635,9.622396e-01,9.952414e-01,1.000000e+00,5/17,25.52%,BMPR2;SMAD4;BMPR1A;TGFBR1;GDF11
prerank,Negative Regulation Of Translation (GO:0017148),0.1668187466366976,0.5801710564250788,9.956989e-01,9.947882e-01,1.000000e+00,16/85,22.40%,GZMB;CSNK2A1;CPEB4;TIA1;RBM4;TOB1;PATL2;EIF4ENIF1;ROCK1;METTL16;AGO4;YTHDF1;DHX36;DHFR;IFRD2;EIF2AK3
prerank,Positive Regulation Of Cell-Matrix Adhesion (GO:0001954),-0.16301004433813862,-0.578237643439033,1.000000e+00,9.893095e-01,1.000000e+00,10/22,26.78%,CD3E;S100A10;LIMS1;GFUS;TSC1;RRAS;PPM1F;ENC1;UTRN;EFEMP2
prerank,Peptidyl-Tyrosine Dephosphorylation (GO:0035335),0.2216639599428155,0.5776937682960424,9.580052e-01,9.949035e-01,1.000000e+00,6/16,28.46%,PTPN1;PTPN18;DUSP18;DUSP22;DUSP5;PTPRJ
prerank,Establishment Of Mitotic Spindle Localization (GO:0040001),0.2035753496287209,0.5754754098234444,9.763682e-01,9.949367e-01,1.000000e+00,15/23,47.00%,NDE1;ITGB1;UBXN2B;NSFL1C;KPNB1;KAT5;DCTN1;PAFAH1B1;ZW10;CDK5RAP2;NDC80;SPDL1;HDAC3;CLASP1;NUMA1
prerank,Regulation Of Cytokine-Mediated Signaling Pathway (GO:0001959),0.18760191558998937,0.5640364412288326,9.847239e-01,9.980019e-01,1.000000e+00,7/33,24.90%,SIGIRR;PTPN1;TBK1;IKBKB;SHARPIN;SPPL2B;OTULIN
prerank,Nucleotide Biosynthetic Process (GO:0009165),0.21290976003681195,0.5576116773418995,9.673203e-01,9.992219e-01,1.000000e+00,5/15,31.87%,PRPSAP1;MTHFD1;SLC4A7;PRPSAP2;RRM1
prerank,Presynaptic Endocytosis (GO:0140238),0.21480615201235442,0.5544820580991695,9.661017e-01,9.993261e-01,1.000000e+00,6/16,29.29%,VAMP2;FCHO2;SYNJ2;OPHN1;AP2S1;PIP5K1C
prerank,Mitophagy (GO:0000423),0.21367110469137424,0.5443568889600436,9.843342e-01,1.000000e+00,1.000000e+00,6/15,33.23%,SPATA33;PINK1;ATG4D;PHB2;TAFAZZIN;ATG13
prerank,Regulation Of Ruffle Assembly (GO:1900027),0.21131313997695217,0.5366767945838206,9.803922e-01,1.000000e+00,1.000000e+00,4/15,24.61%,FAM98A;UXT;DEF8;RDX
prerank,Mitochondrial RNA Metabolic Process (GO:0000959),0.19470008679096246,0.5359185863020769,9.743261e-01,1.000000e+00,1.000000e+00,5/19,26.54%,TBRG4;MTERF1;MTERF2;PNPT1;TFAM
prerank,Negative Regulation Of Protein Ubiquitination (GO:0031397),0.16929700939983244,0.5337224756866114,9.941107e-01,1.000000e+00,1.000000e+00,5/42,14.99%,IVNS1ABP;SIRT7;GNL3L;ARRB1;HSPA1A
prerank,Negative Regulation Of Protein Kinase B Signaling (GO:0051898),0.1863528252860646,0.523919536311749,9.855453e-01,1.000000e+00,1.000000e+00,8/23,37.55%,MUL1;TSC2;SIRT1;PTPRJ;PPARA;OTUD3;PPP2R1A;SH2B3
prerank,Negative Regulation Of Epithelial Cell Apoptotic Process (GO:1904036),0.20626777776618133,0.5223520293188749,9.777487e-01,1.000000e+00,1.000000e+00,3/15,16.35%,CAST;MEN1;TNIP2
prerank,Lysosomal Lumen Acidification (GO:0007042),0.1988171606809962,0.5221945099132198,9.837297e-01,1.000000e+00,1.000000e+00,3/17,17.01%,ATP6V1A;ATP6V1D;TMEM9
prerank,Cellular Response To Calcium Ion (GO:0071277),0.17403524035013004,0.5109634937887773,9.951100e-01,1.000000e+00,1.000000e+00,10/29,36.84%,SLC25A24;SMPD1;RASGRP2;MEF2A;BRAF;SYT11;AKR1C3;IQGAP1;ALOX5AP;ITPKB
prerank,Blood Vessel Morphogenesis (GO:0048514),-0.1586228910021868,-0.5062378088398526,9.957447e-01,9.971436e-01,1.000000e+00,1/17,2.57%,RBPJ
prerank,Regulation Of Actin Nucleation (GO:0051125),0.19276039751870958,0.5054876376875904,9.856397e-01,1.000000e+00,1.000000e+00,3/17,19.96%,WASHC5;ARFIP1;PICK1
prerank,Negative Regulation Of Double-Strand Break Repair Via Homologous Recombination (GO:2000042),0.18927433994239204,0.49991712351553913,9.897436e-01,1.000000e+00,1.000000e+00,9/18,46.70%,TRAPPC13;MAGEF1;KAT5;KLHL15;UBQLN4;SHLD2;RADX;FANCB;FBH1
prerank,Innate Immune Response Activating Cell Surface Receptor Signaling Pathway (GO:0002220),0.18595329304701466,0.4935552085307451,9.829843e-01,1.000000e+00,1.000000e+00,8/17,43.01%,TRAF6;IKBKB;KLRC3;KLRD1;MAP3K7;FCN1;KLRC4;FYN
prerank,DNA Modification (GO:0006304),0.1872993057065993,0.49341648177097086,9.908973e-01,1.000000e+00,1.000000e+00,6/16,32.70%,MBD4;MPG;SMUG1;TDG;EXOSC6;MUTYH
prerank,Purine Nucleotide Metabolic Process (GO:0006163),0.17311619273627188,0.4932004711223036,9.877150e-01,1.000000e+00,1.000000e+00,7/25,34.27%,MDH1;PRPSAP1;MTHFD1;SLC4A7;NMRK1;PRPSAP2;GUK1
prerank,Fc Receptor Mediated Stimulatory Signaling Pathway (GO:0002431),0.188986677508324,0.4902331911331237,9.922380e-01,1.000000e+00,1.000000e+00,9/16,48.33%,MYO1G;FCGR2B;PRKCD;LIMK1;FYN;FGR;PRKCE;YES1;SYK
prerank,Stimulatory C-type Lectin Receptor Signaling Pathway (GO:0002223),0.18584431564718337,0.4830799944897655,9.907285e-01,9.995605e-01,1.000000e+00,1/16,2.70%,TRAF6
prerank,Cellular Response To Lectin (GO:1990858),0.18584431564718337,0.4830799944897655,9.907285e-01,9.995605e-01,1.000000e+00,1/16,2.70%,TRAF6
prerank,Regulation Of Exocytosis (GO:0017157),0.16040948287676252,0.46108560050419056,9.951160e-01,1.000000e+00,1.000000e+00,6/28,25.20%,CHMP3;VAMP2;CHMP6;UNC13D;ANXA2;RAB9A
prerank,Response To Nutrient Levels (GO:0031667),0.17140365717351358,0.460302329650898,9.935317e-01,9.997900e-01,1.000000e+00,5/19,32.50%,PRKAB2;RPTOR;MTOR;PRKAG2;OTUD3
prerank,Positive Regulation Of Neuron Apoptotic Process (GO:0043525),0.17640457385150396,0.4554671532869239,9.973924e-01,9.993006e-01,1.000000e+00,9/15,51.77%,NF1;TNF;BAX;CTNNB1;PRNP;CCL3;MCL1;DDIT3;SRPK2
prerank,protein-DNA Complex Disassembly (GO:0032986),0.15931399047667608,0.41363042539521877,1.000000e+00,1.000000e+00,1.000000e+00,7/15,42.36%,SMARCC2;ARID2;SMARCA4;H2AC25;SSRP1;SMARCE1;GRWD1
prerank,Myelination (GO:0042552),0.13955885997107662,0.3764841223321756,9.987147e-01,9.998175e-01,1.000000e+00,1/18,7.08%,NF1
