Name,Term,ES,NES,NOM p-val,FDR q-val,FWER p-val,Tag %,Gene %,Lead_genes
prerank,Reactome_2022__RMTs Methylate Histone Arginines R-HSA-3214858,-0.718122374274879,-2.0267985017970718,1.449275e-02,5.826189e-01,1.870000e-01,5/9,11.54%,RBBP7;H2AX;H2AZ1;SMARCE1;SMARCA2
prerank,Reactome_2022__RUNX1 Interacts With Co-Factors Whose Precise Effect On RUNX1 Targets Is Not Known R-HSA-8939243,-0.7808490193793757,-1.9256385161065033,4.048583e-03,7.257710e-01,3.780000e-01,4/6,11.54%,CSNK2B;CBX4;SMARCE1;SMARCA2
prerank,Reactome_2022__ERCC6 (CSB) And EHMT2 (G9a) Positively Regulate rRNA Expression R-HSA-427389,-0.6618708420229096,-1.9160333639133935,4.366812e-03,5.212204e-01,4.030000e-01,4/9,6.94%,CHD4;RBBP7;H2AX;H2AZ1
prerank,Reactome_2022__Amino Acids Regulate mTORC1 R-HSA-9639288,-0.7316484453573493,-1.8880766704017844,7.662835e-03,5.000312e-01,4.710000e-01,4/7,9.03%,LAMTOR5;ATP6V0C;LAMTOR1;TCIRG1
prerank,Reactome_2022__EPHB-mediated Forward Signaling R-HSA-3928662,-0.5554786104049187,-1.8195195007407723,1.000000e-03,6.631044e-01,6.270000e-01,9/13,16.19%,ARPC3;CDC42;PKN1;ACTG1;ARPC1B;ROCK1;ARPC2;LYN;RHOA
prerank,Reactome_2022__Transcriptional Regulation By Small RNAs R-HSA-5578749,-0.5346691290328988,-1.7896003725876233,1.388889e-02,6.853948e-01,7.020000e-01,9/15,20.73%,POLR2J;POLR2K;H2AX;H2AZ1;RAN;POLR2G;POLR2E;H2AZ2;H3-3B
prerank,Reactome_2022__RNA Polymerase I Promoter Clearance R-HSA-73854,-0.4940075042475628,-1.7895409618953446,1.212121e-02,5.145466e-01,7.020000e-01,5/16,6.94%,CHD4;POLR2K;RBBP7;H2AX;H2AZ1
prerank,Reactome_2022__RNA Polymerase I Transcription R-HSA-73864,-0.4940075042475628,-1.7895409618953446,1.212121e-02,5.145466e-01,7.020000e-01,5/16,6.94%,CHD4;POLR2K;RBBP7;H2AX;H2AZ1
prerank,Reactome_2022__Sphingolipid Metabolism R-HSA-428157,-0.7813551395247846,-1.7784250964086963,1.369863e-02,4.902986e-01,7.180000e-01,3/5,5.93%,ESYT2;SPTSSB;GLTP
prerank,Reactome_2022__Activation Of HOX Genes During Differentiation R-HSA-5619507,-0.48897071130595066,-1.7389596017152584,1.438849e-02,5.682036e-01,7.850000e-01,6/18,6.94%,CREBBP;POLR2J;POLR2K;RBBP7;H2AX;H2AZ1
prerank,Reactome_2022__EPH-Ephrin Signaling R-HSA-2682334,-0.43328389536985484,-1.655838548897905,2.173913e-02,8.307006e-01,9.050000e-01,12/20,16.19%,ARPC3;CDC42;PKN1;AP2M1;ACTG1;ARPC1B;ROCK1;MYL6;VAV3;ARPC2;LYN;RHOA
prerank,Reactome_2022__CDC42 GTPase Cycle R-HSA-9013148,0.5320336072785079,1.6111285116361913,4.400440e-03,1.000000e+00,9.070000e-01,15/34,20.35%,CDC42SE2;TAGAP;ARHGAP45;KTN1;FNBP1;LBR;STOM;DEF6;ARHGAP30;IQGAP2;FMNL1;WIPF1;ARFGAP3;GNA13;DOCK10
prerank,Reactome_2022__Diseases Of Mitotic Cell Cycle R-HSA-9675126,0.7141449689681858,1.604928488931264,1.562500e-02,1.000000e+00,9.180000e-01,5/9,16.77%,ATRX;CDKN1B;CCND2;CCND3;ANAPC16
prerank,Reactome_2022__Unattached Kinetochores Signal Amplification Via A MAD2 Inhibitory Signal R-HSA-141444,0.6393033204339634,1.5923345774122257,7.281553e-03,1.000000e+00,9.440000e-01,6/13,9.56%,KIF2A;DYNC1H1;PPP2R1A;BUB3;PPP1CC;PPP2R5C
prerank,Reactome_2022__Resolution Of Sister Chromatid Cohesion R-HSA-2500257,0.6189446817714084,1.5921526303555034,1.199041e-02,1.000000e+00,9.440000e-01,6/15,9.56%,KIF2A;DYNC1H1;PPP2R1A;BUB3;PPP1CC;PPP2R5C
prerank,Reactome_2022__Translocation Of SLC2A4 (GLUT4) To Plasma Membrane R-HSA-1445148,0.6764544939825198,1.5866816074912948,1.293661e-02,1.000000e+00,9.590000e-01,6/10,17.57%,RAB14;VAMP2;LNPEP;MYH9;YWHAZ;KIFAP3
prerank,Reactome_2022__MicroRNA (miRNA) Biogenesis R-HSA-203927,-0.5885064717145118,-1.5780100571244156,6.334842e-02,1.000000e+00,9.670000e-01,5/8,17.68%,POLR2J;POLR2K;RAN;POLR2G;POLR2E
prerank,Reactome_2022__Regulation Of PTEN Gene Transcription R-HSA-8943724,-0.46483587333740406,-1.5741473973487725,3.296703e-02,1.000000e+00,9.680000e-01,6/13,8.81%,CHD4;LAMTOR5;RBBP7;CBX4;LAMTOR1;MAF1
prerank,Reactome_2022__mRNA Splicing - Minor Pathway R-HSA-72165,-0.37075484640814216,-1.5529798332570164,9.615385e-03,1.000000e+00,9.720000e-01,6/25,5.56%,SNRPF;POLR2J;POLR2K;SF3B5;SNRPE;SF3B6
prerank,Reactome_2022__Mitotic Prometaphase R-HSA-68877,0.5175608600153402,1.546980498434565,1.117318e-02,1.000000e+00,9.870000e-01,10/31,9.56%,KIF2A;TUBA1A;DYNC1H1;SSNA1;PPP2R1A;AKAP9;BUB3;CEP78;PPP1CC;PPP2R5C
prerank,Reactome_2022__Intrinsic Pathway For Apoptosis R-HSA-109606,0.6123581833957903,1.5448858611844416,2.073171e-02,1.000000e+00,9.880000e-01,6/14,17.52%,CYCS;PPP3CC;MAPK1;GZMB;YWHAZ;CASP8
prerank,Reactome_2022__CTLA4 Inhibitory Signaling R-HSA-389513,0.759520905151505,1.5442262041182169,1.608579e-02,1.000000e+00,9.900000e-01,4/6,14.16%,FYN;PPP2R1A;PPP2R5C;LCK
prerank,Reactome_2022__Complex I Biogenesis R-HSA-6799198,-0.3666941738059454,-1.5372172578858674,3.000000e-02,1.000000e+00,9.770000e-01,9/22,23.02%,NDUFA6;NDUFS8;NDUFS6;NDUFB8;NDUFB11;NDUFA13;NDUFB9;NDUFS5;NDUFA12
prerank,Reactome_2022__Mitotic Spindle Checkpoint R-HSA-69618,0.5824185409826367,1.5295892291382491,1.882353e-02,1.000000e+00,9.950000e-01,8/17,20.14%,KIF2A;DYNC1H1;PPP2R1A;BUB3;PPP1CC;PPP2R5C;ANAPC16;NUDC
prerank,Reactome_2022__Loss Of Nlp From Mitotic Centrosomes R-HSA-380259,0.5732453857552593,1.528191229631752,2.130326e-02,9.093144e-01,9.950000e-01,6/17,8.92%,TUBA1A;DYNC1H1;SSNA1;PPP2R1A;AKAP9;CEP78
prerank,Reactome_2022__AURKA Activation By TPX2 R-HSA-8854518,0.5732453857552593,1.528191229631752,2.130326e-02,9.093144e-01,9.950000e-01,6/17,8.92%,TUBA1A;DYNC1H1;SSNA1;PPP2R1A;AKAP9;CEP78
prerank,Reactome_2022__Diseases Associated With TLR Signaling Cascade R-HSA-5602358,-0.6521754445400587,-1.525704976029129,6.859206e-02,1.000000e+00,9.830000e-01,2/5,4.86%,NFKBIA;HMGB1
prerank,Reactome_2022__TRAF6 Mediated NF-kB Activation R-HSA-933542,-0.553435997206152,-1.5254035671426849,5.263158e-02,1.000000e+00,9.830000e-01,2/7,4.86%,NFKBIA;HMGB1
prerank,Reactome_2022__Recruitment Of NuMA To Mitotic Centrosomes R-HSA-380320,0.5530982310179171,1.5245448977681957,2.870813e-02,8.667497e-01,9.950000e-01,6/19,8.92%,TUBA1A;DYNC1H1;SSNA1;PPP2R1A;AKAP9;CEP78
prerank,Reactome_2022__Transcriptional Regulation By MECP2 R-HSA-8986944,0.6453664172906307,1.5127910084660363,3.156566e-02,9.070455e-01,9.970000e-01,7/10,29.81%,PTPN4;TNRC6B;SLC2A3;LBR;PTPN1;GPS2;CALM1
prerank,custom_senescence_signatures.gmt__REACTOME_SASP,0.7820032137118371,1.5127770940543952,1.955307e-02,7.428303e-02,7.500000e-02,5/5,22.01%,H1-4;H1-3;CABIN1;UBN1;H1-2
prerank,Reactome_2022__Formation Of Senescence-Associated Heterochromatin Foci (SAHF) R-HSA-2559584,0.7820032137118371,1.5127770940543952,1.955307e-02,8.422565e-01,9.970000e-01,5/5,22.01%,H1-4;H1-3;CABIN1;UBN1;H1-2
prerank,Reactome_2022__Anchoring Of Basal Body To Plasma Membrane R-HSA-5620912,0.5513244148067402,1.5116171154696758,2.673147e-02,7.957771e-01,9.970000e-01,6/19,8.92%,TUBA1A;DYNC1H1;SSNA1;PPP2R1A;AKAP9;CEP78
prerank,Reactome_2022__SUMOylation Of Transcription Factors R-HSA-3232118,0.7843237585784822,1.5092604618767504,1.264045e-02,7.631018e-01,9.970000e-01,1/5,5.77%,PIAS1
prerank,Reactome_2022__EML4 And NUDC In Mitotic Spindle Formation R-HSA-9648025,0.5948907259995946,1.501062221222733,2.403846e-02,7.777166e-01,9.980000e-01,6/14,9.56%,KIF2A;DYNC1H1;PPP2R1A;BUB3;PPP1CC;PPP2R5C
prerank,Reactome_2022__DNA Damage/Telomere Stress Induced Senescence R-HSA-2559586,0.6108459807076854,1.4951410845344342,3.995157e-02,7.771457e-01,9.980000e-01,8/12,22.01%,CDKN1B;H1-4;H1-3;CABIN1;UBN1;ATM;TINF2;H1-2
prerank,Reactome_2022__Estrogen-dependent Gene Expression R-HSA-9018519,-0.34471272174303813,-1.4903508901477183,2.040816e-02,1.000000e+00,9.870000e-01,15/32,20.73%,CREBBP;POLR2J;POLR2K;GTF2A2;H2AX;H2AZ1;FOS;HSP90AA1;CCNT1;POLR2G;JUND;POLR2E;CTSD;H2AZ2;H3-3B
prerank,Reactome_2022__Amyloid Fiber Formation R-HSA-977225,-0.449412012445431,-1.488724452658063,4.848485e-02,1.000000e+00,9.870000e-01,4/13,7.53%,UBB;H2AX;H2AZ1;FURIN
prerank,Reactome_2022__Centrosome Maturation R-HSA-380287,0.5319347284080626,1.486523152701128,4.428904e-02,8.000324e-01,9.980000e-01,6/20,8.92%,TUBA1A;DYNC1H1;SSNA1;PPP2R1A;AKAP9;CEP78
prerank,Reactome_2022__RNA Polymerase I Transcription Initiation R-HSA-73762,-0.4685566389338298,-1.485697736927191,6.217617e-02,1.000000e+00,9.880000e-01,3/11,3.95%,CHD4;POLR2K;RBBP7
prerank,Reactome_2022__Aberrant Regulation Of Mitotic Cell Cycle Due To RB1 Defects R-HSA-9687139,0.6688903099096558,1.4835429000207285,4.203822e-02,7.833504e-01,9.980000e-01,4/8,16.77%,CDKN1B;CCND2;CCND3;ANAPC16
prerank,Reactome_2022__VEGFR2 Mediated Vascular Permeability R-HSA-5218920,-0.6586479338893637,-1.467126318151466,9.491525e-02,1.000000e+00,9.940000e-01,4/5,12.93%,PKN1;RICTOR;HSP90AA1;VAV3
prerank,Reactome_2022__Cytosolic Sensors Of Pathogen-Associated DNA R-HSA-1834949,-0.3766258871195924,-1.4616735253876556,4.132231e-02,1.000000e+00,9.950000e-01,4/23,3.04%,CREBBP;NFKBIA;UBB;POLR2K
prerank,Reactome_2022__Cholesterol Biosynthesis R-HSA-191273,0.7216791128880713,1.4599660049974565,4.275862e-02,9.316315e-01,9.990000e-01,3/6,9.35%,LBR;IDI1;HMGCS1
prerank,Reactome_2022__Regulation Of PLK1 Activity At G2/M Transition R-HSA-2565942,0.5065448231293581,1.4545719070016072,4.566745e-02,9.345554e-01,9.990000e-01,7/23,8.92%,TUBA1A;DYNC1H1;SSNA1;PPP2R1A;UBA52;AKAP9;CEP78
prerank,Reactome_2022__Reproduction R-HSA-1474165,0.5528348199607892,1.4534581076958069,6.100478e-02,9.030103e-01,9.990000e-01,5/16,16.83%,SYNE1;SYNE2;SUN2;ATM;TINF2
prerank,Reactome_2022__NCAM Signaling For Neurite Out-Growth R-HSA-375165,0.6593459422020784,1.4505985378131365,5.208333e-02,8.869301e-01,9.990000e-01,5/8,28.21%,FYN;SPTAN1;MAPK1;COL6A2;GRB2
prerank,Reactome_2022__Meiosis R-HSA-1500620,0.5591319936680301,1.4497263216752656,5.854241e-02,8.591897e-01,9.990000e-01,5/15,16.83%,SYNE1;SYNE2;SUN2;ATM;TINF2
prerank,Reactome_2022__Sensory Processing Of Sound By Inner Hair Cells Of Cochlea R-HSA-9662360,0.6094805107701933,1.4464204382397452,5.620915e-02,8.514013e-01,9.990000e-01,4/11,7.91%,VAMP2;RIPOR2;SPTAN1;MYH9
prerank,Reactome_2022__DARPP-32 Events R-HSA-180024,0.6431642560758906,1.4462135866710129,4.987531e-02,8.213122e-01,9.990000e-01,3/9,7.96%,PPP3CC;PPP2R1A;PPP1CA
prerank,Reactome_2022__Gene Silencing By RNA R-HSA-211000,-0.38891994819401415,-1.444663910998714,6.106870e-02,1.000000e+00,9.960000e-01,10/19,20.73%,POLR2J;POLR2K;H2AX;H2AZ1;RAN;HSP90AA1;POLR2G;POLR2E;H2AZ2;H3-3B
prerank,Reactome_2022__Oncogene Induced Senescence R-HSA-2559585,0.6337358107048738,1.4436338353934592,5.989583e-02,8.095835e-01,9.990000e-01,4/9,7.37%,ETS1;TNRC6B;UBA52;MAPK1
prerank,Reactome_2022__p75NTR Signals Via NF-kB R-HSA-193639,-0.5445783833476553,-1.4372003485823235,8.045977e-02,9.981804e-01,9.960000e-01,2/7,1.92%,NFKBIA;UBB
prerank,Reactome_2022__NF-kB Is Activated And Signals Survival R-HSA-209560,-0.5445783833476553,-1.4372003485823235,8.045977e-02,9.981804e-01,9.960000e-01,2/7,1.92%,NFKBIA;UBB
prerank,Reactome_2022__Oxidative Stress Induced Senescence R-HSA-2559580,-0.3838613465473407,-1.43083510349791,9.090909e-02,9.857395e-01,9.960000e-01,7/19,8.01%,UBB;CDKN2D;RBBP7;CBX4;H2AX;H2AZ1;FOS
prerank,Reactome_2022__Sensory Processing Of Sound R-HSA-9659379,0.5837914840992475,1.427756876139495,5.541562e-02,8.953736e-01,9.990000e-01,4/12,7.91%,VAMP2;RIPOR2;SPTAN1;MYH9
prerank,Reactome_2022__RAB GEFs Exchange GTP For GDP On RABs R-HSA-8876198,0.5296348351149504,1.427313025340648,5.424528e-02,8.690375e-01,9.990000e-01,8/18,21.79%,RAB14;DENND4C;HPS1;RAB27A;GDI2;DENND2D;RAB9A;TRAPPC1
prerank,Reactome_2022__Transcriptional Regulation By VENTX R-HSA-8853884,0.6436426434786798,1.425239478934368,5.851064e-02,8.558476e-01,9.990000e-01,3/8,18.70%,TNRC6B;ANAPC16;EHMT1
prerank,Reactome_2022__TP53 Regulates Transcription Of Cell Cycle Genes R-HSA-6791312,0.5998357466664391,1.4252334795696486,7.277290e-02,8.291755e-01,9.990000e-01,8/10,34.78%,CDKN1B;RBL2;RGCC;CNOT6L;NPM1;CNOT2;BTG2;BAX
prerank,Reactome_2022__Cilium Assembly R-HSA-5617833,0.48244654949562826,1.423006959532758,5.245154e-02,8.183475e-01,9.990000e-01,10/27,19.34%,TUBA1A;DYNC1H1;SSNA1;PPP2R1A;CCT2;AKAP9;CEP78;CCT3;KIFAP3;ARF4
prerank,Reactome_2022__Macroautophagy R-HSA-1632852,-0.3544780026054476,-1.421089570370447,3.703704e-02,9.931291e-01,9.960000e-01,11/28,13.68%,VDAC1;CSNK2B;UBB;LAMTOR5;GABARAPL2;DYNLL1;LAMTOR1;MAP1LC3B;PARK7;HSP90AA1;PRKAG1
prerank,Reactome_2022__Sensory Processing Of Sound By Outer Hair Cells Of Cochlea R-HSA-9662361,0.6153721133451469,1.4201377699033457,6.701031e-02,8.133406e-01,1.000000e+00,3/9,7.91%,RIPOR2;SPTAN1;MYH9
prerank,Reactome_2022__PIWI-interacting RNA (piRNA) Biogenesis R-HSA-5601884,-0.5144885705586865,-1.4147537589116725,9.569378e-02,9.828298e-01,9.980000e-01,5/9,17.68%,POLR2J;POLR2K;HSP90AA1;POLR2G;POLR2E
prerank,Reactome_2022__RHOA GTPase Cycle R-HSA-8980692,0.4693959799053603,1.403689669228591,5.119826e-02,9.030568e-01,1.000000e+00,9/33,11.27%,TAGAP;ARHGEF3;ARHGAP45;KTN1;LBR;STOM;DEF6;ARHGEF1;ARHGAP30
prerank,Reactome_2022__SLC-mediated Transmembrane Transport R-HSA-425407,0.5437126041904333,1.4022655183187955,7.701564e-02,8.877642e-01,1.000000e+00,9/14,29.81%,ARL2BP;SLC20A1;SLC2A3;EMB;SLC3A2;SLC39A10;SLC44A2;SLC38A1;CALM1
prerank,Reactome_2022__Carboxyterminal Post-Translational Modifications Of Tubulin R-HSA-8955332,0.7259432641798054,1.4010789915221684,5.925926e-02,8.724761e-01,1.000000e+00,2/5,3.74%,TUBA1A;AGTPBP1
prerank,Reactome_2022__Cellular Response To Starvation R-HSA-9711097,-0.43683072487002667,-1.3998490770559924,6.282723e-02,1.000000e+00,9.980000e-01,6/13,11.27%,RSL24D1;LAMTOR5;ATP6V0C;LAMTOR1;TCIRG1;ATF4
prerank,Reactome_2022__Prefoldin Mediated Transfer Of Substrate To CCT/TriC R-HSA-389957,0.5717656039547556,1.3998298879648123,6.674907e-02,8.584032e-01,1.000000e+00,4/12,10.74%,TUBA1A;PFDN5;CCT2;CCT3
prerank,Reactome_2022__KEAP1-NFE2L2 Pathway R-HSA-9755511,-0.30604857520844997,-1.394532403670457,4.109589e-02,9.963918e-01,9.980000e-01,11/37,14.48%,PSMB1;CSNK2B;CREBBP;UBB;PSMB4;MAP1LC3B;PSMA1;ATF4;PSMD7;PSMA6;PSMA3
prerank,Reactome_2022__RNA Polymerase III Chain Elongation R-HSA-73780,-0.5637727759914255,-1.391503896454564,1.129032e-01,9.765212e-01,9.980000e-01,6/6,43.86%,POLR2K;POLR2E;POLR3GL;POLR2F;POLR2L;POLR1D
prerank,Reactome_2022__Beta-catenin Phosphorylation Cascade R-HSA-196299,0.720761965927608,1.3905493505560829,6.478873e-02,8.358129e-01,1.000000e+00,3/5,16.08%,PPP2R1A;PPP2R5C;GSK3B
prerank,Reactome_2022__APC Truncation Mutants Have Impaired AXIN Binding R-HSA-5467337,0.720761965927608,1.3905493505560829,6.478873e-02,8.358129e-01,1.000000e+00,3/5,16.08%,PPP2R1A;PPP2R5C;GSK3B
prerank,Reactome_2022__Disassembly Of Destruction Complex And Recruitment Of AXIN To Membrane R-HSA-4641262,0.720761965927608,1.3905493505560829,6.478873e-02,8.358129e-01,1.000000e+00,3/5,16.08%,PPP2R1A;PPP2R5C;GSK3B
prerank,Reactome_2022__CTNNB1 S33 Mutants Not Phosphorylated R-HSA-5358747,0.720761965927608,1.3905493505560829,6.478873e-02,8.358129e-01,1.000000e+00,3/5,16.08%,PPP2R1A;PPP2R5C;GSK3B
prerank,Reactome_2022__Cooperation Of Prefoldin And TriC/CCT In Actin And Tubulin Folding R-HSA-389958,0.561524623466407,1.3883206267136732,7.134071e-02,8.308855e-01,1.000000e+00,4/13,10.74%,TUBA1A;PFDN5;CCT2;CCT3
prerank,Reactome_2022__Late Phase Of HIV Life Cycle R-HSA-162599,-0.32104222268673505,-1.3815457368752138,2.564103e-02,9.866731e-01,9.980000e-01,11/29,18.86%,POLR2J;UBB;POLR2K;GTF2A2;RAN;FURIN;RANBP1;CCNT1;POLR2G;POLR2E;TAF15
prerank,Reactome_2022__FGFR2 Mutant Receptor Activation R-HSA-1839126,-0.5465106690488635,-1.3777619469459936,9.465021e-02,9.403519e-01,9.980000e-01,4/7,17.68%,POLR2J;POLR2K;POLR2G;POLR2E
prerank,Reactome_2022__Signaling By FGFR2 IIIa TM R-HSA-8851708,-0.5465106690488635,-1.3777619469459936,9.465021e-02,9.403519e-01,9.980000e-01,4/7,17.68%,POLR2J;POLR2K;POLR2G;POLR2E
prerank,Reactome_2022__Nephrin Family Interactions R-HSA-373753,0.6791020931390392,1.3771833249421963,6.793478e-02,8.851901e-01,1.000000e+00,2/6,4.38%,FYN;SPTAN1
prerank,Reactome_2022__ALK Mutants Bind TKIs R-HSA-9700645,0.7098265054752488,1.3765125576985808,8.869814e-02,8.698694e-01,1.000000e+00,4/5,24.63%,PPM1B;BIRC6;NPM1;EML4
prerank,Reactome_2022__Intra-Golgi And Retrograde Golgi-to-ER Traffic R-HSA-6811442,0.4520430690346205,1.373948959987235,6.673961e-02,8.671510e-01,1.000000e+00,18/32,32.91%,KIF2A;CYTH1;DYNC1H1;KDELR2;GCC2;GOLGA4;NAA38;KIFAP3;ARFGAP3;ARF4;RAB9A;KDELR1;TMED9;CAPZB;TMED2;DCTN3;TGOLN2;RAB1B
prerank,Reactome_2022__Oncogenic MAPK Signaling R-HSA-6802957,0.5059140161092518,1.3720919532484224,8.421053e-02,8.601342e-01,1.000000e+00,11/18,35.26%,MAPK1;AKAP9;PPP1CC;ZC3HAV1;SND1;CSK;FXR1;CALM1;TLN1;AGK;IQGAP1
prerank,Reactome_2022__Downregulation Of TGF-beta Receptor Signaling R-HSA-2173788,0.564488663479651,1.3695668144796358,1.032338e-01,8.589180e-01,1.000000e+00,7/11,25.96%,UBA52;PPP1CA;PPP1CC;UCHL5;STUB1;SMAD7;USP15
prerank,Reactome_2022__Maturation Of Nucleoprotein R-HSA-9683610,0.6987648372454885,1.3679588536205143,9.555855e-02,8.525785e-01,1.000000e+00,2/5,16.08%,PARP10;GSK3B
prerank,Reactome_2022__TBC/RABGAPs R-HSA-8854214,-0.43088432155864254,-1.3676442411406378,1.161616e-01,9.529552e-01,9.980000e-01,3/12,8.28%,RAB5C;GABARAPL2;MAP1LC3B
prerank,Reactome_2022__Meiotic Synapsis R-HSA-1221632,0.5482657658164355,1.3666563012451747,9.447853e-02,8.434977e-01,1.000000e+00,4/13,16.83%,SYNE1;SYNE2;SUN2;TINF2
prerank,Reactome_2022__Dual Incision In TC-NER R-HSA-6782135,-0.3871431272144826,-1.364075634457847,9.493671e-02,9.400542e-01,9.980000e-01,4/15,5.02%,POLR2J;UBB;POLR2K;XPA
prerank,Reactome_2022__RNA Polymerase I Promoter Escape R-HSA-73772,-0.42330550850825666,-1.3630819973747115,1.242604e-01,9.178940e-01,9.980000e-01,6/12,20.73%,POLR2K;H2AX;H2AZ1;POLR2E;H2AZ2;H3-3B
prerank,Reactome_2022__Positive Epigenetic Regulation Of rRNA Expression R-HSA-5250913,-0.3675256305951391,-1.3625327433946326,1.176471e-01,8.956356e-01,9.980000e-01,5/19,6.94%,CHD4;POLR2K;RBBP7;H2AX;H2AZ1
prerank,Reactome_2022__Negative Regulation Of MAPK Pathway R-HSA-5675221,0.5483676280105887,1.3601701735455112,1.055901e-01,8.672391e-01,1.000000e+00,4/12,9.56%,PPP2R1A;UBA52;MAPK1;PPP2R5C
prerank,Reactome_2022__PTEN Regulation R-HSA-6807070,-0.28693314468287323,-1.3598300003157864,3.278689e-02,8.821679e-01,9.980000e-01,15/46,14.48%,PSMB1;CSNK2B;CHD4;UBB;LAMTOR5;RBBP7;CBX4;PSMB4;LAMTOR1;MAF1;MKRN1;PSMA1;PSMD7;PSMA6;PSMA3
prerank,Reactome_2022__Cyclin D Associated Events In G1 R-HSA-69231,0.5323637649581958,1.359380205218451,9.145608e-02,8.556909e-01,1.000000e+00,6/14,14.80%,CDKN1B;CCND2;PPP2R1A;UBA52;RBL2;CCND3
prerank,Reactome_2022__Eukaryotic Translation Elongation R-HSA-156842,0.6103004896320886,1.3565630198038672,9.461235e-02,8.567923e-01,1.000000e+00,4/8,6.62%,EEF1D;EEF1A1;FAU;UBA52
prerank,Reactome_2022__Mitochondrial Calcium Ion Transport R-HSA-8949215,-0.47276579832999965,-1.3561168766121077,1.097046e-01,8.742287e-01,9.990000e-01,2/9,1.55%,VDAC1;VDAC2
prerank,Reactome_2022__TGF-beta Receptor Signaling Activates SMADs R-HSA-2173789,0.5237807260340657,1.3435507630636863,1.182147e-01,9.241459e-01,1.000000e+00,8/14,25.96%,NEDD8;UBA52;PPP1CA;PPP1CC;UCHL5;STUB1;SMAD7;USP15
prerank,Reactome_2022__DAP12 Signaling R-HSA-2424491,0.5307538469367014,1.3425312647160956,1.035294e-01,9.137812e-01,1.000000e+00,7/13,28.21%,FYN;KLRK1;LCK;HLA-E;PLCG2;KLRC2;GRB2
prerank,"Reactome_2022__Formation Of Ternary Complex, And Subsequently, 43S Complex R-HSA-72695",0.5232647694336288,1.3412263960476205,1.014320e-01,9.064327e-01,1.000000e+00,10/14,35.63%,EIF3A;FAU;EIF3B;EIF3F;EIF3E;EIF3I;EIF3G;EIF3L;EIF2S3;EIF3H
prerank,Reactome_2022__Negative Regulation Of PI3K/AKT Network R-HSA-199418,0.5261616723212975,1.3399684790353505,1.124260e-01,8.825856e-01,1.000000e+00,5/14,14.16%,FYN;PPP2R1A;MAPK1;PPP2R5C;LCK
prerank,"Reactome_2022__PI5P, PP2A And IER3 Regulate PI3K/AKT Signaling R-HSA-6811558",0.5261616723212975,1.3399684790353505,1.124260e-01,8.825856e-01,1.000000e+00,5/14,14.16%,FYN;PPP2R1A;MAPK1;PPP2R5C;LCK
prerank,Reactome_2022__RAF Activation R-HSA-5673000,0.6346472876411149,1.3347791285724269,9.946237e-02,9.008590e-01,1.000000e+00,3/7,9.56%,PPP2R1A;PPP1CC;PPP2R5C
prerank,Reactome_2022__MECP2 Regulates Neuronal Receptors And Channels R-HSA-9022699,0.6863504774207365,1.3342116589177422,1.036415e-01,8.894193e-01,1.000000e+00,2/5,8.01%,PTPN4;SLC2A3
prerank,"Reactome_2022__Signaling By Rho GTPases, Miro GTPases And RHOBTB3 R-HSA-9716542",0.3800877689308355,1.3336464586681682,1.103310e-02,8.785593e-01,1.000000e+00,48/148,23.02%,CDC42SE2;KIF2A;TAGAP;CDKN1B;ARHGAP25;ARHGEF3;DYNC1H1;ARHGAP45;SPTAN1;KDM4C;PPP2R1A;KTN1;PHIP;MAPK1;ADD3;CCT2;FNBP1;MYH9;LBR;STK38;BUB3;STOM;PPP1CC;PPP2R5C;DEF6;ARHGEF1;ARHGAP30;RAP1GDS1;ITSN2;RHOH;LCK;IQGAP2;FMNL1;YWHAZ;CYFIP2;ARHGAP15;WIPF1;ARFGAP3;GNA13;ZAP70;HMOX2;NUDC;DOCK10;RAB9A;MYL12B;ABI1;CSK;CAPZB
prerank,Reactome_2022__Drug ADME R-HSA-9748784,-0.499368453119502,-1.3293037980476616,1.102041e-01,9.475432e-01,1.000000e+00,4/7,13.46%,NME2;GSTP1;VAV3;BSG
prerank,Reactome_2022__ER-Phagosome Pathway R-HSA-1236974,-0.2898339041558356,-1.3239925366997374,9.459459e-02,9.454329e-01,1.000000e+00,12/40,14.53%,PSMB1;UBB;HMGB1;PDIA3;SEC61G;PSMB4;PSMA1;PSMD7;PSMA6;TAPBP;PSMA3;VAMP8
prerank,Reactome_2022__Interleukin-1 Signaling R-HSA-9020702,-0.29297675885968255,-1.322742399424173,5.970149e-02,9.281953e-01,1.000000e+00,14/39,20.09%,PSMB1;NFKBIA;MAP3K8;UBB;HMGB1;PSMB4;PSMA1;PSMD7;PSMA6;PSMA3;PSME2;S100B;PSME1;PSMB10
prerank,Reactome_2022__Citric Acid (TCA) Cycle And Respiratory Electron Transport R-HSA-1428517,-0.2596780934983291,-1.319891827241334,4.545455e-02,9.179297e-01,1.000000e+00,22/66,18.16%,VDAC1;NDUFA6;UQCRFS1;NDUFS8;COQ10B;COX5B;UQCRC2;NDUFS6;LDHA;COX6A1;NDUFB8;ATP5PF;ATP5F1C;NDUFB11;COX8A;BSG;COX4I1;ATP5F1D;COX6C;NDUFA13;UCP2;ATP5MF
prerank,Reactome_2022__Gluconeogenesis R-HSA-70263,-0.5887721055775654,-1.3190933937191704,1.512027e-01,8.998003e-01,1.000000e+00,1/5,0.48%,ENO1
prerank,Reactome_2022__Signaling By BRAF And RAF1 Fusions R-HSA-6802952,0.48821848021192377,1.315725621553404,1.260306e-01,9.747601e-01,1.000000e+00,10/17,35.26%,MAPK1;AKAP9;ZC3HAV1;SND1;CSK;FXR1;CALM1;TLN1;AGK;IQGAP1
prerank,Reactome_2022__COPI-dependent Golgi-to-ER Retrograde Traffic R-HSA-6811434,0.5121995686912054,1.3126682242169168,1.340580e-01,9.788352e-01,1.000000e+00,8/14,27.35%,KIF2A;KDELR2;KIFAP3;ARFGAP3;ARF4;KDELR1;TMED9;TMED2
prerank,Reactome_2022__Golgi-to-ER Retrograde Transport R-HSA-8856688,0.4655299404850099,1.308630953021673,1.222857e-01,9.883886e-01,1.000000e+00,11/21,28.42%,KIF2A;DYNC1H1;KDELR2;KIFAP3;ARFGAP3;ARF4;KDELR1;TMED9;CAPZB;TMED2;DCTN3
prerank,Reactome_2022__Phosphorylation Of CD3 And TCR Zeta Chains R-HSA-202427,0.612019552209954,1.3079842096357572,1.331522e-01,9.777901e-01,1.000000e+00,4/7,22.33%,PTPRC;LCK;PTPN22;CSK
prerank,Reactome_2022__TP53 Regulates Transcription Of Additional Cell Cycle Genes With Uncertain Roles In P53 Pathway R-HSA-6804115,0.6684520621317622,1.3065433903173735,1.274788e-01,9.717079e-01,1.000000e+00,5/5,33.33%,RGCC;CNOT6L;NPM1;CNOT2;BTG2
prerank,Reactome_2022__Cellular Senescence R-HSA-2559583,0.4274976922215972,1.3055852766326932,1.070270e-01,9.631764e-01,1.000000e+00,13/39,18.70%,ETS1;CDKN1B;TNRC6B;UBA52;MAPK1;H1-4;H1-3;CABIN1;UBN1;ATM;ANAPC16;TINF2;EHMT1
prerank,Reactome_2022__Signaling By ROBO Receptors R-HSA-376176,-0.2742958557858758,-1.3033083144821414,1.724138e-02,9.340357e-01,1.000000e+00,19/47,20.09%,PSMB1;RSL24D1;UBB;CDC42;PKN1;RBM8A;PSMB4;PFN1;PSMA1;PSMD7;PSMA6;PSMA3;MAGOH;RHOA;EIF4G1;CXCR4;PSME2;PSME1;PSMB10
prerank,Reactome_2022__G-protein Beta:Gamma Signaling R-HSA-397795,-0.5084091101156211,-1.3028113409395845,1.612903e-01,9.156109e-01,1.000000e+00,5/7,16.19%,CDC42;PKN1;GNB1;GNB2;RHOA
prerank,Reactome_2022__Signaling By Rho GTPases R-HSA-194315,0.3709024291924208,1.3019292246671987,2.204409e-02,9.714576e-01,1.000000e+00,46/146,23.02%,CDC42SE2;KIF2A;TAGAP;CDKN1B;ARHGAP25;ARHGEF3;DYNC1H1;ARHGAP45;SPTAN1;KDM4C;PPP2R1A;KTN1;PHIP;MAPK1;ADD3;CCT2;FNBP1;MYH9;LBR;STK38;BUB3;STOM;PPP1CC;PPP2R5C;DEF6;ARHGEF1;ARHGAP30;ITSN2;RHOH;LCK;IQGAP2;FMNL1;YWHAZ;CYFIP2;ARHGAP15;WIPF1;ARFGAP3;GNA13;ZAP70;HMOX2;NUDC;DOCK10;MYL12B;ABI1;CSK;CAPZB
prerank,Reactome_2022__Ub-specific Processing Proteases R-HSA-5689880,-0.2716527921319297,-1.3014126263490304,5.263158e-02,9.019999e-01,1.000000e+00,14/49,15.01%,VDAC1;PSMB1;TADA3;NFKBIA;VDAC2;UBB;ADRM1;PSMB4;PSMA1;OTUB1;PSMD7;PSMA6;PSMA3;BIRC2
prerank,Reactome_2022__Assembly Of Pre-Replicative Complex R-HSA-68867,-0.2959332263907319,-1.2980301301081227,8.860759e-02,8.957270e-01,1.000000e+00,16/35,21.69%,PSMB1;UBB;H2AX;H2AZ1;PSMB4;UBE2S;PSMA1;PSMD7;PSMA6;PSMA3;PSME2;PSME1;H2AZ2;PSMB10;H3-3B;PSMD13
prerank,Reactome_2022__Estrogen-dependent Nuclear Events Downstream Of ESR-membrane Signaling R-HSA-9634638,0.6749792632951608,1.2978938319633768,1.256983e-01,9.830932e-01,1.000000e+00,3/5,15.81%,CDKN1B;MAPK1;UHMK1
prerank,Reactome_2022__Opioid Signaling R-HSA-111885,0.4993377582202183,1.29512919468874,1.244076e-01,9.860513e-01,1.000000e+00,5/16,7.96%,PPP3CC;GNG2;PPP2R1A;MAPK1;PPP1CA
prerank,Reactome_2022__Autophagy R-HSA-9612973,-0.30224074637066956,-1.2947648697283713,1.354167e-01,8.895850e-01,1.000000e+00,11/32,13.68%,VDAC1;CSNK2B;UBB;LAMTOR5;GABARAPL2;DYNLL1;LAMTOR1;MAP1LC3B;PARK7;HSP90AA1;PRKAG1
prerank,Reactome_2022__HIV Transcription Initiation R-HSA-167161,-0.4165521335348277,-1.2941485338144505,1.666667e-01,8.747724e-01,1.000000e+00,6/12,18.86%,POLR2J;POLR2K;GTF2A2;POLR2G;POLR2E;TAF15
prerank,Reactome_2022__Regulation Of TP53 Activity Thru Acetylation R-HSA-6804758,-0.5259668030376736,-1.2875500348237843,1.555556e-01,8.820909e-01,1.000000e+00,2/6,3.95%,CHD4;RBBP7
prerank,Reactome_2022__SUMOylation Of Immune Response Proteins R-HSA-4755510,-0.5386949758676881,-1.287054543595017,1.804511e-01,8.673365e-01,1.000000e+00,1/6,1.28%,NFKBIA
prerank,Reactome_2022__Pyruvate Metabolism R-HSA-70268,-0.5766358525244338,-1.285099413173249,1.781818e-01,8.584304e-01,1.000000e+00,3/5,13.46%,VDAC1;LDHA;BSG
prerank,Reactome_2022__RHO GTPase Cycle R-HSA-9012999,0.37401492781275164,1.2838182748973987,5.595117e-02,1.000000e+00,1.000000e+00,34/107,23.02%,CDC42SE2;TAGAP;ARHGAP25;ARHGEF3;ARHGAP45;SPTAN1;KTN1;PHIP;ADD3;CCT2;FNBP1;LBR;STK38;STOM;DEF6;ARHGEF1;ARHGAP30;ITSN2;RHOH;LCK;IQGAP2;FMNL1;CYFIP2;ARHGAP15;WIPF1;ARFGAP3;GNA13;ZAP70;HMOX2;NUDC;DOCK10;ABI1;CSK;CAPZB
prerank,Reactome_2022__Mitophagy R-HSA-5205647,-0.42786836101896686,-1.2834060511395755,1.576355e-01,8.489746e-01,1.000000e+00,4/11,8.28%,VDAC1;CSNK2B;UBB;MAP1LC3B
prerank,Reactome_2022__TAK1-dependent IKK And NF-kappa-B Activation R-HSA-445989,-0.39003669502935157,-1.2815547237514058,1.564246e-01,8.403212e-01,1.000000e+00,3/12,4.86%,NFKBIA;UBB;HMGB1
prerank,Reactome_2022__SARS-CoV-1 Infection R-HSA-9678108,0.5094402767584635,1.2815076705080586,1.508314e-01,1.000000e+00,1.000000e+00,5/13,18.27%,DDX5;PARP10;UBA52;GSK3B;CANX
prerank,Reactome_2022__MAP3K8 (TPL2)-dependent MAPK1/3 Activation R-HSA-5684264,-0.5324773163908454,-1.2813005198800296,1.963636e-01,8.263164e-01,1.000000e+00,2/6,1.92%,MAP3K8;UBB
prerank,Reactome_2022__G Beta:Gamma Signaling Thru CDC42 R-HSA-8964616,-0.5288800612728437,-1.2811902592634437,1.694915e-01,8.122767e-01,1.000000e+00,4/6,11.81%,CDC42;PKN1;GNB1;GNB2
prerank,Reactome_2022__RND2 GTPase Cycle R-HSA-9696270,0.597025115941349,1.2810602448013886,1.592689e-01,1.000000e+00,1.000000e+00,3/7,20.14%,KTN1;FNBP1;NUDC
prerank,Reactome_2022__RAC1 GTPase Cycle R-HSA-9013149,0.4134220583100406,1.2805766074772413,1.326861e-01,1.000000e+00,1.000000e+00,15/40,22.28%,TAGAP;ARHGAP25;ARHGAP45;KTN1;LBR;DEF6;ARHGAP30;IQGAP2;FMNL1;CYFIP2;ARHGAP15;WIPF1;GNA13;DOCK10;ABI1
prerank,Reactome_2022__Assembly Of ORC Complex At Origin Of Replication R-HSA-68616,-0.5610628379710418,-1.2761797630897145,1.888889e-01,8.127278e-01,1.000000e+00,4/5,20.73%,H2AX;H2AZ1;H2AZ2;H3-3B
prerank,Reactome_2022__tRNA Processing In Nucleus R-HSA-6784531,-0.501010970830851,-1.2742590478066904,1.853448e-01,8.056892e-01,1.000000e+00,2/7,7.69%,RAN;TSEN54
prerank,Reactome_2022__Regulation Of MECP2 Expression And Activity R-HSA-9022692,0.6247938327051317,1.2692219388327401,1.448468e-01,1.000000e+00,1.000000e+00,4/6,29.81%,TNRC6B;LBR;GPS2;CALM1
prerank,Reactome_2022__Defective Pyroptosis R-HSA-9710421,-0.48405954318226774,-1.269018405839308,1.712062e-01,8.084326e-01,1.000000e+00,3/7,6.94%,RBBP7;H2AX;H2AZ1
prerank,Reactome_2022__DNA Methylation R-HSA-5334118,-0.5477202300421247,-1.2683280939144705,1.754386e-01,7.975569e-01,1.000000e+00,4/5,20.73%,H2AX;H2AZ1;H2AZ2;H3-3B
prerank,Reactome_2022__tRNA Processing R-HSA-72306,-0.4660351990260839,-1.2658358089083142,1.605505e-01,7.932236e-01,1.000000e+00,2/8,7.69%,RAN;TSEN54
prerank,Reactome_2022__Spry Regulation Of FGF Signaling R-HSA-1295596,0.5743074340080758,1.2626640209292532,1.551499e-01,1.000000e+00,1.000000e+00,3/8,7.37%,PPP2R1A;UBA52;MAPK1
prerank,Reactome_2022__Negative Regulation Of FGFR2 Signaling R-HSA-5654727,0.5743074340080758,1.2626640209292532,1.551499e-01,1.000000e+00,1.000000e+00,3/8,7.37%,PPP2R1A;UBA52;MAPK1
prerank,Reactome_2022__Negative Regulation Of FGFR4 Signaling R-HSA-5654733,0.5743074340080758,1.2626640209292532,1.551499e-01,1.000000e+00,1.000000e+00,3/8,7.37%,PPP2R1A;UBA52;MAPK1
prerank,Reactome_2022__Negative Regulation Of FGFR3 Signaling R-HSA-5654732,0.5743074340080758,1.2626640209292532,1.551499e-01,1.000000e+00,1.000000e+00,3/8,7.37%,PPP2R1A;UBA52;MAPK1
prerank,Reactome_2022__Negative Regulation Of FGFR1 Signaling R-HSA-5654726,0.5743074340080758,1.2626640209292532,1.551499e-01,1.000000e+00,1.000000e+00,3/8,7.37%,PPP2R1A;UBA52;MAPK1
prerank,Reactome_2022__Processing Of Capped Intronless Pre-mRNA R-HSA-75067,-0.4250032960468994,-1.2610477426112447,1.764706e-01,7.951259e-01,1.000000e+00,2/10,4.70%,SNRPF;SNRPE
prerank,Reactome_2022__Respiratory Electron Transport R-HSA-611105,-0.25897428975621434,-1.2600750411265176,2.272727e-02,7.859118e-01,1.000000e+00,14/46,16.77%,NDUFA6;UQCRFS1;NDUFS8;COQ10B;COX5B;UQCRC2;NDUFS6;COX6A1;NDUFB8;NDUFB11;COX8A;COX4I1;COX6C;NDUFA13
prerank,Reactome_2022__DNA Replication Pre-Initiation R-HSA-69002,-0.2797631167013743,-1.2599314955011303,7.692308e-02,7.747321e-01,1.000000e+00,16/36,21.69%,PSMB1;UBB;H2AX;H2AZ1;PSMB4;UBE2S;PSMA1;PSMD7;PSMA6;PSMA3;PSME2;PSME1;H2AZ2;PSMB10;H3-3B;PSMD13
prerank,Reactome_2022__Pre-NOTCH Expression And Processing R-HSA-1912422,-0.3919544174500108,-1.2587152903513723,1.704545e-01,7.669341e-01,1.000000e+00,4/12,7.53%,CREBBP;H2AX;H2AZ1;FURIN
prerank,Reactome_2022__Translation R-HSA-72766,0.38248124871612726,1.257252594422027,1.280992e-01,1.000000e+00,1.000000e+00,28/60,32.37%,EEF1D;EEF1A1;EIF4A2;EIF3A;FAU;UBA52;MRPS6;SRPRA;TRAM1;EIF3B;EIF4B;SPCS2;SPCS1;EIF3F;EIF3E;EIF3I;EEF2;EIF5B;MRPS7;EEF1B2;MRPS15;MRPL10;MRPL14;SRP14;RPN1;SPCS3;EIF3G;EIF3L
prerank,Reactome_2022__PI3K/AKT Signaling In Cancer R-HSA-2219528,0.5208505955283341,1.2510953162978677,2.141119e-01,1.000000e+00,1.000000e+00,4/11,16.08%,CDKN1B;FYN;LCK;GSK3B
prerank,Reactome_2022__TRAF6 Mediated Induction Of NFkB And MAP Kinases Upon TLR7/8 Or 9 Activation R-HSA-975138,-0.3154865540450407,-1.2485458089370802,1.278195e-01,7.738946e-01,1.000000e+00,5/20,8.01%,NFKBIA;MAP3K8;UBB;HMGB1;FOS
prerank,Reactome_2022__MyD88 Cascade Initiated On Plasma Membrane R-HSA-975871,-0.3154865540450407,-1.2485458089370802,1.278195e-01,7.738946e-01,1.000000e+00,5/20,8.01%,NFKBIA;MAP3K8;UBB;HMGB1;FOS
prerank,Reactome_2022__Interleukin-2 Family Signaling R-HSA-451927,0.5242694900766769,1.2478816124881142,1.972705e-01,1.000000e+00,1.000000e+00,8/11,42.57%,STAT4;LCK;GRB2;STAT1;INPP5D;JAK1;IL2RG;PIK3R1
prerank,Reactome_2022__COPI-mediated Anterograde Transport R-HSA-6807878,0.45610785100923723,1.2467992491975801,1.754386e-01,1.000000e+00,1.000000e+00,10/19,28.42%,DYNC1H1;SPTAN1;KDELR2;ARFGAP3;ARF4;KDELR1;TMED9;CAPZB;TMED2;DCTN3
prerank,custom_senescence_signatures.gmt__GSE9650_EFFECTOR_VS_EXHAUSTED_CD8_TCELL_DN,0.4613916736975415,1.2460155505784942,1.851852e-01,4.207804e-01,6.020000e-01,7/19,18.48%,EOMES;PTGER2;H1-4;SPOCK2;EIF2AK2;CANX;SUB1
prerank,Reactome_2022__Membrane Trafficking R-HSA-199991,0.3543193783250004,1.2374989370215868,1.007049e-01,1.000000e+00,1.000000e+00,32/102,23.02%,KIF2A;NEDD8;CYTH1;RAB14;VAMP2;DYNC1H1;SPTAN1;LNPEP;KDELR2;UBA52;GCC2;FNBP1;MYH9;DENND4C;HPS1;RAB27A;ADRB2;ITSN2;COPS6;GDI2;GOLGA4;NAA38;YWHAZ;DENND2D;KIFAP3;ARFGAP3;ARF4;RAB9A;KDELR1;TRAPPC1;TMED9;CAPZB
prerank,Reactome_2022__Regulation Of HSF1-mediated Heat Shock Response R-HSA-3371453,0.45883204057734417,1.2364253503611486,1.958285e-01,1.000000e+00,1.000000e+00,11/18,35.42%,DNAJB1;DEDD2;MAPK1;GSK3B;ATM;ST13;DNAJC2;HSPA8;RANBP2;HSPH1;HSPA5
prerank,Reactome_2022__Translation Initiation Complex Formation R-HSA-72649,0.4475236429508446,1.230952741469415,2.052452e-01,1.000000e+00,1.000000e+00,12/20,35.63%,EIF4A2;EIF3A;FAU;EIF3B;EIF4B;EIF3F;EIF3E;EIF3I;EIF3G;EIF3L;EIF2S3;EIF3H
prerank,"Reactome_2022__mRNA Activation Upon Binding Of Cap-Binding Complex And eIFs, Subsequent Binding To 43S R-HSA-72662",0.4475236429508446,1.230952741469415,2.052452e-01,1.000000e+00,1.000000e+00,12/20,35.63%,EIF4A2;EIF3A;FAU;EIF3B;EIF4B;EIF3F;EIF3E;EIF3I;EIF3G;EIF3L;EIF2S3;EIF3H
prerank,Reactome_2022__NLRP3 Inflammasome R-HSA-844456,0.6002061120592752,1.230764793560494,2.074967e-01,1.000000e+00,1.000000e+00,2/6,23.40%,PSTPIP1;NFKB2
prerank,Reactome_2022__Cell Recruitment (Pro-Inflammatory Response) R-HSA-9664424,0.6002061120592752,1.230764793560494,2.074967e-01,1.000000e+00,1.000000e+00,2/6,23.40%,PSTPIP1;NFKB2
prerank,Reactome_2022__Inflammasomes R-HSA-622312,0.6002061120592752,1.230764793560494,2.074967e-01,1.000000e+00,1.000000e+00,2/6,23.40%,PSTPIP1;NFKB2
prerank,Reactome_2022__Selective Autophagy R-HSA-9663891,-0.3258073258148705,-1.2305420791408677,1.963190e-01,8.172110e-01,1.000000e+00,8/20,13.68%,VDAC1;CSNK2B;UBB;DYNLL1;MAP1LC3B;PARK7;HSP90AA1;PRKAG1
prerank,Reactome_2022__Synthesis Of Active Ubiquitin: Roles Of E1 And E2 Enzymes R-HSA-8866652,0.5285424587316487,1.2294399778371694,2.184987e-01,1.000000e+00,1.000000e+00,3/9,6.62%,UBE2D2;UBE2G2;UBA52
prerank,Reactome_2022__Caspase-mediated Cleavage Of Cytoskeletal Proteins R-HSA-264870,0.6010709600091331,1.2265833206974346,1.991585e-01,1.000000e+00,1.000000e+00,3/6,17.52%,SPTAN1;ADD1;CASP8
prerank,Reactome_2022__DNA Replication R-HSA-69306,-0.2682191246315055,-1.2264789597185854,1.159420e-01,8.179957e-01,1.000000e+00,16/38,21.69%,PSMB1;UBB;H2AX;H2AZ1;PSMB4;UBE2S;PSMA1;PSMD7;PSMA6;PSMA3;PSME2;PSME1;H2AZ2;PSMB10;H3-3B;PSMD13
prerank,Reactome_2022__Developmental Biology R-HSA-1266738,-0.1879090559918928,-1.2261689043387298,1.000000e-03,8.076635e-01,1.000000e+00,40/137,17.68%,PSMB1;ARPC3;RSL24D1;CSNK2B;CREBBP;POLR2J;UBB;CDC42;PKN1;POLR2K;RBM8A;RHOC;RBBP7;CAPNS1;MED30;H2AX;H2AZ1;PSMB4;AP2M1;FURIN;ACTG1;PFN1;ARPC1B;ROCK1;PSMA1;PSMD7;MYL6;HSP90AA1;VAV3;PSMA6;ARPC2;PSMA3;LYN;MAGOH;POLR2G;RHOA;EIF4G1;CXCR4;DRAP1;POLR2E
prerank,Reactome_2022__MAPK Targets/ Nuclear Events Mediated By MAP Kinases R-HSA-450282,0.6066827862379671,1.2217380987455078,2.008141e-01,1.000000e+00,1.000000e+00,2/6,7.37%,PPP2R1A;MAPK1
prerank,Reactome_2022__DAP12 Interactions R-HSA-2172127,0.4672840076766426,1.2214851345788555,2.082353e-01,1.000000e+00,1.000000e+00,7/15,28.21%,FYN;KLRK1;LCK;HLA-E;PLCG2;KLRC2;GRB2
prerank,Reactome_2022__Abortive Elongation Of HIV-1 Transcript In Absence Of Tat R-HSA-167242,-0.4443342277338279,-1.2214369795731543,2.128514e-01,8.103128e-01,1.000000e+00,4/8,17.68%,POLR2J;POLR2K;POLR2G;POLR2E
prerank,Reactome_2022__Organelle Biogenesis And Maintenance R-HSA-1852241,0.3778364867575962,1.2213440984967852,1.874334e-01,1.000000e+00,1.000000e+00,10/49,10.74%,CYCS;ATP5PO;TUBA1A;DYNC1H1;SSNA1;PPP2R1A;CCT2;AKAP9;CEP78;CCT3
prerank,Reactome_2022__ZBP1(DAI) Mediated Induction Of Type I IFNs R-HSA-1606322,-0.5201003064862137,-1.2206006747405183,2.015209e-01,7.910537e-01,1.000000e+00,1/5,1.28%,NFKBIA
prerank,Reactome_2022__RIP-mediated NFkB Activation Via ZBP1 R-HSA-1810476,-0.5201003064862137,-1.2206006747405183,2.015209e-01,7.910537e-01,1.000000e+00,1/5,1.28%,NFKBIA
prerank,Reactome_2022__Ribosomal Scanning And Start Codon Recognition R-HSA-72702,0.44104787395697037,1.2188782744987046,2.043880e-01,1.000000e+00,1.000000e+00,12/20,35.63%,EIF4A2;EIF3A;FAU;EIF3B;EIF4B;EIF3F;EIF3E;EIF3I;EIF3G;EIF3L;EIF2S3;EIF3H
prerank,Reactome_2022__NGF-stimulated Transcription R-HSA-9031628,-0.41803352033126173,-1.2182424570431811,2.000000e-01,7.877579e-01,1.000000e+00,3/9,9.19%,CHD4;FOS;ID2
prerank,Reactome_2022__Activated PKN1 Stimulates Transcription Of Androgen Receptor Regulated KLK2 And KLK3 R-HSA-5625886,-0.4681887227460655,-1.217574591006023,2.386364e-01,7.798934e-01,1.000000e+00,3/7,6.94%,PKN1;H2AX;H2AZ1
prerank,Reactome_2022__Arachidonic Acid Metabolism R-HSA-2142753,0.6171534079021646,1.2157136159686053,2.222222e-01,1.000000e+00,1.000000e+00,3/5,22.22%,ALOX5AP;PTGES3;PTGDS
prerank,Reactome_2022__Signal Transduction By L1 R-HSA-445144,-0.5186713322665143,-1.2156726918995704,2.147651e-01,7.748231e-01,1.000000e+00,2/6,2.62%,CSNK2B;PKN1
prerank,Reactome_2022__Translation Of Structural Proteins R-HSA-9683701,0.5169924280526753,1.214537600268276,2.123116e-01,1.000000e+00,1.000000e+00,4/10,18.27%,PARP10;UBA52;GSK3B;CANX
prerank,Reactome_2022__Signaling By FGFR3 R-HSA-5654741,0.5347004688566865,1.2142832971096638,1.936709e-01,1.000000e+00,1.000000e+00,3/9,7.37%,PPP2R1A;UBA52;MAPK1
prerank,Reactome_2022__Signaling By FGFR4 R-HSA-5654743,0.5347004688566865,1.2142832971096638,1.936709e-01,1.000000e+00,1.000000e+00,3/9,7.37%,PPP2R1A;UBA52;MAPK1
prerank,Reactome_2022__Signaling By FGFR1 R-HSA-5654736,0.5347004688566865,1.2142832971096638,1.936709e-01,1.000000e+00,1.000000e+00,3/9,7.37%,PPP2R1A;UBA52;MAPK1
prerank,Reactome_2022__Formation Of TC-NER Pre-Incision Complex R-HSA-6781823,-0.3387490244980132,-1.2123343356350627,1.972789e-01,7.654381e-01,1.000000e+00,4/16,5.02%,POLR2J;UBB;POLR2K;XPA
prerank,Reactome_2022__Transcription-Coupled Nucleotide Excision Repair (TC-NER) R-HSA-6781827,-0.3387490244980132,-1.2123343356350627,1.972789e-01,7.654381e-01,1.000000e+00,4/16,5.02%,POLR2J;UBB;POLR2K;XPA
prerank,Reactome_2022__Cargo Recognition For Clathrin-Mediated Endocytosis R-HSA-8856825,0.4411403191238674,1.2115438159161198,2.127907e-01,1.000000e+00,1.000000e+00,6/19,12.18%,NEDD8;VAMP2;UBA52;ADRB2;ITSN2;COPS6
prerank,Reactome_2022__Viral Messenger RNA Synthesis R-HSA-168325,-0.4148697683070024,-1.2103124629113442,2.067308e-01,7.612037e-01,1.000000e+00,4/10,17.68%,POLR2J;POLR2K;POLR2G;POLR2E
prerank,Reactome_2022__Chaperonin-mediated Protein Folding R-HSA-390466,0.4300234320560002,1.2102487774618869,2.107675e-01,1.000000e+00,1.000000e+00,6/24,10.74%,TUBA1A;USP11;PFDN5;GNG2;CCT2;CCT3
prerank,Reactome_2022__Interleukin-10 Signaling R-HSA-6783783,0.5650990818291634,1.2093812810571412,2.289973e-01,1.000000e+00,1.000000e+00,2/7,19.02%,IL10RA;CCL3
prerank,Reactome_2022__HSF1 Activation R-HSA-3371511,0.5051637530580773,1.205825649809163,2.420786e-01,1.000000e+00,1.000000e+00,4/10,15.01%,EEF1A1;DNAJB1;DEDD2;PTGES3
prerank,Reactome_2022__G Alpha (I) Signaling Events R-HSA-418594,0.41562526201434385,1.2052893994431009,2.281498e-01,1.000000e+00,1.000000e+00,6/28,7.96%,PPP3CC;GNG2;PPP2R1A;CX3CR1;MAPK1;PPP1CA
prerank,Reactome_2022__Regulation Of Actin Dynamics For Phagocytic Cup Formation R-HSA-2029482,-0.3196148264046543,-1.204516417786133,1.621622e-01,7.680842e-01,1.000000e+00,9/22,13.57%,ARPC3;CDC42;PKN1;BRK1;ACTG1;ARPC1B;HSP90AA1;VAV3;ARPC2
prerank,Reactome_2022__HIV Life Cycle R-HSA-162587,-0.2621983889326099,-1.1980748493094757,1.505376e-01,7.771629e-01,1.000000e+00,12/34,18.86%,POLR2J;UBB;POLR2K;GTF2A2;RAN;FURIN;RANBP1;CCNT1;POLR2G;CXCR4;POLR2E;TAF15
prerank,Reactome_2022__PKMTs Methylate Histone Lysines R-HSA-3214841,0.47381041529230417,1.1955701241563215,2.368742e-01,1.000000e+00,1.000000e+00,8/13,37.82%,NSD3;ASH1L;KMT2A;EHMT1;NFKB2;RBBP4;KMT2C;ATF7IP
prerank,"Reactome_2022__Plasma Lipoprotein Assembly, Remodeling, And Clearance R-HSA-174824",-0.4208393555734971,-1.1953002646908362,2.488263e-01,7.754428e-01,1.000000e+00,4/9,7.53%,NR1H2;UBB;AP2M1;FURIN
prerank,Reactome_2022__Apoptotic Cleavage Of Cellular Proteins R-HSA-111465,0.47785621012509627,1.1934906705566608,2.592593e-01,1.000000e+00,1.000000e+00,4/13,17.52%,ACIN1;SPTAN1;ADD1;CASP8
prerank,Reactome_2022__FOXO-mediated Transcription R-HSA-9614085,0.48748652015978583,1.1933759724468913,2.444717e-01,1.000000e+00,1.000000e+00,4/12,16.40%,CDKN1B;CITED2;RBL2;YWHAZ
prerank,Reactome_2022__Regulation Of TP53 Degradation R-HSA-6804757,0.5171910926838408,1.193250568867902,2.471042e-01,1.000000e+00,1.000000e+00,4/9,16.19%,PPP2R1A;UBA52;PPP2R5C;ATM
prerank,Reactome_2022__Signaling By NOTCH4 R-HSA-9013694,-0.27482255053374066,-1.1918607755231148,2.043011e-01,7.762128e-01,1.000000e+00,12/31,20.09%,PSMB1;CREBBP;UBB;PSMB4;PSMA1;PSMD7;PSMA6;PSMA3;PSME2;APH1A;PSME1;PSMB10
prerank,Reactome_2022__DDX58/IFIH1-mediated Induction Of Interferon-Alpha/Beta R-HSA-168928,-0.2987068262890504,-1.1917187046894604,1.694915e-01,7.677225e-01,1.000000e+00,5/25,6.14%,CREBBP;NFKBIA;UBB;HMGB1;PCBP2
prerank,Reactome_2022__Toll Like Receptor 7/8 (TLR7/8) Cascade R-HSA-168181,-0.30384591192498644,-1.1913735922457596,1.612903e-01,7.428341e-01,1.000000e+00,5/21,8.01%,NFKBIA;MAP3K8;UBB;HMGB1;FOS
prerank,Reactome_2022__MyD88 Dependent Cascade Initiated On Endosome R-HSA-975155,-0.30384591192498644,-1.1913735922457596,1.612903e-01,7.428341e-01,1.000000e+00,5/21,8.01%,NFKBIA;MAP3K8;UBB;HMGB1;FOS
prerank,Reactome_2022__Toll Like Receptor 9 (TLR9) Cascade R-HSA-168138,-0.30384591192498644,-1.1913735922457596,1.612903e-01,7.428341e-01,1.000000e+00,5/21,8.01%,NFKBIA;MAP3K8;UBB;HMGB1;FOS
prerank,Reactome_2022__Peptide Chain Elongation R-HSA-156902,0.6162759287709754,1.1899480020411894,2.357955e-01,1.000000e+00,1.000000e+00,3/5,6.62%,EEF1A1;FAU;UBA52
prerank,Reactome_2022__Rap1 Signaling R-HSA-392517,0.5564304263303018,1.1892592528148376,2.416107e-01,1.000000e+00,1.000000e+00,3/7,20.67%,RASGRP1;YWHAZ;SIPA1
prerank,Reactome_2022__Gap-filling DNA Repair Synthesis And Ligation In TC-NER R-HSA-6782210,-0.3514521781923843,-1.189228813065129,1.890244e-01,7.410316e-01,1.000000e+00,3/14,3.04%,POLR2J;UBB;POLR2K
prerank,Reactome_2022__Vesicle-mediated Transport R-HSA-5653656,0.3403384522628828,1.1891940289480718,1.453078e-01,1.000000e+00,1.000000e+00,43/107,33.23%,KIF2A;NEDD8;CYTH1;RAB14;VAMP2;DYNC1H1;SPTAN1;LNPEP;KDELR2;UBA52;GCC2;FNBP1;MYH9;DENND4C;HPS1;RAB27A;ADRB2;ITSN2;COPS6;GDI2;GOLGA4;NAA38;YWHAZ;DENND2D;KIFAP3;ARFGAP3;ARF4;RAB9A;KDELR1;TRAPPC1;TMED9;CAPZB;IL7R;TMED2;GRB2;DCTN3;ACTR3;CALM1;HSPA8;TGOLN2;RAB1B;HSPH1;TBC1D10C
prerank,Reactome_2022__Activation Of NF-kappaB In B Cells R-HSA-1169091,-0.2715876428525682,-1.1887623055601635,1.600000e-01,7.340985e-01,1.000000e+00,8/34,14.48%,PSMB1;NFKBIA;UBB;PSMB4;PSMA1;PSMD7;PSMA6;PSMA3
prerank,Reactome_2022__Early SARS-CoV-2 Infection Events R-HSA-9772572,0.6095703812843151,1.1869978859175654,2.661972e-01,1.000000e+00,1.000000e+00,2/5,6.25%,DDX5;ISCU
prerank,Reactome_2022__RNA Polymerase III Transcription Termination R-HSA-73980,-0.4568364611260054,-1.1864853896993413,2.179487e-01,7.320820e-01,1.000000e+00,7/7,54.54%,POLR2K;POLR2E;POLR3GL;POLR2F;POLR2L;POLR1D;SSB
prerank,Reactome_2022__Deubiquitination R-HSA-5688426,-0.234722599771797,-1.1861005789985104,1.891892e-01,7.252651e-01,1.000000e+00,18/61,16.19%,VDAC1;PSMB1;TADA3;NFKBIA;VDAC2;UBB;ADRM1;PSMB4;INO80E;PSMA1;OTUB1;PSMD7;STAM;PSMA6;PSMA3;BIRC2;OGT;RHOA
prerank,Reactome_2022__Protein Methylation R-HSA-8876725,0.6149144375020386,1.1856092442169905,2.372159e-01,1.000000e+00,1.000000e+00,4/5,32.48%,EEF1A1;EEF2;CALM1;HSPA8
prerank,Reactome_2022__Regulation Of PTEN Stability And Activity R-HSA-8948751,-0.2836470060656526,-1.1852077432696813,1.782178e-01,7.199137e-01,1.000000e+00,9/30,14.48%,PSMB1;CSNK2B;UBB;PSMB4;MKRN1;PSMA1;PSMD7;PSMA6;PSMA3
prerank,Reactome_2022__FCGR3A-mediated IL10 Synthesis R-HSA-9664323,0.5220973520459828,1.1843691908256468,2.652005e-01,1.000000e+00,1.000000e+00,7/9,39.58%,FYN;FGR;PLCG2;PRKX;CALM1;PRKACB;CD247
prerank,Reactome_2022__Formation Of Tubulin Folding Intermediates By CCT/TriC R-HSA-389960,0.4880492219163347,1.181737272484486,2.462871e-01,1.000000e+00,1.000000e+00,3/12,10.74%,TUBA1A;CCT2;CCT3
prerank,Reactome_2022__Protein Folding R-HSA-391251,0.40970975469551585,1.1811359200159333,2.378805e-01,1.000000e+00,1.000000e+00,8/27,19.82%,TUBA1A;USP11;PFDN5;GNG2;CCT2;CCT3;TBCC;XRN2
prerank,Reactome_2022__Association Of TriC/CCT With Target Proteins During Biosynthesis R-HSA-390471,0.4741743387884493,1.179565454871845,2.705314e-01,1.000000e+00,1.000000e+00,7/13,39.16%,USP11;CCT2;CCT3;XRN2;DCAF7;CCT4;CCT7
prerank,Reactome_2022__Cell Cycle R-HSA-1640170,0.3388434584386443,1.1774841563556013,1.404040e-01,1.000000e+00,1.000000e+00,40/132,24.68%,ATRX;SYNE1;KIF2A;TUBA1A;SYNE2;CDKN1B;CCND2;DYNC1H1;MIS18BP1;SSNA1;PPP2R1A;UBA52;MAPK1;AKAP9;LBR;RBL2;BUB3;CEP78;SMARCA5;PPP1CC;PPP2R5C;SUN2;NIPBL;SET;CCND3;GSK3B;ATM;YWHAZ;ANAPC16;TINF2;NUDC;PSMC3;POLR2A;PHLDA1;NPM1;RSF1;PSMA5;PSMF1;EML4;PSMD4
prerank,custom_senescence_signatures.gmt__GSE9650_EXHAUSTED_VS_MEMORY_CD8_TCELL_UP,0.4068975118561827,1.1765562407084962,2.353591e-01,4.397430e-01,7.820000e-01,9/27,22.70%,EOMES;H1-4;ATP5IF1;SPOCK2;GZMB;CANX;LRP10;HIF1A;ZNF292
prerank,Reactome_2022__Regulation Of TP53 Expression And Degradation R-HSA-6806003,0.4974924158152345,1.1757657850794032,2.587776e-01,1.000000e+00,1.000000e+00,4/10,16.19%,PPP2R1A;UBA52;PPP2R5C;ATM
prerank,Reactome_2022__HATs Acetylate Histones R-HSA-3214847,-0.37883777000685703,-1.1734715366079007,2.500000e-01,7.456131e-01,1.000000e+00,3/13,3.95%,CREBBP;TADA3;RBBP7
prerank,Reactome_2022__MyD88:MAL(TIRAP) Cascade Initiated On Plasma Membrane R-HSA-166058,-0.2850022617397939,-1.17076020628369,2.047244e-01,7.450623e-01,1.000000e+00,5/22,8.01%,NFKBIA;MAP3K8;UBB;HMGB1;FOS
prerank,Reactome_2022__Inactivation Of APC/C Via Direct Inhibition Of APC/C Complex R-HSA-141430,0.6038790382554704,1.167509215912349,2.589532e-01,1.000000e+00,1.000000e+00,2/5,16.77%,BUB3;ANAPC16
prerank,Reactome_2022__Cellular Response To Chemical Stress R-HSA-9711123,-0.23492456852959015,-1.1673918603720785,1.842105e-01,7.461122e-01,1.000000e+00,18/61,16.35%,PSMB1;CSNK2B;CREBBP;UBB;COX5B;PSMB4;MAP1LC3B;PRDX5;COX6A1;PSMA1;ATF4;PSMD7;GSTP1;PSMA6;COX8A;PSMA3;COX4I1;COX6C
prerank,Reactome_2022__Circadian Clock R-HSA-400253,0.44595824988011107,1.165283615221864,2.771804e-01,1.000000e+00,1.000000e+00,5/16,9.46%,CRY1;UBA52;PPP1CA;RORA;PPP1CC
prerank,Reactome_2022__Translocation Of ZAP-70 To Immunological Synapse R-HSA-202430,0.5698628395988126,1.1649917779955477,2.696011e-01,1.000000e+00,1.000000e+00,3/6,18.96%,LCK;PTPN22;ZAP70
prerank,Reactome_2022__Deadenylation Of mRNA R-HSA-429947,0.5146504482322009,1.1638627052415491,2.812089e-01,1.000000e+00,1.000000e+00,5/9,25.59%,EIF4A2;EIF4B;CNOT6L;EIF4A3;CNOT2
prerank,Reactome_2022__Transcriptional Regulation By RUNX1 R-HSA-8878171,-0.2273410159218052,-1.1625869260314594,1.739130e-01,7.514309e-01,1.000000e+00,14/54,14.48%,PSMB1;CSNK2B;CREBBP;UBB;CBX4;H2AX;H2AZ1;PSMB4;SMARCE1;PSMA1;PSMD7;SMARCA2;PSMA6;PSMA3
prerank,Reactome_2022__GTP Hydrolysis And Joining Of 60S Ribosomal Subunit R-HSA-72706,0.4083951199089715,1.1604449734003204,2.705750e-01,1.000000e+00,1.000000e+00,14/23,35.63%,EIF4A2;EIF3A;FAU;UBA52;EIF3B;EIF4B;EIF3F;EIF3E;EIF3I;EIF5B;EIF3G;EIF3L;EIF2S3;EIF3H
prerank,Reactome_2022__Regulation Of RUNX3 Expression And Activity R-HSA-8941858,-0.2791896252122808,-1.1590832128091002,1.826923e-01,7.534873e-01,1.000000e+00,12/28,21.69%,PSMB1;UBB;PSMB4;PSMA1;PSMD7;PSMA6;PSMA3;RUNX3;PSME2;PSME1;PSMB10;PSMD13
prerank,Reactome_2022__HIV Elongation Arrest And Recovery R-HSA-167287,-0.3734969950814641,-1.1586288259913866,2.700000e-01,7.396570e-01,1.000000e+00,5/11,17.68%,POLR2J;POLR2K;CCNT1;POLR2G;POLR2E
prerank,Reactome_2022__Pausing And Recovery Of Tat-mediated HIV Elongation R-HSA-167238,-0.3734969950814641,-1.1586288259913866,2.700000e-01,7.396570e-01,1.000000e+00,5/11,17.68%,POLR2J;POLR2K;CCNT1;POLR2G;POLR2E
prerank,Reactome_2022__Pre-NOTCH Transcription And Translation R-HSA-1912408,-0.424317598223794,-1.1555461234498356,2.420091e-01,7.409832e-01,1.000000e+00,3/8,6.94%,CREBBP;H2AX;H2AZ1
prerank,Reactome_2022__Interleukin-35 Signaling R-HSA-8984722,0.543960832384756,1.1541939720672714,2.794118e-01,1.000000e+00,1.000000e+00,5/7,37.98%,STAT4;CANX;STAT1;IL12RB2;JAK1
prerank,Reactome_2022__Cap-dependent Translation Initiation R-HSA-72737,0.4050986945959788,1.153010770683347,2.755906e-01,1.000000e+00,1.000000e+00,14/24,35.63%,EIF4A2;EIF3A;FAU;UBA52;EIF3B;EIF4B;EIF3F;EIF3E;EIF3I;EIF5B;EIF3G;EIF3L;EIF2S3;EIF3H
prerank,Reactome_2022__Axon Guidance R-HSA-422475,-0.21104983465449423,-1.1526628986704868,2.000000e-01,7.414090e-01,1.000000e+00,28/91,17.04%,PSMB1;ARPC3;RSL24D1;CSNK2B;UBB;CDC42;PKN1;RBM8A;RHOC;PSMB4;AP2M1;ACTG1;PFN1;ARPC1B;ROCK1;PSMA1;PSMD7;MYL6;HSP90AA1;VAV3;PSMA6;ARPC2;PSMA3;LYN;MAGOH;RHOA;EIF4G1;CXCR4
prerank,Reactome_2022__GPCR Downstream Signaling R-HSA-388396,0.3532947012688405,1.1523251007596507,2.461059e-01,1.000000e+00,1.000000e+00,12/58,11.43%,PRKCH;PPP3CC;RASGRP1;ARHGEF3;GNG2;PPP2R1A;PTGER2;CX3CR1;MAPK1;PPP1CA;ARHGEF1;ADRB2
prerank,Reactome_2022__Signaling By GPCR R-HSA-372790,0.34916267589979677,1.1462445560985512,2.481903e-01,1.000000e+00,1.000000e+00,13/62,11.43%,PRKCH;PPP3CC;RASGRP1;ARHGEF3;GNG2;PPP2R1A;PTGER2;CX3CR1;MAPK1;PPP1CA;ARHGEF1;ADGRE5;ADRB2
prerank,Reactome_2022__Integrin Signaling R-HSA-354192,0.5148376892059999,1.1460776671257147,3.062016e-01,1.000000e+00,1.000000e+00,5/8,34.83%,RASGRP1;CSK;PTPN1;GRB2;TLN1
prerank,Reactome_2022__Platelet Aggregation (Plug Formation) R-HSA-76009,0.5148376892059999,1.1460776671257147,3.062016e-01,1.000000e+00,1.000000e+00,5/8,34.83%,RASGRP1;CSK;PTPN1;GRB2;TLN1
prerank,Reactome_2022__Ion Channel Transport R-HSA-983712,-0.3399725181229574,-1.1448179266388043,2.727273e-01,7.562842e-01,1.000000e+00,5/14,9.03%,UBB;ATP8B4;SRI;ATP6V0C;TCIRG1
prerank,Reactome_2022__RNA Pol II CTD Phosphorylation And Interaction With CE R-HSA-77075,-0.37564705815700505,-1.1419960706019914,2.589286e-01,7.496076e-01,1.000000e+00,2/10,3.04%,POLR2J;POLR2K
prerank,Reactome_2022__mRNA Capping R-HSA-72086,-0.37564705815700505,-1.1419960706019914,2.589286e-01,7.496076e-01,1.000000e+00,2/10,3.04%,POLR2J;POLR2K
prerank,Reactome_2022__G Alpha (Z) Signaling Events R-HSA-418597,0.5208403054112605,1.1418549975743688,2.934211e-01,1.000000e+00,1.000000e+00,2/8,3.85%,PRKCH;GNG2
prerank,Reactome_2022__FGFR2 Alternative Splicing R-HSA-6803529,-0.34367471626988993,-1.1416768261491383,2.937500e-01,7.436498e-01,1.000000e+00,5/13,17.68%,POLR2J;POLR2K;HNRNPH1;POLR2G;POLR2E
prerank,Reactome_2022__Sealing Of Nuclear Envelope (NE) By ESCRT-III R-HSA-9668328,0.5940845104642506,1.1405998875992691,2.969871e-01,1.000000e+00,1.000000e+00,1/5,1.34%,TUBA1A
prerank,Reactome_2022__MTOR Signaling R-HSA-165159,-0.4301880344164391,-1.1379766492935195,2.727273e-01,7.470343e-01,1.000000e+00,4/7,16.51%,LAMTOR5;LAMTOR1;PRKAG1;EIF4G1
prerank,Reactome_2022__Formation Of A Pool Of Free 40S Subunits R-HSA-72689,0.4375172650664455,1.137272614474668,3.022700e-01,1.000000e+00,1.000000e+00,10/15,35.63%,EIF3A;FAU;UBA52;EIF3B;EIF3F;EIF3E;EIF3I;EIF3G;EIF3L;EIF3H
prerank,Reactome_2022__Interactions Of Vpr With Host Cellular Proteins R-HSA-176033,0.556973200618766,1.1357401765023993,3.147632e-01,1.000000e+00,1.000000e+00,3/6,33.97%,PSIP1;RANBP2;BANF1
prerank,Reactome_2022__ESR-mediated Signaling R-HSA-8939211,-0.2398170597247288,-1.1345861896449472,2.500000e-01,7.497322e-01,1.000000e+00,16/43,18.38%,CREBBP;POLR2J;GNAI2;GNB1;POLR2K;GTF2A2;H2AX;H2AZ1;FOS;GNB2;HSP90AA1;CCNT1;POLR2G;JUND;POLR2E;CTSD
prerank,Reactome_2022__Formation Of Early Elongation Complex R-HSA-113418,-0.3883615246305623,-1.132541158038547,2.600897e-01,7.481948e-01,1.000000e+00,2/9,3.04%,POLR2J;POLR2K
prerank,Reactome_2022__PLC Beta Mediated Events R-HSA-112043,0.5813321640211192,1.1323716779965196,2.869081e-01,1.000000e+00,1.000000e+00,4/5,37.07%,MAPK1;PRKX;CALM1;PRKACB
prerank,Reactome_2022__Ca-dependent Events R-HSA-111996,0.5813321640211192,1.1323716779965196,2.869081e-01,1.000000e+00,1.000000e+00,4/5,37.07%,MAPK1;PRKX;CALM1;PRKACB
prerank,"Reactome_2022__Base-Excision Repair, AP Site Formation R-HSA-73929",-0.4562452774435349,-1.1322974999655773,2.736842e-01,7.355850e-01,1.000000e+00,4/6,19.93%,H2AX;H2AZ1;MPG;H2AZ2
prerank,Reactome_2022__Cleavage Of Damaged Purine R-HSA-110331,-0.4562452774435349,-1.1322974999655773,2.736842e-01,7.355850e-01,1.000000e+00,4/6,19.93%,H2AX;H2AZ1;MPG;H2AZ2
prerank,Reactome_2022__Interleukin Receptor SHC Signaling R-HSA-912526,0.5545974304140564,1.1317787103961252,3.049268e-01,1.000000e+00,1.000000e+00,5/6,42.57%,GRB2;INPP5D;JAK1;IL2RG;PIK3R1
prerank,Reactome_2022__RND1 GTPase Cycle R-HSA-9696273,-0.42680965147453087,-1.1301304900069584,2.905660e-01,7.345502e-01,1.000000e+00,7/7,57.53%,TMEM59;TXNL1;LEMD3;RRAS2;RBMX;FLOT2;PIK3R1
prerank,Reactome_2022__RAC3 GTPase Cycle R-HSA-9013423,-0.27531769211508755,-1.1292013867177917,2.131148e-01,7.304777e-01,1.000000e+00,5/22,8.49%,CDC42;PKN1;TAOK3;LAMTOR1;BRK1
prerank,Reactome_2022__NR1H2 And NR1H3-mediated Signaling R-HSA-9024446,0.5475017334455331,1.127235821559244,3.227147e-01,1.000000e+00,1.000000e+00,2/6,4.33%,TNRC6B;MYLIP
prerank,Reactome_2022__Signaling By NOTCH2 R-HSA-1980145,0.5445911692424397,1.1271674959833085,3.132695e-01,1.000000e+00,1.000000e+00,3/6,15.76%,UBA52;MIB2;GZMB
prerank,Reactome_2022__Antigen processing-Cross Presentation R-HSA-1236975,-0.24573359196910338,-1.126435069641184,2.465753e-01,7.314205e-01,1.000000e+00,12/42,14.53%,PSMB1;UBB;HMGB1;PDIA3;SEC61G;PSMB4;PSMA1;PSMD7;PSMA6;TAPBP;PSMA3;VAMP8
prerank,Reactome_2022__Post-chaperonin Tubulin Folding Pathway R-HSA-389977,0.5166255527009749,1.125975682155772,3.233696e-01,1.000000e+00,1.000000e+00,2/8,15.87%,TUBA1A;TBCC
prerank,Reactome_2022__Signaling By TGF-beta Receptor Complex R-HSA-170834,0.39098554997536283,1.1256063228011142,3.018868e-01,1.000000e+00,1.000000e+00,7/25,15.54%,NEDD8;UBA52;MAPK1;PPP1CA;PPP1CC;UCHL5;STUB1
prerank,Reactome_2022__FLT3 Signaling R-HSA-9607240,0.4853126881003783,1.124154854742264,3.316520e-01,1.000000e+00,1.000000e+00,6/10,28.21%,CDKN1B;FYN;UBA52;LCK;CSK;GRB2
prerank,Reactome_2022__Anti-inflammatory Response Favoring Leishmania Infection R-HSA-9662851,0.4005669784569711,1.1240498253913231,3.217593e-01,1.000000e+00,1.000000e+00,9/22,24.04%,FYN;GNG2;PTGER2;MYH9;ADRB2;FGR;PLCG2;PTGER4;PRKX
prerank,Reactome_2022__Nuclear Events Mediated By NFE2L2 R-HSA-9759194,-0.25615389080993556,-1.1239434067104068,2.065217e-01,7.315702e-01,1.000000e+00,9/33,14.48%,PSMB1;CREBBP;UBB;PSMB4;PSMA1;ATF4;PSMD7;PSMA6;PSMA3
prerank,Reactome_2022__Regulation Of Expression Of SLITs And ROBOs R-HSA-9010553,-0.24183185631192106,-1.1231531632766028,2.531646e-01,7.272512e-01,1.000000e+00,14/37,20.09%,PSMB1;RSL24D1;UBB;RBM8A;PSMB4;PSMA1;PSMD7;PSMA6;PSMA3;MAGOH;EIF4G1;PSME2;PSME1;PSMB10
prerank,Reactome_2022__L13a-mediated Translational Silencing Of Ceruloplasmin Expression R-HSA-156827,0.4028525734292795,1.1224858512559621,3.287982e-01,1.000000e+00,1.000000e+00,9/22,21.96%,EIF4A2;EIF3A;FAU;UBA52;EIF3B;EIF4B;EIF3F;EIF3E;EIF3I
prerank,"Reactome_2022__Respiratory Electron Transport, ATP Synthesis By Chemiosmotic Coupling, Heat Production By Uncoupling Proteins R-HSA-163200",-0.22344782476734468,-1.1218325202442043,2.413793e-01,7.242779e-01,1.000000e+00,19/60,18.16%,NDUFA6;UQCRFS1;NDUFS8;COQ10B;COX5B;UQCRC2;NDUFS6;COX6A1;NDUFB8;ATP5PF;ATP5F1C;NDUFB11;COX8A;COX4I1;ATP5F1D;COX6C;NDUFA13;UCP2;ATP5MF
prerank,Reactome_2022__Regulation Of IFNG Signaling R-HSA-877312,0.49636703693349116,1.1215522341740238,3.418367e-01,1.000000e+00,1.000000e+00,7/9,44.39%,PIAS1;PTPN1;STAT1;IFNG;SOCS1;JAK1;PTPN2
prerank,Reactome_2022__Diseases Of Programmed Cell Death R-HSA-9645723,-0.3236596039059796,-1.1179258759064508,2.588235e-01,7.283367e-01,1.000000e+00,4/14,6.94%,RBBP7;CAPNS1;H2AX;H2AZ1
prerank,Reactome_2022__Rev-mediated Nuclear Export Of HIV RNA R-HSA-165054,-0.4997684646635622,-1.1176524036559172,3.053691e-01,7.231182e-01,1.000000e+00,2/5,9.67%,RAN;RANBP1
prerank,Reactome_2022__NRAGE Signals Death Thru JNK R-HSA-193648,0.5181325402474356,1.117020369425207,3.468835e-01,1.000000e+00,1.000000e+00,3/7,18.91%,ARHGEF3;ARHGEF1;GNA13
prerank,Reactome_2022__Interleukin-7 Signaling R-HSA-1266695,0.5227865828320469,1.1160708978829716,3.392371e-01,1.000000e+00,1.000000e+00,6/7,42.57%,IL7R;SOCS1;JAK1;IL2RG;BRWD1;PIK3R1
prerank,Reactome_2022__Interleukin-37 Signaling R-HSA-9008059,0.5219563180759852,1.1158789520822034,3.554633e-01,1.000000e+00,1.000000e+00,6/7,44.39%,PTPN4;IL18R1;PTPN7;SIGIRR;PTPN12;PTPN2
prerank,Reactome_2022__Cargo Trafficking To Periciliary Membrane R-HSA-5620920,0.5381432288221453,1.115838866668588,3.359788e-01,1.000000e+00,1.000000e+00,3/6,19.34%,CCT2;CCT3;ARF4
prerank,Reactome_2022__Epigenetic Regulation Of Gene Expression R-HSA-212165,-0.28466992330293917,-1.1147172779688326,2.808989e-01,7.243893e-01,1.000000e+00,6/27,6.94%,CHD4;SAP30BP;POLR2K;RBBP7;H2AX;H2AZ1
prerank,Reactome_2022__Transcriptional Regulation By RUNX3 R-HSA-8878159,-0.2506112745362202,-1.113371816675628,2.500000e-01,7.217996e-01,1.000000e+00,9/33,14.96%,PSMB1;CREBBP;UBB;PSMB4;PSMA1;PSMD7;PSMA6;PSMA3;RUNX3
prerank,Reactome_2022__Cellular Response To Heat Stress R-HSA-3371556,0.3877076084651036,1.1132704343031723,3.492770e-01,1.000000e+00,1.000000e+00,8/24,17.25%,EEF1A1;DNAJB1;DEDD2;MAPK1;PTGES3;GSK3B;ATM;ST13
prerank,Reactome_2022__Calcineurin Activates NFAT R-HSA-2025928,0.5771928491734156,1.1125558946817824,3.585714e-01,1.000000e+00,1.000000e+00,3/5,29.81%,NFATC2;NFATC3;CALM1
prerank,Reactome_2022__RHO GTPases Activate Formins R-HSA-5663220,0.3909181759450644,1.109912462995629,3.589450e-01,1.000000e+00,1.000000e+00,6/23,9.56%,KIF2A;DYNC1H1;PPP2R1A;BUB3;PPP1CC;PPP2R5C
prerank,Reactome_2022__Role Of GTSE1 In G2/M Progression After G2 Checkpoint R-HSA-8852276,-0.2729755980695523,-1.1088654031359688,2.755102e-01,7.283672e-01,1.000000e+00,12/28,21.69%,PSMB1;UBB;PSMB4;PSMA1;PSMD7;HSP90AA1;PSMA6;PSMA3;PSME2;PSME1;PSMB10;PSMD13
prerank,Reactome_2022__PCP/CE Pathway R-HSA-4086400,-0.2629612781108199,-1.1084647866085422,2.659574e-01,7.232845e-01,1.000000e+00,13/32,20.09%,PSMB1;UBB;PSMB4;AP2M1;PFN1;PSMA1;PSMD7;PSMA6;PSMA3;RHOA;PSME2;PSME1;PSMB10
prerank,Reactome_2022__Transcription Of HIV Genome R-HSA-167172,-0.3164480877628234,-1.108321363355132,2.969697e-01,7.179307e-01,1.000000e+00,7/17,18.86%,POLR2J;POLR2K;GTF2A2;CCNT1;POLR2G;POLR2E;TAF15
prerank,Reactome_2022__G Alpha (Q) Signaling Events R-HSA-416476,0.41835150264083143,1.1065406267256235,3.516999e-01,1.000000e+00,1.000000e+00,4/17,7.37%,PRKCH;RASGRP1;GNG2;MAPK1
prerank,Reactome_2022__Vpr-mediated Nuclear Import Of PICs R-HSA-180910,0.5657285088688819,1.1056122938767738,3.391053e-01,1.000000e+00,1.000000e+00,3/5,33.97%,PSIP1;RANBP2;BANF1
prerank,Reactome_2022__Signaling By TGFB Family Members R-HSA-9006936,0.3808139259903725,1.1046677630347839,3.311185e-01,1.000000e+00,1.000000e+00,7/26,15.54%,NEDD8;UBA52;MAPK1;PPP1CA;PPP1CC;UCHL5;STUB1
prerank,Reactome_2022__Transport To Golgi And Subsequent Modification R-HSA-948021,0.3726581666408665,1.1042459229587713,3.566591e-01,1.000000e+00,1.000000e+00,12/30,28.42%,DYNC1H1;SPTAN1;KDELR2;MGAT4A;ARFGAP3;ARF4;KDELR1;TRAPPC1;TMED9;CAPZB;TMED2;DCTN3
prerank,Reactome_2022__Constitutive Signaling By NOTCH1 HD+PEST Domain Mutants R-HSA-2894862,-0.3586004450774461,-1.1035631244224184,2.685185e-01,7.237530e-01,1.000000e+00,2/10,1.92%,CREBBP;UBB
prerank,Reactome_2022__IKK Complex Recruitment Mediated By RIP1 R-HSA-937041,0.5172237371553104,1.1010307987938737,3.314840e-01,1.000000e+00,1.000000e+00,2/7,6.62%,UBE2D2;UBA52
prerank,"Reactome_2022__TICAM1, RIP1-mediated IKK Complex Recruitment R-HSA-168927",0.5172237371553104,1.1010307987938737,3.314840e-01,1.000000e+00,1.000000e+00,2/7,6.62%,UBE2D2;UBA52
prerank,Reactome_2022__Integration Of Energy Metabolism R-HSA-163685,0.4410725497352559,1.100770378087202,3.585366e-01,1.000000e+00,1.000000e+00,3/13,5.82%,VAMP2;GNG2;PPP2R1A
prerank,Reactome_2022__RUNX1 Regulates Transcription Of Genes Involved In Differentiation Of HSCs R-HSA-8939236,-0.25998342303523864,-1.1001502766803526,2.894737e-01,7.274342e-01,1.000000e+00,15/34,21.69%,PSMB1;UBB;H2AX;H2AZ1;PSMB4;PSMA1;PSMD7;PSMA6;PSMA3;PSME2;PSME1;H2AZ2;PSMB10;H3-3B;PSMD13
prerank,Reactome_2022__Nervous System Development R-HSA-9675108,-0.20910281506696712,-1.0977795554293965,2.307692e-01,7.271162e-01,1.000000e+00,28/92,17.04%,PSMB1;ARPC3;RSL24D1;CSNK2B;UBB;CDC42;PKN1;RBM8A;RHOC;PSMB4;AP2M1;ACTG1;PFN1;ARPC1B;ROCK1;PSMA1;PSMD7;MYL6;HSP90AA1;VAV3;PSMA6;ARPC2;PSMA3;LYN;MAGOH;RHOA;EIF4G1;CXCR4
prerank,Reactome_2022__Signaling By KIT In Disease R-HSA-9669938,0.5238822296644154,1.0966656034030684,3.443709e-01,1.000000e+00,1.000000e+00,4/7,28.79%,FYN;LCK;GRB2;STAT1
prerank,Reactome_2022__Ion Transport By P-type ATPases R-HSA-936837,-0.48275188641644295,-1.09376719862446,3.484321e-01,7.311022e-01,1.000000e+00,2/5,3.37%,ATP8B4;SRI
prerank,Reactome_2022__RAB Geranylgeranylation R-HSA-8873719,0.4326660230567021,1.0937288761868338,3.554736e-01,1.000000e+00,1.000000e+00,3/14,9.13%,RAB14;RAB37;RAB27A
prerank,"Reactome_2022__Interleukin-3, Interleukin-5 And GM-CSF Signaling R-HSA-512988",0.4759036229893222,1.0936453428732082,3.678161e-01,1.000000e+00,1.000000e+00,7/10,42.57%,FYN;YWHAZ;GRB2;INPP5D;JAK1;IL2RG;PIK3R1
prerank,Reactome_2022__Cell-Cell Communication R-HSA-1500931,0.43290365900053857,1.0917856087482611,3.544458e-01,1.000000e+00,1.000000e+00,8/14,46.47%,FYN;SPTAN1;FYB1;GRB2;IQGAP1;VASP;PIK3R1;ITGB1
prerank,Reactome_2022__MHC Class II Antigen Presentation R-HSA-2132295,0.4155527112476609,1.090186895437708,3.664303e-01,1.000000e+00,1.000000e+00,7/16,28.42%,KIF2A;DYNC1H1;KIFAP3;CANX;CD74;CAPZB;DCTN3
prerank,Reactome_2022__Cross-presentation Of Soluble Exogenous Antigens (Endosomes) R-HSA-1236978,-0.280272844448902,-1.0892484936817413,3.125000e-01,7.375065e-01,1.000000e+00,10/23,21.69%,PSMB1;PSMB4;PSMA1;PSMD7;PSMA6;PSMA3;PSME2;PSME1;PSMB10;PSMD13
prerank,Reactome_2022__EGFR Downregulation R-HSA-182971,-0.35742435056436284,-1.0866333267889834,3.014354e-01,7.394878e-01,1.000000e+00,2/10,1.98%,UBB;CDC42
prerank,Reactome_2022__BBSome-mediated Cargo-Targeting To Cilium R-HSA-5620922,0.556829559722718,1.0859134979108853,3.760218e-01,1.000000e+00,1.000000e+00,2/5,10.74%,CCT2;CCT3
prerank,custom_senescence_signatures.gmt__GSE9650_EFFECTOR_VS_EXHAUSTED_CD8_TCELL_UP,0.32815956148684383,1.0836661905692766,3.505688e-01,5.253879e-01,9.210000e-01,19/66,20.19%,PRKCH;ETS1;ATP5PO;PIK3CD;RNF167;SSNA1;SEPTIN6;DNAJB1;STK38;RORA;ELAVL1;KLRK1;EIF3B;ANAPC16;ST13;ITGAL;EIF4A3;CIB1;MBP
prerank,Reactome_2022__Interleukin-2 Signaling R-HSA-9020558,0.5542596239390944,1.083531727967997,3.501401e-01,1.000000e+00,1.000000e+00,3/5,38.78%,LCK;JAK1;IL2RG
prerank,Reactome_2022__TP53 Regulates Metabolic Genes R-HSA-5628897,-0.2711404565218344,-1.083002674772799,2.857143e-01,7.432138e-01,1.000000e+00,10/24,16.35%,DDIT4;LAMTOR5;COX5B;LAMTOR1;PRDX5;COX6A1;COX8A;PRKAG1;COX4I1;COX6C
prerank,Reactome_2022__NOTCH2 Activation And Transmission Of Signal To Nucleus R-HSA-2979096,0.5519389562853774,1.0791969547342344,4.005764e-01,1.000000e+00,1.000000e+00,2/5,7.64%,UBA52;MIB2
prerank,Reactome_2022__Nuclear Events (Kinase And Transcription Factor Activation) R-HSA-198725,0.43224303860759244,1.076747421117065,3.769140e-01,1.000000e+00,1.000000e+00,3/13,7.37%,PPP2R1A;REST;MAPK1
prerank,Reactome_2022__Rab Regulation Of Trafficking R-HSA-9007101,0.37370837108263266,1.076599624038696,3.808438e-01,1.000000e+00,1.000000e+00,8/25,21.79%,RAB14;DENND4C;HPS1;RAB27A;GDI2;DENND2D;RAB9A;TRAPPC1
prerank,Reactome_2022__Activation Of BH3-only Proteins R-HSA-114452,0.5078572172814635,1.075692656001159,3.845090e-01,1.000000e+00,1.000000e+00,2/7,16.40%,PPP3CC;YWHAZ
prerank,Reactome_2022__APC-Cdc20 Mediated Degradation Of Nek2A R-HSA-179409,0.48399240073145805,1.0756115341969654,3.942181e-01,1.000000e+00,1.000000e+00,3/8,16.77%,UBA52;BUB3;ANAPC16
prerank,Reactome_2022__Signaling By ALK Fusions And Activated Point Mutants R-HSA-9725370,0.3772717201504374,1.0738239034597736,3.866513e-01,1.000000e+00,1.000000e+00,9/24,28.21%,GCC2;RNF213;MAPK1;MYH9;PPM1B;BIRC6;NPM1;EML4;GRB2
prerank,Reactome_2022__Antiviral Mechanism By IFN-stimulated Genes R-HSA-1169410,0.3903167024281783,1.0734289354559956,3.807339e-01,1.000000e+00,1.000000e+00,10/20,32.75%,EIF4A2;UBA52;EIF4G2;EIF2AK2;EIF4A3;PPM1B;ISG15;STAT1;RANBP2;KPNB1
prerank,Reactome_2022__SUMOylation Of Intracellular Receptors R-HSA-4090294,0.47716433123455876,1.0733022743248264,4.092072e-01,1.000000e+00,1.000000e+00,2/9,9.29%,PIAS1;RORA
prerank,Reactome_2022__RHOV GTPase Cycle R-HSA-9013424,-0.35647476870022554,-1.0724134543522832,3.424658e-01,7.655651e-01,1.000000e+00,3/10,10.20%,CDC42;PKN1;TPM3
prerank,Reactome_2022__RHO GTPases Activate ROCKs R-HSA-5627117,-0.3786463280107905,-1.0722018496461383,3.227092e-01,7.604944e-01,1.000000e+00,5/9,16.19%,PKN1;RHOC;ROCK1;MYL6;RHOA
prerank,Reactome_2022__Apoptotic Execution Phase R-HSA-75153,0.3941869764909602,1.0718786152843056,3.960739e-01,1.000000e+00,1.000000e+00,7/19,22.01%,ACIN1;SPTAN1;H1-4;H1-3;ADD1;CASP8;H1-2
prerank,Reactome_2022__PI Metabolism R-HSA-1483255,0.5245287254848577,1.0718137137766228,3.844122e-01,1.000000e+00,1.000000e+00,5/6,42.57%,RAB14;PIP4K2A;INPP5D;SACM1L;PIK3R1
prerank,Reactome_2022__Transcriptional Regulation Of Granulopoiesis R-HSA-9616222,0.4708301586320046,1.0717139563845564,3.902760e-01,1.000000e+00,1.000000e+00,2/9,5.50%,FLI1;KMT2A
prerank,Reactome_2022__Signaling By WNT In Cancer R-HSA-4791275,0.5035956387243469,1.0709747277708697,3.914209e-01,1.000000e+00,1.000000e+00,3/7,16.08%,PPP2R1A;PPP2R5C;GSK3B
prerank,Reactome_2022__Signaling By FGFR2 In Disease R-HSA-5655253,-0.3885179635811822,-1.068976488596137,3.512195e-01,7.636408e-01,1.000000e+00,2/9,3.04%,POLR2J;POLR2K
prerank,Reactome_2022__Formation Of HIV-1 Elongation Complex Containing HIV-1 Tat R-HSA-167200,-0.33155721330090204,-1.0676895733926637,3.681319e-01,7.558686e-01,1.000000e+00,5/12,17.68%,POLR2J;POLR2K;CCNT1;POLR2G;POLR2E
prerank,Reactome_2022__Formation Of HIV Elongation Complex In Absence Of HIV Tat R-HSA-167152,-0.33155721330090204,-1.0676895733926637,3.681319e-01,7.558686e-01,1.000000e+00,5/12,17.68%,POLR2J;POLR2K;CCNT1;POLR2G;POLR2E
prerank,Reactome_2022__Interleukin-21 Signaling R-HSA-9020958,0.5539810118049862,1.066338903497982,3.877551e-01,1.000000e+00,1.000000e+00,4/5,38.78%,STAT4;STAT1;JAK1;IL2RG
prerank,Reactome_2022__ISG15 Antiviral Mechanism R-HSA-1169408,0.39323291719385917,1.0656953825945308,3.925234e-01,1.000000e+00,1.000000e+00,10/19,32.75%,EIF4A2;UBA52;EIF4G2;EIF2AK2;EIF4A3;PPM1B;ISG15;STAT1;RANBP2;KPNB1
prerank,Reactome_2022__Regulation Of KIT Signaling R-HSA-1433559,0.557337421965021,1.0652946037177797,3.944444e-01,1.000000e+00,1.000000e+00,4/5,35.31%,FYN;LCK;GRB2;SOCS1
prerank,Reactome_2022__Interleukin-17 Signaling R-HSA-448424,0.4262322248633782,1.0645100407818022,3.980930e-01,1.000000e+00,1.000000e+00,3/13,7.37%,PPP2R1A;UBA52;MAPK1
prerank,Reactome_2022__MAP Kinase Activation R-HSA-450294,0.4262322248633782,1.0645100407818022,3.980930e-01,1.000000e+00,1.000000e+00,3/13,7.37%,PPP2R1A;UBA52;MAPK1
prerank,Reactome_2022__Regulation Of Apoptosis R-HSA-169911,-0.26416420917195216,-1.0631086293620196,3.545455e-01,7.460407e-01,1.000000e+00,11/26,21.69%,PSMB1;UBB;PSMB4;PSMA1;PSMD7;PSMA6;PSMA3;PSME2;PSME1;PSMB10;PSMD13
prerank,Reactome_2022__Asymmetric Localization Of PCP Proteins R-HSA-4608870,-0.26416420917195216,-1.0631086293620196,3.545455e-01,7.460407e-01,1.000000e+00,11/26,21.69%,PSMB1;UBB;PSMB4;PSMA1;PSMD7;PSMA6;PSMA3;PSME2;PSME1;PSMB10;PSMD13
prerank,Reactome_2022__Ubiquitin Mediated Degradation Of Phosphorylated Cdc25A R-HSA-69601,-0.26416420917195216,-1.0631086293620196,3.545455e-01,7.460407e-01,1.000000e+00,11/26,21.69%,PSMB1;UBB;PSMB4;PSMA1;PSMD7;PSMA6;PSMA3;PSME2;PSME1;PSMB10;PSMD13
prerank,Reactome_2022__Regulation Of Activated PAK-2p34 By Proteasome Mediated Degradation R-HSA-211733,-0.26416420917195216,-1.0631086293620196,3.545455e-01,7.460407e-01,1.000000e+00,11/26,21.69%,PSMB1;UBB;PSMB4;PSMA1;PSMD7;PSMA6;PSMA3;PSME2;PSME1;PSMB10;PSMD13
prerank,Reactome_2022__SUMOylation Of Ubiquitinylation Proteins R-HSA-3232142,0.5250144943346438,1.062647356989918,4.155125e-01,1.000000e+00,1.000000e+00,1/6,5.77%,PIAS1
prerank,Reactome_2022__Sensory Perception R-HSA-9709957,0.3943453394107658,1.0618487866065798,4.004684e-01,1.000000e+00,1.000000e+00,4/18,7.91%,VAMP2;RIPOR2;SPTAN1;MYH9
prerank,Reactome_2022__Nuclear Events Stimulated By ALK Signaling In Cancer R-HSA-9725371,0.5000516931277392,1.060244829368467,3.997290e-01,1.000000e+00,1.000000e+00,3/7,24.63%,MAPK1;NPM1;EML4
prerank,Reactome_2022__FCERI Mediated Ca+2 Mobilization R-HSA-2871809,0.4351877514464065,1.0582093109480686,4.205379e-01,1.000000e+00,1.000000e+00,6/11,33.92%,NFATC2;PLCG2;NFATC3;GRB2;CALM1;TXK
prerank,Reactome_2022__Regulation Of TP53 Activity Thru Methylation R-HSA-6804760,0.5378187979725069,1.0570563917044067,4.085714e-01,1.000000e+00,1.000000e+00,3/5,18.70%,UBA52;ATM;EHMT1
prerank,Reactome_2022__Degradation Of DVL R-HSA-4641258,-0.25493440977370696,-1.0564467233619952,3.539823e-01,7.599058e-01,1.000000e+00,12/28,22.70%,PSMB1;UBB;PSMB4;PSMA1;PSMD7;PSMA6;PSMA3;PSME2;PSME1;PSMB10;PSMD13;CUL3
prerank,Reactome_2022__Endosomal/Vacuolar Pathway R-HSA-1236977,0.4962510967923506,1.0563944480222482,4.319444e-01,1.000000e+00,1.000000e+00,6/7,48.93%,LNPEP;HLA-E;HLA-C;HLA-F;HLA-A;HLA-B
prerank,Reactome_2022__Signaling By Non-Receptor Tyrosine Kinases R-HSA-9006927,0.44440427717034703,1.055579682541301,4.347826e-01,1.000000e+00,1.000000e+00,5/10,26.07%,CDKN1B;UBA52;HIF1A;KHDRBS1;PTPN1
prerank,Reactome_2022__TP53 Regulates Transcription Of Genes Involved In Cytochrome C Release R-HSA-6803204,-0.46303257106887824,-1.0553990988245667,3.627119e-01,7.519099e-01,1.000000e+00,2/5,8.39%,CREBBP;PRELID1
prerank,Reactome_2022__TP53 Regulates Transcription Of Cell Death Genes R-HSA-5633008,-0.46303257106887824,-1.0553990988245667,3.627119e-01,7.519099e-01,1.000000e+00,2/5,8.39%,CREBBP;PRELID1
prerank,Reactome_2022__Binding And Uptake Of Ligands By Scavenger Receptors R-HSA-2173782,-0.4008474359654519,-1.0553928080982373,3.424125e-01,7.467795e-01,1.000000e+00,3/7,14.05%,C1D;HSP90AA1;FTH1
prerank,Reactome_2022__TP53 Regulates Transcription Of DNA Repair Genes R-HSA-6796648,-0.2915120577451862,-1.0553450269726832,3.515152e-01,7.418154e-01,1.000000e+00,6/15,17.68%,POLR2J;POLR2K;FOS;CCNT1;POLR2G;POLR2E
prerank,Reactome_2022__Meiotic Recombination R-HSA-912446,-0.45742588368654297,-1.0544236534097158,3.680556e-01,7.393841e-01,1.000000e+00,4/5,20.73%,H2AX;H2AZ1;H2AZ2;H3-3B
prerank,Reactome_2022__Transcriptional Regulation By TP53 R-HSA-3700989,-0.19983477816056588,-1.0544142012298259,2.500000e-01,7.344424e-01,1.000000e+00,22/72,16.35%,CSNK2B;CREBBP;CHD4;DDIT4;POLR2J;UBB;LAMTOR5;POLR2K;RBBP7;COX5B;FOS;LAMTOR1;PRELID1;PRDX5;COX6A1;RICTOR;COX8A;PRKAG1;CCNT1;COX4I1;POLR2G;COX6C
prerank,Reactome_2022__Base Excision Repair R-HSA-73884,-0.40607329735423886,-1.0539315284620367,3.664122e-01,7.305613e-01,1.000000e+00,4/7,19.93%,H2AX;H2AZ1;MPG;H2AZ2
prerank,Reactome_2022__Antigen Activates B Cell Receptor Leading To Second Messenger Generation R-HSA-983695,0.4802282731975821,1.0522856154928304,4.156171e-01,1.000000e+00,1.000000e+00,6/8,42.57%,FYN;PLCG2;GRB2;CALM1;ORAI1;PIK3R1
prerank,"Reactome_2022__Cell Death Signaling Via NRAGE, NRIF And NADE R-HSA-204998",0.41960114825688744,1.0521563961679476,4.121287e-01,1.000000e+00,1.000000e+00,4/12,18.91%,ARHGEF3;UBA52;ARHGEF1;GNA13
prerank,Reactome_2022__Cell Cycle Checkpoints R-HSA-69620,0.3266643710901939,1.0500891238916432,4.246575e-01,1.000000e+00,1.000000e+00,16/53,24.68%,KIF2A;CDKN1B;DYNC1H1;PPP2R1A;UBA52;BUB3;PPP1CC;PPP2R5C;ATM;YWHAZ;ANAPC16;NUDC;PSMC3;PSMA5;PSMF1;PSMD4
prerank,Reactome_2022__Interleukin-1 Family Signaling R-HSA-446652,-0.2152269044067215,-1.049156630211299,3.181818e-01,7.381041e-01,1.000000e+00,11/47,14.48%,PSMB1;NFKBIA;MAP3K8;UBB;HMGB1;PSMB4;PSMA1;PSMD7;IL18RAP;PSMA6;PSMA3
prerank,Reactome_2022__NS1 Mediated Effects On Host Pathways R-HSA-168276,0.47813950336099664,1.0477701369397803,4.236200e-01,1.000000e+00,1.000000e+00,4/8,32.75%,EIF2AK2;ISG15;RANBP2;KPNB1
prerank,Reactome_2022__Signal Transduction R-HSA-162582,0.287678404584025,1.045902366820182,3.460000e-01,1.000000e+00,1.000000e+00,95/390,22.33%,CDC42SE2;PRKCH;KIF2A;TAGAP;PPP3CC;CCDC88C;NEDD8;DDX5;RASGRP1;CDKN1B;FYN;ARHGAP25;ARHGEF3;DYNC1H1;ARHGAP45;TNRC6B;GNG2;RASA3;MYLIP;SPTAN1;KDM4C;DNAJB1;PPP2R1A;KTN1;ERLEC1;REST;UBA52;SH2D2A;PTGER2;CX3CR1;PHIP;MAPK1;ADD3;MIB2;CCT2;FNBP1;MYH9;PPP1CA;LBR;CDC73;STK38;BUB3;STK4;RORA;STOM;PPP1CC;PPP2R5C;DEF6;SEPTIN7;ARHGEF1;UCHL5;ADGRE5;ARHGAP30;RAP1GDS1;ADRB2;ITSN2;TLE1;IKZF1;RHOH;LCK;CCND3;PTGES3;EIF4B;IQGAP2;STUB1;GZMB;UHMK1;GSK3B;FMNL1;YWHAZ;CYFIP2;CNOT6L;DGKD;ARHGAP15;CASP8;COL6A2;WIPF1;PLCG2;ARFGAP3;GNA13;ZAP70;CCL3;HMOX2;NUDC;PSMC3;HIF1A;DOCK10;RAB9A;POLR2A;TLE4;PTGER4;TIAL1;MYL12B;ABI1;CSK
prerank,Reactome_2022__Vpu Mediated Degradation Of CD4 R-HSA-180534,-0.25610316498983543,-1.0452753646183794,4.134615e-01,7.385872e-01,1.000000e+00,11/27,21.69%,PSMB1;UBB;PSMB4;PSMA1;PSMD7;PSMA6;PSMA3;PSME2;PSME1;PSMB10;PSMD13
prerank,Reactome_2022__SCF-beta-TrCP Mediated Degradation Of Emi1 R-HSA-174113,-0.25610316498983543,-1.0452753646183794,4.134615e-01,7.385872e-01,1.000000e+00,11/27,21.69%,PSMB1;UBB;PSMB4;PSMA1;PSMD7;PSMA6;PSMA3;PSME2;PSME1;PSMB10;PSMD13
prerank,Reactome_2022__Dual Incision In GG-NER R-HSA-5696400,-0.4328847528608124,-1.041268570784011,3.874539e-01,7.429723e-01,1.000000e+00,2/6,5.02%,UBB;XPA
prerank,Reactome_2022__Assembly Of HIV Virion R-HSA-175474,-0.39015089692086424,-1.040433842333099,3.369176e-01,7.404749e-01,1.000000e+00,2/7,7.53%,UBB;FURIN
prerank,Reactome_2022__RHO GTPases Activate WASPs And WAVEs R-HSA-5663213,-0.3036703662094985,-1.0403005010773074,3.774834e-01,7.360335e-01,1.000000e+00,6/16,13.57%,ARPC3;CDC42;BRK1;ACTG1;ARPC1B;ARPC2
prerank,Reactome_2022__Constitutive Signaling By Aberrant PI3K In Cancer R-HSA-2219530,0.47348433136166523,1.0399920041502675,4.267352e-01,1.000000e+00,1.000000e+00,5/8,42.57%,FYN;LCK;GRB2;RAC2;PIK3R1
prerank,Reactome_2022__Telomere Maintenance R-HSA-157579,-0.30570750792748413,-1.0397051512990367,3.710692e-01,7.280728e-01,1.000000e+00,4/14,6.94%,POLR2J;POLR2K;H2AX;H2AZ1
prerank,Reactome_2022__Inhibition Of DNA Recombination At Telomere R-HSA-9670095,-0.30570750792748413,-1.0397051512990367,3.710692e-01,7.280728e-01,1.000000e+00,4/14,6.94%,POLR2J;POLR2K;H2AX;H2AZ1
prerank,Reactome_2022__Nonsense Mediated Decay (NMD) Independent Of Exon Junction Complex (EJC) R-HSA-975956,0.5452810650594235,1.039581552203701,4.300000e-01,1.000000e+00,1.000000e+00,2/5,6.62%,FAU;UBA52
prerank,Reactome_2022__RHOBTB2 GTPase Cycle R-HSA-9013418,0.3980555042627991,1.0381542754981363,4.248826e-01,1.000000e+00,1.000000e+00,3/15,8.28%,PHIP;CCT2;STK38
prerank,Reactome_2022__Metabolism Of Water-Soluble Vitamins And Cofactors R-HSA-196849,0.4618670842470793,1.036342883136131,4.528061e-01,1.000000e+00,1.000000e+00,4/9,27.62%,PARP10;SLC2A3;CD320;FPGS
prerank,Reactome_2022__Signaling By PDGFR In Disease R-HSA-9671555,0.489586222702304,1.0344119419398008,4.577836e-01,1.000000e+00,1.000000e+00,5/7,42.57%,GOLGA4;GRB2;STAT1;BIN2;PIK3R1
prerank,Reactome_2022__Platelet Homeostasis R-HSA-418346,0.41461965018240765,1.0328552574801735,4.533170e-01,1.000000e+00,1.000000e+00,4/13,11.70%,GNG2;PPP2R1A;PPP2R5C;FGR
prerank,Reactome_2022__ER To Golgi Anterograde Transport R-HSA-199977,0.3530537388433399,1.0324860115807846,4.489796e-01,1.000000e+00,1.000000e+00,11/28,28.42%,DYNC1H1;SPTAN1;KDELR2;ARFGAP3;ARF4;KDELR1;TRAPPC1;TMED9;CAPZB;TMED2;DCTN3
prerank,Reactome_2022__CD209 (DC-SIGN) Signaling R-HSA-5621575,-0.3493052000801523,-1.0313429037041588,3.300971e-01,7.438662e-01,1.000000e+00,2/10,2.62%,CREBBP;PKN1
prerank,Reactome_2022__FBXL7 Down-Regulates AURKA During Mitotic Entry And In Early Mitosis R-HSA-8854050,-0.24906454992619997,-1.0286606531362528,4.285714e-01,7.415878e-01,1.000000e+00,11/28,21.69%,PSMB1;UBB;PSMB4;PSMA1;PSMD7;PSMA6;PSMA3;PSME2;PSME1;PSMB10;PSMD13
prerank,Reactome_2022__Orc1 Removal From Chromatin R-HSA-68949,-0.24906454992619997,-1.0286606531362528,4.285714e-01,7.415878e-01,1.000000e+00,11/28,21.69%,PSMB1;UBB;PSMB4;PSMA1;PSMD7;PSMA6;PSMA3;PSME2;PSME1;PSMB10;PSMD13
prerank,Reactome_2022__Leishmania Infection R-HSA-9658195,0.32335772238843513,1.0281291548746856,4.608051e-01,1.000000e+00,1.000000e+00,19/47,29.81%,FYN;GNG2;PSTPIP1;PTGER2;MAPK1;MYH9;ADRB2;FGR;CYFIP2;WIPF1;PLCG2;PTGER4;ABI1;NFKB2;PRKX;CYBA;GRB2;ACTR3;CALM1
prerank,Reactome_2022__SUMOylation Of Transcription Cofactors R-HSA-3899300,0.4207905481852391,1.0274784624536417,4.738761e-01,1.000000e+00,1.000000e+00,5/12,21.47%,DDX5;PIAS1;DDX17;SAFB;NPM1
prerank,Reactome_2022__CD28 Co-Stimulation R-HSA-389356,-0.371324696602472,-1.0269259915400395,4.170854e-01,7.410978e-01,1.000000e+00,3/9,2.62%,MAP3K8;CDC42;PKN1
prerank,Reactome_2022__Retrograde Transport At Trans-Golgi-Network R-HSA-6811440,0.4451694814356141,1.026766893445828,4.381443e-01,1.000000e+00,1.000000e+00,4/9,20.83%,GCC2;GOLGA4;NAA38;RAB9A
prerank,Reactome_2022__GPCR Ligand Binding R-HSA-500792,0.35567397720810234,1.0249134268537567,4.599775e-01,1.000000e+00,1.000000e+00,7/25,21.37%,GNG2;PTGER2;CX3CR1;ADGRE5;ADRB2;CCL3;PTGER4
prerank,Reactome_2022__Condensation Of Prophase Chromosomes R-HSA-2299718,-0.4476559595815761,-1.0247202031813976,4.375000e-01,7.418374e-01,1.000000e+00,4/5,20.73%,H2AX;H2AZ1;H2AZ2;H3-3B
prerank,Reactome_2022__Signaling By SCF-KIT R-HSA-1433557,0.4575670342414079,1.0235698574700045,4.537389e-01,1.000000e+00,1.000000e+00,5/9,35.31%,FYN;LCK;GRB2;STAT1;SOCS1
prerank,Reactome_2022__Folding Of Actin By CCT/TriC R-HSA-390450,0.4787449368313441,1.022957112180672,4.644295e-01,1.000000e+00,1.000000e+00,2/7,10.74%,CCT2;CCT3
prerank,Reactome_2022__RHO GTPase Effectors R-HSA-195258,0.31103947208214067,1.0229506498620753,4.446764e-01,1.000000e+00,1.000000e+00,24/63,29.81%,KIF2A;CDKN1B;DYNC1H1;KDM4C;PPP2R1A;KTN1;MAPK1;MYH9;BUB3;PPP1CC;PPP2R5C;IQGAP2;FMNL1;YWHAZ;CYFIP2;WIPF1;NUDC;MYL12B;ABI1;CYBA;EVL;GRB2;ACTR3;CALM1
prerank,Reactome_2022__PINK1-PRKN Mediated Mitophagy R-HSA-5205685,-0.3480370702268082,-1.0224000637815216,3.901345e-01,7.434032e-01,1.000000e+00,3/10,8.28%,VDAC1;UBB;MAP1LC3B
prerank,Reactome_2022__Apoptosis R-HSA-109581,0.313270031757617,1.0220366456643624,4.655532e-01,1.000000e+00,1.000000e+00,17/59,24.68%,CYCS;PPP3CC;ACIN1;SPTAN1;UBA52;MAPK1;H1-4;H1-3;ADD1;GZMB;YWHAZ;CASP8;PSMC3;H1-2;PSMA5;PSMF1;PSMD4
prerank,Reactome_2022__Signaling By FGFR In Disease R-HSA-1226099,-0.331834807836254,-1.0216076307335893,4.327485e-01,7.407747e-01,1.000000e+00,5/12,17.68%,POLR2J;POLR2K;POLR2G;LRRFIP1;POLR2E
prerank,Reactome_2022__Biological Oxidations R-HSA-211859,-0.3336582718441131,-1.0214367217934117,4.128440e-01,7.367099e-01,1.000000e+00,5/11,18.22%,VDAC2;GSTK1;GSTP1;AURKAIP1;TPST2
prerank,Reactome_2022__Class A/1 (Rhodopsin-like Receptors) R-HSA-373076,0.3812545824224321,1.0202057889861802,4.516509e-01,1.000000e+00,1.000000e+00,5/17,21.37%,PTGER2;CX3CR1;ADRB2;CCL3;PTGER4
prerank,Reactome_2022__Influenza Viral RNA Transcription And Replication R-HSA-168273,-0.2874075792134904,-1.019990054770234,4.121212e-01,7.354801e-01,1.000000e+00,3/17,3.04%,RSL24D1;POLR2J;POLR2K
prerank,Reactome_2022__SIRT1 Negatively Regulates rRNA Expression R-HSA-427359,-0.4445612594565777,-1.0194822716530634,4.067797e-01,7.324188e-01,1.000000e+00,4/5,20.73%,H2AX;H2AZ1;H2AZ2;H3-3B
prerank,Reactome_2022__Growth Hormone Receptor Signaling R-HSA-982772,0.4972008318018265,1.0172144349751318,4.439946e-01,1.000000e+00,1.000000e+00,4/6,35.31%,MAPK1;PTPN1;STAT1;SOCS1
prerank,Reactome_2022__APC/C:Cdc20 Mediated Degradation Of Securin R-HSA-174154,-0.24946201645444946,-1.0169937823743531,4.395604e-01,7.214213e-01,1.000000e+00,11/30,20.09%,PSMB1;UBB;PSMB4;UBE2S;PSMA1;PSMD7;PSMA6;PSMA3;PSME2;PSME1;PSMB10
prerank,Reactome_2022__CDK-mediated Phosphorylation And Removal Of Cdc6 R-HSA-69017,-0.24946201645444946,-1.0169937823743531,4.395604e-01,7.214213e-01,1.000000e+00,11/30,20.09%,PSMB1;UBB;PSMB4;UBE2S;PSMA1;PSMD7;PSMA6;PSMA3;PSME2;PSME1;PSMB10
prerank,Reactome_2022__Autodegradation Of Cdh1 By Cdh1:APC/C R-HSA-174084,-0.24946201645444946,-1.0169937823743531,4.395604e-01,7.214213e-01,1.000000e+00,11/30,20.09%,PSMB1;UBB;PSMB4;UBE2S;PSMA1;PSMD7;PSMA6;PSMA3;PSME2;PSME1;PSMB10
prerank,Reactome_2022__APC/C:Cdh1 Mediated Degradation Of Cdc20 And APC/C:Cdh1 Targets In Late Mitosis/Early G1 R-HSA-174178,-0.24946201645444946,-1.0169937823743531,4.395604e-01,7.214213e-01,1.000000e+00,11/30,20.09%,PSMB1;UBB;PSMB4;UBE2S;PSMA1;PSMD7;PSMA6;PSMA3;PSME2;PSME1;PSMB10
prerank,Reactome_2022__Activated NOTCH1 Transmits Signal To Nucleus R-HSA-2122948,0.4933804095766934,1.0167542709828141,4.825175e-01,1.000000e+00,1.000000e+00,2/6,7.64%,UBA52;MIB2
prerank,Reactome_2022__MAPK Family Signaling Cascades R-HSA-5683057,0.30271359017834837,1.0155432203716592,4.816701e-01,1.000000e+00,1.000000e+00,12/73,9.94%,RASGRP1;FYN;TNRC6B;RASA3;SPTAN1;DNAJB1;PPP2R1A;UBA52;MAPK1;PPP1CC;PPP2R5C;SEPTIN7
prerank,Reactome_2022__Activation Of GABAB Receptors R-HSA-991365,-0.44537708520217356,-1.0150219146580663,3.885135e-01,7.098283e-01,1.000000e+00,3/5,11.81%,GNAI2;GNB1;GNB2
prerank,"Reactome_2022__Adrenaline,noradrenaline Inhibits Insulin Secretion R-HSA-400042",-0.44537708520217356,-1.0150219146580663,3.885135e-01,7.098283e-01,1.000000e+00,3/5,11.81%,GNAI2;GNB1;GNB2
prerank,Reactome_2022__ADP Signaling Thru P2Y Purinoceptor 12 R-HSA-392170,-0.44537708520217356,-1.0150219146580663,3.885135e-01,7.098283e-01,1.000000e+00,3/5,11.81%,GNAI2;GNB1;GNB2
prerank,Reactome_2022__GABA Receptor Activation R-HSA-977443,-0.44537708520217356,-1.0150219146580663,3.885135e-01,7.098283e-01,1.000000e+00,3/5,11.81%,GNAI2;GNB1;GNB2
prerank,custom_senescence_signatures.gmt__CELLAGE_SENESCENCE_INDUCES,0.30668567233862226,1.014448764541074,4.564533e-01,5.624824e-01,9.750000e-01,13/64,19.71%,ATRX;PRKCH;ETS1;CDKN1B;PPP2R1A;MAPK1;RBL2;STK4;ITSN2;PIM1;EIF2AK2;ARID4B;XAF1
prerank,Reactome_2022__Deadenylation-dependent mRNA Decay R-HSA-429914,0.39042283103391673,1.0130013813282375,4.621849e-01,1.000000e+00,1.000000e+00,7/15,29.91%,EIF4A2;EIF4B;CNOT6L;EIF4A3;LSM7;CNOT2;LSM4
prerank,Reactome_2022__Detoxification Of Reactive Oxygen Species R-HSA-3299685,0.496126258326455,1.0127544578057535,4.834254e-01,1.000000e+00,1.000000e+00,1/6,0.53%,CYCS
prerank,Reactome_2022__Degradation Of AXIN R-HSA-4641257,-0.24352143276837546,-1.0100671031248867,4.629630e-01,7.173643e-01,1.000000e+00,11/27,21.69%,PSMB1;UBB;PSMB4;PSMA1;PSMD7;PSMA6;PSMA3;PSME2;PSME1;PSMB10;PSMD13
prerank,Reactome_2022__Regulation Of TP53 Activity R-HSA-5633007,-0.25673992645098487,-1.0071737827430707,4.153846e-01,7.199626e-01,1.000000e+00,4/22,3.95%,CSNK2B;CHD4;UBB;RBBP7
prerank,Reactome_2022__Dectin-1 Mediated Noncanonical NF-kB Signaling R-HSA-5607761,-0.2389580387069376,-1.007089676658178,4.526316e-01,7.161203e-01,1.000000e+00,12/30,21.69%,PSMB1;UBB;PSMB4;PSMA1;PSMD7;PSMA6;PSMA3;PSME2;PSME1;PSMB10;RELB;PSMD13
prerank,Reactome_2022__NOTCH3 Activation And Transmission Of Signal To Nucleus R-HSA-9013507,0.4896103162366534,1.0046597863870899,4.748603e-01,1.000000e+00,1.000000e+00,2/6,7.64%,UBA52;MIB2
prerank,Reactome_2022__SUMOylation Of RNA Binding Proteins R-HSA-4570464,-0.32814178302900104,-1.00349525012282,4.245283e-01,7.210788e-01,1.000000e+00,10/10,67.41%,CBX4;UBE2I;TPR;SUMO2;SUMO1;POM121;HNRNPC;HNRNPK;NOP58;RANBP2
prerank,Reactome_2022__Synthesis Of DNA R-HSA-69239,-0.23699090261905867,-1.0018048625240255,4.886364e-01,7.172260e-01,1.000000e+00,8/32,14.48%,PSMB1;UBB;PSMB4;UBE2S;PSMA1;PSMD7;PSMA6;PSMA3
prerank,Reactome_2022__Switching Of Origins To A Post-Replicative State R-HSA-69052,-0.23699090261905867,-1.0018048625240255,4.886364e-01,7.172260e-01,1.000000e+00,8/32,14.48%,PSMB1;UBB;PSMB4;UBE2S;PSMA1;PSMD7;PSMA6;PSMA3
prerank,Reactome_2022__Extracellular Matrix Organization R-HSA-1474244,-0.24420817135390588,-1.0017840453920976,4.234234e-01,7.133292e-01,1.000000e+00,8/25,14.90%,ITGAM;CAPNS1;PPIB;CD44;FURIN;ITGAE;BSG;ITGAX
prerank,Reactome_2022__Synthesis Of PIPs At Plasma Membrane R-HSA-1660499,0.5160208452514311,1.0002269434318942,4.958217e-01,1.000000e+00,1.000000e+00,4/5,42.57%,RAB14;PIP4K2A;INPP5D;PIK3R1
prerank,Reactome_2022__Metabolism R-HSA-1430728,-0.16988816087006864,-1.0,1.000000e+00,7.134683e-01,1.000000e+00,51/237,13.46%,VDAC1;PSMB1;ENO1;RSL24D1;CSNK2B;NDUFA6;CREBBP;UQCRFS1;VDAC2;NR1H2;UBB;GNAI2;GNB1;NT5C;ESYT2;NDUFS8;ACAA2;SPTSSB;MED30;COQ10B;COX5B;GLTP;CD44;GSTK1;UQCRC2;PSMB4;NDUFS6;RAN;MMADHC;LDHA;HSD17B11;NME2;TSPO;DBI;OSBPL5;COX6A1;PSMA1;MVD;NDUFB8;PSMD7;C1D;GNB2;GSTP1;ATP5PF;ATP5F1C;NDUFB11;HSP90AA1;PSMA6;AURKAIP1;COX8A;BSG
prerank,Reactome_2022__Clathrin-mediated Endocytosis R-HSA-8856828,0.3322156458437297,0.99923782525972,4.846154e-01,1.000000e+00,1.000000e+00,7/31,12.18%,NEDD8;VAMP2;UBA52;FNBP1;ADRB2;ITSN2;COPS6
prerank,Reactome_2022__Separation Of Sister Chromatids R-HSA-2467813,0.31784477769921926,0.9984792281175076,4.994618e-01,1.000000e+00,1.000000e+00,13/45,24.68%,KIF2A;DYNC1H1;PPP2R1A;UBA52;BUB3;PPP1CC;PPP2R5C;ANAPC16;NUDC;PSMC3;PSMA5;PSMF1;PSMD4
prerank,custom_senescence_signatures.gmt__GSE9650_EXHAUSTED_VS_MEMORY_CD8_TCELL_DN,0.2964641001096617,0.9981775383662685,5.081136e-01,4.952202e-01,9.800000e-01,34/80,35.15%,ETS1;PIK3CD;FAM107B;PITPNC1;STK38;ELAVL1;ADRB2;KLF6;TRAM1;ADD1;KLRK1;CCND3;EIF3B;IQGAP2;ANAPC16;ITGAL;MBP;RABAC1;TLE4;IL18R1;IL7R;OAZ1;ABLIM1;ARL6IP5;SARAF;FBL;RNPS1;RPN1;ICAM2;TOB1;NSMCE1;ANXA6;TAGLN2;SACM1L
prerank,Reactome_2022__Pyruvate Metabolism And Citric Acid (TCA) Cycle R-HSA-71406,-0.3912842659905543,-0.9975932150459229,3.992395e-01,7.157603e-01,1.000000e+00,3/7,13.46%,VDAC1;LDHA;BSG
prerank,Reactome_2022__AUF1 (hnRNP D0) Binds And Destabilizes mRNA R-HSA-450408,-0.23248411370312164,-0.9961885300244063,4.081633e-01,7.153220e-01,1.000000e+00,11/30,20.09%,PSMB1;UBB;PSMB4;PSMA1;PSMD7;PSMA6;PSMA3;EIF4G1;PSME2;PSME1;PSMB10
prerank,Reactome_2022__Ca2+ Pathway R-HSA-4086398,0.43955211134514227,0.9923994208413478,5.123217e-01,1.000000e+00,1.000000e+00,2/9,3.85%,TNRC6B;GNG2
prerank,Reactome_2022__GPER1 Signaling R-HSA-9634597,-0.3355986297899881,-0.990163247815931,4.425532e-01,7.255557e-01,1.000000e+00,3/9,11.81%,GNAI2;GNB1;GNB2
prerank,Reactome_2022__Regulation Of Ornithine Decarboxylase (ODC) R-HSA-350562,-0.2484915723822843,-0.9888239014436339,4.480000e-01,7.248342e-01,1.000000e+00,10/24,21.69%,PSMB1;PSMB4;PSMA1;PSMD7;PSMA6;PSMA3;PSME2;PSME1;PSMB10;PSMD13
prerank,Reactome_2022__Peroxisomal Protein Import R-HSA-9033241,0.46365486077741747,0.9886204131384059,5.103448e-01,1.000000e+00,1.000000e+00,2/7,6.62%,UBE2D2;UBA52
prerank,Reactome_2022__Integrin Cell Surface Interactions R-HSA-216083,-0.2966667236241648,-0.9886134685803306,4.385965e-01,7.214472e-01,1.000000e+00,5/13,14.90%,ITGAM;CD44;ITGAE;BSG;ITGAX
prerank,Reactome_2022__EPHA-mediated Growth Cone Collapse R-HSA-3928663,0.4632849572172639,0.988375461975012,5.047106e-01,1.000000e+00,1.000000e+00,3/7,21.85%,FYN;MYH9;MYL12B
prerank,Reactome_2022__SLC Transporter Disorders R-HSA-5619102,0.47951787617116615,0.9880102993882048,4.919786e-01,1.000000e+00,1.000000e+00,3/6,32.69%,MAP4K5;SLC3A2;RANBP2
prerank,Reactome_2022__Late SARS-CoV-2 Infection Events R-HSA-9772573,0.3600725895796938,0.9872940690664024,5.045872e-01,1.000000e+00,1.000000e+00,7/19,29.75%,PARP10;UBA52;MGAT4A;GSK3B;CANX;SRPK2;RPN1
prerank,Reactome_2022__HDMs Demethylate Histones R-HSA-3214842,0.5071496067786041,0.9870618084448126,5.095168e-01,1.000000e+00,1.000000e+00,2/5,27.94%,KDM4C;KDM5A
prerank,Reactome_2022__Infection With Mycobacterium Tuberculosis R-HSA-9635486,0.4063057388813438,0.9867302285203129,5.100251e-01,1.000000e+00,1.000000e+00,3/12,7.37%,UBA52;RNF213;MAPK1
prerank,Reactome_2022__PRC2 Methylates Histones And DNA R-HSA-212300,-0.3476687474428437,-0.9857304602598219,4.549763e-01,7.242932e-01,1.000000e+00,3/9,6.94%,RBBP7;H2AX;H2AZ1
prerank,Reactome_2022__RUNX1 Regulates Genes Involved In Megakaryocyte Differentiation And Platelet Function R-HSA-8936459,0.407313230896049,0.9854563295689903,5.000000e-01,1.000000e+00,1.000000e+00,2/11,5.50%,TNRC6B;KMT2A
prerank,Reactome_2022__Protein Ubiquitination R-HSA-8852135,0.3555688983883426,0.9854289970361706,4.988180e-01,1.000000e+00,1.000000e+00,4/19,8.23%,UBE2D2;UBE2G2;UBA52;CDC73
prerank,Reactome_2022__Cleavage Of Damaged Pyrimidine R-HSA-110329,-0.43304354193520456,-0.9850202257004935,4.622951e-01,7.183757e-01,1.000000e+00,2/5,6.94%,H2AX;H2AZ1
prerank,Reactome_2022__Packaging Of Telomere Ends R-HSA-171306,-0.43304354193520456,-0.9850202257004935,4.622951e-01,7.183757e-01,1.000000e+00,2/5,6.94%,H2AX;H2AZ1
prerank,Reactome_2022__Negative Epigenetic Regulation Of rRNA Expression R-HSA-5250941,-0.275910475304307,-0.9848652191500374,4.571429e-01,7.113982e-01,1.000000e+00,4/18,6.94%,SAP30BP;POLR2K;H2AX;H2AZ1
prerank,Reactome_2022__NoRC Negatively Regulates rRNA Expression R-HSA-427413,-0.275910475304307,-0.9848652191500374,4.571429e-01,7.113982e-01,1.000000e+00,4/18,6.94%,SAP30BP;POLR2K;H2AX;H2AZ1
prerank,Reactome_2022__RHOF GTPase Cycle R-HSA-9035034,0.4807031844704136,0.9822444131541823,5.115646e-01,1.000000e+00,1.000000e+00,5/6,48.77%,ADD3;CAPZB;RHOF;PIK3R1;DIAPH1
prerank,Reactome_2022__NIK To Noncanonical NF-kB Signaling R-HSA-5676590,-0.23977922357936088,-0.9818594455514826,5.102041e-01,7.147283e-01,1.000000e+00,12/29,21.69%,PSMB1;UBB;PSMB4;PSMA1;PSMD7;PSMA6;PSMA3;PSME2;PSME1;PSMB10;RELB;PSMD13
prerank,Reactome_2022__Thrombin Signaling Thru Proteinase Activated Receptors (PARs) R-HSA-456926,0.4767242588754918,0.9813295943690392,5.076072e-01,1.000000e+00,1.000000e+00,3/6,18.91%,GNG2;MAPK1;GNA13
prerank,Reactome_2022__Regulation Of TP53 Activity Thru Phosphorylation R-HSA-6804756,-0.33654867115486353,-0.9770121679513368,4.444444e-01,7.222031e-01,1.000000e+00,2/9,1.92%,CSNK2B;UBB
prerank,Reactome_2022__Asparagine N-linked Glycosylation R-HSA-446203,0.3030739029786683,0.9768413261530554,5.348837e-01,1.000000e+00,1.000000e+00,17/48,29.75%,DYNC1H1;SPTAN1;KDELR2;UBA52;MGAT4A;CANX;ARFGAP3;ARF4;KDELR1;TRAPPC1;TMED9;MLEC;CAPZB;DERL1;TMED2;DCTN3;RPN1
prerank,Reactome_2022__Smooth Muscle Contraction R-HSA-445355,-0.335325861735302,-0.9760359717906172,4.556962e-01,7.206227e-01,1.000000e+00,4/10,12.45%,PKN1;ANXA1;TPM3;MYL6
prerank,Reactome_2022__Transport Of Inorganic Cations/Anions And Amino Acids/Oligopeptides R-HSA-425393,0.4483745700882811,0.9759700294402874,5.317139e-01,1.000000e+00,1.000000e+00,4/7,29.81%,SLC20A1;SLC3A2;SLC38A1;CALM1
prerank,Reactome_2022__Chemokine Receptors Bind Chemokines R-HSA-380108,0.44259602721809504,0.974798887843793,5.260417e-01,1.000000e+00,1.000000e+00,2/8,19.02%,CX3CR1;CCL3
prerank,Reactome_2022__Nucleotide Excision Repair R-HSA-5696398,-0.23692048598920934,-0.9742918484932895,4.901961e-01,7.208775e-01,1.000000e+00,4/24,5.02%,POLR2J;UBB;POLR2K;XPA
prerank,Reactome_2022__Nuclear Envelope (NE) Reassembly R-HSA-2995410,0.3640778157666971,0.9723242996608558,5.378347e-01,1.000000e+00,1.000000e+00,3/18,8.07%,TUBA1A;PPP2R1A;LBR
prerank,Reactome_2022__Response Of Mtb To Phagocytosis R-HSA-9637690,0.41016992835253174,0.9710500622498014,5.299363e-01,1.000000e+00,1.000000e+00,3/11,7.37%,UBA52;RNF213;MAPK1
prerank,Reactome_2022__Signal Regulatory Protein Family Interactions R-HSA-391160,0.5020311218544008,0.9707255283770128,5.330520e-01,1.000000e+00,1.000000e+00,2/5,28.21%,FYB1;GRB2
prerank,Reactome_2022__Chaperone Mediated Autophagy R-HSA-9613829,0.43660400188582316,0.9705936945338899,5.181208e-01,1.000000e+00,1.000000e+00,2/8,6.62%,EEF1A1;UBA52
prerank,Reactome_2022__Post NMDA Receptor Activation Events R-HSA-438064,0.46882894464761793,0.9701814716659892,5.430917e-01,1.000000e+00,1.000000e+00,4/6,37.07%,MAPK1;PRKX;CALM1;PRKACB
prerank,Reactome_2022__Activation Of NMDA Receptors And Postsynaptic Events R-HSA-442755,0.46882894464761793,0.9701814716659892,5.430917e-01,1.000000e+00,1.000000e+00,4/6,37.07%,MAPK1;PRKX;CALM1;PRKACB
prerank,Reactome_2022__Autodegradation Of E3 Ubiquitin Ligase COP1 R-HSA-349425,-0.23495157046806067,-0.9698278317259732,5.600000e-01,7.271967e-01,1.000000e+00,12/28,22.12%,PSMB1;UBB;PSMB4;PSMA1;PSMD7;PSMA6;PSMA3;PSME2;PSME1;PSMB10;PSMD13;CARD16
prerank,Reactome_2022__Signaling By EGFR In Cancer R-HSA-1643713,-0.35174313062303386,-0.9696155324789415,4.516129e-01,7.240556e-01,1.000000e+00,2/8,3.10%,UBB;CDC37
prerank,Reactome_2022__Deactivation Of Beta-Catenin Transactivating Complex R-HSA-3769402,0.4088599663206515,0.9689841256419387,5.411914e-01,1.000000e+00,1.000000e+00,4/10,21.31%,UBA52;TLE1;YWHAZ;TLE4
prerank,"Reactome_2022__Cell Cycle, Mitotic R-HSA-69278",0.28161546135223414,0.9682450106412108,5.692619e-01,1.000000e+00,1.000000e+00,28/106,24.68%,KIF2A;TUBA1A;CDKN1B;CCND2;DYNC1H1;SSNA1;PPP2R1A;UBA52;MAPK1;AKAP9;LBR;RBL2;BUB3;CEP78;PPP1CC;PPP2R5C;NIPBL;SET;CCND3;GSK3B;ANAPC16;NUDC;PSMC3;PHLDA1;PSMA5;PSMF1;EML4;PSMD4
prerank,Reactome_2022__Platelet Degranulation R-HSA-114608,-0.2517071526955104,-0.9677790761825701,5.179856e-01,7.242093e-01,1.000000e+00,4/21,9.24%,CD63;MANF;SRGN;PFN1
prerank,Reactome_2022__Signaling By Receptor Tyrosine Kinases R-HSA-9006934,-0.1765170928852586,-0.9669856329241554,5.000000e-01,7.223992e-01,1.000000e+00,27/93,17.68%,CHD4;POLR2J;UBB;CDC42;PKN1;POLR2K;CDC37;ATP6V0C;AP2M1;FURIN;FOS;BRK1;TCIRG1;ID2;ROCK1;RICTOR;STAM;HSP90AA1;VAV3;HNRNPH1;LYN;POLR2G;MATK;RHOA;JUND;FGFBP2;POLR2E
prerank,Reactome_2022__RHOQ GTPase Cycle R-HSA-9013406,-0.3393500209393148,-0.9668499105574733,4.690722e-01,7.191104e-01,1.000000e+00,3/10,8.23%,CDC42;PKN1;LAMTOR1
prerank,Reactome_2022__Chromosome Maintenance R-HSA-73886,0.3532863483785732,0.9645867737768817,5.462857e-01,1.000000e+00,1.000000e+00,7/20,21.63%,ATRX;MIS18BP1;SMARCA5;TINF2;POLR2A;NPM1;RSF1
prerank,Reactome_2022__L1CAM Interactions R-HSA-373760,-0.2963177808147713,-0.9643329146875526,4.950000e-01,7.213574e-01,1.000000e+00,3/13,7.48%,CSNK2B;PKN1;AP2M1
prerank,Reactome_2022__STING Mediated Induction Of Host Immune Responses R-HSA-1834941,0.4967768534969699,0.9642170158378793,5.535977e-01,1.000000e+00,1.000000e+00,3/5,40.54%,PRKDC;NLRC3;XRCC6
prerank,Reactome_2022__IRF3-mediated Induction Of Type I IFN R-HSA-3270619,0.4967768534969699,0.9642170158378793,5.535977e-01,1.000000e+00,1.000000e+00,3/5,40.54%,PRKDC;NLRC3;XRCC6
prerank,Reactome_2022__SUMOylation Of DNA Damage Response And Repair Proteins R-HSA-3108214,0.3730857200896246,0.9639701883744244,5.417661e-01,1.000000e+00,1.000000e+00,2/16,5.77%,NSMCE3;PIAS1
prerank,Reactome_2022__Vif-mediated Degradation Of APOBEC3G R-HSA-180585,-0.22734130830312893,-0.9632689373724558,5.164835e-01,7.204516e-01,1.000000e+00,11/30,21.69%,PSMB1;UBB;PSMB4;PSMA1;PSMD7;PSMA6;PSMA3;PSME2;PSME1;PSMB10;PSMD13
prerank,Reactome_2022__Factors Involved In Megakaryocyte Development And Platelet Production R-HSA-983231,0.3628266039967665,0.9610194465110371,5.269321e-01,1.000000e+00,1.000000e+00,2/17,0.43%,KIF2A;EHD1
prerank,Reactome_2022__Response To Elevated Platelet Cytosolic Ca2+ R-HSA-76005,-0.245621278975208,-0.9607840808219426,4.857143e-01,7.225041e-01,1.000000e+00,4/22,9.24%,CD63;MANF;SRGN;PFN1
prerank,Reactome_2022__Signaling By NTRKs R-HSA-166520,0.33765554492357824,0.9598602919446558,5.632563e-01,1.000000e+00,1.000000e+00,4/24,7.37%,FYN;PPP2R1A;REST;MAPK1
prerank,Reactome_2022__Mitochondrial Translation Initiation R-HSA-5368286,0.4049760537114551,0.9577115827010136,5.238095e-01,1.000000e+00,1.000000e+00,5/10,27.72%,MRPS6;MRPS7;MRPS15;MRPL10;MRPL14
prerank,Reactome_2022__Mitochondrial Translation Termination R-HSA-5419276,0.4049760537114551,0.9577115827010136,5.238095e-01,1.000000e+00,1.000000e+00,5/10,27.72%,MRPS6;MRPS7;MRPS15;MRPL10;MRPL14
prerank,Reactome_2022__Role Of Nef In HIV-1 Replication And Disease Pathogenesis R-HSA-164952,0.42984475121300003,0.9575532273094643,5.525606e-01,1.000000e+00,1.000000e+00,2/8,14.16%,FYN;LCK
prerank,Reactome_2022__Hemostasis R-HSA-109582,0.27911971677698755,0.9573180902304971,6.093117e-01,1.000000e+00,1.000000e+00,43/100,37.13%,PRKCH;KIF2A;EHD1;RASGRP1;FYN;CYRIB;GNG2;PPP2R1A;MAPK1;PPP2R5C;FGR;LCK;YWHAZ;SELPLG;DGKD;ITGAL;KIFAP3;SLC3A2;PLCG2;ITGA4;GNA13;DOCK10;CSK;CD74;CAPZB;CD2;PLEK;PTPN1;GLG1;GRB2;CALM1;GYPC;DOK2;CD244;DOCK8;INPP5D;TAGLN2;TLN1;HSPA5;ORAI1;RAC2;PRKACB;CAP1
prerank,Reactome_2022__SARS-CoV Infections R-HSA-9679506,0.2842940470522216,0.9569003745922664,5.936214e-01,1.000000e+00,1.000000e+00,27/79,29.75%,DDX5;CRBN;FAU;PARP10;ISCU;REST;UBA52;CNBP;MGAT4A;G3BP2;HLA-E;PTGES3;NFE2L2;GSK3B;YWHAZ;ARID4B;CANX;PLCG2;ITGA4;SRPK2;SNRPB;SNRPD2;GRB2;RBBP4;ISG15;STAT1;RPN1
prerank,Reactome_2022__Interleukin-15 Signaling R-HSA-8983432,0.4914485397026409,0.9566427317414019,5.448179e-01,1.000000e+00,1.000000e+00,3/5,38.78%,GRB2;JAK1;IL2RG
prerank,Reactome_2022__RNA Polymerase II Transcription Termination R-HSA-73856,-0.2333680900867634,-0.9566102911629767,5.308642e-01,7.282882e-01,1.000000e+00,5/29,8.44%,SNRPF;SRSF3;RBM8A;SNRPE;SLU7
prerank,Reactome_2022__Hh Mutants Abrogate Ligand Secretion R-HSA-5387390,-0.2221178174383579,-0.9541695685196134,5.092593e-01,7.264640e-01,1.000000e+00,11/30,20.09%,PSMB1;UBB;PSMB4;PSMA1;PSMD7;PSMA6;PSMA3;PSME2;OS9;PSME1;PSMB10
prerank,Reactome_2022__Hh Mutants Are Degraded By ERAD R-HSA-5362768,-0.2221178174383579,-0.9541695685196134,5.092593e-01,7.264640e-01,1.000000e+00,11/30,20.09%,PSMB1;UBB;PSMB4;PSMA1;PSMD7;PSMA6;PSMA3;PSME2;OS9;PSME1;PSMB10
prerank,Reactome_2022__Ovarian Tumor Domain Proteases R-HSA-5689896,-0.34436850769225913,-0.9533201981718392,4.599156e-01,7.248466e-01,1.000000e+00,3/8,16.19%,UBB;OTUB1;RHOA
prerank,"Reactome_2022__Nucleotide-binding Domain, Leucine Rich Repeat Containing NLR Signaling Pathways R-HSA-168643",0.38194858414374977,0.9527122598884118,5.551471e-01,1.000000e+00,1.000000e+00,5/13,41.24%,PSTPIP1;CASP8;NFKB2;CASP4;ITCH
prerank,Reactome_2022__Glycolysis R-HSA-70171,0.411521908888264,0.9520247914721774,5.588235e-01,1.000000e+00,1.000000e+00,2/10,5.93%,PPP2R1A;MAP4K5
prerank,Reactome_2022__Hedgehog Ligand Biogenesis R-HSA-5358346,-0.22032429586715369,-0.9513539501327258,5.360825e-01,7.258473e-01,1.000000e+00,11/31,20.09%,PSMB1;UBB;PSMB4;PSMA1;PSMD7;PSMA6;PSMA3;PSME2;OS9;PSME1;PSMB10
prerank,Reactome_2022__Peptide Hormone Metabolism R-HSA-2980736,0.3930897076940651,0.9508369660159063,5.652725e-01,1.000000e+00,1.000000e+00,4/12,16.72%,VAMP2;RAB27A;SPCS2;SPCS1
prerank,Reactome_2022__mTORC1-mediated Signaling R-HSA-166208,-0.3796011944864296,-0.9495435402310336,5.174825e-01,7.262976e-01,1.000000e+00,3/6,16.51%,LAMTOR5;LAMTOR1;EIF4G1
prerank,Reactome_2022__Degradation Of GLI2 By Proteasome R-HSA-5610783,-0.21428825647885286,-0.9477233198776722,5.728155e-01,7.234540e-01,1.000000e+00,11/31,20.09%,PSMB1;UBB;PSMB4;PSMA1;PSMD7;PSMA6;PSMA3;PSME2;CSNK1A1;PSME1;PSMB10
prerank,Reactome_2022__GLI3 Is Processed To GLI3R By Proteasome R-HSA-5610785,-0.21428825647885286,-0.9477233198776722,5.728155e-01,7.234540e-01,1.000000e+00,11/31,20.09%,PSMB1;UBB;PSMB4;PSMA1;PSMD7;PSMA6;PSMA3;PSME2;CSNK1A1;PSME1;PSMB10
prerank,Reactome_2022__Signaling By RAF1 Mutants R-HSA-9656223,0.3981805474686349,0.9456098958947053,5.758323e-01,1.000000e+00,1.000000e+00,5/10,35.26%,MAPK1;CSK;CALM1;TLN1;IQGAP1
prerank,Reactome_2022__Mitochondrial Translation R-HSA-5368287,0.3874789731726927,0.9451912869866165,5.471464e-01,1.000000e+00,1.000000e+00,5/11,27.72%,MRPS6;MRPS7;MRPS15;MRPL10;MRPL14
prerank,Reactome_2022__Mitochondrial Translation Elongation R-HSA-5389840,0.3874789731726927,0.9451912869866165,5.471464e-01,1.000000e+00,1.000000e+00,5/11,27.72%,MRPS6;MRPS7;MRPS15;MRPL10;MRPL14
prerank,Reactome_2022__Constitutive Signaling By Ligand-Responsive EGFR Cancer Variants R-HSA-1236382,-0.36521154268689815,-0.9449900350444266,5.082645e-01,7.261733e-01,1.000000e+00,2/7,3.10%,UBB;CDC37
prerank,Reactome_2022__Interleukin-27 Signaling R-HSA-9020956,0.4865753562787359,0.9445110999294815,5.639944e-01,1.000000e+00,1.000000e+00,3/5,37.98%,CANX;STAT1;JAK1
prerank,Reactome_2022__Ubiquitin-dependent Degradation Of Cyclin D R-HSA-75815,-0.23005659754000102,-0.9435207784302272,5.849057e-01,7.260178e-01,1.000000e+00,11/27,21.69%,PSMB1;UBB;PSMB4;PSMA1;PSMD7;PSMA6;PSMA3;PSME2;PSME1;PSMB10;PSMD13
prerank,Reactome_2022__Formation Of beta-catenin:TCF Transactivating Complex R-HSA-201722,-0.2943020617921044,-0.9397806209965209,5.117371e-01,7.306558e-01,1.000000e+00,3/11,6.94%,CREBBP;H2AX;H2AZ1
prerank,Reactome_2022__Response Of EIF2AK4 (GCN2) To Amino Acid Deficiency R-HSA-9633012,0.4682007140072709,0.9389830820032776,5.778689e-01,1.000000e+00,1.000000e+00,2/6,6.62%,FAU;UBA52
prerank,Reactome_2022__Signaling By NOTCH1 R-HSA-1980143,0.3635294211206087,0.9365451019766823,5.703883e-01,1.000000e+00,1.000000e+00,5/14,21.31%,UBA52;MIB2;TLE1;HIF1A;TLE4
prerank,Reactome_2022__HDR Thru Homologous Recombination (HRR) R-HSA-5685942,0.4751942994675785,0.9360838806009526,5.744986e-01,1.000000e+00,1.000000e+00,2/5,16.19%,UBA52;ATM
prerank,Reactome_2022__Cell Surface Interactions At Vascular Wall R-HSA-202733,0.3213166202590343,0.9348546181784085,5.686059e-01,1.000000e+00,1.000000e+00,14/29,34.40%,FYN;LCK;SELPLG;ITGAL;SLC3A2;ITGA4;CD74;CD2;GLG1;GRB2;GYPC;DOK2;CD244;INPP5D
prerank,Reactome_2022__RAC2 GTPase Cycle R-HSA-9013404,-0.23018018246987684,-0.9342882143758261,5.855856e-01,7.392830e-01,1.000000e+00,5/23,8.49%,CDC42;PKN1;TAOK3;LAMTOR1;BRK1
prerank,Reactome_2022__HIV Infection R-HSA-162906,-0.18123289539857504,-0.9335334939704347,8.095238e-01,7.373796e-01,1.000000e+00,22/72,20.09%,PSMB1;POLR2J;UBB;POLR2K;GTF2A2;PSMB4;RAN;AP2M1;FURIN;RANBP1;PSMA1;PSMD7;PSMA6;CCNT1;PSMA3;POLR2G;CXCR4;POLR2E;PSME2;TAF15;PSME1;PSMB10
prerank,Reactome_2022__Metabolism Of Amino Acids And Derivatives R-HSA-71291,0.3024131386479987,0.9325167436853072,5.917927e-01,1.000000e+00,1.000000e+00,15/37,31.89%,FAU;UBA52;SERINC1;SBDS;PHYKPL;SLC3A2;PSMC3;PSMA5;TSTD1;PSMF1;PSMD4;SLC38A1;OAZ1;PSMC5;NDUFAB1
prerank,Reactome_2022__Beta-catenin Independent WNT Signaling R-HSA-3858494,-0.20024038617700993,-0.9317679347656711,6.575342e-01,7.379529e-01,1.000000e+00,11/41,14.48%,PSMB1;UBB;GNB1;PSMB4;AP2M1;PFN1;PSMA1;PSMD7;GNB2;PSMA6;PSMA3
prerank,Reactome_2022__Paradoxical Activation Of RAF Signaling By Kinase Inactive BRAF R-HSA-6802955,0.3820328865039693,0.9315714291023759,5.877301e-01,1.000000e+00,1.000000e+00,9/11,54.70%,MAPK1;CSK;CALM1;TLN1;IQGAP1;APBB1IP;YWHAB;RAP1A;PEBP1
prerank,Reactome_2022__SRP-dependent Cotranslational Protein Targeting To Membrane R-HSA-1799339,0.3373618318229854,0.9309632313479809,5.777262e-01,1.000000e+00,1.000000e+00,6/20,16.72%,FAU;UBA52;SRPRA;TRAM1;SPCS2;SPCS1
prerank,Reactome_2022__MAPK1/MAPK3 Signaling R-HSA-5684996,0.2818026599259571,0.9301341437299956,6.406571e-01,1.000000e+00,1.000000e+00,19/64,30.82%,RASGRP1;FYN;RASA3;SPTAN1;PPP2R1A;UBA52;MAPK1;PPP1CC;PPP2R5C;PSMC3;CSK;PSMA5;PSMF1;PSMD4;RASAL3;GRB2;PTPN7;CALM1;PSMC5
prerank,Reactome_2022__RAF/MAP Kinase Cascade R-HSA-5673001,0.2818026599259571,0.9301341437299956,6.406571e-01,1.000000e+00,1.000000e+00,19/64,30.82%,RASGRP1;FYN;RASA3;SPTAN1;PPP2R1A;UBA52;MAPK1;PPP1CC;PPP2R5C;PSMC3;CSK;PSMA5;PSMF1;PSMD4;RASAL3;GRB2;PTPN7;CALM1;PSMC5
prerank,Reactome_2022__Recruitment And ATM-mediated Phosphorylation Of Repair And Signal Proteins At DNA Double Strand Breaks R-HSA-5693565,0.396693540049871,0.9294660677107673,5.909091e-01,1.000000e+00,1.000000e+00,3/10,16.19%,UBA52;SMARCA5;ATM
prerank,Reactome_2022__DNA Double Strand Break Response R-HSA-5693606,0.396693540049871,0.9294660677107673,5.909091e-01,1.000000e+00,1.000000e+00,3/10,16.19%,UBA52;SMARCA5;ATM
prerank,Reactome_2022__Complement Cascade R-HSA-166658,-0.39013933547695606,-0.9294088718583684,5.035971e-01,7.400134e-01,1.000000e+00,6/6,61.16%,CD81;GZMM;HNRNPC;PSMA7;CPNE1;CD55
prerank,Reactome_2022__RNA Polymerase II Pre-transcription Events R-HSA-674695,-0.24201339958722828,-0.9268967822611097,5.496689e-01,7.423361e-01,1.000000e+00,3/19,4.43%,POLR2J;POLR2K;GTF2A2
prerank,Reactome_2022__M Phase R-HSA-68886,0.2740089172049659,0.925842947564244,6.670072e-01,1.000000e+00,1.000000e+00,22/86,24.68%,KIF2A;TUBA1A;DYNC1H1;SSNA1;PPP2R1A;UBA52;MAPK1;AKAP9;LBR;BUB3;CEP78;PPP1CC;PPP2R5C;NIPBL;SET;ANAPC16;NUDC;PSMC3;PSMA5;PSMF1;EML4;PSMD4
prerank,Reactome_2022__Stabilization Of P53 R-HSA-69541,-0.2225662274989608,-0.9247090112428531,5.918367e-01,7.442501e-01,1.000000e+00,12/29,22.12%,PSMB1;UBB;PSMB4;PSMA1;PSMD7;PSMA6;PSMA3;PSME2;PSME1;PSMB10;PSMD13;CARD16
prerank,Reactome_2022__Regulation Of Insulin Secretion R-HSA-422356,0.38312468924984433,0.9234360282214956,6.074534e-01,1.000000e+00,1.000000e+00,2/11,3.85%,VAMP2;GNG2
prerank,Reactome_2022__EPH-ephrin Mediated Repulsion Of Cells R-HSA-3928665,0.4686147012269791,0.9233478689979595,6.114206e-01,1.000000e+00,1.000000e+00,1/5,1.92%,FYN
prerank,Reactome_2022__Nonsense Mediated Decay (NMD) Enhanced By Exon Junction Complex (EJC) R-HSA-975957,0.3700185113429482,0.923286386313607,6.148325e-01,1.000000e+00,1.000000e+00,5/14,17.90%,FAU;PPP2R1A;UBA52;UPF3A;EIF4A3
prerank,Reactome_2022__Degradation Of GLI1 By Proteasome R-HSA-5610780,-0.21881876955681157,-0.9232770869159934,6.250000e-01,7.440909e-01,1.000000e+00,11/30,21.69%,PSMB1;UBB;PSMB4;PSMA1;PSMD7;PSMA6;PSMA3;PSME2;PSME1;PSMB10;PSMD13
prerank,Reactome_2022__Signaling By EGFR R-HSA-177929,-0.28936268023832756,-0.9224625076871467,5.359116e-01,7.425567e-01,1.000000e+00,2/12,1.98%,UBB;CDC42
prerank,Reactome_2022__RHO GTPases Activate PKNs R-HSA-5625740,-0.2537746257908887,-0.92227047021255,5.602410e-01,7.396835e-01,1.000000e+00,4/17,6.94%,PKN1;RHOC;H2AX;H2AZ1
prerank,Reactome_2022__Phase I - Functionalization Of Compounds R-HSA-211945,-0.4036298998614749,-0.9212257476457374,5.275081e-01,7.386519e-01,1.000000e+00,2/5,13.30%,VDAC2;AURKAIP1
prerank,custom_senescence_signatures.gmt__CELLAGE_SENESCENCE_INHIBITS,-0.17473024748295146,-0.9209947633876548,7.000000e-01,5.799677e-01,6.298569e-01,14/99,8.01%,PSMB1;ENO1;SIRT2;HMGB2;SRSF3;DDIT4;NR1H2;GAPDH;HMGB1;PPIB;COX5B;ATP6V0C;RAN;FOS
prerank,Reactome_2022__Aggrephagy R-HSA-9646399,0.3979777940780288,0.9207289487150383,5.928382e-01,1.000000e+00,1.000000e+00,2/9,6.62%,DYNC1H1;UBA52
prerank,Reactome_2022__SUMOylation Of DNA Replication Proteins R-HSA-4615885,0.4378729310703163,0.9187847386584453,6.185984e-01,1.000000e+00,1.000000e+00,2/7,32.69%,TOP1;RANBP2
prerank,Reactome_2022__FCERI Mediated NF-kB Activation R-HSA-2871837,-0.20476012360687448,-0.9139580367612716,6.455696e-01,7.509034e-01,1.000000e+00,9/35,15.12%,PSMB1;NFKBIA;UBB;PSMB4;PSMA1;PSMD7;PSMA6;PSMA3;LYN
prerank,Reactome_2022__Negative Regulation Of NOTCH4 Signaling R-HSA-9604323,-0.21729858843771047,-0.9137845447601807,6.534653e-01,7.479788e-01,1.000000e+00,11/29,21.69%,PSMB1;UBB;PSMB4;PSMA1;PSMD7;PSMA6;PSMA3;PSME2;PSME1;PSMB10;PSMD13
prerank,Reactome_2022__APC/C:Cdc20 Mediated Degradation Of Mitotic Proteins R-HSA-176409,-0.21758448164139355,-0.9129148026841606,6.413043e-01,7.368431e-01,1.000000e+00,8/31,14.48%,PSMB1;UBB;PSMB4;UBE2S;PSMA1;PSMD7;PSMA6;PSMA3
prerank,Reactome_2022__Activation Of APC/C And APC/C:Cdc20 Mediated Degradation Of Mitotic Proteins R-HSA-176814,-0.21758448164139355,-0.9129148026841606,6.413043e-01,7.368431e-01,1.000000e+00,8/31,14.48%,PSMB1;UBB;PSMB4;UBE2S;PSMA1;PSMD7;PSMA6;PSMA3
prerank,Reactome_2022__Cdc20:Phospho-APC/C Mediated Degradation Of Cyclin A R-HSA-174184,-0.21758448164139355,-0.9129148026841606,6.413043e-01,7.368431e-01,1.000000e+00,8/31,14.48%,PSMB1;UBB;PSMB4;UBE2S;PSMA1;PSMD7;PSMA6;PSMA3
prerank,Reactome_2022__APC:Cdc20 Mediated Degradation Of Cell Cycle Proteins Before Cycle Checkpoint Satisfied R-HSA-179419,-0.21758448164139355,-0.9129148026841606,6.413043e-01,7.368431e-01,1.000000e+00,8/31,14.48%,PSMB1;UBB;PSMB4;UBE2S;PSMA1;PSMD7;PSMA6;PSMA3
prerank,Reactome_2022__E3 Ubiquitin Ligases Ubiquitinate Target Proteins R-HSA-8866654,0.3418532643356798,0.9129101719699179,6.091127e-01,1.000000e+00,1.000000e+00,7/16,33.12%,UBE2D2;UBA52;CDC73;PRKDC;DERL1;WAC;SELENOS
prerank,Reactome_2022__ROS And RNS Production In Phagocytes R-HSA-1222556,-0.3698024878478401,-0.9113321675651219,5.305344e-01,7.369288e-01,1.000000e+00,2/6,9.03%,ATP6V0C;TCIRG1
prerank,Reactome_2022__Sema4D In Semaphorin Signaling R-HSA-400685,-0.32460777047780065,-0.910917691230022,5.450980e-01,7.347121e-01,1.000000e+00,4/8,16.19%,RHOC;ROCK1;MYL6;RHOA
prerank,Reactome_2022__Potassium Channels R-HSA-1296071,-0.39248171413585553,-0.9107100960667844,5.574324e-01,7.319435e-01,1.000000e+00,3/5,11.81%,GNB1;KCNAB2;GNB2
prerank,Reactome_2022__Calnexin/calreticulin Cycle R-HSA-901042,-0.30946002969303377,-0.910275376804071,5.281385e-01,7.297159e-01,1.000000e+00,2/9,5.40%,UBB;PDIA3
prerank,Reactome_2022__Extra-nuclear Estrogen Signaling R-HSA-9009391,0.3568588563308941,0.9098133328907011,6.038415e-01,1.000000e+00,1.000000e+00,4/14,15.81%,CDKN1B;GNG2;MAPK1;UHMK1
prerank,Reactome_2022__Programmed Cell Death R-HSA-5357801,0.2740057199524099,0.9095726238387322,6.749226e-01,1.000000e+00,1.000000e+00,18/67,24.68%,CYCS;PPP3CC;ACIN1;SPTAN1;UBA52;MAPK1;H1-4;H1-3;ADD1;STUB1;GZMB;YWHAZ;CASP8;PSMC3;H1-2;PSMA5;PSMF1;PSMD4
prerank,Reactome_2022__Metabolism Of Vitamins And Cofactors R-HSA-196854,0.3609125717654583,0.9087250170217918,6.046229e-01,1.000000e+00,1.000000e+00,6/14,29.81%,PARP10;SLC2A3;LRP10;CD320;FPGS;CALM1
prerank,Reactome_2022__RHOJ GTPase Cycle R-HSA-9013409,-0.2996099754221694,-0.9084209697709409,5.268293e-01,7.307172e-01,1.000000e+00,3/11,8.23%,CDC42;PKN1;LAMTOR1
prerank,Reactome_2022__APC/C-mediated Degradation Of Cell Cycle Proteins R-HSA-174143,-0.21258538907043067,-0.9066441517009047,6.629213e-01,7.278024e-01,1.000000e+00,8/32,14.48%,PSMB1;UBB;PSMB4;UBE2S;PSMA1;PSMD7;PSMA6;PSMA3
prerank,Reactome_2022__Regulation Of APC/C Activators Between G1/S And Early Anaphase R-HSA-176408,-0.21258538907043067,-0.9066441517009047,6.629213e-01,7.278024e-01,1.000000e+00,8/32,14.48%,PSMB1;UBB;PSMB4;UBE2S;PSMA1;PSMD7;PSMA6;PSMA3
prerank,Reactome_2022__Mitotic Metaphase And Anaphase R-HSA-2555396,0.27818845564091665,0.9064332708981703,7.016632e-01,1.000000e+00,1.000000e+00,9/61,9.56%,KIF2A;TUBA1A;DYNC1H1;PPP2R1A;UBA52;LBR;BUB3;PPP1CC;PPP2R5C
prerank,Reactome_2022__Mitotic Anaphase R-HSA-68882,0.27818845564091665,0.9064332708981703,7.016632e-01,1.000000e+00,1.000000e+00,9/61,9.56%,KIF2A;TUBA1A;DYNC1H1;PPP2R1A;UBA52;LBR;BUB3;PPP1CC;PPP2R5C
prerank,Reactome_2022__Netrin-1 Signaling R-HSA-373752,-0.3944605212168162,-0.9064071084244304,5.466238e-01,7.252621e-01,1.000000e+00,2/5,2.62%,CDC42;PKN1
prerank,Reactome_2022__Hedgehog On State R-HSA-5632684,-0.2130552765526233,-0.9057830057557092,6.666667e-01,7.233992e-01,1.000000e+00,13/31,22.70%,PSMB1;UBB;PSMB4;PSMA1;PSMD7;PSMA6;PSMA3;PSME2;CSNK1A1;PSME1;PSMB10;PSMD13;CUL3
prerank,Reactome_2022__TNFR2 Non-Canonical NF-kB Pathway R-HSA-5668541,-0.20642364409551808,-0.9056725254796214,6.341463e-01,7.206085e-01,1.000000e+00,13/34,21.69%,PSMB1;UBB;PSMB4;PSMA1;PSMD7;PSMA6;PSMA3;BIRC2;PSME2;PSME1;PSMB10;RELB;PSMD13
prerank,Reactome_2022__Degradation Of Extracellular Matrix R-HSA-1474228,-0.3099868390966161,-0.9053650008053321,5.739130e-01,7.181703e-01,1.000000e+00,5/9,18.38%,CAPNS1;CD44;FURIN;BSG;CTSD
prerank,Reactome_2022__RHOBTB1 GTPase Cycle R-HSA-9013422,0.3728418005348223,0.9037872606228187,6.325000e-01,1.000000e+00,1.000000e+00,2/12,8.28%,CCT2;STK38
prerank,Reactome_2022__Semaphorin Interactions R-HSA-373755,0.33542650438333327,0.9035341331924889,6.255981e-01,1.000000e+00,1.000000e+00,5/17,21.85%,PTPRC;FYN;MYH9;GSK3B;MYL12B
prerank,Reactome_2022__Visual Phototransduction R-HSA-2187338,-0.3633127717967506,-0.9035178987612317,5.527273e-01,7.192887e-01,1.000000e+00,3/6,15.28%,GNB1;C1D;RNF7
prerank,Reactome_2022__Interferon Signaling R-HSA-913531,0.2776872380040148,0.9029878958272277,6.596859e-01,1.000000e+00,1.000000e+00,19/56,32.75%,GBP5;EIF4A2;ISG20;PIAS1;UBA52;TRIM22;HLA-E;EIF4G2;EIF2AK2;EIF4A3;PPM1B;XAF1;SMAD7;PTPN1;ISG15;STAT1;IFNG;RANBP2;KPNB1
prerank,Reactome_2022__Mitochondrial Biogenesis R-HSA-1592230,0.32203626040669164,0.9015981645415719,6.208092e-01,1.000000e+00,1.000000e+00,2/22,0.96%,CYCS;ATP5PO
prerank,Reactome_2022__Metabolism Of Proteins R-HSA-392499,0.2486011413420641,0.9009606528088439,8.040000e-01,1.000000e+00,1.000000e+00,104/308,33.76%,EEF1D;NEDD8;NSMCE3;TUBA1A;DDX5;EEF1A1;UBE2D2;RAB14;EIF4A2;VAMP2;USP11;DYNC1H1;PFDN5;EIF3A;AGTPBP1;GNG2;SPTAN1;UBE2G2;FAU;PIAS1;KTN1;KDELR2;UBA52;COMMD6;CCT2;CDC73;MRPS6;RAB37;RAB27A;RORA;SRPRA;CCT3;UCHL5;ADRB2;MGAT4A;DDX17;COPS6;TRAM1;EIF3B;EIF4B;SHISA5;NFE2L2;SPCS2;TBCC;SPCS1;CANX;ARFGAP3;ARF4;EIF3F;XRN2;EIF3E;PSMC3;HIF1A;PRKDC;RAB9A;FBXO7;SAFB;NPM1;KDELR1;TRAPPC1;EIF3I;TMED9;EEF2;TOMM20;PSMA5;MLEC;CAPZB;EIF5B;DERL1;NFKB2;MRPS7;EEF1B2;PSMF1;SMAD7;PSMD4;RAD23A;MRPS15;MRPL10;USP15;TMED2;MRPL14;SRP14;DCTN3;DNAJC3;RPN1;CALM1;WAC;PSMC5;MAT2B;CUL5;TOP1;DNMT1;SPCS3;EIF3G;EIF3L;HSPA8;TGOLN2;RANBP2;RAB1B;SELENOS;TNKS2;DCAF5;B3GNT2;NSMCE1
prerank,Reactome_2022__Class B/2 (Secretin Family Receptors) R-HSA-373080,0.4112939449059947,0.9009496001715225,6.278146e-01,1.000000e+00,1.000000e+00,2/8,11.11%,GNG2;ADGRE5
prerank,Reactome_2022__RHOBTB GTPase Cycle R-HSA-9706574,0.3324616009402198,0.8995594382570323,6.244240e-01,1.000000e+00,1.000000e+00,3/18,8.28%,PHIP;CCT2;STK38
prerank,Reactome_2022__Insertion Of Tail-Anchored Proteins Into Endoplasmic Reticulum Membrane R-HSA-9609523,0.4045804875923811,0.8990637067308451,6.322581e-01,1.000000e+00,1.000000e+00,1/8,2.46%,VAMP2
prerank,Reactome_2022__Cytokine Signaling In Immune System R-HSA-1280215,0.2534264314889357,0.8985121029716993,7.337337e-01,1.000000e+00,1.000000e+00,55/174,32.75%,IL10RA;PTPN4;GBP5;UBE2D2;CDKN1B;FYN;EIF4A2;VAMP2;ISG20;MCL1;HNRNPDL;HNRNPA2B1;PIAS1;PPP2R1A;UBA52;TRIM22;MAPK1;RORA;IL16;STAT4;LCK;HLA-E;EIF4G2;YWHAZ;TNFRSF14;EIF2AK2;CASP8;EIF4A3;PPM1B;CANX;CCL3;XAF1;PSMC3;HIF1A;CSK;TOX4;PSMA5;NFKB2;PSMF1;SMAD7;PSMD4;IL18R1;PTPN1;IL7R;GRB2;ISG15;STAT1;IL12RB2;PTPN7;PSMC5;CUL5;IFNG;HSPA8;RANBP2;KPNB1
prerank,Reactome_2022__ADORA2B Mediated Anti-Inflammatory Cytokine Production R-HSA-9660821,0.3535250990246791,0.8981574317608816,6.229913e-01,1.000000e+00,1.000000e+00,5/14,24.04%,GNG2;PTGER2;ADRB2;PTGER4;PRKX
prerank,Reactome_2022__Sema4D Induced Cell Migration And Growth-Cone Collapse R-HSA-416572,-0.34074510032574223,-0.8967344384938802,5.897436e-01,7.301389e-01,1.000000e+00,4/7,16.19%,RHOC;ROCK1;MYL6;RHOA
prerank,Reactome_2022__G2/M Checkpoints R-HSA-69481,-0.20177701531029607,-0.895225358836092,6.235294e-01,7.304426e-01,1.000000e+00,8/33,14.48%,PSMB1;UBB;H2AX;PSMB4;PSMA1;PSMD7;PSMA6;PSMA3
prerank,Reactome_2022__Metabolism Of Nucleotides R-HSA-15869,-0.3212916315362453,-0.8941971455723973,5.750000e-01,7.295685e-01,1.000000e+00,2/8,9.51%,NT5C;NME2
prerank,Reactome_2022__Toll Like Receptor 4 (TLR4) Cascade R-HSA-166016,0.3004369314448021,0.893423278121014,6.482085e-01,1.000000e+00,1.000000e+00,5/31,7.37%,PTPN4;UBE2D2;PPP2R1A;UBA52;MAPK1
prerank,Reactome_2022__PD-1 Signaling R-HSA-389948,0.4595607927155865,0.8930324152337086,6.569767e-01,1.000000e+00,1.000000e+00,5/5,54.17%,LCK;CSK;CD247;CD3D;CD3E
prerank,Reactome_2022__HSP90 Chaperone Cycle For Steroid Hormone Receptors (SHR) In Presence Of Ligand R-HSA-3371497,0.3502252392710395,0.8929684749635411,6.437346e-01,1.000000e+00,1.000000e+00,6/13,32.48%,DYNC1H1;DNAJB1;PTGES3;CAPZB;DCTN3;HSPA8
prerank,Reactome_2022__Nuclear Envelope Breakdown R-HSA-2980766,-0.32778969957081544,-0.8923954690830985,5.627706e-01,7.306471e-01,1.000000e+00,8/8,67.41%,EMD;LMNA;TPR;PRKCB;LEMD3;POM121;BANF1;RANBP2
prerank,Reactome_2022__Adaptive Immune System R-HSA-1280218,0.24907527347266062,0.8890320011986345,7.667668e-01,1.000000e+00,1.000000e+00,57/185,31.68%,KIF2A;PTPRC;RASGRP1;UBE2D2;FYN;DYNC1H1;BTN3A3;MYLIP;UBE2G2;LNPEP;PPP2R1A;UBA52;RNF213;MIB2;PPP2R5C;RNF19A;CD160;RNF126;SH2D1A;NFATC2;KLRK1;LCK;HLA-E;PTPN22;STUB1;YWHAZ;TNFRSF14;ITGAL;KIFAP3;CANX;PLCG2;ITGA4;ZAP70;PSMC3;CBLB;SIPA1;FBXO7;CSK;CD74;PSMA5;CAPZB;BTN3A2;PSMF1;PSMD4;NFATC3;CYBA;EVL;FYB1;HECTD1;GRB2;DCTN3;LAIR1;CALM1;PSMC5;CUL5;ICAM2;RBCK1
prerank,Reactome_2022__RHOD GTPase Cycle R-HSA-9013405,0.3694693046079729,0.8884874797297678,6.313869e-01,1.000000e+00,1.000000e+00,2/11,8.07%,ADD3;LBR
prerank,Reactome_2022__Interferon Gamma Signaling R-HSA-877300,0.3047026211780519,0.8872540802043812,6.647919e-01,1.000000e+00,1.000000e+00,15/27,44.71%,GBP5;PIAS1;TRIM22;HLA-E;SMAD7;PTPN1;STAT1;IFNG;SOCS1;SP100;JAK1;HLA-C;HLA-F;PTPN2;IRF7
prerank,Reactome_2022__Regulation Of Necroptotic Cell Death R-HSA-5675482,-0.2782413312155126,-0.886726985878382,6.650485e-01,7.358377e-01,1.000000e+00,5/12,15.87%,UBB;CDC37;HSP90AA1;BIRC2;OGT
prerank,Reactome_2022__RIPK1-mediated Regulated Necrosis R-HSA-5213460,-0.2782413312155126,-0.886726985878382,6.650485e-01,7.358377e-01,1.000000e+00,5/12,15.87%,UBB;CDC37;HSP90AA1;BIRC2;OGT
prerank,Reactome_2022__VEGFA-VEGFR2 Pathway R-HSA-4420097,-0.23602650529267166,-0.8866322411330696,6.474820e-01,7.301804e-01,1.000000e+00,7/20,12.93%,CDC42;PKN1;BRK1;ROCK1;RICTOR;HSP90AA1;VAV3
prerank,Reactome_2022__Signaling By VEGF R-HSA-194138,-0.23602650529267166,-0.8866322411330696,6.474820e-01,7.301804e-01,1.000000e+00,7/20,12.93%,CDC42;PKN1;BRK1;ROCK1;RICTOR;HSP90AA1;VAV3
prerank,Reactome_2022__Metabolism Of Polyamines R-HSA-351202,-0.218872667188368,-0.8859232196845472,6.000000e-01,7.286476e-01,1.000000e+00,10/25,21.69%,PSMB1;PSMB4;PSMA1;PSMD7;PSMA6;PSMA3;PSME2;PSME1;PSMB10;PSMD13
prerank,Reactome_2022__SARS-CoV-2 Infection R-HSA-9694516,0.275252491997167,0.8855769788935737,6.948258e-01,1.000000e+00,1.000000e+00,18/54,29.75%,DDX5;FAU;PARP10;ISCU;UBA52;CNBP;MGAT4A;G3BP2;HLA-E;GSK3B;YWHAZ;CANX;SRPK2;SNRPB;SNRPD2;ISG15;STAT1;RPN1
prerank,Reactome_2022__Metabolism Of Non-Coding RNA R-HSA-194441,-0.30791851220573374,-0.8854710411918766,5.641026e-01,7.267011e-01,1.000000e+00,2/9,4.70%,SNRPF;SNRPE
prerank,Reactome_2022__Signaling By High-Kinase Activity BRAF Mutants R-HSA-6802948,0.37163463178542233,0.8853888898429073,6.509901e-01,1.000000e+00,1.000000e+00,8/10,54.70%,MAPK1;CSK;TLN1;IQGAP1;APBB1IP;YWHAB;RAP1A;PEBP1
prerank,Reactome_2022__MAP2K And MAPK Activation R-HSA-5674135,0.37163463178542233,0.8853888898429073,6.509901e-01,1.000000e+00,1.000000e+00,8/10,54.70%,MAPK1;CSK;TLN1;IQGAP1;APBB1IP;YWHAB;RAP1A;PEBP1
prerank,Reactome_2022__RHO GTPases Activate CIT R-HSA-5625900,0.3954344898615204,0.8851775179545056,6.472149e-01,1.000000e+00,1.000000e+00,2/8,7.91%,CDKN1B;MYH9
prerank,Reactome_2022__Viral mRNA Translation R-HSA-192823,0.45853104695870994,0.8849202072276784,6.643454e-01,1.000000e+00,1.000000e+00,2/5,6.62%,FAU;UBA52
prerank,Reactome_2022__Toll-like Receptor Cascades R-HSA-168898,0.2937865781389296,0.8829457647444033,6.530612e-01,1.000000e+00,1.000000e+00,5/33,7.37%,PTPN4;UBE2D2;PPP2R1A;UBA52;MAPK1
prerank,Reactome_2022__Negative Regulators Of DDX58/IFIH1 Signaling R-HSA-936440,0.3559381165970973,0.8818463950907894,6.633292e-01,1.000000e+00,1.000000e+00,2/13,6.62%,UBE2D2;UBA52
prerank,Reactome_2022__Deposition Of New CENPA-containing Nucleosomes At Centromere R-HSA-606279,0.3855233986061371,0.8805179238860251,6.524548e-01,1.000000e+00,1.000000e+00,5/9,28.31%,MIS18BP1;SMARCA5;NPM1;RSF1;RBBP4
prerank,Reactome_2022__RHOB GTPase Cycle R-HSA-9013026,0.3477051270259188,0.8787332020183226,6.597813e-01,1.000000e+00,1.000000e+00,3/14,10.31%,ARHGEF3;STOM;ARHGEF1
prerank,Reactome_2022__Metabolism Of Carbohydrates R-HSA-71387,0.3023984369332755,0.8778944447027481,6.632997e-01,1.000000e+00,1.000000e+00,12/27,37.07%,CHST12;PPP2R1A;MAP4K5;UBA52;DCXR;CALM1;AKR1B1;RANBP2;B3GNT2;MDH1;PHKG2;PRKACB
prerank,Reactome_2022__Phospholipid Metabolism R-HSA-1483257,0.3194120303470866,0.8774671637713447,6.678121e-01,1.000000e+00,1.000000e+00,11/20,39.26%,RAB14;PLAAT4;LPCAT1;SLC44A2;OSBPL8;PIP4K2A;INPP5D;AGK;SACM1L;HADHA;PTDSS1
prerank,Reactome_2022__Senescence-Associated Secretory Phenotype (SASP) R-HSA-2559582,0.31583907924571364,0.8765570541470751,6.651481e-01,1.000000e+00,1.000000e+00,5/21,18.70%,CDKN1B;UBA52;MAPK1;ANAPC16;EHMT1
prerank,Reactome_2022__Interleukin-12 Family Signaling R-HSA-447115,0.30973774591541914,0.8762848576356709,6.583428e-01,1.000000e+00,1.000000e+00,12/24,41.88%,HNRNPDL;HNRNPA2B1;STAT4;CANX;TOX4;STAT1;IL12RB2;IFNG;CNN2;JAK1;HSPA9;HNRNPF
prerank,Reactome_2022__Signaling By CSF3 (G-CSF) R-HSA-9674555,0.34632908215879743,0.8745518357420674,6.609125e-01,1.000000e+00,1.000000e+00,8/14,39.48%,UBE2D2;UBA52;GRB2;STAT1;CUL5;SOCS1;JAK1;UBE2D3
prerank,Reactome_2022__SARS-CoV-2 Modulates Host Translation Machinery R-HSA-9754678,-0.34606189366470474,-0.8729497635940354,6.104869e-01,7.490624e-01,1.000000e+00,2/6,4.70%,SNRPF;SNRPE
prerank,Reactome_2022__Disease R-HSA-1643685,0.24105105557010528,0.871880644523099,8.400000e-01,1.000000e+00,1.000000e+00,92/292,31.09%,ATRX;DDX5;CDKN1B;FYN;VAMP2;CCND2;DYNC1H1;GNG2;CRBN;FAU;PARP10;PPP2R1A;MAP4K5;ERLEC1;ISCU;PSTPIP1;REST;UBA52;GCC2;PTGER2;RNF213;MAPK1;CAPN2;MIB2;AKAP9;MYH9;PPP1CC;PPP2R5C;CNBP;ADRB2;MGAT4A;FGR;PSIP1;G3BP2;ZC3HAV1;LCK;HLA-E;GOLGA4;CCND3;PTGES3;NFE2L2;GSK3B;ATM;YWHAZ;CYFIP2;ANAPC16;EIF2AK2;SND1;CASP8;ARID4B;SLC3A2;PPM1B;WIPF1;BIRC6;CANX;PLCG2;ITGA4;PSMC3;POLR2A;PTGER4;NPM1;ABI1;CSK;EEF2;PSMA5;TCEA1;DERL1;NFKB2;SRPK2;PRKX;CD320;PSMF1;EML4;PSMD4;CYBA;FXR1;DCXR;SNRPB;SNRPD2;GRB2;RBBP4;DNAJC3;ISG15;STAT1;ACTR3;GPS2;RPN1;CALM1;TAF7;PSMC5;CUL5;DNMT1
prerank,Reactome_2022__Neurotransmitter Receptors And Postsynaptic Signal Transmission R-HSA-112314,-0.25656215208277533,-0.8715344573520293,6.455026e-01,7.485530e-01,1.000000e+00,5/14,13.68%,GNAI2;GNB1;AP2M1;GNB2;PRKAG1
prerank,Reactome_2022__Plasma Lipoprotein Clearance R-HSA-8964043,0.41700099835599835,0.8705958383994664,6.414566e-01,1.000000e+00,1.000000e+00,2/6,6.62%,MYLIP;UBA52
prerank,Reactome_2022__VLDLR Internalisation And Degradation R-HSA-8866427,0.41700099835599835,0.8705958383994664,6.414566e-01,1.000000e+00,1.000000e+00,2/6,6.62%,MYLIP;UBA52
prerank,Reactome_2022__Defective CFTR Causes Cystic Fibrosis R-HSA-5678895,-0.2004273308574156,-0.868724796276624,6.500000e-01,7.512650e-01,1.000000e+00,11/31,20.09%,PSMB1;UBB;PSMB4;PSMA1;PSMD7;PSMA6;PSMA3;PSME2;OS9;PSME1;PSMB10
prerank,Reactome_2022__RHO GTPases Activate PAKs R-HSA-5627123,-0.32256656676643863,-0.8684974681702706,6.289062e-01,7.487566e-01,1.000000e+00,2/8,2.62%,CDC42;PKN1
prerank,Reactome_2022__rRNA Modification In Nucleus And Cytosol R-HSA-6790901,0.3976000461767774,0.8670966789113935,6.818774e-01,1.000000e+00,1.000000e+00,4/8,41.99%,THUMPD1;FBL;NOP58;SNU13
prerank,Reactome_2022__Fatty Acid Metabolism R-HSA-8978868,0.34317015650396704,0.8670490917735654,6.582734e-01,1.000000e+00,1.000000e+00,7/13,40.28%,ALOX5AP;PTGES3;PTGDS;DECR1;NDUFAB1;HADHA;GPX4
prerank,Reactome_2022__MyD88-independent TLR4 Cascade R-HSA-166166,0.3063426829012799,0.8669653331100303,6.741826e-01,1.000000e+00,1.000000e+00,4/24,7.37%,UBE2D2;PPP2R1A;UBA52;MAPK1
prerank,Reactome_2022__Toll Like Receptor 3 (TLR3) Cascade R-HSA-168164,0.3063426829012799,0.8669653331100303,6.741826e-01,1.000000e+00,1.000000e+00,4/24,7.37%,UBE2D2;PPP2R1A;UBA52;MAPK1
prerank,Reactome_2022__RHOH GTPase Cycle R-HSA-9013407,0.33772849119800613,0.8644522266096101,6.698912e-01,1.000000e+00,1.000000e+00,5/15,22.33%,STOM;RHOH;LCK;ZAP70;CSK
prerank,Reactome_2022__Diseases Of Signal Transduction By Growth Factor Receptors And Second Messengers R-HSA-5663202,0.25015032246245156,0.8637597883797292,7.512588e-01,1.000000e+00,1.000000e+00,39/109,35.47%,CDKN1B;FYN;PPP2R1A;ERLEC1;UBA52;GCC2;RNF213;MAPK1;MIB2;AKAP9;MYH9;PPP1CC;PPP2R5C;ZC3HAV1;LCK;GOLGA4;GSK3B;SND1;PPM1B;BIRC6;PSMC3;POLR2A;NPM1;CSK;PSMA5;PSMF1;EML4;PSMD4;FXR1;GRB2;STAT1;CALM1;PSMC5;RANBP2;TNKS2;TLN1;AGK;IQGAP1;BIN2
prerank,Reactome_2022__Post-translational Protein Phosphorylation R-HSA-8957275,0.3274467031825824,0.8635689483192345,6.615746e-01,1.000000e+00,1.000000e+00,7/16,41.67%,KTN1;MGAT4A;SHISA5;DNAJC3;TGOLN2;PRSS23;IGFBP4
prerank,Reactome_2022__Muscle Contraction R-HSA-397014,-0.2542207280836558,-0.8629506406154942,6.379310e-01,7.568271e-01,1.000000e+00,6/16,14.32%,PKN1;ANXA1;SRI;TPM3;MYL6;VIM
prerank,Reactome_2022__Post-translational Protein Modification R-HSA-597592,0.2398615911118269,0.8623899148109906,8.460000e-01,1.000000e+00,1.000000e+00,73/219,33.76%,NEDD8;NSMCE3;TUBA1A;DDX5;EEF1A1;UBE2D2;RAB14;USP11;DYNC1H1;AGTPBP1;SPTAN1;UBE2G2;PIAS1;KTN1;KDELR2;UBA52;COMMD6;CDC73;RAB37;RAB27A;RORA;UCHL5;ADRB2;MGAT4A;DDX17;COPS6;SHISA5;NFE2L2;CANX;ARFGAP3;ARF4;PSMC3;HIF1A;PRKDC;RAB9A;FBXO7;SAFB;NPM1;KDELR1;TRAPPC1;TMED9;EEF2;TOMM20;PSMA5;MLEC;CAPZB;DERL1;NFKB2;PSMF1;SMAD7;PSMD4;RAD23A;USP15;TMED2;DCTN3;DNAJC3;RPN1;CALM1;WAC;PSMC5;MAT2B;CUL5;TOP1;DNMT1;HSPA8;TGOLN2;RANBP2;RAB1B;SELENOS;TNKS2;DCAF5;B3GNT2;NSMCE1
prerank,Reactome_2022__Signal Amplification R-HSA-392518,-0.3477564224643201,-0.8596844236598032,6.845878e-01,7.603693e-01,1.000000e+00,3/6,11.81%,GNAI2;GNB1;GNB2
prerank,Reactome_2022__Mitochondrial Fatty Acid Beta-Oxidation R-HSA-77289,-0.3474816098168565,-0.8578079860126768,5.756458e-01,7.610000e-01,1.000000e+00,2/6,9.94%,ACAA2;DBI
prerank,Reactome_2022__Mitochondrial Protein Import R-HSA-1268020,-0.2487646670557473,-0.8572701137135511,6.875000e-01,7.591576e-01,1.000000e+00,2/16,1.01%,VDAC1;COX17
prerank,Reactome_2022__Hedgehog Off State R-HSA-5610787,-0.18905891652975812,-0.8558783968208982,6.777778e-01,7.589736e-01,1.000000e+00,11/35,20.09%,PSMB1;UBB;PSMB4;PSMA1;PSMD7;PSMA6;PSMA3;PSME2;CSNK1A1;PSME1;PSMB10
prerank,Reactome_2022__CD28 Dependent PI3K/Akt Signaling R-HSA-389357,0.4428099523710476,0.8555176830497423,6.990291e-01,1.000000e+00,1.000000e+00,2/5,14.16%,FYN;LCK
prerank,Reactome_2022__Pyroptosis R-HSA-5620971,0.418630681911075,0.8549685751288354,6.800535e-01,1.000000e+00,1.000000e+00,4/6,34.78%,CYCS;GZMB;CASP4;BAX
prerank,Reactome_2022__Glucose Metabolism R-HSA-70326,0.35434102691286606,0.8538319751861928,6.733167e-01,1.000000e+00,1.000000e+00,2/12,5.93%,PPP2R1A;MAP4K5
prerank,Reactome_2022__Cellular Responses To Stress R-HSA-2262752,0.24326311860349603,0.8533131964612949,8.246493e-01,1.000000e+00,1.000000e+00,38/156,24.68%,ETS1;CYCS;EEF1A1;UBE2D2;CDKN1B;DYNC1H1;TNRC6B;FAU;DNAJB1;DEDD2;UBA52;CITED2;MAPK1;H1-4;RORA;SRPRA;H1-3;ADD1;COX14;CABIN1;PTGES3;NFE2L2;UBN1;GSK3B;ATM;ANAPC16;TINF2;ST13;EHMT1;HMOX2;PSMC3;HIF1A;H1-2;PSMA5;CAPZB;DNAJC2;PSMF1;PSMD4
prerank,Reactome_2022__Regulation Of RUNX2 Expression And Activity R-HSA-8939902,-0.19789812545960692,-0.8512268246060315,7.294118e-01,7.643423e-01,1.000000e+00,8/32,14.48%,PSMB1;UBB;PSMB4;PSMA1;NR3C1;PSMD7;PSMA6;PSMA3
prerank,Reactome_2022__Immune System R-HSA-168256,0.23297236487896072,0.8497985764495544,9.230000e-01,1.000000e+00,1.000000e+00,120/427,29.49%,KIF2A;IL10RA;PTPN4;GBP5;PTPRC;EEF1A1;RASGRP1;UBE2D2;CDKN1B;FYN;RAB14;EIF4A2;VAMP2;DYNC1H1;ARHGAP45;ISG20;MCL1;BTN3A3;MYLIP;SPTAN1;UBE2G2;HNRNPDL;LNPEP;HNRNPA2B1;PIAS1;PPP2R1A;PSTPIP1;UBA52;TRIM22;RNF213;MAPK1;MIB2;CCT2;MYH9;SLC2A3;RAB37;RAB27A;RORA;STOM;PPP2R5C;IL16;RNF19A;ADGRE5;LPCAT1;CD160;FGR;RNF126;SH2D1A;NFATC2;STAT4;KLRK1;LCK;HLA-E;GDI2;PTPN22;EIF4G2;IQGAP2;STUB1;YWHAZ;CYFIP2;TNFRSF14;EIF2AK2;ITGAL;CASP8;KIFAP3;EIF4A3;PPM1B;WIPF1;CANX;PLCG2;ITGA4;ZAP70;CCL3;HMOX2;XAF1;PSMC3;HIF1A;CBLB;SIPA1;PRKDC;FBXO7;TRAPPC1;ABI1;CSK;TOX4;EEF2;CD74;PSMA5;MLEC;KLRC2;CAPZB;NFKB2;SLC44A2;BTN3A2;PSMF1;SMAD7;PSMD4;NFATC3;LAMP1;ATP8A1;GLIPR1;IL18R1;PTPN1;CYBA;EVL;IL7R;FYB1;HECTD1;NLRC3;SRP14;GRB2;DCTN3;DNAJC3;ISG15;STAT1;IL12RB2;ACTR3;OSTF1;PTPN7;LAIR1
prerank,Reactome_2022__ABC Transporter Disorders R-HSA-5619084,-0.19680914954810128,-0.8474083564927802,7.311828e-01,7.689225e-01,1.000000e+00,11/32,20.09%,PSMB1;UBB;PSMB4;PSMA1;PSMD7;PSMA6;PSMA3;PSME2;OS9;PSME1;PSMB10
prerank,Reactome_2022__Transport Of Small Molecules R-HSA-382551,0.24811618494919246,0.8454395531329677,7.634518e-01,1.000000e+00,1.000000e+00,25/84,25.69%,NEDD8;GNG2;MYLIP;ARL2BP;SLC20A1;ERLEC1;UBA52;ADD3;SLC2A3;STOM;EMB;ADD1;SLC3A2;TSC22D3;HMOX2;PSMC3;PHB2;PSMA5;DERL1;SLC39A10;SLC44A2;PSMF1;PSMD4;SLC38A1;ATP8A1
prerank,Reactome_2022__Recognition Of DNA Damage By PCNA-containing Replication Complex R-HSA-110314,-0.38357469575162784,-0.8454356816963525,6.572327e-01,7.700059e-01,1.000000e+00,2/5,10.26%,UBB;UBE2B
prerank,Reactome_2022__Cooperation Of PDCL (PhLP1) And TRiC/CCT In G-protein Beta Folding R-HSA-6814122,0.3405412016393399,0.8438843713097279,6.836228e-01,1.000000e+00,1.000000e+00,3/12,10.74%,GNG2;CCT2;CCT3
prerank,Reactome_2022__NOTCH1 Intracellular Domain Regulates Transcription R-HSA-2122947,0.34674010606128725,0.8399046991515252,6.927017e-01,1.000000e+00,1.000000e+00,4/11,21.31%,UBA52;TLE1;HIF1A;TLE4
prerank,Reactome_2022__Transcriptional Regulation By E2F6 R-HSA-8953750,0.3873835361641817,0.8396768736124478,6.827048e-01,1.000000e+00,1.000000e+00,5/7,41.77%,UXT;EHMT1;RBBP4;EPC1;TFDP2
prerank,Reactome_2022__Cellular Responses To Stimuli R-HSA-8953897,0.2390384460350512,0.8386001007894215,8.466934e-01,1.000000e+00,1.000000e+00,38/157,24.68%,ETS1;CYCS;EEF1A1;UBE2D2;CDKN1B;DYNC1H1;TNRC6B;FAU;DNAJB1;DEDD2;UBA52;CITED2;MAPK1;H1-4;RORA;SRPRA;H1-3;ADD1;COX14;CABIN1;PTGES3;NFE2L2;UBN1;GSK3B;ATM;ANAPC16;TINF2;ST13;EHMT1;HMOX2;PSMC3;HIF1A;H1-2;PSMA5;CAPZB;DNAJC2;PSMF1;PSMD4
prerank,Reactome_2022__Integration Of Provirus R-HSA-162592,0.4281534760594362,0.8370996020694329,6.963504e-01,1.000000e+00,1.000000e+00,3/5,40.54%,PSIP1;BANF1;XRCC6
prerank,Reactome_2022__Formation Of Incision Complex In GG-NER R-HSA-5696395,0.34206614344128816,0.8357386566073438,7.002457e-01,1.000000e+00,1.000000e+00,2/12,6.62%,PIAS1;UBA52
prerank,Reactome_2022__Regulated Necrosis R-HSA-5218859,0.31365490430110887,0.8351289873604585,7.209026e-01,1.000000e+00,1.000000e+00,5/18,17.52%,CYCS;UBA52;STUB1;GZMB;CASP8
prerank,Reactome_2022__Metabolism Of Lipids R-HSA-556833,0.2554801134003013,0.8349593723782329,7.835052e-01,1.000000e+00,1.000000e+00,30/66,37.39%,RAB14;PLAAT4;PPP1CA;LBR;THRAP3;IDI1;RORA;HMGCS1;PPP1CC;LPCAT1;ALOX5AP;PTGES3;PTGDS;SLC44A2;MED15;MED10;GLIPR1;GPS2;AKR1B1;DECR1;NDUFAB1;CHD9;KPNB1;OSBPL8;PIP4K2A;INPP5D;AGK;SACM1L;PRKACB;HADHA
prerank,Reactome_2022__DEx/H-box Helicases Activate Type I IFN And Inflammatory Cytokines Production R-HSA-3134963,0.4285811135176612,0.83110326248197,7.280453e-01,1.000000e+00,1.000000e+00,3/5,53.31%,NFKB2;IRF7;DHX36
prerank,Reactome_2022__SCF(Skp2)-mediated Degradation Of P27/P21 R-HSA-187577,-0.20120457407838985,-0.8300489270471082,7.653061e-01,7.958492e-01,1.000000e+00,10/28,20.09%,PSMB1;UBB;PSMB4;PSMA1;PSMD7;PSMA6;PSMA3;PSME2;PSME1;PSMB10
prerank,Reactome_2022__HDACs Deacetylate Histones R-HSA-3214815,-0.289719206268385,-0.8272432274746304,7.174888e-01,7.980418e-01,1.000000e+00,2/9,3.95%,CHD4;RBBP7
prerank,Reactome_2022__Iron Uptake And Transport R-HSA-917937,0.3359973427558196,0.8270870127107631,7.005013e-01,1.000000e+00,1.000000e+00,2/12,6.62%,NEDD8;UBA52
prerank,Reactome_2022__trans-Golgi Network Vesicle Budding R-HSA-199992,-0.24583152317858814,-0.8270790131571812,7.584270e-01,7.953579e-01,1.000000e+00,4/13,14.53%,RAB5C;M6PR;FTH1;VAMP8
prerank,Reactome_2022__Signaling To ERKs R-HSA-187687,0.4037820065761867,0.8268831135686787,7.260638e-01,1.000000e+00,1.000000e+00,2/6,28.21%,MAPK1;GRB2
prerank,Reactome_2022__Downregulation Of SMAD2/3:SMAD4 Transcriptional Activity R-HSA-2173795,0.3468626738393743,0.8268718385756308,7.256858e-01,1.000000e+00,1.000000e+00,4/11,28.79%,UBA52;MAPK1;SMAD7;STAT1
prerank,Reactome_2022__P75 NTR Receptor-Mediated Signaling R-HSA-193704,0.2987345030071238,0.8249446937234137,7.087719e-01,1.000000e+00,1.000000e+00,4/19,18.91%,ARHGEF3;UBA52;ARHGEF1;GNA13
prerank,Reactome_2022__SUMOylation Of Chromatin Organization Proteins R-HSA-4551638,0.35257075223049,0.8242177696292282,7.232704e-01,1.000000e+00,1.000000e+00,1/10,5.77%,PIAS1
prerank,Reactome_2022__GSK3B And BTRC:CUL1-mediated-degradation Of NFE2L2 R-HSA-9762114,-0.1908704021990888,-0.8239250536243095,7.913043e-01,7.980626e-01,1.000000e+00,7/30,14.48%,PSMB1;UBB;PSMB4;PSMA1;PSMD7;PSMA6;PSMA3
prerank,Reactome_2022__N-glycan Trimming In ER And Calnexin/Calreticulin Cycle R-HSA-532668,0.3223340860198649,0.8235906239410665,7.132530e-01,1.000000e+00,1.000000e+00,4/13,23.29%,UBA52;CANX;MLEC;DERL1
prerank,Reactome_2022__Costimulation By CD28 Family R-HSA-388841,0.31107271887405874,0.822735227657387,7.257876e-01,1.000000e+00,1.000000e+00,6/17,22.33%,FYN;PPP2R1A;PPP2R5C;LCK;TNFRSF14;CSK
prerank,Reactome_2022__Generation Of Second Messenger Molecules R-HSA-202433,0.33128317888340536,0.8225206444366355,7.076167e-01,1.000000e+00,1.000000e+00,10/12,50.91%,LCK;PLCG2;ZAP70;EVL;FYB1;VASP;CD247;WAS;CD3D;LCP2
prerank,Reactome_2022__FCGR3A-mediated Phagocytosis R-HSA-9664422,0.2913082927757043,0.8219446205954625,7.098976e-01,1.000000e+00,1.000000e+00,9/22,29.11%,FYN;MAPK1;MYH9;FGR;CYFIP2;WIPF1;ABI1;GRB2;ACTR3
prerank,Reactome_2022__Regulation Of Lipid Metabolism By PPARalpha R-HSA-400206,0.3217080908359951,0.8203442356529683,7.418968e-01,1.000000e+00,1.000000e+00,8/15,31.94%,THRAP3;RORA;HMGCS1;MED15;MED10;GLIPR1;GPS2;CHD9
prerank,Reactome_2022__PPARA Activates Gene Expression R-HSA-1989781,0.3217080908359951,0.8203442356529683,7.418968e-01,1.000000e+00,1.000000e+00,8/15,31.94%,THRAP3;RORA;HMGCS1;MED15;MED10;GLIPR1;GPS2;CHD9
prerank,Reactome_2022__Global Genome Nucleotide Excision Repair (GG-NER) R-HSA-5696399,0.3144543779393014,0.8203366504458336,7.297297e-01,1.000000e+00,1.000000e+00,3/15,12.18%,PIAS1;UBA52;COPS6
prerank,Reactome_2022__SUMOylation Of SUMOylation Proteins R-HSA-4085377,-0.327438370846731,-0.8173224371178669,7.265918e-01,8.072561e-01,1.000000e+00,6/6,67.41%,UBE2I;TPR;SUMO2;SUMO1;POM121;RANBP2
prerank,Reactome_2022__Transcriptional Activation Of Mitochondrial Biogenesis R-HSA-2151201,0.3712012754783106,0.816226924021572,7.250996e-01,1.000000e+00,1.000000e+00,1/8,0.53%,CYCS
prerank,Reactome_2022__Processing Of SMDT1 R-HSA-8949664,0.37815226543657504,0.814725612302792,7.249322e-01,1.000000e+00,1.000000e+00,4/7,40.60%,PHB2;MCUB;MICU2;YME1L1
prerank,Reactome_2022__Immunoregulatory Interactions Between A Lymphoid And A non-Lymphoid Cell R-HSA-198933,0.25506849256666725,0.8144146704487353,7.811159e-01,1.000000e+00,1.000000e+00,27/41,54.17%,CD160;SH2D1A;KLRK1;HLA-E;ITGAL;ITGA4;LAIR1;ICAM2;CD8A;NCR1;HLA-C;CD247;KLRD1;HLA-F;KLRC1;ITGB7;CLEC2D;ITGB1;ITGB2;HLA-A;IFITM1;HLA-B;CD3D;KLRG1;KIR3DL1;SELL;CD3E
prerank,Reactome_2022__APC/C:Cdc20 Mediated Degradation Of Cyclin B R-HSA-174048,0.38040317474440766,0.8134856945441987,7.428181e-01,1.000000e+00,1.000000e+00,2/7,16.77%,UBA52;ANAPC16
prerank,Reactome_2022__COPI-independent Golgi-to-ER Retrograde Traffic R-HSA-6811436,0.37701377354937965,0.8131697177578302,7.307692e-01,1.000000e+00,1.000000e+00,3/7,28.42%,DYNC1H1;CAPZB;DCTN3
prerank,Reactome_2022__Initiation Of Nuclear Envelope (NE) Reformation R-HSA-2995383,0.3568881707894812,0.8127977423962637,7.496823e-01,1.000000e+00,1.000000e+00,2/9,8.07%,PPP2R1A;LBR
prerank,Reactome_2022__Gene Expression (Transcription) R-HSA-74160,0.2283033803874595,0.8126603744015756,9.260000e-01,1.000000e+00,1.000000e+00,78/234,33.33%,CYCS;PTPN4;CDKN1B;SSU72;INTS11;CCND2;TNRC6B;THOC2;KMT2A;PPP2R1A;UBA52;CITED2;MAPK1;SLC2A3;LBR;CDC73;RBL2;SMARCA5;RORA;PPP2R5C;PHAX;NFATC2;COX14;TAF1D;CCND3;BDP1;CDC40;STUB1;UXT;GSK3B;ATM;RGCC;YWHAZ;CNOT6L;ANAPC16;ITGAL;ARID4B;EIF4A3;ITGA4;EHMT1;PHF1;PSMC3;HSPD1;POLR2A;NPM1;PSMA5;TCEA1;ZNF331;MED15;PSMF1;SMAD7;PSMD4;MED10;SRSF4;CNOT2;PTPN1;SNRPB;GTF3A;U2AF2;PCF11;ZNF600;RBBP4;STAT1;NR4A3;GPS2;RNPS1;CALM1;COX7C;TAF7;PSMC5;DNMT1;SUPT5H;SRSF11;IFNG;GTF3C1;RANBP2;BTG1;BTG2
prerank,Reactome_2022__Formation Of RNA Pol II Elongation Complex R-HSA-112382,-0.22700447973535687,-0.8125655273364524,7.581699e-01,8.127899e-01,1.000000e+00,2/15,3.04%,POLR2J;POLR2K
prerank,Reactome_2022__ATF6 (ATF6-alpha) Activates Chaperone Genes R-HSA-381183,-0.35457953936797,-0.8113872905493532,7.058824e-01,8.086254e-01,1.000000e+00,5/5,64.69%,ATF4;HSP90B1;CALR;DDIT3;HSPA5
prerank,Reactome_2022__ATF6 (ATF6-alpha) Activates Chaperones R-HSA-381033,-0.35457953936797,-0.8113872905493532,7.058824e-01,8.086254e-01,1.000000e+00,5/5,64.69%,ATF4;HSP90B1;CALR;DDIT3;HSPA5
prerank,Reactome_2022__RHOU GTPase Cycle R-HSA-9013420,0.3269840123267794,0.8110534384164366,7.433735e-01,1.000000e+00,1.000000e+00,3/13,12.13%,SPTAN1;ARHGAP30;ITSN2
prerank,Reactome_2022__RNA Polymerase III Transcription Initiation From Type 3 Promoter R-HSA-76071,-0.31589513889129506,-0.8105868619789142,6.578947e-01,8.070464e-01,1.000000e+00,1/7,3.04%,POLR2K
prerank,Reactome_2022__Downstream TCR Signaling R-HSA-202424,-0.17664532062945992,-0.8093605881210226,8.815789e-01,8.061607e-01,1.000000e+00,8/39,14.48%,PSMB1;NFKBIA;UBB;PSMB4;PSMA1;PSMD7;PSMA6;PSMA3
prerank,Reactome_2022__Inactivation Of CSF3 (G-CSF) Signaling R-HSA-9705462,0.3239401357860531,0.8079565942656513,7.534418e-01,1.000000e+00,1.000000e+00,7/13,39.48%,UBE2D2;UBA52;STAT1;CUL5;SOCS1;JAK1;UBE2D3
prerank,Reactome_2022__Regulation Of IGF Transport And Uptake By IGFBPs R-HSA-381426,0.30355253301073193,0.8060044818771956,7.378985e-01,1.000000e+00,1.000000e+00,7/17,41.67%,KTN1;MGAT4A;SHISA5;DNAJC3;TGOLN2;PRSS23;IGFBP4
prerank,"Reactome_2022__Platelet Activation, Signaling And Aggregation R-HSA-76002",0.25044683173480464,0.8054202978348052,8.002125e-01,1.000000e+00,1.000000e+00,21/53,37.13%,PRKCH;RASGRP1;FYN;CYRIB;GNG2;MAPK1;LCK;YWHAZ;DGKD;PLCG2;GNA13;CSK;PLEK;PTPN1;GRB2;CALM1;TAGLN2;TLN1;HSPA5;RAC2;CAP1
prerank,Reactome_2022__SARS-CoV-2 Activates/Modulates Innate And Adaptive Immune Responses R-HSA-9705671,0.29096038553193954,0.8045758925511375,7.523148e-01,1.000000e+00,1.000000e+00,14/20,50.75%,CNBP;G3BP2;HLA-E;ISG15;STAT1;RANBP2;G3BP1;JAK1;HLA-C;HLA-F;IRF7;HLA-A;HLA-B;HSP90AB1
prerank,Reactome_2022__Downregulation Of ERBB2 Signaling R-HSA-8863795,-0.28166003599887646,-0.8045588905793678,7.586207e-01,8.115769e-01,1.000000e+00,4/9,16.08%,UBB;CDC37;HSP90AA1;MATK
prerank,Reactome_2022__Response Of EIF2AK1 (HRI) To Heme Deficiency R-HSA-9648895,-0.34654525977504014,-0.8039185034439225,7.386760e-01,8.099539e-01,1.000000e+00,5/5,65.49%,ATF4;DDIT3;EIF2AK1;PPP1R15A;EIF2S3
prerank,Reactome_2022__G Alpha (S) Signaling Events R-HSA-418555,0.30279502781168477,0.8033896776533742,7.494062e-01,1.000000e+00,1.000000e+00,3/16,11.43%,GNG2;PTGER2;ADRB2
prerank,Reactome_2022__Downstream Signaling Events Of B Cell Receptor (BCR) R-HSA-1168372,-0.1735711618633222,-0.8030109745500859,8.636364e-01,8.086224e-01,1.000000e+00,8/40,14.48%,PSMB1;NFKBIA;UBB;PSMB4;PSMA1;PSMD7;PSMA6;PSMA3
prerank,Reactome_2022__Formation Of ATP By Chemiosmotic Coupling R-HSA-163210,0.31942378544155164,0.8027506086180419,7.493888e-01,1.000000e+00,1.000000e+00,1/13,0.96%,ATP5PO
prerank,Reactome_2022__G2/M DNA Damage Checkpoint R-HSA-69473,0.39366734087985006,0.8019864476354478,7.576975e-01,1.000000e+00,1.000000e+00,2/6,16.40%,ATM;YWHAZ
prerank,Reactome_2022__Signaling By NTRK1 (TRKA) R-HSA-187037,0.28926705957323234,0.8001330199162231,7.751678e-01,1.000000e+00,1.000000e+00,3/21,7.37%,PPP2R1A;REST;MAPK1
prerank,Reactome_2022__Signaling By ERBB2 In Cancer R-HSA-1227990,-0.3507651926619927,-0.8000180999054728,7.234043e-01,8.105682e-01,1.000000e+00,2/5,12.87%,CDC37;HSP90AA1
prerank,Reactome_2022__Membrane Binding And Targetting Of GAG Proteins R-HSA-174490,0.4092389221746216,0.7993374479961688,7.720058e-01,1.000000e+00,1.000000e+00,1/5,6.62%,UBA52
prerank,Reactome_2022__Antigen Processing: Ubiquitination And Proteasome Degradation R-HSA-983168,0.23828273539813835,0.7988181774022388,8.135942e-01,1.000000e+00,1.000000e+00,16/70,24.68%,UBE2D2;MYLIP;UBE2G2;LNPEP;UBA52;RNF213;MIB2;RNF19A;RNF126;STUB1;PSMC3;CBLB;FBXO7;PSMA5;PSMF1;PSMD4
prerank,Reactome_2022__Transmission Across Chemical Synapses R-HSA-112315,0.29029207241598726,0.7987603478531355,7.550059e-01,1.000000e+00,1.000000e+00,8/19,32.48%,VAMP2;GNG2;MAPK1;PRKX;SLC38A1;ARL6IP5;CALM1;HSPA8
prerank,Reactome_2022__Interleukin-12 Signaling R-HSA-9020591,0.2913459019924429,0.7985709530254888,7.584204e-01,1.000000e+00,1.000000e+00,10/20,41.88%,HNRNPDL;HNRNPA2B1;STAT4;TOX4;IL12RB2;IFNG;CNN2;JAK1;HSPA9;HNRNPF
prerank,Reactome_2022__Signaling By ALK R-HSA-201556,0.391159558646941,0.7970624674446173,7.464387e-01,1.000000e+00,1.000000e+00,5/6,57.00%,HIF1A;IL2RG;PIK3R1;PRDM1;STAT3
prerank,Reactome_2022__RND3 GTPase Cycle R-HSA-9696264,0.3726607449208583,0.7953919060673315,7.635403e-01,1.000000e+00,1.000000e+00,1/7,6.04%,KTN1
prerank,Reactome_2022__HDR Thru Homologous Recombination (HRR) Or Single Strand Annealing (SSA) R-HSA-5693567,-0.2586821688290503,-0.7947357439274633,7.661692e-01,8.162550e-01,1.000000e+00,2/11,5.61%,UBB;H2AX
prerank,Reactome_2022__GRB2:SOS Provides Linkage To MAPK Signaling For Integrins R-HSA-354194,0.41170411241518334,0.7943682468725405,7.946176e-01,1.000000e+00,1.000000e+00,4/5,52.83%,GRB2;TLN1;APBB1IP;RAP1A
prerank,Reactome_2022__Activation Of Gene Expression By SREBF (SREBP) R-HSA-2426168,0.3803120073181262,0.7939169665740319,7.479564e-01,1.000000e+00,1.000000e+00,2/7,9.35%,IDI1;HMGCS1
prerank,Reactome_2022__RNA Polymerase II Transcription R-HSA-73857,0.2241042002588444,0.7935613765018239,9.170000e-01,1.000000e+00,1.000000e+00,63/211,30.29%,CYCS;PTPN4;CDKN1B;SSU72;INTS11;CCND2;TNRC6B;THOC2;KMT2A;PPP2R1A;UBA52;CITED2;MAPK1;SLC2A3;LBR;CDC73;RBL2;RORA;PPP2R5C;PHAX;NFATC2;COX14;CCND3;CDC40;STUB1;UXT;GSK3B;ATM;RGCC;YWHAZ;CNOT6L;ANAPC16;ITGAL;EIF4A3;ITGA4;EHMT1;PSMC3;HSPD1;POLR2A;NPM1;PSMA5;TCEA1;ZNF331;MED15;PSMF1;SMAD7;PSMD4;MED10;SRSF4;CNOT2;PTPN1;SNRPB;U2AF2;PCF11;ZNF600;RBBP4;STAT1;NR4A3;GPS2;RNPS1;CALM1;COX7C;TAF7
prerank,Reactome_2022__Signaling By NOTCH3 R-HSA-9012852,0.3470957996892291,0.7925524921208058,7.866492e-01,1.000000e+00,1.000000e+00,3/9,13.51%,UBA52;MIB2;IKZF1
prerank,Reactome_2022__Regulation Of Complement Cascade R-HSA-977606,0.4135373717764705,0.7918748879790841,7.691198e-01,1.000000e+00,1.000000e+00,4/5,51.87%,CD55;CPNE1;PSMA7;HNRNPC
prerank,Reactome_2022__Transcriptional Regulation By AP-2 (TFAP2) Family Of Transcription Factors R-HSA-8864260,0.36328794750581794,0.7916437211453284,7.643229e-01,1.000000e+00,1.000000e+00,3/8,21.47%,CITED2;HSPD1;NPM1
prerank,Reactome_2022__Postmitotic Nuclear Pore Complex (NPC) Reformation R-HSA-9615933,-0.3388284775151174,-0.7905673076695013,7.343173e-01,8.204318e-01,1.000000e+00,1/5,7.43%,RAN
prerank,Reactome_2022__SUMO E3 Ligases SUMOylate Target Proteins R-HSA-3108232,0.2557340854875274,0.7871788551607206,8.052910e-01,1.000000e+00,1.000000e+00,15/39,36.91%,NSMCE3;DDX5;PIAS1;RORA;DDX17;SAFB;NPM1;NFKB2;TOP1;DNMT1;RANBP2;NSMCE1;RNF168;NOP58;SP100
prerank,Reactome_2022__SUMOylation R-HSA-2990846,0.2557340854875274,0.7871788551607206,8.052910e-01,1.000000e+00,1.000000e+00,15/39,36.91%,NSMCE3;DDX5;PIAS1;RORA;DDX17;SAFB;NPM1;NFKB2;TOP1;DNMT1;RANBP2;NSMCE1;RNF168;NOP58;SP100
prerank,Reactome_2022__Interleukin-4 And Interleukin-13 Signaling R-HSA-6785807,-0.19167932902712992,-0.7871283661476862,8.536585e-01,8.229520e-01,1.000000e+00,7/25,14.90%,ITGAM;ANXA1;FOS;CCM2;HSP90AA1;VIM;ITGAX
prerank,"Reactome_2022__Synthesis, Secretion, And Inactivation Of Glucose-dependent Insulinotropic Polypeptide (GIP) R-HSA-400511",0.40576279317331365,0.7863386618904155,7.731214e-01,1.000000e+00,1.000000e+00,3/5,31.25%,SPCS2;SPCS1;SPCS3
prerank,"Reactome_2022__Synthesis, Secretion, And Deacylation Of Ghrelin R-HSA-422085",0.40576279317331365,0.7863386618904155,7.731214e-01,1.000000e+00,1.000000e+00,3/5,31.25%,SPCS2;SPCS1;SPCS3
prerank,Reactome_2022__G Alpha (12/13) Signaling Events R-HSA-416482,0.30048727810119574,0.7855818516876448,7.735399e-01,1.000000e+00,1.000000e+00,4/15,18.91%,ARHGEF3;GNG2;ARHGEF1;GNA13
prerank,Reactome_2022__Chromatin Modifying Enzymes R-HSA-3247509,0.2460169346359805,0.7851610621472614,8.211991e-01,1.000000e+00,1.000000e+00,6/46,6.41%,NSD3;ASH1L;KDM4C;KMT2A;KDELR2;REST
prerank,Reactome_2022__Interferon Alpha/Beta Signaling R-HSA-909733,0.2704533804805291,0.7840393827854466,7.823129e-01,1.000000e+00,1.000000e+00,16/26,48.93%,ISG20;HLA-E;XAF1;PTPN1;ISG15;STAT1;KPNB1;SOCS1;JAK1;HLA-C;SAMHD1;HLA-F;IRF7;HLA-A;IFITM1;HLA-B
prerank,Reactome_2022__FCERI Mediated MAPK Activation R-HSA-2871796,-0.26972481905881657,-0.7828530358432262,7.577093e-01,8.266598e-01,1.000000e+00,4/9,15.12%,PKN1;FOS;VAV3;LYN
prerank,Reactome_2022__Signaling By Interleukins R-HSA-449147,0.226441201861676,0.7812445520657512,8.766431e-01,1.000000e+00,1.000000e+00,31/114,29.33%,IL10RA;PTPN4;FYN;VAMP2;MCL1;HNRNPDL;HNRNPA2B1;PPP2R1A;UBA52;MAPK1;RORA;IL16;STAT4;LCK;YWHAZ;CASP8;CANX;CCL3;PSMC3;HIF1A;TOX4;PSMA5;NFKB2;PSMF1;PSMD4;IL18R1;IL7R;GRB2;STAT1;IL12RB2;PTPN7
prerank,Reactome_2022__Infectious Disease R-HSA-5663205,0.21776888217852222,0.7809536690695085,9.360000e-01,1.000000e+00,1.000000e+00,63/207,30.93%,DDX5;FYN;VAMP2;DYNC1H1;GNG2;CRBN;FAU;PARP10;ISCU;PSTPIP1;REST;UBA52;PTGER2;RNF213;MAPK1;MYH9;CNBP;ADRB2;MGAT4A;FGR;PSIP1;G3BP2;LCK;HLA-E;PTGES3;NFE2L2;GSK3B;YWHAZ;CYFIP2;EIF2AK2;ARID4B;WIPF1;CANX;PLCG2;ITGA4;PSMC3;POLR2A;PTGER4;NPM1;ABI1;EEF2;PSMA5;TCEA1;NFKB2;SRPK2;PRKX;PSMF1;PSMD4;CYBA;SNRPB;SNRPD2;GRB2;RBBP4;DNAJC3;ISG15;STAT1;ACTR3;GPS2;RPN1;CALM1;TAF7;PSMC5;CUL5
prerank,Reactome_2022__TNFR1-induced NFkappaB Signaling Pathway R-HSA-5357956,-0.3172561629153269,-0.7789769935249621,7.552448e-01,8.298289e-01,1.000000e+00,6/6,68.43%,BIRC2;CYLD;TNFAIP3;TNF;RACK1;RBCK1
prerank,Reactome_2022__ER Quality Control Compartment (ERQC) R-HSA-901032,0.39439151656586663,0.7788942912938214,7.837446e-01,1.000000e+00,1.000000e+00,1/5,6.62%,UBA52
prerank,Reactome_2022__Potential Therapeutics For SARS R-HSA-9679191,0.2635994643018611,0.7781815204048648,8.145251e-01,1.000000e+00,1.000000e+00,7/29,18.59%,CRBN;REST;PTGES3;NFE2L2;ARID4B;PLCG2;ITGA4
prerank,Reactome_2022__Stimuli-sensing Channels R-HSA-2672351,0.3586923986664031,0.7777322887359026,7.851459e-01,1.000000e+00,1.000000e+00,3/7,19.18%,UBA52;STOM;TSC22D3
prerank,Reactome_2022__PERK Regulates Gene Expression R-HSA-381042,-0.34654525977504014,-0.7767480561360771,7.383513e-01,8.305886e-01,1.000000e+00,5/5,65.49%,ATF4;DDIT3;HERPUD1;HSPA5;EIF2S3
prerank,Reactome_2022__Signaling By PDGF R-HSA-186797,0.3689879630616297,0.776744207737595,8.015873e-01,1.000000e+00,1.000000e+00,5/7,42.57%,COL6A2;GRB2;STAT1;PTPN12;PIK3R1
prerank,Reactome_2022__Glycosaminoglycan Metabolism R-HSA-1630316,0.3622850069563565,0.7765913640506681,7.765668e-01,1.000000e+00,1.000000e+00,1/7,4.91%,CHST12
prerank,Reactome_2022__Cardiac Conduction R-HSA-5576891,0.3835551753334776,0.7765617721321588,7.902996e-01,1.000000e+00,1.000000e+00,5/6,42.09%,AKAP9;RANGRF;CALM1;ORAI1;ATP2B4
prerank,Reactome_2022__Prostacyclin Signaling Thru Prostacyclin Receptor R-HSA-392851,0.4048030240846746,0.7764839116609007,7.886525e-01,1.000000e+00,1.000000e+00,1/5,3.85%,GNG2
prerank,Reactome_2022__Glucagon-type Ligand Receptors R-HSA-420092,0.4048030240846746,0.7764839116609007,7.886525e-01,1.000000e+00,1.000000e+00,1/5,3.85%,GNG2
prerank,Reactome_2022__Uptake And Actions Of Bacterial Toxins R-HSA-5339562,0.3544946453014457,0.7748590751028438,7.955145e-01,1.000000e+00,1.000000e+00,3/7,29.81%,VAMP2;EEF2;CALM1
prerank,Reactome_2022__HCMV Late Events R-HSA-9610379,0.3445660384727989,0.7734045036955718,7.895442e-01,1.000000e+00,1.000000e+00,5/8,54.59%,RANBP2;VPS36;CEBPD;HNRNPK;POM121
prerank,Reactome_2022__Lysosome Vesicle Biogenesis R-HSA-432720,0.3734653352922588,0.7727060698371087,7.885638e-01,1.000000e+00,1.000000e+00,1/6,2.46%,VAMP2
prerank,Reactome_2022__Neuronal System R-HSA-112316,0.27007994051809875,0.7717921216800238,8.029782e-01,1.000000e+00,1.000000e+00,4/24,9.19%,VAMP2;GNG2;MAPK1;EPB41
prerank,Reactome_2022__IRE1alpha Activates Chaperones R-HSA-381070,0.30809870327134037,0.7715423960979259,7.881773e-01,1.000000e+00,1.000000e+00,5/13,35.42%,SRPRA;ADD1;DNAJC3;TLN1;HSPA5
prerank,Reactome_2022__NR1H3 And NR1H2 Regulate Gene Expression Linked To Cholesterol Transport And Efflux R-HSA-9029569,0.3942822549088996,0.7714602361490394,8.016878e-01,1.000000e+00,1.000000e+00,1/5,3.21%,TNRC6B
prerank,Reactome_2022__Homology Directed Repair R-HSA-5693538,-0.2441591879939077,-0.7711676549240087,8.601036e-01,8.367355e-01,1.000000e+00,2/12,5.61%,UBB;H2AX
prerank,Reactome_2022__Processing Of DNA Double-Strand Break Ends R-HSA-5693607,-0.263429507775883,-0.7694255296132195,8.101852e-01,8.365970e-01,1.000000e+00,2/10,5.61%,UBB;H2AX
prerank,Reactome_2022__Signaling By Nuclear Receptors R-HSA-9006931,0.24525861682258576,0.7686935261870831,8.267380e-01,1.000000e+00,1.000000e+00,6/48,7.37%,DDX5;CDKN1B;TNRC6B;GNG2;MYLIP;MAPK1
prerank,Reactome_2022__DNA Double-Strand Break Repair R-HSA-5693532,0.285959883879607,0.7671110357209154,8.102017e-01,1.000000e+00,1.000000e+00,4/18,20.78%,UBA52;SMARCA5;ATM;PRKDC
prerank,Reactome_2022__G2/M Transition R-HSA-69275,0.2326095018410522,0.7669488254871765,8.444676e-01,1.000000e+00,1.000000e+00,7/56,8.92%,TUBA1A;DYNC1H1;SSNA1;PPP2R1A;UBA52;AKAP9;CEP78
prerank,Reactome_2022__Mitotic G2-G2/M Phases R-HSA-453274,0.2326095018410522,0.7669488254871765,8.444676e-01,1.000000e+00,1.000000e+00,7/56,8.92%,TUBA1A;DYNC1H1;SSNA1;PPP2R1A;UBA52;AKAP9;CEP78
prerank,Reactome_2022__rRNA Processing In Nucleus And Cytosol R-HSA-8868773,0.3005368228389552,0.7650980081726803,7.985525e-01,1.000000e+00,1.000000e+00,4/15,19.82%,FAU;UBA52;THUMPD1;XRN2
prerank,Reactome_2022__rRNA Processing R-HSA-72312,0.3005368228389552,0.7650980081726803,7.985525e-01,1.000000e+00,1.000000e+00,4/15,19.82%,FAU;UBA52;THUMPD1;XRN2
prerank,Reactome_2022__Pexophagy R-HSA-9664873,0.3695059428910855,0.7650178428780979,8.027778e-01,1.000000e+00,1.000000e+00,2/6,16.19%,UBA52;ATM
prerank,Reactome_2022__Host Interactions Of HIV Factors R-HSA-162909,-0.1563166299957423,-0.7645101036385296,9.000000e-01,8.414960e-01,1.000000e+00,11/51,14.48%,PSMB1;UBB;PSMB4;RAN;AP2M1;RANBP1;PSMA1;PSMD7;PSMA6;CCNT1;PSMA3
prerank,Reactome_2022__Generic Transcription Pathway R-HSA-212436,0.21689463868283085,0.7626660492917556,9.349349e-01,1.000000e+00,1.000000e+00,52/174,30.82%,CYCS;PTPN4;CDKN1B;CCND2;TNRC6B;KMT2A;PPP2R1A;UBA52;CITED2;MAPK1;SLC2A3;LBR;RBL2;RORA;PPP2R5C;NFATC2;COX14;CCND3;STUB1;UXT;GSK3B;ATM;RGCC;YWHAZ;CNOT6L;ANAPC16;ITGAL;ITGA4;EHMT1;PSMC3;HSPD1;POLR2A;NPM1;PSMA5;TCEA1;ZNF331;MED15;PSMF1;SMAD7;PSMD4;MED10;CNOT2;PTPN1;ZNF600;RBBP4;STAT1;NR4A3;GPS2;CALM1;COX7C;TAF7;PSMC5
prerank,Reactome_2022__Budding And Maturation Of HIV Virion R-HSA-162588,0.3700345004220651,0.7621734295379282,7.888112e-01,1.000000e+00,1.000000e+00,1/6,6.62%,UBA52
prerank,Reactome_2022__Nuclear Receptor Transcription Pathway R-HSA-383280,-0.2696551378936192,-0.76049350623702,7.811159e-01,8.446490e-01,1.000000e+00,2/8,11.32%,NR1H2;NR3C1
prerank,Reactome_2022__Regulation Of RAS By GAPs R-HSA-5658442,-0.17705914226481664,-0.7595662430228717,8.764045e-01,8.431431e-01,1.000000e+00,7/31,14.48%,PSMB1;UBB;PSMB4;PSMA1;PSMD7;PSMA6;PSMA3
prerank,Reactome_2022__Cristae Formation R-HSA-8949613,0.29556676305627594,0.7591504184614697,7.956731e-01,1.000000e+00,1.000000e+00,1/14,0.96%,ATP5PO
prerank,Reactome_2022__Metabolism Of Steroids R-HSA-8957322,0.29335884296136705,0.7569819952811073,7.940476e-01,1.000000e+00,1.000000e+00,3/15,9.35%,LBR;IDI1;HMGCS1
prerank,Reactome_2022__G-protein Mediated Events R-HSA-112040,0.365306086366293,0.7558989312624492,8.000000e-01,1.000000e+00,1.000000e+00,4/6,37.07%,MAPK1;PRKX;CALM1;PRKACB
prerank,Reactome_2022__Late Endosomal Microautophagy R-HSA-9615710,-0.29269825981075936,-0.7543531294933364,8.050542e-01,8.483944e-01,1.000000e+00,2/7,11.06%,UBB;PARK7
prerank,Reactome_2022__Negative Regulation Of FLT3 R-HSA-9706369,-0.33654729868705435,-0.7535917438536442,8.090615e-01,8.466605e-01,1.000000e+00,2/5,8.33%,UBB;SLA2
prerank,Reactome_2022__Death Receptor Signaling R-HSA-73887,0.2527457128712598,0.7529689539551463,8.236607e-01,1.000000e+00,1.000000e+00,5/29,18.91%,ARHGEF3;UBA52;ARHGEF1;CASP8;GNA13
prerank,Reactome_2022__TGF-beta Receptor Signaling In EMT (Epithelial To Mesenchymal Transition) R-HSA-2173791,0.3784890901571554,0.7479619284262126,8.312057e-01,1.000000e+00,1.000000e+00,1/5,6.62%,UBA52
prerank,Reactome_2022__SMAD2/SMAD3:SMAD4 Heterotrimer Regulates Transcription R-HSA-2173796,0.31583498424573014,0.7463729333790785,8.068182e-01,1.000000e+00,1.000000e+00,2/10,7.37%,UBA52;MAPK1
prerank,Reactome_2022__Transport Of Mature mRNA Derived From An Intronless Transcript R-HSA-159231,-0.32726298875200854,-0.7461080716330435,7.913669e-01,8.513586e-01,1.000000e+00,5/5,67.41%,WDR33;TPR;FIP1L1;POM121;RANBP2
prerank,Reactome_2022__Transport Of Mature mRNAs Derived From Intronless Transcripts R-HSA-159234,-0.32726298875200854,-0.7461080716330435,7.913669e-01,8.513586e-01,1.000000e+00,5/5,67.41%,WDR33;TPR;FIP1L1;POM121;RANBP2
prerank,Reactome_2022__CLEC7A (Dectin-1) Signaling R-HSA-5607764,0.2378961817084022,0.7460910576163289,8.597430e-01,1.000000e+00,1.000000e+00,11/41,24.95%,UBE2D2;UBA52;NFATC2;CASP8;PLCG2;PSMC3;PSMA5;NFKB2;PSMF1;PSMD4;NFATC3
prerank,Reactome_2022__Nuclear Import Of Rev Protein R-HSA-180746,0.36684624649240777,0.7454190110724124,8.151147e-01,1.000000e+00,1.000000e+00,3/6,32.75%,NPM1;RANBP2;KPNB1
prerank,Reactome_2022__Defective Intrinsic Pathway For Apoptosis R-HSA-9734009,0.36665135396231463,0.7448024975528601,8.083333e-01,1.000000e+00,1.000000e+00,1/6,7.59%,CAPN2
prerank,Reactome_2022__XBP1(S) Activates Chaperone Genes R-HSA-381038,0.30715531349406666,0.7437153565998914,8.121137e-01,1.000000e+00,1.000000e+00,4/11,34.83%,SRPRA;ADD1;DNAJC3;TLN1
prerank,Reactome_2022__TCR Signaling R-HSA-202403,0.23055394631270407,0.7430460131710916,8.746015e-01,1.000000e+00,1.000000e+00,14/50,26.92%,PTPRC;UBE2D2;UBA52;LCK;PTPN22;PLCG2;ZAP70;PSMC3;CSK;PSMA5;PSMF1;PSMD4;EVL;FYB1
prerank,"Reactome_2022__Antigen Presentation: Folding, Assembly, Peptide Loading Of Class I MHC R-HSA-983170",0.29255295571581674,0.7423787260551908,8.080194e-01,1.000000e+00,1.000000e+00,9/13,48.93%,HLA-E;CANX;HSPA5;HLA-C;HLA-F;ERAP2;HLA-A;SEC31A;HLA-B
prerank,Reactome_2022__Recycling Pathway Of L1 R-HSA-437239,0.3844071701670357,0.742157304913259,8.232819e-01,1.000000e+00,1.000000e+00,1/5,7.37%,MAPK1
prerank,Reactome_2022__ABC-family Proteins Mediated Transport R-HSA-382556,-0.17171888736483842,-0.7417591444132606,8.988764e-01,8.547120e-01,1.000000e+00,11/33,20.09%,PSMB1;UBB;PSMB4;PSMA1;PSMD7;PSMA6;PSMA3;PSME2;OS9;PSME1;PSMB10
prerank,Reactome_2022__Protein Localization R-HSA-9609507,0.2462231324661321,0.7409343058237654,8.438865e-01,1.000000e+00,1.000000e+00,5/32,8.97%,UBE2D2;VAMP2;UBA52;DNAJC19;TOMM7
prerank,Reactome_2022__Phase II - Conjugation Of Compounds R-HSA-156580,-0.3121129076614822,-0.739921137014814,8.172043e-01,8.542880e-01,1.000000e+00,3/6,18.22%,GSTK1;GSTP1;TPST2
prerank,Reactome_2022__STAT3 Nuclear Events Downstream Of ALK Signaling R-HSA-9701898,0.3822932500068402,0.7374505075767778,8.411498e-01,1.000000e+00,1.000000e+00,4/5,57.00%,HIF1A;IL2RG;PRDM1;STAT3
prerank,Reactome_2022__Regulation Of BACH1 Activity R-HSA-9708530,0.3769111550065935,0.7362076880855709,8.326055e-01,1.000000e+00,1.000000e+00,1/5,6.62%,UBA52
prerank,Reactome_2022__Mitotic G1 Phase And G1/S Transition R-HSA-453279,0.23346001264168786,0.7341392988815166,8.698413e-01,1.000000e+00,1.000000e+00,10/40,24.68%,CDKN1B;CCND2;PPP2R1A;UBA52;RBL2;CCND3;PSMC3;PSMA5;PSMF1;PSMD4
prerank,Reactome_2022__Thromboxane Signaling Thru TP Receptor R-HSA-428930,0.377148355089222,0.7337769508589782,8.482659e-01,1.000000e+00,1.000000e+00,2/5,18.91%,GNG2;GNA13
prerank,Reactome_2022__RNA Polymerase II Transcribes snRNA Genes R-HSA-6807505,0.28621857049110183,0.7333504528964073,8.236715e-01,1.000000e+00,1.000000e+00,3/15,11.22%,SSU72;INTS11;PHAX
prerank,"Reactome_2022__Synthesis, Secretion, And Inactivation Of Glucagon-like Peptide-1 (GLP-1) R-HSA-381771",-0.3081627240715867,-0.7327483652174606,7.491166e-01,8.582696e-01,1.000000e+00,2/6,6.09%,GNB1;SEC11A
prerank,"Reactome_2022__Incretin Synthesis, Secretion, And Inactivation R-HSA-400508",-0.3081627240715867,-0.7327483652174606,7.491166e-01,8.582696e-01,1.000000e+00,2/6,6.09%,GNB1;SEC11A
prerank,Reactome_2022__NOD1/2 Signaling Pathway R-HSA-168638,0.3434467587009605,0.7313338886722562,8.224299e-01,1.000000e+00,1.000000e+00,3/7,41.24%,CASP8;CASP4;ITCH
prerank,Reactome_2022__Deregulated CDK5 Triggers Neurodegenerative Pathways In Alzheimers Disease Models R-HSA-8862803,0.3753515268527817,0.7306608234294187,8.250356e-01,1.000000e+00,1.000000e+00,1/5,7.59%,CAPN2
prerank,Reactome_2022__RNA Polymerase I Transcription Termination R-HSA-73863,-0.2742681309565411,-0.7286245731008517,8.227848e-01,8.611081e-01,1.000000e+00,1/7,3.04%,POLR2K
prerank,Reactome_2022__Repression Of WNT Target Genes R-HSA-4641265,0.35341445246664854,0.7278665778601794,8.430311e-01,1.000000e+00,1.000000e+00,3/6,35.95%,TLE1;TLE4;TCF7
prerank,Reactome_2022__Degradation Of Beta-Catenin By Destruction Complex R-HSA-195253,0.23360924716900974,0.7263167216627432,8.594421e-01,1.000000e+00,1.000000e+00,10/39,24.68%,PPP2R1A;UBA52;PPP2R5C;TLE1;GSK3B;PSMC3;TLE4;PSMA5;PSMF1;PSMD4
prerank,Reactome_2022__PIP3 Activates AKT Signaling R-HSA-1257604,0.22003096286781065,0.7224921548598896,8.957247e-01,1.000000e+00,1.000000e+00,12/62,16.61%,CDKN1B;FYN;TNRC6B;PPP2R1A;REST;UBA52;MAPK1;PPP2R5C;LCK;STUB1;GSK3B;CNOT6L
prerank,Reactome_2022__Attenuation Phase R-HSA-3371568,0.3023430203017741,0.7224775135945386,8.533502e-01,1.000000e+00,1.000000e+00,3/10,15.01%,DNAJB1;DEDD2;PTGES3
prerank,Reactome_2022__HSF1-dependent Transactivation R-HSA-3371571,0.3023430203017741,0.7224775135945386,8.533502e-01,1.000000e+00,1.000000e+00,3/10,15.01%,DNAJB1;DEDD2;PTGES3
prerank,Reactome_2022__Gene And Protein Expression By JAK-STAT Signaling After Interleukin-12 Stimulation R-HSA-8950505,0.2737622907637178,0.721968462096053,8.423529e-01,1.000000e+00,1.000000e+00,3/17,12.39%,HNRNPDL;HNRNPA2B1;STAT4
prerank,Reactome_2022__mRNA 3-End Processing R-HSA-72187,0.2489417854227482,0.7218426500052386,8.524229e-01,1.000000e+00,1.000000e+00,8/25,32.10%,THOC2;CDC40;EIF4A3;SRSF4;U2AF2;PCF11;RNPS1;SRSF11
prerank,Reactome_2022__NRIF Signals Cell Death From Nucleus R-HSA-205043,0.37001025144032723,0.7217133910064639,8.538350e-01,1.000000e+00,1.000000e+00,1/5,6.62%,UBA52
prerank,Reactome_2022__Transcriptional Regulation Of White Adipocyte Differentiation R-HSA-381340,0.2740347778864849,0.7173994393276572,8.413069e-01,1.000000e+00,1.000000e+00,8/15,42.47%,THRAP3;CCND3;MED15;MED10;CHD9;ZNF638;CEBPD;MED4
prerank,Reactome_2022__COPII-mediated Vesicle Transport R-HSA-204005,-0.21881720430107526,-0.7171642211076514,8.871795e-01,8.733331e-01,1.000000e+00,12/12,78.31%,LMAN2;STX5;CSNK1D;TRAPPC10;AREG;TRAPPC6A;SEC31A;CTSC;LMAN1;RAB1B;TMED2;TRAPPC1
prerank,Reactome_2022__Nonhomologous End-Joining (NHEJ) R-HSA-5693571,0.35020426450091896,0.7149834336873312,8.581267e-01,1.000000e+00,1.000000e+00,4/6,40.54%,ATM;PRKDC;RNF168;XRCC6
prerank,Reactome_2022__Intracellular Signaling By Second Messengers R-HSA-9006925,0.21632628621290365,0.7144804591388467,9.118257e-01,1.000000e+00,1.000000e+00,21/66,30.82%,CDKN1B;FYN;TNRC6B;PPP2R1A;REST;UBA52;MAPK1;PPP2R5C;LCK;STUB1;GSK3B;CNOT6L;PSMC3;PSMA5;PRKX;PSMF1;PSMD4;GRB2;RBBP4;CALM1;PSMC5
prerank,Reactome_2022__G Beta:Gamma Signaling Thru PI3Kgamma R-HSA-392451,0.364886171703519,0.7144781598365307,8.567376e-01,1.000000e+00,1.000000e+00,1/5,3.85%,GNG2
prerank,Reactome_2022__DNA Damage Bypass R-HSA-73893,-0.26182850591119045,-0.7141690062052869,8.723404e-01,8.739217e-01,1.000000e+00,2/8,10.26%,UBB;UBE2B
prerank,Reactome_2022__Neddylation R-HSA-8951664,0.21855971627020288,0.7137252102900166,8.817992e-01,1.000000e+00,1.000000e+00,12/52,24.68%,NEDD8;UBE2D2;UBA52;COMMD6;COPS6;NFE2L2;PSMC3;HIF1A;FBXO7;PSMA5;PSMF1;PSMD4
prerank,Reactome_2022__mRNA Splicing R-HSA-72172,0.20719143637906898,0.709238062029383,9.323915e-01,1.000000e+00,1.000000e+00,36/96,37.66%,DDX5;HNRNPA2B1;RBM42;SF3A1;BCAS2;SNRPB2;ELAVL1;HNRNPU;PRPF6;DDX46;CDC40;EIF4A3;LSM7;POLR2A;SRSF4;FUS;SNRPB;SNRPD2;U2AF2;PCF11;HNRNPD;SNRPA;RNPS1;LSM4;TXNL4A;HNRNPA3;SRSF11;HSPA8;PRPF40A;PUF60;CWC15;HNRNPL;HNRNPUL1;SNRNP70;SF1;HNRNPA0
prerank,Reactome_2022__mRNA Splicing - Major Pathway R-HSA-72163,0.20719143637906898,0.709238062029383,9.323915e-01,1.000000e+00,1.000000e+00,36/96,37.66%,DDX5;HNRNPA2B1;RBM42;SF3A1;BCAS2;SNRPB2;ELAVL1;HNRNPU;PRPF6;DDX46;CDC40;EIF4A3;LSM7;POLR2A;SRSF4;FUS;SNRPB;SNRPD2;U2AF2;PCF11;HNRNPD;SNRPA;RNPS1;LSM4;TXNL4A;HNRNPA3;SRSF11;HSPA8;PRPF40A;PUF60;CWC15;HNRNPL;HNRNPUL1;SNRNP70;SF1;HNRNPA0
prerank,Reactome_2022__Processing Of Capped Intron-Containing Pre-mRNA R-HSA-72203,0.20574989919913123,0.7075054360129197,9.344097e-01,1.000000e+00,1.000000e+00,38/104,37.66%,DDX5;THOC2;HNRNPA2B1;RBM42;SF3A1;BCAS2;SNRPB2;ELAVL1;HNRNPU;PRPF6;DDX46;CDC40;EIF4A3;LSM7;POLR2A;SRSF4;FUS;SNRPB;SNRPD2;U2AF2;PCF11;HNRNPD;SNRPA;RNPS1;LSM4;TXNL4A;HNRNPA3;SRSF11;HSPA8;RANBP2;PRPF40A;PUF60;CWC15;HNRNPL;HNRNPUL1;SNRNP70;SF1;HNRNPA0
prerank,Reactome_2022__CD28 Dependent Vav1 Pathway R-HSA-389359,0.3645801617010642,0.7042994683131372,8.694444e-01,1.000000e+00,1.000000e+00,2/5,14.16%,FYN;LCK
prerank,Reactome_2022__Fcgamma Receptor (FCGR) Dependent Phagocytosis R-HSA-2029480,0.237283893086474,0.7019192145793983,8.910891e-01,1.000000e+00,1.000000e+00,10/28,29.11%,FYN;MAPK1;MYH9;FGR;CYFIP2;WIPF1;PLCG2;ABI1;GRB2;ACTR3
prerank,Reactome_2022__Glucagon Signaling In Metabolic Regulation R-HSA-163359,0.3315916937862871,0.7012639407419093,8.506057e-01,1.000000e+00,1.000000e+00,1/7,3.85%,GNG2
prerank,Reactome_2022__Vasopressin Regulates Renal Water Homeostasis Via Aquaporins R-HSA-432040,0.3315916937862871,0.7012639407419093,8.506057e-01,1.000000e+00,1.000000e+00,1/7,3.85%,GNG2
prerank,Reactome_2022__Aquaporin-mediated Transport R-HSA-445717,0.3315916937862871,0.7012639407419093,8.506057e-01,1.000000e+00,1.000000e+00,1/7,3.85%,GNG2
prerank,Reactome_2022__Peptide Ligand-Binding Receptors R-HSA-375276,0.30651820478830494,0.7000212687813601,8.762887e-01,1.000000e+00,1.000000e+00,2/9,19.02%,CX3CR1;CCL3
prerank,Reactome_2022__B-WICH Complex Positively Regulates rRNA Expression R-HSA-5250924,0.2771541502798594,0.6988423329836468,8.621103e-01,1.000000e+00,1.000000e+00,3/14,16.08%,SMARCA5;TAF1D;GSK3B
prerank,Reactome_2022__Mitotic Prophase R-HSA-68875,0.25519508273642183,0.6972715544163823,8.668197e-01,1.000000e+00,1.000000e+00,3/20,14.48%,PPP2R1A;MAPK1;SET
prerank,Reactome_2022__TCF Dependent Signaling In Response To WNT R-HSA-201681,0.2170705115730658,0.6952046793007503,9.109015e-01,1.000000e+00,1.000000e+00,13/51,24.68%,CCDC88C;PPP2R1A;UBA52;CDC73;PPP2R5C;TLE1;GSK3B;YWHAZ;PSMC3;TLE4;PSMA5;PSMF1;PSMD4
prerank,Reactome_2022__Heme Signaling R-HSA-9707616,0.3558165006363677,0.6878430621951195,8.882521e-01,1.000000e+00,1.000000e+00,2/5,15.49%,RORA;NFE2L2
prerank,Reactome_2022__RNA Polymerase III Transcription Initiation From Type 2 Promoter R-HSA-76066,-0.254568471332021,-0.6853325130147672,8.873239e-01,9.053182e-01,1.000000e+00,1/8,3.04%,POLR2K
prerank,Reactome_2022__Cargo Concentration In ER R-HSA-5694530,-0.27384780278670956,-0.6844176054641987,9.140893e-01,9.033807e-01,1.000000e+00,6/6,72.76%,LMAN2;STX5;AREG;CTSC;LMAN1;TMED2
prerank,Reactome_2022__Apoptosis Induced DNA Fragmentation R-HSA-140342,0.3409155158254251,0.6834578889703266,8.681627e-01,1.000000e+00,1.000000e+00,3/6,22.01%,H1-4;H1-3;H1-2
prerank,Reactome_2022__Metabolism Of RNA R-HSA-8953854,0.19379876166443102,0.6832780263682133,9.769308e-01,1.000000e+00,1.000000e+00,62/175,37.66%,DDX5;EIF4A2;THOC2;FAU;HNRNPA2B1;PPP2R1A;RBM42;UBA52;SF3A1;BCAS2;SNRPB2;ELAVL1;PHAX;HNRNPU;UPF3A;PRPF6;ZFP36L1;DDX46;SET;CDC40;EIF4B;YWHAZ;CNOT6L;EIF4A3;THUMPD1;LSM7;XRN2;PSMC3;POLR2A;PSMA5;PSMF1;PSMD4;SRSF4;CNOT2;FUS;SNRPB;SNRPD2;U2AF2;PCF11;HNRNPD;SNRPA;FBL;RNPS1;LSM4;TXNL4A;HNRNPA3;PSMC5;SUPT5H;SRSF11;HSPA8;RANBP2;SMG1;PRPF40A;PUF60;CWC15;HNRNPL;HNRNPUL1;NOP58;SNRNP70;PNRC2;SF1;HNRNPA0
prerank,Reactome_2022__Fc Epsilon Receptor (FCERI) Signaling R-HSA-2454202,0.21161737178050521,0.6815893020062973,9.257322e-01,1.000000e+00,1.000000e+00,15/52,30.82%,RASGRP1;UBE2D2;FYN;UBA52;MAPK1;NFATC2;PLCG2;PSMC3;PSMA5;PSMF1;PSMD4;NFATC3;GRB2;CALM1;PSMC5
prerank,Reactome_2022__RHOG GTPase Cycle R-HSA-9013408,0.24732949301531088,0.6795087027566439,8.799534e-01,1.000000e+00,1.000000e+00,4/20,18.64%,KTN1;LBR;IQGAP2;ARFGAP3
prerank,Reactome_2022__Early Phase Of HIV Life Cycle R-HSA-162594,0.3292870093737283,0.6767191168689413,8.799435e-01,1.000000e+00,1.000000e+00,3/6,40.54%,PSIP1;BANF1;XRCC6
prerank,Reactome_2022__DNA Damage Recognition In GG-NER R-HSA-5696394,0.2923431378828326,0.6745268155287014,8.820446e-01,1.000000e+00,1.000000e+00,3/9,24.73%,UBA52;COPS6;RAD23A
prerank,Reactome_2022__Major Pathway Of rRNA Processing In Nucleolus And Cytosol R-HSA-6791226,0.2722678472668318,0.6731202926514449,8.772783e-01,1.000000e+00,1.000000e+00,2/13,6.62%,FAU;UBA52
prerank,Reactome_2022__Signaling By B Cell Receptor (BCR) R-HSA-983705,0.21175630964917336,0.6718874160343831,9.258098e-01,1.000000e+00,1.000000e+00,13/47,30.82%,RASGRP1;FYN;UBA52;NFATC2;PLCG2;PSMC3;PSMA5;PSMF1;PSMD4;NFATC3;GRB2;CALM1;PSMC5
prerank,Reactome_2022__GPVI-mediated Activation Cascade R-HSA-114604,0.26935531494561155,0.6703796377240481,8.830049e-01,1.000000e+00,1.000000e+00,3/13,18.38%,FYN;LCK;PLCG2
prerank,Reactome_2022__Disorders Of Transmembrane Transporters R-HSA-5619115,0.21582754178841246,0.6684342413896941,9.244876e-01,1.000000e+00,1.000000e+00,9/38,24.68%,MAP4K5;ERLEC1;UBA52;SLC3A2;PSMC3;PSMA5;DERL1;PSMF1;PSMD4
prerank,Reactome_2022__Interactions Of Rev With Host Cellular Proteins R-HSA-177243,-0.25537953312327555,-0.667280277051208,9.128788e-01,9.176699e-01,1.000000e+00,2/7,9.67%,RAN;RANBP1
prerank,Reactome_2022__Activation Of Kainate Receptors Upon Glutamate Binding R-HSA-451326,0.3309123915780493,0.6644057570718691,8.857546e-01,1.000000e+00,1.000000e+00,1/6,3.85%,GNG2
prerank,Reactome_2022__RHO GTPases Activate KTN1 R-HSA-5625970,0.3455410959497798,0.664331659976182,8.945827e-01,1.000000e+00,1.000000e+00,1/5,6.04%,KTN1
prerank,Reactome_2022__Class I MHC Mediated Antigen Processing And Presentation R-HSA-983169,0.19222391675283315,0.6612797447455281,9.513678e-01,1.000000e+00,1.000000e+00,20/89,27.03%,UBE2D2;MYLIP;UBE2G2;LNPEP;UBA52;RNF213;MIB2;RNF19A;RNF126;HLA-E;STUB1;CANX;PSMC3;CBLB;FBXO7;PSMA5;PSMF1;PSMD4;CYBA;HECTD1
prerank,Reactome_2022__Josephin Domain DUBs R-HSA-5689877,0.33597795380623624,0.659619718791309,9.000000e-01,1.000000e+00,1.000000e+00,2/5,24.73%,UBA52;RAD23A
prerank,Reactome_2022__MAPK6/MAPK4 Signaling R-HSA-5687128,0.21423943450027882,0.6555423667885566,9.163916e-01,1.000000e+00,1.000000e+00,9/35,24.68%,TNRC6B;DNAJB1;UBA52;SEPTIN7;CCND3;PSMC3;PSMA5;PSMF1;PSMD4
prerank,Reactome_2022__Signaling By NOTCH R-HSA-157118,0.20258337025058232,0.6553318083405244,9.430980e-01,1.000000e+00,1.000000e+00,16/53,30.82%,TNRC6B;UBA52;MIB2;TLE1;IKZF1;GZMB;YWHAZ;PSMC3;HIF1A;TLE4;PSMA5;PSMF1;PSMD4;TMED2;STAT1;PSMC5
prerank,Reactome_2022__FGFR1 Mutant Receptor Activation R-HSA-1839124,0.3425490412812879,0.655154280867611,9.178273e-01,1.000000e+00,1.000000e+00,3/5,42.57%,GRB2;STAT1;PIK3R1
prerank,Reactome_2022__Signaling By Cytosolic FGFR1 Fusion Mutants R-HSA-1839117,0.3425490412812879,0.655154280867611,9.178273e-01,1.000000e+00,1.000000e+00,3/5,42.57%,GRB2;STAT1;PIK3R1
prerank,Reactome_2022__Signaling By FGFR1 In Disease R-HSA-5655302,0.3425490412812879,0.655154280867611,9.178273e-01,1.000000e+00,1.000000e+00,3/5,42.57%,GRB2;STAT1;PIK3R1
prerank,Reactome_2022__RHOC GTPase Cycle R-HSA-9013106,0.24188889201184835,0.6543751909124527,9.169550e-01,1.000000e+00,1.000000e+00,3/19,10.31%,LBR;STOM;ARHGEF1
prerank,Reactome_2022__Signaling By WNT R-HSA-195721,0.19704954366509386,0.6532920530190769,9.590583e-01,1.000000e+00,1.000000e+00,16/69,24.68%,CCDC88C;TNRC6B;GNG2;PPP2R1A;UBA52;CDC73;RORA;PPP2R5C;TLE1;GSK3B;YWHAZ;PSMC3;TLE4;PSMA5;PSMF1;PSMD4
prerank,Reactome_2022__Glycerophospholipid Biosynthesis R-HSA-1483206,0.25462763873552463,0.6519513727561493,9.101796e-01,1.000000e+00,1.000000e+00,7/14,39.26%,PLAAT4;LPCAT1;SLC44A2;OSBPL8;AGK;HADHA;PTDSS1
prerank,Reactome_2022__Prevention Of Phagosomal-Lysosomal Fusion R-HSA-9636383,0.32227187392052314,0.6511004656659561,9.092219e-01,1.000000e+00,1.000000e+00,1/6,6.62%,UBA52
prerank,Reactome_2022__Signaling By FGFR R-HSA-190236,0.2311632070220332,0.6444566973109684,9.186441e-01,1.000000e+00,1.000000e+00,3/23,7.37%,PPP2R1A;UBA52;MAPK1
prerank,Reactome_2022__Signaling By FGFR2 R-HSA-5654738,0.2311632070220332,0.6444566973109684,9.186441e-01,1.000000e+00,1.000000e+00,3/23,7.37%,PPP2R1A;UBA52;MAPK1
prerank,Reactome_2022__SARS-CoV-2-host Interactions R-HSA-9705683,0.21458172040381535,0.6423662270695812,9.303867e-01,1.000000e+00,1.000000e+00,20/31,50.75%,FAU;CNBP;G3BP2;HLA-E;YWHAZ;SNRPB;SNRPD2;ISG15;STAT1;RANBP2;G3BP1;JAK1;HLA-C;HLA-F;IRF7;SNRPD3;HLA-A;HLA-B;YWHAB;HSP90AB1
prerank,Reactome_2022__Regulation Of Cholesterol Biosynthesis By SREBP (SREBF) R-HSA-1655829,0.28759493429869654,0.641472778244705,9.078105e-01,1.000000e+00,1.000000e+00,2/9,9.35%,IDI1;HMGCS1
prerank,Reactome_2022__Cytoprotection By HMOX1 R-HSA-9707564,0.2303149406385298,0.6386311724995559,9.209040e-01,1.000000e+00,1.000000e+00,4/21,19.60%,CYCS;COX14;NFE2L2;HMOX2
prerank,Reactome_2022__Signaling By ERBB2 R-HSA-1227986,0.25181003292952564,0.6370667115404927,9.148148e-01,1.000000e+00,1.000000e+00,3/14,15.54%,FYN;UBA52;STUB1
prerank,Reactome_2022__S Phase R-HSA-69242,0.20122803307666948,0.632956217028505,9.509072e-01,1.000000e+00,1.000000e+00,11/41,30.82%,CDKN1B;UBA52;RBL2;GSK3B;ANAPC16;PSMC3;PSMA5;PSMF1;PSMD4;RBBP4;PSMC5
prerank,Reactome_2022__Termination Of Translesion DNA Synthesis R-HSA-5656169,0.3208402106039475,0.6264518159643624,9.306931e-01,1.000000e+00,1.000000e+00,1/5,6.62%,UBA52
prerank,Reactome_2022__HCMV Early Events R-HSA-9609690,0.26095736967821814,0.6264371144317381,9.200508e-01,1.000000e+00,1.000000e+00,4/11,32.69%,DYNC1H1;RBBP4;GPS2;RANBP2
prerank,Reactome_2022__G1/S Transition R-HSA-69206,0.20335764541873055,0.6263449268507456,9.437838e-01,1.000000e+00,1.000000e+00,10/36,30.82%,CDKN1B;PPP2R1A;UBA52;RBL2;PSMC3;PSMA5;PSMF1;PSMD4;RBBP4;PSMC5
prerank,Reactome_2022__Endosomal Sorting Complex Required For Transport (ESCRT) R-HSA-917729,0.28942108924461873,0.6250500481038702,9.255172e-01,1.000000e+00,1.000000e+00,1/7,6.62%,UBA52
prerank,Reactome_2022__UCH Proteinases R-HSA-5689603,0.20296788478202424,0.6247370959756163,9.465066e-01,1.000000e+00,1.000000e+00,9/35,25.96%,NEDD8;UBA52;UCHL5;PSMC3;PSMA5;PSMF1;SMAD7;PSMD4;USP15
prerank,Reactome_2022__Diseases Of Carbohydrate Metabolism R-HSA-5663084,0.32566844262368433,0.6244893147933402,9.381295e-01,1.000000e+00,1.000000e+00,2/5,26.44%,UBA52;DCXR
prerank,Reactome_2022__C-type Lectin Receptors (CLRs) R-HSA-5621481,0.19359613590140337,0.6230614227776521,9.643232e-01,1.000000e+00,1.000000e+00,15/49,31.36%,UBE2D2;FYN;UBA52;NFATC2;CASP8;PLCG2;PSMC3;PSMA5;NFKB2;PSMF1;PSMD4;NFATC3;CALM1;PSMC5;ICAM2
prerank,Reactome_2022__Transport Of Mature mRNA Derived From An Intron-Containing Transcript R-HSA-159236,0.21877169905937904,0.6220730865888813,9.380631e-01,1.000000e+00,1.000000e+00,8/23,32.69%,THOC2;CDC40;EIF4A3;SRSF4;U2AF2;RNPS1;SRSF11;RANBP2
prerank,Reactome_2022__Glucagon-like Peptide-1 (GLP1) Regulates Insulin Secretion R-HSA-381676,0.2726323460142746,0.616754065804286,9.119171e-01,1.000000e+00,1.000000e+00,1/9,3.85%,GNG2
prerank,Reactome_2022__Regulation Of mRNA Stability By Proteins That Bind AU-rich Elements R-HSA-450531,0.19830711288125974,0.6146528895925697,9.612487e-01,1.000000e+00,1.000000e+00,12/39,32.48%,UBA52;ELAVL1;ZFP36L1;SET;YWHAZ;PSMC3;PSMA5;PSMF1;PSMD4;HNRNPD;PSMC5;HSPA8
prerank,Reactome_2022__Golgi Associated Vesicle Biogenesis R-HSA-432722,0.25595295925290995,0.6140195829938728,9.289277e-01,1.000000e+00,1.000000e+00,1/11,2.46%,VAMP2
prerank,Reactome_2022__Transcriptional Activity Of SMAD2/SMAD3:SMAD4 Heterotrimer R-HSA-2173793,0.23666682776347164,0.6122249663004953,9.310345e-01,1.000000e+00,1.000000e+00,2/15,7.37%,UBA52;MAPK1
prerank,Reactome_2022__Cellular Response To Hypoxia R-HSA-1234174,0.20132597839022176,0.610856127961458,9.481808e-01,1.000000e+00,1.000000e+00,8/33,24.68%,UBE2D2;UBA52;CITED2;PSMC3;HIF1A;PSMA5;PSMF1;PSMD4
prerank,Reactome_2022__Processing Of Intronless Pre-mRNAs R-HSA-77595,0.29746715247541317,0.6098882882893293,9.427012e-01,1.000000e+00,1.000000e+00,1/6,27.67%,PCF11
prerank,Reactome_2022__Neutrophil Degranulation R-HSA-6798695,0.17358730731505934,0.6077699771979853,9.879397e-01,1.000000e+00,1.000000e+00,39/132,33.23%,PTPRC;EEF1A1;RAB14;DYNC1H1;ARHGAP45;SPTAN1;MAPK1;CCT2;SLC2A3;RAB37;RAB27A;STOM;ADGRE5;LPCAT1;FGR;GDI2;IQGAP2;ITGAL;HMOX2;PSMC3;TRAPPC1;EEF2;PSMA5;MLEC;SLC44A2;LAMP1;ATP8A1;GLIPR1;CYBA;SRP14;DNAJC3;OSTF1;LAIR1;PA2G4;RHOF;STK10;HSPA8;KPNB1;TBC1D10C
prerank,Reactome_2022__Influenza Infection R-HSA-168255,0.21284492575987798,0.6055930320584305,9.550562e-01,1.000000e+00,1.000000e+00,9/26,32.75%,FAU;UBA52;EIF2AK2;CANX;POLR2A;DNAJC3;ISG15;RANBP2;KPNB1
prerank,Reactome_2022__Unfolded Protein Response (UPR) R-HSA-381119,0.2201986131027071,0.6052334908633137,9.491525e-01,1.000000e+00,1.000000e+00,6/20,35.42%,SRPRA;ADD1;DNAJC3;EIF2S3;TLN1;HSPA5
prerank,Reactome_2022__Translesion Synthesis By Y Family DNA Polymerases Bypasses Lesions On DNA Template R-HSA-110313,0.29371804165680343,0.6034636142273718,9.463549e-01,1.000000e+00,1.000000e+00,1/6,6.62%,UBA52
prerank,Reactome_2022__Negative Regulation Of MET Activity R-HSA-6807004,0.25731518302608253,0.5995823722286824,9.229782e-01,1.000000e+00,1.000000e+00,3/9,28.21%,UBA52;PTPN1;GRB2
prerank,Reactome_2022__Transport Of Mature Transcript To Cytoplasm R-HSA-72202,0.20894991446547423,0.5989716998215654,9.583802e-01,1.000000e+00,1.000000e+00,8/25,32.69%,THOC2;CDC40;EIF4A3;SRSF4;U2AF2;RNPS1;SRSF11;RANBP2
prerank,Reactome_2022__Glycogen Metabolism R-HSA-8982491,0.30784526168128057,0.5979235451643686,9.549419e-01,1.000000e+00,1.000000e+00,3/5,36.22%,UBA52;CALM1;PHKG2
prerank,Reactome_2022__p53-Dependent G1 DNA Damage Response R-HSA-69563,0.19928849100060575,0.5959130516802053,9.567148e-01,1.000000e+00,1.000000e+00,7/30,24.68%,CDKN1B;UBA52;ATM;PSMC3;PSMA5;PSMF1;PSMD4
prerank,Reactome_2022__G1/S DNA Damage Checkpoints R-HSA-69615,0.19928849100060575,0.5959130516802053,9.567148e-01,1.000000e+00,1.000000e+00,7/30,24.68%,CDKN1B;UBA52;ATM;PSMC3;PSMA5;PSMF1;PSMD4
prerank,Reactome_2022__Innate Immune System R-HSA-168249,0.1645233507433745,0.5892703053131246,1.000000e+00,1.000000e+00,1.000000e+00,64/247,30.82%,PTPN4;PTPRC;EEF1A1;RASGRP1;UBE2D2;FYN;RAB14;DYNC1H1;ARHGAP45;SPTAN1;PPP2R1A;PSTPIP1;UBA52;MAPK1;CCT2;MYH9;SLC2A3;RAB37;RAB27A;STOM;ADGRE5;LPCAT1;FGR;NFATC2;KLRK1;LCK;HLA-E;GDI2;IQGAP2;CYFIP2;ITGAL;CASP8;WIPF1;PLCG2;HMOX2;PSMC3;PRKDC;TRAPPC1;ABI1;EEF2;PSMA5;MLEC;KLRC2;NFKB2;SLC44A2;PSMF1;PSMD4;NFATC3;LAMP1;ATP8A1;GLIPR1;CYBA;NLRC3;SRP14;GRB2;DNAJC3;ISG15;ACTR3;OSTF1;LAIR1;CALM1;PA2G4;RHOF;PSMC5
prerank,Reactome_2022__DNA Repair R-HSA-73894,0.18505786627471835,0.5860102336998871,9.664218e-01,1.000000e+00,1.000000e+00,10/44,24.73%,PIAS1;UBA52;SMARCA5;COPS6;ATM;TINF2;PRKDC;POLR2A;TCEA1;RAD23A
prerank,Reactome_2022__Advanced Glycosylation Endproduct Receptor Signaling R-HSA-879415,0.28544115398222225,0.582151583695064,9.461642e-01,1.000000e+00,1.000000e+00,1/6,7.37%,MAPK1
prerank,Reactome_2022__Oxygen-dependent Proline Hydroxylation Of Hypoxia-inducible Factor Alpha R-HSA-1234176,0.19201758591768864,0.5784651412955043,9.702643e-01,1.000000e+00,1.000000e+00,7/31,24.68%,UBE2D2;UBA52;PSMC3;HIF1A;PSMA5;PSMF1;PSMD4
prerank,Reactome_2022__Cyclin E Associated Events During G1/S Transition R-HSA-69202,0.1907118142914233,0.5739343966539716,9.745575e-01,1.000000e+00,1.000000e+00,9/32,30.82%,CDKN1B;UBA52;RBL2;PSMC3;PSMA5;PSMF1;PSMD4;RBBP4;PSMC5
prerank,Reactome_2022__MET Promotes Cell Motility R-HSA-8875878,0.2954848644006759,0.5730933430938862,9.714286e-01,1.000000e+00,1.000000e+00,3/5,52.83%,GRB2;ITGB1;RAP1A
prerank,Reactome_2022__FLT3 Signaling In Disease R-HSA-9682385,0.2788499171651777,0.5699796960843329,9.783784e-01,1.000000e+00,1.000000e+00,1/6,6.62%,UBA52
prerank,Reactome_2022__Listeria Monocytogenes Entry Into Host Cells R-HSA-8876384,0.26241986645598236,0.5692817764149369,9.704301e-01,9.970324e-01,1.000000e+00,1/7,6.62%,UBA52
prerank,Reactome_2022__InlB-mediated Entry Of Listeria Monocytogenes Into Host Cell R-HSA-8875360,0.26241986645598236,0.5692817764149369,9.704301e-01,9.970324e-01,1.000000e+00,1/7,6.62%,UBA52
prerank,Reactome_2022__Transcriptional Regulation By RUNX2 R-HSA-8878166,0.18317714038525335,0.5627050038207791,9.632432e-01,9.980717e-01,1.000000e+00,10/35,30.82%,UBA52;MAPK1;STUB1;GSK3B;PSMC3;PSMA5;PSMF1;PSMD4;STAT1;PSMC5
prerank,Reactome_2022__mRNA Decay By 5 To 3 Exoribonuclease R-HSA-430039,0.27310509821108575,0.561226209471645,9.598338e-01,9.968844e-01,1.000000e+00,3/6,38.68%,LSM7;LSM4;DDX6
prerank,Reactome_2022__Suppression Of Phagosomal Maturation R-HSA-9637687,0.26408254570648704,0.5571496359556389,9.739011e-01,9.967184e-01,1.000000e+00,1/7,6.62%,UBA52
prerank,Reactome_2022__RNA Polymerase III Transcription Initiation R-HSA-76046,0.24535516161284843,0.5546916237170355,9.628681e-01,9.939394e-01,1.000000e+00,3/9,32.59%,BDP1;GTF3A;GTF3C1
prerank,Reactome_2022__RNA Polymerase III Transcription Initiation From Type 1 Promoter R-HSA-76061,0.24535516161284843,0.5546916237170355,9.628681e-01,9.939394e-01,1.000000e+00,3/9,32.59%,BDP1;GTF3A;GTF3C1
prerank,Reactome_2022__Cyclin A:Cdk2-associated Events At S Phase Entry R-HSA-69656,0.1818681189888828,0.551403257325099,9.845985e-01,9.934325e-01,1.000000e+00,9/33,30.82%,CDKN1B;UBA52;RBL2;PSMC3;PSMA5;PSMF1;PSMD4;RBBP4;PSMC5
prerank,Reactome_2022__Regulation Of TNFR1 Signaling R-HSA-5357905,0.21787758974212876,0.551100908062285,9.614428e-01,9.898224e-01,1.000000e+00,2/13,17.52%,UBA52;CASP8
prerank,Reactome_2022__TNF Signaling R-HSA-75893,0.21787758974212876,0.551100908062285,9.614428e-01,9.898224e-01,1.000000e+00,2/13,17.52%,UBA52;CASP8
prerank,Reactome_2022__HCMV Infection R-HSA-9609646,0.2064806203256161,0.5493024335727775,9.667853e-01,9.886370e-01,1.000000e+00,9/16,51.23%,DYNC1H1;RBBP4;GPS2;RANBP2;VPS36;CEBPD;ITGB1;HNRNPK;NCOR1
prerank,Reactome_2022__Signaling By Insulin Receptor R-HSA-74752,0.2514655917472798,0.5324320634849434,9.748344e-01,9.924890e-01,1.000000e+00,1/7,7.37%,MAPK1
prerank,Reactome_2022__Signaling By Hedgehog R-HSA-5358351,0.16702356345534003,0.5253805201171642,9.891658e-01,9.928905e-01,1.000000e+00,8/42,24.68%,ERLEC1;UBA52;CDC73;GSK3B;PSMC3;PSMA5;PSMF1;PSMD4
prerank,Reactome_2022__Nef-mediated Downmodulation Of Cell Surface Receptors By Recruitment To Clathrin Adapters R-HSA-164938,0.24965976713012447,0.5147266961368308,9.828571e-01,9.940617e-01,1.000000e+00,1/6,14.16%,LCK
prerank,Reactome_2022__Diseases Of Metabolism R-HSA-5668914,0.2085108689181721,0.512403517415003,9.901112e-01,9.928075e-01,1.000000e+00,3/12,26.44%,UBA52;CD320;DCXR
prerank,Reactome_2022__Signaling By ERBB4 R-HSA-1236394,0.2014564950947913,0.46249568605348496,9.949495e-01,1.000000e+00,1.000000e+00,1/9,6.62%,UBA52
prerank,Reactome_2022__RNA Polymerase III Abortive And Retractive Initiation R-HSA-749476,0.19939079291947703,0.4611563743029305,9.936629e-01,9.984957e-01,1.000000e+00,3/10,32.59%,BDP1;GTF3A;GTF3C1
prerank,Reactome_2022__Basigin Interactions R-HSA-210991,0.23692893951988922,0.4608997146518265,9.985775e-01,9.966813e-01,1.000000e+00,1/5,17.79%,SLC3A2
prerank,Reactome_2022__Signaling By MET R-HSA-6806834,0.14802110363096282,0.3888400538430832,1.000000e+00,9.994464e-01,1.000000e+00,3/15,28.21%,UBA52;PTPN1;GRB2
