Term,NES,FDR,pval,Lead_genes,metric,gene_set_db
RHO GTPases Activate PAKs R-HSA-5627123,-1.9710056220967016,0.0966148684854274,0.001,LIMK1;PKN1;CDC42;ARHGEF7;PKN2;MYL6;CALM1,wald_stat,Reactome_2022
Cargo Trafficking To Periciliary Membrane R-HSA-5620920,1.8915122525710695,0.2899321599025886,0.001,ARF4;RAB11A;TCP1;ARL13B;CCT3;PTGES2;BBS2;PDE6D;CCT8;CCT4;EXOC1;PRKD2;CCT2;BBS9,wald_stat,Reactome_2022
SRP-dependent Cotranslational Protein Targeting To Membrane R-HSA-1799339,-1.860365176937651,0.24431346053786238,0.0017241379310344827,RPN2;SEC61G;SRP72;DDOST;SRP19;SSR4;SEC61B;SRP54;SRP68;SPCS2;RSL24D1,wald_stat,Reactome_2022
COPII-mediated Vesicle Transport R-HSA-204005,-1.8013942538175405,0.322789905437903,0.005145797598627788,RAB1A;TFG;NAPG;TRAPPC10;STX5;SEC24C;PPP6R1;TRAPPC2L;TRAPPC6A;SEC24B;CSNK1D;TBC1D20;TMED2;SEC24A;SEC13;TRAPPC5,wald_stat,Reactome_2022
mRNA 3-End Processing R-HSA-72187,-1.8008353909129777,0.24292531587571542,0.001,U2AF2;RBM8A;ALYREF;MAGOH;WDR33;RNPS1;CPSF7;SLU7;SARNP;THOC7;SRSF9;DDX39A;PABPN1;NCBP1;NUDT21;SRSF5;CPSF6;SRSF2,wald_stat,Reactome_2022
Semaphorin Interactions R-HSA-373755,-1.798305674662382,0.20078124393293414,0.001,LIMK1;PKN1;FARP2;ARHGEF7;RHOC;PLXNA4;RNMT;PKN2;MYL6;PLXNA3;TYROBP;CD72,wald_stat,Reactome_2022
EPH-Ephrin Signaling R-HSA-2682334,-1.7404501485604527,0.3164969829695035,0.001697792869269949,LIMK1;NCK2;PKN1;CDC42;GIT1;ARHGEF7;CLTB;YES1;PKN2;EPHA4;APH1A;ARPC2;MYL6,wald_stat,Reactome_2022
HIV Elongation Arrest And Recovery R-HSA-167287,-1.7375285118581116,0.27937402857608806,0.0034482758620689655,ELOA;POLR2C;POLR2D;POLR2G;ELOB;ELL;CCNT1;POLR2E;NELFCD;CCNT2;POLR2J;NELFA;CDK9,wald_stat,Reactome_2022
Respiratory Electron Transport R-HSA-611105,-1.7300408898407273,0.26541325940249594,0.001,NDUFB7;NDUFA1;NDUFC2;COX7B;UQCRFS1;NDUFA13;UQCR11;COX5B;NDUFB6;NDUFB8;NDUFA12;SDHB;COQ10B;COX6A1;COX19;NDUFB1;SURF1;UQCRQ;NDUFA10;NDUFS6;NDUFB11;LRPPRC;NDUFA9;COX8A;NDUFS3;SDHA;COA1;NDUFV1;COX16;NDUFB9;UQCRC1;NDUFA5;NDUFS8,wald_stat,Reactome_2022
Pausing And Recovery Of Tat-mediated HIV Elongation R-HSA-167238,-1.7202359177604953,0.26121797775689626,0.008576329331046312,ELOA;POLR2C;POLR2D;POLR2G;ELOB;ELL;CCNT1;POLR2E;NELFCD;POLR2J;NELFA;CDK9,wald_stat,Reactome_2022
Interleukin-12 Family Signaling R-HSA-447115,1.7126920095698468,0.8727549711353432,0.0045045045045045045,HNRNPF;S100A9;STAT3;STAT4;SOD1;CAPZA1;TCP1;IFNG;IL27RA;HNRNPA2B1;RALA;RAP1B,wald_stat,Reactome_2022
TP53 Regulates Transcription Of Cell Death Genes R-HSA-5633008,-1.7124276789327728,0.256751236710699,0.007434944237918215,BCL6;RABGGTA;CREBBP;FASN;BBC3;TRIAP1;PIDD1,wald_stat,Reactome_2022
CD28 Co-Stimulation R-HSA-389356,-1.703329205391292,0.256932957466471,0.006980802792321117,MAP3K8;PKN1;CDC42;AKT1;ARHGEF7;YES1;PKN2;PIK3R1;MAPKAP1;LYN;MLST8,wald_stat,Reactome_2022
Collagen Formation R-HSA-1474290,-1.7032959754745323,0.23570696363255128,0.012915129151291513,PPIB;P4HB;CTSS;CD151;P3H1;PCOLCE;COL6A2;PLOD1;PLEC;COL18A1,wald_stat,Reactome_2022
mRNA Splicing - Major Pathway R-HSA-72163,-1.6948427296302295,0.23594188042153003,0.001,SF3B6;U2AF2;RBM8A;ALYREF;MAGOH;SRSF10;CRNKL1;RBM5;WDR33;SNRNP27;CWC25;PHF5A;EFTUD2;U2SURP;RNPS1;SNW1;SYF2;CPSF7;BUD31;CWC15;SLU7;SNRPB2;PTBP1;TRA2B;POLR2C;SMNDC1;HNRNPH1;POLR2D;SRSF9;POLR2G;PQBP1;CTNNBL1;HNRNPL;PABPN1;NCBP1;TFIP11;SNRPC;NUDT21;SRSF5;CPSF6;SRSF2;POLR2E;CDC5L;PCBP1;SF3A2;HNRNPM;PPIH;CPSF1;SRRM2;POLR2J;SNU13;SRRM1;HNRNPUL1;SF3B2,wald_stat,Reactome_2022
Gene And Protein Expression By JAK-STAT Signaling After Interleukin-12 Stimulation R-HSA-8950505,1.6916272220586777,0.7145461200320355,0.006535947712418301,HNRNPF;S100A9;STAT4;SOD1;CAPZA1;TCP1;IFNG;HNRNPA2B1;RALA;RAP1B,wald_stat,Reactome_2022
RNA Polymerase II Transcription Termination R-HSA-73856,-1.6804105438399068,0.25518065017866987,0.0034129692832764505,U2AF2;RBM8A;ALYREF;MAGOH;WDR33;RNPS1;CPSF7;SLU7;SARNP;THOC7;SRSF9;DDX39A;PABPN1;NCBP1;NUDT21;SRSF5;CPSF6;SRSF2,wald_stat,Reactome_2022
Nonhomologous End-Joining (NHEJ) R-HSA-5693571,1.6766278571557427,0.6098718757134626,0.011737089201877934,XRCC5;TDP2;H2BC15;PRKDC;XRCC6;TDP1;HERC2;MDC1;LRIF1;MRE11;POLM;RNF8;POLL;H2BC9;ATM;H2BC12;NSD2,wald_stat,Reactome_2022
Formation Of HIV Elongation Complex In Absence Of HIV Tat R-HSA-167152,-1.6731802520120032,0.2553445834530568,0.004975124378109453,ELOA;ERCC3;POLR2C;POLR2D;POLR2G;ELOB;NCBP1;MNAT1;ELL;CCNT1;POLR2E;CDK7;NELFCD;CCNT2;POLR2J;NELFA;CDK9,wald_stat,Reactome_2022
mRNA Splicing R-HSA-72172,-1.672747706298269,0.24049606271695825,0.001,SF3B6;U2AF2;RBM8A;ALYREF;MAGOH;SRSF10;CRNKL1;RBM5;WDR33;SNRNP27;CWC25;PHF5A;EFTUD2;U2SURP;RNPS1;SNW1;SYF2;CPSF7;BUD31;CWC15;SLU7;SNRPB2;PTBP1;TRA2B;POLR2C;SMNDC1;HNRNPH1;POLR2D;SRSF9;POLR2G;PQBP1;CTNNBL1;HNRNPL;PABPN1;NCBP1;TFIP11;SNRPC;NUDT21;SRSF5;CPSF6;ZCRB1;SRSF2;POLR2E;SNRNP25;CDC5L;PCBP1;SF3A2;HNRNPM;PPIH;CPSF1;SRRM2;POLR2J;SNU13;SRRM1;HNRNPUL1;SF3B2,wald_stat,Reactome_2022
G0 And Early G1 R-HSA-1538133,1.6717793423200917,0.5095367521553364,0.017167381974248927,HDAC1;RBL2;RBBP4;MAX;E2F4,wald_stat,Reactome_2022
Formation Of Tubulin Folding Intermediates By CCT/TriC R-HSA-389960,1.6706255258088207,0.4279950931895355,0.01818181818181818,TUBA1A;TCP1;CCT3;CCT6A;CCT8;CCT7;TUBB;CCT4;TUBA1C;CCT2,wald_stat,Reactome_2022
Complex I Biogenesis R-HSA-6799198,-1.6693795369548192,0.2340575211516473,0.0034071550255536627,NDUFB7;NDUFA1;NDUFC2;NDUFA13;NDUFB6;NDUFB8;NDUFA12;NDUFB1;NDUFA10;NDUFS6;NDUFB11;NDUFA9;NDUFS3;COA1;NDUFV1;NDUFB9;NDUFA5;NDUFS8,wald_stat,Reactome_2022
Collagen Biosynthesis And Modifying Enzymes R-HSA-1650814,-1.6544687882988578,0.25517183656176734,0.018832391713747645,PPIB;P4HB;P3H1;PCOLCE;COL6A2;PLOD1;COL18A1,wald_stat,Reactome_2022
Mitochondrial Protein Import R-HSA-1268020,-1.6541885893314234,0.24226777366733002,0.0034423407917383822,GFER;GRPEL2;TIMM17A;ATP5MC1;TIMM8B;TIMM23;BCS1L;MTX1;FXN;CS;NDUFB8;TOMM22;COX19;GRPEL1;CHCHD5;TIMM8A;TIMM22;TOMM5;TOMM40;TIMM21;PMPCA;IDH3G;CHCHD2;VDAC1,wald_stat,Reactome_2022
Signaling By FGFR2 IIIa TM R-HSA-8851708,-1.6480805059501507,0.23141032539257267,0.014234875444839857,POLR2C;POLR2D;POLR2G;NCBP1;POLR2E;POLR2J,wald_stat,Reactome_2022
FGFR2 Mutant Receptor Activation R-HSA-1839126,-1.6480805059501507,0.23141032539257267,0.014234875444839857,POLR2C;POLR2D;POLR2G;NCBP1;POLR2E;POLR2J,wald_stat,Reactome_2022
Formation Of HIV-1 Elongation Complex Containing HIV-1 Tat R-HSA-167200,-1.6435256268114817,0.23098727178125167,0.008333333333333333,ELOA;ERCC3;POLR2C;POLR2D;POLR2G;ELOB;NCBP1;MNAT1;ELL;CCNT1;POLR2E;CDK7;NELFCD;POLR2J;NELFA;CDK9,wald_stat,Reactome_2022
VEGFR2 Mediated Vascular Permeability R-HSA-5218920,-1.6352986225661252,0.23943684798562442,0.012962962962962963,PKN1;AKT1;ARHGEF7;PKN2;CALM1;MAPKAP1;VAV3;MLST8,wald_stat,Reactome_2022
RHOJ GTPase Cycle R-HSA-9013409,-1.6329594096212896,0.23371728961680735,0.00510204081632653,PKN1;CDC42;GIT1;LAMTOR1;ARHGEF7;ARHGAP21;PREX1;CPNE8;PKN2;ARHGAP26;PIK3R1;ARHGAP5;WIPF2;TRIO;OPHN1;VANGL1,wald_stat,Reactome_2022
Signaling By FGFR3 R-HSA-5654741,-1.6316613041657733,0.2269005738958911,0.016304347826086956,NRAS;GALNT3;SPRY2;PPP2CA;PPP2CB;PIK3R1;MKNK1;UBB,wald_stat,Reactome_2022
NR1H2 And NR1H3-mediated Signaling R-HSA-9024446,-1.6316261370195557,0.21830176517640115,0.014414414414414415,FASN;NCOA1;MYLIP;TNRC6A;AGO4;ARL4C;AGO2;SREBF1;TBL1X,wald_stat,Reactome_2022
"Respiratory Electron Transport, ATP Synthesis By Chemiosmotic Coupling, Heat Production By Uncoupling Proteins R-HSA-163200",-1.6225080058894914,0.22765572459209904,0.0016025641025641025,ATP5MC1;NDUFB7;NDUFA1;NDUFC2;COX7B;UQCRFS1;NDUFA13;UQCR11;COX5B;NDUFB6;NDUFB8;NDUFA12;SDHB;COQ10B;COX6A1;COX19;NDUFB1;ATP5ME;SURF1;UQCRQ;NDUFA10;NDUFS6;NDUFB11;LRPPRC;NDUFA9;COX8A;NDUFS3;SDHA;COA1;DMAC2L;NDUFV1;COX16;NDUFB9;UQCRC1;NDUFA5;NDUFS8,wald_stat,Reactome_2022
"Antigen Presentation: Folding, Assembly, Peptide Loading Of Class I MHC R-HSA-983170",-1.6186007888320788,0.2280126760766511,0.016042780748663103,SEC24C;CALR;SEC24B;BECN1;PDIA3;SEC24A;SEC13;TAPBP;ATG14;HSPA5;HLA-F;HLA-B;HLA-E;ERAP1,wald_stat,Reactome_2022
Signaling By FGFR R-HSA-190236,-1.6185906553774954,0.22015017000504244,0.008532423208191127,NRAS;GALNT3;SPRY2;PPP2CA;PTBP1;POLR2C;HNRNPH1;POLR2D;POLR2G;PPP2CB;NCBP1;PIK3R1;MKNK1;UBB;POLR2E;HNRNPM;BRAF;POLR2J;SHC1,wald_stat,Reactome_2022
Extracellular Matrix Organization R-HSA-1474244,-1.6144508616486277,0.2209185958318125,0.006622516556291391,CAPN15;PPIB;TGFB1;FURIN;TIMP1;CTSD;CAPN12;ITGAE;NCAM1;CASP3;PRKCA;P4HB;ITGAM;CTSS;CASK;ITGAD;CD151;LMNB2;CAPN2;P3H1;ICAM3;PCOLCE;COL6A2;ITGAL;PLOD1;PLEC;SPARC;ADAMTS1;COL18A1;ICAM1,wald_stat,Reactome_2022
Association Of TriC/CCT With Target Proteins During Biosynthesis R-HSA-390471,1.6073254279260984,0.6164530097054205,0.0117096018735363,USP11;STAT3;TCP1;CCT3;LONP2;CCT6A;DCAF7;WRAP53;FBXO4;CCT8;CCT7;CCT4;CCT2;TP53;NOP56,wald_stat,Reactome_2022
Downregulation Of TGF-beta Receptor Signaling R-HSA-2173788,1.5928282362742858,0.6023699867363912,0.02702702702702703,UCHL5;TGFBR2;XPO1;PPP1CB;MTMR4;SMAD3;SRFBP1;PPP1R15A;PPP1CC;UBC,wald_stat,Reactome_2022
Costimulation By CD28 Family R-HSA-388841,-1.5761894300540986,0.2969375768912524,0.006956521739130435,MAP3K8;PKN1;CDC42;AKT1;HLA-DRB5;ARHGEF7;PPP2CA;YES1;PPP2CB;PKN2;CD3D;PIK3R1;MAPKAP1;LYN;MLST8;HLA-DRB1,wald_stat,Reactome_2022
Processing Of Capped Intron-Containing Pre-mRNA R-HSA-72203,-1.5734127807281488,0.29480722262345754,0.001,SF3B6;U2AF2;RBM8A;ALYREF;MAGOH;SRSF10;CRNKL1;RBM5;WDR33;SNRNP27;CWC25;PHF5A;EFTUD2;U2SURP;RNPS1;SNW1;SYF2;CPSF7;BUD31;CWC15;SLU7;SNRPB2;PTBP1;TRA2B;SARNP;POLR2C;SMNDC1;NUP54;HNRNPH1;POLR2D;THOC7;SRSF9;POLR2G;PQBP1;DDX39A;CTNNBL1;HNRNPL;PABPN1;NUP133;NCBP1;TFIP11;SNRPC;SEH1L;NUDT21;SRSF5;SEC13;CPSF6;ZCRB1;SRSF2;POLR2E;SNRNP25;CDC5L;PCBP1;SF3A2;NXT1;HNRNPM;PPIH;CPSF1;SRRM2;POLR2J;POM121;SNU13;SRRM1;HNRNPUL1;SF3B2;ZRSR2;METTL3,wald_stat,Reactome_2022
Signaling By ROBO Receptors R-HSA-376176,-1.5729161598476087,0.2866813182261776,0.0050335570469798654,NCK2;PKN1;RBM8A;CDC42;MAGOH;ARHGEF7;RNPS1;SOS2;PSMF1;MYO9B;PSMD6;PSMB6;ELOB;PKN2;PRKCA;ZSWIM8;NCBP1;PRKAR2A;UBB;PSME4;USP33;RSL24D1;PSMA1;PSME2;PSMB3;EVL;PSME1;PSMD9;PFN1;ROBO3;ETF1;PSMC2;PSMD7;PSMC3,wald_stat,Reactome_2022
CD209 (DC-SIGN) Signaling R-HSA-5621575,-1.5708461640196807,0.28259359098577347,0.04681647940074907,PKN1;NRAS;ARHGEF7;CREBBP;PKN2;PRKCA;NFKB1;LYN;ICAM3;RELB,wald_stat,Reactome_2022
G Alpha (Z) Signaling Events R-HSA-418597,-1.5669749669356634,0.2820392663274102,0.019891500904159132,GNAS;GNB1;ADCY7;GNGT2;PRKCA;PRKCB;RGS16;ADCY9;GNAI2,wald_stat,Reactome_2022
RHOV GTPase Cycle R-HSA-9013424,-1.5653516439865967,0.2778448660435008,0.029250457038391225,NCK2;PKN1;CDC42;GIT1;ARHGEF7;PKN2;PIK3R1;TPM3,wald_stat,Reactome_2022
Signaling By FGFR2 R-HSA-5654738,-1.5617963185816357,0.2782592251408504,0.013816925734024179,NRAS;SPRY2;PPP2CA;PTBP1;POLR2C;HNRNPH1;POLR2D;POLR2G;PPP2CB;NCBP1;PIK3R1;MKNK1;UBB;POLR2E;HNRNPM;BRAF;POLR2J;SHC1,wald_stat,Reactome_2022
Regulation Of Necroptotic Cell Death R-HSA-5675482,-1.5613092899777836,0.27216402607525264,0.027972027972027972,FLOT1;FASN;BIRC2;UBB;MLKL;CDC37;RIPK3;BIRC3;OGT,wald_stat,Reactome_2022
E3 Ubiquitin Ligases Ubiquitinate Target Proteins R-HSA-8866654,1.5585478997026823,0.6977343750943733,0.00997506234413965,UBE2D2;SHPRH;RRAGA;PAF1;H2BC15;PRKDC;RNF20;CTR9;UBE2B;VCP;CDC73;PEX14;SELENOS;UBC;LEO1;RAD18;H2BC9;H2BC12;UBE2J2;HLTF;TMEM129;UBE2V2;UBE2E1;PEX2;H2BC11;UBA52;PEX5;UBE2A;UBE2L3;UBE2D3,wald_stat,Reactome_2022
Nuclear Events Stimulated By ALK Signaling In Cancer R-HSA-9725371,1.5504702416227194,0.6656605712049228,0.0392156862745098,STAT3;STAT5A;MECP2;CLTC;NPM1;RBX1,wald_stat,Reactome_2022
Abortive Elongation Of HIV-1 Transcript In Absence Of Tat R-HSA-167242,-1.5503621554312133,0.28953138307097726,0.03614457831325301,POLR2C;POLR2D;POLR2G;NCBP1;POLR2E;NELFCD;POLR2J;NELFA;NELFB,wald_stat,Reactome_2022
RHOG GTPase Cycle R-HSA-9013408,-1.5455745206010332,0.2932872042184066,0.008620689655172414,ARHGDIA;CDC42;STX5;LAMTOR1;ARHGAP21;PREX1;PKN2;PIK3R1;ARHGAP5;PGRMC2;HSPE1;NDUFS3;TRIO;VAV3;DOCK2;OPHN1;VANGL1;VRK2;NDUFA5,wald_stat,Reactome_2022
Interleukin-12 Signaling R-HSA-9020591,1.5433914249416083,0.6345772002320638,0.02288329519450801,HNRNPF;S100A9;STAT4;SOD1;CAPZA1;TCP1;IFNG;HNRNPA2B1;RALA;RAP1B,wald_stat,Reactome_2022
Ca2+ Pathway R-HSA-4086398,-1.5369588469326865,0.30663777014957205,0.022033898305084745,NRAS;TCF7;GNB1;GNGT2;PRKCA;TNRC6A;AGO4;AGO2;CALM1;NFATC1;PDE6G;PLCB1;PLCB2;PDE6B,wald_stat,Reactome_2022
Post NMDA Receptor Activation Events R-HSA-438064,-1.5282948782888415,0.3207539599334208,0.03102189781021898,NRAS;GIT1;ARHGEF7;PRKAG1;KPNA2;PRKCA;PRKAR2A;CALM1;PRKAG2,wald_stat,Reactome_2022
mRNA Capping R-HSA-72086,-1.5279365756493404,0.3139918660908384,0.034904013961605584,ERCC3;POLR2C;POLR2D;POLR2G;RNMT;NCBP1;MNAT1;POLR2E;CDK7;POLR2J,wald_stat,Reactome_2022
Degradation Of Extracellular Matrix R-HSA-1474228,-1.5267183589333035,0.30953102066491156,0.023090586145648313,CAPN15;FURIN;TIMP1;CTSD;CAPN12;CASP3;CTSS,wald_stat,Reactome_2022
Negative Regulation Of FGFR4 Signaling R-HSA-5654733,-1.5242714841977743,0.29497188020838244,0.055762081784386616,SPRY2;PPP2CA;PPP2CB;MKNK1;UBB;BRAF,wald_stat,Reactome_2022
Negative Regulation Of FGFR2 Signaling R-HSA-5654727,-1.5242714841977743,0.29497188020838244,0.055762081784386616,SPRY2;PPP2CA;PPP2CB;MKNK1;UBB;BRAF,wald_stat,Reactome_2022
Negative Regulation Of FGFR3 Signaling R-HSA-5654732,-1.5242714841977743,0.29497188020838244,0.055762081784386616,SPRY2;PPP2CA;PPP2CB;MKNK1;UBB;BRAF,wald_stat,Reactome_2022
Sema4D In Semaphorin Signaling R-HSA-400685,-1.5204534368583167,0.29794211598547266,0.040780141843971635,LIMK1;RHOC;RNMT;MYL6,wald_stat,Reactome_2022
EPHB-mediated Forward Signaling R-HSA-3928662,-1.5130864008060039,0.3090633266562921,0.047377326565143825,LIMK1;PKN1;CDC42;YES1;ARPC2;LYN,wald_stat,Reactome_2022
Signaling By FGFR2 In Disease R-HSA-5655253,-1.5114571613372165,0.3065023414020456,0.04114490161001789,NRAS;POLR2C;POLR2D;POLR2G;NCBP1;PIK3R1;POLR2E;POLR2J,wald_stat,Reactome_2022
Macroautophagy R-HSA-1632852,-1.511140513435495,0.30131993466336354,0.015432098765432098,MAP1LC3B;WDR45B;LAMTOR1;CSNK2B;ULK1;CHMP4B;LAMTOR4;DYNLL2;PRKAG1;ATG7;CHMP2B;TOMM22;GABARAPL1;ATG4D;DYNC1LI1;BECN1;UBB;DYNC1LI2;CSNK2A2;WIPI1;LAMTOR5;ATG4B;PGAM5;USP30;PRKAG2;TOMM5;PINK1;MLST8;CHMP2A;ATG14,wald_stat,Reactome_2022
"BMAL1:CLOCK,NPAS2 Activates Circadian Gene Expression R-HSA-1368108",-1.5109033417771554,0.29601651018490477,0.04275092936802974,CREBBP;NCOA1;CARM1;BMAL1;NOCT;TBL1X,wald_stat,Reactome_2022
RHOQ GTPase Cycle R-HSA-9013406,-1.507075413215627,0.2987077781670468,0.030456852791878174,PKN1;CDC42;GIT1;LAMTOR1;ARHGEF7;ARHGAP21;PREX1;CPNE8;RHOQ;PKN2;ARHGAP26;ARHGAP5,wald_stat,Reactome_2022
G-protein Beta:Gamma Signaling R-HSA-397795,-1.506372722522263,0.2946362751789524,0.04521739130434783,PKN1;CDC42;AKT1;GNB1;GNGT2,wald_stat,Reactome_2022
Cilium Assembly R-HSA-5617833,1.5061682270519057,0.7522316655976052,0.001,CEP57;TUBA1A;CKAP5;ARF4;TRIP11;CEP250;RAB11A;TCP1;ARL13B;CCT3;KIF3B;HAUS1;CNTRL;IFT57;HAUS4;PTGES2;CEP290;SEPTIN2;BBS2;PDE6D;DYNLL1;PCNT;HDAC6;CCT8;SCLT1;TMEM216;TUBB;CCT4;IFT27;CEP78;DYNC2I1;EXOC1;CEP162;CDK5RAP2;SFI1;CEP89;PRKD2;PAFAH1B1;DYNC2H1;CCT2,wald_stat,Reactome_2022
Activation Of NMDA Receptors And Postsynaptic Events R-HSA-442755,-1.5059397574770896,0.29014747338256874,0.0341726618705036,NRAS;GIT1;ARHGEF7;PRKAG1;KPNA2;PRKCA;PRKAR2A;CALM1;CASK;PRKAG2,wald_stat,Reactome_2022
RHO GTPases Activate ROCKs R-HSA-5627117,-1.5031195153044987,0.29129224203252113,0.04512635379061372,LIMK1;PKN1;RHOC;MYL6,wald_stat,Reactome_2022
Class B/2 (Secretin Family Receptors) R-HSA-373080,-1.4982041259467267,0.29604011426418014,0.03169014084507042,GNAS;GNB1;VIPR2;GNGT2;PTRH2;PTCH2,wald_stat,Reactome_2022
Signaling By FGFR4 R-HSA-5654743,-1.4855149450363807,0.32001999838791784,0.04059040590405904,NRAS;SPRY2;PPP2CA;PPP2CB;PIK3R1;MKNK1;UBB,wald_stat,Reactome_2022
CDC42 GTPase Cycle R-HSA-9013148,-1.4826023591362865,0.32148489260298063,0.007911392405063292,ARHGAP4;PKN1;ARHGDIA;CDC42;GIT1;LAMTOR1;ARHGEF7;PLEKHG2;ARHGAP21;PREX1;CPNE8;GNA13;MYO9B;PKN2;ARHGAP26;PIK3R1;ARHGAP5;ARHGAP9;WIPF2,wald_stat,Reactome_2022
Transcription Of HIV Genome R-HSA-167172,-1.4819071177774044,0.31786661903615515,0.014950166112956811,ELOA;TAF11;TAF10;ERCC3;POLR2C;POLR2D;POLR2G;ELOB;RNMT;TAF15;NCBP1;MNAT1;ELL;TAF4;CCNT1;POLR2E;CDK7;NELFCD;CCNT2;POLR2J;NELFA;CDK9,wald_stat,Reactome_2022
Platelet Aggregation (Plug Formation) R-HSA-76009,1.4716890897489858,0.8838411862650565,0.05947136563876652,RASGRP1;RASGRP2;CRK;APBB1IP;RAP1B;PTPN1;CSK;RAP1A,wald_stat,Reactome_2022
Transport Of Mature mRNA Derived From An Intron-Containing Transcript R-HSA-159236,-1.4702649609101837,0.3399452495248513,0.019064124783362217,U2AF2;RBM8A;ALYREF;MAGOH;RNPS1;SLU7;SARNP;NUP54;THOC7;SRSF9;DDX39A;NUP133;NCBP1;SEH1L;SRSF5;SEC13;SRSF2,wald_stat,Reactome_2022
Autophagy R-HSA-9612973,-1.4697222671273262,0.33560860044706214,0.019461077844311378,MAP1LC3B;WDR45B;LAMTOR1;VPS37B;CSNK2B;ULK1;CHMP4B;LAMTOR4;DYNLL2;PRKAG1;ATG7;CHMP2B;TOMM22;GABARAPL1;ATG4D;DYNC1LI1;BECN1;UBB;DYNC1LI2;CSNK2A2;WIPI1;UBAP1;LAMTOR5;ATG4B;PGAM5;USP30;PRKAG2;TOMM5;PINK1;MLST8;CHMP2A;ATG14,wald_stat,Reactome_2022
Integrin Signaling R-HSA-354192,1.4691742531426453,0.8344153373289825,0.0651685393258427,RASGRP1;RASGRP2;CRK;APBB1IP;RAP1B;PTPN1;CSK;RAP1A,wald_stat,Reactome_2022
RAB Geranylgeranylation R-HSA-8873719,-1.4636096278410624,0.34614599022958176,0.04006968641114982,RAB5C;RAB1A;RABGGTA;RAB14;RAB2A;PTP4A2;RABGGTB;RAB22A;RAB4A;RAB30;RAB21;RAB18;RAB27B;RAB40B,wald_stat,Reactome_2022
Signaling By FGFR1 R-HSA-5654736,-1.4601748644637884,0.34884075359752736,0.04981549815498155,NRAS;SPRY2;PPP2CA;PPP2CB;PIK3R1;MKNK1;UBB,wald_stat,Reactome_2022
Negative Regulation Of FGFR1 Signaling R-HSA-5654726,-1.4588838977391303,0.34682260481948296,0.06378986866791744,SPRY2;PPP2CA;PPP2CB;MKNK1;UBB;BRAF,wald_stat,Reactome_2022
G Alpha (12/13) Signaling Events R-HSA-416482,-1.454603658669505,0.35152870644332096,0.04317789291882556,GNB1;ARHGEF7;PLEKHG2;RHOC;PREX1;SOS2;GNA13;GNGT2;TRIO;VAV3;ARHGEF1;GNA12;ARHGEF10,wald_stat,Reactome_2022
RIP-mediated NFkB Activation Via ZBP1 R-HSA-1810476,-1.453561451106453,0.34895056205587627,0.06666666666666667,ZBP1;NFKBIB;NFKB1;IKBKB;RIPK3,wald_stat,Reactome_2022
VxPx Cargo-Targeting To Cilium R-HSA-5620916,1.4521603761624822,0.8670352210420269,0.07234042553191489,ARF4;RAB11A;PTGES2;EXOC1;PRKD2,wald_stat,Reactome_2022
DARPP-32 Events R-HSA-180024,1.449065086642007,0.8302266568639176,0.07095343680709534,PPP3CB;PRKACB;PRKAR1A;PPP3CC;PPP2R5D,wald_stat,Reactome_2022
Beta-catenin Independent WNT Signaling R-HSA-3858494,-1.4488190436046111,0.3550220801224993,0.01889763779527559,NRAS;TCF7;RYK;GNB1;CLTB;PSMF1;GNGT2;PSMD6;PSMB6;PRKCA;TNRC6A;AGO4;UBB;AGO2;PSME4;CALM1;PRKCB;NFATC1;PDE6G;PSMA1;PSME2;PLCB1;PSMB3;PSME1;SMURF1;PLCB2;PSMD9;PFN1;AP2A1;PDE6B;PSMC2;PSMD7;PSMC3;AP2M1;ARRB2;ITPR3;AP2A2,wald_stat,Reactome_2022
Neurotransmitter Release Cycle R-HSA-112310,1.4430286885566643,0.8126155529562691,0.07709251101321586,ARL6IP5;SLC1A7;LIN7B;HSPA8;ABAT;PPFIA1;VAMP2;SH2D3C,wald_stat,Reactome_2022
G2/M DNA Damage Checkpoint R-HSA-69473,1.440906670658935,0.7778954047273049,0.043478260869565216,H2BC15;RPA3;RFC5;RFC4;YWHAZ;YWHAB;YWHAH;HERC2;MDC1;RAD17;ATRIP;YWHAQ;MRE11;RNF8;REXO2;H2BC9;TP53;ATM;H2BC12;NSD2,wald_stat,Reactome_2022
NR1H3 And NR1H2 Regulate Gene Expression Linked To Cholesterol Transport And Efflux R-HSA-9029569,-1.4380385069262243,0.37627169920386594,0.052346570397111915,NCOA1;TNRC6A;AGO4;ARL4C;AGO2;TBL1X;GPS2;NR1H3;EP300;NCOR1;NCOR2;TNRC6C,wald_stat,Reactome_2022
RNA Pol II CTD Phosphorylation And Interaction With CE R-HSA-77075,-1.4374850271487654,0.3720544984762304,0.06968641114982578,ERCC3;POLR2C;POLR2D;POLR2G;RNMT;MNAT1;POLR2E;CDK7;POLR2J,wald_stat,Reactome_2022
Diseases Associated With O-glycosylation Of Proteins R-HSA-3906995,-1.4370809081499833,0.36769019400282127,0.0721830985915493,GALNT3;NOTCH1;POMT1;LFNG;ADAMTS10,wald_stat,Reactome_2022
Transport Of Mature Transcript To Cytoplasm R-HSA-72202,-1.433560667989286,0.37174514052295193,0.015332197614991482,U2AF2;RBM8A;ALYREF;MAGOH;WDR33;RNPS1;SLU7;SARNP;NUP54;THOC7;SRSF9;DDX39A;NUP133;NCBP1;SEH1L;SRSF5;SEC13;SRSF2,wald_stat,Reactome_2022
Chondroitin Sulfate/Dermatan Sulfate Metabolism R-HSA-1793185,-1.4313357187900815,0.3719923443668959,0.07076350093109869,CHST7;CHSY1;UST;B3GALT6;IDS;XYLT1;B3GAT3;CHST11;DSE;B4GALT7,wald_stat,Reactome_2022
Iron Uptake And Transport R-HSA-917937,-1.4311057527985815,0.3676107204751521,0.04895104895104895,FTL;FTH1;TCIRG1;ATP6V1H;ACO1;CAND1;ATP6V0C;UBB;FBXL5;ATP6V1G1,wald_stat,Reactome_2022
Glycosaminoglycan Metabolism R-HSA-1630316,-1.4285004922360105,0.3689873597941533,0.041237113402061855,CHST7;CHSY1;B3GNT7;B3GNT2;SLC35D2;B4GALT4;UST;B3GALT6;SLC9A1;IDS;EXT1;XYLT1;HS6ST1;B3GAT3;PAPSS1;B4GALT1;NAGLU;CHORDC1;CHST11;DSE;B4GALT7,wald_stat,Reactome_2022
ER To Golgi Anterograde Transport R-HSA-199977,-1.4266448339612365,0.3688811789042067,0.02843601895734597,RAB1A;TFG;NAPG;TRAPPC10;STX5;SEC24C;PPP6R1;DCTN4;TRAPPC2L;TRAPPC6A;DYNLL2;SEC24B;CSNK1D;COG3;DCTN3;TBC1D20;TMED2;DYNC1LI1;DYNC1LI2;CAPZA2;SEC24A;SEC13;TRAPPC5,wald_stat,Reactome_2022
Citric Acid (TCA) Cycle And Respiratory Electron Transport R-HSA-1428517,-1.4265395155700324,0.3643501153227874,0.009389671361502348,ATP5MC1;NDUFB7;NDUFA1;NDUFC2;CS;COX7B;UQCRFS1;NDUFA13;UQCR11;COX5B;NDUFB6;NDUFB8;NDUFA12;SDHB;COQ10B;COX6A1;COX19;NDUFB1;ATP5ME;SURF1;UQCRQ;NDUFA10;NDUFS6;NDUFB11;LRPPRC;NDUFA9;DLST;COX8A;LDHA;NDUFS3;SDHA;COA1;IDH2;DMAC2L;NDUFV1;COX16;NDUFB9;UQCRC1;NDUFA5;NDUFS8,wald_stat,Reactome_2022
Resolution Of AP Sites Via Multiple-Nucleotide Patch Replacement Pathway R-HSA-110373,1.4244672942676841,0.8217487993801923,0.05530973451327434,RPA3;RFC5;RFC4;PARP1;PARG,wald_stat,Reactome_2022
Keratan Sulfate/Keratin Metabolism R-HSA-1638074,-1.423791976830001,0.365801033892733,0.07850467289719626,B3GNT7;B3GNT2;SLC35D2;B4GALT4,wald_stat,Reactome_2022
Post-translational Modification: Synthesis Of GPI-anchored Proteins R-HSA-163125,-1.4207810275793784,0.3686068792994147,0.062388591800356503,PIGT;MDGA1;PIGH;PIGS;LY6E;GPAA1,wald_stat,Reactome_2022
Nonsense Mediated Decay (NMD) Enhanced By Exon Junction Complex (EJC) R-HSA-975957,-1.4203644061397676,0.3647905357655957,0.06715063520871144,RBM8A;MAGOH;RNPS1;DCP1A;PPP2CA;NCBP1,wald_stat,Reactome_2022
Axon Guidance R-HSA-422475,-1.4161370285449333,0.3710904846452481,0.01361573373676248,LIMK1;NCK2;PKN1;RBM8A;CDC42;MAGOH;NRAS;GIT1;FARP2;IRS2;CSNK2B;MAP2K2;ARHGEF7;RNPS1;CLTB;RHOC;SOS2;PSMF1;PLXNA4;MYO9B;YES1;PSMD6;PSMB6;ELOB;RNMT;NCAM1;PKN2;PRKCA;ZSWIM8;NCBP1;EPHA4;APH1A;ARPC2;PIK3R1;PRKAR2A;UBB;MYL6;PLXNA3;PSME4;CSNK2A2;USP33;TYROBP;LYN;CD72;RSL24D1;TRIO;VAV3;PSMA1;PSME2;PSMB3;EVL;PSME1;PSMD9;COL6A2;PFN1;AP2A1;SHC1;ROBO3;ETF1,wald_stat,Reactome_2022
G Alpha (S) Signaling Events R-HSA-418555,-1.415818315985387,0.3674181920394793,0.05084745762711865,GRK2;PDE4D;GNAS;GNB1;VIPR2;GRK6;ADCY7;GNGT2;PRKCA;PRKAR2A;PTRH2;ADCY9;GNAI2;ARRB1;SHC1;PDE4A,wald_stat,Reactome_2022
Class I Peroxisomal Membrane Protein Import R-HSA-9603798,1.4109489683496816,0.8482840206129527,0.08705357142857142,ACBD5;PEX3;PXMP4;PEX14;PEX19;PEX16;ABCD3;PEX2;ABCD2;ALDH3A2,wald_stat,Reactome_2022
Estrogen-dependent Gene Expression R-HSA-9018519,-1.4098246085611135,0.3777492843025996,0.02247191011235955,H2AJ;CREBBP;H2AX;GATA3;POLR2C;JUND;NCOA1;CTSD;POLR2D;POLR2G;KPNA2;H3-3B;CARM1;AXIN1;TNRC6A;AGO4;H2AZ1;PMEPA1;AGO2;SMC3;CCNT1;POLR2E;CHD1,wald_stat,Reactome_2022
Signaling By ALK Fusions And Activated Point Mutants R-HSA-9725370,1.407227290313439,0.8250769698296905,0.051643192488262914,PRKAR1A;STAT3;GCC2;VCL;PLCG1;STAT5A;STRN;MECP2;CLTC;CARS1;PIK3CA;NPM1;RBX1;PPM1B,wald_stat,Reactome_2022
Miscellaneous Transport And Binding Events R-HSA-5223345,1.4039053839877305,0.8030959457042017,0.0851528384279476,ADD3;LRRC8D;ADD1;NIPA1;BPNT1;MMGT1;NIPA2;SLC66A1;MRS2;ANKH;NIPAL3,wald_stat,Reactome_2022
TGF-beta Receptor Signaling Activates SMADs R-HSA-2173789,1.4031909755209966,0.7714863608410623,0.0593607305936073,UCHL5;TGFBR2;XPO1;PPP1CB;MTMR4;LTBP4,wald_stat,Reactome_2022
Initiation Of Nuclear Envelope (NE) Reformation R-HSA-2995383,1.4014896119441307,0.7471951861435151,0.06823027718550106,KPNB1;LBR;TMPO;VRK1,wald_stat,Reactome_2022
MHC Class II Antigen Presentation R-HSA-2132295,-1.395210461690611,0.41063963191377395,0.057724957555178265,SEC24C;DCTN4;HLA-DRB5;DYNLL2;SEC24B;CTSD;DCTN3;DYNC1LI1;AP1S1;DYNC1LI2;CTSS;CAPZA2;SEC24A;SEC13;KIF22;HLA-DRB1,wald_stat,Reactome_2022
Apoptotic Execution Phase R-HSA-75153,1.393959622090041,0.7528768984899055,0.057208237986270026,SPTAN1;KPNB1;FNTA;H1-2;PRKCQ;H1-3;H1-4;ADD1,wald_stat,Reactome_2022
Interactions Of Rev With Host Cellular Proteins R-HSA-177243,1.3916639724198103,0.7347462226730771,0.06345733041575492,KPNB1;XPO1;NUP62;NUP50;RAN;NUP37;NPM1;NUP58;NUP188;RANBP1;NUP85,wald_stat,Reactome_2022
Regulation Of Expression Of SLITs And ROBOs R-HSA-9010553,-1.3889404844608608,0.42225727511142847,0.045454545454545456,RBM8A;MAGOH;RNPS1;PSMF1;PSMD6;PSMB6;ELOB;ZSWIM8;NCBP1;UBB;PSME4;USP33;RSL24D1;PSMA1;PSME2;PSMB3;PSME1;PSMD9;ROBO3;ETF1;PSMC2;PSMD7;PSMC3,wald_stat,Reactome_2022
Prefoldin Mediated Transfer Of Substrate To CCT/TriC R-HSA-389957,1.3877215567782994,0.7241259970356196,0.07441860465116279,TUBA1A;TCP1;CCT3;CCT6A;PFDN6;CCT8;CCT7;TUBB;CCT4;TUBA1C;CCT2,wald_stat,Reactome_2022
Metabolism Of Cofactors R-HSA-8978934,-1.3876237172111914,0.42076924480054156,0.1111111111111111,AKT1;PTS;GCH1;PDSS1;CALM1,wald_stat,Reactome_2022
Death Receptor Signaling R-HSA-73887,-1.3837106785234266,0.42622104288504503,0.02336448598130841,ARHGDIA;ARHGEF7;PLEKHG2;PREX1;SOS2;FASN;GNA13;BAD;OTULIN;BIRC2;USP4;CASP3;APH1A;UBB;NFKB1;YWHAE;IKBKB;IRAK1;USP25;MADD;TRIO;VAV3;ARHGEF1;NSMAF;RIPK2;ARHGEF10;TRAF1;BIRC3,wald_stat,Reactome_2022
Cooperation Of Prefoldin And TriC/CCT In Actin And Tubulin Folding R-HSA-389958,1.3831792133763243,0.718943605589353,0.06896551724137931,TUBA1A;TCP1;CCT3;CCT6A;PFDN6;CCT8;CCT7;TUBB;CCT4;TUBA1C;CCT2,wald_stat,Reactome_2022
RAF Activation R-HSA-5673000,1.3805394937490862,0.7052577200163902,0.08843537414965986,PPP2R5A;ARAF;PPP2R5D;MAP2K1;PPP1CB;PPP2R5C;YWHAB,wald_stat,Reactome_2022
Nervous System Development R-HSA-9675108,-1.3792890810734257,0.43366901195163426,0.0136986301369863,LIMK1;NCK2;PKN1;RBM8A;CDC42;MAGOH;NRAS;GIT1;FARP2;IRS2;CSNK2B;MAP2K2;ARHGEF7;RNPS1;CLTB;RHOC;SOS2;PSMF1;PLXNA4;MYO9B;YES1;PSMD6;PSMB6;ELOB;RNMT;NCAM1;PKN2;PRKCA;ZSWIM8;NCBP1;EPHA4;APH1A;ARPC2;PIK3R1;PRKAR2A;UBB;MYL6;PLXNA3;PSME4;CSNK2A2;USP33;TYROBP;LYN;CD72;RSL24D1;TRIO;VAV3;PSMA1;PSME2;PSMB3;EVL;PSME1;PSMD9;COL6A2;PFN1;AP2A1;SHC1;ROBO3;ETF1,wald_stat,Reactome_2022
Thrombin Signaling Thru Proteinase Activated Receptors (PARs) R-HSA-456926,-1.379084617626633,0.42934534543653247,0.09803921568627451,GNB1;GNA13;GNGT2;GNAQ;GNA12;ARRB1,wald_stat,Reactome_2022
RHOU GTPase Cycle R-HSA-9013420,-1.375785189896004,0.4338908346643128,0.07944732297063903,NCK2;PKN1;CDC42;GIT1;ARHGEF7;STAM;PKN2;PIK3R1,wald_stat,Reactome_2022
Transport To Golgi And Subsequent Modification R-HSA-948021,-1.3756515379755592,0.4295499249486622,0.028963414634146343,RAB1A;TFG;NAPG;TRAPPC10;STX5;SEC24C;PPP6R1;DCTN4;TRAPPC2L;TRAPPC6A;DYNLL2;SEC24B;CSNK1D;COG3;B4GALT4;DCTN3;MGAT4B;TBC1D20;TMED2;DYNC1LI1;DYNC1LI2;CAPZA2;SEC24A;SEC13;MAN2A2;TRAPPC5,wald_stat,Reactome_2022
DNA Double-Strand Break Repair R-HSA-5693532,1.3717031199830352,0.719843228492841,0.03814713896457766,XRCC5;TDP2;H2BC15;SMARCA5;PRKDC;BAZ1B;RPA3;XRCC6;PPP4C;RFC5;PPP4R2;POLK;RFC4;TDP1;HERC2;MDC1;PARP1;RAD52;KDM4B;RAD17;GEN1;ATRIP;LRIF1;UBC;MRE11;TIMELESS;POLM;RNF8;POLL;RAD51C;H2BC9;TP53;ATM,wald_stat,Reactome_2022
NGF-stimulated Transcription R-HSA-9031628,-1.3708665533302313,0.4376880473865064,0.10200364298724955,EGR1;MEF2D;JUND;ID2,wald_stat,Reactome_2022
Platelet Sensitization By LDL R-HSA-432142,1.3680162373678892,0.7122738531905782,0.1127659574468085,MAPK14;PPP2R5A;PPP2R5D;PPP2R5C,wald_stat,Reactome_2022
Signaling By ERBB4 R-HSA-1236394,-1.3672240385853651,0.4432629505682302,0.09059233449477352,MXD4;ADAP1;NRAS;APH1A;PIK3R1;UBB,wald_stat,Reactome_2022
Integration Of Energy Metabolism R-HSA-163685,-1.3651938699863342,0.44408815191577594,0.08056042031523643,GNAS;GNB1;PPP2CA;SLC2A1;FASN;ADCY7;GNGT2;PPP2CB;PRKCA;GNAQ;PRKAR2A;PRKAG2;TKT;PLCB1;ADCY9;GNAI2;PLCB2,wald_stat,Reactome_2022
RNA Polymerase I Transcription Termination R-HSA-73863,1.3649616126071273,0.7027737895598003,0.09692671394799054,UBTF;TBP;GTF2H1;GTF2H3;POLR1H;GTF2H5;CCNH;POLR1D;TAF1B;POLR1E,wald_stat,Reactome_2022
Neurotransmitter Receptors And Postsynaptic Signal Transmission R-HSA-112314,-1.3629135959735512,0.44569087607306596,0.05546218487394958,NRAS;GIT1;GNB1;ARHGEF7;PRKAG1;ADCY7;GNGT2;KPNA2;PRKCA;PRKAR2A;CALM1;PRKCB;CASK;PRKAG2;PLCB1;ADCY9;GNAI2;PLCB2;AP2A1,wald_stat,Reactome_2022
Intrinsic Pathway For Apoptosis R-HSA-109606,1.3627996411595205,0.6903146664347348,0.05673758865248227,PPP3CC;CYCS;STAT3;APIP;GZMB;GSDMD;YWHAZ;YWHAB;BCL2L1;YWHAH;CDKN2A;AKT3;CARD8;PPP3R1,wald_stat,Reactome_2022
GPCR Downstream Signaling R-HSA-388396,-1.3580715102156182,0.4540274153717121,0.024096385542168676,PKN1;CDC42;XCL1;NRAS;GRK2;AKT1;PDE4D;GNAS;DGKQ;GNB1;ARHGEF7;PLEKHG2;RHOC;VIPR2;PREX1;GRK6;SOS2;PPP2CA;GPR183;GNA13;ADCY7;HEBP1;GNGT2;XCL2;PPP2CB;KPNA2;PRKCA;GNAQ;PIK3R1;PRKAR2A;CCL4;CALM1;PRKCB;RGS16;CCL5;PTRH2;TRIO;VAV3;PLCB1;ARHGEF1;GNA12;ADCY9;LTB4R;RIPK2;GNAI2;ARHGEF10;ARRB1;PLCB2,wald_stat,Reactome_2022
Golgi Associated Vesicle Biogenesis R-HSA-432722,-1.3578104895092524,0.45009088039294853,0.06980802792321117,RAB5C;FTL;FTH1;IGF2R;NECAP1;AP1S1;GAK;AP4B1;TGOLN2;ARRB1;SNX9;AP1G1;AP3B1;DNM2;SH3D19,wald_stat,Reactome_2022
PIWI-interacting RNA (piRNA) Biogenesis R-HSA-5601884,-1.356290136827445,0.4498721884672141,0.11012433392539965,POLR2C;POLR2D;POLR2G;POLR2E;POLR2J;TDRKH,wald_stat,Reactome_2022
Formation Of Early Elongation Complex R-HSA-113418,-1.3561127664483836,0.4457542835102652,0.09899328859060402,ERCC3;POLR2C;POLR2D;POLR2G;NCBP1;MNAT1;POLR2E;CDK7;NELFCD;POLR2J;NELFA,wald_stat,Reactome_2022
Platelet Homeostasis R-HSA-418346,1.353522261758486,0.708695433903549,0.07373271889400922,MAPK14;PPP2R5A;PAFAH2;PPP2R5D;STIM1;ATP2B4;PPP2R5C;ATP2A3;GNG10,wald_stat,Reactome_2022
G-protein Mediated Events R-HSA-112040,-1.3533013068052338,0.4490703507831854,0.09719626168224299,GRK2;ADCY7;KPNA2;PRKCA;GNAQ;PRKAR2A;CALM1;PLCB1;ADCY9;GNAI2;PLCB2;PRKX;ITPR3,wald_stat,Reactome_2022
Transcriptional Regulation By TP53 R-HSA-3700989,-1.3426697987290772,0.4747179864411435,0.01430615164520744,ELOA;GATAD2A;BRD7;BCL6;AKT1;TAF11;RABGGTA;TAF10;LAMTOR1;CSNK2B;LAMTOR4;DDIT4;CREBBP;ERCC3;PPP2CA;PIP4K2A;POLR2C;FASN;COX7B;BBC3;PRKAG1;POLR2D;COX5B;ING3;PRDX5;POLR2G;ELOB;HIPK1;COX6A1;RHNO1;KMT5A;COX19;PPP2CB;TRIAP1;CNOT1;TAF15;CARM1;PCBP4;USP7;TNRC6A;AGO4;SURF1;UBB;MNAT1;PIDD1;SESN3;AGO2;ELL;YWHAE;CSNK2A2;TAF4;LAMTOR5;MDM4;CCNT1;LRPPRC;POLR2E;BRD1;MAPKAP1;PRKAG2;COX8A;CDK7;MLST8;RAD9A;NELFCD;TFDP2;CCNT2;RABGGTB;COX16;PHF20;POLR2J;CNOT8;JMY;NELFA;CDK9,wald_stat,Reactome_2022
RHOC GTPase Cycle R-HSA-9013106,-1.341156549947449,0.47476724927248504,0.07859531772575251,PKN1;ARHGDIA;STX5;ARHGAP21;RHOC;PREX1;FLOT1;MYO9B;PKN2;ARHGAP26;PIK3R1;ARHGAP5;ARHGEF1;OPHN1;ARHGEF10;VANGL1,wald_stat,Reactome_2022
Neurexins And Neuroligins R-HSA-6794361,1.340941587113439,0.7402266306550888,0.12554112554112554,EPB41;LIN7B;SHARPIN;SIPA1L1;PDLIM5;APBA3;DLGAP4,wald_stat,Reactome_2022
Pre-NOTCH Expression And Processing R-HSA-1912422,-1.3381376297275132,0.4783196100309676,0.08571428571428572,H2AJ;SNW1;CREBBP;H2AX;FURIN;RFNG;NOTCH1;TMED2;H3-3B;TNRC6A;AGO4;LFNG;H2AZ1;AGO2;SEL1L,wald_stat,Reactome_2022
KSRP (KHSRP) Binds And Destabilizes mRNA R-HSA-450604,1.3379030464426909,0.7333301925880829,0.1476510067114094,MAPK14;YWHAZ;PARN;EXOSC2;EXOSC3;EXOSC8;KHSRP;DIS3,wald_stat,Reactome_2022
RNA Polymerase I Transcription Initiation R-HSA-73762,1.336411440936704,0.7209809340765733,0.07901234567901234,HDAC1;UBTF;RBBP4;TBP;GTF2H1;GTF2H3;POLR1H;GTF2H5;KAT2A;EHMT2;CCNH;POLR1D;MTA2;TAF1B;POLR1E,wald_stat,Reactome_2022
RIPK1-mediated Regulated Necrosis R-HSA-5213460,-1.3354302336842256,0.4820065388408701,0.10052910052910052,FLOT1;FASN;BIRC2;UBB;MLKL;CDC37;RIPK3;BIRC3;OGT,wald_stat,Reactome_2022
P75 NTR Receptor-Mediated Signaling R-HSA-193704,-1.332238548623191,0.4871145044152522,0.08818635607321132,ARHGDIA;ARHGEF7;PLEKHG2;PREX1;SOS2;GNA13;BAD;CASP3;APH1A;UBB;NFKB1;YWHAE;IKBKB;IRAK1;TRIO;VAV3;ARHGEF1;RIPK2;ARHGEF10,wald_stat,Reactome_2022
DNA Strand Elongation R-HSA-69190,1.3317640016169945,0.7202035860952978,0.1,RPA3;MCM3;RFC5;RFC4,wald_stat,Reactome_2022
FCERI Mediated Ca+2 Mobilization R-HSA-2871809,1.3298387604015873,0.7095177683016476,0.09740259740259741,PPP3CB;NFATC2;GRAP2;PLCG1;PPP3R1;AHCYL1;LCP2;NFATC3;SPNS1,wald_stat,Reactome_2022
RAC1 GTPase Cycle R-HSA-9013149,-1.3251564101083937,0.5042055709822342,0.053125,ARHGAP4;PKN1;ARHGDIA;CDC42;GIT1;FARP2;LAMTOR1;ARHGEF7;PLEKHG2;ARHGAP21;PREX1;NISCH;SOS2;GNA13;MYO9B;PKN2;ARHGAP26;PIK3R1;ARHGAP5;ARHGAP9;WIPF2,wald_stat,Reactome_2022
Signaling By GPCR R-HSA-372790,-1.3249827589909262,0.4999811660132108,0.029717682020802376,PKN1;CDC42;XCL1;NRAS;GRK2;AKT1;PDE4D;GNAS;DGKQ;GNB1;ARHGEF7;PLEKHG2;RHOC;VIPR2;PREX1;GRK6;SOS2;PPP2CA;GPR183;GNA13;ADCY7;HEBP1;GNGT2;XCL2;PPP2CB;KPNA2;PRKCA;GNAQ;PIK3R1;PRKAR2A;CCL4;CALM1;PRKCB;RGS16;CCL5;PTRH2;TRIO;VAV3;PLCB1;ARHGEF1;PTCH2;GNA12;ADCY9;LTB4R;RIPK2;GNAI2;ARHGEF10;ARRB1;PLCB2,wald_stat,Reactome_2022
Mitophagy R-HSA-5205647,-1.3231683925732596,0.5008631592087237,0.1292517006802721,MAP1LC3B;CSNK2B;ULK1;TOMM22;UBB;CSNK2A2;PGAM5;TOMM5;PINK1;TOMM40,wald_stat,Reactome_2022
Deadenylation Of mRNA R-HSA-429947,1.3198026759426533,0.7334311569780717,0.12249443207126949,CNOT7;EIF4B;CNOT3;PARN;PABPC1;TUT7;EIF4A2;EIF4G1,wald_stat,Reactome_2022
GPER1 Signaling R-HSA-9634597,-1.319650511761661,0.5060997144377947,0.13498098859315588,GNAS;GNB1;ADCY7;GNGT2;PRKCA;PRKAR2A;ADCY9;GNAI2;SHC1,wald_stat,Reactome_2022
RAC2 GTPase Cycle R-HSA-9013404,-1.3172760714355602,0.5083739098696114,0.08,PKN1;ARHGDIA;CDC42;GIT1;LAMTOR1;ARHGAP21;MTX1;PREX1;PKN2;ARHGAP26;PIK3R1;PGRMC2;TRIO;VAV3;DOCK2;OPHN1;VANGL1;VRK2,wald_stat,Reactome_2022
PLC Beta Mediated Events R-HSA-112043,-1.3162990822623741,0.506535237798197,0.12686567164179105,GRK2;ADCY7;KPNA2;PRKCA;GNAQ;PRKAR2A;CALM1;PLCB1;ADCY9;PLCB2;PRKX;ITPR3,wald_stat,Reactome_2022
Lagging Strand Synthesis R-HSA-69186,1.315982692443716,0.7303247409791153,0.12529002320185614,RPA3;RFC5;RFC4,wald_stat,Reactome_2022
Nuclear Events (Kinase And Transcription Factor Activation) R-HSA-198725,-1.3152004806645985,0.5050466893651201,0.11816578483245149,MAPKAPK2;EGR1;MEF2D;PPP2CA;JUND;ID2;PPP2CB,wald_stat,Reactome_2022
GABA Receptor Activation R-HSA-977443,-1.3139923037467869,0.5041643137189412,0.14233576642335766,GNB1;ADCY7;GNGT2;ADCY9;GNAI2,wald_stat,Reactome_2022
Deadenylation-dependent mRNA Decay R-HSA-429914,1.3133287642094802,0.723783858571206,0.06297229219143577,CNOT7;DCP1B;EIF4B;CNOT3;LSM5;PARN;EXOSC2;EXOSC3;XRN1;PABPC1;TUT7;EXOSC8;LSM2;EIF4A2,wald_stat,Reactome_2022
Cell Recruitment (Pro-Inflammatory Response) R-HSA-9664424,-1.3121186520653363,0.5054989670745914,0.15808823529411764,PSTPIP1;P2RX4;NFKB1;IL18;C3AR1;P2RX7,wald_stat,Reactome_2022
TP53 Regulates Metabolic Genes R-HSA-5628897,-1.311277936366993,0.5032374454154,0.07107438016528926,AKT1;LAMTOR1;LAMTOR4;DDIT4;COX7B;PRKAG1;COX5B;PRDX5;COX6A1;COX19;TNRC6A;AGO4;SURF1;SESN3;AGO2;YWHAE;LAMTOR5;LRPPRC;PRKAG2;COX8A;MLST8,wald_stat,Reactome_2022
Nuclear Signaling By ERBB4 R-HSA-1251985,-1.3106622047425307,0.5008330206911549,0.1440972222222222,MXD4;ADAP1;APH1A,wald_stat,Reactome_2022
Protein-protein Interactions At Synapses R-HSA-6794362,1.3077031446242637,0.7287324632008177,0.11235955056179775,EPB41;LIN7B;SHARPIN;SIPA1L1;PPFIA1;IL1RAP;PDLIM5;APBA3;DLG1;DLGAP4,wald_stat,Reactome_2022
Apoptosis R-HSA-109581,1.3022754280942026,0.7351659087696966,0.03943661971830986,SPTAN1;KPNB1;FNTA;PPP3CC;CYCS;H1-2;PRKCQ;STAT3;PSMD2;APIP;GZMB;H1-3;PSMB2;H1-4;PSMD11;MAGED1;GSDMD;YWHAZ;YWHAB;BCL2L1;ADD1;DAPK2;YWHAH;CDKN2A;AKT3;CARD8;PPP3R1;RIPK1;PSMD10,wald_stat,Reactome_2022
EGFR Downregulation R-HSA-182971,-1.2981915322441693,0.5348414602893553,0.15492957746478872,CDC42;ARHGEF7;SPRY2;STAM;UBB,wald_stat,Reactome_2022
Developmental Biology R-HSA-1266738,-1.2973193616559817,0.5328781495598938,0.02606310013717421,LIMK1;NCK2;PKN1;RBM8A;CDC42;MAGOH;H2AJ;NRAS;MED10;AKT1;GIT1;FARP2;TCF7;IRS2;KRT81;KRT86;CSNK2B;MAP2K2;ARHGEF7;RNPS1;TGFB1;SNW1;CLTB;RHOC;CREBBP;H2AX;MEF2D;SOS2;FURIN;POLR2C;PSMF1;TRIM33;PLXNA4;NCOA1;MED30;MYO9B;POLR2D;YES1;PSMD6;PSMB6;POLR2G;ELOB;RNMT;NCAM1;PKN2;NOTCH1;PRKCA;MED13L;ZSWIM8;H3-3B;CARM1;NCBP1;EPHA4;HHEX;APH1A;ARPC2;PIK3R1;PRKAR2A;UBB;SPAG9;MYL6;H2AZ1;PLXNA3;NFKB1;PSME4;CSNK2A2;USP33;MED4,wald_stat,Reactome_2022
NEP/NS2 Interacts With Cellular Export Machinery R-HSA-168333,1.2968185435969752,0.7420084341089765,0.1346578366445916,XPO1;NUP62;NUP50;PBRM1;RAN;NUP37;GNL3;NUP58;NUP188;NUP85,wald_stat,Reactome_2022
Circadian Clock R-HSA-400253,-1.2943960629744806,0.5368270365714489,0.1153184165232358,CREBBP;MEF2D;NCOA1;CSNK1D;CRTC2;PER1;CARM1;UBB;BMAL1;NOCT;NFIL3;SREBF1;TBL1X;CSNK1E;SKP1;PER2,wald_stat,Reactome_2022
Processing Of Intronless Pre-mRNAs R-HSA-77595,-1.293406663505869,0.5356665165270109,0.14909090909090908,WDR33;CPSF7;PABPN1;NCBP1;NUDT21;CPSF6;CPSF1;PAPOLA,wald_stat,Reactome_2022
Export Of Viral Ribonucleoproteins From Nucleus R-HSA-168274,1.2920001172421025,0.7463851230145356,0.13245033112582782,XPO1;NUP62;NUP50;PBRM1;RAN;NUP37;GNL3;NUP58;NUP188;NUP85,wald_stat,Reactome_2022
Formation Of RNA Pol II Elongation Complex R-HSA-112382,-1.2901340142146605,0.540949649795723,0.10281923714759536,ELOA;ERCC3;POLR2C;POLR2D;POLR2G;ELOB;NCBP1;MNAT1;ELL;CCNT1;POLR2E;CDK7;NELFCD;CCNT2;RTF1;POLR2J;NELFA;CDK9,wald_stat,Reactome_2022
Recruitment And ATM-mediated Phosphorylation Of Repair And Signal Proteins At DNA Double Strand Breaks R-HSA-5693565,1.289942770754972,0.7387775736293365,0.117096018735363,H2BC15;SMARCA5;BAZ1B;HERC2;MDC1;KDM4B;UBC;MRE11;RNF8;H2BC9;TP53;ATM;H2BC12;NSD2;MAPK8;UBE2V2;H2BC11;APBB1;UBA52;RAD50;PPP5C;KDM4A;BARD1;ABRAXAS1,wald_stat,Reactome_2022
tRNA Aminoacylation R-HSA-379724,1.2887864501933222,0.727859331456134,0.1111111111111111,DARS1;SARS1;QARS1;RARS2;EPRS1;CARS1;FARSA;PPA2;AARS1;IARS2;WARS2;MARS2,wald_stat,Reactome_2022
Smooth Muscle Contraction R-HSA-445355,-1.286764862561052,0.5470655357051241,0.1688073394495413,PKN1;PKN2;TPM3;MYL6;CALM1;SORBS3;ANXA6,wald_stat,Reactome_2022
O-linked Glycosylation Of Mucins R-HSA-913709,-1.2867370855916058,0.5427352200041582,0.14157706093189965,GALNT10;B3GNT7;GALNT3;B3GNT2,wald_stat,Reactome_2022
Inhibition Of DNA Recombination At Telomere R-HSA-9670095,-1.284450152745046,0.5454333829595833,0.15272727272727274,H2AJ;TERF1;H2AX;POLR2C;POLR2D;POLR2G;H3-3B;H2AZ1;POLR2E,wald_stat,Reactome_2022
RAB GEFs Exchange GTP For GDP On RABs R-HSA-8876198,-1.283468041198572,0.5440549821773875,0.10696920583468396,RAB5C;RAB1A;TRAPPC10;AKT1;ULK1;TRAPPC2L;TRAPPC6A;RAB14;RIN3,wald_stat,Reactome_2022
Transcriptional Regulation By MECP2 R-HSA-8986944,1.2830026729644632,0.736138219761002,0.10900473933649289,PTPN4;HDAC1;LBR;FKBP5;SLC2A3;DGCR8;MECP2;PTPN1;CREB1;PTEN,wald_stat,Reactome_2022
Diseases Associated With TLR Signaling Cascade R-HSA-5602358,1.2819903829018384,0.7259123623356997,0.15178571428571427,S100A8;S100A9;IRAK4,wald_stat,Reactome_2022
Dual Incision In GG-NER R-HSA-5696400,1.2808002730590877,0.7163361316520825,0.14014251781472684,RPA3;RFC5;GTF2H1;DDB2;POLK;RFC4;GTF2H3;PARP1;GTF2H5;RBX1,wald_stat,Reactome_2022
ESR-mediated Signaling R-HSA-8939211,-1.2805418903408756,0.5484361253762274,0.0625,H2AJ;NRAS;AKT1;GNB1;CREBBP;H2AX;GATA3;POLR2C;JUND;NCOA1;CTSD;POLR2D;GNGT2;POLR2G;KPNA2;H3-3B;CARM1;AXIN1;TNRC6A;AGO4;PIK3R1;H2AZ1;PMEPA1;AGO2;SMC3;CALM1;CCNT1;POLR2E;CHD1,wald_stat,Reactome_2022
Late Phase Of HIV Life Cycle R-HSA-162599,-1.280013028162552,0.5459802491955472,0.07378335949764521,ELOA;TAF11;TAF10;VPS37B;CHMP4B;FURIN;ERCC3;POLR2C;NUP54;CHMP2B;POLR2D;POLR2G;ELOB;RNMT;TAF15;NUP133;NCBP1;UBB;MNAT1;SEH1L;ELL;TAF4;UBAP1;SEC13;CCNT1;POLR2E;CDK7;CHMP2A;VPS4A;NELFCD;CCNT2;POLR2J;POM121;NELFA;CDK9,wald_stat,Reactome_2022
FGFR2 Alternative Splicing R-HSA-6803529,-1.2790534830486222,0.5444823919188625,0.15742397137745975,PTBP1;POLR2C;HNRNPH1;POLR2D;POLR2G;NCBP1;POLR2E;HNRNPM;POLR2J,wald_stat,Reactome_2022
Signaling To ERKs R-HSA-187687,1.27900777433669,0.7095990455386689,0.1380952380952381,MAPK14;RALGDS;MAP2K1;BCL11B;CRK;RALA;YWHAB,wald_stat,Reactome_2022
Activated PKN1 Stimulates Transcription Of Androgen Receptor Regulated KLK2 And KLK3 R-HSA-5625886,-1.2790021888868273,0.5404423798134765,0.14772727272727273,PKN1;H2AJ;H2AX;H3-3B;H2AZ1,wald_stat,Reactome_2022
Signaling By Cytosolic FGFR1 Fusion Mutants R-HSA-1839117,1.2784948865975185,0.6983794130576187,0.140625,STAT3;FGFR1OP2;STAT5A;CNTRL;PIK3CA;TRIM24,wald_stat,Reactome_2022
Endosomal Sorting Complex Required For Transport (ESCRT) R-HSA-917729,-1.2778263496793751,0.5397704416435634,0.1563573883161512,VPS37B;CHMP4B;STAM;CHMP2B;UBB;UBAP1;CHMP2A;VPS4A;SNF8,wald_stat,Reactome_2022
Signaling By ALK R-HSA-201556,1.2747334038719687,0.6999884638010989,0.14861995753715498,HDAC1;STAT3;PLCG1;HIF1A;PIK3CA,wald_stat,Reactome_2022
Regulated Necrosis R-HSA-5218859,-1.2739614048720755,0.547399482557647,0.11578947368421053,CHMP4B;FLOT1;FASN;CHMP2B;BIRC2;CASP3;UBB;CASP4;MLKL;CDC37;CHMP2A;RIPK3;IL18;IRF1;BIRC3;OGT;BAK1,wald_stat,Reactome_2022
MAP3K8 (TPL2)-dependent MAPK1/3 Activation R-HSA-5684264,-1.271737006337775,0.5500670451221437,0.17790262172284643,MAP3K8;TNIP2;UBB;NFKB1;IKBKB,wald_stat,Reactome_2022
Interleukin-17 Signaling R-HSA-448424,-1.2716626881014452,0.5461900446898061,0.12060301507537688,MAP3K8;MAPKAPK2;MAP2K3;PPP2CA;TNIP2;MAPK9;MAP2K7;PPP2CB;UBB;NFKB1;IKBKB;IRAK1,wald_stat,Reactome_2022
MAP Kinase Activation R-HSA-450294,-1.2692054139261455,0.5498627473957473,0.12790697674418605,MAP3K8;MAPKAPK2;MAP2K3;PPP2CA;TNIP2;MAPK9;MAP2K7;PPP2CB;UBB;NFKB1;IKBKB;IRAK1,wald_stat,Reactome_2022
trans-Golgi Network Vesicle Budding R-HSA-199992,-1.2686756582795962,0.5475418370478516,0.1421232876712329,RAB5C;FTL;FTH1;IGF2R;CLTB;NECAP1;AP1S1;GAK;AP4B1;TGOLN2;CHMP2A;ARRB1;SNX9;AP1G1;AP3B1;M6PR;DNM2;SH3D19,wald_stat,Reactome_2022
Signaling By Nuclear Receptors R-HSA-9006931,-1.2635477513949018,0.5591038421286088,0.07239819004524888,H2AJ;NRAS;AKT1;GNB1;CREBBP;H2AX;GATA3;POLR2C;FASN;JUND;NCOA1;CTSD;POLR2D;GNGT2;POLR2G;MYLIP;KPNA2;H3-3B;CARM1;AXIN1;DHRS3;TNRC6A;AGO4;PIK3R1;ARL4C;H2AZ1;PMEPA1;AGO2;SMC3;CALM1;CCNT1;POLR2E;CHD1;SREBF1;RDH10;TBL1X;GNAI2;USF1;POLR2J;CDK9;SHC1;IGF1R;AREG;POU2F1,wald_stat,Reactome_2022
Transcriptional Regulation By RUNX1 R-HSA-8878171,-1.2619771772572452,0.5598701528165102,0.0761904761904762,CBX4;ARID1B;LGALS3;H2AJ;CSNK2B;CREBBP;H2AX;ZFPM1;GATA3;PSMF1;KMT2B;PHC2;YAF2;PSMD6;PSMB6;H3-3B;AXIN1;TNRC6A;AGO4;UBB;PCGF5;MNAT1;H2AZ1;AGO2;PSME4;PRKCB;CSNK2A2;ELF2;KMT2E;CDK7;PSMA1;PSME2;PSMB3;PSME1;PSMD9;ARID1A;HIPK2;KMT2C;ELOF1;PSMC2;PSMD7;PSMC3,wald_stat,Reactome_2022
Early SARS-CoV-2 Infection Events R-HSA-9772572,-1.2612147122719979,0.5582997122923523,0.16984402079722705,MAP1LC3B;CHMP4B;FURIN;CHMP2B;BECN1;ZCRB1;CHMP2A,wald_stat,Reactome_2022
Heparan Sulfate/Heparin (HS-GAG) Metabolism R-HSA-1638091,-1.2608404653476755,0.5554575979036913,0.1638418079096045,SLC35D2;B3GALT6;IDS;EXT1;XYLT1;HS6ST1;B3GAT3;NAGLU;B4GALT7,wald_stat,Reactome_2022
Positive Epigenetic Regulation Of rRNA Expression R-HSA-5250913,1.2578339722112726,0.7551453313974922,0.09808612440191387,HDAC1;H2BC15;RBBP4;SMARCA5;BAZ1B;TBP;H2AC6;CBX3;DEK;POLR1H;KAT2A;H2AC4;EHMT2;POLR1D;MTA2;TAF1B;POLR1E;H2BC9,wald_stat,Reactome_2022
N-glycan Antennae Elongation In medial/trans-Golgi R-HSA-975576,-1.2562618752186967,0.5652842354470852,0.17785843920145192,B4GALT4;MGAT4B;MAN2A2;MGAT4A;CHST10;B4GALT1;ST8SIA6,wald_stat,Reactome_2022
"Cell Death Signaling Via NRAGE, NRIF And NADE R-HSA-204998",-1.2561570866484435,0.5616295473080086,0.13410596026490065,ARHGEF7;PLEKHG2;PREX1;SOS2;GNA13;BAD;CASP3;APH1A;UBB;YWHAE;TRIO;VAV3;ARHGEF1;ARHGEF10,wald_stat,Reactome_2022
RUNX1 Interacts With Co-Factors Whose Precise Effect On RUNX1 Targets Is Not Known R-HSA-8939243,-1.254535215283968,0.56285160270072,0.17697594501718214,CBX4;ARID1B;CSNK2B;PHC2;YAF2;PCGF5;CSNK2A2,wald_stat,Reactome_2022
Signaling By Non-Receptor Tyrosine Kinases R-HSA-9006927,1.2532254468407962,0.7592756928061231,0.15587529976019185,STAT3;KHDRBS1;CRK;CDKN1B;ERBB2;HIF1A,wald_stat,Reactome_2022
EPH-ephrin Mediated Repulsion Of Cells R-HSA-3928665,-1.2529412008304317,0.5637148692620119,0.1646655231560892,CLTB;YES1;EPHA4;APH1A;LYN;VAV3;AP2A1;AP2M1;AP2A2,wald_stat,Reactome_2022
HSF1 Activation R-HSA-3371511,1.2516610099868888,0.7517237541620437,0.15246636771300448,HSPH1;RPA3;PTGES3;EEF1A1;VCP;FKBP4;HDAC6;MRPL18,wald_stat,Reactome_2022
ZBP1(DAI) Mediated Induction Of Type I IFNs R-HSA-1606322,-1.2498433042258668,0.569625162111999,0.17229129662522202,ZBP1;NFKBIB;NFKB1;IKBKB;RIPK3,wald_stat,Reactome_2022
Cellular Response To Starvation R-HSA-9711097,-1.2476689455046113,0.5727121086382699,0.12398042414355628,ATF4;TCIRG1;LAMTOR1;ATP6V1H;LAMTOR4;CEBPG;FNIP1;ATP6V0C;SEH1L;SEC13;LAMTOR5;ATP6V1G1;ITFG2;RSL24D1;MLST8;CASTOR2;RHEB;FLCN;ASNS;LAMTOR3;SZT2,wald_stat,Reactome_2022
PCNA-Dependent Long Patch Base Excision Repair R-HSA-5651801,1.2473494189554848,0.7551585803514894,0.17391304347826086,RPA3;RFC5;RFC4,wald_stat,Reactome_2022
Signaling By WNT R-HSA-195721,-1.2450286407351454,0.577011803125848,0.0693815987933635,CSNK1G2;CTBP1;RUNX3;H2AJ;NRAS;AKT1;TCF7;RYK;CSNK2B;GNB1;CLTB;CREBBP;H2AX;PPP2CA;PSMF1;CUL3;GNGT2;PSMD6;PSMB6;PPP2CB;PRKCA;H3-3B;AXIN1;TLE4;TNRC6A;AGO4;UBB;H2AZ1;AGO2;PSME4;CALM1;FRAT2;PRKCB;CSNK2A2;TLE5;NFATC1;PDE6G;PSMA1;PSME2;PLCB1;PSMB3;VPS26A;CSNK1E;PSME1;SMURF1;PLCB2;PSMD9;PFN1;AP2A1;PDE6B;SOX4;SKP1;ZRANB1;PSMC2;PSMD7;PSMC3;CTBP2;AP2M1;ARRB2;ITPR3;AP2A2,wald_stat,Reactome_2022
Apoptotic Factor-Mediated Response R-HSA-111471,1.2448861775698694,0.7527175840847015,0.1826086956521739,CYCS;APIP;GSDMD;CDKN2A;CARD8,wald_stat,Reactome_2022
Activation Of NF-kappaB In B Cells R-HSA-1169091,-1.241783309365034,0.5836175658748305,0.14285714285714285,CARD11;PSMF1;PSMD6;PSMB6;NFKBIB;UBB;NFKB1;PSME4;PRKCB;IKBKB;REL;PSMA1;PSME2;PSMB3;PSME1;PSMD9;SKP1;PSMC2;PSMD7;PSMC3;NFKBIE;PSMD3,wald_stat,Reactome_2022
RHO GTPases Activate PKNs R-HSA-5625740,-1.2414102546456658,0.5807772161883011,0.1757469244288225,PKN1;H2AJ;RHOC;H2AX;PKN2;H3-3B;MYL6;H2AZ1;YWHAE,wald_stat,Reactome_2022
Heme Signaling R-HSA-9707616,-1.2385726141798854,0.5860169146342437,0.14886164623467601,CREBBP;MEF2D;NCOA1;CRTC2;CARM1;BMAL1;TBL1X;NFE2L2;MAFK,wald_stat,Reactome_2022
E2F Mediated Regulation Of DNA Replication R-HSA-113510,-1.2372095978249877,0.5862486571560961,0.22416812609457093,PPP2CA;PPP2CB;ORC4;TFDP2,wald_stat,Reactome_2022
Regulation Of TNFR1 Signaling R-HSA-5357905,-1.2369681454631567,0.5830943021897778,0.16323024054982818,OTULIN;BIRC2;USP4;UBB;IKBKB;USP25;MADD;TRAF1;BIRC3,wald_stat,Reactome_2022
Asparagine N-linked Glycosylation R-HSA-446203,-1.2309970725262322,0.5982830433607957,0.07374631268436578,RAB1A;TFG;NAPG;TRAPPC10;STX5;ST6GALNAC6;SEC24C;MAGT1;RPN2;PPP6R1;MARCHF6;DCTN4;TRAPPC2L;TRAPPC6A;DYNLL2;CALR;SEC24B;CSNK1D;COG3;B4GALT4;DDOST;DCTN3;MGAT4B;TBC1D20;TMED2;DYNC1LI1;DERL1;UAP1;UBB;DYNC1LI2;PDIA3;MVD;CAPZA2;SEC24A;SEC13;SEL1L;MAN2A2;TRAPPC5,wald_stat,Reactome_2022
Signaling By VEGF R-HSA-194138,-1.2292567701368606,0.6003172220488865,0.15424610051993068,NCK2;PKN1;MAPKAPK2;CDC42;NRAS;AKT1;ARHGEF7;VEGFB;PKN2;PRKCA;PIK3R1;CALM1;PRKCB;MAPKAP1;VAV3;MLST8,wald_stat,Reactome_2022
Biological Oxidations R-HSA-211859,1.2288660754595335,0.8059775931985955,0.12532637075718014,MIA3;CNDP2;MAT2B;UGP2;ACSS1;SLC26A2;GCLM;PTGES3;CYB5B;CYB5R3;ABHD14B;FDXR;AKR1A1;ADH5;MTR;BPNT1;TPST2,wald_stat,Reactome_2022
Signaling By ERBB2 R-HSA-1227986,-1.228591875693674,0.5986473008698855,0.18074324324324326,NRAS;AKT1;MATK;YES1;PRKCA;PIK3R1;UBB;CUL5;CDC37,wald_stat,Reactome_2022
Pre-NOTCH Transcription And Translation R-HSA-1912408,-1.2263316198936698,0.6022434271522473,0.1731123388581952,H2AJ;SNW1;CREBBP;H2AX;NOTCH1;H3-3B;TNRC6A;AGO4;H2AZ1;AGO2,wald_stat,Reactome_2022
Cytosolic tRNA Aminoacylation R-HSA-379716,1.2261114297235602,0.8032269583115971,0.18202247191011237,DARS1;SARS1;QARS1;EPRS1;CARS1;FARSA;AARS1,wald_stat,Reactome_2022
Negative Regulation Of MAPK Pathway R-HSA-5675221,-1.2246343099329215,0.6038571654150715,0.1696113074204947,PTPN7;DUSP12;NRAS;DUSP2;MAP2K2;PPP2CA;PPP2CB;UBB,wald_stat,Reactome_2022
Rab Regulation Of Trafficking R-HSA-9007101,-1.2243720281053068,0.6008243765201825,0.11987381703470032,RAB5C;RAB1A;TRAPPC10;MAP1LC3B;AKT1;ULK1;TRAPPC2L;TRAPPC6A;RAB14;RIN3;TBC1D20;YWHAE;OPTN;HPS1;TRAPPC5;ARF6;DENND2B;MADD;TBC1D10A,wald_stat,Reactome_2022
G1/S-Specific Transcription R-HSA-69205,1.2241273613631685,0.7984109446165425,0.21231422505307856,HDAC1;RBL2;RBBP4;E2F4,wald_stat,Reactome_2022
Signaling By Receptor Tyrosine Kinases R-HSA-9006934,-1.2240812309614801,0.5980056918723362,0.07649513212795549,MXD4;ADAP1;NCK2;PKN1;MAPKAPK2;CDC42;TCIRG1;NRAS;AKT1;IRS2;GALNT3;ATP6V1H;MAP2K2;ARHGEF7;EGR1;VEGFB;RAPGEF1;SPRY2;MEF2D;STAM;FURIN;PPP2CA;PTBP1;POLR2C;JUND;HNRNPH1;MATK;POLR2D;YES1;ID2;POLR2G;PTPRJ;RNMT;PPP2CB;ATP6V0C;PKN2;PRKCA;NCBP1;APH1A;PIK3R1;MKNK1;UBB;CUL5;CALM1;PRKCB;SOCS1;POLR2E;MAPKAP1;LYN;ARF6;ATP6V1G1;CDC37;VAV3;MLST8;HNRNPM;LMNB2;BRAF,wald_stat,Reactome_2022
Drug ADME R-HSA-9748784,-1.223492048182235,0.5962351968477901,0.2014388489208633,NUDT15;NT5C2;GUK1;GSTP1;VAV3;TPMT;GGT7;SLC16A1;ADAL;HPRT1;ABCB1,wald_stat,Reactome_2022
G Beta:Gamma Signaling Thru PI3Kgamma R-HSA-392451,-1.2222146409268484,0.5961387251590057,0.20454545454545456,AKT1;GNB1;GNGT2,wald_stat,Reactome_2022
Gap-filling DNA Repair Synthesis And Ligation In GG-NER R-HSA-5696397,1.2191429196445507,0.8059306330172052,0.19196428571428573,RPA3;RFC5;POLK;RFC4,wald_stat,Reactome_2022
IRE1alpha Activates Chaperones R-HSA-381070,-1.2177021350769932,0.6059553220850145,0.17478991596638654,HDGF;MYDGF;TATDN2;ERN1;DNAJB11;GSK3A;TSPYL2;WIPI1;DNAJC3;PDIA6;SHC1;HSPA5;HYOU1,wald_stat,Reactome_2022
Vasopressin Regulates Renal Water Homeostasis Via Aquaporins R-HSA-432040,-1.2176701141791286,0.5986497340770058,0.21964285714285714,GNAS;GNB1;ADCY7;GNGT2;PRKCA;PRKAR2A,wald_stat,Reactome_2022
Aquaporin-mediated Transport R-HSA-445717,-1.2176701141791286,0.5986497340770058,0.21964285714285714,GNAS;GNB1;ADCY7;GNGT2;PRKCA;PRKAR2A,wald_stat,Reactome_2022
Kinesins R-HSA-983189,1.2168467385355928,0.8023323091181874,0.1965065502183406,KIF2A;KIF3B;KIF21A,wald_stat,Reactome_2022
Muscle Contraction R-HSA-397014,-1.2164896043490203,0.5983919209459783,0.16034482758620688,PKN1;VIM;HIPK1;PKN2;PRKCA;ASPH;TPM3;MYL6;CALM1;SORBS3;FXYD7;ANXA6;RANGRF;HIPK2;CACNB1;ORAI1;ATP1B3;ITPR3;ATP2B1;DMPK;GUCY1A1;ATP1B1,wald_stat,Reactome_2022
Amino Acids Regulate mTORC1 R-HSA-9639288,-1.2159403300432783,0.5965353980124616,0.17235494880546076,TCIRG1;LAMTOR1;ATP6V1H;LAMTOR4;FNIP1;ATP6V0C;SEH1L;SEC13;LAMTOR5;ATP6V1G1;ITFG2;MLST8;CASTOR2;RHEB;FLCN;LAMTOR3;SZT2,wald_stat,Reactome_2022
Activation Of ATR In Response To Replication Stress R-HSA-176187,1.2144061450036512,0.8001971561016364,0.20754716981132076,RPA3;MCM3;RFC5;RFC4;RAD17;ATRIP,wald_stat,Reactome_2022
Diseases Associated With N-glycosylation Of Proteins R-HSA-3781860,1.2138666400561757,0.7903910820844753,0.20495495495495494,ALG13;CTSA;ALG6;DPAGT1;ALG3;GLB1;ALG1,wald_stat,Reactome_2022
Activation Of Kainate Receptors Upon Glutamate Binding R-HSA-451326,-1.2124349544203292,0.6041004874049701,0.20994475138121546,GNB1;GNGT2;CALM1;PLCB1;PLCB2,wald_stat,Reactome_2022
Opioid Signaling R-HSA-111885,-1.2121775909986308,0.6012810945915638,0.15726495726495726,GRK2;PDE4D;GNB1;PPP2CA;ADCY7;GNGT2;PPP2CB;KPNA2;PRKCA;GNAQ;PRKAR2A;CALM1;PLCB1;ADCY9;GNAI2;PLCB2;PDE4A;PRKX;PDE4B;ITPR3,wald_stat,Reactome_2022
Regulation Of TP53 Activity Thru Acetylation R-HSA-6804758,-1.2112317680337967,0.6006105340349219,0.20282186948853614,GATAD2A;BRD7;AKT1;PIP4K2A;ING3,wald_stat,Reactome_2022
Class I MHC Mediated Antigen Processing And Presentation R-HSA-983169,-1.2106986654835021,0.5986402604066793,0.07596685082872928,FBXO44;SEC24C;ZNRF2;UBE2M;RNF7;UBOX5;CALR;FBXW7;ANAPC11;PSMF1;FBXL12;SEC61G;SEC24B;UBR1;ATG7;MIB2;UBE2Q1;CUL3;PSMD6;PSMB6;MYLIP;ELOB;FBXO9;BTBD6;RNF115;UBE2G2;FBXL18;RNF19B;BECN1;SEC61B;FBXO31;UBB;ARIH2;MEX3C;RNF130;PSME4;PDIA3;CTSS;CUL5;IKBKB;FBXL5;SEC24A;SEC13;TAPBP;UBA1;SOCS1;UBA6;UBE2S;FBXO11;TPP2;RBBP6;ASB6;PSMA1;PSME2;DTX3L;KLHL2;DCAF1;ATG14;PSMB3;HECTD1;HERC5;PSME1;SMURF1;PSMD9;FBXL20;UBE2J1;HSPA5;RNF138;SKP1;PJA1;PSMC2;AREL1;PSMD7;PSMC3;RNF19A;RNF6;HLA-F;FBXW8;UBE2L6;ANAPC5;HLA-B;HERC4;PSMD3;UBE2Z;UBE2O;RNF114;ZBTB16;VAMP3;UBE2V1;BTBD1;SMURF2;HLA-E;ERAP1;TRIM21;RNF126;MKRN1;UBE2D1;FBXO32;CUL1;CDC34;UBE2Q2,wald_stat,Reactome_2022
Cytoprotection By HMOX1 R-HSA-9707564,-1.210639827742052,0.5952625609104859,0.16493055555555555,CREBBP;COX7B;NCOA1;COX5B;COX6A1;COX19;CARM1;SURF1;LRPPRC;COX8A;TBL1X;NFE2L2;MAFK;COX16;HM13;COX5A,wald_stat,Reactome_2022
Sialic Acid Metabolism R-HSA-4085001,1.2095539965978528,0.7963199164915141,0.2045977011494253,ST8SIA4;ST6GAL1;CTSA;CMAS;ST3GAL1;GLB1;ST3GAL5;ST3GAL2,wald_stat,Reactome_2022
Transcriptional Regulation By RUNX2 R-HSA-8878166,-1.2092013083782263,0.5962105677336256,0.15525876460767946,LGALS3;AKT1;HIVEP3;FBXW7;PSMF1;YES1;PSMD6;PSMB6;UBB;PSME4;MAF;PSMA1;PSME2;PSMB3;PSME1;SMURF1;PPM1D;PSMD9;AREG;SKP1;PSMC2;PSMD7;PSMC3;RUNX2;ABL1;PSMD3,wald_stat,Reactome_2022
Regulation Of mRNA Stability By Proteins That Bind AU-rich Elements R-HSA-450531,1.2067458298836913,0.7969405206446089,0.14425427872860636,MAPK14;XPO1;ZFP36L1;PSMD2;HSPB1;PSMB2;PSMD11;YWHAZ;HNRNPD;YWHAB;PARN;EXOSC2;PSMD10;EXOSC3;XRN1;PABPC1;HSPA8;PSMD4;EXOSC8,wald_stat,Reactome_2022
TNFR2 Non-Canonical NF-kB Pathway R-HSA-5668541,-1.2045865474850896,0.6071292798154692,0.15867768595041323,UBE2M;PSMF1;LTA;CD70;PSMD6;BIRC2;PSMB6;TNFRSF9;UBB;TNFRSF11A;PSME4;PSMA1;PSME2;PSMB3;PSME1;PSMD9;BIRC3;RELB;SKP1;PSMC2;PSMD7;PSMC3,wald_stat,Reactome_2022
Protein Methylation R-HSA-8876725,1.2036097831559853,0.7979229012166815,0.2182628062360802,EEF1A1;EEF2;VCPKMT;VCP;HSPA8;CAMKMT;METTL22;EEF1AKMT2;EEF2KMT,wald_stat,Reactome_2022
Presynaptic Phase Of Homologous DNA Pairing And Strand Exchange R-HSA-5693616,1.2003892111410306,0.7995775913348565,0.2054794520547945,RPA3;RFC5;RFC4;RAD17;ATRIP;MRE11;RAD51C;ATM,wald_stat,Reactome_2022
CaM Pathway R-HSA-111997,-1.1996238457470916,0.6199502204893765,0.22490706319702602,GRK2;ADCY7;KPNA2;PRKCA;PRKAR2A;CALM1;ADCY9,wald_stat,Reactome_2022
Effects Of PIP2 Hydrolysis R-HSA-114508,1.1972496723663033,0.801411873027666,0.22016460905349794,RASGRP1;PRKCQ;RASGRP2,wald_stat,Reactome_2022
Diseases Of DNA Repair R-HSA-9675135,1.1969605868936688,0.7912790564234885,0.20649651972157773,RPA3;RFC5;RFC4;PMS2;MSH3;RAD17;ATRIP;MRE11;RAD51C;ATM,wald_stat,Reactome_2022
RHOD GTPase Cycle R-HSA-9013405,1.1961685516551084,0.7837281165720198,0.2304147465437788,ADD3;LBR;SLC4A7;TMPO;DIAPH1;LMAN1;ARHGAP1;ARHGAP17,wald_stat,Reactome_2022
Selective Autophagy R-HSA-9663891,-1.1953987475727421,0.6300453552083776,0.19269102990033224,MAP1LC3B;CSNK2B;ULK1;DYNLL2;PRKAG1;TOMM22;DYNC1LI1;UBB;DYNC1LI2;CSNK2A2;PGAM5;USP30;PRKAG2;TOMM5;PINK1,wald_stat,Reactome_2022
Ca-dependent Events R-HSA-111996,-1.1951405376147506,0.6272383215569852,0.2174721189591078,GRK2;ADCY7;KPNA2;PRKCA;PRKAR2A;CALM1,wald_stat,Reactome_2022
Intraflagellar Transport R-HSA-5620924,1.1945762498324972,0.7790427561861336,0.2132701421800948,TRIP11;KIF3B;IFT57;DYNLL1;IFT27;DYNC2I1;DYNC2H1;IFT88,wald_stat,Reactome_2022
Regulation Of RUNX1 Expression And Activity R-HSA-8934593,-1.1937453774175437,0.6282553448423145,0.23792486583184258,TNRC6A;AGO4;AGO2,wald_stat,Reactome_2022
FOXO-mediated Transcription Of Cell Death Genes R-HSA-9614657,-1.192632285901,0.6283260354140926,0.21828358208955223,BCL6;CREBBP;BBC3;PINK1;NFYA;EP300;DDIT3;FOXO3;FOXO4,wald_stat,Reactome_2022
RNA Polymerase II Pre-transcription Events R-HSA-674695,-1.1924700018863208,0.6252390723882266,0.17024793388429751,ELOA;TAF11;TAF10;ERCC3;POLR2C;POLR2D;POLR2G;ELOB;TAF15;NCBP1;MNAT1;ELL;TAF4;CCNT1;POLR2E;CDK7;NELFCD;CCNT2;RTF1;POLR2J;NELFA;CDK9,wald_stat,Reactome_2022
Chaperonin-mediated Protein Folding R-HSA-390466,1.1919057691344863,0.7794526043422011,0.1547911547911548,USP11;TUBA1A;STAT3;TCP1;CCT3;LONP2;CCT6A;GNG10;PFDN6;DCAF7;WRAP53;FBXO4;CCT8;CCT7;TUBB;CCT4;TUBA1C;CCT2,wald_stat,Reactome_2022
Neddylation R-HSA-8951664,-1.1913089334226163,0.6255553717494465,0.12235649546827794,FBXO44;COMMD5;UBE2M;RNF7;COMMD7;FBXW7;PSMF1;FBXL12;CUL3;UCHL3;PSMD6;CAND1;PSMB6;ELOB;DDA1;COPS8;COPS3;FBXO9;BTBD6;COMMD9;FBXL18;FBXO31;UBB;TULP4;PSME4;CUL5;FBXL5;SPSB3;FBXO11;ASB6;PSMA1;PSME2;DCAF5;KLHL2;PSMB3;DCAF8;NFE2L2;PSME1;PSMD9;DDB1;FBXL20;ANKRD9;COPS4;SKP1;PSMC2;PSMD7;PSMC3;NPLOC4;COMMD4;WSB2,wald_stat,Reactome_2022
PCP/CE Pathway R-HSA-4086400,-1.1892780147743103,0.6282804436195393,0.1644295302013423,RYK;CLTB;PSMF1;PSMD6;PSMB6;PRKCA;UBB;PSME4;PRKCB;PSMA1;PSME2;PSMB3;PSME1;SMURF1;PSMD9;PFN1;AP2A1;PSMC2;PSMD7;PSMC3;AP2M1;ARRB2;AP2A2;PSMD3,wald_stat,Reactome_2022
Signaling By High-Kinase Activity BRAF Mutants R-HSA-6802948,1.1880099531403705,0.7846341907567868,0.22767857142857142,ARAF;MAP2K1;VCL;APBB1IP;YWHAB;RAP1B,wald_stat,Reactome_2022
Post-translational Protein Phosphorylation R-HSA-8957275,-1.1877729623445359,0.6292329375284166,0.23205342237061768,LGALS1;TIMP1;IGFBP4;QSOX1;P4HB;CALU;TGOLN2;DNAJC3;MGAT4A;LMNB2;SHISA5;PDIA6,wald_stat,Reactome_2022
MyD88 Cascade Initiated On Plasma Membrane R-HSA-975871,-1.1853768808268117,0.6333905786996206,0.17656765676567657,MAP3K8;MAPKAPK2;MAP2K3;PPP2CA;TNIP2;MAPK9;MAP2K7;NFKBIB;PPP2CB;N4BP1;UBB;NFKB1;IKBKB;USP18,wald_stat,Reactome_2022
Oxidative Stress Induced Senescence R-HSA-2559580,-1.1851637277859604,0.6307122505599152,0.1736930860033727,MAPKAPK2;CBX4;H2AJ;MAP2K3;H2AX;CDKN2D;MAPK9;PHC2;MAP2K7;H3-3B;TNRC6A;AGO4;UBB;H2AZ1,wald_stat,Reactome_2022
TRAF6 Mediated Induction Of NFkB And MAP Kinases Upon TLR7/8 Or 9 Activation R-HSA-975138,-1.1820835923299389,0.6367359211152293,0.18078175895765472,MAP3K8;MAPKAPK2;MAP2K3;PPP2CA;TNIP2;MAPK9;MAP2K7;NFKBIB;PPP2CB;N4BP1;UBB;NFKB1;IKBKB;USP18,wald_stat,Reactome_2022
Visual Phototransduction R-HSA-2187338,-1.1815895251154627,0.6349028524365756,0.2314647377938517,RNF7;GNB1;C1D;METAP2;PRKCA;LRP8;DHRS3;CALM1;PDE6G;RDH10,wald_stat,Reactome_2022
KEAP1-NFE2L2 Pathway R-HSA-9755511,-1.1815385177490794,0.631674482195633,0.17609046849757673,ATF4;MAP1LC3B;AKT1;CSNK2B;CREBBP;PSMF1;CUL3;PSMD6;PSMB6;NOTCH1;UBB;PSME4;CSNK2A2;PSMA1;PSME2;TKT;PSMB3;NFE2L2;MAFK;PSME1;PSMD9;SKP1;PSMC2;PSMD7;PSMC3;NPLOC4;PSMD3;TALDO1;MUL1;TRIM21;GSR;SRXN1;CUL1;HMOX1;GSK3B;PSMD8;EP300;PSMC1,wald_stat,Reactome_2022
HIV Life Cycle R-HSA-162587,-1.1779079641992374,0.6403459363849446,0.14307931570762053,ELOA;TAF11;TAF10;VPS37B;CHMP4B;FURIN;ERCC3;POLR2C;NUP54;CHMP2B;POLR2D;POLR2G;ELOB;RNMT;TAF15;NUP133;NCBP1;UBB;MNAT1;SEH1L;ELL;TAF4;UBAP1;SEC13;CCNT1;POLR2E;CDK7;CHMP2A;VPS4A;NELFCD;KPNA1;CCNT2;POLR2J;POM121;NELFA;CDK9,wald_stat,Reactome_2022
Toll Like Receptor 7/8 (TLR7/8) Cascade R-HSA-168181,-1.1777198188905476,0.6342454995391649,0.18578352180936994,MAP3K8;MAPKAPK2;MAP2K3;PPP2CA;TNIP2;MAPK9;MAP2K7;NFKBIB;PPP2CB;N4BP1;UBB;NFKB1;IKBKB;USP18,wald_stat,Reactome_2022
MyD88 Dependent Cascade Initiated On Endosome R-HSA-975155,-1.1777198188905476,0.6342454995391649,0.18578352180936994,MAP3K8;MAPKAPK2;MAP2K3;PPP2CA;TNIP2;MAPK9;MAP2K7;NFKBIB;PPP2CB;N4BP1;UBB;NFKB1;IKBKB;USP18,wald_stat,Reactome_2022
RORA Activates Gene Expression R-HSA-1368082,-1.1772512641083306,0.6322867427637658,0.24029574861367836,CREBBP;NCOA1;CARM1;SREBF1;TBL1X,wald_stat,Reactome_2022
Protein Localization R-HSA-9609507,-1.1769891777059656,0.6298194026488196,0.152276295133438,GFER;GRPEL2;STX5;TIMM17A;ATP5MC1;TIMM8B;TIMM23;BCS1L;MTX1;FXN;CS;SEC61G;NDUFB8;TOMM22;COX19;SEC61B;UBB;MPV17;GRPEL1;CHCHD5;TIMM8A;TIMM22;GET4;ACOX1;ACAA1;TOMM5,wald_stat,Reactome_2022
Chaperone Mediated Autophagy R-HSA-9613829,1.1768223276805463,0.8179378025134214,0.25663716814159293,EEF1A1;ARL13B;HSPA8;PCNT;HDAC6;UBC;IFT88;PLIN2,wald_stat,Reactome_2022
DNA Double Strand Break Response R-HSA-5693606,1.1763292940865828,0.8093587262586839,0.21957040572792363,H2BC15;SMARCA5;BAZ1B;HERC2;MDC1;KDM4B;UBC;MRE11;RNF8;H2BC9;TP53;ATM;H2BC12;NSD2;MAPK8;UBE2V2;H2BC11;APBB1;UBA52;RAD50;PPP5C;KDM4A;BARD1;ABRAXAS1,wald_stat,Reactome_2022
mRNA Splicing - Minor Pathway R-HSA-72165,-1.1760033034309088,0.6294657649227169,0.2037351443123939,SF3B6;EFTUD2;POLR2C;POLR2D;POLR2G;NCBP1;ZCRB1;SRSF2;POLR2E;SNRNP25;POLR2J;SF3B2;ZRSR2,wald_stat,Reactome_2022
Glucagon-like Peptide-1 (GLP1) Regulates Insulin Secretion R-HSA-381676,-1.1750709640983645,0.629058252161148,0.259927797833935,GNAS;GNB1;GNGT2;PRKCA;PRKAR2A,wald_stat,Reactome_2022
Activation Of BAD And Translocation To Mitochondria R-HSA-111447,1.1747028242021613,0.8059936428808426,0.2529274004683841,PPP3CC;YWHAZ;YWHAB;YWHAH;AKT3;PPP3R1,wald_stat,Reactome_2022
Nuclear Import Of Rev Protein R-HSA-180746,1.1731039757296973,0.8021315543427447,0.21814254859611232,KPNB1;NUP62;NUP50;RAN;NUP37;NPM1;NUP58;NUP188;NUP85,wald_stat,Reactome_2022
VEGFA-VEGFR2 Pathway R-HSA-4420097,-1.1699342392355208,0.642061269629072,0.21853146853146854,NCK2;PKN1;MAPKAPK2;CDC42;NRAS;AKT1;ARHGEF7;PKN2;PRKCA;PIK3R1;CALM1;PRKCB;MAPKAP1;VAV3;MLST8,wald_stat,Reactome_2022
Programmed Cell Death R-HSA-5357801,1.1693064537754891,0.8071829045209418,0.13043478260869565,SPTAN1;KPNB1;FNTA;PPP3CC;IRF2;CYCS;H1-2;PRKCQ;STAT3;PSMD2;APIP;GZMB;H1-3;PSMB2;H1-4;PSMD11;MAGED1;GSDMD;YWHAZ;YWHAB;BCL2L1;ADD1;DAPK2;YWHAH;CDKN2A;AKT3;CARD8;RRM1;PPP3R1;RIPK1;PSMD10,wald_stat,Reactome_2022
RAC3 GTPase Cycle R-HSA-9013423,-1.167406269920989,0.6464853083169604,0.22727272727272727,PKN1;CDC42;GIT1;LAMTOR1;ARHGAP21;RAPGEF1;PREX1;PKN2;ARHGAP26;PIK3R1;ARHGAP5;PGRMC2;TRIO;OPHN1;VANGL1;VRK2,wald_stat,Reactome_2022
"mRNA Activation Upon Binding Of Cap-Binding Complex And eIFs, Subsequent Binding To 43S R-HSA-72662",1.1672272147097031,0.7958291019504683,0.23766816143497757,EIF3A;EIF2S1;EIF4B;EIF3E;EIF3L;PABPC1;EIF4A2;EIF4G1;EIF3K;EIF2S2;EIF3H,wald_stat,Reactome_2022
Translation Initiation Complex Formation R-HSA-72649,1.1672272147097031,0.7958291019504683,0.23766816143497757,EIF3A;EIF2S1;EIF4B;EIF3E;EIF3L;PABPC1;EIF4A2;EIF4G1;EIF3K;EIF2S2;EIF3H,wald_stat,Reactome_2022
Mitochondrial Biogenesis R-HSA-1592230,-1.1666596802188947,0.6453626181735653,0.18729096989966554,ATP5MC1;MTX1;CREBBP;MEF2D;PPRC1;NCOA1;PRKAG1;APOOL;HCFC1;CRTC2;CARM1;ATP5ME;CALM1;PRKAG2;IDH2;TBL1X;DMAC2L;CHCHD6,wald_stat,Reactome_2022
Neutrophil Degranulation R-HSA-6798695,1.166541537781486,0.789142368170238,0.06779661016949153,MAPK14;SPTAN1;KPNB1;ENPP4;XRCC5;S100A8;ARHGAP45;APEH;PTPRC;S100A9;NIT2;NCKAP1L;STK10;SCAMP1;RAB10;MLEC;CD47;XRCC6;PSMD2;CXCR2;VCL;EEF1A1;DIAPH1;PSMD11;KCNAB2;STOM;GHDC;VAT1;COPB1;GSDMD;PIKFYVE;HGSNAT;UNC13D;PRDX4;CPNE3;IMPDH2;PSEN1;SLC2A3;STING1;GDI2;PGM1;SLCO4C1;RAP1B;EEF2;LPCAT1;HMOX2;CTSA;CD53;TMBIM1;TRAPPC1;VCP;CTSC;PTGES2;CEP290;SLC44A2;CAP1;HSPA8;CYB5R3;DYNLL1;GYG1;PKM;BIN2;CCT8;ADAM10;OSTF1;TUBB;PPBP;PSMD13;TSPAN14;SERPINB6;GAA;HUWE1;PSMA5;CD59;ACTR2;GLB1;CCT2;CXCR1;PRCP;SNAP23;RAP1A,wald_stat,Reactome_2022
Glycogen Metabolism R-HSA-8982491,1.1663060383856814,0.781011903353442,0.2563559322033898,UGP2;PHKB;PGM1;GYG1;GAA;UBC;PYGB;AGL;GYS1,wald_stat,Reactome_2022
HIV Transcription Initiation R-HSA-167161,-1.1643664779140868,0.6490654397736504,0.24394463667820068,TAF11;TAF10;ERCC3;POLR2C;POLR2D;POLR2G;TAF15;MNAT1;TAF4;POLR2E;CDK7,wald_stat,Reactome_2022
Signaling By EGFR In Cancer R-HSA-1643713,-1.1636918850183098,0.6479859282901941,0.2556390977443609,NRAS;PIK3R1;UBB;CDC37;SHC1;AREG,wald_stat,Reactome_2022
NRAGE Signals Death Thru JNK R-HSA-193648,-1.1635312047089603,0.6452431218522232,0.24096385542168675,ARHGEF7;PLEKHG2;PREX1;SOS2;GNA13;BAD;TRIO;VAV3;ARHGEF1;ARHGEF10,wald_stat,Reactome_2022
Intracellular Signaling By Second Messengers R-HSA-9006925,-1.1634565884086523,0.6422778774394459,0.14477611940298507,GATAD2A;ATN1;CBX4;GRK2;AKT1;IRS2;LAMTOR1;PHLPP2;CSNK2B;EGR1;LAMTOR4;IER3;PPP2CA;PIP4K2A;PSMF1;ADCY7;BAD;PHC2;PSMD6;PSMB6;RNMT;GSK3A;PPP2CB;KPNA2;PRKCA;USP7;TNRC6A;AGO4;PIK3R1;PRKAR2A;UBB;AGO2;PSME4;CALM1;CSNK2A2;LAMTOR5;MAPKAP1;IRAK1;PSMA1;PSME2;MLST8;PSMB3;TRAT1;ADCY9;MAF1;PSME1;PSMD9;AREG;VAPA;PRKX;EED;MTA1;PSMC2;PIP4K2C;PSMD7;PSMC3;RHEB;SNAI1,wald_stat,Reactome_2022
SUMOylation Of Transcription Cofactors R-HSA-3899300,-1.1628475647889482,0.6410272488793519,0.23550087873462214,CTBP1;CBX4;CREBBP;NCOA1;ING3;PHC2;SUMO1;TOPORS;PIAS1;ZNF350;UBE2I;HIPK2;TRIM28;PARK7,wald_stat,Reactome_2022
TP53 Regulates Transcription Of DNA Repair Genes R-HSA-6796648,-1.1622580064004147,0.6398054955881163,0.21760797342192692,ELOA;ERCC3;POLR2C;POLR2D;POLR2G;ELOB;MNAT1;ELL;CCNT1;POLR2E;CDK7;NELFCD;CCNT2;POLR2J;NELFA;CDK9;CDK12;NELFB,wald_stat,Reactome_2022
Protein Folding R-HSA-391251,1.1602027193039048,0.7953624080099454,0.1868421052631579,USP11;TUBA1A;STAT3;TCP1;CCT3;LONP2;CCT6A;TBCA;GNG10;PFDN6;DCAF7;WRAP53;FBXO4;CCT8;CCT7;TUBB;CCT4;TUBA1C;CCT2,wald_stat,Reactome_2022
Processing Of DNA Double-Strand Break Ends R-HSA-5693607,1.1587275272126492,0.7921955896188956,0.20689655172413793,H2BC15;RPA3;PPP4C;RFC5;PPP4R2;RFC4;HERC2;MDC1;RAD17;ATRIP;UBC;MRE11;TIMELESS;RNF8;H2BC9;ATM;H2BC12;NSD2;BLM;UBE2V2;H2BC11;UBA52;RAD50;BARD1;ABRAXAS1,wald_stat,Reactome_2022
Regulation Of IGF Transport And Uptake By IGFBPs R-HSA-381426,-1.15865326981787,0.6479284878214155,0.25542570951585974,LGALS1;TIMP1;IGFBP4;QSOX1;P4HB;CALU;TGOLN2;DNAJC3;MGAT4A;LMNB2;SHISA5;PDIA6,wald_stat,Reactome_2022
Signaling By EGFR R-HSA-177929,-1.1579956756687921,0.6466304458553918,0.23688969258589512,CDC42;NRAS;ARHGEF7;SPRY2;STAM;PIK3R1;UBB,wald_stat,Reactome_2022
Signaling By CSF3 (G-CSF) R-HSA-9674555,-1.1576973017184478,0.644397066480741,0.24548736462093862,RNF7;NRAS;ELOB;UBB;CUL5;SOCS1;LYN;TYK2;SHC1,wald_stat,Reactome_2022
TCF Dependent Signaling In Response To WNT R-HSA-201681,-1.1570909657266961,0.6431125971267733,0.18081761006289307,CSNK1G2;CTBP1;RUNX3;H2AJ;AKT1;TCF7;RYK;CSNK2B;CREBBP;H2AX;PPP2CA;PSMF1;CUL3;PSMD6;PSMB6;PPP2CB;H3-3B;AXIN1;TLE4;UBB;H2AZ1;PSME4;FRAT2;CSNK2A2,wald_stat,Reactome_2022
Phase I - Functionalization Of Compounds R-HSA-211945,1.1570078028260034,0.7898115507550473,0.2340909090909091,MIA3;ACSS1;PTGES3;CYB5B;CYB5R3;FDXR;ADH5,wald_stat,Reactome_2022
FGFR1 Mutant Receptor Activation R-HSA-1839124,1.156983761831332,0.7810607320099937,0.26450116009280744,STAT3;FGFR1OP2;STAT5A;CNTRL;PIK3CA;TRIM24,wald_stat,Reactome_2022
Transport Of Ribonucleoproteins Into Host Nucleus R-HSA-168271,1.1558975437056056,0.7766932240837179,0.2328159645232816,KPNB1;NUP62;NUP50;PBRM1;NUP37;GNL3;NUP58;NUP188;NUP85,wald_stat,Reactome_2022
Transcriptional Activation Of Mitochondrial Biogenesis R-HSA-2151201,-1.1552123507354335,0.6460411845606162,0.21699819168173598,CREBBP;MEF2D;PPRC1;NCOA1;HCFC1;CRTC2;CARM1;CALM1;IDH2;TBL1X,wald_stat,Reactome_2022
Budding And Maturation Of HIV Virion R-HSA-162588,-1.1548815091003846,0.6439870038596246,0.2462686567164179,VPS37B;CHMP4B;CHMP2B;UBB;UBAP1;CHMP2A;VPS4A,wald_stat,Reactome_2022
Role Of Nef In HIV-1 Replication And Disease Pathogenesis R-HSA-164952,-1.1545576504646105,0.6417877627461006,0.24361158432708688,ATP6V1H;PKN2;AP1S1;DOCK2;AP2A1;AP2M1;AP1G1;AP2A2,wald_stat,Reactome_2022
Transcriptional Regulation By E2F6 R-HSA-8953750,1.1537561296941121,0.7767224322844505,0.2607655502392344,RBBP4;MAX;SUZ12;CBX3;EHMT1;PHC3;TFDP1;EHMT2,wald_stat,Reactome_2022
Mitotic Prophase R-HSA-68875,-1.1492899884598042,0.6554210955091602,0.20945945945945946,RAB1A;H2AJ;GORASP2;H2AX;PPP2CA;NUP54;KMT5A;PPP2CB;PRKCA;H3-3B;NUP133;H2AZ1;RAB2A;SEH1L;MCPH1;PRKCB;SEC13;LPIN1;PPP2R2D,wald_stat,Reactome_2022
Rev-mediated Nuclear Export Of HIV RNA R-HSA-165054,1.1489020667204553,0.7866830838883078,0.2511013215859031,XPO1;NUP62;NUP50;RAN;NUP37;NUP58;NUP188;RANBP1;NUP85,wald_stat,Reactome_2022
C-type Lectin Receptors (CLRs) R-HSA-5621481,-1.1486654078989054,0.654467445452029,0.18166939443535188,PKN1;UBE2M;NRAS;CARD11;ARHGEF7;CREBBP;PSMF1;PSMD6;PSMB6;PKN2;PRKCA;UBB;NFKB1;PSME4;CALM1;IKBKB;NFATC1;LYN;PSMA1;PSME2;PSMB3;PSME1;PSMD9;ICAM3;RELB;SKP1;PSMC2;PSMD7;PSMC3,wald_stat,Reactome_2022
PTEN Regulation R-HSA-6807070,-1.1484550933682625,0.6519984521060603,0.19781931464174454,GATAD2A;ATN1;CBX4;AKT1;LAMTOR1;CSNK2B;EGR1;LAMTOR4;PSMF1;PHC2;PSMD6;PSMB6;USP7;TNRC6A;AGO4;UBB;AGO2;PSME4;CSNK2A2;LAMTOR5;PSMA1;PSME2;MLST8;PSMB3;MAF1;PSME1;PSMD9;VAPA;EED;MTA1;PSMC2;PSMD7;PSMC3;RHEB;SNAI1,wald_stat,Reactome_2022
HIV Infection R-HSA-162906,-1.1465383401043325,0.6553398364440279,0.1597542242703533,ELOA;TAF11;TAF10;VPS37B;ATP6V1H;CHMP4B;FURIN;ERCC3;POLR2C;PSMF1;NUP54;CHMP2B;POLR2D;PSMD6;PSMB6;POLR2G;ELOB;RNMT;PKN2;TAF15;NUP133;NCBP1;AP1S1;UBB;MNAT1;SEH1L;ELL;PSME4;CUL5;TAF4;UBAP1;SEC13;CCNT1;POLR2E;SLC25A5;CDK7;PSMA1;PSME2;CHMP2A;VPS4A;NELFCD;PSMB3;DOCK2;KPNA1;CCNT2;PSME1;POLR2J;POM121;PSMD9;NELFA;CDK9;AP2A1,wald_stat,Reactome_2022
RNA Polymerase I Transcription R-HSA-73864,1.1457501502032787,0.7816082565155108,0.2325,HDAC1;UBTF;H2BC15;RBBP4;TBP;GTF2H1;GTF2H3;H2AC6;CBX3;POLR1H;GTF2H5;KAT2A;H2AC4;EHMT2;CCNH;POLR1D;MTA2;TAF1B;POLR1E;H2BC9,wald_stat,Reactome_2022
RNA Polymerase I Promoter Clearance R-HSA-73854,1.1457501502032787,0.7816082565155108,0.2325,HDAC1;UBTF;H2BC15;RBBP4;TBP;GTF2H1;GTF2H3;H2AC6;CBX3;POLR1H;GTF2H5;KAT2A;H2AC4;EHMT2;CCNH;POLR1D;MTA2;TAF1B;POLR1E;H2BC9,wald_stat,Reactome_2022
G Alpha (I) Signaling Events R-HSA-418594,-1.1456372949382072,0.6550641687356836,0.23211446740858505,GRK2;PDE4D;GNAS;GNB1;PPP2CA;GPR183;ADCY7;HEBP1;GNGT2;PPP2CB;KPNA2;PRKCA;GNAQ;PRKAR2A;CCL4;CALM1;RGS16;CCL5;PLCB1;ADCY9;GNAI2;PLCB2;PDE4A;C3AR1;PRKX;CXCR3;PDE4B;ITPR3,wald_stat,Reactome_2022
Organelle Biogenesis And Maintenance R-HSA-1852241,1.1450327325086969,0.7760412190389434,0.1188118811881188,CEP57;MAPK14;TUBA1A;CKAP5;ARF4;ATP5PO;TRIP11;CYCS;CEP250;RAB11A;TCP1;ARL13B;CCT3;KIF3B;IMMT;HAUS1;CNTRL;IFT57;HAUS4;PTGES2;CEP290;SEPTIN2;BBS2;PDE6D;DYNLL1;PCNT;HDAC6;CCT8;SCLT1;ATP5PD;TMEM216;CREB1;TUBB;ALAS1;CCT4;IFT27;CEP78;DYNC2I1;EXOC1;CEP162;CDK5RAP2;SFI1;PPARA;CEP89;PRKD2;PAFAH1B1;DYNC2H1;CCT2;BBS9;NCOA6;DNAJC11;TCTN3;SSBP1;ATP5MC3;GLUD1;SIRT5;IFT88;MTERF1;ATP5PF;PCM1;CEP76;CHD9;TFB1M;ODF2;GABPA;TMEM67,wald_stat,Reactome_2022
Hemostasis R-HSA-109582,1.144896050240599,0.7684065130751639,0.10839160839160839,MAPK14;PPP2R5A;PRKACB;HDAC1;KIF2A;PRKAR1A;PAFAH2;FAM3C;RASGRP1;S100A9;IRF2;ITGA4;PRKCQ;PPP2R5D;TMX3;PIK3CG;PLEK;SOD1;STIM1;EHD1;ENDOD1;RASGRP2;CD47;CAPZA1;CRK;VCL;KIF3B;APBB1IP;PIKFYVE;SELPLG;GLG1;YWHAZ;ATP2B4;PLCG1;PPP2R5C;KIF21A;ATP2A3;DOCK10;GNG10;RAP1B,wald_stat,Reactome_2022
Metabolism Of Porphyrins R-HSA-189445,1.1433470947648312,0.7662274940913951,0.2835820895522388,HMOX2;ALAS1;UROD;COX10;ALAD;FECH,wald_stat,Reactome_2022
Cellular Response To Chemical Stress R-HSA-9711123,-1.1427430119453321,0.660927310433484,0.1895734597156398,ATF4;MAP1LC3B;AKT1;CSNK2B;CREBBP;COX7B;PSMF1;NCOA1;COX5B;CUL3;PRDX5;PSMD6;PSMB6;COX6A1;COX19;NOTCH1;CARM1;SURF1;UBB;P4HB;PSME4;CSNK2A2;LRPPRC;COX8A;GSTP1;PSMA1;PSME2;TKT;PSMB3;TBL1X;NFE2L2;MAFK;COX16;PSME1;PSMD9;HM13;COX5A;SKP1;PSMC2;PSMD7;PSMC3;NPLOC4;PSMD3;ATOX1;TALDO1;MUL1;TRIM21;GSR;COX6C;SRXN1;CUL1;HMOX1;GSK3B;SCO1;PSMD8;EP300;NCOR1;COX20;PSMC1,wald_stat,Reactome_2022
Transcriptional Regulation By Small RNAs R-HSA-5578749,-1.1421380672430064,0.6597645928123372,0.24561403508771928,H2AJ;H2AX;POLR2C;NUP54;POLR2D;POLR2G;H3-3B;NUP133;TNRC6A;H2AZ1;AGO2;SEH1L;SEC13;POLR2E,wald_stat,Reactome_2022
O-linked Glycosylation R-HSA-5173105,-1.141986880974883,0.6572820196405716,0.24914089347079038,GALNT10;B3GNT7;GALNT3;B3GNT2;POMT1;ADAMTS10,wald_stat,Reactome_2022
"Signaling By Rho GTPases, Miro GTPases And RHOBTB3 R-HSA-9716542",1.1411562903587198,0.7667409240905785,0.058333333333333334,MAPK14;ARHGEF3;PPP2R5A;SPTAN1;XPO1;ARHGAP25;TAGAP;ARHGAP30;S100A8;KIF2A;CKAP5;ADD3;LBR;ARHGAP45;H2BC15;SLC4A7;S100A9;STK38;TMOD3;NCKAP1L;PPP2R5D;ARHGEF2;SLK;STK10;TMPO;PLEKHG3;RNF20;ACTR3;ERBIN;ARHGEF6;PPP1CB;DIAPH1;ARL13B;ARMCX3;CDC42EP3;STOM;CDKN1B;NDEL1;ANKRD26;YWHAZ;LMAN1;CCT6A;PPP2R5C;CYFIP2;YWHAB;ARHGAP1;STIP1;GIT2;YWHAH;FNBP1;MYO6;DOCK10;RHOT1;H2AC6;ARHGAP15;ZWILCH;ACBD5;BUB3;HMOX2;NUP37;ARHGAP17;NCK1;ARAP3;LRRC41;LCK;VCP;CLTC;AKAP13;DBT;LIN7B;MFN1,wald_stat,Reactome_2022
COPI-independent Golgi-to-ER Retrograde Traffic R-HSA-6811436,-1.1408849989843999,0.6577768055035755,0.2956521739130435,DCTN4;DYNLL2;DCTN3;DYNC1LI1;DYNC1LI2;CAPZA2;RAB18;PLA2G6;GALNT1,wald_stat,Reactome_2022
MAP2K And MAPK Activation R-HSA-5674135,1.136508211060898,0.7758505022831351,0.2631578947368421,ARAF;MAP2K1;VCL;APBB1IP;YWHAB;RAP1B,wald_stat,Reactome_2022
Generation Of Second Messenger Molecules R-HSA-202433,-1.1345761462228308,0.6742148899886602,0.3069852941176471,PKN1;HLA-DRB5;ARHGEF7;PKN2;CD3D,wald_stat,Reactome_2022
Termination Of Translesion DNA Synthesis R-HSA-5656169,1.133959800646546,0.7774830943346995,0.2708333333333333,RPA3;RFC5;POLK;RFC4;USP32;REV1;UBC;POLI;UBA7,wald_stat,Reactome_2022
Disassembly Of Destruction Complex And Recruitment Of AXIN To Membrane R-HSA-4641262,-1.1328076568745042,0.6770562014149368,0.2765957446808511,CSNK1G2;PPP2CA;PPP2CB;AXIN1;FRAT2,wald_stat,Reactome_2022
DNA Repair R-HSA-73894,1.1324596966194773,0.7749741094830067,0.13666666666666666,XRCC5;TDP2;H2BC15;COPS5;SMARCA5;PRKDC;BAZ1B;RPA3;XRCC6;COPS7A;RNF111;PPP4C;INO80D;RFC5;PPP4R2;GTF2H1;DDB2;POLK;RFC4;GTF2H3;ZNF830;TDP1;UBE2B;REV3L;H2AC6;HERC2;INO80B;RAD23B;DCLRE1A;FAAP20;USP32;PMS2;MDC1;PARP1;RAD52;RUVBL1;VCP;KDM4B;ERCC8;PARG;REV1;MSH3;GTF2H5;RAD17;RBX1;GEN1;ATRIP;ASCC1;FAN1;FANCF;POLR2I;H2AC4;LRIF1;CCNH;UBC;MRE11;TIMELESS;POLM;RNF8;POLI;POLL;RAD51C;LRIG1;RAD18;H2BC9;UBA7;TP53;ATM,wald_stat,Reactome_2022
Citric Acid Cycle (TCA Cycle) R-HSA-71403,-1.1309863933519904,0.679786375328735,0.29906542056074764,CS;SDHB;DLST;SDHA;IDH2;IDH3G;IDH3B,wald_stat,Reactome_2022
Signaling By Retinoic Acid R-HSA-5362517,1.1273659864527992,0.7861631590155769,0.3075221238938053,RDH11;RDH14;PDK2;CPT1A;AKR1C3;RXRB;RARA;PDK3,wald_stat,Reactome_2022
Signaling By RAF1 Mutants R-HSA-9656223,1.1273468141267093,0.7786125733227092,0.29954954954954954,ARAF;MAP2K1;VCL;APBB1IP;YWHAB;RAP1B,wald_stat,Reactome_2022
Regulation Of Insulin Secretion R-HSA-422356,-1.1268250734682181,0.6897953448171279,0.2877959927140255,GNAS;GNB1;SLC2A1;GNGT2;PRKCA;GNAQ;PRKAR2A;PLCB1;GNAI2;PLCB2;ACSL3;ITPR3;STX1A,wald_stat,Reactome_2022
Defective Homologous Recombination Repair (HRR) Due To BRCA2 Loss Of Function R-HSA-9701190,1.1245177565432891,0.7822040013698481,0.28705882352941176,RPA3;RFC5;RFC4;RAD17;ATRIP;MRE11;RAD51C;ATM,wald_stat,Reactome_2022
EML4 And NUDC In Mitotic Spindle Formation R-HSA-9648025,1.1227999127388724,0.780880730544248,0.2398921832884097,PPP2R5A;XPO1;KIF2A;CKAP5;PPP2R5D;NEK9;NDEL1;NEK7;PPP2R5C;ZWILCH;BUB3;NUP37,wald_stat,Reactome_2022
RHOA GTPase Cycle R-HSA-8980692,-1.1217266065926936,0.7029265775642253,0.2480252764612954,ARHGAP4;PKN1;ARHGDIA;STX5;ARHGEF7;ARHGAP21;PREX1;FLOT1;MYO9B;ARHGAP11A;PKN2;ARHGAP26;PIK3R1;ARHGAP5;ARHGAP9;PGRMC2;FAF2;TRIO;VAV3;ARHGEF1;DOCK2;OPHN1;ARHGEF10;VANGL1,wald_stat,Reactome_2022
Synthesis Of PIPs At Early Endosome Membrane R-HSA-1660516,1.1206754262097953,0.7809540188057706,0.2979214780600462,MTMR4;PIKFYVE;PI4K2B,wald_stat,Reactome_2022
MAPK6/MAPK4 Signaling R-HSA-5687128,-1.1195164009201053,0.7071952557902689,0.2629815745393635,PKN1;CDC42;ARHGEF7;PSMF1;PSMD6;PSMB6;PKN2;PRKCA;TNRC6A;AGO4;UBB;AGO2;PSME4;CDC14A;PSMA1;PSME2;PSMB3;PSME1;PSMD9,wald_stat,Reactome_2022
RNA Polymerase III Chain Elongation R-HSA-73780,-1.1183055089076257,0.7081141855225681,0.2996389891696751,CRCP;POLR3F;POLR2E;POLR3C;POLR3H;POLR2F,wald_stat,Reactome_2022
mTORC1-mediated Signaling R-HSA-166208,1.118159650604104,0.7827639027848803,0.3,RRAGA;EIF4B;YWHAB;EEF2K;AKT1S1;SLC38A9;EIF4G1;RRAGB;MTOR,wald_stat,Reactome_2022
Toll Like Receptor 9 (TLR9) Cascade R-HSA-168138,-1.118043523901822,0.7058457633230446,0.2601626016260163,MAP3K8;MAPKAPK2;MAP2K3;PPP2CA;TNIP2;MAPK9;MAP2K7;NFKBIB;PPP2CB;N4BP1;UBB;NFKB1;IKBKB;USP18,wald_stat,Reactome_2022
"Formation Of Ternary Complex, And Subsequently, 43S Complex R-HSA-72695",1.117947725141112,0.7763222386507359,0.3116883116883117,EIF3A;EIF2S1;EIF3E;EIF3L;EIF3K;EIF2S2;EIF3H,wald_stat,Reactome_2022
Phase II - Conjugation Of Compounds R-HSA-156580,1.1177243213597223,0.7700065250811171,0.2688679245283019,CNDP2;MAT2B;UGP2;SLC26A2;GCLM,wald_stat,Reactome_2022
Interleukin-4 And Interleukin-13 Signaling R-HSA-6785807,-1.117266075279155,0.7053438211231169,0.2692307692307692,BCL6;VIM;AKT1;TGFB1;GATA3;TIMP1;IL4R;PIK3R1;ITGAM;SOCS1,wald_stat,Reactome_2022
Homologous DNA Pairing And Strand Exchange R-HSA-5693579,1.1168393363865314,0.7661724358093717,0.3051643192488263,RPA3;RFC5;RFC4;RAD17;ATRIP;MRE11;RAD51C;ATM,wald_stat,Reactome_2022
Impaired BRCA2 Binding To RAD51 R-HSA-9709570,1.1164749796728366,0.7604960229252202,0.3130630630630631,RPA3;RFC5;RFC4;RAD17;ATRIP;MRE11;ATM;BLM,wald_stat,Reactome_2022
Uptake And Actions Of Bacterial Toxins R-HSA-5339562,-1.1163645583999522,0.7050849453931718,0.3175182481751825,MAP2K2;MAP2K3;FURIN;MAP2K7;CALM1,wald_stat,Reactome_2022
tRNA Processing R-HSA-72306,1.1162733009702666,0.7544455027202822,0.2401129943502825,NUP62;NUP50;TRNT1;THADA;RTCB;TYW1;RAN;NSUN2;NUP37;ALKBH8;EPRS1;CDKAL1;TYW5;ZBTB8OS;RPP38;NUP58;POP7;TYW3;ELAC2;NUP188;RPP21;NUP85;TRMT13;TRMT6;CTU2;GTPBP3;TSEN15;NUP42;FTSJ1;OSGEP;CPSF4;ADAT1;NUP107;TSEN34;NUP93;RPP30,wald_stat,Reactome_2022
RAF-independent MAPK1/3 Activation R-HSA-112409,-1.115520555167604,0.70492531885997,0.31684981684981683,DUSP12;DUSP2;MAP2K2,wald_stat,Reactome_2022
Synthesis Of Active Ubiquitin: Roles Of E1 And E2 Enzymes R-HSA-8866652,-1.1151697076851523,0.7029805985575114,0.2984014209591474,OTULIN;UCHL3;USP7;UBE2G2;UBB;UBA1;UBA6;UBE2S,wald_stat,Reactome_2022
COPI-mediated Anterograde Transport R-HSA-6807878,-1.11493461736205,0.7007354254517779,0.25938009787928223,RAB1A;NAPG;STX5;DCTN4;DYNLL2;COG3;DCTN3;TMED2;DYNC1LI1;DYNC1LI2;CAPZA2,wald_stat,Reactome_2022
tRNA Processing In Nucleus R-HSA-6784531,1.114058639559078,0.7550174848537881,0.263681592039801,NUP62;NUP50;TRNT1;RTCB;RAN;NUP37;ZBTB8OS;RPP38;NUP58;POP7;ELAC2;NUP188;RPP21;NUP85,wald_stat,Reactome_2022
CD28 Dependent PI3K/Akt Signaling R-HSA-389357,-1.1138436085294323,0.701194949202006,0.3045045045045045,MAP3K8;AKT1;PIK3R1;MAPKAP1;MLST8,wald_stat,Reactome_2022
Nef-mediated Downmodulation Of Cell Surface Receptors By Recruitment To Clathrin Adapters R-HSA-164938,-1.1137283461841303,0.6985096278304127,0.32342657342657344,ATP6V1H;AP1S1;AP2A1;AP2M1;AP1G1;AP2A2,wald_stat,Reactome_2022
Transcriptional Regulation By RUNX3 R-HSA-8878159,-1.1095842942408622,0.7082337795242297,0.24625623960066556,RUNX3;NRAS;TCF7;TGFB1;SNW1;CREBBP;PSMF1;BRD2;PSMD6;PSMB6;NOTCH1;UBB;PSMA1;PSME2;PSMB3;PSME1;SMURF1;PSMD9;ITGAL;PSMC2;PSMD7;PSMC3,wald_stat,Reactome_2022
Condensation Of Prophase Chromosomes R-HSA-2299718,-1.1083978648281898,0.7089863210436369,0.29906542056074764,H2AJ;H2AX;KMT5A;H3-3B;H2AZ1;MCPH1,wald_stat,Reactome_2022
RHOF GTPase Cycle R-HSA-9035034,1.1068664728477522,0.7737381928800322,0.28329297820823246,ADD3;SLC4A7;TMPO;DIAPH1;ARHGAP1,wald_stat,Reactome_2022
G Alpha (Q) Signaling Events R-HSA-416476,-1.1056604911493526,0.714762744902151,0.2682926829268293,XCL1;NRAS;GRK2;DGKQ;GNB1;GNGT2;XCL2;PRKCA;GNAQ;PIK3R1;RGS16;TRIO;PLCB1;LTB4R;RIPK2;PLCB2,wald_stat,Reactome_2022
Anchoring Of Basal Body To Plasma Membrane R-HSA-5620912,1.1053933527397375,0.7724198475772169,0.22994652406417113,CEP57;TUBA1A;CKAP5;CEP250;RAB11A;HAUS1;CNTRL;HAUS4;CEP290;SEPTIN2;DYNLL1;PCNT;SCLT1;TMEM216;TUBB;CEP78;CEP162;CDK5RAP2;SFI1;CEP89;PAFAH1B1,wald_stat,Reactome_2022
Protein Ubiquitination R-HSA-8852135,1.1032113368992034,0.7731718582060987,0.2979274611398964,UBE2D2;SHPRH;RRAGA;PAF1;H2BC15;PRKDC;RNF20;UBE2H;CTR9;UBE2B;VCP;CDC73;UBE2R2;PEX14;SELENOS;UBC;LEO1;RAD18;H2BC9;H2BC12;UBE2J2;HLTF,wald_stat,Reactome_2022
Paradoxical Activation Of RAF Signaling By Kinase Inactive BRAF R-HSA-6802955,1.1026494742382964,0.7684853068410542,0.3013698630136986,ARAF;MAP2K1;VCL;APBB1IP;YWHAB;RAP1B,wald_stat,Reactome_2022
B-WICH Complex Positively Regulates rRNA Expression R-HSA-5250924,1.10125351801559,0.7666146140350651,0.29466357308584684,H2BC15;SMARCA5;BAZ1B;TBP;H2AC6;DEK;POLR1H;KAT2A;H2AC4;POLR1D;TAF1B;POLR1E;H2BC9;H2BC12,wald_stat,Reactome_2022
PIP3 Activates AKT Signaling R-HSA-1257604,-1.098969964608025,0.7335823253054492,0.2533532041728763,GATAD2A;ATN1;CBX4;AKT1;IRS2;LAMTOR1;PHLPP2;CSNK2B;EGR1;LAMTOR4;IER3;PPP2CA;PIP4K2A;PSMF1;BAD;PHC2;PSMD6;PSMB6;RNMT;GSK3A;PPP2CB;USP7;TNRC6A;AGO4;PIK3R1;UBB;AGO2;PSME4;CSNK2A2;LAMTOR5;MAPKAP1;IRAK1;PSMA1;PSME2;MLST8;PSMB3;TRAT1;MAF1;PSME1;PSMD9;AREG;VAPA;EED;MTA1;PSMC2;PIP4K2C;PSMD7;PSMC3;RHEB;SNAI1,wald_stat,Reactome_2022
RAF/MAP Kinase Cascade R-HSA-5673001,1.0981441571203534,0.7712534987359007,0.23728813559322035,PPP2R5A;SPTAN1;FNTA;RALGDS;ARAF;RASGRP1;PRKCQ;PPP2R5D;MAP2K1;PSMD2;DUSP16;VCL;PPP1CB;IL5RA;PSMB2;PSMD11;APBB1IP;ERBB2;PPP2R5C;YWHAB;BCL2L1;RAP1B;PSMD10;PEA15;PIK3CA;PSMD4;PDE6D;RBX1;ABHD17C;ABHD17B;PSMD13;PSMA5;CSK;PPP1CC;RASA3;RGL2;RAP1A;PIK3R2;UBC;DLG1,wald_stat,Reactome_2022
Cellular Response To Heat Stress R-HSA-3371556,1.0980311286306712,0.7653687763414909,0.2456575682382134,HSPA4;NUP62;ST13;NUP50;HIKESHI;HSPH1;RPA3;PTGES3;EEF1A1;NUP37;VCP;FKBP4;HSPA8;HDAC6;NUP58;AKT1S1;NUP188;MRPL18;CCAR2;NUP85,wald_stat,Reactome_2022
Glucose Metabolism R-HSA-70326,1.0978765628260247,0.7595743362737238,0.2727272727272727,PRKACB;PCNX4;NUP62;NUP50;PPP2R5D;MDH1;HOOK2;NUP37;PFKP;MAP4K2;SLC25A13;GNPDA2;PKM;NUP58,wald_stat,Reactome_2022
Translesion Synthesis By POLH R-HSA-110320,1.0968949701877593,0.7565077365407431,0.30376940133037694,RPA3;RFC5;RFC4;VCP,wald_stat,Reactome_2022
MAPK Family Signaling Cascades R-HSA-5683057,1.0955500835042913,0.7545493223547494,0.20977011494252873,PPP2R5A;SPTAN1;FNTA;PRKACB;XPO1;RALGDS;ARAF;RASGRP1;PRKCQ;PPP2R5D;MAP2K1;JUN;PSMD2;HSPB1;DUSP16;VCL;PPP1CB;IL5RA;PSMB2;PSMD11;APBB1IP;CDC42EP3;ERBB2;PPP2R5C;YWHAB;BCL2L1,wald_stat,Reactome_2022
Epigenetic Regulation Of Gene Expression R-HSA-212165,1.0947385070783078,0.7512250513868397,0.24396782841823056,HDAC1;UBTF;H2BC15;RBBP4;SMARCA5;BAZ1B;TBP;SUZ12;GTF2H1;GTF2H3;H2AC6;CBX3;DEK;POLR1H;PHF19;GTF2H5;AEBP2;KAT2A;H2AC4;EHMT2;CCNH;POLR1D;MTA2;TAF1B;POLR1E;H2BC9;SIN3B,wald_stat,Reactome_2022
Defective Intrinsic Pathway For Apoptosis R-HSA-9734009,1.0940099532333745,0.747778149835292,0.31965442764578833,JUN;CDKN2A;PRDX2;CDC25B;TP53;CAPN1;BCL2L11;CDK5;PRDX1,wald_stat,Reactome_2022
HCMV Early Events R-HSA-9609690,1.09373971085278,0.7427826062421794,0.28967254408060455,NUP62;H2BC15;NUP50;RBBP4;DUT;DAXX;SUZ12;H2AC6;NUP37;RRM1;H2AC11;DYNLL1;NUP58;CREB1;NUP188;H2AC4;NUP85,wald_stat,Reactome_2022
MyD88:MAL(TIRAP) Cascade Initiated On Plasma Membrane R-HSA-166058,-1.0936503225453456,0.748128317328842,0.2987012987012987,MAP3K8;MAPKAPK2;MAP2K3;PPP2CA;TNIP2;MAPK9;MAP2K7;NFKBIB;PPP2CB;N4BP1;UBB;NFKB1;IKBKB;USP18;SOCS1;IRAK1,wald_stat,Reactome_2022
Transport Of Inorganic Cations/Anions And Amino Acids/Oligopeptides R-HSA-425393,1.0928770918434023,0.7397559723691651,0.2922705314009662,SLC20A1;SLC4A7;SLC26A2;SLC1A7;SLC26A11;SLC25A22;SLC12A6;SLC4A2,wald_stat,Reactome_2022
Cardiac Conduction R-HSA-5576891,-1.0917816939161566,0.7508852006435838,0.3102189781021898,HIPK1;PRKCA;ASPH;CALM1;FXYD7;RANGRF;HIPK2;CACNB1;ORAI1;ATP1B3;ITPR3;ATP2B1;DMPK;ATP1B1,wald_stat,Reactome_2022
Antigen Processing: Ubiquitination And Proteasome Degradation R-HSA-983168,-1.0909001158168288,0.7505651916739795,0.23687943262411348,FBXO44;ZNRF2;UBE2M;RNF7;UBOX5;FBXW7;ANAPC11;PSMF1;FBXL12;UBR1;ATG7;MIB2;UBE2Q1;CUL3;PSMD6;PSMB6;MYLIP;ELOB;FBXO9;BTBD6;RNF115;UBE2G2;FBXL18;RNF19B;FBXO31;UBB;ARIH2;MEX3C;RNF130;PSME4;CUL5;FBXL5;UBA1;SOCS1;UBA6;UBE2S;FBXO11;TPP2;RBBP6;ASB6;PSMA1;PSME2;DTX3L;KLHL2;DCAF1;PSMB3;HECTD1;HERC5;PSME1;SMURF1;PSMD9;FBXL20;UBE2J1;RNF138;SKP1;PJA1;PSMC2;AREL1;PSMD7;PSMC3;RNF19A;RNF6;FBXW8;UBE2L6;ANAPC5;HERC4;PSMD3;UBE2Z;UBE2O;RNF114;ZBTB16;UBE2V1;BTBD1;SMURF2;TRIM21;RNF126;MKRN1;UBE2D1;FBXO32;CUL1;CDC34;UBE2Q2,wald_stat,Reactome_2022
TNF Signaling R-HSA-75893,-1.0908318546894833,0.7476858186886749,0.2966666666666667,OTULIN;BIRC2;USP4;UBB;IKBKB;USP25;MADD;NSMAF;TRAF1;BIRC3,wald_stat,Reactome_2022
Global Genome Nucleotide Excision Repair (GG-NER) R-HSA-5696399,1.0901055712967478,0.7431096503625749,0.29,COPS5;RPA3;COPS7A;RNF111;INO80D;RFC5;GTF2H1;DDB2;POLK;RFC4;GTF2H3;INO80B;RAD23B;PARP1;RUVBL1,wald_stat,Reactome_2022
SARS-CoV-2-host Interactions R-HSA-9705683,1.0898025344321054,0.7382533669533538,0.2677165354330709,G3BP1;NUP62;TRIM4;NUP50;VPS33A;SEC23A;TOMM70;YWHAZ;YWHAB;YWHAH;STING1;AKT3;IFNAR1;CNBP;NUP37;IFNAR2;SIKE1;IRF3;NUP58;PATJ;RIGI;G3BP2;YWHAQ;VPS16;PALS1;SNRPE;NUP188;PIK3R4;NUP85;UVRAG,wald_stat,Reactome_2022
Arachidonic Acid Metabolism R-HSA-2142753,1.088939759689303,0.7357150473383718,0.34541062801932365,PTGES3;PTGDS;HPGD;PTGES2;AKR1C3;GPX4;ALOX5AP;PTGS1,wald_stat,Reactome_2022
RHOB GTPase Cycle R-HSA-9013026,-1.0882341748445896,0.7532875995704782,0.31993299832495814,PKN1;ARHGAP21;PREX1;FLOT1;MYO9B;PKN2;ARHGAP26;PIK3R1;ARHGAP5;ARHGEF1;OPHN1;ARHGEF10;VANGL1,wald_stat,Reactome_2022
ADORA2B Mediated Anti-Inflammatory Cytokine Production R-HSA-9660821,-1.0879764770352194,0.7511153653876065,0.35034013605442177,GNAS;GNB1;VIPR2;ADCY7;GNGT2;PRKCA;PRKAR2A;PTRH2;ADCY9;GNAI2,wald_stat,Reactome_2022
FCERI Mediated MAPK Activation R-HSA-2871796,-1.0846048875503282,0.7592832711365592,0.34954954954954953,PKN1;NRAS;MAPK9;MAP2K7;PKN2;LYN;VAV3,wald_stat,Reactome_2022
Constitutive Signaling By Ligand-Responsive EGFR Cancer Variants R-HSA-1236382,-1.0842191451065817,0.7575938308133168,0.3440453686200378,NRAS;PIK3R1;UBB;CDC37;SHC1,wald_stat,Reactome_2022
DNA Damage Bypass R-HSA-73893,1.0838988306131465,0.7471271655754329,0.3080568720379147,RPA3;RFC5;POLK;RFC4;UBE2B;REV3L;USP32;VCP;REV1;RBX1;UBC;POLI;RAD18;UBA7,wald_stat,Reactome_2022
Signaling By TGF-beta Receptor Complex R-HSA-170834,1.0830266754986235,0.7443039331574736,0.3139240506329114,UCHL5;TGFBR2;XPO1;HDAC1;PPP1CB;RNF111;MTMR4;LTBP4;E2F4;PARP1;TFDP1;YBX1;SMAD3;SRFBP1;PPP1R15A;PPP1CC;UBC;RNASEH2A;PPM1A;ARHGEF18;CCNC,wald_stat,Reactome_2022
Stimuli-sensing Channels R-HSA-2672351,-1.0827870838381088,0.7591593871347235,0.3192982456140351,SLC9B2;CLCN6;TRPM7;ASPH;UBB;CALM1;BEST1;CLCN7;TRPM2;ANO8;TRPC4AP,wald_stat,Reactome_2022
TBC/RABGAPs R-HSA-8854214,-1.082660548777866,0.7565219808134599,0.3383084577114428,RAB5C;MAP1LC3B;ULK1;TBC1D20;OPTN;ARF6;TBC1D10A,wald_stat,Reactome_2022
NOTCH3 Activation And Transmission Of Signal To Nucleus R-HSA-9013507,-1.0821045289419449,0.7554910155444646,0.36684303350970016,MIB2;TACC3;APH1A;UBB,wald_stat,Reactome_2022
ROS And RNS Production In Phagocytes R-HSA-1222556,-1.0815425852078562,0.7542274963844381,0.35454545454545455,TCIRG1;ATP6V1H;ATP6V0C;ATP6V1G1;HVCN1,wald_stat,Reactome_2022
Transmission Across Chemical Synapses R-HSA-112315,-1.0813574096328122,0.7517924966412723,0.2996688741721854,NRAS;GIT1;GNB1;ARHGEF7;PRKAG1;ADCY7;GNGT2;KPNA2;PRKCA;TSPOAP1;PRKAR2A;CALM1;PRKCB;CASK;PRKAG2;PLCB1;ADCY9;GNAI2;PLCB2;AP2A1;CACNB1;PRKX,wald_stat,Reactome_2022
DNA Damage/Telomere Stress Induced Senescence R-HSA-2559586,1.080552683107471,0.747058807421245,0.30839002267573695,H2BC15;H1-2;H1-3;H1-4;CDKN1B;ASF1A;H2AC6;EP400;H2AC4;MRE11;H2BC9;RB1;TP53;ATM;HMGA1;H2BC12,wald_stat,Reactome_2022
Regulation Of RUNX2 Expression And Activity R-HSA-8939902,-1.0786318949426354,0.7576327652293389,0.33053691275167785,HIVEP3;FBXW7;PSMF1;PSMD6;PSMB6;UBB;PSME4;PSMA1;PSME2;PSMB3;PSME1;SMURF1;PSMD9;SKP1;PSMC2;PSMD7;PSMC3;RUNX2;PSMD3;CUL1;GSK3B;PSMD8;PSMC1;CBFB;PSMD14;PSMC5;WWP1;SEM1,wald_stat,Reactome_2022
Regulation Of TP53 Activity R-HSA-5633007,-1.0772769149794965,0.7589052970084118,0.3150242326332795,GATAD2A;BRD7;AKT1;TAF11;TAF10;CSNK2B;PPP2CA;PIP4K2A;PRKAG1;ING3;HIPK1;RHNO1;KMT5A;PPP2CB;TAF15;USP7;UBB;CSNK2A2;TAF4;MDM4;BRD1;MAPKAP1;PRKAG2;MLST8;RAD9A,wald_stat,Reactome_2022
Inactivation Of CSF3 (G-CSF) Signaling R-HSA-9705462,-1.0763024718039655,0.7592108821762732,0.3441441441441441,RNF7;ELOB;UBB;CUL5;SOCS1;LYN;TYK2,wald_stat,Reactome_2022
Signaling By TGFB Family Members R-HSA-9006936,1.076016490839324,0.7568250021459655,0.3230769230769231,UCHL5;TGFBR2;XPO1;HDAC1;PPP1CB;RNF111;MTMR4;LTBP4;BMPR1A;E2F4;PARP1;TFDP1;YBX1;SMAD3;SRFBP1;PPP1R15A;PPP1CC;UBC;RNASEH2A;PPM1A;ARHGEF18;CCNC,wald_stat,Reactome_2022
Sensory Perception R-HSA-9709957,-1.074579308693582,0.7617875579312109,0.3282312925170068,TWF1;RNF7;GNB1;C1D;METAP2;PRKCA;LRP8;DHRS3;WHRN;CALM1;CAPZA2;CASK;TWF2;PDE6G;RDH10;PLCB2;TRIOBP;PDE6B;CTBP2;ITPR3;ATP2B1;GSN;KIF20B;STX1A,wald_stat,Reactome_2022
Packaging Of Telomere Ends R-HSA-171306,-1.0743415391533053,0.7594621102174299,0.36074766355140186,H2AJ;TERF1;H2AX;H2AZ1,wald_stat,Reactome_2022
Signaling By FGFR1 In Disease R-HSA-5655302,1.0736780322178736,0.7589767129846059,0.351981351981352,STAT3;PLCG1;FGFR1OP2;STAT5A;CNTRL;PIK3CA;TRIM24,wald_stat,Reactome_2022
MicroRNA (miRNA) Biogenesis R-HSA-203927,-1.0715190626299522,0.765553105269902,0.34115523465703973,POLR2C;POLR2D;POLR2G;AGO4;AGO2;POLR2E;POLR2J,wald_stat,Reactome_2022
Role Of GTSE1 In G2/M Progression After G2 Checkpoint R-HSA-8852276,-1.0711858783526729,0.7636804940696598,0.34759358288770054,MAPRE1;PSMF1;PSMD6;PSMB6;UBB;PSME4;PSMA1;PSME2;PSMB3;PSME1;PSMD9;PSMC2;PSMD7;PSMC3,wald_stat,Reactome_2022
Signaling By Rho GTPases R-HSA-194315,-1.0709632045450574,0.7614350100272701,0.2587131367292225,ARHGAP4;MAPRE1;LIMK1;NCK2;PKN1;ARHGDIA;CDC42;TWF1;STX5;CENPP;H2AJ;VIM;GIT1;FARP2;LAMTOR1;ARHGEF7;PLEKHG2;ARHGAP21;RAPGEF1;MTX1;CPSF7;RHOC;DYNLL2;PREX1;H2AX;FLOT1;NISCH;STAM;SOS2;CPNE8;PPP2CA;TRA2B;GNA13;MYO9B;CUL3;ARHGAP11A;RHOQ;PPP2CB;PKN2;SEMA4F;PRKCA;H3-3B;DYNC1LI1;NSFL1C;NUP133;ARHGAP26;CENPT;ARPC2;PIK3R1;TPM3;DYNC1LI2;ARHGAP5;MYL6;H2AZ1;ARHGAP9;BLTP3B;SEH1L;WIPF2;CALM1;YWHAE;PRKCB,wald_stat,Reactome_2022
Signaling By NOTCH3 R-HSA-9012852,-1.0702270953700008,0.7609305232490937,0.3806228373702422,SNW1;CREBBP;MIB2;TACC3;NOTCH1;APH1A;UBB,wald_stat,Reactome_2022
MAPK1/MAPK3 Signaling R-HSA-5684996,1.0701910596926554,0.7653915658412831,0.29085872576177285,PPP2R5A;SPTAN1;FNTA;RALGDS;ARAF;RASGRP1;PRKCQ;PPP2R5D;MAP2K1;PSMD2;DUSP16;VCL;PPP1CB;IL5RA;PSMB2;PSMD11;APBB1IP;ERBB2;PPP2R5C;YWHAB;BCL2L1;RAP1B;PSMD10;PEA15;PIK3CA;PSMD4;PDE6D;RBX1;ABHD17C;ABHD17B;PSMD13;PSMA5;CSK;PPP1CC;RASA3;RGL2;RAP1A;PIK3R2;UBC;DLG1,wald_stat,Reactome_2022
Downregulation Of ERBB2 Signaling R-HSA-8863795,-1.0696247051428571,0.7600113381326251,0.37434094903339193,AKT1;MATK;UBB;CUL5;CDC37,wald_stat,Reactome_2022
Regulation Of Actin Dynamics For Phagocytic Cup Formation R-HSA-2029482,-1.0694319269569748,0.7577759383735925,0.3493761140819964,LIMK1;PKN1;CDC42;MYO9B;ARPC2;WIPF2,wald_stat,Reactome_2022
Resolution Of Abasic Sites (AP Sites) R-HSA-73933,1.0692968427302894,0.7628650617070473,0.334916864608076,RPA3;RFC5;RFC4;PARP1;PARG,wald_stat,Reactome_2022
Class A/1 (Rhodopsin-like Receptors) R-HSA-373076,1.069068561731768,0.7582190887248453,0.33066666666666666,PTGER2;ADRB2;CXCR2;S1PR4;GPR65;CX3CR1;S1PR1;MC1R;F2R;PPBP;NMUR1;CXCR1;GPR132;GPR68,wald_stat,Reactome_2022
Toll Like Receptor 3 (TLR3) Cascade R-HSA-168164,-1.0680134904141299,0.7593681128150718,0.3402555910543131,MAP3K8;MAPKAPK2;MAP2K3;PPP2CA;TNIP2;MAPK9;MAP2K7;BIRC2;NFKBIB;PPP2CB;N4BP1;UBB;NFKB1;IKBKB;USP18;IRAK1;RIPK3;RIPK2;BIRC3;DUSP6,wald_stat,Reactome_2022
Downstream Signaling Events Of B Cell Receptor (BCR) R-HSA-1168372,-1.0678604611291727,0.7569579233270223,0.3282312925170068,NRAS;CARD11;PSMF1;PSMD6;PSMB6;NFKBIB;UBB;NFKB1;PSME4;CALM1;PRKCB;IKBKB;NFATC1;REL;PSMA1;PSME2;PSMB3;PSME1;PSMD9;SKP1;PSMC2;PSMD7;PSMC3,wald_stat,Reactome_2022
RHO GTPase Effectors R-HSA-195258,-1.0671964307184307,0.7562317664448224,0.31363636363636366,MAPRE1;LIMK1;PKN1;CDC42;CENPP;H2AJ;ARHGEF7;RHOC;DYNLL2;H2AX;PPP2CA;RHOQ;PPP2CB;PKN2;PRKCA;H3-3B;DYNC1LI1;NUP133;CENPT;ARPC2;DYNC1LI2;MYL6;H2AZ1;SEH1L;WIPF2;CALM1;YWHAE;PRKCB;SEC13,wald_stat,Reactome_2022
NIK To Noncanonical NF-kB Signaling R-HSA-5676590,-1.0670127499574467,0.7539689398465029,0.3257443082311734,UBE2M;PSMF1;PSMD6;PSMB6;UBB;PSME4;PSMA1;PSME2;PSMB3;PSME1;PSMD9;RELB;SKP1;PSMC2;PSMD7;PSMC3,wald_stat,Reactome_2022
Regulation Of TP53 Degradation R-HSA-6804757,-1.0665542573064908,0.7527000468344638,0.34843205574912894,AKT1;PPP2CA;PPP2CB;USP7;UBB;MDM4;MAPKAP1;MLST8;PHF20,wald_stat,Reactome_2022
RHO GTPase Cycle R-HSA-9012999,-1.065765311350718,0.7524471934951427,0.31313131313131315,ARHGAP4;NCK2;PKN1;ARHGDIA;CDC42;TWF1;STX5;VIM;GIT1;FARP2;LAMTOR1;ARHGEF7;PLEKHG2;ARHGAP21;RAPGEF1;MTX1;CPSF7;RHOC;PREX1;FLOT1;NISCH;STAM;SOS2;CPNE8;TRA2B;GNA13;MYO9B;CUL3;ARHGAP11A;RHOQ;PKN2;SEMA4F;NSFL1C;ARHGAP26;PIK3R1;TPM3;ARHGAP5;ARHGAP9;BLTP3B;WIPF2,wald_stat,Reactome_2022
Activation Of Gene Expression By SREBF (SREBP) R-HSA-2426168,-1.0654948784162952,0.7504019983487729,0.37132987910189985,CREBBP;FASN;NCOA1;CARM1;MVD;SREBF1;TBL1X;PMVK;IDI1;SC5D;NFYA;CYP51A1;HMGCR,wald_stat,Reactome_2022
Cytokine Signaling In Immune System R-HSA-1280215,-1.0654782201254214,0.7476701961995806,0.26756756756756755,MAP3K8;PTPN7;MAPKAPK2;CDC42;UBE2M;RNF7;BCL6;VIM;NRAS;AKT1;IRS2;HLA-DRB5;AURKAIP1;IFNGR1;MX2;EGR1;TGFB1;MAP2K3;RAPGEF1;SOS2;PPP2CA;GATA3;TNIP2;MAPK9;PSMF1;NUP54;TIMP1;YES1;LTA;MAP2K7;CD70;PSMD6;BIRC2;PSMB6;LGALS9;ELOB;NFKBIB;PTPRJ;STX3;NCAM1;EIF4A1;PPP2CB;KPNA2;CASP3;PKN2;TNFRSF9;PRKCA;NUP133;IFNLR1;IL4R;PIK3R1;IFI6;N4BP1;UBB;TNFRSF11A;CCL4;P4HB;NFKB1;SEH1L;SUMO1;ITGAM;PSME4;ISG15;IL15RA;CUL5;IFIT2;IKBKB;USP18;SEC13;SOCS1;CCL5;IRAK1;OAS1;LYN;SLA2;TRIM25;PSMA1;PSME2;HLA-DRB1;PSMB3;BST2;TYK2;EIF4E2;KPNA1;RIPK2;IL21R;HERC5;IL18;PSME1;POM121;PIAS1;PSMD9;IRF1;IL2RB;BIRC3,wald_stat,Reactome_2022
Regulation Of Beta-Cell Development R-HSA-186712,-1.0650760149424334,0.7462665703701978,0.3666061705989111,AKT1;SNW1;CREBBP;NOTCH1,wald_stat,Reactome_2022
Translocation Of SLC2A4 (GLUT4) To Plasma Membrane R-HSA-1445148,1.0637189156559046,0.7701990026247992,0.3421686746987952,LNPEP;RAB10;RAB11A;KIF3B;YWHAZ;RALA;YWHAB;YWHAH;STXBP3;YWHAQ;VAMP2;EXOC1;SNAP23;REXO2,wald_stat,Reactome_2022
M Phase R-HSA-68886,-1.063559876664177,0.7480860131155652,0.2984441301272984,MAPRE1;RAB1A;CENPP;H2AJ;GORASP2;ANAPC15;CSNK2B;CHMP4B;DYNLL2;H2AX;PPP2CA;ANAPC11;OFD1;PSMF1;NUP54;CSNK1D;FBXO5;TUBB4B;CHMP2B;PSMD6;PSMB6;DCTN3;CEP70;KMT5A;PPP2CB;PRKCA;H3-3B;DYNC1LI1;CEP152;NUP133;CENPT;MZT1;UBB;DYNC1LI2;H2AZ1;PMEPA1;RAB2A;SEH1L;SUMO1;PSME4;SMC3;MCPH1;YWHAE;PRKCB;CSNK2A2;SEC13;UBE2S;LPIN1;PPP2R2D;HAUS2;PSMA1;PSME2;CHMP2A;VPS4A;PSMB3;SGO2;CENPH;TUBA4A;CEP131;CSNK1E;PSME1;POM121;PSMD9;VRK2,wald_stat,Reactome_2022
RND3 GTPase Cycle R-HSA-9696264,-1.0625211870768496,0.7482997940224013,0.3736842105263158,ARHGAP21;NISCH;SEMA4F;PIK3R1;ARHGAP5,wald_stat,Reactome_2022
Nuclear Pore Complex (NPC) Disassembly R-HSA-3301854,1.0623728091936744,0.7694915448376761,0.3611111111111111,NUP62;NUP50;NEK9;NEK7;NUP37;NUP58;NUP188;NUP85,wald_stat,Reactome_2022
Interconversion Of Nucleotide Di- And Triphosphates R-HSA-499943,1.0623524762292211,0.7640821173290413,0.37124463519313305,DUT;RRM1;AK5;AK6;AK9;NME4;CMPK1;DCTD;TXNRD1;GLRX;DCTPP1,wald_stat,Reactome_2022
Negative Regulation Of NOTCH4 Signaling R-HSA-9604323,-1.0620176573090003,0.7471330167087686,0.35335689045936397,AKT1;FBXW7;PSMF1;PSMD6;PSMB6;TACC3;UBB;PSMA1;PSME2;PSMB3;PSME1;PSMD9;SKP1;PSMC2;PSMD7;PSMC3,wald_stat,Reactome_2022
Cleavage Of Damaged Purine R-HSA-110331,-1.061666064892903,0.7455654053291718,0.36981132075471695,H2AJ;TERF1;H2AX;H2AZ1,wald_stat,Reactome_2022
Ub-specific Processing Proteases R-HSA-5689880,1.0612705714123796,0.762130012000335,0.28901734104046245,USP11;USP28;H2BC15;RNF146;MAT2B;ADRB2;PSMD2;USP22;USP34;PSMB2;PSMD11;TOMM70;DDB2;HIF1A;SNX3;RHOT1;H2AC6;USP32;TRRAP;USP14;RUVBL1;USP19;RIPK1;H2AC11;PSMD10;KEAP1;PSMD4;KAT2A;USP37;RIGI;PTEN;PSMD13;H2AC4;PSMA5;SMAD3,wald_stat,Reactome_2022
Deubiquitination R-HSA-5688426,1.060076169254734,0.7608258713813122,0.2829581993569132,USP11;UCHL5;TGFBR2;USP28;H2BC15;RNF146;TRIM4;TNIP1;MAT2B;ADRB2;PSMD2;USP22;USP34;PSMB2;PSMD11;INO80D;TOMM70;DDB2;STAMBP;HIF1A;SNX3;RHOT1;H2AC6;INO80B;RAD23B;USP32;TRRAP;USP14;RUVBL1;USP19;RIPK1;H2AC11;VCP;PSMD10;KEAP1,wald_stat,Reactome_2022
Intra-Golgi Traffic R-HSA-6811438,1.0593597624009996,0.7579197175684834,0.3621495327102804,CYTH1;CYTH2;MAN1A1;TRIP11;BET1L;COG7;CYTH4,wald_stat,Reactome_2022
RHOH GTPase Cycle R-HSA-9013407,-1.0588961260617562,0.7513264838586927,0.3892988929889299,PKN1;ARHGDIA;LAMTOR1;PKN2;NSFL1C,wald_stat,Reactome_2022
Dectin-1 Mediated Noncanonical NF-kB Signaling R-HSA-5607761,-1.0584916018856168,0.7500004783309873,0.3380281690140845,UBE2M;PSMF1;PSMD6;PSMB6;UBB;PSME4;PSMA1;PSME2;PSMB3;PSME1;PSMD9;RELB;SKP1;PSMC2;PSMD7;PSMC3,wald_stat,Reactome_2022
Unfolded Protein Response (UPR) R-HSA-381119,-1.0578776878567633,0.7493575726359459,0.3414239482200647,ATF4;HDGF;MYDGF;CEBPG;CALR;TATDN2;ERN1;DNAJB11;GSK3A;CREBRF;TSPYL2;WIPI1;DNAJC3;PDIA6;SHC1;HSPA5;HYOU1;NFYA;EXOSC1;ASNS;EXOSC6,wald_stat,Reactome_2022
XBP1(S) Activates Chaperone Genes R-HSA-381038,-1.0568258402913007,0.7499536423792961,0.3680555555555556,HDGF;MYDGF;TATDN2;DNAJB11;GSK3A;TSPYL2;WIPI1;DNAJC3;PDIA6;SHC1;HYOU1,wald_stat,Reactome_2022
MyD88-independent TLR4 Cascade R-HSA-166166,-1.0563094916002667,0.7487503044753725,0.3627760252365931,MAP3K8;MAPKAPK2;MAP2K3;PPP2CA;TNIP2;MAPK9;MAP2K7;BIRC2;NFKBIB;PPP2CB;N4BP1;UBB;NFKB1;IKBKB;USP18;IRAK1;RIPK3;RIPK2;BIRC3;DUSP6,wald_stat,Reactome_2022
Retrograde Transport At Trans-Golgi-Network R-HSA-6811440,-1.0554221121354317,0.7488286888037604,0.3788927335640138,NAPG;VPS53;IGF2R;COG3;SYS1;VTI1A;VPS54;TGOLN2,wald_stat,Reactome_2022
L13a-mediated Translational Silencing Of Ceruloplasmin Expression R-HSA-156827,1.054917836522111,0.7669051029654175,0.3724137931034483,EIF3A;EIF2S1;EIF4B;EIF3E;EIF3L;PABPC1;EIF4A2;EIF4G1;EIF3K;EIF2S2;EIF3H,wald_stat,Reactome_2022
Glutathione Conjugation R-HSA-156590,1.0541005167657627,0.7642750222537025,0.40301724137931033,CNDP2;GCLM,wald_stat,Reactome_2022
Extension Of Telomeres R-HSA-180786,1.053361440784113,0.7611172027763498,0.3795620437956204,RPA3;RFC5;RFC4;RUVBL1;WRAP53;GAR1;SHQ1;LRIG1;DKC1;PPP6R3;NOP10;BLM;POLD3;POLA2;PIF1;STN1;TINF2;TERF2IP;CTC1;CHTF18;ACD;CDK2;RUVBL2,wald_stat,Reactome_2022
Translesion Synthesis By Y Family DNA Polymerases Bypasses Lesions On DNA Template R-HSA-110313,1.0520139019697043,0.7604750812227083,0.3701923076923077,RPA3;RFC5;POLK;RFC4;REV3L;USP32;VCP;REV1;UBC;POLI;UBA7,wald_stat,Reactome_2022
Regulation Of TP53 Expression And Degradation R-HSA-6806003,-1.0519025977823102,0.757023950499348,0.3674911660777385,AKT1;PPP2CA;PPP2CB;USP7;UBB;MDM4;MAPKAP1;MLST8;PHF20,wald_stat,Reactome_2022
Signaling By Insulin Receptor R-HSA-74752,-1.0511273721793861,0.7567455858197667,0.3712784588441331,TCIRG1;NRAS;IRS2;ATP6V1H;ATP6V0C;PIK3R1,wald_stat,Reactome_2022
Signaling By Erythropoietin R-HSA-9006335,-1.0493023149768368,0.7594868088628425,0.4010507880910683,NRAS;IRS2;RAPGEF1;PIK3R1;LYN,wald_stat,Reactome_2022
RAS Processing R-HSA-9648002,1.0451303542256913,0.7779953133011348,0.401330376940133,FNTA;PRKCQ;BCL2L1;PDE6D;ABHD17C;ABHD17B;LYPLA1;GOLGA7,wald_stat,Reactome_2022
Signaling By Hedgehog R-HSA-5358351,-1.0442600256035515,0.772563113617911,0.37987012987012986,GRK2;GNAS;OFD1;PSMF1;ADCY7;CUL3;PSMD6;PSMB6;PRKCA;PRKAR2A;UBB;P4HB;PSME4;SEL1L;SPOPL;PSMA1;PSME2;PSMB3;PTCH2;ADCY9;PSME1;SMURF1;ARRB1;PSMD9;SKP1;PSMC2;PSMD7;PSMC3,wald_stat,Reactome_2022
Calnexin/calreticulin Cycle R-HSA-901042,-1.041905455167278,0.7773921831736499,0.39896373056994816,MARCHF6;CALR;UBB;PDIA3;SEL1L;RNF103,wald_stat,Reactome_2022
Degradation Of Beta-Catenin By Destruction Complex R-HSA-195253,-1.0416481001861246,0.7755243886339104,0.3745819397993311,CTBP1;TCF7;PPP2CA;PSMF1;PSMD6;PSMB6;PPP2CB;AXIN1;TLE4;UBB;PSME4;FRAT2;TLE5;PSMA1;PSME2;PSMB3;PSME1;PSMD9;SKP1;ZRANB1;PSMC2;PSMD7;PSMC3;CTBP2,wald_stat,Reactome_2022
Signaling By Interleukins R-HSA-449147,-1.0412681167050657,0.7741145902544391,0.35600578871201155,MAP3K8;PTPN7;MAPKAPK2;CDC42;BCL6;VIM;AKT1;IRS2;AURKAIP1;TGFB1;MAP2K3;RAPGEF1;SOS2;PPP2CA;GATA3;TNIP2;MAPK9;PSMF1;TIMP1;YES1;MAP2K7;PSMD6;PSMB6;LGALS9;NFKBIB;STX3;PPP2CB;CASP3;PKN2;PRKCA;IFNLR1;IL4R;PIK3R1;N4BP1;UBB;CCL4;P4HB;NFKB1;ITGAM;PSME4;IL15RA;IKBKB;USP18,wald_stat,Reactome_2022
Signaling By NTRKs R-HSA-166520,-1.038677205863326,0.7796206018356729,0.40264026402640263,MAPKAPK2;NRAS;IRS2;MAP2K2;EGR1;RAPGEF1;MEF2D;FURIN;PPP2CA;JUND;ID2;PPP2CB;PIK3R1,wald_stat,Reactome_2022
Regulation Of RAS By GAPs R-HSA-5658442,-1.0382098317769615,0.778237127018122,0.3886986301369863,NRAS;PSMF1;CUL3;PSMD6;PSMB6;UBB;PSME4;PSMA1;PSME2;PSMB3;PSME1;PSMD9;RASA4;PSMC2;PSMD7;PSMC3,wald_stat,Reactome_2022
Downstream TCR Signaling R-HSA-202424,-1.036977043346344,0.7795514073450427,0.3976311336717428,CARD11;HLA-DRB5;PSMF1;PSMD6;PSMB6;CD3D;PIK3R1;UBB;NFKB1;PSME4;IKBKB;PSMA1;PSME2;HLA-DRB1;PSMB3;TRAT1;RIPK2;PSME1;PSMD9;SKP1;PSMC2;PSMD7;PSMC3;PSMD3;HLA-DQA2;UBE2V1;PIK3CB;UBE2D1;CUL1;CDC34;PSMD8;UBE2N;PSMC1;BCL10,wald_stat,Reactome_2022
Formation Of beta-catenin:TCF Transactivating Complex R-HSA-201722,-1.0357218038393368,0.7807078228124691,0.3897058823529412,RUNX3;H2AJ;TCF7;CREBBP;H2AX;H3-3B;TLE4;H2AZ1,wald_stat,Reactome_2022
Regulation Of Cholesterol Biosynthesis By SREBP (SREBF) R-HSA-1655829,-1.0357165268106776,0.7780455752932111,0.39558573853989815,SEC24C;CREBBP;FASN;SEC24B;NCOA1;CARM1;MVD;SEC24A;SREBF1;INSIG1;TBL1X;PMVK;IDI1,wald_stat,Reactome_2022
Vesicle-mediated Transport R-HSA-5653656,-1.0357090378041822,0.7754166607362653,0.3386034255599473,RAB5C;RAB1A;FTL;TFG;NAPG;TRAPPC10;STX5;MAP1LC3B;VPS53;FTH1;SEC24C;IGF2R;GRK2;AKT1;GOLIM4;PPP6R1;VPS37B;DCTN4;ULK1;TRAPPC2L;CHMP4B;TRAPPC6A;RAB14;CLTB;DYNLL2;CALR;STAM;C1D;RIN3;SEC24B;PRKAG1;CSNK1D;CHMP2B;COG3;NECAP1;SURF4;DCTN3;RHOQ;SYS1;COPS8;COPS3;BNIP1;TBC1D20;TMED2;CD3D;DYNC1LI1;AP1S1;ARPC2;UBB;DYNC1LI2;GAK;VTI1A;CALM1;YWHAE;AP4B1;CAPZA2;OPTN;HPS1;SEC24A;UBAP1;SEC13;MAN2A2;TRAPPC5;VPS54;PRKAG2;ARF6;TGOLN2;DENND2B,wald_stat,Reactome_2022
Gene Silencing By RNA R-HSA-211000,-1.0345848029416862,0.7762769359232794,0.3904923599320883,H2AJ;H2AX;POLR2C;NUP54;TSN;POLR2D;POLR2G;H3-3B;NUP133;TNRC6A;AGO4;H2AZ1;AGO2;SEH1L;SEC13;POLR2E,wald_stat,Reactome_2022
Branched-chain Amino Acid Catabolism R-HSA-70895,1.034437553249424,0.8086543235378321,0.4026548672566372,PPM1K;ACADSB;DBT;HIBADH;BCKDHB;HIBCH;ALDH6A1;ACAD8;AUH;BCKDK;SLC25A44,wald_stat,Reactome_2022
Cargo Concentration In ER R-HSA-5694530,1.0327563156959632,0.808846518187495,0.4298440979955457,MIA3;PREB;CNIH1;SEC23A;LMAN1;CTSC,wald_stat,Reactome_2022
RNA Polymerase I Promoter Escape R-HSA-73772,1.03073897770706,0.8102707424130499,0.39759036144578314,UBTF;H2BC15;TBP;GTF2H1;GTF2H3;H2AC6;CBX3;POLR1H;GTF2H5;H2AC4;CCNH;POLR1D;TAF1B;POLR1E;H2BC9,wald_stat,Reactome_2022
Response Of Mtb To Phagocytosis R-HSA-9637690,1.0302660907316752,0.8066433228288905,0.4172494172494173,KPNB1;TRIM27;DUSP16,wald_stat,Reactome_2022
Metabolism Of Vitamins And Cofactors R-HSA-196854,-1.030264497035332,0.7868361568758456,0.3957307060755337,NADSYN1;AKT1;PTS;GCH1;C1D;SLC25A32;SLC2A1;FASN;FPGS;LRP8;PDSS1;CALM1;PARP6;RFK;CD38;PANK2,wald_stat,Reactome_2022
Anti-inflammatory Response Favoring Leishmania Infection R-HSA-9662851,-1.0279392086400927,0.7914225410556049,0.4201954397394137,GNAS;GNB1;VIPR2;FURIN;ADCY7;YES1;GNGT2;PRKCA;PRKAR2A;CALM1;LYN;PTRH2;ADCY9;GNAI2,wald_stat,Reactome_2022
SCF-beta-TrCP Mediated Degradation Of Emi1 R-HSA-174113,-1.0246884645896694,0.7990216761970832,0.43233743409490333,PSMF1;FBXO5;PSMD6;PSMB6;UBB;PSME4;PSMA1;PSME2;PSMB3;PSME1;PSMD9;SKP1;PSMC2;PSMD7;PSMC3,wald_stat,Reactome_2022
Activation Of BH3-only Proteins R-HSA-114452,1.0242807242875096,0.8214671345875073,0.4192825112107623,PPP3CC;YWHAZ;YWHAB;YWHAH;AKT3;PPP3R1;DYNLL1;YWHAQ;TFDP1;REXO2;TP53;BCL2L11;MAPK8,wald_stat,Reactome_2022
Membrane Trafficking R-HSA-199991,-1.0242209614865827,0.7977564892880082,0.37283621837549935,RAB5C;RAB1A;FTL;TFG;NAPG;TRAPPC10;STX5;MAP1LC3B;VPS53;FTH1;SEC24C;IGF2R;GRK2;AKT1;GOLIM4;PPP6R1;VPS37B;DCTN4;ULK1;TRAPPC2L;CHMP4B;TRAPPC6A;RAB14;CLTB;DYNLL2;STAM;RIN3;SEC24B;PRKAG1;CSNK1D;CHMP2B;COG3;NECAP1;SURF4;DCTN3;RHOQ;SYS1;COPS8;COPS3;BNIP1;TBC1D20;TMED2;CD3D;DYNC1LI1;AP1S1;ARPC2;UBB;DYNC1LI2;GAK;VTI1A;CALM1;YWHAE;AP4B1;CAPZA2;OPTN;HPS1;SEC24A;UBAP1;SEC13;MAN2A2;TRAPPC5;VPS54;PRKAG2;ARF6;TGOLN2;DENND2B;MADD;TBC1D10A;KIF22;CHMP2A;VPS4A,wald_stat,Reactome_2022
Signaling By B Cell Receptor (BCR) R-HSA-983705,-1.0227524020802825,0.7997681726664566,0.4141914191419142,NRAS;CARD11;PSMF1;CD79B;PSMD6;PSMB6;NFKBIB;PIK3R1;UBB;NFKB1;PSME4;CALM1;PRKCB;IKBKB;NFATC1;LYN;REL;PSMA1;PSME2;PSMB3;PSME1;PSMD9;SKP1;PSMC2;PSMD7;PSMC3;ORAI1;NFKBIE;ITPR3,wald_stat,Reactome_2022
DAG And IP3 Signaling R-HSA-1489509,-1.021596737660907,0.8009853820924808,0.45119705340699817,GRK2;ADCY7;KPNA2;PRKCA;PRKAR2A;CALM1,wald_stat,Reactome_2022
Signaling By NTRK1 (TRKA) R-HSA-187037,-1.0213852636620837,0.7989662603478906,0.4274061990212072,MAPKAPK2;NRAS;IRS2;MAP2K2;EGR1;RAPGEF1;MEF2D;PPP2CA;JUND;ID2;PPP2CB;PIK3R1,wald_stat,Reactome_2022
Vif-mediated Degradation Of APOBEC3G R-HSA-180585,-1.021359410475213,0.7964383472452519,0.44773519163763065,PSMF1;PSMD6;PSMB6;ELOB;UBB;PSME4;CUL5;PSMA1;PSME2;PSMB3;PSME1;PSMD9;PSMC2;PSMD7;PSMC3,wald_stat,Reactome_2022
Diseases Of Programmed Cell Death R-HSA-9645723,1.020676512418116,0.8284539478875546,0.38875305623471884,H2BC15;RBBP4;JUN;SUZ12;CDKN2A;H2AC6;PRDX2;CDC25B;RIPK1;H2AC4;FADD;H2BC9;TP53;CAPN1;H2BC12;BCL2L11;CDK5;POLA2;H2BC11;PRDX1,wald_stat,Reactome_2022
Metabolism Of Steroids R-HSA-8957322,-1.020139567815019,0.7975225521527062,0.4144736842105263,SEC24C;CREBBP;FASN;SEC24B;NCOA1;OSBPL7;CARM1;TSPOAP1;STARD4;MVD;SEC24A;STARD3;NSDHL;SREBF1;TSPO;INSIG1;TBL1X;PMVK;IDI1;UBE2I;OSBPL9,wald_stat,Reactome_2022
Processing Of Capped Intronless Pre-mRNA R-HSA-75067,-1.0195704839688347,0.7966562216061319,0.4329710144927536,WDR33;CPSF7;PABPN1;NCBP1;NUDT21;CPSF6;CPSF1;PAPOLA;SLBP,wald_stat,Reactome_2022
Infection With Mycobacterium Tuberculosis R-HSA-9635486,1.0194652757806917,0.8273101586754678,0.4238875878220141,KPNB1;TRIM27;DUSP16,wald_stat,Reactome_2022
Transcriptional Regulation Of Granulopoiesis R-HSA-9616222,1.0182502668450313,0.8262778514837288,0.4444444444444444,H2BC15;STAT3;FLI1;GFI1;H2AC6;DEK;CREB1;H2AC4;TFDP1;H2BC9;H2BC12;RARA,wald_stat,Reactome_2022
Major Pathway Of rRNA Processing In Nucleolus And Cytosol R-HSA-6791226,-1.0180612173871344,0.7986974769535841,0.4138486312399356,DDX52;KRR1;NOL12;BYSL;C1D;UTP3;EXOSC10;CSNK1D;ISG20L2;PDCD11;RIOK3;LTV1;WDR36;RSL24D1;PNO1;BUD23;SENP3;CSNK1E;SNU13;UTP11;EXOSC1;RPP14;EXOSC6;WDR43;XRN2,wald_stat,Reactome_2022
Metabolism Of Carbohydrates R-HSA-71387,-1.0177571875563056,0.7969656054818129,0.44075829383886256,CHST7;CHSY1;MAN2C1;ST6GALNAC6;B3GNT7;PPP2CA;SLC2A1;B3GNT2;NUP54;PGP;SLC35D2;B4GALT4;PFKFB3;SHPK;FBP1;PPP2CB;PRKCA;ENO3;NUP133;UBB;UST;SEH1L;CALM1;B3GALT6;SLC9A1;SEC13;IDS;PHKG2;EXT1;XYLT1;HS6ST1;TKT;B3GAT3,wald_stat,Reactome_2022
Insulin Receptor Recycling R-HSA-77387,-1.0175813592166627,0.794901371627698,0.4225865209471767,TCIRG1;ATP6V1H;ATP6V0C;ATP6V1G1,wald_stat,Reactome_2022
Inflammasomes R-HSA-622312,-1.01608242462861,0.7967806137901424,0.42857142857142855,PSTPIP1;NFKB1;P2RX7;NLRP1,wald_stat,Reactome_2022
Cellular Senescence R-HSA-2559583,-1.0146396571172505,0.7986584742790086,0.43034055727554177,MAPKAPK2;CBX4;H2AJ;TERF1;ANAPC15;MAP2K3;H2AX;CDKN2D;ANAPC11;MAPK9;PHC2;MAP2K7;H3-3B;TNRC6A;AGO4;UBB;UBN1;H2AZ1;NFKB1;H1-5;MDM4;HIRA;UBE2S,wald_stat,Reactome_2022
Mitotic Anaphase R-HSA-68882,1.0132374237555788,0.8378790116120569,0.40947075208913647,TUBA1A;PPP2R5A;KPNB1;XPO1;KIF2A;CKAP5;LBR;NUP62;PPP2R5D;TMPO;PSMD2;PSMB2;PSMD11;ANAPC10;HDAC8;NDEL1;PPP2R5C;CDC26;RAN;ZWILCH;BUB3;NUP37;VRK1;PSMD10;PSMD4;SMC1A;DYNLL1;CC2D1B;ZW10;NUP58;TAOK1;TUBB;PSMD13;NUP188;CDC16;TUBA1C;NUP85;PSMA5;PAFAH1B1,wald_stat,Reactome_2022
CTLA4 Inhibitory Signaling R-HSA-389513,1.0131195102105268,0.8329123583698822,0.44666666666666666,PPP2R5A;PPP2R5D;PPP2R5C;AKT3;LCK,wald_stat,Reactome_2022
Fcgamma Receptor (FCGR) Dependent Phagocytosis R-HSA-2029480,-1.0131011034147717,0.8006603472735249,0.4276315789473684,LIMK1;PKN1;CDC42;MYO9B;YES1;ARPC2;PIK3R1;WIPF2;LYN;VAV3,wald_stat,Reactome_2022
HSP90 Chaperone Cycle For Steroid Hormone Receptors (SHR) In Presence Of Ligand R-HSA-3371497,1.0113951307105546,0.8335549597199422,0.42857142857142855,DNAJA2;FKBP5;PTGES3;CAPZA1;STIP1;FKBP4;HSPA8;DYNLL1,wald_stat,Reactome_2022
Interleukin-37 Signaling R-HSA-9008059,1.0112732113602017,0.8288028664575002,0.45617977528089887,PTPN4;STAT3;SIGIRR;SMAD3;PTPN23,wald_stat,Reactome_2022
RUNX1 Regulates Transcription Of Genes Involved In Differentiation Of HSCs R-HSA-8939236,-1.0109330595371777,0.8047739666127127,0.4152823920265781,H2AJ;H2AX;GATA3;PSMF1;PSMD6;PSMB6;H3-3B;UBB;MNAT1;H2AZ1;PSME4;CDK7;PSMA1;PSME2;PSMB3;PSME1;PSMD9;PSMC2;PSMD7;PSMC3,wald_stat,Reactome_2022
Factors Involved In Megakaryocyte Development And Platelet Production R-HSA-983231,1.0104683567178478,0.8264313610929579,0.4376731301939058,PRKACB;HDAC1;KIF2A;PRKAR1A;IRF2;EHD1;CAPZA1;KIF3B;KIF21A;DOCK10,wald_stat,Reactome_2022
Regulation Of Signaling By CBL R-HSA-912631,-1.0100073532604241,0.8050669545206275,0.4421416234887737,RAPGEF1;YES1;PIK3R1;LYN,wald_stat,Reactome_2022
Regulation Of PTEN Gene Transcription R-HSA-8943724,-1.0099630460280706,0.802643870514645,0.46115702479338844,GATAD2A;ATN1;CBX4;LAMTOR1;EGR1;LAMTOR4;PHC2,wald_stat,Reactome_2022
Chromatin Modifying Enzymes R-HSA-3247509,-1.0089852306529938,0.802871042517107,0.40735068912710565,JMJD6;GATAD2A;ARID1B;TADA1;H2AJ;TAF10;KANSL2;CREBBP;H2AX;SAP18;NCOA1;ING3;KMT2B;HCFC1;TADA2B;EPC1;KMT5A;MSL2;CARM1;ELP5;H2AZ1;NFKB1;SAP30L;KDM7A;YEATS2;BRD1;TAF6L;KMT2E;KAT7;SETD6;TBL1X;PHF21A;SUV39H1;ELP6;PHF20;H2AC25;ELP2;HMG20B;BRWD1;SUPT7L;OGT;ARID1A;PHF2;KDM6A;MBIP;ATXN7;KMT2C;DOT1L;EED;MTA1,wald_stat,Reactome_2022
Cell Junction Organization R-HSA-446728,1.0083543381718338,0.8283983428692896,0.44988344988344986,ARHGEF6;CADM1;ILK;PATJ;VASP;ITGA6;PALS1,wald_stat,Reactome_2022
Insertion Of Tail-Anchored Proteins Into Endoplasmic Reticulum Membrane R-HSA-9609523,-1.0075204754374578,0.8047079013274293,0.43470790378006874,STX5;SEC61G;SEC61B;GET4;BAG6;VAPA;CAMLG,wald_stat,Reactome_2022
Cell Cycle Checkpoints R-HSA-69620,1.0070884463311005,0.8276199372829119,0.46449704142011833,PPP2R5A;XPO1;KIF2A;CKAP5;H2BC15;PPP2R5D;RPA3;PSMD2;PSMB2;MCM3;PSMD11;ANAPC10;RFC5;CDKN1B;NDEL1;RFC4;YWHAZ;PPP2R5C;YWHAB;CDC26;YWHAH;CDKN2A;ZWILCH;HERC2;BUB3;NUP37;MDC1;PSMD10;PSMD4;DYNLL1;RAD17;ZW10;TAOK1;ATRIP;YWHAQ;PSMD13;CDC16;NUP85;PSMA5;PAFAH1B1;PPP1CC;UBC;MRE11;RNF8;REXO2;H2BC9;PSMB5;TP53;ATM,wald_stat,Reactome_2022
Regulation Of RUNX3 Expression And Activity R-HSA-8941858,-1.005891669903077,0.8071375923779124,0.444636678200692,RUNX3;TGFB1;PSMF1;PSMD6;PSMB6;UBB;PSMA1;PSME2;PSMB3;PSME1;SMURF1;PSMD9;PSMC2;PSMD7;PSMC3,wald_stat,Reactome_2022
Synthesis Of PA R-HSA-1483166,1.004694365055909,0.8306726718594386,0.43448275862068964,GPAT4;AGPAT1;LPCAT1;MIGA1;GPD2;LPCAT4;GPAT2,wald_stat,Reactome_2022
DNA Methylation R-HSA-5334118,-1.0035343557990022,0.8114857228627901,0.44652908067542213,H2AJ;H2AX;H3-3B;H2AZ1,wald_stat,Reactome_2022
Sealing Of Nuclear Envelope (NE) By ESCRT-III R-HSA-9668328,-1.003005536908615,0.8104809201753752,0.4438202247191011,CHMP4B;TUBB4B;CHMP2B;CHMP2A;VPS4A;TUBA4A;TUBB2A,wald_stat,Reactome_2022
Response Of EIF2AK4 (GCN2) To Amino Acid Deficiency R-HSA-9633012,-1.0028802970884643,0.8083162016130997,0.4472271914132379,ATF4;CEBPG,wald_stat,Reactome_2022
Regulation Of Activated PAK-2p34 By Proteasome Mediated Degradation R-HSA-211733,-1.0028494538895842,0.8058943243327198,0.4658493870402802,PSMF1;PSMD6;PSMB6;PKN2;UBB;PSME4;PSMA1;PSME2;PSMB3;PSME1;PSMD9;PSMC2;PSMD7;PSMC3,wald_stat,Reactome_2022
Ribosomal Scanning And Start Codon Recognition R-HSA-72702,1.0012991724364577,0.8368864451183803,0.4400921658986175,EIF3A;EIF2S1;EIF4B;EIF3E;EIF3L;EIF4A2;EIF4G1;EIF3K;EIF2S2;EIF3H,wald_stat,Reactome_2022
Influenza Infection R-HSA-168255,-0.9980341302333346,0.8172773051620438,0.45183887915936954,TGFB1;CALR;POLR2C;NUP54;POLR2D;POLR2G;KPNA2;PABPN1;NUP133;SEH1L;ISG15;SEC13;GRSF1;POLR2E;DNAJC3;RSL24D1;KPNA1;POLR2J;POM121,wald_stat,Reactome_2022
TP53 Regulates Transcription Of Cell Cycle Genes R-HSA-6791312,0.9980310519665292,0.8428182772971794,0.45714285714285713,CNOT7;RBL2;CDKN1B;CNOT3;E2F4;NPM1;TFDP1;REXO2;TP53,wald_stat,Reactome_2022
Role Of Phospholipids In Phagocytosis R-HSA-2029485,0.9977281829153489,0.8388379801263304,0.4250559284116331,PLCG1;AHCYL1;PIK3CA;CD247;PIK3R2,wald_stat,Reactome_2022
Signaling By FGFR In Disease R-HSA-1226099,-0.9975927095940441,0.81601178652572,0.4478632478632479,NRAS;POLR2C;POLR2D;POLR2G;NCBP1;PIK3R1;CPSF6;POLR2E,wald_stat,Reactome_2022
tRNA Modification In Nucleus And Cytosol R-HSA-6782315,0.996622881907416,0.8374806502680737,0.44146341463414634,THADA;TYW1;NSUN2;ALKBH8;EPRS1;CDKAL1;TYW5;TYW3;TRMT13;TRMT6;CTU2;FTSJ1;OSGEP;ADAT1,wald_stat,Reactome_2022
Transferrin Endocytosis And Recycling R-HSA-917977,-0.9957239805771456,0.8192993107127994,0.4646098003629764,TCIRG1;ATP6V1H;ATP6V0C;ATP6V1G1,wald_stat,Reactome_2022
Nuclear Events Mediated By NFE2L2 R-HSA-9759194,-0.995665737461963,0.816941985020741,0.45226130653266333,ATF4;CREBBP;PSMF1;PSMD6;PSMB6;NOTCH1;UBB;PSMA1;PSME2;TKT;PSMB3;NFE2L2;MAFK;PSME1;PSMD9;SKP1;PSMC2;PSMD7;PSMC3;PSMD3;TALDO1;GSR;SRXN1;CUL1;HMOX1;GSK3B;PSMD8;EP300;PSMC1,wald_stat,Reactome_2022
Late SARS-CoV-2 Infection Events R-HSA-9772573,-0.9940009110853235,0.8195811103604128,0.4432809773123909,MAGT1;RPN2;DDOST;MGAT4B;GSK3A;UBB;SUMO1;PARP6;ZDHHC3;MGAT4A,wald_stat,Reactome_2022
Mitotic Metaphase And Anaphase R-HSA-2555396,0.9927568093648237,0.8452186257136225,0.449438202247191,TUBA1A;PPP2R5A;KPNB1;XPO1;KIF2A;CKAP5;LBR;NUP62;PPP2R5D;TMPO;PSMD2;PSMB2;PSMD11;ANAPC10;HDAC8;NDEL1;PPP2R5C;CDC26;RAN;ZWILCH;BUB3;NUP37;VRK1;PSMD10;PSMD4;SMC1A;DYNLL1;CC2D1B;ZW10;NUP58;TAOK1;TUBB;PSMD13;NUP188;CDC16;TUBA1C;NUP85;PSMA5;PAFAH1B1,wald_stat,Reactome_2022
HDR Thru Single Strand Annealing (SSA) R-HSA-5685938,0.9920737432304473,0.8423717337759369,0.4441860465116279,RPA3;RFC5;RFC4;RAD52;RAD17;ATRIP;MRE11;ATM;BLM;ERCC4;RAD50;BARD1,wald_stat,Reactome_2022
Glycerophospholipid Biosynthesis R-HSA-1483206,0.9914173114505901,0.839901955863989,0.46419098143236076,ABHD3;CDIPT;GPAT4;HADHA;PNPLA2;CPNE3;AGPAT1;TAFAZZIN;CEPT1;LPCAT1;LPCAT3;MIGA1;SLC44A2;CRLS1;SELENOI;SH2D3C;LPIN2;GPD2;ABHD4,wald_stat,Reactome_2022
Leishmania Infection R-HSA-9658195,-0.9910499997656942,0.8257025099446877,0.4840764331210191,PSTPIP1;CDC42;GNAS;GNB1;VIPR2;FURIN;ADCY7;MYO9B;YES1;GNGT2;P2RX4;PRKCA;ARPC2;PRKAR2A;NFKB1;WIPF2;CALM1;LYN;PTRH2;VAV3;ADCY9;GNAI2;IL18,wald_stat,Reactome_2022
NoRC Negatively Regulates rRNA Expression R-HSA-427413,0.9898844726938612,0.8402213374928587,0.4845360824742268,HDAC1;UBTF;H2BC15;SMARCA5;TBP;GTF2H1;GTF2H3;H2AC6;POLR1H;GTF2H5;H2AC4;CCNH;POLR1D;TAF1B;POLR1E;H2BC9;SIN3B;H2BC12,wald_stat,Reactome_2022
GPCR Ligand Binding R-HSA-500792,-0.9888832128362685,0.8298405201947218,0.47730829420970267,XCL1;GNAS;GNB1;VIPR2;GPR183;HEBP1;GNGT2;XCL2;CCL4;CCL5;PTRH2;PTCH2;LTB4R;RIPK2,wald_stat,Reactome_2022
Mitochondrial tRNA Aminoacylation R-HSA-379726,0.9884599872953379,0.8399880997412384,0.46578366445916114,QARS1;RARS2;PPA2;IARS2;WARS2;MARS2,wald_stat,Reactome_2022
NCAM Signaling For Neurite Out-Growth R-HSA-375165,0.9876994901418956,0.8377385081080408,0.4618834080717489,SPTAN1;ST8SIA4,wald_stat,Reactome_2022
TNFR1-induced NFkappaB Signaling Pathway R-HSA-5357956,-0.9876050244104342,0.8313462952850529,0.4680483592400691,BIRC2;USP4;IKBKB;USP25;TRAF1;BIRC3,wald_stat,Reactome_2022
ER-Phagosome Pathway R-HSA-1236974,-0.9869101059375175,0.8310843188697198,0.4878472222222222,CALR;PSMF1;SEC61G;PSMD6;PSMB6;SEC61B;UBB;PSME4;PDIA3;IKBKB;TAPBP;PSMA1;PSME2;PSMB3;PSME1;PSMD9;PSMC2;PSMD7;PSMC3;HLA-F;HLA-B;PSMD3;VAMP3;HLA-E,wald_stat,Reactome_2022
Nuclear Envelope Breakdown R-HSA-2980766,0.9863131564945632,0.8373731426500137,0.4724220623501199,NUP62;NUP50;TMPO;NEK9;NEK7;NUP37;VRK1;NUP58;NUP188;NUP85;LPIN2,wald_stat,Reactome_2022
Transport Of Mature mRNA Derived From An Intronless Transcript R-HSA-159231,-0.9862527095633125,0.830497505869684,0.4678260869565217,ALYREF;WDR33;NUP54;NUP133;NCBP1;SEH1L;SEC13;CPSF1;POM121,wald_stat,Reactome_2022
Formation Of TC-NER Pre-Incision Complex R-HSA-6781823,-0.9846612481935205,0.8326083295976338,0.46757679180887374,ERCC3;POLR2C;POLR2D;POLR2G;COPS8;COPS3;USP7;UBB;MNAT1;POLR2E;CDK7,wald_stat,Reactome_2022
TCR Signaling R-HSA-202403,-0.9836248494250749,0.8332112551971509,0.5116666666666667,PKN1;CARD11;HLA-DRB5;ARHGEF7;PSMF1;PSMD6;PSMB6;PTPRJ;PKN2;CD3D;PIK3R1;UBB;NFKB1;PSME4;IKBKB;PSMA1;PSME2;HLA-DRB1;PSMB3;TRAT1;EVL;RIPK2;PSME1;PSMD9,wald_stat,Reactome_2022
Meiotic Synapsis R-HSA-1221632,-0.9832896964609709,0.8316595606859567,0.4632352941176471,H2AJ;TERF1;H2AX;H2AZ1;PMEPA1;SMC3;SUN1,wald_stat,Reactome_2022
Nucleotide Catabolism R-HSA-8956319,-0.9830377935429457,0.8299043643254227,0.4857142857142857,UPP1;NUDT15;NT5C2;NUDT1;ITPA;NT5M,wald_stat,Reactome_2022
Energy Dependent Regulation Of mTOR By LKB1-AMPK R-HSA-380972,-0.9814478605558012,0.8319950697320656,0.4735915492957746,LAMTOR1;LAMTOR4;PRKAG1;LAMTOR5;PRKAG2;MLST8;RHEB;LAMTOR3;TSC1;CAB39L;PRKAA1,wald_stat,Reactome_2022
Notch-HLH Transcription Pathway R-HSA-350054,0.9793605048377324,0.8552451909590516,0.49887640449438203,HDAC1;MAML1;HDAC8;HDAC5;KAT2A;HDAC6,wald_stat,Reactome_2022
Diseases Of Signal Transduction By Growth Factor Receptors And Second Messengers R-HSA-5663202,0.9788440126432078,0.8521832458315463,0.5214285714285715,TGFBR2;PPP2R5A;HDAC1;MAML1;PRKAR1A;TRIP11;ARAF;STAT3;PPP2R5D;MAP2K1;GCC2;PSMD2;ERBIN;DUSP16;VCL;PPP1CB;PSMB2;PSMD11;APBB1IP;HDAC8;CDKN1B;FAM114A2;ERBB2;PLCG1;PPP2R5C;YWHAB;BCL2L1;FGFR1OP2;PSEN1;STAT5A;STRN;RAP1B;HDAC5;AKT3;MECP2;PORCN;CNTRL;LCK;VCP;PSMD10;CLTC;SYVN1;CARS1;PIK3CA;PSMD4;NPM1;KAT2A;BIN2;HDAC6;RBX1;ADAM10;PPM1B;CREB1;TRIM24;AGGF1;PTEN;SND1;AKT1S1;POLR2I;PSMD13,wald_stat,Reactome_2022
Synthesis Of IP3 And IP4 In Cytosol R-HSA-1855204,-0.9773283834521552,0.8416519392977236,0.5074349442379182,ITPK1;PLCH2;CALM1;PLCB1;PLCB2;ITPKC;SYNJ1,wald_stat,Reactome_2022
Detoxification Of Reactive Oxygen Species R-HSA-3299685,0.9770604388073246,0.8531505383155702,0.5251641137855579,CYCS;SOD1;PRDX2;NUDT2;PRDX3,wald_stat,Reactome_2022
Potential Therapeutics For SARS R-HSA-9679191,0.9769072675870974,0.8488851109347462,0.5052910052910053,FNTA;HDAC1;ITGA4;RBBP4;ATP1A3;PTGES3;IMPDH2;IFNAR1;S1PR1;NCK1;RIPK1;KEAP1;IFNAR2;FKBP4;RBX1;TUBB;ARID4A,wald_stat,Reactome_2022
Golgi-to-ER Retrograde Transport R-HSA-8856688,-0.9736737448164458,0.8498773584229556,0.4942339373970346,RAB1A;NAPG;DCTN4;DYNLL2;SURF4;DCTN3;BNIP1;TMED2;DYNC1LI1;DYNC1LI2;CAPZA2;KIF22;RINT1;RAB18;ARF3;COPZ1;PLA2G6;KIF1B;GALNT1;TMED9;KIF20B;UBE2Z,wald_stat,Reactome_2022
G2/M Checkpoints R-HSA-69481,0.9718673322315867,0.8605917652582707,0.49,H2BC15;RPA3;PSMD2;PSMB2;MCM3;PSMD11;RFC5;RFC4;YWHAZ;YWHAB;YWHAH;HERC2;MDC1;PSMD10;PSMD4;RAD17;ATRIP;YWHAQ;PSMD13;PSMA5;UBC;MRE11;RNF8;REXO2;H2BC9;PSMB5;TP53;ATM,wald_stat,Reactome_2022
RHO GTPases Activate Formins R-HSA-5663220,-0.9710677587372631,0.8552778171048097,0.5427631578947368,MAPRE1;CDC42;CENPP;RHOC;DYNLL2;PPP2CA;PPP2CB;DYNC1LI1;NUP133;CENPT;DYNC1LI2;SEH1L;SEC13,wald_stat,Reactome_2022
Unattached Kinetochores Signal Amplification Via A MAD2 Inhibitory Signal R-HSA-141444,0.9701490726701474,0.861487623877411,0.5322997416020672,PPP2R5A;XPO1;KIF2A;CKAP5;PPP2R5D;NDEL1;PPP2R5C;ZWILCH;BUB3;NUP37;DYNLL1;ZW10;TAOK1;NUP85;PAFAH1B1;PPP1CC,wald_stat,Reactome_2022
Mitotic Prometaphase R-HSA-68877,-0.9697903653208089,0.8565090065123361,0.5538461538461539,MAPRE1;CENPP;CSNK2B;DYNLL2;PPP2CA;OFD1;CSNK1D;TUBB4B;DCTN3;CEP70;PPP2CB;PRKCA;DYNC1LI1;CEP152;NUP133;CENPT;MZT1;DYNC1LI2;PMEPA1;SEH1L;SMC3;YWHAE;CSNK2A2;SEC13,wald_stat,Reactome_2022
Butyrate Response Factor 1 Binds And Destabilizes mRNA R-HSA-450385,-0.9697621340041013,0.8540911152803037,0.49280575539568344,MAPKAPK2;AKT1;DCP1A,wald_stat,Reactome_2022
SARS-CoV-1 Infection R-HSA-9678108,-0.9693727355803619,0.8528044342469724,0.5051194539249146,MAP1LC3B;CHMP4B;CHMP2B;GSK3A;BECN1;UBB;SUMO1;PARP6;ZCRB1;CHMP2A,wald_stat,Reactome_2022
HCMV Infection R-HSA-9609646,0.9685359096520816,0.8619995499189278,0.5142118863049095,NUP62;H2BC15;NUP50;RBBP4;MVB12A;DUT;DAXX;SUZ12;H2AC6;NUP37;HNRNPK;RRM1;CHMP1A;H2AC11;DYNLL1;NUP58;CREB1;NUP188;H2AC4;NUP85;VPS37A,wald_stat,Reactome_2022
L1CAM Interactions R-HSA-373760,-0.9683495495207878,0.8534086084338248,0.5026642984014209,PKN1;CSNK2B;MAP2K2;NCAM1;CSNK2A2;AP2A1;AP2M1;RANBP9;AP2A2;DNM2;ITGA2B;FGFR1,wald_stat,Reactome_2022
Ion Homeostasis R-HSA-5578775,0.968281197047693,0.8581600530213471,0.5010845986984815,STIM1;ATP1A3;ATP2B4;ATP2A3;AHCYL1,wald_stat,Reactome_2022
Apoptotic Cleavage Of Cellular Proteins R-HSA-111465,0.9676349981551596,0.8555500298680954,0.4911894273127753,SPTAN1;FNTA;PRKCQ;ADD1,wald_stat,Reactome_2022
FBXL7 Down-Regulates AURKA During Mitotic Entry And In Early Mitosis R-HSA-8854050,-0.9672183046873978,0.8543135993268576,0.5213523131672598,PSMF1;PSMD6;PSMB6;FBXL18;UBB;PSME4;PSMA1;PSME2;PSMB3;PSME1;PSMD9;SKP1;PSMC2;PSMD7;PSMC3,wald_stat,Reactome_2022
Sensory Processing Of Sound By Inner Hair Cells Of Cochlea R-HSA-9662360,0.966089443240202,0.8558720285033152,0.5180722891566265,SPTAN1;RIPOR2;CAPZA1;ATP2B4,wald_stat,Reactome_2022
Deactivation Of Beta-Catenin Transactivating Complex R-HSA-3769402,-0.9660657132830984,0.855187502697728,0.4836488812392427,CTBP1;AKT1;TCF7;TLE4;UBB,wald_stat,Reactome_2022
AURKA Activation By TPX2 R-HSA-8854518,0.9658876775241646,0.8473335265585609,0.5013054830287206,CEP57;TUBA1A;CKAP5;CEP250;HAUS1;CNTRL;HAUS4;CEP290;DYNLL1;PCNT;TUBB;CEP78;CDK5RAP2;SFI1;PAFAH1B1,wald_stat,Reactome_2022
Loss Of Nlp From Mitotic Centrosomes R-HSA-380259,0.9658876775241646,0.8473335265585609,0.5013054830287206,CEP57;TUBA1A;CKAP5;CEP250;HAUS1;CNTRL;HAUS4;CEP290;DYNLL1;PCNT;TUBB;CEP78;CDK5RAP2;SFI1;PAFAH1B1,wald_stat,Reactome_2022
"Cell Cycle, Mitotic R-HSA-69278",-0.9650706512823497,0.8557923912959068,0.5753052917232022,MAPRE1;RAB1A;CENPP;H2AJ;AKT1;GORASP2;ANAPC15;CSNK2B;CHMP4B;DYNLL2;H2AX;CDKN2D;PPP2CA;ANAPC11;OFD1;PSMF1;NUP54;CSNK1D;FBXO5;TUBB4B;CHMP2B;PSMD6;PSMB6;DCTN3;CEP70;KMT5A;PPP2CB;ESCO1;PRKCA;H3-3B;DYNC1LI1;CEP152;NUP133;CENPT;FBXL18;MZT1;ORC4;UBB;DYNC1LI2;DBF4;MNAT1;H2AZ1;PMEPA1;RAB2A;SEH1L;SUMO1;PSME4;SMC3;MCPH1;YWHAE;PRKCB;CSNK2A2;OPTN;SEC13;CKS1B;UBE2S;LPIN1;LYN;CDC14A;CDK7;PPP2R2D;HAUS2;GMNN;PSMA1;PSME2;CHMP2A;VPS4A;TYMS;PSMB3;SGO2;TFDP2;CENPH;TUBA4A;CEP131;CSNK1E;PSME1;POM121;PSMD9;VRK2,wald_stat,Reactome_2022
Cleavage Of Damaged Pyrimidine R-HSA-110329,-0.9639896116608592,0.8565478434138256,0.5018382352941176,H2AJ;TERF1;H2AX;H2AZ1,wald_stat,Reactome_2022
RUNX1 Regulates Genes Involved In Megakaryocyte Differentiation And Platelet Function R-HSA-8936459,-0.963002935142049,0.8570333136591152,0.5238095238095238,H2AJ;H2AX;ZFPM1;KMT2B;H3-3B;TNRC6A;AGO4;H2AZ1,wald_stat,Reactome_2022
Cooperation Of PDCL (PhLP1) And TRiC/CCT In G-protein Beta Folding R-HSA-6814122,-0.9623791384264,0.8565490792877523,0.5034602076124568,CSNK2B;GNB1;GNGT2;GNAQ;CSNK2A2,wald_stat,Reactome_2022
Signaling By MET R-HSA-6806834,-0.9605614114906051,0.8592146114649095,0.5076660988074957,NRAS;RAPGEF1;STAM;PTPRJ;RNMT;PIK3R1;UBB;ARF6;LMNB2;RAB4A;SHC1,wald_stat,Reactome_2022
DNA Damage Recognition In GG-NER R-HSA-5696394,0.9591818415332467,0.86410758916222,0.5563380281690141,COPS5;COPS7A;INO80D;DDB2;INO80B;RAD23B;PARP1;RUVBL1,wald_stat,Reactome_2022
Diseases Of Glycosylation R-HSA-3781865,-0.9587066950368313,0.8624645905236731,0.5133779264214047,CHSY1;GALNT3;NOTCH1;POMT1;LFNG;ADAMTS10;B3GALT6;EXT1;ALG12;DPM1;B3GAT3;NUS1;ALG9;ADAMTS1;B4GALT1;B4GALT7;MAN1B1,wald_stat,Reactome_2022
SUMO E3 Ligases SUMOylate Target Proteins R-HSA-3108232,0.9585586751911157,0.8616906580821324,0.5642458100558659,HDAC1;TRIM27;NUP62;NUP50;NSMCE3;SMC6;MBD1;DAXX;SUZ12;DDX17;DDX5;CDKN2A;HERC2;NUP37;HNRNPK;MDC1;PARP1;PHC3;RAD52,wald_stat,Reactome_2022
Signaling By NOTCH4 R-HSA-9013694,-0.9577181787812463,0.8629086883402752,0.5406301824212272,AKT1;SNW1;CREBBP;FBXW7;PSMF1;PSMD6;PSMB6;TACC3;NOTCH1;APH1A;UBB;PSMA1;PSME2;PSMB3;PSME1;PSMD9;SKP1;PSMC2;PSMD7;PSMC3,wald_stat,Reactome_2022
Homology Directed Repair R-HSA-5693538,0.9568613968755841,0.8623703785627024,0.5349462365591398,H2BC15;RPA3;PPP4C;RFC5;PPP4R2;POLK;RFC4;HERC2;MDC1;PARP1;RAD52;RAD17;GEN1;ATRIP;UBC;MRE11;TIMELESS;RNF8;RAD51C;H2BC9;ATM;H2BC12;NSD2,wald_stat,Reactome_2022
rRNA Processing In Nucleus And Cytosol R-HSA-8868773,-0.9557350003305094,0.8663095349035871,0.5487421383647799,DDX52;KRR1;NOL12;BYSL;C1D;UTP3;EXOSC10;CSNK1D;ISG20L2;PDCD11;RIOK3;LTV1;WDR36;RSL24D1;PNO1;BUD23;SENP3;CSNK1E;TRMT112;SNU13;UTP11;EXOSC1;RPP14;EXOSC6;WDR43;XRN2,wald_stat,Reactome_2022
Translation R-HSA-72766,0.9545981675308017,0.8647555977366701,0.5905044510385756,MRPS7;EIF3A;APEH;DARS1;MRPS35;EEF1A1;MRPL49;MRPS33;EIF2S1;MTFMT;MRPL3;EIF4B;SARS1;EIF3E;EEF2;EIF3L;MRPL34;MRPL15;QARS1;RARS2;MRPS18C;EEF1B2;EPRS1;MRPL41;CARS1;PABPC1;MRRF;EIF4A2;MRPL20;FARSA;RPN1;SPCS1;PPA2;MTIF3;EIF4G1;MRPL18;AARS1;MRPS34;IARS2;EIF3K;MRPS18B;MRPL17;WARS2;MRPS14;OXA1L;MARS2;MRPL36;EIF2S2;MRPL53;EIF3H;GSPT1,wald_stat,Reactome_2022
Transport Of Mature mRNAs Derived From Intronless Transcripts R-HSA-159234,-0.954270725466925,0.8682471281720918,0.5313588850174216,ALYREF;WDR33;NUP54;NUP133;NCBP1;SEH1L;SEC13;CPSF1;POM121,wald_stat,Reactome_2022
Regulation Of HSF1-mediated Heat Shock Response R-HSA-3371453,0.9526172945845072,0.8662357787001855,0.5097087378640777,HSPA4;NUP62;ST13;NUP50;HIKESHI;HSPH1;RPA3;NUP37;FKBP4;HSPA8;NUP58;NUP188;MRPL18;CCAR2;NUP85,wald_stat,Reactome_2022
TAK1-dependent IKK And NF-kappa-B Activation R-HSA-445989,-0.9524780696824762,0.8708733367546924,0.5464285714285714,NFKBIB;N4BP1;UBB;NFKB1;IKBKB;USP18;IRAK1;RIPK2,wald_stat,Reactome_2022
"Base-Excision Repair, AP Site Formation R-HSA-73929",-0.951393448574469,0.8714138725760586,0.5238970588235294,H2AJ;TERF1;H2AX;H2AZ1,wald_stat,Reactome_2022
Interferon Gamma Signaling R-HSA-877300,0.9513736382464103,0.8656179918152079,0.5577395577395577,GBP5;IRF2;TRIM22;BCL11B;IFNG;TRIM35;GBP4;IRF3;PTPN1;TRIM38,wald_stat,Reactome_2022
Antigen processing-Cross Presentation R-HSA-1236975,-0.9512868275123628,0.8692405903053818,0.5659722222222222,CALR;PSMF1;SEC61G;PSMD6;PSMB6;SEC61B;UBB;PSME4;PDIA3;CTSS;IKBKB;TAPBP;PSMA1;PSME2;PSMB3;PSME1;PSMD9;PSMC2;PSMD7;PSMC3;HLA-F;HLA-B;PSMD3,wald_stat,Reactome_2022
"Plasma Lipoprotein Assembly, Remodeling, And Clearance R-HSA-174824",-0.9509345571301481,0.867972250832941,0.543010752688172,FURIN;MYLIP;NPC2;PRKCA;UBB;P4HB;APOBR,wald_stat,Reactome_2022
Influenza Viral RNA Transcription And Replication R-HSA-168273,-0.9507630849709268,0.8660533732159329,0.5440414507772021,POLR2C;NUP54;POLR2D;POLR2G;NUP133;SEH1L;SEC13;GRSF1;POLR2E;DNAJC3;RSL24D1;POLR2J;POM121,wald_stat,Reactome_2022
Telomere Extension By Telomerase R-HSA-171319,-0.9498102106262054,0.8664992316032396,0.5543672014260249,TERF1;RTEL1,wald_stat,Reactome_2022
Signaling By PDGF R-HSA-186797,-0.9494549265379635,0.8650547362589857,0.5405405405405406,NCK2;NRAS;RAPGEF1;FURIN,wald_stat,Reactome_2022
Negative Regulation Of PI3K/AKT Network R-HSA-199418,-0.948467520827714,0.8653409273394698,0.5358361774744027,AKT1;IRS2;PHLPP2;IER3;PPP2CA;PIP4K2A;RNMT;PPP2CB;PIK3R1,wald_stat,Reactome_2022
TP53 Regulates Transcription Of Additional Cell Cycle Genes With Uncertain Roles In P53 Pathway R-HSA-6804115,0.9475580626281946,0.8731212605501861,0.5194805194805194,CNOT7;CNOT3;NPM1,wald_stat,Reactome_2022
Regulation Of Apoptosis R-HSA-169911,-0.946526346214121,0.86843557153117,0.5629370629370629,PSMF1;PSMD6;PSMB6;PKN2;UBB;PSME4;PSMA1;PSME2;PSMB3;PSME1;PSMD9;PSMC2;PSMD7;PSMC3,wald_stat,Reactome_2022
Intra-Golgi And Retrograde Golgi-to-ER Traffic R-HSA-6811442,-0.9465165305184604,0.8660737797564209,0.5673534072900158,RAB1A;NAPG;STX5;VPS53;IGF2R;GOLIM4;DCTN4;DYNLL2;COG3;SURF4;DCTN3;SYS1;BNIP1;TMED2;DYNC1LI1;DYNC1LI2;VTI1A;CAPZA2;MAN2A2;VPS54;TGOLN2;KIF22;RINT1;RAB30;RAB18;ARF3;COPZ1;PLA2G6;KIF1B;GALNT1;SNAP29;PLIN3;TMED9;TMF1;M6PR;NAA38;KIF20B;UBE2Z,wald_stat,Reactome_2022
Negative Regulation Of MET Activity R-HSA-6807004,-0.9456352531528162,0.8661656587710219,0.525,STAM;PTPRJ;RNMT;UBB,wald_stat,Reactome_2022
Signaling By NOTCH R-HSA-157118,-0.9455708942453152,0.8639416851052276,0.6109375,H2AJ;AKT1;SNW1;CREBBP;H2AX;FBXW7;FURIN;PSMF1;MIB2;PSMD6;PSMB6;RFNG;TACC3;NOTCH1;TMED2;H3-3B;TLE4;APH1A;TNRC6A;AGO4;UBB;LFNG;H2AZ1;AGO2;HDAC9;SEL1L;PSMA1;PSME2;PSMB3;TBL1X;TFDP2;PSME1;ARRB1;PSMD9,wald_stat,Reactome_2022
Resolution Of Sister Chromatid Cohesion R-HSA-2500257,-0.9454578536948608,0.8619574289997078,0.5497553017944535,MAPRE1;CENPP;DYNLL2;PPP2CA;PPP2CB;DYNC1LI1;NUP133;CENPT;DYNC1LI2;PMEPA1;SEH1L;SMC3;SEC13,wald_stat,Reactome_2022
Mitotic Spindle Checkpoint R-HSA-69618,-0.9453075594257974,0.8600293752052421,0.5605815831987075,MAPRE1;CENPP;ANAPC15;DYNLL2;PPP2CA;ANAPC11;PPP2CB;DYNC1LI1;NUP133;CENPT;DYNC1LI2;SEH1L;SEC13;UBE2S,wald_stat,Reactome_2022
Signaling By WNT In Cancer R-HSA-4791275,-0.9449027730419743,0.8588903680571243,0.5180505415162455,CTBP1;PPP2CA;PPP2CB;AXIN1,wald_stat,Reactome_2022
Neuronal System R-HSA-112316,0.9446791038370957,0.8774083417626843,0.5546666666666666,PRKACB;PRKAR1A;ARL6IP5;EPB41;KCNA3;SLC1A7;KCNAB2;NPTN;MYO6;GNG10;NCALD;LIN7B;SHARPIN;HSPA8;PICK1;ABAT;SIPA1L1;PPFIA1;IL1RAP;CREB1;VAMP2;SH2D3C;PDLIM5;APBA3;DLG1;DLGAP4,wald_stat,Reactome_2022
Fc Epsilon Receptor (FCERI) Signaling R-HSA-2454202,0.9441645105631824,0.8747351651800522,0.5849056603773585,PPP3CB;UBE2D2;MAP2K4;RASGRP1;PRKCQ;RASGRP2;JUN;PSMD2;NFATC2;PSMB2;PSMD11;GRAP2,wald_stat,Reactome_2022
Vpu Mediated Degradation Of CD4 R-HSA-180534,-0.9439138535662247,0.8590576503657387,0.5754385964912281,PSMF1;PSMD6;PSMB6;UBB;PSME4;PSMA1;PSME2;PSMB3;PSME1;PSMD9;SKP1;PSMC2;PSMD7;PSMC3,wald_stat,Reactome_2022
Activated TAK1 Mediates P38 MAPK Activation R-HSA-450302,-0.943094038636319,0.8590229350567631,0.5508021390374331,MAPKAPK2;MAP2K3;IRAK1;RIPK2,wald_stat,Reactome_2022
Beta-catenin Phosphorylation Cascade R-HSA-196299,0.9416507215963252,0.8779035146586598,0.5245901639344263,PPP2R5A;PPP2R5D;PPP2R5C,wald_stat,Reactome_2022
Interferon Signaling R-HSA-913531,0.9405996920688323,0.8766564418836991,0.6424581005586593,KPNB1;GBP5;NUP62;KPNA3;IRF2;NUP50;TRIM22;BCL11B;IFNG;TRIM35;ISG20;PLCG1;GBP4;IFNAR1;ARIH1;NUP37;IFIT5;IFNAR2;IRF3;PTPN1;TRIM38;GNL3;EIF4A2;NUP58;PPM1B;RIGI;ABCE1;EIF4G1;NUP188,wald_stat,Reactome_2022
Hedgehog On State R-HSA-5632684,-0.9404692313822199,0.864313494448018,0.5598006644518272,GRK2;PSMF1;CUL3;PSMD6;PSMB6;UBB;PSME4;SPOPL;PSMA1;PSME2;PSMB3;PTCH2;PSME1;SMURF1;ARRB1;PSMD9;PSMC2;PSMD7;PSMC3;ARRB2;PSMD3,wald_stat,Reactome_2022
Negative Epigenetic Regulation Of rRNA Expression R-HSA-5250941,0.9396359890663308,0.8752823680977593,0.5590551181102362,HDAC1;UBTF;H2BC15;SMARCA5;TBP;GTF2H1;GTF2H3;H2AC6;POLR1H;GTF2H5;H2AC4;CCNH;POLR1D;TAF1B;POLR1E;H2BC9;SIN3B,wald_stat,Reactome_2022
Transport Of SLBP Independent Mature mRNA R-HSA-159227,-0.9386817012032286,0.8670112739182786,0.5594795539033457,ALYREF;NUP54;NUP133;NCBP1;SEH1L;SEC13,wald_stat,Reactome_2022
Transport Of Small Molecules R-HSA-382551,-0.9385353241308056,0.8651155714817128,0.6361111111111111,FTL;SLC15A4;SLC22A5;FTH1;TCIRG1;MAGT1;GNAS;ATP6V1H;ACO1;GNB1;FURIN;SLC2A1;SLC9B2;PSMF1;SLC25A26;ADCY7;SLC35D2;MCUB;GNGT2;PSMD6;CAND1;PSMB6;MYLIP;NPC2;CLCN6;ATP6V0C;TRPM7;PRKCA;DERL1;ASPH;SLC7A5;PRKAR2A;UBB;ATP8A1;P4HB;PSME4;CALM1;SLC9A1;FBXL5;APOBR;FXYD7;SLC38A5;SEL1L;ABCA5;SLC25A5;ABCA3;ATP6V1G1;PSMA1;PSME2;SLC3A2;PSMB3;LRRC8C;ABCA7;ADCY9;BEST1;PSME1;PSMD9;PMPCA;SLC9A3;AP2A1;CLCN7;SLC27A1;TRPM2;CYB5R4;SKP1;PSMC2;PHB1;MICU3;PSMD7;SLC5A6;PSMC3;SLC2A8;SLC4A4;VDAC1;AP2M1;STOML2;SLC1A4;ATP1B3;SLC16A1;AP2A2;ATP11C;ATP2B1;ANO8;PSMD3;ABCB1;ATP8B4;ABCB7;MAIP1;ATP1B1;PARL;TRPC4AP,wald_stat,Reactome_2022
MAPK Targets/ Nuclear Events Mediated By MAP Kinases R-HSA-450282,-0.9381074801751043,0.8639931148938386,0.5398550724637681,MAPKAPK2;PPP2CA;MAPK9;PPP2CB,wald_stat,Reactome_2022
APC/C-mediated Degradation Of Cell Cycle Proteins R-HSA-174143,-0.9373643884363949,0.8637620959495944,0.5887230514096186,ANAPC15;ANAPC11;PSMF1;FBXO5;PSMD6;PSMB6;UBB;PSME4;UBE2S;CDC14A;PSMA1;PSME2;PSMB3;PSME1;PSMD9;SKP1;PSMC2;PSMD7;PSMC3,wald_stat,Reactome_2022
Regulation Of APC/C Activators Between G1/S And Early Anaphase R-HSA-176408,-0.9355322533519685,0.8665685030905583,0.5880398671096345,ANAPC15;ANAPC11;PSMF1;FBXO5;PSMD6;PSMB6;UBB;PSME4;UBE2S;PSMA1;PSME2;PSMB3;PSME1;PSMD9;SKP1;PSMC2;PSMD7;PSMC3;ANAPC5;PSMD3,wald_stat,Reactome_2022
Nuclear Envelope (NE) Reassembly R-HSA-2995410,0.9342102987924372,0.8876441522289293,0.5895691609977324,TUBA1A;KPNB1;LBR;NUP62;TMPO;RAN;NUP37;VRK1;CC2D1B;NUP58;TUBB;NUP188;TUBA1C;NUP85,wald_stat,Reactome_2022
Constitutive Signaling By AKT1 E17K In Cancer R-HSA-5674400,-0.9335412665357609,0.8701082210566314,0.5460636515912898,AKT1;BAD;GSK3A;MAPKAP1;MLST8,wald_stat,Reactome_2022
Biosynthesis Of N-glycan Precursor (Dolichol LLO) And Transfer To Protein R-HSA-446193,0.9303417438013549,0.89507547081667,0.615,ST8SIA4;ST6GAL1;ALG13;CTSA;CMAS;ALG6;DPAGT1;ST3GAL1;ALG3;GLB1;ALG1;GMDS;PGM3;DOLPP1;FCSK;ST3GAL5;ST3GAL2;SLC35C1;FPGT;ST3GAL3;ALG11,wald_stat,Reactome_2022
Signaling By BRAF And RAF1 Fusions R-HSA-6802952,-0.9299206686202908,0.8777422315773938,0.6045296167247387,QKI;NRAS;MAP2K2;ATG7;CLCN6;AGTRAP;KDM7A;CALM1;MPRIP;BRAF;ARRB1;TRAK1;PAPSS1;ARRB2;AP3B1;AGK;ITGA2B;LMNA,wald_stat,Reactome_2022
Phospholipid Metabolism R-HSA-1483257,0.9287762192733853,0.895604685011249,0.6515580736543909,PIK3CG;MTMR4;ABHD3;CDIPT;GPAT4;PIKFYVE;HADHA;PI4K2B;PNPLA2;CPNE3;PIP5K1A;AGPAT1;TAFAZZIN;CEPT1;LPCAT1;LPCAT3;MIGA1;MTMR6;SLC44A2;PIK3CA;CRLS1;PTEN;SELENOI;SH2D3C;GDPD5;PIK3R4;LPIN2;TNFAIP8;GDPD1;GPD2;ABHD4;PIK3R2;SACM1L,wald_stat,Reactome_2022
Assembly Of ORC Complex At Origin Of Replication R-HSA-68616,-0.9280100379499288,0.8806917158378821,0.5616698292220114,H2AJ;H2AX;H3-3B;ORC4;H2AZ1,wald_stat,Reactome_2022
Separation Of Sister Chromatids R-HSA-2467813,-0.9278996728568834,0.8786897263193862,0.625,MAPRE1;CENPP;ANAPC15;DYNLL2;PPP2CA;ANAPC11;PSMF1;PSMD6;PSMB6;PPP2CB;DYNC1LI1;NUP133;CENPT;UBB;DYNC1LI2;PMEPA1;SEH1L;PSME4;SMC3;SEC13;UBE2S;PSMA1;PSME2;PSMB3;SGO2;CENPH;PSME1;PSMD9,wald_stat,Reactome_2022
Regulation Of NF-kappa B Signaling R-HSA-9758274,-0.9273473536544018,0.8779049480637254,0.5583941605839416,N4BP1;UBB;IKBKB;USP18,wald_stat,Reactome_2022
Glycolysis R-HSA-70171,0.9264716954908746,0.8983082157205954,0.5994962216624685,PRKACB;NUP62;NUP50;PPP2R5D;HOOK2;NUP37;PFKP;MAP4K2;GNPDA2;PKM;NUP58;NUP188;NUP85,wald_stat,Reactome_2022
Switching Of Origins To A Post-Replicative State R-HSA-69052,-0.9261155808540281,0.8790109924915671,0.6006600660066007,ANAPC15;ANAPC11;PSMF1;PSMD6;PSMB6;ORC4;UBB;PSME4;UBE2S;GMNN;PSMA1;PSME2;PSMB3;PSME1;PSMD9;SKP1;PSMC2;PSMD7;PSMC3;MCM4;ANAPC5;PSMD3,wald_stat,Reactome_2022
Cellular Response To Hypoxia R-HSA-1234174,0.9260466431882283,0.8951797176564302,0.6211764705882353,MIA3;UBE2D2;PSMD2;PSMB2;PSMD11;EGLN1;CITED2;HIF1A;PSMD10;PSMD4;RBX1;PSMD13;PSMA5;LIMD1;UBC,wald_stat,Reactome_2022
Hedgehog Off State R-HSA-5610787,-0.925059747650199,0.8795690512005762,0.5953177257525084,GNAS;OFD1;PSMF1;ADCY7;PSMD6;PSMB6;PRKCA;PRKAR2A;UBB;PSME4;PSMA1;PSME2;PSMB3;ADCY9;PSME1;PSMD9;SKP1;PSMC2;PSMD7;PSMC3,wald_stat,Reactome_2022
SARS-CoV-2 Infection R-HSA-9694516,-0.9239887644773972,0.8801965025549627,0.64375,MAP1LC3B;SEC24C;MAGT1;RPN2;AKT1;CHMP4B;CREBBP;FURIN;SEC24B;NUP54;CHMP2B;DDOST;MGAT4B;GSK3A;KPNA2;NUP133;BECN1;UBB;SEH1L;SUMO1;ISG15;YWHAE;IKBKB;PARP6;SEC24A;VPS39;SEC13;ZCRB1;IRAK1;ZDHHC3;MGAT4A;TRIM25;CHMP2A;ATG14;TYK2,wald_stat,Reactome_2022
ABC Transporter Disorders R-HSA-5619084,-0.9236633714114642,0.878942913278817,0.62478184991274,PSMF1;PSMD6;PSMB6;DERL1;UBB;PSME4;SEL1L;ABCA3;PSMA1;PSME2;PSMB3;PSME1;PSMD9;PSMC2;PSMD7;PSMC3,wald_stat,Reactome_2022
Toll-like Receptor Cascades R-HSA-168898,0.9233466889627543,0.8989177191828239,0.6904109589041096,PTPN4;MAPK14;UBE2D2;MAP2K4;S100A8;S100A9;PPP2R5D;MAP2K1;JUN;GSDMD;SARM1;IRAK4;LRRC14;USP14;RIPK1,wald_stat,Reactome_2022
Recognition Of DNA Damage By PCNA-containing Replication Complex R-HSA-110314,0.9223378963469268,0.8976336585370208,0.5768321513002365,RPA3;RFC5;RFC4;UBE2B;RBX1;UBC;RAD18;CUL4A;POLD3;UBA52,wald_stat,Reactome_2022
Ion Transport By P-type ATPases R-HSA-936837,0.9215981701550671,0.8955125975013235,0.5653153153153153,ATP10D;ATP1A3;ATP2B4;ATP2A3;CUTC,wald_stat,Reactome_2022
Sensory Processing Of Sound R-HSA-9659379,0.9209552732191743,0.8930114363643543,0.5778301886792453,SPTAN1;RIPOR2;CAPZA1;ATP2B4,wald_stat,Reactome_2022
SARS-CoV-2 Activates/Modulates Innate And Adaptive Immune Responses R-HSA-9705671,0.9206975020773357,0.8896525861189759,0.6563307493540051,G3BP1;NUP62;TRIM4;NUP50;SEC23A;TOMM70;STING1;IFNAR1;CNBP;NUP37;IFNAR2;SIKE1;IRF3;NUP58;RIGI;G3BP2;NUP188;PIK3R4;NUP85,wald_stat,Reactome_2022
p53-Dependent G1 DNA Damage Response R-HSA-69563,-0.9200822335432635,0.8864389729176041,0.6331569664902998,PSMF1;PSMD6;PSMB6;PCBP4;UBB;PSME4;MDM4;PSMA1;PSME2;PSMB3;PHF20;PSME1;PSMD9;PSMC2;PSMD7;PSMC3,wald_stat,Reactome_2022
Stabilization Of P53 R-HSA-69541,-0.9200646149083905,0.8841857370818643,0.6175438596491228,PSMF1;PSMD6;PSMB6;UBB;PSME4;MDM4;PSMA1;PSME2;PSMB3;PHF20;PSME1;PSMD9;PSMC2;PSMD7;PSMC3,wald_stat,Reactome_2022
FOXO-mediated Transcription R-HSA-9614085,0.919516627330644,0.8888534109480987,0.5794621026894865,HDAC1;RBL2;CDKN1B;CITED2;YWHAZ;YWHAB;AKT3;MAP4K2,wald_stat,Reactome_2022
HDR Thru Homologous Recombination (HRR) Or Single Strand Annealing (SSA) R-HSA-5693567,0.919105446803119,0.8858010411502131,0.6266318537859008,H2BC15;RPA3;PPP4C;RFC5;PPP4R2;POLK;RFC4;HERC2;MDC1;RAD52;RAD17;GEN1;ATRIP;UBC;MRE11;TIMELESS;RNF8;RAD51C;H2BC9;ATM;H2BC12;NSD2,wald_stat,Reactome_2022
Peptide Ligand-Binding Receptors R-HSA-375276,-0.9184297776053552,0.8862802790868296,0.5863309352517986,XCL1;HEBP1;XCL2;CCL4;CCL5;RIPK2;C3AR1;CXCR3,wald_stat,Reactome_2022
Cell Cycle R-HSA-1640170,-0.917442650918446,0.8866197717476628,0.7589403973509934,MAPRE1;RAB1A;CENPP;H2AJ;TERF1;AKT1;RTEL1;GORASP2;ANAPC15;CSNK2B;CHMP4B;DYNLL2;H2AX;CDKN2D;PPP2CA;ANAPC11;OFD1;POLR2C;PSMF1;NUP54;CSNK1D;FBXO5;TUBB4B;CHMP2B;POLR2D;PSMD6;PSMB6;POLR2G;DCTN3;CEP70;RHNO1;KMT5A;PPP2CB;ESCO1;PRKCA;H3-3B;PCBP4;DYNC1LI1;CEP152;NUP133;CENPT;FBXL18;MZT1;ORC4;UBB;DYNC1LI2;DBF4;MNAT1;H2AZ1;PMEPA1;RAB2A;SEH1L;SUMO1;PSME4;SMC3;MCPH1;YWHAE;PRKCB;CSNK2A2;OPTN;SEC13;MDM4;CKS1B;UBE2S;SUN1;LPIN1;POLR2E;LYN;CDC14A;CDK7;PPP2R2D;HAUS2;GMNN;PSMA1;PSME2;RAD9A;CHMP2A;VPS4A;TYMS;PSMB3;SGO2;TFDP2;CLSPN;CENPH;TUBA4A;CEP131;CSNK1E;PHF20;PSME1;POLR2J;POM121;PSMD9;VRK2,wald_stat,Reactome_2022
Synthesis Of PC R-HSA-1483191,-0.9174265711449794,0.8843890998609915,0.572972972972973,CSNK2B;CHKB;CSNK2A2;LPIN1;PEMT;CHPT1;PCYT1A,wald_stat,Reactome_2022
G1/S DNA Damage Checkpoints R-HSA-69615,-0.9169538532355538,0.8833854409566536,0.6370106761565836,PSMF1;PSMD6;PSMB6;PCBP4;UBB;PSME4;MDM4;PSMA1;PSME2;PSMB3;PHF20;PSME1;PSMD9;PSMC2;PSMD7;PSMC3,wald_stat,Reactome_2022
IRS-mediated Signaling R-HSA-112399,-0.91694052494617,0.88116873499627,0.5827338129496403,NRAS;IRS2;PIK3R1,wald_stat,Reactome_2022
SUMOylation R-HSA-2990846,0.9166080178961787,0.888809400471714,0.6875,HDAC1;TRIM27;NUP62;NUP50;NSMCE3;SMC6;MBD1;DAXX;SUZ12;DDX17;DDX5;CDKN2A;HERC2;NUP37;HNRNPK;MDC1;PARP1;PHC3;RAD52,wald_stat,Reactome_2022
Interleukin-1 Signaling R-HSA-9020702,-0.9161966283313261,0.881156084043982,0.6435483870967742,MAP3K8;TNIP2;PSMF1;PSMD6;PSMB6;NFKBIB;N4BP1;UBB;NFKB1;PSME4;IKBKB;USP18;IRAK1;PSMA1;PSME2;PSMB3;RIPK2;PSME1;PSMD9;SKP1;PSMC2;PSMD7;PSMC3,wald_stat,Reactome_2022
SARS-CoV Infections R-HSA-9679506,-0.9160211387787042,0.8793706181371568,0.6931982633863966,GATAD2A;MAP1LC3B;SEC24C;MAGT1;RPN2;AKT1;CHMP4B;IFNGR1;CREBBP;FURIN;SAP18;CRBN;SEC24B;NUP54;CD79B;ZBP1;CHMP2B;CUL3;DDOST;MGAT4B;GSK3A;KPNA2;NUP133;BECN1;BRD4;UBB;SEH1L;SUMO1;SAP30L;ISG15;YWHAE;IKBKB;PARP6;SEC24A;VPS39;SEC13;FXYD7;ZCRB1;IRAK1;ZDHHC3;MGAT4A;TRIM25;CHMP2A;ATG14;TYK2;NFE2L2;PHF21A;RIPK2;POM121;UBE2I;HMG20B;GEMIN4;AP2A1,wald_stat,Reactome_2022
Degradation Of DVL R-HSA-4641258,-0.9147169146480388,0.8806670879882935,0.6161790017211703,PSMF1;CUL3;PSMD6;PSMB6;UBB;PSME4;PSMA1;PSME2;PSMB3;PSME1;PSMD9;PSMC2;PSMD7;PSMC3,wald_stat,Reactome_2022
rRNA Processing R-HSA-72312,-0.9143137125759376,0.8794891972791934,0.658307210031348,DDX52;KRR1;NOL12;BYSL;C1D;UTP3;EXOSC10;CSNK1D;HSD17B10;ISG20L2;PDCD11;RIOK3;LTV1;WDR36;RSL24D1;PNO1;BUD23;SENP3;CSNK1E;TRMT112;SNU13,wald_stat,Reactome_2022
Transport Of SLBP Dependant Mature mRNA R-HSA-159230,-0.9138000186131879,0.8786249401007912,0.620253164556962,ALYREF;NUP54;NUP133;NCBP1;SEH1L;SEC13,wald_stat,Reactome_2022
Ion Channel Transport R-HSA-983712,-0.9137318626329274,0.8765987053830295,0.6138279932546374,TCIRG1;ATP6V1H;SLC9B2;CLCN6;ATP6V0C;TRPM7;ASPH;UBB;ATP8A1;CALM1;FXYD7;ATP6V1G1;BEST1;CLCN7;TRPM2;ATP1B3;ATP11C;ATP2B1;ANO8;ATP8B4;ATP1B1;TRPC4AP,wald_stat,Reactome_2022
Senescence-Associated Secretory Phenotype (SASP) R-HSA-2559582,-0.9128137054463175,0.8767145947715315,0.5953565505804311,H2AJ;ANAPC15;H2AX;CDKN2D;ANAPC11;H3-3B;UBB;H2AZ1;NFKB1;UBE2S,wald_stat,Reactome_2022
Conversion From APC/C:Cdc20 To APC/C:Cdh1 In Late Anaphase R-HSA-176407,-0.911820966400123,0.8771602831426819,0.6042031523642732,ANAPC15;ANAPC11;UBE2S;CDC14A,wald_stat,Reactome_2022
Nicotinate Metabolism R-HSA-196807,-0.9117209157808284,0.8752774812651912,0.5865921787709497,NADSYN1;PARP6;CD38,wald_stat,Reactome_2022
Hedgehog Ligand Biogenesis R-HSA-5358346,-0.911228494282095,0.8743405262437434,0.6161616161616161,PSMF1;PSMD6;PSMB6;UBB;P4HB;PSME4;SEL1L;PSMA1;PSME2;PSMB3;PSME1;PSMD9;PSMC2;PSMD7;PSMC3,wald_stat,Reactome_2022
Sensory Processing Of Sound By Outer Hair Cells Of Cochlea R-HSA-9662361,0.9111523829196067,0.9001911279523697,0.586046511627907,SPTAN1;RIPOR2;ATP2B4,wald_stat,Reactome_2022
Platelet Calcium Homeostasis R-HSA-418360,0.9110430138553719,0.8962794009784125,0.5444915254237288,STIM1;ATP2B4;ATP2A3,wald_stat,Reactome_2022
"PI5P, PP2A And IER3 Regulate PI3K/AKT Signaling R-HSA-6811558",-0.9103526657757257,0.8743892226114328,0.621342512908778,AKT1;IRS2;IER3;PPP2CA;PIP4K2A;RNMT;PPP2CB;PIK3R1,wald_stat,Reactome_2022
Downstream Signal Transduction R-HSA-186763,-0.9094840321340669,0.8744789099276631,0.5878003696857671,NCK2;NRAS;RAPGEF1;PIK3R1,wald_stat,Reactome_2022
Metabolism Of Lipids R-HSA-556833,0.9090364427853077,0.8975812536969189,0.8837209302325582,KPNB1;PRKACB;MIA3;LBR;THRAP3;SMPD1;PIK3CG;STARD3NL;MED31;PTGES3;CERK;ELOVL6;SEC23A;PPP1CB;MTMR4;ABHD3;CDIPT;GPAT4;PIKFYVE;HADHA;PI4K2B;PNPLA2;MED28;CPNE3;PIP5K1A;AGPAT1;RAN;HACD2;TAFAZZIN;FAM120B;KDSR;CEPT1;PTGDS;LPCAT1;ACBD5;CTSA;ACSL4;HADH;CROT;SMPD3;LPCAT3;HMGCS1;ARSG;ACADM;MCAT;HPGD;PTGES2;MIGA1;FAR1;MTMR6;SLC44A2;PHYH;PIK3CA;FDPS;PRKD3;HSD17B12;INSIG2;GBA2;CRLS1;FDXR;BDH2;SMPD4;ALAS1;VAPB;PTEN;SELENOI;SH2D3C;GDPD5;PIK3R4;LPIN2;PPM1L;PPARA;AACS;PRKD2;CPT1A;GLB1;TNFAIP8;FDFT1;DHRS7B;PPP1CC;ACAA2;MED7;MMUT;AKR1C3;GDPD1;GPD2;ABHD4;NCOA6;PIK3R2;SACM1L;RXRB;MED16;SGPL1;GGPS1;ARV1;GLIPR1;SIN3B;PIK3R3;RORA;PITPNM1;SPTSSB;MED24;LPCAT4;MED25;CPTP,wald_stat,Reactome_2022
Listeria Monocytogenes Entry Into Host Cells R-HSA-8876384,-0.9085096480634715,0.8749026800695552,0.5630397236614854,STAM;RNMT;UBB,wald_stat,Reactome_2022
Ubiquitin Mediated Degradation Of Phosphorylated Cdc25A R-HSA-69601,-0.9080645434377974,0.8739157035585202,0.6214788732394366,PSMF1;PSMD6;PSMB6;UBB;PSME4;PSMA1;PSME2;PSMB3;PSME1;PSMD9;PSMC2;PSMD7;PSMC3,wald_stat,Reactome_2022
Defective CFTR Causes Cystic Fibrosis R-HSA-5678895,-0.9079045402408598,0.8721668573496264,0.6451612903225806,PSMF1;PSMD6;PSMB6;DERL1;UBB;PSME4;SEL1L;PSMA1;PSME2;PSMB3;PSME1;PSMD9;PSMC2;PSMD7;PSMC3,wald_stat,Reactome_2022
Interleukin-2 Family Signaling R-HSA-451927,0.9075652416883857,0.8973714116574967,0.5915178571428571,STAT3;STAT4;IL5RA;STAT5A;HAVCR2;LCK;PIK3CA,wald_stat,Reactome_2022
Caspase Activation Via Extrinsic Apoptotic Signaling Pathway R-HSA-5357769,-0.906757220709576,0.8730667806266245,0.5816876122082585,FASN;DAPK3;CASP3,wald_stat,Reactome_2022
Cyclin D Associated Events In G1 R-HSA-69231,-0.9066391504212858,0.8712742578914602,0.6125211505922166,CDKN2D;PPP2CA;PPP2CB;UBB;MNAT1;CKS1B;LYN;CDK7;TFDP2,wald_stat,Reactome_2022
HDACs Deacetylate Histones R-HSA-3214815,0.9061819812430464,0.8973534896367209,0.6365795724465558,HDAC1;H2BC15;RBBP4;HDAC8;H2AC6;H2AC11;ARID4A;H2AC4;MTA2;H2BC9;BRMS1L;REST;H2BC12,wald_stat,Reactome_2022
Transcriptional Regulation Of White Adipocyte Differentiation R-HSA-381340,-0.905022504869428,0.8732608155007767,0.6460176991150443,MED10;TGFB1;CREBBP;NCOA1;MED30;MED13L;CARM1;NFKB1;MED4;MED19;SREBF1;TBL1X,wald_stat,Reactome_2022
Cyclin A:Cdk2-associated Events At S Phase Entry R-HSA-69656,0.9036331270796174,0.9002112382848175,0.6921182266009852,RBL2;RBBP4;MAX;PSMD2;PSMB2;PSMD11;CDKN1B;E2F4;AKT3;CDC25B;PSMD10;PSMD4;PSMD13;TFDP1;PSMA5;CCNH;UBC;PSMB5;RB1,wald_stat,Reactome_2022
Response To Elevated Platelet Cytosolic Ca2+ R-HSA-76005,-0.9028697227223417,0.8765535727333386,0.6518883415435139,CD63;TGFB1;VEGFB;TIMP1;APOOL;ACTN4;PRKCA;QSOX1;CALU;CALM1;PRKCB;CTSW;SRGN;TUBA4A;PFN1;HSPA5;SPARC;LAMP2;RAB27B;CHID1,wald_stat,Reactome_2022
Activated NOTCH1 Transmits Signal To Nucleus R-HSA-2122948,-0.9024663045526116,0.8753882827886196,0.6086956521739131,MIB2;NOTCH1;APH1A;UBB,wald_stat,Reactome_2022
CDK-mediated Phosphorylation And Removal Of Cdc6 R-HSA-69017,-0.9005798311991613,0.877880162192196,0.6511627906976745,ANAPC15;ANAPC11;PSMF1;PSMD6;PSMB6;UBB;PSME4;UBE2S;PSMA1;PSME2;PSMB3;PSME1;PSMD9;PSMC2;PSMD7;PSMC3;ANAPC5;PSMD3,wald_stat,Reactome_2022
Clathrin-mediated Endocytosis R-HSA-8856828,-0.9003326211930086,0.8763873615123934,0.6666666666666666,RAB5C;IGF2R;GRK2;CLTB;STAM;NECAP1;COPS8;COPS3;CD3D;ARPC2;UBB;GAK;ARF6;TGOLN2;ARRB1;AP2A1;AREG;COPS4;EPN1;SLC2A8;AP2M1;WASL;SNX9;SYNJ1;ARRB2;AP2A2;M6PR;DNM2,wald_stat,Reactome_2022
Pyroptosis R-HSA-5620971,0.9001911764719207,0.9053252722153093,0.5968468468468469,IRF2;CYCS;GZMB;GSDMD,wald_stat,Reactome_2022
FLT3 Signaling In Disease R-HSA-9682385,0.898639684269903,0.9053978219286977,0.6306306306306306,TRIP11;BCL2L1;STAT5A;PIK3CA;UBC;GOLGB1;PTPN11;FLT3LG;ZMYM2;UBA52,wald_stat,Reactome_2022
Deregulated CDK5 Triggers Neurodegenerative Pathways In Alzheimers Disease Models R-HSA-8862803,0.8985733595083516,0.9014603339056216,0.6158798283261803,JUN;PRDX2;CDC25B;CAPN1;BCL2L11;CDK5;PRDX1,wald_stat,Reactome_2022
NS1 Mediated Effects On Host Pathways R-HSA-168276,0.8983988303379973,0.897941000975879,0.6293706293706294,KPNB1;NUP62;KPNA3;NUP50,wald_stat,Reactome_2022
Immunoregulatory Interactions Between A Lymphoid And A non-Lymphoid Cell R-HSA-198933,-0.8981493532019696,0.8797960520880438,0.6626297577854672,CD81;MICB;CD3D;CD96;LAIR2;NPDC1;HCST;TYROBP;KIR3DL2;ICAM3;ITGAL;NCR1;ICAM1;HLA-F;CRTAM;LAIR1;HLA-B;SH2D1B;IFITM1;KLRF1;ITGB2;HLA-E;CD160,wald_stat,Reactome_2022
HATs Acetylate Histones R-HSA-3214847,-0.8979261611106473,0.8782123900162306,0.6625,TADA1;TAF10;KANSL2;CREBBP;NCOA1;ING3;HCFC1;TADA2B;EPC1;MSL2;ELP5;YEATS2;BRD1;TAF6L;KAT7;ELP6;PHF20;H2AC25;ELP2;SUPT7L;OGT;MBIP;ATXN7,wald_stat,Reactome_2022
Oncogene Induced Senescence R-HSA-2559585,-0.895530936300507,0.8821862389872832,0.6400709219858156,CDKN2D;TNRC6A;AGO4;UBB;MDM4;TFDP2;ETF1;ID1,wald_stat,Reactome_2022
Transcriptional Regulation By VENTX R-HSA-8853884,-0.8939367319408544,0.8840741335667992,0.6552901023890785,ANAPC15;ANAPC11;TNRC6A;AGO4;NFKB1;UBE2S,wald_stat,Reactome_2022
Regulation Of Ornithine Decarboxylase (ODC) R-HSA-350562,-0.8921435759886515,0.8863028689271353,0.6554770318021201,PSMF1;PSMD6;PSMB6;PSME4;PSMA1;PSME2;AZIN1;PSMB3;PSME1;PSMD9;PSMC2;PSMD7;PSMC3,wald_stat,Reactome_2022
Toll Like Receptor 4 (TLR4) Cascade R-HSA-166016,-0.8915792687256625,0.8856336503646804,0.705511811023622,MAP3K8;MAPKAPK2;MAP2K3;PPP2CA;TNIP2;MAPK9;MAP2K7;BIRC2;NFKBIB;PPP2CB;N4BP1;UBB;NFKB1;ITGAM;IKBKB;USP18;SOCS1;IRAK1,wald_stat,Reactome_2022
Diseases Of Carbohydrate Metabolism R-HSA-5663084,0.8915582208108273,0.912483284591383,0.6294642857142857,HGSNAT;GYG1;GAA;GLB1;UBC;GYS1;RPIA;GNS;ARSB;UBA52,wald_stat,Reactome_2022
SUMOylation Of DNA Damage Response And Repair Proteins R-HSA-3108214,0.8911199942546351,0.9095285499783168,0.6932668329177057,NUP62;NUP50;NSMCE3;SMC6;CDKN2A;HERC2;NUP37;MDC1;PARP1;PHC3;RAD52,wald_stat,Reactome_2022
Gluconeogenesis R-HSA-70263,0.8893795889612326,0.9102354295370543,0.6158798283261803,PCNX4;MDH1;SLC25A13;ENO2;ALDOC;TPI1;PCK2,wald_stat,Reactome_2022
Nucleotide Excision Repair R-HSA-5696398,0.8893045912134704,0.906467623293395,0.7092731829573935,COPS5;RPA3;COPS7A;RNF111;INO80D;RFC5;GTF2H1;DDB2;POLK;RFC4;GTF2H3;ZNF830;INO80B;RAD23B;PARP1;RUVBL1,wald_stat,Reactome_2022
Asymmetric Localization Of PCP Proteins R-HSA-4608870,-0.8886363443373242,0.8905914103601417,0.6706689536878216,PSMF1;PSMD6;PSMB6;UBB;PSME4;PSMA1;PSME2;PSMB3;PSME1;SMURF1;PSMD9;PSMC2;PSMD7;PSMC3,wald_stat,Reactome_2022
Defective TPR May Confer Susceptibility Towards Thyroid Papillary Carcinoma (TPC) R-HSA-5619107,0.8885257727458884,0.9044642157218968,0.6441441441441441,NUP62;NUP50;NUP37;MAP4K2;NUP58;NUP188;NUP85,wald_stat,Reactome_2022
Signaling By NOTCH2 R-HSA-1980145,0.8873820147540339,0.9034970745097395,0.6697247706422018,MAML1;GZMB;PSEN1;ADAM10;CREB1;UBC,wald_stat,Reactome_2022
APC/C:Cdc20 Mediated Degradation Of Securin R-HSA-174154,-0.8873564296009063,0.8917151838707168,0.6538461538461539,ANAPC15;ANAPC11;PSMF1;PSMD6;PSMB6;UBB;PSME4;UBE2S;PSMA1;PSME2;PSMB3;PSME1;PSMD9;PSMC2;PSMD7;PSMC3;ANAPC5;PSMD3,wald_stat,Reactome_2022
Metabolism Of Nucleotides R-HSA-15869,0.8854074079302785,0.9048169328920953,0.6882494004796164,DCK;ADK;DPYD;DUT;NUDT5;IMPDH2;RRM1;AK5;ADSL;GMPR2;AK6;ADSS2;NUDT18;PFAS;AK9;NME4;CMPK1;DCTD;GMPS;TXNRD1,wald_stat,Reactome_2022
Assembly Of Pre-Replicative Complex R-HSA-68867,-0.8841364121913914,0.8974778575676969,0.714759535655058,H2AJ;ANAPC15;H2AX;ANAPC11;PSMF1;PSMD6;PSMB6;H3-3B;ORC4;UBB;H2AZ1;UBE2S;GMNN;PSMA1;PSME2;PSMB3;KPNA1;PSME1;PSMD9,wald_stat,Reactome_2022
Host Interactions Of HIV Factors R-HSA-162909,-0.8840874541819977,0.8954502152970428,0.7004754358161648,ATP6V1H;PSMF1;NUP54;PSMD6;PSMB6;ELOB;PKN2;NUP133;AP1S1;UBB;SEH1L;PSME4;CUL5;SEC13;CCNT1;SLC25A5;PSMA1;PSME2;PSMB3;DOCK2;KPNA1;PSME1;POM121;PSMD9;CDK9;AP2A1;SKP1;PSMC2;PSMD7;PSMC3;AP2M1;AP1G1;AP2A2,wald_stat,Reactome_2022
RHOBTB GTPase Cycle R-HSA-9706574,-0.8832167116340448,0.8955355623133627,0.634315424610052,TWF1;VIM;CPSF7;TRA2B;CUL3,wald_stat,Reactome_2022
PINK1-PRKN Mediated Mitophagy R-HSA-5205685,-0.8815711549331918,0.8973827354781719,0.6385964912280702,MAP1LC3B;TOMM22;UBB;TOMM5;PINK1;TOMM40,wald_stat,Reactome_2022
Chromosome Maintenance R-HSA-73886,-0.8813745781585197,0.8958246911035417,0.7105691056910569,CENPP;H2AJ;TERF1;RTEL1;H2AX;POLR2C;POLR2D;POLR2G;H3-3B;CENPT;H2AZ1,wald_stat,Reactome_2022
Telomere Maintenance R-HSA-157579,-0.8804967966726537,0.8958021837699225,0.6894308943089431,H2AJ;TERF1;RTEL1;H2AX;POLR2C;POLR2D;POLR2G;H3-3B;H2AZ1,wald_stat,Reactome_2022
ISG15 Antiviral Mechanism R-HSA-1169408,0.8802092876414684,0.9142781393164624,0.7004830917874396,KPNB1;NUP62;KPNA3;NUP50;PLCG1;ARIH1;NUP37;IRF3;GNL3;EIF4A2;NUP58;PPM1B;RIGI;EIF4G1;NUP188;NUP85;UBC;EIF4G3;UBA7;NUP42,wald_stat,Reactome_2022
Nucleotide Salvage R-HSA-8956321,-0.8799019875815378,0.8951559252097425,0.5920303605313093,UPP1;TK2;UCK1;ADA;ADAL;HPRT1;UCKL1,wald_stat,Reactome_2022
HCMV Late Events R-HSA-9610379,0.8795802333050665,0.9118238179061718,0.7482352941176471,NUP62;H2BC15;NUP50;MVB12A;H2AC6;NUP37;HNRNPK;RRM1;CHMP1A;H2AC11;NUP58;NUP188;H2AC4;NUP85;VPS37A;H2BC9;NUP42;CHMP7;H2BC12,wald_stat,Reactome_2022
APC/C:Cdc20 Mediated Degradation Of Cyclin B R-HSA-174048,-0.8795334271346423,0.8939832405856747,0.6396551724137931,ANAPC15;ANAPC11;UBB;UBE2S,wald_stat,Reactome_2022
Signaling By ERBB2 In Cancer R-HSA-1227990,0.8784640523997773,0.9106929528691152,0.6255411255411255,ERBIN;ERBB2;PLCG1;PIK3CA,wald_stat,Reactome_2022
Oncogenic MAPK Signaling R-HSA-6802957,0.8775460662445622,0.9090082311685143,0.7036144578313253,ARAF;MAP2K1;DUSP16;VCL;PPP1CB;APBB1IP;FAM114A2;YWHAB;RAP1B,wald_stat,Reactome_2022
RNA Polymerase I Promoter Opening R-HSA-73728,-0.8760602771996645,0.900293298460188,0.6217228464419475,H2AJ;H2AX;H3-3B;H2AZ1,wald_stat,Reactome_2022
Glycosphingolipid Metabolism R-HSA-1660662,-0.8757157491852062,0.8990498849073119,0.6792792792792792,GLTP;ESYT2;SUMF2;ARSD;ARSA,wald_stat,Reactome_2022
mRNA Decay By 3 To 5 Exoribonuclease R-HSA-429958,0.8751238958740322,0.9109419914889916,0.6484018264840182,EXOSC2;EXOSC3;EXOSC8;DIS3;EXOSC5,wald_stat,Reactome_2022
Cross-presentation Of Soluble Exogenous Antigens (Endosomes) R-HSA-1236978,-0.8751201548193698,0.8983841430284142,0.6837455830388692,PSMF1;PSMD6;PSMB6;PSME4;PSMA1;PSME2;PSMB3;PSME1;PSMD9;PSMC2;PSMD7;PSMC3,wald_stat,Reactome_2022
Netrin-1 Signaling R-HSA-373752,0.8744585747933215,0.9088478502100379,0.6544276457883369,MAPK14;PRKCQ;PLCG1;NCK1;NEO1,wald_stat,Reactome_2022
Ubiquitin-dependent Degradation Of Cyclin D R-HSA-75815,-0.8733422035400188,0.9004747292807006,0.6843971631205674,PSMF1;PSMD6;PSMB6;UBB;PSME4;PSMA1;PSME2;PSMB3;PSME1;PSMD9;PSMC2;PSMD7;PSMC3,wald_stat,Reactome_2022
Regulation Of TP53 Activity Thru Phosphorylation R-HSA-6804756,-0.8730815434489171,0.899050558591822,0.6938775510204082,TAF11;TAF10;CSNK2B;PRKAG1;HIPK1;RHNO1;TAF15;UBB;CSNK2A2;TAF4;MDM4;PRKAG2;RAD9A,wald_stat,Reactome_2022
G2/M Transition R-HSA-69275,-0.8725474524323754,0.8982416668038158,0.7575301204819277,MAPRE1;PPP2CA;OFD1;PSMF1;CSNK1D;TUBB4B;PSMD6;PSMB6;DCTN3;CEP70;PPP2CB;PRKCA;CEP152;FBXL18;MZT1;UBB;MNAT1;PSME4;YWHAE;OPTN;CDK7;HAUS2;PSMA1;PSME2;PSMB3;TUBA4A;CEP131;CSNK1E;PSME1;PSMD9,wald_stat,Reactome_2022
Diseases Of Mitotic Cell Cycle R-HSA-9675126,0.8720336642111156,0.910937165201564,0.6959798994974874,DAXX;ANAPC10;CDKN1B;CDC26;ATRX;TFDP1;CDC16;RB1;CCND3;UBE2E1;ANAPC7;CCND2,wald_stat,Reactome_2022
Signaling By NOTCH1 R-HSA-1980143,0.8717656866117667,0.9076886106091147,0.6771084337349398,HDAC1;MAML1;HDAC8;PSEN1;HIF1A;HDAC5;TLE3;KAT2A;HDAC6;RBX1;ADAM10;ITCH;TLE1;DTX2;HEY2;UBC,wald_stat,Reactome_2022
"Nucleotide-binding Domain, Leucine Rich Repeat Containing NLR Signaling Pathways R-HSA-168643",-0.8716686788762199,0.8982725403674182,0.6728499156829679,PSTPIP1;BIRC2;NFKB1;IKBKB;CASP4;IRAK1;RIPK2;BIRC3;P2RX7;NLRP1;UBE2V1;HMOX1;CYLD;UBE2N,wald_stat,Reactome_2022
RHOBTB2 GTPase Cycle R-HSA-9013418,0.8708249011572203,0.906267446355917,0.6521739130434783,STK38;TMOD3;CCT6A;MYO6;CCT7;RBMX;CCT2,wald_stat,Reactome_2022
IGF1R Signaling Cascade R-HSA-2428924,-0.8695078222717686,0.8992698355096891,0.6739130434782609,NRAS;IRS2;PIK3R1;SHC1;IGF1R;PIK3CB;FGFR1;GRB2,wald_stat,Reactome_2022
Signaling By Type 1 Insulin-like Growth Factor 1 Receptor (IGF1R) R-HSA-2404192,-0.8695078222717686,0.8992698355096891,0.6739130434782609,NRAS;IRS2;PIK3R1;SHC1;IGF1R;PIK3CB;FGFR1;GRB2,wald_stat,Reactome_2022
IRS-related Events Triggered By IGF1R R-HSA-2428928,-0.8666083923677425,0.9040557121667481,0.6832740213523132,NRAS;IRS2;PIK3R1,wald_stat,Reactome_2022
FCGR3A-mediated IL10 Synthesis R-HSA-9664323,-0.8653568962031973,0.9050501743097454,0.6593001841620626,ADCY7;YES1;PRKCA;PRKAR2A;CALM1;LYN;ADCY9,wald_stat,Reactome_2022
Extra-nuclear Estrogen Signaling R-HSA-9009391,-0.8646359293427373,0.9046859104287522,0.709731543624161,NRAS;AKT1;GNB1;GNGT2;PIK3R1;CALM1;GNAI2;SHC1;IGF1R;AREG,wald_stat,Reactome_2022
Signaling By SCF-KIT R-HSA-1433557,-0.8645355797509248,0.9028693427205036,0.6714801444043321,NRAS;YES1;PRKCA;PIK3R1;SOCS1;LYN,wald_stat,Reactome_2022
Mitotic G2-G2/M Phases R-HSA-453274,-0.8645107702263642,0.9008758717947265,0.7858220211161387,MAPRE1;PPP2CA;OFD1;PSMF1;CSNK1D;TUBB4B;PSMD6;PSMB6;DCTN3;CEP70;PPP2CB;PRKCA;CEP152;FBXL18;MZT1;UBB;MNAT1;PSME4;YWHAE;OPTN;CDK7;HAUS2;PSMA1;PSME2;PSMB3;TUBA4A;CEP131;CSNK1E;PSME1;PSMD9,wald_stat,Reactome_2022
UCH Proteinases R-HSA-5689603,-0.8639643002398009,0.9000867244113904,0.7307060755336617,INO80E;TGFB1;PSMF1;UCHL3;PSMD6;PSMB6;HCFC1;UBB;FOXK1;PSME4;PSMA1;PSME2;PSMB3;FOXK2;PSME1;H2AC25;PSMD9;ASXL1;OGT;NFRKB;INO80C;PSMC2;PSMD7;PSMC3,wald_stat,Reactome_2022
Mitotic G1 Phase And G1/S Transition R-HSA-453279,-0.8637477414982465,0.8984968633824668,0.7688603531300161,AKT1;CDKN2D;PPP2CA;PSMF1;FBXO5;PSMD6;PSMB6;PPP2CB;ORC4;UBB;DBF4;MNAT1;CKS1B;LYN;CDK7;GMNN;PSMA1;PSME2;TYMS;PSMB3;TFDP2;PSME1;PSMD9;SKP1;PSMC2;PSMD7;PSMC3;MCM4;ABL1;PCNA;WEE1;PSMD3,wald_stat,Reactome_2022
RHOBTB1 GTPase Cycle R-HSA-9013422,-0.8621785981428782,0.8999723817390916,0.649090909090909,VIM;CPSF7;TRA2B;CUL3,wald_stat,Reactome_2022
Postmitotic Nuclear Pore Complex (NPC) Reformation R-HSA-9615933,0.8613392231877711,0.9250709612130041,0.7145833333333333,KPNB1;NUP62;RAN;NUP37;NUP58;NUP188;NUP85,wald_stat,Reactome_2022
Recruitment Of NuMA To Mitotic Centrosomes R-HSA-380320,-0.8612430137458719,0.9001002660633716,0.7163695299837926,MAPRE1;OFD1;CSNK1D;TUBB4B;DCTN3;CEP70;PRKCA;CEP152;MZT1;YWHAE;HAUS2;TUBA4A;CEP131;CSNK1E,wald_stat,Reactome_2022
Lysosome Vesicle Biogenesis R-HSA-432720,-0.8612324507057926,0.8981277414273424,0.6788321167883211,CLTB;AP1S1;AP4B1;CHMP2A;ARRB1;AP1G1;M6PR;DNM2,wald_stat,Reactome_2022
Cargo Recognition For Clathrin-Mediated Endocytosis R-HSA-8856825,-0.8606028928786972,0.8976323321434335,0.7300509337860781,IGF2R;GRK2;CLTB;STAM;NECAP1;COPS8;COPS3;CD3D;UBB;TGOLN2;ARRB1;AP2A1;AREG;COPS4;EPN1;SLC2A8;AP2M1;ARRB2;AP2A2;M6PR,wald_stat,Reactome_2022
Antiviral Mechanism By IFN-stimulated Genes R-HSA-1169410,0.8605584779769118,0.9230107440103203,0.7425,KPNB1;NUP62;KPNA3;NUP50;PLCG1;ARIH1;NUP37;IRF3;GNL3;EIF4A2;NUP58;PPM1B;RIGI;ABCE1;EIF4G1;NUP188;NUP85;UBC;EIF4G3;UBA7;NUP42,wald_stat,Reactome_2022
Mitochondrial Translation Initiation R-HSA-5368286,0.8600725262788028,0.9202724650913803,0.7868020304568528,MRPS7;MRPS35;MRPL49;MRPS33;MTFMT;MRPL3;MRPL34;MRPL15;MRPS18C;MRPL41;MRPL20;MTIF3;MRPL18;MRPS34;MRPS18B;MRPL17;MRPS14;OXA1L;MRPL36;MRPL53,wald_stat,Reactome_2022
Degradation Of AXIN R-HSA-4641257,-0.8595351549590138,0.8980994327334882,0.6883561643835616,PSMF1;PSMD6;PSMB6;AXIN1;UBB;PSME4;PSMA1;PSME2;PSMB3;PSME1;PSMD9;PSMC2;PSMD7;PSMC3,wald_stat,Reactome_2022
Fatty Acid Metabolism R-HSA-8978868,0.8585735155218557,0.919828204813993,0.7756756756756756,PTGES3;ELOVL6;HADHA;HACD2;PTGDS;ACBD5;ACSL4;HADH;CROT;ACADM;MCAT;HPGD;PTGES2;PHYH;HSD17B12;CPT1A;ACAA2;MMUT;AKR1C3,wald_stat,Reactome_2022
RNA Polymerase II Transcribes snRNA Genes R-HSA-6807505,-0.8576508787625063,0.9005447224318885,0.7553719008264462,TAF11;POLR2C;PHAX;POLR2D;POLR2G;NCBP1;ELL;CCNT1;POLR2E;CDK7;CCNT2;POLR2J;CDK9;INTS1;INTS6;POU2F1;SNAPC5,wald_stat,Reactome_2022
GTP Hydrolysis And Joining Of 60S Ribosomal Subunit R-HSA-72706,0.8573777487382442,0.9188714089385174,0.7169373549883991,EIF3A;EIF2S1;EIF4B;EIF3E;EIF3L;EIF4A2;EIF4G1;EIF3K;EIF2S2;EIF3H,wald_stat,Reactome_2022
Pyruvate Metabolism And Citric Acid (TCA) Cycle R-HSA-71406,-0.8566761568325305,0.9006944464801928,0.6929982046678635,CS;SDHB;DLST;LDHA;SDHA;IDH2;IDH3G;VDAC1;IDH3B;SLC16A1;PDP2;SUCLG1;MPC1;LDLR;MPC2;SDHD,wald_stat,Reactome_2022
PKMTs Methylate Histone Lysines R-HSA-3214841,0.8566731359610763,0.9166734744908498,0.7357630979498861,RBBP4;SUZ12;SETDB2;ASH1L;EHMT1;DPY30;SMYD3;AEBP2,wald_stat,Reactome_2022
APC/C:Cdh1 Mediated Degradation Of Cdc20 And APC/C:Cdh1 Targets In Late Mitosis/Early G1 R-HSA-174178,-0.8553192572549935,0.9016727286436459,0.7458471760797342,ANAPC15;ANAPC11;PSMF1;PSMD6;PSMB6;UBB;PSME4;UBE2S;PSMA1;PSME2;PSMB3;PSME1;PSMD9;PSMC2;PSMD7;PSMC3;ANAPC5;PSMD3,wald_stat,Reactome_2022
RNA Polymerase III Transcription Initiation From Type 2 Promoter R-HSA-76066,-0.8549221551368568,0.900528188350568,0.6637168141592921,CRCP;POLR3F;POLR2E;POLR3C;GTF3C5;GTF3C4,wald_stat,Reactome_2022
Sphingolipid Metabolism R-HSA-428157,-0.8546410076588314,0.8991792286009777,0.7323232323232324,GLTP;CSNK1G2;ESYT2;SUMF2;ARSD;CERS6;ARSA;CERS2;SPTLC1;GALC;VAPA,wald_stat,Reactome_2022
APC:Cdc20 Mediated Degradation Of Cell Cycle Proteins Before Cycle Checkpoint Satisfied R-HSA-179419,-0.8545261385585027,0.8955072759687035,0.7372881355932204,ANAPC15;ANAPC11;PSMF1;PSMD6;PSMB6;UBB;PSME4;UBE2S;PSMA1;PSME2;PSMB3;PSME1;PSMD9;PSMC2;PSMD7;PSMC3;ANAPC5;PSMD3,wald_stat,Reactome_2022
Cdc20:Phospho-APC/C Mediated Degradation Of Cyclin A R-HSA-174184,-0.8545261385585027,0.8955072759687035,0.7372881355932204,ANAPC15;ANAPC11;PSMF1;PSMD6;PSMB6;UBB;PSME4;UBE2S;PSMA1;PSME2;PSMB3;PSME1;PSMD9;PSMC2;PSMD7;PSMC3;ANAPC5;PSMD3,wald_stat,Reactome_2022
Viral Messenger RNA Synthesis R-HSA-168325,-0.8536055335203625,0.8956079514868555,0.715034965034965,POLR2C;NUP54;POLR2D;POLR2G;NUP133;SEH1L;SEC13;POLR2E;POLR2J;POM121,wald_stat,Reactome_2022
Mitochondrial Translation R-HSA-5368287,0.8519415984607516,0.9238499392283471,0.803763440860215,MRPS7;MRPS35;MRPL49;MRPS33;MTFMT;MRPL3;MRPL34;MRPL15;MRPS18C;MRPL41;MRRF;MRPL20;MTIF3;MRPL18;MRPS34;MRPS18B;MRPL17;MRPS14;OXA1L;MRPL36;MRPL53,wald_stat,Reactome_2022
AUF1 (hnRNP D0) Binds And Destabilizes mRNA R-HSA-450408,0.8514016774786215,0.921317692480673,0.7257683215130024,PSMD2;HSPB1;PSMB2;PSMD11;HNRNPD;PSMD10;PABPC1;HSPA8;PSMD4;PSMD13;EIF4G1;PSMA5;UBC;PSMB5,wald_stat,Reactome_2022
Transcription-Coupled Nucleotide Excision Repair (TC-NER) R-HSA-6781827,-0.851383936438185,0.8984386094816906,0.7318718381112985,ERCC3;POLR2C;ERCC1;POLR2D;POLR2G;COPS8;COPS3;USP7;UBB;MNAT1;ELL;POLR2E;CDK7,wald_stat,Reactome_2022
Formation Of Incision Complex In GG-NER R-HSA-5696395,-0.8498704432713715,0.8997682695655603,0.6996466431095406,RAD23A;ERCC3;ERCC1;UBB;MNAT1;SUMO1;CDK7;CHD1L;PIAS1;UBE2I;DDB1,wald_stat,Reactome_2022
RNA Polymerase III Transcription Termination R-HSA-73980,-0.8489328406834815,0.8998158015701058,0.6605839416058394,CRCP;POLR3F;POLR2E;POLR3C,wald_stat,Reactome_2022
DNA Replication Pre-Initiation R-HSA-69002,-0.8487794523562705,0.8982633140158377,0.7934959349593496,H2AJ;ANAPC15;H2AX;ANAPC11;PSMF1;PSMD6;PSMB6;H3-3B;ORC4;UBB;DBF4;H2AZ1;UBE2S;GMNN;PSMA1;PSME2;PSMB3;KPNA1;PSME1;PSMD9,wald_stat,Reactome_2022
Metabolism Of Polyamines R-HSA-351202,-0.8479411163806096,0.8981224163504764,0.723404255319149,PSMF1;PSMD6;PSMB6;PSME4;PSMA1;PSME2;AZIN1;PSMB3;PSME1;PSMD9;PSMC2;PSMD7;PSMC3,wald_stat,Reactome_2022
Autodegradation Of Cdh1 By Cdh1:APC/C R-HSA-174084,-0.84739139179555,0.8974734368461921,0.7550335570469798,ANAPC15;ANAPC11;PSMF1;PSMD6;PSMB6;UBB;UBE2S;PSMA1;PSME2;PSMB3;PSME1;PSMD9;PSMC2;PSMD7;PSMC3;ANAPC5;PSMD3,wald_stat,Reactome_2022
Hh Mutants Abrogate Ligand Secretion R-HSA-5387390,-0.8467517868878635,0.895040008482231,0.75809199318569,PSMF1;PSMD6;PSMB6;UBB;PSME4;SEL1L;PSMA1;PSME2;PSMB3;PSME1;PSMD9;PSMC2;PSMD7;PSMC3,wald_stat,Reactome_2022
Hh Mutants Are Degraded By ERAD R-HSA-5362768,-0.8467517868878635,0.895040008482231,0.75809199318569,PSMF1;PSMD6;PSMB6;UBB;PSME4;SEL1L;PSMA1;PSME2;PSMB3;PSME1;PSMD9;PSMC2;PSMD7;PSMC3,wald_stat,Reactome_2022
TRAF6 Mediated IRF7 Activation R-HSA-933541,0.8466652746011551,0.9275722725520803,0.6423841059602649,TRIM4;SIKE1;IRF3;RIGI,wald_stat,Reactome_2022
Cyclin E Associated Events During G1/S Transition R-HSA-69202,0.8447297648972077,0.9280293677727838,0.8034398034398035,RBL2;RBBP4;MAX;PSMD2;PSMB2;PSMD11;CDKN1B;E2F4;AKT3;PSMD10;PSMD4;PSMD13;TFDP1;PSMA5;CCNH;UBC;PSMB5;RB1,wald_stat,Reactome_2022
Orc1 Removal From Chromatin R-HSA-68949,-0.8445002281985479,0.8979445104541207,0.7578397212543554,PSMF1;PSMD6;PSMB6;ORC4;UBB;PSME4;PSMA1;PSME2;PSMB3;PSME1;PSMD9;SKP1;PSMC2;PSMD7;PSMC3;MCM4;PSMD3,wald_stat,Reactome_2022
Platelet Degranulation R-HSA-114608,-0.8437868414794251,0.8974814009271757,0.7462932454695222,CD63;TGFB1;VEGFB;TIMP1;APOOL;ACTN4;QSOX1;CALU;CALM1;CTSW;SRGN;TUBA4A;PFN1;HSPA5;SPARC;LAMP2;RAB27B;CHID1,wald_stat,Reactome_2022
NOTCH1 Intracellular Domain Regulates Transcription R-HSA-2122947,0.8427398933607263,0.928946021460954,0.7352941176470589,HDAC1;MAML1;HDAC8;HIF1A;HDAC5;TLE3;KAT2A;HDAC6;RBX1;TLE1;HEY2;UBC,wald_stat,Reactome_2022
Autodegradation Of E3 Ubiquitin Ligase COP1 R-HSA-349425,-0.8418470848702803,0.8995909878533935,0.7339285714285714,PSMF1;PSMD6;PSMB6;UBB;PSME4;PSMA1;PSME2;PSMB3;PSME1;PSMD9;PSMC2;PSMD7;PSMC3,wald_stat,Reactome_2022
CLEC7A (Dectin-1) Signaling R-HSA-5607764,-0.8418278413918383,0.8977163949618697,0.7909698996655519,UBE2M;CARD11;PSMF1;PSMD6;PSMB6;UBB;NFKB1;PSME4;CALM1;IKBKB;NFATC1;PSMA1;PSME2;PSMB3;PSME1;PSMD9;RELB;SKP1;PSMC2;PSMD7;PSMC3;ITPR3;PSMD3;UBE2V1;UBE2D1;CUL1;CDC34;PSMD8;UBE2N;PSMC1;BCL10,wald_stat,Reactome_2022
N-glycan Trimming In ER And Calnexin/Calreticulin Cycle R-HSA-532668,-0.841570883467696,0.8963485362239122,0.7386934673366834,MARCHF6;CALR;DERL1;UBB;PDIA3;SEL1L,wald_stat,Reactome_2022
Fatty acyl-CoA Biosynthesis R-HSA-75105,0.8413064220433529,0.9283702320126652,0.713953488372093,ELOVL6;HACD2;ACSL4;HSD17B12,wald_stat,Reactome_2022
Insulin Receptor Signaling Cascade R-HSA-74751,-0.8411944192180623,0.895272894476444,0.6987522281639929,NRAS;IRS2;PIK3R1,wald_stat,Reactome_2022
FCERI Mediated NF-kB Activation R-HSA-2871837,0.8409930508555719,0.9252967055135438,0.8138957816377171,UBE2D2;RASGRP1;PRKCQ;RASGRP2;PSMD2;PSMB2;PSMD11,wald_stat,Reactome_2022
Centrosome Maturation R-HSA-380287,-0.840458888473021,0.894768763467555,0.7688524590163934,MAPRE1;OFD1;CSNK1D;TUBB4B;DCTN3;CEP70;PRKCA;CEP152;MZT1;YWHAE;HAUS2;TUBA4A;CEP131;CSNK1E,wald_stat,Reactome_2022
RMTs Methylate Histone Arginines R-HSA-3214858,-0.8403582534914206,0.8930744119110068,0.7258883248730964,ARID1B;H2AJ;H2AX;CARM1;H2AZ1,wald_stat,Reactome_2022
G1/S Transition R-HSA-69206,-0.8389504555305759,0.894009489731172,0.806873977086743,AKT1;PPP2CA;PSMF1;FBXO5;PSMD6;PSMB6;PPP2CB;ORC4;UBB;DBF4;MNAT1;CKS1B;CDK7;GMNN;PSMA1;PSME2;TYMS;PSMB3;TFDP2;PSME1;PSMD9;SKP1;PSMC2;PSMD7;PSMC3;MCM4;PCNA;WEE1;PSMD3,wald_stat,Reactome_2022
APC/C:Cdc20 Mediated Degradation Of Mitotic Proteins R-HSA-176409,-0.8381794711606008,0.8918928192617372,0.7642140468227425,ANAPC15;ANAPC11;PSMF1;PSMD6;PSMB6;UBB;PSME4;UBE2S;PSMA1;PSME2;PSMB3;PSME1;PSMD9;PSMC2;PSMD7;PSMC3;ANAPC5;PSMD3,wald_stat,Reactome_2022
Activation Of APC/C And APC/C:Cdc20 Mediated Degradation Of Mitotic Proteins R-HSA-176814,-0.8381794711606008,0.8918928192617372,0.7642140468227425,ANAPC15;ANAPC11;PSMF1;PSMD6;PSMB6;UBB;PSME4;UBE2S;PSMA1;PSME2;PSMB3;PSME1;PSMD9;PSMC2;PSMD7;PSMC3;ANAPC5;PSMD3,wald_stat,Reactome_2022
Cristae Formation R-HSA-8949613,-0.8380732839439593,0.8902557153087537,0.704225352112676,ATP5MC1;MTX1;APOOL;ATP5ME,wald_stat,Reactome_2022
SCF(Skp2)-mediated Degradation Of P27/P21 R-HSA-187577,-0.8368241290449153,0.8909436342080262,0.7534722222222222,PSMF1;PSMD6;PSMB6;UBB;CKS1B;PSMA1;PSME2;PSMB3;PSME1;PSMD9;SKP1;PSMC2;PSMD7;PSMC3,wald_stat,Reactome_2022
JNK (c-Jun Kinases) Phosphorylation And Activation Mediated By Activated Human TAK1 R-HSA-450321,-0.8363578557106672,0.889998704992997,0.6987295825771325,MAPK9;MAP2K7;IRAK1;RIPK2,wald_stat,Reactome_2022
Synthesis Of PIPs At Plasma Membrane R-HSA-1660499,-0.8348423069520846,0.8912326486146556,0.7290209790209791,INPP5K;RAB14;PIP4K2A;PIK3R1;PI4K2A;PIK3C2B;RAB4A;MTMR1;PIP4K2C;SYNJ1;MTMR3;PLEKHA2;PIK3CB;INPP4B;RAB5A;INPPL1,wald_stat,Reactome_2022
Plasma Lipoprotein Clearance R-HSA-8964043,-0.8333483906831844,0.8923028376346706,0.7169459962756052,MYLIP;NPC2;UBB;APOBR;AP2A1;AP2M1;AP2A2,wald_stat,Reactome_2022
Regulation Of PLK1 Activity At G2/M Transition R-HSA-2565942,-0.8325257403137701,0.8920102876256919,0.78060413354531,MAPRE1;OFD1;CSNK1D;TUBB4B;DCTN3;CEP70;PRKCA;CEP152;UBB;YWHAE;OPTN;HAUS2;TUBA4A;CEP131;CSNK1E,wald_stat,Reactome_2022
PRC2 Methylates Histones And DNA R-HSA-212300,-0.8321764821471707,0.8908030547468803,0.7477313974591652,H2AJ;MTF2;H2AX;H3-3B;H2AZ1,wald_stat,Reactome_2022
GSK3B And BTRC:CUL1-mediated-degradation Of NFE2L2 R-HSA-9762114,-0.8315490351948842,0.8901811828991507,0.7723292469352014,PSMF1;PSMD6;PSMB6;UBB;PSMA1;PSME2;PSMB3;NFE2L2;PSME1;PSMD9;SKP1;PSMC2;PSMD7;PSMC3,wald_stat,Reactome_2022
Telomere C-strand (Lagging Strand) Synthesis R-HSA-174417,0.8300430257085126,0.9441145862182484,0.75,RPA3;RFC5;RFC4;LRIG1;BLM;POLD3;POLA2;STN1;TINF2;TERF2IP;CTC1;CHTF18;ACD,wald_stat,Reactome_2022
Cell-Cell Communication R-HSA-1500931,0.8283604570397716,0.9436323056961352,0.7668269230769231,SPTAN1;CD47;ARHGEF6;CADM1;NCK1;ILK;PIK3CA;PATJ;VASP;ITGA6;PALS1,wald_stat,Reactome_2022
Disorders Of Transmembrane Transporters R-HSA-5619115,-0.827950889654872,0.895415445798609,0.835820895522388,SLC22A5;SLC2A1;PSMF1;NUP54;PSMD6;PSMB6;DERL1;NUP133;UBB;SEH1L;PSME4;SEC13;SEL1L;ABCA3;PSMA1;PSME2;SLC3A2;PSMB3;PSME1;POM121;PSMD9,wald_stat,Reactome_2022
RNA Polymerase III Transcription Initiation From Type 1 Promoter R-HSA-76061,-0.8271421385399057,0.8953168967329858,0.7088607594936709,CRCP;POLR3F;POLR2E;POLR3C;GTF3C5;GTF3C4,wald_stat,Reactome_2022
Cytosolic Sensors Of Pathogen-Associated DNA R-HSA-1834949,-0.8271124782290906,0.8935336736932946,0.7558139534883721,CREBBP;CRCP;ZBP1;NFKBIB;UBB;POLR3F;NFKB1;IKBKB;POLR2E;POLR3C;RIPK3,wald_stat,Reactome_2022
RHO GTPases Activate WASPs And WAVEs R-HSA-5663213,0.8256565695032312,0.9454410448364122,0.7619047619047619,NCKAP1L;ACTR3;CYFIP2;NCK1;WASF2;ACTR2;BRK1;ARPC1A,wald_stat,Reactome_2022
Integrin Cell Surface Interactions R-HSA-216083,0.8245828253188096,0.9438809352440993,0.7256637168141593,ITGA4;CD47;ICAM2,wald_stat,Reactome_2022
Peroxisomal Protein Import R-HSA-9033241,0.8242305637885001,0.940872632848342,0.8033980582524272,UBE2D2;LONP2;ZFAND6;CROT;PHYH;PEX14;UBC;TYSND1;MLYCD;ECI2;ZNF260;PEX2;UBA52;PEX5;IDH1;AMACR;UBE2D3,wald_stat,Reactome_2022
Aggrephagy R-HSA-9646399,-0.8240890262285046,0.8976004016684838,0.7186963979416809,DYNLL2;DYNC1LI1;UBB;DYNC1LI2,wald_stat,Reactome_2022
Metal Ion SLC Transporters R-HSA-425410,0.8238705498466837,0.9379499001689681,0.7104622871046229,SLC39A6;SLC30A6;SLC39A3;SLC11A2;SLC39A10;SLC30A1;SLC30A7;SLC39A14;SLC39A1;SLC41A1;SLC39A8;SLC30A5;SLC39A4;SLC39A7;SLC31A1,wald_stat,Reactome_2022
S Phase R-HSA-69242,0.8234517076940973,0.9350856369153626,0.8895348837209303,RBL2;RBBP4;MAX;RPA3;PSMD2;PSMB2;MCM3;PSMD11;ANAPC10;RFC5;CDKN1B;RFC4;CDC26;E2F4;AKT3;CDC25B,wald_stat,Reactome_2022
"TICAM1, RIP1-mediated IKK Complex Recruitment R-HSA-168927",-0.8230101533864794,0.8978440513767378,0.7366548042704626,BIRC2;UBB;IKBKB;RIPK3;BIRC3;UBE2V1;UBE2D1;UBE2N,wald_stat,Reactome_2022
Carboxyterminal Post-Translational Modifications Of Tubulin R-HSA-8955332,0.8223400968013221,0.9337194010803235,0.7465753424657534,TUBA1A;TUBB;TUBA1C;TTLL1;TPGS2,wald_stat,Reactome_2022
SUMOylation Of Ubiquitinylation Proteins R-HSA-3232142,0.8204708874305181,0.9335748833019446,0.7878103837471784,TRIM27;NUP62;NUP50,wald_stat,Reactome_2022
Meiosis R-HSA-1500620,-0.8204249359976382,0.9008404285053965,0.7960992907801419,H2AJ;TERF1;H2AX;H3-3B;H2AZ1;PMEPA1;SMC3;SUN1,wald_stat,Reactome_2022
Regulation Of PTEN Stability And Activity R-HSA-8948751,-0.8195593192988209,0.9006147413965196,0.8107638888888888,AKT1;CSNK2B;PSMF1;PSMD6;PSMB6;UBB;PSME4;CSNK2A2;PSMA1;PSME2;PSMB3;PSME1;PSMD9;PSMC2;PSMD7;PSMC3,wald_stat,Reactome_2022
Transcriptional Regulation By AP-2 (TFAP2) Family Of Transcription Factors R-HSA-8864260,0.8177414915052231,0.9351381666027775,0.7238307349665924,CITED2;ERBB2;DEK;NPM1,wald_stat,Reactome_2022
Late Endosomal Microautophagy R-HSA-9615710,-0.8175655519002882,0.9024266628409666,0.732620320855615,VPS37B;CHMP4B;CHMP2B;UBB;UBAP1;CHMP2A,wald_stat,Reactome_2022
Constitutive Signaling By NOTCH1 HD+PEST Domain Mutants R-HSA-2894862,-0.8169838620421089,0.9016310861568648,0.7744755244755245,SNW1;CREBBP;FBXW7;MIB2;NOTCH1;APH1A;UBB;HDAC9,wald_stat,Reactome_2022
SIRT1 Negatively Regulates rRNA Expression R-HSA-427359,-0.8152102397493921,0.9030731825607196,0.7457943925233644,H2AJ;H2AX;H3-3B;H2AZ1,wald_stat,Reactome_2022
ERCC6 (CSB) And EHMT2 (G9a) Positively Regulate rRNA Expression R-HSA-427389,-0.8147243553182266,0.9021230958817854,0.767097966728281,GATAD2A;H2AJ;H2AX;H3-3B;H2AZ1,wald_stat,Reactome_2022
mRNA Decay By 5 To 3 Exoribonuclease R-HSA-430039,0.8147137295676629,0.9372616546738471,0.737885462555066,DCP1B;LSM5;XRN1;LSM2,wald_stat,Reactome_2022
Inositol Phosphate Metabolism R-HSA-1483249,-0.8143869820767392,0.9008824712450902,0.7683823529411765,INPP5A;ITPK1;PLCH2;CALM1;PLCB1;PLCB2;ITPKC;SYNJ1;NUDT11,wald_stat,Reactome_2022
Oxygen-dependent Proline Hydroxylation Of Hypoxia-inducible Factor Alpha R-HSA-1234176,0.8133141864162797,0.9361768306563971,0.794392523364486,UBE2D2;PSMD2;PSMB2;PSMD11;EGLN1;HIF1A;PSMD10;PSMD4;RBX1;PSMD13;PSMA5;LIMD1;UBC,wald_stat,Reactome_2022
"Platelet Activation, Signaling And Aggregation R-HSA-76002",-0.8131273617446277,0.901498420428833,0.8789237668161435,CDC42;CD63;AKT1;DGKQ;GNB1;TGFB1;VEGFB;GNA13;TIMP1;GNGT2;APOOL;ACTN4;PRKCA;GNAQ;QSOX1;PIK3R1;CALU;CALM1;PRKCB;CTSW;LYN;VAV3;SRGN;GNA12;GNAI2;TUBA4A;ARRB1;PFN1;SHC1;HSPA5;SPARC;LAMP2;RAB27B;CHID1;DGKZ;ARRB2;ITPR3,wald_stat,Reactome_2022
Degradation Of GLI1 By Proteasome R-HSA-5610780,-0.8119492969641012,0.9018054034744387,0.8106312292358804,PSMF1;PSMD6;PSMB6;PRKCA;UBB;PSME4;PSMA1;PSME2;PSMB3;PSME1;PSMD9;SKP1;PSMC2;PSMD7;PSMC3,wald_stat,Reactome_2022
Deposition Of New CENPA-containing Nucleosomes At Centromere R-HSA-606279,-0.8110384981501294,0.9015791774557262,0.7950530035335689,CENPP;H2AJ;H2AX;CENPT;H2AZ1,wald_stat,Reactome_2022
Interferon Alpha/Beta Signaling R-HSA-909733,-0.8105903846574333,0.9006083471563814,0.7982905982905983,MX2;EGR1;IFI6;ISG15;IFIT2;USP18;SOCS1;OAS1;BST2;TYK2;KPNA1;IRF1;MX1;HLA-F;HLA-B;IFITM1;HLA-E;IFI35,wald_stat,Reactome_2022
SUMOylation Of RNA Binding Proteins R-HSA-4570464,-0.8102809616479235,0.8993367027216443,0.772020725388601,CBX4;NUP54;PHC2;NUP133;SEH1L;SUMO1;SEC13,wald_stat,Reactome_2022
Degradation Of GLI2 By Proteasome R-HSA-5610783,-0.8023400801659886,0.9096025433216852,0.8045375218150087,PSMF1;PSMD6;PSMB6;PRKCA;UBB;PSME4;PSMA1;PSME2;PSMB3;PSME1;PSMD9;SKP1;PSMC2;PSMD7;PSMC3,wald_stat,Reactome_2022
GLI3 Is Processed To GLI3R By Proteasome R-HSA-5610785,-0.8023400801659886,0.9096025433216852,0.8045375218150087,PSMF1;PSMD6;PSMB6;PRKCA;UBB;PSME4;PSMA1;PSME2;PSMB3;PSME1;PSMD9;SKP1;PSMC2;PSMD7;PSMC3,wald_stat,Reactome_2022
FLT3 Signaling R-HSA-9607240,-0.8022530511972014,0.9079695119707113,0.7894736842105263,NRAS;AKT1;PTPRJ;PIK3R1;UBB,wald_stat,Reactome_2022
"Tristetraprolin (TTP, ZFP36) Binds And Destabilizes mRNA R-HSA-450513",-0.8021155392864155,0.9064217757459143,0.7347670250896058,MAPKAPK2;DCP1A,wald_stat,Reactome_2022
Regulation Of MECP2 Expression And Activity R-HSA-9022692,-0.8020952586007554,0.9046658996213875,0.7597864768683275,PRKCA;TNRC6A;AGO4;AGO2;CALM1;TBL1X;HIPK2;GPS2;CAMK4;NCOR1;NCOR2;TNRC6C,wald_stat,Reactome_2022
Ovarian Tumor Domain Proteases R-HSA-5689896,-0.7978918510156617,0.910199636970429,0.7737881508078994,TNIP3;TNIP2;UBB;VCPIP1;TRIM25;OTUB1;RIPK2;YOD1,wald_stat,Reactome_2022
Cell Surface Interactions At Vascular Wall R-HSA-202733,0.7973606610890467,0.9607106820461074,0.8545034642032333,S100A9;ITGA4;CD47;SELPLG;GLG1;PLCG1;CD48;LCK;PICK1;PIK3CA;SLC16A3;CD2;ITGA6,wald_stat,Reactome_2022
APC-Cdc20 Mediated Degradation Of Nek2A R-HSA-179409,-0.7947274513562487,0.9136474206205093,0.7633851468048359,ANAPC15;ANAPC11;UBB;UBE2S,wald_stat,Reactome_2022
Mitochondrial Translation Termination R-HSA-5419276,0.7943341026084059,0.9622215314490007,0.8917525773195877,MRPS7;MRPS35;MRPL49;MRPS33;MRPL3;MRPL34;MRPL15;MRPS18C;MRPL41;MRRF;MRPL20;MRPL18;MRPS34;MRPS18B;MRPL17;MRPS14;OXA1L;MRPL36;MRPL53,wald_stat,Reactome_2022
Mitochondrial Translation Elongation R-HSA-5389840,-0.7932699094448187,0.9142065391478564,0.8828382838283828,MRPL54;AURKAIP1;MRPL44;MRPS11;MRPL38;TSFM;MRPL55;MRPS24;MRPL33;MRPS22;MRPS21;MRPL9;MRPS36,wald_stat,Reactome_2022
Vpr-mediated Nuclear Import Of PICs R-HSA-180910,0.7895570164674807,0.9664943525423566,0.7926267281105991,NUP62;NUP50;NUP37;PSIP1;NUP58;NUP188;NUP85;NUP42;HMGA1,wald_stat,Reactome_2022
SUMOylation Of Intracellular Receptors R-HSA-4090294,-0.7867846755266609,0.9227821780183896,0.7531531531531531,SUMO1;PIAS1;UBE2I;AREG;NR4A2;NR1H3;PIAS4;PIAS3;HDAC4,wald_stat,Reactome_2022
Defective Pyroptosis R-HSA-9710421,0.7867359240189953,0.9675623206252686,0.8091954022988506,H2BC15;RBBP4;SUZ12;H2AC6,wald_stat,Reactome_2022
Amyloid Fiber Formation R-HSA-977225,-0.7836511152745929,0.9259146783191268,0.8304195804195804,H2AX;FURIN;H3-3B;APH1A;UBB;H2AZ1,wald_stat,Reactome_2022
Activation Of HOX Genes During Differentiation R-HSA-5619507,-0.7833847406894838,0.9245259503542569,0.8569051580698835,H2AJ;CREBBP;H2AX;POLR2C;POLR2D;POLR2G;H3-3B;H2AZ1,wald_stat,Reactome_2022
Dual Incision In TC-NER R-HSA-6782135,-0.7830106289410088,0.923302184758181,0.8551724137931035,ERCC3;POLR2C;ERCC1;POLR2D;POLR2G;USP7;UBB;MNAT1;POLR2E;CDK7,wald_stat,Reactome_2022
DNA Replication R-HSA-69306,-0.7820832506809184,0.9229009841010292,0.9320695102685624,H2AJ;ANAPC15;H2AX;ANAPC11;PSMF1;PSMD6;PSMB6;H3-3B;ORC4;UBB;DBF4;H2AZ1;PSME4;UBE2S;GMNN;PSMA1;PSME2;PSMB3;KPNA1;PSME1;PSMD9;GINS4;SKP1;PSMC2;PSMD7;PSMC3;MCM4;PCNA;ANAPC5;PSMD3,wald_stat,Reactome_2022
Phosphorylation Of APC/C R-HSA-176412,-0.7810620915526227,0.9227118394261338,0.7775831873905429,ANAPC15;ANAPC11;UBE2S,wald_stat,Reactome_2022
Activation Of Pre-Replicative Complex R-HSA-68962,0.7780471517020419,0.9777382099559998,0.8136363636363636,RPA3;MCM3,wald_stat,Reactome_2022
Fanconi Anemia Pathway R-HSA-6783310,0.7779969165886955,0.974170178865442,0.8164705882352942,RPA3;DCLRE1A;FAAP20;ATRIP;FAN1;FANCF;UBC;FANCI;FANCG;UBA52;FAAP100;ERCC4;FANCA;CENPX;FANCC,wald_stat,Reactome_2022
Signaling By KIT In Disease R-HSA-9669938,-0.7773143436715972,0.9266310469278575,0.7868561278863233,NRAS;YES1;PIK3R1;LYN,wald_stat,Reactome_2022
SLC-mediated Transmembrane Transport R-HSA-425407,0.7768101186155358,0.9724313351895111,0.9215116279069767,SLC20A1;SLC4A7;SLC26A2;SLC1A7;SLC26A11;SLC2A3;SLC25A22;SLCO4C1;SLC12A6;SLC4A2;SLC39A6;SLC44A2;SLC36A1;SLC16A3,wald_stat,Reactome_2022
Meiotic Recombination R-HSA-912446,0.7767135955237511,0.9690333565531756,0.8290598290598291,H2BC15;RPA3;H2AC6;H2AC4;MRE11;RAD51C;H2BC9;ATM;H2BC12;MLH3;BLM;H2BC11;RAD50;H3C13,wald_stat,Reactome_2022
ATF4 Activates Genes In Response To Endoplasmic Reticulum Stress R-HSA-380994,-0.7765646602044883,0.9259047930536424,0.7638640429338104,ATF4;CEBPG,wald_stat,Reactome_2022
Interleukin-1 Family Signaling R-HSA-446652,-0.7762413061183847,0.9245748200265592,0.92776886035313,MAP3K8;PTPN7;TNIP2;PSMF1;PSMD6;PSMB6;NFKBIB;N4BP1;UBB;NFKB1;PSME4;IKBKB;USP18;IRAK1;PSMA1;PSME2;PSMB3;RIPK2;IL18;PSME1;PSMD9;SKP1;PSMC2;PSMD7;PTPN9;PSMC3,wald_stat,Reactome_2022
DAP12 Interactions R-HSA-2172127,-0.7750277636441255,0.9245075422520432,0.8178571428571428,NRAS;PIK3R1;KLRC2;TYROBP;VAV3;SHC1;HLA-B;HLA-E;PIK3CB;GRB2;HLA-C;FYN;HRAS;B2M,wald_stat,Reactome_2022
Formation Of A Pool Of Free 40S Subunits R-HSA-72689,0.7748852373663133,0.9680939442303202,0.7954545454545454,EIF3A;EIF3E;EIF3L,wald_stat,Reactome_2022
Signaling By FLT3 Fusion Proteins R-HSA-9703465,0.7744130897267131,0.9651962595893138,0.7953586497890295,TRIP11;STAT5A;PIK3CA,wald_stat,Reactome_2022
Metabolism Of Amino Acids And Derivatives R-HSA-71291,0.7730171699910411,0.9636936185437506,0.9657142857142857,ALDH9A1;DARS1;PSMD2;APIP;PSMB2;PSMD11;SERINC3;PPM1K;SARS1;ACADSB;KYAT3;QARS1;SLC25A13;PSMD10;DBT;EPRS1;CARNMT1;PSMD4;DHTKD1;HIBADH;PSMD13;MTR;PSMA5;PHYKPL;BCKDHB;QDPR;OAT;ALDH18A1;PSMB5;GLUD1;RIDA;OAZ1;HIBCH;EEFSEC;TXNRD1;SHMT1;IARS1;DIDO1;ALDH6A1;ACAD8;CARNS1;TSTD1;PSME3;AUH;BCKDK;SLC25A44;SEPHS2,wald_stat,Reactome_2022
FCGR3A-mediated Phagocytosis R-HSA-9664422,-0.7719578803010839,0.9270891660848978,0.8391003460207612,CDC42;MYO9B;YES1;ARPC2;WIPF2;LYN;VAV3,wald_stat,Reactome_2022
RNA Polymerase III Transcription Initiation From Type 3 Promoter R-HSA-76071,-0.7700147423675028,0.9280981267729381,0.8257042253521126,CRCP;POLR3F;POLR2E;POLR3C;BRF2;POU2F1;SNAPC5;POLR3H,wald_stat,Reactome_2022
MTOR Signaling R-HSA-165159,-0.7696353631701125,0.9269224717982772,0.8546712802768166,AKT1;LAMTOR1;LAMTOR4;PRKAG1;LAMTOR5;PRKAG2;MLST8,wald_stat,Reactome_2022
TRAF6 Mediated NF-kB Activation R-HSA-933542,-0.7693566694849057,0.9255249618271774,0.8003597122302158,NFKBIB;NFKB1;IKBKB;TRIM25,wald_stat,Reactome_2022
rRNA Modification In Nucleus And Cytosol R-HSA-6790901,-0.7677248798521675,0.9260392212931065,0.8620689655172413,DDX52;KRR1;UTP3;PDCD11;WDR36;PNO1;BUD23;TRMT112;SNU13;UTP11;WDR43;UTP18;NOP58;NOC4L;RRP36;NOL6;UTP4;DDX47;UTP15;FCF1,wald_stat,Reactome_2022
Negative Regulators Of DDX58/IFIH1 Signaling R-HSA-936440,0.7670439229096249,0.9689243182547624,0.8419689119170984,UBE2D2;TRIM4;ATG5;IRF3;ITCH;RIGI;UBC;UBA7;RNF135,wald_stat,Reactome_2022
Gap-filling DNA Repair Synthesis And Ligation In TC-NER R-HSA-6782210,0.7664712322820303,0.9661984422540254,0.8959810874704491,RPA3;RFC5;GTF2H1;POLK;RFC4;GTF2H3;ZNF830;ERCC8;GTF2H5;RBX1;POLR2I;CCNH;UBC;LRIG1,wald_stat,Reactome_2022
Selenoamino Acid Metabolism R-HSA-2408522,0.7659046790733106,0.9634800145228617,0.8299319727891157,DARS1;SARS1;QARS1;EPRS1,wald_stat,Reactome_2022
PI3K/AKT Signaling In Cancer R-HSA-2219528,-0.7650472259917881,0.9277168330922458,0.8774834437086093,AKT1;IRS2;BAD;RNMT;GSK3A;PIK3R1;MAPKAP1;MLST8;TRAT1;AREG;PRR5;RHOG;PIK3CB;FGFR1;GRB2;GSK3B;FOXO3;FOXO4,wald_stat,Reactome_2022
DAP12 Signaling R-HSA-2424491,0.7634741773315398,0.9634229626431733,0.8385650224215246,GRAP2;PLCG1;KLRD1;LCK;PIK3CA;LCP2;PIK3R2;SPNS1,wald_stat,Reactome_2022
"Gamma Carboxylation, Hypusine Formation And Arylsulfatase Activation R-HSA-163841",-0.7600900986040664,0.9327154309914135,0.8170515097690941,FURIN;TPST1;SUMF2;ARSD;ARSA;DNAJC24;DPH3,wald_stat,Reactome_2022
Cap-dependent Translation Initiation R-HSA-72737,-0.7599962599486689,0.9310866173349117,0.8371681415929203,EIF4H;EIF3B;EIF2B1;EIF4A1;EIF5;RSL24D1;EIF3J;EIF3I,wald_stat,Reactome_2022
HDR Thru Homologous Recombination (HRR) R-HSA-5685942,0.7584109452268768,0.9666599041416939,0.9029126213592233,RPA3;RFC5;POLK;RFC4;RAD17;GEN1;ATRIP;UBC;MRE11;RAD51C;ATM,wald_stat,Reactome_2022
RUNX2 Regulates Bone Development R-HSA-8941326,-0.7582714982274087,0.9316870769171709,0.8018348623853211,YES1;MAF;AREG;RUNX2;ABL1,wald_stat,Reactome_2022
COPI-dependent Golgi-to-ER Retrograde Traffic R-HSA-6811434,-0.7578403281032409,0.9304574203658373,0.8576329331046312,RAB1A;NAPG;SURF4;BNIP1;TMED2,wald_stat,Reactome_2022
Regulation Of Lipid Metabolism By PPARalpha R-HSA-400206,0.7555568593440215,0.9668055189024223,0.9465648854961832,MIA3;THRAP3;MED31;MED28;FAM120B;HMGCS1;ACADM;ALAS1;PPARA;CPT1A;FDFT1;MED7;NCOA6;RXRB;MED16;GLIPR1;SIN3B;RORA;MED24;MED25;CHD9;CCNC;NCOA3;PLIN2;TXNRD1;NFYC,wald_stat,Reactome_2022
RNA Polymerase III Transcription Initiation R-HSA-76046,-0.7542687689458019,0.9332903613552438,0.8353765323992994,CRCP;POLR3F;POLR2E;POLR3C;GTF3C5;GTF3C4;BRF2;POU2F1;SNAPC5;POLR3H,wald_stat,Reactome_2022
SUMOylation Of SUMOylation Proteins R-HSA-4085377,-0.7516393696785001,0.9348500595412962,0.8419117647058824,NUP54;NUP133;SEH1L;SUMO1;TOPORS;SEC13;POM121;UBE2I,wald_stat,Reactome_2022
ABC-family Proteins Mediated Transport R-HSA-382556,0.7492775655683286,0.9710985833414101,0.9280205655526992,PSMD2;PSMB2;PSMD11;EIF2S1;ABCC10;PEX3;VCP;PSMD10;PSMD4;PSMD13;ABCA2;ABCB10;PSMA5;ABCB8;RNF185;UBC;PEX19;ERLEC1;EIF2S2;PSMB5,wald_stat,Reactome_2022
Reproduction R-HSA-1474165,-0.748079018582183,0.9374042121648432,0.9118165784832452,H2AJ;TERF1;H2AX;H3-3B;H2AZ1;PMEPA1;SMC3;SUN1;HVCN1,wald_stat,Reactome_2022
SMAD2/SMAD3:SMAD4 Heterotrimer Regulates Transcription R-HSA-2173796,0.7477422959077941,0.9694891282471418,0.8486238532110092,HDAC1;RNF111;E2F4;TFDP1;YBX1;SMAD3;UBC;RNASEH2A;CCNC,wald_stat,Reactome_2022
SUMOylation Of Chromatin Organization Proteins R-HSA-4551638,0.7469423954080533,0.967015960583409,0.9114219114219114,HDAC1;NUP62;NUP50;SUZ12;NUP37;PHC3,wald_stat,Reactome_2022
HDMs Demethylate Histones R-HSA-3214842,-0.7461624741282399,0.9381097194766576,0.8170289855072463,JMJD6;KDM7A;PHF2;KDM6A;PHF8;KDM6B;KDM2A;KDM2B,wald_stat,Reactome_2022
Peptide Hormone Metabolism R-HSA-2980736,-0.745034181328368,0.9377849528769728,0.8707360861759426,GNB1;CTSD;SPCS2;MYO5A;STX1A;ATP6AP2;SPCS3;POMC;GZMH;EXOC6;TCF7L2;ERO1B,wald_stat,Reactome_2022
"Glutamate Binding, Activation Of AMPA Receptors And Synaptic Plasticity R-HSA-399721",-0.7431263655297364,0.9383444316214014,0.8348623853211009,PRKCA;PRKCB;AP2A1;AP2M1;AP2A2,wald_stat,Reactome_2022
Synthesis Of Substrates In N-glycan Biosythesis R-HSA-446219,0.7409065957808045,0.9703911200577846,0.8869778869778869,ST8SIA4;ST6GAL1;CTSA;CMAS;ST3GAL1;GLB1;GMDS;PGM3;DOLPP1;FCSK;ST3GAL5;ST3GAL2;SLC35C1;FPGT,wald_stat,Reactome_2022
Base Excision Repair R-HSA-73884,0.7403695663195746,0.9676158511148889,0.9061032863849765,H2BC15;RPA3;RFC5;RFC4;H2AC6;PARP1;PARG,wald_stat,Reactome_2022
"FOXO-mediated Transcription Of Oxidative Stress, Metabolic And Neuronal Genes R-HSA-9615017",0.7362179594753827,0.9689920907389334,0.8410138248847926,HDAC1;MAP4K2,wald_stat,Reactome_2022
Aberrant Regulation Of Mitotic Exit In Cancer Due To RB1 Defects R-HSA-9687136,-0.7346972431529905,0.9462130697657756,0.8415672913117547,ANAPC15;ANAPC11;UBE2S,wald_stat,Reactome_2022
Synthesis Of DNA R-HSA-69239,-0.7298833692161756,0.9498576869417013,0.9486780715396579,ANAPC15;ANAPC11;PSMF1;PSMD6;PSMB6;ORC4;UBB;PSME4;UBE2S;GMNN;PSMA1;PSME2;PSMB3;PSME1;PSMD9;GINS4;SKP1;PSMC2;PSMD7;PSMC3;MCM4;PCNA;ANAPC5;PSMD3,wald_stat,Reactome_2022
PPARA Activates Gene Expression R-HSA-1989781,0.7233971850139613,0.9792107673354038,0.9616368286445013,MIA3;THRAP3;MED31;MED28;FAM120B;HMGCS1;ACADM;ALAS1;PPARA;CPT1A;FDFT1;MED7;NCOA6;RXRB;MED16;GLIPR1;RORA;MED24;MED25;CHD9;CCNC;NCOA3;PLIN2;TXNRD1;NFYC,wald_stat,Reactome_2022
Regulation Of TP53 Activity Thru Methylation R-HSA-6804760,0.7222849950275179,0.9768812925070391,0.8283898305084746,EHMT1;PRMT5;EHMT2;UBC;TP53;ATM;TTC5,wald_stat,Reactome_2022
Interactions Of Vpr With Host Cellular Proteins R-HSA-176033,0.7208613640368718,0.9751071154500048,0.8922018348623854,NUP62;NUP50;NUP37;PSIP1;NUP58;NUP188;NUP85;NUP42;HMGA1,wald_stat,Reactome_2022
ER Quality Control Compartment (ERQC) R-HSA-901032,-0.7196913391101694,0.9588233940593592,0.8409506398537477,MARCHF6;UBB;SEL1L;RNF103,wald_stat,Reactome_2022
Signaling By PDGFR In Disease R-HSA-9671555,0.7159916030977168,0.9766333129981909,0.8421052631578947,STAT3;STRN;PIK3CA;BIN2;PIK3R2,wald_stat,Reactome_2022
Metabolism Of Water-Soluble Vitamins And Cofactors R-HSA-196849,-0.7152886367042426,0.961330976134039,0.9389830508474576,NADSYN1;SLC25A32;SLC2A1;FASN;FPGS;PARP6;RFK;CD38;PANK2,wald_stat,Reactome_2022
Mitochondrial Fatty Acid Beta-Oxidation R-HSA-77289,0.7108151859824346,0.9780998454415764,0.9004524886877828,HADHA;HADH;ACADM;MCAT;ACAA2;MMUT,wald_stat,Reactome_2022
Metabolism Of Non-Coding RNA R-HSA-194441,0.7081103741842818,0.9771849584012249,0.9393258426966292,NUP62;NUP50;NUP37;CLNS1A;NUP58;PRMT5;SNRPE;NUP188;NUP85,wald_stat,Reactome_2022
DDX58/IFIH1-mediated Induction Of Interferon-Alpha/Beta R-HSA-168928,0.7072438720003363,0.9747179837569235,0.9462915601023018,UBE2D2;TRIM4;TOMM70;ATG5;RIPK1;SIKE1;IRF3;ITCH;RIGI;UBC;FADD;NKIRAS2;UBA7,wald_stat,Reactome_2022
Antigen Activates B Cell Receptor Leading To Second Messenger Generation R-HSA-983695,-0.7060361982842706,0.9684127436759306,0.8817005545286506,CD79B;PIK3R1;CALM1;LYN,wald_stat,Reactome_2022
Resolution Of D-loop Structures Thru Synthesis-Dependent Strand Annealing (SDSA) R-HSA-5693554,-0.7015748258183164,0.9706173347058998,0.8856624319419237,RTEL1,wald_stat,Reactome_2022
Inactivation Of APC/C Via Direct Inhibition Of APC/C Complex R-HSA-141430,-0.6978450551087891,0.972127913847551,0.8782608695652174,ANAPC15;ANAPC11,wald_stat,Reactome_2022
Cholesterol Biosynthesis R-HSA-191273,-0.6974973769776168,0.9706253877133372,0.8656195462478184,MVD;NSDHL;SREBF1;PMVK;IDI1;SC5D;CYP51A1;SH3D19;HMGCR;TM7SF2;MSMO1,wald_stat,Reactome_2022
GPVI-mediated Activation Cascade R-HSA-114604,0.6972750073588039,0.9798924759516474,0.9014084507042254,PIK3CG;LCK;PIK3CA;LCP2;PIK3R2;SPNS1;PIK3R3;PTPN6;PTPN11,wald_stat,Reactome_2022
Growth Hormone Receptor Signaling R-HSA-982772,0.6953912542895458,0.9780669854849576,0.8801742919389978,STAT3;STAT5A;PTPN1,wald_stat,Reactome_2022
NOD1/2 Signaling Pathway R-HSA-168638,-0.6886230479458184,0.9764484131606652,0.9027303754266212,BIRC2;IKBKB;CASP4;IRAK1;RIPK2;BIRC3,wald_stat,Reactome_2022
"Interleukin-3, Interleukin-5 And GM-CSF Signaling R-HSA-512988",-0.6881823489333261,0.9750307804987243,0.921602787456446,RAPGEF1;YES1;PRKCA;PIK3R1;LYN;IL2RB;SHC1,wald_stat,Reactome_2022
Insulin Processing R-HSA-264876,0.6879567483446878,0.9805115109960676,0.8901601830663616,VAMP2;EXOC1;SLC30A6;EXOC2;EXOC4;EXOC5;SLC30A7;ERO1A;EXOC3;EXOC8;EXOC7;RAB27A;SLC30A5;KIF5B;ERO1B;EXOC6;STX1A;MYO5A,wald_stat,Reactome_2022
IKK Complex Recruitment Mediated By RIP1 R-HSA-937041,-0.6853352060666084,0.9754664792434005,0.881508078994614,BIRC2;UBB;IKBKB;RIPK3;BIRC3,wald_stat,Reactome_2022
RET Signaling R-HSA-8853659,-0.6828297962658119,0.975720561781457,0.9074074074074074,IRS2;PRKCA;PIK3R1,wald_stat,Reactome_2022
Removal Of Flap Intermediate From C-strand R-HSA-174437,-0.6819683653656688,0.9745441837709387,0.8864027538726333,TERF1,wald_stat,Reactome_2022
PERK Regulates Gene Expression R-HSA-381042,0.6798833725805336,0.9829481398587643,0.9237668161434978,EIF2S1;PARN;EXOSC2;EXOSC3;EXOSC8;KHSRP;EIF2S2;EIF2AK3;DIS3;NFYC;EXOSC5,wald_stat,Reactome_2022
RND2 GTPase Cycle R-HSA-9696270,-0.6777876473172688,0.9759498427374254,0.9033391915641477,NISCH;PIK3R1;ARHGAP5;BLTP3B,wald_stat,Reactome_2022
Attenuation Phase R-HSA-3371568,-0.6744043648279641,0.9766040295052562,0.9013282732447818,CREBBP;DNAJB6;UBB;DEDD2,wald_stat,Reactome_2022
Processing Of SMDT1 R-HSA-8949664,0.6713266291105171,0.9853288917200036,0.8922018348623854,PHB2;YME1L1;MICU1,wald_stat,Reactome_2022
Diseases Of Metabolism R-HSA-5668914,-0.6712030675896862,0.9770068377486372,0.9840764331210191,CHSY1;GALNT3;NOTCH1;UBB;POMT1;LFNG;ADAMTS10;B3GALT6;IDS;EXT1;ABCA3;ALG12;DPM1;B3GAT3;TPMT;NUS1;ALG9;ADAMTS1;B4GALT1;NAGLU;ADA;CYP2U1;HPRT1;PCCA;B4GALT7;MAN1B1;TALDO1;MTRR,wald_stat,Reactome_2022
Interleukin Receptor SHC Signaling R-HSA-912526,0.6687467274600173,0.9836307770082952,0.9107551487414187,IL5RA;PIK3CA;PIK3R2;PIK3R3;PTPN6;INPP5D,wald_stat,Reactome_2022
PI Metabolism R-HSA-1483255,-0.6675935774785232,0.9775725641749604,0.9770114942528736,INPP5K;RAB14;PIP4K2A;INPP5E;PIK3R1;PI4K2A;PIK3C2B;MTMR12;RAB4A;MTMR1;ARF3;PIP4K2C;SYNJ1;VAC14;MTMR3;PLEKHA2;PNPLA6;PIK3CB;INPP4B;RAB5A,wald_stat,Reactome_2022
HSF1-dependent Transactivation R-HSA-3371571,-0.6602556586193067,0.9804713363737663,0.9244604316546763,CREBBP;DNAJB6;UBB;DEDD2;MLST8;HSBP1;HSPA2,wald_stat,Reactome_2022
SLC Transporter Disorders R-HSA-5619102,0.6559621048517633,0.9879199015570204,0.9807692307692307,NUP62;NUP50;SLC26A2;NUP37;MAP4K2;SLC12A6,wald_stat,Reactome_2022
Resolution Of D-loop Structures Thru Holliday Junction Intermediates R-HSA-5693568,0.6498043116626355,0.9880297766649333,0.9395248380129589,GEN1;MRE11;RAD51C;ATM;BLM;RAD50;BARD1,wald_stat,Reactome_2022
"Transport Of Bile Salts And Organic Acids, Metal Ions And Amine Compounds R-HSA-425366",-0.6483959199199616,0.9854209263579514,0.9469320066334992,SLC22A5,wald_stat,Reactome_2022
Sphingolipid De Novo Biosynthesis R-HSA-1660661,-0.6479490979373127,0.9838930115948238,0.9411764705882353,CSNK1G2;CERS6;CERS2;SPTLC1;VAPA,wald_stat,Reactome_2022
RNA Polymerase III Abortive And Retractive Initiation R-HSA-749476,-0.6437526892187893,0.9842194426066672,0.9598603839441536,CRCP;POLR3F;POLR2E;POLR3C;GTF3C5;GTF3C4;BRF2;POU2F1;SNAPC5;POLR3H,wald_stat,Reactome_2022
Aberrant Regulation Of Mitotic Cell Cycle Due To RB1 Defects R-HSA-9687139,0.6348507634990818,0.992133796608806,0.9516908212560387,ANAPC10;CDKN1B;CDC26;TFDP1;CDC16;RB1;CCND3;UBE2E1;ANAPC7;CCND2,wald_stat,Reactome_2022
Mitochondrial Calcium Ion Transport R-HSA-8949215,-0.6337578074735041,0.9875524352513704,0.9343971631205674,MCUB;PMPCA;PHB1;MICU3;VDAC1;STOML2;MAIP1;PARL,wald_stat,Reactome_2022
RND1 GTPase Cycle R-HSA-9696273,0.6317253764768971,0.9903188583998183,0.9457013574660633,ANKRD26;STIP1;RBMX;PIK3R2;LEMD3;RRAS2;WDR6,wald_stat,Reactome_2022
Formation Of ATP By Chemiosmotic Coupling R-HSA-163210,-0.6311942446566895,0.9869986176797211,0.9390018484288355,ATP5MC1;ATP5ME,wald_stat,Reactome_2022
Peroxisomal Lipid Metabolism R-HSA-390918,0.629839465046725,0.987933823111366,0.9311163895486936,ACBD5;CROT;PHYH,wald_stat,Reactome_2022
Glyoxylate Metabolism And Glycine Degradation R-HSA-389661,0.6189705459954937,0.9889648458942181,0.9489559164733179,DBT;DHTKD1;BCKDHB,wald_stat,Reactome_2022
Transcriptional Activity Of SMAD2/SMAD3:SMAD4 Heterotrimer R-HSA-2173793,-0.6131687838297738,0.9926743725159768,0.9814502529510961,SNW1;FURIN;TRIM33;UBB;CCNT1;TFDP2;CCNT2;CDK9;SKIL,wald_stat,Reactome_2022
Interleukin-7 Signaling R-HSA-1266695,-0.6107800788439909,0.9918150350558778,0.9476635514018692,IRS2;PIK3R1;SOCS1,wald_stat,Reactome_2022
Processive Synthesis On C-strand Of Telomere R-HSA-174414,-0.6053085321797133,0.9920298160969454,0.9564459930313589,TERF1,wald_stat,Reactome_2022
Constitutive Signaling By Aberrant PI3K In Cancer R-HSA-2219530,-0.5996727510804264,0.9920941915395367,0.9736842105263158,IRS2;RNMT;PIK3R1;TRAT1;AREG;RHOG;PIK3CB;FGFR1;GRB2,wald_stat,Reactome_2022
Polymerase Switching On C-strand Of Telomere R-HSA-174411,0.5987205892668778,0.9926048493161755,0.9708520179372198,RFC5;RFC4,wald_stat,Reactome_2022
PI3K Cascade R-HSA-109704,-0.5986406458971588,0.9906330998013386,0.9528985507246377,IRS2;PIK3R1,wald_stat,Reactome_2022
SUMOylation Of DNA Replication Proteins R-HSA-4615885,-0.5984527937248808,0.9889574222358404,0.9657039711191335,NUP54;NUP133;SEH1L;SUMO1;SEC13;POM121;UBE2I;PCNA;TPR;NUP98;NUP210;NUP205,wald_stat,Reactome_2022
Downregulation Of SMAD2/3:SMAD4 Transcriptional Activity R-HSA-2173795,0.5955591426801875,0.9903261889066023,0.9743589743589743,HDAC1;RNF111;PARP1,wald_stat,Reactome_2022
Sulfur Amino Acid Metabolism R-HSA-1614635,-0.5889370076701363,0.9900394624047056,0.9426386233269598,MPST,wald_stat,Reactome_2022
Translation Of Structural Proteins R-HSA-9683701,0.5834859130838767,0.9905215316558447,0.9815668202764977,ST6GAL1;PARP4;PARP10;ST3GAL1,wald_stat,Reactome_2022
"Transport Of Vitamins, Nucleosides, And Related Molecules R-HSA-425397",-0.5620076596177861,0.9949458436271786,0.969258589511754,SLC35D2;SLC25A5;SLC27A1;SLC5A6;SLCO3A1;ARL2BP;SLC35D1;SLC33A1,wald_stat,Reactome_2022
Metalloprotease DUBs R-HSA-5689901,-0.5592816211498945,0.9936910363090615,0.9836363636363636,STAM;UBB;H2AC25;UIMC1;BABAM2;H2AC14;KAT2B;EP300;PSMD14;STAMBPL1,wald_stat,Reactome_2022
Nuclear Receptor Transcription Pathway R-HSA-383280,-0.5564251875920162,0.9925322006645111,0.9930915371329879,NR1D2;AREG;NRBP1;NR4A2;NR1H3;NCOR1;NRBF2;NCOR2;ESR2;NR4A3;ESRRA;NR3C1;MBD4;PPARD;NR2C1;THRA;RARG;NR1D1;NR4A1;NR2C2;NR1H2;RARA;NR2C2AP;RORA;RXRB;PPARA,wald_stat,Reactome_2022
Synthesis Of Glycosylphosphatidylinositol (GPI) R-HSA-162710,-0.5465207468380572,0.9925735136102677,0.9738805970149254,PIGH,wald_stat,Reactome_2022
Resolution Of D-Loop Structures R-HSA-5693537,-0.543195849397839,0.991294488580326,0.9833333333333333,RTEL1,wald_stat,Reactome_2022
Pyruvate Metabolism R-HSA-70268,0.5302805765860122,0.9966653176269573,0.9931192660550459,GLO1;SLC16A3;PDK2;PDPR;PDK3,wald_stat,Reactome_2022
SARS-CoV-2 Modulates Host Translation Machinery R-HSA-9754678,0.5089169879395951,0.9956567117122014,0.992,SNRPE;SNRPD3;SNRPD2;GEMIN5;SNRPG;GEMIN6;GEMIN8;GEMIN7;GEMIN2;FAU;DDX20;SMN1;SNRPB;SNRPF;GEMIN4,wald_stat,Reactome_2022
