Name,Term,ES,NES,NOM p-val,FDR q-val,FWER p-val,Tag %,Gene %,Lead_genes
prerank,Reactome_2022__Sema3A PAK Dependent Axon Repulsion R-HSA-399954,-0.8165165543104584,-2.1646505262568896,1.000000e-03,1.811063e-02,1.400000e-02,6/11,8.72%,LIMK1;PKN1;ARHGEF7;PLXNA4;PKN2;PLXNA3
prerank,Reactome_2022__Folding Of Actin By CCT/TriC R-HSA-390450,0.8048542643505256,1.9182234567549816,1.000000e-03,3.775836e-01,2.690000e-01,7/8,15.20%,TCP1;CCT3;CCT6A;CCT4;CCT8;CCT2;CCT7
prerank,Reactome_2022__Cargo Trafficking To Periciliary Membrane R-HSA-5620920,0.5353646259004212,1.8989008152889248,3.831418e-03,2.432691e-01,3.290000e-01,15/33,21.06%,ARF4;TCP1;RAB11A;ARL13B;CCT3;PTGES2;BBS2;CCT4;PDE6D;CCT8;CCT2;PRKD2;EXOC1;BBS9;EXOC2
prerank,Reactome_2022__Activation Of RAC1 R-HSA-428540,-0.8249396883013889,-1.8871418449125295,2.044990e-03,4.298610e-01,4.380000e-01,5/7,7.02%,NCK2;PKN1;ARHGEF7;SOS2;PKN2
prerank,Reactome_2022__SRP-dependent Cotranslational Protein Targeting To Membrane R-HSA-1799339,-0.546443372122488,-1.8821423747248496,2.070393e-03,3.064602e-01,4.700000e-01,11/28,14.70%,RPN2;SEC61G;SRP72;SRP19;SRP68;DDOST;SRP54;SEC61B;SSR4;SPCS2;RSL24D1
prerank,Reactome_2022__Semaphorin Interactions R-HSA-373755,-0.5080660625950958,-1.8512338024362716,1.000000e-03,3.321169e-01,5.910000e-01,12/38,13.05%,LIMK1;PKN1;FARP2;ARHGEF7;RHOC;PLXNA4;RNMT;PKN2;PLXNA3;TYROBP;MYL6;CD72
prerank,Reactome_2022__Ephrin Signaling R-HSA-3928664,-0.795760088614136,-1.84762023474092,2.096436e-03,2.767730e-01,6.080000e-01,5/8,7.02%,NCK2;PKN1;GIT1;ARHGEF7;PKN2
prerank,Reactome_2022__E3 Ubiquitin Ligases Ubiquitinate Target Proteins R-HSA-8866654,0.48264796056083054,1.8324070638628223,1.000000e-03,3.788360e-01,5.710000e-01,29/47,28.48%,UBE2D2;SHPRH;H2BC15;PAF1;RRAGA;PRKDC;RNF20;CTR9;UBE2B;VCP;CDC73;UBC;PEX14;SELENOS;LEO1;UBE2D3;RAD18;UBE2J2;H2BC9;H2BC12;HLTF;UBE2L3;UBE2E1;UBA52;TMEM129;HLA-A;PEX2;UBE2V2;UBE2A
prerank,Reactome_2022__RHO GTPases Activate PAKs R-HSA-5627123,-0.6322234264823625,-1.8105319278626486,1.000000e-03,3.488959e-01,7.420000e-01,7/15,14.93%,LIMK1;PKN1;CDC42;ARHGEF7;PKN2;MYL6;CALM1
prerank,Reactome_2022__STING Mediated Induction Of Host Immune Responses R-HSA-1834941,0.6669524539057433,1.809986173159458,1.865672e-03,3.745310e-01,6.610000e-01,8/14,16.30%,XRCC5;PRKDC;XRCC6;STING1;STAT6;IRF3;MRE11;DDX41
prerank,Reactome_2022__IRF3-mediated Induction Of Type I IFN R-HSA-3270619,0.6940775778009959,1.7795413058930039,9.345794e-03,4.159055e-01,7.700000e-01,7/11,16.30%,XRCC5;PRKDC;XRCC6;STING1;IRF3;MRE11;DDX41
prerank,Reactome_2022__TP53 Regulates Transcription Of Cell Death Genes R-HSA-5633008,-0.5203182290730022,-1.7791379490728851,2.008032e-03,4.206535e-01,8.360000e-01,7/28,8.86%,BCL6;RABGGTA;CREBBP;FASN;BBC3;TRIAP1;PIDD1
prerank,Reactome_2022__CD28 Co-Stimulation R-HSA-389356,-0.5108377133141755,-1.763027598830292,2.155172e-03,4.355872e-01,8.780000e-01,11/28,14.03%,MAP3K8;PKN1;CDC42;AKT1;ARHGEF7;YES1;PKN2;PIK3R1;LYN;MAPKAP1;MLST8
prerank,Reactome_2022__COPII-mediated Vesicle Transport R-HSA-204005,-0.4432146224184969,-1.7407870895628137,2.074689e-03,4.888685e-01,9.280000e-01,15/53,10.76%,RAB1A;TFG;NAPG;TRAPPC10;SEC24C;STX5;PPP6R1;TRAPPC2L;TRAPPC6A;SEC24B;CSNK1D;TBC1D20;SEC24A;TMED2;TRAPPC5
prerank,Reactome_2022__CD28 Dependent Vav1 Pathway R-HSA-389359,-0.7363238314502849,-1.7402097956891565,6.198347e-03,4.428580e-01,9.320000e-01,4/8,7.02%,PKN1;CDC42;ARHGEF7;PKN2
prerank,Reactome_2022__ALK Mutants Bind TKIs R-HSA-9700645,0.7265679920693165,1.7390711174147648,5.780347e-03,5.363190e-01,8.900000e-01,6/9,19.08%,PRKAR1A;STRN;CLTC;PPM1B;NPM1;EIF2AK3
prerank,Reactome_2022__Formation Of Tubulin Folding Intermediates By CCT/TriC R-HSA-389960,0.5900240930568935,1.7352689760300044,4.040404e-03,4.771455e-01,9.020000e-01,10/16,17.64%,TUBA1A;TCP1;CCT3;CCT6A;CCT4;CCT8;CCT2;CCT7;TUBB;TUBA1C
prerank,Reactome_2022__Interleukin-12 Family Signaling R-HSA-447115,0.4681674987072286,1.727695844557577,8.213552e-03,4.510809e-01,9.180000e-01,12/41,10.22%,STAT3;HNRNPF;STAT4;S100A9;CAPZA1;TCP1;SOD1;IFNG;HNRNPA2B1;IL27RA;RALA;RAP1B
prerank,Reactome_2022__RUNX3 Regulates p14-ARF R-HSA-8951936,-0.7188251561727974,-1.7272927615296096,1.508621e-02,4.551868e-01,9.530000e-01,4/9,4.16%,RUNX3;NRAS;TGFB1;BRD2
prerank,Reactome_2022__BBSome-mediated Cargo-Targeting To Cilium R-HSA-5620922,0.6504273502629959,1.7257628368720719,1.361868e-02,4.095186e-01,9.230000e-01,7/12,18.68%,TCP1;CCT3;BBS2;CCT4;CCT8;CCT2;BBS9
prerank,Reactome_2022__Keratinization R-HSA-6805567,-0.6525830509363441,-1.707030658402912,1.467505e-02,5.075414e-01,9.670000e-01,3/11,3.28%,KRT81;KRT86;FURIN
prerank,Reactome_2022__G0 And Early G1 R-HSA-1538133,0.5934286248428381,1.698617453289546,1.512287e-02,4.911405e-01,9.600000e-01,5/16,7.47%,HDAC1;RBL2;RBBP4;MAX;E2F4
prerank,Reactome_2022__mRNA 3-End Processing R-HSA-72187,-0.4258650597118611,-1.6935067547956084,4.175365e-03,5.338127e-01,9.810000e-01,17/56,11.70%,U2AF2;RBM8A;ALYREF;MAGOH;WDR33;SLU7;CPSF7;SARNP;DDX39A;RNPS1;THOC7;NCBP1;SRSF9;PABPN1;NUDT21;SRSF5;SRSF2
prerank,Reactome_2022__Collagen Formation R-HSA-1474290,-0.5369423461466107,-1.6912012788842368,1.084599e-02,5.070214e-01,9.850000e-01,9/21,19.19%,PPIB;CTSS;CD151;P4HB;PCOLCE;P3H1;COL6A2;PLEC;PLOD1
prerank,Reactome_2022__Attachment Of GPI Anchor To uPAR R-HSA-162791,-0.7758469099126473,-1.6910062533846042,4.319654e-03,4.738592e-01,9.850000e-01,3/6,11.91%,PIGT;PIGS;GPAA1
prerank,Reactome_2022__EPH-Ephrin Signaling R-HSA-2682334,-0.4396215226387022,-1.6900820841796007,6.036217e-03,4.475721e-01,9.850000e-01,15/51,14.49%,NCK2;LIMK1;PKN1;CDC42;GIT1;ARHGEF7;CLTB;YES1;PKN2;EPHA4;APH1A;LYN;MYL6;ARPC2;VAV3
prerank,Reactome_2022__Association Of TriC/CCT With Target Proteins During Biosynthesis R-HSA-390471,0.49405337738085203,1.6856376555636574,5.703422e-03,5.083119e-01,9.670000e-01,13/31,15.20%,USP11;STAT3;TCP1;LONP2;CCT3;CCT6A;DCAF7;WRAP53;CCT4;CCT8;CCT2;FBXO4;CCT7
prerank,Reactome_2022__Glucagon-type Ligand Receptors R-HSA-420092,-0.6344808214053532,-1.6854493431329816,1.867220e-02,4.389163e-01,9.850000e-01,4/11,6.18%,GNAS;GNB1;VIPR2;GNGT2
prerank,Reactome_2022__Transcription Of E2F Targets Under Negative Control By DREAM Complex R-HSA-1362277,0.6126876254859559,1.6849927143720291,1.335878e-02,4.686138e-01,9.670000e-01,5/14,7.47%,HDAC1;RBL2;RBBP4;MAX;E2F4
prerank,Reactome_2022__SEMA3A-Plexin Repulsion Signaling By Inhibiting Integrin Adhesion R-HSA-399955,-0.7520636674395395,-1.6824012724868025,1.840491e-02,4.251262e-01,9.870000e-01,3/7,8.72%,FARP2;PLXNA4;PLXNA3
prerank,Reactome_2022__STAT3 Nuclear Events Downstream Of ALK Signaling R-HSA-9701898,0.6991135250559453,1.6794185593955835,9.469697e-03,4.590827e-01,9.720000e-01,3/9,7.64%,HDAC1;STAT3;HIF1A
prerank,Reactome_2022__Nuclear Events Stimulated By ALK Signaling In Cancer R-HSA-9725371,0.5818294971491274,1.6763229953994678,1.380671e-02,4.393066e-01,9.760000e-01,6/15,15.38%,STAT3;CLTC;MECP2;STAT5A;NPM1;RBX1
prerank,Reactome_2022__Gene And Protein Expression By JAK-STAT Signaling After Interleukin-12 Stimulation R-HSA-8950505,0.4841689516859643,1.67600625266107,1.229508e-02,4.113971e-01,9.760000e-01,10/30,10.22%,HNRNPF;STAT4;S100A9;CAPZA1;TCP1;SOD1;IFNG;HNRNPA2B1;RALA;RAP1B
prerank,Reactome_2022__Nonhomologous End-Joining (NHEJ) R-HSA-5693571,0.4601801579812097,1.6755962118111412,1.145038e-02,3.870937e-01,9.760000e-01,24/40,33.93%,XRCC5;TDP2;H2BC15;PRKDC;XRCC6;HERC2;TDP1;MDC1;MRE11;ATM;RNF8;POLM;LRIF1;POLL;H2BC9;NSD2;H2BC12;UBE2V2;RAD50;H2BC11;ABRAXAS1;TP53BP1;BARD1;KAT5
prerank,Reactome_2022__SOS-mediated Signaling R-HSA-112412,-0.7918583535436231,-1.6607716882644088,2.079002e-02,4.859591e-01,9.930000e-01,2/5,1.67%,NRAS;IRS2
prerank,Reactome_2022__IRAK4 Deficiency (TLR2/4) R-HSA-5603041,0.7059967350803373,1.6580510419041248,7.130125e-03,4.293536e-01,9.930000e-01,5/8,22.43%,S100A8;S100A9;IRAK4;TIRAP;HMGB1
prerank,Reactome_2022__Synthesis Of Prostaglandins (PG) And Thromboxanes (TX) R-HSA-2162123,0.6772488135505034,1.6579234234494746,1.908397e-02,4.058659e-01,9.930000e-01,6/9,27.21%,PTGES3;PTGDS;HPGD;PTGES2;AKR1C3;PTGS1
prerank,Reactome_2022__NR1H2 And NR1H3-mediated Signaling R-HSA-9024446,-0.49912917461857814,-1.6568461283831128,8.492569e-03,4.768954e-01,9.940000e-01,9/28,14.71%,FASN;NCOA1;MYLIP;TNRC6A;AGO4;AGO2;ARL4C;SREBF1;TBL1X
prerank,"Reactome_2022__Tetrahydrobiopterin (BH4) Synthesis, Recycling, Salvage And Regulation R-HSA-1474151",-0.7280765898314143,-1.6562430066332343,1.273885e-02,4.559109e-01,9.940000e-01,3/7,2.66%,AKT1;PTS;GCH1
prerank,Reactome_2022__vRNP Assembly R-HSA-192905,0.8391195778106706,1.6557526424639446,5.905512e-03,3.930073e-01,9.930000e-01,3/5,13.48%,PBRM1;IPO5;GNL3
prerank,Reactome_2022__Extracellular Matrix Organization R-HSA-1474244,-0.3825317899245687,-1.6399546611784528,4.106776e-03,4.979453e-01,9.980000e-01,28/80,19.20%,CAPN15;PPIB;FURIN;TGFB1;TIMP1;CAPN12;CTSD;PRKCA;ITGAE;CASP3;NCAM1;CTSS;ITGAM;CASK;ITGAD;LMNB2;CD151;P4HB;PCOLCE;P3H1;CAPN2;COL6A2;PLEC;SPARC;ADAMTS1;ICAM1;PLOD1;ICAM3
prerank,Reactome_2022__Rap1 Signaling R-HSA-392517,0.643447084926185,1.6390871996173895,3.495146e-02,4.320139e-01,9.960000e-01,7/10,16.58%,PRKACB;RASGRP1;YWHAZ;RASGRP2;YWHAB;RAP1B;RAP1A
prerank,Reactome_2022__Entry Of Influenza Virion Into Host Cell Via Endocytosis R-HSA-168275,0.8182426569763136,1.6384943144017972,3.913894e-03,4.139465e-01,9.960000e-01,3/5,13.48%,PBRM1;CLTC;GNL3
prerank,Reactome_2022__MECP2 Regulates Neuronal Receptors And Channels R-HSA-9022699,0.6245387225489283,1.633628798431916,1.639344e-02,4.113971e-01,9.970000e-01,6/12,8.25%,PTPN4;HDAC1;FKBP5;MECP2;SLC2A3;PTPN1
prerank,Reactome_2022__Erythropoietin Activates RAS R-HSA-9027284,-0.6069782223187185,-1.6322236823055802,2.315789e-02,5.081165e-01,9.980000e-01,7/12,27.95%,NRAS;IRS2;RAPGEF1;LYN;SHC1;GRB2;HRAS
prerank,Reactome_2022__CLEC7A (Dectin-1) Induces NFAT Activation R-HSA-5607763,0.627880131593885,1.625862308641715,2.602230e-02,4.210347e-01,9.980000e-01,5/11,11.19%,PPP3CB;NFATC2;PPP3R1;AHCYL1;NFATC3
prerank,Reactome_2022__G Beta:Gamma Signaling Thru CDC42 R-HSA-8964616,-0.6083972773023469,-1.6235956423931408,1.642710e-02,5.245423e-01,9.980000e-01,4/11,6.18%,PKN1;CDC42;GNB1;GNGT2
prerank,Reactome_2022__Regulation Of TLR By Endogenous Ligand R-HSA-5686938,0.761801604675944,1.6213619648060074,1.083032e-02,4.194982e-01,9.980000e-01,3/6,7.79%,S100A8;S100A9;GSDMD
prerank,Reactome_2022__Degradation Of Extracellular Matrix R-HSA-1474228,-0.48149990725136665,-1.6211619256464598,1.467505e-02,5.130207e-01,9.990000e-01,7/28,8.65%,CAPN15;FURIN;TIMP1;CAPN12;CTSD;CASP3;CTSS
prerank,Reactome_2022__Collagen Biosynthesis And Modifying Enzymes R-HSA-1650814,-0.5528195524278445,-1.6210309310241948,2.036660e-02,4.939038e-01,9.990000e-01,6/16,19.19%,PPIB;P4HB;PCOLCE;P3H1;COL6A2;PLOD1
prerank,Reactome_2022__Interleukin-35 Signaling R-HSA-8984722,0.6554539486149141,1.620958868004193,2.534113e-02,4.041835e-01,9.980000e-01,3/10,5.56%,STAT3;STAT4;IL27RA
prerank,Reactome_2022__Signal Transduction By L1 R-HSA-445144,-0.5904603364335128,-1.6167551426093865,2.569593e-02,4.911570e-01,1.000000e+00,5/13,9.31%,PKN1;MAP2K2;CSNK2B;NCAM1;CSNK2A2
prerank,Reactome_2022__VEGFR2 Mediated Vascular Permeability R-HSA-5218920,-0.5167217032594804,-1.6127031082820389,1.724138e-02,4.894434e-01,1.000000e+00,8/20,14.93%,PKN1;AKT1;ARHGEF7;PKN2;MAPKAP1;MLST8;VAV3;CALM1
prerank,Reactome_2022__Transcription Of E2F Targets Under Negative Control By P107 (RBL1) And P130 (RBL2) In Complex With HDAC1 R-HSA-1362300,0.6317023875292769,1.6112954805062203,1.890359e-02,4.238604e-01,9.990000e-01,4/11,7.47%,HDAC1;RBL2;RBBP4;E2F4
prerank,Reactome_2022__CD209 (DC-SIGN) Signaling R-HSA-5621575,-0.5550752786477975,-1.6109962294171358,1.855670e-02,4.789213e-01,1.000000e+00,10/16,19.20%,PKN1;NRAS;CREBBP;ARHGEF7;PRKCA;PKN2;NFKB1;LYN;RELB;ICAM3
prerank,Reactome_2022__RHOJ GTPase Cycle R-HSA-9013409,-0.4436670092178725,-1.6099148174198792,1.461378e-02,4.662953e-01,1.000000e+00,16/38,15.94%,PKN1;CDC42;GIT1;ARHGAP21;ARHGEF7;CPNE8;LAMTOR1;PREX1;PKN2;ARHGAP5;ARHGAP26;PIK3R1;WIPF2;TRIO;OPHN1;VANGL1
prerank,Reactome_2022__HIV Elongation Arrest And Recovery R-HSA-167287,-0.4638289067028209,-1.6040149552795546,6.097561e-03,4.731787e-01,1.000000e+00,14/32,22.81%,ELOA;POLR2C;POLR2D;ELOB;POLR2G;ELL;CCNT1;POLR2E;CCNT2;NELFCD;NELFA;POLR2J;CDK9;NELFB
prerank,Reactome_2022__Costimulation By CD28 Family R-HSA-388841,-0.4164806826522147,-1.6035354615616906,1.290323e-02,4.603894e-01,1.000000e+00,16/49,14.03%,MAP3K8;PKN1;CDC42;AKT1;HLA-DRB5;ARHGEF7;PPP2CA;PPP2CB;YES1;CD3D;PKN2;PIK3R1;LYN;HLA-DRB1;MAPKAP1;MLST8
prerank,Reactome_2022__Mitochondrial Protein Import R-HSA-1268020,-0.39141090133099904,-1.5946646714940633,6.012024e-03,4.792698e-01,1.000000e+00,21/62,18.69%,GFER;GRPEL2;TIMM17A;ATP5MC1;TIMM23;TIMM8B;BCS1L;MTX1;FXN;CS;COX19;TOMM22;NDUFB8;GRPEL1;TIMM8A;CHCHD5;TIMM22;TIMM21;TOMM5;TOMM40;PMPCA
prerank,Reactome_2022__Keratan Sulfate Biosynthesis R-HSA-2022854,-0.571587395821957,-1.586280722060661,2.114165e-02,4.976975e-01,1.000000e+00,4/14,5.70%,B3GNT7;B3GNT2;SLC35D2;B4GALT4
prerank,Reactome_2022__Apoptotic Execution Phase R-HSA-75153,0.4443739570804525,1.5855218919277272,1.512287e-02,5.070975e-01,1.000000e+00,8/36,3.52%,SPTAN1;KPNB1;FNTA;H1-2;PRKCQ;H1-4;ADD1;H1-3
prerank,Reactome_2022__Downregulation Of TGF-beta Receptor Signaling R-HSA-2173788,0.5058911272164476,1.5820193715648057,3.137255e-02,5.034113e-01,1.000000e+00,10/22,18.04%,TGFBR2;UCHL5;XPO1;PPP1CB;MTMR4;PPP1CC;UBC;PPP1R15A;SMAD3;SRFBP1
prerank,Reactome_2022__RNA Polymerase II Transcription Termination R-HSA-73856,-0.38676468904193007,-1.5784462361707807,1.059322e-02,5.139461e-01,1.000000e+00,17/64,11.70%,U2AF2;RBM8A;ALYREF;MAGOH;WDR33;SLU7;CPSF7;SARNP;DDX39A;RNPS1;THOC7;NCBP1;SRSF9;PABPN1;NUDT21;SRSF5;SRSF2
prerank,Reactome_2022__Interleukin-12 Signaling R-HSA-9020591,0.4352409708809316,1.578394984226897,2.600000e-02,5.000117e-01,1.000000e+00,10/36,10.22%,HNRNPF;STAT4;S100A9;CAPZA1;TCP1;SOD1;IFNG;HNRNPA2B1;RALA;RAP1B
prerank,Reactome_2022__Cilium Assembly R-HSA-5617833,0.339883150779218,1.5756461628983394,1.000000e-03,4.958368e-01,1.000000e+00,44/138,20.17%,CEP57;TUBA1A;CKAP5;ARF4;TRIP11;CEP250;TCP1;RAB11A;ARL13B;CCT3;KIF3B;SEPTIN2;CNTRL;PAFAH1B1;IFT57;PCNT;CEP290;HAUS1;CEP78;HAUS4;PTGES2;BBS2;SCLT1;CCT4;PDE6D;HDAC6;CCT8;CCT2;CDK5RAP2;DYNC2I1;SFI1;TMEM216;PRKD2;DYNLL1;PCM1;EXOC1;IFT27;TUBB;CEP162;DYNC2H1;BBS9;CEP89;TCTN3;ODF2
prerank,Reactome_2022__Calcineurin Activates NFAT R-HSA-2025928,0.6402374590475338,1.575413275590695,4.038462e-02,4.809025e-01,1.000000e+00,4/9,11.19%,PPP3CB;NFATC2;PPP3R1;NFATC3
prerank,Reactome_2022__ERBB2 Regulates Cell Motility R-HSA-6785631,0.7889541095092711,1.5753826719088289,1.764706e-02,4.660798e-01,1.000000e+00,2/5,6.29%,DIAPH1;ERBB2
prerank,Reactome_2022__Thromboxane Signaling Thru TP Receptor R-HSA-428930,-0.6110758540911475,-1.5737557839071956,3.601695e-02,5.177508e-01,1.000000e+00,4/11,6.73%,GNB1;GNA13;GNGT2;GNAQ
prerank,Reactome_2022__Receptor Mediated Mitophagy R-HSA-8934903,-0.6314540440172671,-1.5669680736690417,4.828974e-02,5.294119e-01,1.000000e+00,5/9,10.88%,MAP1LC3B;ULK1;CSNK2B;CSNK2A2;PGAM5
prerank,Reactome_2022__Apoptosis Induced DNA Fragmentation R-HSA-140342,0.6028589017563744,1.5668713568144568,3.102190e-02,4.834357e-01,1.000000e+00,4/11,3.52%,KPNB1;H1-2;H1-4;H1-3
prerank,Reactome_2022__Class B/2 (Secretin Family Receptors) R-HSA-373080,-0.5129025535466667,-1.5661832984470119,4.219409e-02,5.180592e-01,1.000000e+00,6/18,12.62%,GNAS;GNB1;VIPR2;GNGT2;PTRH2;PTCH2
prerank,Reactome_2022__Post-transcriptional Silencing By Small RNAs R-HSA-426496,-0.6918390153833025,-1.5658731594658246,2.380952e-02,5.059502e-01,1.000000e+00,3/7,9.50%,TNRC6A;AGO4;AGO2
prerank,Reactome_2022__Chondroitin Sulfate Biosynthesis R-HSA-2022870,-0.6272329007220628,-1.5652639740902108,6.854839e-02,4.951924e-01,1.000000e+00,2/9,0.40%,CHST7;CHSY1
prerank,Reactome_2022__RUNX1 Regulates Transcription Of Genes Involved In Differentiation Of Myeloid Cells R-HSA-8939246,-0.7195105909053241,-1.562871620862043,3.245436e-02,4.918191e-01,1.000000e+00,3/6,10.28%,LGALS3;CREBBP;PRKCB
prerank,Reactome_2022__Binding And Uptake Of Ligands By Scavenger Receptors R-HSA-2173782,-0.5822618977708562,-1.5577237677641422,3.974895e-02,4.978139e-01,1.000000e+00,4/12,4.69%,FTL;FTH1;CALR;C1D
prerank,Reactome_2022__Pausing And Recovery Of Tat-mediated HIV Elongation R-HSA-167238,-0.45896668653945033,-1.5531830514143805,2.070393e-02,5.016717e-01,1.000000e+00,13/30,22.81%,ELOA;POLR2C;POLR2D;ELOB;POLR2G;ELL;CCNT1;POLR2E;NELFCD;NELFA;POLR2J;CDK9;NELFB
prerank,Reactome_2022__mRNA Splicing - Major Pathway R-HSA-72163,-0.32308629923820803,-1.544348663590689,1.000000e-03,5.213100e-01,1.000000e+00,43/177,13.53%,U2AF2;SF3B6;RBM8A;ALYREF;CRNKL1;SRSF10;MAGOH;WDR33;RBM5;SNRNP27;CWC25;PHF5A;SNW1;CWC15;BUD31;U2SURP;SYF2;EFTUD2;TRA2B;SLU7;PTBP1;CPSF7;SNRPB2;HNRNPH1;POLR2C;POLR2D;SMNDC1;RNPS1;PQBP1;HNRNPL;CTNNBL1;NCBP1;TFIP11;POLR2G;SRSF9;PABPN1;NUDT21;SRSF5;SRSF2;SNRPC;CDC5L;PCBP1;CPSF6
prerank,Reactome_2022__HDR Thru MMEJ (alt-NHEJ) R-HSA-5685939,0.6602172034261358,1.540607003359577,4.708098e-02,5.773980e-01,1.000000e+00,4/8,15.41%,POLK;PARP1;RAD52;MRE11
prerank,Reactome_2022__Prostacyclin Signaling Thru Prostacyclin Receptor R-HSA-392851,-0.6172126367257578,-1.5388811897175145,4.338843e-02,5.289960e-01,1.000000e+00,3/9,6.18%,GNAS;GNB1;GNGT2
prerank,Reactome_2022__Deadenylation Of mRNA R-HSA-429947,0.4748932971404036,1.5368776021534558,1.930502e-02,5.776734e-01,1.000000e+00,8/23,13.06%,CNOT7;EIF4B;CNOT3;PARN;EIF4A2;TUT7;EIF4G1;PABPC1
prerank,"Reactome_2022__BMAL1:CLOCK,NPAS2 Activates Circadian Gene Expression R-HSA-1368108",-0.5142839669061722,-1.5341619035789518,5.032823e-02,5.355372e-01,1.000000e+00,6/16,14.71%,CREBBP;NCOA1;CARM1;BMAL1;NOCT;TBL1X
prerank,Reactome_2022__SHC-mediated cascade:FGFR1 R-HSA-5654688,-0.6919190810209535,-1.5330385134468991,5.844156e-02,5.280868e-01,1.000000e+00,5/6,27.95%,NRAS;SHC1;FGFR1;GRB2;HRAS
prerank,Reactome_2022__mRNA Splicing R-HSA-72172,-0.3179476703964227,-1.5323841340710551,2.092050e-03,5.194154e-01,1.000000e+00,45/185,13.53%,U2AF2;SF3B6;RBM8A;ALYREF;CRNKL1;SRSF10;MAGOH;WDR33;RBM5;SNRNP27;CWC25;PHF5A;SNW1;CWC15;BUD31;U2SURP;SYF2;EFTUD2;TRA2B;SLU7;PTBP1;CPSF7;SNRPB2;HNRNPH1;POLR2C;POLR2D;SMNDC1;RNPS1;PQBP1;HNRNPL;CTNNBL1;NCBP1;TFIP11;POLR2G;SRSF9;PABPN1;NUDT21;SRSF5;SNRNP25;SRSF2;SNRPC;CDC5L;PCBP1;ZCRB1;CPSF6
prerank,Reactome_2022__Signaling By ALK Fusions And Activated Point Mutants R-HSA-9725370,0.40320763917086155,1.5320560908178704,1.923077e-02,5.830995e-01,1.000000e+00,21/46,26.44%,PRKAR1A;STAT3;GCC2;VCL;STRN;PLCG1;CLTC;MECP2;STAT5A;PPM1B;NPM1;PIK3CA;CARS1;RBX1;TPM4;EIF2AK3;SQSTM1;RNF213;RNASEH2A;MSN;MYH9
prerank,Reactome_2022__SHC1 Events In EGFR Signaling R-HSA-180336,-0.6932845908776968,-1.5314832965484686,5.845511e-02,5.124894e-01,1.000000e+00,5/6,27.95%,NRAS;AREG;SHC1;GRB2;HRAS
prerank,Reactome_2022__VxPx Cargo-Targeting To Cilium R-HSA-5620916,0.5415070223862739,1.530323284259902,4.743083e-02,5.752350e-01,1.000000e+00,6/15,21.06%,ARF4;RAB11A;PTGES2;PRKD2;EXOC1;EXOC2
prerank,Reactome_2022__MyD88 Deficiency (TLR2/4) R-HSA-5602498,0.691748917680773,1.5277128463852525,3.971119e-02,5.707751e-01,1.000000e+00,4/7,22.43%,S100A8;S100A9;TIRAP;HMGB1
prerank,Reactome_2022__Signaling By FGFR3 R-HSA-5654741,-0.4703912395644694,-1.5256094989784306,1.716738e-02,5.220334e-01,1.000000e+00,9/24,15.65%,NRAS;GALNT3;SPRY2;PPP2CA;PPP2CB;MKNK1;PIK3R1;UBB;BRAF
prerank,Reactome_2022__Glutathione Synthesis And Recycling R-HSA-174403,0.7042341435214396,1.5216427555867764,4.322200e-02,5.824152e-01,1.000000e+00,2/6,3.18%,CNDP2;GCLM
prerank,Reactome_2022__SHC-related Events Triggered By IGF1R R-HSA-2428933,-0.6934031900688233,-1.5149134185542683,4.148472e-02,5.513610e-01,1.000000e+00,5/6,27.95%,NRAS;IGF1R;SHC1;GRB2;HRAS
prerank,Reactome_2022__MET Activates RAS Signaling R-HSA-8851805,-0.6273967097529127,-1.511531599118142,7.391304e-02,5.522921e-01,1.000000e+00,6/8,27.95%,NRAS;RNMT;SHC1;RANBP9;GRB2;HRAS
prerank,Reactome_2022__Purine Ribonucleoside Monophosphate Biosynthesis R-HSA-73817,0.628682312055438,1.5084841444138755,5.420561e-02,6.276623e-01,1.000000e+00,5/9,22.59%,IMPDH2;ADSS2;ADSL;GMPS;PFAS
prerank,Reactome_2022__2-LTR Circle Formation R-HSA-164843,0.6664142881432091,1.504090002045334,5.914972e-02,6.334984e-01,1.000000e+00,3/7,9.93%,XRCC5;XRCC6;PSIP1
prerank,Reactome_2022__Ca2+ Pathway R-HSA-4086398,-0.414694398405242,-1.5028118061140585,2.141328e-02,5.734294e-01,1.000000e+00,14/36,17.46%,NRAS;TCF7;GNB1;GNGT2;PRKCA;TNRC6A;AGO4;AGO2;NFATC1;PDE6G;CALM1;PLCB1;PDE6B;PLCB2
prerank,Reactome_2022__RHOQ GTPase Cycle R-HSA-9013406,-0.4115562464032836,-1.5005980973428368,3.042596e-02,5.710765e-01,1.000000e+00,12/39,8.42%,PKN1;CDC42;GIT1;ARHGAP21;ARHGEF7;CPNE8;LAMTOR1;PREX1;RHOQ;PKN2;ARHGAP5;ARHGAP26
prerank,Reactome_2022__TP53 Regulates Transcription Of Additional Cell Death Genes With Uncertain Roles In P53-Dependent Apoptosis R-HSA-6803205,-0.634677422894239,-1.4977092562578143,5.882353e-02,5.710755e-01,1.000000e+00,2/8,2.12%,BCL6;RABGGTA
prerank,Reactome_2022__Miscellaneous Transport And Binding Events R-HSA-5223345,0.5141363364953886,1.4965286965682516,4.789272e-02,6.529665e-01,1.000000e+00,11/16,26.42%,ADD3;ADD1;LRRC8D;NIPA2;NIPA1;MMGT1;BPNT1;SLC66A1;MRS2;NIPAL3;ANKH
prerank,Reactome_2022__EGFR Transactivation By Gastrin R-HSA-2179392,-0.7117863280516055,-1.4894891120316212,6.066946e-02,5.922098e-01,1.000000e+00,2/5,6.83%,NRAS;PRKCA
prerank,Reactome_2022__Cooperation Of Prefoldin And TriC/CCT In Actin And Tubulin Folding R-HSA-389958,0.4569535217794251,1.485739248181974,3.800000e-02,6.881520e-01,1.000000e+00,11/22,17.64%,TUBA1A;TCP1;CCT3;CCT6A;PFDN6;CCT4;CCT8;CCT2;CCT7;TUBB;TUBA1C
prerank,Reactome_2022__Class I Peroxisomal Membrane Protein Import R-HSA-9603798,0.4987798488694127,1.4856148438385952,4.509804e-02,6.730458e-01,1.000000e+00,8/18,26.93%,ACBD5;PEX3;PXMP4;PEX14;PEX19;PEX16;ABCD3;PEX2
prerank,Reactome_2022__Competing Endogenous RNAs (ceRNAs) Regulate PTEN Translation R-HSA-8948700,-0.581014911329416,-1.4832896360839878,7.851240e-02,6.055752e-01,1.000000e+00,3/10,9.50%,TNRC6A;AGO4;AGO2
prerank,Reactome_2022__Activation Of AMPK Downstream Of NMDARs R-HSA-9619483,-0.6820514087588588,-1.4797810604795802,7.984032e-02,6.086529e-01,1.000000e+00,3/6,14.93%,PRKAG1;PRKAG2;CALM1
prerank,Reactome_2022__Interleukin-21 Signaling R-HSA-9020958,0.6204932482510352,1.4797490639899773,5.534351e-02,6.852861e-01,1.000000e+00,3/9,6.88%,STAT3;STAT4;STAT5A
prerank,Reactome_2022__Prefoldin Mediated Transfer Of Substrate To CCT/TriC R-HSA-389957,0.46218804032390254,1.4775415972817645,4.391218e-02,6.805571e-01,1.000000e+00,11/21,17.64%,TUBA1A;TCP1;CCT3;CCT6A;PFDN6;CCT4;CCT8;CCT2;CCT7;TUBB;TUBA1C
prerank,Reactome_2022__Formation Of HIV Elongation Complex In Absence Of HIV Tat R-HSA-167152,-0.3962268432186198,-1.4775271967351595,2.494802e-02,6.079428e-01,1.000000e+00,17/44,20.97%,ELOA;ERCC3;POLR2C;POLR2D;NCBP1;ELOB;POLR2G;ELL;MNAT1;CCNT1;CDK7;POLR2E;CCNT2;NELFCD;NELFA;POLR2J;CDK9
prerank,Reactome_2022__EPHB-mediated Forward Signaling R-HSA-3928662,-0.4579045258130074,-1.4769179848562175,4.958678e-02,6.002784e-01,1.000000e+00,6/23,13.15%,LIMK1;PKN1;CDC42;YES1;LYN;ARPC2
prerank,Reactome_2022__Translesion Synthesis By POLK R-HSA-5655862,0.5376525190009172,1.476291618803952,6.336634e-02,6.715329e-01,1.000000e+00,7/14,14.05%,RPA3;RFC5;POLK;RFC4;REV3L;REV1;UBC
prerank,Reactome_2022__MASTL Facilitates Mitotic Progression R-HSA-2465910,-0.6468396174608978,-1.4754045946113175,8.541667e-02,5.964456e-01,1.000000e+00,3/7,13.36%,PPP2CA;PPP2CB;PPP2R2D
prerank,Reactome_2022__Signaling By FGFR R-HSA-190236,-0.37949524476652663,-1.4742676754781283,2.719665e-02,5.914820e-01,1.000000e+00,13/50,9.17%,NRAS;GALNT3;SPRY2;PPP2CA;PTBP1;HNRNPH1;POLR2C;PPP2CB;POLR2D;NCBP1;MKNK1;PIK3R1;POLR2G
prerank,Reactome_2022__DARPP-32 Events R-HSA-180024,0.477378901189217,1.4730572667631314,5.333333e-02,6.722382e-01,1.000000e+00,6/20,6.70%,PPP3CB;PRKACB;PRKAR1A;PPP3CC;PPP2R5D;PPP3R1
prerank,Reactome_2022__Keratan Sulfate/Keratin Metabolism R-HSA-1638074,-0.49117552165718026,-1.4729815037479,4.498978e-02,5.868282e-01,1.000000e+00,4/18,5.70%,B3GNT7;B3GNT2;SLC35D2;B4GALT4
prerank,Reactome_2022__RHO GTPases Activate NADPH Oxidases R-HSA-5668599,0.5507607377222817,1.4724056127073495,6.156716e-02,6.611643e-01,1.000000e+00,3/13,1.26%,MAPK14;S100A8;S100A9
prerank,Reactome_2022__RNA Polymerase I Transcription Termination R-HSA-73863,0.43847497974749633,1.469066376897064,5.065666e-02,6.645284e-01,1.000000e+00,10/28,19.48%,UBTF;TBP;GTF2H1;GTF2H3;POLR1H;CCNH;GTF2H5;POLR1D;TAF1B;POLR1E
prerank,Reactome_2022__G-protein Beta:Gamma Signaling R-HSA-397795,-0.4611894539679054,-1.468123370526766,6.432749e-02,5.960693e-01,1.000000e+00,5/20,6.18%,PKN1;CDC42;AKT1;GNB1;GNGT2
prerank,Reactome_2022__Recruitment And ATM-mediated Phosphorylation Of Repair And Signal Proteins At DNA Double Strand Breaks R-HSA-5693565,0.39403628021682346,1.4654170275566796,4.206501e-02,6.674843e-01,1.000000e+00,26/43,33.93%,H2BC15;SMARCA5;BAZ1B;HERC2;MDC1;KDM4B;UBC;MRE11;ATM;RNF8;MAPK8;TP53;H2BC9;NSD2;H2BC12;UBA52;UBE2V2;APBB1;RAD50;KDM4A;PPP5C;H2BC11;ABRAXAS1;TP53BP1;BARD1;KAT5
prerank,Reactome_2022__RHO GTPases Activate ROCKs R-HSA-5627117,-0.4971998399042392,-1.4644447453890246,6.365503e-02,6.007483e-01,1.000000e+00,3/16,4.00%,LIMK1;PKN1;RHOC
prerank,Reactome_2022__Signaling By FGFR2 IIIa TM R-HSA-8851708,-0.4979288617038698,-1.4639156072382367,6.147541e-02,5.848985e-01,1.000000e+00,6/16,19.11%,POLR2C;POLR2D;NCBP1;POLR2G;POLR2E;POLR2J
prerank,Reactome_2022__FGFR2 Mutant Receptor Activation R-HSA-1839126,-0.4979288617038698,-1.4639156072382367,6.147541e-02,5.848985e-01,1.000000e+00,6/16,19.11%,POLR2C;POLR2D;NCBP1;POLR2G;POLR2E;POLR2J
prerank,Reactome_2022__KSRP (KHSRP) Binds And Destabilizes mRNA R-HSA-450604,0.5094289364575407,1.4619147159931367,7.128713e-02,6.705433e-01,1.000000e+00,8/16,19.43%,MAPK14;YWHAZ;PARN;EXOSC2;EXOSC3;EXOSC8;DIS3;KHSRP
prerank,Reactome_2022__Interactions Of Rev With Host Cellular Proteins R-HSA-177243,0.40515692416246857,1.4577790661550125,3.824092e-02,6.763224e-01,1.000000e+00,11/36,17.33%,KPNB1;XPO1;NUP62;NUP50;RAN;NUP37;NPM1;NUP58;RANBP1;NUP188;NUP85
prerank,custom_senescence_signatures.gmt__GSE9650_EXHAUSTED_VS_MEMORY_CD8_TCELL_DN,0.30578929529886023,1.4561189113000474,3.861004e-03,1.095666e-01,6.200000e-02,49/179,17.51%,ETS1;XRCC5;PIK3CD;MBP;ARL6IP5;STK38;ACSS1;COPS5;ADRB2;ADD1;TOB1;ANXA5;ARMC1;SRPK1;HMCES;EIF2S1;KLF6;LDAH;PITPNC1;ICAM2;CCT6A;GOLM1;NUDCD3;IMPDH2;CCNDBP1;SARAF;GLO1;PFKP;FCGR2B;SLC25A51;KLRC1;TMEM222;KLRD1;TAGLN2;RPN1;DUSP1;FBL;IL7R;TSPAN31;IQGAP2;CCT4;CCT8;API5;HPCAL1;GRAMD2B;YIF1A;SACM1L;PSMD13;TUBB
prerank,Reactome_2022__Intrinsic Pathway For Apoptosis R-HSA-109606,0.38292182679014036,1.4529538269160747,3.024194e-02,6.857662e-01,1.000000e+00,14/48,9.20%,PPP3CC;STAT3;CYCS;YWHAZ;GZMB;APIP;PPP3R1;AKT3;GSDMD;BCL2L1;YWHAH;CDKN2A;CARD8;YWHAB
prerank,Reactome_2022__Respiratory Electron Transport R-HSA-611105,-0.3381372459473892,-1.4509416137548958,2.092050e-02,6.243152e-01,1.000000e+00,32/90,20.73%,NDUFB7;NDUFA1;NDUFC2;UQCR11;UQCRFS1;COQ10B;NDUFA13;COX7B;SDHB;COX19;NDUFB6;NDUFB1;NDUFA12;NDUFB8;COX5B;COX6A1;SURF1;LRPPRC;UQCRQ;NDUFA10;NDUFB11;NDUFS6;COX8A;COA1;NDUFA9;NDUFS3;SDHA;COX16;UQCRC1;NDUFB9;NDUFA5;NDUFS8
prerank,Reactome_2022__Gain-of-function MRAS Complexes Activate RAF Signaling R-HSA-9726842,0.6736544254283742,1.4509228479364236,6.680162e-02,6.824342e-01,1.000000e+00,4/6,13.67%,ARAF;PPP1CB;YWHAB;PPP1CC
prerank,Reactome_2022__CRMPs In Sema3A Signaling R-HSA-399956,-0.6365970229503889,-1.4507529295067492,8.048290e-02,6.158076e-01,1.000000e+00,2/7,8.72%,PLXNA4;PLXNA3
prerank,Reactome_2022__Chondroitin Sulfate/Dermatan Sulfate Metabolism R-HSA-1793185,-0.4499864963011812,-1.4502364614493255,6.746032e-02,6.088214e-01,1.000000e+00,9/23,21.48%,CHST7;CHSY1;UST;B3GALT6;IDS;XYLT1;B3GAT3;B4GALT7;DSE
prerank,Reactome_2022__DNA Double-Strand Break Repair R-HSA-5693532,0.3264880384636118,1.4482499714186414,1.111111e-02,6.827266e-01,1.000000e+00,36/110,23.11%,XRCC5;TDP2;H2BC15;SMARCA5;PRKDC;BAZ1B;XRCC6;PPP4R2;RPA3;RFC5;POLK;PPP4C;RFC4;HERC2;TDP1;MDC1;PARP1;KDM4B;RAD52;RAD17;UBC;ATRIP;MRE11;GEN1;ATM;TIMELESS;RNF8;POLM;RAD51C;LRIF1;MAPK8;POLL;TP53;H2BC9;NSD2;H2BC12
prerank,Reactome_2022__Activated NTRK2 Signals Thru RAS R-HSA-9026519,-0.6877602971863248,-1.4468160046557799,8.016878e-02,5.808894e-01,1.000000e+00,4/5,27.95%,NRAS;SHC1;GRB2;HRAS
prerank,Reactome_2022__SHC-mediated cascade:FGFR4 R-HSA-5654719,-0.6877602971863248,-1.4468160046557799,8.016878e-02,5.808894e-01,1.000000e+00,4/5,27.95%,NRAS;SHC1;GRB2;HRAS
prerank,Reactome_2022__SHC-mediated cascade:FGFR3 R-HSA-5654704,-0.6877602971863248,-1.4468160046557799,8.016878e-02,5.808894e-01,1.000000e+00,4/5,27.95%,NRAS;SHC1;GRB2;HRAS
prerank,Reactome_2022__SHC-mediated cascade:FGFR2 R-HSA-5654699,-0.6877602971863248,-1.4468160046557799,8.016878e-02,5.808894e-01,1.000000e+00,4/5,27.95%,NRAS;SHC1;GRB2;HRAS
prerank,Reactome_2022__Activated NTRK3 Signals Thru RAS R-HSA-9034864,-0.6877602971863248,-1.4468160046557799,8.016878e-02,5.808894e-01,1.000000e+00,4/5,27.95%,NRAS;SHC1;GRB2;HRAS
prerank,Reactome_2022__NGF-stimulated Transcription R-HSA-9031628,-0.4746253171266329,-1.4457481163989416,8.176101e-02,5.766524e-01,1.000000e+00,4/18,5.24%,EGR1;MEF2D;JUND;ID2
prerank,"Reactome_2022__Antigen Presentation: Folding, Assembly, Peptide Loading Of Class I MHC R-HSA-983170",-0.43528556219011943,-1.4453063060844373,5.447471e-02,5.705469e-01,1.000000e+00,13/25,27.58%,SEC24C;CALR;SEC24B;SEC24A;BECN1;SEC13;TAPBP;ATG14;PDIA3;HSPA5;HLA-F;HLA-B;ERAP1
prerank,Reactome_2022__ECM Proteoglycans R-HSA-3000178,-0.5660251870862729,-1.4436602829831588,9.523810e-02,5.689004e-01,1.000000e+00,5/10,22.61%,TGFB1;NCAM1;LMNB2;SPARC;ITGA2B
prerank,Reactome_2022__Spry Regulation Of FGF Signaling R-HSA-1295596,-0.5168047682119703,-1.4436124043955718,7.991803e-02,5.619553e-01,1.000000e+00,6/14,15.65%,SPRY2;PPP2CA;PPP2CB;MKNK1;UBB;BRAF
prerank,Reactome_2022__G2/M DNA Damage Checkpoint R-HSA-69473,0.37898262969259444,1.4432416972559439,4.077670e-02,6.940493e-01,1.000000e+00,28/52,33.93%,H2BC15;YWHAZ;RPA3;RFC5;RFC4;HERC2;MDC1;YWHAH;YWHAB;YWHAQ;RAD17;ATRIP;MRE11;ATM;RNF8;REXO2;TP53;H2BC9;NSD2;H2BC12;BLM;UBE2V2;RAD50;H2BC11;ABRAXAS1;TP53BP1;BARD1;KAT5
prerank,Reactome_2022__Processing Of Capped Intron-Containing Pre-mRNA R-HSA-72203,-0.29025303521437074,-1.4432210793440445,4.291845e-03,5.562492e-01,1.000000e+00,52/235,13.53%,U2AF2;SF3B6;RBM8A;ALYREF;CRNKL1;SRSF10;MAGOH;WDR33;RBM5;SNRNP27;CWC25;PHF5A;SNW1;CWC15;BUD31;U2SURP;SYF2;EFTUD2;TRA2B;SLU7;PTBP1;CPSF7;SARNP;SNRPB2;NUP54;HNRNPH1;POLR2C;DDX39A;POLR2D;SMNDC1;RNPS1;THOC7;PQBP1;HNRNPL;CTNNBL1;NCBP1;TFIP11;NUP133;SEH1L;POLR2G;SRSF9;PABPN1;NUDT21;SRSF5;SNRNP25;SRSF2;SNRPC;CDC5L;PCBP1;ZCRB1;SEC13;CPSF6
prerank,Reactome_2022__Binding Of TCF/LEF:CTNNB1 To Target Gene Promoters R-HSA-4411364,-0.6934181366325605,-1.4428469389223026,8.091286e-02,5.440073e-01,1.000000e+00,2/5,1.74%,RUNX3;TCF7
prerank,Reactome_2022__RUNX3 Regulates WNT Signaling R-HSA-8951430,-0.6934181366325605,-1.4428469389223026,8.091286e-02,5.440073e-01,1.000000e+00,2/5,1.74%,RUNX3;TCF7
prerank,Reactome_2022__RUNX1 And FOXP3 Control Development Of Regulatory T Lymphocytes (Tregs) R-HSA-8877330,0.7237756114206674,1.4407606157078086,5.533597e-02,6.930302e-01,1.000000e+00,2/5,4.14%,NFATC2;IFNG
prerank,Reactome_2022__Deadenylation-dependent mRNA Decay R-HSA-429914,0.3722992017888638,1.4404226622206002,2.480916e-02,6.828440e-01,1.000000e+00,17/54,19.09%,CNOT7;EIF4B;DCP1B;CNOT3;PARN;LSM5;XRN1;EIF4A2;EXOSC2;TUT7;EIF4G1;EXOSC3;PABPC1;EXOSC8;LSM2;DIS3;PAN3
prerank,Reactome_2022__Assembly Of Collagen Fibrils And Other Multimeric Structures R-HSA-2022090,-0.5589317253919283,-1.4395282151461406,1.092077e-01,5.489920e-01,1.000000e+00,5/10,18.33%,CTSS;CD151;PCOLCE;COL6A2;PLEC
prerank,Reactome_2022__Adenylate Cyclase Inhibitory Pathway R-HSA-170670,-0.6957732037565607,-1.4390407188843477,9.979633e-02,5.439402e-01,1.000000e+00,3/5,19.67%,ADCY7;ADCY9;GNAI2
prerank,Reactome_2022__GRB2 Events In EGFR Signaling R-HSA-179812,-0.6884248395058616,-1.4357111190535439,8.634538e-02,5.482945e-01,1.000000e+00,4/5,27.95%,NRAS;AREG;GRB2;HRAS
prerank,Reactome_2022__Formation Of HIV-1 Elongation Complex Containing HIV-1 Tat R-HSA-167200,-0.3902477009201738,-1.434449233704282,3.837953e-02,5.459201e-01,1.000000e+00,16/42,20.97%,ELOA;ERCC3;POLR2C;POLR2D;NCBP1;ELOB;POLR2G;ELL;MNAT1;CCNT1;CDK7;POLR2E;NELFCD;NELFA;POLR2J;CDK9
prerank,Reactome_2022__Nucleotide Biosynthesis R-HSA-8956320,0.5756688948850662,1.4341120226339523,9.276438e-02,6.992185e-01,1.000000e+00,8/10,39.77%,IMPDH2;ADSS2;ADSL;GMPS;PFAS;UMPS;GART;PAICS
prerank,Reactome_2022__G Alpha (Z) Signaling Events R-HSA-418597,-0.45698793265160326,-1.4325252920225031,5.919662e-02,5.458780e-01,1.000000e+00,8/22,13.79%,GNAS;GNB1;ADCY7;GNGT2;PRKCA;PRKCB;RGS16;ADCY9
prerank,Reactome_2022__Signaling By ROBO Receptors R-HSA-376176,-0.3270519509249546,-1.4318963378601681,1.652893e-02,5.415392e-01,1.000000e+00,30/98,19.31%,NCK2;PKN1;RBM8A;MAGOH;CDC42;ARHGEF7;SOS2;MYO9B;RNPS1;PSMF1;PRKCA;PKN2;PSMD6;NCBP1;ZSWIM8;PSMB6;PRKAR2A;ELOB;PSME4;USP33;UBB;RSL24D1;PSME2;PSMB3;PSMA1;ROBO3;EVL;ETF1;PFN1;PSMD9
prerank,Reactome_2022__Iron Uptake And Transport R-HSA-917937,-0.3878371090627089,-1.4294961136467537,5.811623e-02,5.431512e-01,1.000000e+00,10/37,14.23%,FTL;FTH1;TCIRG1;ACO1;ATP6V1H;CAND1;ATP6V0C;UBB;FBXL5;ATP6V1G1
prerank,Reactome_2022__RHOG GTPase Cycle R-HSA-9013408,-0.36602343412922156,-1.421867200861868,4.693878e-02,5.625184e-01,1.000000e+00,18/50,17.21%,ARHGDIA;CDC42;STX5;ARHGAP21;LAMTOR1;PREX1;PKN2;ARHGAP5;PIK3R1;PGRMC2;TRIO;HSPE1;VAV3;OPHN1;NDUFS3;VANGL1;DOCK2;VRK2
prerank,Reactome_2022__Nuclear Events (Kinase And Transcription Factor Activation) R-HSA-198725,-0.40693007341784126,-1.4210413616092257,5.894309e-02,5.590529e-01,1.000000e+00,7/31,5.24%,MAPKAPK2;EGR1;MEF2D;PPP2CA;JUND;PPP2CB;ID2
prerank,Reactome_2022__Platelet Sensitization By LDL R-HSA-432142,0.5014243707265933,1.4197717377860806,8.301158e-02,7.545052e-01,1.000000e+00,4/15,4.68%,MAPK14;PPP2R5A;PPP2R5D;PPP2R5C
prerank,Reactome_2022__Diseases Associated With O-glycosylation Of Proteins R-HSA-3906995,-0.47999604305403726,-1.4182188607751902,7.597536e-02,5.624600e-01,1.000000e+00,5/17,10.64%,GALNT3;NOTCH1;LFNG;POMT1;ADAMTS10
prerank,Reactome_2022__Negative Regulation Of FGFR3 Signaling R-HSA-5654732,-0.49890383919173226,-1.4175369526813957,8.232932e-02,5.468063e-01,1.000000e+00,6/15,15.65%,SPRY2;PPP2CA;PPP2CB;MKNK1;UBB;BRAF
prerank,Reactome_2022__Negative Regulation Of FGFR2 Signaling R-HSA-5654727,-0.49890383919173226,-1.4175369526813957,8.232932e-02,5.468063e-01,1.000000e+00,6/15,15.65%,SPRY2;PPP2CA;PPP2CB;MKNK1;UBB;BRAF
prerank,Reactome_2022__Negative Regulation Of FGFR4 Signaling R-HSA-5654733,-0.49890383919173226,-1.4175369526813957,8.232932e-02,5.468063e-01,1.000000e+00,6/15,15.65%,SPRY2;PPP2CA;PPP2CB;MKNK1;UBB;BRAF
prerank,Reactome_2022__Glycosaminoglycan Metabolism R-HSA-1630316,-0.3607150168083479,-1.4160803594948828,4.373757e-02,5.456603e-01,1.000000e+00,20/56,23.15%,CHST7;CHSY1;B3GNT7;B3GNT2;SLC35D2;B4GALT4;UST;B3GALT6;SLC9A1;EXT1;IDS;XYLT1;HS6ST1;B3GAT3;PAPSS1;NAGLU;B4GALT7;DSE;CHORDC1;B4GALT1
prerank,Reactome_2022__RAB Geranylgeranylation R-HSA-8873719,-0.3949335588735392,-1.4140264658770636,4.518664e-02,5.463939e-01,1.000000e+00,13/37,20.63%,RAB1A;RAB5C;RABGGTA;RAB14;RAB2A;RABGGTB;PTP4A2;RAB30;RAB4A;RAB22A;RAB21;RAB40B;RAB18
prerank,Reactome_2022__Protein Ubiquitination R-HSA-8852135,0.3494557655618966,1.4136707689860395,3.071017e-02,7.715438e-01,1.000000e+00,32/65,28.48%,UBE2D2;SHPRH;H2BC15;PAF1;RRAGA;PRKDC;UBE2H;RNF20;CTR9;UBE2B;VCP;CDC73;UBC;PEX14;UBE2R2;SELENOS;LEO1;UBE2D3;RAD18;UBE2J2;H2BC9;H2BC12;HLTF;UBE2L3;UBE2E1;UBA52;TMEM129;HLA-A;PEX2;UBE2V2;UBE2E3;UBE2A
prerank,Reactome_2022__Transport Of Mature mRNA Derived From An Intron-Containing Transcript R-HSA-159236,-0.33910180180810673,-1.4121098156482788,4.065041e-02,5.470800e-01,1.000000e+00,18/71,14.61%,U2AF2;RBM8A;ALYREF;MAGOH;SLU7;SARNP;NUP54;DDX39A;RNPS1;THOC7;NCBP1;NUP133;SEH1L;SRSF9;SRSF5;SRSF2;SEC13;NXT1
prerank,Reactome_2022__Apoptosis R-HSA-109581,0.3072892829438333,1.410464811748791,1.197605e-02,7.750409e-01,1.000000e+00,28/143,9.20%,SPTAN1;KPNB1;FNTA;PPP3CC;STAT3;CYCS;H1-2;PRKCQ;PSMD2;YWHAZ;H1-4;ADD1;H1-3;PSMD11;GZMB;APIP;MAGED1;PSMB2;PPP3R1;AKT3;DAPK2;GSDMD;BCL2L1;RIPK1;YWHAH;CDKN2A;CARD8;YWHAB
prerank,Reactome_2022__FCERI Mediated Ca+2 Mobilization R-HSA-2871809,0.4406587897553018,1.4099311037819942,6.525912e-02,7.655432e-01,1.000000e+00,9/25,18.36%,PPP3CB;NFATC2;GRAP2;PLCG1;PPP3R1;AHCYL1;NFATC3;LCP2;SPNS1
prerank,Reactome_2022__Synthesis Of Very Long-Chain Fatty acyl-CoAs R-HSA-75876,0.5122691917049235,1.4068918429774735,1.013645e-01,7.685192e-01,1.000000e+00,4/14,13.35%,ELOVL6;HACD2;ACSL4;HSD17B12
prerank,Reactome_2022__Pre-NOTCH Processing In Golgi R-HSA-1912420,-0.49656995191765185,-1.405344616056442,8.237548e-02,5.637860e-01,1.000000e+00,6/14,12.79%,FURIN;RFNG;NOTCH1;LFNG;TMED2;SEL1L
prerank,Reactome_2022__Interleukin-23 Signaling R-HSA-9020933,0.6501964726911418,1.4053054236628588,1.199226e-01,7.634214e-01,1.000000e+00,2/6,1.03%,STAT3;STAT4
prerank,Reactome_2022__CDC42 GTPase Cycle R-HSA-9013148,-0.3259040032408082,-1.4048277489609609,2.739726e-02,5.599592e-01,1.000000e+00,24/88,15.94%,ARHGAP4;PKN1;ARHGDIA;CDC42;GIT1;PLEKHG2;ARHGAP21;ARHGEF7;CPNE8;LAMTOR1;PREX1;GNA13;MYO9B;PKN2;ARHGAP5;ARHGAP26;PIK3R1;WIPF2;ARHGAP9;TRIO;VAV3;OPHN1;ARHGEF10;VANGL1
prerank,Reactome_2022__Early Phase Of HIV Life Cycle R-HSA-162594,0.5209341558579806,1.4025672469839543,8.662900e-02,7.642234e-01,1.000000e+00,5/12,21.72%,XRCC5;XRCC6;PSIP1;LRIG1;HMGA1
prerank,Reactome_2022__Synthesis Of PIPs At Late Endosome Membrane R-HSA-1660517,0.5696955277571426,1.4022166650153207,8.316832e-02,7.544766e-01,1.000000e+00,6/9,32.35%,MTMR4;PIKFYVE;PIK3R4;MTMR2;PIK3C3;MTMR9
prerank,"Reactome_2022__Cobalamin (Cbl, Vitamin B12) Transport And Metabolism R-HSA-196741",0.5512912068718778,1.4012160728772018,8.737864e-02,7.482249e-01,1.000000e+00,8/10,31.83%,MTR;MMUT;LMBRD1;CD320;MMADHC;LDLRAP1;ABCD4;MMAB
prerank,Reactome_2022__Signaling By FGFR2 R-HSA-5654738,-0.3643296178540796,-1.4002454062316418,5.785124e-02,5.693930e-01,1.000000e+00,18/48,20.43%,NRAS;SPRY2;PPP2CA;PTBP1;HNRNPH1;POLR2C;PPP2CB;POLR2D;NCBP1;MKNK1;PIK3R1;POLR2G;UBB;POLR2E;BRAF;POLR2J;SHC1;HNRNPM
prerank,Reactome_2022__Initiation Of Nuclear Envelope (NE) Reformation R-HSA-2995383,0.490365962059676,1.3993661560507666,1.058824e-01,7.458417e-01,1.000000e+00,4/16,9.42%,KPNB1;LBR;TMPO;VRK1
prerank,Reactome_2022__MHC Class II Antigen Presentation R-HSA-2132295,-0.34797150252055614,-1.3989453033423818,3.526971e-02,5.681034e-01,1.000000e+00,16/62,15.08%,SEC24C;HLA-DRB5;DCTN4;DYNLL2;SEC24B;CTSD;AP1S1;DYNC1LI1;CTSS;DYNC1LI2;DCTN3;SEC24A;CAPZA2;HLA-DRB1;SEC13;KIF22
prerank,Reactome_2022__Post NMDA Receptor Activation Events R-HSA-438064,-0.41487317110225624,-1.396684342258257,7.172131e-02,5.694556e-01,1.000000e+00,9/27,14.93%,NRAS;GIT1;ARHGEF7;PRKAG1;PRKCA;KPNA2;PRKAR2A;PRKAG2;CALM1
prerank,Reactome_2022__Post-translational Modification: Synthesis Of GPI-anchored Proteins R-HSA-163125,-0.4047717860010355,-1.3963882679103516,6.147541e-02,5.650249e-01,1.000000e+00,7/31,13.70%,PIGT;MDGA1;PIGH;LY6E;PIGS;GPAA1;DPM1
prerank,Reactome_2022__Signaling By Non-Receptor Tyrosine Kinases R-HSA-9006927,0.4195798964700312,1.395935770556194,9.007353e-02,7.510266e-01,1.000000e+00,7/27,8.25%,STAT3;KHDRBS1;CRK;CDKN1B;ERBB2;HIF1A;PTPN1
prerank,Reactome_2022__RNA Polymerase I Transcription Initiation R-HSA-73762,0.37571460779497057,1.3958172738414252,5.263158e-02,7.411827e-01,1.000000e+00,15/44,19.48%,HDAC1;UBTF;RBBP4;TBP;GTF2H1;GTF2H3;POLR1H;KAT2A;EHMT2;MTA2;CCNH;GTF2H5;POLR1D;TAF1B;POLR1E
prerank,Reactome_2022__Macroautophagy R-HSA-1632852,-0.3170565154949433,-1.3939767584695675,1.417004e-02,5.670503e-01,1.000000e+00,29/101,15.47%,MAP1LC3B;WDR45B;ULK1;DYNLL2;CSNK2B;LAMTOR1;CHMP4B;LAMTOR4;ATG7;PRKAG1;CHMP2B;GABARAPL1;TOMM22;ATG4D;DYNC1LI1;DYNC1LI2;CSNK2A2;WIPI1;PGAM5;BECN1;USP30;PRKAG2;UBB;PINK1;ATG4B;MLST8;LAMTOR5;ATG14;CHMP2A
prerank,Reactome_2022__mRNA Capping R-HSA-72086,-0.4015279375004842,-1.3908266765319361,6.903766e-02,5.717510e-01,1.000000e+00,9/29,15.21%,ERCC3;POLR2C;POLR2D;RNMT;NCBP1;POLR2G;MNAT1;CDK7;POLR2E
prerank,Reactome_2022__NEP/NS2 Interacts With Cellular Export Machinery R-HSA-168333,0.3906601799258876,1.3884682359436384,6.106870e-02,7.649459e-01,1.000000e+00,10/34,17.33%,XPO1;NUP62;NUP50;PBRM1;RAN;NUP37;NUP58;GNL3;NUP188;NUP85
prerank,Reactome_2022__Integrin Signaling R-HSA-354192,0.493905883410843,1.3881204733467014,9.262760e-02,7.561954e-01,1.000000e+00,8/16,20.61%,RASGRP1;CRK;RASGRP2;APBB1IP;PTPN1;RAP1B;RAP1A;CSK
prerank,Reactome_2022__G-protein Activation R-HSA-202040,-0.5467746144891853,-1.3879887468784784,1.037344e-01,5.757665e-01,1.000000e+00,3/10,6.73%,GNB1;GNGT2;GNAQ
prerank,Reactome_2022__Signaling By Cytosolic FGFR1 Fusion Mutants R-HSA-1839117,0.47669757472359586,1.3879373377230766,8.037383e-02,7.467515e-01,1.000000e+00,6/16,13.96%,STAT3;FGFR1OP2;STAT5A;CNTRL;PIK3CA;TRIM24
prerank,Reactome_2022__Signaling By FGFR4 R-HSA-5654743,-0.43280365393022024,-1.3855006189216768,7.399577e-02,5.784648e-01,1.000000e+00,8/23,15.65%,NRAS;SPRY2;PPP2CA;PPP2CB;MKNK1;PIK3R1;UBB;BRAF
prerank,Reactome_2022__Neurotransmitter Release Cycle R-HSA-112310,0.4764525225702814,1.382839241526569,9.160305e-02,7.592827e-01,1.000000e+00,8/16,19.20%,ARL6IP5;SLC1A7;VAMP2;LIN7B;PPFIA1;HSPA8;ABAT;SH2D3C
prerank,Reactome_2022__Resolution Of AP Sites Via Multiple-Nucleotide Patch Replacement Pathway R-HSA-110373,0.4397947019328462,1.3826277261133029,9.176030e-02,7.501904e-01,1.000000e+00,5/22,12.16%,RPA3;RFC5;RFC4;PARP1;PARG
prerank,Reactome_2022__Synthesis Of Wybutosine At G37 Of tRNA(Phe) R-HSA-6782861,0.6930805930447946,1.3825690118996665,9.181637e-02,7.408375e-01,1.000000e+00,3/5,16.79%,TYW1;TYW5;TYW3
prerank,Reactome_2022__Complex I Biogenesis R-HSA-6799198,-0.35998108699367865,-1.3805714360278174,6.339468e-02,5.898121e-01,1.000000e+00,17/51,20.73%,NDUFB7;NDUFA1;NDUFC2;NDUFA13;NDUFB6;NDUFB1;NDUFA12;NDUFB8;NDUFA10;NDUFB11;NDUFS6;COA1;NDUFA9;NDUFS3;NDUFB9;NDUFA5;NDUFS8
prerank,Reactome_2022__RHOV GTPase Cycle R-HSA-9013424,-0.39687423576894865,-1.3795563812179272,8.811475e-02,5.877140e-01,1.000000e+00,8/31,12.03%,NCK2;PKN1;CDC42;GIT1;ARHGEF7;PKN2;PIK3R1;TPM3
prerank,Reactome_2022__Activation Of NMDA Receptors And Postsynaptic Events R-HSA-442755,-0.4008164154784966,-1.3782923745752824,8.041237e-02,5.866038e-01,1.000000e+00,10/30,14.93%,NRAS;GIT1;ARHGEF7;PRKAG1;PRKCA;KPNA2;PRKAR2A;CASK;PRKAG2;CALM1
prerank,Reactome_2022__Activation Of GABAB Receptors R-HSA-991365,-0.4923768422732478,-1.3780023054061765,1.036585e-01,5.823175e-01,1.000000e+00,5/13,19.67%,GNB1;ADCY7;GNGT2;ADCY9;GNAI2
prerank,Reactome_2022__Integration Of Provirus R-HSA-162592,0.5510390208042284,1.376612835156529,1.104762e-01,7.579494e-01,1.000000e+00,3/9,9.93%,XRCC5;XRCC6;PSIP1
prerank,Reactome_2022__Negative Regulation Of FGFR1 Signaling R-HSA-5654726,-0.47196645655856057,-1.3750423259327842,9.514170e-02,5.868559e-01,1.000000e+00,6/16,15.65%,SPRY2;PPP2CA;PPP2CB;MKNK1;UBB;BRAF
prerank,Reactome_2022__Export Of Viral Ribonucleoproteins From Nucleus R-HSA-168274,0.3856661901042747,1.3746959639948537,6.407767e-02,7.574332e-01,1.000000e+00,10/35,17.33%,XPO1;NUP62;NUP50;PBRM1;RAN;NUP37;NUP58;GNL3;NUP188;NUP85
prerank,Reactome_2022__Regulation Of Necroptotic Cell Death R-HSA-5675482,-0.4148793806558278,-1.374367359169961,8.921162e-02,5.838387e-01,1.000000e+00,8/26,16.46%,FASN;FLOT1;BIRC2;MLKL;UBB;RIPK3;BIRC3;CDC37
prerank,Reactome_2022__Dual Incision In GG-NER R-HSA-5696400,0.387589647887356,1.372925773479096,6.500956e-02,7.556311e-01,1.000000e+00,11/37,15.43%,RPA3;RFC5;POLK;GTF2H1;DDB2;RFC4;GTF2H3;PARP1;UBC;RBX1;GTF2H5
prerank,Reactome_2022__Transport Of Mature Transcript To Cytoplasm R-HSA-72202,-0.3244252168246638,-1.3726554708144838,4.051173e-02,5.843849e-01,1.000000e+00,17/80,11.70%,U2AF2;RBM8A;ALYREF;MAGOH;WDR33;SLU7;SARNP;NUP54;DDX39A;RNPS1;THOC7;NCBP1;NUP133;SEH1L;SRSF9;SRSF5;SRSF2
prerank,Reactome_2022__ATF6 (ATF6-alpha) Activates Chaperone Genes R-HSA-381183,-0.5521297047052593,-1.3712120197978717,1.278826e-01,5.836452e-01,1.000000e+00,4/9,20.87%,ATF4;CALR;NFYA;HSPA5
prerank,Reactome_2022__Defects In Cobalamin (B12) Metabolism R-HSA-3296469,0.5824480230119058,1.370218304614239,1.216730e-01,7.581798e-01,1.000000e+00,7/8,31.83%,MTR;MMUT;LMBRD1;CD320;MMADHC;ABCD4;MMAB
prerank,Reactome_2022__G Alpha (12/13) Signaling Events R-HSA-416482,-0.3775918184970027,-1.370084702288353,8.750000e-02,5.821624e-01,1.000000e+00,12/35,15.39%,GNB1;PLEKHG2;ARHGEF7;PREX1;SOS2;GNA13;RHOC;GNGT2;TRIO;GNA12;VAV3;ARHGEF10
prerank,Reactome_2022__Regulation Of mRNA Stability By Proteins That Bind AU-rich Elements R-HSA-450531,0.3291573000521616,1.3699065233697034,4.158790e-02,7.503351e-01,1.000000e+00,21/81,14.05%,MAPK14;XPO1;ZFP36L1;PSMD2;YWHAZ;HNRNPD;PSMD11;HSPB1;PSMB2;PARN;XRN1;YWHAB;EXOSC2;PSMD10;EIF4G1;EXOSC3;PABPC1;PSMD4;HSPA8;EXOSC8;UBC
prerank,Reactome_2022__p130Cas Linkage To MAPK Signaling For Integrins R-HSA-372708,0.6544297668569987,1.3696882994423492,1.186131e-01,7.423418e-01,1.000000e+00,4/6,16.58%,CRK;APBB1IP;RAP1B;RAP1A
prerank,Reactome_2022__Abortive Elongation Of HIV-1 Transcript In Absence Of Tat R-HSA-167242,-0.4239878819870233,-1.3690874405685884,9.202454e-02,5.805692e-01,1.000000e+00,9/23,22.81%,POLR2C;POLR2D;NCBP1;POLR2G;POLR2E;NELFCD;NELFA;POLR2J;NELFB
prerank,Reactome_2022__TGF-beta Receptor Signaling Activates SMADs R-HSA-2173789,0.3962845036707844,1.3680181942782568,9.795918e-02,7.409126e-01,1.000000e+00,11/32,18.04%,TGFBR2;UCHL5;XPO1;PPP1CB;MTMR4;LTBP4;PPP1CC;UBC;PPP1R15A;SMAD3;SRFBP1
prerank,Reactome_2022__Signaling By FGFR2 In Disease R-HSA-5655253,-0.4153210929537723,-1.3677518542842433,1.008403e-01,5.797817e-01,1.000000e+00,6/25,9.17%,NRAS;POLR2C;POLR2D;NCBP1;PIK3R1;POLR2G
prerank,Reactome_2022__ER To Golgi Anterograde Transport R-HSA-199977,-0.3067579328355786,-1.3677465784862866,3.080082e-02,5.749680e-01,1.000000e+00,22/108,11.20%,RAB1A;TFG;NAPG;TRAPPC10;SEC24C;STX5;DCTN4;PPP6R1;DYNLL2;TRAPPC2L;TRAPPC6A;SEC24B;CSNK1D;COG3;DYNC1LI1;DYNC1LI2;DCTN3;TBC1D20;SEC24A;TMED2;TRAPPC5;CAPZA2
prerank,Reactome_2022__Defective RIPK1-mediated Regulated Necrosis R-HSA-9693928,0.6758732083598481,1.3676458711970496,1.210856e-01,7.338700e-01,1.000000e+00,2/5,22.52%,RIPK1;FADD
prerank,Reactome_2022__Autophagy R-HSA-9612973,-0.3037452038315438,-1.366536049612283,2.952756e-02,5.740108e-01,1.000000e+00,31/111,15.47%,MAP1LC3B;WDR45B;VPS37B;ULK1;DYNLL2;CSNK2B;LAMTOR1;CHMP4B;LAMTOR4;ATG7;PRKAG1;CHMP2B;GABARAPL1;TOMM22;ATG4D;DYNC1LI1;DYNC1LI2;CSNK2A2;WIPI1;PGAM5;BECN1;USP30;PRKAG2;UBAP1;UBB;PINK1;ATG4B;MLST8;LAMTOR5;ATG14;CHMP2A
prerank,Reactome_2022__Platelet Homeostasis R-HSA-418346,0.3671471508285117,1.3661532593423373,6.500956e-02,7.320204e-01,1.000000e+00,8/42,5.04%,MAPK14;PPP2R5A;PAFAH2;STIM1;PPP2R5D;ATP2B4;PPP2R5C;ATP2A3
prerank,Reactome_2022__Platelet Aggregation (Plug Formation) R-HSA-76009,0.4755547540608988,1.3659772980413598,1.081081e-01,7.245452e-01,1.000000e+00,6/18,10.22%,RASGRP1;CRK;RASGRP2;APBB1IP;PTPN1;RAP1B
prerank,Reactome_2022__ATF6 (ATF6-alpha) Activates Chaperones R-HSA-381033,-0.5152670647828369,-1.3652846679961204,1.241970e-01,5.731742e-01,1.000000e+00,2/11,4.18%,ATF4;CALR
prerank,Reactome_2022__Signaling By FGFR1 R-HSA-5654736,-0.4171238729481173,-1.3649229196100907,8.750000e-02,5.698134e-01,1.000000e+00,8/24,15.65%,NRAS;SPRY2;PPP2CA;PPP2CB;MKNK1;PIK3R1;UBB;BRAF
prerank,Reactome_2022__Nuclear Signaling By ERBB4 R-HSA-1251985,-0.4548462317221499,-1.3603819222351652,1.081081e-01,5.799352e-01,1.000000e+00,2/18,0.08%,MXD4;ADAP1
prerank,Reactome_2022__Translesion Synthesis By REV1 R-HSA-110312,0.49932882219447583,1.3592148425028188,1.372549e-01,7.442338e-01,1.000000e+00,6/13,14.05%,RPA3;RFC5;RFC4;REV3L;REV1;UBC
prerank,"Reactome_2022__Respiratory Electron Transport, ATP Synthesis By Chemiosmotic Coupling, Heat Production By Uncoupling Proteins R-HSA-163200",-0.30697124934275627,-1.3572822015684805,3.239741e-02,5.850542e-01,1.000000e+00,35/108,20.73%,ATP5MC1;NDUFB7;NDUFA1;NDUFC2;UQCR11;UQCRFS1;COQ10B;NDUFA13;COX7B;SDHB;COX19;NDUFB6;NDUFB1;NDUFA12;NDUFB8;COX5B;COX6A1;ATP5ME;SURF1;LRPPRC;UQCRQ;NDUFA10;NDUFB11;NDUFS6;COX8A;COA1;NDUFA9;DMAC2L;NDUFS3;SDHA;COX16;UQCRC1;NDUFB9;NDUFA5;NDUFS8
prerank,Reactome_2022__ARMS-mediated Activation R-HSA-170984,0.6420538012066875,1.3560180102851493,9.737828e-02,7.492603e-01,1.000000e+00,4/6,16.58%,CRK;YWHAB;NTRK1;RAP1A
prerank,Reactome_2022__Interleukin-27 Signaling R-HSA-9020956,0.5819259200908975,1.3548382892035924,1.343874e-01,7.461565e-01,1.000000e+00,2/8,5.56%,STAT3;IL27RA
prerank,Reactome_2022__WNT Mediated Activation Of DVL R-HSA-201688,-0.6600221831114195,-1.3528031203668183,1.458333e-01,5.947506e-01,1.000000e+00,3/5,15.95%,CSNK2B;CSNK2A2;CSNK1E
prerank,Reactome_2022__Heparan Sulfate/Heparin (HS-GAG) Metabolism R-HSA-1638091,-0.4510123621873936,-1.351312069530295,1.182365e-01,5.945385e-01,1.000000e+00,9/18,20.84%,SLC35D2;B3GALT6;EXT1;IDS;XYLT1;HS6ST1;B3GAT3;NAGLU;B4GALT7
prerank,Reactome_2022__Golgi Cisternae Pericentriolar Stack Reorganization R-HSA-162658,-0.5433766779743997,-1.3507515396844834,1.055777e-01,5.918080e-01,1.000000e+00,3/9,11.35%,RAB1A;GORASP2;RAB2A
prerank,Reactome_2022__NOTCH4 Activation And Transmission Of Signal To Nucleus R-HSA-9013700,0.5648614185503974,1.34971573584096,1.267894e-01,7.599146e-01,1.000000e+00,3/8,10.91%,YWHAZ;PSEN1;ADAM10
prerank,Reactome_2022__Nonsense Mediated Decay (NMD) Enhanced By Exon Junction Complex (EJC) R-HSA-975957,-0.387331445372156,-1.3492391477783232,1.068548e-01,5.924066e-01,1.000000e+00,6/32,7.94%,RBM8A;MAGOH;DCP1A;PPP2CA;RNPS1;NCBP1
prerank,Reactome_2022__Synthesis Of PIPs At ER Membrane R-HSA-1483248,0.6718885560631372,1.3490580450388454,1.279528e-01,7.544098e-01,1.000000e+00,3/5,27.04%,PI4K2B;SACM1L;MTMR2
prerank,Reactome_2022__RIP-mediated NFkB Activation Via ZBP1 R-HSA-1810476,-0.46382894328020696,-1.3485050637200897,1.209016e-01,5.900130e-01,1.000000e+00,5/16,13.71%,ZBP1;NFKBIB;NFKB1;IKBKB;RIPK3
prerank,Reactome_2022__Carnitine Metabolism R-HSA-200425,-0.5967559035954055,-1.3466633035312798,1.487603e-01,5.914782e-01,1.000000e+00,2/7,11.73%,SLC22A5;PRKAG2
prerank,Reactome_2022__Circadian Clock R-HSA-400253,-0.3438896197290283,-1.3458181117387407,7.407407e-02,5.896445e-01,1.000000e+00,14/51,15.95%,CREBBP;MEF2D;NCOA1;CSNK1D;PER1;CARM1;CRTC2;BMAL1;NOCT;NFIL3;UBB;SREBF1;TBL1X;CSNK1E
prerank,Reactome_2022__DNA Double Strand Break Response R-HSA-5693606,0.3622623753141095,1.345589282769648,7.341270e-02,7.612025e-01,1.000000e+00,26/44,33.93%,H2BC15;SMARCA5;BAZ1B;HERC2;MDC1;KDM4B;UBC;MRE11;ATM;RNF8;MAPK8;TP53;H2BC9;NSD2;H2BC12;UBA52;UBE2V2;APBB1;RAD50;KDM4A;PPP5C;H2BC11;ABRAXAS1;TP53BP1;BARD1;KAT5
prerank,Reactome_2022__Transcription Of HIV Genome R-HSA-167172,-0.32997455480184923,-1.34546258352334,4.697987e-02,5.863565e-01,1.000000e+00,23/66,20.97%,ELOA;TAF11;TAF10;ERCC3;POLR2C;POLR2D;RNMT;TAF15;NCBP1;ELOB;POLR2G;TAF4;ELL;MNAT1;CCNT1;CDK7;POLR2E;CCNT2;NELFCD;NELFA;POLR2J;TAF3;CDK9
prerank,Reactome_2022__Regulation Of KIT Signaling R-HSA-1433559,-0.5091319296485166,-1.3454247787143798,1.087420e-01,5.820841e-01,1.000000e+00,4/11,12.45%,YES1;PRKCA;SOCS1;LYN
prerank,Reactome_2022__Neurexins And Neuroligins R-HSA-6794361,0.4789644363583713,1.343882629927293,1.150943e-01,7.608819e-01,1.000000e+00,7/15,20.37%,EPB41;SIPA1L1;LIN7B;SHARPIN;PDLIM5;APBA3;DLGAP4
prerank,Reactome_2022__Eukaryotic Translation Elongation R-HSA-156842,0.5586124455581374,1.3432930894375503,1.380671e-01,7.553336e-01,1.000000e+00,3/9,10.02%,EEF1A1;EEF2;EEF1B2
prerank,Reactome_2022__Chaperone Mediated Autophagy R-HSA-9613829,0.47422725692165185,1.3407716915233248,1.277014e-01,7.581690e-01,1.000000e+00,9/15,26.35%,EEF1A1;ARL13B;PCNT;HSPA8;HDAC6;UBC;IFT88;PLIN2;UBA52
prerank,Reactome_2022__WNT Ligand Biogenesis And Trafficking R-HSA-3238698,0.6067498625353109,1.338631087857432,1.450677e-01,7.597677e-01,1.000000e+00,3/7,10.56%,SNX3;PORCN;VPS35
prerank,Reactome_2022__G Alpha (S) Signaling Events R-HSA-418555,-0.36496876241154874,-1.3374168843041525,7.010309e-02,6.018646e-01,1.000000e+00,16/43,20.02%,GRK2;PDE4D;GNAS;GNB1;VIPR2;GRK6;ADCY7;GNGT2;PRKCA;PRKAR2A;PTRH2;ADCY9;ARRB1;PDE4A;GNAI2;SHC1
prerank,Reactome_2022__Translation Of Replicase And Assembly Of Replication Transcription Complex R-HSA-9679504,-0.5241089473229614,-1.3357118432309851,1.247444e-01,6.028598e-01,1.000000e+00,5/10,15.47%,MAP1LC3B;CHMP4B;CHMP2B;BECN1;CHMP2A
prerank,Reactome_2022__Transport To Golgi And Subsequent Modification R-HSA-948021,-0.2923802428142599,-1.333080036500475,3.805497e-02,6.069431e-01,1.000000e+00,25/127,11.20%,RAB1A;TFG;NAPG;TRAPPC10;SEC24C;STX5;DCTN4;PPP6R1;DYNLL2;TRAPPC2L;TRAPPC6A;SEC24B;CSNK1D;B4GALT4;MGAT4B;COG3;DYNC1LI1;DYNC1LI2;DCTN3;TBC1D20;SEC24A;TMED2;TRAPPC5;MAN2A2;CAPZA2
prerank,Reactome_2022__SHC1 Events In ERBB4 Signaling R-HSA-1250347,-0.6024337225664054,-1.3321920996654233,1.666667e-01,6.051697e-01,1.000000e+00,4/6,27.95%,NRAS;SHC1;GRB2;HRAS
prerank,Reactome_2022__Heme Biosynthesis R-HSA-189451,0.5319428930210238,1.3310966116723453,1.350294e-01,7.836013e-01,1.000000e+00,6/10,34.22%,UROD;ALAS1;COX10;ALAD;FECH;CPOX
prerank,Reactome_2022__Regulation Of Gene Expression By Hypoxia-inducible Factor R-HSA-1234158,0.607023457674883,1.3303827653157851,1.400394e-01,7.786019e-01,1.000000e+00,3/7,7.64%,MIA3;CITED2;HIF1A
prerank,Reactome_2022__Activation Of BAD And Translocation To Mitochondria R-HSA-111447,0.4681703305777843,1.327750096938428,1.341223e-01,7.819688e-01,1.000000e+00,7/15,12.81%,PPP3CC;YWHAZ;PPP3R1;AKT3;YWHAH;YWHAB;YWHAQ
prerank,Reactome_2022__Sema4D In Semaphorin Signaling R-HSA-400685,-0.45456540352324437,-1.3265128785270357,1.226216e-01,6.185970e-01,1.000000e+00,4/16,12.82%,LIMK1;RHOC;RNMT;MYL6
prerank,Reactome_2022__Estrogen-dependent Nuclear Events Downstream Of ESR-membrane Signaling R-HSA-9634638,0.4819763746779225,1.3230702768353768,1.156069e-01,7.942572e-01,1.000000e+00,4/14,7.20%,XPO1;UHMK1;CDKN1B;AKT3
prerank,Reactome_2022__Lysosphingolipid And LPA Receptors R-HSA-419408,0.6620232186620014,1.3228948335656605,1.340000e-01,7.872207e-01,1.000000e+00,3/5,25.03%,S1PR4;S1PR1;LPAR5
prerank,Reactome_2022__Synthesis Of Leukotrienes (LT) And Eoxins (EX) R-HSA-2142691,-0.6301850435340304,-1.3223657906020487,1.720648e-01,6.265363e-01,1.000000e+00,1/5,0.68%,MAPKAPK2
prerank,Reactome_2022__GPCR Downstream Signaling R-HSA-388396,-0.2754422904470223,-1.3212960494326162,2.928870e-02,6.255683e-01,1.000000e+00,44/179,15.53%,PKN1;XCL1;CDC42;NRAS;GRK2;AKT1;PDE4D;GNAS;DGKQ;GNB1;PLEKHG2;VIPR2;ARHGEF7;GRK6;PREX1;SOS2;PPP2CA;GPR183;GNA13;RHOC;HEBP1;PPP2CB;ADCY7;GNGT2;GNAQ;XCL2;PRKCA;KPNA2;CCL5;PRKAR2A;PIK3R1;CCL4;PRKCB;RGS16;PTRH2;TRIO;ADCY9;GNA12;VAV3;LTB4R;CALM1;PLCB1;ARHGEF10;RIPK2
prerank,Reactome_2022__Interleukin-9 Signaling R-HSA-8985947,0.5974724477681563,1.320853580362415,1.660305e-01,7.883305e-01,1.000000e+00,2/7,6.88%,STAT3;STAT5A
prerank,Reactome_2022__TNF Receptor Superfamily (TNFSF) Members Mediating Non-Canonical NF-kB Pathway R-HSA-5676594,-0.5215481770233309,-1.3200979824168728,1.410788e-01,6.251092e-01,1.000000e+00,4/10,16.36%,LTA;BIRC2;TNFRSF11A;BIRC3
prerank,Reactome_2022__Axon Guidance R-HSA-422475,-0.2645326297701356,-1.3193537217069824,1.878914e-02,6.231739e-01,1.000000e+00,45/230,13.15%,NCK2;LIMK1;PKN1;RBM8A;MAGOH;CDC42;NRAS;GIT1;FARP2;IRS2;MAP2K2;ARHGEF7;CSNK2B;SOS2;RHOC;PLXNA4;CLTB;MYO9B;YES1;RNPS1;RNMT;PSMF1;PRKCA;PKN2;EPHA4;PSMD6;NCAM1;NCBP1;ZSWIM8;PSMB6;PRKAR2A;PLXNA3;PIK3R1;ELOB;CSNK2A2;PSME4;APH1A;TYROBP;USP33;UBB;LYN;MYL6;TRIO;CD72;ARPC2
prerank,Reactome_2022__Glutamate Neurotransmitter Release Cycle R-HSA-210500,0.5843252284936264,1.3187399072853003,1.233141e-01,7.899737e-01,1.000000e+00,4/7,13.68%,ARL6IP5;SLC1A7;VAMP2;PPFIA1
prerank,Reactome_2022__Formation Of Senescence-Associated Heterochromatin Foci (SAHF) R-HSA-2559584,0.4994905570604514,1.3185850204298308,1.434263e-01,7.830616e-01,1.000000e+00,8/13,22.50%,H1-2;H1-4;H1-3;ASF1A;EP400;RB1;HMGA1;TP53
prerank,custom_senescence_signatures.gmt__REACTOME_SASP,0.4994905570604514,1.3185850204298308,1.434263e-01,1.447261e-01,1.620000e-01,8/13,22.50%,H1-2;H1-4;H1-3;ASF1A;EP400;RB1;HMGA1;TP53
prerank,Reactome_2022__Lagging Strand Synthesis R-HSA-69186,0.4463013448743537,1.3178373196970978,1.230769e-01,7.788244e-01,1.000000e+00,3/17,6.23%,RPA3;RFC5;RFC4
prerank,Reactome_2022__Transcriptional Regulation By MECP2 R-HSA-8986944,0.3728210901396389,1.3167976223835387,1.148148e-01,7.758223e-01,1.000000e+00,8/37,8.32%,PTPN4;HDAC1;LBR;FKBP5;MECP2;SLC2A3;PTPN1;DGCR8
prerank,Reactome_2022__TP53 Regulates Transcription Of Genes Involved In Cytochrome C Release R-HSA-6803204,-0.4649647370934626,-1.3109970705475134,1.680672e-01,6.459160e-01,1.000000e+00,3/14,7.76%,CREBBP;BBC3;TRIAP1
prerank,Reactome_2022__Condensation Of Prometaphase Chromosomes R-HSA-2514853,-0.6369990150690443,-1.3098240781402242,1.735537e-01,6.453848e-01,1.000000e+00,2/5,9.31%,CSNK2B;CSNK2A2
prerank,Reactome_2022__Golgi Associated Vesicle Biogenesis R-HSA-432722,-0.351933787944142,-1.309413242746769,8.731809e-02,6.422924e-01,1.000000e+00,8/43,11.05%,RAB5C;FTL;FTH1;IGF2R;NECAP1;AP1S1;GAK;AP4B1
prerank,Reactome_2022__RNA Pol II CTD Phosphorylation And Interaction With CE R-HSA-77075,-0.3804793738182313,-1.3070789207745648,1.212121e-01,6.457500e-01,1.000000e+00,8/27,15.21%,ERCC3;POLR2C;POLR2D;RNMT;POLR2G;MNAT1;CDK7;POLR2E
prerank,Reactome_2022__Cell Recruitment (Pro-Inflammatory Response) R-HSA-9664424,-0.4233080702495086,-1.30618060897016,1.442886e-01,6.441509e-01,1.000000e+00,8/19,25.73%,PSTPIP1;P2RX4;NFKB1;IL18;C3AR1;P2RX7;HMOX1;ENTPD5
prerank,Reactome_2022__Thrombin Signaling Thru Proteinase Activated Receptors (PARs) R-HSA-456926,-0.43789166653302164,-1.3058264488290008,1.366337e-01,6.408430e-01,1.000000e+00,7/17,21.78%,GNB1;GNA13;GNGT2;GNAQ;GNA12;ARRB1;ARRB2
prerank,Reactome_2022__Positive Epigenetic Regulation Of rRNA Expression R-HSA-5250913,0.32992568080148044,1.305399157268521,1.034483e-01,8.169259e-01,1.000000e+00,17/59,19.48%,HDAC1;H2BC15;SMARCA5;RBBP4;BAZ1B;TBP;DEK;H2AC6;CBX3;POLR1H;KAT2A;EHMT2;MTA2;POLR1D;TAF1B;H2AC4;POLR1E
prerank,Reactome_2022__Death Receptor Signaling R-HSA-73887,-0.3017223602879284,-1.3035925450180652,5.639913e-02,6.435380e-01,1.000000e+00,27/97,16.36%,ARHGDIA;PLEKHG2;ARHGEF7;PREX1;SOS2;GNA13;FASN;OTULIN;BIRC2;BAD;USP4;CASP3;NFKB1;YWHAE;APH1A;IKBKB;UBB;TRIO;IRAK1;VAV3;MADD;USP25;NSMAF;ARHGEF10;RIPK2;TRAF1;BIRC3
prerank,Reactome_2022__ROBO Receptors Bind AKAP5 R-HSA-9010642,0.6093559011478973,1.3030535030187222,1.600000e-01,8.192164e-01,1.000000e+00,2/6,0.44%,PPP3CB;PRKACB
prerank,Reactome_2022__Apoptotic Factor-Mediated Response R-HSA-111471,0.43815405151994613,1.3007505436476752,1.451292e-01,8.220834e-01,1.000000e+00,5/17,8.93%,CYCS;APIP;GSDMD;CDKN2A;CARD8
prerank,Reactome_2022__Regulation Of FOXO Transcriptional Activity By Acetylation R-HSA-9617629,-0.5113462838051708,-1.299365718157887,1.684435e-01,6.530478e-01,1.000000e+00,5/10,29.74%,CREBBP;KAT2B;FOXO4;FOXO3;EP300
prerank,Reactome_2022__O-linked Glycosylation Of Mucins R-HSA-913709,-0.4029623011101293,-1.2973247707473012,1.307847e-01,6.551575e-01,1.000000e+00,4/22,4.23%,B3GNT7;GALNT10;GALNT3;B3GNT2
prerank,Reactome_2022__RAF Activation R-HSA-5673000,0.38461453758442393,1.2965479370069237,1.182171e-01,8.324636e-01,1.000000e+00,6/27,4.68%,PPP2R5A;ARAF;PPP2R5D;MAP2K1;PPP1CB;PPP2R5C
prerank,Reactome_2022__Protein-protein Interactions At Synapses R-HSA-6794362,0.4055459064941894,1.2960657213754008,1.491713e-01,8.271746e-01,1.000000e+00,10/23,20.37%,EPB41;SIPA1L1;LIN7B;PPFIA1;SHARPIN;IL1RAP;DLG1;PDLIM5;APBA3;DLGAP4
prerank,Reactome_2022__RHOU GTPase Cycle R-HSA-9013420,-0.36068880216032706,-1.2954631076704834,1.290984e-01,6.564666e-01,1.000000e+00,8/34,8.97%,NCK2;PKN1;CDC42;GIT1;ARHGEF7;STAM;PKN2;PIK3R1
prerank,Reactome_2022__Glycogen Metabolism R-HSA-8982491,0.4664760525203918,1.2938749709350716,1.414914e-01,8.297233e-01,1.000000e+00,10/15,27.08%,UGP2;PHKB;PGM1;GYG1;UBC;PYGB;GAA;AGL;UBA52;GYS1
prerank,Reactome_2022__tRNA Aminoacylation R-HSA-379724,0.3545386848469669,1.2928134716889113,1.283525e-01,8.270331e-01,1.000000e+00,12/40,20.74%,DARS1;QARS1;SARS1;RARS2;EPRS1;CARS1;PPA2;FARSA;IARS2;AARS1;WARS2;MARS2
prerank,Reactome_2022__Integration Of Energy Metabolism R-HSA-163685,-0.3345448360245542,-1.2927869842730393,1.379310e-01,6.609133e-01,1.000000e+00,21/50,22.52%,GNAS;GNB1;PPP2CA;FASN;SLC2A1;PPP2CB;ADCY7;GNGT2;GNAQ;PRKCA;PRKAR2A;TKT;PRKAG2;ADCY9;PLCB1;PLCB2;GNAI2;ITPR3;STX1A;ACSL3;TALDO1
prerank,Reactome_2022__Nervous System Development R-HSA-9675108,-0.25758923709549925,-1.2923747449115313,2.109705e-02,6.579896e-01,1.000000e+00,45/240,13.15%,NCK2;LIMK1;PKN1;RBM8A;MAGOH;CDC42;NRAS;GIT1;FARP2;IRS2;MAP2K2;ARHGEF7;CSNK2B;SOS2;RHOC;PLXNA4;CLTB;MYO9B;YES1;RNPS1;RNMT;PSMF1;PRKCA;PKN2;EPHA4;PSMD6;NCAM1;NCBP1;ZSWIM8;PSMB6;PRKAR2A;PLXNA3;PIK3R1;ELOB;CSNK2A2;PSME4;APH1A;TYROBP;USP33;UBB;LYN;MYL6;TRIO;CD72;ARPC2
prerank,Reactome_2022__Translesion Synthesis By POLI R-HSA-5656121,0.46504832332201457,1.2919693175031892,1.768173e-01,8.236930e-01,1.000000e+00,6/14,14.05%,RPA3;RFC5;RFC4;REV3L;REV1;UBC
prerank,Reactome_2022__DNA Strand Elongation R-HSA-69190,0.3961925897453614,1.2912933934318604,1.414538e-01,8.197356e-01,1.000000e+00,4/24,6.23%,RPA3;MCM3;RFC5;RFC4
prerank,Reactome_2022__Organelle Biogenesis And Maintenance R-HSA-1852241,0.2604239296926083,1.290269737778742,2.811245e-02,8.168800e-01,1.000000e+00,67/211,23.90%,CEP57;MAPK14;TUBA1A;CKAP5;ARF4;CYCS;TRIP11;ATP5PO;CEP250;TCP1;RAB11A;ARL13B;CCT3;KIF3B;IMMT;SEPTIN2;CNTRL;PAFAH1B1;IFT57;PCNT;CEP290;HAUS1;CEP78;HAUS4;PTGES2;BBS2;SCLT1;CCT4;PDE6D;HDAC6;CCT8;CCT2;CDK5RAP2;GLUD1;NCOA6;DYNC2I1;ALAS1;SFI1;CREB1;TMEM216;PRKD2;DYNLL1;PCM1;EXOC1;IFT27;CHD9;PPARA;TUBB;ATP5PD;CEP162;DYNC2H1;BBS9;CEP89;TCTN3;ODF2;DNAJC11;ATP5MC3;SSBP1;EXOC2;CHCHD3;ATP5F1B;IFT88;CEP76;MTERF1;CEP192;SIRT5;GABPA
prerank,Reactome_2022__Translesion Synthesis By POLH R-HSA-110320,0.4451081885811709,1.2896051115121832,1.619586e-01,8.127149e-01,1.000000e+00,5/16,14.05%,RPA3;RFC5;RFC4;VCP;UBC
prerank,Reactome_2022__FGFR1 Mutant Receptor Activation R-HSA-1839124,0.42203017262564185,1.289270122064737,1.341912e-01,8.074059e-01,1.000000e+00,6/19,13.96%,STAT3;FGFR1OP2;STAT5A;CNTRL;PIK3CA;TRIM24
prerank,Reactome_2022__G1/S-Specific Transcription R-HSA-69205,0.44161475532830635,1.2889551838584412,1.779026e-01,8.022934e-01,1.000000e+00,4/17,7.47%,HDAC1;RBL2;RBBP4;E2F4
prerank,Reactome_2022__Signaling By GPCR R-HSA-372790,-0.2680815564282637,-1.2879277589582374,4.000000e-02,6.682561e-01,1.000000e+00,45/188,15.53%,PKN1;XCL1;CDC42;NRAS;GRK2;AKT1;PDE4D;GNAS;DGKQ;GNB1;PLEKHG2;VIPR2;ARHGEF7;GRK6;PREX1;SOS2;PPP2CA;GPR183;GNA13;RHOC;HEBP1;PPP2CB;ADCY7;GNGT2;GNAQ;XCL2;PRKCA;KPNA2;CCL5;PRKAR2A;PIK3R1;CCL4;PRKCB;RGS16;PTRH2;PTCH2;TRIO;ADCY9;GNA12;VAV3;LTB4R;CALM1;PLCB1;ARHGEF10;RIPK2
prerank,Reactome_2022__RAB GEFs Exchange GTP For GDP On RABs R-HSA-8876198,-0.3187364291467989,-1.287721845146162,7.954545e-02,6.646308e-01,1.000000e+00,9/68,4.42%,RAB1A;RAB5C;TRAPPC10;AKT1;ULK1;TRAPPC2L;TRAPPC6A;RAB14;RIN3
prerank,Reactome_2022__Termination Of O-glycan Biosynthesis R-HSA-977068,0.5641593920757865,1.286061339037931,1.816406e-01,8.069345e-01,1.000000e+00,5/7,35.05%,ST6GAL1;ST3GAL1;ST3GAL2;ST3GAL3;ST6GALNAC4
prerank,Reactome_2022__N-glycan Antennae Elongation In medial/trans-Golgi R-HSA-975576,-0.4316272584732289,-1.2854117124311513,1.643287e-01,6.679355e-01,1.000000e+00,7/16,23.15%,B4GALT4;MGAT4B;MAN2A2;MGAT4A;CHST10;ST8SIA6;B4GALT1
prerank,Reactome_2022__Purine Salvage R-HSA-74217,0.5521882130272058,1.28482633145141,1.691729e-01,8.053224e-01,1.000000e+00,3/8,14.86%,DCK;ADK;GMPR2
prerank,Reactome_2022__Pyrimidine Salvage R-HSA-73614,-0.5311304635615004,-1.2846327098433241,1.756198e-01,6.664013e-01,1.000000e+00,3/8,7.41%,UPP1;TK2;UCK1
prerank,Reactome_2022__NR1H3 And NR1H2 Regulate Gene Expression Linked To Cholesterol Transport And Efflux R-HSA-9029569,-0.3968193143894278,-1.284535143347287,1.392931e-01,6.626891e-01,1.000000e+00,6/24,14.71%,NCOA1;TNRC6A;AGO4;AGO2;ARL4C;TBL1X
prerank,Reactome_2022__G-protein Mediated Events R-HSA-112040,-0.38905512888030047,-1.2844089554281723,1.461864e-01,6.590097e-01,1.000000e+00,13/27,21.90%,GRK2;ADCY7;GNAQ;PRKCA;KPNA2;PRKAR2A;ADCY9;CALM1;PLCB1;PLCB2;GNAI2;ITPR3;PRKX
prerank,Reactome_2022__PIWI-interacting RNA (piRNA) Biogenesis R-HSA-5601884,-0.4437377318779284,-1.2801577332750407,1.527495e-01,6.683505e-01,1.000000e+00,6/16,19.11%,POLR2C;POLR2D;POLR2G;POLR2E;TDRKH;POLR2J
prerank,Reactome_2022__Glycogen Breakdown (Glycogenolysis) R-HSA-70221,0.5206978490744028,1.2798305499983116,1.837945e-01,8.197037e-01,1.000000e+00,6/9,21.65%,PHKB;PGM1;GYG1;PYGB;GAA;AGL
prerank,Reactome_2022__RHOC GTPase Cycle R-HSA-9013106,-0.3277386191379987,-1.2704387419269836,1.188960e-01,6.959160e-01,1.000000e+00,12/49,8.97%,PKN1;ARHGDIA;STX5;ARHGAP21;PREX1;RHOC;FLOT1;MYO9B;PKN2;ARHGAP5;ARHGAP26;PIK3R1
prerank,Reactome_2022__TP53 Regulates Metabolic Genes R-HSA-5628897,-0.304899481423988,-1.2675287157328552,1.106383e-01,7.009163e-01,1.000000e+00,21/75,14.75%,AKT1;DDIT4;LAMTOR1;LAMTOR4;PRKAG1;COX7B;COX19;PRDX5;COX5B;TNRC6A;AGO4;SESN3;COX6A1;AGO2;SURF1;YWHAE;LRPPRC;PRKAG2;MLST8;LAMTOR5;COX8A
prerank,Reactome_2022__RUNX3 Regulates NOTCH Signaling R-HSA-8941856,-0.48025904543962483,-1.2674849440321083,2.130802e-01,6.967845e-01,1.000000e+00,4/11,7.18%,RUNX3;CREBBP;SNW1;NOTCH1
prerank,Reactome_2022__Programmed Cell Death R-HSA-5357801,0.2677449645233045,1.265986255163817,7.480315e-02,8.711023e-01,1.000000e+00,30/168,9.68%,SPTAN1;KPNB1;FNTA;PPP3CC;STAT3;CYCS;H1-2;PRKCQ;IRF2;PSMD2;YWHAZ;H1-4;ADD1;H1-3;PSMD11;GZMB;APIP;MAGED1;PSMB2;PPP3R1;AKT3;DAPK2;GSDMD;BCL2L1;RIPK1;YWHAH;CDKN2A;CARD8;YWHAB;RRM1
prerank,Reactome_2022__Interleukin-17 Signaling R-HSA-448424,-0.33478651342624377,-1.265816251064198,1.132075e-01,6.981640e-01,1.000000e+00,14/50,15.89%,MAP3K8;MAPKAPK2;PPP2CA;MAP2K3;MAPK9;TNIP2;PPP2CB;MAP2K7;NFKB1;IKBKB;UBB;IRAK1;RIPK2;DUSP6
prerank,Reactome_2022__MAP Kinase Activation R-HSA-450294,-0.3371363341683482,-1.265717003247831,1.170431e-01,6.944235e-01,1.000000e+00,14/48,15.89%,MAP3K8;MAPKAPK2;PPP2CA;MAP2K3;MAPK9;TNIP2;PPP2CB;MAP2K7;NFKB1;IKBKB;UBB;IRAK1;RIPK2;DUSP6
prerank,Reactome_2022__RHOA GTPase Cycle R-HSA-8980692,0.29315799214550947,1.2653637752491451,8.860759e-02,8.668724e-01,1.000000e+00,20/92,10.76%,ARHGEF3;TAGAP;ARHGAP30;LBR;STK10;ARHGAP45;SLK;ERBIN;TMPO;DIAPH1;PLEKHG3;ARHGEF2;AKAP13;LMAN1;STOM;ARHGAP1;ACBD5;PRPF38B;ARAP3;HMOX2
prerank,Reactome_2022__PCNA-Dependent Long Patch Base Excision Repair R-HSA-5651801,0.42175217039959745,1.2633821068701916,1.647510e-01,8.686036e-01,1.000000e+00,3/18,6.23%,RPA3;RFC5;RFC4
prerank,Reactome_2022__Metabolism Of Cofactors R-HSA-8978934,-0.4431376639055451,-1.2611837828207693,1.580042e-01,7.046657e-01,1.000000e+00,4/15,8.19%,AKT1;PTS;GCH1;PDSS1
prerank,"Reactome_2022__GABA Synthesis, Release, Reuptake And Degradation R-HSA-888590",0.5901478171926261,1.26107966177097,2.000000e-01,8.721201e-01,1.000000e+00,4/6,26.22%,VAMP2;HSPA8;ABAT;ALDH5A1
prerank,Reactome_2022__Transport Of Ribonucleoproteins Into Host Nucleus R-HSA-168271,0.35414225857687776,1.2610639086734705,1.338432e-01,8.654396e-01,1.000000e+00,9/34,17.33%,KPNB1;NUP62;NUP50;PBRM1;NUP37;NUP58;GNL3;NUP188;NUP85
prerank,Reactome_2022__Kinesins R-HSA-983189,0.4229385811077078,1.2601166990185049,1.766990e-01,8.628068e-01,1.000000e+00,3/17,6.93%,KIF2A;KIF3B;KIF21A
prerank,Reactome_2022__Estrogen-dependent Gene Expression R-HSA-9018519,-0.29344093914998215,-1.259361268126328,7.214429e-02,7.065224e-01,1.000000e+00,21/91,11.95%,H2AJ;CREBBP;H2AX;GATA3;JUND;NCOA1;POLR2C;POLR2D;CTSD;CARM1;KPNA2;H3-3B;PMEPA1;TNRC6A;AGO4;AXIN1;POLR2G;AGO2;H2AZ1;CCNT1;SMC3
prerank,"Reactome_2022__Signaling By Rho GTPases, Miro GTPases And RHOBTB3 R-HSA-9716542",0.24101194212047974,1.2589934072283138,1.330798e-02,8.607375e-01,1.000000e+00,92/439,15.34%,SPTAN1;MAPK14;PPP2R5A;ARHGEF3;XPO1;TAGAP;S100A8;CKAP5;ARHGAP25;ARHGAP30;ADD3;KIF2A;H2BC15;LBR;STK10;NCKAP1L;S100A9;ARHGAP45;SLC4A7;SLK;STK38;ERBIN;PPP2R5D;TMPO;TMOD3;DIAPH1;PLEKHG3;ARHGEF2;RNF20;YWHAZ;PPP1CB;ARHGEF6;CYFIP2;ARMCX3;FNBP1;ACTR3;ARL13B;PPP2R5C;AKAP13;NDEL1;LMAN1;GIT2;CDKN1B;STOM;CDC42EP3;ANKRD26;CLTC;DOCK10;ARHGAP1;CCT6A;ACBD5;RHOT1;MYO6;STIP1;ARHGAP15;BUB3;ARHGAP17;YWHAH;H2AC6;ZWILCH;WASF2;YWHAB;VCP;NCK1;PRPF38B;NUP37;PAFAH1B1;GOLGA3;ARAP3;HMOX2;LRRC41;RBMX;ACTR2;MFN1;TAOK1;ITSN2;DBT;LIN7B;LCK;PIK3CA;YWHAQ;TAOK3;PPP1CC;HINT2;IQGAP2;CCT2;GFOD1;RTKN;RBM15;CCT7;VAPB;ZW10
prerank,Reactome_2022__Diseases Of Mismatch Repair (MMR) R-HSA-5423599,0.632325533236695,1.2562778535763137,1.778203e-01,8.659718e-01,1.000000e+00,5/5,36.80%,PMS2;MSH3;MSH2;MSH6;MLH1
prerank,Reactome_2022__Nuclear Import Of Rev Protein R-HSA-180746,0.35395375325170836,1.255680387526627,1.344697e-01,8.619395e-01,1.000000e+00,9/33,17.33%,KPNB1;NUP62;NUP50;RAN;NUP37;NPM1;NUP58;NUP188;NUP85
prerank,Reactome_2022__Pre-NOTCH Expression And Processing R-HSA-1912422,-0.3199904082383644,-1.255323512748417,1.219008e-01,7.159838e-01,1.000000e+00,15/57,12.79%,H2AJ;CREBBP;SNW1;H2AX;FURIN;RFNG;NOTCH1;H3-3B;LFNG;TNRC6A;AGO4;AGO2;TMED2;H2AZ1;SEL1L
prerank,Reactome_2022__Smooth Muscle Contraction R-HSA-445355,-0.39487930940875915,-1.255172818395898,1.894094e-01,7.123388e-01,1.000000e+00,8/22,18.80%,PKN1;PKN2;SORBS3;TPM3;MYL6;CALM1;ANXA6;GUCY1A1
prerank,Reactome_2022__STAT5 Activation Downstream Of FLT3 ITD Mutants R-HSA-9702518,0.5905965388339116,1.2537365872692876,2.200772e-01,8.638764e-01,1.000000e+00,3/6,21.12%,STAT5A;BCL2L1;PTPN11
prerank,Reactome_2022__Hyaluronan Uptake And Degradation R-HSA-2160916,-0.5544328777051987,-1.2503614392842064,2.392996e-01,7.243259e-01,1.000000e+00,2/7,22.67%,SLC9A1;CHORDC1
prerank,Reactome_2022__Cellular Response To Starvation R-HSA-9711097,-0.3064333404694149,-1.2502858521338645,1.404255e-01,7.203854e-01,1.000000e+00,16/63,15.83%,ATF4;TCIRG1;ATP6V1H;CEBPG;LAMTOR1;LAMTOR4;FNIP1;ATP6V0C;SEH1L;SEC13;MLST8;ATP6V1G1;LAMTOR5;RSL24D1;ITFG2;CASTOR2
prerank,Reactome_2022__Transcriptional Regulation By TP53 R-HSA-3700989,-0.248185209257813,-1.249541976952261,3.904555e-02,7.186024e-01,1.000000e+00,57/285,12.47%,ELOA;GATAD2A;BRD7;BCL6;AKT1;RABGGTA;TAF11;DDIT4;CREBBP;CSNK2B;TAF10;LAMTOR1;PPP2CA;LAMTOR4;ERCC3;FASN;PIP4K2A;BBC3;PRKAG1;POLR2C;PPP2CB;ING3;POLR2D;RHNO1;KMT5A;HIPK1;CARM1;COX7B;COX19;PRDX5;PCBP4;CNOT1;USP7;TRIAP1;TAF15;COX5B;TNRC6A;AGO4;SESN3;COX6A1;PIDD1;ELOB;POLR2G;CSNK2A2;TAF4;AGO2;SURF1;YWHAE;ELL;MNAT1;LRPPRC;MDM4;PRKAG2;BRD1;CCNT1;UBB;CDK7
prerank,Reactome_2022__Chk1/Chk2(Cds1) Mediated Inactivation Of Cyclin B:Cdk1 Complex R-HSA-75035,0.5267749194627868,1.2494438399251262,1.980392e-01,8.757686e-01,1.000000e+00,5/9,21.48%,YWHAZ;YWHAH;YWHAB;YWHAQ;REXO2
prerank,Reactome_2022__Glycogen Synthesis R-HSA-3322077,0.5438320620781407,1.2487156604321508,1.988528e-01,8.725958e-01,1.000000e+00,6/8,27.08%,UGP2;PGM1;GYG1;UBC;UBA52;GYS1
prerank,Reactome_2022__Signaling By ERBB4 R-HSA-1236394,-0.3583533740567324,-1.2473936037281859,1.721133e-01,7.216308e-01,1.000000e+00,6/32,12.26%,MXD4;ADAP1;NRAS;PIK3R1;APH1A;UBB
prerank,Reactome_2022__PLC Beta Mediated Events R-HSA-112043,-0.38729755968605845,-1.2472596599548136,1.740042e-01,7.180270e-01,1.000000e+00,12/24,21.90%,GRK2;ADCY7;GNAQ;PRKCA;KPNA2;PRKAR2A;ADCY9;CALM1;PLCB1;PLCB2;ITPR3;PRKX
prerank,Reactome_2022__Reduction Of Cytosolic Ca++ Levels R-HSA-418359,0.5865822317057949,1.2451234040607677,2.040000e-01,8.813644e-01,1.000000e+00,2/6,5.04%,ATP2B4;ATP2A3
prerank,Reactome_2022__MAP3K8 (TPL2)-dependent MAPK1/3 Activation R-HSA-5684264,-0.43059071659470205,-1.24352495961593,1.734694e-01,7.267182e-01,1.000000e+00,5/15,12.26%,MAP3K8;TNIP2;NFKB1;IKBKB;UBB
prerank,Reactome_2022__Formation Of Cornified Envelope R-HSA-6809371,-0.6041594158256168,-1.2413261984808708,2.421053e-01,7.299192e-01,1.000000e+00,2/5,15.12%,FURIN;RCAN1
prerank,Reactome_2022__Signaling By Rho GTPases R-HSA-194315,0.23846220039915936,1.2409797090051435,1.538462e-02,8.928986e-01,1.000000e+00,89/426,15.34%,SPTAN1;MAPK14;PPP2R5A;ARHGEF3;XPO1;TAGAP;S100A8;CKAP5;ARHGAP25;ARHGAP30;ADD3;KIF2A;H2BC15;LBR;STK10;NCKAP1L;S100A9;ARHGAP45;SLC4A7;SLK;STK38;ERBIN;PPP2R5D;TMPO;TMOD3;DIAPH1;PLEKHG3;ARHGEF2;RNF20;YWHAZ;PPP1CB;ARHGEF6;CYFIP2;ARMCX3;FNBP1;ACTR3;ARL13B;PPP2R5C;AKAP13;NDEL1;LMAN1;GIT2;CDKN1B;STOM;CDC42EP3;ANKRD26;CLTC;DOCK10;ARHGAP1;CCT6A;ACBD5;MYO6;STIP1;ARHGAP15;BUB3;ARHGAP17;YWHAH;H2AC6;ZWILCH;WASF2;YWHAB;VCP;NCK1;PRPF38B;NUP37;PAFAH1B1;GOLGA3;ARAP3;HMOX2;RBMX;ACTR2;TAOK1;ITSN2;DBT;LIN7B;LCK;PIK3CA;YWHAQ;TAOK3;PPP1CC;HINT2;IQGAP2;CCT2;GFOD1;RTKN;RBM15;CCT7;VAPB;ZW10
prerank,Reactome_2022__Surfactant Metabolism R-HSA-5683826,-0.5961297034801218,-1.2408150317157083,2.286282e-01,7.276627e-01,1.000000e+00,2/5,12.59%,CCDC59;ABCA3
prerank,Reactome_2022__GPER1 Signaling R-HSA-9634597,-0.3935294811232559,-1.2405871740839263,1.757322e-01,7.243481e-01,1.000000e+00,9/21,20.02%,GNAS;GNB1;ADCY7;GNGT2;PRKCA;PRKAR2A;ADCY9;GNAI2;SHC1
prerank,Reactome_2022__RAS Processing R-HSA-9648002,0.44738641526287937,1.2400944692551061,1.821705e-01,8.903332e-01,1.000000e+00,8/15,17.58%,FNTA;PRKCQ;BCL2L1;PDE6D;ABHD17B;GOLGA7;ABHD17C;LYPLA1
prerank,Reactome_2022__Beta-catenin Independent WNT Signaling R-HSA-3858494,-0.27601607307236686,-1.2400892447714553,1.236443e-01,7.218176e-01,1.000000e+00,33/105,21.78%,NRAS;TCF7;RYK;GNB1;CLTB;GNGT2;PSMF1;PRKCA;PSMD6;PSMB6;TNRC6A;AGO4;AGO2;PSME4;NFATC1;PRKCB;UBB;PDE6G;CALM1;PLCB1;PSME2;PSMB3;SMURF1;PSMA1;PDE6B;PLCB2;PFN1;AP2A1;PSMD9;PSME1;ITPR3;AP2A2;ARRB2
prerank,Reactome_2022__NOTCH2 Intracellular Domain Regulates Transcription R-HSA-2197563,0.5339692588522604,1.2391042193702,2.230483e-01,8.882876e-01,1.000000e+00,3/8,15.69%,MAML1;GZMB;CREB1
prerank,Reactome_2022__Neurotransmitter Receptors And Postsynaptic Signal Transmission R-HSA-112314,-0.31364564986045446,-1.2390019313787817,1.219512e-01,7.216739e-01,1.000000e+00,21/62,21.90%,NRAS;GIT1;GNB1;ARHGEF7;PRKAG1;ADCY7;GNGT2;PRKCA;KPNA2;PRKAR2A;PRKCB;CASK;PRKAG2;ADCY9;CALM1;PLCB1;PLCB2;AP2A1;GNAI2;AP2A2;PRKX
prerank,Reactome_2022__Formation Of Early Elongation Complex R-HSA-113418,-0.34632804572321985,-1.2380471554400885,1.516393e-01,7.207225e-01,1.000000e+00,11/33,19.11%,ERCC3;POLR2C;POLR2D;NCBP1;POLR2G;MNAT1;CDK7;POLR2E;NELFCD;NELFA;POLR2J
prerank,Reactome_2022__Activation Of AP-1 Family Of Transcription Factors R-HSA-450341,0.5609570058236675,1.2377201137832268,2.240000e-01,8.876499e-01,1.000000e+00,2/7,2.75%,MAPK14;JUN
prerank,Reactome_2022__RUNX3 Regulates CDKN1A Transcription R-HSA-8941855,-0.615310677875764,-1.2376466753217474,2.301075e-01,7.179693e-01,1.000000e+00,2/5,3.40%,RUNX3;TGFB1
prerank,Reactome_2022__Processing Of DNA Double-Strand Break Ends R-HSA-5693607,0.32240824768823434,1.236674850820302,1.571429e-01,8.861878e-01,1.000000e+00,27/56,33.93%,H2BC15;PPP4R2;RPA3;RFC5;PPP4C;RFC4;HERC2;MDC1;RAD17;UBC;ATRIP;MRE11;ATM;TIMELESS;RNF8;H2BC9;NSD2;H2BC12;BLM;UBA52;UBE2V2;RAD50;H2BC11;ABRAXAS1;TP53BP1;BARD1;KAT5
prerank,Reactome_2022__NLRP3 Inflammasome R-HSA-844456,-0.4376581434332792,-1.2358388372367732,2.079208e-01,7.199967e-01,1.000000e+00,4/13,23.81%,PSTPIP1;NFKB1;P2RX7;HMOX1
prerank,Reactome_2022__Bicarbonate Transporters R-HSA-425381,0.6117490844853464,1.2357936909302312,2.242991e-01,8.837412e-01,1.000000e+00,3/5,20.80%,SLC4A7;SLC4A2;AHCYL2
prerank,Reactome_2022__Negative Regulation Of MAPK Pathway R-HSA-5675221,-0.35219047631073036,-1.235629624173408,1.636364e-01,7.167729e-01,1.000000e+00,7/34,5.22%,PTPN7;DUSP12;NRAS;DUSP2;MAP2K2;PPP2CA;PPP2CB
prerank,Reactome_2022__G Beta:Gamma Signaling Thru PLC Beta R-HSA-418217,-0.4878395173682273,-1.2353396625680098,2.111554e-01,7.101620e-01,1.000000e+00,4/10,17.46%,GNB1;GNGT2;PLCB1;PLCB2
prerank,Reactome_2022__Presynaptic Function Of Kainate Receptors R-HSA-500657,-0.4878395173682273,-1.2353396625680098,2.111554e-01,7.101620e-01,1.000000e+00,4/10,17.46%,GNB1;GNGT2;PLCB1;PLCB2
prerank,Reactome_2022__tRNA Processing R-HSA-72306,0.2871469597580814,1.2351043823797998,1.013917e-01,8.804806e-01,1.000000e+00,37/93,28.95%,NUP62;NUP50;TRNT1;THADA;RTCB;TYW1;NSUN2;RAN;NUP37;CDKAL1;ALKBH8;EPRS1;TYW5;NUP58;RPP38;POP7;ZBTB8OS;ELAC2;RPP21;TYW3;NUP188;NUP85;TRMT13;TRMT6;NUP42;CTU2;TSEN15;GTPBP3;FTSJ1;OSGEP;NUP107;NUP93;CPSF4;ADAT1;TSEN34;TRMT61B;RPP30
prerank,Reactome_2022__Infectious Disease R-HSA-5663205,0.2278893876003384,1.2349586743323095,9.191176e-03,8.751726e-01,1.000000e+00,135/616,17.51%,G3BP1;MAPK14;TAF7;KPNB1;XPO1;PRKACB;FNTA;PRKAR1A;MAP2K4;HDAC1;XRCC5;ITGA4;KPNA3;TRIM4;NUP62;H2BC15;TRIM27;NCKAP1L;NUP50;RBBP4;PTGER2;PBRM1;DDX5;MAP2K1;VPS33A;JUN;PSMD2;YWHAZ;ADRB2;TBP;XRCC6;CYFIP2;ATP1A3;SEC23A;SUZ12;CHMP5;ISCU;ST6GAL1;CRK;PSMD11;SH3GL1;PTGES3;ACTR3;PARP4;DUT;MVB12A;DUSP16;TOMM70;GTF2A1;EPS15;SRPK1;HNRNPK;GTF2H1;PSMB2;DAXX;PLCG1;CLTC;AKT3;EEF2;GSDMD;GTF2H3;PARP10;IMPDH2;CNBP;RAN;RIPK1;YWHAH;H2AC6;GNG10;IFNAR1;WASF2;PARP1;YWHAB;SUPT4H1;STING1;VCP;NCK1;SIKE1;RRM1;NUP37;CHMP1A;PSIP1;ST3GAL1;G3BP2;S1PR1;AHCYL1;H2AC11;RHBDF2;ACTR2;NMT2;ARID4A;RPN1;VAMP2;PSMD10;IFNAR2;KEAP1;NPM1;LCK;FKBP4;IPO5;YWHAQ;CSNK1A1;NUP58;GNL3;PSMD4;SUPT16H;POLR2I;MTA2;IRF3;UBC;CCNH;CD247;FUT8;UVRAG;VPS16;SSRP1;GOLGA7;RBX1;GTF2H5;REST;CREB1;MC1R;PATJ;RIGI;DYNLL1;RANBP1;SNRPE;VPS37A;RB1;PIK3R4;TAF5;NUP188;PSMD13;NUP85;TUBB
prerank,Reactome_2022__mTORC1-mediated Signaling R-HSA-166208,0.4015975294759192,1.2349080215192305,2.000000e-01,8.693327e-01,1.000000e+00,9/20,19.70%,RRAGA;EIF4B;YWHAB;EEF2K;EIF4G1;SLC38A9;AKT1S1;MTOR;RRAGB
prerank,Reactome_2022__Signaling By ALK R-HSA-201556,0.4185434995795577,1.2347255413552736,2.011385e-01,8.642431e-01,1.000000e+00,5/19,12.73%,HDAC1;STAT3;PLCG1;HIF1A;PIK3CA
prerank,Reactome_2022__Regulation Of PTEN mRNA Translation R-HSA-8943723,-0.47367609628021273,-1.234289118510577,2.197125e-01,7.097189e-01,1.000000e+00,3/11,9.50%,TNRC6A;AGO4;AGO2
prerank,Reactome_2022__Mitophagy R-HSA-5205647,-0.3732943880594507,-1.233825557668482,1.854839e-01,7.073797e-01,1.000000e+00,10/25,18.14%,MAP1LC3B;ULK1;CSNK2B;TOMM22;CSNK2A2;PGAM5;UBB;PINK1;TOMM5;TOMM40
prerank,Reactome_2022__Peptide Chain Elongation R-HSA-156902,0.576092652279288,1.233648252441346,2.268245e-01,8.628461e-01,1.000000e+00,2/6,7.29%,EEF1A1;EEF2
prerank,Reactome_2022__Gap-filling DNA Repair Synthesis And Ligation In GG-NER R-HSA-5696397,0.3973489277743705,1.2313206151285583,1.760300e-01,8.662524e-01,1.000000e+00,4/20,6.23%,RPA3;RFC5;POLK;RFC4
prerank,Reactome_2022__Neutrophil Degranulation R-HSA-6798695,0.2420251285738007,1.2303044561779106,2.607076e-02,8.649796e-01,1.000000e+00,87/315,20.30%,SPTAN1;MAPK14;KPNB1;S100A8;ENPP4;XRCC5;STK10;NCKAP1L;S100A9;ARHGAP45;PTPRC;APEH;NIT2;DIAPH1;SCAMP1;PSMD2;RAB10;XRCC6;MLEC;CD47;EEF1A1;PSMD11;VCL;KCNAB2;HGSNAT;CXCR2;PIKFYVE;CPNE3;VAT1;GHDC;COPB1;UNC13D;STOM;EEF2;PRDX4;PSEN1;SLCO4C1;GSDMD;IMPDH2;LPCAT1;PGM1;SLC2A3;GDI2;CTSA;STING1;VCP;RAP1B;CEP290;HMOX2;ADAM10;ACTR2;CD53;SLC44A2;LYZ;TMBIM1;PTGES2;GYG1;HUWE1;TRAPPC1;CAP1;CTSC;BIN2;CYB5R3;IQGAP2;HSPA8;CCT8;PKM;CCT2;PPBP;GOLGA7;DYNLL1;OSTF1;RAP1A;PSMD13;RAB6A;SERPINB6;TUBB;PYGB;GLB1;CD59;TSPAN14;GAA;SNAP23;PRCP;PRKCSH;PSMA5;CAPN1
prerank,Reactome_2022__Developmental Biology R-HSA-1266738,-0.2308737289978979,-1.2291544443785727,2.494802e-02,7.188976e-01,1.000000e+00,73/418,13.15%,NCK2;LIMK1;PKN1;RBM8A;MAGOH;CDC42;NRAS;GIT1;AKT1;H2AJ;FARP2;IRS2;TCF7;KRT81;MED10;KRT86;MAP2K2;CREBBP;ARHGEF7;CSNK2B;SNW1;H2AX;MEF2D;SOS2;FURIN;TGFB1;RHOC;PLXNA4;CLTB;TRIM33;NCOA1;MYO9B;MED30;POLR2C;YES1;POLR2D;RNPS1;RNMT;PSMF1;CARM1;PRKCA;MED13L;PKN2;EPHA4;NOTCH1;PSMD6;HHEX;NCAM1;H3-3B;NCBP1;ZSWIM8;PSMB6;PRKAR2A;PLXNA3;PIK3R1;SPAG9;ELOB;POLR2G;CSNK2A2;NFKB1;PSME4;APH1A;H2AZ1;TYROBP;USP33;UBB;LYN;SREBF1;MYL6;TRIO;MED4;CD72;ARPC2
prerank,Reactome_2022__Estrogen-stimulated Signaling Thru PRKCZ R-HSA-9634635,-0.595406218750101,-1.2287328481371969,2.596349e-01,7.166292e-01,1.000000e+00,1/5,1.40%,NRAS
prerank,Reactome_2022__P75 NTR Receptor-Mediated Signaling R-HSA-193704,-0.310440082953679,-1.2283570425433785,1.313559e-01,7.140201e-01,1.000000e+00,18/58,15.53%,ARHGDIA;PLEKHG2;ARHGEF7;PREX1;SOS2;GNA13;BAD;CASP3;NFKB1;YWHAE;APH1A;IKBKB;UBB;TRIO;IRAK1;VAV3;ARHGEF10;RIPK2
prerank,Reactome_2022__Anchoring Of Basal Body To Plasma Membrane R-HSA-5620912,0.28874519023920914,1.2244872592969687,1.267606e-01,8.827826e-01,1.000000e+00,24/81,20.17%,CEP57;TUBA1A;CKAP5;CEP250;RAB11A;SEPTIN2;CNTRL;PAFAH1B1;PCNT;CEP290;HAUS1;CEP78;HAUS4;SCLT1;CDK5RAP2;SFI1;TMEM216;DYNLL1;PCM1;TUBB;CEP162;CEP89;TCTN3;ODF2
prerank,Reactome_2022__Presynaptic Phase Of Homologous DNA Pairing And Strand Exchange R-HSA-5693616,0.3730678484719555,1.2230788359290696,1.896208e-01,8.825177e-01,1.000000e+00,8/26,20.53%,RPA3;RFC5;RFC4;RAD17;ATRIP;MRE11;ATM;RAD51C
prerank,Reactome_2022__RUNX1 Interacts With Co-Factors Whose Precise Effect On RUNX1 Targets Is Not Known R-HSA-8939243,-0.36195477350076294,-1.2229771409421668,1.786448e-01,7.277857e-01,1.000000e+00,7/30,9.31%,CBX4;ARID1B;CSNK2B;PHC2;YAF2;PCGF5;CSNK2A2
prerank,Reactome_2022__RHOD GTPase Cycle R-HSA-9013405,0.35019944640605727,1.2222034020627723,1.715976e-01,8.801874e-01,1.000000e+00,11/37,15.85%,ADD3;LBR;SLC4A7;TMPO;DIAPH1;LMAN1;ARHGAP1;ARHGAP17;HINT2;VAPB;WHAMM
prerank,Reactome_2022__G Beta:Gamma Signaling Thru BTK R-HSA-8964315,-0.5055986878197103,-1.2221766117524173,2.102041e-01,7.193633e-01,1.000000e+00,2/8,6.18%,GNB1;GNGT2
prerank,Reactome_2022__Activation Of G Protein Gated Potassium Channels R-HSA-1296041,-0.5055986878197103,-1.2221766117524173,2.102041e-01,7.193633e-01,1.000000e+00,2/8,6.18%,GNB1;GNGT2
prerank,Reactome_2022__Inwardly Rectifying K+ Channels R-HSA-1296065,-0.5055986878197103,-1.2221766117524173,2.102041e-01,7.193633e-01,1.000000e+00,2/8,6.18%,GNB1;GNGT2
prerank,Reactome_2022__Interleukin-20 Family Signaling R-HSA-8854691,0.44315315344384393,1.2221310072972353,2.149533e-01,8.747220e-01,1.000000e+00,3/14,6.88%,STAT3;STAT4;STAT5A
prerank,Reactome_2022__Physiological Factors R-HSA-5578768,-0.6085843362453681,-1.221528960956781,2.557252e-01,7.178662e-01,1.000000e+00,3/5,27.32%,HIPK1;HIPK2;KAT2B
prerank,Reactome_2022__Hemostasis R-HSA-109582,0.2412845186435109,1.2205114207123091,5.451128e-02,8.756716e-01,1.000000e+00,67/294,18.36%,MAPK14;PPP2R5A;PRKACB;PRKAR1A;HDAC1;ITGA4;RASGRP1;KIF2A;PAFAH2;S100A9;PRKCQ;FAM3C;STIM1;PIK3CG;PPP2R5D;TMX3;IRF2;CAPZA1;EHD1;YWHAZ;GLG1;ENDOD1;CD47;PLEK;SOD1;CRK;RASGRP2;ANXA5;ATP2B4;VCL;PPP2R5C;PIKFYVE;ATP2A3;KIF3B;PLCG1;DOCK10;APBB1IP;KIF21A;SELPLG;PTPN1;GNG10;AK3;STXBP3;RAP1B;MFN1;TAGLN2;CD48;F2R;LCK;PIK3CA;CAP1;PICK1;SLC16A3;PPBP;AKAP10;ITGA6;INPP5D;KIF9;RAP1A;LCP2;PRKCH;CDC37L1;PPIL2;SERPINB6;VTI1B;CD2;SPNS1
prerank,Reactome_2022__N-Glycan Antennae Elongation R-HSA-975577,-0.46257744751798346,-1.2196470848084993,2.205567e-01,7.202547e-01,1.000000e+00,5/11,23.15%,B4GALT4;MGAT4B;MGAT4A;ST8SIA6;B4GALT1
prerank,Reactome_2022__RHO GTPases Activate KTN1 R-HSA-5625970,-0.5613176461328286,-1.219421020351875,2.570850e-01,7.173672e-01,1.000000e+00,1/6,1.23%,CDC42
prerank,Reactome_2022__Sialic Acid Metabolism R-HSA-4085001,0.42053677929220595,1.2193888183417212,1.962422e-01,8.744777e-01,1.000000e+00,5/18,10.34%,ST8SIA4;ST6GAL1;CTSA;CMAS;ST3GAL1
prerank,Reactome_2022__Acyl Chain Remodelling Of PC R-HSA-1482788,0.5563009495469401,1.219110680435345,2.316602e-01,8.700505e-01,1.000000e+00,4/7,27.18%,LPCAT1;LPCAT3;LPCAT4;PNPLA8
prerank,Reactome_2022__Butyrophilin (BTN) Family Interactions R-HSA-8851680,0.6037481880306482,1.2175630878943413,2.209302e-01,8.707976e-01,1.000000e+00,5/5,39.66%,BTN2A2;BTN3A3;BTN3A2;BTN3A1;BTN2A1
prerank,Reactome_2022__HSF1 Activation R-HSA-3371511,0.3850091342790711,1.2166823109721856,2.208835e-01,8.685227e-01,1.000000e+00,8/23,17.28%,HSPH1;EEF1A1;PTGES3;RPA3;VCP;FKBP4;HDAC6;MRPL18
prerank,Reactome_2022__Diseases Associated With Glycosaminoglycan Metabolism R-HSA-3560782,-0.467793404212948,-1.2157567554364288,2.321792e-01,7.259991e-01,1.000000e+00,6/11,23.15%,CHSY1;B3GALT6;EXT1;B3GAT3;B4GALT7;B4GALT1
prerank,Reactome_2022__Phase 0 - Rapid Depolarisation R-HSA-5576892,-0.5726176487169587,-1.2157424846561073,2.401656e-01,7.224895e-01,1.000000e+00,3/6,22.45%,CALM1;CACNB1;RANGRF
prerank,Reactome_2022__Chaperonin-mediated Protein Folding R-HSA-390466,0.3086339275123016,1.215731958568057,1.682975e-01,8.669571e-01,1.000000e+00,18/57,17.64%,USP11;TUBA1A;STAT3;TCP1;LONP2;CCT3;CCT6A;GNG10;PFDN6;DCAF7;WRAP53;CCT4;CCT8;CCT2;FBXO4;CCT7;TUBB;TUBA1C
prerank,Reactome_2022__EGFR Downregulation R-HSA-182971,-0.4016242614008281,-1.214406615005816,2.021277e-01,7.232967e-01,1.000000e+00,4/18,3.19%,CDC42;ARHGEF7;SPRY2;STAM
prerank,Reactome_2022__Cellular Response To Heat Stress R-HSA-3371556,0.28856697361684625,1.214404451497399,1.150097e-01,8.668228e-01,1.000000e+00,22/83,18.28%,HSPA4;NUP62;ST13;NUP50;HSPH1;HIKESHI;EEF1A1;PTGES3;RPA3;VCP;NUP37;FKBP4;NUP58;HSPA8;HDAC6;CCAR2;AKT1S1;NUP188;MRPL18;NUP85;MTOR;ATM
prerank,Reactome_2022__Translation Initiation Complex Formation R-HSA-72649,0.37225738322908547,1.2138091597784444,1.960396e-01,8.585841e-01,1.000000e+00,11/25,23.12%,EIF3A;EIF4B;EIF2S1;EIF3L;EIF3E;EIF4A2;EIF4G1;PABPC1;EIF3K;EIF3H;EIF2S2
prerank,"Reactome_2022__mRNA Activation Upon Binding Of Cap-Binding Complex And eIFs, Subsequent Binding To 43S R-HSA-72662",0.37225738322908547,1.2138091597784444,1.960396e-01,8.585841e-01,1.000000e+00,11/25,23.12%,EIF3A;EIF4B;EIF2S1;EIF3L;EIF3E;EIF4A2;EIF4G1;PABPC1;EIF3K;EIF3H;EIF2S2
prerank,Reactome_2022__FBXW7 Mutants And NOTCH1 In Cancer R-HSA-2644605,-0.573275150887757,-1.2131771277885883,2.613861e-01,7.237827e-01,1.000000e+00,2/5,7.18%,FBXW7;NOTCH1
prerank,Reactome_2022__Signaling By Retinoic Acid R-HSA-5362517,0.39289198571058936,1.2126000518028242,1.941176e-01,8.583544e-01,1.000000e+00,8/19,24.24%,RDH11;RDH14;CPT1A;PDK2;RXRB;AKR1C3;PDK3;RARA
prerank,Reactome_2022__RAC1 GTPase Cycle R-HSA-9013149,-0.2756294486862666,-1.2123447754377368,1.092437e-01,7.229595e-01,1.000000e+00,21/109,10.50%,ARHGAP4;PKN1;ARHGDIA;CDC42;GIT1;FARP2;PLEKHG2;ARHGAP21;ARHGEF7;LAMTOR1;PREX1;SOS2;NISCH;GNA13;MYO9B;PKN2;ARHGAP5;ARHGAP26;PIK3R1;WIPF2;ARHGAP9
prerank,Reactome_2022__Rev-mediated Nuclear Export Of HIV RNA R-HSA-165054,0.34209343485276833,1.2116596696999602,1.676413e-01,8.568695e-01,1.000000e+00,9/34,17.33%,XPO1;NUP62;NUP50;RAN;NUP37;NUP58;RANBP1;NUP188;NUP85
prerank,Reactome_2022__Diseases Associated With TLR Signaling Cascade R-HSA-5602358,0.41210765069673355,1.211431476246212,2.301887e-01,8.526639e-01,1.000000e+00,3/18,7.71%,S100A8;S100A9;IRAK4
prerank,Reactome_2022__Protein Methylation R-HSA-8876725,0.4291910476046359,1.2108644439854765,2.161654e-01,8.497572e-01,1.000000e+00,9/15,30.77%,EEF1A1;EEF2;VCPKMT;VCP;HSPA8;CAMKMT;METTL22;EEF1AKMT2;EEF2KMT
prerank,Reactome_2022__Signal Attenuation R-HSA-74749,-0.5528502063433771,-1.2108592082133354,2.520161e-01,7.240475e-01,1.000000e+00,4/6,32.30%,IRS2;SHC1;GRB2;MAPK3
prerank,Reactome_2022__Regulation Of TNFR1 Signaling R-HSA-5357905,-0.3448548578242074,-1.2074402845620145,1.991870e-01,7.315375e-01,1.000000e+00,9/32,16.36%,OTULIN;BIRC2;USP4;IKBKB;UBB;MADD;USP25;TRAF1;BIRC3
prerank,Reactome_2022__Heme Signaling R-HSA-9707616,-0.351113004318934,-1.2065243565043084,1.875000e-01,7.310577e-01,1.000000e+00,9/30,16.69%,CREBBP;MEF2D;NCOA1;CARM1;CRTC2;BMAL1;TBL1X;MAFK;NFE2L2
prerank,Reactome_2022__EML4 And NUDC In Mitotic Spindle Formation R-HSA-9648025,0.2961690089471355,1.206201151650597,1.656920e-01,8.627128e-01,1.000000e+00,18/68,17.33%,PPP2R5A;XPO1;CKAP5;KIF2A;NEK9;PPP2R5D;PPP2R5C;NEK7;NDEL1;BUB3;ZWILCH;NUP37;PAFAH1B1;TAOK1;PPP1CC;ZW10;DYNLL1;NUP85
prerank,Reactome_2022__Translocation Of SLC2A4 (GLUT4) To Plasma Membrane R-HSA-1445148,0.32064698610775894,1.2058302555097782,1.900826e-01,8.590920e-01,1.000000e+00,19/45,26.44%,LNPEP;YWHAZ;RAB10;RAB11A;KIF3B;RALA;YWHAH;YWHAB;STXBP3;VAMP2;YWHAQ;EXOC1;SNAP23;EXOC2;REXO2;STX4;TBC1D1;ASPSCR1;MYH9
prerank,custom_senescence_signatures.gmt__GSE9650_EFFECTOR_VS_EXHAUSTED_CD8_TCELL_UP,0.2545006726799147,1.205045447983159,9.622642e-02,2.376669e-01,3.550000e-01,45/174,17.26%,ETS1;PIK3CD;MBP;ATP5PO;ST13;STK38;UBE2H;USP22;SMPD1;HIKESHI;JKAMP;RNF14;SRPK1;HMCES;PSMB2;EIF2S1;ISYNA1;LDAH;UBQLN1;ICAM2;GOLM1;EIF3L;BSCL2;CCNDBP1;CTSA;AK3;FCGR2B;CMAS;MRPL34;KLRC1;KLRD1;ZFYVE19;RPN1;SNX1;MFNG;ABCA2;RAD17;TSPAN31;RORA;KLRG1;CORO1B;GRAMD2B;DDX41;PRKCH;PSMD13
prerank,Reactome_2022__RNA Polymerase I Transcription R-HSA-73864,0.29944920023535776,1.2035928861413627,1.417476e-01,8.574920e-01,1.000000e+00,19/64,19.48%,HDAC1;UBTF;H2BC15;RBBP4;TBP;GTF2H1;GTF2H3;H2AC6;CBX3;POLR1H;KAT2A;EHMT2;MTA2;CCNH;GTF2H5;POLR1D;TAF1B;H2AC4;POLR1E
prerank,Reactome_2022__RNA Polymerase I Promoter Clearance R-HSA-73854,0.29944920023535776,1.2035928861413627,1.417476e-01,8.574920e-01,1.000000e+00,19/64,19.48%,HDAC1;UBTF;H2BC15;RBBP4;TBP;GTF2H1;GTF2H3;H2AC6;CBX3;POLR1H;KAT2A;EHMT2;MTA2;CCNH;GTF2H5;POLR1D;TAF1B;H2AC4;POLR1E
prerank,Reactome_2022__APOBEC3G Mediated Resistance To HIV-1 R-HSA-180689,0.592941308292446,1.2019442448773423,2.877551e-01,8.592889e-01,1.000000e+00,3/5,34.44%,PSIP1;HMGA1;PPIA
prerank,Reactome_2022__Amino Acids Regulate mTORC1 R-HSA-9639288,-0.31163021258608165,-1.201199258435323,1.641469e-01,7.449619e-01,1.000000e+00,13/46,15.83%,TCIRG1;ATP6V1H;LAMTOR1;LAMTOR4;FNIP1;ATP6V0C;SEH1L;SEC13;MLST8;ATP6V1G1;LAMTOR5;ITFG2;CASTOR2
prerank,Reactome_2022__Regulation Of TP53 Activity Thru Acetylation R-HSA-6804758,-0.35939985998714,-1.2003542855828273,1.920000e-01,7.440829e-01,1.000000e+00,5/27,5.28%,GATAD2A;BRD7;AKT1;PIP4K2A;ING3
prerank,Reactome_2022__Signaling To ERKs R-HSA-187687,0.35861467762543314,1.1999718271975912,2.370370e-01,8.622704e-01,1.000000e+00,7/26,9.20%,MAPK14;RALGDS;MAP2K1;BCL11B;CRK;RALA;YWHAB
prerank,Reactome_2022__DNA Repair R-HSA-73894,0.24382343095181655,1.1976934767935727,8.754864e-02,8.664753e-01,1.000000e+00,79/256,25.16%,XRCC5;TDP2;H2BC15;SMARCA5;PRKDC;COPS5;BAZ1B;RNF111;XRCC6;INO80D;PPP4R2;RPA3;COPS7A;RFC5;RAD23B;POLK;GTF2H1;PPP4C;DDB2;RFC4;REV3L;UBE2B;HERC2;TDP1;ZNF830;GTF2H3;MDC1;H2AC6;FAAP20;USP32;PARP1;VCP;PMS2;INO80B;RUVBL1;DCLRE1A;KDM4B;RAD52;REV1;ERCC8;PARG;RAD17;MSH3;POLR2I;UBC;CCNH;ATRIP;RBX1;ASCC1;MRE11;GTF2H5;GEN1;FAN1;FANCF;H2AC4;ATM;YY1;UBA7;TIMELESS;LRIG1;RNF8;POLM;RAD51C;LRIF1;RAD18;MAPK8;POLL;TP53;H2BC9;COPS6;POLI;NSD2;H2BC12;UVSSA;CUL4A;TERF2IP;ACTL6A;FANCI;BLM
prerank,Reactome_2022__Translesion Synthesis By Y Family DNA Polymerases Bypasses Lesions On DNA Template R-HSA-110313,0.33639662531017717,1.1968433423722398,1.838235e-01,8.645726e-01,1.000000e+00,9/33,14.05%,RPA3;RFC5;POLK;RFC4;REV3L;USP32;VCP;REV1;UBC
prerank,Reactome_2022__RAF/MAP Kinase Cascade R-HSA-5673001,0.2592523941473396,1.1962645609673552,1.168317e-01,8.620031e-01,1.000000e+00,44/156,20.61%,SPTAN1;PPP2R5A;FNTA;RASGRP1;RALGDS;ARAF;PRKCQ;PPP2R5D;MAP2K1;PSMD2;PPP1CB;PSMD11;VCL;DUSP16;PPP2R5C;IL5RA;PSMB2;ERBB2;APBB1IP;BCL2L1;YWHAB;RAP1B;PSMD10;RASA3;PEA15;PIK3CA;PSMD4;PPP1CC;PDE6D;UBC;ABHD17B;GOLGA7;RBX1;DLG1;RAP1A;ABHD17C;PSMD13;LYPLA1;SPNS1;PTPRA;PIK3R2;PSMA5;RGL2;CSK
prerank,Reactome_2022__Signaling By TGF-beta Receptor Complex R-HSA-170834,0.28843921516201304,1.1960773715475161,1.490196e-01,8.577432e-01,1.000000e+00,18/71,18.04%,TGFBR2;UCHL5;XPO1;HDAC1;RNF111;PPP1CB;MTMR4;LTBP4;E2F4;PARP1;PPP1CC;UBC;YBX1;PPP1R15A;PPM1A;TFDP1;SMAD3;SRFBP1
prerank,Reactome_2022__tRNA Processing In Nucleus R-HSA-6784531,0.3105308946148424,1.1951179674533068,1.726755e-01,8.563385e-01,1.000000e+00,21/51,28.95%,NUP62;NUP50;TRNT1;RTCB;RAN;NUP37;NUP58;RPP38;POP7;ZBTB8OS;ELAC2;RPP21;NUP188;NUP85;NUP42;TSEN15;NUP107;NUP93;CPSF4;TSEN34;RPP30
prerank,Reactome_2022__Protein Folding R-HSA-391251,0.3014415017453793,1.1930602930604428,1.653543e-01,8.594779e-01,1.000000e+00,19/62,17.64%,USP11;TUBA1A;STAT3;TCP1;LONP2;CCT3;CCT6A;GNG10;PFDN6;DCAF7;TBCA;WRAP53;CCT4;CCT8;CCT2;FBXO4;CCT7;TUBB;TUBA1C
prerank,Reactome_2022__Diseases Of DNA Repair R-HSA-9675135,0.34127456785587396,1.1917715009857808,1.992337e-01,8.595037e-01,1.000000e+00,10/35,20.53%,RPA3;RFC5;RFC4;PMS2;RAD17;MSH3;ATRIP;MRE11;ATM;RAD51C
prerank,Reactome_2022__Impaired BRCA2 Binding To RAD51 R-HSA-9709570,0.3837342779829233,1.1912307777301747,2.240000e-01,8.567010e-01,1.000000e+00,7/22,18.28%,RPA3;RFC5;RFC4;RAD17;ATRIP;MRE11;ATM
prerank,Reactome_2022__Signaling By TGFB Family Members R-HSA-9006936,0.28312423582664203,1.188641084818542,1.417166e-01,8.617065e-01,1.000000e+00,19/77,18.04%,TGFBR2;UCHL5;XPO1;HDAC1;RNF111;PPP1CB;MTMR4;LTBP4;BMPR1A;E2F4;PARP1;PPP1CC;UBC;YBX1;PPP1R15A;PPM1A;TFDP1;SMAD3;SRFBP1
prerank,Reactome_2022__RHO GTPase Cycle R-HSA-9012999,0.23754526170814505,1.1884695791770048,8.608059e-02,8.576188e-01,1.000000e+00,64/285,16.24%,SPTAN1;ARHGEF3;TAGAP;ARHGAP25;ARHGAP30;ADD3;LBR;STK10;NCKAP1L;ARHGAP45;SLC4A7;SLK;STK38;ERBIN;TMPO;TMOD3;DIAPH1;PLEKHG3;ARHGEF2;RNF20;ARHGEF6;CYFIP2;ARMCX3;FNBP1;ARL13B;AKAP13;LMAN1;GIT2;STOM;CDC42EP3;ANKRD26;CLTC;DOCK10;ARHGAP1;CCT6A;ACBD5;MYO6;STIP1;ARHGAP15;ARHGAP17;WASF2;VCP;NCK1;PRPF38B;GOLGA3;ARAP3;HMOX2;RBMX;ITSN2;DBT;LCK;PIK3CA;TAOK3;HINT2;IQGAP2;CCT2;GFOD1;RTKN;RBM15;CCT7;VAPB;WHAMM;MTR;RHOH
prerank,Reactome_2022__Activated PKN1 Stimulates Transcription Of Androgen Receptor Regulated KLK2 And KLK3 R-HSA-5625886,-0.375214534069418,-1.1882755775318663,2.327416e-01,7.798525e-01,1.000000e+00,5/22,11.44%,PKN1;H2AJ;H2AX;H3-3B;H2AZ1
prerank,Reactome_2022__ZBP1(DAI) Mediated Induction Of Type I IFNs R-HSA-1606322,-0.39526415325827857,-1.1882610258263233,2.342159e-01,7.761941e-01,1.000000e+00,5/18,13.71%,ZBP1;NFKBIB;NFKB1;IKBKB;RIPK3
prerank,Reactome_2022__RAC2 GTPase Cycle R-HSA-9013404,-0.2962000042636322,-1.186577671174943,1.987952e-01,7.783518e-01,1.000000e+00,18/58,17.21%,PKN1;ARHGDIA;CDC42;GIT1;ARHGAP21;MTX1;LAMTOR1;PREX1;PKN2;ARHGAP26;PIK3R1;PGRMC2;TRIO;VAV3;OPHN1;VANGL1;DOCK2;VRK2
prerank,Reactome_2022__Global Genome Nucleotide Excision Repair (GG-NER) R-HSA-5696399,0.287938769727448,1.1860875699727185,1.730038e-01,8.623504e-01,1.000000e+00,19/76,15.43%,COPS5;RNF111;INO80D;RPA3;COPS7A;RFC5;RAD23B;POLK;GTF2H1;DDB2;RFC4;GTF2H3;PARP1;INO80B;RUVBL1;UBC;CCNH;RBX1;GTF2H5
prerank,Reactome_2022__Transport Of RCbl Within Body R-HSA-9758890,0.589734935849399,1.1844564548573544,2.655039e-01,8.640202e-01,1.000000e+00,4/5,31.20%,LMBRD1;CD320;LDLRAP1;ABCD4
prerank,Reactome_2022__SARS-CoV-2 Targets Host Intracellular Signaling And Regulatory Pathways R-HSA-9755779,0.46210438234424156,1.1825443661336457,2.566191e-01,8.667274e-01,1.000000e+00,5/11,12.81%,YWHAZ;AKT3;YWHAH;YWHAB;YWHAQ
prerank,Reactome_2022__Glucagon Signaling In Metabolic Regulation R-HSA-163359,-0.42209992772556615,-1.1815982987659481,2.564655e-01,7.915110e-01,1.000000e+00,6/14,13.79%,GNAS;GNB1;ADCY7;PRKCA;PRKAR2A;ADCY9
prerank,Reactome_2022__Biosynthesis Of Specialized Proresolving Mediators (SPMs) R-HSA-9018678,0.5747388891758665,1.181379107564997,2.859779e-01,8.666532e-01,1.000000e+00,4/5,34.89%,HPGD;GPX4;ALOX5AP;LTA4H
prerank,Reactome_2022__GAG Synthesis Requires Tetrasaccharide Linker Sequence R-HSA-1971475,-0.5521041533121966,-1.1812668739505254,2.745491e-01,7.888404e-01,1.000000e+00,4/6,20.84%,B3GALT6;XYLT1;B3GAT3;B4GALT7
prerank,Reactome_2022__FOXO-mediated Transcription Of Cell Death Genes R-HSA-9614657,-0.39933335299722605,-1.1807441475553908,2.110874e-01,7.868998e-01,1.000000e+00,9/16,29.74%,BCL6;CREBBP;BBC3;PINK1;NFYA;DDIT3;FOXO4;FOXO3;EP300
prerank,Reactome_2022__Biological Oxidations R-HSA-211859,0.28572277347552516,1.1802745444264886,1.673004e-01,8.661851e-01,1.000000e+00,15/71,16.25%,MIA3;CNDP2;UGP2;ACSS1;MAT2B;SLC26A2;GCLM;PTGES3;CYB5B;CYB5R3;ABHD14B;AKR1A1;FDXR;MTR;ADH5
prerank,Reactome_2022__IkBA Variant Leads To EDA-ID R-HSA-5603029,-0.5186563985012633,-1.1802409474299125,2.711864e-01,7.849721e-01,1.000000e+00,2/7,11.88%,NFKB1;IKBKB
prerank,Reactome_2022__Rab Regulation Of Trafficking R-HSA-9007101,-0.2718986201201544,-1.1797821603673169,1.625709e-01,7.828765e-01,1.000000e+00,19/96,15.04%,RAB1A;RAB5C;TRAPPC10;MAP1LC3B;AKT1;ULK1;TRAPPC2L;TRAPPC6A;RAB14;RIN3;TBC1D20;YWHAE;TRAPPC5;DENND2B;HPS1;OPTN;ARF6;MADD;TBC1D10A
prerank,Reactome_2022__Killing Mechanisms R-HSA-9664420,0.5994472852621257,1.179050949215509,2.703214e-01,8.659704e-01,1.000000e+00,4/5,32.77%,JUN;MAPK8;DVL2;CYBA
prerank,Reactome_2022__CD28 Dependent PI3K/Akt Signaling R-HSA-389357,-0.3776317354754711,-1.1787236511368866,2.335456e-01,7.828771e-01,1.000000e+00,5/19,14.03%,MAP3K8;AKT1;PIK3R1;MAPKAP1;MLST8
prerank,Reactome_2022__Signaling By FGFR1 In Disease R-HSA-5655302,0.3618322115372308,1.1776859662341195,2.456480e-01,8.665589e-01,1.000000e+00,7/25,13.96%,STAT3;FGFR1OP2;PLCG1;STAT5A;CNTRL;PIK3CA;TRIM24
prerank,Reactome_2022__Cytosolic tRNA Aminoacylation R-HSA-379716,0.3670608522072994,1.1765814373102403,2.638889e-01,8.661527e-01,1.000000e+00,7/24,18.44%,DARS1;QARS1;SARS1;EPRS1;CARS1;FARSA;AARS1
prerank,Reactome_2022__MAPK1/MAPK3 Signaling R-HSA-5684996,0.25346486990771905,1.1749185740518187,1.347656e-01,8.679962e-01,1.000000e+00,45/159,21.12%,SPTAN1;PPP2R5A;FNTA;RASGRP1;RALGDS;ARAF;PRKCQ;PPP2R5D;MAP2K1;PSMD2;PPP1CB;PSMD11;VCL;DUSP16;PPP2R5C;IL5RA;PSMB2;ERBB2;APBB1IP;BCL2L1;YWHAB;RAP1B;PSMD10;RASA3;PEA15;PIK3CA;PSMD4;PPP1CC;PDE6D;UBC;ABHD17B;GOLGA7;RBX1;DLG1;RAP1A;ABHD17C;PSMD13;LYPLA1;SPNS1;PTPRA;PIK3R2;PSMA5;RGL2;CSK;PTPN11
prerank,Reactome_2022__Glutamate And Glutamine Metabolism R-HSA-8964539,0.5047756447878089,1.1737142008005568,2.690840e-01,8.680881e-01,1.000000e+00,3/8,20.81%,GLUD1;OAT;ALDH18A1
prerank,Reactome_2022__CaM Pathway R-HSA-111997,-0.4032330500614154,-1.173615620857261,2.520661e-01,7.969837e-01,1.000000e+00,7/16,14.93%,GRK2;ADCY7;PRKCA;KPNA2;PRKAR2A;ADCY9;CALM1
prerank,Reactome_2022__POLB-Dependent Long Patch Base Excision Repair R-HSA-110362,0.506319647692369,1.1735020828119005,3.021583e-01,8.643493e-01,1.000000e+00,3/8,20.08%,PARP1;PARG;LRIG1
prerank,Reactome_2022__Epigenetic Regulation Of Gene Expression R-HSA-212165,0.26822149892021663,1.173051275800654,1.738281e-01,8.615737e-01,1.000000e+00,24/97,18.10%,HDAC1;UBTF;H2BC15;SMARCA5;RBBP4;BAZ1B;TBP;SUZ12;GTF2H1;DEK;GTF2H3;H2AC6;CBX3;AEBP2;PHF19;POLR1H;KAT2A;EHMT2;MTA2;CCNH;GTF2H5;POLR1D;TAF1B;H2AC4
prerank,Reactome_2022__E2F Mediated Regulation Of DNA Replication R-HSA-113510,-0.41623745246627564,-1.1724277837432482,2.560976e-01,7.973785e-01,1.000000e+00,3/15,8.52%,PPP2CA;PPP2CB;ORC4
prerank,Reactome_2022__Sema4D Induced Cell Migration And Growth-Cone Collapse R-HSA-416572,-0.4101561557247038,-1.1717874961001173,2.489712e-01,7.958358e-01,1.000000e+00,3/14,12.82%,LIMK1;RHOC;MYL6
prerank,Reactome_2022__trans-Golgi Network Vesicle Budding R-HSA-199992,-0.30289908559912565,-1.171383493322128,1.923077e-01,7.936476e-01,1.000000e+00,13/56,18.02%,RAB5C;FTL;FTH1;IGF2R;CLTB;NECAP1;AP1S1;GAK;AP4B1;TGOLN2;CHMP2A;ARRB1;SNX9
prerank,Reactome_2022__Asparagine N-linked Glycosylation R-HSA-446203,-0.23836755691075323,-1.1707240256388662,9.494949e-02,7.923256e-01,1.000000e+00,41/221,13.94%,RAB1A;TFG;NAPG;TRAPPC10;SEC24C;ST6GALNAC6;STX5;MAGT1;MARCHF6;DCTN4;PPP6R1;DYNLL2;TRAPPC2L;TRAPPC6A;RPN2;CALR;SEC24B;CSNK1D;B4GALT4;MGAT4B;COG3;UAP1;DERL1;DYNC1LI1;DYNC1LI2;DCTN3;TBC1D20;SEC24A;TMED2;TRAPPC5;DDOST;MAN2A2;CAPZA2;UBB;MVD;SEL1L;SEC13;NUDT14;DPM1;ALG12;MGAT4A
prerank,Reactome_2022__Vasopressin Regulates Renal Water Homeostasis Via Aquaporins R-HSA-432040,-0.3879583150030988,-1.1696371109868784,2.541667e-01,7.888634e-01,1.000000e+00,6/18,8.62%,GNAS;GNB1;ADCY7;GNGT2;PRKCA;PRKAR2A
prerank,Reactome_2022__Aquaporin-mediated Transport R-HSA-445717,-0.3879583150030988,-1.1696371109868784,2.541667e-01,7.888634e-01,1.000000e+00,6/18,8.62%,GNAS;GNB1;ADCY7;GNGT2;PRKCA;PRKAR2A
prerank,Reactome_2022__Synthesis Of PE R-HSA-1483213,-0.4704975794590126,-1.1695475482388147,2.646465e-01,7.856886e-01,1.000000e+00,4/9,12.43%,PCYT2;PISD;CHKB;LPIN1
prerank,Reactome_2022__Effects Of PIP2 Hydrolysis R-HSA-114508,0.3838526246007285,1.169002765322791,2.480916e-01,8.721582e-01,1.000000e+00,3/19,4.00%,RASGRP1;PRKCQ;RASGRP2
prerank,Reactome_2022__Acyl Chain Remodelling Of PE R-HSA-1482839,0.48082703250143144,1.167675844312886,2.574627e-01,8.728469e-01,1.000000e+00,5/9,30.54%,LPCAT3;ABHD4;LPCAT4;PNPLA8;PLAAT4
prerank,Reactome_2022__B-WICH Complex Positively Regulates rRNA Expression R-HSA-5250924,0.3146134954243492,1.1674410127785255,2.066929e-01,8.692687e-01,1.000000e+00,14/45,23.11%,H2BC15;SMARCA5;BAZ1B;TBP;DEK;H2AC6;POLR1H;KAT2A;POLR1D;TAF1B;H2AC4;POLR1E;H2BC9;H2BC12
prerank,Reactome_2022__Diseases Associated With N-glycosylation Of Proteins R-HSA-3781860,0.3997090998665936,1.1673840829888422,2.575758e-01,8.651129e-01,1.000000e+00,7/17,21.58%,ALG13;CTSA;ALG6;DPAGT1;ALG3;GLB1;ALG1
prerank,Reactome_2022__SARS-CoV Infections R-HSA-9679506,0.23388662404268126,1.1673526845300075,1.320755e-01,8.609001e-01,1.000000e+00,60/259,17.51%,G3BP1;FNTA;HDAC1;ITGA4;TRIM4;NUP62;NUP50;RBBP4;DDX5;VPS33A;YWHAZ;ATP1A3;SEC23A;ISCU;ST6GAL1;PTGES3;PARP4;TOMM70;SRPK1;AKT3;PARP10;IMPDH2;CNBP;RIPK1;YWHAH;IFNAR1;YWHAB;STING1;VCP;NCK1;SIKE1;NUP37;ST3GAL1;G3BP2;S1PR1;ARID4A;RPN1;IFNAR2;KEAP1;FKBP4;YWHAQ;CSNK1A1;NUP58;MTA2;IRF3;UBC;FUT8;UVRAG;VPS16;GOLGA7;RBX1;REST;PATJ;RIGI;SNRPE;RB1;PIK3R4;NUP188;NUP85;TUBB
prerank,custom_senescence_signatures.gmt__CELLAGE_SENESCENCE_INDUCES,0.23710038815575174,1.1664560703886662,1.056604e-01,2.309894e-01,4.320000e-01,41/236,12.87%,MAPK14;USP28;PPP2R5A;ETS1;STK4;XPO1;HDAC1;STAT3;RBL2;NOLC1;SRSF1;PBRM1;PDCD10;MAP2K1;IFNG;SPOP;EGLN1;PAK2;CXCR2;CDKN1B;DDB2;STK40;ERBB2;NUAK1;STAT5A;ASF1A;FASTK;ATRX;PDIK1L;PIM1;CDKN2A;RTN4;SPIN1;SP1;ITPKB;JUNB;ITSN2;KEAP1;DUSP1;PEA15;STAT6
prerank,Reactome_2022__Citric Acid (TCA) Cycle And Respiratory Electron Transport R-HSA-1428517,-0.25047985468680084,-1.1654851561624273,1.559252e-01,7.954704e-01,1.000000e+00,46/146,24.68%,ATP5MC1;NDUFB7;CS;NDUFA1;NDUFC2;UQCR11;UQCRFS1;COQ10B;NDUFA13;COX7B;SDHB;COX19;NDUFB6;NDUFB1;NDUFA12;NDUFB8;COX5B;COX6A1;ATP5ME;SURF1;LRPPRC;UQCRQ;NDUFA10;LDHA;NDUFB11;NDUFS6;COX8A;COA1;NDUFA9;DLST;DMAC2L;NDUFS3;SDHA;IDH2;COX16;UQCRC1;NDUFB9;NDUFA5;NDUFS8;SLC16A1;IDH3G;VDAC1;COX5A;PDP2;NDUFV1;SLC25A14
prerank,Reactome_2022__Signaling By Hippo R-HSA-2028269,-0.43780207075535965,-1.1653215665925947,2.703863e-01,7.925271e-01,1.000000e+00,6/12,17.83%,STK24;CASP3;LATS1;YWHAE;LATS2;SAV1
prerank,Reactome_2022__Gastrin-CREB Signaling Pathway Via PKC And MAPK R-HSA-881907,-0.46451934661415795,-1.165150863835407,2.857143e-01,7.896140e-01,1.000000e+00,2/9,6.83%,NRAS;PRKCA
prerank,Reactome_2022__Activation Of ATR In Response To Replication Stress R-HSA-176187,0.36085918636137543,1.164601784769249,2.450980e-01,8.669722e-01,1.000000e+00,6/24,15.05%,RPA3;MCM3;RFC5;RFC4;RAD17;ATRIP
prerank,Reactome_2022__RIPK1-mediated Regulated Necrosis R-HSA-5213460,-0.3459593081470434,-1.163775982300568,2.458333e-01,7.906508e-01,1.000000e+00,8/28,16.46%,FASN;FLOT1;BIRC2;MLKL;UBB;RIPK3;BIRC3;CDC37
prerank,Reactome_2022__p75NTR Signals Via NF-kB R-HSA-193639,-0.4188489297608102,-1.1620616145502012,2.711497e-01,7.932399e-01,1.000000e+00,5/13,15.53%,NFKB1;IKBKB;UBB;IRAK1;RIPK2
prerank,Reactome_2022__Diseases Of Signal Transduction By Growth Factor Receptors And Second Messengers R-HSA-5663202,0.2299134264391284,1.1603030916233652,1.132075e-01,8.787501e-01,1.000000e+00,72/306,18.14%,TGFBR2;PPP2R5A;MAML1;PRKAR1A;HDAC1;STAT3;TRIP11;ARAF;ERBIN;PPP2R5D;GCC2;MAP2K1;PSMD2;PPP1CB;PSMD11;VCL;DUSP16;PPP2R5C;CDKN1B;HDAC8;PSMB2;STRN;ERBB2;FGFR1OP2;PLCG1;CLTC;FAM114A2;APBB1IP;MECP2;STAT5A;AKT3;PSEN1;HDAC5;BCL2L1;CNTRL;PORCN;YWHAB;VCP;PPM1B;RAP1B;SYVN1;ADAM10;SND1;PSMD10;NPM1;LCK;PIK3CA;PTEN;BIN2;CSNK1A1;KAT2A;CARS1;PSMD4;POLR2I;PPP1CC;TRIM24;HDAC6;UBC;RBX1;CREB1;AGGF1;RAP1A;ZC3HAV1;AKT1S1;PSMD13;GOLGB1;TPM4;MTOR;ERLEC1;CTNNB1;SMAD3;PIK3AP1
prerank,Reactome_2022__Termination Of Translesion DNA Synthesis R-HSA-5656169,0.3491710369736311,1.1597541060658754,2.334559e-01,8.764895e-01,1.000000e+00,7/26,14.05%,RPA3;RFC5;POLK;RFC4;USP32;REV1;UBC
prerank,"Reactome_2022__Adrenaline,noradrenaline Inhibits Insulin Secretion R-HSA-400042",-0.44533401229568575,-1.1591404611927334,2.644628e-01,7.995788e-01,1.000000e+00,2/10,6.18%,GNB1;GNGT2
prerank,Reactome_2022__RUNX1 Regulates Estrogen Receptor Mediated Transcription R-HSA-8931987,-0.5726494061068624,-1.1584862500877544,3.145833e-01,7.984382e-01,1.000000e+00,1/5,8.61%,AXIN1
prerank,Reactome_2022__Signaling By VEGF R-HSA-194138,-0.2798035865192908,-1.1578295993514522,1.977528e-01,7.971123e-01,1.000000e+00,16/67,14.93%,NCK2;PKN1;MAPKAPK2;CDC42;NRAS;AKT1;VEGFB;ARHGEF7;PRKCA;PKN2;PIK3R1;PRKCB;MAPKAP1;MLST8;VAV3;CALM1
prerank,Reactome_2022__Cellular Senescence R-HSA-2559583,0.2583586811009534,1.1578083595600182,1.825243e-01,8.795045e-01,1.000000e+00,21/124,9.01%,MAPK14;ETS1;MAP2K4;STAT3;H2BC15;H1-2;RBBP4;TNIK;JUN;H1-4;H1-3;SUZ12;ANAPC10;CDKN1B;EHMT1;ASF1A;PHC3;CDKN2A;H2AC6;CDC26;EP400
prerank,custom_senescence_signatures.gmt__CELLAGE_SENESCENCE_INHIBITS,0.22430612302048614,1.1570272957015297,9.523810e-02,1.995094e-01,4.590000e-01,92/333,22.43%,LBR;PRKDC;RBBP4;NEK9;BMI1;JUN;NBR1;BCL11B;YWHAZ;PHB2;HNRNPD;SUZ12;SOD1;ANXA5;HSPB1;CHAF1B;ME2;DUSP16;MCL1;ATG5;RAD23B;SMG1;AKTIP;IMMT;MECP2;NSUN2;AKT3;MDH1;HS2ST1;HIF1A;DEK;IRAK4;NUDT5;TRRAP;UBE3A;MDC1;RAN;BCL2L1;DGCR8;SENP7;PARP1;ZMPSTE24;YWHAB;RRM1;ZMYND11;PPM1B;SMC1A;HAUS4;NPM1;PES1;PTEN;MORF4L1;RACK1;CSNK1A1;ATP6V0A2;EHMT2;CKAP2;CYB5R3;ZNF148;HNRNPA3;FDPS;DPY30;YBX1;ILK;TSC22D1;NIPA2;RBX1;BAZ1A;PRKD2;AKT1S1;TFDP1;MTOR;ATM;YY1;EIF2AK3;DIDO1;SMARCA2;TIMELESS;PSMA5;EIF4G2;MRTFA;RAD51C;NR1H2;HOXA9;MEF2A;ATF7IP;MTDH;HELLS;GMPS;FOXP1;MAGOHB;HMGB1
prerank,Reactome_2022__O-linked Glycosylation R-HSA-5173105,-0.3189001624722842,-1.1564452921794566,2.434077e-01,7.982985e-01,1.000000e+00,6/35,10.64%,B3GNT7;GALNT10;GALNT3;B3GNT2;POMT1;ADAMTS10
prerank,Reactome_2022__Signal Amplification R-HSA-392518,-0.4138034984731504,-1.1555729777356096,2.729167e-01,7.978654e-01,1.000000e+00,4/14,6.73%,GNB1;GNA13;GNGT2;GNAQ
prerank,Reactome_2022__TNFs Bind Their Physiological Receptors R-HSA-5669034,-0.41831191571825044,-1.154701562714682,2.615694e-01,7.975837e-01,1.000000e+00,3/13,6.02%,LTA;CD70;TNFRSF9
prerank,Reactome_2022__GABA Receptor Activation R-HSA-977443,-0.40012158277780235,-1.1546508573499936,2.641129e-01,7.944248e-01,1.000000e+00,5/15,19.67%,GNB1;ADCY7;GNGT2;ADCY9;GNAI2
prerank,Reactome_2022__Late Phase Of HIV Life Cycle R-HSA-162599,-0.25295045469312316,-1.1542505830258354,1.525424e-01,7.922378e-01,1.000000e+00,33/124,17.88%,ELOA;VPS37B;TAF11;TAF10;CHMP4B;FURIN;ERCC3;NUP54;POLR2C;CHMP2B;POLR2D;RNMT;TAF15;NCBP1;NUP133;SEH1L;ELOB;POLR2G;TAF4;ELL;MNAT1;CCNT1;UBAP1;UBB;CDK7;SEC13;POLR2E;CHMP2A;CCNT2;NELFCD;VPS4A;NELFA;POM121
prerank,Reactome_2022__Interleukin-4 And Interleukin-13 Signaling R-HSA-6785807,-0.28988702150762585,-1.153424627602418,2.398287e-01,7.915364e-01,1.000000e+00,10/56,11.14%,BCL6;VIM;AKT1;TGFB1;GATA3;TIMP1;IL4R;PIK3R1;SOCS1;ITGAM
prerank,Reactome_2022__Opioid Signaling R-HSA-111885,-0.3013059975275692,-1.1532085248261117,2.288136e-01,7.889436e-01,1.000000e+00,20/50,21.90%,GRK2;PDE4D;GNB1;PPP2CA;PPP2CB;ADCY7;GNGT2;GNAQ;PRKCA;KPNA2;PRKAR2A;ADCY9;CALM1;PLCB1;PLCB2;PDE4A;GNAI2;PDE4B;ITPR3;PRKX
prerank,Reactome_2022__Intraflagellar Transport R-HSA-5620924,0.3461233336682865,1.1526572748922,2.545090e-01,8.949570e-01,1.000000e+00,8/25,22.09%,TRIP11;KIF3B;IFT57;DYNC2I1;DYNLL1;IFT27;DYNC2H1;IFT88
prerank,Reactome_2022__RHOB GTPase Cycle R-HSA-9013026,0.31595719807984246,1.1519135289834062,2.364991e-01,8.933802e-01,1.000000e+00,10/41,9.58%,ARHGEF3;STK10;SLK;ERBIN;DIAPH1;ARHGEF2;AKAP13;STOM;ARHGAP1;PRPF38B
prerank,Reactome_2022__Mitotic Prophase R-HSA-68875,-0.2662094412227489,-1.1513118416712722,2.069672e-01,7.919135e-01,1.000000e+00,19/91,13.36%,RAB1A;H2AJ;GORASP2;H2AX;PPP2CA;NUP54;PPP2CB;KMT5A;PRKCA;H3-3B;NUP133;SEH1L;MCPH1;PRKCB;RAB2A;H2AZ1;LPIN1;SEC13;PPP2R2D
prerank,Reactome_2022__Signaling By NTRKs R-HSA-166520,-0.27085131330242174,-1.151143150214526,2.025052e-01,7.892399e-01,1.000000e+00,12/77,5.24%,MAPKAPK2;NRAS;IRS2;EGR1;MAP2K2;RAPGEF1;MEF2D;PPP2CA;FURIN;JUND;PPP2CB;ID2
prerank,Reactome_2022__Transcriptional Regulation By E2F6 R-HSA-8953750,0.3504089085822213,1.1508167473597042,2.757937e-01,8.929439e-01,1.000000e+00,8/28,17.37%,RBBP4;MAX;SUZ12;EHMT1;PHC3;CBX3;EHMT2;TFDP1
prerank,"Reactome_2022__Regulation Of Glycolysis By Fructose 2,6-Bisphosphate Metabolism R-HSA-9634600",-0.4923322137676326,-1.150215794733663,3.118503e-01,7.891580e-01,1.000000e+00,4/8,6.83%,PPP2CA;PFKFB3;PPP2CB;PRKCA
prerank,Reactome_2022__Ca-dependent Events R-HSA-111996,-0.39162199544262694,-1.1501425414260436,2.765073e-01,7.862315e-01,1.000000e+00,7/17,14.93%,GRK2;ADCY7;PRKCA;KPNA2;PRKAR2A;ADCY9;CALM1
prerank,Reactome_2022__Mitochondrial Fatty Acid Beta-Oxidation Of Unsaturated Fatty Acids R-HSA-77288,0.5633968957641825,1.1492483795751045,3.277154e-01,8.947968e-01,1.000000e+00,2/5,12.05%,HADHA;ACADM
prerank,Reactome_2022__Homologous DNA Pairing And Strand Exchange R-HSA-5693579,0.34648816848578495,1.1483947354795307,2.705882e-01,8.937647e-01,1.000000e+00,8/27,20.53%,RPA3;RFC5;RFC4;RAD17;ATRIP;MRE11;ATM;RAD51C
prerank,Reactome_2022__Nuclear Pore Complex (NPC) Disassembly R-HSA-3301854,0.3282443473374732,1.1475512161824248,2.607880e-01,8.927290e-01,1.000000e+00,8/32,17.33%,NUP62;NUP50;NEK9;NEK7;NUP37;NUP58;NUP188;NUP85
prerank,Reactome_2022__Uptake And Function Of Anthrax Toxins R-HSA-5210891,-0.46911358843199846,-1.1469566174532932,2.917505e-01,7.934257e-01,1.000000e+00,4/9,6.03%,MAP2K2;FURIN;MAP2K3;MAP2K7
prerank,Reactome_2022__Ketone Body Metabolism R-HSA-74182,0.5474446699367401,1.1465614102430854,2.978723e-01,8.920592e-01,1.000000e+00,4/6,38.69%,BDH2;AACS;SOAT1;OXCT1
prerank,Reactome_2022__G Beta:Gamma Signaling Thru PI3Kgamma R-HSA-392451,-0.3963173188165445,-1.1465393202614342,2.736626e-01,7.915451e-01,1.000000e+00,3/15,6.18%,AKT1;GNB1;GNGT2
prerank,Reactome_2022__RORA Activates Gene Expression R-HSA-1368082,-0.40025371838891977,-1.145604220035957,2.860310e-01,7.912628e-01,1.000000e+00,5/15,14.71%,CREBBP;NCOA1;CARM1;SREBF1;TBL1X
prerank,Reactome_2022__Signaling By NOTCH2 R-HSA-1980145,0.3689491786451146,1.1455468177555548,2.821970e-01,8.916218e-01,1.000000e+00,6/20,15.69%,MAML1;GZMB;PSEN1;ADAM10;UBC;CREB1
prerank,Reactome_2022__SUMOylation Of Immune Response Proteins R-HSA-4755510,-0.44436620006266153,-1.1452261260763354,2.965235e-01,7.894017e-01,1.000000e+00,6/11,30.13%,TOPORS;SUMO1;IKBKE;UBE2I;NFKBIA;PIAS4
prerank,Reactome_2022__Synthesis Of PIPs At Early Endosome Membrane R-HSA-1660516,0.39848393858469455,1.1438988543456339,2.810078e-01,8.932212e-01,1.000000e+00,3/15,5.81%,MTMR4;PIKFYVE;PI4K2B
prerank,Reactome_2022__NF-kB Activation Thru FADD/RIP-1 Pathway Mediated By Caspase-8 And -10 R-HSA-933543,0.4196410837160496,1.143121413149724,2.857143e-01,8.920626e-01,1.000000e+00,6/13,27.87%,TRIM4;RIPK1;RIGI;FADD;RNF135;CASP10
prerank,Reactome_2022__Defective Homologous Recombination Repair (HRR) Due To BRCA2 Loss Of Function R-HSA-9701190,0.3508703000840418,1.1429853263082876,2.681018e-01,8.884334e-01,1.000000e+00,8/26,20.53%,RPA3;RFC5;RFC4;RAD17;ATRIP;MRE11;ATM;RAD51C
prerank,Reactome_2022__Gastrulation R-HSA-9758941,-0.476824535978447,-1.1427988510251015,3.187500e-01,7.942275e-01,1.000000e+00,2/8,4.28%,TCF7;TRIM33
prerank,Reactome_2022__Synthesis Of Ketone Bodies R-HSA-77111,0.5756658065863729,1.1422079040992417,3.025540e-01,8.872424e-01,1.000000e+00,2/5,18.19%,BDH2;AACS
prerank,Reactome_2022__Apoptotic Cleavage Of Cellular Proteins R-HSA-111465,0.3583244575213265,1.1412163836650706,2.716535e-01,8.867939e-01,1.000000e+00,4/24,3.44%,SPTAN1;FNTA;PRKCQ;ADD1
prerank,Reactome_2022__Small Interfering RNA (siRNA) Biogenesis R-HSA-426486,-0.4599214588748599,-1.141198276539274,2.666667e-01,7.963306e-01,1.000000e+00,3/9,9.50%,TSN;AGO4;AGO2
prerank,Reactome_2022__FCGR Activation R-HSA-2029481,-0.5267162666591738,-1.1411560648990062,3.264033e-01,7.933010e-01,1.000000e+00,2/6,12.45%,YES1;LYN
prerank,Reactome_2022__Ub-specific Processing Proteases R-HSA-5689880,0.24438975875800859,1.140986409633517,1.632270e-01,8.835791e-01,1.000000e+00,31/158,14.84%,USP11;USP28;H2BC15;RNF146;USP22;USP34;MAT2B;PSMD2;ADRB2;PSMD11;TOMM70;PSMB2;DDB2;USP14;RHOT1;HIF1A;SNX3;TRRAP;RIPK1;H2AC6;USP32;USP19;RUVBL1;H2AC11;PSMD10;KEAP1;PTEN;KAT2A;PSMD4;UBC;USP37
prerank,Reactome_2022__Maturation Of Protein 3A R-HSA-9683673,0.5026254782567408,1.1395654856462125,3.049505e-01,8.848499e-01,1.000000e+00,5/7,35.05%,ST6GAL1;ST3GAL1;ST3GAL2;ST3GAL3;ST6GALNAC4
prerank,Reactome_2022__Formation Of Apoptosome R-HSA-111458,0.4538785764801938,1.1391528390890857,2.980769e-01,8.824886e-01,1.000000e+00,3/10,8.93%,CYCS;APIP;CARD8
prerank,Reactome_2022__Transcriptional Regulation By RUNX1 R-HSA-8878171,-0.2449980764397066,-1.1390682041797087,1.876289e-01,7.968843e-01,1.000000e+00,33/150,16.21%,LGALS3;CBX4;ARID1B;H2AJ;CREBBP;ZFPM1;CSNK2B;H2AX;GATA3;KMT2B;PHC2;YAF2;PSMF1;PSMD6;H3-3B;PSMB6;TNRC6A;AGO4;AXIN1;PCGF5;CSNK2A2;AGO2;PSME4;PRKCB;MNAT1;H2AZ1;UBB;CDK7;KMT2E;ELF2;PSME2;PSMB3;PSMA1
prerank,Reactome_2022__eNOS Activation R-HSA-203615,-0.5222899487123811,-1.1379624855408836,3.078556e-01,7.970722e-01,1.000000e+00,2/6,14.93%,AKT1;CALM1
prerank,Reactome_2022__SARS-CoV-2-host Interactions R-HSA-9705683,0.24731356861974907,1.137325735876772,2.018519e-01,8.851000e-01,1.000000e+00,30/133,18.21%,G3BP1;TRIM4;NUP62;NUP50;VPS33A;YWHAZ;SEC23A;TOMM70;AKT3;CNBP;YWHAH;IFNAR1;YWHAB;STING1;SIKE1;NUP37;G3BP2;IFNAR2;YWHAQ;NUP58;IRF3;UVRAG;VPS16;PATJ;RIGI;SNRPE;PIK3R4;NUP188;NUP85;PALS1
prerank,Reactome_2022__Chemokine Receptors Bind Chemokines R-HSA-380108,-0.4032689293300722,-1.1364683652111351,2.865854e-01,7.986153e-01,1.000000e+00,4/15,9.06%,XCL1;XCL2;CCL5;CCL4
prerank,Reactome_2022__Aryl Hydrocarbon Receptor Signaling R-HSA-8937144,0.5755342667726546,1.136071409051349,3.184466e-01,8.859236e-01,1.000000e+00,2/5,4.12%,MIA3;PTGES3
prerank,Reactome_2022__Collagen Degradation R-HSA-1442490,-0.49889220502718945,-1.1359055872986532,3.191057e-01,7.972737e-01,1.000000e+00,2/7,6.46%,FURIN;CTSD
prerank,Reactome_2022__G Alpha (I) Signaling Events R-HSA-418594,-0.2695900516628229,-1.134686086791641,2.573222e-01,7.981517e-01,1.000000e+00,28/82,21.90%,GRK2;PDE4D;GNAS;GNB1;PPP2CA;GPR183;HEBP1;PPP2CB;ADCY7;GNGT2;GNAQ;PRKCA;KPNA2;CCL5;PRKAR2A;CCL4;RGS16;ADCY9;CALM1;PLCB1;C3AR1;PLCB2;PDE4A;CXCR3;GNAI2;PDE4B;ITPR3;PRKX
prerank,Reactome_2022__Nef Mediated CD8 Down-regulation R-HSA-182218,-0.4985512620441717,-1.1346245736832004,3.168317e-01,7.953250e-01,1.000000e+00,5/7,31.22%,ATP6V1H;AP2A1;AP2A2;AP2M1;AP2S1
prerank,Reactome_2022__Post-translational Protein Phosphorylation R-HSA-8957275,-0.310023331991156,-1.1345670733922637,2.736220e-01,7.924464e-01,1.000000e+00,15/36,22.86%,LGALS1;TIMP1;IGFBP4;QSOX1;CALU;LMNB2;MGAT4A;P4HB;TGOLN2;DNAJC3;SHISA5;ANO8;PDIA6;FUCA2;MFGE8
prerank,Reactome_2022__TRP Channels R-HSA-3295583,-0.49641765548178624,-1.132980256973959,3.098291e-01,7.945409e-01,1.000000e+00,4/7,31.88%,TRPM7;TRPM2;TRPC4AP;TRPC3
prerank,Reactome_2022__Diseases Of Programmed Cell Death R-HSA-9645723,0.2926793652297813,1.1324854764476808,2.557173e-01,8.957366e-01,1.000000e+00,24/51,34.10%,H2BC15;RBBP4;JUN;SUZ12;RIPK1;CDKN2A;H2AC6;CDC25B;PRDX2;H2AC4;CAPN1;TP53;FADD;H2BC9;H2BC12;BCL2L11;DNMT1;H2AZ2;POLA2;CDK5;H2BC11;RBBP7;PRDX1;H3C13
prerank,Reactome_2022__Signaling By WNT R-HSA-195721,-0.23233077993756024,-1.1304910895168099,1.730769e-01,7.998805e-01,1.000000e+00,51/193,19.50%,CSNK1G2;CTBP1;RUNX3;NRAS;AKT1;H2AJ;TCF7;RYK;GNB1;CREBBP;CSNK2B;H2AX;PPP2CA;CLTB;PPP2CB;CUL3;GNGT2;PSMF1;PRKCA;PSMD6;H3-3B;PSMB6;TNRC6A;AGO4;AXIN1;CSNK2A2;AGO2;TLE4;PSME4;NFATC1;PRKCB;FRAT2;H2AZ1;TLE5;UBB;PDE6G;CALM1;PLCB1;PSME2;PSMB3;CSNK1E;SMURF1;PSMA1;PDE6B;PLCB2;SOX4;PFN1;ZRANB1;AP2A1;PSMD9;VPS26A
prerank,Reactome_2022__L13a-mediated Translational Silencing Of Ceruloplasmin Expression R-HSA-156827,0.33761806003189687,1.1304853350274437,2.871287e-01,8.992518e-01,1.000000e+00,8/28,13.06%,EIF3A;EIF4B;EIF2S1;EIF3L;EIF3E;EIF4A2;EIF4G1;PABPC1
prerank,Reactome_2022__Non-integrin membrane-ECM Interactions R-HSA-3000171,-0.4283714884492167,-1.1302096210077712,2.962963e-01,7.977465e-01,1.000000e+00,4/12,13.86%,TGFB1;PRKCA;CASK;LMNB2
prerank,Reactome_2022__Generation Of Second Messenger Molecules R-HSA-202433,-0.3536760249920478,-1.129212421274915,2.958057e-01,7.981427e-01,1.000000e+00,5/24,7.02%,PKN1;HLA-DRB5;ARHGEF7;CD3D;PKN2
prerank,Reactome_2022__Regulation Of Expression Of SLITs And ROBOs R-HSA-9010553,-0.27120205485941,-1.1290207025448433,2.224532e-01,7.958062e-01,1.000000e+00,20/73,20.21%,RBM8A;MAGOH;RNPS1;PSMF1;PSMD6;NCBP1;ZSWIM8;PSMB6;ELOB;PSME4;USP33;UBB;RSL24D1;PSME2;PSMB3;PSMA1;ROBO3;ETF1;PSMD9;PSME1
prerank,Reactome_2022__RHO GTPases Activate WASPs And WAVEs R-HSA-5663213,0.34335722029490034,1.1287532869833559,2.896282e-01,9.015628e-01,1.000000e+00,6/26,11.27%,NCKAP1L;CYFIP2;ACTR3;WASF2;NCK1;ACTR2
prerank,Reactome_2022__Signaling By Nuclear Receptors R-HSA-9006931,-0.23896986724418018,-1.128508580423908,1.856287e-01,7.944925e-01,1.000000e+00,36/165,15.21%,NRAS;AKT1;H2AJ;GNB1;CREBBP;H2AX;GATA3;JUND;FASN;NCOA1;POLR2C;POLR2D;MYLIP;GNGT2;CTSD;CARM1;KPNA2;H3-3B;PMEPA1;TNRC6A;DHRS3;AGO4;AXIN1;PIK3R1;POLR2G;AGO2;H2AZ1;ARL4C;CCNT1;SMC3;SREBF1;RDH10;CHD1;TBL1X;CALM1;POLR2E
prerank,Reactome_2022__Inhibition Of DNA Recombination At Telomere R-HSA-9670095,-0.31823017132457476,-1.1280953228903545,2.665331e-01,7.927139e-01,1.000000e+00,8/36,11.44%,H2AJ;TERF1;H2AX;POLR2C;POLR2D;H3-3B;POLR2G;H2AZ1
prerank,Reactome_2022__Transcriptional Regulation Of Pluripotent Stem Cells R-HSA-452723,0.46386669690802557,1.1280623034472053,3.219697e-01,9.000091e-01,1.000000e+00,5/9,27.76%,STAT3;TSC22D1;EOMES;FOXP1;SMAD4
prerank,Reactome_2022__Mitochondrial Biogenesis R-HSA-1592230,-0.26895783227403625,-1.1280072066868918,2.329897e-01,7.899468e-01,1.000000e+00,17/73,15.99%,ATP5MC1;MTX1;CREBBP;MEF2D;PPRC1;NCOA1;PRKAG1;APOOL;HCFC1;CARM1;CRTC2;ATP5ME;PRKAG2;TBL1X;CALM1;DMAC2L;CHCHD6
prerank,Reactome_2022__Pre-NOTCH Transcription And Translation R-HSA-1912408,-0.305768388246919,-1.127995657529821,2.619543e-01,7.870459e-01,1.000000e+00,10/43,11.44%,H2AJ;CREBBP;SNW1;H2AX;NOTCH1;H3-3B;TNRC6A;AGO4;AGO2;H2AZ1
prerank,Reactome_2022__Mitotic Prometaphase R-HSA-68877,0.2441522203437731,1.1274184187784844,2.132505e-01,8.983614e-01,1.000000e+00,33/146,17.51%,CEP57;TUBA1A;PPP2R5A;XPO1;CKAP5;KIF2A;NEK9;PPP2R5D;CEP250;PPP2R5C;NEK7;NDEL1;HDAC8;BUB3;CNTRL;ZWILCH;NUP37;PAFAH1B1;PCNT;CEP290;SMC1A;HAUS1;CEP78;HAUS4;TAOK1;PPP1CC;CDK5RAP2;ZW10;SFI1;DYNLL1;PCM1;NUP85;TUBB
prerank,Reactome_2022__Selective Autophagy R-HSA-9663891,-0.28690337969490354,-1.1272044409998285,2.520000e-01,7.864233e-01,1.000000e+00,14/53,13.45%,MAP1LC3B;ULK1;DYNLL2;CSNK2B;PRKAG1;TOMM22;DYNC1LI1;DYNC1LI2;CSNK2A2;PGAM5;USP30;PRKAG2;UBB;PINK1
prerank,Reactome_2022__ISG15 Antiviral Mechanism R-HSA-1169408,0.27298716954680174,1.1268640837303487,2.245681e-01,8.963244e-01,1.000000e+00,21/68,21.04%,KPNB1;KPNA3;NUP62;NUP50;ARIH1;PLCG1;EIF4A2;NUP37;PPM1B;EIF4G1;NUP58;GNL3;IRF3;UBC;RIGI;EIF4G3;NUP188;NUP85;UBA7;EIF4G2;NUP42
prerank,Reactome_2022__Synthesis Of PA R-HSA-1483166,0.35928783393285835,1.1257775539305628,2.681018e-01,8.963151e-01,1.000000e+00,8/20,27.32%,GPAT4;AGPAT1;LPCAT1;MIGA1;GPD2;PRKCSH;LPCAT4;GPAT2
prerank,Reactome_2022__DNA Damage Bypass R-HSA-73893,0.3084442255803865,1.1256388860845,2.640449e-01,8.928591e-01,1.000000e+00,15/41,23.96%,RPA3;RFC5;POLK;RFC4;REV3L;UBE2B;USP32;VCP;REV1;UBC;RBX1;UBA7;RAD18;POLI;CUL4A
prerank,Reactome_2022__MET Activates PI3K/AKT Signaling R-HSA-8851907,-0.5174991473092098,-1.124232481699303,3.093682e-01,7.931998e-01,1.000000e+00,2/6,8.97%,RNMT;PIK3R1
prerank,Reactome_2022__Defective Intrinsic Pathway For Apoptosis R-HSA-9734009,0.3769733240963157,1.1239922442797754,2.907662e-01,8.948084e-01,1.000000e+00,7/18,24.08%,JUN;CDKN2A;CDC25B;PRDX2;CAPN1;TP53;BCL2L11
prerank,Reactome_2022__RAF-independent MAPK1/3 Activation R-HSA-112409,-0.3813999994900115,-1.1232857027400256,3.010309e-01,7.932485e-01,1.000000e+00,3/17,2.27%,DUSP12;DUSP2;MAP2K2
prerank,"Reactome_2022__Cell Death Signaling Via NRAGE, NRIF And NADE R-HSA-204998",-0.303519959301776,-1.1229251080495462,2.826552e-01,7.914511e-01,1.000000e+00,13/41,15.39%,PLEKHG2;ARHGEF7;PREX1;SOS2;GNA13;BAD;CASP3;YWHAE;APH1A;UBB;TRIO;VAV3;ARHGEF10
prerank,Reactome_2022__MyD88 Cascade Initiated On Plasma Membrane R-HSA-975871,-0.2747747704479118,-1.1221128428233478,2.372881e-01,7.911870e-01,1.000000e+00,17/72,15.89%,MAP3K8;MAPKAPK2;PPP2CA;MAP2K3;MAPK9;TNIP2;PPP2CB;MAP2K7;NFKBIB;N4BP1;NFKB1;USP18;IKBKB;UBB;IRAK1;RIPK2;DUSP6
prerank,Reactome_2022__Metabolism Of RNA R-HSA-8953854,-0.20844254196882567,-1.1212566159803463,1.444201e-01,7.910605e-01,1.000000e+00,110/548,17.05%,U2AF2;SF3B6;RBM8A;ALYREF;MAPKAPK2;CRNKL1;SRSF10;MAGOH;WDR33;RBM5;ADARB1;AKT1;DDX52;KRR1;SNRNP27;CWC25;BYSL;DCP1A;PHF5A;SNW1;CWC15;BUD31;PPP2CA;U2SURP;SYF2;APOBEC3H;NOL12;EFTUD2;TRA2B;SLU7;PTBP1;CPSF7;ERCC3;SARNP;SNRPB2;UTP3;NUP54;HNRNPH1;C1D;EXOSC10;CSNK1D;POLR2C;TRMT44;DDX39A;POLR2D;SMNDC1;RNPS1;PHAX;ISG20L2;THOC7;RNMT;PDCD11;PSMF1;URM1;PRKCA;EIF4A1;PQBP1;HSD17B10;HNRNPL;PSMD6;CNOT1;CTNNBL1;NCBP1;TFIP11;NUP133;PSMB6;SEH1L;RIOK3;POLR2G;LTV1;SRSF9;DDX1;PSME4;PABPN1;MNAT1;NUDT21;SRSF5;SNRNP25;SRSF2;SNRPC;UBB;WDR36;CDK7;CDC5L;PCBP1;ZCRB1;SEC13;CPSF6;LSM1;PAIP1;NXT1;RSL24D1;SENP3;ADAT3;POLR2E;PNO1;PSME2;TSEN54;PSMB3;CSNK1E;DDX6;PSMA1;EDC4;CPSF1;SKIC2;BUD23;GEMIN4;SRRM2;SF3A2;METTL3
prerank,Reactome_2022__RHOF GTPase Cycle R-HSA-9035034,0.34603545466349916,1.1183371019542467,2.941176e-01,9.116760e-01,1.000000e+00,5/26,6.84%,ADD3;SLC4A7;TMPO;DIAPH1;ARHGAP1
prerank,Reactome_2022__Mitotic Anaphase R-HSA-68882,0.23269268483759728,1.118335273014804,1.832669e-01,9.077632e-01,1.000000e+00,40/181,17.64%,TUBA1A;PPP2R5A;KPNB1;XPO1;CKAP5;KIF2A;NUP62;LBR;PPP2R5D;TMPO;PSMD2;PSMD11;PPP2R5C;ANAPC10;NDEL1;HDAC8;PSMB2;BUB3;RAN;CDC26;ZWILCH;VRK1;NUP37;PAFAH1B1;SMC1A;TAOK1;PSMD10;CC2D1B;NUP58;PSMD4;PPP1CC;UBC;ZW10;DYNLL1;NUP188;PSMD13;CDC16;NUP85;TUBB;TUBA1C
prerank,Reactome_2022__TP53 Regulates Transcription Of Death Receptors And Ligands R-HSA-6803211,-0.518556574407157,-1.117779857502183,3.360324e-01,7.990869e-01,1.000000e+00,1/6,3.94%,FASN
prerank,Reactome_2022__ESR-mediated Signaling R-HSA-8939211,-0.24498707079802623,-1.1171755080793095,2.199170e-01,7.981828e-01,1.000000e+00,26/132,11.95%,NRAS;AKT1;H2AJ;GNB1;CREBBP;H2AX;GATA3;JUND;NCOA1;POLR2C;POLR2D;GNGT2;CTSD;CARM1;KPNA2;H3-3B;PMEPA1;TNRC6A;AGO4;AXIN1;PIK3R1;POLR2G;AGO2;H2AZ1;CCNT1;SMC3
prerank,Reactome_2022__Platelet Calcium Homeostasis R-HSA-418360,0.39741191144365906,1.1169856042173338,3.066667e-01,9.086926e-01,1.000000e+00,3/15,5.04%,STIM1;ATP2B4;ATP2A3
prerank,Reactome_2022__Deubiquitination R-HSA-5688426,0.23014736875912065,1.1169590054866656,1.847619e-01,9.049137e-01,1.000000e+00,40/222,14.05%,USP11;TGFBR2;UCHL5;USP28;TNIP1;TRIM4;H2BC15;RNF146;USP22;USP34;MAT2B;PSMD2;ADRB2;INO80D;PSMD11;TOMM70;RAD23B;PSMB2;DDB2;STAMBP;USP14;RHOT1;HIF1A;SNX3;TRRAP;RIPK1;H2AC6;USP32;VCP;INO80B;USP19;RUVBL1;H2AC11;MBD5;PSMD10;KEAP1;PTEN;KAT2A;PSMD4;UBC
prerank,Reactome_2022__Muscle Contraction R-HSA-397014,-0.2845971331357247,-1.114809231876268,2.631579e-01,8.027958e-01,1.000000e+00,20/56,22.45%,PKN1;VIM;HIPK1;ASPH;PRKCA;PKN2;SORBS3;FXYD7;TPM3;MYL6;CALM1;ANXA6;CACNB1;GUCY1A1;HIPK2;ATP2B1;ITPR3;DMPK;ATP1B1;RANGRF
prerank,Reactome_2022__Processing Of Intronless Pre-mRNAs R-HSA-77595,-0.3680850306998607,-1.1144760210078912,2.945055e-01,8.009112e-01,1.000000e+00,7/19,16.52%,WDR33;CPSF7;NCBP1;PABPN1;NUDT21;CPSF6;CPSF1
prerank,Reactome_2022__AURKA Activation By TPX2 R-HSA-8854518,0.276684734159624,1.1142983168892926,2.641129e-01,9.072406e-01,1.000000e+00,16/62,17.51%,CEP57;TUBA1A;CKAP5;CEP250;CNTRL;PAFAH1B1;PCNT;CEP290;HAUS1;CEP78;HAUS4;CDK5RAP2;SFI1;DYNLL1;PCM1;TUBB
prerank,Reactome_2022__Loss Of Nlp From Mitotic Centrosomes R-HSA-380259,0.276684734159624,1.1142983168892926,2.641129e-01,9.072406e-01,1.000000e+00,16/62,17.51%,CEP57;TUBA1A;CKAP5;CEP250;CNTRL;PAFAH1B1;PCNT;CEP290;HAUS1;CEP78;HAUS4;CDK5RAP2;SFI1;DYNLL1;PCM1;TUBB
prerank,Reactome_2022__TRAF6 Mediated Induction Of NFkB And MAP Kinases Upon TLR7/8 Or 9 Activation R-HSA-975138,-0.2694847057379735,-1.114134257993982,2.421712e-01,7.991960e-01,1.000000e+00,17/74,15.89%,MAP3K8;MAPKAPK2;PPP2CA;MAP2K3;MAPK9;TNIP2;PPP2CB;MAP2K7;NFKBIB;N4BP1;NFKB1;USP18;IKBKB;UBB;IRAK1;RIPK2;DUSP6
prerank,Reactome_2022__Innate Immune System R-HSA-168249,0.20583694726473512,1.1140305437612221,1.295620e-01,9.044153e-01,1.000000e+00,119/637,14.40%,PPP3CB;PTPN4;SPTAN1;MAPK14;KPNB1;PRKACB;S100A8;UBE2D2;MAP2K4;ENPP4;XRCC5;RASGRP1;TRIM4;STK10;NCKAP1L;S100A9;ARHGAP45;PTPRC;PRKCQ;PRKDC;APEH;PPP2R5D;NIT2;DIAPH1;SCAMP1;MAP2K1;CAPZA1;JUN;PSMD2;RAB10;NFATC2;XRCC6;CYFIP2;MLEC;CD47;EEF1A1;CRK;RASGRP2;PSMD11;VCL;ACTR3;KCNAB2;HGSNAT;GRAP2;TOMM70;CXCR2;ATG5;PIKFYVE;CPNE3;VAT1;PSMB2;GHDC;COPB1;UNC13D;STOM;PLCG1;ICAM2;PPP3R1;DHX36;SARM1;EEF2;USP14;PRDX4;PSEN1;IRAK4;SLCO4C1;GSDMD;IMPDH2;LPCAT1;PGM1;SLC2A3;BCL2L1;GDI2;RIPK1;ATP6V0E2;CTSA;LRRC14;WASF2;STING1;VCP;NCK1;SIKE1;ITCH;RAP1B;CEP290;HMOX2;AHCYL1;ADAM10;NFATC3;ACTR2;KLRD1;CD53;SLC44A2;LYZ;TMBIM1;PTGES2;PSMD10;GYG1;HUWE1;LCK;TRAPPC1;PIK3CA;CAP1;STAT6;CTSC;ATP6V1A;EEA1;BIN2;ATP6V0A2;PSMD4;IRF3;CYB5R3;IQGAP2;HSPA8;UBC;CCT8;PKM;CCT2;CD247
prerank,Reactome_2022__DNA Damage Recognition In GG-NER R-HSA-5696394,0.3195345706189981,1.1134941006975367,2.960152e-01,9.025844e-01,1.000000e+00,16/35,26.57%,COPS5;INO80D;COPS7A;RAD23B;DDB2;PARP1;INO80B;RUVBL1;UBC;RBX1;YY1;COPS6;CUL4A;ACTL6A;UBA52;XPC
prerank,Reactome_2022__Signaling By Receptor Tyrosine Kinases R-HSA-9006934,-0.22079246227855795,-1.1130928432339693,1.797235e-01,7.995782e-01,1.000000e+00,40/276,9.17%,MXD4;ADAP1;NCK2;PKN1;MAPKAPK2;CDC42;NRAS;AKT1;TCIRG1;IRS2;GALNT3;ATP6V1H;EGR1;MAP2K2;VEGFB;RAPGEF1;ARHGEF7;SPRY2;MEF2D;STAM;PPP2CA;FURIN;PTBP1;JUND;HNRNPH1;POLR2C;PPP2CB;YES1;ID2;POLR2D;RNMT;PTPRJ;PRKCA;PKN2;MATK;NCBP1;ATP6V0C;MKNK1;PIK3R1;POLR2G
prerank,Reactome_2022__EPHA-mediated Growth Cone Collapse R-HSA-3928663,-0.43919685936961295,-1.1119466546714976,3.372549e-01,8.002864e-01,1.000000e+00,3/10,12.82%,YES1;LYN;MYL6
prerank,Reactome_2022__Syndecan Interactions R-HSA-3000170,-0.4506759765951044,-1.1118032705591656,3.206751e-01,7.978764e-01,1.000000e+00,3/9,11.30%,TGFB1;PRKCA;CASK
prerank,Reactome_2022__Signaling By ERBB2 R-HSA-1227986,-0.3079927818681909,-1.1116598552747405,2.909483e-01,7.955621e-01,1.000000e+00,8/35,12.26%,NRAS;AKT1;YES1;PRKCA;MATK;PIK3R1;CUL5;UBB
prerank,Reactome_2022__Signaling By NTRK1 (TRKA) R-HSA-187037,-0.267230193748356,-1.1109138362414392,2.642706e-01,7.950508e-01,1.000000e+00,11/70,5.24%,MAPKAPK2;NRAS;IRS2;EGR1;MAP2K2;RAPGEF1;MEF2D;PPP2CA;JUND;PPP2CB;ID2
prerank,Reactome_2022__Glucose Metabolism R-HSA-70326,0.27369771256078257,1.1106753907419022,2.647059e-01,9.091555e-01,1.000000e+00,16/68,17.33%,PRKACB;PCNX4;NUP62;NUP50;PPP2R5D;HOOK2;MDH1;PFKP;NUP37;MAP4K2;SLC25A13;GNPDA2;NUP58;PKM;NUP188;NUP85
prerank,Reactome_2022__Acyl Chain Remodeling Of CL R-HSA-1482798,0.571429862361956,1.110613941825176,3.499044e-01,9.056169e-01,1.000000e+00,2/5,8.19%,HADHA;TAFAZZIN
prerank,Reactome_2022__Visual Phototransduction R-HSA-2187338,-0.34552825104909457,-1.1105311772766895,2.887029e-01,7.935151e-01,1.000000e+00,11/25,17.22%,RNF7;GNB1;C1D;METAP2;PRKCA;LRP8;DHRS3;PDE6G;RDH10;CALM1;PDE6B
prerank,Reactome_2022__GRB2:SOS Provides Linkage To MAPK Signaling For Integrins R-HSA-354194,0.5064389134814069,1.1101895257613035,3.693182e-01,9.035048e-01,1.000000e+00,3/7,16.58%,APBB1IP;RAP1B;RAP1A
prerank,Reactome_2022__Activation Of Gene Expression By SREBF (SREBP) R-HSA-2426168,-0.30727968849564385,-1.1093456984312546,2.853982e-01,7.942097e-01,1.000000e+00,11/35,19.60%,CREBBP;FASN;NCOA1;CARM1;MVD;SREBF1;TBL1X;PMVK;IDI1;SC5D;NFYA
prerank,Reactome_2022__Regulation Of Beta-Cell Development R-HSA-186712,-0.37278245196568205,-1.1075995398641851,3.243802e-01,7.968823e-01,1.000000e+00,4/16,7.18%,AKT1;CREBBP;SNW1;NOTCH1
prerank,Reactome_2022__PI5P Regulates TP53 Acetylation R-HSA-6811555,-0.4661288151851236,-1.1075751894395154,3.416988e-01,7.942171e-01,1.000000e+00,2/8,5.28%,PIP4K2A;ING3
prerank,Reactome_2022__Adaptive Immune System R-HSA-1280218,-0.20575633303930932,-1.1074873337223754,1.576674e-01,7.918274e-01,1.000000e+00,107/504,16.49%,MAP3K8;PKN1;FBXO44;SEC24C;ZNRF2;CDC42;UBE2M;NRAS;AKT1;RNF7;UBOX5;HLA-DRB5;CD81;DCTN4;CARD11;ARHGEF7;DYNLL2;FBXW7;PPP2CA;CALR;CD79B;FBXL12;UBR1;SEC24B;ATG7;UBE2Q1;PPP2CB;YES1;CUL3;MYLIP;ANAPC11;SEC61G;MICB;CD3D;CTSD;PSMF1;PTPRJ;NFKBIB;PRKCA;PKN2;PSMD6;BTBD6;RNF19B;AP1S1;RNF130;MIB2;FBXL18;PSMB6;DYNC1LI1;CTSS;FBXO31;NPDC1;MEX3C;PIK3R1;LAIR2;CD96;ELOB;DYNC1LI2;FBXO9;UBE2G2;DCTN3;NFKB1;ARIH2;PSME4;SEC24A;NFATC1;PRKCB;RNF115;CUL5;BECN1;SOCS1;SEC61B;CAPZA2;FBXO11;UBE2S;TYROBP;IKBKB;HCST;KIR3DL2;UBB;TPP2;LYN;UBA6;FBXL5;HLA-DRB1;UBA1;ASB6;SEC13;TAPBP;DCAF1;RBBP6;MAPKAP1;MLST8;KLHL2;TRAT1;DTX3L;CALM1;KIF22;PSME2;ATG14;REL;RIPK2;PSMB3;SMURF1;PSMA1;HERC5;PDIA3
prerank,"Reactome_2022__Formation Of Ternary Complex, And Subsequently, 43S Complex R-HSA-72695",0.37040043891553603,1.1073184441641406,3.135755e-01,9.099021e-01,1.000000e+00,7/18,23.12%,EIF3A;EIF2S1;EIF3L;EIF3E;EIF3K;EIF3H;EIF2S2
prerank,Reactome_2022__Regulation Of Localization Of FOXO Transcription Factors R-HSA-9614399,0.430462076235656,1.1071452053358226,3.294798e-01,9.067543e-01,1.000000e+00,4/11,12.81%,YWHAZ;AKT3;YWHAB;YWHAQ
prerank,Reactome_2022__MAPK Family Signaling Cascades R-HSA-5683057,0.23311716752080808,1.1071093001541714,2.389210e-01,9.031376e-01,1.000000e+00,50/188,20.61%,SPTAN1;PPP2R5A;XPO1;PRKACB;FNTA;RASGRP1;RALGDS;ARAF;PRKCQ;PPP2R5D;MAP2K1;JUN;PSMD2;PPP1CB;PSMD11;HSPB1;VCL;DUSP16;PPP2R5C;IL5RA;PSMB2;CDC42EP3;ERBB2;APBB1IP;BCL2L1;YWHAB;RAP1B;PSMD10;RASA3;PEA15;PIK3CA;PSMD4;PPP1CC;PDE6D;UBC;ABHD17B;GOLGA7;RBX1;DLG1;RAP1A;ABHD17C;PSMD13;LYPLA1;SPNS1;SEPTIN7;PTPRA;PIK3R2;PSMA5;RGL2;CSK
prerank,Reactome_2022__DNA Damage/Telomere Stress Induced Senescence R-HSA-2559586,0.3071874017016174,1.1058502607131524,3.379722e-01,9.037426e-01,1.000000e+00,17/40,24.66%,H2BC15;H1-2;H1-4;H1-3;CDKN1B;ASF1A;H2AC6;EP400;MRE11;RB1;H2AC4;ATM;HMGA1;TP53;H2BC9;H2BC12;TERF2IP
prerank,Reactome_2022__AKT Phosphorylates Targets In Cytosol R-HSA-198323,-0.40009150176017994,-1.1058281039731797,3.390558e-01,7.943451e-01,1.000000e+00,3/13,8.38%,AKT1;BAD;GSK3A
prerank,Reactome_2022__Toll Like Receptor 7/8 (TLR7/8) Cascade R-HSA-168181,-0.26656503937918263,-1.1053955520204728,2.500000e-01,7.902537e-01,1.000000e+00,17/75,15.89%,MAP3K8;MAPKAPK2;PPP2CA;MAP2K3;MAPK9;TNIP2;PPP2CB;MAP2K7;NFKBIB;N4BP1;NFKB1;USP18;IKBKB;UBB;IRAK1;RIPK2;DUSP6
prerank,Reactome_2022__MyD88 Dependent Cascade Initiated On Endosome R-HSA-975155,-0.26656503937918263,-1.1053955520204728,2.500000e-01,7.902537e-01,1.000000e+00,17/75,15.89%,MAP3K8;MAPKAPK2;PPP2CA;MAP2K3;MAPK9;TNIP2;PPP2CB;MAP2K7;NFKBIB;N4BP1;NFKB1;USP18;IKBKB;UBB;IRAK1;RIPK2;DUSP6
prerank,Reactome_2022__Intra-Golgi Traffic R-HSA-6811438,0.3091629121882811,1.1043560169148492,3.031496e-01,9.054227e-01,1.000000e+00,4/35,1.22%,CYTH1;CYTH2;MAN1A1;TRIP11
prerank,Reactome_2022__Regulated Necrosis R-HSA-5218859,-0.29035135966804776,-1.1042203033568416,2.723493e-01,7.910770e-01,1.000000e+00,17/47,21.43%,CHMP4B;FASN;FLOT1;CHMP2B;BIRC2;CASP3;MLKL;UBB;CASP4;RIPK3;IL18;CHMP2A;BIRC3;CDC37;IRF1;OGT;BAK1
prerank,Reactome_2022__IRAK1 Recruits IKK Complex R-HSA-937039,-0.45547860185585287,-1.1041945629648453,3.434959e-01,7.884640e-01,1.000000e+00,5/9,33.75%,IKBKB;IRAK1;UBE2V1;UBE2N;PELI1
prerank,Reactome_2022__Polo-like Kinase Mediated Events R-HSA-156711,0.4981915429991999,1.1033818038638075,3.607477e-01,9.052486e-01,1.000000e+00,1/7,1.84%,RBBP4
prerank,Reactome_2022__Activation Of BH3-only Proteins R-HSA-114452,0.335521564077196,1.1031891586982798,3.011583e-01,9.022090e-01,1.000000e+00,13/26,24.08%,PPP3CC;YWHAZ;PPP3R1;AKT3;YWHAH;YWHAB;YWHAQ;DYNLL1;TFDP1;MAPK8;REXO2;TP53;BCL2L11
prerank,Reactome_2022__Sensory Processing Of Sound By Inner Hair Cells Of Cochlea R-HSA-9662360,0.3280532909296072,1.1026498968333331,3.072519e-01,9.005802e-01,1.000000e+00,4/27,4.09%,SPTAN1;RIPOR2;CAPZA1;ATP2B4
prerank,Reactome_2022__Early SARS-CoV-2 Infection Events R-HSA-9772572,-0.3714441394748721,-1.1020501318864324,3.326613e-01,7.923219e-01,1.000000e+00,7/17,15.47%,MAP1LC3B;CHMP4B;FURIN;CHMP2B;BECN1;ZCRB1;CHMP2A
prerank,Reactome_2022__Extension Of Telomeres R-HSA-180786,0.29997226746181044,1.1015564159418305,2.885375e-01,9.009102e-01,1.000000e+00,24/43,38.42%,RPA3;RFC5;RFC4;RUVBL1;WRAP53;GAR1;PPP6R3;SHQ1;LRIG1;DKC1;TERF2IP;BLM;NOP10;POLA2;PIF1;POLD3;STN1;CTC1;TINF2;PPP6C;ACD;CHTF18;RUVBL2;CDK2
prerank,Reactome_2022__HCMV Early Events R-HSA-9609690,0.2658799683592469,1.1012734965257316,2.661597e-01,8.982706e-01,1.000000e+00,17/75,18.10%,NUP62;H2BC15;NUP50;RBBP4;SUZ12;DUT;DAXX;H2AC6;RRM1;NUP37;H2AC11;NUP58;CREB1;DYNLL1;NUP188;NUP85;H2AC4
prerank,Reactome_2022__SARS-CoV-2 Infection R-HSA-9694516,0.22741653186210906,1.0997500685266193,2.237094e-01,9.001924e-01,1.000000e+00,43/193,17.33%,G3BP1;TRIM4;NUP62;NUP50;DDX5;VPS33A;YWHAZ;SEC23A;ISCU;ST6GAL1;PARP4;TOMM70;SRPK1;AKT3;PARP10;CNBP;YWHAH;IFNAR1;YWHAB;STING1;VCP;SIKE1;NUP37;ST3GAL1;G3BP2;RPN1;IFNAR2;YWHAQ;CSNK1A1;NUP58;IRF3;UBC;FUT8;UVRAG;VPS16;GOLGA7;PATJ;RIGI;SNRPE;RB1;PIK3R4;NUP188;NUP85
prerank,Reactome_2022__RHO GTPases Activate PKNs R-HSA-5625740,-0.2954523505063996,-1.099294874539366,3.188976e-01,7.982162e-01,1.000000e+00,9/42,12.82%,PKN1;H2AJ;H2AX;RHOC;PKN2;H3-3B;YWHAE;H2AZ1;MYL6
prerank,Reactome_2022__Mitotic Metaphase And Anaphase R-HSA-2555396,0.22815820424062383,1.0973735399177462,2.202381e-01,9.051831e-01,1.000000e+00,40/182,17.64%,TUBA1A;PPP2R5A;KPNB1;XPO1;CKAP5;KIF2A;NUP62;LBR;PPP2R5D;TMPO;PSMD2;PSMD11;PPP2R5C;ANAPC10;NDEL1;HDAC8;PSMB2;BUB3;RAN;CDC26;ZWILCH;VRK1;NUP37;PAFAH1B1;SMC1A;TAOK1;PSMD10;CC2D1B;NUP58;PSMD4;PPP1CC;UBC;ZW10;DYNLL1;NUP188;PSMD13;CDC16;NUP85;TUBB;TUBA1C
prerank,Reactome_2022__CREB1 Phosphorylation Thru Activation Of Adenylate Cyclase R-HSA-442720,0.4723352348216179,1.097289456134608,3.718690e-01,9.018911e-01,1.000000e+00,2/8,0.59%,PRKACB;PRKAR1A
prerank,Reactome_2022__EPH-ephrin Mediated Repulsion Of Cells R-HSA-3928665,-0.3501231894360648,-1.0972522781954859,3.484252e-01,8.019439e-01,1.000000e+00,8/21,21.72%,CLTB;YES1;EPHA4;APH1A;LYN;VAV3;AP2A1;AP2A2
prerank,Reactome_2022__APC Truncation Mutants Have Impaired AXIN Binding R-HSA-5467337,0.42599207899099556,1.0968945638161303,3.403846e-01,8.997037e-01,1.000000e+00,3/12,4.68%,PPP2R5A;PPP2R5D;PPP2R5C
prerank,Reactome_2022__TRAIL Signaling R-HSA-75158,0.5449557364595453,1.0963391859300586,3.755020e-01,8.980595e-01,1.000000e+00,2/5,27.87%,FADD;CASP10
prerank,Reactome_2022__Regulation Of IGF Transport And Uptake By IGFBPs R-HSA-381426,-0.2973187638272648,-1.0963201370381424,3.240000e-01,8.022084e-01,1.000000e+00,15/38,22.86%,LGALS1;TIMP1;IGFBP4;QSOX1;CALU;LMNB2;MGAT4A;P4HB;TGOLN2;DNAJC3;SHISA5;ANO8;PDIA6;FUCA2;MFGE8
prerank,Reactome_2022__Phase I - Functionalization Of Compounds R-HSA-211945,0.3376949241871692,1.0956508676830676,3.384615e-01,8.970760e-01,1.000000e+00,7/28,16.25%,MIA3;ACSS1;PTGES3;CYB5B;CYB5R3;FDXR;ADH5
prerank,Reactome_2022__RNA Polymerase I Promoter Escape R-HSA-73772,0.2933841284725579,1.0956295563714373,2.884990e-01,8.936741e-01,1.000000e+00,16/46,23.11%,UBTF;H2BC15;TBP;GTF2H1;GTF2H3;H2AC6;CBX3;POLR1H;CCNH;GTF2H5;POLR1D;TAF1B;H2AC4;POLR1E;H2BC9;H2BC12
prerank,Reactome_2022__Constitutive Signaling By EGFRvIII R-HSA-5637810,-0.3976310604458684,-1.094970868419058,3.137255e-01,8.037744e-01,1.000000e+00,6/12,27.95%,NRAS;PIK3R1;CDC37;SHC1;GRB2;HRAS
prerank,Reactome_2022__Interconversion Of Nucleotide Di- And Triphosphates R-HSA-499943,0.33931093089156444,1.0942819175178695,3.289963e-01,8.949187e-01,1.000000e+00,11/22,29.79%,DUT;RRM1;AK5;AK6;CMPK1;DCTD;TXNRD1;AK9;NME4;GLRX;DCTPP1
prerank,Reactome_2022__Glucagon-like Peptide-1 (GLP1) Regulates Insulin Secretion R-HSA-381676,-0.3503332205288394,-1.0939016187942638,3.145336e-01,8.044133e-01,1.000000e+00,5/20,8.62%,GNAS;GNB1;GNGT2;PRKCA;PRKAR2A
prerank,Reactome_2022__VEGFA-VEGFR2 Pathway R-HSA-4420097,-0.26604304473825413,-1.093646619679687,2.926267e-01,8.025575e-01,1.000000e+00,15/65,14.93%,NCK2;PKN1;MAPKAPK2;CDC42;NRAS;AKT1;ARHGEF7;PRKCA;PKN2;PIK3R1;PRKCB;MAPKAP1;MLST8;VAV3;CALM1
prerank,Reactome_2022__ADP Signaling Thru P2Y Purinoceptor 12 R-HSA-392170,-0.42375646055775645,-1.0921871120592601,3.381743e-01,8.044022e-01,1.000000e+00,2/10,6.18%,GNB1;GNGT2
prerank,Reactome_2022__Acyl Chain Remodelling Of PS R-HSA-1482801,0.5183625384524002,1.0921141833135106,3.816047e-01,8.992451e-01,1.000000e+00,4/6,44.18%,LPCAT3;LPCAT4;OSBPL8;OSBPL5
prerank,Reactome_2022__Signaling By High-Kinase Activity BRAF Mutants R-HSA-6802948,0.3423127992996812,1.0913485433343226,3.339658e-01,8.986271e-01,1.000000e+00,6/22,10.22%,ARAF;MAP2K1;VCL;APBB1IP;YWHAB;RAP1B
prerank,Reactome_2022__Endosomal Sorting Complex Required For Transport (ESCRT) R-HSA-917729,-0.3298074236436316,-1.0911449169432388,3.279352e-01,8.049977e-01,1.000000e+00,9/25,19.42%,VPS37B;STAM;CHMP4B;CHMP2B;UBAP1;UBB;CHMP2A;VPS4A;SNF8
prerank,Reactome_2022__COPI-mediated Anterograde Transport R-HSA-6807878,-0.2653383139016906,-1.090939290136972,2.658730e-01,8.029172e-01,1.000000e+00,11/66,11.20%,RAB1A;NAPG;STX5;DCTN4;DYNLL2;COG3;DYNC1LI1;DYNC1LI2;DCTN3;TMED2;CAPZA2
prerank,Reactome_2022__Transcriptional Activation Of Mitochondrial Biogenesis R-HSA-2151201,-0.2962928658785243,-1.090764431287333,2.958963e-01,8.008921e-01,1.000000e+00,7/40,7.51%,CREBBP;MEF2D;PPRC1;NCOA1;HCFC1;CARM1;CRTC2
prerank,Reactome_2022__Repression Of WNT Target Genes R-HSA-4641265,-0.41758363638135093,-1.090357220917433,3.370044e-01,7.994805e-01,1.000000e+00,4/11,11.51%,CTBP1;TCF7;TLE4;TLE5
prerank,Reactome_2022__ADORA2B Mediated Anti-Inflammatory Cytokine Production R-HSA-9660821,-0.3111485379165194,-1.0900174506195928,3.340292e-01,7.978706e-01,1.000000e+00,9/32,13.79%,GNAS;GNB1;VIPR2;ADCY7;GNGT2;PRKCA;PRKAR2A;PTRH2;ADCY9
prerank,Reactome_2022__Defects In Vitamin And Cofactor Metabolism R-HSA-3296482,0.38955350652818005,1.08951309045276,3.576779e-01,9.016815e-01,1.000000e+00,11/14,41.59%,MTR;MMUT;LMBRD1;CD320;MMADHC;ACACA;ABCD4;MMAB;HLCS;MCCC2;PCCB
prerank,Reactome_2022__Regulation Of PLK1 Activity At G2/M Transition R-HSA-2565942,0.26179183026441194,1.0886930338972347,2.983871e-01,9.011194e-01,1.000000e+00,18/75,17.51%,CEP57;TUBA1A;CKAP5;CEP250;PPP1CB;CNTRL;PAFAH1B1;PCNT;CEP290;HAUS1;CEP78;HAUS4;UBC;CDK5RAP2;SFI1;DYNLL1;PCM1;TUBB
prerank,Reactome_2022__Elastic Fibre Formation R-HSA-1566948,-0.4473891784609069,-1.0884793682168241,3.414141e-01,7.999152e-01,1.000000e+00,2/9,3.40%,FURIN;TGFB1
prerank,Reactome_2022__Cargo Concentration In ER R-HSA-5694530,0.3482676123406134,1.0875158051074931,3.264925e-01,9.019368e-01,1.000000e+00,5/21,5.08%,MIA3;PREB;SEC23A;CNIH1;LMAN1
prerank,Reactome_2022__Cell Cycle Checkpoints R-HSA-69620,0.225708554353855,1.0857665104978091,2.591876e-01,9.046124e-01,1.000000e+00,42/197,17.33%,PPP2R5A;XPO1;CKAP5;KIF2A;H2BC15;PPP2R5D;PSMD2;YWHAZ;PSMD11;RPA3;PPP2R5C;ANAPC10;MCM3;NDEL1;RFC5;CDKN1B;PSMB2;RFC4;HERC2;BUB3;MDC1;YWHAH;CDKN2A;CDC26;ZWILCH;YWHAB;NUP37;PAFAH1B1;TAOK1;PSMD10;YWHAQ;RAD17;PSMD4;PPP1CC;UBC;ATRIP;ZW10;MRE11;DYNLL1;PSMD13;CDC16;NUP85
prerank,Reactome_2022__RNA Polymerase III Chain Elongation R-HSA-73780,-0.37286990329823316,-1.0855892936484073,3.291405e-01,8.063524e-01,1.000000e+00,5/16,19.47%,CRCP;POLR3F;POLR3C;POLR2E;POLR3H
prerank,Reactome_2022__PKA Activation In Glucagon Signaling R-HSA-164378,-0.4520278758552388,-1.0847663627141195,3.467742e-01,8.063904e-01,1.000000e+00,5/8,13.79%,GNAS;ADCY7;PRKCA;PRKAR2A;ADCY9
prerank,Reactome_2022__Antiviral Mechanism By IFN-stimulated Genes R-HSA-1169410,0.25697780410277166,1.0843143614912758,2.765957e-01,9.063041e-01,1.000000e+00,22/76,21.04%,KPNB1;KPNA3;NUP62;NUP50;ARIH1;PLCG1;EIF4A2;NUP37;PPM1B;EIF4G1;NUP58;GNL3;IRF3;UBC;ABCE1;RIGI;EIF4G3;NUP188;NUP85;UBA7;EIF4G2;NUP42
prerank,Reactome_2022__Beta Oxidation Of octanoyl-CoA To hexanoyl-CoA R-HSA-77348,0.5440620710775027,1.084230944494918,4.022989e-01,9.031923e-01,1.000000e+00,3/5,12.05%,HADHA;HADH;ACADM
prerank,Reactome_2022__HDR Thru Single Strand Annealing (SSA) R-HSA-5685938,0.33803411595602595,1.0839386880396413,3.473054e-01,9.009241e-01,1.000000e+00,8/25,18.28%,RPA3;RFC5;RFC4;RAD52;RAD17;ATRIP;MRE11;ATM
prerank,Reactome_2022__Impaired BRCA2 Binding To PALB2 R-HSA-9709603,0.39650678374650883,1.0836742273913662,3.627451e-01,8.984431e-01,1.000000e+00,7/13,33.93%,MRE11;ATM;RAD51C;BLM;RAD50;BARD1;KAT5
prerank,Reactome_2022__VEGFR2 Mediated Cell Proliferation R-HSA-5218921,-0.37538856400650383,-1.083535814420116,3.406593e-01,8.077018e-01,1.000000e+00,8/15,29.81%,NRAS;PRKCA;PRKCB;CALM1;ITPR3;SPHK1;HRAS;SYNGAP1
prerank,Reactome_2022__Methionine Salvage Pathway R-HSA-1237112,0.5417877988858532,1.0832678712432964,3.781190e-01,8.964934e-01,1.000000e+00,1/5,4.51%,APIP
prerank,Reactome_2022__WNT5A-dependent Internalization Of FZD4 R-HSA-5099900,-0.41139899596863067,-1.0832103454480713,3.284211e-01,8.060743e-01,1.000000e+00,7/12,26.18%,CLTB;PRKCA;PRKCB;AP2A1;AP2A2;ARRB2;AP2M1
prerank,Reactome_2022__Leading Strand Synthesis R-HSA-69109,0.4130664741970693,1.0829799184584021,3.293886e-01,8.942368e-01,1.000000e+00,2/12,6.23%,RFC5;RFC4
prerank,Reactome_2022__Formation Of RNA Pol II Elongation Complex R-HSA-112382,-0.27128498646494686,-1.082564592765266,3.145161e-01,8.055055e-01,1.000000e+00,17/57,19.11%,ELOA;ERCC3;POLR2C;POLR2D;NCBP1;ELOB;POLR2G;ELL;MNAT1;CCNT1;CDK7;POLR2E;CCNT2;NELFCD;NELFA;RTF1;POLR2J
prerank,Reactome_2022__Mismatch Repair R-HSA-5358508,0.39546714463092947,1.0824577106102793,3.613767e-01,8.926815e-01,1.000000e+00,8/14,36.80%,RPA3;PMS2;MSH3;LRIG1;MSH2;POLD3;MSH6;MLH1
prerank,Reactome_2022__Ribosomal Scanning And Start Codon Recognition R-HSA-72702,0.33202534218232754,1.0819632344578456,3.339921e-01,8.910210e-01,1.000000e+00,7/25,12.17%,EIF3A;EIF4B;EIF2S1;EIF3L;EIF3E;EIF4A2;EIF4G1
prerank,Reactome_2022__Glycerophospholipid Biosynthesis R-HSA-1483206,0.2640666169511039,1.0810535104702135,2.982792e-01,8.909983e-01,1.000000e+00,21/72,20.76%,PNPLA2;GPAT4;ABHD3;CPNE3;HADHA;CDIPT;AGPAT1;LPCAT1;TAFAZZIN;CEPT1;LPCAT3;MIGA1;SLC44A2;SELENOI;CRLS1;LPIN2;ABHD4;GPD2;SH2D3C;PRKCSH;PITPNM1
prerank,Reactome_2022__Cytoprotection By HMOX1 R-HSA-9707564,-0.27902551623584304,-1.0806098625025091,3.184713e-01,8.089007e-01,1.000000e+00,15/48,20.00%,CREBBP;NCOA1;CARM1;COX7B;COX19;COX5B;COX6A1;SURF1;LRPPRC;TBL1X;COX8A;MAFK;NFE2L2;COX16;HM13
prerank,Reactome_2022__RHO GTPase Effectors R-HSA-195258,0.2244655887484311,1.0804127295898411,2.509506e-01,8.899481e-01,1.000000e+00,33/184,13.79%,MAPK14;PPP2R5A;XPO1;S100A8;CKAP5;KIF2A;H2BC15;NCKAP1L;S100A9;PPP2R5D;DIAPH1;YWHAZ;PPP1CB;CYFIP2;ACTR3;PPP2R5C;NDEL1;CDKN1B;BUB3;YWHAH;H2AC6;ZWILCH;WASF2;YWHAB;NCK1;NUP37;PAFAH1B1;ACTR2;TAOK1;LIN7B;YWHAQ;PPP1CC;IQGAP2
prerank,Reactome_2022__Regulation Of Cholesterol Biosynthesis By SREBP (SREBF) R-HSA-1655829,-0.2789238812366884,-1.0783208574798795,3.047210e-01,8.133734e-01,1.000000e+00,15/48,19.60%,SEC24C;CREBBP;FASN;SEC24B;NCOA1;CARM1;SEC24A;MVD;SREBF1;INSIG1;TBL1X;PMVK;IDI1;SC5D;NFYA
prerank,Reactome_2022__COPI-independent Golgi-to-ER Retrograde Traffic R-HSA-6811436,-0.31184287509802555,-1.0780810019863807,3.270440e-01,8.114965e-01,1.000000e+00,9/31,20.63%,DCTN4;DYNLL2;DYNC1LI1;DYNC1LI2;DCTN3;CAPZA2;GALNT1;PLA2G6;RAB18
prerank,Reactome_2022__FGFR2 Alternative Splicing R-HSA-6803529,-0.33278032023685794,-1.0780407477615463,3.244898e-01,8.090585e-01,1.000000e+00,6/23,9.17%,PTBP1;HNRNPH1;POLR2C;POLR2D;NCBP1;POLR2G
prerank,Reactome_2022__Resolution Of Abasic Sites (AP Sites) R-HSA-73933,0.30533086819888744,1.0779613496343539,3.462963e-01,8.949953e-01,1.000000e+00,5/34,12.16%,RPA3;RFC5;RFC4;PARP1;PARG
prerank,Reactome_2022__Interferon Signaling R-HSA-913531,0.22999720695538142,1.0775933694113011,2.471042e-01,8.930294e-01,1.000000e+00,33/152,17.33%,KPNB1;KPNA3;NUP62;GBP5;NUP50;TRIM22;IRF2;BCL11B;IFNG;ISG20;TRIM35;ARIH1;PLCG1;GBP4;PTPN1;IFNAR1;EIF4A2;IFIT5;NUP37;PPM1B;TRIM38;EIF4G1;IFNAR2;NUP58;GNL3;IRF3;UBC;ABCE1;SP100;RIGI;EIF4G3;NUP188;NUP85
prerank,Reactome_2022__Regulation Of Insulin Secretion R-HSA-422356,-0.3068514526305485,-1.077415986552889,3.459916e-01,8.083858e-01,1.000000e+00,13/32,22.16%,GNAS;GNB1;SLC2A1;GNGT2;GNAQ;PRKCA;PRKAR2A;PLCB1;PLCB2;GNAI2;ITPR3;STX1A;ACSL3
prerank,Reactome_2022__Arachidonic Acid Metabolism R-HSA-2142753,0.3633020886917234,1.0772889635799865,3.479053e-01,8.908890e-01,1.000000e+00,8/17,27.21%,PTGES3;PTGDS;HPGD;PTGES2;AKR1C3;GPX4;ALOX5AP;PTGS1
prerank,Reactome_2022__Class I MHC Mediated Antigen Processing And Presentation R-HSA-983169,-0.2117367025167961,-1.0771804416293742,2.613391e-01,8.066652e-01,1.000000e+00,61/287,16.49%,FBXO44;SEC24C;ZNRF2;UBE2M;RNF7;UBOX5;FBXW7;CALR;FBXL12;UBR1;SEC24B;ATG7;UBE2Q1;CUL3;MYLIP;ANAPC11;SEC61G;PSMF1;PSMD6;BTBD6;RNF19B;RNF130;MIB2;FBXL18;PSMB6;CTSS;FBXO31;MEX3C;ELOB;FBXO9;UBE2G2;ARIH2;PSME4;SEC24A;RNF115;CUL5;BECN1;SOCS1;SEC61B;FBXO11;UBE2S;IKBKB;UBB;TPP2;UBA6;FBXL5;UBA1;ASB6;SEC13;TAPBP;DCAF1;RBBP6;KLHL2;DTX3L;PSME2;ATG14;PSMB3;SMURF1;PSMA1;HERC5;PDIA3
prerank,Reactome_2022__Signaling By ERBB2 TMD/JMD Mutants R-HSA-9665686,0.42044754252298167,1.0760728029838549,3.783784e-01,8.917964e-01,1.000000e+00,3/11,6.44%,ERBIN;ERBB2;PLCG1
prerank,Reactome_2022__Interleukin-37 Signaling R-HSA-9008059,0.3747900365488048,1.075768245748409,3.682171e-01,8.896022e-01,1.000000e+00,6/16,21.12%,PTPN4;STAT3;PTPN23;SIGIRR;SMAD3;PTPN11
prerank,Reactome_2022__Phase II - Conjugation Of Compounds R-HSA-156580,0.2914126492075917,1.0757534794313923,3.466934e-01,8.865142e-01,1.000000e+00,5/40,3.18%,CNDP2;UGP2;MAT2B;SLC26A2;GCLM
prerank,Reactome_2022__Activated NTRK2 Signals Thru FRS2 And FRS3 R-HSA-9028731,-0.4939546709920361,-1.0734747608355173,3.771186e-01,8.080042e-01,1.000000e+00,1/6,1.40%,NRAS
prerank,Reactome_2022__FRS-mediated FGFR3 Signaling R-HSA-5654706,-0.4939546709920361,-1.0734747608355173,3.771186e-01,8.080042e-01,1.000000e+00,1/6,1.40%,NRAS
prerank,Reactome_2022__FRS-mediated FGFR4 Signaling R-HSA-5654712,-0.4939546709920361,-1.0734747608355173,3.771186e-01,8.080042e-01,1.000000e+00,1/6,1.40%,NRAS
prerank,Reactome_2022__FRS-mediated FGFR2 Signaling R-HSA-5654700,-0.4939546709920361,-1.0734747608355173,3.771186e-01,8.080042e-01,1.000000e+00,1/6,1.40%,NRAS
prerank,Reactome_2022__Loss Of Function Of TGFBR1 In Cancer R-HSA-3656534,0.49608513533430243,1.0718824944315823,3.771760e-01,8.961927e-01,1.000000e+00,1/6,0.11%,TGFBR2
prerank,Reactome_2022__Disassembly Of Destruction Complex And Recruitment Of AXIN To Membrane R-HSA-4641262,-0.3499894336715139,-1.0717881246116632,3.577236e-01,8.107988e-01,1.000000e+00,5/19,10.92%,CSNK1G2;PPP2CA;PPP2CB;AXIN1;FRAT2
prerank,Reactome_2022__Influenza Infection R-HSA-168255,0.2588108942764521,1.0704020157771479,3.154876e-01,8.982097e-01,1.000000e+00,14/73,13.54%,KPNB1;XPO1;KPNA3;NUP62;NUP50;PBRM1;CLTC;RAN;PARP1;NUP37;IPO5;NUP58;GNL3;POLR2I
prerank,Reactome_2022__Metabolism Of Porphyrins R-HSA-189445,0.36988455597464953,1.0699104878384367,3.810445e-01,8.966993e-01,1.000000e+00,6/16,28.01%,HMOX2;UROD;ALAS1;COX10;ALAD;FECH
prerank,Reactome_2022__Antimicrobial Peptides R-HSA-6803157,0.39701092756597534,1.0697685149722262,3.766234e-01,8.941059e-01,1.000000e+00,2/13,1.26%,S100A8;S100A9
prerank,Reactome_2022__Oxidative Stress Induced Senescence R-HSA-2559580,-0.26647447969707005,-1.0686085862025863,3.326446e-01,8.183310e-01,1.000000e+00,15/71,12.26%,MAPKAPK2;CBX4;H2AJ;H2AX;MAP2K3;MAPK9;CDKN2D;PHC2;MAP2K7;H3-3B;TNRC6A;AGO4;H2AZ1;MDM4;UBB
prerank,Reactome_2022__ROS And RNS Production In Phagocytes R-HSA-1222556,-0.35215019695659866,-1.0682732227071026,3.878924e-01,8.169263e-01,1.000000e+00,5/18,14.23%,TCIRG1;ATP6V1H;ATP6V0C;HVCN1;ATP6V1G1
prerank,Reactome_2022__Cyclin A:Cdk2-associated Events At S Phase Entry R-HSA-69656,0.26291733989584165,1.0678839027356142,3.460076e-01,8.973428e-01,1.000000e+00,17/72,17.37%,RBL2;RBBP4;PSMD2;MAX;PSMD11;CDKN1B;PSMB2;AKT3;E2F4;CDC25B;PSMD10;PSMD4;UBC;CCNH;RB1;PSMD13;TFDP1
prerank,Reactome_2022__FRS-mediated FGFR1 Signaling R-HSA-5654693,-0.46626666731926486,-1.0673699921541797,3.709328e-01,8.172127e-01,1.000000e+00,4/7,27.95%,NRAS;FGFR1;GRB2;HRAS
prerank,Reactome_2022__NCAM Signaling For Neurite Out-Growth R-HSA-375165,0.355751969653954,1.0673173392638278,3.632812e-01,8.961610e-01,1.000000e+00,2/18,0.53%,SPTAN1;ST8SIA4
prerank,"Reactome_2022__Cell Cycle, Mitotic R-HSA-69278",0.2042556833330527,1.0671992266609642,2.774566e-01,8.934209e-01,1.000000e+00,80/400,17.64%,CEP57;TUBA1A;PPP2R5A;KPNB1;XPO1;HDAC1;CKAP5;KIF2A;NUP62;H2BC15;LBR;RBL2;NUP50;RBBP4;NEK9;PPP2R5D;TMPO;CEP250;PSMD2;MAX;PPP1CB;PSMD11;RPA3;PPP2R5C;ANAPC10;MCM3;NEK7;NDEL1;RFC5;CDKN1B;HDAC8;PSMB2;RFC4;USO1;AKT3;E2F4;BUB3;RAN;CDKN2A;H2AC6;CDC26;CNTRL;ZWILCH;CDC25B;VRK1;NUP37;PAFAH1B1;PCNT;PHLDA1;CEP290;SMC1A;HAUS1;CEP78;HAUS4;TAOK1;PSMD10;BLZF1;CC2D1B;NUP58;PSMD4;PPP1CC;UBC;CCNH;NIPBL;CDK5RAP2;ZW10;RBX1;SFI1;DYNLL1;PCM1;LPIN2;LCMT1;RB1;NUP188;PSMD13;CDC16;NUP85;TFDP1;TUBB;TUBA1C
prerank,Reactome_2022__Complement Cascade R-HSA-166658,-0.38254622033115926,-1.0670905442031078,3.623762e-01,8.156225e-01,1.000000e+00,2/13,2.09%,CD81;GZMM
prerank,Reactome_2022__PP2A-mediated Dephosphorylation Of Key Metabolic Factors R-HSA-163767,-0.521676733270736,-1.0670847986511554,3.705179e-01,8.131671e-01,1.000000e+00,2/5,5.22%,PPP2CA;PPP2CB
prerank,Reactome_2022__Degradation Of Cysteine And Homocysteine R-HSA-1614558,-0.4739384758408669,-1.0666524363736531,3.934426e-01,8.119946e-01,1.000000e+00,1/7,2.86%,MPST
prerank,Reactome_2022__Activation Of Kainate Receptors Upon Glutamate Binding R-HSA-451326,-0.37402238036246294,-1.0651021189869625,3.627639e-01,8.141021e-01,1.000000e+00,5/15,17.46%,GNB1;GNGT2;CALM1;PLCB1;PLCB2
prerank,Reactome_2022__Factors Involved In Megakaryocyte Development And Platelet Production R-HSA-983231,0.25855516708718573,1.0649613451416975,3.320611e-01,8.979903e-01,1.000000e+00,10/71,6.93%,PRKACB;PRKAR1A;HDAC1;KIF2A;IRF2;CAPZA1;EHD1;KIF3B;DOCK10;KIF21A
prerank,Reactome_2022__Triglyceride Catabolism R-HSA-163560,0.4424874523436073,1.0642196374985236,3.870968e-01,8.974155e-01,1.000000e+00,4/9,19.12%,PRKACB;PPP1CB;PPP1CC;GPD2
prerank,Reactome_2022__Ion Homeostasis R-HSA-5578775,0.32945855922014666,1.0642124672976665,3.718690e-01,8.943969e-01,1.000000e+00,5/23,10.84%,STIM1;ATP1A3;ATP2B4;ATP2A3;AHCYL1
prerank,Reactome_2022__G Alpha (Q) Signaling Events R-HSA-416476,-0.2573128266463545,-1.0640642567773386,3.480084e-01,8.149109e-01,1.000000e+00,15/72,15.53%,XCL1;NRAS;GRK2;DGKQ;GNB1;GNGT2;GNAQ;XCL2;PRKCA;PIK3R1;RGS16;TRIO;LTB4R;PLCB1;RIPK2
prerank,Reactome_2022__Activation Of Caspases Thru Apoptosome-Mediated Cleavage R-HSA-111459,0.4910008600596393,1.0639233017347138,3.972332e-01,8.922708e-01,1.000000e+00,1/6,1.19%,CYCS
prerank,Reactome_2022__Diseases Of Carbohydrate Metabolism R-HSA-5663084,0.33994213535099804,1.0638901384295383,3.555133e-01,8.893381e-01,1.000000e+00,10/21,29.11%,HGSNAT;GYG1;UBC;GLB1;GAA;RPIA;UBA52;GNS;GYS1;ARSB
prerank,Reactome_2022__Cooperation Of PDCL (PhLP1) And TRiC/CCT In G-protein Beta Folding R-HSA-6814122,0.34981305178967426,1.0638146146054592,3.737575e-01,8.865399e-01,1.000000e+00,8/20,15.20%,TCP1;CCT3;CCT6A;GNG10;CCT4;CCT8;CCT2;CCT7
prerank,custom_senescence_signatures.gmt__GSE9650_EFFECTOR_VS_EXHAUSTED_CD8_TCELL_DN,-0.2471605656537356,-1.06343162915882,3.348115e-01,3.104173e-01,6.700611e-01,25/96,19.51%,TERF1;HAPSTR1;KANSL2;DDIT4;POLR2C;P2RX4;DPP7;NDUFA13;TNFRSF9;CARM1;PTPRJ;METAP2;SSBP2;RGS16;TAPBP;CD244;RFLNB;GTF3C4;DUSP6;SCAND1;IGF1R;POU2F1;ZRANB1;HTRA2;PER2
prerank,Reactome_2022__GPCR Ligand Binding R-HSA-500792,-0.2633157746895522,-1.0624964097547378,3.173278e-01,8.173959e-01,1.000000e+00,15/67,16.83%,XCL1;GNAS;GNB1;VIPR2;GPR183;HEBP1;GNGT2;XCL2;CCL5;CCL4;PTRH2;PTCH2;LTB4R;RIPK2;C3AR1
prerank,Reactome_2022__Unattached Kinetochores Signal Amplification Via A MAD2 Inhibitory Signal R-HSA-141444,0.26574789874479077,1.0612388602885139,3.517382e-01,8.921124e-01,1.000000e+00,16/64,17.33%,PPP2R5A;XPO1;CKAP5;KIF2A;PPP2R5D;PPP2R5C;NDEL1;BUB3;ZWILCH;NUP37;PAFAH1B1;TAOK1;PPP1CC;ZW10;DYNLL1;NUP85
prerank,Reactome_2022__HS-GAG Biosynthesis R-HSA-2022928,-0.4906572097643337,-1.060781447900461,3.939394e-01,8.203270e-01,1.000000e+00,3/6,13.08%,SLC35D2;EXT1;HS6ST1
prerank,Reactome_2022__Intracellular Signaling By Second Messengers R-HSA-9006925,-0.21815535134577432,-1.0607094630797254,2.936170e-01,8.181202e-01,1.000000e+00,33/212,10.13%,ATN1;GATAD2A;CBX4;GRK2;AKT1;IRS2;PHLPP2;EGR1;IER3;CSNK2B;LAMTOR1;PPP2CA;LAMTOR4;PIP4K2A;PHC2;PPP2CB;ADCY7;BAD;RNMT;PSMF1;PRKCA;KPNA2;PSMD6;USP7;PSMB6;GSK3A;TNRC6A;AGO4;PRKAR2A;PIK3R1;CSNK2A2;AGO2;PSME4
prerank,Reactome_2022__HuR (ELAVL1) Binds And Stabilizes mRNA R-HSA-450520,0.47493668606772327,1.0593888867991748,4.143126e-01,8.953103e-01,1.000000e+00,1/7,0.41%,XPO1
prerank,Reactome_2022__CTNNB1 S33 Mutants Not Phosphorylated R-HSA-5358747,0.400357029668683,1.0589734501453252,3.655706e-01,8.937716e-01,1.000000e+00,5/13,17.87%,PPP2R5A;PPP2R5D;PPP2R5C;CSNK1A1;CTNNB1
prerank,Reactome_2022__Resolution Of Sister Chromatid Cohesion R-HSA-2500257,0.25633573747774946,1.0585889399528772,3.542510e-01,8.919635e-01,1.000000e+00,18/73,17.33%,PPP2R5A;XPO1;CKAP5;KIF2A;PPP2R5D;PPP2R5C;NDEL1;HDAC8;BUB3;ZWILCH;NUP37;PAFAH1B1;SMC1A;TAOK1;PPP1CC;ZW10;DYNLL1;NUP85
prerank,Reactome_2022__Signaling By EGFR In Cancer R-HSA-1643713,-0.36083036840135313,-1.0584132701044948,3.791574e-01,8.229412e-01,1.000000e+00,6/16,20.02%,NRAS;PIK3R1;UBB;CDC37;AREG;SHC1
prerank,Reactome_2022__Microbial Modulation Of RIPK1-mediated Regulated Necrosis R-HSA-9686347,0.4905719088789441,1.058284737656781,4.023904e-01,8.900610e-01,1.000000e+00,3/6,13.48%,RIPK1;RRM1;GNL3
prerank,Reactome_2022__RAC3 GTPase Cycle R-HSA-9013423,-0.26816357328544904,-1.0582806862556324,3.401222e-01,8.209415e-01,1.000000e+00,11/59,8.97%,PKN1;CDC42;GIT1;ARHGAP21;RAPGEF1;LAMTOR1;PREX1;PKN2;ARHGAP5;ARHGAP26;PIK3R1
prerank,Reactome_2022__TNF Signaling R-HSA-75893,-0.28505952030766635,-1.058055579330295,3.575884e-01,8.191672e-01,1.000000e+00,10/41,16.36%,OTULIN;BIRC2;USP4;IKBKB;UBB;MADD;USP25;NSMAF;TRAF1;BIRC3
prerank,Reactome_2022__G2/M Checkpoints R-HSA-69481,0.2402974049795412,1.0573920186816368,3.378378e-01,8.899468e-01,1.000000e+00,31/110,23.73%,H2BC15;PSMD2;YWHAZ;PSMD11;RPA3;MCM3;RFC5;PSMB2;RFC4;HERC2;MDC1;YWHAH;YWHAB;PSMD10;YWHAQ;RAD17;PSMD4;UBC;ATRIP;MRE11;PSMD13;ATM;PSMA5;RNF8;REXO2;TP53;H2BC9;NSD2;PSME3;H2BC12;PSMB5
prerank,Reactome_2022__Nuclear Envelope Breakdown R-HSA-2980766,0.28234305276091953,1.05721772190801,3.502935e-01,8.875815e-01,1.000000e+00,11/47,17.33%,NUP62;NUP50;NEK9;TMPO;NEK7;VRK1;NUP37;NUP58;LPIN2;NUP188;NUP85
prerank,Reactome_2022__NRAGE Signals Death Thru JNK R-HSA-193648,-0.316587641954957,-1.0569237397607747,3.696581e-01,8.201419e-01,1.000000e+00,9/26,15.39%,PLEKHG2;ARHGEF7;PREX1;SOS2;GNA13;BAD;TRIO;VAV3;ARHGEF10
prerank,Reactome_2022__Sensory Processing Of Sound R-HSA-9659379,0.30954245710032463,1.0568845580268522,3.702970e-01,8.858116e-01,1.000000e+00,4/29,4.09%,SPTAN1;RIPOR2;CAPZA1;ATP2B4
prerank,Reactome_2022__p75NTR Recruits Signaling Complexes R-HSA-209543,-0.41177368072139203,-1.0567718997108253,3.978723e-01,8.182085e-01,1.000000e+00,4/10,15.53%,IKBKB;UBB;IRAK1;RIPK2
prerank,Reactome_2022__Free Fatty Acids Regulate Insulin Secretion R-HSA-400451,-0.5305986928263253,-1.056770496425166,4.040000e-01,8.158410e-01,1.000000e+00,4/5,22.16%,GNAQ;PLCB1;PLCB2;ACSL3
prerank,Reactome_2022__SUMOylation Of Transcription Cofactors R-HSA-3899300,-0.29155468496919895,-1.0567012411484271,3.529412e-01,8.137016e-01,1.000000e+00,6/38,5.28%,CTBP1;CBX4;CREBBP;NCOA1;PHC2;ING3
prerank,Reactome_2022__PTK6 Regulates RTKs And Their Effectors AKT1 And DOK1 R-HSA-8849469,-0.46198570877291456,-1.0566169575284592,3.793103e-01,8.115963e-01,1.000000e+00,2/7,12.26%,AKT1;UBB
prerank,Reactome_2022__TCF Dependent Signaling In Response To WNT R-HSA-201681,-0.2315498911378057,-1.056002310284846,3.235294e-01,8.110534e-01,1.000000e+00,24/131,12.26%,CSNK1G2;CTBP1;RUNX3;AKT1;H2AJ;TCF7;RYK;CREBBP;CSNK2B;H2AX;PPP2CA;PPP2CB;CUL3;PSMF1;PSMD6;H3-3B;PSMB6;AXIN1;CSNK2A2;TLE4;PSME4;FRAT2;H2AZ1;UBB
prerank,Reactome_2022__Regulation Of RUNX1 Expression And Activity R-HSA-8934593,-0.3726267254073422,-1.0553888924983676,3.894737e-01,8.105321e-01,1.000000e+00,3/15,9.50%,TNRC6A;AGO4;AGO2
prerank,Reactome_2022__Transport Of Inorganic Cations/Anions And Amino Acids/Oligopeptides R-HSA-425393,0.28974565864083773,1.054740705931483,3.505747e-01,8.899576e-01,1.000000e+00,9/40,13.60%,SLC20A1;SLC4A7;SLC26A2;SLC1A7;SLC26A11;SLC25A22;SLC12A6;SLC4A2;SLC36A1
prerank,Reactome_2022__FCERI Mediated MAPK Activation R-HSA-2871796,-0.32111545652435997,-1.0545360035577325,3.703704e-01,8.108734e-01,1.000000e+00,7/25,14.49%,PKN1;NRAS;MAPK9;MAP2K7;PKN2;LYN;VAV3
prerank,Reactome_2022__Cobalamin (Cbl) Metabolism R-HSA-9759218,0.5237533464688453,1.0532687976184867,4.322709e-01,8.919208e-01,1.000000e+00,4/5,31.83%,MTR;MMUT;MMADHC;MMAB
prerank,Reactome_2022__Role Of Phospholipids In Phagocytosis R-HSA-2029485,0.3608026592340881,1.052988099608179,3.925234e-01,8.898256e-01,1.000000e+00,6/18,20.06%,PLCG1;AHCYL1;PIK3CA;CD247;PRKCSH;PIK3R2
prerank,Reactome_2022__Toll Like Receptor 3 (TLR3) Cascade R-HSA-168164,-0.2514962094615665,-1.0524020000714052,3.384615e-01,8.148496e-01,1.000000e+00,20/82,16.36%,MAP3K8;MAPKAPK2;PPP2CA;MAP2K3;MAPK9;TNIP2;PPP2CB;BIRC2;MAP2K7;NFKBIB;N4BP1;NFKB1;USP18;IKBKB;UBB;IRAK1;RIPK3;RIPK2;DUSP6;BIRC3
prerank,Reactome_2022__Formation Of Incision Complex In GG-NER R-HSA-5696395,0.2881124144293582,1.0520647766808846,4.011194e-01,8.899408e-01,1.000000e+00,11/41,15.43%,RNF111;RPA3;RAD23B;GTF2H1;DDB2;GTF2H3;PARP1;UBC;CCNH;RBX1;GTF2H5
prerank,Reactome_2022__TRAF6-mediated Induction Of TAK1 Complex Within TLR4 Complex R-HSA-937072,0.39966585666574417,1.0514256640688346,4.039497e-01,8.890976e-01,1.000000e+00,8/12,36.28%,SARM1;UBC;MAP3K7;UBA52;IRAK2;TICAM1;TAB1;TRAF6
prerank,Reactome_2022__Transcriptional Regulation By RUNX2 R-HSA-8878166,-0.2438372215762992,-1.0512122966503623,3.467742e-01,8.161411e-01,1.000000e+00,21/83,21.05%,LGALS3;AKT1;HIVEP3;FBXW7;YES1;PSMF1;PSMD6;PSMB6;PSME4;UBB;MAF;PSME2;PSMB3;SMURF1;PSMA1;PPM1D;AREG;PSMD9;PSME1;RUNX2;ABL1
prerank,Reactome_2022__SHC1 Events In ERBB2 Signaling R-HSA-1250196,-0.40233037733790955,-1.0508526248563754,4.121622e-01,8.147864e-01,1.000000e+00,2/11,6.83%,NRAS;PRKCA
prerank,Reactome_2022__Glutathione Conjugation R-HSA-156590,0.35594390601260095,1.0507034188572122,3.836978e-01,8.885031e-01,1.000000e+00,2/16,3.18%,CNDP2;GCLM
prerank,Reactome_2022__Mismatch Repair (MMR) Directed By MSH2:MSH3 (MutSbeta) R-HSA-5358606,0.3904563203918583,1.0502741324138252,3.659004e-01,8.869579e-01,1.000000e+00,6/13,31.50%,RPA3;PMS2;MSH3;LRIG1;MSH2;POLD3
prerank,Reactome_2022__NF-kB Is Activated And Signals Survival R-HSA-209560,-0.4067524030028776,-1.0497375966205775,4.042105e-01,8.158705e-01,1.000000e+00,4/10,13.67%,NFKB1;IKBKB;UBB;IRAK1
prerank,Reactome_2022__Cell Junction Organization R-HSA-446728,0.3226857594148227,1.0493959778515851,3.808630e-01,8.870295e-01,1.000000e+00,8/26,18.21%,ARHGEF6;CADM1;ILK;ITGA6;PATJ;VASP;CTNNB1;PALS1
prerank,Reactome_2022__TP53 Regulates Transcription Of Cell Cycle Genes R-HSA-6791312,0.3061400352454932,1.0491767076066236,3.779528e-01,8.848909e-01,1.000000e+00,5/32,7.47%,CNOT7;RBL2;CDKN1B;CNOT3;E2F4
prerank,Reactome_2022__Branched-chain Amino Acid Catabolism R-HSA-70895,0.34839849971280296,1.049170085297851,3.922330e-01,8.820848e-01,1.000000e+00,14/19,35.77%,PPM1K;ACADSB;DBT;HIBADH;BCKDHB;HIBCH;AUH;ACAD8;ALDH6A1;SLC25A44;BCKDK;IVD;BCAT2;SOAT1
prerank,Reactome_2022__Regulation Of Pyruvate Dehydrogenase (PDH) Complex R-HSA-204174,0.3985496934802572,1.0489468505063282,4.145873e-01,8.800653e-01,1.000000e+00,9/11,46.66%,PDK2;PDK3;PDPR;DLAT;PDHB;PLPP6;PDHA1;PDHX;PDPK1
prerank,Reactome_2022__Response Of EIF2AK4 (GCN2) To Amino Acid Deficiency R-HSA-9633012,-0.34892170761752567,-1.0471553054787375,3.607214e-01,8.214337e-01,1.000000e+00,2/17,2.85%,ATF4;CEBPG
prerank,Reactome_2022__Phototransduction Cascade R-HSA-2514856,-0.3760782877527808,-1.0464428302516875,4.239130e-01,8.189054e-01,1.000000e+00,7/14,17.22%,RNF7;GNB1;METAP2;PRKCA;PDE6G;CALM1;PDE6B
prerank,"Reactome_2022__Inactivation, Recovery And Regulation Of Phototransduction Cascade R-HSA-2514859",-0.3760782877527808,-1.0464428302516875,4.239130e-01,8.189054e-01,1.000000e+00,7/14,17.22%,RNF7;GNB1;METAP2;PRKCA;PDE6G;CALM1;PDE6B
prerank,Reactome_2022__Aberrant Regulation Of Mitotic G1/S Transition In Cancer Due To RB1 Defects R-HSA-9659787,0.41365139892641906,1.0453987336218975,4.069098e-01,8.888199e-01,1.000000e+00,5/10,25.89%,CDKN1B;RB1;TFDP1;CCND3;CCND2
prerank,Reactome_2022__Metabolism Of Carbohydrates R-HSA-71387,-0.21917330484042985,-1.0452922093134265,3.657505e-01,8.201817e-01,1.000000e+00,31/171,13.51%,CHST7;CHSY1;MAN2C1;ST6GALNAC6;B3GNT7;PPP2CA;SLC2A1;B3GNT2;NUP54;PFKFB3;PGP;SLC35D2;PPP2CB;B4GALT4;FBP1;SHPK;PRKCA;ENO3;UST;NUP133;SEH1L;B3GALT6;SLC9A1;EXT1;TKT;IDS;UBB;XYLT1;HS6ST1;SEC13;PHKG2
prerank,Reactome_2022__Toll Like Receptor 9 (TLR9) Cascade R-HSA-168138,-0.24893275813895735,-1.0452718859149592,3.584521e-01,8.179527e-01,1.000000e+00,17/79,15.89%,MAP3K8;MAPKAPK2;PPP2CA;MAP2K3;MAPK9;TNIP2;PPP2CB;MAP2K7;NFKBIB;N4BP1;NFKB1;USP18;IKBKB;UBB;IRAK1;RIPK2;DUSP6
prerank,Reactome_2022__Interleukin-6 Family Signaling R-HSA-6783589,0.4102251542461444,1.0449036640674023,4.160305e-01,8.875587e-01,1.000000e+00,3/10,26.77%,STAT3;PTPN11;STAT1
prerank,Reactome_2022__Recognition Of DNA Damage By PCNA-containing Replication Complex R-HSA-110314,0.3235986102037043,1.0444652808245707,3.895131e-01,8.860803e-01,1.000000e+00,9/25,26.35%,RPA3;RFC5;RFC4;UBE2B;UBC;RBX1;RAD18;CUL4A;UBA52
prerank,Reactome_2022__tRNA Modification In Nucleus And Cytosol R-HSA-6782315,0.2928267038093049,1.0442782803112869,3.772455e-01,8.838403e-01,1.000000e+00,14/36,27.44%,THADA;TYW1;NSUN2;CDKAL1;ALKBH8;EPRS1;TYW5;TYW3;TRMT13;TRMT6;CTU2;FTSJ1;OSGEP;ADAT1
prerank,Reactome_2022__Activation Of Ca-permeable Kainate Receptor R-HSA-451308,0.5128891625308653,1.043999458735201,4.302326e-01,8.820296e-01,1.000000e+00,2/5,16.44%,NCALD;DLG1
prerank,Reactome_2022__Cellular Response To Hypoxia R-HSA-1234174,0.2639953505142947,1.0438513241035432,3.896620e-01,8.797047e-01,1.000000e+00,18/63,23.73%,MIA3;UBE2D2;PSMD2;PSMD11;EGLN1;CITED2;PSMB2;HIF1A;PSMD10;PSMD4;UBC;RBX1;PSMD13;LIMD1;PSMA5;UBE2D3;PSME3;PSMB5
prerank,Reactome_2022__MyD88-independent TLR4 Cascade R-HSA-166166,-0.24576690872239149,-1.0423730197886796,3.510638e-01,8.241155e-01,1.000000e+00,20/83,16.36%,MAP3K8;MAPKAPK2;PPP2CA;MAP2K3;MAPK9;TNIP2;PPP2CB;BIRC2;MAP2K7;NFKBIB;N4BP1;NFKB1;USP18;IKBKB;UBB;IRAK1;RIPK3;RIPK2;DUSP6;BIRC3
prerank,Reactome_2022__Post-translational Protein Modification R-HSA-597592,-0.18598241060116666,-1.0423168196617945,2.750000e-01,8.219682e-01,1.000000e+00,214/926,20.69%,RAB1A;RAB5C;CTBP1;FBXO44;TFG;COMMD5;NAPG;TRAPPC10;PIGT;CBX4;SEC24C;ST6GALNAC6;STX5;UBE2M;MAGT1;RNF7;B3GNT7;GALNT10;MARCHF6;GALNT3;DCTN4;RABGGTA;MDGA1;CREBBP;TNIP3;PPP6R1;DYNLL2;SP3;TRAPPC2L;TRAPPC6A;TAF10;FBXW7;RPN2;RAB14;STAM;FURIN;INO80E;LGALS1;TGFB1;RCE1;PIGH;GATA3;USP12;CALR;TIMP1;FBXL12;B3GNT2;COMMD7;RNF181;SEC24B;NCOA1;TUBB4B;NUP54;TNIP2;PHC2;RAD23A;OTULIN;CSNK1D;ING3;UCHL3;TADA2B;B4GALT4;BIRC2;CUL3;MGAT4B;COG3;HCFC1;PSMF1;IGFBP4;TPST1;CAND1;PSMD6;USP4;DDA1;BTBD6;USP7;UAP1;COPS3;QSOX1;FBXL18;COPS8;COMMD9;NUP133;PMEPA1;POMT1;PSMB6;LY6E;DERL1;AXIN1;DYNC1LI1;FOXK1;FBXO31;JOSD1;SEH1L;PIGS;VCPIP1;ELOB;DYNC1LI2;FBXO9;UBE2G2;DCTN3;TBC1D20;TULP4;PSME4;SEC24A;USP18;CALU;ARSD;TMED2;SUMF2;ADAMTS10;TOPORS;NSMCE4A;TRAPPC5;CUL5;DDOST;BECN1;MAN2A2;CAPZA2;FBXO11;RAB2A;UBE2S;MDM4;USP30;GPAA1;SMC3;USP33;WDR48;PTRH2;UBB;MVD;UBA6;FBXL5;UBA1;SEL1L;ASB6;SEC13;SUMO1;TRIM25;ARSA;NUDT14;DPM1;ALG12;SPSB3;LMNB2;MGAT4A;KLHL2;AGTPBP1;P4HB;EEF1AKMT1;CLSPN;USP25;CALM1;RNF103;PSME2;TGOLN2;FOXK2;RIPK2;DNAJC3;DCAF8;YOD1;USP3;PSMB3;RABGGTB;KIN;PSMA1;BIRC3;PTP4A2;PDIA3;RAB30;H2AC25;NFE2L2;TUBB2A;DNAJC24;ZNF350;ARRB1;DCAF5;AREG;NFRKB;RNF40;POM121;ASXL1;PIAS1;INO80C;RTF1;CHST10;ANKRD9;ALG5;ADAMTS1;FBXL20;RAB4A;MTA1;SHISA5;HIPK2;ALG9;UIMC1;ZRANB1;PSMD9;XRCC4;RAB22A;WSB2;GALNT1;DDB1;ATXN7;NUS1;PSME1;GALNT11;RAB21;FBXW8;GFUS;RAB40B;RAB18;OTUB1;COMMD4
prerank,Reactome_2022__SUMOylation Of DNA Methylation Proteins R-HSA-4655427,-0.40283327626670085,-1.0422125137473863,3.814229e-01,8.199784e-01,1.000000e+00,3/11,13.34%,CBX4;PHC2;SUMO1
prerank,Reactome_2022__Stimuli-sensing Channels R-HSA-2672351,-0.29826731897195163,-1.0421700199534871,3.995772e-01,8.178161e-01,1.000000e+00,9/30,18.15%,SLC9B2;CLCN6;ASPH;TRPM7;UBB;BEST1;CALM1;CLCN7;TRPM2
prerank,Reactome_2022__Nucleotide Excision Repair R-HSA-5696398,0.2395248359206668,1.0418105072647332,3.488806e-01,8.837468e-01,1.000000e+00,22/101,15.43%,COPS5;RNF111;INO80D;RPA3;COPS7A;RFC5;RAD23B;POLK;GTF2H1;DDB2;RFC4;ZNF830;GTF2H3;PARP1;INO80B;RUVBL1;ERCC8;POLR2I;UBC;CCNH;RBX1;GTF2H5
prerank,Reactome_2022__Defective B3GALTL Causes PpS R-HSA-5083635,-0.517454394636723,-1.0409516245132675,4.482072e-01,8.193044e-01,1.000000e+00,2/5,18.78%,ADAMTS10;ADAMTS1
prerank,Reactome_2022__Cell Cycle R-HSA-1640170,0.1957096400513022,1.040896876608169,3.263359e-01,8.839338e-01,1.000000e+00,101/498,18.33%,CEP57;TUBA1A;PPP2R5A;KPNB1;XPO1;HDAC1;CKAP5;KIF2A;NUP62;H2BC15;LBR;RBL2;SMARCA5;NUP50;RBBP4;NEK9;PPP2R5D;TMPO;CEP250;PSMD2;YWHAZ;MAX;PPP1CB;PSMD11;RPA3;PPP2R5C;ANAPC10;MCM3;NEK7;NDEL1;RFC5;CDKN1B;HDAC8;PSMB2;DAXX;RFC4;USO1;HERC2;AKT3;E2F4;ATRX;BUB3;MDC1;RAN;SYNE2;YWHAH;CDKN2A;H2AC6;CDC26;CNTRL;ZWILCH;CDC25B;YWHAB;VRK1;NUP37;RUVBL1;PAFAH1B1;PCNT;PHLDA1;CEP290;SMC1A;HAUS1;CEP78;HAUS4;TAOK1;PSMD10;NPM1;BLZF1;YWHAQ;CC2D1B;WRAP53;RAD17;NUP58;PSMD4;POLR2I;PPP1CC;UBC;CCNH;NIPBL;CDK5RAP2;GAR1;ATRIP;ZW10;RBX1;MRE11;SFI1;DYNLL1;PCM1;LPIN2;LCMT1;RB1;NUP188;PSMD13;CDC16;NUP85;TFDP1;TUBB;TUBA1C;H2AC4;ATM;PPP6R3
prerank,Reactome_2022__Translation R-HSA-72766,0.2160675873802492,1.0406656993896548,3.371212e-01,8.819125e-01,1.000000e+00,49/196,21.28%,EIF3A;MRPS7;DARS1;APEH;EIF4B;EEF1A1;MRPS35;MRPL49;MTFMT;EIF2S1;MRPL3;MRPS33;QARS1;EEF2;SARS1;EIF3L;EIF3E;EIF4A2;EEF1B2;RARS2;MRPL34;MRPL15;MRPS18C;RPN1;EPRS1;EIF4G1;MRPL41;PABPC1;CARS1;MRRF;PPA2;SPCS1;MRPL20;FARSA;GSPT1;IARS2;MRPL18;MTIF3;EIF3K;AARS1;WARS2;OXA1L;MRPS34;MRPL17;MRPS18B;EIF3H;MARS2;MRPS14;MRPL36
prerank,Reactome_2022__Infection With Mycobacterium Tuberculosis R-HSA-9635486,0.3346547928659049,1.0400383962221769,4.095238e-01,8.812691e-01,1.000000e+00,3/20,4.56%,KPNB1;TRIM27;DUSP16
prerank,Reactome_2022__Transcriptional Regulation Of Granulopoiesis R-HSA-9616222,0.2891102791767553,1.0399346004139938,3.900574e-01,8.789592e-01,1.000000e+00,12/35,24.24%,STAT3;H2BC15;FLI1;GFI1;DEK;H2AC6;CREB1;TFDP1;H2AC4;H2BC9;H2BC12;RARA
prerank,Reactome_2022__Response Of Mtb To Phagocytosis R-HSA-9637690,0.3385458930408215,1.0394461602715224,3.913043e-01,8.776373e-01,1.000000e+00,3/19,4.56%,KPNB1;TRIM27;DUSP16
prerank,Reactome_2022__Activation Of Arylsulfatases R-HSA-1663150,-0.45037561110813895,-1.0393991978575154,4.144330e-01,8.215379e-01,1.000000e+00,3/7,13.44%,ARSD;SUMF2;ARSA
prerank,Reactome_2022__Regulation Of Signaling By CBL R-HSA-912631,-0.35907976181552004,-1.0382369586588682,3.935484e-01,8.228052e-01,1.000000e+00,4/16,12.45%,RAPGEF1;YES1;PIK3R1;LYN
prerank,Reactome_2022__Protein Localization R-HSA-9609507,-0.22295735352422208,-1.0373777576798608,3.833992e-01,8.231525e-01,1.000000e+00,23/139,13.06%,GFER;GRPEL2;TIMM17A;STX5;ATP5MC1;TIMM23;TIMM8B;BCS1L;MTX1;FXN;CS;SEC61G;COX19;TOMM22;NDUFB8;GRPEL1;MPV17;TIMM8A;SEC61B;CHCHD5;UBB;ACOX1;TIMM22
prerank,Reactome_2022__Neddylation R-HSA-8951664,-0.21628676006701492,-1.0372037836232426,3.642241e-01,8.214752e-01,1.000000e+00,55/184,24.91%,FBXO44;COMMD5;UBE2M;RNF7;FBXW7;FBXL12;COMMD7;UCHL3;CUL3;PSMF1;CAND1;PSMD6;DDA1;BTBD6;COPS3;FBXL18;COPS8;COMMD9;PSMB6;FBXO31;ELOB;FBXO9;TULP4;PSME4;CUL5;FBXO11;UBB;FBXL5;ASB6;SPSB3;KLHL2;PSME2;DCAF8;PSMB3;PSMA1;NFE2L2;DCAF5;ANKRD9;FBXL20;PSMD9;WSB2;DDB1;PSME1;FBXW8;COMMD4;COPS4;DCAF16;NPLOC4;PSMC2;FEM1B;PSMD7;MUL1;UBE2D1;DCUN1D2;PSMC3
prerank,Reactome_2022__HIV Transcription Initiation R-HSA-167161,-0.2738865767103728,-1.0368620434945515,3.786192e-01,8.202291e-01,1.000000e+00,10/44,12.47%,TAF11;TAF10;ERCC3;POLR2C;POLR2D;TAF15;POLR2G;TAF4;MNAT1;CDK7
prerank,Reactome_2022__Peptide Ligand-Binding Receptors R-HSA-375276,-0.31529622249152556,-1.0343527222194924,3.835052e-01,8.254166e-01,1.000000e+00,8/27,18.91%,XCL1;HEBP1;XCL2;CCL5;CCL4;RIPK2;C3AR1;CXCR3
prerank,Reactome_2022__Signaling By Erythropoietin R-HSA-9006335,-0.32407569343723086,-1.0342934945321003,4.142259e-01,8.233416e-01,1.000000e+00,5/23,12.45%,NRAS;IRS2;RAPGEF1;PIK3R1;LYN
prerank,Reactome_2022__Ras Activation Upon Ca2+ Influx Thru NMDA Receptor R-HSA-442982,-0.46060915496649635,-1.0340707957963302,4.271457e-01,8.218234e-01,1.000000e+00,2/7,14.93%,NRAS;CALM1
prerank,Reactome_2022__Phospholipid Metabolism R-HSA-1483257,0.22681821780585976,1.0338256523222467,3.598410e-01,8.923370e-01,1.000000e+00,37/137,21.43%,PIK3CG;MTMR4;PNPLA2;GPAT4;PIKFYVE;ABHD3;CPNE3;PI4K2B;HADHA;PIP5K1A;CDIPT;AGPAT1;LPCAT1;TAFAZZIN;CEPT1;MTMR6;LPCAT3;MIGA1;SLC44A2;PIK3CA;PTEN;SELENOI;CRLS1;INPP5D;GDPD5;LPIN2;SACM1L;PIK3R4;ABHD4;GPD2;SH2D3C;PRKCSH;PIK3R2;TNFAIP8;PITPNM1;GDPD1;PIK3R3
prerank,Reactome_2022__GDP-fucose Biosynthesis R-HSA-6787639,0.48323441933871025,1.0331621386841152,4.243028e-01,8.916754e-01,1.000000e+00,4/6,30.44%,GMDS;FCSK;SLC35C1;FPGT
prerank,Reactome_2022__HIV Life Cycle R-HSA-162587,-0.22549169473877584,-1.0331612997149953,3.680710e-01,8.223779e-01,1.000000e+00,34/135,17.88%,ELOA;VPS37B;TAF11;TAF10;CHMP4B;FURIN;ERCC3;NUP54;POLR2C;CHMP2B;POLR2D;RNMT;TAF15;NCBP1;NUP133;SEH1L;ELOB;POLR2G;TAF4;ELL;MNAT1;CCNT1;UBAP1;UBB;CDK7;SEC13;POLR2E;CHMP2A;CCNT2;NELFCD;KPNA1;VPS4A;NELFA;POM121
prerank,Reactome_2022__Regulation Of HSF1-mediated Heat Shock Response R-HSA-3371453,0.25363956434338064,1.0329240835545876,3.913043e-01,8.897702e-01,1.000000e+00,16/69,18.28%,HSPA4;NUP62;ST13;NUP50;HSPH1;HIKESHI;RPA3;NUP37;FKBP4;NUP58;HSPA8;CCAR2;NUP188;MRPL18;NUP85;ATM
prerank,Reactome_2022__Membrane Trafficking R-HSA-199991,0.1954317320871944,1.032455354499952,3.382353e-01,8.885625e-01,1.000000e+00,92/429,18.69%,CYTH1;SPTAN1;TRAPPC12;MIA3;CYTH2;MAN1A1;MON1B;ARF4;KIF2A;TRIP11;LNPEP;GDI1;VPS51;PREB;GCC2;COPS5;CAPZA1;YWHAZ;ADRB2;RAB10;RAB11A;SEC23A;CHMP5;CNIH1;SNX18;FNBP1;SH3GL1;ACTR3;COPS7A;MVB12A;TRAPPC6B;EPS15;LMAN1;KIF3B;ARCN1;COPB1;USO1;CLTC;TBC1D25;UBQLN1;KIF21A;FCHO1;RALA;AKT3;SNX5;MYO6;GDI2;YWHAH;GOLGA1;YWHAB;BLOC1S4;STXBP3;PAFAH1B1;NAA35;BET1L;BLOC1S1;ACTR2;COG7;SCOC;VAMP2;ITSN2;PTGES2;CYTH4;TRAPPC1;YWHAQ;IL7R;CTSC;RAB8B;HSPA8;UBC;PUM1;TRAPPC4;ZW10;AP1G2;DENND2D;KIF9;DYNLL1;BET1;EXOC1;BIN1;VPS37A;GAPVD1;DENND4C;RAB6A;COG6;NBAS;GOLGB1;COPB2;TBC1D7;PPP6R3;EPS15L1;CD59
prerank,Reactome_2022__MAP2K And MAPK Activation R-HSA-5674135,0.3152408196451026,1.0312830234819226,4.054054e-01,8.895953e-01,1.000000e+00,6/25,10.22%,ARAF;MAP2K1;VCL;APBB1IP;YWHAB;RAP1B
prerank,Reactome_2022__Caspase-mediated Cleavage Of Cytoskeletal Proteins R-HSA-264870,0.4197289006101952,1.0309239284028304,4.254902e-01,8.881069e-01,1.000000e+00,2/9,3.44%,SPTAN1;ADD1
prerank,Reactome_2022__Regulation Of TP53 Activity R-HSA-5633007,-0.22960806777116943,-1.0308568254715589,3.825364e-01,8.267944e-01,1.000000e+00,25/119,14.25%,GATAD2A;BRD7;AKT1;TAF11;CSNK2B;TAF10;PPP2CA;PIP4K2A;PRKAG1;PPP2CB;ING3;RHNO1;KMT5A;HIPK1;USP7;TAF15;CSNK2A2;TAF4;MDM4;PRKAG2;BRD1;UBB;MAPKAP1;MLST8;RAD9A
prerank,Reactome_2022__Cellular Responses To Stress R-HSA-2262752,0.19302096792296444,1.0305790449913945,3.267857e-01,8.865456e-01,1.000000e+00,102/510,17.44%,MAPK14;MIA3;ETS1;HSPA4;XPO1;UBE2D2;DNAJA2;MAP2K4;STAT3;NUP62;H2BC15;RRAGA;CYCS;H1-2;ST13;NUP50;RBBP4;TNIK;PREB;HSPH1;HIKESHI;CAPZA1;JUN;PSMD2;GCLM;H1-4;ADD1;FKBP5;H1-3;SUZ12;CTDSP2;SOD1;EEF1A1;PSMD11;COX7C;PTGES3;RPA3;EGLN1;COX7A2L;ANAPC10;CITED2;CDKN1B;PSMB2;EIF2S1;PARN;UBL4A;EHMT1;AKT3;ASF1A;HIF1A;PHC3;STIP1;EIF2AK1;CDKN2A;H2AC6;ATP6V0E2;CDC26;EP400;WDR59;VCP;PRDX2;EXOSC2;NUP37;NUDT2;FBXL17;SYVN1;HMOX2;PSMD10;KEAP1;FKBP4;EXOSC3;ATP6V1A;NUP58;PSMD4;EHMT2;HSPA8;EXOSC8;HDAC6;UBC;RORA;RBX1;MRE11;NCOA6;CREB1;SLC38A9;DYNLL1;CCAR2;PRDX3;YIF1A;PPP1R15A;RB1;AKT1S1;NUP188;DEPDC5;PSMD13;CDC16;MRPL18;CHD9;NUP85;TFDP1;PPARA;LIMD1
prerank,Reactome_2022__Release Of Apoptotic Factors From Mitochondria R-HSA-111457,0.5003599914886144,1.0303886294835076,4.523327e-01,8.844902e-01,1.000000e+00,2/5,7.79%,CYCS;GSDMD
prerank,Reactome_2022__Cell-extracellular Matrix Interactions R-HSA-446353,0.42296854947227214,1.0302219310045886,4.462151e-01,8.823995e-01,1.000000e+00,3/9,15.93%,ARHGEF6;ILK;VASP
prerank,Reactome_2022__NoRC Negatively Regulates rRNA Expression R-HSA-427413,0.25774343392613175,1.0297457087220272,3.769231e-01,8.811822e-01,1.000000e+00,18/60,23.11%,HDAC1;UBTF;H2BC15;SMARCA5;TBP;GTF2H1;GTF2H3;H2AC6;POLR1H;CCNH;GTF2H5;POLR1D;TAF1B;H2AC4;POLR1E;SIN3B;H2BC9;H2BC12
prerank,Reactome_2022__Eicosanoid Ligand-Binding Receptors R-HSA-391903,0.4844094568301104,1.0290489057528285,4.332689e-01,8.807888e-01,1.000000e+00,1/6,1.89%,PTGER2
prerank,Reactome_2022__Potential Therapeutics For SARS R-HSA-9679191,0.2508824430663107,1.0289277873691474,3.980583e-01,8.785692e-01,1.000000e+00,18/75,15.68%,FNTA;HDAC1;ITGA4;RBBP4;ATP1A3;PTGES3;IMPDH2;RIPK1;IFNAR1;NCK1;S1PR1;ARID4A;IFNAR2;KEAP1;FKBP4;MTA2;RBX1;REST
prerank,Reactome_2022__Signaling By Insulin Receptor R-HSA-74752,-0.2750753782108652,-1.0286538526065523,3.947368e-01,8.313132e-01,1.000000e+00,6/40,8.97%,NRAS;TCIRG1;IRS2;ATP6V1H;ATP6V0C;PIK3R1
prerank,Reactome_2022__Signaling By TGF-beta Receptor Complex In Cancer R-HSA-3304351,0.45242798369902776,1.0284109769150696,4.007782e-01,8.775263e-01,1.000000e+00,1/7,0.11%,TGFBR2
prerank,Reactome_2022__Interleukin-6 Signaling R-HSA-1059683,0.439841460793238,1.028369092017132,4.192308e-01,8.750918e-01,1.000000e+00,3/8,26.77%,STAT3;PTPN11;STAT1
prerank,Reactome_2022__Unfolded Protein Response (UPR) R-HSA-381119,-0.24361540623732184,-1.0280224992154832,4.077869e-01,8.310038e-01,1.000000e+00,12/78,10.70%,ATF4;HDGF;CEBPG;ERN1;MYDGF;TATDN2;CALR;DNAJB11;CREBRF;GSK3A;TSPYL2;WIPI1
prerank,Reactome_2022__IRE1alpha Activates Chaperones R-HSA-381070,-0.28374971619696787,-1.0279025722054804,4.143167e-01,8.291550e-01,1.000000e+00,8/42,10.70%,HDGF;ERN1;MYDGF;TATDN2;DNAJB11;GSK3A;TSPYL2;WIPI1
prerank,Reactome_2022__Cellular Responses To Stimuli R-HSA-8953897,0.19227021998992422,1.0276394626292522,3.553571e-01,8.748392e-01,1.000000e+00,103/515,17.44%,MAPK14;MIA3;ETS1;HSPA4;XPO1;UBE2D2;DNAJA2;MAP2K4;STAT3;NUP62;H2BC15;RRAGA;CYCS;H1-2;ST13;NUP50;RBBP4;TNIK;PREB;HSPH1;HIKESHI;CAPZA1;JUN;PSMD2;GCLM;H1-4;ADD1;FKBP5;H1-3;SUZ12;CTDSP2;SOD1;EEF1A1;PSMD11;COX7C;PTGES3;RPA3;EGLN1;COX7A2L;ANAPC10;CITED2;CDKN1B;PSMB2;EIF2S1;PARN;UBL4A;EHMT1;AKT3;ASF1A;HIF1A;PHC3;STIP1;EIF2AK1;CDKN2A;H2AC6;ATP6V0E2;CDC26;EP400;WDR59;VCP;PRDX2;EXOSC2;NUP37;NUDT2;FBXL17;SYVN1;HMOX2;PSMD10;KEAP1;FKBP4;EXOSC3;ATP6V1A;NUP58;PSMD4;EHMT2;HSPA8;EXOSC8;HDAC6;UBC;RORA;RBX1;MRE11;NCOA6;CREB1;SLC38A9;DYNLL1;CCAR2;PRDX3;YIF1A;PPP1R15A;MT1E;RB1;AKT1S1;NUP188;DEPDC5;PSMD13;CDC16;MRPL18;CHD9;NUP85;TFDP1;PPARA;LIMD1
prerank,Reactome_2022__Ion Transport By P-type ATPases R-HSA-936837,0.3078624632244195,1.0274152886774057,3.911290e-01,8.729541e-01,1.000000e+00,4/28,5.04%,ATP10D;ATP1A3;ATP2B4;ATP2A3
prerank,Reactome_2022__TP53 Regulates Transcription Of Caspase Activators And Caspases R-HSA-6803207,0.44321775479826586,1.0269864192134404,4.519231e-01,8.716632e-01,1.000000e+00,5/8,27.87%,ATM;CRADD;TP53;CASP2;CASP10
prerank,Reactome_2022__FLT3 Signaling In Disease R-HSA-9682385,0.3274236963640968,1.0269014737246482,4.433781e-01,8.693778e-01,1.000000e+00,10/22,28.44%,TRIP11;STAT5A;BCL2L1;PIK3CA;UBC;GOLGB1;PTPN11;ZMYM2;UBA52;FLT3LG
prerank,Reactome_2022__Miro GTPase Cycle R-HSA-9715370,0.44078203281980965,1.0257586095353197,4.354528e-01,8.704434e-01,1.000000e+00,2/8,11.58%,RHOT1;MFN1
prerank,Reactome_2022__Drug ADME R-HSA-9748784,-0.3219496566057216,-1.025568874291152,4.179104e-01,8.337876e-01,1.000000e+00,11/25,26.07%,NUDT15;NT5C2;GUK1;GSTP1;VAV3;TPMT;GGT7;ADAL;SLC16A1;HPRT1;ABCB1
prerank,Reactome_2022__Regulation Of PTEN Gene Transcription R-HSA-8943724,-0.2683433037207523,-1.025398146720534,4.106090e-01,8.320716e-01,1.000000e+00,7/50,4.87%,ATN1;GATAD2A;CBX4;EGR1;LAMTOR1;LAMTOR4;PHC2
prerank,Reactome_2022__Fc Epsilon Receptor (FCERI) Signaling R-HSA-2454202,0.2299949767138587,1.0243893309190135,4.192950e-01,8.721842e-01,1.000000e+00,14/116,6.70%,PPP3CB;UBE2D2;MAP2K4;RASGRP1;PRKCQ;JUN;PSMD2;NFATC2;RASGRP2;PSMD11;GRAP2;PSMB2;PLCG1;PPP3R1
prerank,Reactome_2022__Butyrate Response Factor 1 Binds And Destabilizes mRNA R-HSA-450385,-0.34608014330699355,-1.0234996423992007,4.077079e-01,8.355642e-01,1.000000e+00,3/17,2.44%,MAPKAPK2;AKT1;DCP1A
prerank,Reactome_2022__Metabolism Of Nucleotides R-HSA-15869,0.250809156120521,1.0231487008329117,4.000000e-01,8.732653e-01,1.000000e+00,20/64,23.41%,DCK;DPYD;ADK;DUT;NUDT5;IMPDH2;RRM1;ADSS2;AK5;ADSL;GMPR2;AK6;NUDT18;CMPK1;DCTD;GMPS;TXNRD1;AK9;PFAS;NME4
prerank,Reactome_2022__Inhibition Of Replication Initiation Of Damaged DNA By RB1/E2F1 R-HSA-113501,-0.39763833623793665,-1.022313846233107,4.482759e-01,8.369076e-01,1.000000e+00,2/11,5.22%,PPP2CA;PPP2CB
prerank,Reactome_2022__MAPK1 (ERK2) Activation R-HSA-112411,-0.4443794636170806,-1.0221714927694912,4.171779e-01,8.351070e-01,1.000000e+00,2/7,16.55%,MAP2K2;TYK2
prerank,Reactome_2022__Activation Of PPARGC1A (PGC-1alpha) By Phosphorylation R-HSA-2151209,0.5004547009816449,1.0221293106124825,4.384921e-01,8.738059e-01,1.000000e+00,1/5,0.17%,MAPK14
prerank,Reactome_2022__p38MAPK Events R-HSA-171007,0.421157886470325,1.0218709713930105,4.379845e-01,8.721095e-01,1.000000e+00,3/9,7.07%,MAPK14;RALGDS;RALA
prerank,Reactome_2022__Transmission Across Chemical Synapses R-HSA-112315,-0.24338181471609613,-1.021776675263143,3.941176e-01,8.340728e-01,1.000000e+00,24/80,22.14%,NRAS;GIT1;GNB1;ARHGEF7;PRKAG1;ADCY7;GNGT2;PRKCA;KPNA2;PRKAR2A;TSPOAP1;PRKCB;CASK;PRKAG2;ADCY9;CALM1;PLCB1;PLCB2;CACNB1;AP2A1;GNAI2;AP2A2;PRKX;STX1A
prerank,Reactome_2022__CREB3 Factors Activate Genes R-HSA-8874211,-0.4971282853740068,-1.0215691847556,4.294737e-01,8.324988e-01,1.000000e+00,3/5,32.32%,CREBRF;CREB3L4;CREB3L2
prerank,Reactome_2022__Glycogen Storage Diseases R-HSA-3229121,0.4424555503103705,1.0206516822230756,4.440228e-01,8.733507e-01,1.000000e+00,5/8,27.08%,GYG1;UBC;GAA;UBA52;GYS1
prerank,Reactome_2022__Recruitment Of NuMA To Mitotic Centrosomes R-HSA-380320,0.2465463466632122,1.0204169836122405,4.276860e-01,8.715181e-01,1.000000e+00,21/73,23.33%,CEP57;TUBA1A;CKAP5;CEP250;CNTRL;PAFAH1B1;PCNT;CEP290;HAUS1;CEP78;HAUS4;CDK5RAP2;SFI1;DYNLL1;PCM1;TUBB;ODF2;NME7;NUMA1;CEP76;CEP192
prerank,Reactome_2022__TP53 Regulates Transcription Of Additional Cell Cycle Genes With Uncertain Roles In P53 Pathway R-HSA-6804115,0.34665434527013655,1.0202318615117834,4.365385e-01,8.696613e-01,1.000000e+00,3/17,12.36%,CNOT7;CNOT3;NPM1
prerank,Reactome_2022__Signaling By RAF1 Mutants R-HSA-9656223,0.30993860514436583,1.0190654743121406,4.314115e-01,8.708137e-01,1.000000e+00,6/25,10.22%,ARAF;MAP2K1;VCL;APBB1IP;YWHAB;RAP1B
prerank,Reactome_2022__Cytokine Signaling In Immune System R-HSA-1280215,-0.19107032468181262,-1.0184755713534122,3.827655e-01,8.396090e-01,1.000000e+00,67/459,11.14%,MAP3K8;PTPN7;MAPKAPK2;CDC42;IFIT2;BCL6;VIM;UBE2M;NRAS;AKT1;RNF7;IRS2;HLA-DRB5;MX2;EGR1;RAPGEF1;IFNGR1;SOS2;PPP2CA;MAP2K3;TGFB1;MAPK9;GATA3;TIMP1;AURKAIP1;NUP54;TNIP2;LTA;STX3;LGALS9;CD70;PPP2CB;YES1;OAS1;BIRC2;TNFRSF9;MAP2K7;PSMF1;PTPRJ;NFKBIB;PRKCA;KPNA2;CCL5;EIF4A1;PKN2;PSMD6;CASP3;IFNLR1;IL4R;NCAM1;NUP133;PSMB6;IFI6;TNFRSF11A;N4BP1;SEH1L;IL15RA;PIK3R1;CCL4;ELOB;NFKB1;PSME4;USP18;ISG15;CUL5;SOCS1;ITGAM
prerank,Reactome_2022__Beta-catenin Phosphorylation Cascade R-HSA-196299,0.36229702071743247,1.0179402030097262,4.393064e-01,8.717579e-01,1.000000e+00,3/15,4.68%,PPP2R5A;PPP2R5D;PPP2R5C
prerank,Reactome_2022__Metabolism Of Lipids R-HSA-556833,0.19421551398174622,1.017865996248832,3.867403e-01,8.695033e-01,1.000000e+00,108/434,22.24%,KPNB1;MIA3;PRKACB;LBR;THRAP3;PIK3CG;SMPD1;PPP1CB;MED31;SEC23A;CERK;MTMR4;ELOVL6;STARD3NL;PTGES3;PNPLA2;GPAT4;PIKFYVE;ABHD3;CPNE3;PI4K2B;MED28;HADHA;PIP5K1A;CDIPT;FAM120B;ACBD5;AGPAT1;HACD2;LPCAT1;TAFAZZIN;RAN;CEPT1;PTGDS;CTSA;KDSR;HMGCS1;ACSL4;MTMR6;FAR1;LPCAT3;MIGA1;ARSG;HADH;HPGD;CROT;PRKD3;SMPD3;SLC44A2;PTGES2;ACADM;MCAT;SMPD4;PIK3CA;PTEN;INSIG2;HSD17B12;PHYH;PPP1CC;FDPS;GBA2;CPT1A;SELENOI;BDH2;VAPB;RORA;NCOA6;ALAS1;CRLS1;FDXR;INPP5D;PRKD2;GDPD5;LPIN2;SACM1L;PIK3R4;PPM1L;CHD9;PPARA;GLB1;AACS;ABHD4;RXRB;GPD2;SH2D3C;MMUT;SGPL1;FDFT1;PRKCSH;PIK3R2;MED16;AKR1C3;DHRS7B;TNFAIP8;MED7;MED24;PITPNM1;SIN3B;NR1H2;MED25;ACAA2;GDPD1;PIK3R3;ARV1;GLIPR1;CCNC;GGPS1;TXNRD1
prerank,Reactome_2022__Other Interleukin Signaling R-HSA-449836,-0.36568564972250356,-1.0159662921223802,4.179104e-01,8.450244e-01,1.000000e+00,5/14,22.14%,STX3;CASP3;IFNLR1;TYK2;STX1A
prerank,Reactome_2022__Vesicle-mediated Transport R-HSA-5653656,0.19166419094785717,1.0158910256764098,4.016736e-01,8.729498e-01,1.000000e+00,93/439,18.69%,CYTH1;SPTAN1;TRAPPC12;MIA3;CYTH2;MAN1A1;MON1B;ARF4;KIF2A;TRIP11;LNPEP;GDI1;VPS51;PREB;GCC2;HSPH1;COPS5;CAPZA1;YWHAZ;ADRB2;RAB10;RAB11A;SEC23A;CHMP5;CNIH1;SNX18;FNBP1;SH3GL1;ACTR3;COPS7A;MVB12A;TRAPPC6B;EPS15;LMAN1;KIF3B;ARCN1;COPB1;USO1;CLTC;TBC1D25;UBQLN1;KIF21A;FCHO1;RALA;AKT3;SNX5;MYO6;GDI2;YWHAH;GOLGA1;YWHAB;BLOC1S4;STXBP3;PAFAH1B1;NAA35;BET1L;BLOC1S1;ACTR2;COG7;SCOC;VAMP2;ITSN2;PTGES2;CYTH4;TRAPPC1;YWHAQ;IL7R;CTSC;RAB8B;HSPA8;UBC;PUM1;TRAPPC4;ZW10;AP1G2;DENND2D;KIF9;DYNLL1;BET1;EXOC1;BIN1;VPS37A;GAPVD1;DENND4C;RAB6A;COG6;NBAS;GOLGB1;COPB2;TBC1D7;PPP6R3;EPS15L1;CD59
prerank,Reactome_2022__Mitotic Spindle Checkpoint R-HSA-69618,0.24337163915656154,1.0157584229717727,4.323232e-01,8.709228e-01,1.000000e+00,19/80,17.33%,PPP2R5A;XPO1;CKAP5;KIF2A;PPP2R5D;PPP2R5C;ANAPC10;NDEL1;BUB3;CDC26;ZWILCH;NUP37;PAFAH1B1;TAOK1;PPP1CC;ZW10;DYNLL1;CDC16;NUP85
prerank,Reactome_2022__ADP Signaling Thru P2Y Purinoceptor 1 R-HSA-418592,-0.39793232157228847,-1.015567275785591,4.634656e-01,8.440250e-01,1.000000e+00,3/10,6.73%,GNB1;GNGT2;GNAQ
prerank,Reactome_2022__SUMOylation R-HSA-2990846,0.2213024954787161,1.0151154572883074,3.929961e-01,8.704395e-01,1.000000e+00,29/143,17.38%,HDAC1;NUP62;TRIM27;NSMCE3;NUP50;DDX5;SMC6;SUZ12;MBD1;DDX17;HNRNPK;DAXX;HERC2;PHC3;MDC1;CDKN2A;PARP1;NUP37;RAD52;SMC1A;NPM1;NUP58;ZNF131;SP100;RORA;UBA2;NUP188;NUP85;PPARA
prerank,Reactome_2022__Nuclear Envelope (NE) Reassembly R-HSA-2995410,0.25298618163010694,1.0151143483620537,4.223108e-01,8.680201e-01,1.000000e+00,14/59,17.64%,TUBA1A;KPNB1;NUP62;LBR;TMPO;RAN;VRK1;NUP37;CC2D1B;NUP58;NUP188;NUP85;TUBB;TUBA1C
prerank,Reactome_2022__Signaling By EGFR R-HSA-177929,-0.2910342026600253,-1.014394586305465,4.101996e-01,8.452999e-01,1.000000e+00,5/33,3.19%,CDC42;NRAS;ARHGEF7;SPRY2;STAM
prerank,Reactome_2022__Defective HDR Thru Homologous Recombination (HRR) Due To BRCA1 Loss-Of-Function R-HSA-9701192,0.36293312173730474,1.0130232371887076,4.378698e-01,8.719437e-01,1.000000e+00,7/14,33.93%,MRE11;ATM;RAD51C;BLM;RAD50;BARD1;KAT5
prerank,Reactome_2022__Homology Directed Repair R-HSA-5693538,0.24066320482191222,1.0129824702705874,4.134615e-01,8.696428e-01,1.000000e+00,23/85,23.11%,H2BC15;PPP4R2;RPA3;RFC5;POLK;PPP4C;RFC4;HERC2;MDC1;PARP1;RAD52;RAD17;UBC;ATRIP;MRE11;GEN1;ATM;TIMELESS;RNF8;RAD51C;H2BC9;NSD2;H2BC12
prerank,Reactome_2022__Synthesis Of PC R-HSA-1483191,-0.3497394394392583,-1.0129474963545795,4.243697e-01,8.472941e-01,1.000000e+00,6/17,12.44%,CSNK2B;CHPT1;CSNK2A2;CHKB;LPIN1;PEMT
prerank,Reactome_2022__Signaling By Interleukins R-HSA-449147,-0.20068186174422428,-1.012710161820975,4.163265e-01,8.458920e-01,1.000000e+00,45/283,12.45%,MAP3K8;PTPN7;MAPKAPK2;CDC42;BCL6;VIM;AKT1;IRS2;RAPGEF1;SOS2;PPP2CA;MAP2K3;TGFB1;MAPK9;GATA3;TIMP1;AURKAIP1;TNIP2;STX3;LGALS9;PPP2CB;YES1;MAP2K7;PSMF1;NFKBIB;PRKCA;CCL5;PKN2;PSMD6;CASP3;IFNLR1;IL4R;PSMB6;N4BP1;IL15RA;PIK3R1;CCL4;NFKB1;PSME4;USP18;SOCS1;ITGAM;IKBKB;UBB;LYN
prerank,custom_senescence_signatures.gmt__GSE9650_EXHAUSTED_VS_MEMORY_CD8_TCELL_UP,0.23391188447688022,1.0124281809449438,4.330097e-01,4.150995e-01,7.880000e-01,25/97,21.12%,SLC4A7;CRYZ;CEP250;TMEM214;H1-4;GZMB;LRP10;CXCR2;ADGRG1;IMMT;HIF1A;MYO6;PARP1;SPOCK2;EEA1;KCTD9;PRRC1;PTCH1;TFDP1;EOMES;GCSAM;GPD2;PTPRA;DHRS7B;PTPN11
prerank,Reactome_2022__PIP3 Activates AKT Signaling R-HSA-1257604,-0.20938304298437224,-1.0122850878945913,4.142857e-01,8.450490e-01,1.000000e+00,28/191,10.13%,ATN1;GATAD2A;CBX4;AKT1;IRS2;PHLPP2;EGR1;IER3;CSNK2B;LAMTOR1;PPP2CA;LAMTOR4;PIP4K2A;PHC2;PPP2CB;BAD;RNMT;PSMF1;PSMD6;USP7;PSMB6;GSK3A;TNRC6A;AGO4;PIK3R1;CSNK2A2;AGO2;PSME4
prerank,Reactome_2022__MyD88:MAL(TIRAP) Cascade Initiated On Plasma Membrane R-HSA-166058,-0.24206750801900992,-1.011510095228621,4.071730e-01,8.451634e-01,1.000000e+00,18/79,15.89%,MAP3K8;MAPKAPK2;PPP2CA;MAP2K3;MAPK9;TNIP2;PPP2CB;MAP2K7;NFKBIB;N4BP1;NFKB1;USP18;SOCS1;IKBKB;UBB;IRAK1;RIPK2;DUSP6
prerank,Reactome_2022__Cellular Response To Chemical Stress R-HSA-9711123,-0.21650316101247816,-1.0112086735022567,4.185022e-01,8.438486e-01,1.000000e+00,32/149,16.69%,ATF4;MAP1LC3B;AKT1;CREBBP;CSNK2B;NCOA1;CUL3;PSMF1;CARM1;COX7B;COX19;PRDX5;NOTCH1;PSMD6;COX5B;PSMB6;COX6A1;CSNK2A2;SURF1;PSME4;LRPPRC;TKT;UBB;GSTP1;P4HB;TBL1X;COX8A;MAFK;PSME2;PSMB3;PSMA1;NFE2L2
prerank,Reactome_2022__Pregnenolone Biosynthesis R-HSA-196108,-0.41474983470874477,-1.0111767450302847,4.303030e-01,8.417722e-01,1.000000e+00,4/9,14.31%,STARD4;TSPOAP1;TSPO;STARD3
prerank,Reactome_2022__DCC Mediated Attractive Signaling R-HSA-418885,-0.47554805396515165,-1.0109548958526762,4.338086e-01,8.403531e-01,1.000000e+00,3/6,20.96%,CDC42;TRIO;WASL
prerank,Reactome_2022__Condensation Of Prophase Chromosomes R-HSA-2299718,-0.3082576229510172,-1.0107485641125018,4.480652e-01,8.389277e-01,1.000000e+00,6/27,11.44%,H2AJ;H2AX;KMT5A;H3-3B;MCPH1;H2AZ1
prerank,Reactome_2022__Sensory Processing Of Sound By Outer Hair Cells Of Cochlea R-HSA-9662361,0.32334525402949116,1.0105062695314304,4.670433e-01,8.747909e-01,1.000000e+00,3/20,4.09%,SPTAN1;RIPOR2;ATP2B4
prerank,Reactome_2022__NRIF Signals Cell Death From Nucleus R-HSA-205043,0.3734261610779052,1.010224857673719,4.457594e-01,8.731702e-01,1.000000e+00,7/13,28.59%,PSEN1;UBC;SQSTM1;MAPK8;UBA52;ITGB3BP;APH1B
prerank,Reactome_2022__KEAP1-NFE2L2 Pathway R-HSA-9755511,-0.2314992263682086,-1.0100997037929844,4.244306e-01,8.387453e-01,1.000000e+00,32/90,27.01%,ATF4;MAP1LC3B;AKT1;CREBBP;CSNK2B;CUL3;PSMF1;NOTCH1;PSMD6;PSMB6;CSNK2A2;PSME4;TKT;UBB;MAFK;PSME2;PSMB3;PSMA1;NFE2L2;PSMD9;PSME1;TALDO1;NPLOC4;PSMC2;HMOX1;PSMD7;MUL1;PSMC3;TRIM21;GSR;SRXN1;PSMD3
prerank,Reactome_2022__PKA Activation R-HSA-163615,0.4318199761038273,1.0099089926991438,4.501992e-01,8.717107e-01,1.000000e+00,2/8,0.59%,PRKACB;PRKAR1A
prerank,Reactome_2022__ERK/MAPK Targets R-HSA-198753,0.3809196614315047,1.0092381243122241,4.446721e-01,8.711829e-01,1.000000e+00,2/12,2.07%,MAPK14;PPP2R5D
prerank,Reactome_2022__Triglyceride Metabolism R-HSA-8979227,0.3654426617989115,1.0087321568429959,4.578544e-01,8.703450e-01,1.000000e+00,5/14,19.12%,PRKACB;PPP1CB;PPP1CC;LPIN2;GPD2
prerank,Reactome_2022__Cyclin E Associated Events During G1/S Transition R-HSA-69202,0.24972933487824972,1.0083575699150846,4.406130e-01,8.691712e-01,1.000000e+00,16/70,17.37%,RBL2;RBBP4;PSMD2;MAX;PSMD11;CDKN1B;PSMB2;AKT3;E2F4;PSMD10;PSMD4;UBC;CCNH;RB1;PSMD13;TFDP1
prerank,Reactome_2022__Synthesis Of Dolichyl-phosphate R-HSA-446199,-0.47285390372407843,-1.008122933452045,4.600840e-01,8.420753e-01,1.000000e+00,2/6,20.18%,MVD;NUS1
prerank,Reactome_2022__RNA Polymerase II Transcription R-HSA-73857,-0.17944429077368584,-1.0075122697663157,4.025974e-01,8.417298e-01,1.000000e+00,228/933,22.97%,U2AF2;RBM8A;ALYREF;ELOA;GATAD2A;LGALS3;CBX4;BRD7;ARID1B;MAGOH;WDR33;ZNF383;RUNX3;BCL6;NRAS;AKT1;H2AJ;TCF7;MED10;HIVEP3;ANAPC15;RABGGTA;TAF11;DDIT4;CREBBP;ZFPM1;CSNK2B;TAF10;FBXW7;SNW1;H2AX;LAMTOR1;PPP2CA;FURIN;TGFB1;LAMTOR4;SLU7;CPSF7;ERCC3;GATA3;FASN;PIP4K2A;PLXNA4;BRD2;TRIM33;SARNP;ZNF267;MGA;ZNF394;KMT2B;PHC2;MED30;ZNF484;BBC3;PRKAG1;POLR2C;PPP2CB;YES1;ING3;DDX39A;POLR2D;RHNO1;ANAPC11;KMT5A;RNPS1;EPC1;YAF2;PHAX;ZNF571;THOC7;RNMT;PSMF1;HIPK1;CARM1;COX7B;PRKCA;COX19;PRDX5;PCBP4;NOTCH1;PSMD6;ZNF180;CNOT1;ZNF34;USP7;TRIAP1;H3-3B;TAF15;NCBP1;COX5B;PSMB6;TNRC6A;AGO4;SESN3;AXIN1;COX6A1;ZNF600;PIDD1;PCGF5;ELOB;POLR2G;CSNK2A2;TAF4;SRSF9;AGO2;SURF1;NFKB1;HDAC9;PSME4;PRKCB;PABPN1;YWHAE;ELL;ZNF282;ZFP30;MNAT1;ZNF615;NUDT21;SRSF5;LRPPRC;H2AZ1;UBE2S;MDM4;SRSF2;PRKAG2;BRD1;CCNT1;NR1D2;UBB;CDK7;SREBF1;ZNF317;MED4;SUMO1;PINK1;CPSF6;KMT2E;IRAK1;MAF;ZNF682;MAPKAP1;ELF2;MLST8;RAD9A;ZNF540;LAMTOR5;TBL1X;COX8A;CALM1;POLR2E;PSME2;ZNF778;ZNF587;ZNF12;PSMB3;RABGGTB;SMURF1;PSMA1;CPSF1;ZFP14;CCNT2;PPM1D;NELFCD;ZNF350;TFDP2;ZNF440;POU2F1;ZNF331;NELFA;AREG;CNOT8;JMY;RTF1;ZNF14;ZNF101;INTS1;PHF20;COX16;ZNF211;SKIL;ZNF738;ZNF273;POLR2J;ARID1A;HIPK2;EED;PSMD9;SRRM1;NFYA;INTS6;MED17;RBPJ;ZNF184;PSME1;ZNF573;TAF3;SNAPC5;ZNF552;CDK12;ZNF268;ITGAL;CDK9;RUNX2;ABL1;PAPOLA;ZNF548;ELOF1;ZNF668;ZNF714;KMT2C;BANP;MED6;ZNF234;ING5;NR4A2;PRR5;TSC1;PCNA;ZNF619;ZNF70;UBE2I;CNOT2;ITGA2B;TRIM28;ZNF18;NELFB;PIP4K2C;RHEB
prerank,Reactome_2022__RNA Polymerase II Pre-transcription Events R-HSA-674695,-0.23977940577771378,-1.006372070638836,4.425163e-01,8.429236e-01,1.000000e+00,23/77,20.97%,ELOA;TAF11;TAF10;ERCC3;POLR2C;POLR2D;TAF15;NCBP1;ELOB;POLR2G;TAF4;ELL;MNAT1;CCNT1;CDK7;POLR2E;CCNT2;NELFCD;NELFA;RTF1;POLR2J;TAF3;CDK9
prerank,Reactome_2022__SUMO E3 Ligases SUMOylate Target Proteins R-HSA-3108232,0.22157900185356658,1.0061545249019663,4.191033e-01,8.734531e-01,1.000000e+00,28/137,17.38%,HDAC1;NUP62;TRIM27;NSMCE3;NUP50;DDX5;SMC6;SUZ12;MBD1;DDX17;HNRNPK;DAXX;HERC2;PHC3;MDC1;CDKN2A;PARP1;NUP37;RAD52;SMC1A;NPM1;NUP58;ZNF131;SP100;RORA;NUP188;NUP85;PPARA
prerank,Reactome_2022__HCMV Infection R-HSA-9609646,0.23099126410200269,1.0058324267031182,4.307992e-01,8.720278e-01,1.000000e+00,21/96,18.10%,NUP62;H2BC15;NUP50;RBBP4;SUZ12;DUT;MVB12A;HNRNPK;DAXX;H2AC6;RRM1;NUP37;CHMP1A;H2AC11;NUP58;CREB1;DYNLL1;VPS37A;NUP188;NUP85;H2AC4
prerank,Reactome_2022__SMAD2/3 Phosphorylation Motif Mutants In Cancer R-HSA-3304356,0.49782147480469463,1.004832627114936,4.734774e-01,8.725979e-01,1.000000e+00,1/5,0.11%,TGFBR2
prerank,Reactome_2022__RND3 GTPase Cycle R-HSA-9696264,-0.3163965769724745,-1.0041913959577282,4.551282e-01,8.471870e-01,1.000000e+00,5/23,8.97%,ARHGAP21;NISCH;SEMA4F;ARHGAP5;PIK3R1
prerank,Reactome_2022__Mitochondrial tRNA Aminoacylation R-HSA-379726,0.33810058209379734,1.004142512530896,4.696133e-01,8.723093e-01,1.000000e+00,6/19,20.74%,QARS1;RARS2;PPA2;IARS2;WARS2;MARS2
prerank,Reactome_2022__Metabolism Of Nitric Oxide: NOS3 Activation And Regulation R-HSA-202131,-0.4045434709431128,-1.0038742353363883,4.253579e-01,8.459902e-01,1.000000e+00,3/9,20.96%,AKT1;CALM1;WASL
prerank,Reactome_2022__Notch-HLH Transcription Pathway R-HSA-350054,0.3159755424201393,1.0036526712686524,4.406780e-01,8.714010e-01,1.000000e+00,6/23,14.02%,MAML1;HDAC1;HDAC8;HDAC5;KAT2A;HDAC6
prerank,Reactome_2022__G2/M Transition R-HSA-69275,0.216814290800333,1.0034062470700735,4.446602e-01,8.698152e-01,1.000000e+00,31/153,17.51%,CEP57;TUBA1A;XPO1;CKAP5;RBBP4;CEP250;PSMD2;PPP1CB;PSMD11;PSMB2;CNTRL;CDC25B;PAFAH1B1;PCNT;PHLDA1;CEP290;HAUS1;CEP78;HAUS4;PSMD10;PSMD4;UBC;CCNH;CDK5RAP2;RBX1;SFI1;DYNLL1;PCM1;LCMT1;PSMD13;TUBB
prerank,Reactome_2022__Metabolism Of Angiotensinogen To Angiotensins R-HSA-2022377,-0.44875567212462963,-1.0032227556582503,4.556962e-01,8.457289e-01,1.000000e+00,1/7,6.46%,CTSD
prerank,Reactome_2022__Inflammasomes R-HSA-622312,-0.33843511631067086,-1.003213779244291,4.468938e-01,8.436438e-01,1.000000e+00,5/16,23.81%,PSTPIP1;NFKB1;P2RX7;NLRP1;HMOX1
prerank,Reactome_2022__Beta Oxidation Of decanoyl-CoA To octanoyl-CoA-CoA R-HSA-77346,0.47244895009714766,1.0030639016238156,4.833948e-01,8.685217e-01,1.000000e+00,3/6,12.05%,HADHA;HADH;ACADM
prerank,Reactome_2022__TP53 Regulates Transcription Of DNA Repair Genes R-HSA-6796648,-0.25273559991378364,-1.002915241711067,4.589474e-01,8.423190e-01,1.000000e+00,17/58,20.97%,ELOA;ERCC3;POLR2C;POLR2D;ELOB;POLR2G;ELL;MNAT1;CCNT1;CDK7;POLR2E;CCNT2;NELFCD;NELFA;POLR2J;CDK12;CDK9
prerank,Reactome_2022__Transcriptional Regulation By Small RNAs R-HSA-5578749,-0.24983330878271917,-1.0024441217235074,4.623431e-01,8.416008e-01,1.000000e+00,13/63,13.31%,H2AJ;H2AX;NUP54;POLR2C;POLR2D;H3-3B;NUP133;TNRC6A;SEH1L;POLR2G;AGO2;H2AZ1;SEC13
prerank,Reactome_2022__Toll-like Receptor Cascades R-HSA-168898,0.2263178441531996,1.0022017925197135,4.658869e-01,8.687154e-01,1.000000e+00,31/109,22.68%,PTPN4;MAPK14;S100A8;UBE2D2;MAP2K4;S100A9;PPP2R5D;MAP2K1;JUN;SARM1;USP14;IRAK4;GSDMD;RIPK1;LRRC14;EEA1;IRF3;UBC;CREB1;SIGIRR;PIK3R4;UBE2D3;MEF2A;MAPK8;PTPN11;TIRAP;TIFA;HMGB1;TP53;FADD;NKIRAS2
prerank,Reactome_2022__Citric Acid Cycle (TCA Cycle) R-HSA-71403,-0.33918928074596755,-1.0011763736667878,4.562500e-01,8.432674e-01,1.000000e+00,10/18,30.88%,CS;SDHB;DLST;SDHA;IDH2;IDH3G;IDH3B;SDHD;SUCLG1;LDLR
prerank,Reactome_2022__Ubiquinol Biosynthesis R-HSA-2142789,0.45213039074257927,1.0004662042627106,4.863281e-01,8.713511e-01,1.000000e+00,4/7,24.82%,COQ7;COQ5;COQ9;COQ6
prerank,Reactome_2022__Advanced Glycosylation Endproduct Receptor Signaling R-HSA-879415,-0.40398776733929403,-0.999588466382348,4.439462e-01,8.458438e-01,1.000000e+00,3/9,11.20%,LGALS3;DDOST;CAPZA2
prerank,Reactome_2022__Paradoxical Activation Of RAF Signaling By Kinase Inactive BRAF R-HSA-6802955,0.29749944888445656,0.9993239787498122,4.584178e-01,8.725477e-01,1.000000e+00,6/28,10.22%,ARAF;MAP2K1;VCL;APBB1IP;YWHAB;RAP1B
prerank,Reactome_2022__AUF1 (hnRNP D0) Binds And Destabilizes mRNA R-HSA-450408,0.2643988912938674,0.9989225740176483,4.562738e-01,8.713948e-01,1.000000e+00,11/51,14.05%,PSMD2;HNRNPD;PSMD11;HSPB1;PSMB2;PSMD10;EIF4G1;PABPC1;PSMD4;HSPA8;UBC
prerank,Reactome_2022__Sealing Of Nuclear Envelope (NE) By ESCRT-III R-HSA-9668328,-0.3325883195844953,-0.9984176365649337,4.811133e-01,8.470561e-01,1.000000e+00,7/18,17.23%,CHMP4B;TUBB4B;CHMP2B;CHMP2A;TUBA4A;TUBB2A;VPS4A
prerank,Reactome_2022__Interleukin-2 Family Signaling R-HSA-451927,0.2898290897800675,0.9981702630308384,4.406780e-01,8.712790e-01,1.000000e+00,10/32,21.43%,STAT3;STAT4;IL5RA;STAT5A;HAVCR2;LCK;PIK3CA;INPP5D;PIK3R2;PIK3R3
prerank,Reactome_2022__Mitotic G2-G2/M Phases R-HSA-453274,0.21479153855355204,0.9971631598230976,4.625720e-01,8.718707e-01,1.000000e+00,31/154,17.51%,CEP57;TUBA1A;XPO1;CKAP5;RBBP4;CEP250;PSMD2;PPP1CB;PSMD11;PSMB2;CNTRL;CDC25B;PAFAH1B1;PCNT;PHLDA1;CEP290;HAUS1;CEP78;HAUS4;PSMD10;PSMD4;UBC;CCNH;CDK5RAP2;RBX1;SFI1;DYNLL1;PCM1;LCMT1;PSMD13;TUBB
prerank,Reactome_2022__GTP Hydrolysis And Joining Of 60S Ribosomal Subunit R-HSA-72706,0.293313562898246,0.9971626343499418,4.634615e-01,8.695847e-01,1.000000e+00,7/29,12.17%,EIF3A;EIF4B;EIF2S1;EIF3L;EIF3E;EIF4A2;EIF4G1
prerank,Reactome_2022__SMAC (DIABLO) Binds To IAPs R-HSA-111463,-0.43513174751526884,-0.9971255476758584,4.874275e-01,8.469093e-01,1.000000e+00,2/7,7.42%,DIABLO;CASP3
prerank,"Reactome_2022__SMAC, XIAP-regulated Apoptotic Response R-HSA-111469",-0.43513174751526884,-0.9971255476758584,4.874275e-01,8.469093e-01,1.000000e+00,2/7,7.42%,DIABLO;CASP3
prerank,Reactome_2022__Regulation Of Gene Expression In Late Stage (Branching Morphogenesis) Pancreatic Bud Precursor Cells R-HSA-210744,-0.38846385008902184,-0.997025356108638,4.444444e-01,8.451252e-01,1.000000e+00,3/10,7.18%,CREBBP;SNW1;NOTCH1
prerank,Reactome_2022__Signaling By NOTCH1 R-HSA-1980143,0.25301368798120377,0.9959190503246926,4.665392e-01,8.710506e-01,1.000000e+00,14/55,15.38%,MAML1;HDAC1;HDAC8;PSEN1;HIF1A;HDAC5;ITCH;ADAM10;KAT2A;TLE3;HDAC6;UBC;TLE1;RBX1
prerank,Reactome_2022__MTOR Signaling R-HSA-165159,0.28141811688390356,0.9954532735995494,4.683301e-01,8.701571e-01,1.000000e+00,11/35,19.70%,STRADA;RRAGA;EIF4B;YWHAB;EEF2K;EIF4G1;SLC38A9;PPM1A;AKT1S1;MTOR;RRAGB
prerank,Reactome_2022__Neuronal System R-HSA-112316,0.2292248526530314,0.9950980352105653,4.599237e-01,8.689575e-01,1.000000e+00,27/100,20.64%,PRKACB;PRKAR1A;ARL6IP5;EPB41;KCNA3;KCNAB2;SLC1A7;NPTN;MYO6;NCALD;GNG10;VAMP2;SIPA1L1;LIN7B;PPFIA1;SHARPIN;PICK1;HSPA8;ABAT;CREB1;IL1RAP;DLG1;PDLIM5;SH2D3C;APBA3;DLGAP4;AP2B1
prerank,Reactome_2022__Toll Like Receptor 4 (TLR4) Cascade R-HSA-166016,0.22862325063204478,0.9943054920148242,4.752852e-01,8.690279e-01,1.000000e+00,14/100,8.96%,PTPN4;MAPK14;S100A8;UBE2D2;MAP2K4;S100A9;PPP2R5D;MAP2K1;JUN;SARM1;USP14;IRAK4;RIPK1;LRRC14
prerank,Reactome_2022__Generic Transcription Pathway R-HSA-212436,-0.17862381808778086,-0.9943023113630213,4.823789e-01,8.509655e-01,1.000000e+00,201/816,22.97%,ELOA;GATAD2A;LGALS3;CBX4;BRD7;ARID1B;ZNF383;RUNX3;BCL6;NRAS;AKT1;H2AJ;TCF7;MED10;HIVEP3;ANAPC15;RABGGTA;TAF11;DDIT4;CREBBP;ZFPM1;CSNK2B;TAF10;FBXW7;SNW1;H2AX;LAMTOR1;PPP2CA;FURIN;TGFB1;LAMTOR4;ERCC3;GATA3;FASN;PIP4K2A;PLXNA4;BRD2;TRIM33;ZNF267;MGA;ZNF394;KMT2B;PHC2;MED30;ZNF484;BBC3;PRKAG1;POLR2C;PPP2CB;YES1;ING3;POLR2D;RHNO1;ANAPC11;KMT5A;EPC1;YAF2;ZNF571;RNMT;PSMF1;HIPK1;CARM1;COX7B;PRKCA;COX19;PRDX5;PCBP4;NOTCH1;PSMD6;ZNF180;CNOT1;ZNF34;USP7;TRIAP1;H3-3B;TAF15;COX5B;PSMB6;TNRC6A;AGO4;SESN3;AXIN1;COX6A1;ZNF600;PIDD1;PCGF5;ELOB;POLR2G;CSNK2A2;TAF4;AGO2;SURF1;NFKB1;HDAC9;PSME4;PRKCB;YWHAE;ELL;ZNF282;ZFP30;MNAT1;ZNF615;LRPPRC;H2AZ1;UBE2S;MDM4;PRKAG2;BRD1;CCNT1;NR1D2;UBB;CDK7;SREBF1;ZNF317;MED4;SUMO1;PINK1;KMT2E;IRAK1;MAF;ZNF682;MAPKAP1;ELF2;MLST8;RAD9A;ZNF540;LAMTOR5;TBL1X;COX8A;CALM1;POLR2E;PSME2;ZNF778;ZNF587;ZNF12;PSMB3;RABGGTB;SMURF1;PSMA1;ZFP14;CCNT2;PPM1D;NELFCD;ZNF350;TFDP2;ZNF440;ZNF331;NELFA;AREG;CNOT8;JMY;ZNF14;ZNF101;PHF20;COX16;ZNF211;SKIL;ZNF738;ZNF273;POLR2J;ARID1A;HIPK2;EED;PSMD9;NFYA;MED17;RBPJ;ZNF184;PSME1;ZNF573;TAF3;ZNF552;CDK12;ZNF268;ITGAL;CDK9;RUNX2;ABL1;ZNF548;ELOF1;ZNF668;ZNF714;KMT2C;BANP;MED6;ZNF234;ING5;NR4A2;PRR5;TSC1;PCNA;ZNF619;ZNF70;UBE2I;CNOT2;ITGA2B;TRIM28;ZNF18;NELFB;PIP4K2C;RHEB
prerank,Reactome_2022__Gap-filling DNA Repair Synthesis And Ligation In TC-NER R-HSA-6782210,0.25146720722457927,0.9942444366715664,4.671815e-01,8.669979e-01,1.000000e+00,13/58,15.43%,RPA3;RFC5;POLK;GTF2H1;RFC4;ZNF830;GTF2H3;ERCC8;POLR2I;UBC;CCNH;RBX1;GTF2H5
prerank,Reactome_2022__Acyl Chain Remodelling Of PG R-HSA-1482925,0.5019953122312755,0.9942056978845362,4.929860e-01,8.648596e-01,1.000000e+00,3/5,22.90%,LPCAT1;CRLS1;LPCAT4
prerank,Reactome_2022__Interleukin-10 Signaling R-HSA-6783783,-0.33911013525392414,-0.9936533031087109,4.458333e-01,8.507121e-01,1.000000e+00,6/16,18.99%,TIMP1;CCL5;CCL4;IL18;TYK2;ICAM1
prerank,Reactome_2022__mRNA Decay By 3 To 5 Exoribonuclease R-HSA-429958,0.34665772181117177,0.9930413619627338,4.586466e-01,8.659349e-01,1.000000e+00,4/16,18.81%,EXOSC2;EXOSC3;EXOSC8;DIS3
prerank,Reactome_2022__Cell Surface Interactions At Vascular Wall R-HSA-202733,0.24754802775010099,0.9924455394134862,4.587332e-01,8.653266e-01,1.000000e+00,18/63,21.20%,ITGA4;S100A9;GLG1;CD47;PLCG1;SELPLG;CD48;LCK;PIK3CA;PICK1;SLC16A3;ITGA6;INPP5D;PPIL2;CD2;PIK3R2;PTPN11;SLC7A6
prerank,Reactome_2022__M Phase R-HSA-68886,0.1953712186402673,0.9920628084717961,4.707071e-01,8.642422e-01,1.000000e+00,61/303,17.64%,CEP57;TUBA1A;PPP2R5A;KPNB1;XPO1;CKAP5;KIF2A;NUP62;H2BC15;LBR;NUP50;NEK9;PPP2R5D;TMPO;CEP250;PSMD2;PSMD11;PPP2R5C;ANAPC10;NEK7;NDEL1;HDAC8;PSMB2;USO1;BUB3;RAN;H2AC6;CDC26;CNTRL;ZWILCH;VRK1;NUP37;PAFAH1B1;PCNT;CEP290;SMC1A;HAUS1;CEP78;HAUS4;TAOK1;PSMD10;BLZF1;CC2D1B;NUP58;PSMD4;PPP1CC;UBC;NIPBL;CDK5RAP2;ZW10;SFI1;DYNLL1;PCM1;LPIN2;RB1;NUP188;PSMD13;CDC16;NUP85;TUBB;TUBA1C
prerank,Reactome_2022__SUMOylation Of DNA Damage Response And Repair Proteins R-HSA-3108214,0.24212246886094074,0.9914667911482613,4.959350e-01,8.637062e-01,1.000000e+00,16/71,17.33%,NUP62;NSMCE3;NUP50;SMC6;HERC2;PHC3;MDC1;CDKN2A;PARP1;NUP37;RAD52;SMC1A;NUP58;SP100;NUP188;NUP85
prerank,Reactome_2022__Regulation Of TP53 Degradation R-HSA-6804757,-0.2889111168021122,-0.9907192611946842,4.387097e-01,8.569992e-01,1.000000e+00,8/29,14.03%,AKT1;PPP2CA;PPP2CB;USP7;MDM4;UBB;MAPKAP1;MLST8
prerank,Reactome_2022__Cytochrome C-Mediated Apoptotic Response R-HSA-111461,0.37131324967723517,0.9904469828350561,4.785992e-01,8.645195e-01,1.000000e+00,3/12,8.93%,CYCS;APIP;CARD8
prerank,Reactome_2022__Signaling By CSF3 (G-CSF) R-HSA-9674555,-0.3058008411766927,-0.9903862267217016,4.769874e-01,8.559637e-01,1.000000e+00,7/24,12.45%,NRAS;RNF7;ELOB;CUL5;SOCS1;UBB;LYN
prerank,Reactome_2022__IL-6-type Cytokine Receptor Ligand Interactions R-HSA-6788467,-0.44692968830899865,-0.989755019314156,4.720000e-01,8.557180e-01,1.000000e+00,6/6,55.35%,TYK2;IL6ST;CLCF1;JAK1;CCM2;JAK2
prerank,Reactome_2022__Signaling By ERBB2 ECD Mutants R-HSA-9665348,0.36335084829035535,0.9896298805731517,4.572954e-01,8.647192e-01,1.000000e+00,4/13,12.73%,ERBIN;ERBB2;PLCG1;PIK3CA
prerank,Reactome_2022__HIV Infection R-HSA-162906,-0.20245234027639916,-0.9895135992421641,4.837310e-01,8.543543e-01,1.000000e+00,53/207,20.28%,ELOA;VPS37B;TAF11;ATP6V1H;TAF10;CHMP4B;FURIN;ERCC3;NUP54;POLR2C;CHMP2B;POLR2D;RNMT;PSMF1;PKN2;PSMD6;AP1S1;TAF15;NCBP1;NUP133;PSMB6;SEH1L;ELOB;POLR2G;TAF4;PSME4;ELL;CUL5;MNAT1;CCNT1;UBAP1;UBB;CDK7;SEC13;SLC25A5;POLR2E;PSME2;CHMP2A;PSMB3;PSMA1;DOCK2;CCNT2;NELFCD;KPNA1;VPS4A;NELFA;POM121;POLR2J;AP2A1;PSMD9;XRCC4;PSME1;TAF3
prerank,Reactome_2022__C-type Lectin Receptors (CLRs) R-HSA-5621481,-0.22137348348237648,-0.9890048968273769,4.555315e-01,8.537475e-01,1.000000e+00,21/106,16.21%,PKN1;UBE2M;NRAS;CARD11;CREBBP;ARHGEF7;PSMF1;PRKCA;PKN2;PSMD6;PSMB6;NFKB1;PSME4;NFATC1;IKBKB;UBB;LYN;CALM1;PSME2;PSMB3;PSMA1
prerank,Reactome_2022__Potassium Channels R-HSA-1296071,0.38627582360040585,0.9888153233602133,4.637405e-01,8.648417e-01,1.000000e+00,3/11,8.63%,KCNA3;KCNAB2;GNG10
prerank,Reactome_2022__Tie2 Signaling R-HSA-210993,-0.3717332928369118,-0.9887915743562145,4.793926e-01,8.522647e-01,1.000000e+00,6/11,27.95%,NRAS;PIK3R1;SHC1;PIK3CB;GRB2;HRAS
prerank,Reactome_2022__Negative Epigenetic Regulation Of rRNA Expression R-HSA-5250941,0.24415697179265544,0.9887484468718545,4.598131e-01,8.628377e-01,1.000000e+00,18/63,23.11%,HDAC1;UBTF;H2BC15;SMARCA5;TBP;GTF2H1;GTF2H3;H2AC6;POLR1H;CCNH;GTF2H5;POLR1D;TAF1B;H2AC4;POLR1E;SIN3B;H2BC9;H2BC12
prerank,Reactome_2022__Signaling By Leptin R-HSA-2586552,0.42382976356117985,0.9885575306155673,4.870775e-01,8.612162e-01,1.000000e+00,4/8,21.12%,STAT3;STAT5A;LEPROT;PTPN11
prerank,Reactome_2022__MAPK6/MAPK4 Signaling R-HSA-5687128,-0.2372335248525516,-0.9882628805641548,4.811715e-01,8.517473e-01,1.000000e+00,17/74,16.21%,PKN1;CDC42;ARHGEF7;PSMF1;PRKCA;PKN2;PSMD6;PSMB6;TNRC6A;AGO4;AGO2;PSME4;CDC14A;UBB;PSME2;PSMB3;PSMA1
prerank,Reactome_2022__Uptake And Actions Of Bacterial Toxins R-HSA-5339562,-0.3378535291364656,-0.98783434704744,4.383838e-01,8.510595e-01,1.000000e+00,4/16,6.03%,MAP2K2;FURIN;MAP2K3;MAP2K7
prerank,Reactome_2022__TBC/RABGAPs R-HSA-8854214,-0.2715659347527592,-0.9875863672501835,4.892368e-01,8.497764e-01,1.000000e+00,7/39,15.04%,RAB5C;MAP1LC3B;ULK1;TBC1D20;OPTN;ARF6;TBC1D10A
prerank,Reactome_2022__Erythropoietin Activates STAT5 R-HSA-9027283,-0.4522399358138727,-0.9872575444237769,4.811881e-01,8.487271e-01,1.000000e+00,2/6,12.45%,IRS2;LYN
prerank,Reactome_2022__Centrosome Maturation R-HSA-380287,0.23667125149118257,0.9870703633896071,4.657258e-01,8.634285e-01,1.000000e+00,16/74,17.51%,CEP57;TUBA1A;CKAP5;CEP250;CNTRL;PAFAH1B1;PCNT;CEP290;HAUS1;CEP78;HAUS4;CDK5RAP2;SFI1;DYNLL1;PCM1;TUBB
prerank,Reactome_2022__Prolonged ERK Activation Events R-HSA-169893,0.35631565444234575,0.9847999183049063,4.932821e-01,8.677702e-01,1.000000e+00,5/13,16.58%,MAP2K1;CRK;YWHAB;NTRK1;RAP1A
prerank,Reactome_2022__Role Of Nef In HIV-1 Replication And Disease Pathogenesis R-HSA-164952,-0.3143742471207846,-0.9847196642870456,4.796748e-01,8.541328e-01,1.000000e+00,9/21,27.61%,ATP6V1H;PKN2;AP1S1;DOCK2;AP2A1;AP2A2;AP1G1;AP2M1;AP1S2
prerank,Reactome_2022__Leishmania Infection R-HSA-9658195,0.22369605497268538,0.9843730808073327,5.116732e-01,8.667324e-01,1.000000e+00,18/111,11.27%,MAPK14;PRKACB;PRKAR1A;NCKAP1L;PTGER2;JUN;ADRB2;CYFIP2;CRK;ACTR3;PLCG1;GSDMD;GNG10;WASF2;NCK1;AHCYL1;RHBDF2;ACTR2
prerank,Reactome_2022__PKMTs Methylate Histone Lysines R-HSA-3214841,0.27147822852444375,0.9838152643961207,5.000000e-01,8.661717e-01,1.000000e+00,14/40,25.88%,RBBP4;SUZ12;ASH1L;EHMT1;SETDB2;AEBP2;SMYD3;EHMT2;DPY30;ATF7IP;ASH2L;NSD2;KMT5C;NSD3
prerank,Reactome_2022__Nicotinamide Salvaging R-HSA-197264,0.3900359249095797,0.9834886113950699,4.759152e-01,8.649650e-01,1.000000e+00,6/10,34.65%,PARP4;PARP10;PARP8;NAXE;NAPRT;PARP14
prerank,Reactome_2022__TNFR2 Non-Canonical NF-kB Pathway R-HSA-5668541,-0.2337039419045849,-0.9825637241253197,5.031056e-01,8.581480e-01,1.000000e+00,18/76,20.21%,UBE2M;LTA;CD70;BIRC2;TNFRSF9;PSMF1;PSMD6;PSMB6;TNFRSF11A;PSME4;UBB;PSME2;PSMB3;PSMA1;BIRC3;RELB;PSMD9;PSME1
prerank,Reactome_2022__Loss Of Function Of SMAD2/3 In Cancer R-HSA-3304349,0.4538723194062026,0.9823316353274523,4.707031e-01,8.661521e-01,1.000000e+00,1/6,0.11%,TGFBR2
prerank,Reactome_2022__SARS-CoV-2 Activates/Modulates Innate And Adaptive Immune Responses R-HSA-9705671,0.22654623703407634,0.9817643296002658,4.934579e-01,8.656646e-01,1.000000e+00,19/94,17.33%,G3BP1;TRIM4;NUP62;NUP50;SEC23A;TOMM70;CNBP;IFNAR1;STING1;SIKE1;NUP37;G3BP2;IFNAR2;NUP58;IRF3;RIGI;PIK3R4;NUP188;NUP85
prerank,Reactome_2022__Signaling By NTRK3 (TRKC) R-HSA-9034015,-0.38311875356365255,-0.9816226450034026,4.493671e-01,8.589130e-01,1.000000e+00,6/10,27.95%,NRAS;PIK3R1;SHC1;NELFB;GRB2;HRAS
prerank,Reactome_2022__Packaging Of Telomere Ends R-HSA-171306,-0.3204760406448468,-0.9814050027979614,4.880000e-01,8.575387e-01,1.000000e+00,3/21,3.06%,H2AJ;TERF1;H2AX
prerank,Reactome_2022__Sensory Perception R-HSA-9709957,-0.2497712875213398,-0.9810386103312413,4.818548e-01,8.565710e-01,1.000000e+00,24/59,23.87%,TWF1;RNF7;GNB1;C1D;METAP2;PRKCA;LRP8;WHRN;DHRS3;CAPZA2;CASK;TWF2;PDE6G;RDH10;CALM1;TRIOBP;PDE6B;PLCB2;ATP2B1;ITPR3;GSN;STX1A;KIF20B;CTBP2
prerank,"Reactome_2022__Platelet Activation, Signaling And Aggregation R-HSA-76002",0.2127871963615636,0.9804473128423209,5.281955e-01,8.673743e-01,1.000000e+00,25/145,12.76%,MAPK14;RASGRP1;PRKCQ;FAM3C;PIK3CG;TMX3;YWHAZ;ENDOD1;PLEK;SOD1;CRK;RASGRP2;ANXA5;VCL;PIKFYVE;APBB1IP;PTPN1;GNG10;STXBP3;RAP1B;TAGLN2;F2R;LCK;PIK3CA;CAP1
prerank,Reactome_2022__Diseases Of Glycosylation R-HSA-3781865,-0.2449452506910257,-0.980060495912318,4.770833e-01,8.572620e-01,1.000000e+00,15/58,20.84%,CHSY1;GALNT3;NOTCH1;LFNG;POMT1;B3GALT6;ADAMTS10;EXT1;DPM1;ALG12;B3GAT3;ADAMTS1;ALG9;NUS1;B4GALT7
prerank,Reactome_2022__Transcriptional Regulation By RUNX3 R-HSA-8878159,-0.23145798774852863,-0.9797583419929303,5.129870e-01,8.561203e-01,1.000000e+00,11/77,8.36%,RUNX3;NRAS;TCF7;CREBBP;SNW1;TGFB1;BRD2;PSMF1;NOTCH1;PSMD6;PSMB6
prerank,Reactome_2022__Synthesis Of Active Ubiquitin: Roles Of E1 And E2 Enzymes R-HSA-8866652,-0.2980764245643989,-0.9794550344559441,4.789030e-01,8.549566e-01,1.000000e+00,8/27,12.75%,OTULIN;UCHL3;USP7;UBE2G2;UBE2S;UBB;UBA6;UBA1
prerank,Reactome_2022__Regulation Of TP53 Expression And Degradation R-HSA-6806003,-0.2826366064253832,-0.9790294435935823,4.625268e-01,8.542814e-01,1.000000e+00,8/30,14.03%,AKT1;PPP2CA;PPP2CB;USP7;MDM4;UBB;MAPKAP1;MLST8
prerank,Reactome_2022__Metabolism Of Fat-Soluble Vitamins R-HSA-6806667,0.38707289966359726,0.9788523766823202,4.592445e-01,8.697898e-01,1.000000e+00,5/10,20.67%,LRP10;RDH11;VKORC1;AKR1C3;RETSAT
prerank,Reactome_2022__Alpha-Linolenic (Omega3) And Linoleic (Omega6) Acid Metabolism R-HSA-2046104,-0.3752892218941326,-0.9788277700140611,4.694323e-01,8.528406e-01,1.000000e+00,5/10,32.66%,ACOX1;ACAA1;FADS2;SYCP2;ACOT8
prerank,Reactome_2022__NOTCH1 Intracellular Domain Regulates Transcription R-HSA-2122947,0.26793210192389894,0.9786835399515247,4.719101e-01,8.681055e-01,1.000000e+00,11/40,15.38%,MAML1;HDAC1;HDAC8;HIF1A;HDAC5;KAT2A;TLE3;HDAC6;UBC;TLE1;RBX1
prerank,Reactome_2022__Signaling By PDGF R-HSA-186797,-0.2812332996319972,-0.978233441730745,4.760870e-01,8.526371e-01,1.000000e+00,4/30,3.28%,NCK2;NRAS;RAPGEF1;FURIN
prerank,Reactome_2022__Translocation Of ZAP-70 To Immunological Synapse R-HSA-202430,-0.3714347688585976,-0.9775441707273811,4.772727e-01,8.526608e-01,1.000000e+00,3/11,12.74%,HLA-DRB5;CD3D;HLA-DRB1
prerank,Reactome_2022__Anti-inflammatory Response Favoring Leishmania Infection R-HSA-9662851,0.2546671602750165,0.9775002675936555,4.971645e-01,8.694296e-01,1.000000e+00,12/53,15.75%,MAPK14;PRKACB;PRKAR1A;PTGER2;ADRB2;PLCG1;GNG10;AHCYL1;RHBDF2;CD247;CREB1;MC1R
prerank,Reactome_2022__Metabolism Of Folate And Pterines R-HSA-196757,-0.4013922946551401,-0.9771546709701416,4.912281e-01,8.518057e-01,1.000000e+00,3/9,17.73%,SLC25A32;FPGS;MTHFD2L
prerank,Reactome_2022__Biosynthesis Of N-glycan Precursor (Dolichol LLO) And Transfer To Protein R-HSA-446193,0.24491632375066846,0.9770382565372882,4.821092e-01,8.685234e-01,1.000000e+00,21/58,30.94%,ST8SIA4;ALG13;ST6GAL1;CTSA;CMAS;ST3GAL1;ALG6;DPAGT1;ALG3;GLB1;GMDS;ALG1;PGM3;ST3GAL5;FCSK;DOLPP1;ST3GAL2;SLC35C1;ALG11;FPGT;ST3GAL3
prerank,Reactome_2022__Budding And Maturation Of HIV Virion R-HSA-162588,-0.3076113200851215,-0.9768894143975979,4.855372e-01,8.506655e-01,1.000000e+00,7/21,17.23%,VPS37B;CHMP4B;CHMP2B;UBAP1;UBB;CHMP2A;VPS4A
prerank,Reactome_2022__Cleavage Of Damaged Purine R-HSA-110331,-0.30761554846736217,-0.9759171927056398,4.789579e-01,8.513240e-01,1.000000e+00,3/24,3.06%,H2AJ;TERF1;H2AX
prerank,Reactome_2022__RHO GTPases Activate CIT R-HSA-5625900,0.3553878319592614,0.9753706915057075,4.812623e-01,8.710250e-01,1.000000e+00,2/13,5.41%,PPP1CB;CDKN1B
prerank,Reactome_2022__STAT5 Activation R-HSA-9645135,0.4956681720134017,0.9752308406358235,5.251938e-01,8.693152e-01,1.000000e+00,3/5,28.44%,STAT5A;PTPN11;FLT3LG
prerank,Reactome_2022__Myoclonic Epilepsy Of Lafora R-HSA-3785653,0.4886565664899054,0.9734501853475234,5.257143e-01,8.721569e-01,1.000000e+00,4/5,27.08%,GYG1;UBC;UBA52;GYS1
prerank,Reactome_2022__Signaling By ERBB2 In Cancer R-HSA-1227990,0.34809936859046076,0.9733752693525868,5.064220e-01,8.702155e-01,1.000000e+00,4/15,12.73%,ERBIN;ERBB2;PLCG1;PIK3CA
prerank,Reactome_2022__Vpr-mediated Nuclear Import Of PICs R-HSA-180910,0.2740367371891337,0.9731725889518625,4.941860e-01,8.686725e-01,1.000000e+00,11/33,26.70%,NUP62;NUP50;NUP37;PSIP1;NUP58;NUP188;NUP85;NUP42;HMGA1;NUP107;NUP93
prerank,Reactome_2022__Netrin-1 Signaling R-HSA-373752,0.31429421089683507,0.972980489674888,5.179584e-01,8.670688e-01,1.000000e+00,8/21,21.12%,MAPK14;PRKCQ;PLCG1;NCK1;NEO1;EZR;MAPK8;PTPN11
prerank,Reactome_2022__tRNA Processing In Mitochondrion R-HSA-6785470,0.48517056131785896,0.9720190420704361,5.452756e-01,8.676683e-01,1.000000e+00,2/5,16.06%,TRNT1;ELAC2
prerank,Reactome_2022__NS1 Mediated Effects On Host Pathways R-HSA-168276,0.26559150339462617,0.9712696390985585,5.057915e-01,8.676643e-01,1.000000e+00,9/40,17.33%,KPNB1;KPNA3;NUP62;NUP50;NUP37;NUP58;GNL3;NUP188;NUP85
prerank,Reactome_2022__FOXO-mediated Transcription Of Cell Cycle Genes R-HSA-9617828,0.3747510647078526,0.9711947298880861,4.693878e-01,8.657773e-01,1.000000e+00,2/12,5.41%,RBL2;CDKN1B
prerank,Reactome_2022__Mitochondrial Fatty Acid Beta-Oxidation Of Saturated Fatty Acids R-HSA-77286,0.4166532240223689,0.971151994435685,5.111940e-01,8.638386e-01,1.000000e+00,3/8,12.05%,HADHA;HADH;ACADM
prerank,Reactome_2022__Antigen Processing: Ubiquitination And Proteasome Degradation R-HSA-983168,-0.19407596036135938,-0.9710884645758516,5.198330e-01,8.627693e-01,1.000000e+00,48/240,16.31%,FBXO44;ZNRF2;UBE2M;RNF7;UBOX5;FBXW7;FBXL12;UBR1;ATG7;UBE2Q1;CUL3;MYLIP;ANAPC11;PSMF1;PSMD6;BTBD6;RNF19B;RNF130;MIB2;FBXL18;PSMB6;FBXO31;MEX3C;ELOB;FBXO9;UBE2G2;ARIH2;PSME4;RNF115;CUL5;SOCS1;FBXO11;UBE2S;UBB;TPP2;UBA6;FBXL5;UBA1;ASB6;DCAF1;RBBP6;KLHL2;DTX3L;PSME2;PSMB3;SMURF1;PSMA1;HERC5
prerank,Reactome_2022__Response Of EIF2AK1 (HRI) To Heme Deficiency R-HSA-9648895,-0.3526309467497471,-0.9708434503549948,4.777328e-01,8.614951e-01,1.000000e+00,3/13,10.38%,ATF4;CEBPG;ATF5
prerank,Reactome_2022__MAPK Targets/ Nuclear Events Mediated By MAP Kinases R-HSA-450282,-0.3254153791340388,-0.9707540628032186,5.102041e-01,8.597681e-01,1.000000e+00,4/18,5.22%,MAPKAPK2;PPP2CA;MAPK9;PPP2CB
prerank,Reactome_2022__CD163 Mediating An Anti-Inflammatory Response R-HSA-9662834,0.45397261189160554,0.9705042981287696,4.889780e-01,8.636039e-01,1.000000e+00,2/6,11.26%,MAPK14;RHBDF2
prerank,Reactome_2022__Assembly Of HIV Virion R-HSA-175474,-0.35359884327638946,-0.9704075857798583,4.779874e-01,8.587681e-01,1.000000e+00,4/13,12.26%,VPS37B;FURIN;UBAP1;UBB
prerank,Reactome_2022__Activation Of NF-kappaB In B Cells R-HSA-1169091,-0.23984945245798456,-0.9703149717571914,5.206612e-01,8.570913e-01,1.000000e+00,20/63,24.91%,CARD11;PSMF1;NFKBIB;PSMD6;PSMB6;NFKB1;PSME4;PRKCB;IKBKB;UBB;PSME2;REL;PSMB3;PSMA1;PSMD9;PSME1;NFKBIE;PSMC2;PSMD7;PSMC3
prerank,Reactome_2022__Mismatch Repair (MMR) Directed By MSH2:MSH6 (MutSalpha) R-HSA-5358565,0.3628603819436244,0.969896278141192,5.076336e-01,8.631937e-01,1.000000e+00,7/13,36.80%,RPA3;PMS2;LRIG1;MSH2;POLD3;MSH6;MLH1
prerank,Reactome_2022__Purine Catabolism R-HSA-74259,-0.39220365655986233,-0.969436859229532,5.084746e-01,8.574998e-01,1.000000e+00,6/10,29.97%,NUDT15;NT5C2;NUDT1;ITPA;NT5C;NT5E
prerank,Reactome_2022__HDR Thru Homologous Recombination (HRR) Or Single Strand Annealing (SSA) R-HSA-5693567,0.23340952872177972,0.9693130273994757,5.195312e-01,8.627474e-01,1.000000e+00,22/81,23.11%,H2BC15;PPP4R2;RPA3;RFC5;POLK;PPP4C;RFC4;HERC2;MDC1;RAD52;RAD17;UBC;ATRIP;MRE11;GEN1;ATM;TIMELESS;RNF8;RAD51C;H2BC9;NSD2;H2BC12
prerank,Reactome_2022__RHOBTB2 GTPase Cycle R-HSA-9013418,0.30598776941819694,0.969021871148477,5.028571e-01,8.614620e-01,1.000000e+00,7/23,15.20%,STK38;TMOD3;CCT6A;MYO6;RBMX;CCT2;CCT7
prerank,Reactome_2022__RUNX2 Regulates Genes Involved In Cell Migration R-HSA-8941332,-0.4428189615482342,-0.9675762105589399,5.290698e-01,8.608306e-01,1.000000e+00,1/6,1.47%,AKT1
prerank,Reactome_2022__Detoxification Of Reactive Oxygen Species R-HSA-3299685,0.32104963211230997,0.9669418626527081,5.173077e-01,8.653585e-01,1.000000e+00,4/19,9.80%,CYCS;SOD1;PRDX2;NUDT2
prerank,Reactome_2022__Prolactin Receptor Signaling R-HSA-1170546,0.3956138927896793,0.9668145609506426,4.970414e-01,8.636565e-01,1.000000e+00,3/9,21.12%,STAT5A;RBX1;PTPN11
prerank,Reactome_2022__RHO GTPases Activate Formins R-HSA-5663220,-0.22583555668584687,-0.9665875220851254,5.090543e-01,8.616751e-01,1.000000e+00,12/83,9.22%,MAPRE1;CENPP;CDC42;DYNLL2;PPP2CA;RHOC;PPP2CB;NUP133;DYNC1LI1;SEH1L;CENPT;DYNC1LI2
prerank,Reactome_2022__RHOH GTPase Cycle R-HSA-9013407,-0.290757961876819,-0.9662622092910271,5.123967e-01,8.606485e-01,1.000000e+00,5/30,8.55%,PKN1;ARHGDIA;LAMTOR1;PKN2;NSFL1C
prerank,Reactome_2022__Oncogenic MAPK Signaling R-HSA-6802957,0.24546453349401132,0.96606450463083,5.117647e-01,8.637328e-01,1.000000e+00,15/56,16.81%,ARAF;MAP2K1;PPP1CB;VCL;DUSP16;FAM114A2;APBB1IP;YWHAB;RAP1B;SND1;PPP1CC;TRIM24;AGGF1;RAP1A;ZC3HAV1
prerank,Reactome_2022__Signaling By ERBB2 KD Mutants R-HSA-9664565,0.3483559949144357,0.9660464614781855,5.035842e-01,8.617537e-01,1.000000e+00,4/14,12.73%,ERBIN;ERBB2;PLCG1;PIK3CA
prerank,Reactome_2022__Bile Acid And Bile Salt Metabolism R-HSA-194068,-0.3525450454183129,-0.9657847335769738,4.843424e-01,8.581562e-01,1.000000e+00,2/13,7.33%,NCOA1;OSBPL7
prerank,Reactome_2022__Synthesis Of Bile Acids And Bile Salts R-HSA-192105,-0.3525450454183129,-0.9657847335769738,4.843424e-01,8.581562e-01,1.000000e+00,2/13,7.33%,NCOA1;OSBPL7
prerank,Reactome_2022__Dual Incision In TC-NER R-HSA-6782135,0.24120927006000387,0.964656398562299,5.400763e-01,8.633277e-01,1.000000e+00,13/60,15.43%,RPA3;RFC5;POLK;GTF2H1;RFC4;ZNF830;GTF2H3;ERCC8;POLR2I;UBC;CCNH;RBX1;GTF2H5
prerank,Reactome_2022__Transport Of Mature mRNA Derived From An Intronless Transcript R-HSA-159231,-0.2588456488840046,-0.961928262640333,5.095137e-01,8.669820e-01,1.000000e+00,6/41,8.84%,ALYREF;WDR33;NUP54;NCBP1;NUP133;SEH1L
prerank,Reactome_2022__HDACs Deacetylate Histones R-HSA-3214815,0.25382598527164923,0.9617961876262493,5.138889e-01,8.688663e-01,1.000000e+00,13/48,23.11%,HDAC1;H2BC15;RBBP4;HDAC8;H2AC6;H2AC11;ARID4A;MTA2;REST;H2AC4;H2BC9;BRMS1L;H2BC12
prerank,Reactome_2022__DAG And IP3 Signaling R-HSA-1489509,-0.30158276611715873,-0.9613528968287328,5.181237e-01,8.667309e-01,1.000000e+00,7/22,14.93%,GRK2;ADCY7;PRKCA;KPNA2;PRKAR2A;ADCY9;CALM1
prerank,Reactome_2022__Cell-Cell Communication R-HSA-1500931,0.2563679291890561,0.9608253707539196,5.241636e-01,8.694048e-01,1.000000e+00,15/48,21.12%,SPTAN1;ARHGEF6;CD47;CADM1;NCK1;PIK3CA;ILK;ITGA6;PATJ;VASP;CTNNB1;PALS1;PIK3R2;SKAP2;PTPN11
prerank,Reactome_2022__Glycolysis R-HSA-70171,0.2438292388177474,0.9598956419974344,5.188679e-01,8.699233e-01,1.000000e+00,13/56,17.33%,PRKACB;NUP62;NUP50;PPP2R5D;HOOK2;PFKP;NUP37;MAP4K2;GNPDA2;NUP58;PKM;NUP188;NUP85
prerank,Reactome_2022__Retrograde Transport At Trans-Golgi-Network R-HSA-6811440,-0.2607614286010005,-0.9591189841210758,5.401174e-01,8.708962e-01,1.000000e+00,7/43,11.33%,NAPG;VPS53;IGF2R;COG3;SYS1;VTI1A;VPS54
prerank,Reactome_2022__Virus Assembly And Release R-HSA-168268,0.48220053966523846,0.9589430969928465,5.488565e-01,8.705636e-01,1.000000e+00,2/5,13.48%,PBRM1;GNL3
prerank,Reactome_2022__PTEN Regulation R-HSA-6807070,-0.21162735553489145,-0.9584958380963768,5.582822e-01,8.706304e-01,1.000000e+00,18/122,10.13%,ATN1;GATAD2A;CBX4;AKT1;EGR1;CSNK2B;LAMTOR1;LAMTOR4;PHC2;PSMF1;PSMD6;USP7;PSMB6;TNRC6A;AGO4;CSNK2A2;AGO2;PSME4
prerank,Reactome_2022__Constitutive Signaling By Ligand-Responsive EGFR Cancer Variants R-HSA-1236382,-0.3308379283575495,-0.9578471007228724,4.933036e-01,8.704885e-01,1.000000e+00,5/15,20.02%,NRAS;PIK3R1;UBB;CDC37;SHC1
prerank,Reactome_2022__CTLA4 Inhibitory Signaling R-HSA-389513,0.33286312317635375,0.9575939662639725,5.201613e-01,8.722164e-01,1.000000e+00,5/17,12.55%,PPP2R5A;PPP2R5D;PPP2R5C;AKT3;LCK
prerank,Reactome_2022__Trafficking Of GluR2-containing AMPA Receptors R-HSA-416993,-0.38936667890786686,-0.95737153167264,5.247525e-01,8.698580e-01,1.000000e+00,6/9,31.22%,PRKCA;PRKCB;AP2A1;AP2A2;AP2M1;AP2S1
prerank,Reactome_2022__Oxygen-dependent Proline Hydroxylation Of Hypoxia-inducible Factor Alpha R-HSA-1234176,0.24690112065901784,0.957294527226526,5.146199e-01,8.710176e-01,1.000000e+00,16/57,23.73%,UBE2D2;PSMD2;PSMD11;EGLN1;PSMB2;HIF1A;PSMD10;PSMD4;UBC;RBX1;PSMD13;LIMD1;PSMA5;UBE2D3;PSME3;PSMB5
prerank,Reactome_2022__PKA-mediated Phosphorylation Of CREB R-HSA-111931,0.3781019145045559,0.9564403275813154,5.055762e-01,8.712398e-01,1.000000e+00,2/10,0.59%,PRKACB;PRKAR1A
prerank,Reactome_2022__Postmitotic Nuclear Pore Complex (NPC) Reformation R-HSA-9615933,0.28747649749518045,0.955632363858776,5.468750e-01,8.714048e-01,1.000000e+00,7/27,17.33%,KPNB1;NUP62;RAN;NUP37;NUP58;NUP188;NUP85
prerank,Reactome_2022__S Phase R-HSA-69242,0.2105957458969247,0.9548817234834028,5.762082e-01,8.713946e-01,1.000000e+00,26/131,17.37%,RBL2;RBBP4;PSMD2;MAX;PSMD11;RPA3;ANAPC10;MCM3;RFC5;CDKN1B;PSMB2;RFC4;AKT3;E2F4;CDC26;CDC25B;SMC1A;PSMD10;PSMD4;UBC;CCNH;RBX1;RB1;PSMD13;CDC16;TFDP1
prerank,Reactome_2022__Azathioprine ADME R-HSA-9748787,-0.36295690294358607,-0.9536422038114546,5.260960e-01,8.784216e-01,1.000000e+00,4/12,16.40%,NUDT15;GUK1;VAV3;TPMT
prerank,Reactome_2022__Constitutive Signaling By NOTCH1 HD Domain Mutants R-HSA-2691232,-0.3999910469391945,-0.9517467005078598,5.040486e-01,8.816304e-01,1.000000e+00,3/8,12.26%,NOTCH1;MIB2;UBB
prerank,Reactome_2022__Diseases Of Mitotic Cell Cycle R-HSA-9675126,0.2802778656015477,0.951074155114428,5.218254e-01,8.797174e-01,1.000000e+00,11/30,25.89%,ANAPC10;CDKN1B;DAXX;ATRX;CDC26;RB1;CDC16;TFDP1;CCND3;UBE2E1;CCND2
prerank,Reactome_2022__Negative Regulators Of DDX58/IFIH1 Signaling R-HSA-936440,0.276184262625038,0.9508810492517271,5.338078e-01,8.783050e-01,1.000000e+00,9/33,20.97%,UBE2D2;TRIM4;ATG5;ITCH;IRF3;UBC;RIGI;UBA7;UBE2D3
prerank,Reactome_2022__Defective TPR May Confer Susceptibility Towards Thyroid Papillary Carcinoma (TPC) R-HSA-5619107,0.27096147130745507,0.9495528844861097,5.507519e-01,8.800635e-01,1.000000e+00,10/31,26.70%,NUP62;NUP50;NUP37;MAP4K2;NUP58;NUP188;NUP85;NUP42;NUP107;NUP93
prerank,Reactome_2022__Signaling To RAS R-HSA-167044,0.3499088492007036,0.9492495938683909,5.424710e-01,8.788810e-01,1.000000e+00,3/13,7.07%,MAPK14;RALGDS;RALA
prerank,Reactome_2022__Signaling By NOTCH R-HSA-157118,0.20171257996642666,0.9490887428146006,5.890152e-01,8.772948e-01,1.000000e+00,36/156,18.10%,MAML1;HDAC1;H2BC15;JUN;PSMD2;IKZF1;YWHAZ;PSMD11;GZMB;ATP2A3;HDAC8;PSMB2;PSEN1;HIF1A;HDAC5;H2AC6;ITCH;POFUT1;ADAM10;ACTA2;PSMD10;MFNG;KAT2A;PSMD4;TLE3;HDAC6;UBC;YBX1;TLE1;RBX1;CREB1;PSMD13;TFDP1;RAB6A;SMAD3;H2AC4
prerank,Reactome_2022__Intra-Golgi And Retrograde Golgi-to-ER Traffic R-HSA-6811442,0.20327654855619173,0.947899170961188,5.963855e-01,8.785252e-01,1.000000e+00,28/142,17.90%,CYTH1;CYTH2;MAN1A1;ARF4;KIF2A;TRIP11;VPS51;GCC2;CAPZA1;KIF3B;ARCN1;COPB1;KIF21A;GOLGA1;PAFAH1B1;NAA35;BET1L;COG7;SCOC;PTGES2;CYTH4;ZW10;KIF9;DYNLL1;RAB6A;COG6;NBAS;COPB2
prerank,Reactome_2022__TNFR1-induced NFkappaB Signaling Pathway R-HSA-5357956,-0.2897670885267334,-0.9477392883260368,5.394456e-01,8.909087e-01,1.000000e+00,6/25,16.36%,BIRC2;USP4;IKBKB;USP25;TRAF1;BIRC3
prerank,Reactome_2022__Caspase Activation Via Dependence Receptors In Absence Of Ligand R-HSA-418889,0.43875404861560974,0.9459620878194307,5.542169e-01,8.816857e-01,1.000000e+00,3/6,12.80%,MAGED1;DAPK2;APPL1
prerank,Reactome_2022__Insulin Receptor Recycling R-HSA-77387,-0.32256883759573823,-0.9446734779963661,5.548246e-01,8.974049e-01,1.000000e+00,4/16,14.23%,TCIRG1;ATP6V1H;ATP6V0C;ATP6V1G1
prerank,Reactome_2022__Establishment Of Sister Chromatid Cohesion R-HSA-2468052,-0.39493817459734015,-0.9441190185602827,5.355649e-01,8.969970e-01,1.000000e+00,3/9,11.95%,ESCO1;PMEPA1;SMC3
prerank,Reactome_2022__Zinc Transporters R-HSA-435354,0.34852409093522824,0.9441187767793154,5.218216e-01,8.846861e-01,1.000000e+00,4/12,31.55%,SLC39A6;SLC30A6;SLC39A10;SLC39A3
prerank,Reactome_2022__Transport Of Mature mRNAs Derived From Intronless Transcripts R-HSA-159234,-0.2530798993742655,-0.9437957837988761,5.458422e-01,8.958365e-01,1.000000e+00,6/42,8.84%,ALYREF;WDR33;NUP54;NCBP1;NUP133;SEH1L
prerank,Reactome_2022__Major Pathway Of rRNA Processing In Nucleolus And Cytosol R-HSA-6791226,-0.2176618337812154,-0.9436491115697618,5.811088e-01,8.943545e-01,1.000000e+00,19/96,17.82%,DDX52;KRR1;BYSL;NOL12;UTP3;C1D;EXOSC10;CSNK1D;ISG20L2;PDCD11;RIOK3;LTV1;WDR36;RSL24D1;SENP3;PNO1;CSNK1E;BUD23;UTP11
prerank,Reactome_2022__TP53 Regulates Transcription Of Genes Involved In G2 Cell Cycle Arrest R-HSA-6804114,0.33898792795055666,0.9425493909809555,5.291829e-01,8.867632e-01,1.000000e+00,5/13,22.50%,RBL2;E2F4;TFDP1;REXO2;TP53
prerank,Reactome_2022__Transcription-Coupled Nucleotide Excision Repair (TC-NER) R-HSA-6781827,0.22865258121776236,0.9425392286677614,5.451197e-01,8.847834e-01,1.000000e+00,15/71,15.43%,COPS5;RPA3;COPS7A;RFC5;POLK;GTF2H1;RFC4;ZNF830;GTF2H3;ERCC8;POLR2I;UBC;CCNH;RBX1;GTF2H5
prerank,Reactome_2022__RUNX3 Regulates BCL2L11 (BIM) Transcription R-HSA-8952158,-0.45700677409463963,-0.9419791584786718,5.326316e-01,8.969947e-01,1.000000e+00,1/5,1.25%,RUNX3
prerank,Reactome_2022__Selenoamino Acid Metabolism R-HSA-2408522,0.2880514299384002,0.9401952873400344,5.356455e-01,8.888809e-01,1.000000e+00,9/26,27.85%,DARS1;QARS1;SARS1;EPRS1;TXNRD1;EEFSEC;IARS1;UBA52;SEPHS2
prerank,Reactome_2022__Transferrin Endocytosis And Recycling R-HSA-917977,-0.307316631300339,-0.9401478762707994,5.336134e-01,9.000524e-01,1.000000e+00,4/18,14.23%,TCIRG1;ATP6V1H;ATP6V0C;ATP6V1G1
prerank,Reactome_2022__Lipophagy R-HSA-9613354,-0.41325649005945253,-0.9390223315446631,4.942308e-01,9.010421e-01,1.000000e+00,3/7,21.14%,PRKAG1;PRKAG2;PLIN3
prerank,Reactome_2022__Insulin Processing R-HSA-264876,0.31774380334136754,0.9388729327673659,5.414938e-01,8.903624e-01,1.000000e+00,4/18,21.06%,VAMP2;EXOC1;SLC30A6;EXOC2
prerank,Reactome_2022__Formation Of beta-catenin:TCF Transactivating Complex R-HSA-201722,-0.25150876823152113,-0.9384976975290754,5.618449e-01,9.006408e-01,1.000000e+00,8/42,11.44%,RUNX3;H2AJ;TCF7;CREBBP;H2AX;H3-3B;TLE4;H2AZ1
prerank,Reactome_2022__Separation Of Sister Chromatids R-HSA-2467813,0.20633246345051956,0.9376113806232046,5.947047e-01,8.917285e-01,1.000000e+00,28/135,17.33%,PPP2R5A;XPO1;CKAP5;KIF2A;PPP2R5D;PSMD2;PSMD11;PPP2R5C;ANAPC10;NDEL1;HDAC8;PSMB2;BUB3;CDC26;ZWILCH;NUP37;PAFAH1B1;SMC1A;TAOK1;PSMD10;PSMD4;PPP1CC;UBC;ZW10;DYNLL1;PSMD13;CDC16;NUP85
prerank,Reactome_2022__Metabolism Of Steroids R-HSA-8957322,-0.21700434309619965,-0.9365102945915417,6.236786e-01,9.042689e-01,1.000000e+00,17/85,14.80%,SEC24C;CREBBP;FASN;SEC24B;NCOA1;CARM1;OSBPL7;STARD4;TSPOAP1;SEC24A;MVD;SREBF1;TSPO;STARD3;INSIG1;TBL1X;PMVK
prerank,Reactome_2022__mRNA Splicing - Minor Pathway R-HSA-72165,-0.2450250284283378,-0.9363232082239397,5.496957e-01,9.029068e-01,1.000000e+00,12/49,19.11%,SF3B6;EFTUD2;POLR2C;POLR2D;NCBP1;POLR2G;SNRNP25;SRSF2;ZCRB1;POLR2E;ZRSR2;POLR2J
prerank,Reactome_2022__NCAM1 Interactions R-HSA-419037,0.430397423292506,0.9359023349227343,5.260000e-01,8.944265e-01,1.000000e+00,1/6,0.53%,ST8SIA4
prerank,Reactome_2022__MicroRNA (miRNA) Biogenesis R-HSA-203927,-0.28390664084236605,-0.9354456760138566,5.344130e-01,9.033846e-01,1.000000e+00,5/24,9.50%,POLR2C;POLR2D;AGO4;POLR2G;AGO2
prerank,Reactome_2022__Erythropoietin Activates Phosphoinositide-3-kinase (PI3K) R-HSA-9027276,-0.36274180851555843,-0.9348117499788247,5.423387e-01,9.032299e-01,1.000000e+00,3/11,12.45%,IRS2;PIK3R1;LYN
prerank,Reactome_2022__Conversion From APC/C:Cdc20 To APC/C:Cdh1 In Late Anaphase R-HSA-176407,-0.3095532242979442,-0.9342836122244775,5.401606e-01,9.027532e-01,1.000000e+00,4/18,12.11%,ANAPC15;ANAPC11;UBE2S;CDC14A
prerank,Reactome_2022__Mitochondrial Iron-Sulfur Cluster Biogenesis R-HSA-1362409,-0.34271416150610884,-0.9333610815351349,5.384615e-01,9.034142e-01,1.000000e+00,3/13,9.86%,FXN;GLRX5;ISCA1
prerank,Reactome_2022__Disorders Of Developmental Biology R-HSA-9675151,0.3508997770668352,0.9322964976941646,5.451128e-01,9.020588e-01,1.000000e+00,2/12,6.87%,HDAC1;MECP2
prerank,Reactome_2022__Interferon Gamma Signaling R-HSA-877300,0.23146299924904953,0.9300535455953044,5.847619e-01,9.059106e-01,1.000000e+00,11/62,14.94%,GBP5;TRIM22;IRF2;BCL11B;IFNG;TRIM35;GBP4;PTPN1;TRIM38;IRF3;SP100
prerank,Reactome_2022__Nephrin Family Interactions R-HSA-373753,-0.3220116756964341,-0.9292832138208202,5.537849e-01,9.125317e-01,1.000000e+00,4/15,11.30%,NCK2;PIK3R1;ACTN4;CASK
prerank,Reactome_2022__HSP90 Chaperone Cycle For Steroid Hormone Receptors (SHR) In Presence Of Ligand R-HSA-3371497,0.2718094061918317,0.9290840606962424,5.703422e-01,9.064259e-01,1.000000e+00,8/33,16.43%,DNAJA2;CAPZA1;FKBP5;PTGES3;STIP1;FKBP4;HSPA8;DYNLL1
prerank,Reactome_2022__GRB2 Events In ERBB2 Signaling R-HSA-1963640,-0.42307725815969704,-0.9289654479050892,5.190678e-01,9.113973e-01,1.000000e+00,1/6,1.40%,NRAS
prerank,Reactome_2022__Cleavage Of Damaged Pyrimidine R-HSA-110329,-0.27721926010461057,-0.9273615476754057,5.549133e-01,9.138827e-01,1.000000e+00,3/29,3.06%,H2AJ;TERF1;H2AX
prerank,Reactome_2022__APEX1-Independent Resolution Of AP Sites Via Single Nucleotide Replacement Pathway R-HSA-5649702,-0.432998880092146,-0.9273056554425024,5.541401e-01,9.121165e-01,1.000000e+00,3/6,24.27%,NEIL1;POLG2;PNKP
prerank,Reactome_2022__Constitutive Signaling By AKT1 E17K In Cancer R-HSA-5674400,-0.2913464074848481,-0.9271905118749059,5.427928e-01,9.104991e-01,1.000000e+00,5/23,14.03%,AKT1;BAD;GSK3A;MAPKAP1;MLST8
prerank,Reactome_2022__Senescence-Associated Secretory Phenotype (SASP) R-HSA-2559582,0.23646328400336084,0.9271812779811531,5.925197e-01,9.096263e-01,1.000000e+00,9/57,8.62%,STAT3;H2BC15;JUN;ANAPC10;CDKN1B;EHMT1;CDKN2A;H2AC6;CDC26
prerank,Reactome_2022__HCMV Late Events R-HSA-9610379,0.22125978320275175,0.9263182685383232,6.242661e-01,9.098773e-01,1.000000e+00,15/71,18.10%,NUP62;H2BC15;NUP50;MVB12A;HNRNPK;H2AC6;RRM1;NUP37;CHMP1A;H2AC11;NUP58;VPS37A;NUP188;NUP85;H2AC4
prerank,Reactome_2022__Synthesis Of PIPs At Golgi Membrane R-HSA-1660514,0.33625041117940285,0.9261212062800422,5.447316e-01,9.083948e-01,1.000000e+00,4/13,17.11%,PIKFYVE;PI4K2B;SACM1L;PIK3R4
prerank,Reactome_2022__Calnexin/calreticulin Cycle R-HSA-901042,-0.287028733839323,-0.9259334888918312,5.790554e-01,9.119725e-01,1.000000e+00,6/24,16.49%,MARCHF6;CALR;UBB;SEL1L;RNF103;PDIA3
prerank,Reactome_2022__Erythropoietin Activates Phospholipase C Gamma (PLCG) R-HSA-9027277,-0.42821905962897333,-0.92556224381373,5.784114e-01,9.110455e-01,1.000000e+00,2/6,12.45%,IRS2;LYN
prerank,Reactome_2022__Downstream Signal Transduction R-HSA-186763,0.2956301743395355,0.9244373906979064,5.640569e-01,9.108341e-01,1.000000e+00,7/22,12.87%,STAT3;CRK;PLCG1;STAT5A;NCK1;PIK3CA;STAT6
prerank,Reactome_2022__Nef-mediated Downmodulation Of Cell Surface Receptors By Recruitment To Clathrin Adapters R-HSA-164938,-0.3253508899508148,-0.9242926410660453,5.671642e-01,9.126743e-01,1.000000e+00,7/16,27.61%,ATP6V1H;AP1S1;AP2A1;AP2A2;AP1G1;AP2M1;AP1S2
prerank,Reactome_2022__FCGR3A-mediated IL10 Synthesis R-HSA-9664323,0.29369823666292943,0.9241787614323789,5.792350e-01,9.095304e-01,1.000000e+00,6/22,15.69%,PRKACB;PRKAR1A;PLCG1;AHCYL1;CD247;CREB1
prerank,Reactome_2022__Activated TAK1 Mediates P38 MAPK Activation R-HSA-450302,-0.31408166338927246,-0.9231890333275484,5.527426e-01,9.137158e-01,1.000000e+00,4/17,15.53%,MAPKAPK2;MAP2K3;IRAK1;RIPK2
prerank,Reactome_2022__Regulation Of TP53 Activity Thru Methylation R-HSA-6804760,0.32089594417562767,0.9231505325994483,5.742397e-01,9.101784e-01,1.000000e+00,8/15,26.35%,EHMT1;EHMT2;UBC;PRMT5;ATM;TP53;TTC5;UBA52
prerank,Reactome_2022__Immunoregulatory Interactions Between A Lymphoid And A non-Lymphoid Cell R-HSA-198933,0.2323495780092786,0.9231105154301932,6.291913e-01,9.083140e-01,1.000000e+00,13/58,15.79%,ITGA4;CD226;KIR2DL3;ICAM2;CLEC2D;KIR3DL1;FCGR2B;KLRC1;KLRD1;SLAMF6;SLAMF7;CD247;KLRG1
prerank,Reactome_2022__XBP1(S) Activates Chaperone Genes R-HSA-381038,-0.2559701453722959,-0.9223366315158509,5.826271e-01,9.142226e-01,1.000000e+00,7/40,10.70%,HDGF;MYDGF;TATDN2;DNAJB11;GSK3A;TSPYL2;WIPI1
prerank,Reactome_2022__GAB1 Signalosome R-HSA-180292,0.3960643678047239,0.9208648871484738,5.472062e-01,9.121892e-01,1.000000e+00,4/8,21.12%,PAG1;PIK3CA;CSK;PTPN11
prerank,Reactome_2022__Insertion Of Tail-Anchored Proteins Into Endoplasmic Reticulum Membrane R-HSA-9609523,-0.29799113683547934,-0.9186235965363325,5.853659e-01,9.222620e-01,1.000000e+00,9/20,24.80%,STX5;SEC61G;SEC61B;GET4;BAG6;CAMLG;STX1A;HMOX1;VAPA
prerank,Reactome_2022__Cap-dependent Translation Initiation R-HSA-72737,0.26275816786358297,0.9179059126219307,5.976096e-01,9.179220e-01,1.000000e+00,8/35,13.06%,EIF3A;EIF4B;EIF2S1;EIF3L;EIF3E;EIF4A2;EIF4G1;PABPC1
prerank,Reactome_2022__ABC-family Proteins Mediated Transport R-HSA-382556,0.22277024435987391,0.9167816722914934,6.358595e-01,9.189499e-01,1.000000e+00,24/76,25.01%,PSMD2;PSMD11;PSMB2;EIF2S1;ABCC10;VCP;PEX3;PSMD10;ABCA2;PSMD4;UBC;PSMD13;ABCB10;ERLEC1;ABCB8;RNF185;PEX19;PSMA5;PSME3;EIF2S2;PSMB5;RNF5;ABCD3;ABCC5
prerank,Reactome_2022__Signaling By FGFR3 In Disease R-HSA-5655332,-0.37636346409450877,-0.9164305081718299,5.555556e-01,9.242970e-01,1.000000e+00,2/9,8.97%,NRAS;PIK3R1
prerank,Reactome_2022__Signaling By FGFR4 In Disease R-HSA-5655291,-0.37636346409450877,-0.9164305081718299,5.555556e-01,9.242970e-01,1.000000e+00,2/9,8.97%,NRAS;PIK3R1
prerank,Reactome_2022__PI3K/AKT Activation R-HSA-198203,-0.4024987801965988,-0.9163065610063534,5.316973e-01,9.227262e-01,1.000000e+00,2/7,8.97%,IRS2;PIK3R1
prerank,Reactome_2022__Telomere C-strand (Lagging Strand) Synthesis R-HSA-174417,0.27038398776872796,0.9162303644519079,5.644531e-01,9.184431e-01,1.000000e+00,13/29,36.02%,RPA3;RFC5;RFC4;LRIG1;TERF2IP;BLM;POLA2;POLD3;STN1;CTC1;TINF2;ACD;CHTF18
prerank,Reactome_2022__Gene Silencing By RNA R-HSA-211000,-0.2157176795336914,-0.9161094605571997,6.557377e-01,9.213047e-01,1.000000e+00,13/81,9.50%,H2AJ;H2AX;NUP54;POLR2C;TSN;POLR2D;H3-3B;NUP133;TNRC6A;AGO4;SEH1L;POLR2G;AGO2
prerank,Reactome_2022__Deregulated CDK5 Triggers Neurodegenerative Pathways In Alzheimers Disease Models R-HSA-8862803,0.32319722979347354,0.9160631455174202,5.595238e-01,9.168942e-01,1.000000e+00,9/15,38.62%,JUN;CDC25B;PRDX2;CAPN1;BCL2L11;CDK5;PRDX1;GOLGA2;FASLG
prerank,Reactome_2022__Negative Regulation Of PI3K/AKT Network R-HSA-199418,-0.23329611247119175,-0.915998511262323,6.226804e-01,9.197006e-01,1.000000e+00,9/57,8.97%,AKT1;IRS2;PHLPP2;IER3;PPP2CA;PIP4K2A;PPP2CB;RNMT;PIK3R1
prerank,Reactome_2022__PD-1 Signaling R-HSA-389948,-0.33746393071118713,-0.9158401827143556,5.376569e-01,9.182321e-01,1.000000e+00,3/12,12.74%,HLA-DRB5;CD3D;HLA-DRB1
prerank,Reactome_2022__Transport Of SLBP Independent Mature mRNA R-HSA-159227,-0.25748989642479886,-0.9154749890752732,5.995851e-01,9.172477e-01,1.000000e+00,5/34,8.84%,ALYREF;NUP54;NCBP1;NUP133;SEH1L
prerank,Reactome_2022__Regulation Of Actin Dynamics For Phagocytic Cup Formation R-HSA-2029482,-0.24519187760196834,-0.9154409761360219,6.305732e-01,9.154351e-01,1.000000e+00,4/43,4.66%,LIMK1;PKN1;CDC42;MYO9B
prerank,Reactome_2022__TNFR1-mediated Ceramide Production R-HSA-5626978,0.41912489339054715,0.9123485196599891,5.491651e-01,9.244160e-01,1.000000e+00,5/6,38.08%,SMPD3;RACK1;TNFRSF1A;TNF;SMPD2
prerank,Reactome_2022__Tight Junction Interactions R-HSA-420029,0.40915995773771224,0.9121831808410545,5.634921e-01,9.229071e-01,1.000000e+00,3/7,32.92%,PATJ;PALS1;PARD6A
prerank,Reactome_2022__Plasma Lipoprotein Assembly R-HSA-8963898,0.45328127706991245,0.9120706593057716,5.739300e-01,9.212321e-01,1.000000e+00,1/5,0.44%,PRKACB
prerank,Reactome_2022__Ovarian Tumor Domain Proteases R-HSA-5689896,0.26900140743629264,0.9099150623192921,6.115385e-01,9.248053e-01,1.000000e+00,8/31,16.61%,TNIP1;TRIM4;RIPK1;VCP;PTEN;UBC;RIGI;OTUD3
prerank,Reactome_2022__Signal Regulatory Protein Family Interactions R-HSA-391160,0.39544270316911784,0.9098733468465319,5.844402e-01,9.229356e-01,1.000000e+00,4/8,26.10%,CD47;SKAP2;PTPN11;PTPN6
prerank,"Reactome_2022__Base-Excision Repair, AP Site Formation R-HSA-73929",-0.26975242801536065,-0.9097422624842245,5.933202e-01,9.285402e-01,1.000000e+00,3/31,3.06%,H2AJ;TERF1;H2AX
prerank,Reactome_2022__Role Of LAT2/NTAL/LAB On Calcium Mobilization R-HSA-2730905,-0.3499427921360523,-0.9096178407887427,5.539112e-01,9.269225e-01,1.000000e+00,5/11,27.52%,PIK3R1;LYN;SHC1;PIK3CB;GRB2
prerank,Reactome_2022__Golgi-to-ER Retrograde Transport R-HSA-8856688,-0.21392278078799096,-0.9086855990921089,6.347992e-01,9.274225e-01,1.000000e+00,11/82,11.20%,RAB1A;NAPG;DCTN4;DYNLL2;SURF4;BNIP1;DYNC1LI1;DYNC1LI2;DCTN3;TMED2;CAPZA2
prerank,Reactome_2022__L1CAM Interactions R-HSA-373760,-0.2554959415826369,-0.90859951118213,6.336032e-01,9.257596e-01,1.000000e+00,5/35,9.31%,PKN1;MAP2K2;CSNK2B;NCAM1;CSNK2A2
prerank,Reactome_2022__Beta Oxidation Of hexanoyl-CoA To butanoyl-CoA R-HSA-77350,0.4588312953183726,0.9082500550015178,5.968992e-01,9.250562e-01,1.000000e+00,2/5,10.87%,HADHA;HADH
prerank,Reactome_2022__Interactions Of Vpr With Host Cellular Proteins R-HSA-176033,0.25066343555635395,0.9070610707343789,5.883459e-01,9.259061e-01,1.000000e+00,11/35,26.70%,NUP62;NUP50;NUP37;PSIP1;NUP58;NUP188;NUP85;NUP42;HMGA1;NUP107;NUP93
prerank,Reactome_2022__PCP/CE Pathway R-HSA-4086400,-0.2168365833250324,-0.906711736758218,6.617954e-01,9.285933e-01,1.000000e+00,22/70,24.91%,RYK;CLTB;PSMF1;PRKCA;PSMD6;PSMB6;PSME4;PRKCB;UBB;PSME2;PSMB3;SMURF1;PSMA1;PFN1;AP2A1;PSMD9;PSME1;AP2A2;ARRB2;PSMC2;PSMD7;PSMC3
prerank,Reactome_2022__Cardiac Conduction R-HSA-5576891,-0.25789290875571125,-0.9056683390467393,6.155462e-01,9.293753e-01,1.000000e+00,15/33,27.32%,HIPK1;ASPH;PRKCA;FXYD7;CALM1;CACNB1;HIPK2;ATP2B1;ITPR3;DMPK;ATP1B1;RANGRF;ATP1B3;ORAI1;KAT2B
prerank,Reactome_2022__Platelet Adhesion To Exposed Collagen R-HSA-75892,-0.44446159330439655,-0.9051226753376095,5.970772e-01,9.289127e-01,1.000000e+00,4/5,40.57%,LYN;FCER1G;FYN;GP9
prerank,Reactome_2022__SUMOylation Of Transcription Factors R-HSA-3232118,-0.3233804133729671,-0.9051098842509371,5.664622e-01,9.270715e-01,1.000000e+00,6/14,25.80%,SP3;SUMO1;PIAS1;MTA1;UBE2I;HIC1
prerank,Reactome_2022__Cell-cell Junction Organization R-HSA-421270,0.3330705241478744,0.9050502954721039,5.758755e-01,9.291989e-01,1.000000e+00,4/13,18.21%,CADM1;PATJ;CTNNB1;PALS1
prerank,Reactome_2022__FOXO-mediated Transcription R-HSA-9614085,0.23830395910702645,0.9045552190251509,6.390533e-01,9.285009e-01,1.000000e+00,9/48,12.81%,HDAC1;RBL2;YWHAZ;CITED2;CDKN1B;AKT3;YWHAB;MAP4K2;YWHAQ
prerank,Reactome_2022__Post-chaperonin Tubulin Folding Pathway R-HSA-389977,0.32745888165345455,0.9044397436266867,6.078431e-01,9.268546e-01,1.000000e+00,4/13,17.64%,TUBA1A;TBCA;TUBB;TUBA1C
prerank,Reactome_2022__Platelet Degranulation R-HSA-114608,0.22476276601918815,0.9044095774423465,6.531008e-01,9.249725e-01,1.000000e+00,8/64,5.01%,FAM3C;TMX3;ENDOD1;PLEK;SOD1;ANXA5;VCL;PIKFYVE
prerank,Reactome_2022__Transcriptional Regulation Of White Adipocyte Differentiation R-HSA-381340,-0.2263316038739793,-0.9036924023225924,6.412371e-01,9.289193e-01,1.000000e+00,12/63,14.71%,MED10;CREBBP;TGFB1;NCOA1;MED30;CARM1;MED13L;NFKB1;SREBF1;MED4;MED19;TBL1X
prerank,Reactome_2022__Glycerophospholipid Catabolism R-HSA-6814848,0.44851131700813957,0.903691365089531,5.921569e-01,9.248213e-01,1.000000e+00,2/5,21.31%,GDPD5;GDPD1
prerank,Reactome_2022__RUNX1 Regulates Genes Involved In Megakaryocyte Differentiation And Platelet Function R-HSA-8936459,-0.2318238865008278,-0.9033620844520147,6.208251e-01,9.278968e-01,1.000000e+00,9/51,13.55%,H2AJ;ZFPM1;H2AX;KMT2B;H3-3B;TNRC6A;AGO4;H2AZ1;KMT2E
prerank,Reactome_2022__Signaling By WNT In Cancer R-HSA-4791275,0.300576410627583,0.9030731064152198,5.842697e-01,9.244271e-01,1.000000e+00,5/19,13.24%,PPP2R5A;PPP2R5D;PPP2R5C;PORCN;CSNK1A1
prerank,Reactome_2022__Collagen Chain Trimerization R-HSA-8948216,-0.4417063574238973,-0.9022930375810906,5.926680e-01,9.287619e-01,1.000000e+00,5/5,55.86%,COL6A2;COL13A1;COL18A1;COL5A3;COL6A3
prerank,Reactome_2022__Synthesis Of IP3 And IP4 In Cytosol R-HSA-1855204,-0.30991672343285614,-0.8992410323605801,5.941423e-01,9.347800e-01,1.000000e+00,7/15,20.53%,ITPK1;PLCH2;CALM1;PLCB1;PLCB2;ITPKC;SYNJ1
prerank,Reactome_2022__Paracetamol ADME R-HSA-9753281,0.368587560014521,0.8982667328912386,5.776031e-01,9.342723e-01,1.000000e+00,1/9,1.64%,CNDP2
prerank,Reactome_2022__Gluconeogenesis R-HSA-70263,0.2955164573067103,0.8981355787915051,5.958254e-01,9.326253e-01,1.000000e+00,7/19,30.69%,PCNX4;MDH1;SLC25A13;ENO2;ALDOC;TPI1;PCK2
prerank,Reactome_2022__Regulation Of Innate Immune Responses To Cytosolic DNA R-HSA-3134975,0.3413112655970345,0.8981253557574295,6.140684e-01,9.307157e-01,1.000000e+00,4/12,16.30%,STING1;IRF3;UBC;DDX41
prerank,Reactome_2022__RHOT1 GTPase Cycle R-HSA-9013425,0.44231421145560557,0.8979702419352172,6.038095e-01,9.291842e-01,1.000000e+00,1/5,7.59%,RHOT1
prerank,Reactome_2022__Meiotic Synapsis R-HSA-1221632,-0.24861126593917338,-0.8974941814169803,6.158537e-01,9.374806e-01,1.000000e+00,7/39,11.95%,H2AJ;TERF1;H2AX;PMEPA1;SUN1;H2AZ1;SMC3
prerank,Reactome_2022__MAPK3 (ERK1) Activation R-HSA-110056,0.39297970079003436,0.8965265838831482,5.915222e-01,9.308619e-01,1.000000e+00,1/7,2.61%,MAP2K1
prerank,Reactome_2022__FasL/ CD95L Signaling R-HSA-75157,-0.4566952802181312,-0.8957749834510644,6.122047e-01,9.397934e-01,1.000000e+00,1/5,3.94%,FASN
prerank,Reactome_2022__PRC2 Methylates Histones And DNA R-HSA-212300,0.26313811095256445,0.8949724086085955,6.285714e-01,9.328141e-01,1.000000e+00,6/29,10.71%,H2BC15;RBBP4;SUZ12;H2AC6;AEBP2;PHF19
prerank,Reactome_2022__Peroxisomal Protein Import R-HSA-9033241,0.24080398551828916,0.8945721876813723,6.367188e-01,9.319443e-01,1.000000e+00,13/44,26.93%,UBE2D2;LONP2;ZFAND6;CROT;PHYH;UBC;PEX14;UBE2D3;TYSND1;MLYCD;ECI2;UBA52;PEX2
prerank,Reactome_2022__IRAK2 Mediated Activation Of TAK1 Complex Upon TLR7/8 Or 9 Stimulation R-HSA-975163,0.34995649977268545,0.8942847674063861,6.028881e-01,9.307321e-01,1.000000e+00,8/11,40.70%,UBC;MAP3K7;UBA52;IRAK2;TICAM1;TAB1;TRAF6;NDUFA2
prerank,Reactome_2022__Signaling By NOTCH3 R-HSA-9012852,-0.2606923940420943,-0.8939959414755588,6.172840e-01,9.426656e-01,1.000000e+00,7/29,12.26%,CREBBP;SNW1;TACC3;NOTCH1;MIB2;APH1A;UBB
prerank,Reactome_2022__FCGR3A-mediated Phagocytosis R-HSA-9664422,0.24019981017800635,0.8934520910226815,6.118547e-01,9.309405e-01,1.000000e+00,8/41,14.40%,NCKAP1L;CYFIP2;CRK;ACTR3;WASF2;NCK1;ACTR2;CD247
prerank,Reactome_2022__Regulation Of Lipid Metabolism By PPARalpha R-HSA-400206,0.2131691381903801,0.8930783000259896,6.775432e-01,9.299664e-01,1.000000e+00,24/85,22.24%,MIA3;THRAP3;MED31;MED28;FAM120B;HMGCS1;ACADM;CPT1A;RORA;NCOA6;ALAS1;CHD9;PPARA;RXRB;FDFT1;MED16;MED7;MED24;SIN3B;NR1H2;MED25;GLIPR1;CCNC;TXNRD1
prerank,Reactome_2022__Transport Of SLBP Dependant Mature mRNA R-HSA-159230,-0.25024444460793005,-0.8926732140131238,6.356108e-01,9.443325e-01,1.000000e+00,5/35,8.84%,ALYREF;NUP54;NCBP1;NUP133;SEH1L
prerank,Reactome_2022__O-glycosylation Of TSR Domain-Containing Proteins R-HSA-5173214,-0.4230920799363715,-0.8920854679230941,6.004098e-01,9.439905e-01,1.000000e+00,2/6,18.78%,ADAMTS10;ADAMTS1
prerank,Reactome_2022__Metabolism Of Vitamins And Cofactors R-HSA-196854,-0.20321726836880027,-0.8916008643387117,7.119675e-01,9.433936e-01,1.000000e+00,15/94,13.19%,NADSYN1;AKT1;PTS;GCH1;SLC25A32;FASN;SLC2A1;C1D;LRP8;PDSS1;FPGS;PARP6;RFK;PANK2;CD38
prerank,Reactome_2022__Metabolism Of Steroid Hormones R-HSA-196071,-0.3120412486787216,-0.8912968929043814,6.007984e-01,9.422957e-01,1.000000e+00,4/14,14.31%,STARD4;TSPOAP1;TSPO;STARD3
prerank,Reactome_2022__MET Activates PTPN11 R-HSA-8865999,-0.4328397742722557,-0.8906463706633038,5.920502e-01,9.420685e-01,1.000000e+00,1/5,6.48%,RNMT
prerank,Reactome_2022__Nucleotide Catabolism R-HSA-8956319,-0.29266690132204887,-0.8902470206755349,6.016771e-01,9.412261e-01,1.000000e+00,6/19,20.76%,UPP1;NUDT15;NT5C2;NUDT1;NT5M;ITPA
prerank,Reactome_2022__DNA Methylation R-HSA-5334118,-0.2911116354745251,-0.8895920283893783,6.134122e-01,9.410166e-01,1.000000e+00,4/19,11.44%,H2AJ;H2AX;H3-3B;H2AZ1
prerank,Reactome_2022__NR1H2 And NR1H3 Regulate Gene Expression Linked To Lipogenesis R-HSA-9029558,-0.41698795822705176,-0.8889278068829856,6.150943e-01,9.408391e-01,1.000000e+00,2/6,12.70%,FASN;SREBF1
prerank,Reactome_2022__Fanconi Anemia Pathway R-HSA-6783310,0.2660652781470783,0.8883541364370661,6.365462e-01,9.394491e-01,1.000000e+00,14/27,34.43%,RPA3;FAAP20;DCLRE1A;UBC;ATRIP;FAN1;FANCF;FANCI;UBA52;FANCG;FAAP100;FANCA;ERCC4;CENPX
prerank,"Reactome_2022__Incretin Synthesis, Secretion, And Inactivation R-HSA-400508",-0.36992512313841763,-0.8877808139899932,5.939525e-01,9.399866e-01,1.000000e+00,2/8,14.48%,GNB1;SPCS2
prerank,"Reactome_2022__Synthesis, Secretion, And Inactivation Of Glucagon-like Peptide-1 (GLP-1) R-HSA-381771",-0.36992512313841763,-0.8877808139899932,5.939525e-01,9.399866e-01,1.000000e+00,2/8,14.48%,GNB1;SPCS2
prerank,Reactome_2022__Class A/1 (Rhodopsin-like Receptors) R-HSA-373076,0.23400020205562375,0.8877663049143528,6.447106e-01,9.389331e-01,1.000000e+00,15/49,25.03%,PTGER2;ADRB2;CXCR2;S1PR4;GPR65;CX3CR1;S1PR1;F2R;PPBP;MC1R;NMUR1;CXCR1;GPR132;GPR68;LPAR5
prerank,Reactome_2022__G1/S Transition R-HSA-69206,0.20602662359673513,0.8876038364401724,7.264151e-01,9.373957e-01,1.000000e+00,12/103,7.47%,HDAC1;RBL2;RBBP4;PSMD2;MAX;PSMD11;RPA3;MCM3;CDKN1B;PSMB2;AKT3;E2F4
prerank,Reactome_2022__MET Activates RAP1 And RAC1 R-HSA-8875555,-0.36254190972529327,-0.8872990687670956,5.866667e-01,9.393902e-01,1.000000e+00,2/9,6.48%,RAPGEF1;RNMT
prerank,Reactome_2022__ERCC6 (CSB) And EHMT2 (G9a) Positively Regulate rRNA Expression R-HSA-427389,0.25128380620726676,0.8866476278974039,6.361868e-01,9.377260e-01,1.000000e+00,17/32,34.10%,HDAC1;H2BC15;RBBP4;H2AC6;CBX3;EHMT2;MTA2;H2AC4;H2BC9;H2BC12;ERCC6;MTA3;H2AZ2;GATAD2B;H2BC11;RBBP7;H3C13
prerank,Reactome_2022__Alpha-protein Kinase 1 Signaling Pathway R-HSA-9645460,0.3689942523413517,0.886644771548269,5.799257e-01,9.358315e-01,1.000000e+00,6/9,36.28%,UBC;TIFA;MAP3K7;UBA52;TAB1;TRAF6
prerank,Reactome_2022__Pyroptosis R-HSA-5620971,0.2880540633746199,0.8856686161425332,6.222664e-01,9.362815e-01,1.000000e+00,4/19,7.79%,CYCS;IRF2;GZMB;GSDMD
prerank,Reactome_2022__CREB1 Phosphorylation Thru Activation Of CaMKII/CaMKK/CaMKIV Cascasde R-HSA-442729,-0.43309420437223867,-0.8855664225937764,5.956175e-01,9.420849e-01,1.000000e+00,3/5,25.54%,KPNA2;CALM1;CAMK4
prerank,Reactome_2022__Transcriptional Regulation By AP-2 (TFAP2) Family Of Transcription Factors R-HSA-8864260,0.30860224134361824,0.8853734410403172,6.111111e-01,9.351262e-01,1.000000e+00,5/16,18.52%,CITED2;ERBB2;DEK;NPM1;YY1
prerank,Reactome_2022__TRAF3-dependent IRF Activation Pathway R-HSA-918233,0.3223815195859362,0.8840811478036328,6.193078e-01,9.364166e-01,1.000000e+00,4/14,16.03%,TRIM4;SIKE1;IRF3;RIGI
prerank,"Reactome_2022__PTK6 Regulates RHO GTPases, RAS GTPase And MAP Kinases R-HSA-8849471",-0.37013540842046055,-0.8839403099778915,5.805085e-01,9.442582e-01,1.000000e+00,1/8,1.40%,NRAS
prerank,Reactome_2022__UCH Proteinases R-HSA-5689603,0.2092248881273194,0.8838174549812925,7.165354e-01,9.351372e-01,1.000000e+00,18/85,18.52%,TGFBR2;UCHL5;PSMD2;INO80D;PSMD11;PSMB2;H2AC6;INO80B;RUVBL1;H2AC11;MBD5;PSMD10;PSMD4;UBC;PSMD13;ASXL2;H2AC4;YY1
prerank,Reactome_2022__IRS-mediated Signaling R-HSA-112399,-0.2802897793665202,-0.8836786130873805,6.519916e-01,9.430585e-01,1.000000e+00,3/21,8.97%,NRAS;IRS2;PIK3R1
prerank,Reactome_2022__Processing Of Capped Intronless Pre-mRNA R-HSA-75067,-0.26290937874821274,-0.8831799106447009,6.209850e-01,9.424196e-01,1.000000e+00,7/27,16.52%,WDR33;CPSF7;NCBP1;PABPN1;NUDT21;CPSF6;CPSF1
prerank,Reactome_2022__Signaling By Hedgehog R-HSA-5358351,-0.20210252303566614,-0.8830311029619451,7.212766e-01,9.409842e-01,1.000000e+00,21/96,16.21%,GRK2;GNAS;OFD1;ADCY7;CUL3;PSMF1;PRKCA;PSMD6;PSMB6;PRKAR2A;PSME4;UBB;SPOPL;PTCH2;SEL1L;ADCY9;P4HB;PSME2;PSMB3;SMURF1;PSMA1
prerank,Reactome_2022__Activation Of IRF3/IRF7 Mediated By TBK1/IKK Epsilon R-HSA-936964,0.3290078856670226,0.8821365474786976,6.419295e-01,9.371390e-01,1.000000e+00,5/13,26.35%,SARM1;IRF3;UBC;PTPN11;UBA52
prerank,Reactome_2022__Growth Hormone Receptor Signaling R-HSA-982772,0.3026696422732338,0.8818415979770449,6.607843e-01,9.359179e-01,1.000000e+00,3/16,8.25%,STAT3;STAT5A;PTPN1
prerank,Reactome_2022__Metabolism Of Amino Acids And Derivatives R-HSA-71291,0.1897517885284299,0.881509203408143,7.902913e-01,9.348445e-01,1.000000e+00,48/159,28.75%,ALDH9A1;DARS1;PSMD2;PSMD11;APIP;SERINC3;PSMB2;PPM1K;QARS1;SARS1;ACADSB;KYAT3;SLC25A13;CARNMT1;PSMD10;EPRS1;DBT;PSMD4;GLUD1;DHTKD1;HIBADH;MTR;PSMD13;OAT;PHYKPL;DIDO1;BCKDHB;QDPR;PSMA5;ALDH18A1;TXNRD1;PSME3;RIDA;EEFSEC;PSMB5;IARS1;OAZ1;HIBCH;SHMT1;UBA52;AUH;ACAD8;TSTD1;SEPHS2;ALDH6A1;CARNS1;SLC25A44;BCKDK
prerank,Reactome_2022__Caspase Activation Via Extrinsic Apoptotic Signaling Pathway R-HSA-5357769,0.3021137644282944,0.8811009628256201,6.384298e-01,9.339853e-01,1.000000e+00,4/17,12.80%,MAGED1;DAPK2;RIPK1;APPL1
prerank,Reactome_2022__RUNX2 Regulates Osteoblast Differentiation R-HSA-8940973,-0.3192462493563725,-0.8799734010649339,6.166008e-01,9.463574e-01,1.000000e+00,5/13,21.05%,YES1;MAF;AREG;RUNX2;ABL1
prerank,Reactome_2022__Telomere C-strand Synthesis Initiation R-HSA-174430,-0.32900916675376424,-0.8789230625880785,6.280000e-01,9.471363e-01,1.000000e+00,1/12,1.55%,TERF1
prerank,"Reactome_2022__Tristetraprolin (TTP, ZFP36) Binds And Destabilizes mRNA R-HSA-450513",-0.2925997839620555,-0.8788361965015518,6.175299e-01,9.455290e-01,1.000000e+00,2/17,2.44%,MAPKAPK2;DCP1A
prerank,Reactome_2022__Inactivation Of CSF3 (G-CSF) Signaling R-HSA-9705462,-0.2854612511449119,-0.878265468980586,6.417910e-01,9.450928e-01,1.000000e+00,7/20,16.55%,RNF7;ELOB;CUL5;SOCS1;UBB;LYN;TYK2
prerank,Reactome_2022__Integrin Cell Surface Interactions R-HSA-216083,0.2695431272957291,0.87794303469013,6.617375e-01,9.396426e-01,1.000000e+00,3/26,6.67%,ITGA4;CD47;ICAM2
prerank,Reactome_2022__FCERI Mediated NF-kB Activation R-HSA-2871837,0.21160514666632946,0.8768959590355152,7.032136e-01,9.402898e-01,1.000000e+00,7/73,5.44%,UBE2D2;RASGRP1;PRKCQ;PSMD2;RASGRP2;PSMD11;PSMB2
prerank,Reactome_2022__Formation Of TC-NER Pre-Incision Complex R-HSA-6781823,-0.22794558964608916,-0.876290587489528,6.702820e-01,9.479213e-01,1.000000e+00,10/50,12.47%,ERCC3;POLR2C;POLR2D;USP7;COPS3;COPS8;POLR2G;MNAT1;UBB;CDK7
prerank,Reactome_2022__MET Promotes Cell Motility R-HSA-8875878,-0.33588230468356617,-0.8762560984438728,6.275862e-01,9.461941e-01,1.000000e+00,3/11,13.86%,RAPGEF1;RNMT;LMNB2
prerank,Reactome_2022__Hyaluronan Metabolism R-HSA-2142845,-0.37665636347252673,-0.8755777883689962,6.015936e-01,9.459350e-01,1.000000e+00,2/8,22.67%,SLC9A1;CHORDC1
prerank,Reactome_2022__SMAD2/SMAD3:SMAD4 Heterotrimer Regulates Transcription R-HSA-2173796,0.25598617239663546,0.8753175722588226,6.806084e-01,9.419874e-01,1.000000e+00,13/30,31.22%,HDAC1;RNF111;E2F4;UBC;YBX1;TFDP1;SMAD3;CCNC;RNASEH2A;UBA52;SMAD4;MEN1;MYC
prerank,Reactome_2022__Signaling By MAPK Mutants R-HSA-9652817,0.43287858935528867,0.8744934550700012,6.203523e-01,9.421531e-01,1.000000e+00,1/5,4.56%,DUSP16
prerank,Reactome_2022__Translation Of Structural Proteins R-HSA-9683701,0.2704527970996734,0.8742373160636767,6.478599e-01,9.408536e-01,1.000000e+00,13/25,35.05%,ST6GAL1;PARP4;PARP10;ST3GAL1;UBC;PRKCSH;PARP8;UBA52;ST3GAL2;ST3GAL3;MOGS;PARP14;ST6GALNAC4
prerank,Reactome_2022__Regulation Of TP53 Activity Thru Phosphorylation R-HSA-6804756,0.22038365792772402,0.8740642881092903,6.826923e-01,9.393424e-01,1.000000e+00,16/64,19.49%,MAPK14;TAF7;TBP;RPA3;RFC5;RFC4;NUAK1;RAD17;SUPT16H;UBC;SSRP1;ATRIP;MRE11;TAF5;ATM;TAF12
prerank,"Reactome_2022__Synthesis Of IP2, IP, And Ins In Cytosol R-HSA-1855183",-0.35466340264939006,-0.8739135390528909,6.231884e-01,9.483200e-01,1.000000e+00,1/9,0.41%,INPP5A
prerank,Reactome_2022__Energy Dependent Regulation Of mTOR By LKB1-AMPK R-HSA-380972,-0.2619936747380015,-0.8730497520777433,6.540881e-01,9.485070e-01,1.000000e+00,10/26,23.17%,LAMTOR1;LAMTOR4;PRKAG1;PRKAG2;MLST8;LAMTOR5;TSC1;RHEB;LAMTOR3;CAB39L
prerank,Reactome_2022__Suppression Of Apoptosis R-HSA-9635465,0.43171416093810205,0.8729699778130249,6.412214e-01,9.399783e-01,1.000000e+00,1/5,1.15%,TRIM27
prerank,Reactome_2022__Noncanonical Activation Of NOTCH3 R-HSA-9017802,0.38477028873740027,0.8723792325290685,5.931174e-01,9.395340e-01,1.000000e+00,2/7,14.52%,PSEN1;YBX1
prerank,Reactome_2022__Mitochondrial Translation Initiation R-HSA-5368286,0.206069027900722,0.8721809569798036,7.249071e-01,9.381670e-01,1.000000e+00,25/81,27.91%,MRPS7;MRPS35;MRPL49;MTFMT;MRPL3;MRPS33;MRPL34;MRPL15;MRPS18C;MRPL41;MRPL20;MRPL18;MTIF3;OXA1L;MRPS34;MRPL17;MRPS18B;MRPS14;MRPL36;MRPL53;MRPL4;CHCHD1;MRPL51;MRPS30;MRPS16
prerank,Reactome_2022__Constitutive Signaling By NOTCH1 HD+PEST Domain Mutants R-HSA-2894862,0.2289147161855651,0.8692204228731579,6.809339e-01,9.431779e-01,1.000000e+00,10/45,15.38%,MAML1;HDAC1;HDAC8;PSEN1;HDAC5;ADAM10;KAT2A;HDAC6;UBC;RBX1
prerank,Reactome_2022__rRNA Processing In Nucleus And Cytosol R-HSA-8868773,-0.19590549270443391,-0.8687418185659822,7.570281e-01,9.569003e-01,1.000000e+00,26/106,23.78%,DDX52;KRR1;BYSL;NOL12;UTP3;C1D;EXOSC10;CSNK1D;ISG20L2;PDCD11;RIOK3;LTV1;WDR36;RSL24D1;SENP3;PNO1;CSNK1E;BUD23;UTP11;TRMT112;SNU13;RPP14;EXOSC6;EXOSC1;UTP18;WDR43
prerank,"Reactome_2022__PI5P, PP2A And IER3 Regulate PI3K/AKT Signaling R-HSA-6811558",-0.2292390376788122,-0.868300974604559,7.194861e-01,9.560793e-01,1.000000e+00,8/51,8.97%,AKT1;IRS2;IER3;PPP2CA;PIP4K2A;PPP2CB;RNMT;PIK3R1
prerank,Reactome_2022__Constitutive Signaling By Overexpressed ERBB2 R-HSA-9634285,0.35385791592788857,0.8678490357408344,6.234004e-01,9.445241e-01,1.000000e+00,2/10,6.29%,ERBIN;ERBB2
prerank,Reactome_2022__Telomere Extension By Telomerase R-HSA-171319,-0.28180902796623253,-0.8677403059726437,6.534447e-01,9.556619e-01,1.000000e+00,2/20,1.55%,RTEL1;TERF1
prerank,Reactome_2022__PPARA Activates Gene Expression R-HSA-1989781,0.20830874793320142,0.8660759104890069,7.387914e-01,9.466469e-01,1.000000e+00,23/83,22.24%,MIA3;THRAP3;MED31;MED28;FAM120B;HMGCS1;ACADM;CPT1A;RORA;NCOA6;ALAS1;CHD9;PPARA;RXRB;FDFT1;MED16;MED7;MED24;NR1H2;MED25;GLIPR1;CCNC;TXNRD1
prerank,Reactome_2022__PI3K Events In ERBB2 Signaling R-HSA-1963642,0.4058176896913584,0.8651456457480382,6.361905e-01,9.469486e-01,1.000000e+00,2/6,12.73%,ERBB2;PIK3CA
prerank,Reactome_2022__Downstream Signaling Events Of B Cell Receptor (BCR) R-HSA-1168372,-0.20527287875853575,-0.865080289710059,7.484787e-01,9.600070e-01,1.000000e+00,17/75,16.21%,NRAS;CARD11;PSMF1;NFKBIB;PSMD6;PSMB6;NFKB1;PSME4;NFATC1;PRKCB;IKBKB;UBB;CALM1;PSME2;REL;PSMB3;PSMA1
prerank,Reactome_2022__Fcgamma Receptor (FCGR) Dependent Phagocytosis R-HSA-2029480,-0.21267024774206794,-0.8648445203371021,7.440347e-01,9.586901e-01,1.000000e+00,10/63,14.49%,LIMK1;PKN1;CDC42;MYO9B;YES1;PIK3R1;WIPF2;LYN;ARPC2;VAV3
prerank,Reactome_2022__Cytosolic Sensors Of Pathogen-Associated DNA R-HSA-1834949,0.2211746382149684,0.8647959777970894,7.382298e-01,9.459507e-01,1.000000e+00,13/57,17.87%,XRCC5;PRKDC;XRCC6;DHX36;RIPK1;STING1;STAT6;IRF3;UBC;MRE11;POLR1D;DDX41;CTNNB1
prerank,Reactome_2022__Zinc Influx Into Cells By SLC39 Gene Family R-HSA-442380,0.3663762693193632,0.8623826682620271,6.481113e-01,9.494381e-01,1.000000e+00,3/8,31.55%,SLC39A6;SLC39A10;SLC39A3
prerank,Reactome_2022__Regulation Of Cytoskeletal Remodeling And Cell Spreading By IPP Complex Components R-HSA-446388,0.43021297562441985,0.8619527310093997,6.575342e-01,9.485682e-01,1.000000e+00,1/5,3.19%,ARHGEF6
prerank,Reactome_2022__CaMK IV-mediated Phosphorylation Of CREB R-HSA-111932,-0.3978487289525926,-0.8617800975860498,6.367265e-01,9.641941e-01,1.000000e+00,3/6,25.54%,KPNA2;CALM1;CAMK4
prerank,Reactome_2022__Cyclin D Associated Events In G1 R-HSA-69231,-0.24500068421768623,-0.8615175977312513,6.903766e-01,9.630532e-01,1.000000e+00,8/35,12.47%,PPP2CA;CDKN2D;PPP2CB;CKS1B;MNAT1;UBB;LYN;CDK7
prerank,Reactome_2022__Retinoid Metabolism And Transport R-HSA-975634,0.3809735535626576,0.8615002305400202,6.427146e-01,9.477288e-01,1.000000e+00,4/7,20.67%,LRP10;RDH11;AKR1C3;RETSAT
prerank,Reactome_2022__Signaling By SCF-KIT R-HSA-1433557,-0.2531888615945776,-0.8613627641435276,6.896552e-01,9.616486e-01,1.000000e+00,6/28,12.45%,NRAS;YES1;PRKCA;PIK3R1;SOCS1;LYN
prerank,Reactome_2022__RHOBTB GTPase Cycle R-HSA-9706574,-0.24994777658103978,-0.8610761586317353,6.985447e-01,9.605047e-01,1.000000e+00,5/33,5.74%,TWF1;VIM;TRA2B;CPSF7;CUL3
prerank,Reactome_2022__COPI-dependent Golgi-to-ER Retrograde Traffic R-HSA-6811434,0.22021453426543372,0.8609052111537694,7.261411e-01,9.472564e-01,1.000000e+00,11/51,17.90%,ARF4;KIF2A;KIF3B;ARCN1;COPB1;KIF21A;PTGES2;ZW10;KIF9;NBAS;COPB2
prerank,Reactome_2022__Striated Muscle Contraction R-HSA-390522,-0.419833343816028,-0.8607373790823856,6.161616e-01,9.595647e-01,1.000000e+00,2/5,12.03%,VIM;TPM3
prerank,Reactome_2022__IGF1R Signaling Cascade R-HSA-2428924,-0.2679897256786366,-0.8586978917978915,6.883117e-01,9.606173e-01,1.000000e+00,9/23,27.95%,NRAS;IRS2;PIK3R1;IGF1R;SHC1;FGFR1;PIK3CB;GRB2;HRAS
prerank,Reactome_2022__Signaling By Type 1 Insulin-like Growth Factor 1 Receptor (IGF1R) R-HSA-2404192,-0.2679897256786366,-0.8586978917978915,6.883117e-01,9.606173e-01,1.000000e+00,9/23,27.95%,NRAS;IRS2;PIK3R1;IGF1R;SHC1;FGFR1;PIK3CB;GRB2;HRAS
prerank,Reactome_2022__Acetylcholine Neurotransmitter Release Cycle R-HSA-264642,0.4236006936329198,0.8586316659934672,6.552419e-01,9.502919e-01,1.000000e+00,3/5,19.20%,VAMP2;PPFIA1;SH2D3C
prerank,Reactome_2022__InlA-mediated Entry Of Listeria Monocytogenes Into Host Cells R-HSA-8876493,0.408097874686699,0.8582488111238895,6.370510e-01,9.492575e-01,1.000000e+00,3/6,26.35%,UBC;CTNNB1;UBA52
prerank,Reactome_2022__Chromatin Modifying Enzymes R-HSA-3247509,-0.17567083780135967,-0.858136615156846,8.685259e-01,9.600852e-01,1.000000e+00,49/203,20.80%,JMJD6;GATAD2A;ARID1B;TADA1;H2AJ;KANSL2;CREBBP;TAF10;H2AX;NCOA1;KMT2B;SAP18;ING3;TADA2B;HCFC1;KMT5A;EPC1;CARM1;MSL2;NFKB1;KDM7A;ELP5;SAP30L;H2AZ1;BRD1;TAF6L;YEATS2;KMT2E;KAT7;SUV39H1;SETD6;TBL1X;PHF21A;H2AC25;ELP6;ELP2;PHF2;PHF20;MTA1;ARID1A;MBIP;EED;BRWD1;SUPT7L;HMG20B;DOT1L;ATXN7;KDM6A;OGT
prerank,Reactome_2022__SUMOylation Of Ubiquitinylation Proteins R-HSA-3232142,0.23438679050545083,0.8577245139652748,7.330754e-01,9.485582e-01,1.000000e+00,7/38,17.33%,NUP62;TRIM27;NUP50;NUP37;NUP58;NUP188;NUP85
prerank,Reactome_2022__Regulation Of Gene Expression In Beta Cells R-HSA-210745,-0.39669880357643805,-0.8573784892476741,6.475410e-01,9.599024e-01,1.000000e+00,1/6,1.47%,AKT1
prerank,Reactome_2022__Frs2-mediated Activation R-HSA-170968,-0.33146573330962414,-0.8565590948654552,6.792453e-01,9.599532e-01,1.000000e+00,2/11,2.58%,MAP2K2;RAPGEF1
prerank,Reactome_2022__ERKs Are Inactivated R-HSA-202670,-0.33959583462343357,-0.8559485373790732,6.411765e-01,9.595797e-01,1.000000e+00,2/10,5.22%,PPP2CA;PPP2CB
prerank,Reactome_2022__TRAF6 Mediated IRF7 Activation R-HSA-933541,0.30359588524305864,0.8556809254882284,6.690265e-01,9.511679e-01,1.000000e+00,4/15,16.03%,TRIM4;SIKE1;IRF3;RIGI
prerank,Reactome_2022__Nucleotide Salvage R-HSA-8956321,-0.2993200153746344,-0.8545709805700249,6.569507e-01,9.608055e-01,1.000000e+00,7/15,25.00%,UPP1;TK2;UCK1;ADAL;ADA;HPRT1;UCKL1
prerank,Reactome_2022__Regulation Of IFNA/IFNB Signaling R-HSA-912694,0.3371731532117374,0.8544191280341105,6.322957e-01,9.521185e-01,1.000000e+00,6/11,26.77%,PTPN1;IFNAR1;IFNAR2;PTPN11;PTPN6;STAT1
prerank,Reactome_2022__Dectin-2 Family R-HSA-5621480,-0.39175964329766944,-0.8541626545989436,6.310484e-01,9.599936e-01,1.000000e+00,4/6,37.67%,LYN;MUC12;FCER1G;FYN
prerank,Reactome_2022__Deactivation Of Beta-Catenin Transactivating Complex R-HSA-3769402,-0.25070841803423577,-0.853048933316816,6.958333e-01,9.606058e-01,1.000000e+00,3/29,1.74%,CTBP1;AKT1;TCF7
prerank,Reactome_2022__HDR Thru Homologous Recombination (HRR) R-HSA-5685942,0.22463728261898996,0.8519584116899729,7.537313e-01,9.554843e-01,1.000000e+00,11/46,20.53%,RPA3;RFC5;POLK;RFC4;RAD17;UBC;ATRIP;MRE11;GEN1;ATM;RAD51C
prerank,Reactome_2022__Signaling By BRAF And RAF1 Fusions R-HSA-6802952,-0.2246838724232164,-0.8513068514503257,7.408907e-01,9.626788e-01,1.000000e+00,12/46,17.30%,QKI;NRAS;MAP2K2;ATG7;CLCN6;AGTRAP;KDM7A;MPRIP;CALM1;BRAF;TRAK1;ARRB1
prerank,Reactome_2022__NOTCH3 Activation And Transmission Of Signal To Nucleus R-HSA-9013507,-0.29712553707681144,-0.8512474317666032,6.594059e-01,9.610815e-01,1.000000e+00,4/15,12.26%,TACC3;MIB2;APH1A;UBB
prerank,Reactome_2022__Josephin Domain DUBs R-HSA-5689877,-0.34319301470213,-0.851138415360259,6.461864e-01,9.595615e-01,1.000000e+00,3/9,12.26%,RAD23A;JOSD1;UBB
prerank,Reactome_2022__TAK1-dependent IKK And NF-kappa-B Activation R-HSA-445989,-0.2377564232536788,-0.8495677642438344,7.105832e-01,9.614438e-01,1.000000e+00,8/36,15.53%,NFKBIB;N4BP1;NFKB1;USP18;IKBKB;UBB;IRAK1;RIPK2
prerank,Reactome_2022__Formation Of A Pool Of Free 40S Subunits R-HSA-72689,0.2856503546088592,0.8493322481420499,6.967985e-01,9.592516e-01,1.000000e+00,5/18,20.50%,EIF3A;EIF3L;EIF3E;EIF3K;EIF3H
prerank,"Reactome_2022__TICAM1,TRAF6-dependent Induction Of TAK1 Complex R-HSA-9014325",0.34447651739395224,0.8491721732261616,6.531365e-01,9.577949e-01,1.000000e+00,6/10,36.28%,UBC;MAP3K7;UBA52;TICAM1;TAB1;TRAF6
prerank,Reactome_2022__IRAK2 Mediated Activation Of TAK1 Complex R-HSA-937042,0.3584150510671027,0.8484373855326061,6.604128e-01,9.576051e-01,1.000000e+00,6/9,36.28%,UBC;MAP3K7;UBA52;IRAK2;TAB1;TRAF6
prerank,Reactome_2022__Endogenous Sterols R-HSA-211976,0.3379951611999722,0.8473160323736803,6.654135e-01,9.582096e-01,1.000000e+00,1/10,0.32%,MIA3
prerank,Reactome_2022__Pentose Phosphate Pathway R-HSA-71336,0.3240411487089467,0.8470053286684324,6.634241e-01,9.571158e-01,1.000000e+00,6/11,30.20%,RPE;UBL4A;PRPS2;RPIA;DERA;PGM2
prerank,Reactome_2022__Synthesis Of diphthamide-EEF2 R-HSA-5358493,0.3588531781154769,0.8463543602847179,6.570881e-01,9.567461e-01,1.000000e+00,2/8,9.83%,EEF2;DPH5
prerank,Reactome_2022__DAP12 Signaling R-HSA-2424491,0.26200526982008343,0.8459007947047269,6.814815e-01,9.559117e-01,1.000000e+00,8/24,20.06%,GRAP2;PLCG1;KLRD1;LCK;PIK3CA;LCP2;SPNS1;PIK3R2
prerank,Reactome_2022__RHOBTB1 GTPase Cycle R-HSA-9013422,-0.27020010661809657,-0.8449815565762029,6.795132e-01,9.697690e-01,1.000000e+00,4/21,5.74%,VIM;TRA2B;CPSF7;CUL3
prerank,Reactome_2022__TCR Signaling R-HSA-202403,0.19592074326296005,0.8448995661016906,8.199234e-01,9.561801e-01,1.000000e+00,27/105,20.61%,UBE2D2;PTPRC;PRKCQ;PSMD2;PSMD11;GRAP2;PSMB2;PLCG1;PAG1;NCK1;PSMD10;LCK;PIK3CA;PTEN;PSMD4;UBC;CD247;VASP;INPP5D;LCP2;PSMD13;SPNS1;PTPN22;PIK3R2;PSMA5;MALT1;CSK
prerank,Reactome_2022__Gap Junction Trafficking R-HSA-190828,0.38204646249612373,0.844882942731248,6.647619e-01,9.508598e-01,1.000000e+00,2/7,7.67%,CLTC;MYO6
prerank,Reactome_2022__Gap Junction Degradation R-HSA-190873,0.38204646249612373,0.844882942731248,6.647619e-01,9.508598e-01,1.000000e+00,2/7,7.67%,CLTC;MYO6
prerank,Reactome_2022__Gap Junction Trafficking And Regulation R-HSA-157858,0.38204646249612373,0.844882942731248,6.647619e-01,9.508598e-01,1.000000e+00,2/7,7.67%,CLTC;MYO6
prerank,Reactome_2022__Reactions Specific To Complex N-glycan Synthesis Pathway R-HSA-975578,-0.40823633130273695,-0.8444009545757999,6.379648e-01,9.693703e-01,1.000000e+00,2/5,18.19%,MAN2A2;CHST10
prerank,Reactome_2022__Regulation Of TP53 Activity Thru Association With Co-factors R-HSA-6804759,-0.3573671010209621,-0.8433510408574825,6.560636e-01,9.698734e-01,1.000000e+00,3/8,21.53%,AKT1;PHF20;BANP
prerank,Reactome_2022__Nef Mediated CD4 Down-regulation R-HSA-167590,-0.3801155034260624,-0.8413463679454419,6.396588e-01,9.725551e-01,1.000000e+00,5/7,31.22%,ATP6V1H;AP2A1;AP2A2;AP2M1;AP2S1
prerank,Reactome_2022__Vitamin C (Ascorbate) Metabolism R-HSA-196836,0.42681965105624275,0.8412345962448486,6.494253e-01,9.566435e-01,1.000000e+00,3/5,19.92%,SLC2A3;CYB5R3;CYB5A
prerank,Reactome_2022__Downregulation Of ERBB2 Signaling R-HSA-8863795,-0.28184117029375005,-0.8407842317431097,6.835443e-01,9.720025e-01,1.000000e+00,5/18,16.46%,AKT1;MATK;CUL5;UBB;CDC37
prerank,"Reactome_2022__Nucleotide-binding Domain, Leucine Rich Repeat Containing NLR Signaling Pathways R-HSA-168643",-0.2230072023460884,-0.840610891086126,7.367347e-01,9.705852e-01,1.000000e+00,12/43,24.21%,PSTPIP1;BIRC2;NFKB1;IKBKB;CASP4;IRAK1;RIPK2;BIRC3;P2RX7;NLRP1;HMOX1;UBE2V1
prerank,Reactome_2022__Interleukin-1 Family Signaling R-HSA-446652,0.18991711177835202,0.8404517107847673,8.122530e-01,9.564698e-01,1.000000e+00,31/117,24.06%,PTPN4;MAP2K4;STAT3;MAP2K1;PSMD2;PSMD11;PSMB2;USP14;IRAK4;GSDMD;LRRC14;PSMD10;PSMD4;UBC;RBX1;IL1RAP;PTPN23;SIGIRR;PSMD13;SMAD3;PSMA5;SQSTM1;MAPK8;PTPN11;TIFA;HMGB1;TP53;NKIRAS2;PSME3;PSMB5;MAP3K7
prerank,Reactome_2022__tRNA Modification In Mitochondrion R-HSA-6787450,-0.3387886740751139,-0.8397621453387694,6.701031e-01,9.706956e-01,1.000000e+00,3/9,24.58%,HSD17B10;TRIT1;MTO1
prerank,Reactome_2022__Hedgehog Off State R-HSA-5610787,0.20704228905944802,0.8397587754344935,7.949219e-01,9.561015e-01,1.000000e+00,20/74,23.73%,PRKACB;PRKAR1A;PSMD2;PSMD11;PSMB2;ITCH;IFT57;PSMD10;CSNK1A1;PSMD4;UBC;PTCH1;RBX1;PSMD13;DYNC2H1;PSMA5;TULP3;IFT88;PSME3;PSMB5
prerank,Reactome_2022__DDX58/IFIH1-mediated Induction Of Interferon-Alpha/Beta R-HSA-168928,0.21239020755589677,0.8395349819264895,7.609842e-01,9.548197e-01,1.000000e+00,15/60,22.68%,UBE2D2;TRIM4;TOMM70;ATG5;RIPK1;SIKE1;ITCH;IRF3;UBC;RIGI;UBA7;UBE2D3;HMGB1;FADD;NKIRAS2
prerank,Reactome_2022__Cristae Formation R-HSA-8949613,-0.24523977871222502,-0.839057111138904,7.445545e-01,9.703890e-01,1.000000e+00,6/29,15.99%,ATP5MC1;MTX1;APOOL;ATP5ME;DMAC2L;CHCHD6
prerank,Reactome_2022__Cyclin A/B1/B2 Associated Events During G2/M Transition R-HSA-69273,-0.29422306232116197,-0.8380115386640127,6.797521e-01,9.709266e-01,1.000000e+00,4/14,12.47%,PPP2CA;PPP2CB;MNAT1;CDK7
prerank,Reactome_2022__Downregulation Of SMAD2/3:SMAD4 Transcriptional Activity R-HSA-2173795,0.25578935217741744,0.8376612159717169,7.022901e-01,9.568292e-01,1.000000e+00,10/26,27.76%,HDAC1;RNF111;PARP1;UBC;PPM1A;SMAD3;UBE2D3;UBA52;STAT1;SMAD4
prerank,Reactome_2022__Endosomal/Vacuolar Pathway R-HSA-1236977,0.35111348941859366,0.8365022820900085,6.746507e-01,9.575420e-01,1.000000e+00,1/8,1.68%,LNPEP
prerank,Reactome_2022__Mitochondrial Translation R-HSA-5368287,0.19562553842495625,0.8361784007289066,8.181818e-01,9.564047e-01,1.000000e+00,26/87,27.91%,MRPS7;MRPS35;MRPL49;MTFMT;MRPL3;MRPS33;MRPL34;MRPL15;MRPS18C;MRPL41;MRRF;MRPL20;MRPL18;MTIF3;OXA1L;MRPS34;MRPL17;MRPS18B;MRPS14;MRPL36;MRPL53;MRPL4;CHCHD1;MRPL51;MRPS30;MRPS16
prerank,Reactome_2022__Influenza Viral RNA Transcription And Replication R-HSA-168273,0.21321896411105531,0.8360924401967785,7.558140e-01,9.548245e-01,1.000000e+00,11/55,17.33%,NUP62;NUP50;PBRM1;PARP1;NUP37;IPO5;NUP58;GNL3;POLR2I;NUP188;NUP85
prerank,Reactome_2022__Other Semaphorin Interactions R-HSA-416700,-0.3444785418789557,-0.8350442404116792,6.481876e-01,9.754488e-01,1.000000e+00,3/8,13.05%,PLXNA4;TYROBP;CD72
prerank,Reactome_2022__Cytosolic Sulfonation Of Small Molecules R-HSA-156584,-0.32774157211550836,-0.8349024892618349,6.479167e-01,9.740001e-01,1.000000e+00,2/10,6.85%,BPNT2;TPST1
prerank,Reactome_2022__IRS-related Events Triggered By IGF1R R-HSA-2428928,-0.26174502585904313,-0.8345643293664698,7.097458e-01,9.729909e-01,1.000000e+00,3/22,8.97%,NRAS;IRS2;PIK3R1
prerank,Reactome_2022__Fatty Acid Metabolism R-HSA-8978868,0.1921948194259228,0.834194830725931,8.110517e-01,9.568451e-01,1.000000e+00,16/95,14.64%,ELOVL6;PTGES3;HADHA;ACBD5;HACD2;PTGDS;ACSL4;HADH;HPGD;CROT;PTGES2;ACADM;MCAT;HSD17B12;PHYH;CPT1A
prerank,Reactome_2022__Synthesis Of UDP-N-acetyl-glucosamine R-HSA-446210,-0.36764509374905263,-0.8341085605133605,6.502058e-01,9.721757e-01,1.000000e+00,1/7,7.71%,UAP1
prerank,Reactome_2022__Host Interactions Of HIV Factors R-HSA-162909,0.18814963225460934,0.8334949600547569,8.727984e-01,9.564843e-01,1.000000e+00,22/118,17.33%,KPNB1;XPO1;NUP62;NUP50;PSMD2;PSMD11;PSMB2;RAN;NUP37;PSIP1;PSMD10;NPM1;LCK;NUP58;PSMD4;UBC;CD247;RBX1;RANBP1;NUP188;PSMD13;NUP85
prerank,Reactome_2022__Glycosphingolipid Metabolism R-HSA-1660662,-0.25292487126717456,-0.833421601558861,7.241379e-01,9.718716e-01,1.000000e+00,5/25,13.44%,GLTP;ESYT2;ARSD;SUMF2;ARSA
prerank,Reactome_2022__Meiotic Recombination R-HSA-912446,0.24053017381640013,0.8324514768950059,7.440476e-01,9.568701e-01,1.000000e+00,13/32,29.21%,H2BC15;RPA3;H2AC6;MRE11;H2AC4;ATM;RAD51C;H2BC9;H2BC12;MLH3;BLM;RAD50;H2AZ2
prerank,Reactome_2022__Dimerization Of Procaspase-8 R-HSA-69416,-0.34236462516309246,-0.8322237598486797,6.563707e-01,9.709159e-01,1.000000e+00,1/9,3.94%,FASN
prerank,Reactome_2022__CASP8 Activity Is Inhibited R-HSA-5218900,-0.34236462516309246,-0.8322237598486797,6.563707e-01,9.709159e-01,1.000000e+00,1/9,3.94%,FASN
prerank,Reactome_2022__RNA Polymerase III Abortive And Retractive Initiation R-HSA-749476,0.2373580864469017,0.8322119392597287,7.463235e-01,9.556330e-01,1.000000e+00,15/36,30.39%,ZNF143;TBP;SSB;GTF3C2;BDP1;POLR1D;SNAPC3;NFIA;POLR3A;GTF3C6;POLR3K;GTF3C1;GTF3C3;POLR3E;GTF3A
prerank,Reactome_2022__Displacement Of DNA Glycosylase By APEX1 R-HSA-110357,-0.33758027760513776,-0.8318133742451778,7.030928e-01,9.700783e-01,1.000000e+00,9/9,66.28%,UNG;SMUG1;TDG;MUTYH;MBD4;NTHL1;OGG1;APEX1;MPG
prerank,Reactome_2022__Degradation Of Beta-Catenin By Destruction Complex R-HSA-195253,-0.19815120334054834,-0.8313865110071862,8.074534e-01,9.692493e-01,1.000000e+00,16/76,16.21%,CTBP1;TCF7;PPP2CA;PPP2CB;PSMF1;PSMD6;PSMB6;AXIN1;TLE4;PSME4;FRAT2;TLE5;UBB;PSME2;PSMB3;PSMA1
prerank,Reactome_2022__Transcriptional Regulation By VENTX R-HSA-8853884,-0.2424257196091456,-0.831234418256577,7.654584e-01,9.678578e-01,1.000000e+00,6/33,11.56%,ANAPC15;ANAPC11;TNRC6A;AGO4;NFKB1;UBE2S
prerank,Reactome_2022__mRNA Decay By 5 To 3 Exoribonuclease R-HSA-430039,0.2905025908716844,0.8309992203123447,7.089844e-01,9.563235e-01,1.000000e+00,4/15,15.11%,DCP1B;LSM5;XRN1;LSM2
prerank,Reactome_2022__rRNA Processing R-HSA-72312,-0.18492579749072385,-0.8307634558847351,8.481781e-01,9.670802e-01,1.000000e+00,13/116,9.25%,DDX52;KRR1;BYSL;NOL12;UTP3;C1D;EXOSC10;CSNK1D;ISG20L2;PDCD11;HSD17B10;RIOK3;LTV1
prerank,Reactome_2022__Downstream Signaling Of Activated FGFR1 R-HSA-5654687,-0.31348403305197403,-0.8287710577612948,6.840909e-01,9.692801e-01,1.000000e+00,6/12,27.95%,NRAS;PIK3R1;SHC1;FGFR1;GRB2;HRAS
prerank,Reactome_2022__Assembly Of ORC Complex At Origin Of Replication R-HSA-68616,-0.2578237106528423,-0.8285633531922098,7.175732e-01,9.680034e-01,1.000000e+00,5/23,11.44%,H2AJ;H2AX;H3-3B;ORC4;H2AZ1
prerank,Reactome_2022__Signaling By FLT3 Fusion Proteins R-HSA-9703465,0.29021850723973275,0.8273660112217612,6.977612e-01,9.618529e-01,1.000000e+00,4/15,17.72%,TRIP11;STAT5A;PIK3CA;GOLGB1
prerank,Reactome_2022__Sphingolipid Metabolism R-HSA-428157,-0.21113637052322715,-0.8269596736527514,7.847826e-01,9.694196e-01,1.000000e+00,3/53,0.57%,CSNK1G2;GLTP;ESYT2
prerank,Reactome_2022__RUNX1 Regulates Transcription Of Genes Involved In Differentiation Of HSCs R-HSA-8939236,-0.20026460458931766,-0.8265573390330492,8.021739e-01,9.685837e-01,1.000000e+00,15/73,16.21%,H2AJ;H2AX;GATA3;PSMF1;PSMD6;H3-3B;PSMB6;PSME4;MNAT1;H2AZ1;UBB;CDK7;PSME2;PSMB3;PSMA1
prerank,Reactome_2022__Response To Elevated Platelet Cytosolic Ca2+ R-HSA-76005,0.2022928539471235,0.8256829413161977,7.888676e-01,9.634620e-01,1.000000e+00,8/68,5.01%,FAM3C;TMX3;ENDOD1;PLEK;SOD1;ANXA5;VCL;PIKFYVE
prerank,Reactome_2022__Carboxyterminal Post-Translational Modifications Of Tubulin R-HSA-8955332,0.27436139341490723,0.8256744691288908,7.332016e-01,9.617353e-01,1.000000e+00,5/18,22.29%,TUBA1A;TUBB;TUBA1C;TTLL1;TPGS2
prerank,Reactome_2022__Transport Of Small Molecules R-HSA-382551,0.16086767606656568,0.8256141937848912,9.616088e-01,9.601185e-01,1.000000e+00,85/336,23.94%,PRKACB;SLC20A1;PRKAR1A;ADD3;SLC4A7;ATP10D;PSMD2;PHB2;SLC26A2;RAB11A;ATP1A3;ADD1;PSMD11;ATP2B4;YME1L1;LRRC8D;ATP2A3;SLC1A7;PSMB2;EIF2S1;STOM;CLTC;SLC26A11;ABCC10;SLCO4C1;TSC22D3;SLC2A3;SLC25A22;ATP6V0E2;GNG10;LMF1;SLC12A6;VCP;PEX3;SLC39A6;SLC4A2;HMOX2;MICU1;SLC44A2;PCSK5;CUTC;PSMD10;CLCN3;ABCA2;ATP6V1A;ATP6V0A2;PSMD4;SLC36A1;UBC;HDLBP;SLC16A3;NIPA2;NIPA1;IREB2;MMGT1;SLC50A1;PSMD13;ABCB10;ERLEC1;ABCB8;RNF185;SMDT1;PEX19;BPNT1;PSMA5;AP2B1;SLC30A6;SLC66A1;AHCYL2;NR1H2;AFG3L2;SLC7A6;EMB;SLC29A3;ATP8B2;ATP6V1C1;ANO6;CYBRD1;PSME3;EIF2S2;ATP11B;ATP6V1D;PSMB5;RNF5;MRS2
prerank,Reactome_2022__Signaling By B Cell Receptor (BCR) R-HSA-983705,-0.18881767167819688,-0.8248096635012133,8.562232e-01,9.704684e-01,1.000000e+00,20/96,16.21%,NRAS;CARD11;CD79B;PSMF1;NFKBIB;PSMD6;PSMB6;PIK3R1;NFKB1;PSME4;NFATC1;PRKCB;IKBKB;UBB;LYN;CALM1;PSME2;REL;PSMB3;PSMA1
prerank,Reactome_2022__Signaling By MET R-HSA-6806834,-0.22800674293509604,-0.8246869995820305,7.744875e-01,9.690217e-01,1.000000e+00,9/38,14.67%,NRAS;RAPGEF1;STAM;RNMT;PTPRJ;PIK3R1;UBB;LMNB2;ARF6
prerank,Reactome_2022__Beta-oxidation Of Very Long Chain Fatty Acids R-HSA-390247,-0.33326778800054196,-0.8246617289041682,6.729167e-01,9.673848e-01,1.000000e+00,2/8,14.84%,ACOX1;ACAA1
prerank,Reactome_2022__Phosphorylation Of CD3 And TCR Zeta Chains R-HSA-202427,0.30007847123697173,0.8225276466797955,7.173077e-01,9.644618e-01,1.000000e+00,6/14,20.61%,PTPRC;PAG1;LCK;CD247;PTPN22;CSK
prerank,Reactome_2022__Amyloid Fiber Formation R-HSA-977225,0.222804857949147,0.8217257763712165,7.709611e-01,9.642438e-01,1.000000e+00,15/40,28.86%,H2BC15;TSPAN5;H2AC6;ADAM10;ITM2B;LYZ;UBC;H2AC4;TSPAN14;GGA2;H2BC9;H2BC12;UBA52;APH1B;GGA3
prerank,"Reactome_2022__Interleukin-3, Interleukin-5 And GM-CSF Signaling R-HSA-512988",0.23732685053344518,0.8215740380775408,7.597765e-01,9.627950e-01,1.000000e+00,9/32,21.43%,YWHAZ;CRK;IL5RA;STAT5A;PIK3CA;INPP5D;PIK3R2;PTPN11;PIK3R3
prerank,Reactome_2022__Interleukin-2 Signaling R-HSA-9020558,0.3265737894120698,0.8203315051046906,6.747664e-01,9.634121e-01,1.000000e+00,2/10,12.55%,STAT5A;LCK
prerank,Reactome_2022__AKT Phosphorylates Targets In Nucleus R-HSA-198693,-0.3444731386428287,-0.81747852660911,7.033898e-01,9.797187e-01,1.000000e+00,1/8,1.47%,AKT1
prerank,Reactome_2022__Mitotic G1 Phase And G1/S Transition R-HSA-453279,0.1853393701909675,0.814937138409173,8.854962e-01,9.718356e-01,1.000000e+00,13/115,8.58%,HDAC1;RBL2;RBBP4;PSMD2;MAX;PSMD11;RPA3;MCM3;CDKN1B;PSMB2;AKT3;E2F4;CDKN2A
prerank,Reactome_2022__Late SARS-CoV-2 Infection Events R-HSA-9772573,-0.21314615802352932,-0.8127716162839868,7.979592e-01,9.872097e-01,1.000000e+00,10/48,14.97%,MAGT1;RPN2;MGAT4B;GSK3A;PARP6;DDOST;UBB;SUMO1;MGAT4A;ZDHHC3
prerank,Reactome_2022__JNK (c-Jun Kinases) Phosphorylation And Activation Mediated By Activated Human TAK1 R-HSA-450321,-0.2836756844781734,-0.812318568329797,7.046414e-01,9.863957e-01,1.000000e+00,4/16,15.53%,MAPK9;MAP2K7;IRAK1;RIPK2
prerank,Reactome_2022__Fatty acyl-CoA Biosynthesis R-HSA-75105,0.2569818055122508,0.8118041172921739,7.312030e-01,9.760822e-01,1.000000e+00,4/23,13.35%,ELOVL6;HACD2;ACSL4;HSD17B12
prerank,Reactome_2022__Regulation Of MECP2 Expression And Activity R-HSA-9022692,0.24918278415725376,0.8111645042495688,7.225326e-01,9.755804e-01,1.000000e+00,3/26,6.87%,HDAC1;LBR;MECP2
prerank,Reactome_2022__Downstream TCR Signaling R-HSA-202424,-0.1895585383444905,-0.8095552020549099,8.620690e-01,9.899098e-01,1.000000e+00,26/85,24.91%,HLA-DRB5;CARD11;CD3D;PSMF1;PSMD6;PSMB6;PIK3R1;NFKB1;PSME4;IKBKB;UBB;HLA-DRB1;TRAT1;PSME2;RIPK2;PSMB3;PSMA1;PSMD9;PSME1;HLA-DQA2;PSMC2;PIK3CB;UBE2V1;PSMD7;UBE2D1;PSMC3
prerank,Reactome_2022__Role Of GTSE1 In G2/M Progression After G2 Checkpoint R-HSA-8852276,-0.21003563397104463,-0.8090787538467015,8.309572e-01,9.891232e-01,1.000000e+00,14/49,24.91%,MAPRE1;PSMF1;PSMD6;PSMB6;PSME4;UBB;PSME2;PSMB3;PSMA1;PSMD9;PSME1;PSMC2;PSMD7;PSMC3
prerank,Reactome_2022__Defective Pyroptosis R-HSA-9710421,0.24064732903045385,0.8089826316257828,7.545639e-01,9.777558e-01,1.000000e+00,4/28,8.59%,H2BC15;RBBP4;SUZ12;H2AC6
prerank,Reactome_2022__Signaling By FGFR In Disease R-HSA-1226099,0.2204532574474712,0.8086100129038716,7.866419e-01,9.767063e-01,1.000000e+00,8/41,13.96%,STAT3;FGFR1OP2;PLCG1;STAT5A;CNTRL;PIK3CA;POLR2I;TRIM24
prerank,Reactome_2022__HS-GAG Degradation R-HSA-2024096,-0.379616941210202,-0.8083849699391251,6.960986e-01,9.887218e-01,1.000000e+00,3/6,30.91%,IDS;NAGLU;IDUA
prerank,Reactome_2022__ATF4 Activates Genes In Response To Endoplasmic Reticulum Stress R-HSA-380994,-0.24110150637646113,-0.8080188915081602,7.782516e-01,9.877254e-01,1.000000e+00,2/25,2.85%,ATF4;CEBPG
prerank,Reactome_2022__Cytochrome P450 - Arranged By Substrate Type R-HSA-211897,0.28409605464100823,0.8052458799346285,7.183365e-01,9.812026e-01,1.000000e+00,1/15,0.32%,MIA3
prerank,Reactome_2022__Viral Messenger RNA Synthesis R-HSA-168325,0.2110604251893025,0.8051778992230648,8.200758e-01,9.795911e-01,1.000000e+00,9/46,17.33%,NUP62;NUP50;PBRM1;NUP37;NUP58;GNL3;POLR2I;NUP188;NUP85
prerank,Reactome_2022__Insulin Receptor Signaling Cascade R-HSA-74751,-0.24877850873235033,-0.8050659431087126,7.770833e-01,9.915853e-01,1.000000e+00,3/24,8.97%,NRAS;IRS2;PIK3R1
prerank,Reactome_2022__Nicotinate Metabolism R-HSA-196807,-0.27630005305917404,-0.804976800672741,7.515152e-01,9.900403e-01,1.000000e+00,3/16,13.19%,NADSYN1;PARP6;CD38
prerank,Reactome_2022__NOTCH4 Intracellular Domain Regulates Transcription R-HSA-9013695,-0.28867582655727664,-0.8049114554078345,7.402062e-01,9.885023e-01,1.000000e+00,3/14,7.18%,CREBBP;SNW1;NOTCH1
prerank,Reactome_2022__Regulation Of RUNX2 Expression And Activity R-HSA-8939902,-0.19806134772089834,-0.8037187524670028,8.118609e-01,9.891254e-01,1.000000e+00,17/60,24.91%,HIVEP3;FBXW7;PSMF1;PSMD6;PSMB6;PSME4;UBB;PSME2;PSMB3;SMURF1;PSMA1;PSMD9;PSME1;RUNX2;PSMC2;PSMD7;PSMC3
prerank,Reactome_2022__Activation Of HOX Genes During Differentiation R-HSA-5619507,0.2026759781500055,0.803673927508903,8.213552e-01,9.804124e-01,1.000000e+00,19/62,25.05%,H2BC15;RBBP4;JUN;SUZ12;H2AC6;PKNOX1;POLR2I;ZNF335;NCOA6;H2AC4;HOXC4;YY1;ASH2L;CTCF;H2BC9;H2BC12;HOXB2;RARA;NCOA3
prerank,Reactome_2022__Synthesis Of Bile Acids And Bile Salts Via 7Alpha-Hydroxycholesterol R-HSA-193368,-0.34249539840682586,-0.8032946532946179,7.435897e-01,9.881944e-01,1.000000e+00,1/8,4.46%,NCOA1
prerank,Reactome_2022__SARS-CoV-1 Infection R-HSA-9678108,-0.21651495452423664,-0.8015331369164158,7.773196e-01,9.898310e-01,1.000000e+00,10/41,15.47%,MAP1LC3B;CHMP4B;CHMP2B;GSK3A;PARP6;BECN1;UBB;ZCRB1;SUMO1;CHMP2A
prerank,Reactome_2022__Mitochondrial Translation Termination R-HSA-5419276,0.189284444474537,0.8007907697985749,8.721805e-01,9.837649e-01,1.000000e+00,24/81,27.91%,MRPS7;MRPS35;MRPL49;MRPL3;MRPS33;MRPL34;MRPL15;MRPS18C;MRPL41;MRRF;MRPL20;MRPL18;OXA1L;MRPS34;MRPL17;MRPS18B;MRPS14;MRPL36;MRPL53;MRPL4;CHCHD1;MRPL51;MRPS30;MRPS16
prerank,Reactome_2022__Late Endosomal Microautophagy R-HSA-9615710,0.24590070162971508,0.8006890348044209,7.705545e-01,9.822088e-01,1.000000e+00,12/23,28.16%,MVB12A;ARL13B;PCNT;HSPA8;HDAC6;UBC;VPS37A;IFT88;CHMP7;PLIN2;UBA52;CHMP6
prerank,Reactome_2022__SUMOylation Of Chromatin Organization Proteins R-HSA-4551638,0.20963487292123045,0.8001727876818059,8.400000e-01,9.814386e-01,1.000000e+00,9/49,17.33%,HDAC1;NUP62;NUP50;SUZ12;PHC3;NUP37;NUP58;NUP188;NUP85
prerank,Reactome_2022__Aggrephagy R-HSA-9646399,0.2660159774244039,0.7994489333032955,7.457306e-01,9.810162e-01,1.000000e+00,6/19,16.43%,ARL13B;VCP;PCNT;HDAC6;UBC;DYNLL1
prerank,Reactome_2022__NOTCH3 Intracellular Domain Regulates Transcription R-HSA-9013508,-0.2812896859302604,-0.7990437545627107,7.310195e-01,9.926854e-01,1.000000e+00,3/14,7.18%,CREBBP;SNW1;NOTCH1
prerank,Reactome_2022__Extra-nuclear Estrogen Signaling R-HSA-9009391,0.21777038027055418,0.7989317650105839,8.171429e-01,9.802163e-01,1.000000e+00,6/42,8.63%,XPO1;UHMK1;CDKN1B;STRN;AKT3;GNG10
prerank,Reactome_2022__DAP12 Interactions R-HSA-2172127,0.24429837052764472,0.7977565946218363,7.633588e-01,9.806282e-01,1.000000e+00,8/26,20.06%,GRAP2;PLCG1;KLRD1;LCK;PIK3CA;LCP2;SPNS1;PIK3R2
prerank,Reactome_2022__Resolution Of D-loop Structures Thru Holliday Junction Intermediates R-HSA-5693568,0.2564652602691697,0.7955785389926133,7.582418e-01,9.828925e-01,1.000000e+00,8/19,33.93%,MRE11;GEN1;ATM;RAD51C;BLM;RAD50;BARD1;KAT5
prerank,Reactome_2022__Synthesis Of Pyrophosphates In Cytosol R-HSA-1855167,-0.340365443601622,-0.7952415125213954,7.396694e-01,9.978061e-01,1.000000e+00,1/8,3.90%,ITPK1
prerank,Reactome_2022__Interleukin-15 Signaling R-HSA-8983432,0.2932512735714642,0.7946354097000436,7.279693e-01,9.827508e-01,1.000000e+00,2/13,6.88%,STAT3;STAT5A
prerank,Reactome_2022__Chromosome Maintenance R-HSA-73886,0.18585842907582714,0.794622552005926,9.027237e-01,9.810550e-01,1.000000e+00,38/89,34.59%,H2BC15;SMARCA5;RBBP4;RPA3;RFC5;DAXX;RFC4;ATRX;H2AC6;RUVBL1;NPM1;WRAP53;POLR2I;GAR1;H2AC4;PPP6R3;SHQ1;LRIG1;H2BC9;H2BC12;DKC1;TERF2IP;BLM;ITGB3BP;NOP10;CENPK;H2AZ2;POLA2;PIF1;H2BC11;POLD3;STN1;CTC1;POLR2B;RBBP7;TINF2;CENPX;PPP6C
prerank,Reactome_2022__Synaptic Adhesion-Like Molecules R-HSA-8849932,-0.3536265793293838,-0.7945601090254218,7.463617e-01,9.973789e-01,1.000000e+00,1/7,4.33%,FLOT1
prerank,Reactome_2022__TGF-beta Receptor Signaling In EMT (Epithelial To Mesenchymal Transition) R-HSA-2173791,0.2939858749694653,0.794155682017282,7.360308e-01,9.800627e-01,1.000000e+00,1/13,0.11%,TGFBR2
prerank,Reactome_2022__Activation Of PUMA And Translocation To Mitochondria R-HSA-139915,-0.3702331188104483,-0.7935361537311483,7.168675e-01,9.974143e-01,1.000000e+00,2/6,17.57%,BBC3;TFDP2
prerank,Reactome_2022__RNA Polymerase III Transcription Termination R-HSA-73980,-0.2642629648056555,-0.7928157058072952,7.620000e-01,9.971105e-01,1.000000e+00,5/18,19.47%,CRCP;POLR3F;POLR3C;POLR2E;POLR3H
prerank,Reactome_2022__APC/C:Cdc20 Mediated Degradation Of Cyclin B R-HSA-174048,-0.26196557012785404,-0.7926841704036159,7.505241e-01,9.956907e-01,1.000000e+00,4/19,12.26%,ANAPC15;ANAPC11;UBE2S;UBB
prerank,Reactome_2022__Oncogene Induced Senescence R-HSA-2559585,-0.23788362579623026,-0.7925351123966962,7.905544e-01,9.942988e-01,1.000000e+00,8/27,19.72%,CDKN2D;TNRC6A;AGO4;MDM4;UBB;TFDP2;ETF1;ID1
prerank,Reactome_2022__GPVI-mediated Activation Cascade R-HSA-114604,0.24220807592696109,0.7917789960257149,7.750000e-01,9.824183e-01,1.000000e+00,8/26,21.43%,PIK3CG;LCK;PIK3CA;LCP2;SPNS1;PIK3R2;PTPN11;PIK3R3
prerank,Reactome_2022__CS/DS Degradation R-HSA-2024101,-0.3846664056500184,-0.7909828170249925,7.313131e-01,9.953280e-01,1.000000e+00,1/5,12.10%,IDS
prerank,Reactome_2022__CLEC7A (Dectin-1) Signaling R-HSA-5607764,0.18370613076737694,0.7896058297739459,9.077758e-01,9.844353e-01,1.000000e+00,12/91,14.05%,PPP3CB;UBE2D2;PSMD2;NFATC2;PSMD11;PSMB2;PPP3R1;AHCYL1;NFATC3;PSMD10;PSMD4;UBC
prerank,Reactome_2022__MET Receptor Recycling R-HSA-8875656,-0.3235864832402766,-0.789126967029955,7.400419e-01,9.969051e-01,1.000000e+00,3/9,19.04%,RNMT;ARF6;RAB4A
prerank,Reactome_2022__Pexophagy R-HSA-9664873,-0.3086394791575444,-0.7887730924788726,7.605634e-01,9.958703e-01,1.000000e+00,3/10,12.26%,MAP1LC3B;USP30;UBB
prerank,Reactome_2022__Synthesis Of PG R-HSA-1483148,-0.3807236127613832,-0.7886797931208108,7.270833e-01,9.943548e-01,1.000000e+00,1/5,9.51%,PTPMT1
prerank,Reactome_2022__PECAM1 Interactions R-HSA-210990,0.31502616168727327,0.7879157512439242,7.565392e-01,9.857725e-01,1.000000e+00,5/10,26.10%,PLCG1;LCK;INPP5D;PTPN11;PTPN6
prerank,Reactome_2022__Telomere Maintenance R-HSA-157579,0.19024521206000736,0.7878494446201708,8.700787e-01,9.841673e-01,1.000000e+00,30/73,33.35%,H2BC15;RPA3;RFC5;DAXX;RFC4;ATRX;H2AC6;RUVBL1;WRAP53;POLR2I;GAR1;H2AC4;PPP6R3;SHQ1;LRIG1;H2BC9;H2BC12;DKC1;TERF2IP;BLM;NOP10;H2AZ2;POLA2;PIF1;H2BC11;POLD3;STN1;CTC1;POLR2B;TINF2
prerank,Reactome_2022__CREB1 Phosphorylation Thru NMDA Receptor-Mediated Activation Of RAS Signaling R-HSA-442742,-0.3047439496280303,-0.786916678677602,7.515400e-01,9.956875e-01,1.000000e+00,1/11,1.40%,NRAS
prerank,Reactome_2022__Dopamine Neurotransmitter Release Cycle R-HSA-212676,0.3450699525785391,0.7859387930235198,7.372549e-01,9.857579e-01,1.000000e+00,3/7,13.68%,VAMP2;LIN7B;PPFIA1
prerank,Reactome_2022__Interferon Alpha/Beta Signaling R-HSA-909733,-0.2022433926778072,-0.7858338536117465,8.466258e-01,9.959012e-01,1.000000e+00,13/54,20.25%,IFIT2;MX2;EGR1;OAS1;IFI6;USP18;ISG15;SOCS1;BST2;TYK2;KPNA1;IRF1;MX1
prerank,Reactome_2022__RA Biosynthesis Pathway R-HSA-5365859,0.34844157051144475,0.7856187639416957,7.634195e-01,9.845769e-01,1.000000e+00,3/7,20.28%,RDH11;RDH14;AKR1C3
prerank,Reactome_2022__Phosphorylation Of APC/C R-HSA-176412,-0.26738681981738677,-0.7848119287573783,7.580645e-01,9.959789e-01,1.000000e+00,3/16,11.56%,ANAPC15;ANAPC11;UBE2S
prerank,Reactome_2022__HATs Acetylate Histones R-HSA-3214847,-0.18075021643591477,-0.7845494918660196,8.842315e-01,9.947646e-01,1.000000e+00,23/90,20.80%,TADA1;KANSL2;CREBBP;TAF10;NCOA1;ING3;TADA2B;HCFC1;EPC1;MSL2;ELP5;BRD1;TAF6L;YEATS2;KAT7;H2AC25;ELP6;ELP2;PHF20;MBIP;SUPT7L;ATXN7;OGT
prerank,Reactome_2022__Activation Of TFAP2 (AP-2) Family Of Transcription Factors R-HSA-8866907,-0.37996427032604585,-0.7837997155766321,7.272727e-01,9.943953e-01,1.000000e+00,1/5,2.61%,CREBBP
prerank,Reactome_2022__Processing Of SMDT1 R-HSA-8949664,0.27074951842026623,0.7821419142502892,7.936508e-01,9.886580e-01,1.000000e+00,6/16,25.11%,PHB2;YME1L1;MICU1;SMDT1;AFG3L2;MICU2
prerank,Reactome_2022__Lewis Blood Group Biosynthesis R-HSA-9037629,-0.32780817988584215,-0.7817774725330583,7.484536e-01,9.961211e-01,1.000000e+00,1/8,1.16%,ST6GALNAC6
prerank,Reactome_2022__RHO GTPases Activate Rhotekin And Rhophilins R-HSA-5666185,-0.3614452357306256,-0.7815554173223859,7.494867e-01,9.948409e-01,1.000000e+00,1/6,4.00%,RHOC
prerank,Reactome_2022__rRNA Modification In Mitochondrion R-HSA-6793080,0.36526627029292097,0.7802090516594945,7.412451e-01,9.901698e-01,1.000000e+00,4/6,39.44%,MRM2;TFB1M;MTERF4;NSUN4
prerank,Reactome_2022__Clathrin-mediated Endocytosis R-HSA-8856828,0.1803914765618749,0.780013849420843,9.118774e-01,9.887671e-01,1.000000e+00,32/91,28.12%,COPS5;ADRB2;SNX18;FNBP1;SH3GL1;ACTR3;COPS7A;EPS15;CLTC;UBQLN1;FCHO1;ACTR2;VAMP2;ITSN2;IL7R;HSPA8;UBC;BIN1;GAPVD1;EPS15L1;EPN2;HGS;AP2B1;COPS6;ARPC1A;PICALM;UBA52;TOR1A;LDLRAP1;TOR1B;DAB2;DVL2
prerank,Reactome_2022__Signaling By KIT In Disease R-HSA-9669938,-0.2604325173221399,-0.7797149007742901,7.756813e-01,9.961873e-01,1.000000e+00,4/17,12.45%,NRAS;YES1;PIK3R1;LYN
prerank,Reactome_2022__PINK1-PRKN Mediated Mitophagy R-HSA-5205685,-0.2538472053424999,-0.7796480038790768,7.932489e-01,9.946587e-01,1.000000e+00,8/20,23.30%,MAP1LC3B;TOMM22;UBB;PINK1;TOMM5;TOMM40;VDAC1;MTERF3
prerank,Reactome_2022__Regulation Of RAS By GAPs R-HSA-5658442,-0.1960447233949904,-0.7790040865269152,8.866397e-01,9.940198e-01,1.000000e+00,13/56,20.21%,NRAS;CUL3;PSMF1;PSMD6;PSMB6;PSME4;UBB;PSME2;PSMB3;PSMA1;RASA4;PSMD9;PSME1
prerank,Reactome_2022__Depolymerisation Of Nuclear Lamina R-HSA-4419969,-0.293801280703077,-0.7776710359114019,7.525562e-01,9.944968e-01,1.000000e+00,5/12,24.10%,PRKCA;PRKCB;LPIN1;CNEP1R1;LMNA
prerank,Reactome_2022__Basigin Interactions R-HSA-210991,-0.2835281933833551,-0.7776160663456276,7.673469e-01,9.929646e-01,1.000000e+00,6/13,24.36%,SLC7A5;DEAF1;SLC3A2;SLC16A1;ATP1B1;ATP1B3
prerank,Reactome_2022__Regulation Of PTEN Stability And Activity R-HSA-8948751,0.1995771281373429,0.7769505425577965,8.831683e-01,9.919723e-01,1.000000e+00,12/61,17.26%,TRIM27;RNF146;PSMD2;PSMD11;PSMB2;AKT3;PSMD10;PTEN;PSMD4;UBC;OTUD3;PSMD13
prerank,Reactome_2022__Regulation Of NF-kappa B Signaling R-HSA-9758274,-0.2617408634117737,-0.7766174575871505,7.780127e-01,9.929973e-01,1.000000e+00,4/17,12.26%,N4BP1;USP18;IKBKB;UBB
prerank,Reactome_2022__Signaling By NOTCH4 R-HSA-9013694,-0.18597064704496385,-0.7757215736371449,8.933602e-01,9.927900e-01,1.000000e+00,14/72,16.21%,AKT1;CREBBP;FBXW7;SNW1;TACC3;PSMF1;NOTCH1;PSMD6;PSMB6;APH1A;UBB;PSME2;PSMB3;PSMA1
prerank,Reactome_2022__FLT3 Signaling By CBL Mutants R-HSA-9706377,0.38321595373758927,0.7750513737591781,7.457627e-01,9.933617e-01,1.000000e+00,3/5,28.44%,UBC;UBA52;FLT3LG
prerank,Reactome_2022__Ion Channel Transport R-HSA-983712,-0.18593453685126837,-0.7749585243086333,8.971554e-01,9.924005e-01,1.000000e+00,21/72,24.36%,TCIRG1;ATP6V1H;SLC9B2;CLCN6;ASPH;TRPM7;ATP6V0C;ATP8A1;FXYD7;UBB;ATP6V1G1;BEST1;CALM1;CLCN7;TRPM2;ATP2B1;ATP11C;ANO8;ATP1B1;ATP8B4;ATP1B3
prerank,Reactome_2022__Blood Group Systems Biosynthesis R-HSA-9033658,-0.3096251967561331,-0.7748931068999444,7.500000e-01,9.909075e-01,1.000000e+00,1/9,1.16%,ST6GALNAC6
prerank,Reactome_2022__Amino Acid Transport Across Plasma Membrane R-HSA-352230,-0.2779931969784851,-0.7742849430469921,7.509804e-01,9.903230e-01,1.000000e+00,4/14,21.65%,SLC7A5;SLC38A5;SLC3A2;SLC1A4
prerank,Reactome_2022__Metabolism Of Non-Coding RNA R-HSA-194441,0.1998429247181301,0.7736085646156338,8.470149e-01,9.939736e-01,1.000000e+00,9/50,17.60%,NUP62;NUP50;NUP37;NUP58;CLNS1A;SNRPE;NUP188;NUP85;PRMT5
prerank,Reactome_2022__Deposition Of New CENPA-containing Nucleosomes At Centromere R-HSA-606279,0.22587770849358843,0.7734968928796997,8.478702e-01,9.924749e-01,1.000000e+00,6/32,12.36%,H2BC15;SMARCA5;RBBP4;H2AC6;RUVBL1;NPM1
prerank,Reactome_2022__RND2 GTPase Cycle R-HSA-9696270,0.23418170488612125,0.7733916715070556,8.156313e-01,9.909509e-01,1.000000e+00,5/28,10.89%,FNBP1;ANKRD26;ARHGAP1;GOLGA3;RBMX
prerank,Reactome_2022__TLR3-mediated TICAM1-dependent Programmed Cell Death R-HSA-9013957,0.3537673319603577,0.7732307956514028,7.302231e-01,9.895372e-01,1.000000e+00,3/6,33.40%,RIPK1;FADD;TICAM1
prerank,Reactome_2022__Regulation Of Complement Cascade R-HSA-977606,-0.2960634665466973,-0.7724305979539228,7.567010e-01,9.915606e-01,1.000000e+00,1/11,1.86%,CD81
prerank,Reactome_2022__RNA Polymerase II Transcribes snRNA Genes R-HSA-6807505,0.1899395056145627,0.7717465653031819,8.940520e-01,9.901323e-01,1.000000e+00,14/71,18.37%,ZNF143;TBP;ZC3H8;PCF11;GTF2A1;SUPT4H1;INTS14;INTS9;ICE2;POLR2I;INTS2;TAF5;INTS7;SNAPC3
prerank,Reactome_2022__PI3K/AKT Signaling In Cancer R-HSA-2219528,-0.20007679381923585,-0.7711660939030262,8.738938e-01,9.918196e-01,1.000000e+00,9/52,14.16%,AKT1;IRS2;BAD;RNMT;GSK3A;PIK3R1;MAPKAP1;MLST8;TRAT1
prerank,Reactome_2022__Eukaryotic Translation Termination R-HSA-72764,0.3066670744621093,0.771000371092583,7.631579e-01,9.896260e-01,1.000000e+00,4/10,30.89%,APEH;GSPT1;UBA52;N6AMT1
prerank,Reactome_2022__Downstream Signaling Of Activated FGFR2 R-HSA-5654696,-0.29944545142667645,-0.7709915267217838,7.437642e-01,9.873470e-01,1.000000e+00,2/11,8.97%,NRAS;PIK3R1
prerank,Reactome_2022__Downstream Signaling Of Activated FGFR3 R-HSA-5654708,-0.29944545142667645,-0.7709915267217838,7.437642e-01,9.873470e-01,1.000000e+00,2/11,8.97%,NRAS;PIK3R1
prerank,Reactome_2022__Downstream Signaling Of Activated FGFR4 R-HSA-5654716,-0.29944545142667645,-0.7709915267217838,7.437642e-01,9.873470e-01,1.000000e+00,2/11,8.97%,NRAS;PIK3R1
prerank,Reactome_2022__Regulation Of BACH1 Activity R-HSA-9708530,0.3152987753675482,0.7698081534319045,7.541899e-01,9.898356e-01,1.000000e+00,3/9,15.38%,FBXL17;UBC;RBX1
prerank,Reactome_2022__SIRT1 Negatively Regulates rRNA Expression R-HSA-427359,-0.2338579514461206,-0.768741892369044,8.246347e-01,9.892448e-01,1.000000e+00,5/25,14.10%,H2AJ;H2AX;H3-3B;H2AZ1;SUV39H1
prerank,Reactome_2022__RET Signaling R-HSA-8853659,0.24556656800593232,0.7634231585678559,8.047445e-01,9.977469e-01,1.000000e+00,6/20,21.43%,PRKACB;PLCG1;PIK3CA;PIK3R2;PTPN11;PIK3R3
prerank,Reactome_2022__Regulation Of RUNX3 Expression And Activity R-HSA-8941858,-0.19442784610652813,-0.7630007225719027,8.760163e-01,9.964497e-01,1.000000e+00,10/52,16.21%,RUNX3;TGFB1;PSMF1;PSMD6;PSMB6;UBB;PSME2;PSMB3;SMURF1;PSMA1
prerank,Reactome_2022__Loss Of MECP2 Binding Ability To NCoR/SMRT Complex R-HSA-9022537,0.33962900451135436,0.76243580863746,7.571157e-01,9.975318e-01,1.000000e+00,1/7,6.87%,MECP2
prerank,Reactome_2022__Listeria Monocytogenes Entry Into Host Cells R-HSA-8876384,0.2756511073493402,0.7612224844342844,8.107075e-01,9.976357e-01,1.000000e+00,7/15,29.77%,SH3GL1;EPS15;UBC;CTNNB1;HGS;UBA52;STAM2
prerank,Reactome_2022__Formation Of Fibrin Clot (Clotting Cascade) R-HSA-140877,0.28866705767393835,0.7609025797353876,7.937743e-01,9.964414e-01,1.000000e+00,5/12,37.04%,F2R;PRCP;ZNF160;SERPINE2;PROCR
prerank,Reactome_2022__Metal Ion SLC Transporters R-HSA-425410,0.26338331147790656,0.7603659632415877,8.058252e-01,9.955337e-01,1.000000e+00,5/15,34.34%,SLC39A6;SLC30A6;SLC39A10;SLC39A3;SLC11A2
prerank,Reactome_2022__RUNX2 Regulates Bone Development R-HSA-8941326,-0.2636529939535086,-0.760045539983686,7.885010e-01,9.992261e-01,1.000000e+00,5/16,21.05%,YES1;MAF;AREG;RUNX2;ABL1
prerank,Reactome_2022__Proton-coupled Monocarboxylate Transport R-HSA-433692,0.3801379329519001,0.7600256418611772,7.941176e-01,9.943970e-01,1.000000e+00,2/5,21.39%,SLC16A3;EMB
prerank,Reactome_2022__Viral mRNA Translation R-HSA-192823,0.31670152675889596,0.7599312430071563,7.806841e-01,9.928931e-01,1.000000e+00,2/9,13.48%,PBRM1;GNL3
prerank,Reactome_2022__BH3-only Proteins Associate With And Inactivate Anti-Apoptotic BCL-2 Members R-HSA-111453,0.32257189846953366,0.7592873044512918,7.538462e-01,9.922037e-01,1.000000e+00,2/8,8.30%,STAT3;BCL2L1
prerank,Reactome_2022__Interleukin-1 Signaling R-HSA-9020702,-0.17470167008881113,-0.758751228679163,9.436326e-01,9.993701e-01,1.000000e+00,17/97,16.21%,MAP3K8;TNIP2;PSMF1;NFKBIB;PSMD6;PSMB6;N4BP1;NFKB1;PSME4;USP18;IKBKB;UBB;IRAK1;PSME2;RIPK2;PSMB3;PSMA1
prerank,Reactome_2022__Assembly Of Active LPL And LIPC Lipase Complexes R-HSA-8963889,0.3367198947529313,0.7586759784466457,7.674419e-01,9.914761e-01,1.000000e+00,2/7,11.54%,LMF1;PCSK5
prerank,Reactome_2022__Hedgehog On State R-HSA-5632684,0.1881377154550379,0.7583195493749723,9.409524e-01,9.903287e-01,1.000000e+00,16/66,20.10%,PSMD2;PSMD11;SPOP;PSMB2;ITCH;PSMD10;CDC73;CSNK1A1;PSMD4;UBC;PTCH1;IQCE;RBX1;PSMD13;ULK3;PSMA5
prerank,Reactome_2022__Synthesis Of Substrates In N-glycan Biosythesis R-HSA-446219,0.20064479458997053,0.7570112120685873,8.675624e-01,9.904510e-01,1.000000e+00,15/46,30.94%,ST8SIA4;ST6GAL1;CTSA;CMAS;ST3GAL1;GLB1;GMDS;PGM3;ST3GAL5;FCSK;DOLPP1;ST3GAL2;SLC35C1;FPGT;ST3GAL3
prerank,Reactome_2022__RNA Polymerase I Promoter Opening R-HSA-73728,-0.24655885139246325,-0.7567086777813119,7.933071e-01,1.000000e+00,1.000000e+00,4/20,11.44%,H2AJ;H2AX;H3-3B;H2AZ1
prerank,Reactome_2022__Interleukin Receptor SHC Signaling R-HSA-912526,0.2515123910177855,0.7563263267255658,8.213628e-01,9.898215e-01,1.000000e+00,6/18,26.10%,IL5RA;PIK3CA;INPP5D;PIK3R2;PIK3R3;PTPN6
prerank,Reactome_2022__Negative Feedback Regulation Of MAPK Pathway R-HSA-5674499,-0.3699184252544243,-0.7558574142488385,7.569170e-01,1.000000e+00,1.000000e+00,2/5,15.65%,MAP2K2;BRAF
prerank,Reactome_2022__Myogenesis R-HSA-525793,-0.27432041563966264,-0.7547882004529766,8.012685e-01,1.000000e+00,1.000000e+00,3/13,9.01%,CDC42;MEF2D;SPAG9
prerank,Reactome_2022__PI Metabolism R-HSA-1483255,0.18451014285211148,0.7546820732477796,9.174853e-01,9.905130e-01,1.000000e+00,16/66,21.43%,PIK3CG;MTMR4;PIKFYVE;PI4K2B;PIP5K1A;MTMR6;PIK3CA;PTEN;INPP5D;GDPD5;SACM1L;PIK3R4;PIK3R2;TNFAIP8;GDPD1;PIK3R3
prerank,Reactome_2022__Vitamin B5 (Pantothenate) Metabolism R-HSA-199220,-0.2769148452043398,-0.7542252675595904,7.829787e-01,9.994790e-01,1.000000e+00,5/12,29.11%,FASN;PANK2;SLC5A6;VNN2;PPCDC
prerank,"Reactome_2022__Gamma Carboxylation, Hypusine Formation And Arylsulfatase Activation R-HSA-163841",-0.22473197279073726,-0.7536532119578199,8.463158e-01,9.987191e-01,1.000000e+00,6/26,17.10%,FURIN;TPST1;ARSD;SUMF2;ARSA;DNAJC24
prerank,Reactome_2022__Mucopolysaccharidoses R-HSA-2206281,0.29951795556625055,0.7533904037464944,8.067729e-01,9.906947e-01,1.000000e+00,4/10,29.11%,HGSNAT;GLB1;GNS;ARSB
prerank,Reactome_2022__Negative Regulation Of NOTCH4 Signaling R-HSA-9604323,-0.19423822353929304,-0.7533831272680249,8.900204e-01,9.975809e-01,1.000000e+00,10/51,16.21%,AKT1;FBXW7;TACC3;PSMF1;PSMD6;PSMB6;UBB;PSME2;PSMB3;PSMA1
prerank,Reactome_2022__Signaling By PDGFR In Disease R-HSA-9671555,0.26109832449965176,0.7531833616609452,8.148820e-01,9.893233e-01,1.000000e+00,4/16,13.18%,STAT3;STRN;PIK3CA;BIN2
prerank,Reactome_2022__HSF1-dependent Transactivation R-HSA-3371571,0.23264340781919374,0.7526906219553743,8.598485e-01,9.883959e-01,1.000000e+00,7/26,17.81%,HSPH1;PTGES3;FKBP4;HSPA8;AKT1S1;MRPL18;MTOR
prerank,Reactome_2022__Inositol Phosphate Metabolism R-HSA-1483249,-0.21551039142379558,-0.7520511775361957,8.663883e-01,9.979722e-01,1.000000e+00,10/32,24.28%,INPP5A;ITPK1;PLCH2;CALM1;PLCB1;PLCB2;ITPKC;SYNJ1;NUDT11;INPP4B
prerank,Reactome_2022__IKK Complex Recruitment Mediated By RIP1 R-HSA-937041,0.2502432626001181,0.7517300950929875,8.079848e-01,9.880505e-01,1.000000e+00,4/19,14.05%,UBE2D2;SARM1;RIPK1;UBC
prerank,Reactome_2022__LRR FLII-interacting Protein 1 (LRRFIP1) Activates Type I IFN Production R-HSA-3134973,-0.36729831899434734,-0.7515795757539836,7.708333e-01,9.970661e-01,1.000000e+00,1/5,2.61%,CREBBP
prerank,Reactome_2022__Cargo Recognition For Clathrin-Mediated Endocytosis R-HSA-8856825,0.18947477803208415,0.7512487596153753,9.367589e-01,9.870652e-01,1.000000e+00,24/64,28.12%,COPS5;ADRB2;SH3GL1;COPS7A;EPS15;CLTC;UBQLN1;FCHO1;VAMP2;ITSN2;IL7R;UBC;EPS15L1;EPN2;HGS;AP2B1;COPS6;PICALM;UBA52;TOR1A;LDLRAP1;TOR1B;DAB2;DVL2
prerank,Reactome_2022__Molecules Associated With Elastic Fibres R-HSA-2129379,0.3345430817430599,0.7496013666949781,7.847082e-01,9.877453e-01,1.000000e+00,2/7,12.24%,LTBP4;MFAP3
prerank,Reactome_2022__N-glycan Trimming In ER And Calnexin/Calreticulin Cycle R-HSA-532668,0.21733114168326773,0.7494015328567535,8.582834e-01,9.864144e-01,1.000000e+00,11/33,26.35%,MLEC;RAD23B;UGGT1;VCP;SYVN1;UBC;RNF185;PRKCSH;RNF5;EDEM3;UBA52
prerank,Reactome_2022__Caspase Activation Via Death Receptors In Presence Of Ligand R-HSA-140534,-0.2878655813350939,-0.7476296809110177,7.790927e-01,1.000000e+00,1.000000e+00,1/11,3.94%,FASN
prerank,Reactome_2022__Regulated Proteolysis Of p75NTR R-HSA-193692,-0.29091976434496863,-0.7466262613666719,8.083832e-01,1.000000e+00,1.000000e+00,2/10,11.40%,NFKB1;APH1A
prerank,Reactome_2022__SARS-CoV-2 Modulates Autophagy R-HSA-9754560,0.29189069158915504,0.7464117057724183,8.244898e-01,9.888112e-01,1.000000e+00,3/11,14.71%,VPS33A;UVRAG;VPS16
prerank,Reactome_2022__SLC-mediated Transmembrane Transport R-HSA-425407,0.17226330415389837,0.7438743336080145,9.528487e-01,9.906794e-01,1.000000e+00,20/96,21.46%,SLC20A1;SLC4A7;SLC26A2;SLC1A7;SLC26A11;SLCO4C1;SLC2A3;SLC25A22;SLC12A6;SLC39A6;SLC4A2;SLC44A2;SLC36A1;SLC16A3;SLC50A1;SLC30A6;AHCYL2;SLC7A6;EMB;SLC29A3
prerank,Reactome_2022__Removal Of Flap Intermediate R-HSA-69166,0.27180977996901723,0.7433291152019824,8.135922e-01,9.897832e-01,1.000000e+00,1/13,4.16%,RPA3
prerank,Reactome_2022__Degradation Of GLI1 By Proteasome R-HSA-5610780,0.19569235309014926,0.7425367297028399,8.956693e-01,9.892294e-01,1.000000e+00,10/54,17.26%,PRKACB;PSMD2;PSMD11;PSMB2;ITCH;PSMD10;PSMD4;UBC;RBX1;PSMD13
prerank,Reactome_2022__Downregulation Of ERBB4 Signaling R-HSA-1253288,0.35877241033744167,0.7422952023453427,7.714286e-01,9.879707e-01,1.000000e+00,3/6,26.35%,ITCH;UBC;UBA52
prerank,Reactome_2022__NIK To Noncanonical NF-kB Signaling R-HSA-5676590,-0.1873535932035597,-0.7420188604702685,9.053498e-01,1.000000e+00,1.000000e+00,15/55,24.91%,UBE2M;PSMF1;PSMD6;PSMB6;PSME4;UBB;PSME2;PSMB3;PSMA1;RELB;PSMD9;PSME1;PSMC2;PSMD7;PSMC3
prerank,Reactome_2022__Downregulation Of ERBB2:ERBB3 Signaling R-HSA-1358803,0.29986292428400385,0.7408773831306907,8.092486e-01,9.882182e-01,1.000000e+00,3/10,14.05%,ERBB2;AKT3;UBC
prerank,Reactome_2022__Cytosolic Iron-Sulfur Cluster Assembly R-HSA-2564830,-0.2774514913669479,-0.7393011932006056,8.212851e-01,1.000000e+00,1.000000e+00,2/11,9.87%,RTEL1;NUBP2
prerank,Reactome_2022__RUNX3 Regulates Immune Response And Cell Migration R-HSA-8949275,0.37087229877439876,0.7387714273449908,7.648221e-01,9.893982e-01,1.000000e+00,1/5,0.86%,ITGA4
prerank,Reactome_2022__Prevention Of Phagosomal-Lysosomal Fusion R-HSA-9636383,0.3141460197062829,0.7373117797877252,8.085106e-01,9.895806e-01,1.000000e+00,3/8,26.35%,UBC;HGS;UBA52
prerank,Reactome_2022__RMTs Methylate Histone Arginines R-HSA-3214858,-0.20070558608349692,-0.7372296410728798,8.875740e-01,1.000000e+00,1.000000e+00,4/40,6.56%,ARID1B;H2AJ;H2AX;CARM1
prerank,Reactome_2022__Negative Regulation Of MET Activity R-HSA-6807004,0.25025888532719426,0.7371797276290102,8.424908e-01,9.881633e-01,1.000000e+00,6/18,20.32%,SH3GL1;EPS15;PTPN1;UBC;LRIG1;HGS
prerank,Reactome_2022__Degradation Of GLI2 By Proteasome R-HSA-5610783,0.1932413971101287,0.7367887986440665,9.021526e-01,9.855139e-01,1.000000e+00,10/54,17.26%,PRKACB;PSMD2;PSMD11;PSMB2;PSMD10;CSNK1A1;PSMD4;UBC;RBX1;PSMD13
prerank,Reactome_2022__GLI3 Is Processed To GLI3R By Proteasome R-HSA-5610785,0.1932413971101287,0.7367887986440665,9.021526e-01,9.855139e-01,1.000000e+00,10/54,17.26%,PRKACB;PSMD2;PSMD11;PSMB2;PSMD10;CSNK1A1;PSMD4;UBC;RBX1;PSMD13
prerank,Reactome_2022__Vif-mediated Degradation Of APOBEC3G R-HSA-180585,-0.18858888863653103,-0.7361763770208121,9.288538e-01,1.000000e+00,1.000000e+00,15/50,24.91%,PSMF1;PSMD6;PSMB6;ELOB;PSME4;CUL5;UBB;PSME2;PSMB3;PSMA1;PSMD9;PSME1;PSMC2;PSMD7;PSMC3
prerank,Reactome_2022__Nuclear Events Mediated By NFE2L2 R-HSA-9759194,-0.17708912570499247,-0.7359141378174764,9.457831e-01,1.000000e+00,1.000000e+00,23/70,27.01%,ATF4;CREBBP;PSMF1;NOTCH1;PSMD6;PSMB6;TKT;UBB;MAFK;PSME2;PSMB3;PSMA1;NFE2L2;PSMD9;PSME1;TALDO1;PSMC2;HMOX1;PSMD7;PSMC3;GSR;SRXN1;PSMD3
prerank,Reactome_2022__Meiosis R-HSA-1500620,-0.1884810576032297,-0.7356962862964849,9.100000e-01,1.000000e+00,1.000000e+00,8/55,11.95%,H2AJ;TERF1;H2AX;H3-3B;PMEPA1;SUN1;H2AZ1;SMC3
prerank,Reactome_2022__PERK Regulates Gene Expression R-HSA-381042,0.21441111120512352,0.7352082225606804,8.931298e-01,9.858938e-01,1.000000e+00,12/30,29.14%,EIF2S1;PARN;EXOSC2;EXOSC3;EXOSC8;DIS3;EIF2AK3;KHSRP;EIF2S2;NFYC;EIF2S3;EXOSC5
prerank,"Reactome_2022__Plasma Lipoprotein Assembly, Remodeling, And Clearance R-HSA-174824",-0.21086676819591096,-0.734768744780894,8.839662e-01,1.000000e+00,1.000000e+00,7/33,14.26%,FURIN;NPC2;MYLIP;PRKCA;APOBR;UBB;P4HB
prerank,Reactome_2022__Membrane Binding And Targetting Of GAG Proteins R-HSA-174490,0.28469205831517047,0.7328516739941762,8.160920e-01,9.871517e-01,1.000000e+00,4/11,16.74%,MVB12A;NMT2;UBC;VPS37A
prerank,Reactome_2022__Signaling By NTRK2 (TRKB) R-HSA-9006115,-0.27075369385015075,-0.728872395882379,8.280543e-01,1.000000e+00,1.000000e+00,2/13,8.97%,NRAS;PIK3R1
prerank,Reactome_2022__Processive Synthesis On Lagging Strand R-HSA-69183,0.26279267071491563,0.7285791345559676,8.243243e-01,9.907499e-01,1.000000e+00,4/14,31.50%,RPA3;LRIG1;POLA2;POLD3
prerank,Reactome_2022__Lysosome Vesicle Biogenesis R-HSA-432720,-0.2200699537249804,-0.7283378106994107,8.539554e-01,1.000000e+00,1.000000e+00,11/26,30.25%,CLTB;AP1S1;AP4B1;CHMP2A;ARRB1;AP1G1;M6PR;TXNDC5;AP1S2;AP4M1;DNM2
prerank,Reactome_2022__CLEC7A/inflammasome Pathway R-HSA-5660668,-0.3390285514558077,-0.7277641682180834,7.954545e-01,1.000000e+00,1.000000e+00,1/6,9.53%,NFKB1
prerank,Reactome_2022__Signaling By NODAL R-HSA-1181150,-0.30561949354774753,-0.7275020882480907,7.919321e-01,1.000000e+00,1.000000e+00,1/8,3.28%,FURIN
prerank,Reactome_2022__Nef Mediated Downregulation Of MHC Class I Complex Cell Surface Expression R-HSA-164940,-0.30546009833007765,-0.7268888363579897,8.155136e-01,1.000000e+00,1.000000e+00,3/8,27.61%,AP1S1;AP1G1;AP1S2
prerank,Reactome_2022__DNA Replication R-HSA-69306,0.16152228642423422,0.7264473286139562,9.714286e-01,9.915878e-01,1.000000e+00,12/120,8.62%,KPNB1;H2BC15;PSMD2;PSMD11;RPA3;ANAPC10;MCM3;RFC5;PSMB2;RFC4;H2AC6;CDC26
prerank,Reactome_2022__Plasma Lipoprotein Remodeling R-HSA-8963899,-0.29437692263234216,-0.725614815392346,8.016701e-01,1.000000e+00,1.000000e+00,2/9,14.26%,FURIN;P4HB
prerank,Reactome_2022__Regulation Of IFNG Signaling R-HSA-877312,-0.26943045409724636,-0.7249946599146943,8.109244e-01,1.000000e+00,1.000000e+00,4/12,17.99%,IFNGR1;SOCS1;SUMO1;PIAS1
prerank,Reactome_2022__Base Excision Repair R-HSA-73884,0.18653054881425737,0.7244585666205516,9.178082e-01,9.924214e-01,1.000000e+00,7/55,12.16%,H2BC15;RPA3;RFC5;RFC4;H2AC6;PARP1;PARG
prerank,Reactome_2022__Retrograde Neurotrophin Signaling R-HSA-177504,0.2897044084410275,0.72426194620339,8.333333e-01,9.910788e-01,1.000000e+00,3/10,20.64%,CLTC;NTRK1;AP2B1
prerank,Reactome_2022__Dectin-1 Mediated Noncanonical NF-kB Signaling R-HSA-5607761,-0.18234742942097532,-0.7242434211093809,9.405738e-01,1.000000e+00,1.000000e+00,15/56,24.91%,UBE2M;PSMF1;PSMD6;PSMB6;PSME4;UBB;PSME2;PSMB3;PSMA1;RELB;PSMD9;PSME1;PSMC2;PSMD7;PSMC3
prerank,Reactome_2022__Mitochondrial Translation Elongation R-HSA-5389840,0.17041847796575152,0.7237326232488355,9.584906e-01,9.901199e-01,1.000000e+00,23/81,27.91%,MRPS7;MRPS35;MRPL49;MRPL3;MRPS33;MRPL34;MRPL15;MRPS18C;MRPL41;MRPL20;MRPL18;OXA1L;MRPS34;MRPL17;MRPS18B;MRPS14;MRPL36;MRPL53;MRPL4;CHCHD1;MRPL51;MRPS30;MRPS16
prerank,Reactome_2022__Phosphate Bond Hydrolysis By NUDT Proteins R-HSA-2393930,-0.33569478914754375,-0.7235905493968875,7.811159e-01,1.000000e+00,1.000000e+00,2/6,17.34%,NUDT15;NUDT1
prerank,Reactome_2022__Selenocysteine Synthesis R-HSA-2408557,0.29565613166707017,0.7235088199621053,8.023033e-01,9.888104e-01,1.000000e+00,4/10,27.85%,SARS1;EEFSEC;UBA52;SEPHS2
prerank,Reactome_2022__Activation Of SMO R-HSA-5635838,-0.2967874371846383,-0.7223262713444488,8.258197e-01,1.000000e+00,1.000000e+00,1/9,1.41%,GRK2
prerank,Reactome_2022__Negative Regulation Of FLT3 R-HSA-9706369,-0.26925916356669244,-0.7222251764550222,8.348018e-01,1.000000e+00,1.000000e+00,3/12,14.64%,PTPRJ;UBB;SLA2
prerank,Reactome_2022__Transcriptional Activity Of SMAD2/SMAD3:SMAD4 Heterotrimer R-HSA-2173793,0.19308243044312964,0.7210664414681193,9.017013e-01,9.901017e-01,1.000000e+00,15/43,27.76%,HDAC1;RNF111;E2F4;PARP1;UBC;YBX1;PPM1A;TFDP1;SMAD3;UBE2D3;CCNC;RNASEH2A;UBA52;STAT1;SMAD4
prerank,Reactome_2022__Disorders Of Transmembrane Transporters R-HSA-5619115,0.1621340374590663,0.7209451959581867,9.810964e-01,9.886659e-01,1.000000e+00,26/110,23.79%,NUP62;NUP50;PSMD2;SLC26A2;PSMD11;PSMB2;SLC12A6;VCP;NUP37;MAP4K2;PSMD10;NUP58;PSMD4;UBC;NUP188;PSMD13;NUP85;ERLEC1;RNF185;PSMA5;LMBRD1;NUP42;SLC29A3;PSME3;PSMB5;RNF5
prerank,Reactome_2022__Interleukin-1 Processing R-HSA-448706,-0.3198043261300981,-0.7203926902197666,8.116505e-01,1.000000e+00,1.000000e+00,2/7,14.87%,NFKB1;IL18
prerank,Reactome_2022__Cholesterol Biosynthesis R-HSA-191273,0.2215866709981745,0.7191376149310764,8.735849e-01,9.891280e-01,1.000000e+00,6/24,22.17%,LBR;HMGCS1;FDPS;FDFT1;ARV1;GGPS1
prerank,Reactome_2022__FLT3 Signaling R-HSA-9607240,0.21270416214239626,0.7183551976788538,8.950276e-01,9.884825e-01,1.000000e+00,7/31,14.05%,GRAP2;CDKN1B;STAT5A;AKT3;LCK;PIK3CA;UBC
prerank,Reactome_2022__ER-Phagosome Pathway R-HSA-1236974,-0.17303492754402106,-0.7173774548936559,9.637527e-01,1.000000e+00,1.000000e+00,22/73,25.35%,CALR;SEC61G;PSMF1;PSMD6;PSMB6;PSME4;SEC61B;IKBKB;UBB;TAPBP;PSME2;PSMB3;PSMA1;PDIA3;PSMD9;PSME1;PSMC2;VAMP3;PSMD7;PSMC3;HLA-F;HLA-B
prerank,Reactome_2022__Signaling By FLT3 ITD And TKD Mutants R-HSA-9703648,-0.2775251797259849,-0.7168381470104872,8.619958e-01,1.000000e+00,1.000000e+00,2/11,8.97%,NRAS;PIK3R1
prerank,Reactome_2022__Aberrant Regulation Of Mitotic Exit In Cancer Due To RB1 Defects R-HSA-9687136,-0.23426251585869262,-0.7165195703369032,8.650794e-01,1.000000e+00,1.000000e+00,3/19,11.56%,ANAPC15;ANAPC11;UBE2S
prerank,Reactome_2022__APC/C-mediated Degradation Of Cell Cycle Proteins R-HSA-174143,-0.17254660191695428,-0.7158108599416867,9.595960e-01,1.000000e+00,1.000000e+00,13/72,16.21%,ANAPC15;FBXO5;ANAPC11;PSMF1;PSMD6;PSMB6;PSME4;UBE2S;CDC14A;UBB;PSME2;PSMB3;PSMA1
prerank,Reactome_2022__Recycling Pathway Of L1 R-HSA-437239,0.2560312199900132,0.7152929278842952,8.293651e-01,9.902808e-01,1.000000e+00,4/14,25.32%,CLTC;EZR;AP2B1;MSN
prerank,Reactome_2022__Regulation Of Activated PAK-2p34 By Proteasome Mediated Degradation R-HSA-211733,-0.18678974866223746,-0.7152318136209698,9.407115e-01,1.000000e+00,1.000000e+00,14/46,24.91%,PSMF1;PKN2;PSMD6;PSMB6;PSME4;UBB;PSME2;PSMB3;PSMA1;PSMD9;PSME1;PSMC2;PSMD7;PSMC3
prerank,Reactome_2022__NR1H2 And NR1H3 Regulate Gene Expression To Control Bile Acid Homeostasis R-HSA-9623433,-0.3298987198552472,-0.7146032995525451,8.304432e-01,1.000000e+00,1.000000e+00,1/6,4.46%,NCOA1
prerank,Reactome_2022__Suppression Of Phagosomal Maturation R-HSA-9637687,0.2752050873308471,0.7127783608545288,8.455598e-01,9.914360e-01,1.000000e+00,1/11,0.31%,KPNB1
prerank,Reactome_2022__APC-Cdc20 Mediated Degradation Of Nek2A R-HSA-179409,-0.23045053395473758,-0.7119451906722509,8.536082e-01,1.000000e+00,1.000000e+00,4/20,12.26%,ANAPC15;ANAPC11;UBE2S;UBB
prerank,"Reactome_2022__SUMO Is Transferred From E1 To E2 (UBE2I, UBC9) R-HSA-3065678",-0.3271100093729119,-0.7111205893491062,8.188976e-01,1.000000e+00,1.000000e+00,3/6,27.29%,SUMO1;UBE2I;SAE1
prerank,Reactome_2022__RNA Polymerase III Transcription Initiation From Type 2 Promoter R-HSA-76066,-0.21861894136484877,-0.7110518869075372,8.869565e-01,1.000000e+00,1.000000e+00,7/25,19.47%,CRCP;POLR3F;POLR3C;POLR2E;GTF3C4;GTF3C5;POLR3H
prerank,Reactome_2022__RND1 GTPase Cycle R-HSA-9696273,0.23113089539072182,0.7101877055023753,8.538462e-01,9.928448e-01,1.000000e+00,6/21,24.58%,ANKRD26;STIP1;RBMX;PIK3R2;LEMD3;RRAS2
prerank,Reactome_2022__RNA Polymerase III Transcription Initiation From Type 3 Promoter R-HSA-76071,-0.2150751596061902,-0.7100632418128182,8.806941e-01,1.000000e+00,1.000000e+00,8/26,20.32%,CRCP;POLR3F;POLR3C;POLR2E;POU2F1;BRF2;POLR3H;SNAPC5
prerank,Reactome_2022__SUMOylation Of RNA Binding Proteins R-HSA-4570464,-0.19250174007877974,-0.7094561465758197,9.282787e-01,9.997422e-01,1.000000e+00,7/42,13.34%,CBX4;NUP54;PHC2;NUP133;SEH1L;SEC13;SUMO1
prerank,Reactome_2022__Aberrant Regulation Of Mitotic Cell Cycle Due To RB1 Defects R-HSA-9687139,0.21137422839735417,0.7085079286184577,9.096267e-01,9.931221e-01,1.000000e+00,9/28,25.89%,ANAPC10;CDKN1B;CDC26;RB1;CDC16;TFDP1;CCND3;UBE2E1;CCND2
prerank,Reactome_2022__Hh Mutants Are Degraded By ERAD R-HSA-5362768,0.1898003350326846,0.7079284511816869,9.282787e-01,9.906281e-01,1.000000e+00,13/51,23.73%,PSMD2;PSMD11;PSMB2;VCP;SYVN1;PSMD10;PSMD4;UBC;PSMD13;ERLEC1;PSMA5;PSME3;PSMB5
prerank,Reactome_2022__Hh Mutants Abrogate Ligand Secretion R-HSA-5387390,0.1898003350326846,0.7079284511816869,9.282787e-01,9.906281e-01,1.000000e+00,13/51,23.73%,PSMD2;PSMD11;PSMB2;VCP;SYVN1;PSMD10;PSMD4;UBC;PSMD13;ERLEC1;PSMA5;PSME3;PSMB5
prerank,Reactome_2022__RHO GTPases Activate IQGAPs R-HSA-5626467,-0.29460153165780156,-0.7071886093658403,8.384458e-01,1.000000e+00,1.000000e+00,1/9,1.23%,CDC42
prerank,Reactome_2022__Synthesis Of PIPs At Plasma Membrane R-HSA-1660499,-0.1903873491747156,-0.7070372169370085,9.258475e-01,9.992867e-01,1.000000e+00,13/41,24.28%,INPP5K;RAB14;PIP4K2A;PIK3R1;PI4K2A;PIK3C2B;MTMR1;RAB4A;SYNJ1;PIP4K2C;MTMR3;PIK3CB;INPP4B
prerank,Reactome_2022__Role Of ABL In ROBO-SLIT Signaling R-HSA-428890,0.357045239647347,0.7047399606782957,8.385827e-01,9.925042e-01,1.000000e+00,3/5,38.76%,CAP1;CLASP2;ABL2
prerank,Reactome_2022__Activation Of Pre-Replicative Complex R-HSA-68962,0.2252105846209027,0.7028949226944587,8.958743e-01,9.928780e-01,1.000000e+00,2/23,4.86%,RPA3;MCM3
prerank,Reactome_2022__Intrinsic Pathway Of Fibrin Clot Formation R-HSA-140837,0.3152361466763507,0.7012861009792913,8.204633e-01,9.929129e-01,1.000000e+00,3/7,34.19%,PRCP;ZNF160;SERPINE2
prerank,Reactome_2022__APC/C:Cdc20 Mediated Degradation Of Securin R-HSA-174154,-0.17308691575746454,-0.6993089312899419,9.603340e-01,1.000000e+00,1.000000e+00,18/62,24.91%,ANAPC15;ANAPC11;PSMF1;PSMD6;PSMB6;PSME4;UBE2S;UBB;PSME2;PSMB3;PSMA1;PSMD9;PSME1;PSMC2;PSMD7;PTTG1;UBE2D1;PSMC3
prerank,Reactome_2022__Biotin Transport And Metabolism R-HSA-196780,-0.292594510616261,-0.6988392868229146,8.257261e-01,1.000000e+00,1.000000e+00,8/8,70.78%,SLC5A6;PCCA;MCCC1;PCCB;MCCC2;HLCS;PDZD11;ACACA
prerank,Reactome_2022__Assembly Of Pre-Replicative Complex R-HSA-68867,-0.1634655354162011,-0.6980712773815736,9.745763e-01,1.000000e+00,1.000000e+00,20/91,20.21%,H2AJ;ANAPC15;H2AX;ANAPC11;PSMF1;PSMD6;H3-3B;PSMB6;ORC4;H2AZ1;UBE2S;UBB;GMNN;PSME2;PSMB3;PSMA1;KPNA1;PSMD9;MCM4;PSME1
prerank,Reactome_2022__ER Quality Control Compartment (ERQC) R-HSA-901032,-0.2271561238807986,-0.6976623374371468,8.961303e-01,1.000000e+00,1.000000e+00,4/19,15.23%,MARCHF6;UBB;SEL1L;RNF103
prerank,Reactome_2022__InlB-mediated Entry Of Listeria Monocytogenes Into Host Cell R-HSA-8875360,-0.2623639243036464,-0.6972422297194119,8.534483e-01,1.000000e+00,1.000000e+00,3/12,12.26%,STAM;RNMT;UBB
prerank,Reactome_2022__ABC Transporters In Lipid Homeostasis R-HSA-1369062,-0.27323887911823236,-0.696410730346503,8.468085e-01,1.000000e+00,1.000000e+00,3/10,14.57%,ABCA5;ABCA3;ABCA7
prerank,Reactome_2022__TRAF6 Mediated NF-kB Activation R-HSA-933542,-0.22332074820946868,-0.6962887866008401,8.982301e-01,1.000000e+00,1.000000e+00,4/20,13.43%,NFKBIB;NFKB1;IKBKB;TRIM25
prerank,Reactome_2022__Unwinding Of DNA R-HSA-176974,0.30577500507464267,0.6954329225012598,8.284024e-01,9.974433e-01,1.000000e+00,1/7,4.86%,MCM3
prerank,Reactome_2022__NOTCH2 Activation And Transmission Of Signal To Nucleus R-HSA-2979096,-0.25540627128036025,-0.6936803558864647,8.757637e-01,1.000000e+00,1.000000e+00,3/13,12.26%,MIB2;APH1A;UBB
prerank,Reactome_2022__SLC Transporter Disorders R-HSA-5619102,0.17689119692614722,0.692920625353059,9.553398e-01,9.983405e-01,1.000000e+00,11/52,21.46%,NUP62;NUP50;SLC26A2;SLC12A6;NUP37;MAP4K2;NUP58;NUP188;NUP85;NUP42;SLC29A3
prerank,Reactome_2022__Assembly And Cell Surface Presentation Of NMDA Receptors R-HSA-9609736,0.30746867152444113,0.6918680265479097,8.848485e-01,9.978058e-01,1.000000e+00,2/7,16.44%,LIN7B;DLG1
prerank,Reactome_2022__Elevation Of Cytosolic Ca2+ Levels R-HSA-139853,0.28729168119623877,0.6917468300298503,8.671727e-01,9.963827e-01,1.000000e+00,1/9,1.79%,STIM1
prerank,Reactome_2022__Regulation Of APC/C Activators Between G1/S And Early Anaphase R-HSA-176408,-0.1689083797126919,-0.689862781960486,9.645833e-01,1.000000e+00,1.000000e+00,12/68,16.21%,ANAPC15;FBXO5;ANAPC11;PSMF1;PSMD6;PSMB6;PSME4;UBE2S;UBB;PSME2;PSMB3;PSMA1
prerank,Reactome_2022__Antigen processing-Cross Presentation R-HSA-1236975,0.1648841886872642,0.6892905651683937,9.794007e-01,9.972341e-01,1.000000e+00,6/77,5.44%,S100A8;S100A9;LNPEP;PSMD2;PSMD11;PSMB2
prerank,Reactome_2022__Signaling By PDGFRA Extracellular Domain Mutants R-HSA-9673770,-0.26535937527692044,-0.688292725858923,8.783186e-01,1.000000e+00,1.000000e+00,2/10,8.97%,NRAS;PIK3R1
prerank,Reactome_2022__Aflatoxin Activation And Detoxification R-HSA-5423646,0.31635421489413224,0.6882512679557191,8.413002e-01,9.966415e-01,1.000000e+00,3/6,31.59%,MGST2;MGST3;AKR7A2
prerank,Reactome_2022__Pyruvate Metabolism R-HSA-70268,0.21927962899362163,0.6882305356204711,8.942486e-01,9.951460e-01,1.000000e+00,5/21,23.40%,GLO1;SLC16A3;PDK2;PDK3;PDPR
prerank,Reactome_2022__Pyruvate Metabolism And Citric Acid (TCA) Cycle R-HSA-71406,-0.1873692525690203,-0.6879382645528377,9.412998e-01,1.000000e+00,1.000000e+00,15/41,30.88%,CS;SDHB;LDHA;DLST;SDHA;IDH2;SLC16A1;IDH3G;VDAC1;PDP2;IDH3B;SDHD;SUCLG1;MPC1;LDLR
prerank,Reactome_2022__p53-Dependent G1 DNA Damage Response R-HSA-69563,0.17938203127370633,0.687169872072519,9.675573e-01,9.946922e-01,1.000000e+00,14/55,23.73%,PSMD2;PSMD11;CDKN1B;PSMB2;CDKN2A;PSMD10;PSMD4;UBC;PSMD13;ATM;PSMA5;TP53;PSME3;PSMB5
prerank,Reactome_2022__G1/S DNA Damage Checkpoints R-HSA-69615,0.17790212317449045,0.6858563444923985,9.638095e-01,9.944351e-01,1.000000e+00,14/56,23.73%,PSMD2;PSMD11;CDKN1B;PSMB2;CDKN2A;PSMD10;PSMD4;UBC;PSMD13;ATM;PSMA5;TP53;PSME3;PSMB5
prerank,Reactome_2022__Inactivation Of APC/C Via Direct Inhibition Of APC/C Complex R-HSA-141430,-0.22968634435874677,-0.6855112150113318,8.647541e-01,1.000000e+00,1.000000e+00,3/17,11.56%,ANAPC15;ANAPC11;UBE2S
prerank,Reactome_2022__Methylation R-HSA-156581,0.27132317375134785,0.6848962901326883,8.776699e-01,9.938088e-01,1.000000e+00,2/10,16.13%,MAT2B;MTR
prerank,"Reactome_2022__TICAM1, RIP1-mediated IKK Complex Recruitment R-HSA-168927",-0.22596990617776713,-0.6824746450000155,8.879837e-01,1.000000e+00,1.000000e+00,5/18,16.36%,BIRC2;IKBKB;UBB;RIPK3;BIRC3
prerank,Reactome_2022__TRIF-mediated Programmed Cell Death R-HSA-2562578,0.3168587372910692,0.6821839836174808,8.453608e-01,9.946105e-01,1.000000e+00,4/6,40.70%,RIPK1;FADD;TICAM1;NDUFA2
prerank,Reactome_2022__Formation Of Annular Gap Junctions R-HSA-196025,-0.31620269529436695,-0.6809846779296648,8.692946e-01,1.000000e+00,1.000000e+00,1/6,4.15%,CLTB
prerank,Reactome_2022__RNA Polymerase III Transcription Initiation From Type 1 Promoter R-HSA-76061,-0.20661686067821006,-0.6795873235608202,9.137931e-01,1.000000e+00,1.000000e+00,7/26,19.47%,CRCP;POLR3F;POLR3C;POLR2E;GTF3C4;GTF3C5;POLR3H
prerank,Reactome_2022__DNA Replication Pre-Initiation R-HSA-69002,0.15438201156346587,0.6783024987739306,9.905482e-01,9.965077e-01,1.000000e+00,10/104,8.62%,KPNB1;H2BC15;PSMD2;PSMD11;RPA3;ANAPC10;MCM3;PSMB2;H2AC6;CDC26
prerank,Reactome_2022__Recycling Of eIF2:GDP R-HSA-72731,0.28826417598451826,0.677770707893031,8.704762e-01,9.954601e-01,1.000000e+00,4/8,28.91%,EIF2S1;EIF2S2;EIF2S3;EIF2B3
prerank,Reactome_2022__Regulation Of PTEN Localization R-HSA-8948747,-0.28517626523718304,-0.6769160570018685,8.478702e-01,1.000000e+00,1.000000e+00,2/8,12.26%,USP7;UBB
prerank,Reactome_2022__Interleukin-7 Signaling R-HSA-1266695,0.22953704592155455,0.6752110384666802,8.992395e-01,9.960732e-01,1.000000e+00,5/18,21.43%,STAT3;STAT5A;IL7R;PIK3R2;PIK3R3
prerank,Reactome_2022__Reproduction R-HSA-1474165,-0.17255598109335538,-0.6750764473393384,9.646570e-01,1.000000e+00,1.000000e+00,9/59,14.02%,H2AJ;TERF1;H2AX;H3-3B;PMEPA1;SUN1;H2AZ1;SMC3;HVCN1
prerank,"Reactome_2022__FOXO-mediated Transcription Of Oxidative Stress, Metabolic And Neuronal Genes R-HSA-9615017",0.23058474694770645,0.6740740692455212,8.757282e-01,9.955246e-01,1.000000e+00,3/17,17.97%,HDAC1;MAP4K2;SMAD3
prerank,Reactome_2022__SCF-beta-TrCP Mediated Degradation Of Emi1 R-HSA-174113,-0.174440783770885,-0.672701526980594,9.840000e-01,1.000000e+00,1.000000e+00,14/50,24.91%,FBXO5;PSMF1;PSMD6;PSMB6;PSME4;UBB;PSME2;PSMB3;PSMA1;PSMD9;PSME1;PSMC2;PSMD7;PSMC3
prerank,Reactome_2022__Activated NOTCH1 Transmits Signal To Nucleus R-HSA-2122948,-0.21942697931078448,-0.6713178965805747,9.018036e-01,1.000000e+00,1.000000e+00,5/19,17.30%,NOTCH1;MIB2;APH1A;UBB;ARRB1
prerank,Reactome_2022__DNA Replication Initiation R-HSA-68952,-0.29411764705882354,-0.6702126648987907,8.845361e-01,1.000000e+00,1.000000e+00,7/7,70.62%,PRIM2;POLE;POLE3;POLA1;PRIM1;POLE4;POLA2
prerank,Reactome_2022__rRNA Modification In Nucleus And Cytosol R-HSA-6790901,-0.17302549330612116,-0.668454491201137,9.725738e-01,1.000000e+00,1.000000e+00,19/54,31.06%,DDX52;KRR1;UTP3;PDCD11;WDR36;PNO1;BUD23;UTP11;TRMT112;SNU13;UTP18;WDR43;NOC4L;NOL6;NOP58;UTP15;RRP36;FCF1;UTP4
prerank,Reactome_2022__Synthesis Of DNA R-HSA-69239,0.1551796197765275,0.6684406758452984,9.885714e-01,9.986523e-01,1.000000e+00,15/98,17.27%,PSMD2;PSMD11;RPA3;ANAPC10;MCM3;RFC5;PSMB2;RFC4;CDC26;PSMD10;PSMD4;UBC;RBX1;PSMD13;CDC16
prerank,Reactome_2022__Transport Of Nucleotide Sugars R-HSA-727802,-0.2802153119511858,-0.6680876693184161,9.009901e-01,1.000000e+00,1.000000e+00,1/9,4.99%,SLC35D2
prerank,Reactome_2022__Polymerase Switching On C-strand Of Telomere R-HSA-174411,0.21187625150041325,0.6677472813400566,9.254032e-01,9.976631e-01,1.000000e+00,10/22,36.02%,RFC5;RFC4;TERF2IP;POLA2;POLD3;STN1;CTC1;TINF2;ACD;CHTF18
prerank,Reactome_2022__NOD1/2 Signaling Pathway R-HSA-168638,-0.1976445249803682,-0.6668407564551861,9.142259e-01,1.000000e+00,1.000000e+00,6/28,16.36%,BIRC2;IKBKB;CASP4;IRAK1;RIPK2;BIRC3
prerank,Reactome_2022__Common Pathway Of Fibrin Clot Formation R-HSA-140875,0.28223718280683585,0.6668121415101664,8.796844e-01,9.969205e-01,1.000000e+00,8/8,71.80%,F2R;SERPINE2;PROCR;PF4V1;PF4;TTF2;F13A1;FAM110A
prerank,Reactome_2022__Defective CFTR Causes Cystic Fibrosis R-HSA-5678895,0.17597213723341396,0.6663784545796695,9.688716e-01,9.957359e-01,1.000000e+00,14/54,23.79%,PSMD2;PSMD11;PSMB2;VCP;PSMD10;PSMD4;UBC;PSMD13;ERLEC1;RNF185;PSMA5;PSME3;PSMB5;RNF5
prerank,Reactome_2022__RNA Polymerase III Transcription Initiation R-HSA-76046,0.1936746966778826,0.6659496596318352,9.482440e-01,9.945832e-01,1.000000e+00,13/34,30.39%,ZNF143;TBP;GTF3C2;BDP1;POLR1D;SNAPC3;POLR3A;GTF3C6;POLR3K;GTF3C1;GTF3C3;POLR3E;GTF3A
prerank,Reactome_2022__Resolution Of D-loop Structures Thru Synthesis-Dependent Strand Annealing (SDSA) R-HSA-5693554,-0.22750772396513852,-0.6631199313985745,9.065606e-01,1.000000e+00,1.000000e+00,1/15,1.53%,RTEL1
prerank,Reactome_2022__Stabilization Of P53 R-HSA-69541,0.17489940268015655,0.6623205358417568,9.613153e-01,9.958907e-01,1.000000e+00,13/52,23.73%,PSMD2;PSMD11;PSMB2;CDKN2A;PSMD10;PSMD4;UBC;PSMD13;ATM;PSMA5;TP53;PSME3;PSMB5
prerank,Reactome_2022__Sensing Of DNA Double Strand Breaks R-HSA-5693548,0.32606192593141314,0.6604614496359248,8.747554e-01,9.958495e-01,1.000000e+00,4/5,33.93%,MRE11;ATM;RAD50;KAT5
prerank,Reactome_2022__Removal Of Flap Intermediate From C-strand R-HSA-174437,-0.22968720039019663,-0.6593094156553142,9.004149e-01,1.000000e+00,1.000000e+00,1/16,1.55%,TERF1
prerank,Reactome_2022__Defects Of Contact Activation System (CAS) And Kallikrein/Kinin System (KKS) R-HSA-9651496,-0.29320753332592775,-0.659158814081973,8.798371e-01,1.000000e+00,1.000000e+00,4/7,33.20%,TPST1;FAM110A;GGCX;TTF2
prerank,Reactome_2022__Maturation Of Nucleoprotein R-HSA-9683610,-0.24931533709195447,-0.6578250647214194,8.900634e-01,1.000000e+00,1.000000e+00,3/11,13.34%,GSK3A;PARP6;SUMO1
prerank,Reactome_2022__CDK-mediated Phosphorylation And Removal Of Cdc6 R-HSA-69017,-0.16217746850582493,-0.6577479975010128,9.812890e-01,1.000000e+00,1.000000e+00,11/63,16.21%,ANAPC15;ANAPC11;PSMF1;PSMD6;PSMB6;PSME4;UBE2S;UBB;PSME2;PSMB3;PSMA1
prerank,Reactome_2022__APC/C:Cdh1 Mediated Degradation Of Cdc20 And APC/C:Cdh1 Targets In Late Mitosis/Early G1 R-HSA-174178,-0.1618755182346029,-0.6570587814235637,9.897541e-01,1.000000e+00,1.000000e+00,18/65,24.91%,ANAPC15;ANAPC11;PSMF1;PSMD6;PSMB6;PSME4;UBE2S;UBB;PSME2;PSMB3;PSMA1;PSMD9;PSME1;PSMC2;PSMD7;PTTG1;UBE2D1;PSMC3
prerank,Reactome_2022__Switching Of Origins To A Post-Replicative State R-HSA-69052,-0.15796804379841745,-0.6564033761539734,9.868996e-01,1.000000e+00,1.000000e+00,16/77,20.21%,ANAPC15;ANAPC11;PSMF1;PSMD6;PSMB6;ORC4;PSME4;UBE2S;UBB;GMNN;PSME2;PSMB3;PSMA1;PSMD9;MCM4;PSME1
prerank,Reactome_2022__Autodegradation Of E3 Ubiquitin Ligase COP1 R-HSA-349425,0.17496306166185277,0.6557518129046558,9.638783e-01,9.979189e-01,1.000000e+00,12/48,23.73%,PSMD2;PSMD11;PSMB2;PSMD10;PSMD4;UBC;PSMD13;ATM;PSMA5;TP53;PSME3;PSMB5
prerank,Reactome_2022__Hedgehog Ligand Biogenesis R-HSA-5358346,0.1745541636611265,0.6555857472801162,9.732510e-01,9.965367e-01,1.000000e+00,13/53,23.73%,PSMD2;PSMD11;PSMB2;VCP;SYVN1;PSMD10;PSMD4;UBC;PSMD13;ERLEC1;PSMA5;PSME3;PSMB5
prerank,Reactome_2022__Diseases Of Metabolism R-HSA-5668914,-0.14596717720085103,-0.6555841753635548,9.979381e-01,1.000000e+00,1.000000e+00,28/111,24.19%,CHSY1;GALNT3;NOTCH1;LFNG;POMT1;B3GALT6;ADAMTS10;EXT1;IDS;UBB;ABCA3;DPM1;ALG12;TPMT;B3GAT3;ADAMTS1;ALG9;NUS1;NAGLU;B4GALT7;CYP2U1;TALDO1;PCCA;ADA;B4GALT1;HPRT1;RFT1;MTRR
prerank,Reactome_2022__Pyrimidine Catabolism R-HSA-73621,-0.29410002387937495,-0.6546315394377314,8.881579e-01,9.998365e-01,1.000000e+00,1/7,2.18%,UPP1
prerank,Reactome_2022__Regulation Of Apoptosis R-HSA-169911,-0.16846977320360612,-0.6544427665065917,9.743590e-01,9.985555e-01,1.000000e+00,14/49,24.91%,PSMF1;PKN2;PSMD6;PSMB6;PSME4;UBB;PSME2;PSMB3;PSMA1;PSMD9;PSME1;PSMC2;PSMD7;PSMC3
prerank,Reactome_2022__Mitochondrial Calcium Ion Transport R-HSA-8949215,0.21580789703332842,0.6541596608377485,9.461078e-01,9.961667e-01,1.000000e+00,6/20,25.11%,PHB2;YME1L1;MICU1;SMDT1;AFG3L2;MICU2
prerank,Reactome_2022__ABC Transporter Disorders R-HSA-5619084,0.1702192072234313,0.6537880910676577,9.771863e-01,9.949648e-01,1.000000e+00,15/58,23.79%,PSMD2;PSMD11;PSMB2;VCP;PSMD10;PSMD4;UBC;PSMD13;ERLEC1;RNF185;PSMA5;LMBRD1;PSME3;PSMB5;RNF5
prerank,Reactome_2022__Constitutive Signaling By Aberrant PI3K In Cancer R-HSA-2219530,0.1964025910086905,0.6518023903713354,9.444444e-01,9.948861e-01,1.000000e+00,8/28,21.43%,STRN;ERBB2;LCK;PIK3CA;PIK3AP1;PIK3R2;PTPN11;PIK3R3
prerank,Reactome_2022__Attenuation Phase R-HSA-3371568,0.2148917309649664,0.6512658833689927,9.273084e-01,9.937623e-01,1.000000e+00,5/20,17.28%,HSPH1;PTGES3;FKBP4;HSPA8;MRPL18
prerank,Reactome_2022__Metabolic Disorders Of Biological Oxidation Enzymes R-HSA-5579029,0.24336505863672492,0.6501172388372453,9.069307e-01,9.931603e-01,1.000000e+00,2/13,15.89%,GCLM;FDXR
prerank,Reactome_2022__Glyoxylate Metabolism And Glycine Degradation R-HSA-389661,0.22243753606737682,0.6498801738117923,9.227799e-01,9.918462e-01,1.000000e+00,3/17,19.71%,DBT;DHTKD1;BCKDHB
prerank,Reactome_2022__Activation Of APC/C And APC/C:Cdc20 Mediated Degradation Of Mitotic Proteins R-HSA-176814,-0.1602625393419912,-0.6493076771881662,9.915789e-01,9.995610e-01,1.000000e+00,18/63,24.91%,ANAPC15;ANAPC11;PSMF1;PSMD6;PSMB6;PSME4;UBE2S;UBB;PSME2;PSMB3;PSMA1;PSMD9;PSME1;PSMC2;PSMD7;PTTG1;UBE2D1;PSMC3
prerank,Reactome_2022__APC/C:Cdc20 Mediated Degradation Of Mitotic Proteins R-HSA-176409,-0.1602625393419912,-0.6493076771881662,9.915789e-01,9.995610e-01,1.000000e+00,18/63,24.91%,ANAPC15;ANAPC11;PSMF1;PSMD6;PSMB6;PSME4;UBE2S;UBB;PSME2;PSMB3;PSMA1;PSMD9;PSME1;PSMC2;PSMD7;PTTG1;UBE2D1;PSMC3
prerank,Reactome_2022__SUMO Is Proteolytically Processed R-HSA-3065679,-0.316318078277076,-0.646075995908463,8.692946e-01,1.000000e+00,1.000000e+00,5/5,68.39%,SUMO1;SENP1;SENP5;SUMO2;SENP2
prerank,Reactome_2022__Heme Degradation R-HSA-189483,0.30755937938116334,0.6452561230716274,9.058824e-01,9.935566e-01,1.000000e+00,1/6,10.76%,HMOX2
prerank,Reactome_2022__Plasma Lipoprotein Clearance R-HSA-8964043,-0.20760814451863316,-0.640710685041293,9.475891e-01,1.000000e+00,1.000000e+00,8/21,26.18%,NPC2;MYLIP;APOBR;UBB;AP2A1;AP2A2;NR1H3;AP2M1
prerank,Reactome_2022__Defective HLCS Causes Multiple Carboxylase Deficiency R-HSA-3371599,-0.2925339132235684,-0.6393283381031377,8.836735e-01,1.000000e+00,1.000000e+00,6/6,70.78%,PCCA;MCCC1;PCCB;MCCC2;HLCS;ACACA
prerank,Reactome_2022__Defects In Biotin (Btn) Metabolism R-HSA-3323169,-0.2925339132235684,-0.6393283381031377,8.836735e-01,1.000000e+00,1.000000e+00,6/6,70.78%,PCCA;MCCC1;PCCB;MCCC2;HLCS;ACACA
prerank,"Reactome_2022__Transport Of Bile Salts And Organic Acids, Metal Ions And Amine Compounds R-HSA-425366",-0.18336005675447037,-0.6391762258856931,9.566116e-01,9.995261e-01,1.000000e+00,1/30,0.51%,SLC22A5
prerank,Reactome_2022__Nuclear Receptor Transcription Pathway R-HSA-383280,0.1954146741648396,0.6375663441237072,9.678068e-01,9.971516e-01,1.000000e+00,7/26,25.76%,RORA;PPARA;RXRB;NR1H2;NR2C2AP;RARA;NR2C2
prerank,Reactome_2022__Reversal Of Alkylation Damage By DNA Dioxygenases R-HSA-73943,0.28250366152378537,0.6362920710764866,9.060000e-01,9.963915e-01,1.000000e+00,4/7,37.33%,ASCC1;ASCC3;ASCC2;ALKBH2
prerank,Reactome_2022__SUMOylation Of SUMOylation Proteins R-HSA-4085377,-0.18196644303730902,-0.6344545212131285,9.739696e-01,1.000000e+00,1.000000e+00,6/34,13.34%,NUP54;NUP133;SEH1L;TOPORS;SEC13;SUMO1
prerank,Reactome_2022__SUMOylation Of DNA Replication Proteins R-HSA-4615885,0.17164953752945433,0.6305625220722044,9.774859e-01,9.986078e-01,1.000000e+00,6/39,17.33%,NUP62;NUP50;NUP37;NUP58;NUP188;NUP85
prerank,Reactome_2022__VLDLR Internalisation And Degradation R-HSA-8866427,-0.22845003638216815,-0.6297308894815751,9.343936e-01,1.000000e+00,1.000000e+00,6/13,26.18%,MYLIP;UBB;AP2A1;AP2A2;NR1H3;AP2M1
prerank,Reactome_2022__EGR2 And SOX10-mediated Initiation Of Schwann Cell Myelination R-HSA-9619665,0.24409448818897628,0.6235386653606333,9.338521e-01,1.000000e+00,1.000000e+00,11/11,75.62%,UTRN;HDAC2;SCD5;DAG1;NAB1;PXMP2;SREBF2;EGR2;SMARCA4;HMGCR;CYP51A1
prerank,Reactome_2022__FBXL7 Down-Regulates AURKA During Mitotic Entry And In Early Mitosis R-HSA-8854050,-0.16162040899592783,-0.6231937397719405,9.815951e-01,1.000000e+00,1.000000e+00,14/49,24.91%,PSMF1;PSMD6;FBXL18;PSMB6;PSME4;UBB;PSME2;PSMB3;PSMA1;PSMD9;PSME1;PSMC2;PSMD7;PSMC3
prerank,Reactome_2022__Cohesin Loading Onto Chromatin R-HSA-2470946,0.24226824425023735,0.6223690354741327,9.321705e-01,9.989707e-01,1.000000e+00,5/10,29.87%,SMC1A;NIPBL;RAD21;WAPL;STAG2
prerank,Reactome_2022__Mitotic Telophase/Cytokinesis R-HSA-68884,0.24226824425023735,0.6223690354741327,9.321705e-01,9.989707e-01,1.000000e+00,5/10,29.87%,SMC1A;NIPBL;RAD21;WAPL;STAG2
prerank,Reactome_2022__Metabolism Of Polyamines R-HSA-351202,-0.16139993766386887,-0.6204981013966189,9.860000e-01,1.000000e+00,1.000000e+00,15/49,27.01%,PSMF1;PSMD6;PSMB6;PSME4;AZIN1;PSME2;PSMB3;PSMA1;PSMD9;PSME1;PSMC2;PSMD7;PSMC3;PAOX;PSMD3
prerank,Reactome_2022__Adherens Junctions Interactions R-HSA-418990,0.28826803063250506,0.6192739442380696,9.249493e-01,9.992271e-01,1.000000e+00,2/6,17.87%,CADM1;CTNNB1
prerank,Reactome_2022__Regulation Of Ornithine Decarboxylase (ODC) R-HSA-350562,-0.1632341308298197,-0.6192039963054199,9.755601e-01,1.000000e+00,1.000000e+00,13/46,24.91%,PSMF1;PSMD6;PSMB6;PSME4;AZIN1;PSME2;PSMB3;PSMA1;PSMD9;PSME1;PSMC2;PSMD7;PSMC3
prerank,Reactome_2022__Processing And Activation Of SUMO R-HSA-3215018,-0.24636676555936338,-0.6190781971303548,9.214145e-01,1.000000e+00,1.000000e+00,4/9,30.06%,SUMO1;UBE2I;SAE1;SENP1
prerank,Reactome_2022__Formation Of ATP By Chemiosmotic Coupling R-HSA-163210,-0.20789230256711264,-0.616175433301124,9.216495e-01,1.000000e+00,1.000000e+00,3/16,15.35%,ATP5MC1;ATP5ME;DMAC2L
prerank,Reactome_2022__Cellular Hexose Transport R-HSA-189200,-0.2881417618867497,-0.6161350744698093,9.172113e-01,1.000000e+00,1.000000e+00,1/6,3.96%,SLC2A1
prerank,Reactome_2022__RHOT2 GTPase Cycle R-HSA-9013419,0.27819092534125306,0.6156937450760269,9.115385e-01,9.996790e-01,1.000000e+00,3/7,37.86%,MFN1;MFN2;TRAK2
prerank,Reactome_2022__Metabolism Of Water-Soluble Vitamins And Cofactors R-HSA-196849,-0.14916998577015855,-0.6151051474602273,9.957447e-01,1.000000e+00,1.000000e+00,9/70,13.19%,NADSYN1;SLC25A32;FASN;SLC2A1;FPGS;PARP6;RFK;PANK2;CD38
prerank,Reactome_2022__Degradation Of DVL R-HSA-4641258,-0.15880183239043075,-0.613551499455301,9.979210e-01,1.000000e+00,1.000000e+00,14/50,24.91%,CUL3;PSMF1;PSMD6;PSMB6;PSME4;UBB;PSME2;PSMB3;PSMA1;PSMD9;PSME1;PSMC2;PSMD7;PSMC3
prerank,Reactome_2022__Cdc20:Phospho-APC/C Mediated Degradation Of Cyclin A R-HSA-174184,0.15553264525995492,0.6131553005294539,9.922330e-01,9.981502e-01,1.000000e+00,11/62,17.27%,PSMD2;PSMD11;ANAPC10;PSMB2;BUB3;CDC26;PSMD10;PSMD4;UBC;PSMD13;CDC16
prerank,Reactome_2022__APC:Cdc20 Mediated Degradation Of Cell Cycle Proteins Before Cycle Checkpoint Satisfied R-HSA-179419,0.15553264525995492,0.6131553005294539,9.922330e-01,9.981502e-01,1.000000e+00,11/62,17.27%,PSMD2;PSMD11;ANAPC10;PSMB2;BUB3;CDC26;PSMD10;PSMD4;UBC;PSMD13;CDC16
prerank,Reactome_2022__Mitochondrial Fatty Acid Beta-Oxidation R-HSA-77289,0.18474745063196285,0.6098975643220572,9.634369e-01,9.983010e-01,1.000000e+00,6/27,21.16%,HADHA;HADH;ACADM;MCAT;MMUT;ACAA2
prerank,Reactome_2022__Degradation Of AXIN R-HSA-4641257,0.1625909305867423,0.6092142614265229,9.842209e-01,9.972145e-01,1.000000e+00,7/50,14.05%,RNF146;PSMD2;PSMD11;PSMB2;PSMD10;PSMD4;UBC
prerank,Reactome_2022__TYSND1 Cleaves Peroxisomal Proteins R-HSA-9033500,-0.2700674573116435,-0.6085341589535934,9.140461e-01,1.000000e+00,1.000000e+00,2/7,14.84%,ACOX1;ACAA1
prerank,Reactome_2022__Response To Metal Ions R-HSA-5660526,0.2961998354803677,0.6082001736705199,9.309701e-01,9.962865e-01,1.000000e+00,2/5,20.98%,MT1E;MT1F
prerank,Reactome_2022__OAS Antiviral Response R-HSA-8983711,-0.25153382601061536,-0.6043833912824568,9.295775e-01,1.000000e+00,1.000000e+00,1/9,5.66%,OAS1
prerank,Reactome_2022__Ubiquitin Mediated Degradation Of Phosphorylated Cdc25A R-HSA-69601,-0.15801602701981338,-0.6037708101614411,9.899800e-01,1.000000e+00,1.000000e+00,13/46,24.91%,PSMF1;PSMD6;PSMB6;PSME4;UBB;PSME2;PSMB3;PSMA1;PSMD9;PSME1;PSMC2;PSMD7;PSMC3
prerank,Reactome_2022__Nef And Signal Transduction R-HSA-164944,-0.2764605028878506,-0.6033025349757069,9.276860e-01,1.000000e+00,1.000000e+00,2/6,16.59%,PKN2;DOCK2
prerank,Reactome_2022__Peroxisomal Lipid Metabolism R-HSA-390918,0.2001001704574359,0.6015056521230359,9.671180e-01,9.981750e-01,1.000000e+00,3/20,13.64%,ACBD5;CROT;PHYH
prerank,Reactome_2022__Antigen Activates B Cell Receptor Leading To Second Messenger Generation R-HSA-983695,0.18771713428546324,0.6002397820873714,9.613260e-01,9.973530e-01,1.000000e+00,3/22,10.84%,STIM1;NCK1;AHCYL1
prerank,Reactome_2022__Cross-presentation Of Soluble Exogenous Antigens (Endosomes) R-HSA-1236978,-0.1615735519074961,-0.6001611559734752,9.918534e-01,1.000000e+00,1.000000e+00,12/42,24.91%,PSMF1;PSMD6;PSMB6;PSME4;PSME2;PSMB3;PSMA1;PSMD9;PSME1;PSMC2;PSMD7;PSMC3
prerank,Reactome_2022__Sphingolipid De Novo Biosynthesis R-HSA-1660661,-0.17516054643689147,-0.5976004248791952,9.751131e-01,1.000000e+00,1.000000e+00,1/28,0.13%,CSNK1G2
prerank,Reactome_2022__Asymmetric Localization Of PCP Proteins R-HSA-4608870,-0.15129404722226727,-0.5943388999472455,9.917184e-01,1.000000e+00,1.000000e+00,14/50,24.91%,PSMF1;PSMD6;PSMB6;PSME4;UBB;PSME2;PSMB3;SMURF1;PSMA1;PSMD9;PSME1;PSMC2;PSMD7;PSMC3
prerank,Reactome_2022__Dissolution Of Fibrin Clot R-HSA-75205,-0.26734281114237346,-0.5942449278214401,9.383984e-01,9.993169e-01,1.000000e+00,1/6,11.76%,S100A10
prerank,Reactome_2022__DEx/H-box Helicases Activate Type I IFN And Inflammatory Cytokines Production R-HSA-3134963,0.26556464678566377,0.5941889053345262,9.469697e-01,9.986820e-01,1.000000e+00,1/7,7.13%,DHX36
prerank,Reactome_2022__RHOBTB3 ATPase Cycle R-HSA-9706019,-0.2556130595306364,-0.5915058314589792,9.534884e-01,9.991636e-01,1.000000e+00,1/7,5.74%,CUL3
prerank,Reactome_2022__Autodegradation Of Cdh1 By Cdh1:APC/C R-HSA-174084,-0.1474202635768078,-0.5910986486178392,1.000000e+00,9.980052e-01,1.000000e+00,16/61,24.91%,ANAPC15;ANAPC11;PSMF1;PSMD6;PSMB6;UBE2S;UBB;PSME2;PSMB3;PSMA1;PSMD9;PSME1;PSMC2;PSMD7;UBE2D1;PSMC3
prerank,Reactome_2022__Nonsense Mediated Decay (NMD) Independent Of Exon Junction Complex (EJC) R-HSA-975956,0.22568629024019565,0.5893851496064582,9.526627e-01,9.992536e-01,1.000000e+00,3/12,16.86%,EIF4G1;PABPC1;GSPT1
prerank,Reactome_2022__Beta-oxidation Of pristanoyl-CoA R-HSA-389887,0.2593206296603151,0.5888106220747595,9.351852e-01,9.980668e-01,1.000000e+00,7/7,74.09%,CROT;AMACR;HSD17B4;ACOX3;ACOT8;CRAT;SYCP2
prerank,Reactome_2022__Metalloprotease DUBs R-HSA-5689901,0.1779668139710468,0.5864691391983624,9.801980e-01,9.975646e-01,1.000000e+00,5/27,18.10%,STAMBP;H2AC6;H2AC11;UBC;H2AC4
prerank,Reactome_2022__Processive Synthesis On C-strand Of Telomere R-HSA-174414,-0.19463667244444116,-0.5829510435974162,9.623431e-01,1.000000e+00,1.000000e+00,1/18,1.55%,TERF1
prerank,Reactome_2022__SCF(Skp2)-mediated Degradation Of P27/P21 R-HSA-187577,0.15475788336483048,0.5795920116596215,9.882583e-01,9.989127e-01,1.000000e+00,7/51,14.05%,PSMD2;PSMD11;CDKN1B;PSMB2;PSMD10;PSMD4;UBC
prerank,Reactome_2022__Ubiquitin-dependent Degradation Of Cyclin D R-HSA-75815,-0.15158438270570518,-0.5777638701671101,9.959100e-01,1.000000e+00,1.000000e+00,13/47,24.91%,PSMF1;PSMD6;PSMB6;PSME4;UBB;PSME2;PSMB3;PSMA1;PSMD9;PSME1;PSMC2;PSMD7;PSMC3
prerank,Reactome_2022__Vpu Mediated Degradation Of CD4 R-HSA-180534,-0.14984655927231122,-0.572563439610817,9.959677e-01,1.000000e+00,1.000000e+00,13/47,24.91%,PSMF1;PSMD6;PSMB6;PSME4;UBB;PSME2;PSMB3;PSMA1;PSMD9;PSME1;PSMC2;PSMD7;PSMC3
prerank,Reactome_2022__DNA Damage Reversal R-HSA-73942,0.242110076328108,0.5697039385963231,9.515504e-01,1.000000e+00,1.000000e+00,4/8,37.33%,ASCC1;ASCC3;ASCC2;ALKBH2
prerank,Reactome_2022__Triglyceride Biosynthesis R-HSA-75109,0.2784784031082838,0.5654070176055099,9.502982e-01,1.000000e+00,1.000000e+00,3/5,36.20%,LPIN2;GPAT2;DGAT1
prerank,"Reactome_2022__WNT5A-dependent Internalization Of FZD2, FZD5 And ROR2 R-HSA-5140745",0.23489092218782615,0.5635120610204685,9.634615e-01,1.000000e+00,1.000000e+00,3/9,20.64%,CLTC;RORA;AP2B1
prerank,"Reactome_2022__Glutamate Binding, Activation Of AMPA Receptors And Synaptic Plasticity R-HSA-399721",0.19733981375851264,0.5625082947348718,9.722222e-01,9.992333e-01,1.000000e+00,4/16,20.64%,MYO6;PICK1;DLG1;AP2B1
prerank,Reactome_2022__PI3K Cascade R-HSA-109704,0.18948020955124642,0.5618452936271617,9.767442e-01,9.980290e-01,1.000000e+00,8/18,31.11%,PIK3CA;PDE3B;PIK3R4;PIK3R2;PTPN11;THEM4;FLT3LG;PIK3C3
prerank,Reactome_2022__rRNA Processing In Mitochondrion R-HSA-8868766,0.2211050207023474,0.5611760512602936,9.674952e-01,9.968455e-01,1.000000e+00,4/10,32.42%,MRM2;ELAC2;TFB1M;MTERF4
prerank,Reactome_2022__HDMs Demethylate Histones R-HSA-3214842,-0.17727790675283167,-0.5581582525340444,9.853249e-01,1.000000e+00,1.000000e+00,1/21,0.56%,JMJD6
prerank,Reactome_2022__SUMOylation Of Intracellular Receptors R-HSA-4090294,-0.18762960341591076,-0.5580364939409739,9.744094e-01,1.000000e+00,1.000000e+00,6/18,25.34%,SUMO1;AREG;PIAS1;NR4A2;UBE2I;NR1H3
prerank,Reactome_2022__Vitamin D (Calciferol) Metabolism R-HSA-196791,-0.2733485193621868,-0.5575369857166942,9.460501e-01,1.000000e+00,1.000000e+00,5/5,72.69%,UBE2I;PIAS4;SUMO2;CYP2R1;LDLRAP1
prerank,Reactome_2022__GSK3B And BTRC:CUL1-mediated-degradation Of NFE2L2 R-HSA-9762114,0.1490185156119021,0.5564842329206614,9.959514e-01,9.968517e-01,1.000000e+00,11/50,23.73%,PSMD2;PSMD11;PSMB2;PSMD10;PSMD4;UBC;RBX1;PSMD13;PSMA5;PSME3;PSMB5
prerank,Reactome_2022__TRAF6 Mediated IRF7 Activation In TLR7/8 Or 9 Signaling R-HSA-975110,0.24744029486291802,0.5541213834025193,9.570312e-01,9.960842e-01,1.000000e+00,1/7,7.71%,IRAK4
prerank,Reactome_2022__Transport Of Nucleosides And Free Purine And Pyrimidine Bases Across Plasma Membrane R-HSA-83936,-0.2631997552139579,-0.5524626020103043,9.664570e-01,1.000000e+00,1.000000e+00,1/5,14.58%,SLC25A5
prerank,Reactome_2022__TICAM1-dependent Activation Of IRF3/IRF7 R-HSA-9013973,0.21357622058210834,0.5507330299298023,9.701493e-01,9.956358e-01,1.000000e+00,2/11,14.05%,IRF3;UBC
prerank,Reactome_2022__Coenzyme A Biosynthesis R-HSA-196783,-0.23569206994938652,-0.5482877223293934,9.578059e-01,1.000000e+00,1.000000e+00,3/7,34.13%,PANK2;PPCDC;PANK4
prerank,Reactome_2022__Linoleic Acid (LA) Metabolism R-HSA-2046105,-0.26755021743632224,-0.5467192846741693,9.764454e-01,1.000000e+00,1.000000e+00,5/5,73.27%,FADS2;ELOVL1;ABCD1;ELOVL5;ACSL1
prerank,Reactome_2022__Sulfur Amino Acid Metabolism R-HSA-1614635,-0.19199282872756374,-0.5464787659427212,9.708333e-01,1.000000e+00,1.000000e+00,1/15,2.86%,MPST
prerank,Reactome_2022__TNFR1-induced Proapoptotic Signaling R-HSA-5357786,-0.20754605957106056,-0.5424272252236865,9.595142e-01,1.000000e+00,1.000000e+00,2/12,14.89%,USP4;USP25
prerank,Reactome_2022__Orc1 Removal From Chromatin R-HSA-68949,0.13950044954226365,0.5421952261371786,9.940828e-01,9.965698e-01,1.000000e+00,9/59,17.26%,PSMD2;PSMD11;MCM3;PSMB2;PSMD10;PSMD4;UBC;RBX1;PSMD13
prerank,Reactome_2022__PI-3K cascade:FGFR2 R-HSA-5654695,0.24854524460879196,0.5399922317579884,9.597806e-01,9.929491e-01,1.000000e+00,2/6,21.12%,PIK3CA;PTPN11
prerank,Reactome_2022__PI-3K cascade:FGFR4 R-HSA-5654720,0.24854524460879196,0.5399922317579884,9.597806e-01,9.929491e-01,1.000000e+00,2/6,21.12%,PIK3CA;PTPN11
prerank,Reactome_2022__PI-3K cascade:FGFR3 R-HSA-5654710,0.24854524460879196,0.5399922317579884,9.597806e-01,9.929491e-01,1.000000e+00,2/6,21.12%,PIK3CA;PTPN11
prerank,Reactome_2022__Peptide Hormone Metabolism R-HSA-2980736,-0.15299633502345789,-0.5348225717060839,9.959350e-01,1.000000e+00,1.000000e+00,2/34,6.46%,GNB1;CTSD
prerank,Reactome_2022__Diseases Associated With Glycosylation Precursor Biosynthesis R-HSA-5609975,0.1894242753967127,0.5295921699541859,9.832714e-01,9.941475e-01,1.000000e+00,1/14,8.12%,PGM1
prerank,Reactome_2022__Resolution Of D-Loop Structures R-HSA-5693537,-0.16996373728673858,-0.5262626701322332,9.849138e-01,1.000000e+00,1.000000e+00,1/20,1.53%,RTEL1
prerank,Reactome_2022__AMPK Inhibits chREBP Transcriptional Activity R-HSA-163680,-0.2630315627320917,-0.524712819866223,9.668050e-01,1.000000e+00,1.000000e+00,1/5,11.73%,PRKAG2
prerank,Reactome_2022__Synthesis Of Glycosylphosphatidylinositol (GPI) R-HSA-162710,-0.18526040078152323,-0.5242878099468044,9.837067e-01,9.991361e-01,1.000000e+00,1/15,3.70%,PIGH
prerank,Reactome_2022__SLBP Independent Processing Of Histone Pre-mRNAs R-HSA-111367,0.22107843156050025,0.5183061942775286,9.789675e-01,9.953028e-01,1.000000e+00,4/9,30.55%,SNRPE;ZNF473;LSM10;SNRPD3
prerank,Reactome_2022__LDL Clearance R-HSA-8964038,-0.19527791810362985,-0.5160031457298503,9.800000e-01,9.994786e-01,1.000000e+00,6/12,31.22%,NPC2;AP2A1;AP2A2;AP2M1;LDLR;AP2S1
prerank,"Reactome_2022__Synthesis, Secretion, And Inactivation Of Glucose-dependent Insulinotropic Polypeptide (GIP) R-HSA-400511",-0.24619361382740637,-0.5052693442365257,9.766454e-01,9.987854e-01,1.000000e+00,1/5,14.48%,SPCS2
prerank,"Reactome_2022__Synthesis, Secretion, And Deacylation Of Ghrelin R-HSA-422085",-0.24619361382740637,-0.5052693442365257,9.766454e-01,9.987854e-01,1.000000e+00,1/5,14.48%,SPCS2
prerank,Reactome_2022__PI-3K cascade:FGFR1 R-HSA-5654689,-0.22167664200404547,-0.49946657482462836,9.807692e-01,9.983770e-01,1.000000e+00,3/7,27.52%,PIK3R1;FGFR1;GRB2
prerank,Reactome_2022__Regulation Of FZD By Ubiquitination R-HSA-4641263,0.2536602491760086,0.4954493755041268,9.905838e-01,9.979588e-01,1.000000e+00,2/5,26.35%,UBC;UBA52
prerank,Reactome_2022__Signaling By Activin R-HSA-1502540,0.22641333236155015,0.4912909409587994,9.847036e-01,9.972006e-01,1.000000e+00,3/6,36.86%,SMAD3;SMAD4;MAPK1
prerank,Reactome_2022__Negative Regulation Of NMDA Receptor-Mediated Neuronal Transmission R-HSA-9617324,-0.22167978966460367,-0.47782011586613454,9.940239e-01,1.000000e+00,1.000000e+00,2/6,25.54%,CALM1;CAMK4
prerank,Reactome_2022__SARS-CoV-2 Modulates Host Translation Machinery R-HSA-9754678,0.16728855721393038,0.47781057872613114,9.921105e-01,9.975010e-01,1.000000e+00,15/15,83.30%,SNRPE;SNRPD3;SNRPD2;SNRPG;GEMIN5;GEMIN6;GEMIN7;GEMIN8;FAU;GEMIN2;SNRPB;DDX20;SMN1;SNRPF;GEMIN4
prerank,Reactome_2022__Laminin Interactions R-HSA-3000157,-0.2236805450747752,-0.4595226837716972,9.797297e-01,1.000000e+00,1.000000e+00,1/5,13.86%,LMNB2
prerank,Reactome_2022__Long-term Potentiation R-HSA-9620244,-0.21541324235047515,-0.4580624044045989,9.959759e-01,9.994530e-01,1.000000e+00,1/6,14.93%,CALM1
prerank,"Reactome_2022__Transport Of Vitamins, Nucleosides, And Related Molecules R-HSA-425397",-0.14497766422716263,-0.4572217841242855,1.000000e+00,9.982080e-01,1.000000e+00,8/21,33.10%,SLC35D2;SLC25A5;SLC27A1;SLC5A6;SLCO3A1;SLC35D1;SLC33A1;ARL2BP
prerank,Reactome_2022__Signaling By BMP R-HSA-201451,0.1666624414082229,0.44833860708378326,9.944030e-01,9.988541e-01,1.000000e+00,4/12,30.98%,BMPR1A;UBE2D3;SMAD4;BMPR2
prerank,"Reactome_2022__Unblocking Of NMDA Receptors, Glutamate Binding And Activation R-HSA-438066",-0.22000358195852787,-0.4404520138074809,1.000000e+00,9.980852e-01,1.000000e+00,1/5,14.93%,CALM1
prerank,Reactome_2022__SLBP Dependent Processing Of Replication-Dependent Histone Pre-mRNAs R-HSA-77588,0.17498995193048653,0.42605546746594064,9.980843e-01,9.986790e-01,1.000000e+00,4/10,30.55%,SNRPE;ZNF473;LSM10;SNRPD3
