Term,NES,FDR,pval,Lead_genes,metric,gene_set_db
Cargo Trafficking To Periciliary Membrane R-HSA-5620920,1.8989008152889248,0.2769296953421372,0.0038314176245210726,ARF4;TCP1;RAB11A;ARL13B;CCT3;PTGES2;BBS2;CCT4;PDE6D;CCT8;CCT2;PRKD2;EXOC1;BBS9;EXOC2,wald_stat,Reactome_2022
SRP-dependent Cotranslational Protein Targeting To Membrane R-HSA-1799339,-1.8821423747248496,0.46183950288255177,0.002070393374741201,RPN2;SEC61G;SRP72;SRP19;SRP68;DDOST;SRP54;SEC61B;SSR4;SPCS2;RSL24D1,wald_stat,Reactome_2022
Semaphorin Interactions R-HSA-373755,-1.8512338024362716,0.32665413586567726,0.001,LIMK1;PKN1;FARP2;ARHGEF7;RHOC;PLXNA4;RNMT;PKN2;PLXNA3;TYROBP;MYL6;CD72,wald_stat,Reactome_2022
E3 Ubiquitin Ligases Ubiquitinate Target Proteins R-HSA-8866654,1.8324070638628223,0.3078582695641972,0.001,UBE2D2;SHPRH;H2BC15;PAF1;RRAGA;PRKDC;RNF20;CTR9;UBE2B;VCP;CDC73;UBC;PEX14;SELENOS;LEO1;UBE2D3;RAD18;UBE2J2;H2BC9;H2BC12;HLTF;UBE2L3;UBE2E1;UBA52;TMEM129;HLA-A;PEX2;UBE2V2;UBE2A,wald_stat,Reactome_2022
RHO GTPases Activate PAKs R-HSA-5627123,-1.8105319278626486,0.32086799175211456,0.001,LIMK1;PKN1;CDC42;ARHGEF7;PKN2;MYL6;CALM1,wald_stat,Reactome_2022
TP53 Regulates Transcription Of Cell Death Genes R-HSA-5633008,-1.7791379490728851,0.3295472079224587,0.002008032128514056,BCL6;RABGGTA;CREBBP;FASN;BBC3;TRIAP1;PIDD1,wald_stat,Reactome_2022
CD28 Co-Stimulation R-HSA-389356,-1.763027598830292,0.3061396249175913,0.0021551724137931034,MAP3K8;PKN1;CDC42;AKT1;ARHGEF7;YES1;PKN2;PIK3R1;LYN;MAPKAP1;MLST8,wald_stat,Reactome_2022
COPII-mediated Vesicle Transport R-HSA-204005,-1.7407870895628137,0.31613387384101777,0.002074688796680498,RAB1A;TFG;NAPG;TRAPPC10;SEC24C;STX5;PPP6R1;TRAPPC2L;TRAPPC6A;SEC24B;CSNK1D;TBC1D20;SEC24A;TMED2;TRAPPC5,wald_stat,Reactome_2022
Formation Of Tubulin Folding Intermediates By CCT/TriC R-HSA-389960,1.7352689760300044,0.5535421745384072,0.00404040404040404,TUBA1A;TCP1;CCT3;CCT6A;CCT4;CCT8;CCT2;CCT7;TUBB;TUBA1C,wald_stat,Reactome_2022
Interleukin-12 Family Signaling R-HSA-447115,1.727695844557577,0.44632311723526574,0.008213552361396304,STAT3;HNRNPF;STAT4;S100A9;CAPZA1;TCP1;SOD1;IFNG;HNRNPA2B1;IL27RA;RALA;RAP1B,wald_stat,Reactome_2022
G0 And Early G1 R-HSA-1538133,1.698617453289546,0.4731596031756378,0.015122873345935728,HDAC1;RBL2;RBBP4;MAX;E2F4,wald_stat,Reactome_2022
mRNA 3-End Processing R-HSA-72187,-1.6935067547956084,0.41645208671902084,0.0041753653444676405,U2AF2;RBM8A;ALYREF;MAGOH;WDR33;SLU7;CPSF7;SARNP;DDX39A;RNPS1;THOC7;NCBP1;SRSF9;PABPN1;NUDT21;SRSF5;SRSF2,wald_stat,Reactome_2022
Collagen Formation R-HSA-1474290,-1.6912012788842368,0.3712337461951719,0.010845986984815618,PPIB;CTSS;CD151;P4HB;PCOLCE;P3H1;COL6A2;PLEC;PLOD1,wald_stat,Reactome_2022
EPH-Ephrin Signaling R-HSA-2682334,-1.6900820841796007,0.33244027997923997,0.006036217303822937,NCK2;LIMK1;PKN1;CDC42;GIT1;ARHGEF7;CLTB;YES1;PKN2;EPHA4;APH1A;LYN;MYL6;ARPC2;VAV3,wald_stat,Reactome_2022
Association Of TriC/CCT With Target Proteins During Biosynthesis R-HSA-390471,1.6856376555636574,0.44632311723526574,0.005703422053231939,USP11;STAT3;TCP1;LONP2;CCT3;CCT6A;DCAF7;WRAP53;CCT4;CCT8;CCT2;FBXO4;CCT7,wald_stat,Reactome_2022
Nuclear Events Stimulated By ALK Signaling In Cancer R-HSA-9725371,1.6763229953994678,0.41913316187521305,0.013806706114398421,STAT3;CLTC;MECP2;STAT5A;NPM1;RBX1,wald_stat,Reactome_2022
Gene And Protein Expression By JAK-STAT Signaling After Interleukin-12 Stimulation R-HSA-8950505,1.67600625266107,0.3679310771878137,0.012295081967213115,HNRNPF;STAT4;S100A9;CAPZA1;TCP1;SOD1;IFNG;HNRNPA2B1;RALA;RAP1B,wald_stat,Reactome_2022
Nonhomologous End-Joining (NHEJ) R-HSA-5693571,1.6755962118111412,0.3275785399656132,0.011450381679389313,XRCC5;TDP2;H2BC15;PRKDC;XRCC6;HERC2;TDP1;MDC1;MRE11;ATM;RNF8;POLM;LRIF1;POLL;H2BC9;NSD2;H2BC12;UBE2V2;RAD50;H2BC11;ABRAXAS1;TP53BP1;BARD1;KAT5,wald_stat,Reactome_2022
NR1H2 And NR1H3-mediated Signaling R-HSA-9024446,-1.6568461283831128,0.39903353859533464,0.008492569002123142,FASN;NCOA1;MYLIP;TNRC6A;AGO4;AGO2;ARL4C;SREBF1;TBL1X,wald_stat,Reactome_2022
Extracellular Matrix Organization R-HSA-1474244,-1.6399546611784528,0.41402013004319044,0.004106776180698152,CAPN15;PPIB;FURIN;TGFB1;TIMP1;CAPN12;CTSD;PRKCA;ITGAE;CASP3;NCAM1;CTSS;ITGAM;CASK;ITGAD;LMNB2;CD151;P4HB;PCOLCE;P3H1;CAPN2;COL6A2;PLEC;SPARC;ADAMTS1;ICAM1;PLOD1;ICAM3,wald_stat,Reactome_2022
Degradation Of Extracellular Matrix R-HSA-1474228,-1.6211619256464598,0.4422893492867262,0.014675052410901468,CAPN15;FURIN;TIMP1;CAPN12;CTSD;CASP3;CTSS,wald_stat,Reactome_2022
Collagen Biosynthesis And Modifying Enzymes R-HSA-1650814,-1.6210309310241948,0.40883356729676745,0.020366598778004074,PPIB;P4HB;PCOLCE;P3H1;COL6A2;PLOD1,wald_stat,Reactome_2022
VEGFR2 Mediated Vascular Permeability R-HSA-5218920,-1.6127031082820389,0.40382777228942945,0.017241379310344827,PKN1;AKT1;ARHGEF7;PKN2;MAPKAP1;MLST8;VAV3;CALM1,wald_stat,Reactome_2022
CD209 (DC-SIGN) Signaling R-HSA-5621575,-1.6109962294171358,0.3825868622967836,0.018556701030927835,PKN1;NRAS;CREBBP;ARHGEF7;PRKCA;PKN2;NFKB1;LYN;RELB;ICAM3,wald_stat,Reactome_2022
RHOJ GTPase Cycle R-HSA-9013409,-1.6099148174198792,0.3613052489093995,0.014613778705636743,PKN1;CDC42;GIT1;ARHGAP21;ARHGEF7;CPNE8;LAMTOR1;PREX1;PKN2;ARHGAP5;ARHGAP26;PIK3R1;WIPF2;TRIO;OPHN1;VANGL1,wald_stat,Reactome_2022
HIV Elongation Arrest And Recovery R-HSA-167287,-1.6040149552795546,0.3559561597990671,0.006097560975609756,ELOA;POLR2C;POLR2D;ELOB;POLR2G;ELL;CCNT1;POLR2E;CCNT2;NELFCD;NELFA;POLR2J;CDK9;NELFB,wald_stat,Reactome_2022
Costimulation By CD28 Family R-HSA-388841,-1.6035354615616906,0.3375250732911588,0.012903225806451613,MAP3K8;PKN1;CDC42;AKT1;HLA-DRB5;ARHGEF7;PPP2CA;PPP2CB;YES1;CD3D;PKN2;PIK3R1;LYN;HLA-DRB1;MAPKAP1;MLST8,wald_stat,Reactome_2022
Mitochondrial Protein Import R-HSA-1268020,-1.5946646714940633,0.3437910890058463,0.006012024048096192,GFER;GRPEL2;TIMM17A;ATP5MC1;TIMM23;TIMM8B;BCS1L;MTX1;FXN;CS;COX19;TOMM22;NDUFB8;GRPEL1;TIMM8A;CHCHD5;TIMM22;TIMM21;TOMM5;TOMM40;PMPCA,wald_stat,Reactome_2022
Apoptotic Execution Phase R-HSA-75153,1.5855218919277272,0.6382706070995581,0.015122873345935728,SPTAN1;KPNB1;FNTA;H1-2;PRKCQ;H1-4;ADD1;H1-3,wald_stat,Reactome_2022
Downregulation Of TGF-beta Receptor Signaling R-HSA-2173788,1.5820193715648057,0.5972891648366495,0.03137254901960784,TGFBR2;UCHL5;XPO1;PPP1CB;MTMR4;PPP1CC;UBC;PPP1R15A;SMAD3;SRFBP1,wald_stat,Reactome_2022
RNA Polymerase II Transcription Termination R-HSA-73856,-1.5784462361707807,0.36994501409715114,0.01059322033898305,U2AF2;RBM8A;ALYREF;MAGOH;WDR33;SLU7;CPSF7;SARNP;DDX39A;RNPS1;THOC7;NCBP1;SRSF9;PABPN1;NUDT21;SRSF5;SRSF2,wald_stat,Reactome_2022
Interleukin-12 Signaling R-HSA-9020591,1.578394984226897,0.5636137871696932,0.026,HNRNPF;STAT4;S100A9;CAPZA1;TCP1;SOD1;IFNG;HNRNPA2B1;RALA;RAP1B,wald_stat,Reactome_2022
Cilium Assembly R-HSA-5617833,1.5756461628983394,0.5342407921244825,0.001,CEP57;TUBA1A;CKAP5;ARF4;TRIP11;CEP250;TCP1;RAB11A;ARL13B;CCT3;KIF3B;SEPTIN2;CNTRL;PAFAH1B1;IFT57;PCNT;CEP290;HAUS1;CEP78;HAUS4;PTGES2;BBS2;SCLT1;CCT4;PDE6D;HDAC6;CCT8;CCT2;CDK5RAP2;DYNC2I1;SFI1;TMEM216;PRKD2;DYNLL1;PCM1;EXOC1;IFT27;TUBB;CEP162;DYNC2H1;BBS9;CEP89;TCTN3;ODF2,wald_stat,Reactome_2022
Class B/2 (Secretin Family Receptors) R-HSA-373080,-1.5661832984470119,0.3860936163050034,0.04219409282700422,GNAS;GNB1;VIPR2;GNGT2;PTRH2;PTCH2,wald_stat,Reactome_2022
Pausing And Recovery Of Tat-mediated HIV Elongation R-HSA-167238,-1.5531830514143805,0.40526918481358726,0.020703933747412008,ELOA;POLR2C;POLR2D;ELOB;POLR2G;ELL;CCNT1;POLR2E;NELFCD;NELFA;POLR2J;CDK9;NELFB,wald_stat,Reactome_2022
mRNA Splicing - Major Pathway R-HSA-72163,-1.544348663590689,0.4133548170297732,0.001,U2AF2;SF3B6;RBM8A;ALYREF;CRNKL1;SRSF10;MAGOH;WDR33;RBM5;SNRNP27;CWC25;PHF5A;SNW1;CWC15;BUD31;U2SURP;SYF2;EFTUD2;TRA2B;SLU7;PTBP1;CPSF7;SNRPB2;HNRNPH1;POLR2C;POLR2D;SMNDC1;RNPS1;PQBP1;HNRNPL;CTNNBL1;NCBP1;TFIP11;POLR2G;SRSF9;PABPN1;NUDT21;SRSF5;SRSF2;SNRPC;CDC5L;PCBP1;CPSF6,wald_stat,Reactome_2022
Deadenylation Of mRNA R-HSA-429947,1.5368776021534558,0.6775736875725143,0.019305019305019305,CNOT7;EIF4B;CNOT3;PARN;EIF4A2;TUT7;EIF4G1;PABPC1,wald_stat,Reactome_2022
"BMAL1:CLOCK,NPAS2 Activates Circadian Gene Expression R-HSA-1368108",-1.5341619035789518,0.4281746644036414,0.05032822757111598,CREBBP;NCOA1;CARM1;BMAL1;NOCT;TBL1X,wald_stat,Reactome_2022
mRNA Splicing R-HSA-72172,-1.5323841340710551,0.4165182140803187,0.0020920502092050207,U2AF2;SF3B6;RBM8A;ALYREF;CRNKL1;SRSF10;MAGOH;WDR33;RBM5;SNRNP27;CWC25;PHF5A;SNW1;CWC15;BUD31;U2SURP;SYF2;EFTUD2;TRA2B;SLU7;PTBP1;CPSF7;SNRPB2;HNRNPH1;POLR2C;POLR2D;SMNDC1;RNPS1;PQBP1;HNRNPL;CTNNBL1;NCBP1;TFIP11;POLR2G;SRSF9;PABPN1;NUDT21;SRSF5;SNRNP25;SRSF2;SNRPC;CDC5L;PCBP1;ZCRB1;CPSF6,wald_stat,Reactome_2022
Signaling By ALK Fusions And Activated Point Mutants R-HSA-9725370,1.5320560908178704,0.6547975682992435,0.019230769230769232,PRKAR1A;STAT3;GCC2;VCL;STRN;PLCG1;CLTC;MECP2;STAT5A;PPM1B;NPM1;PIK3CA;CARS1;RBX1;TPM4;EIF2AK3;SQSTM1;RNF213;RNASEH2A;MSN;MYH9,wald_stat,Reactome_2022
VxPx Cargo-Targeting To Cilium R-HSA-5620916,1.530323284259902,0.6220212100275067,0.04743083003952569,ARF4;RAB11A;PTGES2;PRKD2;EXOC1;EXOC2,wald_stat,Reactome_2022
Signaling By FGFR3 R-HSA-5654741,-1.5256094989784306,0.4208914060788772,0.017167381974248927,NRAS;GALNT3;SPRY2;PPP2CA;PPP2CB;MKNK1;PIK3R1;UBB;BRAF,wald_stat,Reactome_2022
Ca2+ Pathway R-HSA-4086398,-1.5028118061140585,0.47761989591954107,0.021413276231263382,NRAS;TCF7;GNB1;GNGT2;PRKCA;TNRC6A;AGO4;AGO2;NFATC1;PDE6G;CALM1;PLCB1;PDE6B;PLCB2,wald_stat,Reactome_2022
RHOQ GTPase Cycle R-HSA-9013406,-1.5005980973428368,0.46762564699611453,0.030425963488843813,PKN1;CDC42;GIT1;ARHGAP21;ARHGEF7;CPNE8;LAMTOR1;PREX1;RHOQ;PKN2;ARHGAP5;ARHGAP26,wald_stat,Reactome_2022
Miscellaneous Transport And Binding Events R-HSA-5223345,1.4965286965682516,0.7549930869374175,0.04789272030651341,ADD3;ADD1;LRRC8D;NIPA2;NIPA1;MMGT1;BPNT1;SLC66A1;MRS2;NIPAL3;ANKH,wald_stat,Reactome_2022
Cooperation Of Prefoldin And TriC/CCT In Actin And Tubulin Folding R-HSA-389958,1.485739248181974,0.7717868828950971,0.038,TUBA1A;TCP1;CCT3;CCT6A;PFDN6;CCT4;CCT8;CCT2;CCT7;TUBB;TUBA1C,wald_stat,Reactome_2022
Class I Peroxisomal Membrane Protein Import R-HSA-9603798,1.4856148438385952,0.7316173014763245,0.045098039215686274,ACBD5;PEX3;PXMP4;PEX14;PEX19;PEX16;ABCD3;PEX2,wald_stat,Reactome_2022
Prefoldin Mediated Transfer Of Substrate To CCT/TriC R-HSA-389957,1.4775415972817645,0.736147648906908,0.043912175648702596,TUBA1A;TCP1;CCT3;CCT6A;PFDN6;CCT4;CCT8;CCT2;CCT7;TUBB;TUBA1C,wald_stat,Reactome_2022
Formation Of HIV Elongation Complex In Absence Of HIV Tat R-HSA-167152,-1.4775271967351595,0.5325791958069863,0.02494802494802495,ELOA;ERCC3;POLR2C;POLR2D;NCBP1;ELOB;POLR2G;ELL;MNAT1;CCNT1;CDK7;POLR2E;CCNT2;NELFCD;NELFA;POLR2J;CDK9,wald_stat,Reactome_2022
EPHB-mediated Forward Signaling R-HSA-3928662,-1.4769179848562175,0.5168254057314388,0.049586776859504134,LIMK1;PKN1;CDC42;YES1;LYN;ARPC2,wald_stat,Reactome_2022
Signaling By FGFR R-HSA-190236,-1.4742676754781283,0.5099951538922028,0.027196652719665274,NRAS;GALNT3;SPRY2;PPP2CA;PTBP1;HNRNPH1;POLR2C;PPP2CB;POLR2D;NCBP1;MKNK1;PIK3R1;POLR2G,wald_stat,Reactome_2022
DARPP-32 Events R-HSA-180024,1.4730572667631314,0.7231621793928694,0.05333333333333334,PPP3CB;PRKACB;PRKAR1A;PPP3CC;PPP2R5D;PPP3R1,wald_stat,Reactome_2022
Keratan Sulfate/Keratin Metabolism R-HSA-1638074,-1.4729815037479,0.49849604087472477,0.044989775051124746,B3GNT7;B3GNT2;SLC35D2;B4GALT4,wald_stat,Reactome_2022
RNA Polymerase I Transcription Termination R-HSA-73863,1.469066376897064,0.7111841801187251,0.05065666041275797,UBTF;TBP;GTF2H1;GTF2H3;POLR1H;CCNH;GTF2H5;POLR1D;TAF1B;POLR1E,wald_stat,Reactome_2022
G-protein Beta:Gamma Signaling R-HSA-397795,-1.468123370526766,0.501083268192721,0.06432748538011696,PKN1;CDC42;AKT1;GNB1;GNGT2,wald_stat,Reactome_2022
Recruitment And ATM-mediated Phosphorylation Of Repair And Signal Proteins At DNA Double Strand Breaks R-HSA-5693565,1.4654170275566796,0.6968962884577344,0.04206500956022945,H2BC15;SMARCA5;BAZ1B;HERC2;MDC1;KDM4B;UBC;MRE11;ATM;RNF8;MAPK8;TP53;H2BC9;NSD2;H2BC12;UBA52;UBE2V2;APBB1;RAD50;KDM4A;PPP5C;H2BC11;ABRAXAS1;TP53BP1;BARD1;KAT5,wald_stat,Reactome_2022
RHO GTPases Activate ROCKs R-HSA-5627117,-1.4644447453890246,0.49940302670001246,0.06365503080082136,LIMK1;PKN1;RHOC,wald_stat,Reactome_2022
Signaling By FGFR2 IIIa TM R-HSA-8851708,-1.4639156072382367,0.4735286829099512,0.06147540983606557,POLR2C;POLR2D;NCBP1;POLR2G;POLR2E;POLR2J,wald_stat,Reactome_2022
FGFR2 Mutant Receptor Activation R-HSA-1839126,-1.4639156072382367,0.4735286829099512,0.06147540983606557,POLR2C;POLR2D;NCBP1;POLR2G;POLR2E;POLR2J,wald_stat,Reactome_2022
KSRP (KHSRP) Binds And Destabilizes mRNA R-HSA-450604,1.4619147159931367,0.6848696589274618,0.07128712871287128,MAPK14;YWHAZ;PARN;EXOSC2;EXOSC3;EXOSC8;DIS3;KHSRP,wald_stat,Reactome_2022
Interactions Of Rev With Host Cellular Proteins R-HSA-177243,1.4577790661550125,0.6777640172600347,0.03824091778202677,KPNB1;XPO1;NUP62;NUP50;RAN;NUP37;NPM1;NUP58;RANBP1;NUP188;NUP85,wald_stat,Reactome_2022
Intrinsic Pathway For Apoptosis R-HSA-109606,1.4529538269160747,0.6729984546994285,0.03024193548387097,PPP3CC;STAT3;CYCS;YWHAZ;GZMB;APIP;PPP3R1;AKT3;GSDMD;BCL2L1;YWHAH;CDKN2A;CARD8;YWHAB,wald_stat,Reactome_2022
Respiratory Electron Transport R-HSA-611105,-1.4509416137548958,0.5024988939508304,0.02092050209205021,NDUFB7;NDUFA1;NDUFC2;UQCR11;UQCRFS1;COQ10B;NDUFA13;COX7B;SDHB;COX19;NDUFB6;NDUFB1;NDUFA12;NDUFB8;COX5B;COX6A1;SURF1;LRPPRC;UQCRQ;NDUFA10;NDUFB11;NDUFS6;COX8A;COA1;NDUFA9;NDUFS3;SDHA;COX16;UQCRC1;NDUFB9;NDUFA5;NDUFS8,wald_stat,Reactome_2022
Chondroitin Sulfate/Dermatan Sulfate Metabolism R-HSA-1793185,-1.4502364614493255,0.4913792912517931,0.06746031746031746,CHST7;CHSY1;UST;B3GALT6;IDS;XYLT1;B3GAT3;B4GALT7;DSE,wald_stat,Reactome_2022
DNA Double-Strand Break Repair R-HSA-5693532,1.4482499714186414,0.6698900075948402,0.011111111111111112,XRCC5;TDP2;H2BC15;SMARCA5;PRKDC;BAZ1B;XRCC6;PPP4R2;RPA3;RFC5;POLK;PPP4C;RFC4;HERC2;TDP1;MDC1;PARP1;KDM4B;RAD52;RAD17;UBC;ATRIP;MRE11;GEN1;ATM;TIMELESS;RNF8;POLM;RAD51C;LRIF1;MAPK8;POLL;TP53;H2BC9;NSD2;H2BC12,wald_stat,Reactome_2022
NGF-stimulated Transcription R-HSA-9031628,-1.4457481163989416,0.4937779393881847,0.08176100628930817,EGR1;MEF2D;JUND;ID2,wald_stat,Reactome_2022
"Antigen Presentation: Folding, Assembly, Peptide Loading Of Class I MHC R-HSA-983170",-1.4453063060844373,0.4826170203812543,0.054474708171206226,SEC24C;CALR;SEC24B;SEC24A;BECN1;SEC13;TAPBP;ATG14;PDIA3;HSPA5;HLA-F;HLA-B;ERAP1,wald_stat,Reactome_2022
G2/M DNA Damage Checkpoint R-HSA-69473,1.4432416972559439,0.6700964498484998,0.040776699029126215,H2BC15;YWHAZ;RPA3;RFC5;RFC4;HERC2;MDC1;YWHAH;YWHAB;YWHAQ;RAD17;ATRIP;MRE11;ATM;RNF8;REXO2;TP53;H2BC9;NSD2;H2BC12;BLM;UBE2V2;RAD50;H2BC11;ABRAXAS1;TP53BP1;BARD1;KAT5,wald_stat,Reactome_2022
Processing Of Capped Intron-Containing Pre-mRNA R-HSA-72203,-1.4432210793440445,0.47785082850057015,0.004291845493562232,U2AF2;SF3B6;RBM8A;ALYREF;CRNKL1;SRSF10;MAGOH;WDR33;RBM5;SNRNP27;CWC25;PHF5A;SNW1;CWC15;BUD31;U2SURP;SYF2;EFTUD2;TRA2B;SLU7;PTBP1;CPSF7;SARNP;SNRPB2;NUP54;HNRNPH1;POLR2C;DDX39A;POLR2D;SMNDC1;RNPS1;THOC7;PQBP1;HNRNPL;CTNNBL1;NCBP1;TFIP11;NUP133;SEH1L;POLR2G;SRSF9;PABPN1;NUDT21;SRSF5;SNRNP25;SRSF2;SNRPC;CDC5L;PCBP1;ZCRB1;SEC13;CPSF6,wald_stat,Reactome_2022
Deadenylation-dependent mRNA Decay R-HSA-429914,1.4404226622206002,0.6593939208679825,0.02480916030534351,CNOT7;EIF4B;DCP1B;CNOT3;PARN;LSM5;XRN1;EIF4A2;EXOSC2;TUT7;EIF4G1;EXOSC3;PABPC1;EXOSC8;LSM2;DIS3;PAN3,wald_stat,Reactome_2022
Formation Of HIV-1 Elongation Complex Containing HIV-1 Tat R-HSA-167200,-1.434449233704282,0.4934754336852778,0.03837953091684435,ELOA;ERCC3;POLR2C;POLR2D;NCBP1;ELOB;POLR2G;ELL;MNAT1;CCNT1;CDK7;POLR2E;NELFCD;NELFA;POLR2J;CDK9,wald_stat,Reactome_2022
G Alpha (Z) Signaling Events R-HSA-418597,-1.4325252920225031,0.48853160955442043,0.05919661733615222,GNAS;GNB1;ADCY7;GNGT2;PRKCA;PRKCB;RGS16;ADCY9,wald_stat,Reactome_2022
Signaling By ROBO Receptors R-HSA-376176,-1.4318963378601681,0.47898274804546276,0.01652892561983471,NCK2;PKN1;RBM8A;MAGOH;CDC42;ARHGEF7;SOS2;MYO9B;RNPS1;PSMF1;PRKCA;PKN2;PSMD6;NCBP1;ZSWIM8;PSMB6;PRKAR2A;ELOB;PSME4;USP33;UBB;RSL24D1;PSME2;PSMB3;PSMA1;ROBO3;EVL;ETF1;PFN1;PSMD9,wald_stat,Reactome_2022
Iron Uptake And Transport R-HSA-917937,-1.4294961136467537,0.4761470592360887,0.05811623246492986,FTL;FTH1;TCIRG1;ACO1;ATP6V1H;CAND1;ATP6V0C;UBB;FBXL5;ATP6V1G1,wald_stat,Reactome_2022
RHOG GTPase Cycle R-HSA-9013408,-1.421867200861868,0.4902213402142962,0.04693877551020408,ARHGDIA;CDC42;STX5;ARHGAP21;LAMTOR1;PREX1;PKN2;ARHGAP5;PIK3R1;PGRMC2;TRIO;HSPE1;VAV3;OPHN1;NDUFS3;VANGL1;DOCK2;VRK2,wald_stat,Reactome_2022
Nuclear Events (Kinase And Transcription Factor Activation) R-HSA-198725,-1.4210413616092257,0.48279049278698005,0.05894308943089431,MAPKAPK2;EGR1;MEF2D;PPP2CA;JUND;PPP2CB;ID2,wald_stat,Reactome_2022
Platelet Sensitization By LDL R-HSA-432142,1.4197717377860806,0.7329596266409418,0.08301158301158301,MAPK14;PPP2R5A;PPP2R5D;PPP2R5C,wald_stat,Reactome_2022
Diseases Associated With O-glycosylation Of Proteins R-HSA-3906995,-1.4182188607751902,0.48187183515450754,0.07597535934291581,GALNT3;NOTCH1;LFNG;POMT1;ADAMTS10,wald_stat,Reactome_2022
Negative Regulation Of FGFR4 Signaling R-HSA-5654733,-1.4175369526813957,0.4554242058439849,0.0823293172690763,SPRY2;PPP2CA;PPP2CB;MKNK1;UBB;BRAF,wald_stat,Reactome_2022
Negative Regulation Of FGFR3 Signaling R-HSA-5654732,-1.4175369526813957,0.4554242058439849,0.0823293172690763,SPRY2;PPP2CA;PPP2CB;MKNK1;UBB;BRAF,wald_stat,Reactome_2022
Negative Regulation Of FGFR2 Signaling R-HSA-5654727,-1.4175369526813957,0.4554242058439849,0.0823293172690763,SPRY2;PPP2CA;PPP2CB;MKNK1;UBB;BRAF,wald_stat,Reactome_2022
Glycosaminoglycan Metabolism R-HSA-1630316,-1.4160803594948828,0.45097530921477846,0.0437375745526839,CHST7;CHSY1;B3GNT7;B3GNT2;SLC35D2;B4GALT4;UST;B3GALT6;SLC9A1;EXT1;IDS;XYLT1;HS6ST1;B3GAT3;PAPSS1;NAGLU;B4GALT7;DSE;CHORDC1;B4GALT1,wald_stat,Reactome_2022
RAB Geranylgeranylation R-HSA-8873719,-1.4140264658770636,0.44840135686237353,0.04518664047151277,RAB1A;RAB5C;RABGGTA;RAB14;RAB2A;RABGGTB;PTP4A2;RAB30;RAB4A;RAB22A;RAB21;RAB40B;RAB18,wald_stat,Reactome_2022
Protein Ubiquitination R-HSA-8852135,1.4136707689860395,0.7386940759359103,0.030710172744721688,UBE2D2;SHPRH;H2BC15;PAF1;RRAGA;PRKDC;UBE2H;RNF20;CTR9;UBE2B;VCP;CDC73;UBC;PEX14;UBE2R2;SELENOS;LEO1;UBE2D3;RAD18;UBE2J2;H2BC9;H2BC12;HLTF;UBE2L3;UBE2E1;UBA52;TMEM129;HLA-A;PEX2;UBE2V2;UBE2E3;UBE2A,wald_stat,Reactome_2022
Transport Of Mature mRNA Derived From An Intron-Containing Transcript R-HSA-159236,-1.4121098156482788,0.4457084344447406,0.04065040650406504,U2AF2;RBM8A;ALYREF;MAGOH;SLU7;SARNP;NUP54;DDX39A;RNPS1;THOC7;NCBP1;NUP133;SEH1L;SRSF9;SRSF5;SRSF2;SEC13;NXT1,wald_stat,Reactome_2022
Apoptosis R-HSA-109581,1.410464811748791,0.73205556062522,0.011976047904191617,SPTAN1;KPNB1;FNTA;PPP3CC;STAT3;CYCS;H1-2;PRKCQ;PSMD2;YWHAZ;H1-4;ADD1;H1-3;PSMD11;GZMB;APIP;MAGED1;PSMB2;PPP3R1;AKT3;DAPK2;GSDMD;BCL2L1;RIPK1;YWHAH;CDKN2A;CARD8;YWHAB,wald_stat,Reactome_2022
FCERI Mediated Ca+2 Mobilization R-HSA-2871809,1.4099311037819942,0.7122944366292605,0.06525911708253358,PPP3CB;NFATC2;GRAP2;PLCG1;PPP3R1;AHCYL1;NFATC3;LCP2;SPNS1,wald_stat,Reactome_2022
CDC42 GTPase Cycle R-HSA-9013148,-1.4048277489609609,0.4596206839828054,0.0273972602739726,ARHGAP4;PKN1;ARHGDIA;CDC42;GIT1;PLEKHG2;ARHGAP21;ARHGEF7;CPNE8;LAMTOR1;PREX1;GNA13;MYO9B;PKN2;ARHGAP5;ARHGAP26;PIK3R1;WIPF2;ARHGAP9;TRIO;VAV3;OPHN1;ARHGEF10;VANGL1,wald_stat,Reactome_2022
Signaling By FGFR2 R-HSA-5654738,-1.4002454062316418,0.46478893348589384,0.05785123966942149,NRAS;SPRY2;PPP2CA;PTBP1;HNRNPH1;POLR2C;PPP2CB;POLR2D;NCBP1;MKNK1;PIK3R1;POLR2G;UBB;POLR2E;BRAF;POLR2J;SHC1;HNRNPM,wald_stat,Reactome_2022
Initiation Of Nuclear Envelope (NE) Reformation R-HSA-2995383,1.3993661560507666,0.7390949600974808,0.10588235294117647,KPNB1;LBR;TMPO;VRK1,wald_stat,Reactome_2022
MHC Class II Antigen Presentation R-HSA-2132295,-1.3989453033423818,0.4605659974795666,0.035269709543568464,SEC24C;HLA-DRB5;DCTN4;DYNLL2;SEC24B;CTSD;AP1S1;DYNC1LI1;CTSS;DYNC1LI2;DCTN3;SEC24A;CAPZA2;HLA-DRB1;SEC13;KIF22,wald_stat,Reactome_2022
Post NMDA Receptor Activation Events R-HSA-438064,-1.396684342258257,0.458955500017171,0.07172131147540983,NRAS;GIT1;ARHGEF7;PRKAG1;PRKCA;KPNA2;PRKAR2A;PRKAG2;CALM1,wald_stat,Reactome_2022
Post-translational Modification: Synthesis Of GPI-anchored Proteins R-HSA-163125,-1.3963882679103516,0.452032478961259,0.06147540983606557,PIGT;MDGA1;PIGH;LY6E;PIGS;GPAA1;DPM1,wald_stat,Reactome_2022
Signaling By Non-Receptor Tyrosine Kinases R-HSA-9006927,1.395935770556194,0.7340744148107039,0.0900735294117647,STAT3;KHDRBS1;CRK;CDKN1B;ERBB2;HIF1A;PTPN1,wald_stat,Reactome_2022
RNA Polymerase I Transcription Initiation R-HSA-73762,1.3958172738414252,0.7142385870990077,0.05263157894736842,HDAC1;UBTF;RBBP4;TBP;GTF2H1;GTF2H3;POLR1H;KAT2A;EHMT2;MTA2;CCNH;GTF2H5;POLR1D;TAF1B;POLR1E,wald_stat,Reactome_2022
Macroautophagy R-HSA-1632852,-1.3939767584695675,0.4506704913663716,0.01417004048582996,MAP1LC3B;WDR45B;ULK1;DYNLL2;CSNK2B;LAMTOR1;CHMP4B;LAMTOR4;ATG7;PRKAG1;CHMP2B;GABARAPL1;TOMM22;ATG4D;DYNC1LI1;DYNC1LI2;CSNK2A2;WIPI1;PGAM5;BECN1;USP30;PRKAG2;UBB;PINK1;ATG4B;MLST8;LAMTOR5;ATG14;CHMP2A,wald_stat,Reactome_2022
mRNA Capping R-HSA-72086,-1.3908266765319361,0.4518883697870952,0.06903765690376569,ERCC3;POLR2C;POLR2D;RNMT;NCBP1;POLR2G;MNAT1;CDK7;POLR2E,wald_stat,Reactome_2022
NEP/NS2 Interacts With Cellular Export Machinery R-HSA-168333,1.3884682359436384,0.7305830775697415,0.061068702290076333,XPO1;NUP62;NUP50;PBRM1;RAN;NUP37;NUP58;GNL3;NUP188;NUP85,wald_stat,Reactome_2022
Integrin Signaling R-HSA-354192,1.3881204733467014,0.7129098966634672,0.09262759924385633,RASGRP1;CRK;RASGRP2;APBB1IP;PTPN1;RAP1B;RAP1A;CSK,wald_stat,Reactome_2022
Signaling By Cytosolic FGFR1 Fusion Mutants R-HSA-1839117,1.3879373377230766,0.6952889892571026,0.08037383177570094,STAT3;FGFR1OP2;STAT5A;CNTRL;PIK3CA;TRIM24,wald_stat,Reactome_2022
Signaling By FGFR4 R-HSA-5654743,-1.3855006189216768,0.45978635497128767,0.07399577167019028,NRAS;SPRY2;PPP2CA;PPP2CB;MKNK1;PIK3R1;UBB;BRAF,wald_stat,Reactome_2022
Neurotransmitter Release Cycle R-HSA-112310,1.382839241526569,0.6987716565200954,0.0916030534351145,ARL6IP5;SLC1A7;VAMP2;LIN7B;PPFIA1;HSPA8;ABAT;SH2D3C,wald_stat,Reactome_2022
Resolution Of AP Sites Via Multiple-Nucleotide Patch Replacement Pathway R-HSA-110373,1.3826277261133029,0.6822855078855186,0.09176029962546817,RPA3;RFC5;RFC4;PARP1;PARG,wald_stat,Reactome_2022
Complex I Biogenesis R-HSA-6799198,-1.3805714360278174,0.4673334174954295,0.06339468302658487,NDUFB7;NDUFA1;NDUFC2;NDUFA13;NDUFB6;NDUFB1;NDUFA12;NDUFB8;NDUFA10;NDUFB11;NDUFS6;COA1;NDUFA9;NDUFS3;NDUFB9;NDUFA5;NDUFS8,wald_stat,Reactome_2022
RHOV GTPase Cycle R-HSA-9013424,-1.3795563812179272,0.46279290162853653,0.08811475409836066,NCK2;PKN1;CDC42;GIT1;ARHGEF7;PKN2;PIK3R1;TPM3,wald_stat,Reactome_2022
Activation Of NMDA Receptors And Postsynaptic Events R-HSA-442755,-1.3782923745752824,0.45915278981163876,0.08041237113402062,NRAS;GIT1;ARHGEF7;PRKAG1;PRKCA;KPNA2;PRKAR2A;CASK;PRKAG2;CALM1,wald_stat,Reactome_2022
Negative Regulation Of FGFR1 Signaling R-HSA-5654726,-1.3750423259327842,0.4615047672726763,0.0951417004048583,SPRY2;PPP2CA;PPP2CB;MKNK1;UBB;BRAF,wald_stat,Reactome_2022
Export Of Viral Ribonucleoproteins From Nucleus R-HSA-168274,1.3746959639948537,0.7014555316970941,0.06407766990291262,XPO1;NUP62;NUP50;PBRM1;RAN;NUP37;NUP58;GNL3;NUP188;NUP85,wald_stat,Reactome_2022
Regulation Of Necroptotic Cell Death R-HSA-5675482,-1.374367359169961,0.4564694586848898,0.08921161825726141,FASN;FLOT1;BIRC2;MLKL;UBB;RIPK3;BIRC3;CDC37,wald_stat,Reactome_2022
Dual Incision In GG-NER R-HSA-5696400,1.372925773479096,0.6932869524724518,0.06500956022944551,RPA3;RFC5;POLK;GTF2H1;DDB2;RFC4;GTF2H3;PARP1;UBC;RBX1;GTF2H5,wald_stat,Reactome_2022
Transport Of Mature Transcript To Cytoplasm R-HSA-72202,-1.3726554708144838,0.4543824936238961,0.04051172707889126,U2AF2;RBM8A;ALYREF;MAGOH;WDR33;SLU7;SARNP;NUP54;DDX39A;RNPS1;THOC7;NCBP1;NUP133;SEH1L;SRSF9;SRSF5;SRSF2,wald_stat,Reactome_2022
G Alpha (12/13) Signaling Events R-HSA-416482,-1.370084702288353,0.4547802545964398,0.0875,GNB1;PLEKHG2;ARHGEF7;PREX1;SOS2;GNA13;RHOC;GNGT2;TRIO;GNA12;VAV3;ARHGEF10,wald_stat,Reactome_2022
Regulation Of mRNA Stability By Proteins That Bind AU-rich Elements R-HSA-450531,1.3699065233697034,0.6902911712386481,0.04158790170132325,MAPK14;XPO1;ZFP36L1;PSMD2;YWHAZ;HNRNPD;PSMD11;HSPB1;PSMB2;PARN;XRN1;YWHAB;EXOSC2;PSMD10;EIF4G1;EXOSC3;PABPC1;PSMD4;HSPA8;EXOSC8;UBC,wald_stat,Reactome_2022
Abortive Elongation Of HIV-1 Transcript In Absence Of Tat R-HSA-167242,-1.3690874405685884,0.4511990092918962,0.09202453987730061,POLR2C;POLR2D;NCBP1;POLR2G;POLR2E;NELFCD;NELFA;POLR2J;NELFB,wald_stat,Reactome_2022
TGF-beta Receptor Signaling Activates SMADs R-HSA-2173789,1.3680181942782568,0.6833681691703567,0.09795918367346938,TGFBR2;UCHL5;XPO1;PPP1CB;MTMR4;LTBP4;PPP1CC;UBC;PPP1R15A;SMAD3;SRFBP1,wald_stat,Reactome_2022
Signaling By FGFR2 In Disease R-HSA-5655253,-1.3677518542842433,0.44844469038918255,0.10084033613445378,NRAS;POLR2C;POLR2D;NCBP1;PIK3R1;POLR2G,wald_stat,Reactome_2022
ER To Golgi Anterograde Transport R-HSA-199977,-1.3677465784862866,0.4422455148616235,0.030800821355236138,RAB1A;TFG;NAPG;TRAPPC10;SEC24C;STX5;DCTN4;PPP6R1;DYNLL2;TRAPPC2L;TRAPPC6A;SEC24B;CSNK1D;COG3;DYNC1LI1;DYNC1LI2;DCTN3;TBC1D20;SEC24A;TMED2;TRAPPC5;CAPZA2,wald_stat,Reactome_2022
Autophagy R-HSA-9612973,-1.366536049612283,0.43922814518845493,0.02952755905511811,MAP1LC3B;WDR45B;VPS37B;ULK1;DYNLL2;CSNK2B;LAMTOR1;CHMP4B;LAMTOR4;ATG7;PRKAG1;CHMP2B;GABARAPL1;TOMM22;ATG4D;DYNC1LI1;DYNC1LI2;CSNK2A2;WIPI1;PGAM5;BECN1;USP30;PRKAG2;UBAP1;UBB;PINK1;ATG4B;MLST8;LAMTOR5;ATG14;CHMP2A,wald_stat,Reactome_2022
Platelet Homeostasis R-HSA-418346,1.3661532593423373,0.6767875432110172,0.06500956022944551,MAPK14;PPP2R5A;PAFAH2;STIM1;PPP2R5D;ATP2B4;PPP2R5C;ATP2A3,wald_stat,Reactome_2022
Platelet Aggregation (Plug Formation) R-HSA-76009,1.3659772980413598,0.6631977218129972,0.10810810810810811,RASGRP1;CRK;RASGRP2;APBB1IP;PTPN1;RAP1B,wald_stat,Reactome_2022
Signaling By FGFR1 R-HSA-5654736,-1.3649229196100907,0.4376002505149242,0.0875,NRAS;SPRY2;PPP2CA;PPP2CB;MKNK1;PIK3R1;UBB;BRAF,wald_stat,Reactome_2022
Nuclear Signaling By ERBB4 R-HSA-1251985,-1.3603819222351652,0.44454419211401164,0.10810810810810811,MXD4;ADAP1,wald_stat,Reactome_2022
"Respiratory Electron Transport, ATP Synthesis By Chemiosmotic Coupling, Heat Production By Uncoupling Proteins R-HSA-163200",-1.3572822015684805,0.4470834511479636,0.032397408207343416,ATP5MC1;NDUFB7;NDUFA1;NDUFC2;UQCR11;UQCRFS1;COQ10B;NDUFA13;COX7B;SDHB;COX19;NDUFB6;NDUFB1;NDUFA12;NDUFB8;COX5B;COX6A1;ATP5ME;SURF1;LRPPRC;UQCRQ;NDUFA10;NDUFB11;NDUFS6;COX8A;COA1;NDUFA9;DMAC2L;NDUFS3;SDHA;COX16;UQCRC1;NDUFB9;NDUFA5;NDUFS8,wald_stat,Reactome_2022
Heparan Sulfate/Heparin (HS-GAG) Metabolism R-HSA-1638091,-1.351312069530295,0.45737180719156006,0.11823647294589178,SLC35D2;B3GALT6;EXT1;IDS;XYLT1;HS6ST1;B3GAT3;NAGLU;B4GALT7,wald_stat,Reactome_2022
Nonsense Mediated Decay (NMD) Enhanced By Exon Junction Complex (EJC) R-HSA-975957,-1.3492391477783232,0.45794161092726127,0.10685483870967742,RBM8A;MAGOH;DCP1A;PPP2CA;RNPS1;NCBP1,wald_stat,Reactome_2022
RIP-mediated NFkB Activation Via ZBP1 R-HSA-1810476,-1.3485050637200897,0.4541290829935925,0.12090163934426229,ZBP1;NFKBIB;NFKB1;IKBKB;RIPK3,wald_stat,Reactome_2022
Circadian Clock R-HSA-400253,-1.3458181117387407,0.4558561038560267,0.07407407407407407,CREBBP;MEF2D;NCOA1;CSNK1D;PER1;CARM1;CRTC2;BMAL1;NOCT;NFIL3;UBB;SREBF1;TBL1X;CSNK1E,wald_stat,Reactome_2022
DNA Double Strand Break Response R-HSA-5693606,1.345589282769648,0.7370913669408632,0.07341269841269842,H2BC15;SMARCA5;BAZ1B;HERC2;MDC1;KDM4B;UBC;MRE11;ATM;RNF8;MAPK8;TP53;H2BC9;NSD2;H2BC12;UBA52;UBE2V2;APBB1;RAD50;KDM4A;PPP5C;H2BC11;ABRAXAS1;TP53BP1;BARD1;KAT5,wald_stat,Reactome_2022
Transcription Of HIV Genome R-HSA-167172,-1.34546258352334,0.4512932649022759,0.04697986577181208,ELOA;TAF11;TAF10;ERCC3;POLR2C;POLR2D;RNMT;TAF15;NCBP1;ELOB;POLR2G;TAF4;ELL;MNAT1;CCNT1;CDK7;POLR2E;CCNT2;NELFCD;NELFA;POLR2J;TAF3;CDK9,wald_stat,Reactome_2022
Neurexins And Neuroligins R-HSA-6794361,1.343882629927293,0.7299143516406158,0.11509433962264151,EPB41;SIPA1L1;LIN7B;SHARPIN;PDLIM5;APBA3;DLGAP4,wald_stat,Reactome_2022
Chaperone Mediated Autophagy R-HSA-9613829,1.3407716915233248,0.7295146592968231,0.12770137524557956,EEF1A1;ARL13B;PCNT;HSPA8;HDAC6;UBC;IFT88;PLIN2;UBA52,wald_stat,Reactome_2022
G Alpha (S) Signaling Events R-HSA-418555,-1.3374168843041525,0.46706114513137664,0.07010309278350516,GRK2;PDE4D;GNAS;GNB1;VIPR2;GRK6;ADCY7;GNGT2;PRKCA;PRKAR2A;PTRH2;ADCY9;ARRB1;PDE4A;GNAI2;SHC1,wald_stat,Reactome_2022
Transport To Golgi And Subsequent Modification R-HSA-948021,-1.333080036500475,0.4739314667036664,0.03805496828752643,RAB1A;TFG;NAPG;TRAPPC10;SEC24C;STX5;DCTN4;PPP6R1;DYNLL2;TRAPPC2L;TRAPPC6A;SEC24B;CSNK1D;B4GALT4;MGAT4B;COG3;DYNC1LI1;DYNC1LI2;DCTN3;TBC1D20;SEC24A;TMED2;TRAPPC5;MAN2A2;CAPZA2,wald_stat,Reactome_2022
Activation Of BAD And Translocation To Mitochondria R-HSA-111447,1.327750096938428,0.7734476027175787,0.1341222879684418,PPP3CC;YWHAZ;PPP3R1;AKT3;YWHAH;YWHAB;YWHAQ,wald_stat,Reactome_2022
Sema4D In Semaphorin Signaling R-HSA-400685,-1.3265128785270357,0.48619891911822166,0.1226215644820296,LIMK1;RHOC;RNMT;MYL6,wald_stat,Reactome_2022
GPCR Downstream Signaling R-HSA-388396,-1.3212960494326162,0.49489787919768774,0.029288702928870293,PKN1;XCL1;CDC42;NRAS;GRK2;AKT1;PDE4D;GNAS;DGKQ;GNB1;PLEKHG2;VIPR2;ARHGEF7;GRK6;PREX1;SOS2;PPP2CA;GPR183;GNA13;RHOC;HEBP1;PPP2CB;ADCY7;GNGT2;GNAQ;XCL2;PRKCA;KPNA2;CCL5;PRKAR2A;PIK3R1;CCL4;PRKCB;RGS16;PTRH2;TRIO;ADCY9;GNA12;VAV3;LTB4R;CALM1;PLCB1;ARHGEF10;RIPK2,wald_stat,Reactome_2022
Axon Guidance R-HSA-422475,-1.3193537217069824,0.49495386253459045,0.018789144050104383,NCK2;LIMK1;PKN1;RBM8A;MAGOH;CDC42;NRAS;GIT1;FARP2;IRS2;MAP2K2;ARHGEF7;CSNK2B;SOS2;RHOC;PLXNA4;CLTB;MYO9B;YES1;RNPS1;RNMT;PSMF1;PRKCA;PKN2;EPHA4;PSMD6;NCAM1;NCBP1;ZSWIM8;PSMB6;PRKAR2A;PLXNA3;PIK3R1;ELOB;CSNK2A2;PSME4;APH1A;TYROBP;USP33;UBB;LYN;MYL6;TRIO;CD72;ARPC2,wald_stat,Reactome_2022
Lagging Strand Synthesis R-HSA-69186,1.3178373196970978,0.8043076381569909,0.12307692307692308,RPA3;RFC5;RFC4,wald_stat,Reactome_2022
Transcriptional Regulation By MECP2 R-HSA-8986944,1.3167976223835387,0.7938543532689211,0.11481481481481481,PTPN4;HDAC1;LBR;FKBP5;MECP2;SLC2A3;PTPN1;DGCR8,wald_stat,Reactome_2022
Golgi Associated Vesicle Biogenesis R-HSA-432722,-1.309413242746769,0.5199065123565919,0.08731808731808732,RAB5C;FTL;FTH1;IGF2R;NECAP1;AP1S1;GAK;AP4B1,wald_stat,Reactome_2022
RNA Pol II CTD Phosphorylation And Interaction With CE R-HSA-77075,-1.3070789207745648,0.5214583059700255,0.12121212121212122,ERCC3;POLR2C;POLR2D;RNMT;POLR2G;MNAT1;CDK7;POLR2E,wald_stat,Reactome_2022
Cell Recruitment (Pro-Inflammatory Response) R-HSA-9664424,-1.30618060897016,0.5180578918592715,0.14428857715430862,PSTPIP1;P2RX4;NFKB1;IL18;C3AR1;P2RX7;HMOX1;ENTPD5,wald_stat,Reactome_2022
Thrombin Signaling Thru Proteinase Activated Receptors (PARs) R-HSA-456926,-1.3058264488290008,0.5133186517232189,0.13663366336633664,GNB1;GNA13;GNGT2;GNAQ;GNA12;ARRB1;ARRB2,wald_stat,Reactome_2022
Positive Epigenetic Regulation Of rRNA Expression R-HSA-5250913,1.305399157268521,0.8336792775776468,0.10344827586206896,HDAC1;H2BC15;SMARCA5;RBBP4;BAZ1B;TBP;DEK;H2AC6;CBX3;POLR1H;KAT2A;EHMT2;MTA2;POLR1D;TAF1B;H2AC4;POLR1E,wald_stat,Reactome_2022
Death Receptor Signaling R-HSA-73887,-1.3035925450180652,0.5141286733633594,0.05639913232104121,ARHGDIA;PLEKHG2;ARHGEF7;PREX1;SOS2;GNA13;FASN;OTULIN;BIRC2;BAD;USP4;CASP3;NFKB1;YWHAE;APH1A;IKBKB;UBB;TRIO;IRAK1;VAV3;MADD;USP25;NSMAF;ARHGEF10;RIPK2;TRAF1;BIRC3,wald_stat,Reactome_2022
Apoptotic Factor-Mediated Response R-HSA-111471,1.3007505436476752,0.8415686674196107,0.14512922465208747,CYCS;APIP;GSDMD;CDKN2A;CARD8,wald_stat,Reactome_2022
O-linked Glycosylation Of Mucins R-HSA-913709,-1.2973247707473012,0.526790685817406,0.13078470824949698,B3GNT7;GALNT10;GALNT3;B3GNT2,wald_stat,Reactome_2022
RAF Activation R-HSA-5673000,1.2965479370069237,0.8463383417479416,0.1182170542635659,PPP2R5A;ARAF;PPP2R5D;MAP2K1;PPP1CB;PPP2R5C,wald_stat,Reactome_2022
Protein-protein Interactions At Synapses R-HSA-6794362,1.2960657213754008,0.8338276827920876,0.14917127071823205,EPB41;SIPA1L1;LIN7B;PPFIA1;SHARPIN;IL1RAP;DLG1;PDLIM5;APBA3;DLGAP4,wald_stat,Reactome_2022
RHOU GTPase Cycle R-HSA-9013420,-1.2954631076704834,0.5263185281949809,0.1290983606557377,NCK2;PKN1;CDC42;GIT1;ARHGEF7;STAM;PKN2;PIK3R1,wald_stat,Reactome_2022
Glycogen Metabolism R-HSA-8982491,1.2938749709350716,0.8301163690274171,0.14149139579349904,UGP2;PHKB;PGM1;GYG1;UBC;PYGB;GAA;AGL;UBA52;GYS1,wald_stat,Reactome_2022
tRNA Aminoacylation R-HSA-379724,1.2928134716889113,0.820933879325145,0.12835249042145594,DARS1;QARS1;SARS1;RARS2;EPRS1;CARS1;PPA2;FARSA;IARS2;AARS1;WARS2;MARS2,wald_stat,Reactome_2022
Integration Of Energy Metabolism R-HSA-163685,-1.2927869842730393,0.528755084420253,0.13793103448275862,GNAS;GNB1;PPP2CA;FASN;SLC2A1;PPP2CB;ADCY7;GNGT2;GNAQ;PRKCA;PRKAR2A;TKT;PRKAG2;ADCY9;PLCB1;PLCB2;GNAI2;ITPR3;STX1A;ACSL3;TALDO1,wald_stat,Reactome_2022
Nervous System Development R-HSA-9675108,-1.2923747449115313,0.5244405989092887,0.02109704641350211,NCK2;LIMK1;PKN1;RBM8A;MAGOH;CDC42;NRAS;GIT1;FARP2;IRS2;MAP2K2;ARHGEF7;CSNK2B;SOS2;RHOC;PLXNA4;CLTB;MYO9B;YES1;RNPS1;RNMT;PSMF1;PRKCA;PKN2;EPHA4;PSMD6;NCAM1;NCBP1;ZSWIM8;PSMB6;PRKAR2A;PLXNA3;PIK3R1;ELOB;CSNK2A2;PSME4;APH1A;TYROBP;USP33;UBB;LYN;MYL6;TRIO;CD72;ARPC2,wald_stat,Reactome_2022
DNA Strand Elongation R-HSA-69190,1.2912933934318604,0.8144365937069532,0.14145383104125736,RPA3;MCM3;RFC5;RFC4,wald_stat,Reactome_2022
Organelle Biogenesis And Maintenance R-HSA-1852241,1.290269737778742,0.8055782028269922,0.028112449799196786,CEP57;MAPK14;TUBA1A;CKAP5;ARF4;CYCS;TRIP11;ATP5PO;CEP250;TCP1;RAB11A;ARL13B;CCT3;KIF3B;IMMT;SEPTIN2;CNTRL;PAFAH1B1;IFT57;PCNT;CEP290;HAUS1;CEP78;HAUS4;PTGES2;BBS2;SCLT1;CCT4;PDE6D;HDAC6;CCT8;CCT2;CDK5RAP2;GLUD1;NCOA6;DYNC2I1;ALAS1;SFI1;CREB1;TMEM216;PRKD2;DYNLL1;PCM1;EXOC1;IFT27;CHD9;PPARA;TUBB;ATP5PD;CEP162;DYNC2H1;BBS9;CEP89;TCTN3;ODF2;DNAJC11;ATP5MC3;SSBP1;EXOC2;CHCHD3;ATP5F1B;IFT88;CEP76;MTERF1;CEP192;SIRT5;GABPA,wald_stat,Reactome_2022
Translesion Synthesis By POLH R-HSA-110320,1.2896051115121832,0.7956087921718401,0.16195856873822975,RPA3;RFC5;RFC4;VCP;UBC,wald_stat,Reactome_2022
FGFR1 Mutant Receptor Activation R-HSA-1839124,1.289270122064737,0.784415106606766,0.13419117647058823,STAT3;FGFR1OP2;STAT5A;CNTRL;PIK3CA;TRIM24,wald_stat,Reactome_2022
G1/S-Specific Transcription R-HSA-69205,1.2889551838584412,0.7737199187839758,0.17790262172284643,HDAC1;RBL2;RBBP4;E2F4,wald_stat,Reactome_2022
Signaling By GPCR R-HSA-372790,-1.2879277589582374,0.532095127715981,0.04,PKN1;XCL1;CDC42;NRAS;GRK2;AKT1;PDE4D;GNAS;DGKQ;GNB1;PLEKHG2;VIPR2;ARHGEF7;GRK6;PREX1;SOS2;PPP2CA;GPR183;GNA13;RHOC;HEBP1;PPP2CB;ADCY7;GNGT2;GNAQ;XCL2;PRKCA;KPNA2;CCL5;PRKAR2A;PIK3R1;CCL4;PRKCB;RGS16;PTRH2;PTCH2;TRIO;ADCY9;GNA12;VAV3;LTB4R;CALM1;PLCB1;ARHGEF10;RIPK2,wald_stat,Reactome_2022
RAB GEFs Exchange GTP For GDP On RABs R-HSA-8876198,-1.287721845146162,0.527249503161646,0.07954545454545454,RAB1A;RAB5C;TRAPPC10;AKT1;ULK1;TRAPPC2L;TRAPPC6A;RAB14;RIN3,wald_stat,Reactome_2022
N-glycan Antennae Elongation In medial/trans-Golgi R-HSA-975576,-1.2854117124311513,0.5289330106928802,0.16432865731462926,B4GALT4;MGAT4B;MAN2A2;MGAT4A;CHST10;ST8SIA6;B4GALT1,wald_stat,Reactome_2022
NR1H3 And NR1H2 Regulate Gene Expression Linked To Cholesterol Transport And Efflux R-HSA-9029569,-1.284535143347287,0.5264062827429873,0.1392931392931393,NCOA1;TNRC6A;AGO4;AGO2;ARL4C;TBL1X,wald_stat,Reactome_2022
G-protein Mediated Events R-HSA-112040,-1.2844089554281723,0.5215840709205931,0.1461864406779661,GRK2;ADCY7;GNAQ;PRKCA;KPNA2;PRKAR2A;ADCY9;CALM1;PLCB1;PLCB2;GNAI2;ITPR3;PRKX,wald_stat,Reactome_2022
PIWI-interacting RNA (piRNA) Biogenesis R-HSA-5601884,-1.2801577332750407,0.5288671129109517,0.15274949083503056,POLR2C;POLR2D;POLR2G;POLR2E;TDRKH;POLR2J,wald_stat,Reactome_2022
RHOC GTPase Cycle R-HSA-9013106,-1.2704387419269836,0.5526644316954454,0.11889596602972399,PKN1;ARHGDIA;STX5;ARHGAP21;PREX1;RHOC;FLOT1;MYO9B;PKN2;ARHGAP5;ARHGAP26;PIK3R1,wald_stat,Reactome_2022
TP53 Regulates Metabolic Genes R-HSA-5628897,-1.2675287157328552,0.5557149672210425,0.11063829787234042,AKT1;DDIT4;LAMTOR1;LAMTOR4;PRKAG1;COX7B;COX19;PRDX5;COX5B;TNRC6A;AGO4;SESN3;COX6A1;AGO2;SURF1;YWHAE;LRPPRC;PRKAG2;MLST8;LAMTOR5;COX8A,wald_stat,Reactome_2022
Programmed Cell Death R-HSA-5357801,1.265986255163817,0.8677862491313325,0.07480314960629922,SPTAN1;KPNB1;FNTA;PPP3CC;STAT3;CYCS;H1-2;PRKCQ;IRF2;PSMD2;YWHAZ;H1-4;ADD1;H1-3;PSMD11;GZMB;APIP;MAGED1;PSMB2;PPP3R1;AKT3;DAPK2;GSDMD;BCL2L1;RIPK1;YWHAH;CDKN2A;CARD8;YWHAB;RRM1,wald_stat,Reactome_2022
Interleukin-17 Signaling R-HSA-448424,-1.265816251064198,0.5555305287213943,0.11320754716981132,MAP3K8;MAPKAPK2;PPP2CA;MAP2K3;MAPK9;TNIP2;PPP2CB;MAP2K7;NFKB1;IKBKB;UBB;IRAK1;RIPK2;DUSP6,wald_stat,Reactome_2022
MAP Kinase Activation R-HSA-450294,-1.265717003247831,0.5506004564791789,0.11704312114989733,MAP3K8;MAPKAPK2;PPP2CA;MAP2K3;MAPK9;TNIP2;PPP2CB;MAP2K7;NFKB1;IKBKB;UBB;IRAK1;RIPK2;DUSP6,wald_stat,Reactome_2022
RHOA GTPase Cycle R-HSA-8980692,1.2653637752491451,0.8576226881836393,0.08860759493670886,ARHGEF3;TAGAP;ARHGAP30;LBR;STK10;ARHGAP45;SLK;ERBIN;TMPO;DIAPH1;PLEKHG3;ARHGEF2;AKAP13;LMAN1;STOM;ARHGAP1;ACBD5;PRPF38B;ARAP3;HMOX2,wald_stat,Reactome_2022
PCNA-Dependent Long Patch Base Excision Repair R-HSA-5651801,1.2633821068701916,0.8545376858423859,0.16475095785440613,RPA3;RFC5;RFC4,wald_stat,Reactome_2022
Metabolism Of Cofactors R-HSA-8978934,-1.2611837828207693,0.5584472675505099,0.158004158004158,AKT1;PTS;GCH1;PDSS1,wald_stat,Reactome_2022
Transport Of Ribonucleoproteins Into Host Nucleus R-HSA-168271,1.2610639086734705,0.8531668191400197,0.1338432122370937,KPNB1;NUP62;NUP50;PBRM1;NUP37;NUP58;GNL3;NUP188;NUP85,wald_stat,Reactome_2022
Kinesins R-HSA-983189,1.2601166990185049,0.8452569006792281,0.1766990291262136,KIF2A;KIF3B;KIF21A,wald_stat,Reactome_2022
Estrogen-dependent Gene Expression R-HSA-9018519,-1.259361268126328,0.5588913780651816,0.07214428857715431,H2AJ;CREBBP;H2AX;GATA3;JUND;NCOA1;POLR2C;POLR2D;CTSD;CARM1;KPNA2;H3-3B;PMEPA1;TNRC6A;AGO4;AXIN1;POLR2G;AGO2;H2AZ1;CCNT1;SMC3,wald_stat,Reactome_2022
"Signaling By Rho GTPases, Miro GTPases And RHOBTB3 R-HSA-9716542",1.2589934072283138,0.8382255388173859,0.013307984790874524,SPTAN1;MAPK14;PPP2R5A;ARHGEF3;XPO1;TAGAP;S100A8;CKAP5;ARHGAP25;ARHGAP30;ADD3;KIF2A;H2BC15;LBR;STK10;NCKAP1L;S100A9;ARHGAP45;SLC4A7;SLK;STK38;ERBIN;PPP2R5D;TMPO;TMOD3;DIAPH1;PLEKHG3;ARHGEF2;RNF20;YWHAZ;PPP1CB;ARHGEF6;CYFIP2;ARMCX3;FNBP1;ACTR3;ARL13B;PPP2R5C;AKAP13;NDEL1;LMAN1;GIT2;CDKN1B;STOM;CDC42EP3;ANKRD26;CLTC;DOCK10;ARHGAP1;CCT6A;ACBD5;RHOT1;MYO6;STIP1;ARHGAP15;BUB3;ARHGAP17;YWHAH;H2AC6;ZWILCH;WASF2;YWHAB;VCP;NCK1;PRPF38B;NUP37;PAFAH1B1;GOLGA3;ARAP3;HMOX2;LRRC41;RBMX;ACTR2;MFN1;TAOK1;ITSN2;DBT;LIN7B;LCK;PIK3CA;YWHAQ;TAOK3;PPP1CC;HINT2;IQGAP2;CCT2;GFOD1;RTKN;RBM15;CCT7;VAPB;ZW10,wald_stat,Reactome_2022
Nuclear Import Of Rev Protein R-HSA-180746,1.255680387526627,0.842061428787301,0.13446969696969696,KPNB1;NUP62;NUP50;RAN;NUP37;NPM1;NUP58;NUP188;NUP85,wald_stat,Reactome_2022
Pre-NOTCH Expression And Processing R-HSA-1912422,-1.255323512748417,0.5665550739613384,0.12190082644628099,H2AJ;CREBBP;SNW1;H2AX;FURIN;RFNG;NOTCH1;H3-3B;LFNG;TNRC6A;AGO4;AGO2;TMED2;H2AZ1;SEL1L,wald_stat,Reactome_2022
Smooth Muscle Contraction R-HSA-445355,-1.255172818395898,0.561859205049108,0.1894093686354379,PKN1;PKN2;SORBS3;TPM3;MYL6;CALM1;ANXA6;GUCY1A1,wald_stat,Reactome_2022
Cellular Response To Starvation R-HSA-9711097,-1.2502858521338645,0.5712789195627141,0.14042553191489363,ATF4;TCIRG1;ATP6V1H;CEBPG;LAMTOR1;LAMTOR4;FNIP1;ATP6V0C;SEH1L;SEC13;MLST8;ATP6V1G1;LAMTOR5;RSL24D1;ITFG2;CASTOR2,wald_stat,Reactome_2022
Transcriptional Regulation By TP53 R-HSA-3700989,-1.249541976952261,0.568435347018899,0.039045553145336226,ELOA;GATAD2A;BRD7;BCL6;AKT1;RABGGTA;TAF11;DDIT4;CREBBP;CSNK2B;TAF10;LAMTOR1;PPP2CA;LAMTOR4;ERCC3;FASN;PIP4K2A;BBC3;PRKAG1;POLR2C;PPP2CB;ING3;POLR2D;RHNO1;KMT5A;HIPK1;CARM1;COX7B;COX19;PRDX5;PCBP4;CNOT1;USP7;TRIAP1;TAF15;COX5B;TNRC6A;AGO4;SESN3;COX6A1;PIDD1;ELOB;POLR2G;CSNK2A2;TAF4;AGO2;SURF1;YWHAE;ELL;MNAT1;LRPPRC;MDM4;PRKAG2;BRD1;CCNT1;UBB;CDK7,wald_stat,Reactome_2022
Signaling By ERBB4 R-HSA-1236394,-1.2473936037281859,0.5697379402729658,0.1721132897603486,MXD4;ADAP1;NRAS;PIK3R1;APH1A;UBB,wald_stat,Reactome_2022
PLC Beta Mediated Events R-HSA-112043,-1.2472596599548136,0.565180129850446,0.1740041928721174,GRK2;ADCY7;GNAQ;PRKCA;KPNA2;PRKAR2A;ADCY9;CALM1;PLCB1;PLCB2;ITPR3;PRKX,wald_stat,Reactome_2022
MAP3K8 (TPL2)-dependent MAPK1/3 Activation R-HSA-5684264,-1.24352495961593,0.5720161768408059,0.17346938775510204,MAP3K8;TNIP2;NFKB1;IKBKB;UBB,wald_stat,Reactome_2022
Signaling By Rho GTPases R-HSA-194315,1.2409797090051435,0.9008542022448475,0.015384615384615385,SPTAN1;MAPK14;PPP2R5A;ARHGEF3;XPO1;TAGAP;S100A8;CKAP5;ARHGAP25;ARHGAP30;ADD3;KIF2A;H2BC15;LBR;STK10;NCKAP1L;S100A9;ARHGAP45;SLC4A7;SLK;STK38;ERBIN;PPP2R5D;TMPO;TMOD3;DIAPH1;PLEKHG3;ARHGEF2;RNF20;YWHAZ;PPP1CB;ARHGEF6;CYFIP2;ARMCX3;FNBP1;ACTR3;ARL13B;PPP2R5C;AKAP13;NDEL1;LMAN1;GIT2;CDKN1B;STOM;CDC42EP3;ANKRD26;CLTC;DOCK10;ARHGAP1;CCT6A;ACBD5;MYO6;STIP1;ARHGAP15;BUB3;ARHGAP17;YWHAH;H2AC6;ZWILCH;WASF2;YWHAB;VCP;NCK1;PRPF38B;NUP37;PAFAH1B1;GOLGA3;ARAP3;HMOX2;RBMX;ACTR2;TAOK1;ITSN2;DBT;LIN7B;LCK;PIK3CA;YWHAQ;TAOK3;PPP1CC;HINT2;IQGAP2;CCT2;GFOD1;RTKN;RBM15;CCT7;VAPB;ZW10,wald_stat,Reactome_2022
GPER1 Signaling R-HSA-9634597,-1.2405871740839263,0.576071252362485,0.17573221757322174,GNAS;GNB1;ADCY7;GNGT2;PRKCA;PRKAR2A;ADCY9;GNAI2;SHC1,wald_stat,Reactome_2022
RAS Processing R-HSA-9648002,1.2400944692551061,0.8928157061101044,0.1821705426356589,FNTA;PRKCQ;BCL2L1;PDE6D;ABHD17B;GOLGA7;ABHD17C;LYPLA1,wald_stat,Reactome_2022
Beta-catenin Independent WNT Signaling R-HSA-3858494,-1.2400892447714553,0.5725108455436896,0.12364425162689804,NRAS;TCF7;RYK;GNB1;CLTB;GNGT2;PSMF1;PRKCA;PSMD6;PSMB6;TNRC6A;AGO4;AGO2;PSME4;NFATC1;PRKCB;UBB;PDE6G;CALM1;PLCB1;PSME2;PSMB3;SMURF1;PSMA1;PDE6B;PLCB2;PFN1;AP2A1;PSMD9;PSME1;ITPR3;AP2A2;ARRB2,wald_stat,Reactome_2022
Neurotransmitter Receptors And Postsynaptic Signal Transmission R-HSA-112314,-1.2390019313787817,0.5712502279390106,0.12195121951219512,NRAS;GIT1;GNB1;ARHGEF7;PRKAG1;ADCY7;GNGT2;PRKCA;KPNA2;PRKAR2A;PRKCB;CASK;PRKAG2;ADCY9;CALM1;PLCB1;PLCB2;AP2A1;GNAI2;AP2A2;PRKX,wald_stat,Reactome_2022
Formation Of Early Elongation Complex R-HSA-113418,-1.2380471554400885,0.569190752915539,0.15163934426229508,ERCC3;POLR2C;POLR2D;NCBP1;POLR2G;MNAT1;CDK7;POLR2E;NELFCD;NELFA;POLR2J,wald_stat,Reactome_2022
Processing Of DNA Double-Strand Break Ends R-HSA-5693607,1.236674850820302,0.8971729946061512,0.15714285714285714,H2BC15;PPP4R2;RPA3;RFC5;PPP4C;RFC4;HERC2;MDC1;RAD17;UBC;ATRIP;MRE11;ATM;TIMELESS;RNF8;H2BC9;NSD2;H2BC12;BLM;UBA52;UBE2V2;RAD50;H2BC11;ABRAXAS1;TP53BP1;BARD1;KAT5,wald_stat,Reactome_2022
Negative Regulation Of MAPK Pathway R-HSA-5675221,-1.235629624173408,0.5715331257413544,0.16363636363636364,PTPN7;DUSP12;NRAS;DUSP2;MAP2K2;PPP2CA;PPP2CB,wald_stat,Reactome_2022
tRNA Processing R-HSA-72306,1.2351043823797998,0.8924812820746806,0.10139165009940358,NUP62;NUP50;TRNT1;THADA;RTCB;TYW1;NSUN2;RAN;NUP37;CDKAL1;ALKBH8;EPRS1;TYW5;NUP58;RPP38;POP7;ZBTB8OS;ELAC2;RPP21;TYW3;NUP188;NUP85;TRMT13;TRMT6;NUP42;CTU2;TSEN15;GTPBP3;FTSJ1;OSGEP;NUP107;NUP93;CPSF4;ADAT1;TSEN34;TRMT61B;RPP30,wald_stat,Reactome_2022
mTORC1-mediated Signaling R-HSA-166208,1.2349080215192305,0.8817899292678895,0.2,RRAGA;EIF4B;YWHAB;EEF2K;EIF4G1;SLC38A9;AKT1S1;MTOR;RRAGB,wald_stat,Reactome_2022
Signaling By ALK R-HSA-201556,1.2347255413552736,0.8712650423010355,0.20113851992409867,HDAC1;STAT3;PLCG1;HIF1A;PIK3CA,wald_stat,Reactome_2022
Mitophagy R-HSA-5205647,-1.233825557668482,0.572214585291271,0.18548387096774194,MAP1LC3B;ULK1;CSNK2B;TOMM22;CSNK2A2;PGAM5;UBB;PINK1;TOMM5;TOMM40,wald_stat,Reactome_2022
Gap-filling DNA Repair Synthesis And Ligation In GG-NER R-HSA-5696397,1.2313206151285583,0.8759313837075248,0.1760299625468165,RPA3;RFC5;POLK;RFC4,wald_stat,Reactome_2022
Neutrophil Degranulation R-HSA-6798695,1.2303044561779106,0.8701680574507208,0.0260707635009311,SPTAN1;MAPK14;KPNB1;S100A8;ENPP4;XRCC5;STK10;NCKAP1L;S100A9;ARHGAP45;PTPRC;APEH;NIT2;DIAPH1;SCAMP1;PSMD2;RAB10;XRCC6;MLEC;CD47;EEF1A1;PSMD11;VCL;KCNAB2;HGSNAT;CXCR2;PIKFYVE;CPNE3;VAT1;GHDC;COPB1;UNC13D;STOM;EEF2;PRDX4;PSEN1;SLCO4C1;GSDMD;IMPDH2;LPCAT1;PGM1;SLC2A3;GDI2;CTSA;STING1;VCP;RAP1B;CEP290;HMOX2;ADAM10;ACTR2;CD53;SLC44A2;LYZ;TMBIM1;PTGES2;GYG1;HUWE1;TRAPPC1;CAP1;CTSC;BIN2;CYB5R3;IQGAP2;HSPA8;CCT8;PKM;CCT2;PPBP;GOLGA7;DYNLL1;OSTF1;RAP1A;PSMD13;RAB6A;SERPINB6;TUBB;PYGB;GLB1;CD59;TSPAN14;GAA;SNAP23;PRCP;PRKCSH;PSMA5;CAPN1,wald_stat,Reactome_2022
Developmental Biology R-HSA-1266738,-1.2291544443785727,0.58164007349229,0.02494802494802495,NCK2;LIMK1;PKN1;RBM8A;MAGOH;CDC42;NRAS;GIT1;AKT1;H2AJ;FARP2;IRS2;TCF7;KRT81;MED10;KRT86;MAP2K2;CREBBP;ARHGEF7;CSNK2B;SNW1;H2AX;MEF2D;SOS2;FURIN;TGFB1;RHOC;PLXNA4;CLTB;TRIM33;NCOA1;MYO9B;MED30;POLR2C;YES1;POLR2D;RNPS1;RNMT;PSMF1;CARM1;PRKCA;MED13L;PKN2;EPHA4;NOTCH1;PSMD6;HHEX;NCAM1;H3-3B;NCBP1;ZSWIM8;PSMB6;PRKAR2A;PLXNA3;PIK3R1;SPAG9;ELOB;POLR2G;CSNK2A2;NFKB1;PSME4;APH1A;H2AZ1;TYROBP;USP33;UBB;LYN;SREBF1;MYL6;TRIO;MED4;CD72;ARPC2,wald_stat,Reactome_2022
P75 NTR Receptor-Mediated Signaling R-HSA-193704,-1.2283570425433785,0.5793560035973546,0.13135593220338984,ARHGDIA;PLEKHG2;ARHGEF7;PREX1;SOS2;GNA13;BAD;CASP3;NFKB1;YWHAE;APH1A;IKBKB;UBB;TRIO;IRAK1;VAV3;ARHGEF10;RIPK2,wald_stat,Reactome_2022
Anchoring Of Basal Body To Plasma Membrane R-HSA-5620912,1.2244872592969687,0.8864010415987695,0.1267605633802817,CEP57;TUBA1A;CKAP5;CEP250;RAB11A;SEPTIN2;CNTRL;PAFAH1B1;PCNT;CEP290;HAUS1;CEP78;HAUS4;SCLT1;CDK5RAP2;SFI1;TMEM216;DYNLL1;PCM1;TUBB;CEP162;CEP89;TCTN3;ODF2,wald_stat,Reactome_2022
Presynaptic Phase Of Homologous DNA Pairing And Strand Exchange R-HSA-5693616,1.2230788359290696,0.8818726342571872,0.18962075848303392,RPA3;RFC5;RFC4;RAD17;ATRIP;MRE11;ATM;RAD51C,wald_stat,Reactome_2022
RUNX1 Interacts With Co-Factors Whose Precise Effect On RUNX1 Targets Is Not Known R-HSA-8939243,-1.2229771409421668,0.5911531952002973,0.17864476386036962,CBX4;ARID1B;CSNK2B;PHC2;YAF2;PCGF5;CSNK2A2,wald_stat,Reactome_2022
RHOD GTPase Cycle R-HSA-9013405,1.2222034020627723,0.8748898672811313,0.17159763313609466,ADD3;LBR;SLC4A7;TMPO;DIAPH1;LMAN1;ARHGAP1;ARHGAP17;HINT2;VAPB;WHAMM,wald_stat,Reactome_2022
Hemostasis R-HSA-109582,1.2205114207123091,0.8718590222130358,0.05451127819548872,MAPK14;PPP2R5A;PRKACB;PRKAR1A;HDAC1;ITGA4;RASGRP1;KIF2A;PAFAH2;S100A9;PRKCQ;FAM3C;STIM1;PIK3CG;PPP2R5D;TMX3;IRF2;CAPZA1;EHD1;YWHAZ;GLG1;ENDOD1;CD47;PLEK;SOD1;CRK;RASGRP2;ANXA5;ATP2B4;VCL;PPP2R5C;PIKFYVE;ATP2A3;KIF3B;PLCG1;DOCK10;APBB1IP;KIF21A;SELPLG;PTPN1;GNG10;AK3;STXBP3;RAP1B;MFN1;TAGLN2;CD48;F2R;LCK;PIK3CA;CAP1;PICK1;SLC16A3;PPBP;AKAP10;ITGA6;INPP5D;KIF9;RAP1A;LCP2;PRKCH;CDC37L1;PPIL2;SERPINB6;VTI1B;CD2;SPNS1,wald_stat,Reactome_2022
Sialic Acid Metabolism R-HSA-4085001,1.2193888183417212,0.8663626109558138,0.19624217118997914,ST8SIA4;ST6GAL1;CTSA;CMAS;ST3GAL1,wald_stat,Reactome_2022
HSF1 Activation R-HSA-3371511,1.2166823109721856,0.8682728386039524,0.22088353413654618,HSPH1;EEF1A1;PTGES3;RPA3;VCP;FKBP4;HDAC6;MRPL18,wald_stat,Reactome_2022
Chaperonin-mediated Protein Folding R-HSA-390466,1.215731958568057,0.8625918489295243,0.16829745596868884,USP11;TUBA1A;STAT3;TCP1;LONP2;CCT3;CCT6A;GNG10;PFDN6;DCAF7;WRAP53;CCT4;CCT8;CCT2;FBXO4;CCT7;TUBB;TUBA1C,wald_stat,Reactome_2022
EGFR Downregulation R-HSA-182971,-1.214406615005816,0.6138997095502713,0.20212765957446807,CDC42;ARHGEF7;SPRY2;STAM,wald_stat,Reactome_2022
Cellular Response To Heat Stress R-HSA-3371556,1.214404451497399,0.8585400295459045,0.11500974658869395,HSPA4;NUP62;ST13;NUP50;HSPH1;HIKESHI;EEF1A1;PTGES3;RPA3;VCP;NUP37;FKBP4;NUP58;HSPA8;HDAC6;CCAR2;AKT1S1;NUP188;MRPL18;NUP85;MTOR;ATM,wald_stat,Reactome_2022
"mRNA Activation Upon Binding Of Cap-Binding Complex And eIFs, Subsequent Binding To 43S R-HSA-72662",1.2138091597784444,0.8419736283380018,0.19603960396039605,EIF3A;EIF4B;EIF2S1;EIF3L;EIF3E;EIF4A2;EIF4G1;PABPC1;EIF3K;EIF3H;EIF2S2,wald_stat,Reactome_2022
Translation Initiation Complex Formation R-HSA-72649,1.2138091597784444,0.8419736283380018,0.19603960396039605,EIF3A;EIF4B;EIF2S1;EIF3L;EIF3E;EIF4A2;EIF4G1;PABPC1;EIF3K;EIF3H;EIF2S2,wald_stat,Reactome_2022
Signaling By Retinoic Acid R-HSA-5362517,1.2126000518028242,0.8381590744820614,0.19411764705882353,RDH11;RDH14;CPT1A;PDK2;RXRB;AKR1C3;PDK3;RARA,wald_stat,Reactome_2022
RAC1 GTPase Cycle R-HSA-9013149,-1.2123447754377368,0.6156204850542143,0.1092436974789916,ARHGAP4;PKN1;ARHGDIA;CDC42;GIT1;FARP2;PLEKHG2;ARHGAP21;ARHGEF7;LAMTOR1;PREX1;SOS2;NISCH;GNA13;MYO9B;PKN2;ARHGAP5;ARHGAP26;PIK3R1;WIPF2;ARHGAP9,wald_stat,Reactome_2022
Rev-mediated Nuclear Export Of HIV RNA R-HSA-165054,1.2116596696999602,0.8333303010850626,0.16764132553606237,XPO1;NUP62;NUP50;RAN;NUP37;NUP58;RANBP1;NUP188;NUP85,wald_stat,Reactome_2022
Diseases Associated With TLR Signaling Cascade R-HSA-5602358,1.211431476246212,0.8253584835292271,0.23018867924528302,S100A8;S100A9;IRAK4,wald_stat,Reactome_2022
Protein Methylation R-HSA-8876725,1.2108644439854765,0.8187655708201518,0.2161654135338346,EEF1A1;EEF2;VCPKMT;VCP;HSPA8;CAMKMT;METTL22;EEF1AKMT2;EEF2KMT,wald_stat,Reactome_2022
Regulation Of TNFR1 Signaling R-HSA-5357905,-1.2074402845620145,0.626047434024598,0.1991869918699187,OTULIN;BIRC2;USP4;IKBKB;UBB;MADD;USP25;TRAF1;BIRC3,wald_stat,Reactome_2022
Heme Signaling R-HSA-9707616,-1.2065243565043084,0.6241580338850736,0.1875,CREBBP;MEF2D;NCOA1;CARM1;CRTC2;BMAL1;TBL1X;MAFK;NFE2L2,wald_stat,Reactome_2022
EML4 And NUDC In Mitotic Spindle Formation R-HSA-9648025,1.206201151650597,0.8291490110594807,0.16569200779727095,PPP2R5A;XPO1;CKAP5;KIF2A;NEK9;PPP2R5D;PPP2R5C;NEK7;NDEL1;BUB3;ZWILCH;NUP37;PAFAH1B1;TAOK1;PPP1CC;ZW10;DYNLL1;NUP85,wald_stat,Reactome_2022
Translocation Of SLC2A4 (GLUT4) To Plasma Membrane R-HSA-1445148,1.2058302555097782,0.8220138856965251,0.19008264462809918,LNPEP;YWHAZ;RAB10;RAB11A;KIF3B;RALA;YWHAH;YWHAB;STXBP3;VAMP2;YWHAQ;EXOC1;SNAP23;EXOC2;REXO2;STX4;TBC1D1;ASPSCR1;MYH9,wald_stat,Reactome_2022
RNA Polymerase I Transcription R-HSA-73864,1.2035928861413627,0.8143265491367632,0.141747572815534,HDAC1;UBTF;H2BC15;RBBP4;TBP;GTF2H1;GTF2H3;H2AC6;CBX3;POLR1H;KAT2A;EHMT2;MTA2;CCNH;GTF2H5;POLR1D;TAF1B;H2AC4;POLR1E,wald_stat,Reactome_2022
RNA Polymerase I Promoter Clearance R-HSA-73854,1.2035928861413627,0.8143265491367632,0.141747572815534,HDAC1;UBTF;H2BC15;RBBP4;TBP;GTF2H1;GTF2H3;H2AC6;CBX3;POLR1H;KAT2A;EHMT2;MTA2;CCNH;GTF2H5;POLR1D;TAF1B;H2AC4;POLR1E,wald_stat,Reactome_2022
Amino Acids Regulate mTORC1 R-HSA-9639288,-1.201199258435323,0.63624572176011,0.16414686825053995,TCIRG1;ATP6V1H;LAMTOR1;LAMTOR4;FNIP1;ATP6V0C;SEH1L;SEC13;MLST8;ATP6V1G1;LAMTOR5;ITFG2;CASTOR2,wald_stat,Reactome_2022
Regulation Of TP53 Activity Thru Acetylation R-HSA-6804758,-1.2003542855828273,0.6337683121878784,0.192,GATAD2A;BRD7;AKT1;PIP4K2A;ING3,wald_stat,Reactome_2022
Signaling To ERKs R-HSA-187687,1.1999718271975912,0.8221562751995949,0.23703703703703705,MAPK14;RALGDS;MAP2K1;BCL11B;CRK;RALA;YWHAB,wald_stat,Reactome_2022
DNA Repair R-HSA-73894,1.1976934767935727,0.823166285915116,0.08754863813229571,XRCC5;TDP2;H2BC15;SMARCA5;PRKDC;COPS5;BAZ1B;RNF111;XRCC6;INO80D;PPP4R2;RPA3;COPS7A;RFC5;RAD23B;POLK;GTF2H1;PPP4C;DDB2;RFC4;REV3L;UBE2B;HERC2;TDP1;ZNF830;GTF2H3;MDC1;H2AC6;FAAP20;USP32;PARP1;VCP;PMS2;INO80B;RUVBL1;DCLRE1A;KDM4B;RAD52;REV1;ERCC8;PARG;RAD17;MSH3;POLR2I;UBC;CCNH;ATRIP;RBX1;ASCC1;MRE11;GTF2H5;GEN1;FAN1;FANCF;H2AC4;ATM;YY1;UBA7;TIMELESS;LRIG1;RNF8;POLM;RAD51C;LRIF1;RAD18;MAPK8;POLL;TP53;H2BC9;COPS6;POLI;NSD2;H2BC12;UVSSA;CUL4A;TERF2IP;ACTL6A;FANCI;BLM,wald_stat,Reactome_2022
Translesion Synthesis By Y Family DNA Polymerases Bypasses Lesions On DNA Template R-HSA-110313,1.1968433423722398,0.8183415244625794,0.18382352941176472,RPA3;RFC5;POLK;RFC4;REV3L;USP32;VCP;REV1;UBC,wald_stat,Reactome_2022
RAF/MAP Kinase Cascade R-HSA-5673001,1.1962645609673552,0.8126041208326337,0.11683168316831684,SPTAN1;PPP2R5A;FNTA;RASGRP1;RALGDS;ARAF;PRKCQ;PPP2R5D;MAP2K1;PSMD2;PPP1CB;PSMD11;VCL;DUSP16;PPP2R5C;IL5RA;PSMB2;ERBB2;APBB1IP;BCL2L1;YWHAB;RAP1B;PSMD10;RASA3;PEA15;PIK3CA;PSMD4;PPP1CC;PDE6D;UBC;ABHD17B;GOLGA7;RBX1;DLG1;RAP1A;ABHD17C;PSMD13;LYPLA1;SPNS1;PTPRA;PIK3R2;PSMA5;RGL2;CSK,wald_stat,Reactome_2022
Signaling By TGF-beta Receptor Complex R-HSA-170834,1.1960773715475161,0.8053371552638837,0.14901960784313725,TGFBR2;UCHL5;XPO1;HDAC1;RNF111;PPP1CB;MTMR4;LTBP4;E2F4;PARP1;PPP1CC;UBC;YBX1;PPP1R15A;PPM1A;TFDP1;SMAD3;SRFBP1,wald_stat,Reactome_2022
tRNA Processing In Nucleus R-HSA-6784531,1.1951179674533068,0.8012510272398766,0.17267552182163187,NUP62;NUP50;TRNT1;RTCB;RAN;NUP37;NUP58;RPP38;POP7;ZBTB8OS;ELAC2;RPP21;NUP188;NUP85;NUP42;TSEN15;NUP107;NUP93;CPSF4;TSEN34;RPP30,wald_stat,Reactome_2022
Protein Folding R-HSA-391251,1.1930602930604428,0.801855313337017,0.16535433070866143,USP11;TUBA1A;STAT3;TCP1;LONP2;CCT3;CCT6A;GNG10;PFDN6;DCAF7;TBCA;WRAP53;CCT4;CCT8;CCT2;FBXO4;CCT7;TUBB;TUBA1C,wald_stat,Reactome_2022
Diseases Of DNA Repair R-HSA-9675135,1.1917715009857808,0.7993574976301906,0.19923371647509577,RPA3;RFC5;RFC4;PMS2;RAD17;MSH3;ATRIP;MRE11;ATM;RAD51C,wald_stat,Reactome_2022
Impaired BRCA2 Binding To RAD51 R-HSA-9709570,1.1912307777301747,0.7939261757925136,0.224,RPA3;RFC5;RFC4;RAD17;ATRIP;MRE11;ATM,wald_stat,Reactome_2022
Signaling By TGFB Family Members R-HSA-9006936,1.188641084818542,0.7965831057365358,0.14171656686626746,TGFBR2;UCHL5;XPO1;HDAC1;RNF111;PPP1CB;MTMR4;LTBP4;BMPR1A;E2F4;PARP1;PPP1CC;UBC;YBX1;PPP1R15A;PPM1A;TFDP1;SMAD3;SRFBP1,wald_stat,Reactome_2022
RHO GTPase Cycle R-HSA-9012999,1.1884695791770048,0.7898505800903173,0.08608058608058608,SPTAN1;ARHGEF3;TAGAP;ARHGAP25;ARHGAP30;ADD3;LBR;STK10;NCKAP1L;ARHGAP45;SLC4A7;SLK;STK38;ERBIN;TMPO;TMOD3;DIAPH1;PLEKHG3;ARHGEF2;RNF20;ARHGEF6;CYFIP2;ARMCX3;FNBP1;ARL13B;AKAP13;LMAN1;GIT2;STOM;CDC42EP3;ANKRD26;CLTC;DOCK10;ARHGAP1;CCT6A;ACBD5;MYO6;STIP1;ARHGAP15;ARHGAP17;WASF2;VCP;NCK1;PRPF38B;GOLGA3;ARAP3;HMOX2;RBMX;ITSN2;DBT;LCK;PIK3CA;TAOK3;HINT2;IQGAP2;CCT2;GFOD1;RTKN;RBM15;CCT7;VAPB;WHAMM;MTR;RHOH,wald_stat,Reactome_2022
Activated PKN1 Stimulates Transcription Of Androgen Receptor Regulated KLK2 And KLK3 R-HSA-5625886,-1.1882755775318663,0.6681661187138738,0.23274161735700197,PKN1;H2AJ;H2AX;H3-3B;H2AZ1,wald_stat,Reactome_2022
ZBP1(DAI) Mediated Induction Of Type I IFNs R-HSA-1606322,-1.1882610258263233,0.6630816754596071,0.23421588594704684,ZBP1;NFKBIB;NFKB1;IKBKB;RIPK3,wald_stat,Reactome_2022
RAC2 GTPase Cycle R-HSA-9013404,-1.186577671174943,0.6636372562646566,0.19879518072289157,PKN1;ARHGDIA;CDC42;GIT1;ARHGAP21;MTX1;LAMTOR1;PREX1;PKN2;ARHGAP26;PIK3R1;PGRMC2;TRIO;VAV3;OPHN1;VANGL1;DOCK2;VRK2,wald_stat,Reactome_2022
Global Genome Nucleotide Excision Repair (GG-NER) R-HSA-5696399,1.1860875699727185,0.7925136112516731,0.17300380228136883,COPS5;RNF111;INO80D;RPA3;COPS7A;RFC5;RAD23B;POLK;GTF2H1;DDB2;RFC4;GTF2H3;PARP1;INO80B;RUVBL1;UBC;CCNH;RBX1;GTF2H5,wald_stat,Reactome_2022
FOXO-mediated Transcription Of Cell Death Genes R-HSA-9614657,-1.1807441475553908,0.6782721416184413,0.21108742004264391,BCL6;CREBBP;BBC3;PINK1;NFYA;DDIT3;FOXO4;FOXO3;EP300,wald_stat,Reactome_2022
Biological Oxidations R-HSA-211859,1.1802745444264886,0.8086156774302885,0.16730038022813687,MIA3;CNDP2;UGP2;ACSS1;MAT2B;SLC26A2;GCLM;PTGES3;CYB5B;CYB5R3;ABHD14B;AKR1A1;FDXR;MTR;ADH5,wald_stat,Reactome_2022
Rab Regulation Of Trafficking R-HSA-9007101,-1.1797821603673169,0.6763821897093205,0.16257088846880907,RAB1A;RAB5C;TRAPPC10;MAP1LC3B;AKT1;ULK1;TRAPPC2L;TRAPPC6A;RAB14;RIN3;TBC1D20;YWHAE;TRAPPC5;DENND2B;HPS1;OPTN;ARF6;MADD;TBC1D10A,wald_stat,Reactome_2022
CD28 Dependent PI3K/Akt Signaling R-HSA-389357,-1.1787236511368866,0.6750891105157423,0.23354564755838642,MAP3K8;AKT1;PIK3R1;MAPKAP1;MLST8,wald_stat,Reactome_2022
Signaling By FGFR1 In Disease R-HSA-5655302,1.1776859662341195,0.8115074884032893,0.24564796905222436,STAT3;FGFR1OP2;PLCG1;STAT5A;CNTRL;PIK3CA;TRIM24,wald_stat,Reactome_2022
Cytosolic tRNA Aminoacylation R-HSA-379716,1.1765814373102403,0.8086037818248185,0.2638888888888889,DARS1;QARS1;SARS1;EPRS1;CARS1;FARSA;AARS1,wald_stat,Reactome_2022
MAPK1/MAPK3 Signaling R-HSA-5684996,1.1749185740518187,0.8081684868812915,0.134765625,SPTAN1;PPP2R5A;FNTA;RASGRP1;RALGDS;ARAF;PRKCQ;PPP2R5D;MAP2K1;PSMD2;PPP1CB;PSMD11;VCL;DUSP16;PPP2R5C;IL5RA;PSMB2;ERBB2;APBB1IP;BCL2L1;YWHAB;RAP1B;PSMD10;RASA3;PEA15;PIK3CA;PSMD4;PPP1CC;PDE6D;UBC;ABHD17B;GOLGA7;RBX1;DLG1;RAP1A;ABHD17C;PSMD13;LYPLA1;SPNS1;PTPRA;PIK3R2;PSMA5;RGL2;CSK;PTPN11,wald_stat,Reactome_2022
CaM Pathway R-HSA-111997,-1.173615620857261,0.6883113494236959,0.25206611570247933,GRK2;ADCY7;PRKCA;KPNA2;PRKAR2A;ADCY9;CALM1,wald_stat,Reactome_2022
Epigenetic Regulation Of Gene Expression R-HSA-212165,1.173051275800654,0.8086006514023264,0.173828125,HDAC1;UBTF;H2BC15;SMARCA5;RBBP4;BAZ1B;TBP;SUZ12;GTF2H1;DEK;GTF2H3;H2AC6;CBX3;AEBP2;PHF19;POLR1H;KAT2A;EHMT2;MTA2;CCNH;GTF2H5;POLR1D;TAF1B;H2AC4,wald_stat,Reactome_2022
E2F Mediated Regulation Of DNA Replication R-HSA-113510,-1.1724277837432482,0.6870806165375243,0.25609756097560976,PPP2CA;PPP2CB;ORC4,wald_stat,Reactome_2022
trans-Golgi Network Vesicle Budding R-HSA-199992,-1.171383493322128,0.6854789280676322,0.19230769230769232,RAB5C;FTL;FTH1;IGF2R;CLTB;NECAP1;AP1S1;GAK;AP4B1;TGOLN2;CHMP2A;ARRB1;SNX9,wald_stat,Reactome_2022
Asparagine N-linked Glycosylation R-HSA-446203,-1.1707240256388662,0.6827347312650784,0.09494949494949495,RAB1A;TFG;NAPG;TRAPPC10;SEC24C;ST6GALNAC6;STX5;MAGT1;MARCHF6;DCTN4;PPP6R1;DYNLL2;TRAPPC2L;TRAPPC6A;RPN2;CALR;SEC24B;CSNK1D;B4GALT4;MGAT4B;COG3;UAP1;DERL1;DYNC1LI1;DYNC1LI2;DCTN3;TBC1D20;SEC24A;TMED2;TRAPPC5;DDOST;MAN2A2;CAPZA2;UBB;MVD;SEL1L;SEC13;NUDT14;DPM1;ALG12;MGAT4A,wald_stat,Reactome_2022
Aquaporin-mediated Transport R-HSA-445717,-1.1696371109868784,0.6764528481856054,0.25416666666666665,GNAS;GNB1;ADCY7;GNGT2;PRKCA;PRKAR2A,wald_stat,Reactome_2022
Vasopressin Regulates Renal Water Homeostasis Via Aquaporins R-HSA-432040,-1.1696371109868784,0.6764528481856054,0.25416666666666665,GNAS;GNB1;ADCY7;GNGT2;PRKCA;PRKAR2A,wald_stat,Reactome_2022
Effects Of PIP2 Hydrolysis R-HSA-114508,1.169002765322791,0.8178549424788315,0.2480916030534351,RASGRP1;PRKCQ;RASGRP2,wald_stat,Reactome_2022
B-WICH Complex Positively Regulates rRNA Expression R-HSA-5250924,1.1674410127785255,0.817367561509889,0.20669291338582677,H2BC15;SMARCA5;BAZ1B;TBP;DEK;H2AC6;POLR1H;KAT2A;POLR1D;TAF1B;H2AC4;POLR1E;H2BC9;H2BC12,wald_stat,Reactome_2022
Diseases Associated With N-glycosylation Of Proteins R-HSA-3781860,1.1673840829888422,0.8106661951321639,0.25757575757575757,ALG13;CTSA;ALG6;DPAGT1;ALG3;GLB1;ALG1,wald_stat,Reactome_2022
SARS-CoV Infections R-HSA-9679506,1.1673526845300075,0.8039413093418646,0.1320754716981132,G3BP1;FNTA;HDAC1;ITGA4;TRIM4;NUP62;NUP50;RBBP4;DDX5;VPS33A;YWHAZ;ATP1A3;SEC23A;ISCU;ST6GAL1;PTGES3;PARP4;TOMM70;SRPK1;AKT3;PARP10;IMPDH2;CNBP;RIPK1;YWHAH;IFNAR1;YWHAB;STING1;VCP;NCK1;SIKE1;NUP37;ST3GAL1;G3BP2;S1PR1;ARID4A;RPN1;IFNAR2;KEAP1;FKBP4;YWHAQ;CSNK1A1;NUP58;MTA2;IRF3;UBC;FUT8;UVRAG;VPS16;GOLGA7;RBX1;REST;PATJ;RIGI;SNRPE;RB1;PIK3R4;NUP188;NUP85;TUBB,wald_stat,Reactome_2022
Citric Acid (TCA) Cycle And Respiratory Electron Transport R-HSA-1428517,-1.1654851561624273,0.6852468982019935,0.15592515592515593,ATP5MC1;NDUFB7;CS;NDUFA1;NDUFC2;UQCR11;UQCRFS1;COQ10B;NDUFA13;COX7B;SDHB;COX19;NDUFB6;NDUFB1;NDUFA12;NDUFB8;COX5B;COX6A1;ATP5ME;SURF1;LRPPRC;UQCRQ;NDUFA10;LDHA;NDUFB11;NDUFS6;COX8A;COA1;NDUFA9;DLST;DMAC2L;NDUFS3;SDHA;IDH2;COX16;UQCRC1;NDUFB9;NDUFA5;NDUFS8;SLC16A1;IDH3G;VDAC1;COX5A;PDP2;NDUFV1;SLC25A14,wald_stat,Reactome_2022
Activation Of ATR In Response To Replication Stress R-HSA-176187,1.164601784769249,0.8080774762550733,0.24509803921568626,RPA3;MCM3;RFC5;RFC4;RAD17;ATRIP,wald_stat,Reactome_2022
RIPK1-mediated Regulated Necrosis R-HSA-5213460,-1.163775982300568,0.686391920909602,0.24583333333333332,FASN;FLOT1;BIRC2;MLKL;UBB;RIPK3;BIRC3;CDC37,wald_stat,Reactome_2022
Diseases Of Signal Transduction By Growth Factor Receptors And Second Messengers R-HSA-5663202,1.1603030916233652,0.8179339017151399,0.11320754716981132,TGFBR2;PPP2R5A;MAML1;PRKAR1A;HDAC1;STAT3;TRIP11;ARAF;ERBIN;PPP2R5D;GCC2;MAP2K1;PSMD2;PPP1CB;PSMD11;VCL;DUSP16;PPP2R5C;CDKN1B;HDAC8;PSMB2;STRN;ERBB2;FGFR1OP2;PLCG1;CLTC;FAM114A2;APBB1IP;MECP2;STAT5A;AKT3;PSEN1;HDAC5;BCL2L1;CNTRL;PORCN;YWHAB;VCP;PPM1B;RAP1B;SYVN1;ADAM10;SND1;PSMD10;NPM1;LCK;PIK3CA;PTEN;BIN2;CSNK1A1;KAT2A;CARS1;PSMD4;POLR2I;PPP1CC;TRIM24;HDAC6;UBC;RBX1;CREB1;AGGF1;RAP1A;ZC3HAV1;AKT1S1;PSMD13;GOLGB1;TPM4;MTOR;ERLEC1;CTNNB1;SMAD3;PIK3AP1,wald_stat,Reactome_2022
Termination Of Translesion DNA Synthesis R-HSA-5656169,1.1597541060658754,0.8133841439403545,0.23345588235294118,RPA3;RFC5;POLK;RFC4;USP32;REV1;UBC,wald_stat,Reactome_2022
Signaling By VEGF R-HSA-194138,-1.1578295993514522,0.7017160885198225,0.19775280898876405,NCK2;PKN1;MAPKAPK2;CDC42;NRAS;AKT1;VEGFB;ARHGEF7;PRKCA;PKN2;PIK3R1;PRKCB;MAPKAP1;MLST8;VAV3;CALM1,wald_stat,Reactome_2022
Cellular Senescence R-HSA-2559583,1.1578083595600182,0.8147670705277706,0.1825242718446602,MAPK14;ETS1;MAP2K4;STAT3;H2BC15;H1-2;RBBP4;TNIK;JUN;H1-4;H1-3;SUZ12;ANAPC10;CDKN1B;EHMT1;ASF1A;PHC3;CDKN2A;H2AC6;CDC26;EP400,wald_stat,Reactome_2022
O-linked Glycosylation R-HSA-5173105,-1.1564452921794566,0.7014620503918132,0.2434077079107505,B3GNT7;GALNT10;GALNT3;B3GNT2;POMT1;ADAMTS10,wald_stat,Reactome_2022
GABA Receptor Activation R-HSA-977443,-1.1546508573499936,0.7027679145650962,0.26411290322580644,GNB1;ADCY7;GNGT2;ADCY9;GNAI2,wald_stat,Reactome_2022
Late Phase Of HIV Life Cycle R-HSA-162599,-1.1542505830258354,0.6990678332182069,0.15254237288135594,ELOA;VPS37B;TAF11;TAF10;CHMP4B;FURIN;ERCC3;NUP54;POLR2C;CHMP2B;POLR2D;RNMT;TAF15;NCBP1;NUP133;SEH1L;ELOB;POLR2G;TAF4;ELL;MNAT1;CCNT1;UBAP1;UBB;CDK7;SEC13;POLR2E;CHMP2A;CCNT2;NELFCD;VPS4A;NELFA;POM121,wald_stat,Reactome_2022
Interleukin-4 And Interleukin-13 Signaling R-HSA-6785807,-1.153424627602418,0.6970953082664239,0.2398286937901499,BCL6;VIM;AKT1;TGFB1;GATA3;TIMP1;IL4R;PIK3R1;SOCS1;ITGAM,wald_stat,Reactome_2022
Opioid Signaling R-HSA-111885,-1.1532085248261117,0.6930593289117793,0.2288135593220339,GRK2;PDE4D;GNB1;PPP2CA;PPP2CB;ADCY7;GNGT2;GNAQ;PRKCA;KPNA2;PRKAR2A;ADCY9;CALM1;PLCB1;PLCB2;PDE4A;GNAI2;PDE4B;ITPR3;PRKX,wald_stat,Reactome_2022
Intraflagellar Transport R-HSA-5620924,1.1526572748922,0.8288006823803653,0.2545090180360721,TRIP11;KIF3B;IFT57;DYNC2I1;DYNLL1;IFT27;DYNC2H1;IFT88,wald_stat,Reactome_2022
RHOB GTPase Cycle R-HSA-9013026,1.1519135289834062,0.8250024495590583,0.23649906890130354,ARHGEF3;STK10;SLK;ERBIN;DIAPH1;ARHGEF2;AKAP13;STOM;ARHGAP1;PRPF38B,wald_stat,Reactome_2022
Mitotic Prophase R-HSA-68875,-1.1513118416712722,0.6947931716485952,0.2069672131147541,RAB1A;H2AJ;GORASP2;H2AX;PPP2CA;NUP54;PPP2CB;KMT5A;PRKCA;H3-3B;NUP133;SEH1L;MCPH1;PRKCB;RAB2A;H2AZ1;LPIN1;SEC13;PPP2R2D,wald_stat,Reactome_2022
Signaling By NTRKs R-HSA-166520,-1.151143150214526,0.6907562243025763,0.20250521920668058,MAPKAPK2;NRAS;IRS2;EGR1;MAP2K2;RAPGEF1;MEF2D;PPP2CA;FURIN;JUND;PPP2CB;ID2,wald_stat,Reactome_2022
Transcriptional Regulation By E2F6 R-HSA-8953750,1.1508167473597042,0.8223841270255119,0.2757936507936508,RBBP4;MAX;SUZ12;EHMT1;PHC3;CBX3;EHMT2;TFDP1,wald_stat,Reactome_2022
Ca-dependent Events R-HSA-111996,-1.1501425414260436,0.6898108124669164,0.2765072765072765,GRK2;ADCY7;PRKCA;KPNA2;PRKAR2A;ADCY9;CALM1,wald_stat,Reactome_2022
Homologous DNA Pairing And Strand Exchange R-HSA-5693579,1.1483947354795307,0.8255927834464903,0.27058823529411763,RPA3;RFC5;RFC4;RAD17;ATRIP;MRE11;ATM;RAD51C,wald_stat,Reactome_2022
Nuclear Pore Complex (NPC) Disassembly R-HSA-3301854,1.1475512161824248,0.8225089952897969,0.2607879924953096,NUP62;NUP50;NEK9;NEK7;NUP37;NUP58;NUP188;NUP85,wald_stat,Reactome_2022
G Beta:Gamma Signaling Thru PI3Kgamma R-HSA-392451,-1.1465393202614342,0.697300844563885,0.2736625514403292,AKT1;GNB1;GNGT2,wald_stat,Reactome_2022
RORA Activates Gene Expression R-HSA-1368082,-1.145604220035957,0.695826525524524,0.2860310421286031,CREBBP;NCOA1;CARM1;SREBF1;TBL1X,wald_stat,Reactome_2022
Signaling By NOTCH2 R-HSA-1980145,1.1455468177555548,0.8236963312649103,0.2821969696969697,MAML1;GZMB;PSEN1;ADAM10;UBC;CREB1,wald_stat,Reactome_2022
Synthesis Of PIPs At Early Endosome Membrane R-HSA-1660516,1.1438988543456339,0.8233898349960653,0.2810077519379845,MTMR4;PIKFYVE;PI4K2B,wald_stat,Reactome_2022
Defective Homologous Recombination Repair (HRR) Due To BRCA2 Loss Of Function R-HSA-9701190,1.1429853263082876,0.8207894570589953,0.26810176125244617,RPA3;RFC5;RFC4;RAD17;ATRIP;MRE11;ATM;RAD51C,wald_stat,Reactome_2022
Apoptotic Cleavage Of Cellular Proteins R-HSA-111465,1.1412163836650706,0.8213888335206345,0.27165354330708663,SPTAN1;FNTA;PRKCQ;ADD1,wald_stat,Reactome_2022
Ub-specific Processing Proteases R-HSA-5689880,1.140986409633517,0.8160457447014435,0.16322701688555347,USP11;USP28;H2BC15;RNF146;USP22;USP34;MAT2B;PSMD2;ADRB2;PSMD11;TOMM70;PSMB2;DDB2;USP14;RHOT1;HIF1A;SNX3;TRRAP;RIPK1;H2AC6;USP32;USP19;RUVBL1;H2AC11;PSMD10;KEAP1;PTEN;KAT2A;PSMD4;UBC;USP37,wald_stat,Reactome_2022
Transcriptional Regulation By RUNX1 R-HSA-8878171,-1.1390682041797087,0.7135181068415187,0.18762886597938144,LGALS3;CBX4;ARID1B;H2AJ;CREBBP;ZFPM1;CSNK2B;H2AX;GATA3;KMT2B;PHC2;YAF2;PSMF1;PSMD6;H3-3B;PSMB6;TNRC6A;AGO4;AXIN1;PCGF5;CSNK2A2;AGO2;PSME4;PRKCB;MNAT1;H2AZ1;UBB;CDK7;KMT2E;ELF2;PSME2;PSMB3;PSMA1,wald_stat,Reactome_2022
SARS-CoV-2-host Interactions R-HSA-9705683,1.137325735876772,0.8245067752879572,0.20185185185185187,G3BP1;TRIM4;NUP62;NUP50;VPS33A;YWHAZ;SEC23A;TOMM70;AKT3;CNBP;YWHAH;IFNAR1;YWHAB;STING1;SIKE1;NUP37;G3BP2;IFNAR2;YWHAQ;NUP58;IRF3;UVRAG;VPS16;PATJ;RIGI;SNRPE;PIK3R4;NUP188;NUP85;PALS1,wald_stat,Reactome_2022
Chemokine Receptors Bind Chemokines R-HSA-380108,-1.1364683652111351,0.7172323510465772,0.2865853658536585,XCL1;XCL2;CCL5;CCL4,wald_stat,Reactome_2022
G Alpha (I) Signaling Events R-HSA-418594,-1.134686086791641,0.7185942035187797,0.25732217573221755,GRK2;PDE4D;GNAS;GNB1;PPP2CA;GPR183;HEBP1;PPP2CB;ADCY7;GNGT2;GNAQ;PRKCA;KPNA2;CCL5;PRKAR2A;CCL4;RGS16;ADCY9;CALM1;PLCB1;C3AR1;PLCB2;PDE4A;CXCR3;GNAI2;PDE4B;ITPR3;PRKX,wald_stat,Reactome_2022
Post-translational Protein Phosphorylation R-HSA-8957275,-1.1345670733922637,0.714518884891288,0.2736220472440945,LGALS1;TIMP1;IGFBP4;QSOX1;CALU;LMNB2;MGAT4A;P4HB;TGOLN2;DNAJC3;SHISA5;ANO8;PDIA6;FUCA2;MFGE8,wald_stat,Reactome_2022
Diseases Of Programmed Cell Death R-HSA-9645723,1.1324854764476808,0.8384093753812383,0.25571725571725573,H2BC15;RBBP4;JUN;SUZ12;RIPK1;CDKN2A;H2AC6;CDC25B;PRDX2;H2AC4;CAPN1;TP53;FADD;H2BC9;H2BC12;BCL2L11;DNMT1;H2AZ2;POLA2;CDK5;H2BC11;RBBP7;PRDX1;H3C13,wald_stat,Reactome_2022
Signaling By WNT R-HSA-195721,-1.1304910895168099,0.7242902660713213,0.17307692307692307,CSNK1G2;CTBP1;RUNX3;NRAS;AKT1;H2AJ;TCF7;RYK;GNB1;CREBBP;CSNK2B;H2AX;PPP2CA;CLTB;PPP2CB;CUL3;GNGT2;PSMF1;PRKCA;PSMD6;H3-3B;PSMB6;TNRC6A;AGO4;AXIN1;CSNK2A2;AGO2;TLE4;PSME4;NFATC1;PRKCB;FRAT2;H2AZ1;TLE5;UBB;PDE6G;CALM1;PLCB1;PSME2;PSMB3;CSNK1E;SMURF1;PSMA1;PDE6B;PLCB2;SOX4;PFN1;ZRANB1;AP2A1;PSMD9;VPS26A,wald_stat,Reactome_2022
L13a-mediated Translational Silencing Of Ceruloplasmin Expression R-HSA-156827,1.1304853350274437,0.8402491764209424,0.2871287128712871,EIF3A;EIF4B;EIF2S1;EIF3L;EIF3E;EIF4A2;EIF4G1;PABPC1,wald_stat,Reactome_2022
Generation Of Second Messenger Molecules R-HSA-202433,-1.129212421274915,0.7240504586834242,0.2958057395143488,PKN1;HLA-DRB5;ARHGEF7;CD3D;PKN2,wald_stat,Reactome_2022
Regulation Of Expression Of SLITs And ROBOs R-HSA-9010553,-1.1290207025448433,0.7203112324772295,0.22245322245322247,RBM8A;MAGOH;RNPS1;PSMF1;PSMD6;NCBP1;ZSWIM8;PSMB6;ELOB;PSME4;USP33;UBB;RSL24D1;PSME2;PSMB3;PSMA1;ROBO3;ETF1;PSMD9;PSME1,wald_stat,Reactome_2022
RHO GTPases Activate WASPs And WAVEs R-HSA-5663213,1.1287532869833559,0.8408443713560723,0.2896281800391389,NCKAP1L;CYFIP2;ACTR3;WASF2;NCK1;ACTR2,wald_stat,Reactome_2022
Signaling By Nuclear Receptors R-HSA-9006931,-1.128508580423908,0.7175468099708187,0.18562874251497005,NRAS;AKT1;H2AJ;GNB1;CREBBP;H2AX;GATA3;JUND;FASN;NCOA1;POLR2C;POLR2D;MYLIP;GNGT2;CTSD;CARM1;KPNA2;H3-3B;PMEPA1;TNRC6A;DHRS3;AGO4;AXIN1;PIK3R1;POLR2G;AGO2;H2AZ1;ARL4C;CCNT1;SMC3;SREBF1;RDH10;CHD1;TBL1X;CALM1;POLR2E,wald_stat,Reactome_2022
Inhibition Of DNA Recombination At Telomere R-HSA-9670095,-1.1280953228903545,0.7144161495531192,0.2665330661322645,H2AJ;TERF1;H2AX;POLR2C;POLR2D;H3-3B;POLR2G;H2AZ1,wald_stat,Reactome_2022
Mitochondrial Biogenesis R-HSA-1592230,-1.1280072066868918,0.7102523973367829,0.2329896907216495,ATP5MC1;MTX1;CREBBP;MEF2D;PPRC1;NCOA1;PRKAG1;APOOL;HCFC1;CARM1;CRTC2;ATP5ME;PRKAG2;TBL1X;CALM1;DMAC2L;CHCHD6,wald_stat,Reactome_2022
Pre-NOTCH Transcription And Translation R-HSA-1912408,-1.127995657529821,0.705973341018438,0.26195426195426197,H2AJ;CREBBP;SNW1;H2AX;NOTCH1;H3-3B;TNRC6A;AGO4;AGO2;H2AZ1,wald_stat,Reactome_2022
Mitotic Prometaphase R-HSA-68877,1.1274184187784844,0.8398818437258334,0.21325051759834368,CEP57;TUBA1A;PPP2R5A;XPO1;CKAP5;KIF2A;NEK9;PPP2R5D;CEP250;PPP2R5C;NEK7;NDEL1;HDAC8;BUB3;CNTRL;ZWILCH;NUP37;PAFAH1B1;PCNT;CEP290;SMC1A;HAUS1;CEP78;HAUS4;TAOK1;PPP1CC;CDK5RAP2;ZW10;SFI1;DYNLL1;PCM1;NUP85;TUBB,wald_stat,Reactome_2022
Selective Autophagy R-HSA-9663891,-1.1272044409998285,0.7040400172177398,0.252,MAP1LC3B;ULK1;DYNLL2;CSNK2B;PRKAG1;TOMM22;DYNC1LI1;DYNC1LI2;CSNK2A2;PGAM5;USP30;PRKAG2;UBB;PINK1,wald_stat,Reactome_2022
ISG15 Antiviral Mechanism R-HSA-1169408,1.1268640837303487,0.8358576483571171,0.22456813819577734,KPNB1;KPNA3;NUP62;NUP50;ARIH1;PLCG1;EIF4A2;NUP37;PPM1B;EIF4G1;NUP58;GNL3;IRF3;UBC;RIGI;EIF4G3;NUP188;NUP85;UBA7;EIF4G2;NUP42,wald_stat,Reactome_2022
Synthesis Of PA R-HSA-1483166,1.1257775539305628,0.8341095859705618,0.26810176125244617,GPAT4;AGPAT1;LPCAT1;MIGA1;GPD2;PRKCSH;LPCAT4;GPAT2,wald_stat,Reactome_2022
DNA Damage Bypass R-HSA-73893,1.1256388860845,0.8286206870864474,0.2640449438202247,RPA3;RFC5;POLK;RFC4;REV3L;UBE2B;USP32;VCP;REV1;UBC;RBX1;UBA7;RAD18;POLI;CUL4A,wald_stat,Reactome_2022
Defective Intrinsic Pathway For Apoptosis R-HSA-9734009,1.1239922442797754,0.829000526906096,0.2907662082514735,JUN;CDKN2A;CDC25B;PRDX2;CAPN1;TP53;BCL2L11,wald_stat,Reactome_2022
RAF-independent MAPK1/3 Activation R-HSA-112409,-1.1232857027400256,0.7131981705747305,0.30103092783505153,DUSP12;DUSP2;MAP2K2,wald_stat,Reactome_2022
"Cell Death Signaling Via NRAGE, NRIF And NADE R-HSA-204998",-1.1229251080495462,0.7100488039964972,0.2826552462526767,PLEKHG2;ARHGEF7;PREX1;SOS2;GNA13;BAD;CASP3;YWHAE;APH1A;UBB;TRIO;VAV3;ARHGEF10,wald_stat,Reactome_2022
MyD88 Cascade Initiated On Plasma Membrane R-HSA-975871,-1.1221128428233478,0.7085427598643746,0.23728813559322035,MAP3K8;MAPKAPK2;PPP2CA;MAP2K3;MAPK9;TNIP2;PPP2CB;MAP2K7;NFKBIB;N4BP1;NFKB1;USP18;IKBKB;UBB;IRAK1;RIPK2;DUSP6,wald_stat,Reactome_2022
RHOF GTPase Cycle R-HSA-9035034,1.1183371019542467,0.8451576370842874,0.29411764705882354,ADD3;SLC4A7;TMPO;DIAPH1;ARHGAP1,wald_stat,Reactome_2022
Mitotic Anaphase R-HSA-68882,1.118335273014804,0.8392474438179637,0.18326693227091634,TUBA1A;PPP2R5A;KPNB1;XPO1;CKAP5;KIF2A;NUP62;LBR;PPP2R5D;TMPO;PSMD2;PSMD11;PPP2R5C;ANAPC10;NDEL1;HDAC8;PSMB2;BUB3;RAN;CDC26;ZWILCH;VRK1;NUP37;PAFAH1B1;SMC1A;TAOK1;PSMD10;CC2D1B;NUP58;PSMD4;PPP1CC;UBC;ZW10;DYNLL1;NUP188;PSMD13;CDC16;NUP85;TUBB;TUBA1C,wald_stat,Reactome_2022
ESR-mediated Signaling R-HSA-8939211,-1.1171755080793095,0.7206503254680279,0.21991701244813278,NRAS;AKT1;H2AJ;GNB1;CREBBP;H2AX;GATA3;JUND;NCOA1;POLR2C;POLR2D;GNGT2;CTSD;CARM1;KPNA2;H3-3B;PMEPA1;TNRC6A;AGO4;AXIN1;PIK3R1;POLR2G;AGO2;H2AZ1;CCNT1;SMC3,wald_stat,Reactome_2022
Platelet Calcium Homeostasis R-HSA-418360,1.1169856042173338,0.8384088821969319,0.30666666666666664,STIM1;ATP2B4;ATP2A3,wald_stat,Reactome_2022
Deubiquitination R-HSA-5688426,1.1169590054866656,0.8327120721796346,0.18476190476190477,USP11;TGFBR2;UCHL5;USP28;TNIP1;TRIM4;H2BC15;RNF146;USP22;USP34;MAT2B;PSMD2;ADRB2;INO80D;PSMD11;TOMM70;RAD23B;PSMB2;DDB2;STAMBP;USP14;RHOT1;HIF1A;SNX3;TRRAP;RIPK1;H2AC6;USP32;VCP;INO80B;USP19;RUVBL1;H2AC11;MBD5;PSMD10;KEAP1;PTEN;KAT2A;PSMD4;UBC,wald_stat,Reactome_2022
Muscle Contraction R-HSA-397014,-1.114809231876268,0.7244030950980009,0.2631578947368421,PKN1;VIM;HIPK1;ASPH;PRKCA;PKN2;SORBS3;FXYD7;TPM3;MYL6;CALM1;ANXA6;CACNB1;GUCY1A1;HIPK2;ATP2B1;ITPR3;DMPK;ATP1B1;RANGRF,wald_stat,Reactome_2022
Processing Of Intronless Pre-mRNAs R-HSA-77595,-1.1144760210078912,0.7212373589673244,0.2945054945054945,WDR33;CPSF7;NCBP1;PABPN1;NUDT21;CPSF6;CPSF1,wald_stat,Reactome_2022
AURKA Activation By TPX2 R-HSA-8854518,1.1142983168892926,0.8317407344640133,0.26411290322580644,CEP57;TUBA1A;CKAP5;CEP250;CNTRL;PAFAH1B1;PCNT;CEP290;HAUS1;CEP78;HAUS4;CDK5RAP2;SFI1;DYNLL1;PCM1;TUBB,wald_stat,Reactome_2022
Loss Of Nlp From Mitotic Centrosomes R-HSA-380259,1.1142983168892926,0.8317407344640133,0.26411290322580644,CEP57;TUBA1A;CKAP5;CEP250;CNTRL;PAFAH1B1;PCNT;CEP290;HAUS1;CEP78;HAUS4;CDK5RAP2;SFI1;DYNLL1;PCM1;TUBB,wald_stat,Reactome_2022
TRAF6 Mediated Induction Of NFkB And MAP Kinases Upon TLR7/8 Or 9 Activation R-HSA-975138,-1.114134257993982,0.7182480856974464,0.24217118997912318,MAP3K8;MAPKAPK2;PPP2CA;MAP2K3;MAPK9;TNIP2;PPP2CB;MAP2K7;NFKBIB;N4BP1;NFKB1;USP18;IKBKB;UBB;IRAK1;RIPK2;DUSP6,wald_stat,Reactome_2022
DNA Damage Recognition In GG-NER R-HSA-5696394,1.1134941006975367,0.8291301313176191,0.29601518026565465,COPS5;INO80D;COPS7A;RAD23B;DDB2;PARP1;INO80B;RUVBL1;UBC;RBX1;YY1;COPS6;CUL4A;ACTL6A;UBA52;XPC,wald_stat,Reactome_2022
Signaling By Receptor Tyrosine Kinases R-HSA-9006934,-1.1130928432339693,0.7175302391025805,0.17972350230414746,MXD4;ADAP1;NCK2;PKN1;MAPKAPK2;CDC42;NRAS;AKT1;TCIRG1;IRS2;GALNT3;ATP6V1H;EGR1;MAP2K2;VEGFB;RAPGEF1;ARHGEF7;SPRY2;MEF2D;STAM;PPP2CA;FURIN;PTBP1;JUND;HNRNPH1;POLR2C;PPP2CB;YES1;ID2;POLR2D;RNMT;PTPRJ;PRKCA;PKN2;MATK;NCBP1;ATP6V0C;MKNK1;PIK3R1;POLR2G,wald_stat,Reactome_2022
Signaling By ERBB2 R-HSA-1227986,-1.1116598552747405,0.7181852247428547,0.29094827586206895,NRAS;AKT1;YES1;PRKCA;MATK;PIK3R1;CUL5;UBB,wald_stat,Reactome_2022
Signaling By NTRK1 (TRKA) R-HSA-187037,-1.1109138362414392,0.716615143949064,0.2642706131078224,MAPKAPK2;NRAS;IRS2;EGR1;MAP2K2;RAPGEF1;MEF2D;PPP2CA;JUND;PPP2CB;ID2,wald_stat,Reactome_2022
Glucose Metabolism R-HSA-70326,1.1106753907419022,0.8344168465133769,0.2647058823529412,PRKACB;PCNX4;NUP62;NUP50;PPP2R5D;HOOK2;MDH1;PFKP;NUP37;MAP4K2;SLC25A13;GNPDA2;NUP58;PKM;NUP188;NUP85,wald_stat,Reactome_2022
Visual Phototransduction R-HSA-2187338,-1.1105311772766895,0.7138384121037458,0.28870292887029286,RNF7;GNB1;C1D;METAP2;PRKCA;LRP8;DHRS3;PDE6G;RDH10;CALM1;PDE6B,wald_stat,Reactome_2022
Activation Of Gene Expression By SREBF (SREBP) R-HSA-2426168,-1.1093456984312546,0.7133505986462512,0.2853982300884956,CREBBP;FASN;NCOA1;CARM1;MVD;SREBF1;TBL1X;PMVK;IDI1;SC5D;NFYA,wald_stat,Reactome_2022
Regulation Of Beta-Cell Development R-HSA-186712,-1.1075995398641851,0.7148488659549354,0.3243801652892562,AKT1;CREBBP;SNW1;NOTCH1,wald_stat,Reactome_2022
"Formation Of Ternary Complex, And Subsequently, 43S Complex R-HSA-72695",1.1073184441641406,0.8415617463400644,0.3135755258126195,EIF3A;EIF2S1;EIF3L;EIF3E;EIF3K;EIF3H;EIF2S2,wald_stat,Reactome_2022
MAPK Family Signaling Cascades R-HSA-5683057,1.1071093001541714,0.8367132551081713,0.23892100192678228,SPTAN1;PPP2R5A;XPO1;PRKACB;FNTA;RASGRP1;RALGDS;ARAF;PRKCQ;PPP2R5D;MAP2K1;JUN;PSMD2;PPP1CB;PSMD11;HSPB1;VCL;DUSP16;PPP2R5C;IL5RA;PSMB2;CDC42EP3;ERBB2;APBB1IP;BCL2L1;YWHAB;RAP1B;PSMD10;RASA3;PEA15;PIK3CA;PSMD4;PPP1CC;PDE6D;UBC;ABHD17B;GOLGA7;RBX1;DLG1;RAP1A;ABHD17C;PSMD13;LYPLA1;SPNS1;SEPTIN7;PTPRA;PIK3R2;PSMA5;RGL2;CSK,wald_stat,Reactome_2022
DNA Damage/Telomere Stress Induced Senescence R-HSA-2559586,1.1058502607131524,0.835804022858774,0.3379721669980119,H2BC15;H1-2;H1-4;H1-3;CDKN1B;ASF1A;H2AC6;EP400;MRE11;RB1;H2AC4;ATM;HMGA1;TP53;H2BC9;H2BC12;TERF2IP,wald_stat,Reactome_2022
MyD88 Dependent Cascade Initiated On Endosome R-HSA-975155,-1.1053955520204728,0.7142792930786905,0.25,MAP3K8;MAPKAPK2;PPP2CA;MAP2K3;MAPK9;TNIP2;PPP2CB;MAP2K7;NFKBIB;N4BP1;NFKB1;USP18;IKBKB;UBB;IRAK1;RIPK2;DUSP6,wald_stat,Reactome_2022
Toll Like Receptor 7/8 (TLR7/8) Cascade R-HSA-168181,-1.1053955520204728,0.7142792930786905,0.25,MAP3K8;MAPKAPK2;PPP2CA;MAP2K3;MAPK9;TNIP2;PPP2CB;MAP2K7;NFKBIB;N4BP1;NFKB1;USP18;IKBKB;UBB;IRAK1;RIPK2;DUSP6,wald_stat,Reactome_2022
Intra-Golgi Traffic R-HSA-6811438,1.1043560169148492,0.8360635819420087,0.3031496062992126,CYTH1;CYTH2;MAN1A1;TRIP11,wald_stat,Reactome_2022
Regulated Necrosis R-HSA-5218859,-1.1042203033568416,0.7142101841993834,0.27234927234927236,CHMP4B;FASN;FLOT1;CHMP2B;BIRC2;CASP3;MLKL;UBB;CASP4;RIPK3;IL18;CHMP2A;BIRC3;CDC37;IRF1;OGT;BAK1,wald_stat,Reactome_2022
Activation Of BH3-only Proteins R-HSA-114452,1.1031891586982798,0.8349973495719106,0.30115830115830117,PPP3CC;YWHAZ;PPP3R1;AKT3;YWHAH;YWHAB;YWHAQ;DYNLL1;TFDP1;MAPK8;REXO2;TP53;BCL2L11,wald_stat,Reactome_2022
Sensory Processing Of Sound By Inner Hair Cells Of Cochlea R-HSA-9662360,1.1026498968333331,0.8317161757946558,0.30725190839694655,SPTAN1;RIPOR2;CAPZA1;ATP2B4,wald_stat,Reactome_2022
Early SARS-CoV-2 Infection Events R-HSA-9772572,-1.1020501318864324,0.7173956384258378,0.3326612903225806,MAP1LC3B;CHMP4B;FURIN;CHMP2B;BECN1;ZCRB1;CHMP2A,wald_stat,Reactome_2022
Extension Of Telomeres R-HSA-180786,1.1015564159418305,0.8306182773324831,0.2885375494071146,RPA3;RFC5;RFC4;RUVBL1;WRAP53;GAR1;PPP6R3;SHQ1;LRIG1;DKC1;TERF2IP;BLM;NOP10;POLA2;PIF1;POLD3;STN1;CTC1;TINF2;PPP6C;ACD;CHTF18;RUVBL2;CDK2,wald_stat,Reactome_2022
HCMV Early Events R-HSA-9609690,1.1012734965257316,0.826430899869496,0.2661596958174905,NUP62;H2BC15;NUP50;RBBP4;SUZ12;DUT;DAXX;H2AC6;RRM1;NUP37;H2AC11;NUP58;CREB1;DYNLL1;NUP188;NUP85;H2AC4,wald_stat,Reactome_2022
SARS-CoV-2 Infection R-HSA-9694516,1.0997500685266193,0.8270005615501358,0.2237093690248566,G3BP1;TRIM4;NUP62;NUP50;DDX5;VPS33A;YWHAZ;SEC23A;ISCU;ST6GAL1;PARP4;TOMM70;SRPK1;AKT3;PARP10;CNBP;YWHAH;IFNAR1;YWHAB;STING1;VCP;SIKE1;NUP37;ST3GAL1;G3BP2;RPN1;IFNAR2;YWHAQ;CSNK1A1;NUP58;IRF3;UBC;FUT8;UVRAG;VPS16;GOLGA7;PATJ;RIGI;SNRPE;RB1;PIK3R4;NUP188;NUP85,wald_stat,Reactome_2022
RHO GTPases Activate PKNs R-HSA-5625740,-1.099294874539366,0.7225761926165446,0.3188976377952756,PKN1;H2AJ;H2AX;RHOC;PKN2;H3-3B;YWHAE;H2AZ1;MYL6,wald_stat,Reactome_2022
Mitotic Metaphase And Anaphase R-HSA-2555396,1.0973735399177462,0.8306215001380288,0.22023809523809523,TUBA1A;PPP2R5A;KPNB1;XPO1;CKAP5;KIF2A;NUP62;LBR;PPP2R5D;TMPO;PSMD2;PSMD11;PPP2R5C;ANAPC10;NDEL1;HDAC8;PSMB2;BUB3;RAN;CDC26;ZWILCH;VRK1;NUP37;PAFAH1B1;SMC1A;TAOK1;PSMD10;CC2D1B;NUP58;PSMD4;PPP1CC;UBC;ZW10;DYNLL1;NUP188;PSMD13;CDC16;NUP85;TUBB;TUBA1C,wald_stat,Reactome_2022
EPH-ephrin Mediated Repulsion Of Cells R-HSA-3928665,-1.0972522781954859,0.7253123570049971,0.3484251968503937,CLTB;YES1;EPHA4;APH1A;LYN;VAV3;AP2A1;AP2A2,wald_stat,Reactome_2022
Regulation Of IGF Transport And Uptake By IGFBPs R-HSA-381426,-1.0963201370381424,0.7245858749758486,0.324,LGALS1;TIMP1;IGFBP4;QSOX1;CALU;LMNB2;MGAT4A;P4HB;TGOLN2;DNAJC3;SHISA5;ANO8;PDIA6;FUCA2;MFGE8,wald_stat,Reactome_2022
Phase I - Functionalization Of Compounds R-HSA-211945,1.0956508676830676,0.8316217784093132,0.3384615384615385,MIA3;ACSS1;PTGES3;CYB5B;CYB5R3;FDXR;ADH5,wald_stat,Reactome_2022
RNA Polymerase I Promoter Escape R-HSA-73772,1.0956295563714373,0.8265332669265771,0.2884990253411306,UBTF;H2BC15;TBP;GTF2H1;GTF2H3;H2AC6;CBX3;POLR1H;CCNH;GTF2H5;POLR1D;TAF1B;H2AC4;POLR1E;H2BC9;H2BC12,wald_stat,Reactome_2022
Interconversion Of Nucleotide Di- And Triphosphates R-HSA-499943,1.0942819175178695,0.8264890449379885,0.32899628252788105,DUT;RRM1;AK5;AK6;CMPK1;DCTD;TXNRD1;AK9;NME4;GLRX;DCTPP1,wald_stat,Reactome_2022
Glucagon-like Peptide-1 (GLP1) Regulates Insulin Secretion R-HSA-381676,-1.0939016187942638,0.728637848474772,0.31453362255965295,GNAS;GNB1;GNGT2;PRKCA;PRKAR2A,wald_stat,Reactome_2022
VEGFA-VEGFR2 Pathway R-HSA-4420097,-1.093646619679687,0.7256070937306102,0.2926267281105991,NCK2;PKN1;MAPKAPK2;CDC42;NRAS;AKT1;ARHGEF7;PRKCA;PKN2;PIK3R1;PRKCB;MAPKAP1;MLST8;VAV3;CALM1,wald_stat,Reactome_2022
Signaling By High-Kinase Activity BRAF Mutants R-HSA-6802948,1.0913485433343226,0.8326748678996961,0.33396584440227706,ARAF;MAP2K1;VCL;APBB1IP;YWHAB;RAP1B,wald_stat,Reactome_2022
Endosomal Sorting Complex Required For Transport (ESCRT) R-HSA-917729,-1.0911449169432388,0.7298557020822104,0.32793522267206476,VPS37B;STAM;CHMP4B;CHMP2B;UBAP1;UBB;CHMP2A;VPS4A;SNF8,wald_stat,Reactome_2022
COPI-mediated Anterograde Transport R-HSA-6807878,-1.090939290136972,0.7266068131431663,0.26587301587301587,RAB1A;NAPG;STX5;DCTN4;DYNLL2;COG3;DYNC1LI1;DYNC1LI2;DCTN3;TMED2;CAPZA2,wald_stat,Reactome_2022
Transcriptional Activation Of Mitochondrial Biogenesis R-HSA-2151201,-1.090764431287333,0.7234415158988883,0.2958963282937365,CREBBP;MEF2D;PPRC1;NCOA1;HCFC1;CARM1;CRTC2,wald_stat,Reactome_2022
ADORA2B Mediated Anti-Inflammatory Cytokine Production R-HSA-9660821,-1.0900174506195928,0.7219310642297063,0.33402922755741127,GNAS;GNB1;VIPR2;ADCY7;GNGT2;PRKCA;PRKAR2A;PTRH2;ADCY9,wald_stat,Reactome_2022
Regulation Of PLK1 Activity At G2/M Transition R-HSA-2565942,1.0886930338972347,0.8374854414958782,0.29838709677419356,CEP57;TUBA1A;CKAP5;CEP250;PPP1CB;CNTRL;PAFAH1B1;PCNT;CEP290;HAUS1;CEP78;HAUS4;UBC;CDK5RAP2;SFI1;DYNLL1;PCM1;TUBB,wald_stat,Reactome_2022
Cargo Concentration In ER R-HSA-5694530,1.0875158051074931,0.8368623333281978,0.32649253731343286,MIA3;PREB;SEC23A;CNIH1;LMAN1,wald_stat,Reactome_2022
Cell Cycle Checkpoints R-HSA-69620,1.0857665104978091,0.83837360941766,0.25918762088974856,PPP2R5A;XPO1;CKAP5;KIF2A;H2BC15;PPP2R5D;PSMD2;YWHAZ;PSMD11;RPA3;PPP2R5C;ANAPC10;MCM3;NDEL1;RFC5;CDKN1B;PSMB2;RFC4;HERC2;BUB3;MDC1;YWHAH;CDKN2A;CDC26;ZWILCH;YWHAB;NUP37;PAFAH1B1;TAOK1;PSMD10;YWHAQ;RAD17;PSMD4;PPP1CC;UBC;ATRIP;ZW10;MRE11;DYNLL1;PSMD13;CDC16;NUP85,wald_stat,Reactome_2022
RNA Polymerase III Chain Elongation R-HSA-73780,-1.0855892936484073,0.7322647460459623,0.32914046121593293,CRCP;POLR3F;POLR3C;POLR2E;POLR3H,wald_stat,Reactome_2022
Antiviral Mechanism By IFN-stimulated Genes R-HSA-1169410,1.0843143614912758,0.838926534941953,0.2765957446808511,KPNB1;KPNA3;NUP62;NUP50;ARIH1;PLCG1;EIF4A2;NUP37;PPM1B;EIF4G1;NUP58;GNL3;IRF3;UBC;ABCE1;RIGI;EIF4G3;NUP188;NUP85;UBA7;EIF4G2;NUP42,wald_stat,Reactome_2022
HDR Thru Single Strand Annealing (SSA) R-HSA-5685938,1.0839386880396413,0.8353547326972871,0.3473053892215569,RPA3;RFC5;RFC4;RAD52;RAD17;ATRIP;MRE11;ATM,wald_stat,Reactome_2022
VEGFR2 Mediated Cell Proliferation R-HSA-5218921,-1.083535814420116,0.7353229329998856,0.34065934065934067,NRAS;PRKCA;PRKCB;CALM1;ITPR3;SPHK1;HRAS;SYNGAP1,wald_stat,Reactome_2022
Formation Of RNA Pol II Elongation Complex R-HSA-112382,-1.082564592765266,0.7347836548577175,0.31451612903225806,ELOA;ERCC3;POLR2C;POLR2D;NCBP1;ELOB;POLR2G;ELL;MNAT1;CCNT1;CDK7;POLR2E;CCNT2;NELFCD;NELFA;RTF1;POLR2J,wald_stat,Reactome_2022
Ribosomal Scanning And Start Codon Recognition R-HSA-72702,1.0819632344578456,0.8374449940337806,0.3339920948616601,EIF3A;EIF4B;EIF2S1;EIF3L;EIF3E;EIF4A2;EIF4G1,wald_stat,Reactome_2022
Glycerophospholipid Biosynthesis R-HSA-1483206,1.0810535104702135,0.8359895648413063,0.2982791586998088,PNPLA2;GPAT4;ABHD3;CPNE3;HADHA;CDIPT;AGPAT1;LPCAT1;TAFAZZIN;CEPT1;LPCAT3;MIGA1;SLC44A2;SELENOI;CRLS1;LPIN2;ABHD4;GPD2;SH2D3C;PRKCSH;PITPNM1,wald_stat,Reactome_2022
Cytoprotection By HMOX1 R-HSA-9707564,-1.0806098625025091,0.7372932410680113,0.3184713375796178,CREBBP;NCOA1;CARM1;COX7B;COX19;COX5B;COX6A1;SURF1;LRPPRC;TBL1X;COX8A;MAFK;NFE2L2;COX16;HM13,wald_stat,Reactome_2022
RHO GTPase Effectors R-HSA-195258,1.0804127295898411,0.8334102931264727,0.2509505703422053,MAPK14;PPP2R5A;XPO1;S100A8;CKAP5;KIF2A;H2BC15;NCKAP1L;S100A9;PPP2R5D;DIAPH1;YWHAZ;PPP1CB;CYFIP2;ACTR3;PPP2R5C;NDEL1;CDKN1B;BUB3;YWHAH;H2AC6;ZWILCH;WASF2;YWHAB;NCK1;NUP37;PAFAH1B1;ACTR2;TAOK1;LIN7B;YWHAQ;PPP1CC;IQGAP2,wald_stat,Reactome_2022
Regulation Of Cholesterol Biosynthesis By SREBP (SREBF) R-HSA-1655829,-1.0783208574798795,0.7408293754481792,0.30472103004291845,SEC24C;CREBBP;FASN;SEC24B;NCOA1;CARM1;SEC24A;MVD;SREBF1;INSIG1;TBL1X;PMVK;IDI1;SC5D;NFYA,wald_stat,Reactome_2022
COPI-independent Golgi-to-ER Retrograde Traffic R-HSA-6811436,-1.0780810019863807,0.7378210433294525,0.3270440251572327,DCTN4;DYNLL2;DYNC1LI1;DYNC1LI2;DCTN3;CAPZA2;GALNT1;PLA2G6;RAB18,wald_stat,Reactome_2022
FGFR2 Alternative Splicing R-HSA-6803529,-1.0780407477615463,0.7342455639914233,0.32448979591836735,PTBP1;HNRNPH1;POLR2C;POLR2D;NCBP1;POLR2G,wald_stat,Reactome_2022
Resolution Of Abasic Sites (AP Sites) R-HSA-73933,1.0779613496343539,0.8373233697752941,0.34629629629629627,RPA3;RFC5;RFC4;PARP1;PARG,wald_stat,Reactome_2022
Interferon Signaling R-HSA-913531,1.0775933694113011,0.8338365613699458,0.2471042471042471,KPNB1;KPNA3;NUP62;GBP5;NUP50;TRIM22;IRF2;BCL11B;IFNG;ISG20;TRIM35;ARIH1;PLCG1;GBP4;PTPN1;IFNAR1;EIF4A2;IFIT5;NUP37;PPM1B;TRIM38;EIF4G1;IFNAR2;NUP58;GNL3;IRF3;UBC;ABCE1;SP100;RIGI;EIF4G3;NUP188;NUP85,wald_stat,Reactome_2022
Regulation Of Insulin Secretion R-HSA-422356,-1.077415986552889,0.7325468853010899,0.3459915611814346,GNAS;GNB1;SLC2A1;GNGT2;GNAQ;PRKCA;PRKAR2A;PLCB1;PLCB2;GNAI2;ITPR3;STX1A;ACSL3,wald_stat,Reactome_2022
Arachidonic Acid Metabolism R-HSA-2142753,1.0772889635799865,0.8302749771003508,0.34790528233151186,PTGES3;PTGDS;HPGD;PTGES2;AKR1C3;GPX4;ALOX5AP;PTGS1,wald_stat,Reactome_2022
Class I MHC Mediated Antigen Processing And Presentation R-HSA-983169,-1.0771804416293742,0.7296822336536587,0.2613390928725702,FBXO44;SEC24C;ZNRF2;UBE2M;RNF7;UBOX5;FBXW7;CALR;FBXL12;UBR1;SEC24B;ATG7;UBE2Q1;CUL3;MYLIP;ANAPC11;SEC61G;PSMF1;PSMD6;BTBD6;RNF19B;RNF130;MIB2;FBXL18;PSMB6;CTSS;FBXO31;MEX3C;ELOB;FBXO9;UBE2G2;ARIH2;PSME4;SEC24A;RNF115;CUL5;BECN1;SOCS1;SEC61B;FBXO11;UBE2S;IKBKB;UBB;TPP2;UBA6;FBXL5;UBA1;ASB6;SEC13;TAPBP;DCAF1;RBBP6;KLHL2;DTX3L;PSME2;ATG14;PSMB3;SMURF1;PSMA1;HERC5;PDIA3,wald_stat,Reactome_2022
Interleukin-37 Signaling R-HSA-9008059,1.075768245748409,0.8308978458478518,0.3682170542635659,PTPN4;STAT3;PTPN23;SIGIRR;SMAD3;PTPN11,wald_stat,Reactome_2022
Phase II - Conjugation Of Compounds R-HSA-156580,1.0757534794313923,0.8262417204808254,0.3466933867735471,CNDP2;UGP2;MAT2B;SLC26A2;GCLM,wald_stat,Reactome_2022
Disassembly Of Destruction Complex And Recruitment Of AXIN To Membrane R-HSA-4641262,-1.0717881246116632,0.7433294247492949,0.35772357723577236,CSNK1G2;PPP2CA;PPP2CB;AXIN1;FRAT2,wald_stat,Reactome_2022
Influenza Infection R-HSA-168255,1.0704020157771479,0.8407894594384987,0.3154875717017208,KPNB1;XPO1;KPNA3;NUP62;NUP50;PBRM1;CLTC;RAN;PARP1;NUP37;IPO5;NUP58;GNL3;POLR2I,wald_stat,Reactome_2022
Metabolism Of Porphyrins R-HSA-189445,1.0699104878384367,0.8377714054618498,0.38104448742746616,HMOX2;UROD;ALAS1;COX10;ALAD;FECH,wald_stat,Reactome_2022
Oxidative Stress Induced Senescence R-HSA-2559580,-1.0686085862025863,0.7502086950501148,0.33264462809917356,MAPKAPK2;CBX4;H2AJ;H2AX;MAP2K3;MAPK9;CDKN2D;PHC2;MAP2K7;H3-3B;TNRC6A;AGO4;H2AZ1;MDM4;UBB,wald_stat,Reactome_2022
ROS And RNS Production In Phagocytes R-HSA-1222556,-1.0682732227071026,0.7476347975612795,0.38789237668161436,TCIRG1;ATP6V1H;ATP6V0C;HVCN1;ATP6V1G1,wald_stat,Reactome_2022
Cyclin A:Cdk2-associated Events At S Phase Entry R-HSA-69656,1.0678839027356142,0.8406617740075659,0.34600760456273766,RBL2;RBBP4;PSMD2;MAX;PSMD11;CDKN1B;PSMB2;AKT3;E2F4;CDC25B;PSMD10;PSMD4;UBC;CCNH;RB1;PSMD13;TFDP1,wald_stat,Reactome_2022
NCAM Signaling For Neurite Out-Growth R-HSA-375165,1.0673173392638278,0.8378894407580741,0.36328125,SPTAN1;ST8SIA4,wald_stat,Reactome_2022
"Cell Cycle, Mitotic R-HSA-69278",1.0671992266609642,0.8336335158868678,0.2774566473988439,CEP57;TUBA1A;PPP2R5A;KPNB1;XPO1;HDAC1;CKAP5;KIF2A;NUP62;H2BC15;LBR;RBL2;NUP50;RBBP4;NEK9;PPP2R5D;TMPO;CEP250;PSMD2;MAX;PPP1CB;PSMD11;RPA3;PPP2R5C;ANAPC10;MCM3;NEK7;NDEL1;RFC5;CDKN1B;HDAC8;PSMB2;RFC4;USO1;AKT3;E2F4;BUB3;RAN;CDKN2A;H2AC6;CDC26;CNTRL;ZWILCH;CDC25B;VRK1;NUP37;PAFAH1B1;PCNT;PHLDA1;CEP290;SMC1A;HAUS1;CEP78;HAUS4;TAOK1;PSMD10;BLZF1;CC2D1B;NUP58;PSMD4;PPP1CC;UBC;CCNH;NIPBL;CDK5RAP2;ZW10;RBX1;SFI1;DYNLL1;PCM1;LPIN2;LCMT1;RB1;NUP188;PSMD13;CDC16;NUP85;TFDP1;TUBB;TUBA1C,wald_stat,Reactome_2022
Activation Of Kainate Receptors Upon Glutamate Binding R-HSA-451326,-1.0651021189869625,0.7541129092681285,0.362763915547025,GNB1;GNGT2;CALM1;PLCB1;PLCB2,wald_stat,Reactome_2022
Factors Involved In Megakaryocyte Development And Platelet Production R-HSA-983231,1.0649613451416975,0.8371682678608855,0.3320610687022901,PRKACB;PRKAR1A;HDAC1;KIF2A;IRF2;CAPZA1;EHD1;KIF3B;DOCK10;KIF21A,wald_stat,Reactome_2022
Ion Homeostasis R-HSA-5578775,1.0642124672976665,0.8353549184210258,0.371868978805395,STIM1;ATP1A3;ATP2B4;ATP2A3;AHCYL1,wald_stat,Reactome_2022
G Alpha (Q) Signaling Events R-HSA-416476,-1.0640642567773386,0.7539044471496763,0.3480083857442348,XCL1;NRAS;GRK2;DGKQ;GNB1;GNGT2;GNAQ;XCL2;PRKCA;PIK3R1;RGS16;TRIO;LTB4R;PLCB1;RIPK2,wald_stat,Reactome_2022
Diseases Of Carbohydrate Metabolism R-HSA-5663084,1.0638901384295383,0.831885550530605,0.35551330798479086,HGSNAT;GYG1;UBC;GLB1;GAA;RPIA;UBA52;GNS;GYS1;ARSB,wald_stat,Reactome_2022
Cooperation Of PDCL (PhLP1) And TRiC/CCT In G-protein Beta Folding R-HSA-6814122,1.0638146146054592,0.8276203539314777,0.37375745526838966,TCP1;CCT3;CCT6A;GNG10;CCT4;CCT8;CCT2;CCT7,wald_stat,Reactome_2022
GPCR Ligand Binding R-HSA-500792,-1.0624964097547378,0.7555225276926839,0.3173277661795407,XCL1;GNAS;GNB1;VIPR2;GPR183;HEBP1;GNGT2;XCL2;CCL5;CCL4;PTRH2;PTCH2;LTB4R;RIPK2;C3AR1,wald_stat,Reactome_2022
Unattached Kinetochores Signal Amplification Via A MAD2 Inhibitory Signal R-HSA-141444,1.0612388602885139,0.8322523734089606,0.35173824130879344,PPP2R5A;XPO1;CKAP5;KIF2A;PPP2R5D;PPP2R5C;NDEL1;BUB3;ZWILCH;NUP37;PAFAH1B1;TAOK1;PPP1CC;ZW10;DYNLL1;NUP85,wald_stat,Reactome_2022
Intracellular Signaling By Second Messengers R-HSA-9006925,-1.0607094630797254,0.7580607461509329,0.2936170212765957,ATN1;GATAD2A;CBX4;GRK2;AKT1;IRS2;PHLPP2;EGR1;IER3;CSNK2B;LAMTOR1;PPP2CA;LAMTOR4;PIP4K2A;PHC2;PPP2CB;ADCY7;BAD;RNMT;PSMF1;PRKCA;KPNA2;PSMD6;USP7;PSMB6;GSK3A;TNRC6A;AGO4;PRKAR2A;PIK3R1;CSNK2A2;AGO2;PSME4,wald_stat,Reactome_2022
Resolution Of Sister Chromatid Cohesion R-HSA-2500257,1.0585889399528772,0.837185995577564,0.354251012145749,PPP2R5A;XPO1;CKAP5;KIF2A;PPP2R5D;PPP2R5C;NDEL1;HDAC8;BUB3;ZWILCH;NUP37;PAFAH1B1;SMC1A;TAOK1;PPP1CC;ZW10;DYNLL1;NUP85,wald_stat,Reactome_2022
Signaling By EGFR In Cancer R-HSA-1643713,-1.0584132701044948,0.762341475423292,0.37915742793791574,NRAS;PIK3R1;UBB;CDC37;AREG;SHC1,wald_stat,Reactome_2022
RAC3 GTPase Cycle R-HSA-9013423,-1.0582806862556324,0.7591821848880944,0.34012219959266804,PKN1;CDC42;GIT1;ARHGAP21;RAPGEF1;LAMTOR1;PREX1;PKN2;ARHGAP5;ARHGAP26;PIK3R1,wald_stat,Reactome_2022
TNF Signaling R-HSA-75893,-1.058055579330295,0.7562722201063513,0.3575883575883576,OTULIN;BIRC2;USP4;IKBKB;UBB;MADD;USP25;NSMAF;TRAF1;BIRC3,wald_stat,Reactome_2022
G2/M Checkpoints R-HSA-69481,1.0573920186816368,0.8369292432328532,0.33783783783783783,H2BC15;PSMD2;YWHAZ;PSMD11;RPA3;MCM3;RFC5;PSMB2;RFC4;HERC2;MDC1;YWHAH;YWHAB;PSMD10;YWHAQ;RAD17;PSMD4;UBC;ATRIP;MRE11;PSMD13;ATM;PSMA5;RNF8;REXO2;TP53;H2BC9;NSD2;PSME3;H2BC12;PSMB5,wald_stat,Reactome_2022
Nuclear Envelope Breakdown R-HSA-2980766,1.05721772190801,0.8331757598857938,0.350293542074364,NUP62;NUP50;NEK9;TMPO;NEK7;VRK1;NUP37;NUP58;LPIN2;NUP188;NUP85,wald_stat,Reactome_2022
NRAGE Signals Death Thru JNK R-HSA-193648,-1.0569237397607747,0.7562579679405933,0.3696581196581197,PLEKHG2;ARHGEF7;PREX1;SOS2;GNA13;BAD;TRIO;VAV3;ARHGEF10,wald_stat,Reactome_2022
Sensory Processing Of Sound R-HSA-9659379,1.0568845580268522,0.8300578193322544,0.3702970297029703,SPTAN1;RIPOR2;CAPZA1;ATP2B4,wald_stat,Reactome_2022
SUMOylation Of Transcription Cofactors R-HSA-3899300,-1.0567012411484271,0.7535322891043078,0.35294117647058826,CTBP1;CBX4;CREBBP;NCOA1;PHC2;ING3,wald_stat,Reactome_2022
TCF Dependent Signaling In Response To WNT R-HSA-201681,-1.056002310284846,0.7523019709792836,0.3235294117647059,CSNK1G2;CTBP1;RUNX3;AKT1;H2AJ;TCF7;RYK;CREBBP;CSNK2B;H2AX;PPP2CA;PPP2CB;CUL3;PSMF1;PSMD6;H3-3B;PSMB6;AXIN1;CSNK2A2;TLE4;PSME4;FRAT2;H2AZ1;UBB,wald_stat,Reactome_2022
Regulation Of RUNX1 Expression And Activity R-HSA-8934593,-1.0553888924983676,0.7508041884017455,0.3894736842105263,TNRC6A;AGO4;AGO2,wald_stat,Reactome_2022
Transport Of Inorganic Cations/Anions And Amino Acids/Oligopeptides R-HSA-425393,1.054740705931483,0.8332105579671157,0.3505747126436782,SLC20A1;SLC4A7;SLC26A2;SLC1A7;SLC26A11;SLC25A22;SLC12A6;SLC4A2;SLC36A1,wald_stat,Reactome_2022
FCERI Mediated MAPK Activation R-HSA-2871796,-1.0545360035577325,0.7501141643249344,0.37037037037037035,PKN1;NRAS;MAPK9;MAP2K7;PKN2;LYN;VAV3,wald_stat,Reactome_2022
Role Of Phospholipids In Phagocytosis R-HSA-2029485,1.052988099608179,0.8350021129637114,0.3925233644859813,PLCG1;AHCYL1;PIK3CA;CD247;PRKCSH;PIK3R2,wald_stat,Reactome_2022
Toll Like Receptor 3 (TLR3) Cascade R-HSA-168164,-1.0524020000714052,0.7533186336238434,0.3384615384615385,MAP3K8;MAPKAPK2;PPP2CA;MAP2K3;MAPK9;TNIP2;PPP2CB;BIRC2;MAP2K7;NFKBIB;N4BP1;NFKB1;USP18;IKBKB;UBB;IRAK1;RIPK3;RIPK2;DUSP6;BIRC3,wald_stat,Reactome_2022
Formation Of Incision Complex In GG-NER R-HSA-5696395,1.0520647766808846,0.8340483586546749,0.40111940298507465,RNF111;RPA3;RAD23B;GTF2H1;DDB2;GTF2H3;PARP1;UBC;CCNH;RBX1;GTF2H5,wald_stat,Reactome_2022
Transcriptional Regulation By RUNX2 R-HSA-8878166,-1.0512122966503623,0.7537285159841709,0.3467741935483871,LGALS3;AKT1;HIVEP3;FBXW7;YES1;PSMF1;PSMD6;PSMB6;PSME4;UBB;MAF;PSME2;PSMB3;SMURF1;PSMA1;PPM1D;AREG;PSMD9;PSME1;RUNX2;ABL1,wald_stat,Reactome_2022
Glutathione Conjugation R-HSA-156590,1.0507034188572122,0.8344485176472929,0.3836978131212724,CNDP2;GCLM,wald_stat,Reactome_2022
Cell Junction Organization R-HSA-446728,1.0493959778515851,0.8347030452415739,0.3808630393996248,ARHGEF6;CADM1;ILK;ITGA6;PATJ;VASP;CTNNB1;PALS1,wald_stat,Reactome_2022
TP53 Regulates Transcription Of Cell Cycle Genes R-HSA-6791312,1.0491767076066236,0.8311920800076409,0.3779527559055118,CNOT7;RBL2;CDKN1B;CNOT3;E2F4,wald_stat,Reactome_2022
Branched-chain Amino Acid Catabolism R-HSA-70895,1.049170085297851,0.8269969843841909,0.39223300970873787,PPM1K;ACADSB;DBT;HIBADH;BCKDHB;HIBCH;AUH;ACAD8;ALDH6A1;SLC25A44;BCKDK;IVD;BCAT2;SOAT1,wald_stat,Reactome_2022
Response Of EIF2AK4 (GCN2) To Amino Acid Deficiency R-HSA-9633012,-1.0471553054787375,0.7632041778218273,0.36072144288577157,ATF4;CEBPG,wald_stat,Reactome_2022
Metabolism Of Carbohydrates R-HSA-71387,-1.0452922093134265,0.7660520070747169,0.3657505285412262,CHST7;CHSY1;MAN2C1;ST6GALNAC6;B3GNT7;PPP2CA;SLC2A1;B3GNT2;NUP54;PFKFB3;PGP;SLC35D2;PPP2CB;B4GALT4;FBP1;SHPK;PRKCA;ENO3;UST;NUP133;SEH1L;B3GALT6;SLC9A1;EXT1;TKT;IDS;UBB;XYLT1;HS6ST1;SEC13;PHKG2,wald_stat,Reactome_2022
Toll Like Receptor 9 (TLR9) Cascade R-HSA-168138,-1.0452718859149592,0.7626761540917854,0.35845213849287166,MAP3K8;MAPKAPK2;PPP2CA;MAP2K3;MAPK9;TNIP2;PPP2CB;MAP2K7;NFKBIB;N4BP1;NFKB1;USP18;IKBKB;UBB;IRAK1;RIPK2;DUSP6,wald_stat,Reactome_2022
Recognition Of DNA Damage By PCNA-containing Replication Complex R-HSA-110314,1.0444652808245707,0.839248183249539,0.3895131086142322,RPA3;RFC5;RFC4;UBE2B;UBC;RBX1;RAD18;CUL4A;UBA52,wald_stat,Reactome_2022
tRNA Modification In Nucleus And Cytosol R-HSA-6782315,1.0442782803112869,0.8356286248146179,0.3772455089820359,THADA;TYW1;NSUN2;CDKAL1;ALKBH8;EPRS1;TYW5;TYW3;TRMT13;TRMT6;CTU2;FTSJ1;OSGEP;ADAT1,wald_stat,Reactome_2022
Cellular Response To Hypoxia R-HSA-1234174,1.0438513241035432,0.8329588444641438,0.38966202783300197,MIA3;UBE2D2;PSMD2;PSMD11;EGLN1;CITED2;PSMB2;HIF1A;PSMD10;PSMD4;UBC;RBX1;PSMD13;LIMD1;PSMA5;UBE2D3;PSME3;PSMB5,wald_stat,Reactome_2022
MyD88-independent TLR4 Cascade R-HSA-166166,-1.0423730197886796,0.7683155866306615,0.35106382978723405,MAP3K8;MAPKAPK2;PPP2CA;MAP2K3;MAPK9;TNIP2;PPP2CB;BIRC2;MAP2K7;NFKBIB;N4BP1;NFKB1;USP18;IKBKB;UBB;IRAK1;RIPK3;RIPK2;DUSP6;BIRC3,wald_stat,Reactome_2022
Stimuli-sensing Channels R-HSA-2672351,-1.0421700199534871,0.7654504908291935,0.39957716701902746,SLC9B2;CLCN6;ASPH;TRPM7;UBB;BEST1;CALM1;CLCN7;TRPM2,wald_stat,Reactome_2022
Nucleotide Excision Repair R-HSA-5696398,1.0418105072647332,0.8360870691193293,0.34888059701492535,COPS5;RNF111;INO80D;RPA3;COPS7A;RFC5;RAD23B;POLK;GTF2H1;DDB2;RFC4;ZNF830;GTF2H3;PARP1;INO80B;RUVBL1;ERCC8;POLR2I;UBC;CCNH;RBX1;GTF2H5,wald_stat,Reactome_2022
Cell Cycle R-HSA-1640170,1.040896876608169,0.835095059650016,0.32633587786259544,CEP57;TUBA1A;PPP2R5A;KPNB1;XPO1;HDAC1;CKAP5;KIF2A;NUP62;H2BC15;LBR;RBL2;SMARCA5;NUP50;RBBP4;NEK9;PPP2R5D;TMPO;CEP250;PSMD2;YWHAZ;MAX;PPP1CB;PSMD11;RPA3;PPP2R5C;ANAPC10;MCM3;NEK7;NDEL1;RFC5;CDKN1B;HDAC8;PSMB2;DAXX;RFC4;USO1;HERC2;AKT3;E2F4;ATRX;BUB3;MDC1;RAN;SYNE2;YWHAH;CDKN2A;H2AC6;CDC26;CNTRL;ZWILCH;CDC25B;YWHAB;VRK1;NUP37;RUVBL1;PAFAH1B1;PCNT;PHLDA1;CEP290;SMC1A;HAUS1;CEP78;HAUS4;TAOK1;PSMD10;NPM1;BLZF1;YWHAQ;CC2D1B;WRAP53;RAD17;NUP58;PSMD4;POLR2I;PPP1CC;UBC;CCNH;NIPBL;CDK5RAP2;GAR1;ATRIP;ZW10;RBX1;MRE11;SFI1;DYNLL1;PCM1;LPIN2;LCMT1;RB1;NUP188;PSMD13;CDC16;NUP85;TFDP1;TUBB;TUBA1C;H2AC4;ATM;PPP6R3,wald_stat,Reactome_2022
Translation R-HSA-72766,1.0406656993896548,0.8317266706939995,0.3371212121212121,EIF3A;MRPS7;DARS1;APEH;EIF4B;EEF1A1;MRPS35;MRPL49;MTFMT;EIF2S1;MRPL3;MRPS33;QARS1;EEF2;SARS1;EIF3L;EIF3E;EIF4A2;EEF1B2;RARS2;MRPL34;MRPL15;MRPS18C;RPN1;EPRS1;EIF4G1;MRPL41;PABPC1;CARS1;MRRF;PPA2;SPCS1;MRPL20;FARSA;GSPT1;IARS2;MRPL18;MTIF3;EIF3K;AARS1;WARS2;OXA1L;MRPS34;MRPL17;MRPS18B;EIF3H;MARS2;MRPS14;MRPL36,wald_stat,Reactome_2022
Infection With Mycobacterium Tuberculosis R-HSA-9635486,1.0400383962221769,0.830000710605065,0.4095238095238095,KPNB1;TRIM27;DUSP16,wald_stat,Reactome_2022
Transcriptional Regulation Of Granulopoiesis R-HSA-9616222,1.0399346004139938,0.8263650813384381,0.390057361376673,STAT3;H2BC15;FLI1;GFI1;DEK;H2AC6;CREB1;TFDP1;H2AC4;H2BC9;H2BC12;RARA,wald_stat,Reactome_2022
Response Of Mtb To Phagocytosis R-HSA-9637690,1.0394461602715224,0.8238965643327127,0.391304347826087,KPNB1;TRIM27;DUSP16,wald_stat,Reactome_2022
Regulation Of Signaling By CBL R-HSA-912631,-1.0382369586588682,0.774526112292275,0.3935483870967742,RAPGEF1;YES1;PIK3R1;LYN,wald_stat,Reactome_2022
Protein Localization R-HSA-9609507,-1.0373777576798608,0.7739499609581387,0.383399209486166,GFER;GRPEL2;TIMM17A;STX5;ATP5MC1;TIMM23;TIMM8B;BCS1L;MTX1;FXN;CS;SEC61G;COX19;TOMM22;NDUFB8;GRPEL1;MPV17;TIMM8A;SEC61B;CHCHD5;UBB;ACOX1;TIMM22,wald_stat,Reactome_2022
Neddylation R-HSA-8951664,-1.0372037836232426,0.7711864112227051,0.3642241379310345,FBXO44;COMMD5;UBE2M;RNF7;FBXW7;FBXL12;COMMD7;UCHL3;CUL3;PSMF1;CAND1;PSMD6;DDA1;BTBD6;COPS3;FBXL18;COPS8;COMMD9;PSMB6;FBXO31;ELOB;FBXO9;TULP4;PSME4;CUL5;FBXO11;UBB;FBXL5;ASB6;SPSB3;KLHL2;PSME2;DCAF8;PSMB3;PSMA1;NFE2L2;DCAF5;ANKRD9;FBXL20;PSMD9;WSB2;DDB1;PSME1;FBXW8;COMMD4;COPS4;DCAF16;NPLOC4;PSMC2;FEM1B;PSMD7;MUL1;UBE2D1;DCUN1D2;PSMC3,wald_stat,Reactome_2022
HIV Transcription Initiation R-HSA-167161,-1.0368620434945515,0.7688735817960722,0.37861915367483295,TAF11;TAF10;ERCC3;POLR2C;POLR2D;TAF15;POLR2G;TAF4;MNAT1;CDK7,wald_stat,Reactome_2022
Peptide Ligand-Binding Receptors R-HSA-375276,-1.0343527222194924,0.7735807059132731,0.3835051546391753,XCL1;HEBP1;XCL2;CCL5;CCL4;RIPK2;C3AR1;CXCR3,wald_stat,Reactome_2022
Signaling By Erythropoietin R-HSA-9006335,-1.0342934945321003,0.7704047602669643,0.41422594142259417,NRAS;IRS2;RAPGEF1;PIK3R1;LYN,wald_stat,Reactome_2022
Phospholipid Metabolism R-HSA-1483257,1.0338256523222467,0.8384758308943839,0.35984095427435386,PIK3CG;MTMR4;PNPLA2;GPAT4;PIKFYVE;ABHD3;CPNE3;PI4K2B;HADHA;PIP5K1A;CDIPT;AGPAT1;LPCAT1;TAFAZZIN;CEPT1;MTMR6;LPCAT3;MIGA1;SLC44A2;PIK3CA;PTEN;SELENOI;CRLS1;INPP5D;GDPD5;LPIN2;SACM1L;PIK3R4;ABHD4;GPD2;SH2D3C;PRKCSH;PIK3R2;TNFAIP8;PITPNM1;GDPD1;PIK3R3,wald_stat,Reactome_2022
HIV Life Cycle R-HSA-162587,-1.0331612997149953,0.7708287466007356,0.36807095343680707,ELOA;VPS37B;TAF11;TAF10;CHMP4B;FURIN;ERCC3;NUP54;POLR2C;CHMP2B;POLR2D;RNMT;TAF15;NCBP1;NUP133;SEH1L;ELOB;POLR2G;TAF4;ELL;MNAT1;CCNT1;UBAP1;UBB;CDK7;SEC13;POLR2E;CHMP2A;CCNT2;NELFCD;KPNA1;VPS4A;NELFA;POM121,wald_stat,Reactome_2022
Regulation Of HSF1-mediated Heat Shock Response R-HSA-3371453,1.0329240835545876,0.8375329792813401,0.391304347826087,HSPA4;NUP62;ST13;NUP50;HSPH1;HIKESHI;RPA3;NUP37;FKBP4;NUP58;HSPA8;CCAR2;NUP188;MRPL18;NUP85;ATM,wald_stat,Reactome_2022
Membrane Trafficking R-HSA-199991,1.032455354499952,0.835123867426397,0.3382352941176471,CYTH1;SPTAN1;TRAPPC12;MIA3;CYTH2;MAN1A1;MON1B;ARF4;KIF2A;TRIP11;LNPEP;GDI1;VPS51;PREB;GCC2;COPS5;CAPZA1;YWHAZ;ADRB2;RAB10;RAB11A;SEC23A;CHMP5;CNIH1;SNX18;FNBP1;SH3GL1;ACTR3;COPS7A;MVB12A;TRAPPC6B;EPS15;LMAN1;KIF3B;ARCN1;COPB1;USO1;CLTC;TBC1D25;UBQLN1;KIF21A;FCHO1;RALA;AKT3;SNX5;MYO6;GDI2;YWHAH;GOLGA1;YWHAB;BLOC1S4;STXBP3;PAFAH1B1;NAA35;BET1L;BLOC1S1;ACTR2;COG7;SCOC;VAMP2;ITSN2;PTGES2;CYTH4;TRAPPC1;YWHAQ;IL7R;CTSC;RAB8B;HSPA8;UBC;PUM1;TRAPPC4;ZW10;AP1G2;DENND2D;KIF9;DYNLL1;BET1;EXOC1;BIN1;VPS37A;GAPVD1;DENND4C;RAB6A;COG6;NBAS;GOLGB1;COPB2;TBC1D7;PPP6R3;EPS15L1;CD59,wald_stat,Reactome_2022
MAP2K And MAPK Activation R-HSA-5674135,1.0312830234819226,0.8350941622917532,0.40540540540540543,ARAF;MAP2K1;VCL;APBB1IP;YWHAB;RAP1B,wald_stat,Reactome_2022
Regulation Of TP53 Activity R-HSA-5633007,-1.0308568254715589,0.7747831414212865,0.38253638253638256,GATAD2A;BRD7;AKT1;TAF11;CSNK2B;TAF10;PPP2CA;PIP4K2A;PRKAG1;PPP2CB;ING3;RHNO1;KMT5A;HIPK1;USP7;TAF15;CSNK2A2;TAF4;MDM4;PRKAG2;BRD1;UBB;MAPKAP1;MLST8;RAD9A,wald_stat,Reactome_2022
NoRC Negatively Regulates rRNA Expression R-HSA-427413,1.0297457087220272,0.8363275897296109,0.3769230769230769,HDAC1;UBTF;H2BC15;SMARCA5;TBP;GTF2H1;GTF2H3;H2AC6;POLR1H;CCNH;GTF2H5;POLR1D;TAF1B;H2AC4;POLR1E;SIN3B;H2BC9;H2BC12,wald_stat,Reactome_2022
Potential Therapeutics For SARS R-HSA-9679191,1.0289277873691474,0.8351927045041824,0.39805825242718446,FNTA;HDAC1;ITGA4;RBBP4;ATP1A3;PTGES3;IMPDH2;RIPK1;IFNAR1;NCK1;S1PR1;ARID4A;IFNAR2;KEAP1;FKBP4;MTA2;RBX1;REST,wald_stat,Reactome_2022
Signaling By Insulin Receptor R-HSA-74752,-1.0286538526065523,0.7784857860377018,0.39473684210526316,NRAS;TCIRG1;IRS2;ATP6V1H;ATP6V0C;PIK3R1,wald_stat,Reactome_2022
Unfolded Protein Response (UPR) R-HSA-381119,-1.0280224992154832,0.7772577279978578,0.4077868852459016,ATF4;HDGF;CEBPG;ERN1;MYDGF;TATDN2;CALR;DNAJB11;CREBRF;GSK3A;TSPYL2;WIPI1,wald_stat,Reactome_2022
IRE1alpha Activates Chaperones R-HSA-381070,-1.0279025722054804,0.7743272517227153,0.41431670281995664,HDGF;ERN1;MYDGF;TATDN2;DNAJB11;GSK3A;TSPYL2;WIPI1,wald_stat,Reactome_2022
Ion Transport By P-type ATPases R-HSA-936837,1.0274152886774057,0.8362398423356803,0.3911290322580645,ATP10D;ATP1A3;ATP2B4;ATP2A3,wald_stat,Reactome_2022
FLT3 Signaling In Disease R-HSA-9682385,1.0269014737246482,0.8340086816751205,0.44337811900191937,TRIP11;STAT5A;BCL2L1;PIK3CA;UBC;GOLGB1;PTPN11;ZMYM2;UBA52;FLT3LG,wald_stat,Reactome_2022
Drug ADME R-HSA-9748784,-1.025568874291152,0.7784098556799118,0.417910447761194,NUDT15;NT5C2;GUK1;GSTP1;VAV3;TPMT;GGT7;ADAL;SLC16A1;HPRT1;ABCB1,wald_stat,Reactome_2022
Regulation Of PTEN Gene Transcription R-HSA-8943724,-1.025398146720534,0.7756598106257737,0.4106090373280943,ATN1;GATAD2A;CBX4;EGR1;LAMTOR1;LAMTOR4;PHC2,wald_stat,Reactome_2022
Fc Epsilon Receptor (FCERI) Signaling R-HSA-2454202,1.0243893309190135,0.8386811286508026,0.41929499072356213,PPP3CB;UBE2D2;MAP2K4;RASGRP1;PRKCQ;JUN;PSMD2;NFATC2;RASGRP2;PSMD11;GRAP2;PSMB2;PLCG1;PPP3R1,wald_stat,Reactome_2022
Butyrate Response Factor 1 Binds And Destabilizes mRNA R-HSA-450385,-1.0234996423992007,0.7783839776675701,0.4077079107505071,MAPKAPK2;AKT1;DCP1A,wald_stat,Reactome_2022
Metabolism Of Nucleotides R-HSA-15869,1.0231487008329117,0.8387503301317196,0.4,DCK;DPYD;ADK;DUT;NUDT5;IMPDH2;RRM1;ADSS2;AK5;ADSL;GMPR2;AK6;NUDT18;CMPK1;DCTD;GMPS;TXNRD1;AK9;PFAS;NME4,wald_stat,Reactome_2022
Transmission Across Chemical Synapses R-HSA-112315,-1.021776675263143,0.780621123342381,0.3941176470588235,NRAS;GIT1;GNB1;ARHGEF7;PRKAG1;ADCY7;GNGT2;PRKCA;KPNA2;PRKAR2A;TSPOAP1;PRKCB;CASK;PRKAG2;ADCY9;CALM1;PLCB1;PLCB2;CACNB1;AP2A1;GNAI2;AP2A2;PRKX;STX1A,wald_stat,Reactome_2022
Recruitment Of NuMA To Mitotic Centrosomes R-HSA-380320,1.0204169836122405,0.8439411305626692,0.42768595041322316,CEP57;TUBA1A;CKAP5;CEP250;CNTRL;PAFAH1B1;PCNT;CEP290;HAUS1;CEP78;HAUS4;CDK5RAP2;SFI1;DYNLL1;PCM1;TUBB;ODF2;NME7;NUMA1;CEP76;CEP192,wald_stat,Reactome_2022
TP53 Regulates Transcription Of Additional Cell Cycle Genes With Uncertain Roles In P53 Pathway R-HSA-6804115,1.0202318615117834,0.8407159142241482,0.43653846153846154,CNOT7;CNOT3;NPM1,wald_stat,Reactome_2022
Signaling By RAF1 Mutants R-HSA-9656223,1.0190654743121406,0.840887857574296,0.43141153081510936,ARAF;MAP2K1;VCL;APBB1IP;YWHAB;RAP1B,wald_stat,Reactome_2022
Cytokine Signaling In Immune System R-HSA-1280215,-1.0184755713534122,0.7883153665256355,0.38276553106212424,MAP3K8;PTPN7;MAPKAPK2;CDC42;IFIT2;BCL6;VIM;UBE2M;NRAS;AKT1;RNF7;IRS2;HLA-DRB5;MX2;EGR1;RAPGEF1;IFNGR1;SOS2;PPP2CA;MAP2K3;TGFB1;MAPK9;GATA3;TIMP1;AURKAIP1;NUP54;TNIP2;LTA;STX3;LGALS9;CD70;PPP2CB;YES1;OAS1;BIRC2;TNFRSF9;MAP2K7;PSMF1;PTPRJ;NFKBIB;PRKCA;KPNA2;CCL5;EIF4A1;PKN2;PSMD6;CASP3;IFNLR1;IL4R;NCAM1;NUP133;PSMB6;IFI6;TNFRSF11A;N4BP1;SEH1L;IL15RA;PIK3R1;CCL4;ELOB;NFKB1;PSME4;USP18;ISG15;CUL5;SOCS1;ITGAM,wald_stat,Reactome_2022
Beta-catenin Phosphorylation Cascade R-HSA-196299,1.0179402030097262,0.8408462797419765,0.4393063583815029,PPP2R5A;PPP2R5D;PPP2R5C,wald_stat,Reactome_2022
Metabolism Of Lipids R-HSA-556833,1.017865996248832,0.8372826871300475,0.3867403314917127,KPNB1;MIA3;PRKACB;LBR;THRAP3;PIK3CG;SMPD1;PPP1CB;MED31;SEC23A;CERK;MTMR4;ELOVL6;STARD3NL;PTGES3;PNPLA2;GPAT4;PIKFYVE;ABHD3;CPNE3;PI4K2B;MED28;HADHA;PIP5K1A;CDIPT;FAM120B;ACBD5;AGPAT1;HACD2;LPCAT1;TAFAZZIN;RAN;CEPT1;PTGDS;CTSA;KDSR;HMGCS1;ACSL4;MTMR6;FAR1;LPCAT3;MIGA1;ARSG;HADH;HPGD;CROT;PRKD3;SMPD3;SLC44A2;PTGES2;ACADM;MCAT;SMPD4;PIK3CA;PTEN;INSIG2;HSD17B12;PHYH;PPP1CC;FDPS;GBA2;CPT1A;SELENOI;BDH2;VAPB;RORA;NCOA6;ALAS1;CRLS1;FDXR;INPP5D;PRKD2;GDPD5;LPIN2;SACM1L;PIK3R4;PPM1L;CHD9;PPARA;GLB1;AACS;ABHD4;RXRB;GPD2;SH2D3C;MMUT;SGPL1;FDFT1;PRKCSH;PIK3R2;MED16;AKR1C3;DHRS7B;TNFAIP8;MED7;MED24;PITPNM1;SIN3B;NR1H2;MED25;ACAA2;GDPD1;PIK3R3;ARV1;GLIPR1;CCNC;GGPS1;TXNRD1,wald_stat,Reactome_2022
Vesicle-mediated Transport R-HSA-5653656,1.0158910256764098,0.8400912351687359,0.401673640167364,CYTH1;SPTAN1;TRAPPC12;MIA3;CYTH2;MAN1A1;MON1B;ARF4;KIF2A;TRIP11;LNPEP;GDI1;VPS51;PREB;GCC2;HSPH1;COPS5;CAPZA1;YWHAZ;ADRB2;RAB10;RAB11A;SEC23A;CHMP5;CNIH1;SNX18;FNBP1;SH3GL1;ACTR3;COPS7A;MVB12A;TRAPPC6B;EPS15;LMAN1;KIF3B;ARCN1;COPB1;USO1;CLTC;TBC1D25;UBQLN1;KIF21A;FCHO1;RALA;AKT3;SNX5;MYO6;GDI2;YWHAH;GOLGA1;YWHAB;BLOC1S4;STXBP3;PAFAH1B1;NAA35;BET1L;BLOC1S1;ACTR2;COG7;SCOC;VAMP2;ITSN2;PTGES2;CYTH4;TRAPPC1;YWHAQ;IL7R;CTSC;RAB8B;HSPA8;UBC;PUM1;TRAPPC4;ZW10;AP1G2;DENND2D;KIF9;DYNLL1;BET1;EXOC1;BIN1;VPS37A;GAPVD1;DENND4C;RAB6A;COG6;NBAS;GOLGB1;COPB2;TBC1D7;PPP6R3;EPS15L1;CD59,wald_stat,Reactome_2022
Mitotic Spindle Checkpoint R-HSA-69618,1.0157584229717727,0.8367891654132644,0.43232323232323233,PPP2R5A;XPO1;CKAP5;KIF2A;PPP2R5D;PPP2R5C;ANAPC10;NDEL1;BUB3;CDC26;ZWILCH;NUP37;PAFAH1B1;TAOK1;PPP1CC;ZW10;DYNLL1;CDC16;NUP85,wald_stat,Reactome_2022
SUMOylation R-HSA-2990846,1.0151154572883074,0.8351819631892701,0.39299610894941633,HDAC1;NUP62;TRIM27;NSMCE3;NUP50;DDX5;SMC6;SUZ12;MBD1;DDX17;HNRNPK;DAXX;HERC2;PHC3;MDC1;CDKN2A;PARP1;NUP37;RAD52;SMC1A;NPM1;NUP58;ZNF131;SP100;RORA;UBA2;NUP188;NUP85;PPARA,wald_stat,Reactome_2022
Nuclear Envelope (NE) Reassembly R-HSA-2995410,1.0151143483620537,0.8314785024500962,0.42231075697211157,TUBA1A;KPNB1;NUP62;LBR;TMPO;RAN;VRK1;NUP37;CC2D1B;NUP58;NUP188;NUP85;TUBB;TUBA1C,wald_stat,Reactome_2022
Signaling By EGFR R-HSA-177929,-1.014394586305465,0.7981722798109159,0.41019955654101997,CDC42;NRAS;ARHGEF7;SPRY2;STAM,wald_stat,Reactome_2022
Homology Directed Repair R-HSA-5693538,1.0129824702705874,0.8347514806272227,0.41346153846153844,H2BC15;PPP4R2;RPA3;RFC5;POLK;PPP4C;RFC4;HERC2;MDC1;PARP1;RAD52;RAD17;UBC;ATRIP;MRE11;GEN1;ATM;TIMELESS;RNF8;RAD51C;H2BC9;NSD2;H2BC12,wald_stat,Reactome_2022
Synthesis Of PC R-HSA-1483191,-1.0129474963545795,0.7994220520174138,0.42436974789915966,CSNK2B;CHPT1;CSNK2A2;CHKB;LPIN1;PEMT,wald_stat,Reactome_2022
Signaling By Interleukins R-HSA-449147,-1.012710161820975,0.7969228900150946,0.4163265306122449,MAP3K8;PTPN7;MAPKAPK2;CDC42;BCL6;VIM;AKT1;IRS2;RAPGEF1;SOS2;PPP2CA;MAP2K3;TGFB1;MAPK9;GATA3;TIMP1;AURKAIP1;TNIP2;STX3;LGALS9;PPP2CB;YES1;MAP2K7;PSMF1;NFKBIB;PRKCA;CCL5;PKN2;PSMD6;CASP3;IFNLR1;IL4R;PSMB6;N4BP1;IL15RA;PIK3R1;CCL4;NFKB1;PSME4;USP18;SOCS1;ITGAM;IKBKB;UBB;LYN,wald_stat,Reactome_2022
PIP3 Activates AKT Signaling R-HSA-1257604,-1.0122850878945913,0.7951110134415179,0.4142857142857143,ATN1;GATAD2A;CBX4;AKT1;IRS2;PHLPP2;EGR1;IER3;CSNK2B;LAMTOR1;PPP2CA;LAMTOR4;PIP4K2A;PHC2;PPP2CB;BAD;RNMT;PSMF1;PSMD6;USP7;PSMB6;GSK3A;TNRC6A;AGO4;PIK3R1;CSNK2A2;AGO2;PSME4,wald_stat,Reactome_2022
MyD88:MAL(TIRAP) Cascade Initiated On Plasma Membrane R-HSA-166058,-1.011510095228621,0.7943617029349346,0.40717299578059074,MAP3K8;MAPKAPK2;PPP2CA;MAP2K3;MAPK9;TNIP2;PPP2CB;MAP2K7;NFKBIB;N4BP1;NFKB1;USP18;SOCS1;IKBKB;UBB;IRAK1;RIPK2;DUSP6,wald_stat,Reactome_2022
Cellular Response To Chemical Stress R-HSA-9711123,-1.0112086735022567,0.792051204906364,0.4185022026431718,ATF4;MAP1LC3B;AKT1;CREBBP;CSNK2B;NCOA1;CUL3;PSMF1;CARM1;COX7B;COX19;PRDX5;NOTCH1;PSMD6;COX5B;PSMB6;COX6A1;CSNK2A2;SURF1;PSME4;LRPPRC;TKT;UBB;GSTP1;P4HB;TBL1X;COX8A;MAFK;PSME2;PSMB3;PSMA1;NFE2L2,wald_stat,Reactome_2022
Condensation Of Prophase Chromosomes R-HSA-2299718,-1.0107485641125018,0.7904779483333682,0.4480651731160896,H2AJ;H2AX;KMT5A;H3-3B;MCPH1;H2AZ1,wald_stat,Reactome_2022
Sensory Processing Of Sound By Outer Hair Cells Of Cochlea R-HSA-9662361,1.0105062695314304,0.8392491148681759,0.4670433145009416,SPTAN1;RIPOR2;ATP2B4,wald_stat,Reactome_2022
KEAP1-NFE2L2 Pathway R-HSA-9755511,-1.0100997037929844,0.7893646482964246,0.4244306418219462,ATF4;MAP1LC3B;AKT1;CREBBP;CSNK2B;CUL3;PSMF1;NOTCH1;PSMD6;PSMB6;CSNK2A2;PSME4;TKT;UBB;MAFK;PSME2;PSMB3;PSMA1;NFE2L2;PSMD9;PSME1;TALDO1;NPLOC4;PSMC2;HMOX1;PSMD7;MUL1;PSMC3;TRIM21;GSR;SRXN1;PSMD3,wald_stat,Reactome_2022
Cyclin E Associated Events During G1/S Transition R-HSA-69202,1.0083575699150846,0.8424217360070972,0.44061302681992337,RBL2;RBBP4;PSMD2;MAX;PSMD11;CDKN1B;PSMB2;AKT3;E2F4;PSMD10;PSMD4;UBC;CCNH;RB1;PSMD13;TFDP1,wald_stat,Reactome_2022
RNA Polymerase II Pre-transcription Events R-HSA-674695,-1.006372070638836,0.7977200782255011,0.44251626898047725,ELOA;TAF11;TAF10;ERCC3;POLR2C;POLR2D;TAF15;NCBP1;ELOB;POLR2G;TAF4;ELL;MNAT1;CCNT1;CDK7;POLR2E;CCNT2;NELFCD;NELFA;RTF1;POLR2J;TAF3;CDK9,wald_stat,Reactome_2022
SUMO E3 Ligases SUMOylate Target Proteins R-HSA-3108232,1.0061545249019663,0.8459822156677754,0.4191033138401559,HDAC1;NUP62;TRIM27;NSMCE3;NUP50;DDX5;SMC6;SUZ12;MBD1;DDX17;HNRNPK;DAXX;HERC2;PHC3;MDC1;CDKN2A;PARP1;NUP37;RAD52;SMC1A;NPM1;NUP58;ZNF131;SP100;RORA;NUP188;NUP85;PPARA,wald_stat,Reactome_2022
HCMV Infection R-HSA-9609646,1.0058324267031182,0.8433508454027558,0.43079922027290446,NUP62;H2BC15;NUP50;RBBP4;SUZ12;DUT;MVB12A;HNRNPK;DAXX;H2AC6;RRM1;NUP37;CHMP1A;H2AC11;NUP58;CREB1;DYNLL1;VPS37A;NUP188;NUP85;H2AC4,wald_stat,Reactome_2022
RND3 GTPase Cycle R-HSA-9696264,-1.0041913959577282,0.8013186409072066,0.4551282051282051,ARHGAP21;NISCH;SEMA4F;ARHGAP5;PIK3R1,wald_stat,Reactome_2022
Mitochondrial tRNA Aminoacylation R-HSA-379726,1.004142512530896,0.8451214882533241,0.4696132596685083,QARS1;RARS2;PPA2;IARS2;WARS2;MARS2,wald_stat,Reactome_2022
Notch-HLH Transcription Pathway R-HSA-350054,1.0036526712686524,0.8431851273127597,0.4406779661016949,MAML1;HDAC1;HDAC8;HDAC5;KAT2A;HDAC6,wald_stat,Reactome_2022
G2/M Transition R-HSA-69275,1.0034062470700735,0.8403627509952472,0.4446601941747573,CEP57;TUBA1A;XPO1;CKAP5;RBBP4;CEP250;PSMD2;PPP1CB;PSMD11;PSMB2;CNTRL;CDC25B;PAFAH1B1;PCNT;PHLDA1;CEP290;HAUS1;CEP78;HAUS4;PSMD10;PSMD4;UBC;CCNH;CDK5RAP2;RBX1;SFI1;DYNLL1;PCM1;LCMT1;PSMD13;TUBB,wald_stat,Reactome_2022
Inflammasomes R-HSA-622312,-1.003213779244291,0.8012484044269262,0.4468937875751503,PSTPIP1;NFKB1;P2RX7;NLRP1;HMOX1,wald_stat,Reactome_2022
TP53 Regulates Transcription Of DNA Repair Genes R-HSA-6796648,-1.002915241711067,0.7988567255434365,0.4589473684210526,ELOA;ERCC3;POLR2C;POLR2D;ELOB;POLR2G;ELL;MNAT1;CCNT1;CDK7;POLR2E;CCNT2;NELFCD;NELFA;POLR2J;CDK12;CDK9,wald_stat,Reactome_2022
Transcriptional Regulation By Small RNAs R-HSA-5578749,-1.0024441217235074,0.797126933139894,0.46234309623430964,H2AJ;H2AX;NUP54;POLR2C;POLR2D;H3-3B;NUP133;TNRC6A;SEH1L;POLR2G;AGO2;H2AZ1;SEC13,wald_stat,Reactome_2022
Toll-like Receptor Cascades R-HSA-168898,1.0022017925197135,0.8406309202956271,0.46588693957115007,PTPN4;MAPK14;S100A8;UBE2D2;MAP2K4;S100A9;PPP2R5D;MAP2K1;JUN;SARM1;USP14;IRAK4;GSDMD;RIPK1;LRRC14;EEA1;IRF3;UBC;CREB1;SIGIRR;PIK3R4;UBE2D3;MEF2A;MAPK8;PTPN11;TIRAP;TIFA;HMGB1;TP53;FADD;NKIRAS2,wald_stat,Reactome_2022
Citric Acid Cycle (TCA Cycle) R-HSA-71403,-1.0011763736667878,0.7979098969912495,0.45625,CS;SDHB;DLST;SDHA;IDH2;IDH3G;IDH3B;SDHD;SUCLG1;LDLR,wald_stat,Reactome_2022
Paradoxical Activation Of RAF Signaling By Kinase Inactive BRAF R-HSA-6802955,0.9993239787498122,0.8464406656490971,0.45841784989858014,ARAF;MAP2K1;VCL;APBB1IP;YWHAB;RAP1B,wald_stat,Reactome_2022
AUF1 (hnRNP D0) Binds And Destabilizes mRNA R-HSA-450408,0.9989225740176483,0.8441000669269357,0.45627376425855515,PSMD2;HNRNPD;PSMD11;HSPB1;PSMB2;PSMD10;EIF4G1;PABPC1;PSMD4;HSPA8;UBC,wald_stat,Reactome_2022
Sealing Of Nuclear Envelope (NE) By ESCRT-III R-HSA-9668328,-0.9984176365649337,0.8032675657726229,0.48111332007952284,CHMP4B;TUBB4B;CHMP2B;CHMP2A;TUBA4A;TUBB2A;VPS4A,wald_stat,Reactome_2022
Interleukin-2 Family Signaling R-HSA-451927,0.9981702630308384,0.8429517152141582,0.4406779661016949,STAT3;STAT4;IL5RA;STAT5A;HAVCR2;LCK;PIK3CA;INPP5D;PIK3R2;PIK3R3,wald_stat,Reactome_2022
Mitotic G2-G2/M Phases R-HSA-453274,0.9971631598230976,0.8425527402424814,0.46257197696737046,CEP57;TUBA1A;XPO1;CKAP5;RBBP4;CEP250;PSMD2;PPP1CB;PSMD11;PSMB2;CNTRL;CDC25B;PAFAH1B1;PCNT;PHLDA1;CEP290;HAUS1;CEP78;HAUS4;PSMD10;PSMD4;UBC;CCNH;CDK5RAP2;RBX1;SFI1;DYNLL1;PCM1;LCMT1;PSMD13;TUBB,wald_stat,Reactome_2022
GTP Hydrolysis And Joining Of 60S Ribosomal Subunit R-HSA-72706,0.9971626343499418,0.8390313967621262,0.4634615384615385,EIF3A;EIF4B;EIF2S1;EIF3L;EIF3E;EIF4A2;EIF4G1,wald_stat,Reactome_2022
Signaling By NOTCH1 R-HSA-1980143,0.9959190503246926,0.8396632077070487,0.4665391969407266,MAML1;HDAC1;HDAC8;PSEN1;HIF1A;HDAC5;ITCH;ADAM10;KAT2A;TLE3;HDAC6;UBC;TLE1;RBX1,wald_stat,Reactome_2022
MTOR Signaling R-HSA-165159,0.9954532735995494,0.83776257623722,0.46833013435700577,STRADA;RRAGA;EIF4B;YWHAB;EEF2K;EIF4G1;SLC38A9;PPM1A;AKT1S1;MTOR;RRAGB,wald_stat,Reactome_2022
Neuronal System R-HSA-112316,0.9950980352105653,0.8354214904044899,0.4599236641221374,PRKACB;PRKAR1A;ARL6IP5;EPB41;KCNA3;KCNAB2;SLC1A7;NPTN;MYO6;NCALD;GNG10;VAMP2;SIPA1L1;LIN7B;PPFIA1;SHARPIN;PICK1;HSPA8;ABAT;CREB1;IL1RAP;DLG1;PDLIM5;SH2D3C;APBA3;DLGAP4;AP2B1,wald_stat,Reactome_2022
Toll Like Receptor 4 (TLR4) Cascade R-HSA-166016,0.9943054920148242,0.8346074285229621,0.4752851711026616,PTPN4;MAPK14;S100A8;UBE2D2;MAP2K4;S100A9;PPP2R5D;MAP2K1;JUN;SARM1;USP14;IRAK4;RIPK1;LRRC14,wald_stat,Reactome_2022
Gap-filling DNA Repair Synthesis And Ligation In TC-NER R-HSA-6782210,0.9942444366715664,0.8314287185828324,0.4671814671814672,RPA3;RFC5;POLK;GTF2H1;RFC4;ZNF830;GTF2H3;ERCC8;POLR2I;UBC;CCNH;RBX1;GTF2H5,wald_stat,Reactome_2022
Interleukin-10 Signaling R-HSA-6783783,-0.9936533031087109,0.815101650484716,0.44583333333333336,TIMP1;CCL5;CCL4;IL18;TYK2;ICAM1,wald_stat,Reactome_2022
mRNA Decay By 3 To 5 Exoribonuclease R-HSA-429958,0.9930413619627338,0.8319038741961736,0.45864661654135336,EXOSC2;EXOSC3;EXOSC8;DIS3,wald_stat,Reactome_2022
Cell Surface Interactions At Vascular Wall R-HSA-202733,0.9924455394134862,0.8302707084221893,0.45873320537428025,ITGA4;S100A9;GLG1;CD47;PLCG1;SELPLG;CD48;LCK;PIK3CA;PICK1;SLC16A3;ITGA6;INPP5D;PPIL2;CD2;PIK3R2;PTPN11;SLC7A6,wald_stat,Reactome_2022
M Phase R-HSA-68886,0.9920628084717961,0.8281730160299271,0.4707070707070707,CEP57;TUBA1A;PPP2R5A;KPNB1;XPO1;CKAP5;KIF2A;NUP62;H2BC15;LBR;NUP50;NEK9;PPP2R5D;TMPO;CEP250;PSMD2;PSMD11;PPP2R5C;ANAPC10;NEK7;NDEL1;HDAC8;PSMB2;USO1;BUB3;RAN;H2AC6;CDC26;CNTRL;ZWILCH;VRK1;NUP37;PAFAH1B1;PCNT;CEP290;SMC1A;HAUS1;CEP78;HAUS4;TAOK1;PSMD10;BLZF1;CC2D1B;NUP58;PSMD4;PPP1CC;UBC;NIPBL;CDK5RAP2;ZW10;SFI1;DYNLL1;PCM1;LPIN2;RB1;NUP188;PSMD13;CDC16;NUP85;TUBB;TUBA1C,wald_stat,Reactome_2022
SUMOylation Of DNA Damage Response And Repair Proteins R-HSA-3108214,0.9914667911482613,0.8266141122356422,0.4959349593495935,NUP62;NSMCE3;NUP50;SMC6;HERC2;PHC3;MDC1;CDKN2A;PARP1;NUP37;RAD52;SMC1A;NUP58;SP100;NUP188;NUP85,wald_stat,Reactome_2022
Regulation Of TP53 Degradation R-HSA-6804757,-0.9907192611946842,0.8209913856587788,0.43870967741935485,AKT1;PPP2CA;PPP2CB;USP7;MDM4;UBB;MAPKAP1;MLST8,wald_stat,Reactome_2022
Signaling By CSF3 (G-CSF) R-HSA-9674555,-0.9903862267217016,0.8189430430557892,0.4769874476987448,NRAS;RNF7;ELOB;CUL5;SOCS1;UBB;LYN,wald_stat,Reactome_2022
HIV Infection R-HSA-162906,-0.9895135992421641,0.8186068693885818,0.4837310195227766,ELOA;VPS37B;TAF11;ATP6V1H;TAF10;CHMP4B;FURIN;ERCC3;NUP54;POLR2C;CHMP2B;POLR2D;RNMT;PSMF1;PKN2;PSMD6;AP1S1;TAF15;NCBP1;NUP133;PSMB6;SEH1L;ELOB;POLR2G;TAF4;PSME4;ELL;CUL5;MNAT1;CCNT1;UBAP1;UBB;CDK7;SEC13;SLC25A5;POLR2E;PSME2;CHMP2A;PSMB3;PSMA1;DOCK2;CCNT2;NELFCD;KPNA1;VPS4A;NELFA;POM121;POLR2J;AP2A1;PSMD9;XRCC4;PSME1;TAF3,wald_stat,Reactome_2022
C-type Lectin Receptors (CLRs) R-HSA-5621481,-0.9890048968273769,0.8170303572247716,0.455531453362256,PKN1;UBE2M;NRAS;CARD11;CREBBP;ARHGEF7;PSMF1;PRKCA;PKN2;PSMD6;PSMB6;NFKB1;PSME4;NFATC1;IKBKB;UBB;LYN;CALM1;PSME2;PSMB3;PSMA1,wald_stat,Reactome_2022
Negative Epigenetic Regulation Of rRNA Expression R-HSA-5250941,0.9887484468718545,0.8320694162537071,0.45981308411214955,HDAC1;UBTF;H2BC15;SMARCA5;TBP;GTF2H1;GTF2H3;H2AC6;POLR1H;CCNH;GTF2H5;POLR1D;TAF1B;H2AC4;POLR1E;SIN3B;H2BC9;H2BC12,wald_stat,Reactome_2022
MAPK6/MAPK4 Signaling R-HSA-5687128,-0.9882628805641548,0.8162185754378318,0.4811715481171548,PKN1;CDC42;ARHGEF7;PSMF1;PRKCA;PKN2;PSMD6;PSMB6;TNRC6A;AGO4;AGO2;PSME4;CDC14A;UBB;PSME2;PSMB3;PSMA1,wald_stat,Reactome_2022
Uptake And Actions Of Bacterial Toxins R-HSA-5339562,-0.98783434704744,0.8145746178403975,0.4383838383838384,MAP2K2;FURIN;MAP2K3;MAP2K7,wald_stat,Reactome_2022
TBC/RABGAPs R-HSA-8854214,-0.9875863672501835,0.8122485510145977,0.4892367906066536,RAB5C;MAP1LC3B;ULK1;TBC1D20;OPTN;ARF6;TBC1D10A,wald_stat,Reactome_2022
Centrosome Maturation R-HSA-380287,0.9870703633896071,0.8341122423705172,0.4657258064516129,CEP57;TUBA1A;CKAP5;CEP250;CNTRL;PAFAH1B1;PCNT;CEP290;HAUS1;CEP78;HAUS4;CDK5RAP2;SFI1;DYNLL1;PCM1;TUBB,wald_stat,Reactome_2022
Role Of Nef In HIV-1 Replication And Disease Pathogenesis R-HSA-164952,-0.9847196642870456,0.8183283818322301,0.4796747967479675,ATP6V1H;PKN2;AP1S1;DOCK2;AP2A1;AP2A2;AP1G1;AP2M1;AP1S2,wald_stat,Reactome_2022
Leishmania Infection R-HSA-9658195,0.9843730808073327,0.8393387562526751,0.5116731517509727,MAPK14;PRKACB;PRKAR1A;NCKAP1L;PTGER2;JUN;ADRB2;CYFIP2;CRK;ACTR3;PLCG1;GSDMD;GNG10;WASF2;NCK1;AHCYL1;RHBDF2;ACTR2,wald_stat,Reactome_2022
PKMTs Methylate Histone Lysines R-HSA-3214841,0.9838152643961207,0.8378358161238919,0.5,RBBP4;SUZ12;ASH1L;EHMT1;SETDB2;AEBP2;SMYD3;EHMT2;DPY30;ATF7IP;ASH2L;NSD2;KMT5C;NSD3,wald_stat,Reactome_2022
TNFR2 Non-Canonical NF-kB Pathway R-HSA-5668541,-0.9825637241253197,0.8218277265650005,0.5031055900621118,UBE2M;LTA;CD70;BIRC2;TNFRSF9;PSMF1;PSMD6;PSMB6;TNFRSF11A;PSME4;UBB;PSME2;PSMB3;PSMA1;BIRC3;RELB;PSMD9;PSME1,wald_stat,Reactome_2022
SARS-CoV-2 Activates/Modulates Innate And Adaptive Immune Responses R-HSA-9705671,0.9817643296002658,0.8410014398133245,0.4934579439252336,G3BP1;TRIM4;NUP62;NUP50;SEC23A;TOMM70;CNBP;IFNAR1;STING1;SIKE1;NUP37;G3BP2;IFNAR2;NUP58;IRF3;RIGI;PIK3R4;NUP188;NUP85,wald_stat,Reactome_2022
Packaging Of Telomere Ends R-HSA-171306,-0.9814050027979614,0.8225812726632248,0.488,H2AJ;TERF1;H2AX,wald_stat,Reactome_2022
Sensory Perception R-HSA-9709957,-0.9810386103312413,0.8206199877806761,0.48185483870967744,TWF1;RNF7;GNB1;C1D;METAP2;PRKCA;LRP8;WHRN;DHRS3;CAPZA2;CASK;TWF2;PDE6G;RDH10;CALM1;TRIOBP;PDE6B;PLCB2;ATP2B1;ITPR3;GSN;STX1A;KIF20B;CTBP2,wald_stat,Reactome_2022
"Platelet Activation, Signaling And Aggregation R-HSA-76002",0.9804473128423209,0.8420290282028112,0.5281954887218046,MAPK14;RASGRP1;PRKCQ;FAM3C;PIK3CG;TMX3;YWHAZ;ENDOD1;PLEK;SOD1;CRK;RASGRP2;ANXA5;VCL;PIKFYVE;APBB1IP;PTPN1;GNG10;STXBP3;RAP1B;TAGLN2;F2R;LCK;PIK3CA;CAP1,wald_stat,Reactome_2022
Diseases Of Glycosylation R-HSA-3781865,-0.980060495912318,0.8205173951547533,0.47708333333333336,CHSY1;GALNT3;NOTCH1;LFNG;POMT1;B3GALT6;ADAMTS10;EXT1;DPM1;ALG12;B3GAT3;ADAMTS1;ALG9;NUS1;B4GALT7,wald_stat,Reactome_2022
Transcriptional Regulation By RUNX3 R-HSA-8878159,-0.9797583419929303,0.8184175034549378,0.512987012987013,RUNX3;NRAS;TCF7;CREBBP;SNW1;TGFB1;BRD2;PSMF1;NOTCH1;PSMD6;PSMB6,wald_stat,Reactome_2022
Synthesis Of Active Ubiquitin: Roles Of E1 And E2 Enzymes R-HSA-8866652,-0.9794550344559441,0.8162628285274466,0.47890295358649787,OTULIN;UCHL3;USP7;UBE2G2;UBE2S;UBB;UBA6;UBA1,wald_stat,Reactome_2022
Regulation Of TP53 Expression And Degradation R-HSA-6806003,-0.9790294435935823,0.8145916813560696,0.4625267665952891,AKT1;PPP2CA;PPP2CB;USP7;MDM4;UBB;MAPKAP1;MLST8,wald_stat,Reactome_2022
NOTCH1 Intracellular Domain Regulates Transcription R-HSA-2122947,0.9786835399515247,0.8442539784298133,0.47191011235955055,MAML1;HDAC1;HDAC8;HIF1A;HDAC5;KAT2A;TLE3;HDAC6;UBC;TLE1;RBX1,wald_stat,Reactome_2022
Signaling By PDGF R-HSA-186797,-0.978233441730745,0.8141052360573402,0.47608695652173916,NCK2;NRAS;RAPGEF1;FURIN,wald_stat,Reactome_2022
Anti-inflammatory Response Favoring Leishmania Infection R-HSA-9662851,0.9775002675936555,0.8448630742481327,0.497164461247637,MAPK14;PRKACB;PRKAR1A;PTGER2;ADRB2;PLCG1;GNG10;AHCYL1;RHBDF2;CD247;CREB1;MC1R,wald_stat,Reactome_2022
Biosynthesis Of N-glycan Precursor (Dolichol LLO) And Transfer To Protein R-HSA-446193,0.9770382565372882,0.8429716671925984,0.4821092278719397,ST8SIA4;ALG13;ST6GAL1;CTSA;CMAS;ST3GAL1;ALG6;DPAGT1;ALG3;GLB1;GMDS;ALG1;PGM3;ST3GAL5;FCSK;DOLPP1;ST3GAL2;SLC35C1;ALG11;FPGT;ST3GAL3,wald_stat,Reactome_2022
Budding And Maturation Of HIV Virion R-HSA-162588,-0.9768894143975979,0.8154015295223306,0.4855371900826446,VPS37B;CHMP4B;CHMP2B;UBAP1;UBB;CHMP2A;VPS4A,wald_stat,Reactome_2022
Cleavage Of Damaged Purine R-HSA-110331,-0.9759171927056398,0.8152547961219463,0.4789579158316633,H2AJ;TERF1;H2AX,wald_stat,Reactome_2022
Signaling By ERBB2 In Cancer R-HSA-1227990,0.9733752693525868,0.8506851777799942,0.5064220183486239,ERBIN;ERBB2;PLCG1;PIK3CA,wald_stat,Reactome_2022
Vpr-mediated Nuclear Import Of PICs R-HSA-180910,0.9731725889518625,0.8480289874520017,0.4941860465116279,NUP62;NUP50;NUP37;PSIP1;NUP58;NUP188;NUP85;NUP42;HMGA1;NUP107;NUP93,wald_stat,Reactome_2022
Netrin-1 Signaling R-HSA-373752,0.972980489674888,0.8453127052587351,0.5179584120982986,MAPK14;PRKCQ;PLCG1;NCK1;NEO1;EZR;MAPK8;PTPN11,wald_stat,Reactome_2022
NS1 Mediated Effects On Host Pathways R-HSA-168276,0.9712696390985585,0.8473390180504529,0.5057915057915058,KPNB1;KPNA3;NUP62;NUP50;NUP37;NUP58;GNL3;NUP188;NUP85,wald_stat,Reactome_2022
Antigen Processing: Ubiquitination And Proteasome Degradation R-HSA-983168,-0.9710884645758516,0.8265969527382732,0.5198329853862212,FBXO44;ZNRF2;UBE2M;RNF7;UBOX5;FBXW7;FBXL12;UBR1;ATG7;UBE2Q1;CUL3;MYLIP;ANAPC11;PSMF1;PSMD6;BTBD6;RNF19B;RNF130;MIB2;FBXL18;PSMB6;FBXO31;MEX3C;ELOB;FBXO9;UBE2G2;ARIH2;PSME4;RNF115;CUL5;SOCS1;FBXO11;UBE2S;UBB;TPP2;UBA6;FBXL5;UBA1;ASB6;DCAF1;RBBP6;KLHL2;DTX3L;PSME2;PSMB3;SMURF1;PSMA1;HERC5,wald_stat,Reactome_2022
MAPK Targets/ Nuclear Events Mediated By MAP Kinases R-HSA-450282,-0.9707540628032186,0.8246049163416012,0.5102040816326531,MAPKAPK2;PPP2CA;MAPK9;PPP2CB,wald_stat,Reactome_2022
Activation Of NF-kappaB In B Cells R-HSA-1169091,-0.9703149717571914,0.8229284384332921,0.5206611570247934,CARD11;PSMF1;NFKBIB;PSMD6;PSMB6;NFKB1;PSME4;PRKCB;IKBKB;UBB;PSME2;REL;PSMB3;PSMA1;PSMD9;PSME1;NFKBIE;PSMC2;PSMD7;PSMC3,wald_stat,Reactome_2022
HDR Thru Homologous Recombination (HRR) Or Single Strand Annealing (SSA) R-HSA-5693567,0.9693130273994757,0.8500036670757006,0.51953125,H2BC15;PPP4R2;RPA3;RFC5;POLK;PPP4C;RFC4;HERC2;MDC1;RAD52;RAD17;UBC;ATRIP;MRE11;GEN1;ATM;TIMELESS;RNF8;RAD51C;H2BC9;NSD2;H2BC12,wald_stat,Reactome_2022
RHOBTB2 GTPase Cycle R-HSA-9013418,0.969021871148477,0.8475750065664684,0.5028571428571429,STK38;TMOD3;CCT6A;MYO6;RBMX;CCT2;CCT7,wald_stat,Reactome_2022
Detoxification Of Reactive Oxygen Species R-HSA-3299685,0.9669418626527081,0.8508890545418202,0.5173076923076924,CYCS;SOD1;PRDX2;NUDT2,wald_stat,Reactome_2022
RHO GTPases Activate Formins R-HSA-5663220,-0.9665875220851254,0.8311880523042615,0.5090543259557344,MAPRE1;CENPP;CDC42;DYNLL2;PPP2CA;RHOC;PPP2CB;NUP133;DYNC1LI1;SEH1L;CENPT;DYNC1LI2,wald_stat,Reactome_2022
RHOH GTPase Cycle R-HSA-9013407,-0.9662622092910271,0.8291972136896815,0.512396694214876,PKN1;ARHGDIA;LAMTOR1;PKN2;NSFL1C,wald_stat,Reactome_2022
Oncogenic MAPK Signaling R-HSA-6802957,0.96606450463083,0.8504217728504464,0.5117647058823529,ARAF;MAP2K1;PPP1CB;VCL;DUSP16;FAM114A2;APBB1IP;YWHAB;RAP1B;SND1;PPP1CC;TRIM24;AGGF1;RAP1A;ZC3HAV1,wald_stat,Reactome_2022
Dual Incision In TC-NER R-HSA-6782135,0.964656398562299,0.8513139246975461,0.5400763358778626,RPA3;RFC5;POLK;GTF2H1;RFC4;ZNF830;GTF2H3;ERCC8;POLR2I;UBC;CCNH;RBX1;GTF2H5,wald_stat,Reactome_2022
Transport Of Mature mRNA Derived From An Intronless Transcript R-HSA-159231,-0.961928262640333,0.8390229474440891,0.5095137420718816,ALYREF;WDR33;NUP54;NCBP1;NUP133;SEH1L,wald_stat,Reactome_2022
HDACs Deacetylate Histones R-HSA-3214815,0.9617961876262493,0.856636855575058,0.5138888888888888,HDAC1;H2BC15;RBBP4;HDAC8;H2AC6;H2AC11;ARID4A;MTA2;REST;H2AC4;H2BC9;BRMS1L;H2BC12,wald_stat,Reactome_2022
DAG And IP3 Signaling R-HSA-1489509,-0.9613528968287328,0.8378486965896317,0.5181236673773987,GRK2;ADCY7;PRKCA;KPNA2;PRKAR2A;ADCY9;CALM1,wald_stat,Reactome_2022
Cell-Cell Communication R-HSA-1500931,0.9608253707539196,0.8562598854402848,0.5241635687732342,SPTAN1;ARHGEF6;CD47;CADM1;NCK1;PIK3CA;ILK;ITGA6;PATJ;VASP;CTNNB1;PALS1;PIK3R2;SKAP2;PTPN11,wald_stat,Reactome_2022
Glycolysis R-HSA-70171,0.9598956419974344,0.8559210953227815,0.5188679245283019,PRKACB;NUP62;NUP50;PPP2R5D;HOOK2;PFKP;NUP37;MAP4K2;GNPDA2;NUP58;PKM;NUP188;NUP85,wald_stat,Reactome_2022
Retrograde Transport At Trans-Golgi-Network R-HSA-6811440,-0.9591189841210758,0.8416284497037378,0.5401174168297456,NAPG;VPS53;IGF2R;COG3;SYS1;VTI1A;VPS54,wald_stat,Reactome_2022
PTEN Regulation R-HSA-6807070,-0.9584958380963768,0.8404458263210688,0.558282208588957,ATN1;GATAD2A;CBX4;AKT1;EGR1;CSNK2B;LAMTOR1;LAMTOR4;PHC2;PSMF1;PSMD6;USP7;PSMB6;TNRC6A;AGO4;CSNK2A2;AGO2;PSME4,wald_stat,Reactome_2022
Constitutive Signaling By Ligand-Responsive EGFR Cancer Variants R-HSA-1236382,-0.9578471007228724,0.8393607784706418,0.49330357142857145,NRAS;PIK3R1;UBB;CDC37;SHC1,wald_stat,Reactome_2022
CTLA4 Inhibitory Signaling R-HSA-389513,0.9575939662639725,0.8597086246579786,0.5201612903225806,PPP2R5A;PPP2R5D;PPP2R5C;AKT3;LCK,wald_stat,Reactome_2022
Oxygen-dependent Proline Hydroxylation Of Hypoxia-inducible Factor Alpha R-HSA-1234176,0.957294527226526,0.8573966144829029,0.5146198830409356,UBE2D2;PSMD2;PSMD11;EGLN1;PSMB2;HIF1A;PSMD10;PSMD4;UBC;RBX1;PSMD13;LIMD1;PSMA5;UBE2D3;PSME3;PSMB5,wald_stat,Reactome_2022
Postmitotic Nuclear Pore Complex (NPC) Reformation R-HSA-9615933,0.955632363858776,0.8591775986098725,0.546875,KPNB1;NUP62;RAN;NUP37;NUP58;NUP188;NUP85,wald_stat,Reactome_2022
S Phase R-HSA-69242,0.9548817234834028,0.8581951666726595,0.5762081784386617,RBL2;RBBP4;PSMD2;MAX;PSMD11;RPA3;ANAPC10;MCM3;RFC5;CDKN1B;PSMB2;RFC4;AKT3;E2F4;CDC26;CDC25B;SMC1A;PSMD10;PSMD4;UBC;CCNH;RBX1;RB1;PSMD13;CDC16;TFDP1,wald_stat,Reactome_2022
Diseases Of Mitotic Cell Cycle R-HSA-9675126,0.951074155114428,0.8664307512332368,0.5218253968253969,ANAPC10;CDKN1B;DAXX;ATRX;CDC26;RB1;CDC16;TFDP1;CCND3;UBE2E1;CCND2,wald_stat,Reactome_2022
Negative Regulators Of DDX58/IFIH1 Signaling R-HSA-936440,0.9508810492517271,0.8639687413708715,0.5338078291814946,UBE2D2;TRIM4;ATG5;ITCH;IRF3;UBC;RIGI;UBA7;UBE2D3,wald_stat,Reactome_2022
Defective TPR May Confer Susceptibility Towards Thyroid Papillary Carcinoma (TPC) R-HSA-5619107,0.9495528844861097,0.8649967097562954,0.5507518796992481,NUP62;NUP50;NUP37;MAP4K2;NUP58;NUP188;NUP85;NUP42;NUP107;NUP93,wald_stat,Reactome_2022
Signaling By NOTCH R-HSA-157118,0.9490887428146006,0.8632172795373277,0.5890151515151515,MAML1;HDAC1;H2BC15;JUN;PSMD2;IKZF1;YWHAZ;PSMD11;GZMB;ATP2A3;HDAC8;PSMB2;PSEN1;HIF1A;HDAC5;H2AC6;ITCH;POFUT1;ADAM10;ACTA2;PSMD10;MFNG;KAT2A;PSMD4;TLE3;HDAC6;UBC;YBX1;TLE1;RBX1;CREB1;PSMD13;TFDP1;RAB6A;SMAD3;H2AC4,wald_stat,Reactome_2022
Intra-Golgi And Retrograde Golgi-to-ER Traffic R-HSA-6811442,0.947899170961188,0.8637647313480611,0.5963855421686747,CYTH1;CYTH2;MAN1A1;ARF4;KIF2A;TRIP11;VPS51;GCC2;CAPZA1;KIF3B;ARCN1;COPB1;KIF21A;GOLGA1;PAFAH1B1;NAA35;BET1L;COG7;SCOC;PTGES2;CYTH4;ZW10;KIF9;DYNLL1;RAB6A;COG6;NBAS;COPB2,wald_stat,Reactome_2022
TNFR1-induced NFkappaB Signaling Pathway R-HSA-5357956,-0.9477392883260368,0.8667436440330556,0.5394456289978679,BIRC2;USP4;IKBKB;USP25;TRAF1;BIRC3,wald_stat,Reactome_2022
Insulin Receptor Recycling R-HSA-77387,-0.9446734779963661,0.8728384552859334,0.5548245614035088,TCIRG1;ATP6V1H;ATP6V0C;ATP6V1G1,wald_stat,Reactome_2022
Transport Of Mature mRNAs Derived From Intronless Transcripts R-HSA-159234,-0.9437957837988761,0.8723908891882409,0.5458422174840085,ALYREF;WDR33;NUP54;NCBP1;NUP133;SEH1L,wald_stat,Reactome_2022
Major Pathway Of rRNA Processing In Nucleolus And Cytosol R-HSA-6791226,-0.9436491115697618,0.8698240616305053,0.5811088295687885,DDX52;KRR1;BYSL;NOL12;UTP3;C1D;EXOSC10;CSNK1D;ISG20L2;PDCD11;RIOK3;LTV1;WDR36;RSL24D1;SENP3;PNO1;CSNK1E;BUD23;UTP11,wald_stat,Reactome_2022
Transcription-Coupled Nucleotide Excision Repair (TC-NER) R-HSA-6781827,0.9425392286677614,0.8762669663796209,0.5451197053406999,COPS5;RPA3;COPS7A;RFC5;POLK;GTF2H1;RFC4;ZNF830;GTF2H3;ERCC8;POLR2I;UBC;CCNH;RBX1;GTF2H5,wald_stat,Reactome_2022
Selenoamino Acid Metabolism R-HSA-2408522,0.9401952873400344,0.879951924061807,0.535645472061657,DARS1;QARS1;SARS1;EPRS1;TXNRD1;EEFSEC;IARS1;UBA52;SEPHS2,wald_stat,Reactome_2022
Transferrin Endocytosis And Recycling R-HSA-917977,-0.9401478762707994,0.8772948782688791,0.5336134453781513,TCIRG1;ATP6V1H;ATP6V0C;ATP6V1G1,wald_stat,Reactome_2022
Insulin Processing R-HSA-264876,0.9388729327673659,0.8807218424819332,0.5414937759336099,VAMP2;EXOC1;SLC30A6;EXOC2,wald_stat,Reactome_2022
Formation Of beta-catenin:TCF Transactivating Complex R-HSA-201722,-0.9384976975290754,0.8791444432704031,0.5618448637316562,RUNX3;H2AJ;TCF7;CREBBP;H2AX;H3-3B;TLE4;H2AZ1,wald_stat,Reactome_2022
Separation Of Sister Chromatids R-HSA-2467813,0.9376113806232046,0.8811893321809631,0.594704684317719,PPP2R5A;XPO1;CKAP5;KIF2A;PPP2R5D;PSMD2;PSMD11;PPP2R5C;ANAPC10;NDEL1;HDAC8;PSMB2;BUB3;CDC26;ZWILCH;NUP37;PAFAH1B1;SMC1A;TAOK1;PSMD10;PSMD4;PPP1CC;UBC;ZW10;DYNLL1;PSMD13;CDC16;NUP85,wald_stat,Reactome_2022
Metabolism Of Steroids R-HSA-8957322,-0.9365102945915417,0.8822944715660292,0.6236786469344608,SEC24C;CREBBP;FASN;SEC24B;NCOA1;CARM1;OSBPL7;STARD4;TSPOAP1;SEC24A;MVD;SREBF1;TSPO;STARD3;INSIG1;TBL1X;PMVK,wald_stat,Reactome_2022
mRNA Splicing - Minor Pathway R-HSA-72165,-0.9363232082239397,0.8799494217615705,0.5496957403651116,SF3B6;EFTUD2;POLR2C;POLR2D;NCBP1;POLR2G;SNRNP25;SRSF2;ZCRB1;POLR2E;ZRSR2;POLR2J,wald_stat,Reactome_2022
MicroRNA (miRNA) Biogenesis R-HSA-203927,-0.9354456760138566,0.8795731675096647,0.5344129554655871,POLR2C;POLR2D;AGO4;POLR2G;AGO2,wald_stat,Reactome_2022
Conversion From APC/C:Cdc20 To APC/C:Cdh1 In Late Anaphase R-HSA-176407,-0.9342836122244775,0.8801007053578367,0.5401606425702812,ANAPC15;ANAPC11;UBE2S;CDC14A,wald_stat,Reactome_2022
Interferon Gamma Signaling R-HSA-877300,0.9300535455953044,0.900457822175652,0.5847619047619048,GBP5;TRIM22;IRF2;BCL11B;IFNG;TRIM35;GBP4;PTPN1;TRIM38;IRF3;SP100,wald_stat,Reactome_2022
Nephrin Family Interactions R-HSA-373753,-0.9292832138208202,0.8919035204661321,0.5537848605577689,NCK2;PIK3R1;ACTN4;CASK,wald_stat,Reactome_2022
HSP90 Chaperone Cycle For Steroid Hormone Receptors (SHR) In Presence Of Ligand R-HSA-3371497,0.9290840606962424,0.9001521939783771,0.5703422053231939,DNAJA2;CAPZA1;FKBP5;PTGES3;STIP1;FKBP4;HSPA8;DYNLL1,wald_stat,Reactome_2022
Cleavage Of Damaged Pyrimidine R-HSA-110329,-0.9273615476754057,0.8945467954330888,0.5549132947976878,H2AJ;TERF1;H2AX,wald_stat,Reactome_2022
Constitutive Signaling By AKT1 E17K In Cancer R-HSA-5674400,-0.9271905118749059,0.8919973788435446,0.5427927927927928,AKT1;BAD;GSK3A;MAPKAP1;MLST8,wald_stat,Reactome_2022
Senescence-Associated Secretory Phenotype (SASP) R-HSA-2559582,0.9271812779811531,0.9028338814288587,0.59251968503937,STAT3;H2BC15;JUN;ANAPC10;CDKN1B;EHMT1;CDKN2A;H2AC6;CDC26,wald_stat,Reactome_2022
HCMV Late Events R-HSA-9610379,0.9263182685383232,0.9022226128041612,0.62426614481409,NUP62;H2BC15;NUP50;MVB12A;HNRNPK;H2AC6;RRM1;NUP37;CHMP1A;H2AC11;NUP58;VPS37A;NUP188;NUP85;H2AC4,wald_stat,Reactome_2022
Calnexin/calreticulin Cycle R-HSA-901042,-0.9259334888918312,0.8926920521651973,0.5790554414784395,MARCHF6;CALR;UBB;SEL1L;RNF103;PDIA3,wald_stat,Reactome_2022
Downstream Signal Transduction R-HSA-186763,0.9244373906979064,0.9045434978646619,0.5640569395017794,STAT3;CRK;PLCG1;STAT5A;NCK1;PIK3CA;STAT6,wald_stat,Reactome_2022
Nef-mediated Downmodulation Of Cell Surface Receptors By Recruitment To Clathrin Adapters R-HSA-164938,-0.9242926410660453,0.8947059217260496,0.5671641791044776,ATP6V1H;AP1S1;AP2A1;AP2A2;AP1G1;AP2M1;AP1S2,wald_stat,Reactome_2022
FCGR3A-mediated IL10 Synthesis R-HSA-9664323,0.9241787614323789,0.9021594145116971,0.5792349726775956,PRKACB;PRKAR1A;PLCG1;AHCYL1;CD247;CREB1,wald_stat,Reactome_2022
Activated TAK1 Mediates P38 MAPK Activation R-HSA-450302,-0.9231890333275484,0.8948943022120136,0.5527426160337553,MAPKAPK2;MAP2K3;IRAK1;RIPK2,wald_stat,Reactome_2022
Regulation Of TP53 Activity Thru Methylation R-HSA-6804760,0.9231505325994483,0.9019717305787959,0.5742397137745975,EHMT1;EHMT2;UBC;PRMT5;ATM;TP53;TTC5;UBA52,wald_stat,Reactome_2022
Immunoregulatory Interactions Between A Lymphoid And A non-Lymphoid Cell R-HSA-198933,0.9231105154301932,0.8989927450854348,0.6291913214990138,ITGA4;CD226;KIR2DL3;ICAM2;CLEC2D;KIR3DL1;FCGR2B;KLRC1;KLRD1;SLAMF6;SLAMF7;CD247;KLRG1,wald_stat,Reactome_2022
XBP1(S) Activates Chaperone Genes R-HSA-381038,-0.9223366315158509,0.8944817718926652,0.5826271186440678,HDGF;MYDGF;TATDN2;DNAJB11;GSK3A;TSPYL2;WIPI1,wald_stat,Reactome_2022
Insertion Of Tail-Anchored Proteins Into Endoplasmic Reticulum Membrane R-HSA-9609523,-0.9186235965363325,0.9021841182396365,0.5853658536585366,STX5;SEC61G;SEC61B;GET4;BAG6;CAMLG;STX1A;HMOX1;VAPA,wald_stat,Reactome_2022
Cap-dependent Translation Initiation R-HSA-72737,0.9179059126219307,0.9108354736799523,0.5976095617529881,EIF3A;EIF4B;EIF2S1;EIF3L;EIF3E;EIF4A2;EIF4G1;PABPC1,wald_stat,Reactome_2022
ABC-family Proteins Mediated Transport R-HSA-382556,0.9167816722914934,0.9109459124744163,0.6358595194085028,PSMD2;PSMD11;PSMB2;EIF2S1;ABCC10;VCP;PEX3;PSMD10;ABCA2;PSMD4;UBC;PSMD13;ABCB10;ERLEC1;ABCB8;RNF185;PEX19;PSMA5;PSME3;EIF2S2;PSMB5;RNF5;ABCD3;ABCC5,wald_stat,Reactome_2022
Telomere C-strand (Lagging Strand) Synthesis R-HSA-174417,0.9162303644519079,0.9094835911276234,0.564453125,RPA3;RFC5;RFC4;LRIG1;TERF2IP;BLM;POLA2;POLD3;STN1;CTC1;TINF2;ACD;CHTF18,wald_stat,Reactome_2022
Gene Silencing By RNA R-HSA-211000,-0.9161094605571997,0.9065191346613046,0.6557377049180327,H2AJ;H2AX;NUP54;POLR2C;TSN;POLR2D;H3-3B;NUP133;TNRC6A;AGO4;SEH1L;POLR2G;AGO2,wald_stat,Reactome_2022
Deregulated CDK5 Triggers Neurodegenerative Pathways In Alzheimers Disease Models R-HSA-8862803,0.9160631455174202,0.9068497492467115,0.5595238095238095,JUN;CDC25B;PRDX2;CAPN1;BCL2L11;CDK5;PRDX1;GOLGA2;FASLG,wald_stat,Reactome_2022
Negative Regulation Of PI3K/AKT Network R-HSA-199418,-0.915998511262323,0.9038363333324537,0.622680412371134,AKT1;IRS2;PHLPP2;IER3;PPP2CA;PIP4K2A;PPP2CB;RNMT;PIK3R1,wald_stat,Reactome_2022
Transport Of SLBP Independent Mature mRNA R-HSA-159227,-0.9154749890752732,0.9022716567899248,0.5995850622406639,ALYREF;NUP54;NCBP1;NUP133;SEH1L,wald_stat,Reactome_2022
Regulation Of Actin Dynamics For Phagocytic Cup Formation R-HSA-2029482,-0.9154409761360219,0.8993754758550214,0.6305732484076433,LIMK1;PKN1;CDC42;MYO9B,wald_stat,Reactome_2022
Ovarian Tumor Domain Proteases R-HSA-5689896,0.9099150623192921,0.9211602024026085,0.6115384615384616,TNIP1;TRIM4;RIPK1;VCP;PTEN;UBC;RIGI;OTUD3,wald_stat,Reactome_2022
"Base-Excision Repair, AP Site Formation R-HSA-73929",-0.9097422624842245,0.9126396066274625,0.593320235756385,H2AJ;TERF1;H2AX,wald_stat,Reactome_2022
Golgi-to-ER Retrograde Transport R-HSA-8856688,-0.9086855990921089,0.9126070296733528,0.6347992351816444,RAB1A;NAPG;DCTN4;DYNLL2;SURF4;BNIP1;DYNC1LI1;DYNC1LI2;DCTN3;TMED2;CAPZA2,wald_stat,Reactome_2022
L1CAM Interactions R-HSA-373760,-0.90859951118213,0.9099001950483905,0.6336032388663968,PKN1;MAP2K2;CSNK2B;NCAM1;CSNK2A2,wald_stat,Reactome_2022
Interactions Of Vpr With Host Cellular Proteins R-HSA-176033,0.9070610707343789,0.9256549321355929,0.5883458646616542,NUP62;NUP50;NUP37;PSIP1;NUP58;NUP188;NUP85;NUP42;HMGA1;NUP107;NUP93,wald_stat,Reactome_2022
PCP/CE Pathway R-HSA-4086400,-0.906711736758218,0.9119637236852157,0.6617954070981211,RYK;CLTB;PSMF1;PRKCA;PSMD6;PSMB6;PSME4;PRKCB;UBB;PSME2;PSMB3;SMURF1;PSMA1;PFN1;AP2A1;PSMD9;PSME1;AP2A2;ARRB2;PSMC2;PSMD7;PSMC3,wald_stat,Reactome_2022
Cardiac Conduction R-HSA-5576891,-0.9056683390467393,0.9118759505000178,0.615546218487395,HIPK1;ASPH;PRKCA;FXYD7;CALM1;CACNB1;HIPK2;ATP2B1;ITPR3;DMPK;ATP1B1;RANGRF;ATP1B3;ORAI1;KAT2B,wald_stat,Reactome_2022
FOXO-mediated Transcription R-HSA-9614085,0.9045552190251509,0.929690031060144,0.6390532544378699,HDAC1;RBL2;YWHAZ;CITED2;CDKN1B;AKT3;YWHAB;MAP4K2;YWHAQ,wald_stat,Reactome_2022
Platelet Degranulation R-HSA-114608,0.9044095774423465,0.9270077686604504,0.6531007751937985,FAM3C;TMX3;ENDOD1;PLEK;SOD1;ANXA5;VCL;PIKFYVE,wald_stat,Reactome_2022
Transcriptional Regulation Of White Adipocyte Differentiation R-HSA-381340,-0.9036924023225924,0.9145964001264506,0.6412371134020619,MED10;CREBBP;TGFB1;NCOA1;MED30;CARM1;MED13L;NFKB1;SREBF1;MED4;MED19;TBL1X,wald_stat,Reactome_2022
RUNX1 Regulates Genes Involved In Megakaryocyte Differentiation And Platelet Function R-HSA-8936459,-0.9033620844520147,0.9125821524564002,0.6208251473477406,H2AJ;ZFPM1;H2AX;KMT2B;H3-3B;TNRC6A;AGO4;H2AZ1;KMT2E,wald_stat,Reactome_2022
Signaling By WNT In Cancer R-HSA-4791275,0.9030731064152198,0.9274530147836212,0.5842696629213483,PPP2R5A;PPP2R5D;PPP2R5C;PORCN;CSNK1A1,wald_stat,Reactome_2022
Synthesis Of IP3 And IP4 In Cytosol R-HSA-1855204,-0.8992410323605801,0.9210607041302122,0.5941422594142259,ITPK1;PLCH2;CALM1;PLCB1;PLCB2;ITPKC;SYNJ1,wald_stat,Reactome_2022
Gluconeogenesis R-HSA-70263,0.8981355787915051,0.9376623777305575,0.5958254269449715,PCNX4;MDH1;SLC25A13;ENO2;ALDOC;TPI1;PCK2,wald_stat,Reactome_2022
Meiotic Synapsis R-HSA-1221632,-0.8974941814169803,0.9230357285967167,0.6158536585365854,H2AJ;TERF1;H2AX;PMEPA1;SUN1;H2AZ1;SMC3,wald_stat,Reactome_2022
PRC2 Methylates Histones And DNA R-HSA-212300,0.8949724086085955,0.9432954303854204,0.6285714285714286,H2BC15;RBBP4;SUZ12;H2AC6;AEBP2;PHF19,wald_stat,Reactome_2022
Peroxisomal Protein Import R-HSA-9033241,0.8945721876813723,0.9413882809368406,0.63671875,UBE2D2;LONP2;ZFAND6;CROT;PHYH;UBC;PEX14;UBE2D3;TYSND1;MLYCD;ECI2;UBA52;PEX2,wald_stat,Reactome_2022
Signaling By NOTCH3 R-HSA-9012852,-0.8939959414755588,0.9298074758651832,0.6172839506172839,CREBBP;SNW1;TACC3;NOTCH1;MIB2;APH1A;UBB,wald_stat,Reactome_2022
FCGR3A-mediated Phagocytosis R-HSA-9664422,0.8934520910226815,0.9415069431958513,0.6118546845124283,NCKAP1L;CYFIP2;CRK;ACTR3;WASF2;NCK1;ACTR2;CD247,wald_stat,Reactome_2022
Regulation Of Lipid Metabolism By PPARalpha R-HSA-400206,0.8930783000259896,0.9394617028400565,0.6775431861804223,MIA3;THRAP3;MED31;MED28;FAM120B;HMGCS1;ACADM;CPT1A;RORA;NCOA6;ALAS1;CHD9;PPARA;RXRB;FDFT1;MED16;MED7;MED24;SIN3B;NR1H2;MED25;GLIPR1;CCNC;TXNRD1,wald_stat,Reactome_2022
Transport Of SLBP Dependant Mature mRNA R-HSA-159230,-0.8926732140131238,0.9307468906633164,0.6356107660455487,ALYREF;NUP54;NCBP1;NUP133;SEH1L,wald_stat,Reactome_2022
Metabolism Of Vitamins And Cofactors R-HSA-196854,-0.8916008643387117,0.9307644188321851,0.7119675456389453,NADSYN1;AKT1;PTS;GCH1;SLC25A32;FASN;SLC2A1;C1D;LRP8;PDSS1;FPGS;PARP6;RFK;PANK2;CD38,wald_stat,Reactome_2022
Nucleotide Catabolism R-HSA-8956319,-0.8902470206755349,0.931443488460662,0.6016771488469602,UPP1;NUDT15;NT5C2;NUDT1;NT5M;ITPA,wald_stat,Reactome_2022
DNA Methylation R-HSA-5334118,-0.8895920283893783,0.930225313012423,0.6134122287968442,H2AJ;H2AX;H3-3B;H2AZ1,wald_stat,Reactome_2022
Fanconi Anemia Pathway R-HSA-6783310,0.8883541364370661,0.9491491903935867,0.6365461847389559,RPA3;FAAP20;DCLRE1A;UBC;ATRIP;FAN1;FANCF;FANCI;UBA52;FANCG;FAAP100;FANCA;ERCC4;CENPX,wald_stat,Reactome_2022
Class A/1 (Rhodopsin-like Receptors) R-HSA-373076,0.8877663049143528,0.9475743871010014,0.6447105788423154,PTGER2;ADRB2;CXCR2;S1PR4;GPR65;CX3CR1;S1PR1;F2R;PPBP;MC1R;NMUR1;CXCR1;GPR132;GPR68;LPAR5,wald_stat,Reactome_2022
G1/S Transition R-HSA-69206,0.8876038364401724,0.944924901897747,0.7264150943396226,HDAC1;RBL2;RBBP4;PSMD2;MAX;PSMD11;RPA3;MCM3;CDKN1B;PSMB2;AKT3;E2F4,wald_stat,Reactome_2022
ERCC6 (CSB) And EHMT2 (G9a) Positively Regulate rRNA Expression R-HSA-427389,0.8866476278974039,0.9444554585020501,0.6361867704280155,HDAC1;H2BC15;RBBP4;H2AC6;CBX3;EHMT2;MTA2;H2AC4;H2BC9;H2BC12;ERCC6;MTA3;H2AZ2;GATAD2B;H2BC11;RBBP7;H3C13,wald_stat,Reactome_2022
Pyroptosis R-HSA-5620971,0.8856686161425332,0.9440075321853728,0.6222664015904572,CYCS;IRF2;GZMB;GSDMD,wald_stat,Reactome_2022
Transcriptional Regulation By AP-2 (TFAP2) Family Of Transcription Factors R-HSA-8864260,0.8853734410403172,0.9417697128528048,0.6111111111111112,CITED2;ERBB2;DEK;NPM1;YY1,wald_stat,Reactome_2022
UCH Proteinases R-HSA-5689603,0.8838174549812925,0.9428112649722828,0.7165354330708661,TGFBR2;UCHL5;PSMD2;INO80D;PSMD11;PSMB2;H2AC6;INO80B;RUVBL1;H2AC11;MBD5;PSMD10;PSMD4;UBC;PSMD13;ASXL2;H2AC4;YY1,wald_stat,Reactome_2022
IRS-mediated Signaling R-HSA-112399,-0.8836786130873805,0.9434998369359385,0.6519916142557652,NRAS;IRS2;PIK3R1,wald_stat,Reactome_2022
Processing Of Capped Intronless Pre-mRNA R-HSA-75067,-0.8831799106447009,0.94188790788629,0.6209850107066381,WDR33;CPSF7;NCBP1;PABPN1;NUDT21;CPSF6;CPSF1,wald_stat,Reactome_2022
Signaling By Hedgehog R-HSA-5358351,-0.8830311029619451,0.9393907883975842,0.7212765957446808,GRK2;GNAS;OFD1;ADCY7;CUL3;PSMF1;PRKCA;PSMD6;PSMB6;PRKAR2A;PSME4;UBB;SPOPL;PTCH2;SEL1L;ADCY9;P4HB;PSME2;PSMB3;SMURF1;PSMA1,wald_stat,Reactome_2022
Growth Hormone Receptor Signaling R-HSA-982772,0.8818415979770449,0.9445842780458016,0.6607843137254902,STAT3;STAT5A;PTPN1,wald_stat,Reactome_2022
Metabolism Of Amino Acids And Derivatives R-HSA-71291,0.881509203408143,0.9424876812360492,0.7902912621359224,ALDH9A1;DARS1;PSMD2;PSMD11;APIP;SERINC3;PSMB2;PPM1K;QARS1;SARS1;ACADSB;KYAT3;SLC25A13;CARNMT1;PSMD10;EPRS1;DBT;PSMD4;GLUD1;DHTKD1;HIBADH;MTR;PSMD13;OAT;PHYKPL;DIDO1;BCKDHB;QDPR;PSMA5;ALDH18A1;TXNRD1;PSME3;RIDA;EEFSEC;PSMB5;IARS1;OAZ1;HIBCH;SHMT1;UBA52;AUH;ACAD8;TSTD1;SEPHS2;ALDH6A1;CARNS1;SLC25A44;BCKDK,wald_stat,Reactome_2022
Caspase Activation Via Extrinsic Apoptotic Signaling Pathway R-HSA-5357769,0.8811009628256201,0.9405953743791263,0.6384297520661157,MAGED1;DAPK2;RIPK1;APPL1,wald_stat,Reactome_2022
"Tristetraprolin (TTP, ZFP36) Binds And Destabilizes mRNA R-HSA-450513",-0.8788361965015518,0.9472241990085289,0.6175298804780877,MAPKAPK2;DCP1A,wald_stat,Reactome_2022
Inactivation Of CSF3 (G-CSF) Signaling R-HSA-9705462,-0.878265468980586,0.9459306587450393,0.6417910447761194,RNF7;ELOB;CUL5;SOCS1;UBB;LYN;TYK2,wald_stat,Reactome_2022
Integrin Cell Surface Interactions R-HSA-216083,0.87794303469013,0.9458720826409103,0.6617375231053605,ITGA4;CD47;ICAM2,wald_stat,Reactome_2022
FCERI Mediated NF-kB Activation R-HSA-2871837,0.8768959590355152,0.9455169305798291,0.7032136105860114,UBE2D2;RASGRP1;PRKCQ;PSMD2;RASGRP2;PSMD11;PSMB2,wald_stat,Reactome_2022
Formation Of TC-NER Pre-Incision Complex R-HSA-6781823,-0.876290587489528,0.9478756084218204,0.6702819956616052,ERCC3;POLR2C;POLR2D;USP7;COPS3;COPS8;POLR2G;MNAT1;UBB;CDK7,wald_stat,Reactome_2022
SMAD2/SMAD3:SMAD4 Heterotrimer Regulates Transcription R-HSA-2173796,0.8753175722588226,0.946415872217808,0.6806083650190115,HDAC1;RNF111;E2F4;UBC;YBX1;TFDP1;SMAD3;CCNC;RNASEH2A;UBA52;SMAD4;MEN1;MYC,wald_stat,Reactome_2022
Translation Of Structural Proteins R-HSA-9683701,0.8742373160636767,0.9463994081692874,0.6478599221789884,ST6GAL1;PARP4;PARP10;ST3GAL1;UBC;PRKCSH;PARP8;UBA52;ST3GAL2;ST3GAL3;MOGS;PARP14;ST6GALNAC4,wald_stat,Reactome_2022
Regulation Of TP53 Activity Thru Phosphorylation R-HSA-6804756,0.8740642881092903,0.9437995754095875,0.6826923076923077,MAPK14;TAF7;TBP;RPA3;RFC5;RFC4;NUAK1;RAD17;SUPT16H;UBC;SSRP1;ATRIP;MRE11;TAF5;ATM;TAF12,wald_stat,Reactome_2022
Energy Dependent Regulation Of mTOR By LKB1-AMPK R-HSA-380972,-0.8730497520777433,0.9532680494780186,0.6540880503144654,LAMTOR1;LAMTOR4;PRKAG1;PRKAG2;MLST8;LAMTOR5;TSC1;RHEB;LAMTOR3;CAB39L,wald_stat,Reactome_2022
Mitochondrial Translation Initiation R-HSA-5368286,0.8721809569798036,0.9456322351353819,0.724907063197026,MRPS7;MRPS35;MRPL49;MTFMT;MRPL3;MRPS33;MRPL34;MRPL15;MRPS18C;MRPL41;MRPL20;MRPL18;MTIF3;OXA1L;MRPS34;MRPL17;MRPS18B;MRPS14;MRPL36;MRPL53;MRPL4;CHCHD1;MRPL51;MRPS30;MRPS16,wald_stat,Reactome_2022
Constitutive Signaling By NOTCH1 HD+PEST Domain Mutants R-HSA-2894862,0.8692204228731579,0.9503143510070768,0.6809338521400778,MAML1;HDAC1;HDAC8;PSEN1;HDAC5;ADAM10;KAT2A;HDAC6;UBC;RBX1,wald_stat,Reactome_2022
rRNA Processing In Nucleus And Cytosol R-HSA-8868773,-0.8687418185659822,0.9611916220365193,0.7570281124497992,DDX52;KRR1;BYSL;NOL12;UTP3;C1D;EXOSC10;CSNK1D;ISG20L2;PDCD11;RIOK3;LTV1;WDR36;RSL24D1;SENP3;PNO1;CSNK1E;BUD23;UTP11;TRMT112;SNU13;RPP14;EXOSC6;EXOSC1;UTP18;WDR43,wald_stat,Reactome_2022
"PI5P, PP2A And IER3 Regulate PI3K/AKT Signaling R-HSA-6811558",-0.868300974604559,0.959348467343225,0.7194860813704497,AKT1;IRS2;IER3;PPP2CA;PIP4K2A;PPP2CB;RNMT;PIK3R1,wald_stat,Reactome_2022
Telomere Extension By Telomerase R-HSA-171319,-0.8677403059726437,0.9578618632251674,0.6534446764091858,RTEL1;TERF1,wald_stat,Reactome_2022
PPARA Activates Gene Expression R-HSA-1989781,0.8660759104890069,0.9551092460503917,0.7387914230019493,MIA3;THRAP3;MED31;MED28;FAM120B;HMGCS1;ACADM;CPT1A;RORA;NCOA6;ALAS1;CHD9;PPARA;RXRB;FDFT1;MED16;MED7;MED24;NR1H2;MED25;GLIPR1;CCNC;TXNRD1,wald_stat,Reactome_2022
Downstream Signaling Events Of B Cell Receptor (BCR) R-HSA-1168372,-0.865080289710059,0.96163164800861,0.7484787018255578,NRAS;CARD11;PSMF1;NFKBIB;PSMD6;PSMB6;NFKB1;PSME4;NFATC1;PRKCB;IKBKB;UBB;CALM1;PSME2;REL;PSMB3;PSMA1,wald_stat,Reactome_2022
Fcgamma Receptor (FCGR) Dependent Phagocytosis R-HSA-2029480,-0.8648445203371021,0.9592285920931448,0.7440347071583514,LIMK1;PKN1;CDC42;MYO9B;YES1;PIK3R1;WIPF2;LYN;ARPC2;VAV3,wald_stat,Reactome_2022
Cytosolic Sensors Of Pathogen-Associated DNA R-HSA-1834949,0.8647959777970894,0.9553489652725206,0.7382297551789078,XRCC5;PRKDC;XRCC6;DHX36;RIPK1;STING1;STAT6;IRF3;UBC;MRE11;POLR1D;DDX41;CTNNB1,wald_stat,Reactome_2022
Cyclin D Associated Events In G1 R-HSA-69231,-0.8615175977312513,0.9648252715452854,0.6903765690376569,PPP2CA;CDKN2D;PPP2CB;CKS1B;MNAT1;UBB;LYN;CDK7,wald_stat,Reactome_2022
Signaling By SCF-KIT R-HSA-1433557,-0.8613627641435276,0.9623133253745815,0.6896551724137931,NRAS;YES1;PRKCA;PIK3R1;SOCS1;LYN,wald_stat,Reactome_2022
RHOBTB GTPase Cycle R-HSA-9706574,-0.8610761586317353,0.960071552900707,0.6985446985446986,TWF1;VIM;TRA2B;CPSF7;CUL3,wald_stat,Reactome_2022
COPI-dependent Golgi-to-ER Retrograde Traffic R-HSA-6811434,0.8609052111537694,0.9618052286426706,0.7261410788381742,ARF4;KIF2A;KIF3B;ARCN1;COPB1;KIF21A;PTGES2;ZW10;KIF9;NBAS;COPB2,wald_stat,Reactome_2022
IGF1R Signaling Cascade R-HSA-2428924,-0.8586978917978915,0.960189950845328,0.6883116883116883,NRAS;IRS2;PIK3R1;IGF1R;SHC1;FGFR1;PIK3CB;GRB2;HRAS,wald_stat,Reactome_2022
Signaling By Type 1 Insulin-like Growth Factor 1 Receptor (IGF1R) R-HSA-2404192,-0.8586978917978915,0.960189950845328,0.6883116883116883,NRAS;IRS2;PIK3R1;IGF1R;SHC1;FGFR1;PIK3CB;GRB2;HRAS,wald_stat,Reactome_2022
Chromatin Modifying Enzymes R-HSA-3247509,-0.858136615156846,0.9586674617806477,0.8685258964143426,JMJD6;GATAD2A;ARID1B;TADA1;H2AJ;KANSL2;CREBBP;TAF10;H2AX;NCOA1;KMT2B;SAP18;ING3;TADA2B;HCFC1;KMT5A;EPC1;CARM1;MSL2;NFKB1;KDM7A;ELP5;SAP30L;H2AZ1;BRD1;TAF6L;YEATS2;KMT2E;KAT7;SUV39H1;SETD6;TBL1X;PHF21A;H2AC25;ELP6;ELP2;PHF2;PHF20;MTA1;ARID1A;MBIP;EED;BRWD1;SUPT7L;HMG20B;DOT1L;ATXN7;KDM6A;OGT,wald_stat,Reactome_2022
SUMOylation Of Ubiquitinylation Proteins R-HSA-3232142,0.8577245139652748,0.9663213924351469,0.7330754352030948,NUP62;TRIM27;NUP50;NUP37;NUP58;NUP188;NUP85,wald_stat,Reactome_2022
TRAF6 Mediated IRF7 Activation R-HSA-933541,0.8556809254882284,0.9682672552560402,0.6690265486725664,TRIM4;SIKE1;IRF3;RIGI,wald_stat,Reactome_2022
Nucleotide Salvage R-HSA-8956321,-0.8545709805700249,0.9641571145315819,0.6569506726457399,UPP1;TK2;UCK1;ADAL;ADA;HPRT1;UCKL1,wald_stat,Reactome_2022
Deactivation Of Beta-Catenin Transactivating Complex R-HSA-3769402,-0.853048933316816,0.9648818137006211,0.6958333333333333,CTBP1;AKT1;TCF7,wald_stat,Reactome_2022
HDR Thru Homologous Recombination (HRR) R-HSA-5685942,0.8519584116899729,0.9737866322955379,0.753731343283582,RPA3;RFC5;POLK;RFC4;RAD17;UBC;ATRIP;MRE11;GEN1;ATM;RAD51C,wald_stat,Reactome_2022
Signaling By BRAF And RAF1 Fusions R-HSA-6802952,-0.8513068514503257,0.9660106836355056,0.7408906882591093,QKI;NRAS;MAP2K2;ATG7;CLCN6;AGTRAP;KDM7A;MPRIP;CALM1;BRAF;TRAK1;ARRB1,wald_stat,Reactome_2022
NOTCH3 Activation And Transmission Of Signal To Nucleus R-HSA-9013507,-0.8512474317666032,0.9633505744968035,0.6594059405940594,TACC3;MIB2;APH1A;UBB,wald_stat,Reactome_2022
TAK1-dependent IKK And NF-kappa-B Activation R-HSA-445989,-0.8495677642438344,0.9645542226609151,0.7105831533477321,NFKBIB;N4BP1;NFKB1;USP18;IKBKB;UBB;IRAK1;RIPK2,wald_stat,Reactome_2022
Formation Of A Pool Of Free 40S Subunits R-HSA-72689,0.8493322481420499,0.9768903321357973,0.696798493408663,EIF3A;EIF3L;EIF3E;EIF3K;EIF3H,wald_stat,Reactome_2022
DAP12 Signaling R-HSA-2424491,0.8459007947047269,0.9820433366362539,0.6814814814814815,GRAP2;PLCG1;KLRD1;LCK;PIK3CA;LCP2;SPNS1;PIK3R2,wald_stat,Reactome_2022
RHOBTB1 GTPase Cycle R-HSA-9013422,-0.8449815565762029,0.9725476165053075,0.6795131845841785,VIM;TRA2B;CPSF7;CUL3,wald_stat,Reactome_2022
TCR Signaling R-HSA-202403,0.8448995661016906,0.981299495891004,0.8199233716475096,UBE2D2;PTPRC;PRKCQ;PSMD2;PSMD11;GRAP2;PSMB2;PLCG1;PAG1;NCK1;PSMD10;LCK;PIK3CA;PTEN;PSMD4;UBC;CD247;VASP;INPP5D;LCP2;PSMD13;SPNS1;PTPN22;PIK3R2;PSMA5;MALT1;CSK,wald_stat,Reactome_2022
Downregulation Of ERBB2 Signaling R-HSA-8863795,-0.8407842317431097,0.9795373156140587,0.6835443037974683,AKT1;MATK;CUL5;UBB;CDC37,wald_stat,Reactome_2022
"Nucleotide-binding Domain, Leucine Rich Repeat Containing NLR Signaling Pathways R-HSA-168643",-0.840610891086126,0.9770335056623404,0.736734693877551,PSTPIP1;BIRC2;NFKB1;IKBKB;CASP4;IRAK1;RIPK2;BIRC3;P2RX7;NLRP1;HMOX1;UBE2V1,wald_stat,Reactome_2022
Interleukin-1 Family Signaling R-HSA-446652,0.8404517107847673,0.9882135881439011,0.8122529644268774,PTPN4;MAP2K4;STAT3;MAP2K1;PSMD2;PSMD11;PSMB2;USP14;IRAK4;GSDMD;LRRC14;PSMD10;PSMD4;UBC;RBX1;IL1RAP;PTPN23;SIGIRR;PSMD13;SMAD3;PSMA5;SQSTM1;MAPK8;PTPN11;TIFA;HMGB1;TP53;NKIRAS2;PSME3;PSMB5;MAP3K7,wald_stat,Reactome_2022
Hedgehog Off State R-HSA-5610787,0.8397587754344935,0.986744773354849,0.794921875,PRKACB;PRKAR1A;PSMD2;PSMD11;PSMB2;ITCH;IFT57;PSMD10;CSNK1A1;PSMD4;UBC;PTCH1;RBX1;PSMD13;DYNC2H1;PSMA5;TULP3;IFT88;PSME3;PSMB5,wald_stat,Reactome_2022
DDX58/IFIH1-mediated Induction Of Interferon-Alpha/Beta R-HSA-168928,0.8395349819264895,0.9842988382012486,0.7609841827768014,UBE2D2;TRIM4;TOMM70;ATG5;RIPK1;SIKE1;ITCH;IRF3;UBC;RIGI;UBA7;UBE2D3;HMGB1;FADD;NKIRAS2,wald_stat,Reactome_2022
Cristae Formation R-HSA-8949613,-0.839057111138904,0.977660720211868,0.7445544554455445,ATP5MC1;MTX1;APOOL;ATP5ME;DMAC2L;CHCHD6,wald_stat,Reactome_2022
Downregulation Of SMAD2/3:SMAD4 Transcriptional Activity R-HSA-2173795,0.8376612159717169,0.985289494795753,0.7022900763358778,HDAC1;RNF111;PARP1;UBC;PPM1A;SMAD3;UBE2D3;UBA52;STAT1;SMAD4,wald_stat,Reactome_2022
Mitochondrial Translation R-HSA-5368287,0.8361784007289066,0.9856663183191059,0.8181818181818182,MRPS7;MRPS35;MRPL49;MTFMT;MRPL3;MRPS33;MRPL34;MRPL15;MRPS18C;MRPL41;MRRF;MRPL20;MRPL18;MTIF3;OXA1L;MRPS34;MRPL17;MRPS18B;MRPS14;MRPL36;MRPL53;MRPL4;CHCHD1;MRPL51;MRPS30;MRPS16,wald_stat,Reactome_2022
Influenza Viral RNA Transcription And Replication R-HSA-168273,0.8360924401967785,0.9829253831269567,0.7558139534883721,NUP62;NUP50;PBRM1;PARP1;NUP37;IPO5;NUP58;GNL3;POLR2I;NUP188;NUP85,wald_stat,Reactome_2022
IRS-related Events Triggered By IGF1R R-HSA-2428928,-0.8345643293664698,0.9846965255081287,0.7097457627118644,NRAS;IRS2;PIK3R1,wald_stat,Reactome_2022
Fatty Acid Metabolism R-HSA-8978868,0.834194830725931,0.9840327233063503,0.8110516934046346,ELOVL6;PTGES3;HADHA;ACBD5;HACD2;PTGDS;ACSL4;HADH;HPGD;CROT;PTGES2;ACADM;MCAT;HSD17B12;PHYH;CPT1A,wald_stat,Reactome_2022
Host Interactions Of HIV Factors R-HSA-162909,0.8334949600547569,0.9826220602706562,0.87279843444227,KPNB1;XPO1;NUP62;NUP50;PSMD2;PSMD11;PSMB2;RAN;NUP37;PSIP1;PSMD10;NPM1;LCK;NUP58;PSMD4;UBC;CD247;RBX1;RANBP1;NUP188;PSMD13;NUP85,wald_stat,Reactome_2022
Glycosphingolipid Metabolism R-HSA-1660662,-0.833421601558861,0.9843518962349072,0.7241379310344828,GLTP;ESYT2;ARSD;SUMF2;ARSA,wald_stat,Reactome_2022
Meiotic Recombination R-HSA-912446,0.8324514768950059,0.9819524048110256,0.7440476190476191,H2BC15;RPA3;H2AC6;MRE11;H2AC4;ATM;RAD51C;H2BC9;H2BC12;MLH3;BLM;RAD50;H2AZ2,wald_stat,Reactome_2022
RNA Polymerase III Abortive And Retractive Initiation R-HSA-749476,0.8322119392597287,0.9795989120074108,0.7463235294117647,ZNF143;TBP;SSB;GTF3C2;BDP1;POLR1D;SNAPC3;NFIA;POLR3A;GTF3C6;POLR3K;GTF3C1;GTF3C3;POLR3E;GTF3A,wald_stat,Reactome_2022
Degradation Of Beta-Catenin By Destruction Complex R-HSA-195253,-0.8313865110071862,0.9859535310279806,0.8074534161490683,CTBP1;TCF7;PPP2CA;PPP2CB;PSMF1;PSMD6;PSMB6;AXIN1;TLE4;PSME4;FRAT2;TLE5;UBB;PSME2;PSMB3;PSMA1,wald_stat,Reactome_2022
Transcriptional Regulation By VENTX R-HSA-8853884,-0.831234418256577,0.9834401056434693,0.7654584221748401,ANAPC15;ANAPC11;TNRC6A;AGO4;NFKB1;UBE2S,wald_stat,Reactome_2022
mRNA Decay By 5 To 3 Exoribonuclease R-HSA-430039,0.8309992203123447,0.979296475934167,0.708984375,DCP1B;LSM5;XRN1;LSM2,wald_stat,Reactome_2022
rRNA Processing R-HSA-72312,-0.8307634558847351,0.9815824080598035,0.8481781376518218,DDX52;KRR1;BYSL;NOL12;UTP3;C1D;EXOSC10;CSNK1D;ISG20L2;PDCD11;HSD17B10;RIOK3;LTV1,wald_stat,Reactome_2022
Assembly Of ORC Complex At Origin Of Replication R-HSA-68616,-0.8285633531922098,0.9833306846714043,0.7175732217573222,H2AJ;H2AX;H3-3B;ORC4;H2AZ1,wald_stat,Reactome_2022
Signaling By FLT3 Fusion Proteins R-HSA-9703465,0.8273660112217612,0.9842716138663021,0.6977611940298507,TRIP11;STAT5A;PIK3CA;GOLGB1,wald_stat,Reactome_2022
Sphingolipid Metabolism R-HSA-428157,-0.8269596736527514,0.9836772819918584,0.7847826086956522,CSNK1G2;GLTP;ESYT2,wald_stat,Reactome_2022
RUNX1 Regulates Transcription Of Genes Involved In Differentiation Of HSCs R-HSA-8939236,-0.8265573390330492,0.9818554603963845,0.8021739130434783,H2AJ;H2AX;GATA3;PSMF1;PSMD6;H3-3B;PSMB6;PSME4;MNAT1;H2AZ1;UBB;CDK7;PSME2;PSMB3;PSMA1,wald_stat,Reactome_2022
Response To Elevated Platelet Cytosolic Ca2+ R-HSA-76005,0.8256829413161977,0.985011622622727,0.7888675623800384,FAM3C;TMX3;ENDOD1;PLEK;SOD1;ANXA5;VCL;PIKFYVE,wald_stat,Reactome_2022
Carboxyterminal Post-Translational Modifications Of Tubulin R-HSA-8955332,0.8256744691288908,0.9821592824225168,0.733201581027668,TUBA1A;TUBB;TUBA1C;TTLL1;TPGS2,wald_stat,Reactome_2022
Transport Of Small Molecules R-HSA-382551,0.8256141937848912,0.979431055177283,0.9616087751371115,PRKACB;SLC20A1;PRKAR1A;ADD3;SLC4A7;ATP10D;PSMD2;PHB2;SLC26A2;RAB11A;ATP1A3;ADD1;PSMD11;ATP2B4;YME1L1;LRRC8D;ATP2A3;SLC1A7;PSMB2;EIF2S1;STOM;CLTC;SLC26A11;ABCC10;SLCO4C1;TSC22D3;SLC2A3;SLC25A22;ATP6V0E2;GNG10;LMF1;SLC12A6;VCP;PEX3;SLC39A6;SLC4A2;HMOX2;MICU1;SLC44A2;PCSK5;CUTC;PSMD10;CLCN3;ABCA2;ATP6V1A;ATP6V0A2;PSMD4;SLC36A1;UBC;HDLBP;SLC16A3;NIPA2;NIPA1;IREB2;MMGT1;SLC50A1;PSMD13;ABCB10;ERLEC1;ABCB8;RNF185;SMDT1;PEX19;BPNT1;PSMA5;AP2B1;SLC30A6;SLC66A1;AHCYL2;NR1H2;AFG3L2;SLC7A6;EMB;SLC29A3;ATP8B2;ATP6V1C1;ANO6;CYBRD1;PSME3;EIF2S2;ATP11B;ATP6V1D;PSMB5;RNF5;MRS2,wald_stat,Reactome_2022
Signaling By B Cell Receptor (BCR) R-HSA-983705,-0.8248096635012133,0.9827021209045805,0.8562231759656652,NRAS;CARD11;CD79B;PSMF1;NFKBIB;PSMD6;PSMB6;PIK3R1;NFKB1;PSME4;NFATC1;PRKCB;IKBKB;UBB;LYN;CALM1;PSME2;REL;PSMB3;PSMA1,wald_stat,Reactome_2022
Signaling By MET R-HSA-6806834,-0.8246869995820305,0.9801840423306974,0.7744874715261959,NRAS;RAPGEF1;STAM;RNMT;PTPRJ;PIK3R1;UBB;LMNB2;ARF6,wald_stat,Reactome_2022
Amyloid Fiber Formation R-HSA-977225,0.8217257763712165,0.9846095788625988,0.7709611451942741,H2BC15;TSPAN5;H2AC6;ADAM10;ITM2B;LYZ;UBC;H2AC4;TSPAN14;GGA2;H2BC9;H2BC12;UBA52;APH1B;GGA3,wald_stat,Reactome_2022
"Interleukin-3, Interleukin-5 And GM-CSF Signaling R-HSA-512988",0.8215740380775408,0.9820792475834887,0.7597765363128491,YWHAZ;CRK;IL5RA;STAT5A;PIK3CA;INPP5D;PIK3R2;PTPN11;PIK3R3,wald_stat,Reactome_2022
Mitotic G1 Phase And G1/S Transition R-HSA-453279,0.814937138409173,0.9923177351995892,0.8854961832061069,HDAC1;RBL2;RBBP4;PSMD2;MAX;PSMD11;RPA3;MCM3;CDKN1B;PSMB2;AKT3;E2F4;CDKN2A,wald_stat,Reactome_2022
Late SARS-CoV-2 Infection Events R-HSA-9772573,-0.8127716162839868,1.0,0.7979591836734694,MAGT1;RPN2;MGAT4B;GSK3A;PARP6;DDOST;UBB;SUMO1;MGAT4A;ZDHHC3,wald_stat,Reactome_2022
JNK (c-Jun Kinases) Phosphorylation And Activation Mediated By Activated Human TAK1 R-HSA-450321,-0.812318568329797,0.9994630944114565,0.7046413502109705,MAPK9;MAP2K7;IRAK1;RIPK2,wald_stat,Reactome_2022
Fatty acyl-CoA Biosynthesis R-HSA-75105,0.8118041172921739,0.9957078515123634,0.731203007518797,ELOVL6;HACD2;ACSL4;HSD17B12,wald_stat,Reactome_2022
Regulation Of MECP2 Expression And Activity R-HSA-9022692,0.8111645042495688,0.9941327428519283,0.7225325884543762,HDAC1;LBR;MECP2,wald_stat,Reactome_2022
Downstream TCR Signaling R-HSA-202424,-0.8095552020549099,1.0,0.8620689655172413,HLA-DRB5;CARD11;CD3D;PSMF1;PSMD6;PSMB6;PIK3R1;NFKB1;PSME4;IKBKB;UBB;HLA-DRB1;TRAT1;PSME2;RIPK2;PSMB3;PSMA1;PSMD9;PSME1;HLA-DQA2;PSMC2;PIK3CB;UBE2V1;PSMD7;UBE2D1;PSMC3,wald_stat,Reactome_2022
Role Of GTSE1 In G2/M Progression After G2 Checkpoint R-HSA-8852276,-0.8090787538467015,1.0,0.8309572301425662,MAPRE1;PSMF1;PSMD6;PSMB6;PSME4;UBB;PSME2;PSMB3;PSMA1;PSMD9;PSME1;PSMC2;PSMD7;PSMC3,wald_stat,Reactome_2022
Defective Pyroptosis R-HSA-9710421,0.8089826316257828,0.9954405332261907,0.7545638945233266,H2BC15;RBBP4;SUZ12;H2AC6,wald_stat,Reactome_2022
Signaling By FGFR In Disease R-HSA-1226099,0.8086100129038716,0.9933344241341837,0.7866419294990723,STAT3;FGFR1OP2;PLCG1;STAT5A;CNTRL;PIK3CA;POLR2I;TRIM24,wald_stat,Reactome_2022
ATF4 Activates Genes In Response To Endoplasmic Reticulum Stress R-HSA-380994,-0.8080188915081602,0.9993374663424471,0.7782515991471215,ATF4;CEBPG,wald_stat,Reactome_2022
Cytochrome P450 - Arranged By Substrate Type R-HSA-211897,0.8052458799346285,0.9968315192284944,0.718336483931947,MIA3,wald_stat,Reactome_2022
Viral Messenger RNA Synthesis R-HSA-168325,0.8051778992230648,0.9941446480583712,0.8200757575757576,NUP62;NUP50;PBRM1;NUP37;NUP58;GNL3;POLR2I;NUP188;NUP85,wald_stat,Reactome_2022
Insulin Receptor Signaling Cascade R-HSA-74751,-0.8050659431087126,1.0,0.7770833333333333,NRAS;IRS2;PIK3R1,wald_stat,Reactome_2022
Nicotinate Metabolism R-HSA-196807,-0.804976800672741,0.9996509475597108,0.7515151515151515,NADSYN1;PARP6;CD38,wald_stat,Reactome_2022
Regulation Of RUNX2 Expression And Activity R-HSA-8939902,-0.8037187524670028,0.9992832734307815,0.8118609406952966,HIVEP3;FBXW7;PSMF1;PSMD6;PSMB6;PSME4;UBB;PSME2;PSMB3;SMURF1;PSMA1;PSMD9;PSME1;RUNX2;PSMC2;PSMD7;PSMC3,wald_stat,Reactome_2022
Activation Of HOX Genes During Differentiation R-HSA-5619507,0.803673927508903,0.9939713264267979,0.8213552361396304,H2BC15;RBBP4;JUN;SUZ12;H2AC6;PKNOX1;POLR2I;ZNF335;NCOA6;H2AC4;HOXC4;YY1;ASH2L;CTCF;H2BC9;H2BC12;HOXB2;RARA;NCOA3,wald_stat,Reactome_2022
SARS-CoV-1 Infection R-HSA-9678108,-0.8015331369164158,1.0,0.777319587628866,MAP1LC3B;CHMP4B;CHMP2B;GSK3A;PARP6;BECN1;UBB;ZCRB1;SUMO1;CHMP2A,wald_stat,Reactome_2022
Mitochondrial Translation Termination R-HSA-5419276,0.8007907697985749,0.9963518556412159,0.8721804511278195,MRPS7;MRPS35;MRPL49;MRPL3;MRPS33;MRPL34;MRPL15;MRPS18C;MRPL41;MRRF;MRPL20;MRPL18;OXA1L;MRPS34;MRPL17;MRPS18B;MRPS14;MRPL36;MRPL53;MRPL4;CHCHD1;MRPL51;MRPS30;MRPS16,wald_stat,Reactome_2022
Late Endosomal Microautophagy R-HSA-9615710,0.8006890348044209,0.9937182293167823,0.7705544933078394,MVB12A;ARL13B;PCNT;HSPA8;HDAC6;UBC;VPS37A;IFT88;CHMP7;PLIN2;UBA52;CHMP6,wald_stat,Reactome_2022
SUMOylation Of Chromatin Organization Proteins R-HSA-4551638,0.8001727876818059,0.991957926171104,0.84,HDAC1;NUP62;NUP50;SUZ12;PHC3;NUP37;NUP58;NUP188;NUP85,wald_stat,Reactome_2022
Aggrephagy R-HSA-9646399,0.7994489333032955,0.9905361328096985,0.74573055028463,ARL13B;VCP;PCNT;HDAC6;UBC;DYNLL1,wald_stat,Reactome_2022
Extra-nuclear Estrogen Signaling R-HSA-9009391,0.7989317650105839,0.9886834226318512,0.8171428571428572,XPO1;UHMK1;CDKN1B;STRN;AKT3;GNG10,wald_stat,Reactome_2022
DAP12 Interactions R-HSA-2172127,0.7977565946218363,0.9882012277286802,0.7633587786259542,GRAP2;PLCG1;KLRD1;LCK;PIK3CA;LCP2;SPNS1;PIK3R2,wald_stat,Reactome_2022
Resolution Of D-loop Structures Thru Holliday Junction Intermediates R-HSA-5693568,0.7955785389926133,0.9894698908388011,0.7582417582417582,MRE11;GEN1;ATM;RAD51C;BLM;RAD50;BARD1;KAT5,wald_stat,Reactome_2022
Chromosome Maintenance R-HSA-73886,0.794622552005926,0.9883589970281232,0.9027237354085603,H2BC15;SMARCA5;RBBP4;RPA3;RFC5;DAXX;RFC4;ATRX;H2AC6;RUVBL1;NPM1;WRAP53;POLR2I;GAR1;H2AC4;PPP6R3;SHQ1;LRIG1;H2BC9;H2BC12;DKC1;TERF2IP;BLM;ITGB3BP;NOP10;CENPK;H2AZ2;POLA2;PIF1;H2BC11;POLD3;STN1;CTC1;POLR2B;RBBP7;TINF2;CENPX;PPP6C,wald_stat,Reactome_2022
RNA Polymerase III Transcription Termination R-HSA-73980,-0.7928157058072952,1.0,0.762,CRCP;POLR3F;POLR3C;POLR2E;POLR3H,wald_stat,Reactome_2022
APC/C:Cdc20 Mediated Degradation Of Cyclin B R-HSA-174048,-0.7926841704036159,1.0,0.750524109014675,ANAPC15;ANAPC11;UBE2S;UBB,wald_stat,Reactome_2022
Oncogene Induced Senescence R-HSA-2559585,-0.7925351123966962,1.0,0.7905544147843943,CDKN2D;TNRC6A;AGO4;MDM4;UBB;TFDP2;ETF1;ID1,wald_stat,Reactome_2022
GPVI-mediated Activation Cascade R-HSA-114604,0.7917789960257149,0.9903993528274904,0.775,PIK3CG;LCK;PIK3CA;LCP2;SPNS1;PIK3R2;PTPN11;PIK3R3,wald_stat,Reactome_2022
CLEC7A (Dectin-1) Signaling R-HSA-5607764,0.7896058297739459,0.9914482003415505,0.9077757685352622,PPP3CB;UBE2D2;PSMD2;NFATC2;PSMD11;PSMB2;PPP3R1;AHCYL1;NFATC3;PSMD10;PSMD4;UBC,wald_stat,Reactome_2022
Telomere Maintenance R-HSA-157579,0.7878494446201708,0.9918438834949797,0.8700787401574803,H2BC15;RPA3;RFC5;DAXX;RFC4;ATRX;H2AC6;RUVBL1;WRAP53;POLR2I;GAR1;H2AC4;PPP6R3;SHQ1;LRIG1;H2BC9;H2BC12;DKC1;TERF2IP;BLM;NOP10;H2AZ2;POLA2;PIF1;H2BC11;POLD3;STN1;CTC1;POLR2B;TINF2,wald_stat,Reactome_2022
Interferon Alpha/Beta Signaling R-HSA-909733,-0.7858338536117465,1.0,0.8466257668711656,IFIT2;MX2;EGR1;OAS1;IFI6;USP18;ISG15;SOCS1;BST2;TYK2;KPNA1;IRF1;MX1,wald_stat,Reactome_2022
Phosphorylation Of APC/C R-HSA-176412,-0.7848119287573783,1.0,0.7580645161290323,ANAPC15;ANAPC11;UBE2S,wald_stat,Reactome_2022
HATs Acetylate Histones R-HSA-3214847,-0.7845494918660196,1.0,0.8842315369261478,TADA1;KANSL2;CREBBP;TAF10;NCOA1;ING3;TADA2B;HCFC1;EPC1;MSL2;ELP5;BRD1;TAF6L;YEATS2;KAT7;H2AC25;ELP6;ELP2;PHF20;MBIP;SUPT7L;ATXN7;OGT,wald_stat,Reactome_2022
Processing Of SMDT1 R-HSA-8949664,0.7821419142502892,0.9988782050200475,0.7936507936507936,PHB2;YME1L1;MICU1;SMDT1;AFG3L2;MICU2,wald_stat,Reactome_2022
Clathrin-mediated Endocytosis R-HSA-8856828,0.780013849420843,0.9996316896662543,0.9118773946360154,COPS5;ADRB2;SNX18;FNBP1;SH3GL1;ACTR3;COPS7A;EPS15;CLTC;UBQLN1;FCHO1;ACTR2;VAMP2;ITSN2;IL7R;HSPA8;UBC;BIN1;GAPVD1;EPS15L1;EPN2;HGS;AP2B1;COPS6;ARPC1A;PICALM;UBA52;TOR1A;LDLRAP1;TOR1B;DAB2;DVL2,wald_stat,Reactome_2022
Signaling By KIT In Disease R-HSA-9669938,-0.7797149007742901,1.0,0.7756813417190775,NRAS;YES1;PIK3R1;LYN,wald_stat,Reactome_2022
PINK1-PRKN Mediated Mitophagy R-HSA-5205685,-0.7796480038790768,1.0,0.7932489451476793,MAP1LC3B;TOMM22;UBB;PINK1;TOMM5;TOMM40;VDAC1;MTERF3,wald_stat,Reactome_2022
Regulation Of RAS By GAPs R-HSA-5658442,-0.7790040865269152,1.0,0.8866396761133604,NRAS;CUL3;PSMF1;PSMD6;PSMB6;PSME4;UBB;PSME2;PSMB3;PSMA1;RASA4;PSMD9;PSME1,wald_stat,Reactome_2022
Regulation Of PTEN Stability And Activity R-HSA-8948751,0.7769505425577965,1.0,0.8831683168316832,TRIM27;RNF146;PSMD2;PSMD11;PSMB2;AKT3;PSMD10;PTEN;PSMD4;UBC;OTUD3;PSMD13,wald_stat,Reactome_2022
Regulation Of NF-kappa B Signaling R-HSA-9758274,-0.7766174575871505,1.0,0.7780126849894292,N4BP1;USP18;IKBKB;UBB,wald_stat,Reactome_2022
Signaling By NOTCH4 R-HSA-9013694,-0.7757215736371449,1.0,0.8933601609657947,AKT1;CREBBP;FBXW7;SNW1;TACC3;PSMF1;NOTCH1;PSMD6;PSMB6;APH1A;UBB;PSME2;PSMB3;PSMA1,wald_stat,Reactome_2022
Ion Channel Transport R-HSA-983712,-0.7749585243086333,1.0,0.8971553610503282,TCIRG1;ATP6V1H;SLC9B2;CLCN6;ASPH;TRPM7;ATP6V0C;ATP8A1;FXYD7;UBB;ATP6V1G1;BEST1;CALM1;CLCN7;TRPM2;ATP2B1;ATP11C;ANO8;ATP1B1;ATP8B4;ATP1B3,wald_stat,Reactome_2022
Metabolism Of Non-Coding RNA R-HSA-194441,0.7736085646156338,1.0,0.8470149253731343,NUP62;NUP50;NUP37;NUP58;CLNS1A;SNRPE;NUP188;NUP85;PRMT5,wald_stat,Reactome_2022
Deposition Of New CENPA-containing Nucleosomes At Centromere R-HSA-606279,0.7734968928796997,1.0,0.847870182555781,H2BC15;SMARCA5;RBBP4;H2AC6;RUVBL1;NPM1,wald_stat,Reactome_2022
RND2 GTPase Cycle R-HSA-9696270,0.7733916715070556,0.9994790043702377,0.8156312625250501,FNBP1;ANKRD26;ARHGAP1;GOLGA3;RBMX,wald_stat,Reactome_2022
RNA Polymerase II Transcribes snRNA Genes R-HSA-6807505,0.7717465653031819,0.9992767835352273,0.8940520446096655,ZNF143;TBP;ZC3H8;PCF11;GTF2A1;SUPT4H1;INTS14;INTS9;ICE2;POLR2I;INTS2;TAF5;INTS7;SNAPC3,wald_stat,Reactome_2022
PI3K/AKT Signaling In Cancer R-HSA-2219528,-0.7711660939030262,1.0,0.8738938053097345,AKT1;IRS2;BAD;RNMT;GSK3A;PIK3R1;MAPKAP1;MLST8;TRAT1,wald_stat,Reactome_2022
SIRT1 Negatively Regulates rRNA Expression R-HSA-427359,-0.768741892369044,1.0,0.824634655532359,H2AJ;H2AX;H3-3B;H2AZ1;SUV39H1,wald_stat,Reactome_2022
RET Signaling R-HSA-8853659,0.7634231585678559,1.0,0.8047445255474452,PRKACB;PLCG1;PIK3CA;PIK3R2;PTPN11;PIK3R3,wald_stat,Reactome_2022
Regulation Of RUNX3 Expression And Activity R-HSA-8941858,-0.7630007225719027,1.0,0.8760162601626016,RUNX3;TGFB1;PSMF1;PSMD6;PSMB6;UBB;PSME2;PSMB3;SMURF1;PSMA1,wald_stat,Reactome_2022
Listeria Monocytogenes Entry Into Host Cells R-HSA-8876384,0.7612224844342844,1.0,0.8107074569789675,SH3GL1;EPS15;UBC;CTNNB1;HGS;UBA52;STAM2,wald_stat,Reactome_2022
Metal Ion SLC Transporters R-HSA-425410,0.7603659632415877,1.0,0.8058252427184466,SLC39A6;SLC30A6;SLC39A10;SLC39A3;SLC11A2,wald_stat,Reactome_2022
RUNX2 Regulates Bone Development R-HSA-8941326,-0.760045539983686,1.0,0.7885010266940452,YES1;MAF;AREG;RUNX2;ABL1,wald_stat,Reactome_2022
Interleukin-1 Signaling R-HSA-9020702,-0.758751228679163,1.0,0.9436325678496869,MAP3K8;TNIP2;PSMF1;NFKBIB;PSMD6;PSMB6;N4BP1;NFKB1;PSME4;USP18;IKBKB;UBB;IRAK1;PSME2;RIPK2;PSMB3;PSMA1,wald_stat,Reactome_2022
Hedgehog On State R-HSA-5632684,0.7583195493749723,1.0,0.940952380952381,PSMD2;PSMD11;SPOP;PSMB2;ITCH;PSMD10;CDC73;CSNK1A1;PSMD4;UBC;PTCH1;IQCE;RBX1;PSMD13;ULK3;PSMA5,wald_stat,Reactome_2022
Synthesis Of Substrates In N-glycan Biosythesis R-HSA-446219,0.7570112120685873,1.0,0.8675623800383877,ST8SIA4;ST6GAL1;CTSA;CMAS;ST3GAL1;GLB1;GMDS;PGM3;ST3GAL5;FCSK;DOLPP1;ST3GAL2;SLC35C1;FPGT;ST3GAL3,wald_stat,Reactome_2022
RNA Polymerase I Promoter Opening R-HSA-73728,-0.7567086777813119,1.0,0.7933070866141733,H2AJ;H2AX;H3-3B;H2AZ1,wald_stat,Reactome_2022
Interleukin Receptor SHC Signaling R-HSA-912526,0.7563263267255658,1.0,0.8213627992633518,IL5RA;PIK3CA;INPP5D;PIK3R2;PIK3R3;PTPN6,wald_stat,Reactome_2022
PI Metabolism R-HSA-1483255,0.7546820732477796,1.0,0.9174852652259332,PIK3CG;MTMR4;PIKFYVE;PI4K2B;PIP5K1A;MTMR6;PIK3CA;PTEN;INPP5D;GDPD5;SACM1L;PIK3R4;PIK3R2;TNFAIP8;GDPD1;PIK3R3,wald_stat,Reactome_2022
"Gamma Carboxylation, Hypusine Formation And Arylsulfatase Activation R-HSA-163841",-0.7536532119578199,1.0,0.8463157894736842,FURIN;TPST1;ARSD;SUMF2;ARSA;DNAJC24,wald_stat,Reactome_2022
Negative Regulation Of NOTCH4 Signaling R-HSA-9604323,-0.7533831272680249,1.0,0.890020366598778,AKT1;FBXW7;TACC3;PSMF1;PSMD6;PSMB6;UBB;PSME2;PSMB3;PSMA1,wald_stat,Reactome_2022
Signaling By PDGFR In Disease R-HSA-9671555,0.7531833616609452,1.0,0.8148820326678766,STAT3;STRN;PIK3CA;BIN2,wald_stat,Reactome_2022
HSF1-dependent Transactivation R-HSA-3371571,0.7526906219553743,1.0,0.8598484848484849,HSPH1;PTGES3;FKBP4;HSPA8;AKT1S1;MRPL18;MTOR,wald_stat,Reactome_2022
Inositol Phosphate Metabolism R-HSA-1483249,-0.7520511775361957,1.0,0.8663883089770354,INPP5A;ITPK1;PLCH2;CALM1;PLCB1;PLCB2;ITPKC;SYNJ1;NUDT11;INPP4B,wald_stat,Reactome_2022
IKK Complex Recruitment Mediated By RIP1 R-HSA-937041,0.7517300950929875,1.0,0.8079847908745247,UBE2D2;SARM1;RIPK1;UBC,wald_stat,Reactome_2022
Cargo Recognition For Clathrin-Mediated Endocytosis R-HSA-8856825,0.7512487596153753,0.9992035987194028,0.9367588932806324,COPS5;ADRB2;SH3GL1;COPS7A;EPS15;CLTC;UBQLN1;FCHO1;VAMP2;ITSN2;IL7R;UBC;EPS15L1;EPN2;HGS;AP2B1;COPS6;PICALM;UBA52;TOR1A;LDLRAP1;TOR1B;DAB2;DVL2,wald_stat,Reactome_2022
N-glycan Trimming In ER And Calnexin/Calreticulin Cycle R-HSA-532668,0.7494015328567535,0.9990825506345198,0.8582834331337326,MLEC;RAD23B;UGGT1;VCP;SYVN1;UBC;RNF185;PRKCSH;RNF5;EDEM3;UBA52,wald_stat,Reactome_2022
SLC-mediated Transmembrane Transport R-HSA-425407,0.7438743336080145,1.0,0.9528487229862476,SLC20A1;SLC4A7;SLC26A2;SLC1A7;SLC26A11;SLCO4C1;SLC2A3;SLC25A22;SLC12A6;SLC39A6;SLC4A2;SLC44A2;SLC36A1;SLC16A3;SLC50A1;SLC30A6;AHCYL2;SLC7A6;EMB;SLC29A3,wald_stat,Reactome_2022
Degradation Of GLI1 By Proteasome R-HSA-5610780,0.7425367297028399,1.0,0.8956692913385826,PRKACB;PSMD2;PSMD11;PSMB2;ITCH;PSMD10;PSMD4;UBC;RBX1;PSMD13,wald_stat,Reactome_2022
NIK To Noncanonical NF-kB Signaling R-HSA-5676590,-0.7420188604702685,1.0,0.9053497942386831,UBE2M;PSMF1;PSMD6;PSMB6;PSME4;UBB;PSME2;PSMB3;PSMA1;RELB;PSMD9;PSME1;PSMC2;PSMD7;PSMC3,wald_stat,Reactome_2022
RMTs Methylate Histone Arginines R-HSA-3214858,-0.7372296410728798,1.0,0.8875739644970414,ARID1B;H2AJ;H2AX;CARM1,wald_stat,Reactome_2022
Negative Regulation Of MET Activity R-HSA-6807004,0.7371797276290102,1.0,0.8424908424908425,SH3GL1;EPS15;PTPN1;UBC;LRIG1;HGS,wald_stat,Reactome_2022
GLI3 Is Processed To GLI3R By Proteasome R-HSA-5610785,0.7367887986440665,1.0,0.9021526418786693,PRKACB;PSMD2;PSMD11;PSMB2;PSMD10;CSNK1A1;PSMD4;UBC;RBX1;PSMD13,wald_stat,Reactome_2022
Degradation Of GLI2 By Proteasome R-HSA-5610783,0.7367887986440665,1.0,0.9021526418786693,PRKACB;PSMD2;PSMD11;PSMB2;PSMD10;CSNK1A1;PSMD4;UBC;RBX1;PSMD13,wald_stat,Reactome_2022
Vif-mediated Degradation Of APOBEC3G R-HSA-180585,-0.7361763770208121,1.0,0.9288537549407114,PSMF1;PSMD6;PSMB6;ELOB;PSME4;CUL5;UBB;PSME2;PSMB3;PSMA1;PSMD9;PSME1;PSMC2;PSMD7;PSMC3,wald_stat,Reactome_2022
Nuclear Events Mediated By NFE2L2 R-HSA-9759194,-0.7359141378174764,1.0,0.9457831325301205,ATF4;CREBBP;PSMF1;NOTCH1;PSMD6;PSMB6;TKT;UBB;MAFK;PSME2;PSMB3;PSMA1;NFE2L2;PSMD9;PSME1;TALDO1;PSMC2;HMOX1;PSMD7;PSMC3;GSR;SRXN1;PSMD3,wald_stat,Reactome_2022
Meiosis R-HSA-1500620,-0.7356962862964849,1.0,0.91,H2AJ;TERF1;H2AX;H3-3B;PMEPA1;SUN1;H2AZ1;SMC3,wald_stat,Reactome_2022
PERK Regulates Gene Expression R-HSA-381042,0.7352082225606804,1.0,0.8931297709923665,EIF2S1;PARN;EXOSC2;EXOSC3;EXOSC8;DIS3;EIF2AK3;KHSRP;EIF2S2;NFYC;EIF2S3;EXOSC5,wald_stat,Reactome_2022
"Plasma Lipoprotein Assembly, Remodeling, And Clearance R-HSA-174824",-0.734768744780894,1.0,0.8839662447257384,FURIN;NPC2;MYLIP;PRKCA;APOBR;UBB;P4HB,wald_stat,Reactome_2022
Lysosome Vesicle Biogenesis R-HSA-432720,-0.7283378106994107,1.0,0.8539553752535497,CLTB;AP1S1;AP4B1;CHMP2A;ARRB1;AP1G1;M6PR;TXNDC5;AP1S2;AP4M1;DNM2,wald_stat,Reactome_2022
DNA Replication R-HSA-69306,0.7264473286139562,1.0,0.9714285714285714,KPNB1;H2BC15;PSMD2;PSMD11;RPA3;ANAPC10;MCM3;RFC5;PSMB2;RFC4;H2AC6;CDC26,wald_stat,Reactome_2022
Base Excision Repair R-HSA-73884,0.7244585666205516,1.0,0.9178082191780822,H2BC15;RPA3;RFC5;RFC4;H2AC6;PARP1;PARG,wald_stat,Reactome_2022
Dectin-1 Mediated Noncanonical NF-kB Signaling R-HSA-5607761,-0.7242434211093809,1.0,0.9405737704918032,UBE2M;PSMF1;PSMD6;PSMB6;PSME4;UBB;PSME2;PSMB3;PSMA1;RELB;PSMD9;PSME1;PSMC2;PSMD7;PSMC3,wald_stat,Reactome_2022
Mitochondrial Translation Elongation R-HSA-5389840,0.7237326232488355,1.0,0.9584905660377359,MRPS7;MRPS35;MRPL49;MRPL3;MRPS33;MRPL34;MRPL15;MRPS18C;MRPL41;MRPL20;MRPL18;OXA1L;MRPS34;MRPL17;MRPS18B;MRPS14;MRPL36;MRPL53;MRPL4;CHCHD1;MRPL51;MRPS30;MRPS16,wald_stat,Reactome_2022
Transcriptional Activity Of SMAD2/SMAD3:SMAD4 Heterotrimer R-HSA-2173793,0.7210664414681193,1.0,0.9017013232514177,HDAC1;RNF111;E2F4;PARP1;UBC;YBX1;PPM1A;TFDP1;SMAD3;UBE2D3;CCNC;RNASEH2A;UBA52;STAT1;SMAD4,wald_stat,Reactome_2022
Disorders Of Transmembrane Transporters R-HSA-5619115,0.7209451959581867,1.0,0.9810964083175804,NUP62;NUP50;PSMD2;SLC26A2;PSMD11;PSMB2;SLC12A6;VCP;NUP37;MAP4K2;PSMD10;NUP58;PSMD4;UBC;NUP188;PSMD13;NUP85;ERLEC1;RNF185;PSMA5;LMBRD1;NUP42;SLC29A3;PSME3;PSMB5;RNF5,wald_stat,Reactome_2022
Cholesterol Biosynthesis R-HSA-191273,0.7191376149310764,1.0,0.8735849056603774,LBR;HMGCS1;FDPS;FDFT1;ARV1;GGPS1,wald_stat,Reactome_2022
FLT3 Signaling R-HSA-9607240,0.7183551976788538,1.0,0.8950276243093923,GRAP2;CDKN1B;STAT5A;AKT3;LCK;PIK3CA;UBC,wald_stat,Reactome_2022
ER-Phagosome Pathway R-HSA-1236974,-0.7173774548936559,1.0,0.9637526652452025,CALR;SEC61G;PSMF1;PSMD6;PSMB6;PSME4;SEC61B;IKBKB;UBB;TAPBP;PSME2;PSMB3;PSMA1;PDIA3;PSMD9;PSME1;PSMC2;VAMP3;PSMD7;PSMC3;HLA-F;HLA-B,wald_stat,Reactome_2022
Aberrant Regulation Of Mitotic Exit In Cancer Due To RB1 Defects R-HSA-9687136,-0.7165195703369032,1.0,0.8650793650793651,ANAPC15;ANAPC11;UBE2S,wald_stat,Reactome_2022
APC/C-mediated Degradation Of Cell Cycle Proteins R-HSA-174143,-0.7158108599416867,1.0,0.9595959595959596,ANAPC15;FBXO5;ANAPC11;PSMF1;PSMD6;PSMB6;PSME4;UBE2S;CDC14A;UBB;PSME2;PSMB3;PSMA1,wald_stat,Reactome_2022
Regulation Of Activated PAK-2p34 By Proteasome Mediated Degradation R-HSA-211733,-0.7152318136209698,1.0,0.9407114624505929,PSMF1;PKN2;PSMD6;PSMB6;PSME4;UBB;PSME2;PSMB3;PSMA1;PSMD9;PSME1;PSMC2;PSMD7;PSMC3,wald_stat,Reactome_2022
APC-Cdc20 Mediated Degradation Of Nek2A R-HSA-179409,-0.7119451906722509,1.0,0.8536082474226804,ANAPC15;ANAPC11;UBE2S;UBB,wald_stat,Reactome_2022
RNA Polymerase III Transcription Initiation From Type 2 Promoter R-HSA-76066,-0.7110518869075372,1.0,0.8869565217391304,CRCP;POLR3F;POLR3C;POLR2E;GTF3C4;GTF3C5;POLR3H,wald_stat,Reactome_2022
RND1 GTPase Cycle R-HSA-9696273,0.7101877055023753,1.0,0.8538461538461538,ANKRD26;STIP1;RBMX;PIK3R2;LEMD3;RRAS2,wald_stat,Reactome_2022
RNA Polymerase III Transcription Initiation From Type 3 Promoter R-HSA-76071,-0.7100632418128182,1.0,0.8806941431670282,CRCP;POLR3F;POLR3C;POLR2E;POU2F1;BRF2;POLR3H;SNAPC5,wald_stat,Reactome_2022
SUMOylation Of RNA Binding Proteins R-HSA-4570464,-0.7094561465758197,1.0,0.9282786885245902,CBX4;NUP54;PHC2;NUP133;SEH1L;SEC13;SUMO1,wald_stat,Reactome_2022
Aberrant Regulation Of Mitotic Cell Cycle Due To RB1 Defects R-HSA-9687139,0.7085079286184577,1.0,0.9096267190569745,ANAPC10;CDKN1B;CDC26;RB1;CDC16;TFDP1;CCND3;UBE2E1;CCND2,wald_stat,Reactome_2022
Hh Mutants Are Degraded By ERAD R-HSA-5362768,0.7079284511816869,1.0,0.9282786885245902,PSMD2;PSMD11;PSMB2;VCP;SYVN1;PSMD10;PSMD4;UBC;PSMD13;ERLEC1;PSMA5;PSME3;PSMB5,wald_stat,Reactome_2022
Hh Mutants Abrogate Ligand Secretion R-HSA-5387390,0.7079284511816869,1.0,0.9282786885245902,PSMD2;PSMD11;PSMB2;VCP;SYVN1;PSMD10;PSMD4;UBC;PSMD13;ERLEC1;PSMA5;PSME3;PSMB5,wald_stat,Reactome_2022
Synthesis Of PIPs At Plasma Membrane R-HSA-1660499,-0.7070372169370085,1.0,0.9258474576271186,INPP5K;RAB14;PIP4K2A;PIK3R1;PI4K2A;PIK3C2B;MTMR1;RAB4A;SYNJ1;PIP4K2C;MTMR3;PIK3CB;INPP4B,wald_stat,Reactome_2022
Activation Of Pre-Replicative Complex R-HSA-68962,0.7028949226944587,1.0,0.8958742632612967,RPA3;MCM3,wald_stat,Reactome_2022
APC/C:Cdc20 Mediated Degradation Of Securin R-HSA-174154,-0.6993089312899419,1.0,0.9603340292275574,ANAPC15;ANAPC11;PSMF1;PSMD6;PSMB6;PSME4;UBE2S;UBB;PSME2;PSMB3;PSMA1;PSMD9;PSME1;PSMC2;PSMD7;PTTG1;UBE2D1;PSMC3,wald_stat,Reactome_2022
Assembly Of Pre-Replicative Complex R-HSA-68867,-0.6980712773815736,1.0,0.9745762711864406,H2AJ;ANAPC15;H2AX;ANAPC11;PSMF1;PSMD6;H3-3B;PSMB6;ORC4;H2AZ1;UBE2S;UBB;GMNN;PSME2;PSMB3;PSMA1;KPNA1;PSMD9;MCM4;PSME1,wald_stat,Reactome_2022
ER Quality Control Compartment (ERQC) R-HSA-901032,-0.6976623374371468,1.0,0.8961303462321792,MARCHF6;UBB;SEL1L;RNF103,wald_stat,Reactome_2022
TRAF6 Mediated NF-kB Activation R-HSA-933542,-0.6962887866008401,1.0,0.8982300884955752,NFKBIB;NFKB1;IKBKB;TRIM25,wald_stat,Reactome_2022
SLC Transporter Disorders R-HSA-5619102,0.692920625353059,1.0,0.9553398058252427,NUP62;NUP50;SLC26A2;SLC12A6;NUP37;MAP4K2;NUP58;NUP188;NUP85;NUP42;SLC29A3,wald_stat,Reactome_2022
Regulation Of APC/C Activators Between G1/S And Early Anaphase R-HSA-176408,-0.689862781960486,1.0,0.9645833333333333,ANAPC15;FBXO5;ANAPC11;PSMF1;PSMD6;PSMB6;PSME4;UBE2S;UBB;PSME2;PSMB3;PSMA1,wald_stat,Reactome_2022
Antigen processing-Cross Presentation R-HSA-1236975,0.6892905651683937,1.0,0.9794007490636704,S100A8;S100A9;LNPEP;PSMD2;PSMD11;PSMB2,wald_stat,Reactome_2022
Pyruvate Metabolism R-HSA-70268,0.6882305356204711,1.0,0.8942486085343229,GLO1;SLC16A3;PDK2;PDK3;PDPR,wald_stat,Reactome_2022
Pyruvate Metabolism And Citric Acid (TCA) Cycle R-HSA-71406,-0.6879382645528377,1.0,0.9412997903563941,CS;SDHB;LDHA;DLST;SDHA;IDH2;SLC16A1;IDH3G;VDAC1;PDP2;IDH3B;SDHD;SUCLG1;MPC1;LDLR,wald_stat,Reactome_2022
p53-Dependent G1 DNA Damage Response R-HSA-69563,0.687169872072519,1.0,0.9675572519083969,PSMD2;PSMD11;CDKN1B;PSMB2;CDKN2A;PSMD10;PSMD4;UBC;PSMD13;ATM;PSMA5;TP53;PSME3;PSMB5,wald_stat,Reactome_2022
G1/S DNA Damage Checkpoints R-HSA-69615,0.6858563444923985,1.0,0.9638095238095238,PSMD2;PSMD11;CDKN1B;PSMB2;CDKN2A;PSMD10;PSMD4;UBC;PSMD13;ATM;PSMA5;TP53;PSME3;PSMB5,wald_stat,Reactome_2022
Inactivation Of APC/C Via Direct Inhibition Of APC/C Complex R-HSA-141430,-0.6855112150113318,1.0,0.8647540983606558,ANAPC15;ANAPC11;UBE2S,wald_stat,Reactome_2022
"TICAM1, RIP1-mediated IKK Complex Recruitment R-HSA-168927",-0.6824746450000155,1.0,0.8879837067209776,BIRC2;IKBKB;UBB;RIPK3;BIRC3,wald_stat,Reactome_2022
RNA Polymerase III Transcription Initiation From Type 1 Promoter R-HSA-76061,-0.6795873235608202,1.0,0.9137931034482759,CRCP;POLR3F;POLR3C;POLR2E;GTF3C4;GTF3C5;POLR3H,wald_stat,Reactome_2022
DNA Replication Pre-Initiation R-HSA-69002,0.6783024987739306,1.0,0.9905482041587902,KPNB1;H2BC15;PSMD2;PSMD11;RPA3;ANAPC10;MCM3;PSMB2;H2AC6;CDC26,wald_stat,Reactome_2022
Interleukin-7 Signaling R-HSA-1266695,0.6752110384666802,1.0,0.8992395437262357,STAT3;STAT5A;IL7R;PIK3R2;PIK3R3,wald_stat,Reactome_2022
Reproduction R-HSA-1474165,-0.6750764473393384,1.0,0.9646569646569647,H2AJ;TERF1;H2AX;H3-3B;PMEPA1;SUN1;H2AZ1;SMC3;HVCN1,wald_stat,Reactome_2022
"FOXO-mediated Transcription Of Oxidative Stress, Metabolic And Neuronal Genes R-HSA-9615017",0.6740740692455212,1.0,0.8757281553398059,HDAC1;MAP4K2;SMAD3,wald_stat,Reactome_2022
SCF-beta-TrCP Mediated Degradation Of Emi1 R-HSA-174113,-0.672701526980594,1.0,0.984,FBXO5;PSMF1;PSMD6;PSMB6;PSME4;UBB;PSME2;PSMB3;PSMA1;PSMD9;PSME1;PSMC2;PSMD7;PSMC3,wald_stat,Reactome_2022
Activated NOTCH1 Transmits Signal To Nucleus R-HSA-2122948,-0.6713178965805747,1.0,0.9018036072144289,NOTCH1;MIB2;APH1A;UBB;ARRB1,wald_stat,Reactome_2022
rRNA Modification In Nucleus And Cytosol R-HSA-6790901,-0.668454491201137,1.0,0.9725738396624473,DDX52;KRR1;UTP3;PDCD11;WDR36;PNO1;BUD23;UTP11;TRMT112;SNU13;UTP18;WDR43;NOC4L;NOL6;NOP58;UTP15;RRP36;FCF1;UTP4,wald_stat,Reactome_2022
Synthesis Of DNA R-HSA-69239,0.6684406758452984,1.0,0.9885714285714285,PSMD2;PSMD11;RPA3;ANAPC10;MCM3;RFC5;PSMB2;RFC4;CDC26;PSMD10;PSMD4;UBC;RBX1;PSMD13;CDC16,wald_stat,Reactome_2022
Polymerase Switching On C-strand Of Telomere R-HSA-174411,0.6677472813400566,1.0,0.9254032258064516,RFC5;RFC4;TERF2IP;POLA2;POLD3;STN1;CTC1;TINF2;ACD;CHTF18,wald_stat,Reactome_2022
NOD1/2 Signaling Pathway R-HSA-168638,-0.6668407564551861,1.0,0.9142259414225942,BIRC2;IKBKB;CASP4;IRAK1;RIPK2;BIRC3,wald_stat,Reactome_2022
Defective CFTR Causes Cystic Fibrosis R-HSA-5678895,0.6663784545796695,1.0,0.9688715953307393,PSMD2;PSMD11;PSMB2;VCP;PSMD10;PSMD4;UBC;PSMD13;ERLEC1;RNF185;PSMA5;PSME3;PSMB5;RNF5,wald_stat,Reactome_2022
RNA Polymerase III Transcription Initiation R-HSA-76046,0.6659496596318352,1.0,0.9482439926062847,ZNF143;TBP;GTF3C2;BDP1;POLR1D;SNAPC3;POLR3A;GTF3C6;POLR3K;GTF3C1;GTF3C3;POLR3E;GTF3A,wald_stat,Reactome_2022
Resolution Of D-loop Structures Thru Synthesis-Dependent Strand Annealing (SDSA) R-HSA-5693554,-0.6631199313985745,1.0,0.9065606361829026,RTEL1,wald_stat,Reactome_2022
Stabilization Of P53 R-HSA-69541,0.6623205358417568,1.0,0.9613152804642167,PSMD2;PSMD11;PSMB2;CDKN2A;PSMD10;PSMD4;UBC;PSMD13;ATM;PSMA5;TP53;PSME3;PSMB5,wald_stat,Reactome_2022
Removal Of Flap Intermediate From C-strand R-HSA-174437,-0.6593094156553142,1.0,0.9004149377593361,TERF1,wald_stat,Reactome_2022
CDK-mediated Phosphorylation And Removal Of Cdc6 R-HSA-69017,-0.6577479975010128,1.0,0.9812889812889813,ANAPC15;ANAPC11;PSMF1;PSMD6;PSMB6;PSME4;UBE2S;UBB;PSME2;PSMB3;PSMA1,wald_stat,Reactome_2022
APC/C:Cdh1 Mediated Degradation Of Cdc20 And APC/C:Cdh1 Targets In Late Mitosis/Early G1 R-HSA-174178,-0.6570587814235637,1.0,0.9897540983606558,ANAPC15;ANAPC11;PSMF1;PSMD6;PSMB6;PSME4;UBE2S;UBB;PSME2;PSMB3;PSMA1;PSMD9;PSME1;PSMC2;PSMD7;PTTG1;UBE2D1;PSMC3,wald_stat,Reactome_2022
Switching Of Origins To A Post-Replicative State R-HSA-69052,-0.6564033761539734,1.0,0.9868995633187773,ANAPC15;ANAPC11;PSMF1;PSMD6;PSMB6;ORC4;PSME4;UBE2S;UBB;GMNN;PSME2;PSMB3;PSMA1;PSMD9;MCM4;PSME1,wald_stat,Reactome_2022
Autodegradation Of E3 Ubiquitin Ligase COP1 R-HSA-349425,0.6557518129046558,1.0,0.9638783269961977,PSMD2;PSMD11;PSMB2;PSMD10;PSMD4;UBC;PSMD13;ATM;PSMA5;TP53;PSME3;PSMB5,wald_stat,Reactome_2022
Hedgehog Ligand Biogenesis R-HSA-5358346,0.6555857472801162,1.0,0.9732510288065843,PSMD2;PSMD11;PSMB2;VCP;SYVN1;PSMD10;PSMD4;UBC;PSMD13;ERLEC1;PSMA5;PSME3;PSMB5,wald_stat,Reactome_2022
Diseases Of Metabolism R-HSA-5668914,-0.6555841753635548,1.0,0.9979381443298969,CHSY1;GALNT3;NOTCH1;LFNG;POMT1;B3GALT6;ADAMTS10;EXT1;IDS;UBB;ABCA3;DPM1;ALG12;TPMT;B3GAT3;ADAMTS1;ALG9;NUS1;NAGLU;B4GALT7;CYP2U1;TALDO1;PCCA;ADA;B4GALT1;HPRT1;RFT1;MTRR,wald_stat,Reactome_2022
Regulation Of Apoptosis R-HSA-169911,-0.6544427665065917,1.0,0.9743589743589743,PSMF1;PKN2;PSMD6;PSMB6;PSME4;UBB;PSME2;PSMB3;PSMA1;PSMD9;PSME1;PSMC2;PSMD7;PSMC3,wald_stat,Reactome_2022
Mitochondrial Calcium Ion Transport R-HSA-8949215,0.6541596608377485,1.0,0.9461077844311377,PHB2;YME1L1;MICU1;SMDT1;AFG3L2;MICU2,wald_stat,Reactome_2022
ABC Transporter Disorders R-HSA-5619084,0.6537880910676577,0.9983086668293099,0.9771863117870723,PSMD2;PSMD11;PSMB2;VCP;PSMD10;PSMD4;UBC;PSMD13;ERLEC1;RNF185;PSMA5;LMBRD1;PSME3;PSMB5;RNF5,wald_stat,Reactome_2022
Constitutive Signaling By Aberrant PI3K In Cancer R-HSA-2219530,0.6518023903713354,0.9970517880001136,0.9444444444444444,STRN;ERBB2;LCK;PIK3CA;PIK3AP1;PIK3R2;PTPN11;PIK3R3,wald_stat,Reactome_2022
Attenuation Phase R-HSA-3371568,0.6512658833689927,0.9949574618770674,0.9273084479371316,HSPH1;PTGES3;FKBP4;HSPA8;MRPL18,wald_stat,Reactome_2022
Glyoxylate Metabolism And Glycine Degradation R-HSA-389661,0.6498801738117923,0.9934039813415393,0.9227799227799228,DBT;DHTKD1;BCKDHB,wald_stat,Reactome_2022
APC/C:Cdc20 Mediated Degradation Of Mitotic Proteins R-HSA-176409,-0.6493076771881662,1.0,0.991578947368421,ANAPC15;ANAPC11;PSMF1;PSMD6;PSMB6;PSME4;UBE2S;UBB;PSME2;PSMB3;PSMA1;PSMD9;PSME1;PSMC2;PSMD7;PTTG1;UBE2D1;PSMC3,wald_stat,Reactome_2022
Activation Of APC/C And APC/C:Cdc20 Mediated Degradation Of Mitotic Proteins R-HSA-176814,-0.6493076771881662,1.0,0.991578947368421,ANAPC15;ANAPC11;PSMF1;PSMD6;PSMB6;PSME4;UBE2S;UBB;PSME2;PSMB3;PSMA1;PSMD9;PSME1;PSMC2;PSMD7;PTTG1;UBE2D1;PSMC3,wald_stat,Reactome_2022
Plasma Lipoprotein Clearance R-HSA-8964043,-0.640710685041293,1.0,0.9475890985324947,NPC2;MYLIP;APOBR;UBB;AP2A1;AP2A2;NR1H3;AP2M1,wald_stat,Reactome_2022
"Transport Of Bile Salts And Organic Acids, Metal Ions And Amine Compounds R-HSA-425366",-0.6391762258856931,1.0,0.9566115702479339,SLC22A5,wald_stat,Reactome_2022
Nuclear Receptor Transcription Pathway R-HSA-383280,0.6375663441237072,0.9970649615048491,0.9678068410462777,RORA;PPARA;RXRB;NR1H2;NR2C2AP;RARA;NR2C2,wald_stat,Reactome_2022
SUMOylation Of SUMOylation Proteins R-HSA-4085377,-0.6344545212131285,1.0,0.9739696312364425,NUP54;NUP133;SEH1L;TOPORS;SEC13;SUMO1,wald_stat,Reactome_2022
SUMOylation Of DNA Replication Proteins R-HSA-4615885,0.6305625220722044,0.9979343784340052,0.9774859287054409,NUP62;NUP50;NUP37;NUP58;NUP188;NUP85,wald_stat,Reactome_2022
FBXL7 Down-Regulates AURKA During Mitotic Entry And In Early Mitosis R-HSA-8854050,-0.6231937397719405,1.0,0.9815950920245399,PSMF1;PSMD6;FBXL18;PSMB6;PSME4;UBB;PSME2;PSMB3;PSMA1;PSMD9;PSME1;PSMC2;PSMD7;PSMC3,wald_stat,Reactome_2022
Metabolism Of Polyamines R-HSA-351202,-0.6204981013966189,1.0,0.986,PSMF1;PSMD6;PSMB6;PSME4;AZIN1;PSME2;PSMB3;PSMA1;PSMD9;PSME1;PSMC2;PSMD7;PSMC3;PAOX;PSMD3,wald_stat,Reactome_2022
Regulation Of Ornithine Decarboxylase (ODC) R-HSA-350562,-0.6192039963054199,1.0,0.9755600814663951,PSMF1;PSMD6;PSMB6;PSME4;AZIN1;PSME2;PSMB3;PSMA1;PSMD9;PSME1;PSMC2;PSMD7;PSMC3,wald_stat,Reactome_2022
Formation Of ATP By Chemiosmotic Coupling R-HSA-163210,-0.616175433301124,1.0,0.9216494845360824,ATP5MC1;ATP5ME;DMAC2L,wald_stat,Reactome_2022
Metabolism Of Water-Soluble Vitamins And Cofactors R-HSA-196849,-0.6151051474602273,1.0,0.9957446808510638,NADSYN1;SLC25A32;FASN;SLC2A1;FPGS;PARP6;RFK;PANK2;CD38,wald_stat,Reactome_2022
Degradation Of DVL R-HSA-4641258,-0.613551499455301,1.0,0.997920997920998,CUL3;PSMF1;PSMD6;PSMB6;PSME4;UBB;PSME2;PSMB3;PSMA1;PSMD9;PSME1;PSMC2;PSMD7;PSMC3,wald_stat,Reactome_2022
Cdc20:Phospho-APC/C Mediated Degradation Of Cyclin A R-HSA-174184,0.6131553005294539,1.0,0.9922330097087378,PSMD2;PSMD11;ANAPC10;PSMB2;BUB3;CDC26;PSMD10;PSMD4;UBC;PSMD13;CDC16,wald_stat,Reactome_2022
APC:Cdc20 Mediated Degradation Of Cell Cycle Proteins Before Cycle Checkpoint Satisfied R-HSA-179419,0.6131553005294539,1.0,0.9922330097087378,PSMD2;PSMD11;ANAPC10;PSMB2;BUB3;CDC26;PSMD10;PSMD4;UBC;PSMD13;CDC16,wald_stat,Reactome_2022
Mitochondrial Fatty Acid Beta-Oxidation R-HSA-77289,0.6098975643220572,0.998984053461906,0.9634369287020109,HADHA;HADH;ACADM;MCAT;MMUT;ACAA2,wald_stat,Reactome_2022
Degradation Of AXIN R-HSA-4641257,0.6092142614265229,0.9969105231981817,0.9842209072978304,RNF146;PSMD2;PSMD11;PSMB2;PSMD10;PSMD4;UBC,wald_stat,Reactome_2022
Ubiquitin Mediated Degradation Of Phosphorylated Cdc25A R-HSA-69601,-0.6037708101614411,1.0,0.9899799599198397,PSMF1;PSMD6;PSMB6;PSME4;UBB;PSME2;PSMB3;PSMA1;PSMD9;PSME1;PSMC2;PSMD7;PSMC3,wald_stat,Reactome_2022
Peroxisomal Lipid Metabolism R-HSA-390918,0.6015056521230359,0.9971903481808477,0.9671179883945842,ACBD5;CROT;PHYH,wald_stat,Reactome_2022
Antigen Activates B Cell Receptor Leading To Second Messenger Generation R-HSA-983695,0.6002397820873714,0.995265289658428,0.9613259668508287,STIM1;NCK1;AHCYL1,wald_stat,Reactome_2022
Cross-presentation Of Soluble Exogenous Antigens (Endosomes) R-HSA-1236978,-0.6001611559734752,1.0,0.9918533604887984,PSMF1;PSMD6;PSMB6;PSME4;PSME2;PSMB3;PSMA1;PSMD9;PSME1;PSMC2;PSMD7;PSMC3,wald_stat,Reactome_2022
Sphingolipid De Novo Biosynthesis R-HSA-1660661,-0.5976004248791952,1.0,0.9751131221719457,CSNK1G2,wald_stat,Reactome_2022
Asymmetric Localization Of PCP Proteins R-HSA-4608870,-0.5943388999472455,1.0,0.9917184265010351,PSMF1;PSMD6;PSMB6;PSME4;UBB;PSME2;PSMB3;SMURF1;PSMA1;PSMD9;PSME1;PSMC2;PSMD7;PSMC3,wald_stat,Reactome_2022
Autodegradation Of Cdh1 By Cdh1:APC/C R-HSA-174084,-0.5910986486178392,1.0,1.0,ANAPC15;ANAPC11;PSMF1;PSMD6;PSMB6;UBE2S;UBB;PSME2;PSMB3;PSMA1;PSMD9;PSME1;PSMC2;PSMD7;UBE2D1;PSMC3,wald_stat,Reactome_2022
Metalloprotease DUBs R-HSA-5689901,0.5864691391983624,0.9968847817364614,0.9801980198019802,STAMBP;H2AC6;H2AC11;UBC;H2AC4,wald_stat,Reactome_2022
Processive Synthesis On C-strand Of Telomere R-HSA-174414,-0.5829510435974162,1.0,0.9623430962343096,TERF1,wald_stat,Reactome_2022
SCF(Skp2)-mediated Degradation Of P27/P21 R-HSA-187577,0.5795920116596215,0.9963121778996398,0.9882583170254403,PSMD2;PSMD11;CDKN1B;PSMB2;PSMD10;PSMD4;UBC,wald_stat,Reactome_2022
Ubiquitin-dependent Degradation Of Cyclin D R-HSA-75815,-0.5777638701671101,1.0,0.9959100204498977,PSMF1;PSMD6;PSMB6;PSME4;UBB;PSME2;PSMB3;PSMA1;PSMD9;PSME1;PSMC2;PSMD7;PSMC3,wald_stat,Reactome_2022
Vpu Mediated Degradation Of CD4 R-HSA-180534,-0.572563439610817,1.0,0.9959677419354839,PSMF1;PSMD6;PSMB6;PSME4;UBB;PSME2;PSMB3;PSMA1;PSMD9;PSME1;PSMC2;PSMD7;PSMC3,wald_stat,Reactome_2022
"Glutamate Binding, Activation Of AMPA Receptors And Synaptic Plasticity R-HSA-399721",0.5625082947348718,0.9976586660953932,0.9722222222222222,MYO6;PICK1;DLG1;AP2B1,wald_stat,Reactome_2022
PI3K Cascade R-HSA-109704,0.5618452936271617,0.9955248998191853,0.9767441860465116,PIK3CA;PDE3B;PIK3R4;PIK3R2;PTPN11;THEM4;FLT3LG;PIK3C3,wald_stat,Reactome_2022
HDMs Demethylate Histones R-HSA-3214842,-0.5581582525340444,1.0,0.9853249475890985,JMJD6,wald_stat,Reactome_2022
SUMOylation Of Intracellular Receptors R-HSA-4090294,-0.5580364939409739,1.0,0.9744094488188977,SUMO1;AREG;PIAS1;NR4A2;UBE2I;NR1H3,wald_stat,Reactome_2022
GSK3B And BTRC:CUL1-mediated-degradation Of NFE2L2 R-HSA-9762114,0.5564842329206614,0.9942718107428755,0.9959514170040485,PSMD2;PSMD11;PSMB2;PSMD10;PSMD4;UBC;RBX1;PSMD13;PSMA5;PSME3;PSMB5,wald_stat,Reactome_2022
Sulfur Amino Acid Metabolism R-HSA-1614635,-0.5464787659427212,1.0,0.9708333333333333,MPST,wald_stat,Reactome_2022
Orc1 Removal From Chromatin R-HSA-68949,0.5421952261371786,0.9941764521051102,0.9940828402366864,PSMD2;PSMD11;MCM3;PSMB2;PSMD10;PSMD4;UBC;RBX1;PSMD13,wald_stat,Reactome_2022
Peptide Hormone Metabolism R-HSA-2980736,-0.5348225717060839,0.9994601952353521,0.9959349593495935,GNB1;CTSD,wald_stat,Reactome_2022
Resolution Of D-Loop Structures R-HSA-5693537,-0.5262626701322332,0.9983305972302655,0.9849137931034483,RTEL1,wald_stat,Reactome_2022
Synthesis Of Glycosylphosphatidylinositol (GPI) R-HSA-162710,-0.5242878099468044,0.9963320758899681,0.9837067209775967,PIGH,wald_stat,Reactome_2022
SARS-CoV-2 Modulates Host Translation Machinery R-HSA-9754678,0.47781057872613114,0.9977838324055848,0.9921104536489151,SNRPE;SNRPD3;SNRPD2;SNRPG;GEMIN5;GEMIN6;GEMIN7;GEMIN8;FAU;GEMIN2;SNRPB;DDX20;SMN1;SNRPF;GEMIN4,wald_stat,Reactome_2022
"Transport Of Vitamins, Nucleosides, And Related Molecules R-HSA-425397",-0.4572217841242855,0.998665095640871,1.0,SLC35D2;SLC25A5;SLC27A1;SLC5A6;SLCO3A1;SLC35D1;SLC33A1;ARL2BP,wald_stat,Reactome_2022
